origin,hour,y_true,y_pred,model
2026-01-08 00:00:00+00:00,0,83.08250000000001,46.378754700792584,Ensemble (static)
2026-01-08 00:00:00+00:00,1,84.52250000000001,48.10761626021492,Ensemble (static)
2026-01-08 00:00:00+00:00,2,82.4725,46.97001602195868,Ensemble (static)
2026-01-08 00:00:00+00:00,3,85.265,47.820322716260144,Ensemble (static)
2026-01-08 00:00:00+00:00,4,87.8875,51.08458779058176,Ensemble (static)
2026-01-08 00:00:00+00:00,5,97.88,53.941065878030244,Ensemble (static)
2026-01-08 00:00:00+00:00,6,126.7125,74.52516068149983,Ensemble (static)
2026-01-08 00:00:00+00:00,7,168.81,97.22337253977162,Ensemble (static)
2026-01-08 00:00:00+00:00,8,192.72,95.8003098709656,Ensemble (static)
2026-01-08 00:00:00+00:00,9,207.9325,98.82587156747864,Ensemble (static)
2026-01-08 00:00:00+00:00,10,213.1125,106.33303586630761,Ensemble (static)
2026-01-08 00:00:00+00:00,11,220.27,120.00693593195624,Ensemble (static)
2026-01-08 00:00:00+00:00,12,236.215,123.57684152997395,Ensemble (static)
2026-01-08 00:00:00+00:00,13,264.585,138.92885890680122,Ensemble (static)
2026-01-08 00:00:00+00:00,14,264.42,116.16861732080551,Ensemble (static)
2026-01-08 00:00:00+00:00,15,259.49,115.76273965028646,Ensemble (static)
2026-01-08 00:00:00+00:00,16,233.8525,103.58928569148591,Ensemble (static)
2026-01-08 00:00:00+00:00,17,199.3975,96.48277340991572,Ensemble (static)
2026-01-08 00:00:00+00:00,18,139.2475,88.74452619933321,Ensemble (static)
2026-01-08 00:00:00+00:00,19,102.125,76.14554146911786,Ensemble (static)
2026-01-08 00:00:00+00:00,20,94.4825,61.96413256184468,Ensemble (static)
2026-01-08 00:00:00+00:00,21,91.305,48.83516872939718,Ensemble (static)
2026-01-08 00:00:00+00:00,22,79.035,43.17685241756252,Ensemble (static)
2026-01-08 00:00:00+00:00,23,78.9625,36.57871886762116,Ensemble (static)
2026-01-09 00:00:00+00:00,0,70.69,36.824765162080865,Ensemble (static)
2026-01-09 00:00:00+00:00,1,57.35,38.958306749711625,Ensemble (static)
2026-01-09 00:00:00+00:00,2,50.84,33.644263559269525,Ensemble (static)
2026-01-09 00:00:00+00:00,3,47.845,37.25826468772916,Ensemble (static)
2026-01-09 00:00:00+00:00,4,56.575,39.75142459466933,Ensemble (static)
2026-01-09 00:00:00+00:00,5,72.605,43.2820595271904,Ensemble (static)
2026-01-09 00:00:00+00:00,6,84.3025,74.19345729429719,Ensemble (static)
2026-01-09 00:00:00+00:00,7,89.7625,87.07767578475813,Ensemble (static)
2026-01-09 00:00:00+00:00,8,89.1475,78.27667034616866,Ensemble (static)
2026-01-09 00:00:00+00:00,9,93.93,71.7629063043577,Ensemble (static)
2026-01-09 00:00:00+00:00,10,85.795,69.2731273189128,Ensemble (static)
2026-01-09 00:00:00+00:00,11,83.015,66.13630756601296,Ensemble (static)
2026-01-09 00:00:00+00:00,12,82.85,61.953162034941485,Ensemble (static)
2026-01-09 00:00:00+00:00,13,82.83500000000001,58.690817692488636,Ensemble (static)
2026-01-09 00:00:00+00:00,14,85.245,56.82927538930012,Ensemble (static)
2026-01-09 00:00:00+00:00,15,87.5725,60.60359543550926,Ensemble (static)
2026-01-09 00:00:00+00:00,16,92.52,61.64827448141118,Ensemble (static)
2026-01-09 00:00:00+00:00,17,91.6625,67.44350719847925,Ensemble (static)
2026-01-09 00:00:00+00:00,18,87.28,64.23677185934919,Ensemble (static)
2026-01-09 00:00:00+00:00,19,82.80250000000001,56.31469223481882,Ensemble (static)
2026-01-09 00:00:00+00:00,20,80.36,54.58195745159046,Ensemble (static)
2026-01-09 00:00:00+00:00,21,80.35,42.40842433647663,Ensemble (static)
2026-01-09 00:00:00+00:00,22,74.51,39.11290523559341,Ensemble (static)
2026-01-09 00:00:00+00:00,23,72.78999999999999,32.928841580183274,Ensemble (static)
2026-01-10 00:00:00+00:00,0,69.775,45.42930811463346,Ensemble (static)
2026-01-10 00:00:00+00:00,1,66.2375,43.798099386710106,Ensemble (static)
2026-01-10 00:00:00+00:00,2,66.535,42.32367183598216,Ensemble (static)
2026-01-10 00:00:00+00:00,3,66.5125,42.63929666978028,Ensemble (static)
2026-01-10 00:00:00+00:00,4,68.46000000000001,43.85082604961319,Ensemble (static)
2026-01-10 00:00:00+00:00,5,69.96000000000001,44.00408482999328,Ensemble (static)
2026-01-10 00:00:00+00:00,6,76.66499999999999,65.92002472358855,Ensemble (static)
2026-01-10 00:00:00+00:00,7,85.0275,81.77404986568992,Ensemble (static)
2026-01-10 00:00:00+00:00,8,92.3625,78.62963736435913,Ensemble (static)
2026-01-10 00:00:00+00:00,9,97.595,82.50091106512305,Ensemble (static)
2026-01-10 00:00:00+00:00,10,101.5575,83.64025910575113,Ensemble (static)
2026-01-10 00:00:00+00:00,11,101.57,93.70389098564107,Ensemble (static)
2026-01-10 00:00:00+00:00,12,104.825,92.20531348763168,Ensemble (static)
2026-01-10 00:00:00+00:00,13,111.4425,103.64109798232788,Ensemble (static)
2026-01-10 00:00:00+00:00,14,117.7175,103.35540285209866,Ensemble (static)
2026-01-10 00:00:00+00:00,15,128.0075,109.32951124147166,Ensemble (static)
2026-01-10 00:00:00+00:00,16,139.5275,102.14782679591792,Ensemble (static)
2026-01-10 00:00:00+00:00,17,136.91,96.62690502165273,Ensemble (static)
2026-01-10 00:00:00+00:00,18,128.305,101.10496944178827,Ensemble (static)
2026-01-10 00:00:00+00:00,19,120.49,88.21393716374084,Ensemble (static)
2026-01-10 00:00:00+00:00,20,113.21,82.56407088878953,Ensemble (static)
2026-01-10 00:00:00+00:00,21,107.68,71.54390214730807,Ensemble (static)
2026-01-10 00:00:00+00:00,22,98.1975,68.28189762258049,Ensemble (static)
2026-01-10 00:00:00+00:00,23,96.9025,63.762541624187506,Ensemble (static)
2026-01-11 00:00:00+00:00,0,92.7475,59.317405518597994,Ensemble (static)
2026-01-11 00:00:00+00:00,1,88.035,56.6002111830345,Ensemble (static)
2026-01-11 00:00:00+00:00,2,84.86,57.207472836585204,Ensemble (static)
2026-01-11 00:00:00+00:00,3,82.68,56.7332529297417,Ensemble (static)
2026-01-11 00:00:00+00:00,4,82.26,61.33592284361944,Ensemble (static)
2026-01-11 00:00:00+00:00,5,81.6025,56.64579336054666,Ensemble (static)
2026-01-11 00:00:00+00:00,6,84.25999999999999,82.850444598844,Ensemble (static)
2026-01-11 00:00:00+00:00,7,92.06,94.26356221649796,Ensemble (static)
2026-01-11 00:00:00+00:00,8,103.1025,94.10724342022661,Ensemble (static)
2026-01-11 00:00:00+00:00,9,100.6825,88.71664091864176,Ensemble (static)
2026-01-11 00:00:00+00:00,10,99.9175,91.8472321548002,Ensemble (static)
2026-01-11 00:00:00+00:00,11,97.0875,93.36736829624473,Ensemble (static)
2026-01-11 00:00:00+00:00,12,96.5175,85.69995865126242,Ensemble (static)
2026-01-11 00:00:00+00:00,13,98.8775,89.79048673404776,Ensemble (static)
2026-01-11 00:00:00+00:00,14,101.275,92.31250772659087,Ensemble (static)
2026-01-11 00:00:00+00:00,15,111.755,102.739318235104,Ensemble (static)
2026-01-11 00:00:00+00:00,16,116.25,90.81648676711737,Ensemble (static)
2026-01-11 00:00:00+00:00,17,112.2475,86.95198165524522,Ensemble (static)
2026-01-11 00:00:00+00:00,18,106.2075,85.57046493914007,Ensemble (static)
2026-01-11 00:00:00+00:00,19,96.04,73.54132315337192,Ensemble (static)
2026-01-11 00:00:00+00:00,20,95.005,65.14939778473348,Ensemble (static)
2026-01-11 00:00:00+00:00,21,93.02,54.98397350130788,Ensemble (static)
2026-01-11 00:00:00+00:00,22,85.22999999999999,49.828616121314084,Ensemble (static)
2026-01-11 00:00:00+00:00,23,81.2575,42.4361420355404,Ensemble (static)
2026-01-12 00:00:00+00:00,0,81.1925,44.02533829904744,Ensemble (static)
2026-01-12 00:00:00+00:00,1,79.0425,46.0939416133386,Ensemble (static)
2026-01-12 00:00:00+00:00,2,77.31,40.7288851880571,Ensemble (static)
2026-01-12 00:00:00+00:00,3,76.58500000000001,44.65863185438312,Ensemble (static)
2026-01-12 00:00:00+00:00,4,80.1625,48.82835376120927,Ensemble (static)
2026-01-12 00:00:00+00:00,5,86.9225,48.22544016671398,Ensemble (static)
2026-01-12 00:00:00+00:00,6,97.8725,83.40354236461677,Ensemble (static)
2026-01-12 00:00:00+00:00,7,115.6175,99.12318526401343,Ensemble (static)
2026-01-12 00:00:00+00:00,8,129.8475,95.87775617405079,Ensemble (static)
2026-01-12 00:00:00+00:00,9,124.3975,90.45929881602676,Ensemble (static)
2026-01-12 00:00:00+00:00,10,129.8675,94.88291257010444,Ensemble (static)
2026-01-12 00:00:00+00:00,11,129.9625,96.22609823165253,Ensemble (static)
2026-01-12 00:00:00+00:00,12,132.76,93.23942706079512,Ensemble (static)
2026-01-12 00:00:00+00:00,13,128.37,95.24552364279971,Ensemble (static)
2026-01-12 00:00:00+00:00,14,131.7125,90.71999968108163,Ensemble (static)
2026-01-12 00:00:00+00:00,15,119.58,93.4122269092475,Ensemble (static)
2026-01-12 00:00:00+00:00,16,119.6,85.50901899245339,Ensemble (static)
2026-01-12 00:00:00+00:00,17,116.5,86.61743861000016,Ensemble (static)
2026-01-12 00:00:00+00:00,18,102.3375,80.67940775624876,Ensemble (static)
2026-01-12 00:00:00+00:00,19,93.48,75.03028430670122,Ensemble (static)
2026-01-12 00:00:00+00:00,20,91.795,66.10115937739323,Ensemble (static)
2026-01-12 00:00:00+00:00,21,92.165,50.9571585588581,Ensemble (static)
2026-01-12 00:00:00+00:00,22,86.0475,46.42935027676252,Ensemble (static)
2026-01-12 00:00:00+00:00,23,84.30499999999999,39.66830969469248,Ensemble (static)
2026-01-13 00:00:00+00:00,0,82.69,48.47028477755734,Ensemble (static)
2026-01-13 00:00:00+00:00,1,82.685,51.22794082359049,Ensemble (static)
2026-01-13 00:00:00+00:00,2,84.115,47.87382859214946,Ensemble (static)
2026-01-13 00:00:00+00:00,3,86.7475,52.691277233057484,Ensemble (static)
2026-01-13 00:00:00+00:00,4,88.725,53.51875237401054,Ensemble (static)
2026-01-13 00:00:00+00:00,5,97.5525,55.8719001862422,Ensemble (static)
2026-01-13 00:00:00+00:00,6,116.03,94.69925896603127,Ensemble (static)
2026-01-13 00:00:00+00:00,7,129.805,111.39667789159571,Ensemble (static)
2026-01-13 00:00:00+00:00,8,132.5175,105.74329098927498,Ensemble (static)
2026-01-13 00:00:00+00:00,9,142.1975,107.62935546377366,Ensemble (static)
2026-01-13 00:00:00+00:00,10,123.8525,107.17254906290651,Ensemble (static)
2026-01-13 00:00:00+00:00,11,117.675,109.84000749355394,Ensemble (static)
2026-01-13 00:00:00+00:00,12,112.9775,110.69751849867936,Ensemble (static)
2026-01-13 00:00:00+00:00,13,122.215,131.4612470396808,Ensemble (static)
2026-01-13 00:00:00+00:00,14,120.515,104.58691180374825,Ensemble (static)
2026-01-13 00:00:00+00:00,15,122.15,111.19550833961658,Ensemble (static)
2026-01-13 00:00:00+00:00,16,122.33,100.61928734623393,Ensemble (static)
2026-01-13 00:00:00+00:00,17,113.3525,92.33784644115764,Ensemble (static)
2026-01-13 00:00:00+00:00,18,98.735,84.80385400902219,Ensemble (static)
2026-01-13 00:00:00+00:00,19,90.95,73.11745968199544,Ensemble (static)
2026-01-13 00:00:00+00:00,20,92.2075,62.91561367210423,Ensemble (static)
2026-01-13 00:00:00+00:00,21,90.0,48.77919328640919,Ensemble (static)
2026-01-13 00:00:00+00:00,22,82.6725,44.671089241061765,Ensemble (static)
2026-01-13 00:00:00+00:00,23,85.5625,34.90251080521549,Ensemble (static)
2026-01-14 00:00:00+00:00,0,84.295,47.345581213263365,Ensemble (static)
2026-01-14 00:00:00+00:00,1,85.8775,48.68895472090786,Ensemble (static)
2026-01-14 00:00:00+00:00,2,86.16250000000001,45.43460999302257,Ensemble (static)
2026-01-14 00:00:00+00:00,3,87.645,48.7368954908221,Ensemble (static)
2026-01-14 00:00:00+00:00,4,89.86,53.825904966886924,Ensemble (static)
2026-01-14 00:00:00+00:00,5,95.145,52.88598978316591,Ensemble (static)
2026-01-14 00:00:00+00:00,6,105.14,85.26299846808315,Ensemble (static)
2026-01-14 00:00:00+00:00,7,128.9575,100.2531740183048,Ensemble (static)
2026-01-14 00:00:00+00:00,8,132.0325,92.92805063324505,Ensemble (static)
2026-01-14 00:00:00+00:00,9,116.4525,90.57321625483709,Ensemble (static)
2026-01-14 00:00:00+00:00,10,107.5325,91.0095883588684,Ensemble (static)
2026-01-14 00:00:00+00:00,11,103.475,93.39763298550582,Ensemble (static)
2026-01-14 00:00:00+00:00,12,103.6,93.78798041317518,Ensemble (static)
2026-01-14 00:00:00+00:00,13,118.2175,112.82873821301654,Ensemble (static)
2026-01-14 00:00:00+00:00,14,144.63,127.60236033993873,Ensemble (static)
2026-01-14 00:00:00+00:00,15,152.85750000000002,159.61969076345196,Ensemble (static)
2026-01-14 00:00:00+00:00,16,200.0225,160.1231578694198,Ensemble (static)
2026-01-14 00:00:00+00:00,17,182.355,142.9211312637887,Ensemble (static)
2026-01-14 00:00:00+00:00,18,158.76749999999998,144.45753962742216,Ensemble (static)
2026-01-14 00:00:00+00:00,19,134.01,127.48301117628142,Ensemble (static)
2026-01-14 00:00:00+00:00,20,121.7875,110.85934947166147,Ensemble (static)
2026-01-14 00:00:00+00:00,21,113.8625,88.86343051116457,Ensemble (static)
2026-01-14 00:00:00+00:00,22,97.0875,79.7267865191137,Ensemble (static)
2026-01-14 00:00:00+00:00,23,100.615,65.77631019299167,Ensemble (static)
2026-01-15 00:00:00+00:00,0,94.0475,54.25893130184386,Ensemble (static)
2026-01-15 00:00:00+00:00,1,89.34,52.54118720696128,Ensemble (static)
2026-01-15 00:00:00+00:00,2,84.8075,45.559169638110106,Ensemble (static)
2026-01-15 00:00:00+00:00,3,82.92999999999999,47.839655470593044,Ensemble (static)
2026-01-15 00:00:00+00:00,4,86.0,49.81016928798145,Ensemble (static)
2026-01-15 00:00:00+00:00,5,98.2025,46.987201382244336,Ensemble (static)
2026-01-15 00:00:00+00:00,6,105.115,77.34033828098902,Ensemble (static)
2026-01-15 00:00:00+00:00,7,104.975,94.62900606531427,Ensemble (static)
2026-01-15 00:00:00+00:00,8,101.415,89.13512112585616,Ensemble (static)
2026-01-15 00:00:00+00:00,9,100.4,83.875304252108,Ensemble (static)
2026-01-15 00:00:00+00:00,10,97.8625,80.02282824230207,Ensemble (static)
2026-01-15 00:00:00+00:00,11,95.2825,79.00361721036877,Ensemble (static)
2026-01-15 00:00:00+00:00,12,100.615,78.11235680461965,Ensemble (static)
2026-01-15 00:00:00+00:00,13,105.645,87.46710181089016,Ensemble (static)
2026-01-15 00:00:00+00:00,14,123.095,91.16271031119467,Ensemble (static)
2026-01-15 00:00:00+00:00,15,135.3725,110.70686476027882,Ensemble (static)
2026-01-15 00:00:00+00:00,16,145.495,100.37020572400404,Ensemble (static)
2026-01-15 00:00:00+00:00,17,119.745,94.67603531142052,Ensemble (static)
2026-01-15 00:00:00+00:00,18,105.4925,84.03485982044802,Ensemble (static)
2026-01-15 00:00:00+00:00,19,98.16,70.20862373809186,Ensemble (static)
2026-01-15 00:00:00+00:00,20,90.995,62.330220924613826,Ensemble (static)
2026-01-15 00:00:00+00:00,21,88.3925,46.33745371936715,Ensemble (static)
2026-01-15 00:00:00+00:00,22,81.155,42.92798811922613,Ensemble (static)
2026-01-15 00:00:00+00:00,23,81.05,35.48460607810128,Ensemble (static)
2026-01-16 00:00:00+00:00,0,75.0,44.2734468235848,Ensemble (static)
2026-01-16 00:00:00+00:00,1,70.57249999999999,45.46254830771451,Ensemble (static)
2026-01-16 00:00:00+00:00,2,67.23,41.85890881909375,Ensemble (static)
2026-01-16 00:00:00+00:00,3,71.38,45.05706264771155,Ensemble (static)
2026-01-16 00:00:00+00:00,4,82.05000000000001,49.237466170616315,Ensemble (static)
2026-01-16 00:00:00+00:00,5,90.7225,46.44715539842815,Ensemble (static)
2026-01-16 00:00:00+00:00,6,98.6,74.85030524771133,Ensemble (static)
2026-01-16 00:00:00+00:00,7,109.3075,92.6269452527829,Ensemble (static)
2026-01-16 00:00:00+00:00,8,108.9275,84.00737462936264,Ensemble (static)
2026-01-16 00:00:00+00:00,9,103.0275,81.13087568403915,Ensemble (static)
2026-01-16 00:00:00+00:00,10,99.7875,80.20085396115392,Ensemble (static)
2026-01-16 00:00:00+00:00,11,99.1975,85.4350138226391,Ensemble (static)
2026-01-16 00:00:00+00:00,12,99.3125,85.32441061833187,Ensemble (static)
2026-01-16 00:00:00+00:00,13,113.2,104.43573591328737,Ensemble (static)
2026-01-16 00:00:00+00:00,14,141.0,129.70340266970368,Ensemble (static)
2026-01-16 00:00:00+00:00,15,162.68,168.55932872491258,Ensemble (static)
2026-01-16 00:00:00+00:00,16,170.325,156.56923179974874,Ensemble (static)
2026-01-16 00:00:00+00:00,17,162.4425,127.22366958727554,Ensemble (static)
2026-01-16 00:00:00+00:00,18,154.18,122.86836206633083,Ensemble (static)
2026-01-16 00:00:00+00:00,19,134.0,102.95637185228449,Ensemble (static)
2026-01-16 00:00:00+00:00,20,117.6125,94.16844836188638,Ensemble (static)
2026-01-16 00:00:00+00:00,21,117.705,76.91922591176662,Ensemble (static)
2026-01-16 00:00:00+00:00,22,104.17,73.6044590892325,Ensemble (static)
2026-01-16 00:00:00+00:00,23,104.66,68.073202353493,Ensemble (static)
2026-01-17 00:00:00+00:00,0,101.2875,63.44034175664132,Ensemble (static)
2026-01-17 00:00:00+00:00,1,98.235,59.248661221878216,Ensemble (static)
2026-01-17 00:00:00+00:00,2,96.1375,58.043692682613155,Ensemble (static)
2026-01-17 00:00:00+00:00,3,95.1875,57.89770640948754,Ensemble (static)
2026-01-17 00:00:00+00:00,4,95.2425,60.77990205818854,Ensemble (static)
2026-01-17 00:00:00+00:00,5,95.8525,51.270867184144585,Ensemble (static)
2026-01-17 00:00:00+00:00,6,99.1875,76.31971645397415,Ensemble (static)
2026-01-17 00:00:00+00:00,7,105.97,94.25684609363496,Ensemble (static)
2026-01-17 00:00:00+00:00,8,116.655,91.52472896598539,Ensemble (static)
2026-01-17 00:00:00+00:00,9,115.1,91.19784344264114,Ensemble (static)
2026-01-17 00:00:00+00:00,10,111.6075,88.53610960685526,Ensemble (static)
2026-01-17 00:00:00+00:00,11,111.9475,92.14658860095894,Ensemble (static)
2026-01-17 00:00:00+00:00,12,108.64,88.69647718686355,Ensemble (static)
2026-01-17 00:00:00+00:00,13,112.8175,100.25321406511526,Ensemble (static)
2026-01-17 00:00:00+00:00,14,122.77,97.37665487950498,Ensemble (static)
2026-01-17 00:00:00+00:00,15,135.775,104.99069386387693,Ensemble (static)
2026-01-17 00:00:00+00:00,16,140.9125,90.65915624101547,Ensemble (static)
2026-01-17 00:00:00+00:00,17,142.84750000000005,84.67758132263512,Ensemble (static)
2026-01-17 00:00:00+00:00,18,138.5875,87.72032845818882,Ensemble (static)
2026-01-17 00:00:00+00:00,19,120.79,74.59714156084071,Ensemble (static)
2026-01-17 00:00:00+00:00,20,107.805,70.10534293342425,Ensemble (static)
2026-01-17 00:00:00+00:00,21,109.15,55.66166576942456,Ensemble (static)
2026-01-17 00:00:00+00:00,22,107.0225,53.286455806579205,Ensemble (static)
2026-01-17 00:00:00+00:00,23,110.715,51.00667366349751,Ensemble (static)
2026-01-18 00:00:00+00:00,0,109.19,54.84768160267907,Ensemble (static)
2026-01-18 00:00:00+00:00,1,107.39,52.000615151240474,Ensemble (static)
2026-01-18 00:00:00+00:00,2,102.54,51.67921822950427,Ensemble (static)
2026-01-18 00:00:00+00:00,3,102.235,51.17684134040867,Ensemble (static)
2026-01-18 00:00:00+00:00,4,102.08,53.869992837249114,Ensemble (static)
2026-01-18 00:00:00+00:00,5,101.05,49.75847107346083,Ensemble (static)
2026-01-18 00:00:00+00:00,6,100.605,80.10309045458689,Ensemble (static)
2026-01-18 00:00:00+00:00,7,105.68,88.92630911166637,Ensemble (static)
2026-01-18 00:00:00+00:00,8,107.4225,84.22384253736658,Ensemble (static)
2026-01-18 00:00:00+00:00,9,101.91,78.37181470932887,Ensemble (static)
2026-01-18 00:00:00+00:00,10,98.4825,78.45615472165085,Ensemble (static)
2026-01-18 00:00:00+00:00,11,96.855,79.40918390711101,Ensemble (static)
2026-01-18 00:00:00+00:00,12,96.9625,73.88125081654651,Ensemble (static)
2026-01-18 00:00:00+00:00,13,100.845,76.14867585642156,Ensemble (static)
2026-01-18 00:00:00+00:00,14,105.55,77.52717982937988,Ensemble (static)
2026-01-18 00:00:00+00:00,15,114.875,89.25137961416164,Ensemble (static)
2026-01-18 00:00:00+00:00,16,129.9925,83.44011479506031,Ensemble (static)
2026-01-18 00:00:00+00:00,17,142.195,82.20806032681506,Ensemble (static)
2026-01-18 00:00:00+00:00,18,136.6725,82.92000042009721,Ensemble (static)
2026-01-18 00:00:00+00:00,19,123.0525,73.46164639534513,Ensemble (static)
2026-01-18 00:00:00+00:00,20,110.63,66.92462576533828,Ensemble (static)
2026-01-18 00:00:00+00:00,21,114.28,55.80950797495746,Ensemble (static)
2026-01-18 00:00:00+00:00,22,103.7325,51.53696031043398,Ensemble (static)
2026-01-18 00:00:00+00:00,23,101.15,45.89840108543897,Ensemble (static)
2026-01-19 00:00:00+00:00,0,100.44,56.53574584993609,Ensemble (static)
2026-01-19 00:00:00+00:00,1,100.8325,58.2208679372489,Ensemble (static)
2026-01-19 00:00:00+00:00,2,100.4375,55.599650933198966,Ensemble (static)
2026-01-19 00:00:00+00:00,3,100.135,58.4618943487889,Ensemble (static)
2026-01-19 00:00:00+00:00,4,102.53,65.49944482451082,Ensemble (static)
2026-01-19 00:00:00+00:00,5,126.38,58.89114265625492,Ensemble (static)
2026-01-19 00:00:00+00:00,6,161.08249999999998,109.1341954443303,Ensemble (static)
2026-01-19 00:00:00+00:00,7,175.98250000000002,120.37027640720379,Ensemble (static)
2026-01-19 00:00:00+00:00,8,161.9375,108.36432477184528,Ensemble (static)
2026-01-19 00:00:00+00:00,9,135.9225,97.49513005189026,Ensemble (static)
2026-01-19 00:00:00+00:00,10,120.5275,95.32559174864366,Ensemble (static)
2026-01-19 00:00:00+00:00,11,117.56,93.42681341643338,Ensemble (static)
2026-01-19 00:00:00+00:00,12,125.0025,91.69313599658994,Ensemble (static)
2026-01-19 00:00:00+00:00,13,144.35,106.89958120870392,Ensemble (static)
2026-01-19 00:00:00+00:00,14,170.0425,122.52115296140667,Ensemble (static)
2026-01-19 00:00:00+00:00,15,194.89,162.4434656737548,Ensemble (static)
2026-01-19 00:00:00+00:00,16,208.2275,147.54044251178394,Ensemble (static)
2026-01-19 00:00:00+00:00,17,200.055,130.5683950562851,Ensemble (static)
2026-01-19 00:00:00+00:00,18,180.9625,126.44601808096617,Ensemble (static)
2026-01-19 00:00:00+00:00,19,157.385,110.2273020994474,Ensemble (static)
2026-01-19 00:00:00+00:00,20,135.17,102.22909303745094,Ensemble (static)
2026-01-19 00:00:00+00:00,21,126.4025,85.2710435063276,Ensemble (static)
2026-01-19 00:00:00+00:00,22,112.47,79.0008126871816,Ensemble (static)
2026-01-19 00:00:00+00:00,23,115.06,74.30745890048978,Ensemble (static)
2026-01-20 00:00:00+00:00,0,114.335,66.76724848317485,Ensemble (static)
2026-01-20 00:00:00+00:00,1,110.355,68.24842222427995,Ensemble (static)
2026-01-20 00:00:00+00:00,2,109.8675,64.78510139674424,Ensemble (static)
2026-01-20 00:00:00+00:00,3,113.1725,67.54947768497354,Ensemble (static)
2026-01-20 00:00:00+00:00,4,125.28,74.27858815860326,Ensemble (static)
2026-01-20 00:00:00+00:00,5,190.105,61.43092714684062,Ensemble (static)
2026-01-20 00:00:00+00:00,6,240.8775,110.60165440513204,Ensemble (static)
2026-01-20 00:00:00+00:00,7,262.785,123.72248556196529,Ensemble (static)
2026-01-20 00:00:00+00:00,8,179.535,110.9337591072142,Ensemble (static)
2026-01-20 00:00:00+00:00,9,132.17,97.13645427446761,Ensemble (static)
2026-01-20 00:00:00+00:00,10,107.9525,89.58437215286546,Ensemble (static)
2026-01-20 00:00:00+00:00,11,103.6225,89.63567576538324,Ensemble (static)
2026-01-20 00:00:00+00:00,12,105.755,90.5669167479382,Ensemble (static)
2026-01-20 00:00:00+00:00,13,136.7225,118.38207465234395,Ensemble (static)
2026-01-20 00:00:00+00:00,14,178.26,134.66293776587588,Ensemble (static)
2026-01-20 00:00:00+00:00,15,276.735,179.00606994348755,Ensemble (static)
2026-01-20 00:00:00+00:00,16,249.63,156.20346073273026,Ensemble (static)
2026-01-20 00:00:00+00:00,17,193.925,130.92800032383576,Ensemble (static)
2026-01-20 00:00:00+00:00,18,181.9175,124.39984496381268,Ensemble (static)
2026-01-20 00:00:00+00:00,19,155.10000000000002,105.77566143839707,Ensemble (static)
2026-01-20 00:00:00+00:00,20,139.89,96.91431479113177,Ensemble (static)
2026-01-20 00:00:00+00:00,21,117.1925,78.7509712638491,Ensemble (static)
2026-01-20 00:00:00+00:00,22,107.8375,76.31954134721758,Ensemble (static)
2026-01-20 00:00:00+00:00,23,101.49,69.30147044799551,Ensemble (static)
2026-01-21 00:00:00+00:00,0,101.7175,58.80994668316849,Ensemble (static)
2026-01-21 00:00:00+00:00,1,98.7575,59.29076213889132,Ensemble (static)
2026-01-21 00:00:00+00:00,2,100.91,55.84765205973227,Ensemble (static)
2026-01-21 00:00:00+00:00,3,98.845,58.450590784893265,Ensemble (static)
2026-01-21 00:00:00+00:00,4,98.6925,62.748482023604765,Ensemble (static)
2026-01-21 00:00:00+00:00,5,107.8725,52.423324729871055,Ensemble (static)
2026-01-21 00:00:00+00:00,6,160.0,90.74669953560296,Ensemble (static)
2026-01-21 00:00:00+00:00,7,176.3975,107.45440345868761,Ensemble (static)
2026-01-21 00:00:00+00:00,8,142.89249999999998,96.48059439331122,Ensemble (static)
2026-01-21 00:00:00+00:00,9,118.3,86.4618892087576,Ensemble (static)
2026-01-21 00:00:00+00:00,10,100.9925,78.71570217757464,Ensemble (static)
2026-01-21 00:00:00+00:00,11,99.13,75.68639362380064,Ensemble (static)
2026-01-21 00:00:00+00:00,12,103.475,75.57510606539506,Ensemble (static)
2026-01-21 00:00:00+00:00,13,108.6225,82.23838742729409,Ensemble (static)
2026-01-21 00:00:00+00:00,14,126.9275,91.23319940566776,Ensemble (static)
2026-01-21 00:00:00+00:00,15,145.035,112.31246892228516,Ensemble (static)
2026-01-21 00:00:00+00:00,16,139.11,100.64378479952117,Ensemble (static)
2026-01-21 00:00:00+00:00,17,138.9075,94.85760749608785,Ensemble (static)
2026-01-21 00:00:00+00:00,18,127.83,90.86545107832595,Ensemble (static)
2026-01-21 00:00:00+00:00,19,105.4475,80.06071193700068,Ensemble (static)
2026-01-21 00:00:00+00:00,20,102.44,70.74888931324705,Ensemble (static)
2026-01-21 00:00:00+00:00,21,104.76,52.80992857141774,Ensemble (static)
2026-01-21 00:00:00+00:00,22,99.375,48.457316416325426,Ensemble (static)
2026-01-21 00:00:00+00:00,23,92.7975,42.07671655714272,Ensemble (static)
2026-01-22 00:00:00+00:00,0,92.5275,49.219504730319805,Ensemble (static)
2026-01-22 00:00:00+00:00,1,91.45,50.18000746504978,Ensemble (static)
2026-01-22 00:00:00+00:00,2,91.82,46.56799368427605,Ensemble (static)
2026-01-22 00:00:00+00:00,3,92.85,48.92177794194743,Ensemble (static)
2026-01-22 00:00:00+00:00,4,93.1875,52.668753603436684,Ensemble (static)
2026-01-22 00:00:00+00:00,5,100.6775,49.77859121862022,Ensemble (static)
2026-01-22 00:00:00+00:00,6,125.52,85.72288728847178,Ensemble (static)
2026-01-22 00:00:00+00:00,7,137.1225,99.34701266625233,Ensemble (static)
2026-01-22 00:00:00+00:00,8,114.4175,89.41654511705246,Ensemble (static)
2026-01-22 00:00:00+00:00,9,95.2575,82.4883679239984,Ensemble (static)
2026-01-22 00:00:00+00:00,10,89.075,76.8445915378747,Ensemble (static)
2026-01-22 00:00:00+00:00,11,83.8575,72.86424400541014,Ensemble (static)
2026-01-22 00:00:00+00:00,12,88.065,70.86666922430393,Ensemble (static)
2026-01-22 00:00:00+00:00,13,94.91,75.14609563167339,Ensemble (static)
2026-01-22 00:00:00+00:00,14,107.78,79.62965296591724,Ensemble (static)
2026-01-22 00:00:00+00:00,15,130.8975,97.23575633423205,Ensemble (static)
2026-01-22 00:00:00+00:00,16,136.365,95.1220549647797,Ensemble (static)
2026-01-22 00:00:00+00:00,17,129.6675,93.39904671898867,Ensemble (static)
2026-01-22 00:00:00+00:00,18,121.5675,92.00607022852887,Ensemble (static)
2026-01-22 00:00:00+00:00,19,109.35,82.02256766735367,Ensemble (static)
2026-01-22 00:00:00+00:00,20,106.945,72.97342111869165,Ensemble (static)
2026-01-22 00:00:00+00:00,21,103.3225,57.104021850367786,Ensemble (static)
2026-01-22 00:00:00+00:00,22,97.3075,52.11713154944924,Ensemble (static)
2026-01-22 00:00:00+00:00,23,97.8875,44.7668066223148,Ensemble (static)
2026-01-23 00:00:00+00:00,0,97.245,50.75995172806984,Ensemble (static)
2026-01-23 00:00:00+00:00,1,95.9475,51.95790053577039,Ensemble (static)
2026-01-23 00:00:00+00:00,2,95.0025,48.09654491265453,Ensemble (static)
2026-01-23 00:00:00+00:00,3,95.6225,51.69040382085886,Ensemble (static)
2026-01-23 00:00:00+00:00,4,96.9975,55.74311794262771,Ensemble (static)
2026-01-23 00:00:00+00:00,5,108.1975,51.08252841839073,Ensemble (static)
2026-01-23 00:00:00+00:00,6,133.0,86.06504245925099,Ensemble (static)
2026-01-23 00:00:00+00:00,7,152.9375,101.42018591667915,Ensemble (static)
2026-01-23 00:00:00+00:00,8,142.4875,92.02584949198987,Ensemble (static)
2026-01-23 00:00:00+00:00,9,115.3775,86.44262717754106,Ensemble (static)
2026-01-23 00:00:00+00:00,10,100.1275,80.45072864950914,Ensemble (static)
2026-01-23 00:00:00+00:00,11,96.2125,74.5775067611545,Ensemble (static)
2026-01-23 00:00:00+00:00,12,95.76,71.24304532129423,Ensemble (static)
2026-01-23 00:00:00+00:00,13,97.08,71.72709215673723,Ensemble (static)
2026-01-23 00:00:00+00:00,14,108.7675,71.36850249141516,Ensemble (static)
2026-01-23 00:00:00+00:00,15,124.0475,80.39206003052753,Ensemble (static)
2026-01-23 00:00:00+00:00,16,136.08499999999998,75.62196412965953,Ensemble (static)
2026-01-23 00:00:00+00:00,17,128.48250000000002,77.76812646349237,Ensemble (static)
2026-01-23 00:00:00+00:00,18,116.8025,78.55502936277409,Ensemble (static)
2026-01-23 00:00:00+00:00,19,107.2225,70.46588434039364,Ensemble (static)
2026-01-23 00:00:00+00:00,20,103.96,63.75189784627154,Ensemble (static)
2026-01-23 00:00:00+00:00,21,104.79,49.51023592651336,Ensemble (static)
2026-01-23 00:00:00+00:00,22,96.995,46.14177737227807,Ensemble (static)
2026-01-23 00:00:00+00:00,23,99.8,39.18066717095667,Ensemble (static)
2026-01-24 00:00:00+00:00,0,99.035,52.934654369978226,Ensemble (static)
2026-01-24 00:00:00+00:00,1,98.315,51.26018422604373,Ensemble (static)
2026-01-24 00:00:00+00:00,2,97.825,50.82306162566654,Ensemble (static)
2026-01-24 00:00:00+00:00,3,97.5475,51.59530410982895,Ensemble (static)
2026-01-24 00:00:00+00:00,4,98.91,53.972443758181704,Ensemble (static)
2026-01-24 00:00:00+00:00,5,100.3975,49.60958745051038,Ensemble (static)
2026-01-24 00:00:00+00:00,6,104.06,79.2101269312408,Ensemble (static)
2026-01-24 00:00:00+00:00,7,110.9975,88.69931543064466,Ensemble (static)
2026-01-24 00:00:00+00:00,8,123.0925,84.89384454391576,Ensemble (static)
2026-01-24 00:00:00+00:00,9,119.24,85.31288810968412,Ensemble (static)
2026-01-24 00:00:00+00:00,10,110.2975,80.95113410192137,Ensemble (static)
2026-01-24 00:00:00+00:00,11,106.2175,80.15580695171775,Ensemble (static)
2026-01-24 00:00:00+00:00,12,101.8725,76.17902984404273,Ensemble (static)
2026-01-24 00:00:00+00:00,13,105.12,81.43567424559654,Ensemble (static)
2026-01-24 00:00:00+00:00,14,118.2275,83.23418451158138,Ensemble (static)
2026-01-24 00:00:00+00:00,15,131.905,101.28617564043759,Ensemble (static)
2026-01-24 00:00:00+00:00,16,146.7225,95.55022477799822,Ensemble (static)
2026-01-24 00:00:00+00:00,17,141.7475,90.0312877680943,Ensemble (static)
2026-01-24 00:00:00+00:00,18,131.9325,94.20114579139393,Ensemble (static)
2026-01-24 00:00:00+00:00,19,118.6725,79.4476125874455,Ensemble (static)
2026-01-24 00:00:00+00:00,20,110.5375,74.18390432040755,Ensemble (static)
2026-01-24 00:00:00+00:00,21,110.31,60.9224882021728,Ensemble (static)
2026-01-24 00:00:00+00:00,22,104.15,59.08522372246878,Ensemble (static)
2026-01-24 00:00:00+00:00,23,101.4425,54.058340680730936,Ensemble (static)
2026-01-25 00:00:00+00:00,0,101.7575,54.502248691184825,Ensemble (static)
2026-01-25 00:00:00+00:00,1,101.315,52.210279476082476,Ensemble (static)
2026-01-25 00:00:00+00:00,2,101.77,52.03584852809607,Ensemble (static)
2026-01-25 00:00:00+00:00,3,100.8625,52.57062060212485,Ensemble (static)
2026-01-25 00:00:00+00:00,4,100.5125,56.452589897305174,Ensemble (static)
2026-01-25 00:00:00+00:00,5,99.965,50.259130289305006,Ensemble (static)
2026-01-25 00:00:00+00:00,6,102.06,74.21596963216724,Ensemble (static)
2026-01-25 00:00:00+00:00,7,103.7575,89.2377512018192,Ensemble (static)
2026-01-25 00:00:00+00:00,8,108.8875,90.02785990032496,Ensemble (static)
2026-01-25 00:00:00+00:00,9,113.1925,86.87666519858479,Ensemble (static)
2026-01-25 00:00:00+00:00,10,116.0175,91.44436943076107,Ensemble (static)
2026-01-25 00:00:00+00:00,11,120.03,94.68119047386817,Ensemble (static)
2026-01-25 00:00:00+00:00,12,116.1075,83.96772824038973,Ensemble (static)
2026-01-25 00:00:00+00:00,13,114.315,81.45228552298505,Ensemble (static)
2026-01-25 00:00:00+00:00,14,111.7525,79.21868042920117,Ensemble (static)
2026-01-25 00:00:00+00:00,15,116.9,83.29489398505959,Ensemble (static)
2026-01-25 00:00:00+00:00,16,131.2125,76.77349441595084,Ensemble (static)
2026-01-25 00:00:00+00:00,17,137.375,78.34237310242538,Ensemble (static)
2026-01-25 00:00:00+00:00,18,132.575,82.89017653841694,Ensemble (static)
2026-01-25 00:00:00+00:00,19,124.0175,75.12400319721819,Ensemble (static)
2026-01-25 00:00:00+00:00,20,114.0225,69.37636790700265,Ensemble (static)
2026-01-25 00:00:00+00:00,21,111.9425,59.559549890281104,Ensemble (static)
2026-01-25 00:00:00+00:00,22,104.49,55.12228439446046,Ensemble (static)
2026-01-25 00:00:00+00:00,23,103.925,48.892168953549735,Ensemble (static)
2026-01-26 00:00:00+00:00,0,101.1125,54.25623381868122,Ensemble (static)
2026-01-26 00:00:00+00:00,1,98.7275,55.020881032605885,Ensemble (static)
2026-01-26 00:00:00+00:00,2,95.8525,51.26478997135707,Ensemble (static)
2026-01-26 00:00:00+00:00,3,95.0325,54.55473998060779,Ensemble (static)
2026-01-26 00:00:00+00:00,4,97.1925,59.72552676942616,Ensemble (static)
2026-01-26 00:00:00+00:00,5,114.2775,60.274137836925235,Ensemble (static)
2026-01-26 00:00:00+00:00,6,153.1975,104.23237875268009,Ensemble (static)
2026-01-26 00:00:00+00:00,7,175.1325,116.98726869849416,Ensemble (static)
2026-01-26 00:00:00+00:00,8,177.9675,107.84680492190188,Ensemble (static)
2026-01-26 00:00:00+00:00,9,178.0125,101.72158252197556,Ensemble (static)
2026-01-26 00:00:00+00:00,10,170.3425,103.89960116455987,Ensemble (static)
2026-01-26 00:00:00+00:00,11,156.03,105.82487586250123,Ensemble (static)
2026-01-26 00:00:00+00:00,12,149.39499999999998,98.01808457629069,Ensemble (static)
2026-01-26 00:00:00+00:00,13,147.78,106.7567337814707,Ensemble (static)
2026-01-26 00:00:00+00:00,14,159.97,106.61637248612541,Ensemble (static)
2026-01-26 00:00:00+00:00,15,166.32999999999998,119.82931272425566,Ensemble (static)
2026-01-26 00:00:00+00:00,16,178.6975,112.66138517482736,Ensemble (static)
2026-01-26 00:00:00+00:00,17,178.0225,111.92291425616934,Ensemble (static)
2026-01-26 00:00:00+00:00,18,169.9725,109.98784803197513,Ensemble (static)
2026-01-26 00:00:00+00:00,19,154.16500000000002,100.93672652564278,Ensemble (static)
2026-01-26 00:00:00+00:00,20,137.1125,87.72297883483634,Ensemble (static)
2026-01-26 00:00:00+00:00,21,121.5,72.35651373739194,Ensemble (static)
2026-01-26 00:00:00+00:00,22,111.685,64.58253234127753,Ensemble (static)
2026-01-26 00:00:00+00:00,23,118.7675,58.265857054526435,Ensemble (static)
2026-01-27 00:00:00+00:00,0,113.7025,68.29658786171967,Ensemble (static)
2026-01-27 00:00:00+00:00,1,112.1575,70.01389905923907,Ensemble (static)
2026-01-27 00:00:00+00:00,2,111.4875,69.01294391331552,Ensemble (static)
2026-01-27 00:00:00+00:00,3,110.545,71.09638756756016,Ensemble (static)
2026-01-27 00:00:00+00:00,4,111.65,75.51558524724288,Ensemble (static)
2026-01-27 00:00:00+00:00,5,133.61,68.93944346607185,Ensemble (static)
2026-01-27 00:00:00+00:00,6,159.875,123.60837724356053,Ensemble (static)
2026-01-27 00:00:00+00:00,7,176.635,134.62323629797532,Ensemble (static)
2026-01-27 00:00:00+00:00,8,171.195,123.88821960479882,Ensemble (static)
2026-01-27 00:00:00+00:00,9,148.45749999999998,113.45898878501497,Ensemble (static)
2026-01-27 00:00:00+00:00,10,133.29,104.16769633403528,Ensemble (static)
2026-01-27 00:00:00+00:00,11,123.03,99.72023484822678,Ensemble (static)
2026-01-27 00:00:00+00:00,12,112.4875,91.56143246355194,Ensemble (static)
2026-01-27 00:00:00+00:00,13,131.0825,92.73856590286155,Ensemble (static)
2026-01-27 00:00:00+00:00,14,127.4475,86.81800237490702,Ensemble (static)
2026-01-27 00:00:00+00:00,15,132.98,94.3087612044622,Ensemble (static)
2026-01-27 00:00:00+00:00,16,152.62,87.75989324510002,Ensemble (static)
2026-01-27 00:00:00+00:00,17,141.14,90.71770294658677,Ensemble (static)
2026-01-27 00:00:00+00:00,18,138.8825,93.0664686354812,Ensemble (static)
2026-01-27 00:00:00+00:00,19,121.5875,84.2842768978797,Ensemble (static)
2026-01-27 00:00:00+00:00,20,119.3675,73.58989646909188,Ensemble (static)
2026-01-27 00:00:00+00:00,21,120.7,57.26860968849414,Ensemble (static)
2026-01-27 00:00:00+00:00,22,111.85,51.363848745863436,Ensemble (static)
2026-01-27 00:00:00+00:00,23,105.475,44.120599798372446,Ensemble (static)
2026-01-28 00:00:00+00:00,0,104.465,51.3776372777754,Ensemble (static)
2026-01-28 00:00:00+00:00,1,104.465,53.17634011833376,Ensemble (static)
2026-01-28 00:00:00+00:00,2,102.24,49.02350827505831,Ensemble (static)
2026-01-28 00:00:00+00:00,3,104.7125,53.124712675122936,Ensemble (static)
2026-01-28 00:00:00+00:00,4,106.6,57.549007013004,Ensemble (static)
2026-01-28 00:00:00+00:00,5,113.6975,57.717213764663214,Ensemble (static)
2026-01-28 00:00:00+00:00,6,143.5975,102.4449999918827,Ensemble (static)
2026-01-28 00:00:00+00:00,7,171.0025,113.97012783021563,Ensemble (static)
2026-01-28 00:00:00+00:00,8,173.64499999999998,106.63605801816674,Ensemble (static)
2026-01-28 00:00:00+00:00,9,172.325,103.21012352652752,Ensemble (static)
2026-01-28 00:00:00+00:00,10,166.24,102.53879171511922,Ensemble (static)
2026-01-28 00:00:00+00:00,11,157.0875,103.25814268135578,Ensemble (static)
2026-01-28 00:00:00+00:00,12,147.9125,98.65368577017797,Ensemble (static)
2026-01-28 00:00:00+00:00,13,145.035,102.43634290974039,Ensemble (static)
2026-01-28 00:00:00+00:00,14,141.13750000000002,94.49825931395728,Ensemble (static)
2026-01-28 00:00:00+00:00,15,147.1275,97.21745012899547,Ensemble (static)
2026-01-28 00:00:00+00:00,16,164.2225,89.47367137186845,Ensemble (static)
2026-01-28 00:00:00+00:00,17,170.425,89.67758016628157,Ensemble (static)
2026-01-28 00:00:00+00:00,18,161.225,89.31530904224758,Ensemble (static)
2026-01-28 00:00:00+00:00,19,134.265,80.41215622328889,Ensemble (static)
2026-01-28 00:00:00+00:00,20,119.01,69.3749457961227,Ensemble (static)
2026-01-28 00:00:00+00:00,21,117.0,54.33346673662183,Ensemble (static)
2026-01-28 00:00:00+00:00,22,110.9575,48.579245733627374,Ensemble (static)
2026-01-28 00:00:00+00:00,23,104.55,40.80656609913124,Ensemble (static)
2026-01-29 00:00:00+00:00,0,104.0,53.04790599813593,Ensemble (static)
2026-01-29 00:00:00+00:00,1,101.88,55.29930873679009,Ensemble (static)
2026-01-29 00:00:00+00:00,2,100.0225,51.681460838881364,Ensemble (static)
2026-01-29 00:00:00+00:00,3,100.9325,55.507864070605194,Ensemble (static)
2026-01-29 00:00:00+00:00,4,104.6375,60.487719307146094,Ensemble (static)
2026-01-29 00:00:00+00:00,5,116.12,61.97430565360474,Ensemble (static)
2026-01-29 00:00:00+00:00,6,149.595,103.08587331069893,Ensemble (static)
2026-01-29 00:00:00+00:00,7,165.6825,119.30952736671263,Ensemble (static)
2026-01-29 00:00:00+00:00,8,168.035,111.63262781774665,Ensemble (static)
2026-01-29 00:00:00+00:00,9,160.675,108.06416034623886,Ensemble (static)
2026-01-29 00:00:00+00:00,10,152.7925,107.93063663096224,Ensemble (static)
2026-01-29 00:00:00+00:00,11,143.035,111.77367235033482,Ensemble (static)
2026-01-29 00:00:00+00:00,12,142.815,105.06651195662039,Ensemble (static)
2026-01-29 00:00:00+00:00,13,142.9925,113.42011766021074,Ensemble (static)
2026-01-29 00:00:00+00:00,14,147.6125,110.02016118443302,Ensemble (static)
2026-01-29 00:00:00+00:00,15,153.1025,121.08132825761693,Ensemble (static)
2026-01-29 00:00:00+00:00,16,159.4775,110.63840679031787,Ensemble (static)
2026-01-29 00:00:00+00:00,17,157.24,104.56221295743194,Ensemble (static)
2026-01-29 00:00:00+00:00,18,150.0375,103.45343170632786,Ensemble (static)
2026-01-29 00:00:00+00:00,19,126.5575,90.32690377341862,Ensemble (static)
2026-01-29 00:00:00+00:00,20,113.57,77.87045787122922,Ensemble (static)
2026-01-29 00:00:00+00:00,21,109.315,62.744145073767164,Ensemble (static)
2026-01-29 00:00:00+00:00,22,102.9775,56.375740627785696,Ensemble (static)
2026-01-29 00:00:00+00:00,23,111.065,48.72178110669944,Ensemble (static)
2026-01-30 00:00:00+00:00,0,103.3125,53.277700475638056,Ensemble (static)
2026-01-30 00:00:00+00:00,1,100.8525,53.78131734836704,Ensemble (static)
2026-01-30 00:00:00+00:00,2,97.3875,49.70373713916277,Ensemble (static)
2026-01-30 00:00:00+00:00,3,97.3,53.53711821059852,Ensemble (static)
2026-01-30 00:00:00+00:00,4,96.2775,57.40292426304594,Ensemble (static)
2026-01-30 00:00:00+00:00,5,111.125,54.76285327988786,Ensemble (static)
2026-01-30 00:00:00+00:00,6,131.7775,91.98160247036462,Ensemble (static)
2026-01-30 00:00:00+00:00,7,143.755,107.59262868587854,Ensemble (static)
2026-01-30 00:00:00+00:00,8,147.035,102.23866869255467,Ensemble (static)
2026-01-30 00:00:00+00:00,9,132.63,96.24578582455429,Ensemble (static)
2026-01-30 00:00:00+00:00,10,126.1,93.95073412619354,Ensemble (static)
2026-01-30 00:00:00+00:00,11,118.205,91.75397199279489,Ensemble (static)
2026-01-30 00:00:00+00:00,12,110.39,85.99075195396755,Ensemble (static)
2026-01-30 00:00:00+00:00,13,110.3175,83.9468895208127,Ensemble (static)
2026-01-30 00:00:00+00:00,14,111.195,78.63001039981371,Ensemble (static)
2026-01-30 00:00:00+00:00,15,114.9375,82.93604818558262,Ensemble (static)
2026-01-30 00:00:00+00:00,16,124.81,77.3780430032122,Ensemble (static)
2026-01-30 00:00:00+00:00,17,122.8875,79.46444558385932,Ensemble (static)
2026-01-30 00:00:00+00:00,18,113.0875,79.08510539509733,Ensemble (static)
2026-01-30 00:00:00+00:00,19,108.5975,69.96221637454914,Ensemble (static)
2026-01-30 00:00:00+00:00,20,101.6825,62.781247197994944,Ensemble (static)
2026-01-30 00:00:00+00:00,21,101.09,49.51109103362522,Ensemble (static)
2026-01-30 00:00:00+00:00,22,92.695,45.945561182320915,Ensemble (static)
2026-01-30 00:00:00+00:00,23,96.9525,38.28228049897287,Ensemble (static)
2026-01-31 00:00:00+00:00,0,97.3775,50.30021907446553,Ensemble (static)
2026-01-31 00:00:00+00:00,1,94.5075,48.642370278771395,Ensemble (static)
2026-01-31 00:00:00+00:00,2,94.08,46.55488123403783,Ensemble (static)
2026-01-31 00:00:00+00:00,3,93.325,47.788711108372254,Ensemble (static)
2026-01-31 00:00:00+00:00,4,94.0575,49.40112865677354,Ensemble (static)
2026-01-31 00:00:00+00:00,5,93.45,46.829867581649886,Ensemble (static)
2026-01-31 00:00:00+00:00,6,92.9025,75.76346127548925,Ensemble (static)
2026-01-31 00:00:00+00:00,7,103.955,86.82167570247017,Ensemble (static)
2026-01-31 00:00:00+00:00,8,109.0625,81.2782602367818,Ensemble (static)
2026-01-31 00:00:00+00:00,9,114.215,81.97312838718655,Ensemble (static)
2026-01-31 00:00:00+00:00,10,113.47,76.89199267489073,Ensemble (static)
2026-01-31 00:00:00+00:00,11,111.2775,77.66484719637214,Ensemble (static)
2026-01-31 00:00:00+00:00,12,107.39,73.78254027357153,Ensemble (static)
2026-01-31 00:00:00+00:00,13,110.305,75.97056537408032,Ensemble (static)
2026-01-31 00:00:00+00:00,14,113.1675,73.27077341972577,Ensemble (static)
2026-01-31 00:00:00+00:00,15,119.3575,82.7239177258334,Ensemble (static)
2026-01-31 00:00:00+00:00,16,134.605,79.43311570664258,Ensemble (static)
2026-01-31 00:00:00+00:00,17,138.0375,80.09446926298723,Ensemble (static)
2026-01-31 00:00:00+00:00,18,133.95,84.64065051742888,Ensemble (static)
2026-01-31 00:00:00+00:00,19,125.645,73.5647935836841,Ensemble (static)
2026-01-31 00:00:00+00:00,20,114.2075,67.43839165302853,Ensemble (static)
2026-01-31 00:00:00+00:00,21,114.145,53.999577996127265,Ensemble (static)
2026-01-31 00:00:00+00:00,22,105.9,50.44309340325227,Ensemble (static)
2026-01-31 00:00:00+00:00,23,96.09,44.65938329666037,Ensemble (static)
2026-02-01 00:00:00+00:00,0,94.0075,51.055331247196015,Ensemble (static)
2026-02-01 00:00:00+00:00,1,98.4025,48.98943462338618,Ensemble (static)
2026-02-01 00:00:00+00:00,2,96.0575,50.1211877309461,Ensemble (static)
2026-02-01 00:00:00+00:00,3,98.3125,49.74153635226481,Ensemble (static)
2026-02-01 00:00:00+00:00,4,98.2225,52.24486155209644,Ensemble (static)
2026-02-01 00:00:00+00:00,5,96.015,49.05456252204549,Ensemble (static)
2026-02-01 00:00:00+00:00,6,99.5,75.76291152782699,Ensemble (static)
2026-02-01 00:00:00+00:00,7,105.255,88.85660421862221,Ensemble (static)
2026-02-01 00:00:00+00:00,8,109.235,86.42515940934351,Ensemble (static)
2026-02-01 00:00:00+00:00,9,109.845,83.40513322558205,Ensemble (static)
2026-02-01 00:00:00+00:00,10,108.1575,85.15160408072035,Ensemble (static)
2026-02-01 00:00:00+00:00,11,107.125,86.79411495767062,Ensemble (static)
2026-02-01 00:00:00+00:00,12,100.3875,78.41572273484006,Ensemble (static)
2026-02-01 00:00:00+00:00,13,102.235,75.45338029054798,Ensemble (static)
2026-02-01 00:00:00+00:00,14,108.9575,74.07946890119733,Ensemble (static)
2026-02-01 00:00:00+00:00,15,114.6675,81.57304735235579,Ensemble (static)
2026-02-01 00:00:00+00:00,16,129.4875,77.59357292845306,Ensemble (static)
2026-02-01 00:00:00+00:00,17,136.8425,79.29819178277367,Ensemble (static)
2026-02-01 00:00:00+00:00,18,137.39,81.81816299934096,Ensemble (static)
2026-02-01 00:00:00+00:00,19,125.5925,71.53485138459516,Ensemble (static)
2026-02-01 00:00:00+00:00,20,113.8575,65.99804375907232,Ensemble (static)
2026-02-01 00:00:00+00:00,21,113.885,54.94239175939965,Ensemble (static)
2026-02-01 00:00:00+00:00,22,106.5525,49.71610376648422,Ensemble (static)
2026-02-01 00:00:00+00:00,23,99.5925,42.20153218927413,Ensemble (static)
2026-02-02 00:00:00+00:00,0,97.9925,46.897242234199254,Ensemble (static)
2026-02-02 00:00:00+00:00,1,95.0925,48.24916138712534,Ensemble (static)
2026-02-02 00:00:00+00:00,2,91.0,43.40437113476831,Ensemble (static)
2026-02-02 00:00:00+00:00,3,91.7325,48.431767903814034,Ensemble (static)
2026-02-02 00:00:00+00:00,4,94.7225,53.29361398484089,Ensemble (static)
2026-02-02 00:00:00+00:00,5,106.575,52.414768809632974,Ensemble (static)
2026-02-02 00:00:00+00:00,6,122.885,94.67863245977637,Ensemble (static)
2026-02-02 00:00:00+00:00,7,136.8675,108.75464683085607,Ensemble (static)
2026-02-02 00:00:00+00:00,8,140.155,99.43544366758012,Ensemble (static)
2026-02-02 00:00:00+00:00,9,124.54,89.37139559777304,Ensemble (static)
2026-02-02 00:00:00+00:00,10,114.6675,90.51394038216861,Ensemble (static)
2026-02-02 00:00:00+00:00,11,109.2125,83.84748962463837,Ensemble (static)
2026-02-02 00:00:00+00:00,12,104.0,77.01693305056428,Ensemble (static)
2026-02-02 00:00:00+00:00,13,102.9025,75.8993181205484,Ensemble (static)
2026-02-02 00:00:00+00:00,14,105.0775,76.31333768795972,Ensemble (static)
2026-02-02 00:00:00+00:00,15,109.7775,88.23098257179026,Ensemble (static)
2026-02-02 00:00:00+00:00,16,118.1975,83.10722712470842,Ensemble (static)
2026-02-02 00:00:00+00:00,17,118.9675,87.84267472596231,Ensemble (static)
2026-02-02 00:00:00+00:00,18,105.0,83.71823948164952,Ensemble (static)
2026-02-02 00:00:00+00:00,19,102.255,76.41017590013759,Ensemble (static)
2026-02-02 00:00:00+00:00,20,102.015,65.18194871364561,Ensemble (static)
2026-02-02 00:00:00+00:00,21,101.2275,51.384255518188844,Ensemble (static)
2026-02-02 00:00:00+00:00,22,91.385,45.2901892927861,Ensemble (static)
2026-02-02 00:00:00+00:00,23,91.7175,36.222297530170025,Ensemble (static)
2026-02-03 00:00:00+00:00,0,89.36500000000001,45.70621746606392,Ensemble (static)
2026-02-03 00:00:00+00:00,1,84.0075,46.50948488958079,Ensemble (static)
2026-02-03 00:00:00+00:00,2,79.9375,42.85347831197013,Ensemble (static)
2026-02-03 00:00:00+00:00,3,76.84,46.19998225547291,Ensemble (static)
2026-02-03 00:00:00+00:00,4,82.16,48.40923469942694,Ensemble (static)
2026-02-03 00:00:00+00:00,5,91.16,47.73624371664424,Ensemble (static)
2026-02-03 00:00:00+00:00,6,97.6925,81.4601841264394,Ensemble (static)
2026-02-03 00:00:00+00:00,7,106.2725,95.93410898299918,Ensemble (static)
2026-02-03 00:00:00+00:00,8,108.225,85.53614221837006,Ensemble (static)
2026-02-03 00:00:00+00:00,9,99.94,81.36841822263932,Ensemble (static)
2026-02-03 00:00:00+00:00,10,90.83,75.6665695555246,Ensemble (static)
2026-02-03 00:00:00+00:00,11,87.94749999999999,74.40718555979737,Ensemble (static)
2026-02-03 00:00:00+00:00,12,89.905,70.02895051090961,Ensemble (static)
2026-02-03 00:00:00+00:00,13,93.1525,71.2577359568982,Ensemble (static)
2026-02-03 00:00:00+00:00,14,100.41,69.19785884738279,Ensemble (static)
2026-02-03 00:00:00+00:00,15,106.615,79.49425292477375,Ensemble (static)
2026-02-03 00:00:00+00:00,16,125.7725,79.36057118208733,Ensemble (static)
2026-02-03 00:00:00+00:00,17,126.3475,82.98308750545596,Ensemble (static)
2026-02-03 00:00:00+00:00,18,123.2275,85.13834059328794,Ensemble (static)
2026-02-03 00:00:00+00:00,19,112.9,78.23785136289429,Ensemble (static)
2026-02-03 00:00:00+00:00,20,103.2925,69.04004021199646,Ensemble (static)
2026-02-03 00:00:00+00:00,21,100.895,53.96804524282091,Ensemble (static)
2026-02-03 00:00:00+00:00,22,94.8125,50.47492171687213,Ensemble (static)
2026-02-03 00:00:00+00:00,23,95.0025,42.60900982515324,Ensemble (static)
2026-02-04 00:00:00+00:00,0,92.7875,50.86086988237116,Ensemble (static)
2026-02-04 00:00:00+00:00,1,92.9625,52.15036329827378,Ensemble (static)
2026-02-04 00:00:00+00:00,2,94.6225,49.92593132839439,Ensemble (static)
2026-02-04 00:00:00+00:00,3,93.9575,53.64631641936877,Ensemble (static)
2026-02-04 00:00:00+00:00,4,96.585,58.424401592499464,Ensemble (static)
2026-02-04 00:00:00+00:00,5,105.285,55.621088636836944,Ensemble (static)
2026-02-04 00:00:00+00:00,6,122.935,94.68812504089968,Ensemble (static)
2026-02-04 00:00:00+00:00,7,131.605,108.97857200276333,Ensemble (static)
2026-02-04 00:00:00+00:00,8,122.6725,101.51336849338314,Ensemble (static)
2026-02-04 00:00:00+00:00,9,110.0,95.88023096133786,Ensemble (static)
2026-02-04 00:00:00+00:00,10,98.7075,92.61192310664632,Ensemble (static)
2026-02-04 00:00:00+00:00,11,91.915,90.40475718224333,Ensemble (static)
2026-02-04 00:00:00+00:00,12,91.3825,87.0361932389121,Ensemble (static)
2026-02-04 00:00:00+00:00,13,96.0775,90.65240522586063,Ensemble (static)
2026-02-04 00:00:00+00:00,14,102.875,88.92874013193823,Ensemble (static)
2026-02-04 00:00:00+00:00,15,114.185,99.18325558394965,Ensemble (static)
2026-02-04 00:00:00+00:00,16,124.6175,92.40387398505726,Ensemble (static)
2026-02-04 00:00:00+00:00,17,117.04,91.25236840627765,Ensemble (static)
2026-02-04 00:00:00+00:00,18,104.52,88.90701330556665,Ensemble (static)
2026-02-04 00:00:00+00:00,19,96.2875,78.55579595639526,Ensemble (static)
2026-02-04 00:00:00+00:00,20,94.7525,69.43716009039917,Ensemble (static)
2026-02-04 00:00:00+00:00,21,93.8225,55.95342649788778,Ensemble (static)
2026-02-04 00:00:00+00:00,22,86.3075,52.31101555010828,Ensemble (static)
2026-02-04 00:00:00+00:00,23,90.3025,44.227996112260186,Ensemble (static)
2026-02-05 00:00:00+00:00,0,88.4375,50.41451568804871,Ensemble (static)
2026-02-05 00:00:00+00:00,1,87.4325,51.95847440006614,Ensemble (static)
2026-02-05 00:00:00+00:00,2,87.795,50.463173337957045,Ensemble (static)
2026-02-05 00:00:00+00:00,3,89.565,53.67766088371709,Ensemble (static)
2026-02-05 00:00:00+00:00,4,91.51,58.36216119070399,Ensemble (static)
2026-02-05 00:00:00+00:00,5,102.845,58.44528413790355,Ensemble (static)
2026-02-05 00:00:00+00:00,6,113.32,93.24479129485748,Ensemble (static)
2026-02-05 00:00:00+00:00,7,125.365,108.2747941170176,Ensemble (static)
2026-02-05 00:00:00+00:00,8,121.52,101.46881831034032,Ensemble (static)
2026-02-05 00:00:00+00:00,9,118.1925,98.41971387024992,Ensemble (static)
2026-02-05 00:00:00+00:00,10,121.0675,96.88625012070854,Ensemble (static)
2026-02-05 00:00:00+00:00,11,108.2525,95.65428706824396,Ensemble (static)
2026-02-05 00:00:00+00:00,12,109.7575,92.6804316373547,Ensemble (static)
2026-02-05 00:00:00+00:00,13,110.1025,104.81462963614018,Ensemble (static)
2026-02-05 00:00:00+00:00,14,116.98,99.6433574979981,Ensemble (static)
2026-02-05 00:00:00+00:00,15,126.0,117.90617535717021,Ensemble (static)
2026-02-05 00:00:00+00:00,16,140.5,117.6188139903463,Ensemble (static)
2026-02-05 00:00:00+00:00,17,136.64499999999998,108.59158619644734,Ensemble (static)
2026-02-05 00:00:00+00:00,18,132.9075,105.44313314888107,Ensemble (static)
2026-02-05 00:00:00+00:00,19,120.81,94.1839769192901,Ensemble (static)
2026-02-05 00:00:00+00:00,20,107.7825,83.32338551112981,Ensemble (static)
2026-02-05 00:00:00+00:00,21,105.88,68.88921391773388,Ensemble (static)
2026-02-05 00:00:00+00:00,22,100.0375,65.6947184442178,Ensemble (static)
2026-02-05 00:00:00+00:00,23,99.31,59.17884064253731,Ensemble (static)
2026-02-06 00:00:00+00:00,0,99.1275,59.06730526083535,Ensemble (static)
2026-02-06 00:00:00+00:00,1,98.0875,61.38989288972265,Ensemble (static)
2026-02-06 00:00:00+00:00,2,98.2275,58.3748354259441,Ensemble (static)
2026-02-06 00:00:00+00:00,3,98.7425,62.82940873842086,Ensemble (static)
2026-02-06 00:00:00+00:00,4,102.3325,70.00106896254353,Ensemble (static)
2026-02-06 00:00:00+00:00,5,115.4225,66.50902517065958,Ensemble (static)
2026-02-06 00:00:00+00:00,6,139.4625,101.2712263978386,Ensemble (static)
2026-02-06 00:00:00+00:00,7,144.74,122.53732291499728,Ensemble (static)
2026-02-06 00:00:00+00:00,8,144.2025,119.25754951586693,Ensemble (static)
2026-02-06 00:00:00+00:00,9,142.0925,118.29838827624735,Ensemble (static)
2026-02-06 00:00:00+00:00,10,138.91,125.5183499028825,Ensemble (static)
2026-02-06 00:00:00+00:00,11,136.21,132.02120613496618,Ensemble (static)
2026-02-06 00:00:00+00:00,12,135.89249999999998,122.475482253294,Ensemble (static)
2026-02-06 00:00:00+00:00,13,135.66750000000002,130.6098154828249,Ensemble (static)
2026-02-06 00:00:00+00:00,14,139.4725,125.73094133231973,Ensemble (static)
2026-02-06 00:00:00+00:00,15,133.9625,132.16421265343422,Ensemble (static)
2026-02-06 00:00:00+00:00,16,137.1875,116.48546791702094,Ensemble (static)
2026-02-06 00:00:00+00:00,17,132.19,106.44338016835913,Ensemble (static)
2026-02-06 00:00:00+00:00,18,125.6275,107.09701298380281,Ensemble (static)
2026-02-06 00:00:00+00:00,19,110.9825,96.62889626522943,Ensemble (static)
2026-02-06 00:00:00+00:00,20,108.85,85.57204322533482,Ensemble (static)
2026-02-06 00:00:00+00:00,21,106.2625,70.77009481922605,Ensemble (static)
2026-02-06 00:00:00+00:00,22,102.2375,68.03004100386268,Ensemble (static)
2026-02-06 00:00:00+00:00,23,101.4925,62.86130423821145,Ensemble (static)
2026-02-07 00:00:00+00:00,0,100.0,62.33532178726128,Ensemble (static)
2026-02-07 00:00:00+00:00,1,98.0425,60.00069276962436,Ensemble (static)
2026-02-07 00:00:00+00:00,2,96.885,60.02847798475881,Ensemble (static)
2026-02-07 00:00:00+00:00,3,96.395,61.669642205715355,Ensemble (static)
2026-02-07 00:00:00+00:00,4,96.725,67.56400102158256,Ensemble (static)
2026-02-07 00:00:00+00:00,5,97.095,63.38434475477979,Ensemble (static)
2026-02-07 00:00:00+00:00,6,105.5475,96.397990858757,Ensemble (static)
2026-02-07 00:00:00+00:00,7,114.08,106.09371211726416,Ensemble (static)
2026-02-07 00:00:00+00:00,8,117.975,104.73204778415254,Ensemble (static)
2026-02-07 00:00:00+00:00,9,110.0625,106.55094896440019,Ensemble (static)
2026-02-07 00:00:00+00:00,10,104.5325,102.61543966897759,Ensemble (static)
2026-02-07 00:00:00+00:00,11,100.1175,104.29497424289983,Ensemble (static)
2026-02-07 00:00:00+00:00,12,97.3875,95.61798492382661,Ensemble (static)
2026-02-07 00:00:00+00:00,13,99.9275,101.54262623290737,Ensemble (static)
2026-02-07 00:00:00+00:00,14,106.3325,108.12892895781218,Ensemble (static)
2026-02-07 00:00:00+00:00,15,120.29,121.85723138438144,Ensemble (static)
2026-02-07 00:00:00+00:00,16,134.03750000000002,111.21780731649103,Ensemble (static)
2026-02-07 00:00:00+00:00,17,135.33249999999998,103.80785300906312,Ensemble (static)
2026-02-07 00:00:00+00:00,18,127.4975,108.82163045778461,Ensemble (static)
2026-02-07 00:00:00+00:00,19,113.395,91.03091800688219,Ensemble (static)
2026-02-07 00:00:00+00:00,20,104.39,82.39419125676214,Ensemble (static)
2026-02-07 00:00:00+00:00,21,104.0725,64.86409817850961,Ensemble (static)
2026-02-07 00:00:00+00:00,22,98.76,61.336614427796064,Ensemble (static)
2026-02-07 00:00:00+00:00,23,102.035,55.99070786015361,Ensemble (static)
2026-02-08 00:00:00+00:00,0,99.045,56.681432908178536,Ensemble (static)
2026-02-08 00:00:00+00:00,1,97.5675,53.61641323048788,Ensemble (static)
2026-02-08 00:00:00+00:00,2,96.425,54.29906882918296,Ensemble (static)
2026-02-08 00:00:00+00:00,3,94.86,53.377076603414146,Ensemble (static)
2026-02-08 00:00:00+00:00,4,95.75,55.677091389438374,Ensemble (static)
2026-02-08 00:00:00+00:00,5,95.0,52.44690299465919,Ensemble (static)
2026-02-08 00:00:00+00:00,6,95.805,72.74572204445812,Ensemble (static)
2026-02-08 00:00:00+00:00,7,100.3475,88.34073975271939,Ensemble (static)
2026-02-08 00:00:00+00:00,8,101.9875,85.73023447484701,Ensemble (static)
2026-02-08 00:00:00+00:00,9,102.645,83.55458009274741,Ensemble (static)
2026-02-08 00:00:00+00:00,10,99.6,82.85310138351966,Ensemble (static)
2026-02-08 00:00:00+00:00,11,96.5725,85.8094883967516,Ensemble (static)
2026-02-08 00:00:00+00:00,12,95.45,78.03706904153256,Ensemble (static)
2026-02-08 00:00:00+00:00,13,97.22,77.26659680868144,Ensemble (static)
2026-02-08 00:00:00+00:00,14,103.3225,78.85063781685122,Ensemble (static)
2026-02-08 00:00:00+00:00,15,111.785,92.75465340744802,Ensemble (static)
2026-02-08 00:00:00+00:00,16,127.6325,91.08509052366944,Ensemble (static)
2026-02-08 00:00:00+00:00,17,131.26749999999998,90.0173248012004,Ensemble (static)
2026-02-08 00:00:00+00:00,18,126.9075,94.31326779801714,Ensemble (static)
2026-02-08 00:00:00+00:00,19,113.2825,82.86319211123707,Ensemble (static)
2026-02-08 00:00:00+00:00,20,107.6275,76.3850596342439,Ensemble (static)
2026-02-08 00:00:00+00:00,21,105.14,65.18007041295114,Ensemble (static)
2026-02-08 00:00:00+00:00,22,99.9825,62.92264135315098,Ensemble (static)
2026-02-08 00:00:00+00:00,23,96.745,59.492713576364224,Ensemble (static)
2026-02-09 00:00:00+00:00,0,95.4525,61.41720006600147,Ensemble (static)
2026-02-09 00:00:00+00:00,1,95.7025,63.691328047779436,Ensemble (static)
2026-02-09 00:00:00+00:00,2,95.4675,61.41170899941784,Ensemble (static)
2026-02-09 00:00:00+00:00,3,96.565,65.90070792998267,Ensemble (static)
2026-02-09 00:00:00+00:00,4,104.735,73.11638996284762,Ensemble (static)
2026-02-09 00:00:00+00:00,5,132.235,68.42762237037269,Ensemble (static)
2026-02-09 00:00:00+00:00,6,158.595,114.89267831270882,Ensemble (static)
2026-02-09 00:00:00+00:00,7,182.71,129.71665127752829,Ensemble (static)
2026-02-09 00:00:00+00:00,8,169.2075,123.4675069008533,Ensemble (static)
2026-02-09 00:00:00+00:00,9,157.29,116.57559973711783,Ensemble (static)
2026-02-09 00:00:00+00:00,10,144.38,121.10154498246106,Ensemble (static)
2026-02-09 00:00:00+00:00,11,137.0725,121.6747322804196,Ensemble (static)
2026-02-09 00:00:00+00:00,12,135.025,108.50213826862904,Ensemble (static)
2026-02-09 00:00:00+00:00,13,137.6575,118.59627152066425,Ensemble (static)
2026-02-09 00:00:00+00:00,14,149.0775,137.0423145909101,Ensemble (static)
2026-02-09 00:00:00+00:00,15,168.9825,164.01854935583577,Ensemble (static)
2026-02-09 00:00:00+00:00,16,227.2125,150.1179543814813,Ensemble (static)
2026-02-09 00:00:00+00:00,17,182.225,135.80766273947776,Ensemble (static)
2026-02-09 00:00:00+00:00,18,165.81,124.86254574941266,Ensemble (static)
2026-02-09 00:00:00+00:00,19,144.1275,111.25753620792213,Ensemble (static)
2026-02-09 00:00:00+00:00,20,134.6,95.69937180161114,Ensemble (static)
2026-02-09 00:00:00+00:00,21,122.895,79.2373819001564,Ensemble (static)
2026-02-09 00:00:00+00:00,22,108.9225,72.39908359940965,Ensemble (static)
2026-02-09 00:00:00+00:00,23,104.6425,65.46376359129283,Ensemble (static)
2026-02-10 00:00:00+00:00,0,103.745,60.92048920852639,Ensemble (static)
2026-02-10 00:00:00+00:00,1,102.7475,61.149311664621905,Ensemble (static)
2026-02-10 00:00:00+00:00,2,102.435,57.754715730806254,Ensemble (static)
2026-02-10 00:00:00+00:00,3,102.435,59.903005320398265,Ensemble (static)
2026-02-10 00:00:00+00:00,4,105.4275,63.75792568581009,Ensemble (static)
2026-02-10 00:00:00+00:00,5,119.9175,56.447150337673015,Ensemble (static)
2026-02-10 00:00:00+00:00,6,134.89,93.74297904239407,Ensemble (static)
2026-02-10 00:00:00+00:00,7,143.8275,112.3106066770777,Ensemble (static)
2026-02-10 00:00:00+00:00,8,132.08249999999998,105.1701419253354,Ensemble (static)
2026-02-10 00:00:00+00:00,9,129.0875,96.44741609580333,Ensemble (static)
2026-02-10 00:00:00+00:00,10,119.4425,92.16581744828054,Ensemble (static)
2026-02-10 00:00:00+00:00,11,109.2225,91.62985576358146,Ensemble (static)
2026-02-10 00:00:00+00:00,12,109.47,88.2804037246599,Ensemble (static)
2026-02-10 00:00:00+00:00,13,116.2225,95.51470764589153,Ensemble (static)
2026-02-10 00:00:00+00:00,14,128.115,103.00129866512381,Ensemble (static)
2026-02-10 00:00:00+00:00,15,127.6625,120.57928529313494,Ensemble (static)
2026-02-10 00:00:00+00:00,16,135.2425,110.21147332639313,Ensemble (static)
2026-02-10 00:00:00+00:00,17,131.7125,102.76266689151163,Ensemble (static)
2026-02-10 00:00:00+00:00,18,120.3275,101.05582040026798,Ensemble (static)
2026-02-10 00:00:00+00:00,19,111.2525,88.50227400718803,Ensemble (static)
2026-02-10 00:00:00+00:00,20,107.1575,76.95553697103104,Ensemble (static)
2026-02-10 00:00:00+00:00,21,106.69,60.98277965246902,Ensemble (static)
2026-02-10 00:00:00+00:00,22,100.5275,56.013723104795986,Ensemble (static)
2026-02-10 00:00:00+00:00,23,96.7825,48.953951654838974,Ensemble (static)
2026-02-11 00:00:00+00:00,0,96.63,51.94516469422033,Ensemble (static)
2026-02-11 00:00:00+00:00,1,95.605,53.032327898145326,Ensemble (static)
2026-02-11 00:00:00+00:00,2,94.68,49.94086136897726,Ensemble (static)
2026-02-11 00:00:00+00:00,3,94.845,52.90323993477691,Ensemble (static)
2026-02-11 00:00:00+00:00,4,99.1425,57.56774983742428,Ensemble (static)
2026-02-11 00:00:00+00:00,5,110.4775,53.55709476564827,Ensemble (static)
2026-02-11 00:00:00+00:00,6,129.0,86.59440492281404,Ensemble (static)
2026-02-11 00:00:00+00:00,7,137.0675,104.71136139842777,Ensemble (static)
2026-02-11 00:00:00+00:00,8,131.4375,100.61372651232551,Ensemble (static)
2026-02-11 00:00:00+00:00,9,127.5,96.17880774886261,Ensemble (static)
2026-02-11 00:00:00+00:00,10,125.94,95.57936320107193,Ensemble (static)
2026-02-11 00:00:00+00:00,11,115.8625,94.92749637500971,Ensemble (static)
2026-02-11 00:00:00+00:00,12,116.7,90.06458837989395,Ensemble (static)
2026-02-11 00:00:00+00:00,13,116.7,93.85332519013755,Ensemble (static)
2026-02-11 00:00:00+00:00,14,118.185,93.51500401317722,Ensemble (static)
2026-02-11 00:00:00+00:00,15,122.315,100.58583996272907,Ensemble (static)
2026-02-11 00:00:00+00:00,16,127.9,92.04819025143324,Ensemble (static)
2026-02-11 00:00:00+00:00,17,125.465,90.91940797961405,Ensemble (static)
2026-02-11 00:00:00+00:00,18,112.02,88.3328147266688,Ensemble (static)
2026-02-11 00:00:00+00:00,19,104.9275,78.7180926603749,Ensemble (static)
2026-02-11 00:00:00+00:00,20,104.38,67.73428505192348,Ensemble (static)
2026-02-11 00:00:00+00:00,21,101.9975,52.93889870420146,Ensemble (static)
2026-02-11 00:00:00+00:00,22,95.3075,48.71312263017481,Ensemble (static)
2026-02-11 00:00:00+00:00,23,88.1925,41.29781807258678,Ensemble (static)
2026-02-12 00:00:00+00:00,0,87.58,48.01165758652913,Ensemble (static)
2026-02-12 00:00:00+00:00,1,86.2025,49.27085111920969,Ensemble (static)
2026-02-12 00:00:00+00:00,2,84.8925,46.03197253998158,Ensemble (static)
2026-02-12 00:00:00+00:00,3,86.0125,49.20190503930773,Ensemble (static)
2026-02-12 00:00:00+00:00,4,89.43,52.908523690163506,Ensemble (static)
2026-02-12 00:00:00+00:00,5,99.8625,53.64517822240326,Ensemble (static)
2026-02-12 00:00:00+00:00,6,116.0075,87.41589541368663,Ensemble (static)
2026-02-12 00:00:00+00:00,7,123.0725,102.65135550161824,Ensemble (static)
2026-02-12 00:00:00+00:00,8,121.205,96.92786593000837,Ensemble (static)
2026-02-12 00:00:00+00:00,9,117.52,93.14360839650357,Ensemble (static)
2026-02-12 00:00:00+00:00,10,111.1525,91.96363455240405,Ensemble (static)
2026-02-12 00:00:00+00:00,11,105.515,90.85981573439959,Ensemble (static)
2026-02-12 00:00:00+00:00,12,103.555,86.6660679210546,Ensemble (static)
2026-02-12 00:00:00+00:00,13,105.2125,89.40878783790717,Ensemble (static)
2026-02-12 00:00:00+00:00,14,107.98,84.98693353584078,Ensemble (static)
2026-02-12 00:00:00+00:00,15,110.785,93.92340563584051,Ensemble (static)
2026-02-12 00:00:00+00:00,16,123.05,87.86997411142107,Ensemble (static)
2026-02-12 00:00:00+00:00,17,125.6625,89.01561623667808,Ensemble (static)
2026-02-12 00:00:00+00:00,18,120.8725,86.82791973743088,Ensemble (static)
2026-02-12 00:00:00+00:00,19,109.1025,77.1041277861687,Ensemble (static)
2026-02-12 00:00:00+00:00,20,99.6925,66.92285922626705,Ensemble (static)
2026-02-12 00:00:00+00:00,21,97.175,52.537175221054945,Ensemble (static)
2026-02-12 00:00:00+00:00,22,89.33250000000001,47.07272895959236,Ensemble (static)
2026-02-12 00:00:00+00:00,23,83.8575,36.636467487485206,Ensemble (static)
2026-02-13 00:00:00+00:00,0,83.66,46.0766168474027,Ensemble (static)
2026-02-13 00:00:00+00:00,1,82.2175,47.851214527848164,Ensemble (static)
2026-02-13 00:00:00+00:00,2,81.855,44.037671518566015,Ensemble (static)
2026-02-13 00:00:00+00:00,3,83.35,49.00065813334213,Ensemble (static)
2026-02-13 00:00:00+00:00,4,87.1875,53.73786323699847,Ensemble (static)
2026-02-13 00:00:00+00:00,5,98.7275,54.86028789022875,Ensemble (static)
2026-02-13 00:00:00+00:00,6,117.7275,88.67086337305533,Ensemble (static)
2026-02-13 00:00:00+00:00,7,123.85,102.52417874202635,Ensemble (static)
2026-02-13 00:00:00+00:00,8,119.15,94.53345944961987,Ensemble (static)
2026-02-13 00:00:00+00:00,9,106.3925,90.47647129309293,Ensemble (static)
2026-02-13 00:00:00+00:00,10,101.03,90.35499570936963,Ensemble (static)
2026-02-13 00:00:00+00:00,11,97.3,93.55004980827346,Ensemble (static)
2026-02-13 00:00:00+00:00,12,97.495,91.7785065088909,Ensemble (static)
2026-02-13 00:00:00+00:00,13,102.09,104.94191442807232,Ensemble (static)
2026-02-13 00:00:00+00:00,14,118.0975,110.94512333661874,Ensemble (static)
2026-02-13 00:00:00+00:00,15,125.905,137.84083319218408,Ensemble (static)
2026-02-13 00:00:00+00:00,16,131.985,136.2128027457428,Ensemble (static)
2026-02-13 00:00:00+00:00,17,136.02249999999998,127.23673792160861,Ensemble (static)
2026-02-13 00:00:00+00:00,18,131.89249999999998,129.13145836982312,Ensemble (static)
2026-02-13 00:00:00+00:00,19,126.0,110.30467749691563,Ensemble (static)
2026-02-13 00:00:00+00:00,20,117.58,99.3359498031754,Ensemble (static)
2026-02-13 00:00:00+00:00,21,109.9475,78.33845544981975,Ensemble (static)
2026-02-13 00:00:00+00:00,22,100.8575,75.4864527575581,Ensemble (static)
2026-02-13 00:00:00+00:00,23,96.9925,63.152455289358194,Ensemble (static)
2026-02-14 00:00:00+00:00,0,91.83,58.45412232097424,Ensemble (static)
2026-02-14 00:00:00+00:00,1,89.09,55.57682424273153,Ensemble (static)
2026-02-14 00:00:00+00:00,2,88.6725,54.57675916409178,Ensemble (static)
2026-02-14 00:00:00+00:00,3,87.5075,54.01590323914178,Ensemble (static)
2026-02-14 00:00:00+00:00,4,88.75,56.55455003983268,Ensemble (static)
2026-02-14 00:00:00+00:00,5,90.2175,52.076628076012184,Ensemble (static)
2026-02-14 00:00:00+00:00,6,93.1175,73.71459546531916,Ensemble (static)
2026-02-14 00:00:00+00:00,7,101.8325,90.97422522227573,Ensemble (static)
2026-02-14 00:00:00+00:00,8,107.49,88.49419719569559,Ensemble (static)
2026-02-14 00:00:00+00:00,9,103.97,87.58047732940973,Ensemble (static)
2026-02-14 00:00:00+00:00,10,98.1625,84.38927893491783,Ensemble (static)
2026-02-14 00:00:00+00:00,11,95.16,88.38593982853322,Ensemble (static)
2026-02-14 00:00:00+00:00,12,93.9725,85.33256073029388,Ensemble (static)
2026-02-14 00:00:00+00:00,13,97.1125,88.27514802251866,Ensemble (static)
2026-02-14 00:00:00+00:00,14,104.9525,88.78624203345282,Ensemble (static)
2026-02-14 00:00:00+00:00,15,116.8875,99.11547954887345,Ensemble (static)
2026-02-14 00:00:00+00:00,16,126.1,94.18511475590567,Ensemble (static)
2026-02-14 00:00:00+00:00,17,131.9275,96.88410399205227,Ensemble (static)
2026-02-14 00:00:00+00:00,18,128.72,104.60575925332449,Ensemble (static)
2026-02-14 00:00:00+00:00,19,123.1925,94.62441372600678,Ensemble (static)
2026-02-14 00:00:00+00:00,20,116.98,89.91221905174453,Ensemble (static)
2026-02-14 00:00:00+00:00,21,111.2025,71.69113620099742,Ensemble (static)
2026-02-14 00:00:00+00:00,22,101.1,71.59897678777656,Ensemble (static)
2026-02-14 00:00:00+00:00,23,101.7775,68.78797917759054,Ensemble (static)
2026-02-15 00:00:00+00:00,0,99.9475,59.71468302048377,Ensemble (static)
2026-02-15 00:00:00+00:00,1,100.755,55.02015645416379,Ensemble (static)
2026-02-15 00:00:00+00:00,2,98.025,54.035310574310245,Ensemble (static)
2026-02-15 00:00:00+00:00,3,96.52,53.65677882414766,Ensemble (static)
2026-02-15 00:00:00+00:00,4,94.355,53.286809880977174,Ensemble (static)
2026-02-15 00:00:00+00:00,5,94.1675,49.63611427567886,Ensemble (static)
2026-02-15 00:00:00+00:00,6,96.115,71.59227878095315,Ensemble (static)
2026-02-15 00:00:00+00:00,7,96.8,82.93518458081215,Ensemble (static)
2026-02-15 00:00:00+00:00,8,93.065,76.15862904019488,Ensemble (static)
2026-02-15 00:00:00+00:00,9,83.0175,67.1917815934396,Ensemble (static)
2026-02-15 00:00:00+00:00,10,74.7225,63.21999860744628,Ensemble (static)
2026-02-15 00:00:00+00:00,11,67.37,57.99691903881488,Ensemble (static)
2026-02-15 00:00:00+00:00,12,64.4075,57.04023397806182,Ensemble (static)
2026-02-15 00:00:00+00:00,13,64.4225,52.50566974232312,Ensemble (static)
2026-02-15 00:00:00+00:00,14,71.9525,52.53114902256699,Ensemble (static)
2026-02-15 00:00:00+00:00,15,84.205,60.09013735068973,Ensemble (static)
2026-02-15 00:00:00+00:00,16,96.385,58.64685499510377,Ensemble (static)
2026-02-15 00:00:00+00:00,17,98.2025,62.28819879443297,Ensemble (static)
2026-02-15 00:00:00+00:00,18,83.6125,61.86169647821658,Ensemble (static)
2026-02-15 00:00:00+00:00,19,71.0025,54.7172102390412,Ensemble (static)
2026-02-15 00:00:00+00:00,20,67.2625,47.86738793945808,Ensemble (static)
2026-02-15 00:00:00+00:00,21,65.61500000000001,38.542306402777264,Ensemble (static)
2026-02-15 00:00:00+00:00,22,58.04,36.423819926200636,Ensemble (static)
2026-02-15 00:00:00+00:00,23,68.93,28.911431677137415,Ensemble (static)
2026-02-16 00:00:00+00:00,0,65.375,36.94819007706681,Ensemble (static)
2026-02-16 00:00:00+00:00,1,64.41,39.88681659886641,Ensemble (static)
2026-02-16 00:00:00+00:00,2,64.4125,37.35701373540885,Ensemble (static)
2026-02-16 00:00:00+00:00,3,66.0525,41.1004774078527,Ensemble (static)
2026-02-16 00:00:00+00:00,4,69.985,46.34950657803287,Ensemble (static)
2026-02-16 00:00:00+00:00,5,79.3275,46.29802731779672,Ensemble (static)
2026-02-16 00:00:00+00:00,6,94.0725,76.53034201067027,Ensemble (static)
2026-02-16 00:00:00+00:00,7,101.0325,88.72993461422647,Ensemble (static)
2026-02-16 00:00:00+00:00,8,104.425,80.95199307058154,Ensemble (static)
2026-02-16 00:00:00+00:00,9,101.54,75.19753746340298,Ensemble (static)
2026-02-16 00:00:00+00:00,10,94.86,78.06456092536328,Ensemble (static)
2026-02-16 00:00:00+00:00,11,92.0025,78.89735929556704,Ensemble (static)
2026-02-16 00:00:00+00:00,12,94.4025,75.60126912978535,Ensemble (static)
2026-02-16 00:00:00+00:00,13,96.0125,75.83308852617475,Ensemble (static)
2026-02-16 00:00:00+00:00,14,104.075,84.73991949492392,Ensemble (static)
2026-02-16 00:00:00+00:00,15,115.3025,98.28319408478035,Ensemble (static)
2026-02-16 00:00:00+00:00,16,130.355,96.67545888470981,Ensemble (static)
2026-02-16 00:00:00+00:00,17,129.1175,100.45273232494887,Ensemble (static)
2026-02-16 00:00:00+00:00,18,126.355,95.21539559490498,Ensemble (static)
2026-02-16 00:00:00+00:00,19,115.6325,85.49620389148815,Ensemble (static)
2026-02-16 00:00:00+00:00,20,103.8975,74.92219993824048,Ensemble (static)
2026-02-16 00:00:00+00:00,21,101.92,59.63838540516139,Ensemble (static)
2026-02-16 00:00:00+00:00,22,92.755,56.26485509057805,Ensemble (static)
2026-02-16 00:00:00+00:00,23,87.02000000000001,50.41334806010884,Ensemble (static)
2026-02-17 00:00:00+00:00,0,85.105,56.113540750499304,Ensemble (static)
2026-02-17 00:00:00+00:00,1,84.78,56.21206568647722,Ensemble (static)
2026-02-17 00:00:00+00:00,2,85.65,54.324380521003384,Ensemble (static)
2026-02-17 00:00:00+00:00,3,84.8175,56.41576744044522,Ensemble (static)
2026-02-17 00:00:00+00:00,4,88.8425,60.26879403480103,Ensemble (static)
2026-02-17 00:00:00+00:00,5,102.7225,59.105624900269355,Ensemble (static)
2026-02-17 00:00:00+00:00,6,114.3275,91.67438932866631,Ensemble (static)
2026-02-17 00:00:00+00:00,7,114.855,110.46218009796526,Ensemble (static)
2026-02-17 00:00:00+00:00,8,110.8375,102.22565075269907,Ensemble (static)
2026-02-17 00:00:00+00:00,9,102.4,96.23330274982935,Ensemble (static)
2026-02-17 00:00:00+00:00,10,93.055,92.05066043251419,Ensemble (static)
2026-02-17 00:00:00+00:00,11,83.94,88.4496771208626,Ensemble (static)
2026-02-17 00:00:00+00:00,12,82.2925,80.94211284133031,Ensemble (static)
2026-02-17 00:00:00+00:00,13,82.4175,82.46440231704405,Ensemble (static)
2026-02-17 00:00:00+00:00,14,86.3775,82.26602218507975,Ensemble (static)
2026-02-17 00:00:00+00:00,15,94.0825,96.97416367662824,Ensemble (static)
2026-02-17 00:00:00+00:00,16,110.805,95.66882722321446,Ensemble (static)
2026-02-17 00:00:00+00:00,17,126.975,95.32810604479565,Ensemble (static)
2026-02-17 00:00:00+00:00,18,126.6,93.58318972234403,Ensemble (static)
2026-02-17 00:00:00+00:00,19,111.2275,82.5085171559216,Ensemble (static)
2026-02-17 00:00:00+00:00,20,99.9525,71.2919137224859,Ensemble (static)
2026-02-17 00:00:00+00:00,21,93.225,56.208344066559235,Ensemble (static)
2026-02-17 00:00:00+00:00,22,89.61,52.71178974812658,Ensemble (static)
2026-02-17 00:00:00+00:00,23,95.63,47.80963273513615,Ensemble (static)
2026-02-18 00:00:00+00:00,0,93.5625,56.08919187264381,Ensemble (static)
2026-02-18 00:00:00+00:00,1,93.2925,60.41682046869887,Ensemble (static)
2026-02-18 00:00:00+00:00,2,92.675,62.29432063697871,Ensemble (static)
2026-02-18 00:00:00+00:00,3,93.4175,68.8560240478545,Ensemble (static)
2026-02-18 00:00:00+00:00,4,101.1975,82.06999818388235,Ensemble (static)
2026-02-18 00:00:00+00:00,5,122.5125,81.32270372431198,Ensemble (static)
2026-02-18 00:00:00+00:00,6,175.6875,143.26726984788166,Ensemble (static)
2026-02-18 00:00:00+00:00,7,186.0925,144.98523597481545,Ensemble (static)
2026-02-18 00:00:00+00:00,8,135.64249999999998,141.62643087811307,Ensemble (static)
2026-02-18 00:00:00+00:00,9,115.88,141.07200476396594,Ensemble (static)
2026-02-18 00:00:00+00:00,10,106.2225,134.2351795541848,Ensemble (static)
2026-02-18 00:00:00+00:00,11,101.3325,119.19036240907786,Ensemble (static)
2026-02-18 00:00:00+00:00,12,100.5025,106.48195026478804,Ensemble (static)
2026-02-18 00:00:00+00:00,13,103.6425,116.70648070255038,Ensemble (static)
2026-02-18 00:00:00+00:00,14,114.09,120.47402721444571,Ensemble (static)
2026-02-18 00:00:00+00:00,15,122.0825,140.1962256948598,Ensemble (static)
2026-02-18 00:00:00+00:00,16,140.405,132.48189778444416,Ensemble (static)
2026-02-18 00:00:00+00:00,17,142.5975,115.73674792283146,Ensemble (static)
2026-02-18 00:00:00+00:00,18,119.8425,102.7896761264293,Ensemble (static)
2026-02-18 00:00:00+00:00,19,102.67,86.05180492939067,Ensemble (static)
2026-02-18 00:00:00+00:00,20,96.14,72.62168664153612,Ensemble (static)
2026-02-18 00:00:00+00:00,21,95.0975,56.48967081693534,Ensemble (static)
2026-02-18 00:00:00+00:00,22,89.465,52.595482413545646,Ensemble (static)
2026-02-18 00:00:00+00:00,23,83.775,43.964321289370254,Ensemble (static)
2026-02-19 00:00:00+00:00,0,81.85,44.670107364444206,Ensemble (static)
2026-02-19 00:00:00+00:00,1,81.93,45.716710761537875,Ensemble (static)
2026-02-19 00:00:00+00:00,2,81.45,41.03936247927634,Ensemble (static)
2026-02-19 00:00:00+00:00,3,77.655,44.502090996009926,Ensemble (static)
2026-02-19 00:00:00+00:00,4,84.15,47.67605409081965,Ensemble (static)
2026-02-19 00:00:00+00:00,5,87.11250000000001,46.83243159949957,Ensemble (static)
2026-02-19 00:00:00+00:00,6,89.2375,75.94697746776279,Ensemble (static)
2026-02-19 00:00:00+00:00,7,96.945,95.04169541087388,Ensemble (static)
2026-02-19 00:00:00+00:00,8,103.61,86.67678733935907,Ensemble (static)
2026-02-19 00:00:00+00:00,9,100.995,81.31865745743349,Ensemble (static)
2026-02-19 00:00:00+00:00,10,95.1075,76.63550289001822,Ensemble (static)
2026-02-19 00:00:00+00:00,11,91.0,73.83530961527973,Ensemble (static)
2026-02-19 00:00:00+00:00,12,90.1,70.41226354355891,Ensemble (static)
2026-02-19 00:00:00+00:00,13,90.16,69.18674077424475,Ensemble (static)
2026-02-19 00:00:00+00:00,14,92.5875,69.57378548196023,Ensemble (static)
2026-02-19 00:00:00+00:00,15,96.3925,79.22495517857364,Ensemble (static)
2026-02-19 00:00:00+00:00,16,105.6925,76.17057767225783,Ensemble (static)
2026-02-19 00:00:00+00:00,17,113.5175,80.21688883522651,Ensemble (static)
2026-02-19 00:00:00+00:00,18,111.385,80.08812400412154,Ensemble (static)
2026-02-19 00:00:00+00:00,19,100.485,72.40491715782514,Ensemble (static)
2026-02-19 00:00:00+00:00,20,98.115,64.94648436703683,Ensemble (static)
2026-02-19 00:00:00+00:00,21,92.1,51.18439687424622,Ensemble (static)
2026-02-19 00:00:00+00:00,22,85.185,47.19647630299488,Ensemble (static)
2026-02-19 00:00:00+00:00,23,86.06,40.99804285510591,Ensemble (static)
2026-02-20 00:00:00+00:00,0,85.9275,48.99608140838387,Ensemble (static)
2026-02-20 00:00:00+00:00,1,85.4375,51.387659125977834,Ensemble (static)
2026-02-20 00:00:00+00:00,2,84.88,49.32798788976207,Ensemble (static)
2026-02-20 00:00:00+00:00,3,84.4175,52.9247214261515,Ensemble (static)
2026-02-20 00:00:00+00:00,4,90.27,57.32993547602953,Ensemble (static)
2026-02-20 00:00:00+00:00,5,104.8325,54.44089435021097,Ensemble (static)
2026-02-20 00:00:00+00:00,6,113.7825,89.3334044673968,Ensemble (static)
2026-02-20 00:00:00+00:00,7,116.1425,99.54425342174719,Ensemble (static)
2026-02-20 00:00:00+00:00,8,109.1825,88.45235197034675,Ensemble (static)
2026-02-20 00:00:00+00:00,9,91.1,81.96775083493196,Ensemble (static)
2026-02-20 00:00:00+00:00,10,83.6825,77.8564527570922,Ensemble (static)
2026-02-20 00:00:00+00:00,11,81.0125,71.53418835812528,Ensemble (static)
2026-02-20 00:00:00+00:00,12,79.6,68.32113330144053,Ensemble (static)
2026-02-20 00:00:00+00:00,13,79.95750000000001,67.22272108905305,Ensemble (static)
2026-02-20 00:00:00+00:00,14,83.465,68.64328538247487,Ensemble (static)
2026-02-20 00:00:00+00:00,15,91.8575,78.96222606894118,Ensemble (static)
2026-02-20 00:00:00+00:00,16,101.4375,73.43080090056029,Ensemble (static)
2026-02-20 00:00:00+00:00,17,93.7825,75.46116227861202,Ensemble (static)
2026-02-20 00:00:00+00:00,18,82.9875,72.96265838511457,Ensemble (static)
2026-02-20 00:00:00+00:00,19,78.715,62.844232177048504,Ensemble (static)
2026-02-20 00:00:00+00:00,20,67.9975,55.47613322697896,Ensemble (static)
2026-02-20 00:00:00+00:00,21,64.64,42.447496013497414,Ensemble (static)
2026-02-20 00:00:00+00:00,22,46.805,39.94795528407809,Ensemble (static)
2026-02-20 00:00:00+00:00,23,52.44,33.26768545192175,Ensemble (static)
2026-02-21 00:00:00+00:00,0,46.645,37.30534038552887,Ensemble (static)
2026-02-21 00:00:00+00:00,1,43.4575,37.24819249692959,Ensemble (static)
2026-02-21 00:00:00+00:00,2,41.6575,36.0011540647712,Ensemble (static)
2026-02-21 00:00:00+00:00,3,38.975,37.806314484266125,Ensemble (static)
2026-02-21 00:00:00+00:00,4,39.4775,38.895022350231784,Ensemble (static)
2026-02-21 00:00:00+00:00,5,35.86,38.71994234060776,Ensemble (static)
2026-02-21 00:00:00+00:00,6,46.99,58.52318450568207,Ensemble (static)
2026-02-21 00:00:00+00:00,7,56.05,68.11068012548672,Ensemble (static)
2026-02-21 00:00:00+00:00,8,58.035,62.509583662800566,Ensemble (static)
2026-02-21 00:00:00+00:00,9,59.525,61.48553163598442,Ensemble (static)
2026-02-21 00:00:00+00:00,10,55.385000000000005,56.22228394665853,Ensemble (static)
2026-02-21 00:00:00+00:00,11,50.5275,53.82682247956893,Ensemble (static)
2026-02-21 00:00:00+00:00,12,45.1625,51.72400729116954,Ensemble (static)
2026-02-21 00:00:00+00:00,13,56.005,49.41467037595585,Ensemble (static)
2026-02-21 00:00:00+00:00,14,68.88499999999999,50.51468603950096,Ensemble (static)
2026-02-21 00:00:00+00:00,15,81.94,60.81929820456111,Ensemble (static)
2026-02-21 00:00:00+00:00,16,98.635,62.60260350325838,Ensemble (static)
2026-02-21 00:00:00+00:00,17,108.3125,68.93705994134253,Ensemble (static)
2026-02-21 00:00:00+00:00,18,101.1725,73.27334902727299,Ensemble (static)
2026-02-21 00:00:00+00:00,19,89.0975,66.11756396636552,Ensemble (static)
2026-02-21 00:00:00+00:00,20,82.8125,58.50040193123002,Ensemble (static)
2026-02-21 00:00:00+00:00,21,76.5925,44.674025350538756,Ensemble (static)
2026-02-21 00:00:00+00:00,22,66.71000000000001,42.60083923917101,Ensemble (static)
2026-02-21 00:00:00+00:00,23,56.675,35.420371414860185,Ensemble (static)
2026-02-22 00:00:00+00:00,0,52.51,41.19557418317861,Ensemble (static)
2026-02-22 00:00:00+00:00,1,44.0575,39.64993419282466,Ensemble (static)
2026-02-22 00:00:00+00:00,2,40.9575,38.959479263053744,Ensemble (static)
2026-02-22 00:00:00+00:00,3,39.0175,39.243056042274695,Ensemble (static)
2026-02-22 00:00:00+00:00,4,38.2875,38.92714652718914,Ensemble (static)
2026-02-22 00:00:00+00:00,5,34.875,37.749663196102546,Ensemble (static)
2026-02-22 00:00:00+00:00,6,41.5025,56.64252841026139,Ensemble (static)
2026-02-22 00:00:00+00:00,7,47.355,66.97279250126154,Ensemble (static)
2026-02-22 00:00:00+00:00,8,55.462500000000006,63.00877459872696,Ensemble (static)
2026-02-22 00:00:00+00:00,9,55.1025,59.75908719895302,Ensemble (static)
2026-02-22 00:00:00+00:00,10,53.962500000000006,58.17709100844752,Ensemble (static)
2026-02-22 00:00:00+00:00,11,50.585,55.85419843887914,Ensemble (static)
2026-02-22 00:00:00+00:00,12,45.08,49.068853306467545,Ensemble (static)
2026-02-22 00:00:00+00:00,13,43.307500000000005,46.18165865015428,Ensemble (static)
2026-02-22 00:00:00+00:00,14,47.9425,47.1559206232572,Ensemble (static)
2026-02-22 00:00:00+00:00,15,56.9275,54.577327101058884,Ensemble (static)
2026-02-22 00:00:00+00:00,16,75.95,54.32559425092924,Ensemble (static)
2026-02-22 00:00:00+00:00,17,79.4425,59.85375701444238,Ensemble (static)
2026-02-22 00:00:00+00:00,18,75.12,62.80468610087661,Ensemble (static)
2026-02-22 00:00:00+00:00,19,68.5175,55.98734671233313,Ensemble (static)
2026-02-22 00:00:00+00:00,20,67.69,50.99107514498575,Ensemble (static)
2026-02-22 00:00:00+00:00,21,70.41,43.430873447681776,Ensemble (static)
2026-02-22 00:00:00+00:00,22,51.9475,40.28908370367598,Ensemble (static)
2026-02-22 00:00:00+00:00,23,45.35,34.712247457704855,Ensemble (static)
2026-02-23 00:00:00+00:00,0,45.5125,38.738947378259596,Ensemble (static)
2026-02-23 00:00:00+00:00,1,43.975,40.194284798694085,Ensemble (static)
2026-02-23 00:00:00+00:00,2,44.915,37.80882484580474,Ensemble (static)
2026-02-23 00:00:00+00:00,3,45.145,41.90429408155753,Ensemble (static)
2026-02-23 00:00:00+00:00,4,56.07,44.47826382519761,Ensemble (static)
2026-02-23 00:00:00+00:00,5,77.7625,48.13817994268044,Ensemble (static)
2026-02-23 00:00:00+00:00,6,95.9575,77.58578495181393,Ensemble (static)
2026-02-23 00:00:00+00:00,7,99.0425,89.73402842615387,Ensemble (static)
2026-02-23 00:00:00+00:00,8,87.4675,78.39774604162527,Ensemble (static)
2026-02-23 00:00:00+00:00,9,67.015,68.77851326215549,Ensemble (static)
2026-02-23 00:00:00+00:00,10,48.85,67.13410805092242,Ensemble (static)
2026-02-23 00:00:00+00:00,11,7.88,62.32441719451434,Ensemble (static)
2026-02-23 00:00:00+00:00,12,2.9025,56.088303633765534,Ensemble (static)
2026-02-23 00:00:00+00:00,13,34.8925,56.022091891028055,Ensemble (static)
2026-02-23 00:00:00+00:00,14,58.5075,59.92435414762264,Ensemble (static)
2026-02-23 00:00:00+00:00,15,79.5075,72.35577708619365,Ensemble (static)
2026-02-23 00:00:00+00:00,16,96.09,72.5250481621062,Ensemble (static)
2026-02-23 00:00:00+00:00,17,107.27,79.76207169615051,Ensemble (static)
2026-02-23 00:00:00+00:00,18,110.8975,77.69363536320556,Ensemble (static)
2026-02-23 00:00:00+00:00,19,98.025,71.65864465818743,Ensemble (static)
2026-02-23 00:00:00+00:00,20,97.235,62.86866545547713,Ensemble (static)
2026-02-23 00:00:00+00:00,21,95.855,50.85531149556296,Ensemble (static)
2026-02-23 00:00:00+00:00,22,87.2875,46.299121710861776,Ensemble (static)
2026-02-23 00:00:00+00:00,23,82.3575,39.307353953110976,Ensemble (static)
2026-02-24 00:00:00+00:00,0,83.9625,53.77361982743537,Ensemble (static)
2026-02-24 00:00:00+00:00,1,85.975,59.74976286014362,Ensemble (static)
2026-02-24 00:00:00+00:00,2,86.45,64.9086215234872,Ensemble (static)
2026-02-24 00:00:00+00:00,3,88.205,74.19038483558363,Ensemble (static)
2026-02-24 00:00:00+00:00,4,94.17,89.59138656826435,Ensemble (static)
2026-02-24 00:00:00+00:00,5,111.1225,91.67586255185785,Ensemble (static)
2026-02-24 00:00:00+00:00,6,133.0975,147.70014144072584,Ensemble (static)
2026-02-24 00:00:00+00:00,7,147.475,141.51449580851457,Ensemble (static)
2026-02-24 00:00:00+00:00,8,140.72,133.24975292801184,Ensemble (static)
2026-02-24 00:00:00+00:00,9,128.7675,132.4381968543083,Ensemble (static)
2026-02-24 00:00:00+00:00,10,111.395,126.46533305062823,Ensemble (static)
2026-02-24 00:00:00+00:00,11,100.19,122.29173837697748,Ensemble (static)
2026-02-24 00:00:00+00:00,12,99.3,114.0539584077082,Ensemble (static)
2026-02-24 00:00:00+00:00,13,95.005,137.2852093932663,Ensemble (static)
2026-02-24 00:00:00+00:00,14,107.0725,147.8185115693498,Ensemble (static)
2026-02-24 00:00:00+00:00,15,125.8075,180.21354760021973,Ensemble (static)
2026-02-24 00:00:00+00:00,16,182.22,184.70597452949102,Ensemble (static)
2026-02-24 00:00:00+00:00,17,184.0475,167.84645275793878,Ensemble (static)
2026-02-24 00:00:00+00:00,18,144.4175,170.96178246814182,Ensemble (static)
2026-02-24 00:00:00+00:00,19,118.9575,138.34722536316082,Ensemble (static)
2026-02-24 00:00:00+00:00,20,108.725,112.69898504062778,Ensemble (static)
2026-02-24 00:00:00+00:00,21,101.705,94.54048340212927,Ensemble (static)
2026-02-24 00:00:00+00:00,22,93.9025,85.53973752904136,Ensemble (static)
2026-02-24 00:00:00+00:00,23,92.1425,75.46474458549599,Ensemble (static)
2026-02-25 00:00:00+00:00,0,87.4025,61.51858415874179,Ensemble (static)
2026-02-25 00:00:00+00:00,1,84.83250000000001,61.43524838198337,Ensemble (static)
2026-02-25 00:00:00+00:00,2,88.095,57.8005773387959,Ensemble (static)
2026-02-25 00:00:00+00:00,3,88.61,59.333522852762954,Ensemble (static)
2026-02-25 00:00:00+00:00,4,93.1725,60.56341275883168,Ensemble (static)
2026-02-25 00:00:00+00:00,5,113.8175,69.38402564264362,Ensemble (static)
2026-02-25 00:00:00+00:00,6,130.7325,81.5309291268186,Ensemble (static)
2026-02-25 00:00:00+00:00,7,119.8525,99.90793051422703,Ensemble (static)
2026-02-25 00:00:00+00:00,8,107.175,88.15569472824993,Ensemble (static)
2026-02-25 00:00:00+00:00,9,90.83,76.47307861157874,Ensemble (static)
2026-02-25 00:00:00+00:00,10,79.8475,69.098613513177,Ensemble (static)
2026-02-25 00:00:00+00:00,11,65.80250000000001,62.0438850145805,Ensemble (static)
2026-02-25 00:00:00+00:00,12,60.1975,60.566685495320485,Ensemble (static)
2026-02-25 00:00:00+00:00,13,67.8475,60.141306902359204,Ensemble (static)
2026-02-25 00:00:00+00:00,14,80.9825,64.12047333914337,Ensemble (static)
2026-02-25 00:00:00+00:00,15,101.37,84.62917640548321,Ensemble (static)
2026-02-25 00:00:00+00:00,16,118.6425,94.86689431490667,Ensemble (static)
2026-02-25 00:00:00+00:00,17,121.77,100.68269205850032,Ensemble (static)
2026-02-25 00:00:00+00:00,18,107.1525,91.64218302010283,Ensemble (static)
2026-02-25 00:00:00+00:00,19,94.255,78.98877635897827,Ensemble (static)
2026-02-25 00:00:00+00:00,20,87.28,63.485741503445325,Ensemble (static)
2026-02-25 00:00:00+00:00,21,86.8275,48.70943583165612,Ensemble (static)
2026-02-25 00:00:00+00:00,22,79.12,46.98839680842085,Ensemble (static)
2026-02-25 00:00:00+00:00,23,76.4225,39.45151672788507,Ensemble (static)
2026-02-26 00:00:00+00:00,0,72.39,44.11227345024372,Ensemble (static)
2026-02-26 00:00:00+00:00,1,68.74249999999999,45.66532283366942,Ensemble (static)
2026-02-26 00:00:00+00:00,2,67.9325,43.09872844300027,Ensemble (static)
2026-02-26 00:00:00+00:00,3,67.3775,45.48213436828787,Ensemble (static)
2026-02-26 00:00:00+00:00,4,75.855,47.96446809602204,Ensemble (static)
2026-02-26 00:00:00+00:00,5,100.8175,45.70895179948622,Ensemble (static)
2026-02-26 00:00:00+00:00,6,110.1,69.03487134167062,Ensemble (static)
2026-02-26 00:00:00+00:00,7,97.4475,83.21487064829846,Ensemble (static)
2026-02-26 00:00:00+00:00,8,80.42500000000001,75.11074030451526,Ensemble (static)
2026-02-26 00:00:00+00:00,9,67.85,69.85747463288669,Ensemble (static)
2026-02-26 00:00:00+00:00,10,53.345,63.67016052412774,Ensemble (static)
2026-02-26 00:00:00+00:00,11,20.0375,59.427669665108134,Ensemble (static)
2026-02-26 00:00:00+00:00,12,14.0525,56.91410127212329,Ensemble (static)
2026-02-26 00:00:00+00:00,13,44.6375,56.73751125542259,Ensemble (static)
2026-02-26 00:00:00+00:00,14,71.3075,64.40176000407527,Ensemble (static)
2026-02-26 00:00:00+00:00,15,94.7325,83.75942863212855,Ensemble (static)
2026-02-26 00:00:00+00:00,16,111.1375,88.3719649523378,Ensemble (static)
2026-02-26 00:00:00+00:00,17,113.095,88.23520129945676,Ensemble (static)
2026-02-26 00:00:00+00:00,18,107.985,85.69411916603107,Ensemble (static)
2026-02-26 00:00:00+00:00,19,93.4475,77.82181082909092,Ensemble (static)
2026-02-26 00:00:00+00:00,20,84.0775,65.96495665990751,Ensemble (static)
2026-02-26 00:00:00+00:00,21,80.45750000000001,48.88789553094463,Ensemble (static)
2026-02-26 00:00:00+00:00,22,71.575,45.82277564238608,Ensemble (static)
2026-02-26 00:00:00+00:00,23,55.1475,38.69779368110267,Ensemble (static)
2026-02-27 00:00:00+00:00,0,56.0075,43.06818090679748,Ensemble (static)
2026-02-27 00:00:00+00:00,1,57.3025,44.35749862944946,Ensemble (static)
2026-02-27 00:00:00+00:00,2,60.0,42.328316275794165,Ensemble (static)
2026-02-27 00:00:00+00:00,3,61.795,46.47600416156522,Ensemble (static)
2026-02-27 00:00:00+00:00,4,65.9925,49.0741296110198,Ensemble (static)
2026-02-27 00:00:00+00:00,5,76.565,53.7144495394349,Ensemble (static)
2026-02-27 00:00:00+00:00,6,88.525,74.5405307112599,Ensemble (static)
2026-02-27 00:00:00+00:00,7,79.33,79.39511151203567,Ensemble (static)
2026-02-27 00:00:00+00:00,8,64.415,68.87812770586015,Ensemble (static)
2026-02-27 00:00:00+00:00,9,31.5475,62.05185110303701,Ensemble (static)
2026-02-27 00:00:00+00:00,10,0.97,57.20777708949216,Ensemble (static)
2026-02-27 00:00:00+00:00,11,-0.0125,51.671394846963395,Ensemble (static)
2026-02-27 00:00:00+00:00,12,-0.01,48.50858010579366,Ensemble (static)
2026-02-27 00:00:00+00:00,13,7.7375,49.704569394853664,Ensemble (static)
2026-02-27 00:00:00+00:00,14,59.755,56.42420911340082,Ensemble (static)
2026-02-27 00:00:00+00:00,15,92.0,74.31130428905809,Ensemble (static)
2026-02-27 00:00:00+00:00,16,115.195,80.73751147244842,Ensemble (static)
2026-02-27 00:00:00+00:00,17,118.1,85.83006780373424,Ensemble (static)
2026-02-27 00:00:00+00:00,18,109.2525,86.52877842375787,Ensemble (static)
2026-02-27 00:00:00+00:00,19,100.03,79.89478319745523,Ensemble (static)
2026-02-27 00:00:00+00:00,20,90.9625,66.48111556278299,Ensemble (static)
2026-02-27 00:00:00+00:00,21,87.51,55.556499661779256,Ensemble (static)
2026-02-27 00:00:00+00:00,22,80.0025,53.3729627739166,Ensemble (static)
2026-02-27 00:00:00+00:00,23,80.02,48.607182472058305,Ensemble (static)
2026-02-28 00:00:00+00:00,0,76.305,52.07186213384925,Ensemble (static)
2026-02-28 00:00:00+00:00,1,74.7275,50.87793839769112,Ensemble (static)
2026-02-28 00:00:00+00:00,2,71.775,49.11984908952283,Ensemble (static)
2026-02-28 00:00:00+00:00,3,71.8925,50.17689651928595,Ensemble (static)
2026-02-28 00:00:00+00:00,4,72.25,51.53361124561762,Ensemble (static)
2026-02-28 00:00:00+00:00,5,72.9225,47.25247731918347,Ensemble (static)
2026-02-28 00:00:00+00:00,6,76.29,70.35107410686803,Ensemble (static)
2026-02-28 00:00:00+00:00,7,57.115,69.47452758231528,Ensemble (static)
2026-02-28 00:00:00+00:00,8,17.7975,60.783279710813815,Ensemble (static)
2026-02-28 00:00:00+00:00,9,-0.01,56.00424627270548,Ensemble (static)
2026-02-28 00:00:00+00:00,10,-0.0275,49.51809420920278,Ensemble (static)
2026-02-28 00:00:00+00:00,11,-0.2525,43.05912641250644,Ensemble (static)
2026-02-28 00:00:00+00:00,12,-0.2225,41.66265855513191,Ensemble (static)
2026-02-28 00:00:00+00:00,13,-0.0075,39.89083234016129,Ensemble (static)
2026-02-28 00:00:00+00:00,14,14.8625,43.75099849180316,Ensemble (static)
2026-02-28 00:00:00+00:00,15,65.6475,54.09342856793445,Ensemble (static)
2026-02-28 00:00:00+00:00,16,89.935,56.558943732649254,Ensemble (static)
2026-02-28 00:00:00+00:00,17,95.1925,62.58861794706229,Ensemble (static)
2026-02-28 00:00:00+00:00,18,85.1675,66.0666040740793,Ensemble (static)
2026-02-28 00:00:00+00:00,19,69.1175,61.619586679459445,Ensemble (static)
2026-02-28 00:00:00+00:00,20,64.6675,52.87089765787711,Ensemble (static)
2026-02-28 00:00:00+00:00,21,64.6625,41.247089582389926,Ensemble (static)
2026-02-28 00:00:00+00:00,22,60.6725,39.1665805044044,Ensemble (static)
2026-02-28 00:00:00+00:00,23,47.6475,32.54183114765391,Ensemble (static)
2026-03-01 00:00:00+00:00,0,51.55,40.12385972399813,Ensemble (static)
2026-03-01 00:00:00+00:00,1,54.2475,41.17826986410635,Ensemble (static)
2026-03-01 00:00:00+00:00,2,57.072500000000005,43.358019980735264,Ensemble (static)
2026-03-01 00:00:00+00:00,3,61.085,43.991039993033375,Ensemble (static)
2026-03-01 00:00:00+00:00,4,65.18,47.08688280079243,Ensemble (static)
2026-03-01 00:00:00+00:00,5,66.00750000000001,50.11371596000859,Ensemble (static)
2026-03-01 00:00:00+00:00,6,64.9975,64.11159712277632,Ensemble (static)
2026-03-01 00:00:00+00:00,7,52.535,68.87517510907456,Ensemble (static)
2026-03-01 00:00:00+00:00,8,19.98,61.74749775769058,Ensemble (static)
2026-03-01 00:00:00+00:00,9,0.0,56.23625191544478,Ensemble (static)
2026-03-01 00:00:00+00:00,10,-0.025,53.735364316860746,Ensemble (static)
2026-03-01 00:00:00+00:00,11,-0.365,50.53562123791285,Ensemble (static)
2026-03-01 00:00:00+00:00,12,-0.7875,49.09602976512802,Ensemble (static)
2026-03-01 00:00:00+00:00,13,-0.005,49.73870439650567,Ensemble (static)
2026-03-01 00:00:00+00:00,14,25.9525,57.243943080535914,Ensemble (static)
2026-03-01 00:00:00+00:00,15,74.84,72.82822543999562,Ensemble (static)
2026-03-01 00:00:00+00:00,16,103.76,106.33753071475385,Ensemble (static)
2026-03-01 00:00:00+00:00,17,110.2025,120.47810251911147,Ensemble (static)
2026-03-01 00:00:00+00:00,18,101.685,95.15836423315557,Ensemble (static)
2026-03-01 00:00:00+00:00,19,90.735,89.5900505791839,Ensemble (static)
2026-03-01 00:00:00+00:00,20,81.315,64.96728939411226,Ensemble (static)
2026-03-01 00:00:00+00:00,21,74.66499999999999,54.156078437347595,Ensemble (static)
2026-03-01 00:00:00+00:00,22,68.1475,52.59421255065077,Ensemble (static)
2026-03-01 00:00:00+00:00,23,65.13,47.434779995159765,Ensemble (static)
2026-03-02 00:00:00+00:00,0,66.94500000000001,47.78330153630001,Ensemble (static)
2026-03-02 00:00:00+00:00,1,69.0075,51.03118415570532,Ensemble (static)
2026-03-02 00:00:00+00:00,2,69.5675,50.57045039266446,Ensemble (static)
2026-03-02 00:00:00+00:00,3,74.03,55.512090087372506,Ensemble (static)
2026-03-02 00:00:00+00:00,4,85.03,60.73759238157178,Ensemble (static)
2026-03-02 00:00:00+00:00,5,100.1675,79.04729395641856,Ensemble (static)
2026-03-02 00:00:00+00:00,6,138.6525,95.1872640944042,Ensemble (static)
2026-03-02 00:00:00+00:00,7,124.8625,87.90141995479947,Ensemble (static)
2026-03-02 00:00:00+00:00,8,89.4625,75.09041377097294,Ensemble (static)
2026-03-02 00:00:00+00:00,9,69.9,64.35940806416752,Ensemble (static)
2026-03-02 00:00:00+00:00,10,53.5625,63.2403907400013,Ensemble (static)
2026-03-02 00:00:00+00:00,11,29.067500000000003,57.785749024373885,Ensemble (static)
2026-03-02 00:00:00+00:00,12,40.2525,54.93856850970403,Ensemble (static)
2026-03-02 00:00:00+00:00,13,64.03,57.53404852990488,Ensemble (static)
2026-03-02 00:00:00+00:00,14,84.9875,70.61290053104821,Ensemble (static)
2026-03-02 00:00:00+00:00,15,109.1525,107.27509416393141,Ensemble (static)
2026-03-02 00:00:00+00:00,16,173.5,163.77016508829396,Ensemble (static)
2026-03-02 00:00:00+00:00,17,187.995,168.70910320146734,Ensemble (static)
2026-03-02 00:00:00+00:00,18,143.61,133.4798858346698,Ensemble (static)
2026-03-02 00:00:00+00:00,19,107.685,135.8956289492578,Ensemble (static)
2026-03-02 00:00:00+00:00,20,96.4675,89.15106539112077,Ensemble (static)
2026-03-02 00:00:00+00:00,21,96.8,64.52940799127741,Ensemble (static)
2026-03-02 00:00:00+00:00,22,88.89500000000001,64.42016527291739,Ensemble (static)
2026-03-02 00:00:00+00:00,23,89.0625,64.85412099793199,Ensemble (static)
2026-03-03 00:00:00+00:00,0,90.1225,56.43751769720403,Ensemble (static)
2026-03-03 00:00:00+00:00,1,89.425,60.5181391752664,Ensemble (static)
2026-03-03 00:00:00+00:00,2,92.815,60.616061944783425,Ensemble (static)
2026-03-03 00:00:00+00:00,3,95.7225,64.01287015801002,Ensemble (static)
2026-03-03 00:00:00+00:00,4,103.32,69.30276889737291,Ensemble (static)
2026-03-03 00:00:00+00:00,5,136.0475,62.557282891329905,Ensemble (static)
2026-03-03 00:00:00+00:00,6,156.3975,87.44230830227684,Ensemble (static)
2026-03-03 00:00:00+00:00,7,136.78,99.42017049985094,Ensemble (static)
2026-03-03 00:00:00+00:00,8,99.52,83.7086508812253,Ensemble (static)
2026-03-03 00:00:00+00:00,9,78.17,72.55854657562469,Ensemble (static)
2026-03-03 00:00:00+00:00,10,55.9225,67.10897316802932,Ensemble (static)
2026-03-03 00:00:00+00:00,11,32.365,61.39683159904874,Ensemble (static)
2026-03-03 00:00:00+00:00,12,35.6625,60.23220034725768,Ensemble (static)
2026-03-03 00:00:00+00:00,13,64.14500000000001,63.399330175138516,Ensemble (static)
2026-03-03 00:00:00+00:00,14,86.7675,73.40189290766962,Ensemble (static)
2026-03-03 00:00:00+00:00,15,114.18,108.28701884051213,Ensemble (static)
2026-03-03 00:00:00+00:00,16,158.615,128.18762318861567,Ensemble (static)
2026-03-03 00:00:00+00:00,17,204.2575,155.52705339936676,Ensemble (static)
2026-03-03 00:00:00+00:00,18,173.37,154.9193324915899,Ensemble (static)
2026-03-03 00:00:00+00:00,19,131.725,162.0856624827489,Ensemble (static)
2026-03-03 00:00:00+00:00,20,116.18,129.54028930602888,Ensemble (static)
2026-03-03 00:00:00+00:00,21,111.32,95.7096014957166,Ensemble (static)
2026-03-03 00:00:00+00:00,22,104.695,85.36962460684562,Ensemble (static)
2026-03-03 00:00:00+00:00,23,129.01,76.29409703163779,Ensemble (static)
2026-03-04 00:00:00+00:00,0,127.8225,68.0929144487236,Ensemble (static)
2026-03-04 00:00:00+00:00,1,125.3225,68.33622177245579,Ensemble (static)
2026-03-04 00:00:00+00:00,2,124.735,64.91237522364831,Ensemble (static)
2026-03-04 00:00:00+00:00,3,128.2025,66.17865477551257,Ensemble (static)
2026-03-04 00:00:00+00:00,4,141.16,69.81732536498819,Ensemble (static)
2026-03-04 00:00:00+00:00,5,200.2975,59.1012742324812,Ensemble (static)
2026-03-04 00:00:00+00:00,6,267.485,86.01286203425754,Ensemble (static)
2026-03-04 00:00:00+00:00,7,193.3475,94.5296901511747,Ensemble (static)
2026-03-04 00:00:00+00:00,8,150.76,83.10917512391411,Ensemble (static)
2026-03-04 00:00:00+00:00,9,110.4175,71.45136835449108,Ensemble (static)
2026-03-04 00:00:00+00:00,10,78.2975,64.56912131670244,Ensemble (static)
2026-03-04 00:00:00+00:00,11,42.495,58.43824089062557,Ensemble (static)
2026-03-04 00:00:00+00:00,12,32.975,57.74553856809517,Ensemble (static)
2026-03-04 00:00:00+00:00,13,65.405,59.669520862826616,Ensemble (static)
2026-03-04 00:00:00+00:00,14,99.1125,67.96327810592732,Ensemble (static)
2026-03-04 00:00:00+00:00,15,137.21,96.24857977289925,Ensemble (static)
2026-03-04 00:00:00+00:00,16,244.265,111.07525650823712,Ensemble (static)
2026-03-04 00:00:00+00:00,17,310.86,125.87230643801475,Ensemble (static)
2026-03-04 00:00:00+00:00,18,239.6275,136.21651366172705,Ensemble (static)
2026-03-04 00:00:00+00:00,19,169.86,119.96668240344394,Ensemble (static)
2026-03-04 00:00:00+00:00,20,151.8775,95.39311646235959,Ensemble (static)
2026-03-04 00:00:00+00:00,21,142.24,73.82864538681854,Ensemble (static)
2026-03-04 00:00:00+00:00,22,124.8075,66.91590922415975,Ensemble (static)
2026-03-04 00:00:00+00:00,23,116.485,57.69320274583664,Ensemble (static)
2026-03-05 00:00:00+00:00,0,109.9325,60.22993496727135,Ensemble (static)
2026-03-05 00:00:00+00:00,1,109.2625,61.130188374376374,Ensemble (static)
2026-03-05 00:00:00+00:00,2,108.785,58.47590328117687,Ensemble (static)
2026-03-05 00:00:00+00:00,3,111.0625,58.739168064726435,Ensemble (static)
2026-03-05 00:00:00+00:00,4,126.9325,60.87283373878891,Ensemble (static)
2026-03-05 00:00:00+00:00,5,154.3875,55.12547033074785,Ensemble (static)
2026-03-05 00:00:00+00:00,6,175.54500000000002,73.4823025558819,Ensemble (static)
2026-03-05 00:00:00+00:00,7,139.32999999999998,83.87782891851806,Ensemble (static)
2026-03-05 00:00:00+00:00,8,97.0925,72.48768131322544,Ensemble (static)
2026-03-05 00:00:00+00:00,9,64.145,62.95768254340955,Ensemble (static)
2026-03-05 00:00:00+00:00,10,22.955,53.67740872232126,Ensemble (static)
2026-03-05 00:00:00+00:00,11,2.1225,49.010688972243315,Ensemble (static)
2026-03-05 00:00:00+00:00,12,2.825,49.33914831098595,Ensemble (static)
2026-03-05 00:00:00+00:00,13,38.835,50.73539721488902,Ensemble (static)
2026-03-05 00:00:00+00:00,14,90.0025,59.00467322660931,Ensemble (static)
2026-03-05 00:00:00+00:00,15,137.75,82.37530038218368,Ensemble (static)
2026-03-05 00:00:00+00:00,16,180.375,92.30655676140164,Ensemble (static)
2026-03-05 00:00:00+00:00,17,192.02,102.33096043624664,Ensemble (static)
2026-03-05 00:00:00+00:00,18,165.0,100.43110340211209,Ensemble (static)
2026-03-05 00:00:00+00:00,19,135.245,88.89385495453156,Ensemble (static)
2026-03-05 00:00:00+00:00,20,130.59,71.97652506265106,Ensemble (static)
2026-03-05 00:00:00+00:00,21,130.1425,54.44261974029325,Ensemble (static)
2026-03-05 00:00:00+00:00,22,119.7,53.75136213192715,Ensemble (static)
2026-03-05 00:00:00+00:00,23,104.125,55.16864909633358,Ensemble (static)
2026-03-06 00:00:00+00:00,0,106.0,57.41562349955729,Ensemble (static)
2026-03-06 00:00:00+00:00,1,108.5225,64.63829376392313,Ensemble (static)
2026-03-06 00:00:00+00:00,2,109.525,66.57213252071665,Ensemble (static)
2026-03-06 00:00:00+00:00,3,115.5,69.08446873602765,Ensemble (static)
2026-03-06 00:00:00+00:00,4,129.6575,72.03394350945992,Ensemble (static)
2026-03-06 00:00:00+00:00,5,157.285,54.29470484613448,Ensemble (static)
2026-03-06 00:00:00+00:00,6,177.025,85.6790604714818,Ensemble (static)
2026-03-06 00:00:00+00:00,7,138.2875,89.2671302835396,Ensemble (static)
2026-03-06 00:00:00+00:00,8,111.9625,77.2787807024096,Ensemble (static)
2026-03-06 00:00:00+00:00,9,96.5,65.57500593504957,Ensemble (static)
2026-03-06 00:00:00+00:00,10,66.7125,59.05192277673702,Ensemble (static)
2026-03-06 00:00:00+00:00,11,52.64,55.2862097823589,Ensemble (static)
2026-03-06 00:00:00+00:00,12,48.6525,53.93584219192596,Ensemble (static)
2026-03-06 00:00:00+00:00,13,73.9375,57.198259748819595,Ensemble (static)
2026-03-06 00:00:00+00:00,14,107.0675,65.08448623292792,Ensemble (static)
2026-03-06 00:00:00+00:00,15,130.39749999999998,93.44450610077195,Ensemble (static)
2026-03-06 00:00:00+00:00,16,177.4375,114.28430518754881,Ensemble (static)
2026-03-06 00:00:00+00:00,17,229.5525,130.70734684231533,Ensemble (static)
2026-03-06 00:00:00+00:00,18,189.765,163.172148308798,Ensemble (static)
2026-03-06 00:00:00+00:00,19,153.11,188.73247879035156,Ensemble (static)
2026-03-06 00:00:00+00:00,20,134.1925,125.37786458961,Ensemble (static)
2026-03-06 00:00:00+00:00,21,127.245,86.81421580179756,Ensemble (static)
2026-03-06 00:00:00+00:00,22,126.075,87.49023625608872,Ensemble (static)
2026-03-06 00:00:00+00:00,23,135.1625,85.83403702599931,Ensemble (static)
2026-03-07 00:00:00+00:00,0,130.6775,72.09004806289549,Ensemble (static)
2026-03-07 00:00:00+00:00,1,125.6725,68.86415651783123,Ensemble (static)
2026-03-07 00:00:00+00:00,2,124.39,64.4431801776996,Ensemble (static)
2026-03-07 00:00:00+00:00,3,124.7475,59.91102750195763,Ensemble (static)
2026-03-07 00:00:00+00:00,4,129.575,58.625260545585945,Ensemble (static)
2026-03-07 00:00:00+00:00,5,135.62,48.64569951605668,Ensemble (static)
2026-03-07 00:00:00+00:00,6,129.5575,64.46281716375043,Ensemble (static)
2026-03-07 00:00:00+00:00,7,112.9025,72.61143008426549,Ensemble (static)
2026-03-07 00:00:00+00:00,8,102.7875,65.82966373265587,Ensemble (static)
2026-03-07 00:00:00+00:00,9,74.445,57.5969673589354,Ensemble (static)
2026-03-07 00:00:00+00:00,10,30.5425,50.90763842164735,Ensemble (static)
2026-03-07 00:00:00+00:00,11,13.03,46.861702375424386,Ensemble (static)
2026-03-07 00:00:00+00:00,12,1.4175,48.20793698080237,Ensemble (static)
2026-03-07 00:00:00+00:00,13,18.1775,49.90141220397257,Ensemble (static)
2026-03-07 00:00:00+00:00,14,83.285,56.14369760027269,Ensemble (static)
2026-03-07 00:00:00+00:00,15,126.315,79.76818277649852,Ensemble (static)
2026-03-07 00:00:00+00:00,16,147.37,98.16211234635975,Ensemble (static)
2026-03-07 00:00:00+00:00,17,180.8725,131.672170823861,Ensemble (static)
2026-03-07 00:00:00+00:00,18,166.725,147.23663091900866,Ensemble (static)
2026-03-07 00:00:00+00:00,19,148.1975,153.1899119726977,Ensemble (static)
2026-03-07 00:00:00+00:00,20,137.61,106.49670342250803,Ensemble (static)
2026-03-07 00:00:00+00:00,21,134.1975,75.47032513726936,Ensemble (static)
2026-03-07 00:00:00+00:00,22,130.645,84.68976233913388,Ensemble (static)
2026-03-07 00:00:00+00:00,23,135.9925,99.48287656901417,Ensemble (static)
2026-03-08 00:00:00+00:00,0,132.7325,63.44317647865809,Ensemble (static)
2026-03-08 00:00:00+00:00,1,131.1925,62.29461937294796,Ensemble (static)
2026-03-08 00:00:00+00:00,2,130.0925,62.13711989774035,Ensemble (static)
2026-03-08 00:00:00+00:00,3,129.335,59.39288018281927,Ensemble (static)
2026-03-08 00:00:00+00:00,4,129.635,56.501015078065834,Ensemble (static)
2026-03-08 00:00:00+00:00,5,131.0975,43.816381243453066,Ensemble (static)
2026-03-08 00:00:00+00:00,6,116.985,60.19874185259158,Ensemble (static)
2026-03-08 00:00:00+00:00,7,108.5625,65.53544367393022,Ensemble (static)
2026-03-08 00:00:00+00:00,8,90.7175,59.74807319960587,Ensemble (static)
2026-03-08 00:00:00+00:00,9,62.94,50.04846462107946,Ensemble (static)
2026-03-08 00:00:00+00:00,10,18.0275,45.95048503361393,Ensemble (static)
2026-03-08 00:00:00+00:00,11,8.3325,40.792110683961006,Ensemble (static)
2026-03-08 00:00:00+00:00,12,-0.005,39.671907668235804,Ensemble (static)
2026-03-08 00:00:00+00:00,13,6.48,41.61924581842461,Ensemble (static)
2026-03-08 00:00:00+00:00,14,64.25999999999999,48.83938623708585,Ensemble (static)
2026-03-08 00:00:00+00:00,15,117.2025,64.80361998159356,Ensemble (static)
2026-03-08 00:00:00+00:00,16,146.3125,73.07127814890876,Ensemble (static)
2026-03-08 00:00:00+00:00,17,160.26,82.63118769850497,Ensemble (static)
2026-03-08 00:00:00+00:00,18,154.0525,82.23022317307507,Ensemble (static)
2026-03-08 00:00:00+00:00,19,138.7925,83.47011590038231,Ensemble (static)
2026-03-08 00:00:00+00:00,20,127.435,63.37456303342009,Ensemble (static)
2026-03-08 00:00:00+00:00,21,121.115,53.573433786790886,Ensemble (static)
2026-03-08 00:00:00+00:00,22,113.5725,53.26603195231803,Ensemble (static)
2026-03-08 00:00:00+00:00,23,114.0875,50.73251591741446,Ensemble (static)
2026-03-09 00:00:00+00:00,0,109.2725,63.3424240888142,Ensemble (static)
2026-03-09 00:00:00+00:00,1,109.12,70.30276084280365,Ensemble (static)
2026-03-09 00:00:00+00:00,2,110.48,68.79898296644072,Ensemble (static)
2026-03-09 00:00:00+00:00,3,116.39,73.91103596964398,Ensemble (static)
2026-03-09 00:00:00+00:00,4,136.9975,80.44348171041102,Ensemble (static)
2026-03-09 00:00:00+00:00,5,163.925,56.352813224657176,Ensemble (static)
2026-03-09 00:00:00+00:00,6,191.58,88.47974508593765,Ensemble (static)
2026-03-09 00:00:00+00:00,7,162.605,96.5731663963212,Ensemble (static)
2026-03-09 00:00:00+00:00,8,127.0725,81.68484200349268,Ensemble (static)
2026-03-09 00:00:00+00:00,9,101.1175,67.38484811169856,Ensemble (static)
2026-03-09 00:00:00+00:00,10,81.0475,62.102598938190035,Ensemble (static)
2026-03-09 00:00:00+00:00,11,67.69,60.39938005941112,Ensemble (static)
2026-03-09 00:00:00+00:00,12,67.2925,57.97428508406596,Ensemble (static)
2026-03-09 00:00:00+00:00,13,81.375,64.19117203691916,Ensemble (static)
2026-03-09 00:00:00+00:00,14,112.9925,76.68651389825447,Ensemble (static)
2026-03-09 00:00:00+00:00,15,143.4375,116.9682883048346,Ensemble (static)
2026-03-09 00:00:00+00:00,16,187.025,144.73242516451197,Ensemble (static)
2026-03-09 00:00:00+00:00,17,243.9725,171.8328700899038,Ensemble (static)
2026-03-09 00:00:00+00:00,18,222.405,175.90076222692676,Ensemble (static)
2026-03-09 00:00:00+00:00,19,180.89,188.53403902140923,Ensemble (static)
2026-03-09 00:00:00+00:00,20,152.1575,130.98490938381968,Ensemble (static)
2026-03-09 00:00:00+00:00,21,143.27,92.5749634147492,Ensemble (static)
2026-03-09 00:00:00+00:00,22,132.695,84.38048677623208,Ensemble (static)
2026-03-09 00:00:00+00:00,23,138.58,70.72209710067855,Ensemble (static)
2026-03-10 00:00:00+00:00,0,130.44,68.55697908804984,Ensemble (static)
2026-03-10 00:00:00+00:00,1,127.6125,66.25114218320876,Ensemble (static)
2026-03-10 00:00:00+00:00,2,126.9,61.20762557580162,Ensemble (static)
2026-03-10 00:00:00+00:00,3,128.48250000000002,60.856617904830216,Ensemble (static)
2026-03-10 00:00:00+00:00,4,140.70999999999998,63.40373367895157,Ensemble (static)
2026-03-10 00:00:00+00:00,5,168.1025,49.57346506054332,Ensemble (static)
2026-03-10 00:00:00+00:00,6,180.17,69.90213894931503,Ensemble (static)
2026-03-10 00:00:00+00:00,7,173.32,83.75378524831453,Ensemble (static)
2026-03-10 00:00:00+00:00,8,140.53750000000002,73.7036371226003,Ensemble (static)
2026-03-10 00:00:00+00:00,9,118.25,64.49606339133746,Ensemble (static)
2026-03-10 00:00:00+00:00,10,103.7925,56.81543581515662,Ensemble (static)
2026-03-10 00:00:00+00:00,11,91.44,56.26944718317825,Ensemble (static)
2026-03-10 00:00:00+00:00,12,97.0375,56.219193396286585,Ensemble (static)
2026-03-10 00:00:00+00:00,13,107.165,58.12697614675929,Ensemble (static)
2026-03-10 00:00:00+00:00,14,121.4925,67.72463393982946,Ensemble (static)
2026-03-10 00:00:00+00:00,15,144.3925,90.3923973934869,Ensemble (static)
2026-03-10 00:00:00+00:00,16,179.0025,103.9895759849005,Ensemble (static)
2026-03-10 00:00:00+00:00,17,218.2275,120.41088258192504,Ensemble (static)
2026-03-10 00:00:00+00:00,18,201.13,115.68020923437072,Ensemble (static)
2026-03-10 00:00:00+00:00,19,159.5475,107.159415983337,Ensemble (static)
2026-03-10 00:00:00+00:00,20,139.9675,77.67832389583022,Ensemble (static)
2026-03-10 00:00:00+00:00,21,123.255,53.53160259379259,Ensemble (static)
2026-03-10 00:00:00+00:00,22,98.5825,49.68906156521309,Ensemble (static)
2026-03-10 00:00:00+00:00,23,83.9575,45.16384741745238,Ensemble (static)
2026-03-11 00:00:00+00:00,0,70.805,44.24133084127918,Ensemble (static)
2026-03-11 00:00:00+00:00,1,65.425,44.066058690109,Ensemble (static)
2026-03-11 00:00:00+00:00,2,63.5725,39.46240759979966,Ensemble (static)
2026-03-11 00:00:00+00:00,3,56.0725,40.70095353247193,Ensemble (static)
2026-03-11 00:00:00+00:00,4,64.535,42.18970300554618,Ensemble (static)
2026-03-11 00:00:00+00:00,5,70.8675,39.37985383190536,Ensemble (static)
2026-03-11 00:00:00+00:00,6,80.87,63.03374567097728,Ensemble (static)
2026-03-11 00:00:00+00:00,7,75.5025,73.53909325038838,Ensemble (static)
2026-03-11 00:00:00+00:00,8,57.945,64.82619066243883,Ensemble (static)
2026-03-11 00:00:00+00:00,9,26.2275,58.507570172966524,Ensemble (static)
2026-03-11 00:00:00+00:00,10,12.1975,53.13412127731448,Ensemble (static)
2026-03-11 00:00:00+00:00,11,9.9125,51.78380795888247,Ensemble (static)
2026-03-11 00:00:00+00:00,12,16.1375,49.33973094081507,Ensemble (static)
2026-03-11 00:00:00+00:00,13,47.2725,50.34097843942541,Ensemble (static)
2026-03-11 00:00:00+00:00,14,79.33,55.575445453866664,Ensemble (static)
2026-03-11 00:00:00+00:00,15,104.105,70.56205236798704,Ensemble (static)
2026-03-11 00:00:00+00:00,16,128.7775,68.90745714830933,Ensemble (static)
2026-03-11 00:00:00+00:00,17,153.13750000000002,77.3766906949129,Ensemble (static)
2026-03-11 00:00:00+00:00,18,156.72,81.25272461548225,Ensemble (static)
2026-03-11 00:00:00+00:00,19,132.19,81.01640460453562,Ensemble (static)
2026-03-11 00:00:00+00:00,20,123.0275,71.4039186228056,Ensemble (static)
2026-03-11 00:00:00+00:00,21,119.3025,52.14333379630801,Ensemble (static)
2026-03-11 00:00:00+00:00,22,104.0025,45.887514810628275,Ensemble (static)
2026-03-11 00:00:00+00:00,23,100.185,38.437099187058045,Ensemble (static)
2026-03-12 00:00:00+00:00,0,92.0425,50.91545272890664,Ensemble (static)
2026-03-12 00:00:00+00:00,1,88.8125,51.244840959531544,Ensemble (static)
2026-03-12 00:00:00+00:00,2,88.61,49.10895516965936,Ensemble (static)
2026-03-12 00:00:00+00:00,3,89.6625,50.705882356159535,Ensemble (static)
2026-03-12 00:00:00+00:00,4,99.8225,52.47825001354134,Ensemble (static)
2026-03-12 00:00:00+00:00,5,130.6675,47.21556573797209,Ensemble (static)
2026-03-12 00:00:00+00:00,6,137.14,89.26263427238727,Ensemble (static)
2026-03-12 00:00:00+00:00,7,104.805,82.00908705541966,Ensemble (static)
2026-03-12 00:00:00+00:00,8,79.9975,69.7391419348253,Ensemble (static)
2026-03-12 00:00:00+00:00,9,28.475,58.8431480058711,Ensemble (static)
2026-03-12 00:00:00+00:00,10,0.3425,52.20822770494992,Ensemble (static)
2026-03-12 00:00:00+00:00,11,-1.0925,46.06746804424295,Ensemble (static)
2026-03-12 00:00:00+00:00,12,-2.4925,44.578678767936374,Ensemble (static)
2026-03-12 00:00:00+00:00,13,-0.9025,43.991965891411844,Ensemble (static)
2026-03-12 00:00:00+00:00,14,3.6,48.97779353915383,Ensemble (static)
2026-03-12 00:00:00+00:00,15,51.165,60.74737120724954,Ensemble (static)
2026-03-12 00:00:00+00:00,16,108.5775,63.16398646246881,Ensemble (static)
2026-03-12 00:00:00+00:00,17,114.865,73.6222652561493,Ensemble (static)
2026-03-12 00:00:00+00:00,18,105.9975,74.58405719263577,Ensemble (static)
2026-03-12 00:00:00+00:00,19,86.57,70.37982920277871,Ensemble (static)
2026-03-12 00:00:00+00:00,20,69.79,57.477665456759034,Ensemble (static)
2026-03-12 00:00:00+00:00,21,62.555,42.9911167876556,Ensemble (static)
2026-03-12 00:00:00+00:00,22,17.9025,38.60548234531419,Ensemble (static)
2026-03-12 00:00:00+00:00,23,6.29,31.64948091211231,Ensemble (static)
2026-03-13 00:00:00+00:00,0,4.1025,22.621189703461635,Ensemble (static)
2026-03-13 00:00:00+00:00,1,2.8875,25.198168577444143,Ensemble (static)
2026-03-13 00:00:00+00:00,2,1.1475,23.73201739261004,Ensemble (static)
2026-03-13 00:00:00+00:00,3,1.46,28.103551158567434,Ensemble (static)
2026-03-13 00:00:00+00:00,4,2.9075,30.841619662481964,Ensemble (static)
2026-03-13 00:00:00+00:00,5,8.46,36.58060394702802,Ensemble (static)
2026-03-13 00:00:00+00:00,6,19.9375,60.29430489474108,Ensemble (static)
2026-03-13 00:00:00+00:00,7,6.415,64.35226705074957,Ensemble (static)
2026-03-13 00:00:00+00:00,8,-0.24,54.09834151079927,Ensemble (static)
2026-03-13 00:00:00+00:00,9,-4.9975,46.820392839227665,Ensemble (static)
2026-03-13 00:00:00+00:00,10,-9.0,45.83583407316988,Ensemble (static)
2026-03-13 00:00:00+00:00,11,-8.3475,43.56041097978291,Ensemble (static)
2026-03-13 00:00:00+00:00,12,-2.5525,43.127193001666704,Ensemble (static)
2026-03-13 00:00:00+00:00,13,1.1725,46.03852074560744,Ensemble (static)
2026-03-13 00:00:00+00:00,14,47.07,52.02148825957862,Ensemble (static)
2026-03-13 00:00:00+00:00,15,101.31,68.48851209419476,Ensemble (static)
2026-03-13 00:00:00+00:00,16,141.93,72.39782284978124,Ensemble (static)
2026-03-13 00:00:00+00:00,17,161.4925,90.80574969057461,Ensemble (static)
2026-03-13 00:00:00+00:00,18,165.745,97.9759129507346,Ensemble (static)
2026-03-13 00:00:00+00:00,19,145.7225,98.64376709271777,Ensemble (static)
2026-03-13 00:00:00+00:00,20,130.335,75.0020632230752,Ensemble (static)
2026-03-13 00:00:00+00:00,21,123.4225,62.25944756210229,Ensemble (static)
2026-03-13 00:00:00+00:00,22,115.8075,51.873309781927674,Ensemble (static)
2026-03-13 00:00:00+00:00,23,112.945,44.27274852794858,Ensemble (static)
2026-03-14 00:00:00+00:00,0,109.07,58.11962439005663,Ensemble (static)
2026-03-14 00:00:00+00:00,1,103.99,59.286558770238756,Ensemble (static)
2026-03-14 00:00:00+00:00,2,101.8625,62.60004839238106,Ensemble (static)
2026-03-14 00:00:00+00:00,3,105.115,58.78488941271535,Ensemble (static)
2026-03-14 00:00:00+00:00,4,109.0675,57.23722642251929,Ensemble (static)
2026-03-14 00:00:00+00:00,5,111.52,45.77248431699082,Ensemble (static)
2026-03-14 00:00:00+00:00,6,116.7075,73.89346130482464,Ensemble (static)
2026-03-14 00:00:00+00:00,7,121.88,73.37385880114329,Ensemble (static)
2026-03-14 00:00:00+00:00,8,116.14,72.3755271172983,Ensemble (static)
2026-03-14 00:00:00+00:00,9,107.5225,68.80100179741494,Ensemble (static)
2026-03-14 00:00:00+00:00,10,103.525,66.49818162813786,Ensemble (static)
2026-03-14 00:00:00+00:00,11,104.195,67.99102016217468,Ensemble (static)
2026-03-14 00:00:00+00:00,12,103.43,67.05532929505372,Ensemble (static)
2026-03-14 00:00:00+00:00,13,105.6775,72.37225345094195,Ensemble (static)
2026-03-14 00:00:00+00:00,14,114.22,88.29742916683867,Ensemble (static)
2026-03-14 00:00:00+00:00,15,130.0,105.68864714671616,Ensemble (static)
2026-03-14 00:00:00+00:00,16,138.65,102.67800812951943,Ensemble (static)
2026-03-14 00:00:00+00:00,17,161.1,101.74245920318981,Ensemble (static)
2026-03-14 00:00:00+00:00,18,169.83499999999998,113.6258525354597,Ensemble (static)
2026-03-14 00:00:00+00:00,19,150.265,98.19340568797527,Ensemble (static)
2026-03-14 00:00:00+00:00,20,137.4525,82.29259550477936,Ensemble (static)
2026-03-14 00:00:00+00:00,21,135.2375,62.46743588992874,Ensemble (static)
2026-03-14 00:00:00+00:00,22,128.04500000000002,58.068761774768504,Ensemble (static)
2026-03-14 00:00:00+00:00,23,137.3425,56.41502462792076,Ensemble (static)
2026-03-15 00:00:00+00:00,0,133.73000000000002,65.65557714092604,Ensemble (static)
2026-03-15 00:00:00+00:00,1,124.96,59.28494092321013,Ensemble (static)
2026-03-15 00:00:00+00:00,2,123.5275,60.473379297199465,Ensemble (static)
2026-03-15 00:00:00+00:00,3,122.1775,59.598902544006094,Ensemble (static)
2026-03-15 00:00:00+00:00,4,124.12,60.680788916212336,Ensemble (static)
2026-03-15 00:00:00+00:00,5,124.3875,48.30677577291481,Ensemble (static)
2026-03-15 00:00:00+00:00,6,118.46,83.42503925425764,Ensemble (static)
2026-03-15 00:00:00+00:00,7,109.095,80.81298243012179,Ensemble (static)
2026-03-15 00:00:00+00:00,8,94.77,78.51641395066308,Ensemble (static)
2026-03-15 00:00:00+00:00,9,87.305,67.89608595845456,Ensemble (static)
2026-03-15 00:00:00+00:00,10,72.21,66.53682922412224,Ensemble (static)
2026-03-15 00:00:00+00:00,11,52.9675,61.77684720472904,Ensemble (static)
2026-03-15 00:00:00+00:00,12,36.4575,59.002392943926154,Ensemble (static)
2026-03-15 00:00:00+00:00,13,37.1975,57.671064476650976,Ensemble (static)
2026-03-15 00:00:00+00:00,14,63.0775,59.27785405784384,Ensemble (static)
2026-03-15 00:00:00+00:00,15,89.245,70.45943539130165,Ensemble (static)
2026-03-15 00:00:00+00:00,16,127.9125,74.62600832250138,Ensemble (static)
2026-03-15 00:00:00+00:00,17,149.115,86.74954868347923,Ensemble (static)
2026-03-15 00:00:00+00:00,18,131.87,84.95580349492434,Ensemble (static)
2026-03-15 00:00:00+00:00,19,108.4825,78.57650154785769,Ensemble (static)
2026-03-15 00:00:00+00:00,20,91.875,59.10178934403429,Ensemble (static)
2026-03-15 00:00:00+00:00,21,82.8625,45.41878374795246,Ensemble (static)
2026-03-15 00:00:00+00:00,22,64.015,41.19881112858742,Ensemble (static)
2026-03-15 00:00:00+00:00,23,34.165,31.501001246635578,Ensemble (static)
2026-03-16 00:00:00+00:00,0,23.3275,32.63521336520813,Ensemble (static)
2026-03-16 00:00:00+00:00,1,17.59,34.30617011199028,Ensemble (static)
2026-03-16 00:00:00+00:00,2,14.1375,30.581749262815517,Ensemble (static)
2026-03-16 00:00:00+00:00,3,20.0575,34.40503135417317,Ensemble (static)
2026-03-16 00:00:00+00:00,4,37.4275,38.986799914184935,Ensemble (static)
2026-03-16 00:00:00+00:00,5,66.19,43.36606014323664,Ensemble (static)
2026-03-16 00:00:00+00:00,6,95.5675,72.95834304430242,Ensemble (static)
2026-03-16 00:00:00+00:00,7,95.9775,83.17286794305784,Ensemble (static)
2026-03-16 00:00:00+00:00,8,73.105,71.3459389440693,Ensemble (static)
2026-03-16 00:00:00+00:00,9,42.595,62.19961562721893,Ensemble (static)
2026-03-16 00:00:00+00:00,10,17.365000000000002,61.99674986000204,Ensemble (static)
2026-03-16 00:00:00+00:00,11,12.035,59.77773169075029,Ensemble (static)
2026-03-16 00:00:00+00:00,12,15.88,54.63827447677352,Ensemble (static)
2026-03-16 00:00:00+00:00,13,42.1725,56.26669745712587,Ensemble (static)
2026-03-16 00:00:00+00:00,14,64.445,64.86497701714748,Ensemble (static)
2026-03-16 00:00:00+00:00,15,106.21,80.04150971636241,Ensemble (static)
2026-03-16 00:00:00+00:00,16,138.6025,85.5731613982931,Ensemble (static)
2026-03-16 00:00:00+00:00,17,165.035,102.37542310805911,Ensemble (static)
2026-03-16 00:00:00+00:00,18,179.8875,106.1415861432307,Ensemble (static)
2026-03-16 00:00:00+00:00,19,154.785,105.37728201473914,Ensemble (static)
2026-03-16 00:00:00+00:00,20,125.7125,83.89728938143003,Ensemble (static)
2026-03-16 00:00:00+00:00,21,121.9125,65.63783849358992,Ensemble (static)
2026-03-16 00:00:00+00:00,22,99.765,54.17522901313086,Ensemble (static)
2026-03-16 00:00:00+00:00,23,113.665,47.026910108067824,Ensemble (static)
2026-03-17 00:00:00+00:00,0,105.585,59.150862179981004,Ensemble (static)
2026-03-17 00:00:00+00:00,1,106.4225,59.95053730248587,Ensemble (static)
2026-03-17 00:00:00+00:00,2,106.5225,57.71700935190584,Ensemble (static)
2026-03-17 00:00:00+00:00,3,110.03,63.00174524488389,Ensemble (static)
2026-03-17 00:00:00+00:00,4,119.915,69.9922740861775,Ensemble (static)
2026-03-17 00:00:00+00:00,5,147.965,69.97235315161467,Ensemble (static)
2026-03-17 00:00:00+00:00,6,167.98,122.88544247504683,Ensemble (static)
2026-03-17 00:00:00+00:00,7,152.5125,101.30942955529977,Ensemble (static)
2026-03-17 00:00:00+00:00,8,124.0725,86.24752817105247,Ensemble (static)
2026-03-17 00:00:00+00:00,9,108.64,79.32934746713362,Ensemble (static)
2026-03-17 00:00:00+00:00,10,100.65,74.1316454845253,Ensemble (static)
2026-03-17 00:00:00+00:00,11,95.2275,72.65332979637658,Ensemble (static)
2026-03-17 00:00:00+00:00,12,96.765,69.01316369515584,Ensemble (static)
2026-03-17 00:00:00+00:00,13,99.325,76.07088531507524,Ensemble (static)
2026-03-17 00:00:00+00:00,14,112.1075,82.64330678978602,Ensemble (static)
2026-03-17 00:00:00+00:00,15,131.7775,114.69704561492756,Ensemble (static)
2026-03-17 00:00:00+00:00,16,162.2025,145.778824871749,Ensemble (static)
2026-03-17 00:00:00+00:00,17,207.2975,148.73659277819294,Ensemble (static)
2026-03-17 00:00:00+00:00,18,170.3825,134.7607436184268,Ensemble (static)
2026-03-17 00:00:00+00:00,19,144.2375,119.8713401371921,Ensemble (static)
2026-03-17 00:00:00+00:00,20,129.79000000000002,79.8168874176397,Ensemble (static)
2026-03-17 00:00:00+00:00,21,114.24,59.69785511022603,Ensemble (static)
2026-03-17 00:00:00+00:00,22,100.4575,52.50149154042831,Ensemble (static)
2026-03-17 00:00:00+00:00,23,89.8,44.57031069391072,Ensemble (static)
2026-03-18 00:00:00+00:00,0,86.72749999999999,48.2693661338001,Ensemble (static)
2026-03-18 00:00:00+00:00,1,85.685,49.16858582345391,Ensemble (static)
2026-03-18 00:00:00+00:00,2,86.8675,45.599591234822306,Ensemble (static)
2026-03-18 00:00:00+00:00,3,88.83500000000001,46.82994144904435,Ensemble (static)
2026-03-18 00:00:00+00:00,4,100.055,49.83415251479752,Ensemble (static)
2026-03-18 00:00:00+00:00,5,130.74,49.461473967742684,Ensemble (static)
2026-03-18 00:00:00+00:00,6,133.5925,69.62284806636,Ensemble (static)
2026-03-18 00:00:00+00:00,7,99.9375,80.68202731422627,Ensemble (static)
2026-03-18 00:00:00+00:00,8,62.95,69.20594996880226,Ensemble (static)
2026-03-18 00:00:00+00:00,9,9.9975,60.17861025839278,Ensemble (static)
2026-03-18 00:00:00+00:00,10,-1.62,55.813170267874455,Ensemble (static)
2026-03-18 00:00:00+00:00,11,-2.31,53.19732690390856,Ensemble (static)
2026-03-18 00:00:00+00:00,12,-2.7125,51.50085107327879,Ensemble (static)
2026-03-18 00:00:00+00:00,13,0.2224999999999999,53.33585673572273,Ensemble (static)
2026-03-18 00:00:00+00:00,14,47.19499999999999,59.29956634099962,Ensemble (static)
2026-03-18 00:00:00+00:00,15,107.0325,76.54379447692357,Ensemble (static)
2026-03-18 00:00:00+00:00,16,145.2125,83.10178725382363,Ensemble (static)
2026-03-18 00:00:00+00:00,17,177.6225,109.14721544756007,Ensemble (static)
2026-03-18 00:00:00+00:00,18,170.1975,116.35121761110575,Ensemble (static)
2026-03-18 00:00:00+00:00,19,148.49,126.17260638770651,Ensemble (static)
2026-03-18 00:00:00+00:00,20,132.0575,85.292592940216,Ensemble (static)
2026-03-18 00:00:00+00:00,21,123.775,63.15649091534955,Ensemble (static)
2026-03-18 00:00:00+00:00,22,113.375,62.170817436678085,Ensemble (static)
2026-03-18 00:00:00+00:00,23,109.25,57.75521283844972,Ensemble (static)
2026-03-19 00:00:00+00:00,0,112.64,65.69849721903581,Ensemble (static)
2026-03-19 00:00:00+00:00,1,113.9925,71.4722719102188,Ensemble (static)
2026-03-19 00:00:00+00:00,2,115.525,70.71885536202802,Ensemble (static)
2026-03-19 00:00:00+00:00,3,123.275,70.94725002299509,Ensemble (static)
2026-03-19 00:00:00+00:00,4,132.78,73.2529975795118,Ensemble (static)
2026-03-19 00:00:00+00:00,5,160.1275,74.11904923722315,Ensemble (static)
2026-03-19 00:00:00+00:00,6,158.2425,97.66988653464165,Ensemble (static)
2026-03-19 00:00:00+00:00,7,138.6025,83.97027411502728,Ensemble (static)
2026-03-19 00:00:00+00:00,8,90.9025,73.89133142375695,Ensemble (static)
2026-03-19 00:00:00+00:00,9,55.3,62.0661700315483,Ensemble (static)
2026-03-19 00:00:00+00:00,10,7.869999999999999,55.785259263148866,Ensemble (static)
2026-03-19 00:00:00+00:00,11,0.0,53.39278676980224,Ensemble (static)
2026-03-19 00:00:00+00:00,12,2.53,51.852440270951575,Ensemble (static)
2026-03-19 00:00:00+00:00,13,43.715,55.30972653764601,Ensemble (static)
2026-03-19 00:00:00+00:00,14,85.9475,62.55917038435197,Ensemble (static)
2026-03-19 00:00:00+00:00,15,120.3475,84.72893981918197,Ensemble (static)
2026-03-19 00:00:00+00:00,16,152.175,117.12808408909035,Ensemble (static)
2026-03-19 00:00:00+00:00,17,209.2675,153.59932857051552,Ensemble (static)
2026-03-19 00:00:00+00:00,18,214.3825,140.12298578054828,Ensemble (static)
2026-03-19 00:00:00+00:00,19,163.37,239.80227210281691,Ensemble (static)
2026-03-19 00:00:00+00:00,20,149.04000000000002,140.75784654496348,Ensemble (static)
2026-03-19 00:00:00+00:00,21,139.55,106.57847466965303,Ensemble (static)
2026-03-19 00:00:00+00:00,22,132.2375,92.28133899759275,Ensemble (static)
2026-03-19 00:00:00+00:00,23,143.5625,71.20168541309997,Ensemble (static)
2026-03-20 00:00:00+00:00,0,137.96,64.19923474647496,Ensemble (static)
2026-03-20 00:00:00+00:00,1,135.6425,69.92030933306422,Ensemble (static)
2026-03-20 00:00:00+00:00,2,137.475,64.75722709742638,Ensemble (static)
2026-03-20 00:00:00+00:00,3,138.905,65.26311323779771,Ensemble (static)
2026-03-20 00:00:00+00:00,4,154.59,62.423760847381374,Ensemble (static)
2026-03-20 00:00:00+00:00,5,192.295,50.52554575108199,Ensemble (static)
2026-03-20 00:00:00+00:00,6,197.6425,77.2480213898631,Ensemble (static)
2026-03-20 00:00:00+00:00,7,161.3025,81.62164359927125,Ensemble (static)
2026-03-20 00:00:00+00:00,8,132.0075,71.47916462177582,Ensemble (static)
2026-03-20 00:00:00+00:00,9,101.085,63.298543227652345,Ensemble (static)
2026-03-20 00:00:00+00:00,10,78.4725,57.585639187605466,Ensemble (static)
2026-03-20 00:00:00+00:00,11,65.61,54.9309971914863,Ensemble (static)
2026-03-20 00:00:00+00:00,12,65.61,56.35665889778102,Ensemble (static)
2026-03-20 00:00:00+00:00,13,87.4,56.874747912181206,Ensemble (static)
2026-03-20 00:00:00+00:00,14,117.155,61.47785643335561,Ensemble (static)
2026-03-20 00:00:00+00:00,15,144.675,76.62208453224889,Ensemble (static)
2026-03-20 00:00:00+00:00,16,174.8175,95.32298860165633,Ensemble (static)
2026-03-20 00:00:00+00:00,17,211.005,112.99974414871876,Ensemble (static)
2026-03-20 00:00:00+00:00,18,212.31,122.86385904300093,Ensemble (static)
2026-03-20 00:00:00+00:00,19,180.035,131.4374707242678,Ensemble (static)
2026-03-20 00:00:00+00:00,20,163.05,85.77582649225542,Ensemble (static)
2026-03-20 00:00:00+00:00,21,151.8525,62.046667825381206,Ensemble (static)
2026-03-20 00:00:00+00:00,22,148.125,64.10763671663659,Ensemble (static)
2026-03-20 00:00:00+00:00,23,142.3975,66.19721672751879,Ensemble (static)
2026-03-21 00:00:00+00:00,0,138.3425,73.8653713352445,Ensemble (static)
2026-03-21 00:00:00+00:00,1,136.085,68.26806239526988,Ensemble (static)
2026-03-21 00:00:00+00:00,2,132.0575,63.76446549558301,Ensemble (static)
2026-03-21 00:00:00+00:00,3,131.1925,62.81675349601825,Ensemble (static)
2026-03-21 00:00:00+00:00,4,137.665,64.27101799599154,Ensemble (static)
2026-03-21 00:00:00+00:00,5,142.34,49.00584272199133,Ensemble (static)
2026-03-21 00:00:00+00:00,6,139.6625,70.26139982325732,Ensemble (static)
2026-03-21 00:00:00+00:00,7,127.265,75.48048577851318,Ensemble (static)
2026-03-21 00:00:00+00:00,8,100.5775,68.61157483972968,Ensemble (static)
2026-03-21 00:00:00+00:00,9,76.4725,63.29514301088878,Ensemble (static)
2026-03-21 00:00:00+00:00,10,45.9,55.91143605366259,Ensemble (static)
2026-03-21 00:00:00+00:00,11,23.49,54.205556580655816,Ensemble (static)
2026-03-21 00:00:00+00:00,12,24.27,53.51481804764795,Ensemble (static)
2026-03-21 00:00:00+00:00,13,62.9275,51.94138802177446,Ensemble (static)
2026-03-21 00:00:00+00:00,14,90.0,57.062520152689785,Ensemble (static)
2026-03-21 00:00:00+00:00,15,115.665,73.25495043164636,Ensemble (static)
2026-03-21 00:00:00+00:00,16,146.025,73.30419030022651,Ensemble (static)
2026-03-21 00:00:00+00:00,17,171.6175,84.79911941167192,Ensemble (static)
2026-03-21 00:00:00+00:00,18,163.10500000000002,91.37731992957578,Ensemble (static)
2026-03-21 00:00:00+00:00,19,141.8275,75.80899192195095,Ensemble (static)
2026-03-21 00:00:00+00:00,20,126.875,63.50084842943667,Ensemble (static)
2026-03-21 00:00:00+00:00,21,120.2425,50.32848299876737,Ensemble (static)
2026-03-21 00:00:00+00:00,22,108.0,49.6300163072066,Ensemble (static)
2026-03-21 00:00:00+00:00,23,100.4125,46.36238043845266,Ensemble (static)
2026-03-22 00:00:00+00:00,0,95.755,51.64649806705936,Ensemble (static)
2026-03-22 00:00:00+00:00,1,94.2025,49.992644116510874,Ensemble (static)
2026-03-22 00:00:00+00:00,2,95.26,49.44629235060248,Ensemble (static)
2026-03-22 00:00:00+00:00,3,98.5975,47.78118350066503,Ensemble (static)
2026-03-22 00:00:00+00:00,4,101.6625,48.0402961482124,Ensemble (static)
2026-03-22 00:00:00+00:00,5,100.105,42.94071771025061,Ensemble (static)
2026-03-22 00:00:00+00:00,6,84.71,58.72099305676103,Ensemble (static)
2026-03-22 00:00:00+00:00,7,41.33,61.17041113205131,Ensemble (static)
2026-03-22 00:00:00+00:00,8,6.7725,56.54197129277819,Ensemble (static)
2026-03-22 00:00:00+00:00,9,-0.43,48.507295709735246,Ensemble (static)
2026-03-22 00:00:00+00:00,10,-4.3625,46.14342260668292,Ensemble (static)
2026-03-22 00:00:00+00:00,11,-11.76,42.666740985652474,Ensemble (static)
2026-03-22 00:00:00+00:00,12,-10.31,40.46469814113566,Ensemble (static)
2026-03-22 00:00:00+00:00,13,-2.1775,41.911410693324356,Ensemble (static)
2026-03-22 00:00:00+00:00,14,11.25,50.83429518480398,Ensemble (static)
2026-03-22 00:00:00+00:00,15,93.1525,67.77502288706944,Ensemble (static)
2026-03-22 00:00:00+00:00,16,145.635,78.72429497513822,Ensemble (static)
2026-03-22 00:00:00+00:00,17,174.19,99.21495932966906,Ensemble (static)
2026-03-22 00:00:00+00:00,18,173.3825,114.72710188328956,Ensemble (static)
2026-03-22 00:00:00+00:00,19,164.7325,129.01501202223827,Ensemble (static)
2026-03-22 00:00:00+00:00,20,155.3775,107.27097928955571,Ensemble (static)
2026-03-22 00:00:00+00:00,21,146.7975,87.23728057659235,Ensemble (static)
2026-03-22 00:00:00+00:00,22,143.505,87.88764538205773,Ensemble (static)
2026-03-22 00:00:00+00:00,23,131.13750000000002,76.64693847982667,Ensemble (static)
2026-03-23 00:00:00+00:00,0,125.9,69.61224628325418,Ensemble (static)
2026-03-23 00:00:00+00:00,1,125.16,76.19008610390696,Ensemble (static)
2026-03-23 00:00:00+00:00,2,128.5875,75.74826210115033,Ensemble (static)
2026-03-23 00:00:00+00:00,3,138.26749999999998,77.20161779076923,Ensemble (static)
2026-03-23 00:00:00+00:00,4,155.72,76.79458092941654,Ensemble (static)
2026-03-23 00:00:00+00:00,5,182.29,75.02360582397915,Ensemble (static)
2026-03-23 00:00:00+00:00,6,186.185,86.66487006871348,Ensemble (static)
2026-03-23 00:00:00+00:00,7,147.60500000000002,83.7247678394342,Ensemble (static)
2026-03-23 00:00:00+00:00,8,108.0,71.4745743106847,Ensemble (static)
2026-03-23 00:00:00+00:00,9,81.4325,60.177305886084284,Ensemble (static)
2026-03-23 00:00:00+00:00,10,48.0825,58.66688265133861,Ensemble (static)
2026-03-23 00:00:00+00:00,11,49.255,57.41155593693408,Ensemble (static)
2026-03-23 00:00:00+00:00,12,74.875,56.96710177300196,Ensemble (static)
2026-03-23 00:00:00+00:00,13,94.98,58.96066562133721,Ensemble (static)
2026-03-23 00:00:00+00:00,14,114.4525,71.33712278396658,Ensemble (static)
2026-03-23 00:00:00+00:00,15,138.5425,101.94759852880604,Ensemble (static)
2026-03-23 00:00:00+00:00,16,190.775,138.71640231638298,Ensemble (static)
2026-03-23 00:00:00+00:00,17,263.01,162.08441892783316,Ensemble (static)
2026-03-23 00:00:00+00:00,18,241.56,163.14358761063735,Ensemble (static)
2026-03-23 00:00:00+00:00,19,206.5875,207.61699761407897,Ensemble (static)
2026-03-23 00:00:00+00:00,20,177.32,121.36939564398935,Ensemble (static)
2026-03-23 00:00:00+00:00,21,155.74,98.92448142701882,Ensemble (static)
2026-03-23 00:00:00+00:00,22,140.45,92.46623600228749,Ensemble (static)
2026-03-23 00:00:00+00:00,23,141.0625,78.2327531806496,Ensemble (static)
2026-03-24 00:00:00+00:00,0,124.3175,61.862591562646145,Ensemble (static)
2026-03-24 00:00:00+00:00,1,109.9975,56.76707712742952,Ensemble (static)
2026-03-24 00:00:00+00:00,2,101.64,50.742271674279266,Ensemble (static)
2026-03-24 00:00:00+00:00,3,100.375,50.37274690363127,Ensemble (static)
2026-03-24 00:00:00+00:00,4,100.9725,49.4969316991018,Ensemble (static)
2026-03-24 00:00:00+00:00,5,110.8175,40.68529438413713,Ensemble (static)
2026-03-24 00:00:00+00:00,6,113.0475,66.08491971353276,Ensemble (static)
2026-03-24 00:00:00+00:00,7,97.4575,69.04595485534512,Ensemble (static)
2026-03-24 00:00:00+00:00,8,70.905,60.22941256301011,Ensemble (static)
2026-03-24 00:00:00+00:00,9,23.7275,54.25458382343844,Ensemble (static)
2026-03-24 00:00:00+00:00,10,1.195,48.53644970435667,Ensemble (static)
2026-03-24 00:00:00+00:00,11,-0.01,42.34994585151687,Ensemble (static)
2026-03-24 00:00:00+00:00,12,-0.02,41.80666020834401,Ensemble (static)
2026-03-24 00:00:00+00:00,13,-0.0025,41.03745668735851,Ensemble (static)
2026-03-24 00:00:00+00:00,14,19.9975,45.517309070387576,Ensemble (static)
2026-03-24 00:00:00+00:00,15,77.4325,56.11406759868295,Ensemble (static)
2026-03-24 00:00:00+00:00,16,112.84,55.78620628947357,Ensemble (static)
2026-03-24 00:00:00+00:00,17,135.8425,64.04578279975811,Ensemble (static)
2026-03-24 00:00:00+00:00,18,137.9925,63.51004739034942,Ensemble (static)
2026-03-24 00:00:00+00:00,19,101.1,60.60711693747366,Ensemble (static)
2026-03-24 00:00:00+00:00,20,74.4975,48.732052000532136,Ensemble (static)
2026-03-24 00:00:00+00:00,21,66.1025,34.00693709097479,Ensemble (static)
2026-03-24 00:00:00+00:00,22,22.0975,32.20478875725044,Ensemble (static)
2026-03-24 00:00:00+00:00,23,1.81,25.650629388008877,Ensemble (static)
2026-03-25 00:00:00+00:00,0,0.3675,19.460499976663233,Ensemble (static)
2026-03-25 00:00:00+00:00,1,-0.0025,21.99618207111621,Ensemble (static)
2026-03-25 00:00:00+00:00,2,-0.01,20.15806188511268,Ensemble (static)
2026-03-25 00:00:00+00:00,3,-0.005,24.846091552866284,Ensemble (static)
2026-03-25 00:00:00+00:00,4,0.365,27.48454108575433,Ensemble (static)
2026-03-25 00:00:00+00:00,5,3.6425,32.41257737451342,Ensemble (static)
2026-03-25 00:00:00+00:00,6,8.9025,58.35407792114824,Ensemble (static)
2026-03-25 00:00:00+00:00,7,0.9075,62.78438330761398,Ensemble (static)
2026-03-25 00:00:00+00:00,8,-0.03,53.793302055279035,Ensemble (static)
2026-03-25 00:00:00+00:00,9,-0.0275,47.683494457155845,Ensemble (static)
2026-03-25 00:00:00+00:00,10,-0.01,48.873880711346416,Ensemble (static)
2026-03-25 00:00:00+00:00,11,-0.01,45.93686001643004,Ensemble (static)
2026-03-25 00:00:00+00:00,12,-0.01,45.44979448899363,Ensemble (static)
2026-03-25 00:00:00+00:00,13,0.0075,45.1188226723738,Ensemble (static)
2026-03-25 00:00:00+00:00,14,4.775,48.14739047011719,Ensemble (static)
2026-03-25 00:00:00+00:00,15,41.9025,57.624204990326554,Ensemble (static)
2026-03-25 00:00:00+00:00,16,98.8375,60.988055514498825,Ensemble (static)
2026-03-25 00:00:00+00:00,17,134.82999999999998,77.4811277364046,Ensemble (static)
2026-03-25 00:00:00+00:00,18,161.925,80.56598346023056,Ensemble (static)
2026-03-25 00:00:00+00:00,19,134.9075,97.48390175673592,Ensemble (static)
2026-03-25 00:00:00+00:00,20,114.46,62.12438540971796,Ensemble (static)
2026-03-25 00:00:00+00:00,21,108.1,47.63445584258924,Ensemble (static)
2026-03-25 00:00:00+00:00,22,88.80250000000001,37.27076073880095,Ensemble (static)
2026-03-25 00:00:00+00:00,23,99.6375,30.369993381032337,Ensemble (static)
2026-03-26 00:00:00+00:00,0,95.0725,44.779949065294915,Ensemble (static)
2026-03-26 00:00:00+00:00,1,91.605,45.65557612118711,Ensemble (static)
2026-03-26 00:00:00+00:00,2,94.87,44.82063833474503,Ensemble (static)
2026-03-26 00:00:00+00:00,3,97.5775,45.25478272827469,Ensemble (static)
2026-03-26 00:00:00+00:00,4,105.2675,45.315498589435016,Ensemble (static)
2026-03-26 00:00:00+00:00,5,120.28,47.74020422713758,Ensemble (static)
2026-03-26 00:00:00+00:00,6,137.345,78.11213231974133,Ensemble (static)
2026-03-26 00:00:00+00:00,7,125.79,76.20229333903409,Ensemble (static)
2026-03-26 00:00:00+00:00,8,87.41499999999999,65.21766650202711,Ensemble (static)
2026-03-26 00:00:00+00:00,9,41.8525,56.25132508900123,Ensemble (static)
2026-03-26 00:00:00+00:00,10,13.74,52.953784491138535,Ensemble (static)
2026-03-26 00:00:00+00:00,11,3.12,49.356307948916296,Ensemble (static)
2026-03-26 00:00:00+00:00,12,0.6300000000000001,45.4871991442808,Ensemble (static)
2026-03-26 00:00:00+00:00,13,5.9025,46.356875424334085,Ensemble (static)
2026-03-26 00:00:00+00:00,14,37.435,50.62621554926117,Ensemble (static)
2026-03-26 00:00:00+00:00,15,75.8175,63.12334428452253,Ensemble (static)
2026-03-26 00:00:00+00:00,16,115.9225,66.48779607449835,Ensemble (static)
2026-03-26 00:00:00+00:00,17,155.4175,78.93700553603135,Ensemble (static)
2026-03-26 00:00:00+00:00,18,167.22,84.15239940553103,Ensemble (static)
2026-03-26 00:00:00+00:00,19,153.745,79.44483124651225,Ensemble (static)
2026-03-26 00:00:00+00:00,20,130.505,65.44984939371088,Ensemble (static)
2026-03-26 00:00:00+00:00,21,124.3725,52.25279233371399,Ensemble (static)
2026-03-26 00:00:00+00:00,22,115.025,47.30696730602631,Ensemble (static)
2026-03-26 00:00:00+00:00,23,119.3925,43.131263717767546,Ensemble (static)
2026-03-27 00:00:00+00:00,0,119.5,62.37873137066749,Ensemble (static)
2026-03-27 00:00:00+00:00,1,117.3425,65.2157272880589,Ensemble (static)
2026-03-27 00:00:00+00:00,2,117.8325,71.76945439163234,Ensemble (static)
2026-03-27 00:00:00+00:00,3,120.2475,80.29985212119549,Ensemble (static)
2026-03-27 00:00:00+00:00,4,136.4625,87.74672595950709,Ensemble (static)
2026-03-27 00:00:00+00:00,5,172.63,73.48805948121614,Ensemble (static)
2026-03-27 00:00:00+00:00,6,176.395,157.41285018104205,Ensemble (static)
2026-03-27 00:00:00+00:00,7,147.5575,93.63258564711207,Ensemble (static)
2026-03-27 00:00:00+00:00,8,114.0025,78.05195368271347,Ensemble (static)
2026-03-27 00:00:00+00:00,9,87.25999999999999,66.98181596071171,Ensemble (static)
2026-03-27 00:00:00+00:00,10,72.81,61.60105180045038,Ensemble (static)
2026-03-27 00:00:00+00:00,11,63.31999999999999,55.8587804705147,Ensemble (static)
2026-03-27 00:00:00+00:00,12,59.6,53.67888203004122,Ensemble (static)
2026-03-27 00:00:00+00:00,13,74.075,56.8877368734204,Ensemble (static)
2026-03-27 00:00:00+00:00,14,92.3225,61.83663263784133,Ensemble (static)
2026-03-27 00:00:00+00:00,15,103.0825,80.66737289208452,Ensemble (static)
2026-03-27 00:00:00+00:00,16,139.05,91.12088961854752,Ensemble (static)
2026-03-27 00:00:00+00:00,17,158.9325,113.63066969186556,Ensemble (static)
2026-03-27 00:00:00+00:00,18,168.245,122.1924651372752,Ensemble (static)
2026-03-27 00:00:00+00:00,19,142.89,122.79123346563192,Ensemble (static)
2026-03-27 00:00:00+00:00,20,118.995,84.7509437163801,Ensemble (static)
2026-03-27 00:00:00+00:00,21,116.66,69.91996581399712,Ensemble (static)
2026-03-27 00:00:00+00:00,22,106.0125,58.0521330036019,Ensemble (static)
2026-03-27 00:00:00+00:00,23,95.135,47.00795680934178,Ensemble (static)
2026-03-28 00:00:00+00:00,0,92.665,53.03192655248663,Ensemble (static)
2026-03-28 00:00:00+00:00,1,89.5475,50.17584182119782,Ensemble (static)
2026-03-28 00:00:00+00:00,2,87.2625,46.593589419469126,Ensemble (static)
2026-03-28 00:00:00+00:00,3,88.1175,46.77989408239739,Ensemble (static)
2026-03-28 00:00:00+00:00,4,91.6125,47.0111957525683,Ensemble (static)
2026-03-28 00:00:00+00:00,5,87.92,42.918912372979435,Ensemble (static)
2026-03-28 00:00:00+00:00,6,79.185,68.32143813698514,Ensemble (static)
2026-03-28 00:00:00+00:00,7,68.3,72.36420994678494,Ensemble (static)
2026-03-28 00:00:00+00:00,8,44.9075,64.8342041461716,Ensemble (static)
2026-03-28 00:00:00+00:00,9,17.5825,62.573883368784195,Ensemble (static)
2026-03-28 00:00:00+00:00,10,7.6425,57.352350870305216,Ensemble (static)
2026-03-28 00:00:00+00:00,11,6.695,57.341187857614074,Ensemble (static)
2026-03-28 00:00:00+00:00,12,7.8475,57.88020099282081,Ensemble (static)
2026-03-28 00:00:00+00:00,13,20.475,58.722795667018836,Ensemble (static)
2026-03-28 00:00:00+00:00,14,54.2425,64.24739094277518,Ensemble (static)
2026-03-28 00:00:00+00:00,15,81.05250000000001,80.82472009697446,Ensemble (static)
2026-03-28 00:00:00+00:00,16,110.34,83.53115708132914,Ensemble (static)
2026-03-28 00:00:00+00:00,17,138.925,103.31876603831253,Ensemble (static)
2026-03-28 00:00:00+00:00,18,154.07,120.44441963195241,Ensemble (static)
2026-03-28 00:00:00+00:00,19,143.9525,105.25507849800368,Ensemble (static)
2026-03-28 00:00:00+00:00,20,131.595,82.28481383133882,Ensemble (static)
2026-03-28 00:00:00+00:00,21,125.33,57.75112424142144,Ensemble (static)
2026-03-28 00:00:00+00:00,22,119.58,53.236044628942935,Ensemble (static)
2026-03-28 00:00:00+00:00,23,114.56,48.86249325180154,Ensemble (static)
2026-03-29 00:00:00+00:00,0,107.6975,53.10242850226362,Ensemble (static)
2026-03-29 00:00:00+00:00,1,101.165,51.193908757319775,Ensemble (static)
2026-03-29 00:00:00+00:00,2,105.225,50.13290720650787,Ensemble (static)
2026-03-29 00:00:00+00:00,3,104.605,51.05634215236229,Ensemble (static)
2026-03-29 00:00:00+00:00,4,109.755,50.99756377919872,Ensemble (static)
2026-03-29 00:00:00+00:00,5,115.03,48.37771250840752,Ensemble (static)
2026-03-29 00:00:00+00:00,6,114.8425,75.57304916995477,Ensemble (static)
2026-03-29 00:00:00+00:00,7,94.3975,68.78316922857634,Ensemble (static)
2026-03-29 00:00:00+00:00,8,74.8075,61.750405045983115,Ensemble (static)
2026-03-29 00:00:00+00:00,9,44.6975,53.11123777039752,Ensemble (static)
2026-03-29 00:00:00+00:00,10,9.73,50.071694172015505,Ensemble (static)
2026-03-29 00:00:00+00:00,11,-0.005,41.63293320758618,Ensemble (static)
2026-03-29 00:00:00+00:00,12,-1.785,40.544159715893144,Ensemble (static)
2026-03-29 00:00:00+00:00,13,-2.1,37.29082297316931,Ensemble (static)
2026-03-29 00:00:00+00:00,14,0.8724999999999999,39.797309726422945,Ensemble (static)
2026-03-29 00:00:00+00:00,15,33.31,49.460460285227605,Ensemble (static)
2026-03-29 00:00:00+00:00,16,89.25999999999999,53.11994001965415,Ensemble (static)
2026-03-29 00:00:00+00:00,17,105.6775,65.89651330971675,Ensemble (static)
2026-03-29 00:00:00+00:00,18,95.18,62.34991322480718,Ensemble (static)
2026-03-29 00:00:00+00:00,19,74.8125,63.550797033388434,Ensemble (static)
2026-03-29 00:00:00+00:00,20,66.85,49.577974268089164,Ensemble (static)
2026-03-29 00:00:00+00:00,21,25.635,38.758263654052186,Ensemble (static)
2026-03-29 00:00:00+00:00,22,9.1975,35.41746021848704,Ensemble (static)
2026-03-29 00:00:00+00:00,23,2.3000000000000003,26.867770617345865,Ensemble (static)
2026-03-30 00:00:00+00:00,0,5.02,19.28765343838875,Ensemble (static)
2026-03-30 00:00:00+00:00,1,3.825,22.287881175743067,Ensemble (static)
2026-03-30 00:00:00+00:00,2,4.3575,20.029906737680427,Ensemble (static)
2026-03-30 00:00:00+00:00,3,18.4225,27.697492765979856,Ensemble (static)
2026-03-30 00:00:00+00:00,4,66.87,31.979072904909373,Ensemble (static)
2026-03-30 00:00:00+00:00,5,90.3125,36.51798124224485,Ensemble (static)
2026-03-30 00:00:00+00:00,6,109.2225,60.90037681909378,Ensemble (static)
2026-03-30 00:00:00+00:00,7,96.8375,71.69385597695575,Ensemble (static)
2026-03-30 00:00:00+00:00,8,73.8475,61.62245463467901,Ensemble (static)
2026-03-30 00:00:00+00:00,9,45.9975,55.97506658216384,Ensemble (static)
2026-03-30 00:00:00+00:00,10,23.5875,54.51364308290428,Ensemble (static)
2026-03-30 00:00:00+00:00,11,11.4,50.71519834001966,Ensemble (static)
2026-03-30 00:00:00+00:00,12,7.5425,46.88046472931939,Ensemble (static)
2026-03-30 00:00:00+00:00,13,12.9375,48.492205917258126,Ensemble (static)
2026-03-30 00:00:00+00:00,14,35.145,50.51437698792247,Ensemble (static)
2026-03-30 00:00:00+00:00,15,77.45,61.270172142557726,Ensemble (static)
2026-03-30 00:00:00+00:00,16,104.8275,62.628176761293524,Ensemble (static)
2026-03-30 00:00:00+00:00,17,121.6525,74.83111750563903,Ensemble (static)
2026-03-30 00:00:00+00:00,18,125.6075,74.49902728178566,Ensemble (static)
2026-03-30 00:00:00+00:00,19,126.165,71.09497687495546,Ensemble (static)
2026-03-30 00:00:00+00:00,20,121.175,59.01143196852484,Ensemble (static)
2026-03-30 00:00:00+00:00,21,108.88,44.66191350502285,Ensemble (static)
2026-03-30 00:00:00+00:00,22,109.245,39.768479482408935,Ensemble (static)
2026-03-30 00:00:00+00:00,23,102.68,32.7295636980881,Ensemble (static)
2026-03-31 00:00:00+00:00,0,101.26,49.01216054440564,Ensemble (static)
2026-03-31 00:00:00+00:00,1,100.535,51.244382412311595,Ensemble (static)
2026-03-31 00:00:00+00:00,2,101.68,48.81773927739676,Ensemble (static)
2026-03-31 00:00:00+00:00,3,108.0425,52.56742065148426,Ensemble (static)
2026-03-31 00:00:00+00:00,4,137.1975,54.39052940997828,Ensemble (static)
2026-03-31 00:00:00+00:00,5,152.125,54.22473982623839,Ensemble (static)
2026-03-31 00:00:00+00:00,6,163.79,104.15598642925141,Ensemble (static)
2026-03-31 00:00:00+00:00,7,135.555,86.15834206292877,Ensemble (static)
2026-03-31 00:00:00+00:00,8,104.255,72.6670240147769,Ensemble (static)
2026-03-31 00:00:00+00:00,9,87.35,59.76901350099658,Ensemble (static)
2026-03-31 00:00:00+00:00,10,78.67,53.90917372976884,Ensemble (static)
2026-03-31 00:00:00+00:00,11,55.225,52.07470697961795,Ensemble (static)
2026-03-31 00:00:00+00:00,12,53.4875,47.84949247289274,Ensemble (static)
2026-03-31 00:00:00+00:00,13,63.0525,50.72025742427102,Ensemble (static)
2026-03-31 00:00:00+00:00,14,82.2175,53.23090081926031,Ensemble (static)
2026-03-31 00:00:00+00:00,15,110.9675,67.65663056279135,Ensemble (static)
2026-03-31 00:00:00+00:00,16,151.0,73.06098424879572,Ensemble (static)
2026-03-31 00:00:00+00:00,17,175.0025,91.82948235057552,Ensemble (static)
2026-03-31 00:00:00+00:00,18,176.005,99.02861451592548,Ensemble (static)
2026-03-31 00:00:00+00:00,19,171.725,127.37910025049095,Ensemble (static)
2026-03-31 00:00:00+00:00,20,158.32999999999998,98.25150255194447,Ensemble (static)
2026-03-31 00:00:00+00:00,21,148.475,68.99119442076982,Ensemble (static)
2026-03-31 00:00:00+00:00,22,145.51,60.46462351718464,Ensemble (static)
2026-03-31 00:00:00+00:00,23,129.48749999999998,55.98878353231659,Ensemble (static)
2026-04-01 00:00:00+00:00,0,125.345,64.46775999659168,Ensemble (static)
2026-04-01 00:00:00+00:00,1,129.4275,68.82828281276703,Ensemble (static)
2026-04-01 00:00:00+00:00,2,136.025,64.09390200660744,Ensemble (static)
2026-04-01 00:00:00+00:00,3,149.115,65.8286769618295,Ensemble (static)
2026-04-01 00:00:00+00:00,4,180.835,63.89803300182516,Ensemble (static)
2026-04-01 00:00:00+00:00,5,226.9475,62.78115730276607,Ensemble (static)
2026-04-01 00:00:00+00:00,6,199.9775,77.13490516225147,Ensemble (static)
2026-04-01 00:00:00+00:00,7,171.515,86.14587350138056,Ensemble (static)
2026-04-01 00:00:00+00:00,8,139.8,75.44462452237843,Ensemble (static)
2026-04-01 00:00:00+00:00,9,128.0775,67.065843760669,Ensemble (static)
2026-04-01 00:00:00+00:00,10,115.0525,61.52378778419936,Ensemble (static)
2026-04-01 00:00:00+00:00,11,93.835,58.36284908238179,Ensemble (static)
2026-04-01 00:00:00+00:00,12,86.3325,56.29067339987601,Ensemble (static)
2026-04-01 00:00:00+00:00,13,93.8375,58.10046300629628,Ensemble (static)
2026-04-01 00:00:00+00:00,14,105.515,62.616922298441516,Ensemble (static)
2026-04-01 00:00:00+00:00,15,130.12,78.30584039278257,Ensemble (static)
2026-04-01 00:00:00+00:00,16,152.095,96.1912062224441,Ensemble (static)
2026-04-01 00:00:00+00:00,17,188.665,125.42600563767152,Ensemble (static)
2026-04-01 00:00:00+00:00,18,181.1925,132.44239453085495,Ensemble (static)
2026-04-01 00:00:00+00:00,19,165.8225,179.03165609039667,Ensemble (static)
2026-04-01 00:00:00+00:00,20,152.8225,99.91206526384323,Ensemble (static)
2026-04-01 00:00:00+00:00,21,133.7825,66.32125719842118,Ensemble (static)
2026-04-01 00:00:00+00:00,22,127.1725,62.51254840204162,Ensemble (static)
2026-04-01 00:00:00+00:00,23,118.995,59.94014583477964,Ensemble (static)
2026-04-02 00:00:00+00:00,0,114.13,61.55878362606056,Ensemble (static)
2026-04-02 00:00:00+00:00,1,109.185,61.96699745973133,Ensemble (static)
2026-04-02 00:00:00+00:00,2,107.41,55.434713096290146,Ensemble (static)
2026-04-02 00:00:00+00:00,3,119.2925,55.9729778820403,Ensemble (static)
2026-04-02 00:00:00+00:00,4,152.0525,55.28032060770057,Ensemble (static)
2026-04-02 00:00:00+00:00,5,160.0075,46.95278290832662,Ensemble (static)
2026-04-02 00:00:00+00:00,6,157.6575,69.47738016615163,Ensemble (static)
2026-04-02 00:00:00+00:00,7,114.2775,76.16148406776013,Ensemble (static)
2026-04-02 00:00:00+00:00,8,90.6625,65.92339895154328,Ensemble (static)
2026-04-02 00:00:00+00:00,9,74.25,59.0706567251803,Ensemble (static)
2026-04-02 00:00:00+00:00,10,59.745000000000005,52.05606675913128,Ensemble (static)
2026-04-02 00:00:00+00:00,11,42.455,51.44021507045883,Ensemble (static)
2026-04-02 00:00:00+00:00,12,52.86,50.55272871583046,Ensemble (static)
2026-04-02 00:00:00+00:00,13,73.77,52.98825377414713,Ensemble (static)
2026-04-02 00:00:00+00:00,14,92.7575,55.686513684148295,Ensemble (static)
2026-04-02 00:00:00+00:00,15,108.81,70.83864701403947,Ensemble (static)
2026-04-02 00:00:00+00:00,16,134.385,69.80465894981101,Ensemble (static)
2026-04-02 00:00:00+00:00,17,161.84,77.84535160451085,Ensemble (static)
2026-04-02 00:00:00+00:00,18,159.635,86.96765756241835,Ensemble (static)
2026-04-02 00:00:00+00:00,19,146.5225,87.14569551461929,Ensemble (static)
2026-04-02 00:00:00+00:00,20,134.9975,76.33345116290529,Ensemble (static)
2026-04-02 00:00:00+00:00,21,123.97,57.07064003504292,Ensemble (static)
2026-04-02 00:00:00+00:00,22,133.6,55.95307533067678,Ensemble (static)
2026-04-02 00:00:00+00:00,23,121.985,52.69960812085691,Ensemble (static)
2026-04-03 00:00:00+00:00,0,119.515,58.77012088825413,Ensemble (static)
2026-04-03 00:00:00+00:00,1,117.6675,58.23605787961326,Ensemble (static)
2026-04-03 00:00:00+00:00,2,120.1825,56.15245600439707,Ensemble (static)
2026-04-03 00:00:00+00:00,3,123.4025,57.99172849568072,Ensemble (static)
2026-04-03 00:00:00+00:00,4,133.125,58.94214242851529,Ensemble (static)
2026-04-03 00:00:00+00:00,5,135.8625,46.49201087264497,Ensemble (static)
2026-04-03 00:00:00+00:00,6,131.04250000000002,70.8062854241909,Ensemble (static)
2026-04-03 00:00:00+00:00,7,113.18,68.9804559733983,Ensemble (static)
2026-04-03 00:00:00+00:00,8,85.585,60.362200352131474,Ensemble (static)
2026-04-03 00:00:00+00:00,9,52.9575,55.61475290684193,Ensemble (static)
2026-04-03 00:00:00+00:00,10,27.01,47.86103220246292,Ensemble (static)
2026-04-03 00:00:00+00:00,11,9.945,40.84893177309968,Ensemble (static)
2026-04-03 00:00:00+00:00,12,1.6525,39.47173044219673,Ensemble (static)
2026-04-03 00:00:00+00:00,13,3.05,35.20781638913829,Ensemble (static)
2026-04-03 00:00:00+00:00,14,23.942500000000003,36.96270299982023,Ensemble (static)
2026-04-03 00:00:00+00:00,15,66.7975,44.99535276130294,Ensemble (static)
2026-04-03 00:00:00+00:00,16,88.9725,46.755224885322235,Ensemble (static)
2026-04-03 00:00:00+00:00,17,99.39,53.7320222775409,Ensemble (static)
2026-04-03 00:00:00+00:00,18,96.3375,57.13420459057191,Ensemble (static)
2026-04-03 00:00:00+00:00,19,84.2025,51.31029379956249,Ensemble (static)
2026-04-03 00:00:00+00:00,20,81.28,45.72950864923319,Ensemble (static)
2026-04-03 00:00:00+00:00,21,60.5875,34.876213890528206,Ensemble (static)
2026-04-03 00:00:00+00:00,22,9.7275,34.912873594894506,Ensemble (static)
2026-04-03 00:00:00+00:00,23,8.955,28.549726143089227,Ensemble (static)
2026-04-04 00:00:00+00:00,0,6.4325,19.82510107511402,Ensemble (static)
2026-04-04 00:00:00+00:00,1,1.9875,21.902275941751867,Ensemble (static)
2026-04-04 00:00:00+00:00,2,6.4025,21.10247536081642,Ensemble (static)
2026-04-04 00:00:00+00:00,3,11.735,25.629630316061885,Ensemble (static)
2026-04-04 00:00:00+00:00,4,13.3625,25.890747689446513,Ensemble (static)
2026-04-04 00:00:00+00:00,5,19.2675,30.084052689883045,Ensemble (static)
2026-04-04 00:00:00+00:00,6,16.695,51.091253655846316,Ensemble (static)
2026-04-04 00:00:00+00:00,7,6.6,57.254158525035365,Ensemble (static)
2026-04-04 00:00:00+00:00,8,1.81,49.53741600700657,Ensemble (static)
2026-04-04 00:00:00+00:00,9,-0.01,45.163394532738614,Ensemble (static)
2026-04-04 00:00:00+00:00,10,-0.2475,42.21624617115406,Ensemble (static)
2026-04-04 00:00:00+00:00,11,-0.035,38.47991372749783,Ensemble (static)
2026-04-04 00:00:00+00:00,12,-0.0175,37.98954815470391,Ensemble (static)
2026-04-04 00:00:00+00:00,13,0.025,40.86531964965658,Ensemble (static)
2026-04-04 00:00:00+00:00,14,10.69,44.53605423634866,Ensemble (static)
2026-04-04 00:00:00+00:00,15,62.735,60.195154642086734,Ensemble (static)
2026-04-04 00:00:00+00:00,16,109.595,62.83408068142429,Ensemble (static)
2026-04-04 00:00:00+00:00,17,149.8725,75.17668529970925,Ensemble (static)
2026-04-04 00:00:00+00:00,18,135.74,82.57993552996972,Ensemble (static)
2026-04-04 00:00:00+00:00,19,103.8375,81.74096836189958,Ensemble (static)
2026-04-04 00:00:00+00:00,20,76.8075,54.17223321240954,Ensemble (static)
2026-04-04 00:00:00+00:00,21,41.8325,39.19457983095302,Ensemble (static)
2026-04-04 00:00:00+00:00,22,1.0575,32.396738407717635,Ensemble (static)
2026-04-04 00:00:00+00:00,23,-0.005,25.063397504897956,Ensemble (static)
2026-04-05 00:00:00+00:00,0,-0.3625,16.94567181435107,Ensemble (static)
2026-04-05 00:00:00+00:00,1,-1.2075,17.19414036524236,Ensemble (static)
2026-04-05 00:00:00+00:00,2,-1.6175,17.439194668271817,Ensemble (static)
2026-04-05 00:00:00+00:00,3,-2.0425,19.994877545707013,Ensemble (static)
2026-04-05 00:00:00+00:00,4,-2.995,19.796373841849793,Ensemble (static)
2026-04-05 00:00:00+00:00,5,-1.29,24.258724304127902,Ensemble (static)
2026-04-05 00:00:00+00:00,6,-2.43,34.7306236538448,Ensemble (static)
2026-04-05 00:00:00+00:00,7,-10.5575,35.48805720418118,Ensemble (static)
2026-04-05 00:00:00+00:00,8,-39.9675,29.19207364172702,Ensemble (static)
2026-04-05 00:00:00+00:00,9,-71.3425,27.076075992546848,Ensemble (static)
2026-04-05 00:00:00+00:00,10,-84.9525,20.828912500379566,Ensemble (static)
2026-04-05 00:00:00+00:00,11,-105.175,17.879503405312228,Ensemble (static)
2026-04-05 00:00:00+00:00,12,-98.705,17.72194770646076,Ensemble (static)
2026-04-05 00:00:00+00:00,13,-66.9075,17.6105784196315,Ensemble (static)
2026-04-05 00:00:00+00:00,14,-29.98,21.142439471076784,Ensemble (static)
2026-04-05 00:00:00+00:00,15,-6.5875,31.497801423294447,Ensemble (static)
2026-04-05 00:00:00+00:00,16,-0.1025,34.9842668520189,Ensemble (static)
2026-04-05 00:00:00+00:00,17,20.0425,45.939018870082386,Ensemble (static)
2026-04-05 00:00:00+00:00,18,33.35,51.0949798741148,Ensemble (static)
2026-04-05 00:00:00+00:00,19,30.205,46.50143344796252,Ensemble (static)
2026-04-05 00:00:00+00:00,20,30.3775,40.14227303905038,Ensemble (static)
2026-04-05 00:00:00+00:00,21,19.0225,29.978218098168064,Ensemble (static)
2026-04-05 00:00:00+00:00,22,3.24,27.09029743539296,Ensemble (static)
2026-04-05 00:00:00+00:00,23,1.985,22.468465759843074,Ensemble (static)
2026-04-06 00:00:00+00:00,0,1.04,10.148823766885503,Ensemble (static)
2026-04-06 00:00:00+00:00,1,1.36,13.591352313642318,Ensemble (static)
2026-04-06 00:00:00+00:00,2,1.06,15.565184082465983,Ensemble (static)
2026-04-06 00:00:00+00:00,3,2.11,19.011828216041973,Ensemble (static)
2026-04-06 00:00:00+00:00,4,1.985,22.03599485437072,Ensemble (static)
2026-04-06 00:00:00+00:00,5,1.3325,26.97161952088893,Ensemble (static)
2026-04-06 00:00:00+00:00,6,-0.9425,44.30300444628426,Ensemble (static)
2026-04-06 00:00:00+00:00,7,-11.105,42.90105769779753,Ensemble (static)
2026-04-06 00:00:00+00:00,8,-26.0025,36.351492405973886,Ensemble (static)
2026-04-06 00:00:00+00:00,9,-59.760000000000005,28.833955425718415,Ensemble (static)
2026-04-06 00:00:00+00:00,10,-79.515,28.92277809311547,Ensemble (static)
2026-04-06 00:00:00+00:00,11,-125.6375,24.329985805583874,Ensemble (static)
2026-04-06 00:00:00+00:00,12,-123.535,26.10019454171062,Ensemble (static)
2026-04-06 00:00:00+00:00,13,-84.6175,25.271600843523935,Ensemble (static)
2026-04-06 00:00:00+00:00,14,-28.72,31.327314606408358,Ensemble (static)
2026-04-06 00:00:00+00:00,15,-5.609999999999999,38.56017528245014,Ensemble (static)
2026-04-06 00:00:00+00:00,16,48.625,40.76760925876231,Ensemble (static)
2026-04-06 00:00:00+00:00,17,107.6875,54.32510699598638,Ensemble (static)
2026-04-06 00:00:00+00:00,18,116.005,66.29111849436376,Ensemble (static)
2026-04-06 00:00:00+00:00,19,109.2225,70.33544576766354,Ensemble (static)
2026-04-06 00:00:00+00:00,20,113.8475,56.65003145527962,Ensemble (static)
2026-04-06 00:00:00+00:00,21,108.805,45.889095781358066,Ensemble (static)
2026-04-06 00:00:00+00:00,22,106.4,42.60019300535399,Ensemble (static)
2026-04-06 00:00:00+00:00,23,101.295,38.04768649782603,Ensemble (static)
2026-04-07 00:00:00+00:00,0,101.6475,47.62473759027611,Ensemble (static)
2026-04-07 00:00:00+00:00,1,102.28,46.40871743280001,Ensemble (static)
2026-04-07 00:00:00+00:00,2,105.135,42.98079335825082,Ensemble (static)
2026-04-07 00:00:00+00:00,3,117.7675,47.62380933046724,Ensemble (static)
2026-04-07 00:00:00+00:00,4,143.9125,48.928677139838776,Ensemble (static)
2026-04-07 00:00:00+00:00,5,178.2625,54.95472778259649,Ensemble (static)
2026-04-07 00:00:00+00:00,6,127.8575,83.91075856150461,Ensemble (static)
2026-04-07 00:00:00+00:00,7,81.8025,73.94134228036047,Ensemble (static)
2026-04-07 00:00:00+00:00,8,24.8875,60.87366015944674,Ensemble (static)
2026-04-07 00:00:00+00:00,9,-0.0074999999999999,49.87631558663935,Ensemble (static)
2026-04-07 00:00:00+00:00,10,-3.01,47.45007610850343,Ensemble (static)
2026-04-07 00:00:00+00:00,11,-11.2875,44.596925037580704,Ensemble (static)
2026-04-07 00:00:00+00:00,12,-11.23,41.72274849733073,Ensemble (static)
2026-04-07 00:00:00+00:00,13,-4.205,45.660522392141104,Ensemble (static)
2026-04-07 00:00:00+00:00,14,3.8,49.63533794599751,Ensemble (static)
2026-04-07 00:00:00+00:00,15,79.9025,70.94005675049651,Ensemble (static)
2026-04-07 00:00:00+00:00,16,137.995,74.1411669365319,Ensemble (static)
2026-04-07 00:00:00+00:00,17,194.0275,107.10065930847726,Ensemble (static)
2026-04-07 00:00:00+00:00,18,188.8825,120.00810860143832,Ensemble (static)
2026-04-07 00:00:00+00:00,19,144.0025,121.43833461778135,Ensemble (static)
2026-04-07 00:00:00+00:00,20,129.01,77.2694540779062,Ensemble (static)
2026-04-07 00:00:00+00:00,21,118.2,59.19937933428889,Ensemble (static)
2026-04-07 00:00:00+00:00,22,107.17,49.18793465961502,Ensemble (static)
2026-04-07 00:00:00+00:00,23,102.21,40.82602648238277,Ensemble (static)
2026-04-08 00:00:00+00:00,0,100.82,59.35975696575694,Ensemble (static)
2026-04-08 00:00:00+00:00,1,103.4975,62.20148855914866,Ensemble (static)
2026-04-08 00:00:00+00:00,2,107.5125,65.55775796721143,Ensemble (static)
2026-04-08 00:00:00+00:00,3,116.9275,74.5357890317089,Ensemble (static)
2026-04-08 00:00:00+00:00,4,149.79500000000002,78.04765103492237,Ensemble (static)
2026-04-08 00:00:00+00:00,5,168.7975,62.77132806538685,Ensemble (static)
2026-04-08 00:00:00+00:00,6,138.5075,98.96587907111406,Ensemble (static)
2026-04-08 00:00:00+00:00,7,97.45,72.51622342234592,Ensemble (static)
2026-04-08 00:00:00+00:00,8,51.12,57.09115748736646,Ensemble (static)
2026-04-08 00:00:00+00:00,9,-0.0499999999999998,52.40169472564966,Ensemble (static)
2026-04-08 00:00:00+00:00,10,-18.8275,44.70203650590703,Ensemble (static)
2026-04-08 00:00:00+00:00,11,-32.78,42.88938518224941,Ensemble (static)
2026-04-08 00:00:00+00:00,12,-29.735,41.66519600990952,Ensemble (static)
2026-04-08 00:00:00+00:00,13,-13.155,44.95417200140834,Ensemble (static)
2026-04-08 00:00:00+00:00,14,13.3525,49.9625144930956,Ensemble (static)
2026-04-08 00:00:00+00:00,15,91.875,69.7735294742967,Ensemble (static)
2026-04-08 00:00:00+00:00,16,134.2475,81.59100626078867,Ensemble (static)
2026-04-08 00:00:00+00:00,17,170.0075,95.5961309327614,Ensemble (static)
2026-04-08 00:00:00+00:00,18,160.5525,86.74736994020716,Ensemble (static)
2026-04-08 00:00:00+00:00,19,137.10250000000002,81.7816436453131,Ensemble (static)
2026-04-08 00:00:00+00:00,20,121.3925,63.25127377815713,Ensemble (static)
2026-04-08 00:00:00+00:00,21,109.475,51.12798104405024,Ensemble (static)
2026-04-08 00:00:00+00:00,22,104.8975,44.884068146076245,Ensemble (static)
2026-04-08 00:00:00+00:00,23,101.1025,38.379025193461814,Ensemble (static)
2026-04-09 00:00:00+00:00,0,101.095,57.94934641718406,Ensemble (static)
2026-04-09 00:00:00+00:00,1,101.8625,60.59041082822637,Ensemble (static)
2026-04-09 00:00:00+00:00,2,105.1,58.828579319436685,Ensemble (static)
2026-04-09 00:00:00+00:00,3,115.8725,69.92000732069621,Ensemble (static)
2026-04-09 00:00:00+00:00,4,135.29500000000002,74.18954067977769,Ensemble (static)
2026-04-09 00:00:00+00:00,5,146.6,104.24147586703188,Ensemble (static)
2026-04-09 00:00:00+00:00,6,128.09,135.65779842657818,Ensemble (static)
2026-04-09 00:00:00+00:00,7,99.675,87.23181212949684,Ensemble (static)
2026-04-09 00:00:00+00:00,8,54.9975,67.10920819331466,Ensemble (static)
2026-04-09 00:00:00+00:00,9,1.2075,57.668708018470994,Ensemble (static)
2026-04-09 00:00:00+00:00,10,-1.03,54.97207445535187,Ensemble (static)
2026-04-09 00:00:00+00:00,11,-7.865,46.98793224051137,Ensemble (static)
2026-04-09 00:00:00+00:00,12,-8.1375,45.8425763071929,Ensemble (static)
2026-04-09 00:00:00+00:00,13,-1.3025,47.500984702918,Ensemble (static)
2026-04-09 00:00:00+00:00,14,27.08,54.13057879978945,Ensemble (static)
2026-04-09 00:00:00+00:00,15,82.5275,73.52956571119475,Ensemble (static)
2026-04-09 00:00:00+00:00,16,115.355,87.42854008436892,Ensemble (static)
2026-04-09 00:00:00+00:00,17,137.1675,99.97398662868814,Ensemble (static)
2026-04-09 00:00:00+00:00,18,127.325,95.45922048138416,Ensemble (static)
2026-04-09 00:00:00+00:00,19,110.95,104.98763051711086,Ensemble (static)
2026-04-09 00:00:00+00:00,20,100.23,72.28744474375617,Ensemble (static)
2026-04-09 00:00:00+00:00,21,81.05250000000001,52.22858268882146,Ensemble (static)
2026-04-09 00:00:00+00:00,22,81.88,45.691332818022666,Ensemble (static)
2026-04-09 00:00:00+00:00,23,79.32,35.28519928042294,Ensemble (static)
2026-04-10 00:00:00+00:00,0,78.83,50.190718077829544,Ensemble (static)
2026-04-10 00:00:00+00:00,1,78.5525,52.98165512986004,Ensemble (static)
2026-04-10 00:00:00+00:00,2,81.1225,51.69968927165274,Ensemble (static)
2026-04-10 00:00:00+00:00,3,88.7675,55.95727288181604,Ensemble (static)
2026-04-10 00:00:00+00:00,4,112.1575,56.77379790705853,Ensemble (static)
2026-04-10 00:00:00+00:00,5,126.4375,58.3182649425129,Ensemble (static)
2026-04-10 00:00:00+00:00,6,123.16,119.39817187240598,Ensemble (static)
2026-04-10 00:00:00+00:00,7,119.265,83.8860993731342,Ensemble (static)
2026-04-10 00:00:00+00:00,8,109.84,72.70086749929175,Ensemble (static)
2026-04-10 00:00:00+00:00,9,102.99,66.87546151572755,Ensemble (static)
2026-04-10 00:00:00+00:00,10,92.09,60.3366310846549,Ensemble (static)
2026-04-10 00:00:00+00:00,11,88.9375,59.654485158067644,Ensemble (static)
2026-04-10 00:00:00+00:00,12,87.4,58.36361328820533,Ensemble (static)
2026-04-10 00:00:00+00:00,13,94.0175,62.811069721535745,Ensemble (static)
2026-04-10 00:00:00+00:00,14,108.78,59.93595875926036,Ensemble (static)
2026-04-10 00:00:00+00:00,15,130.1025,77.49862904423951,Ensemble (static)
2026-04-10 00:00:00+00:00,16,155.29,107.83102331058528,Ensemble (static)
2026-04-10 00:00:00+00:00,17,227.7675,146.22705131435706,Ensemble (static)
2026-04-10 00:00:00+00:00,18,245.115,168.1519842688061,Ensemble (static)
2026-04-10 00:00:00+00:00,19,176.4775,261.4232009617731,Ensemble (static)
2026-04-10 00:00:00+00:00,20,149.305,175.88385405371974,Ensemble (static)
2026-04-10 00:00:00+00:00,21,131.96,112.94372718426621,Ensemble (static)
2026-04-10 00:00:00+00:00,22,134.015,79.74025278624126,Ensemble (static)
2026-04-10 00:00:00+00:00,23,120.6325,62.86790455292973,Ensemble (static)
2026-04-11 00:00:00+00:00,0,114.3825,57.194578520473925,Ensemble (static)
2026-04-11 00:00:00+00:00,1,112.35,52.6590825901301,Ensemble (static)
2026-04-11 00:00:00+00:00,2,110.8375,46.45826481895581,Ensemble (static)
2026-04-11 00:00:00+00:00,3,108.36,46.008335264461,Ensemble (static)
2026-04-11 00:00:00+00:00,4,106.605,42.087693423311435,Ensemble (static)
2026-04-11 00:00:00+00:00,5,93.2375,40.445830975779515,Ensemble (static)
2026-04-11 00:00:00+00:00,6,69.61,56.781067307085024,Ensemble (static)
2026-04-11 00:00:00+00:00,7,21.57,57.60267774625086,Ensemble (static)
2026-04-11 00:00:00+00:00,8,-0.1574999999999997,48.75431173872845,Ensemble (static)
2026-04-11 00:00:00+00:00,9,-8.307500000000001,43.992683458283906,Ensemble (static)
2026-04-11 00:00:00+00:00,10,-40.2525,37.56691206711216,Ensemble (static)
2026-04-11 00:00:00+00:00,11,-79.965,32.901165659364395,Ensemble (static)
2026-04-11 00:00:00+00:00,12,-77.635,31.327312390448647,Ensemble (static)
2026-04-11 00:00:00+00:00,13,-45.8275,32.11221368462706,Ensemble (static)
2026-04-11 00:00:00+00:00,14,-15.7975,32.471562347205136,Ensemble (static)
2026-04-11 00:00:00+00:00,15,-0.7149999999999999,43.59741132298843,Ensemble (static)
2026-04-11 00:00:00+00:00,16,43.697500000000005,43.05795716246837,Ensemble (static)
2026-04-11 00:00:00+00:00,17,73.8175,52.86101387704965,Ensemble (static)
2026-04-11 00:00:00+00:00,18,74.7875,55.46308150740208,Ensemble (static)
2026-04-11 00:00:00+00:00,19,65.2325,54.83513975213456,Ensemble (static)
2026-04-11 00:00:00+00:00,20,68.6275,46.98678036239397,Ensemble (static)
2026-04-11 00:00:00+00:00,21,68.625,35.89018676381755,Ensemble (static)
2026-04-11 00:00:00+00:00,22,72.52250000000001,34.697154424757,Ensemble (static)
2026-04-11 00:00:00+00:00,23,76.57249999999999,32.06536076585102,Ensemble (static)
2026-04-12 00:00:00+00:00,0,80.4225,42.72640734394783,Ensemble (static)
2026-04-12 00:00:00+00:00,1,85.26,42.48609648180365,Ensemble (static)
2026-04-12 00:00:00+00:00,2,95.1025,44.555056812750784,Ensemble (static)
2026-04-12 00:00:00+00:00,3,98.05,43.970974937407945,Ensemble (static)
2026-04-12 00:00:00+00:00,4,98.7,45.25332699348381,Ensemble (static)
2026-04-12 00:00:00+00:00,5,94.3175,44.696500763627974,Ensemble (static)
2026-04-12 00:00:00+00:00,6,76.10249999999999,64.37988909971679,Ensemble (static)
2026-04-12 00:00:00+00:00,7,53.3225,63.17419218784424,Ensemble (static)
2026-04-12 00:00:00+00:00,8,30.2325,59.0107331238329,Ensemble (static)
2026-04-12 00:00:00+00:00,9,22.415,56.1923460199132,Ensemble (static)
2026-04-12 00:00:00+00:00,10,14.975,54.50891942046562,Ensemble (static)
2026-04-12 00:00:00+00:00,11,1.97,54.631816280848355,Ensemble (static)
2026-04-12 00:00:00+00:00,12,4.625,53.43203297827138,Ensemble (static)
2026-04-12 00:00:00+00:00,13,15.905,54.968004848628674,Ensemble (static)
2026-04-12 00:00:00+00:00,14,67.55,56.07359976165729,Ensemble (static)
2026-04-12 00:00:00+00:00,15,110.1775,70.11231053979321,Ensemble (static)
2026-04-12 00:00:00+00:00,16,135.3875,74.4587653892158,Ensemble (static)
2026-04-12 00:00:00+00:00,17,144.765,81.80304123339519,Ensemble (static)
2026-04-12 00:00:00+00:00,18,146.8025,90.83624423967653,Ensemble (static)
2026-04-12 00:00:00+00:00,19,136.73250000000002,84.90147956575998,Ensemble (static)
2026-04-12 00:00:00+00:00,20,130.6075,70.00166436871194,Ensemble (static)
2026-04-12 00:00:00+00:00,21,121.0175,57.999908243100634,Ensemble (static)
2026-04-12 00:00:00+00:00,22,116.5425,54.310668521996845,Ensemble (static)
2026-04-12 00:00:00+00:00,23,109.795,50.29817173193957,Ensemble (static)
2026-04-13 00:00:00+00:00,0,107.315,59.24914107790541,Ensemble (static)
2026-04-13 00:00:00+00:00,1,107.59,64.3821259176847,Ensemble (static)
2026-04-13 00:00:00+00:00,2,110.02,61.882663876918706,Ensemble (static)
2026-04-13 00:00:00+00:00,3,119.0725,63.18709649450424,Ensemble (static)
2026-04-13 00:00:00+00:00,4,136.115,58.36380251792228,Ensemble (static)
2026-04-13 00:00:00+00:00,5,145.12,49.94259425486058,Ensemble (static)
2026-04-13 00:00:00+00:00,6,173.88,70.79908557793274,Ensemble (static)
2026-04-13 00:00:00+00:00,7,160.965,81.5361875221044,Ensemble (static)
2026-04-13 00:00:00+00:00,8,138.63,73.67661898112101,Ensemble (static)
2026-04-13 00:00:00+00:00,9,116.0,68.17635600482696,Ensemble (static)
2026-04-13 00:00:00+00:00,10,104.735,64.10518137371744,Ensemble (static)
2026-04-13 00:00:00+00:00,11,97.3925,63.56928152714398,Ensemble (static)
2026-04-13 00:00:00+00:00,12,101.695,62.39445584277297,Ensemble (static)
2026-04-13 00:00:00+00:00,13,104.6375,64.69763700421925,Ensemble (static)
2026-04-13 00:00:00+00:00,14,114.5975,64.20061432791891,Ensemble (static)
2026-04-13 00:00:00+00:00,15,130.3775,75.45866910084872,Ensemble (static)
2026-04-13 00:00:00+00:00,16,148.2,77.97626438172053,Ensemble (static)
2026-04-13 00:00:00+00:00,17,164.5225,83.30015626135233,Ensemble (static)
2026-04-13 00:00:00+00:00,18,156.61,84.12237430706146,Ensemble (static)
2026-04-13 00:00:00+00:00,19,139.0475,76.99880828877852,Ensemble (static)
2026-04-13 00:00:00+00:00,20,129.76,66.54413659682815,Ensemble (static)
2026-04-13 00:00:00+00:00,21,122.6275,52.325586964130096,Ensemble (static)
2026-04-13 00:00:00+00:00,22,116.0625,49.47073773548099,Ensemble (static)
2026-04-13 00:00:00+00:00,23,113.665,48.555391671944925,Ensemble (static)
2026-04-14 00:00:00+00:00,0,114.99,59.78533697063278,Ensemble (static)
2026-04-14 00:00:00+00:00,1,113.385,61.4305655635481,Ensemble (static)
2026-04-14 00:00:00+00:00,2,114.68,56.89823986592851,Ensemble (static)
2026-04-14 00:00:00+00:00,3,118.1475,59.775407386089654,Ensemble (static)
2026-04-14 00:00:00+00:00,4,138.72,61.92731892677565,Ensemble (static)
2026-04-14 00:00:00+00:00,5,163.0225,60.67914740901544,Ensemble (static)
2026-04-14 00:00:00+00:00,6,164.495,91.17162419350474,Ensemble (static)
2026-04-14 00:00:00+00:00,7,144.32999999999998,90.97752013752475,Ensemble (static)
2026-04-14 00:00:00+00:00,8,128.82999999999998,79.42698076140135,Ensemble (static)
2026-04-14 00:00:00+00:00,9,117.3325,72.43886876220509,Ensemble (static)
2026-04-14 00:00:00+00:00,10,109.5075,70.88588899394054,Ensemble (static)
2026-04-14 00:00:00+00:00,11,104.7,70.98992002539228,Ensemble (static)
2026-04-14 00:00:00+00:00,12,108.91,75.0738485925981,Ensemble (static)
2026-04-14 00:00:00+00:00,13,115.5675,83.31811281662077,Ensemble (static)
2026-04-14 00:00:00+00:00,14,121.695,85.82984720052309,Ensemble (static)
2026-04-14 00:00:00+00:00,15,137.4375,104.06438771997294,Ensemble (static)
2026-04-14 00:00:00+00:00,16,160.015,159.56161846688804,Ensemble (static)
2026-04-14 00:00:00+00:00,17,224.7525,203.79632538854943,Ensemble (static)
2026-04-14 00:00:00+00:00,18,234.2775,191.88921080373586,Ensemble (static)
2026-04-14 00:00:00+00:00,19,165.9475,353.6568956012677,Ensemble (static)
2026-04-14 00:00:00+00:00,20,148.2575,228.14088530307004,Ensemble (static)
2026-04-14 00:00:00+00:00,21,135.37,128.07801585283386,Ensemble (static)
2026-04-14 00:00:00+00:00,22,121.6,109.80535544858137,Ensemble (static)
2026-04-14 00:00:00+00:00,23,116.4575,115.22854746260019,Ensemble (static)
2026-04-15 00:00:00+00:00,0,111.7675,62.18359477002994,Ensemble (static)
2026-04-15 00:00:00+00:00,1,110.0175,59.853660693246695,Ensemble (static)
2026-04-15 00:00:00+00:00,2,110.8425,52.75915608642343,Ensemble (static)
2026-04-15 00:00:00+00:00,3,123.18,54.071726984991805,Ensemble (static)
2026-04-15 00:00:00+00:00,4,148.44,53.59170658852512,Ensemble (static)
2026-04-15 00:00:00+00:00,5,159.5525,51.93684695788801,Ensemble (static)
2026-04-15 00:00:00+00:00,6,140.1,71.38474380492258,Ensemble (static)
2026-04-15 00:00:00+00:00,7,116.32,74.89801847487357,Ensemble (static)
2026-04-15 00:00:00+00:00,8,100.8025,67.0922584124588,Ensemble (static)
2026-04-15 00:00:00+00:00,9,78.94,60.57884971191994,Ensemble (static)
2026-04-15 00:00:00+00:00,10,58.3175,57.18949127663994,Ensemble (static)
2026-04-15 00:00:00+00:00,11,50.2325,55.39933787961503,Ensemble (static)
2026-04-15 00:00:00+00:00,12,67.25750000000001,58.38081178978197,Ensemble (static)
2026-04-15 00:00:00+00:00,13,81.4925,62.24252738348791,Ensemble (static)
2026-04-15 00:00:00+00:00,14,99.255,66.884600581326,Ensemble (static)
2026-04-15 00:00:00+00:00,15,124.84,88.27238481758208,Ensemble (static)
2026-04-15 00:00:00+00:00,16,141.9,111.50620697924904,Ensemble (static)
2026-04-15 00:00:00+00:00,17,180.07999999999998,131.11544681783545,Ensemble (static)
2026-04-15 00:00:00+00:00,18,180.8,132.86666036155424,Ensemble (static)
2026-04-15 00:00:00+00:00,19,148.07999999999998,153.49251423397257,Ensemble (static)
2026-04-15 00:00:00+00:00,20,132.685,98.52216128344077,Ensemble (static)
2026-04-15 00:00:00+00:00,21,117.77,66.73509837534948,Ensemble (static)
2026-04-15 00:00:00+00:00,22,106.215,62.64069461882326,Ensemble (static)
2026-04-15 00:00:00+00:00,23,101.3975,57.86356351678091,Ensemble (static)
2026-04-16 00:00:00+00:00,0,99.595,56.78572520956984,Ensemble (static)
2026-04-16 00:00:00+00:00,1,98.365,59.02068251489345,Ensemble (static)
2026-04-16 00:00:00+00:00,2,100.9025,54.46934262428165,Ensemble (static)
2026-04-16 00:00:00+00:00,3,110.605,56.31893802854487,Ensemble (static)
2026-04-16 00:00:00+00:00,4,139.475,58.1094448449296,Ensemble (static)
2026-04-16 00:00:00+00:00,5,145.02249999999998,52.80307756329015,Ensemble (static)
2026-04-16 00:00:00+00:00,6,133.635,75.90805326689781,Ensemble (static)
2026-04-16 00:00:00+00:00,7,110.195,77.66630695329148,Ensemble (static)
2026-04-16 00:00:00+00:00,8,96.3525,68.96975320846686,Ensemble (static)
2026-04-16 00:00:00+00:00,9,75.6725,59.72865510672001,Ensemble (static)
2026-04-16 00:00:00+00:00,10,60.5125,57.181792812598054,Ensemble (static)
2026-04-16 00:00:00+00:00,11,45.7675,54.67169438452413,Ensemble (static)
2026-04-16 00:00:00+00:00,12,53.9725,54.901434673606026,Ensemble (static)
2026-04-16 00:00:00+00:00,13,70.87,54.8443122492187,Ensemble (static)
2026-04-16 00:00:00+00:00,14,89.7575,59.467111455274804,Ensemble (static)
2026-04-16 00:00:00+00:00,15,111.555,75.34882573477972,Ensemble (static)
2026-04-16 00:00:00+00:00,16,131.145,83.63620646360363,Ensemble (static)
2026-04-16 00:00:00+00:00,17,166.9275,109.14995772784344,Ensemble (static)
2026-04-16 00:00:00+00:00,18,187.3175,129.8256137774131,Ensemble (static)
2026-04-16 00:00:00+00:00,19,155.01,181.68317071656256,Ensemble (static)
2026-04-16 00:00:00+00:00,20,138.76,118.24514910392594,Ensemble (static)
2026-04-16 00:00:00+00:00,21,127.3625,87.79641353214478,Ensemble (static)
2026-04-16 00:00:00+00:00,22,121.7725,82.50327281661721,Ensemble (static)
2026-04-16 00:00:00+00:00,23,115.5225,76.39353199888961,Ensemble (static)
2026-04-17 00:00:00+00:00,0,112.5325,70.02922250932329,Ensemble (static)
2026-04-17 00:00:00+00:00,1,108.5125,68.41822962426136,Ensemble (static)
2026-04-17 00:00:00+00:00,2,111.4675,61.164030480062394,Ensemble (static)
2026-04-17 00:00:00+00:00,3,120.1925,64.18824393990246,Ensemble (static)
2026-04-17 00:00:00+00:00,4,146.5675,65.09208803345349,Ensemble (static)
2026-04-17 00:00:00+00:00,5,148.555,55.88620775661592,Ensemble (static)
2026-04-17 00:00:00+00:00,6,127.1575,70.50992845854651,Ensemble (static)
2026-04-17 00:00:00+00:00,7,101.9025,76.53636190319092,Ensemble (static)
2026-04-17 00:00:00+00:00,8,90.7825,65.33952951536664,Ensemble (static)
2026-04-17 00:00:00+00:00,9,57.88,60.62538734895999,Ensemble (static)
2026-04-17 00:00:00+00:00,10,30.87,55.33566466020652,Ensemble (static)
2026-04-17 00:00:00+00:00,11,26.445,54.063375267014706,Ensemble (static)
2026-04-17 00:00:00+00:00,12,31.3725,53.93290757810138,Ensemble (static)
2026-04-17 00:00:00+00:00,13,59.9975,55.224198628043965,Ensemble (static)
2026-04-17 00:00:00+00:00,14,81.82,61.50183377085232,Ensemble (static)
2026-04-17 00:00:00+00:00,15,102.31,81.87462330410058,Ensemble (static)
2026-04-17 00:00:00+00:00,16,126.755,86.13831422700903,Ensemble (static)
2026-04-17 00:00:00+00:00,17,157.405,100.58159320896151,Ensemble (static)
2026-04-17 00:00:00+00:00,18,157.1125,115.17371399546623,Ensemble (static)
2026-04-17 00:00:00+00:00,19,138.0075,108.9921736418688,Ensemble (static)
2026-04-17 00:00:00+00:00,20,123.93,82.54675833650478,Ensemble (static)
2026-04-17 00:00:00+00:00,21,112.71,65.31430243456727,Ensemble (static)
2026-04-17 00:00:00+00:00,22,116.245,62.03364366154816,Ensemble (static)
2026-04-17 00:00:00+00:00,23,110.8775,61.122547298176215,Ensemble (static)
2026-04-18 00:00:00+00:00,0,109.6625,62.06706340523127,Ensemble (static)
2026-04-18 00:00:00+00:00,1,107.695,61.623913322169074,Ensemble (static)
2026-04-18 00:00:00+00:00,2,108.8725,58.215794496333736,Ensemble (static)
2026-04-18 00:00:00+00:00,3,110.905,55.95501468376288,Ensemble (static)
2026-04-18 00:00:00+00:00,4,110.83,52.781768056419814,Ensemble (static)
2026-04-18 00:00:00+00:00,5,105.7425,45.27811961166901,Ensemble (static)
2026-04-18 00:00:00+00:00,6,92.2875,58.66202068849427,Ensemble (static)
2026-04-18 00:00:00+00:00,7,75.1275,59.48099724353192,Ensemble (static)
2026-04-18 00:00:00+00:00,8,39.5675,55.266763775753475,Ensemble (static)
2026-04-18 00:00:00+00:00,9,3.94,52.01693407925075,Ensemble (static)
2026-04-18 00:00:00+00:00,10,-3.3825000000000003,47.36258832578869,Ensemble (static)
2026-04-18 00:00:00+00:00,11,-4.08,44.843099560802656,Ensemble (static)
2026-04-18 00:00:00+00:00,12,-0.1,47.74884037697146,Ensemble (static)
2026-04-18 00:00:00+00:00,13,18.8975,49.48580015366396,Ensemble (static)
2026-04-18 00:00:00+00:00,14,44.8875,52.098274400647114,Ensemble (static)
2026-04-18 00:00:00+00:00,15,90.805,64.6229386948815,Ensemble (static)
2026-04-18 00:00:00+00:00,16,119.595,67.78852730451104,Ensemble (static)
2026-04-18 00:00:00+00:00,17,131.54,75.57704862630337,Ensemble (static)
2026-04-18 00:00:00+00:00,18,144.89,94.02401309318769,Ensemble (static)
2026-04-18 00:00:00+00:00,19,140.29500000000002,89.35767763361616,Ensemble (static)
2026-04-18 00:00:00+00:00,20,129.9925,77.15375925025334,Ensemble (static)
2026-04-18 00:00:00+00:00,21,125.0,61.23830436577326,Ensemble (static)
2026-04-18 00:00:00+00:00,22,116.56,60.801473460135796,Ensemble (static)
2026-04-18 00:00:00+00:00,23,109.95,56.59734453438317,Ensemble (static)
2026-04-19 00:00:00+00:00,0,109.205,58.545721450832794,Ensemble (static)
2026-04-19 00:00:00+00:00,1,106.3225,57.679048425801376,Ensemble (static)
2026-04-19 00:00:00+00:00,2,105.415,55.90616865440367,Ensemble (static)
2026-04-19 00:00:00+00:00,3,106.55,55.93474200043317,Ensemble (static)
2026-04-19 00:00:00+00:00,4,104.7825,53.064953247494756,Ensemble (static)
2026-04-19 00:00:00+00:00,5,100.0325,42.478391517304495,Ensemble (static)
2026-04-19 00:00:00+00:00,6,96.63,65.79755488627129,Ensemble (static)
2026-04-19 00:00:00+00:00,7,93.8425,66.87267691902954,Ensemble (static)
2026-04-19 00:00:00+00:00,8,71.385,60.527733853821715,Ensemble (static)
2026-04-19 00:00:00+00:00,9,31.985,53.04441316085063,Ensemble (static)
2026-04-19 00:00:00+00:00,10,5.735,47.841074944810984,Ensemble (static)
2026-04-19 00:00:00+00:00,11,-0.8475,43.853744960974126,Ensemble (static)
2026-04-19 00:00:00+00:00,12,-3.005,42.021480500708805,Ensemble (static)
2026-04-19 00:00:00+00:00,13,-2.255,38.55868437558621,Ensemble (static)
2026-04-19 00:00:00+00:00,14,16.02,40.04810823056317,Ensemble (static)
2026-04-19 00:00:00+00:00,15,73.7575,48.20157547173308,Ensemble (static)
2026-04-19 00:00:00+00:00,16,103.855,50.70194407412926,Ensemble (static)
2026-04-19 00:00:00+00:00,17,117.3525,60.957725213280064,Ensemble (static)
2026-04-19 00:00:00+00:00,18,124.1125,67.46314342446674,Ensemble (static)
2026-04-19 00:00:00+00:00,19,121.5475,69.29870804011492,Ensemble (static)
2026-04-19 00:00:00+00:00,20,119.3625,56.389092814379254,Ensemble (static)
2026-04-19 00:00:00+00:00,21,111.2325,46.39766082701419,Ensemble (static)
2026-04-19 00:00:00+00:00,22,106.3075,43.36494308816013,Ensemble (static)
2026-04-19 00:00:00+00:00,23,101.1125,39.69261732140451,Ensemble (static)
2026-04-20 00:00:00+00:00,0,99.0125,52.36565239463472,Ensemble (static)
2026-04-20 00:00:00+00:00,1,99.04,53.853377797527614,Ensemble (static)
2026-04-20 00:00:00+00:00,2,102.3025,48.63859861939265,Ensemble (static)
2026-04-20 00:00:00+00:00,3,111.6,57.258746682391624,Ensemble (static)
2026-04-20 00:00:00+00:00,4,129.385,61.763398606864975,Ensemble (static)
2026-04-20 00:00:00+00:00,5,142.2075,57.38149470994962,Ensemble (static)
2026-04-20 00:00:00+00:00,6,134.32,97.39159968441436,Ensemble (static)
2026-04-20 00:00:00+00:00,7,110.015,84.60772258208965,Ensemble (static)
2026-04-20 00:00:00+00:00,8,90.1975,72.09338117417293,Ensemble (static)
2026-04-20 00:00:00+00:00,9,75.88749999999999,63.41648627990154,Ensemble (static)
2026-04-20 00:00:00+00:00,10,51.182500000000005,60.82668268313026,Ensemble (static)
2026-04-20 00:00:00+00:00,11,32.595,57.96561248381131,Ensemble (static)
2026-04-20 00:00:00+00:00,12,29.57,52.98014198039611,Ensemble (static)
2026-04-20 00:00:00+00:00,13,46.475,55.297927294261164,Ensemble (static)
2026-04-20 00:00:00+00:00,14,78.325,57.20019802058812,Ensemble (static)
2026-04-20 00:00:00+00:00,15,97.245,72.91183266792318,Ensemble (static)
2026-04-20 00:00:00+00:00,16,112.91,82.43229589788398,Ensemble (static)
2026-04-20 00:00:00+00:00,17,123.4075,88.65913062975069,Ensemble (static)
2026-04-20 00:00:00+00:00,18,127.18,82.29744812140312,Ensemble (static)
2026-04-20 00:00:00+00:00,19,121.94,86.83934793149031,Ensemble (static)
2026-04-20 00:00:00+00:00,20,115.9725,69.12230736323589,Ensemble (static)
2026-04-20 00:00:00+00:00,21,106.7925,54.68519520733061,Ensemble (static)
2026-04-20 00:00:00+00:00,22,99.0,50.88705988785131,Ensemble (static)
2026-04-20 00:00:00+00:00,23,98.6425,43.061644557047934,Ensemble (static)
2026-04-21 00:00:00+00:00,0,98.3725,56.02058283569032,Ensemble (static)
2026-04-21 00:00:00+00:00,1,99.075,58.55934448804074,Ensemble (static)
2026-04-21 00:00:00+00:00,2,100.19,58.26361332967913,Ensemble (static)
2026-04-21 00:00:00+00:00,3,108.4475,63.61357411236419,Ensemble (static)
2026-04-21 00:00:00+00:00,4,127.085,66.26828188927396,Ensemble (static)
2026-04-21 00:00:00+00:00,5,135.3275,59.12771581193721,Ensemble (static)
2026-04-21 00:00:00+00:00,6,118.9475,103.30528456781148,Ensemble (static)
2026-04-21 00:00:00+00:00,7,97.305,84.45706429436376,Ensemble (static)
2026-04-21 00:00:00+00:00,8,59.895,72.34036278896968,Ensemble (static)
2026-04-21 00:00:00+00:00,9,19.602500000000003,65.67295569397976,Ensemble (static)
2026-04-21 00:00:00+00:00,10,-0.0974999999999999,60.97232252463628,Ensemble (static)
2026-04-21 00:00:00+00:00,11,-1.7525,56.55076769063773,Ensemble (static)
2026-04-21 00:00:00+00:00,12,-3.7,53.941073696596725,Ensemble (static)
2026-04-21 00:00:00+00:00,13,-1.8625,55.954381336961994,Ensemble (static)
2026-04-21 00:00:00+00:00,14,14.535,60.404480178674376,Ensemble (static)
2026-04-21 00:00:00+00:00,15,69.83,74.96061989374371,Ensemble (static)
2026-04-21 00:00:00+00:00,16,102.645,80.35652218673998,Ensemble (static)
2026-04-21 00:00:00+00:00,17,134.11,92.18719135108532,Ensemble (static)
2026-04-21 00:00:00+00:00,18,144.775,99.89214926060076,Ensemble (static)
2026-04-21 00:00:00+00:00,19,129.62,98.5539348663699,Ensemble (static)
2026-04-21 00:00:00+00:00,20,119.845,80.22079734176393,Ensemble (static)
2026-04-21 00:00:00+00:00,21,111.8725,64.93038563174478,Ensemble (static)
2026-04-21 00:00:00+00:00,22,107.095,58.370136309554724,Ensemble (static)
2026-04-21 00:00:00+00:00,23,104.11,54.41014452728761,Ensemble (static)
2026-04-22 00:00:00+00:00,0,104.2,61.39923590362186,Ensemble (static)
2026-04-22 00:00:00+00:00,1,104.8475,61.949230570402264,Ensemble (static)
2026-04-22 00:00:00+00:00,2,109.6925,58.25843538194554,Ensemble (static)
2026-04-22 00:00:00+00:00,3,121.2325,64.1886022909894,Ensemble (static)
2026-04-22 00:00:00+00:00,4,139.8425,65.86266530726594,Ensemble (static)
2026-04-22 00:00:00+00:00,5,134.7975,60.020883473531384,Ensemble (static)
2026-04-22 00:00:00+00:00,6,113.865,87.84210966819981,Ensemble (static)
2026-04-22 00:00:00+00:00,7,79.555,71.45659413454572,Ensemble (static)
2026-04-22 00:00:00+00:00,8,20.155,60.83401513493598,Ensemble (static)
2026-04-22 00:00:00+00:00,9,-2.42,53.947482361848216,Ensemble (static)
2026-04-22 00:00:00+00:00,10,-8.8325,50.48385508650867,Ensemble (static)
2026-04-22 00:00:00+00:00,11,-20.985,46.48697404160886,Ensemble (static)
2026-04-22 00:00:00+00:00,12,-19.0,46.04029587041934,Ensemble (static)
2026-04-22 00:00:00+00:00,13,-4.92,47.37236424875099,Ensemble (static)
2026-04-22 00:00:00+00:00,14,-0.0099999999999998,49.44276758596964,Ensemble (static)
2026-04-22 00:00:00+00:00,15,57.405,66.30334614224932,Ensemble (static)
2026-04-22 00:00:00+00:00,16,105.2975,73.74159949174545,Ensemble (static)
2026-04-22 00:00:00+00:00,17,140.1175,89.0967518126624,Ensemble (static)
2026-04-22 00:00:00+00:00,18,153.91,91.69492924978525,Ensemble (static)
2026-04-22 00:00:00+00:00,19,128.51,105.34022881041986,Ensemble (static)
2026-04-22 00:00:00+00:00,20,114.45,71.93174493728606,Ensemble (static)
2026-04-22 00:00:00+00:00,21,105.0775,59.33289498591497,Ensemble (static)
2026-04-22 00:00:00+00:00,22,100.14,52.483077671349115,Ensemble (static)
2026-04-22 00:00:00+00:00,23,97.625,45.06066297464675,Ensemble (static)
2026-04-23 00:00:00+00:00,0,96.735,52.57792907142331,Ensemble (static)
2026-04-23 00:00:00+00:00,1,96.2075,54.38779268127348,Ensemble (static)
2026-04-23 00:00:00+00:00,2,95.85,52.819520575349856,Ensemble (static)
2026-04-23 00:00:00+00:00,3,104.16,59.46026544350849,Ensemble (static)
2026-04-23 00:00:00+00:00,4,119.0,60.83744842883839,Ensemble (static)
2026-04-23 00:00:00+00:00,5,119.4,57.31501655686222,Ensemble (static)
2026-04-23 00:00:00+00:00,6,109.6975,92.27131243844227,Ensemble (static)
2026-04-23 00:00:00+00:00,7,63.2925,66.32116287048682,Ensemble (static)
2026-04-23 00:00:00+00:00,8,-0.5625,55.45731078328511,Ensemble (static)
2026-04-23 00:00:00+00:00,9,-6.175,48.40568650203623,Ensemble (static)
2026-04-23 00:00:00+00:00,10,-29.0075,46.443154588758155,Ensemble (static)
2026-04-23 00:00:00+00:00,11,-49.56,40.65459236103412,Ensemble (static)
2026-04-23 00:00:00+00:00,12,-48.8625,40.049856136853435,Ensemble (static)
2026-04-23 00:00:00+00:00,13,-22.89,39.385956213753225,Ensemble (static)
2026-04-23 00:00:00+00:00,14,-1.93,41.44713159048269,Ensemble (static)
2026-04-23 00:00:00+00:00,15,21.9675,55.09936997597893,Ensemble (static)
2026-04-23 00:00:00+00:00,16,93.5725,62.01034654047906,Ensemble (static)
2026-04-23 00:00:00+00:00,17,121.5,72.35146892982806,Ensemble (static)
2026-04-23 00:00:00+00:00,18,136.955,71.29432994606427,Ensemble (static)
2026-04-23 00:00:00+00:00,19,116.2875,73.7643110487054,Ensemble (static)
2026-04-23 00:00:00+00:00,20,108.235,55.94424926800901,Ensemble (static)
2026-04-23 00:00:00+00:00,21,99.4575,46.19705530265567,Ensemble (static)
2026-04-23 00:00:00+00:00,22,102.455,42.81426463815431,Ensemble (static)
2026-04-23 00:00:00+00:00,23,100.13,35.88216774759866,Ensemble (static)
2026-04-24 00:00:00+00:00,0,100.71,53.22340494391366,Ensemble (static)
2026-04-24 00:00:00+00:00,1,101.69,52.659698433095535,Ensemble (static)
2026-04-24 00:00:00+00:00,2,105.3575,51.41015131031576,Ensemble (static)
2026-04-24 00:00:00+00:00,3,116.305,58.24983696615139,Ensemble (static)
2026-04-24 00:00:00+00:00,4,131.8725,60.015931502622784,Ensemble (static)
2026-04-24 00:00:00+00:00,5,137.9875,59.01272782630301,Ensemble (static)
2026-04-24 00:00:00+00:00,6,117.685,121.07184360788965,Ensemble (static)
2026-04-24 00:00:00+00:00,7,80.905,73.98372549714679,Ensemble (static)
2026-04-24 00:00:00+00:00,8,19.5725,59.36821605928518,Ensemble (static)
2026-04-24 00:00:00+00:00,9,-0.035,53.773993484681995,Ensemble (static)
2026-04-24 00:00:00+00:00,10,-6.9075,51.90588448019201,Ensemble (static)
2026-04-24 00:00:00+00:00,11,-26.14,45.211968690684174,Ensemble (static)
2026-04-24 00:00:00+00:00,12,-30.0025,43.249949813669524,Ensemble (static)
2026-04-24 00:00:00+00:00,13,-16.555,43.83035571167087,Ensemble (static)
2026-04-24 00:00:00+00:00,14,-1.6124999999999998,43.79690500520064,Ensemble (static)
2026-04-24 00:00:00+00:00,15,50.9075,57.85583199575326,Ensemble (static)
2026-04-24 00:00:00+00:00,16,104.8175,58.31553389279385,Ensemble (static)
2026-04-24 00:00:00+00:00,17,133.81,73.54796935921547,Ensemble (static)
2026-04-24 00:00:00+00:00,18,137.34,80.18878753903027,Ensemble (static)
2026-04-24 00:00:00+00:00,19,131.025,84.06603735405143,Ensemble (static)
2026-04-24 00:00:00+00:00,20,121.8775,64.57287258111849,Ensemble (static)
2026-04-24 00:00:00+00:00,21,113.4425,52.893891953399105,Ensemble (static)
2026-04-24 00:00:00+00:00,22,100.625,48.08989498274737,Ensemble (static)
2026-04-24 00:00:00+00:00,23,95.54,43.346525742732645,Ensemble (static)
2026-04-25 00:00:00+00:00,0,95.12,54.358714898496686,Ensemble (static)
2026-04-25 00:00:00+00:00,1,95.1575,52.23741779301078,Ensemble (static)
2026-04-25 00:00:00+00:00,2,88.4575,52.295800841006894,Ensemble (static)
2026-04-25 00:00:00+00:00,3,88.03,54.69546363878166,Ensemble (static)
2026-04-25 00:00:00+00:00,4,83.1825,50.468323312950545,Ensemble (static)
2026-04-25 00:00:00+00:00,5,71.3625,39.56671241437233,Ensemble (static)
2026-04-25 00:00:00+00:00,6,20.035,79.0419474709698,Ensemble (static)
2026-04-25 00:00:00+00:00,7,-0.0424999999999999,59.66112185501687,Ensemble (static)
2026-04-25 00:00:00+00:00,8,-7.27,47.084543238167356,Ensemble (static)
2026-04-25 00:00:00+00:00,9,-42.1425,45.88226191546252,Ensemble (static)
2026-04-25 00:00:00+00:00,10,-100.5125,39.14735773430087,Ensemble (static)
2026-04-25 00:00:00+00:00,11,-176.4425,33.42890345282296,Ensemble (static)
2026-04-25 00:00:00+00:00,12,-190.865,35.81974517658948,Ensemble (static)
2026-04-25 00:00:00+00:00,13,-133.8025,35.26658633124284,Ensemble (static)
2026-04-25 00:00:00+00:00,14,-53.975,33.58926819332691,Ensemble (static)
2026-04-25 00:00:00+00:00,15,-5.245,43.77275865864688,Ensemble (static)
2026-04-25 00:00:00+00:00,16,4.615,43.845154932049354,Ensemble (static)
2026-04-25 00:00:00+00:00,17,65.19749999999999,52.03597312526368,Ensemble (static)
2026-04-25 00:00:00+00:00,18,75.42,56.512966592900014,Ensemble (static)
2026-04-25 00:00:00+00:00,19,72.005,57.18785321709048,Ensemble (static)
2026-04-25 00:00:00+00:00,20,72.6775,50.42938305525038,Ensemble (static)
2026-04-25 00:00:00+00:00,21,69.97999999999999,40.52551394749139,Ensemble (static)
2026-04-25 00:00:00+00:00,22,79.44,37.70025793172746,Ensemble (static)
2026-04-25 00:00:00+00:00,23,83.595,32.3908935172636,Ensemble (static)
2026-04-26 00:00:00+00:00,0,87.1,46.12278481996502,Ensemble (static)
2026-04-26 00:00:00+00:00,1,90.4875,45.76952826869261,Ensemble (static)
2026-04-26 00:00:00+00:00,2,94.1525,50.76599437878481,Ensemble (static)
2026-04-26 00:00:00+00:00,3,98.64,50.6216216617872,Ensemble (static)
2026-04-26 00:00:00+00:00,4,94.185,48.88530863992118,Ensemble (static)
2026-04-26 00:00:00+00:00,5,83.1525,52.50095885890574,Ensemble (static)
2026-04-26 00:00:00+00:00,6,54.3125,83.24258758621308,Ensemble (static)
2026-04-26 00:00:00+00:00,7,-0.01,60.90914257670255,Ensemble (static)
2026-04-26 00:00:00+00:00,8,-28.185,52.50014532700247,Ensemble (static)
2026-04-26 00:00:00+00:00,9,-127.365,46.10853407293518,Ensemble (static)
2026-04-26 00:00:00+00:00,10,-259.96000000000004,46.25321092482196,Ensemble (static)
2026-04-26 00:00:00+00:00,11,-413.77,41.6191584872043,Ensemble (static)
2026-04-26 00:00:00+00:00,12,-413.245,40.33856789081801,Ensemble (static)
2026-04-26 00:00:00+00:00,13,-235.8925,40.924716991271104,Ensemble (static)
2026-04-26 00:00:00+00:00,14,-37.305,45.51524874281059,Ensemble (static)
2026-04-26 00:00:00+00:00,15,11.177499999999998,61.266185395658056,Ensemble (static)
2026-04-26 00:00:00+00:00,16,113.0975,70.8134185441875,Ensemble (static)
2026-04-26 00:00:00+00:00,17,150.2875,97.55199427607478,Ensemble (static)
2026-04-26 00:00:00+00:00,18,157.815,125.50089560185012,Ensemble (static)
2026-04-26 00:00:00+00:00,19,140.6525,163.77215281108954,Ensemble (static)
2026-04-26 00:00:00+00:00,20,126.4075,155.56137933093183,Ensemble (static)
2026-04-26 00:00:00+00:00,21,122.875,107.4650130588766,Ensemble (static)
2026-04-26 00:00:00+00:00,22,118.4475,89.48724719112312,Ensemble (static)
2026-04-26 00:00:00+00:00,23,113.03,65.42847167894385,Ensemble (static)
2026-04-27 00:00:00+00:00,0,112.71,66.46268312965842,Ensemble (static)
2026-04-27 00:00:00+00:00,1,112.825,65.78984113923075,Ensemble (static)
2026-04-27 00:00:00+00:00,2,116.74,65.13854707941861,Ensemble (static)
2026-04-27 00:00:00+00:00,3,125.6675,71.15425903427735,Ensemble (static)
2026-04-27 00:00:00+00:00,4,165.5675,69.30902854724292,Ensemble (static)
2026-04-27 00:00:00+00:00,5,153.69,56.5313562774119,Ensemble (static)
2026-04-27 00:00:00+00:00,6,126.5475,95.43140629368116,Ensemble (static)
2026-04-27 00:00:00+00:00,7,92.5275,71.28286535029119,Ensemble (static)
2026-04-27 00:00:00+00:00,8,59.1425,61.72916609196931,Ensemble (static)
2026-04-27 00:00:00+00:00,9,4.14,52.47940085823063,Ensemble (static)
2026-04-27 00:00:00+00:00,10,-0.0975,51.19768382776893,Ensemble (static)
2026-04-27 00:00:00+00:00,11,-0.83,48.5382415570548,Ensemble (static)
2026-04-27 00:00:00+00:00,12,-0.1625,47.3502714710898,Ensemble (static)
2026-04-27 00:00:00+00:00,13,5.1425,51.14813669061371,Ensemble (static)
2026-04-27 00:00:00+00:00,14,68.66499999999999,57.22678932183199,Ensemble (static)
2026-04-27 00:00:00+00:00,15,107.185,81.95501872246689,Ensemble (static)
2026-04-27 00:00:00+00:00,16,129.8525,90.07239552182176,Ensemble (static)
2026-04-27 00:00:00+00:00,17,172.3,125.60436144004808,Ensemble (static)
2026-04-27 00:00:00+00:00,18,188.1175,134.99150380183124,Ensemble (static)
2026-04-27 00:00:00+00:00,19,148.46,141.42044845861656,Ensemble (static)
2026-04-27 00:00:00+00:00,20,125.6475,82.89625367600956,Ensemble (static)
2026-04-27 00:00:00+00:00,21,115.2025,65.0754677755268,Ensemble (static)
2026-04-27 00:00:00+00:00,22,112.66,51.91325172884336,Ensemble (static)
2026-04-27 00:00:00+00:00,23,106.9025,45.413390097888914,Ensemble (static)
2026-04-28 00:00:00+00:00,0,102.98,54.034047378926324,Ensemble (static)
2026-04-28 00:00:00+00:00,1,102.83,59.0876316875262,Ensemble (static)
2026-04-28 00:00:00+00:00,2,105.2775,60.741816987961286,Ensemble (static)
2026-04-28 00:00:00+00:00,3,111.835,64.86037877580227,Ensemble (static)
2026-04-28 00:00:00+00:00,4,122.1,62.47297577934834,Ensemble (static)
2026-04-28 00:00:00+00:00,5,121.43,45.71065307209406,Ensemble (static)
2026-04-28 00:00:00+00:00,6,112.315,93.72259161825804,Ensemble (static)
2026-04-28 00:00:00+00:00,7,79.7775,71.4849577807939,Ensemble (static)
2026-04-28 00:00:00+00:00,8,21.815,57.145850382595526,Ensemble (static)
2026-04-28 00:00:00+00:00,9,-1.085,49.94829815553177,Ensemble (static)
2026-04-28 00:00:00+00:00,10,-14.0425,44.08531410474538,Ensemble (static)
2026-04-28 00:00:00+00:00,11,-29.0,41.1532016667912,Ensemble (static)
2026-04-28 00:00:00+00:00,12,-29.0075,42.24413782690037,Ensemble (static)
2026-04-28 00:00:00+00:00,13,-17.33,44.223123685648794,Ensemble (static)
2026-04-28 00:00:00+00:00,14,-4.655,43.58544116645385,Ensemble (static)
2026-04-28 00:00:00+00:00,15,33.315,55.882524386409244,Ensemble (static)
2026-04-28 00:00:00+00:00,16,90.1,55.944963539892825,Ensemble (static)
2026-04-28 00:00:00+00:00,17,117.4,67.75529548164292,Ensemble (static)
2026-04-28 00:00:00+00:00,18,120.9725,72.32287456581261,Ensemble (static)
2026-04-28 00:00:00+00:00,19,115.8275,79.39909802527555,Ensemble (static)
2026-04-28 00:00:00+00:00,20,111.295,67.58962682659389,Ensemble (static)
2026-04-28 00:00:00+00:00,21,101.77,51.58841175992657,Ensemble (static)
2026-04-28 00:00:00+00:00,22,98.2075,45.08070118313543,Ensemble (static)
2026-04-28 00:00:00+00:00,23,96.725,39.063608119303986,Ensemble (static)
2026-04-29 00:00:00+00:00,0,97.9175,51.06261630396611,Ensemble (static)
2026-04-29 00:00:00+00:00,1,98.5275,50.819996600116674,Ensemble (static)
2026-04-29 00:00:00+00:00,2,100.65,45.941564864025,Ensemble (static)
2026-04-29 00:00:00+00:00,3,107.905,51.061182414326495,Ensemble (static)
2026-04-29 00:00:00+00:00,4,139.7975,50.8084288480357,Ensemble (static)
2026-04-29 00:00:00+00:00,5,126.8475,56.515586631003465,Ensemble (static)
2026-04-29 00:00:00+00:00,6,112.365,92.3633889825529,Ensemble (static)
2026-04-29 00:00:00+00:00,7,66.42,70.71931419350994,Ensemble (static)
2026-04-29 00:00:00+00:00,8,-1.0775,57.81195130849612,Ensemble (static)
2026-04-29 00:00:00+00:00,9,-11.5675,51.628077681089486,Ensemble (static)
2026-04-29 00:00:00+00:00,10,-33.765,49.61024149133171,Ensemble (static)
2026-04-29 00:00:00+00:00,11,-60.3625,44.974398146866704,Ensemble (static)
2026-04-29 00:00:00+00:00,12,-55.4325,45.75209482543126,Ensemble (static)
2026-04-29 00:00:00+00:00,13,-36.22,48.79090621002414,Ensemble (static)
2026-04-29 00:00:00+00:00,14,-11.25,49.775559944907556,Ensemble (static)
2026-04-29 00:00:00+00:00,15,19.645,64.6282203748277,Ensemble (static)
2026-04-29 00:00:00+00:00,16,91.145,85.03884240352835,Ensemble (static)
2026-04-29 00:00:00+00:00,17,125.81,124.86146793179647,Ensemble (static)
2026-04-29 00:00:00+00:00,18,145.5925,106.6955880602574,Ensemble (static)
2026-04-29 00:00:00+00:00,19,129.95,155.55779408820038,Ensemble (static)
2026-04-29 00:00:00+00:00,20,115.6575,83.52237717065901,Ensemble (static)
2026-04-29 00:00:00+00:00,21,105.0975,64.66955543269322,Ensemble (static)
2026-04-29 00:00:00+00:00,22,100.32,57.76834631047839,Ensemble (static)
2026-04-29 00:00:00+00:00,23,100.11,50.91526728854877,Ensemble (static)
2026-04-30 00:00:00+00:00,0,98.57,54.54284950318056,Ensemble (static)
2026-04-30 00:00:00+00:00,1,99.4775,54.727324709781456,Ensemble (static)
2026-04-30 00:00:00+00:00,2,104.09,51.92360997301002,Ensemble (static)
2026-04-30 00:00:00+00:00,3,114.1025,55.421306924354745,Ensemble (static)
2026-04-30 00:00:00+00:00,4,139.12,52.116481579625926,Ensemble (static)
2026-04-30 00:00:00+00:00,5,122.285,50.40551336422274,Ensemble (static)
2026-04-30 00:00:00+00:00,6,96.2175,83.81538741162356,Ensemble (static)
2026-04-30 00:00:00+00:00,7,45.555,64.70183742360578,Ensemble (static)
2026-04-30 00:00:00+00:00,8,-0.0375,54.20922370814062,Ensemble (static)
2026-04-30 00:00:00+00:00,9,-3.875,48.523244058640856,Ensemble (static)
2026-04-30 00:00:00+00:00,10,-16.2525,45.405340308332825,Ensemble (static)
2026-04-30 00:00:00+00:00,11,-32.02,40.97295739177706,Ensemble (static)
2026-04-30 00:00:00+00:00,12,-28.93,39.75680742495511,Ensemble (static)
2026-04-30 00:00:00+00:00,13,-12.05,41.17478110344962,Ensemble (static)
2026-04-30 00:00:00+00:00,14,-2.2925,42.75326744753016,Ensemble (static)
2026-04-30 00:00:00+00:00,15,20.58,57.50885735698874,Ensemble (static)
2026-04-30 00:00:00+00:00,16,92.43,56.92801943091736,Ensemble (static)
2026-04-30 00:00:00+00:00,17,139.0875,73.58159440120684,Ensemble (static)
2026-04-30 00:00:00+00:00,18,178.62,81.17938301844468,Ensemble (static)
2026-04-30 00:00:00+00:00,19,145.84,83.00730267287827,Ensemble (static)
2026-04-30 00:00:00+00:00,20,118.92,67.72054368897781,Ensemble (static)
2026-04-30 00:00:00+00:00,21,109.6075,54.418204728483005,Ensemble (static)
2026-04-30 00:00:00+00:00,22,107.2275,50.4316521425703,Ensemble (static)
2026-04-30 00:00:00+00:00,23,103.085,44.608867162110855,Ensemble (static)
2026-05-01 00:00:00+00:00,0,101.385,53.785296076467,Ensemble (static)
2026-05-01 00:00:00+00:00,1,99.245,53.13652663683393,Ensemble (static)
2026-05-01 00:00:00+00:00,2,97.98,53.24769717827838,Ensemble (static)
2026-05-01 00:00:00+00:00,3,97.495,54.76457925891085,Ensemble (static)
2026-05-01 00:00:00+00:00,4,103.7675,51.06020453638569,Ensemble (static)
2026-05-01 00:00:00+00:00,5,80.34,43.416471843884935,Ensemble (static)
2026-05-01 00:00:00+00:00,6,35.3325,71.67410865992814,Ensemble (static)
2026-05-01 00:00:00+00:00,7,-0.0275,54.29513990481797,Ensemble (static)
2026-05-01 00:00:00+00:00,8,-21.18,47.15223518993716,Ensemble (static)
2026-05-01 00:00:00+00:00,9,-108.6175,41.8978329764702,Ensemble (static)
2026-05-01 00:00:00+00:00,10,-318.58,40.43491146626539,Ensemble (static)
2026-05-01 00:00:00+00:00,11,-499.0,34.11452696648677,Ensemble (static)
2026-05-01 00:00:00+00:00,12,-474.9675,36.16096063798703,Ensemble (static)
2026-05-01 00:00:00+00:00,13,-205.8775,33.335011852518626,Ensemble (static)
2026-05-01 00:00:00+00:00,14,-26.2475,36.354945134762374,Ensemble (static)
2026-05-01 00:00:00+00:00,15,5.555,48.49551575595807,Ensemble (static)
2026-05-01 00:00:00+00:00,16,92.53,50.04783335990453,Ensemble (static)
2026-05-01 00:00:00+00:00,17,154.19,70.528534925988,Ensemble (static)
2026-05-01 00:00:00+00:00,18,173.325,76.12053177163048,Ensemble (static)
2026-05-01 00:00:00+00:00,19,142.95,81.56787509870783,Ensemble (static)
2026-05-01 00:00:00+00:00,20,113.2225,62.87352075631301,Ensemble (static)
2026-05-01 00:00:00+00:00,21,96.9825,49.082760846728824,Ensemble (static)
2026-05-01 00:00:00+00:00,22,117.425,44.797574456175695,Ensemble (static)
2026-05-01 00:00:00+00:00,23,103.7125,37.64542521816272,Ensemble (static)
2026-05-02 00:00:00+00:00,0,99.4775,48.74505441473003,Ensemble (static)
2026-05-02 00:00:00+00:00,1,93.335,46.83883710473423,Ensemble (static)
2026-05-02 00:00:00+00:00,2,93.545,48.31972634461491,Ensemble (static)
2026-05-02 00:00:00+00:00,3,93.6975,47.54322532740396,Ensemble (static)
2026-05-02 00:00:00+00:00,4,91.78,43.284825498392784,Ensemble (static)
2026-05-02 00:00:00+00:00,5,78.0125,38.3363262506717,Ensemble (static)
2026-05-02 00:00:00+00:00,6,18.27,54.3922406342432,Ensemble (static)
2026-05-02 00:00:00+00:00,7,1.27,50.90096022843865,Ensemble (static)
2026-05-02 00:00:00+00:00,8,-2.3875,45.49740262181847,Ensemble (static)
2026-05-02 00:00:00+00:00,9,-21.9125,42.66414931852429,Ensemble (static)
2026-05-02 00:00:00+00:00,10,-83.6075,39.147828044866316,Ensemble (static)
2026-05-02 00:00:00+00:00,11,-130.0275,35.22221437042883,Ensemble (static)
2026-05-02 00:00:00+00:00,12,-86.8425,34.60726137021277,Ensemble (static)
2026-05-02 00:00:00+00:00,13,-14.0375,36.99951432958764,Ensemble (static)
2026-05-02 00:00:00+00:00,14,0.0325,38.675979048714545,Ensemble (static)
2026-05-02 00:00:00+00:00,15,54.945,53.29833262857554,Ensemble (static)
2026-05-02 00:00:00+00:00,16,127.14,53.11540121922893,Ensemble (static)
2026-05-02 00:00:00+00:00,17,165.0,67.94637229952312,Ensemble (static)
2026-05-02 00:00:00+00:00,18,195.45,85.42676750298068,Ensemble (static)
2026-05-02 00:00:00+00:00,19,154.32,81.55304575984776,Ensemble (static)
2026-05-02 00:00:00+00:00,20,139.96,73.40998882732575,Ensemble (static)
2026-05-02 00:00:00+00:00,21,123.865,58.25934361836498,Ensemble (static)
2026-05-02 00:00:00+00:00,22,121.195,51.50265787192214,Ensemble (static)
2026-05-02 00:00:00+00:00,23,116.0325,41.9551283859758,Ensemble (static)
2026-05-03 00:00:00+00:00,0,110.1625,60.64819624130086,Ensemble (static)
2026-05-03 00:00:00+00:00,1,108.4775,60.43307960254324,Ensemble (static)
2026-05-03 00:00:00+00:00,2,106.2925,68.7587368248262,Ensemble (static)
2026-05-03 00:00:00+00:00,3,107.0725,65.48230820180484,Ensemble (static)
2026-05-03 00:00:00+00:00,4,101.7,54.806996350389156,Ensemble (static)
2026-05-03 00:00:00+00:00,5,85.3375,44.97109052772234,Ensemble (static)
2026-05-03 00:00:00+00:00,6,71.7375,58.07900591613233,Ensemble (static)
2026-05-03 00:00:00+00:00,7,32.6575,54.69498726901367,Ensemble (static)
2026-05-03 00:00:00+00:00,8,1.2875,49.13551878492569,Ensemble (static)
2026-05-03 00:00:00+00:00,9,-1.4275,44.98120171827985,Ensemble (static)
2026-05-03 00:00:00+00:00,10,-6.79,42.06416654534563,Ensemble (static)
2026-05-03 00:00:00+00:00,11,-14.435,39.40898741953226,Ensemble (static)
2026-05-03 00:00:00+00:00,12,-10.8825,38.202926050662896,Ensemble (static)
2026-05-03 00:00:00+00:00,13,-3.9675,39.38061908976907,Ensemble (static)
2026-05-03 00:00:00+00:00,14,9.1325,41.85487693089185,Ensemble (static)
2026-05-03 00:00:00+00:00,15,80.7075,55.90232340551103,Ensemble (static)
2026-05-03 00:00:00+00:00,16,120.5725,59.67470954149685,Ensemble (static)
2026-05-03 00:00:00+00:00,17,134.795,71.71512636325376,Ensemble (static)
2026-05-03 00:00:00+00:00,18,140.87,81.04269944965134,Ensemble (static)
2026-05-03 00:00:00+00:00,19,137.31,80.78604696684799,Ensemble (static)
2026-05-03 00:00:00+00:00,20,130.3775,72.97605001389924,Ensemble (static)
2026-05-03 00:00:00+00:00,21,121.115,58.26346335469796,Ensemble (static)
2026-05-03 00:00:00+00:00,22,117.355,50.60012234716672,Ensemble (static)
2026-05-03 00:00:00+00:00,23,108.41,44.66415056352001,Ensemble (static)
2026-05-04 00:00:00+00:00,0,110.5575,60.48925735698553,Ensemble (static)
2026-05-04 00:00:00+00:00,1,106.3475,67.06799409428469,Ensemble (static)
2026-05-04 00:00:00+00:00,2,109.9075,70.09404494470417,Ensemble (static)
2026-05-04 00:00:00+00:00,3,128.8825,75.66004627761154,Ensemble (static)
2026-05-04 00:00:00+00:00,4,149.5475,75.84901204056126,Ensemble (static)
2026-05-04 00:00:00+00:00,5,151.26749999999998,71.10145539944699,Ensemble (static)
2026-05-04 00:00:00+00:00,6,134.6025,134.70052187216643,Ensemble (static)
2026-05-04 00:00:00+00:00,7,113.625,84.42161392540183,Ensemble (static)
2026-05-04 00:00:00+00:00,8,99.99,71.20865873202953,Ensemble (static)
2026-05-04 00:00:00+00:00,9,93.095,62.087933668576724,Ensemble (static)
2026-05-04 00:00:00+00:00,10,75.065,65.86795275672816,Ensemble (static)
2026-05-04 00:00:00+00:00,11,69.4075,64.09707109701918,Ensemble (static)
2026-05-04 00:00:00+00:00,12,81.0775,62.01913200598743,Ensemble (static)
2026-05-04 00:00:00+00:00,13,94.0025,70.26853916853257,Ensemble (static)
2026-05-04 00:00:00+00:00,14,107.9675,87.5797419804787,Ensemble (static)
2026-05-04 00:00:00+00:00,15,128.9925,121.6994134040998,Ensemble (static)
2026-05-04 00:00:00+00:00,16,169.0,209.12506660334466,Ensemble (static)
2026-05-04 00:00:00+00:00,17,245.03,200.34177245079147,Ensemble (static)
2026-05-04 00:00:00+00:00,18,266.83500000000004,215.4775526381137,Ensemble (static)
2026-05-04 00:00:00+00:00,19,194.3,370.19115666382714,Ensemble (static)
2026-05-04 00:00:00+00:00,20,153.04500000000002,185.5327633319331,Ensemble (static)
2026-05-04 00:00:00+00:00,21,137.2,147.41407205080048,Ensemble (static)
2026-05-04 00:00:00+00:00,22,131.36,109.09939833706365,Ensemble (static)
2026-05-04 00:00:00+00:00,23,126.2,128.36636563441533,Ensemble (static)
2026-05-05 00:00:00+00:00,0,122.11,72.21186645607642,Ensemble (static)
2026-05-05 00:00:00+00:00,1,122.045,71.60708291279992,Ensemble (static)
2026-05-05 00:00:00+00:00,2,123.9,66.64051858088433,Ensemble (static)
2026-05-05 00:00:00+00:00,3,133.9025,66.66604509626407,Ensemble (static)
2026-05-05 00:00:00+00:00,4,160.1125,62.51830573355783,Ensemble (static)
2026-05-05 00:00:00+00:00,5,160.765,51.42419456522794,Ensemble (static)
2026-05-05 00:00:00+00:00,6,147.23250000000002,79.40754196401163,Ensemble (static)
2026-05-05 00:00:00+00:00,7,129.61,82.32082791581247,Ensemble (static)
2026-05-05 00:00:00+00:00,8,114.12,74.44124271141926,Ensemble (static)
2026-05-05 00:00:00+00:00,9,108.2575,69.67875757415717,Ensemble (static)
2026-05-05 00:00:00+00:00,10,99.0925,67.67598590309044,Ensemble (static)
2026-05-05 00:00:00+00:00,11,98.055,67.23784116723552,Ensemble (static)
2026-05-05 00:00:00+00:00,12,97.745,71.73660556682339,Ensemble (static)
2026-05-05 00:00:00+00:00,13,105.99,79.4609725430147,Ensemble (static)
2026-05-05 00:00:00+00:00,14,111.9775,76.58865845457979,Ensemble (static)
2026-05-05 00:00:00+00:00,15,128.67000000000002,89.10119028847623,Ensemble (static)
2026-05-05 00:00:00+00:00,16,145.7625,90.01966156709592,Ensemble (static)
2026-05-05 00:00:00+00:00,17,163.685,100.78051278847526,Ensemble (static)
2026-05-05 00:00:00+00:00,18,163.9025,110.88024524705926,Ensemble (static)
2026-05-05 00:00:00+00:00,19,146.9975,118.68237630285458,Ensemble (static)
2026-05-05 00:00:00+00:00,20,132.745,83.96539515544379,Ensemble (static)
2026-05-05 00:00:00+00:00,21,115.2925,59.69356946609571,Ensemble (static)
2026-05-05 00:00:00+00:00,22,120.035,55.07348867122653,Ensemble (static)
2026-05-05 00:00:00+00:00,23,114.23,53.098498614790806,Ensemble (static)
2026-05-06 00:00:00+00:00,0,113.165,51.319979014457914,Ensemble (static)
2026-05-06 00:00:00+00:00,1,112.995,51.52759696242924,Ensemble (static)
2026-05-06 00:00:00+00:00,2,113.34,45.212434169183815,Ensemble (static)
2026-05-06 00:00:00+00:00,3,118.225,48.95796344628784,Ensemble (static)
2026-05-06 00:00:00+00:00,4,131.14,48.97193004324393,Ensemble (static)
2026-05-06 00:00:00+00:00,5,142.45,47.12236254722713,Ensemble (static)
2026-05-06 00:00:00+00:00,6,141.55,75.44950124958709,Ensemble (static)
2026-05-06 00:00:00+00:00,7,121.305,76.769998316394,Ensemble (static)
2026-05-06 00:00:00+00:00,8,108.8,68.65864844242917,Ensemble (static)
2026-05-06 00:00:00+00:00,9,104.12,64.45206047077482,Ensemble (static)
2026-05-06 00:00:00+00:00,10,100.0925,63.00014277473302,Ensemble (static)
2026-05-06 00:00:00+00:00,11,89.34,62.415304817701745,Ensemble (static)
2026-05-06 00:00:00+00:00,12,91.33,67.51023658835253,Ensemble (static)
2026-05-06 00:00:00+00:00,13,103.125,80.07460823908568,Ensemble (static)
2026-05-06 00:00:00+00:00,14,112.6625,65.88688268044885,Ensemble (static)
2026-05-06 00:00:00+00:00,15,125.0525,79.33425624615737,Ensemble (static)
2026-05-06 00:00:00+00:00,16,137.91,82.80232734903944,Ensemble (static)
2026-05-06 00:00:00+00:00,17,154.605,94.39046088639024,Ensemble (static)
2026-05-06 00:00:00+00:00,18,156.915,100.87815176164034,Ensemble (static)
2026-05-06 00:00:00+00:00,19,154.61,108.22849911637562,Ensemble (static)
2026-05-06 00:00:00+00:00,20,143.4125,90.28381349872043,Ensemble (static)
2026-05-06 00:00:00+00:00,21,128.26,67.89411560446165,Ensemble (static)
2026-05-06 00:00:00+00:00,22,125.1525,59.20440649592964,Ensemble (static)
2026-05-06 00:00:00+00:00,23,116.485,54.485357364742995,Ensemble (static)
2026-05-07 00:00:00+00:00,0,115.2575,62.449622864006784,Ensemble (static)
2026-05-07 00:00:00+00:00,1,116.49,63.14085285620055,Ensemble (static)
2026-05-07 00:00:00+00:00,2,119.1375,58.11778359477326,Ensemble (static)
2026-05-07 00:00:00+00:00,3,126.875,59.23325252464933,Ensemble (static)
2026-05-07 00:00:00+00:00,4,151.0,59.421208507808394,Ensemble (static)
2026-05-07 00:00:00+00:00,5,167.29250000000002,55.34145409340338,Ensemble (static)
2026-05-07 00:00:00+00:00,6,155.5925,74.51016384050604,Ensemble (static)
2026-05-07 00:00:00+00:00,7,136.41,83.42510796233918,Ensemble (static)
2026-05-07 00:00:00+00:00,8,120.1325,76.21019899461852,Ensemble (static)
2026-05-07 00:00:00+00:00,9,113.525,72.17267612121486,Ensemble (static)
2026-05-07 00:00:00+00:00,10,103.9225,68.08311331069987,Ensemble (static)
2026-05-07 00:00:00+00:00,11,101.915,68.52784070952711,Ensemble (static)
2026-05-07 00:00:00+00:00,12,101.73,68.7644340348748,Ensemble (static)
2026-05-07 00:00:00+00:00,13,107.445,75.5855138957331,Ensemble (static)
2026-05-07 00:00:00+00:00,14,117.9975,70.45708901423166,Ensemble (static)
2026-05-07 00:00:00+00:00,15,132.56,83.95961430048561,Ensemble (static)
2026-05-07 00:00:00+00:00,16,148.70499999999998,92.71496154364765,Ensemble (static)
2026-05-07 00:00:00+00:00,17,185.655,103.09953701418809,Ensemble (static)
2026-05-07 00:00:00+00:00,18,221.4775,119.4186512399989,Ensemble (static)
2026-05-07 00:00:00+00:00,19,182.715,125.24319375019867,Ensemble (static)
2026-05-07 00:00:00+00:00,20,154.435,105.56753447616435,Ensemble (static)
2026-05-07 00:00:00+00:00,21,142.7575,78.0232812313831,Ensemble (static)
2026-05-07 00:00:00+00:00,22,130.3425,73.09602355268116,Ensemble (static)
2026-05-07 00:00:00+00:00,23,120.66,76.28997080027158,Ensemble (static)
2026-05-08 00:00:00+00:00,0,118.215,63.22487852177959,Ensemble (static)
2026-05-08 00:00:00+00:00,1,116.9775,62.031919998849474,Ensemble (static)
2026-05-08 00:00:00+00:00,2,118.565,55.84934829685013,Ensemble (static)
2026-05-08 00:00:00+00:00,3,126.185,54.93620284468649,Ensemble (static)
2026-05-08 00:00:00+00:00,4,143.6,50.147863813131096,Ensemble (static)
2026-05-08 00:00:00+00:00,5,147.0275,46.35180056693075,Ensemble (static)
2026-05-08 00:00:00+00:00,6,137.4,60.503947921421876,Ensemble (static)
2026-05-08 00:00:00+00:00,7,115.2475,67.18779444149342,Ensemble (static)
2026-05-08 00:00:00+00:00,8,97.7475,59.272692343517235,Ensemble (static)
2026-05-08 00:00:00+00:00,9,75.81,58.45862504290531,Ensemble (static)
2026-05-08 00:00:00+00:00,10,65.37,50.84340991768081,Ensemble (static)
2026-05-08 00:00:00+00:00,11,58.7075,50.932370670150235,Ensemble (static)
2026-05-08 00:00:00+00:00,12,64.34,50.65203342272815,Ensemble (static)
2026-05-08 00:00:00+00:00,13,81.8925,55.00165229814644,Ensemble (static)
2026-05-08 00:00:00+00:00,14,94.0625,53.16856781715795,Ensemble (static)
2026-05-08 00:00:00+00:00,15,109.5,64.69140145779137,Ensemble (static)
2026-05-08 00:00:00+00:00,16,127.815,65.94250863996064,Ensemble (static)
2026-05-08 00:00:00+00:00,17,143.54250000000002,73.85274394983936,Ensemble (static)
2026-05-08 00:00:00+00:00,18,152.9775,84.632516319744,Ensemble (static)
2026-05-08 00:00:00+00:00,19,138.9,79.1559351631323,Ensemble (static)
2026-05-08 00:00:00+00:00,20,127.5025,65.98177003245961,Ensemble (static)
2026-05-08 00:00:00+00:00,21,119.14,49.882542226977705,Ensemble (static)
2026-05-08 00:00:00+00:00,22,127.6925,48.63818146787163,Ensemble (static)
2026-05-08 00:00:00+00:00,23,123.4075,49.508274176661175,Ensemble (static)
2026-05-09 00:00:00+00:00,0,123.48,62.27295685662325,Ensemble (static)
2026-05-09 00:00:00+00:00,1,124.3525,61.12614085328754,Ensemble (static)
2026-05-09 00:00:00+00:00,2,125.7375,57.60893429630666,Ensemble (static)
2026-05-09 00:00:00+00:00,3,126.4525,55.72698882285618,Ensemble (static)
2026-05-09 00:00:00+00:00,4,127.5225,50.396684044142695,Ensemble (static)
2026-05-09 00:00:00+00:00,5,118.67,44.64531705023527,Ensemble (static)
2026-05-09 00:00:00+00:00,6,107.6725,54.0984428079024,Ensemble (static)
2026-05-09 00:00:00+00:00,7,68.3075,53.216040527025626,Ensemble (static)
2026-05-09 00:00:00+00:00,8,9.9275,48.95726444023501,Ensemble (static)
2026-05-09 00:00:00+00:00,9,-0.015,48.617299528308706,Ensemble (static)
2026-05-09 00:00:00+00:00,10,-0.0625,44.193073993350254,Ensemble (static)
2026-05-09 00:00:00+00:00,11,-0.09,41.282443725842825,Ensemble (static)
2026-05-09 00:00:00+00:00,12,-0.0125,44.8018988504669,Ensemble (static)
2026-05-09 00:00:00+00:00,13,0.0025,45.09563172338876,Ensemble (static)
2026-05-09 00:00:00+00:00,14,27.715000000000003,45.25426765063216,Ensemble (static)
2026-05-09 00:00:00+00:00,15,93.69,55.31405223076405,Ensemble (static)
2026-05-09 00:00:00+00:00,16,123.19,59.05364528845719,Ensemble (static)
2026-05-09 00:00:00+00:00,17,138.5075,72.68894456342657,Ensemble (static)
2026-05-09 00:00:00+00:00,18,146.965,87.4681065616984,Ensemble (static)
2026-05-09 00:00:00+00:00,19,143.485,89.51695658902754,Ensemble (static)
2026-05-09 00:00:00+00:00,20,136.3,65.64146815169954,Ensemble (static)
2026-05-09 00:00:00+00:00,21,127.0875,50.942517275159474,Ensemble (static)
2026-05-09 00:00:00+00:00,22,128.0925,51.47377586153183,Ensemble (static)
2026-05-09 00:00:00+00:00,23,125.4475,50.079671569788765,Ensemble (static)
2026-05-10 00:00:00+00:00,0,125.4325,64.77009690670477,Ensemble (static)
2026-05-10 00:00:00+00:00,1,123.4825,63.48948486578125,Ensemble (static)
2026-05-10 00:00:00+00:00,2,124.1975,61.399015089830506,Ensemble (static)
2026-05-10 00:00:00+00:00,3,123.94,58.92577126990291,Ensemble (static)
2026-05-10 00:00:00+00:00,4,115.14,51.47222951469412,Ensemble (static)
2026-05-10 00:00:00+00:00,5,101.1675,48.86521218751406,Ensemble (static)
2026-05-10 00:00:00+00:00,6,70.835,64.26503514815637,Ensemble (static)
2026-05-10 00:00:00+00:00,7,11.18,56.37754177716256,Ensemble (static)
2026-05-10 00:00:00+00:00,8,0.0025,49.9722551093617,Ensemble (static)
2026-05-10 00:00:00+00:00,9,-0.6699999999999999,46.1682154071971,Ensemble (static)
2026-05-10 00:00:00+00:00,10,-1.88,43.643014047239404,Ensemble (static)
2026-05-10 00:00:00+00:00,11,-2.165,40.970916413573015,Ensemble (static)
2026-05-10 00:00:00+00:00,12,-1.4,43.52274133131654,Ensemble (static)
2026-05-10 00:00:00+00:00,13,-0.255,45.675141400171306,Ensemble (static)
2026-05-10 00:00:00+00:00,14,1.8825,47.426483566624825,Ensemble (static)
2026-05-10 00:00:00+00:00,15,71.005,58.51675303092968,Ensemble (static)
2026-05-10 00:00:00+00:00,16,110.9425,68.32900480751081,Ensemble (static)
2026-05-10 00:00:00+00:00,17,122.0,79.55730686887684,Ensemble (static)
2026-05-10 00:00:00+00:00,18,129.3175,83.36055452993384,Ensemble (static)
2026-05-10 00:00:00+00:00,19,128.515,89.57514731760452,Ensemble (static)
2026-05-10 00:00:00+00:00,20,124.14,66.23605090858081,Ensemble (static)
2026-05-10 00:00:00+00:00,21,119.8375,58.11013556256588,Ensemble (static)
2026-05-10 00:00:00+00:00,22,118.785,55.56895547504159,Ensemble (static)
2026-05-10 00:00:00+00:00,23,112.335,52.22867791732722,Ensemble (static)
2026-05-11 00:00:00+00:00,0,110.4275,65.57991503195069,Ensemble (static)
2026-05-11 00:00:00+00:00,1,112.6575,70.95936147146469,Ensemble (static)
2026-05-11 00:00:00+00:00,2,113.0925,74.63251175099364,Ensemble (static)
2026-05-11 00:00:00+00:00,3,122.1375,85.602108250821,Ensemble (static)
2026-05-11 00:00:00+00:00,4,136.475,88.92573080965697,Ensemble (static)
2026-05-11 00:00:00+00:00,5,154.0475,98.31378037122744,Ensemble (static)
2026-05-11 00:00:00+00:00,6,150.0125,118.1508839918421,Ensemble (static)
2026-05-11 00:00:00+00:00,7,136.79999999999998,86.22106237990545,Ensemble (static)
2026-05-11 00:00:00+00:00,8,126.3075,75.07936657631961,Ensemble (static)
2026-05-11 00:00:00+00:00,9,113.4325,68.91675305013185,Ensemble (static)
2026-05-11 00:00:00+00:00,10,105.485,69.53135810625065,Ensemble (static)
2026-05-11 00:00:00+00:00,11,98.78,62.32330312554863,Ensemble (static)
2026-05-11 00:00:00+00:00,12,95.98,58.14670519796719,Ensemble (static)
2026-05-11 00:00:00+00:00,13,96.2,64.76046150358229,Ensemble (static)
2026-05-11 00:00:00+00:00,14,100.49,59.93131929920682,Ensemble (static)
2026-05-11 00:00:00+00:00,15,116.3025,70.2138960876162,Ensemble (static)
2026-05-11 00:00:00+00:00,16,122.98,82.81189411115773,Ensemble (static)
2026-05-11 00:00:00+00:00,17,130.7175,78.44913387844957,Ensemble (static)
2026-05-11 00:00:00+00:00,18,131.12,71.56270714984713,Ensemble (static)
2026-05-11 00:00:00+00:00,19,127.8725,71.47476468073147,Ensemble (static)
2026-05-11 00:00:00+00:00,20,120.765,58.03152667709287,Ensemble (static)
2026-05-11 00:00:00+00:00,21,108.9525,43.07346344848297,Ensemble (static)
2026-05-11 00:00:00+00:00,22,99.065,40.19148715306449,Ensemble (static)
2026-05-11 00:00:00+00:00,23,95.275,34.72477994695444,Ensemble (static)
2026-05-12 00:00:00+00:00,0,91.73,49.515552378438244,Ensemble (static)
2026-05-12 00:00:00+00:00,1,89.8975,50.625359770046686,Ensemble (static)
2026-05-12 00:00:00+00:00,2,91.375,47.41408862674645,Ensemble (static)
2026-05-12 00:00:00+00:00,3,94.0025,52.86314812404795,Ensemble (static)
2026-05-12 00:00:00+00:00,4,111.2625,54.38515369356047,Ensemble (static)
2026-05-12 00:00:00+00:00,5,122.575,49.79420822045368,Ensemble (static)
2026-05-12 00:00:00+00:00,6,112.145,119.9594236000596,Ensemble (static)
2026-05-12 00:00:00+00:00,7,94.075,86.50335700814333,Ensemble (static)
2026-05-12 00:00:00+00:00,8,79.5575,71.63584195408646,Ensemble (static)
2026-05-12 00:00:00+00:00,9,63.535,68.98932723590731,Ensemble (static)
2026-05-12 00:00:00+00:00,10,45.91,70.12685554903744,Ensemble (static)
2026-05-12 00:00:00+00:00,11,27.33,61.5239382597939,Ensemble (static)
2026-05-12 00:00:00+00:00,12,19.9725,59.713976432229735,Ensemble (static)
2026-05-12 00:00:00+00:00,13,44.760000000000005,65.75810847273078,Ensemble (static)
2026-05-12 00:00:00+00:00,14,74.405,59.92573640058649,Ensemble (static)
2026-05-12 00:00:00+00:00,15,96.0,71.03283363049638,Ensemble (static)
2026-05-12 00:00:00+00:00,16,114.88,75.78490538546586,Ensemble (static)
2026-05-12 00:00:00+00:00,17,136.2775,85.36236461172379,Ensemble (static)
2026-05-12 00:00:00+00:00,18,142.985,98.0608788892426,Ensemble (static)
2026-05-12 00:00:00+00:00,19,142.7425,97.1951393867255,Ensemble (static)
2026-05-12 00:00:00+00:00,20,131.225,83.68788211285614,Ensemble (static)
2026-05-12 00:00:00+00:00,21,118.345,59.4670984614752,Ensemble (static)
2026-05-12 00:00:00+00:00,22,114.33,49.87156169655302,Ensemble (static)
2026-05-12 00:00:00+00:00,23,106.2175,43.30905168066629,Ensemble (static)
2026-05-13 00:00:00+00:00,0,104.3575,53.64645413103507,Ensemble (static)
2026-05-13 00:00:00+00:00,1,107.435,53.96132241213199,Ensemble (static)
2026-05-13 00:00:00+00:00,2,111.195,49.648532053801915,Ensemble (static)
2026-05-13 00:00:00+00:00,3,120.0,56.13654851443789,Ensemble (static)
2026-05-13 00:00:00+00:00,4,137.1825,58.99736811221567,Ensemble (static)
2026-05-13 00:00:00+00:00,5,141.1225,64.87171858093872,Ensemble (static)
2026-05-13 00:00:00+00:00,6,126.7,104.11176278377235,Ensemble (static)
2026-05-13 00:00:00+00:00,7,102.525,84.86452760298997,Ensemble (static)
2026-05-13 00:00:00+00:00,8,86.44,70.98617928534895,Ensemble (static)
2026-05-13 00:00:00+00:00,9,83.7775,68.70272245998373,Ensemble (static)
2026-05-13 00:00:00+00:00,10,74.10249999999999,70.28460906054244,Ensemble (static)
2026-05-13 00:00:00+00:00,11,71.77250000000001,64.24488158712398,Ensemble (static)
2026-05-13 00:00:00+00:00,12,70.2025,67.08839174031559,Ensemble (static)
2026-05-13 00:00:00+00:00,13,82.2675,79.39883822477053,Ensemble (static)
2026-05-13 00:00:00+00:00,14,92.375,71.37697323812205,Ensemble (static)
2026-05-13 00:00:00+00:00,15,112.6025,90.52911235815914,Ensemble (static)
2026-05-13 00:00:00+00:00,16,132.355,105.94678253508444,Ensemble (static)
2026-05-13 00:00:00+00:00,17,151.4925,116.08071624351568,Ensemble (static)
2026-05-13 00:00:00+00:00,18,171.26749999999998,128.64472188807636,Ensemble (static)
2026-05-13 00:00:00+00:00,19,160.04500000000002,143.50978941342893,Ensemble (static)
2026-05-13 00:00:00+00:00,20,142.20499999999998,102.32597214638375,Ensemble (static)
2026-05-13 00:00:00+00:00,21,123.095,90.28212874475774,Ensemble (static)
2026-05-13 00:00:00+00:00,22,130.54,67.24554933833025,Ensemble (static)
2026-05-13 00:00:00+00:00,23,121.75,58.5552685744935,Ensemble (static)
2026-05-14 00:00:00+00:00,0,119.225,59.07015815668096,Ensemble (static)
2026-05-14 00:00:00+00:00,1,115.6375,57.229674765716574,Ensemble (static)
2026-05-14 00:00:00+00:00,2,112.9175,53.809573519601656,Ensemble (static)
2026-05-14 00:00:00+00:00,3,112.045,55.02876755714672,Ensemble (static)
2026-05-14 00:00:00+00:00,4,111.405,56.31701368122564,Ensemble (static)
2026-05-14 00:00:00+00:00,5,108.09,49.63871570797279,Ensemble (static)
2026-05-14 00:00:00+00:00,6,99.2575,65.81564658146209,Ensemble (static)
2026-05-14 00:00:00+00:00,7,85.15,65.86126473657188,Ensemble (static)
2026-05-14 00:00:00+00:00,8,58.6425,59.679593767694115,Ensemble (static)
2026-05-14 00:00:00+00:00,9,35.5675,55.461062043329946,Ensemble (static)
2026-05-14 00:00:00+00:00,10,16.055,53.65180041120472,Ensemble (static)
2026-05-14 00:00:00+00:00,11,7.5525,51.12016903684001,Ensemble (static)
2026-05-14 00:00:00+00:00,12,4.6025,49.953608718786555,Ensemble (static)
2026-05-14 00:00:00+00:00,13,17.8475,48.97620007835188,Ensemble (static)
2026-05-14 00:00:00+00:00,14,66.9125,51.65700428271244,Ensemble (static)
2026-05-14 00:00:00+00:00,15,94.76,65.15417005520627,Ensemble (static)
2026-05-14 00:00:00+00:00,16,126.0,74.76517984553837,Ensemble (static)
2026-05-14 00:00:00+00:00,17,142.5825,94.55835422217284,Ensemble (static)
2026-05-14 00:00:00+00:00,18,150.4475,121.02147549769893,Ensemble (static)
2026-05-14 00:00:00+00:00,19,152.2025,141.1791010771638,Ensemble (static)
2026-05-14 00:00:00+00:00,20,150.91,113.79249109380142,Ensemble (static)
2026-05-14 00:00:00+00:00,21,136.32,92.5531550443401,Ensemble (static)
2026-05-14 00:00:00+00:00,22,137.9725,83.82421639093711,Ensemble (static)
2026-05-14 00:00:00+00:00,23,131.3725,77.30341756902934,Ensemble (static)
2026-05-15 00:00:00+00:00,0,126.3125,68.08850228576819,Ensemble (static)
2026-05-15 00:00:00+00:00,1,121.9375,64.66862730895343,Ensemble (static)
2026-05-15 00:00:00+00:00,2,123.7125,59.590266404677,Ensemble (static)
2026-05-15 00:00:00+00:00,3,127.16,63.60724971938042,Ensemble (static)
2026-05-15 00:00:00+00:00,4,136.1,61.87936770833075,Ensemble (static)
2026-05-15 00:00:00+00:00,5,132.515,52.465184883498885,Ensemble (static)
2026-05-15 00:00:00+00:00,6,123.995,75.9202814879027,Ensemble (static)
2026-05-15 00:00:00+00:00,7,104.54,72.19596989376605,Ensemble (static)
2026-05-15 00:00:00+00:00,8,81.7825,65.77445650708731,Ensemble (static)
2026-05-15 00:00:00+00:00,9,66.8175,58.29864040305958,Ensemble (static)
2026-05-15 00:00:00+00:00,10,54.3025,58.261198637106155,Ensemble (static)
2026-05-15 00:00:00+00:00,11,40.3225,54.91406693693716,Ensemble (static)
2026-05-15 00:00:00+00:00,12,40.1475,54.41910783873494,Ensemble (static)
2026-05-15 00:00:00+00:00,13,51.0025,57.049550774368385,Ensemble (static)
2026-05-15 00:00:00+00:00,14,77.32,56.697894932547456,Ensemble (static)
2026-05-15 00:00:00+00:00,15,105.0475,69.49394586961796,Ensemble (static)
2026-05-15 00:00:00+00:00,16,125.0425,75.9858805040197,Ensemble (static)
2026-05-15 00:00:00+00:00,17,143.31,79.85290183090692,Ensemble (static)
2026-05-15 00:00:00+00:00,18,153.455,88.6217154275633,Ensemble (static)
2026-05-15 00:00:00+00:00,19,151.14499999999998,97.46165086181921,Ensemble (static)
2026-05-15 00:00:00+00:00,20,144.685,73.06493074812511,Ensemble (static)
2026-05-15 00:00:00+00:00,21,135.5125,60.542847913065316,Ensemble (static)
2026-05-15 00:00:00+00:00,22,130.0,53.94154859527583,Ensemble (static)
2026-05-15 00:00:00+00:00,23,121.7875,47.81998110200618,Ensemble (static)
2026-05-16 00:00:00+00:00,0,117.5625,56.34632872752346,Ensemble (static)
2026-05-16 00:00:00+00:00,1,116.0025,52.97558204880577,Ensemble (static)
2026-05-16 00:00:00+00:00,2,114.02,48.7632935128644,Ensemble (static)
2026-05-16 00:00:00+00:00,3,109.3425,47.933821449900975,Ensemble (static)
2026-05-16 00:00:00+00:00,4,105.7075,43.87800535675642,Ensemble (static)
2026-05-16 00:00:00+00:00,5,100.045,39.5180154628387,Ensemble (static)
2026-05-16 00:00:00+00:00,6,86.9525,63.24516525170384,Ensemble (static)
2026-05-16 00:00:00+00:00,7,43.9525,60.62139491694747,Ensemble (static)
2026-05-16 00:00:00+00:00,8,4.2025,52.17721892631816,Ensemble (static)
2026-05-16 00:00:00+00:00,9,-0.03,49.196136041784904,Ensemble (static)
2026-05-16 00:00:00+00:00,10,-1.195,44.13654651544094,Ensemble (static)
2026-05-16 00:00:00+00:00,11,-2.2,41.976294623677305,Ensemble (static)
2026-05-16 00:00:00+00:00,12,-1.9325,43.75054661376616,Ensemble (static)
2026-05-16 00:00:00+00:00,13,-0.9975,48.51220858336783,Ensemble (static)
2026-05-16 00:00:00+00:00,14,4.779999999999999,43.206899970002034,Ensemble (static)
2026-05-16 00:00:00+00:00,15,60.0925,54.27641670273546,Ensemble (static)
2026-05-16 00:00:00+00:00,16,100.2225,62.76163188537461,Ensemble (static)
2026-05-16 00:00:00+00:00,17,126.47,76.39920032924505,Ensemble (static)
2026-05-16 00:00:00+00:00,18,139.9975,92.80063649441018,Ensemble (static)
2026-05-16 00:00:00+00:00,19,140.6875,106.9583749839337,Ensemble (static)
2026-05-16 00:00:00+00:00,20,135.99,82.22711223169581,Ensemble (static)
2026-05-16 00:00:00+00:00,21,127.7,59.23431596970394,Ensemble (static)
2026-05-16 00:00:00+00:00,22,127.7175,53.436880756328115,Ensemble (static)
2026-05-16 00:00:00+00:00,23,119.0625,52.307487834882295,Ensemble (static)
2026-05-17 00:00:00+00:00,0,115.565,58.98288070940495,Ensemble (static)
2026-05-17 00:00:00+00:00,1,113.8975,54.413318877248756,Ensemble (static)
2026-05-17 00:00:00+00:00,2,109.17,52.13389087297995,Ensemble (static)
2026-05-17 00:00:00+00:00,3,105.445,49.9552237286505,Ensemble (static)
2026-05-17 00:00:00+00:00,4,98.7925,44.62385822021544,Ensemble (static)
2026-05-17 00:00:00+00:00,5,80.795,50.120002921063694,Ensemble (static)
2026-05-17 00:00:00+00:00,6,53.8425,58.41055240653283,Ensemble (static)
2026-05-17 00:00:00+00:00,7,18.97,53.108476266254556,Ensemble (static)
2026-05-17 00:00:00+00:00,8,3.49,48.52798659280494,Ensemble (static)
2026-05-17 00:00:00+00:00,9,0.56,45.72033579588258,Ensemble (static)
2026-05-17 00:00:00+00:00,10,0.8225,44.61405272606129,Ensemble (static)
2026-05-17 00:00:00+00:00,11,0.0,41.674574012495604,Ensemble (static)
2026-05-17 00:00:00+00:00,12,0.98,43.60027680420629,Ensemble (static)
2026-05-17 00:00:00+00:00,13,11.31,45.58875168363862,Ensemble (static)
2026-05-17 00:00:00+00:00,14,52.4375,49.01503325071445,Ensemble (static)
2026-05-17 00:00:00+00:00,15,100.315,63.65104991515255,Ensemble (static)
2026-05-17 00:00:00+00:00,16,129.3875,90.75381544471277,Ensemble (static)
2026-05-17 00:00:00+00:00,17,143.0675,105.20751037642104,Ensemble (static)
2026-05-17 00:00:00+00:00,18,155.8,108.36409429758308,Ensemble (static)
2026-05-17 00:00:00+00:00,19,156.70499999999998,128.90160736127018,Ensemble (static)
2026-05-17 00:00:00+00:00,20,151.3675,84.97502295168042,Ensemble (static)
2026-05-17 00:00:00+00:00,21,142.575,67.29731629443073,Ensemble (static)
2026-05-17 00:00:00+00:00,22,134.6575,62.67302687992864,Ensemble (static)
2026-05-17 00:00:00+00:00,23,125.9725,55.78941654539737,Ensemble (static)
2026-05-18 00:00:00+00:00,0,125.9975,72.6116545639869,Ensemble (static)
2026-05-18 00:00:00+00:00,1,126.3925,80.4525361932557,Ensemble (static)
2026-05-18 00:00:00+00:00,2,129.36,85.85598883833636,Ensemble (static)
2026-05-18 00:00:00+00:00,3,137.0225,91.1833929057594,Ensemble (static)
2026-05-18 00:00:00+00:00,4,152.51749999999998,88.78100615384717,Ensemble (static)
2026-05-18 00:00:00+00:00,5,160.075,90.0504488076609,Ensemble (static)
2026-05-18 00:00:00+00:00,6,152.105,112.87985446305947,Ensemble (static)
2026-05-18 00:00:00+00:00,7,125.88,79.76863144885559,Ensemble (static)
2026-05-18 00:00:00+00:00,8,107.85,70.95011850598404,Ensemble (static)
2026-05-18 00:00:00+00:00,9,100.0525,64.77835375428266,Ensemble (static)
2026-05-18 00:00:00+00:00,10,94.895,69.09969719353337,Ensemble (static)
2026-05-18 00:00:00+00:00,11,94.9775,67.0080681286528,Ensemble (static)
2026-05-18 00:00:00+00:00,12,96.77,66.51901437907125,Ensemble (static)
2026-05-18 00:00:00+00:00,13,102.405,76.72050855935072,Ensemble (static)
2026-05-18 00:00:00+00:00,14,113.965,82.71506968251015,Ensemble (static)
2026-05-18 00:00:00+00:00,15,134.065,105.51767045890699,Ensemble (static)
2026-05-18 00:00:00+00:00,16,152.1375,128.56233787356018,Ensemble (static)
2026-05-18 00:00:00+00:00,17,192.8525,123.10806278097093,Ensemble (static)
2026-05-18 00:00:00+00:00,18,250.8975,140.05574464968208,Ensemble (static)
2026-05-18 00:00:00+00:00,19,214.3375,157.632580286157,Ensemble (static)
2026-05-18 00:00:00+00:00,20,160.6475,114.74063641251585,Ensemble (static)
2026-05-18 00:00:00+00:00,21,148.89499999999998,93.35988365117761,Ensemble (static)
2026-05-18 00:00:00+00:00,22,148.2525,80.3524459797869,Ensemble (static)
2026-05-18 00:00:00+00:00,23,141.9425,87.74536261064776,Ensemble (static)
2026-05-19 00:00:00+00:00,0,139.3225,79.07667115691918,Ensemble (static)
2026-05-19 00:00:00+00:00,1,138.54000000000002,74.80158434768639,Ensemble (static)
2026-05-19 00:00:00+00:00,2,141.5675,66.53261420879065,Ensemble (static)
2026-05-19 00:00:00+00:00,3,146.92000000000002,68.49066999183552,Ensemble (static)
2026-05-19 00:00:00+00:00,4,164.46,65.88791668361571,Ensemble (static)
2026-05-19 00:00:00+00:00,5,153.7725,51.93158307911526,Ensemble (static)
2026-05-19 00:00:00+00:00,6,131.855,80.40188370104553,Ensemble (static)
2026-05-19 00:00:00+00:00,7,108.7425,78.59902886940392,Ensemble (static)
2026-05-19 00:00:00+00:00,8,94.265,68.17036936091282,Ensemble (static)
2026-05-19 00:00:00+00:00,9,82.08500000000001,64.47668976471056,Ensemble (static)
2026-05-19 00:00:00+00:00,10,73.145,60.94925893321333,Ensemble (static)
2026-05-19 00:00:00+00:00,11,73.7375,59.64235122100821,Ensemble (static)
2026-05-19 00:00:00+00:00,12,79.81,62.77488578142409,Ensemble (static)
2026-05-19 00:00:00+00:00,13,87.57,70.50692835061352,Ensemble (static)
2026-05-19 00:00:00+00:00,14,102.25,69.69141562673828,Ensemble (static)
2026-05-19 00:00:00+00:00,15,127.2925,84.53028246920192,Ensemble (static)
2026-05-19 00:00:00+00:00,16,144.95,92.99107429664309,Ensemble (static)
2026-05-19 00:00:00+00:00,17,172.485,115.65921868468683,Ensemble (static)
2026-05-19 00:00:00+00:00,18,180.9025,138.1358510871581,Ensemble (static)
2026-05-19 00:00:00+00:00,19,163.63,158.81630280714256,Ensemble (static)
2026-05-19 00:00:00+00:00,20,145.545,98.88353844098502,Ensemble (static)
2026-05-19 00:00:00+00:00,21,131.8025,63.367058973857766,Ensemble (static)
2026-05-19 00:00:00+00:00,22,123.73,54.20320184395625,Ensemble (static)
2026-05-19 00:00:00+00:00,23,114.635,49.37883304519957,Ensemble (static)
2026-05-20 00:00:00+00:00,0,109.7525,54.90009045133858,Ensemble (static)
2026-05-20 00:00:00+00:00,1,109.9725,54.66689752349613,Ensemble (static)
2026-05-20 00:00:00+00:00,2,110.41,48.568964640144145,Ensemble (static)
2026-05-20 00:00:00+00:00,3,119.05,53.97578564598463,Ensemble (static)
2026-05-20 00:00:00+00:00,4,134.9875,56.4912156811587,Ensemble (static)
2026-05-20 00:00:00+00:00,5,136.975,57.653927348383846,Ensemble (static)
2026-05-20 00:00:00+00:00,6,125.5125,92.7286927815326,Ensemble (static)
2026-05-20 00:00:00+00:00,7,109.06,82.9283662425673,Ensemble (static)
2026-05-20 00:00:00+00:00,8,89.7,71.53027414125668,Ensemble (static)
2026-05-20 00:00:00+00:00,9,75.46249999999999,67.47321772831208,Ensemble (static)
2026-05-20 00:00:00+00:00,10,64.005,68.32420380287142,Ensemble (static)
2026-05-20 00:00:00+00:00,11,44.9975,63.961282068480934,Ensemble (static)
2026-05-20 00:00:00+00:00,12,33.5125,62.69399876328191,Ensemble (static)
2026-05-20 00:00:00+00:00,13,45.66,70.763992230659,Ensemble (static)
2026-05-20 00:00:00+00:00,14,65.01,64.18183280897206,Ensemble (static)
2026-05-20 00:00:00+00:00,15,99.3975,78.19513236153816,Ensemble (static)
2026-05-20 00:00:00+00:00,16,130.2125,86.65898076357612,Ensemble (static)
2026-05-20 00:00:00+00:00,17,149.5675,94.47668025975574,Ensemble (static)
2026-05-20 00:00:00+00:00,18,167.9225,109.34497335571861,Ensemble (static)
2026-05-20 00:00:00+00:00,19,165.0,116.15402616716383,Ensemble (static)
2026-05-20 00:00:00+00:00,20,150.02,101.40271800516953,Ensemble (static)
2026-05-20 00:00:00+00:00,21,139.0025,75.22348062036286,Ensemble (static)
2026-05-20 00:00:00+00:00,22,133.0275,58.44132264200138,Ensemble (static)
2026-05-20 00:00:00+00:00,23,121.66,50.24131651265613,Ensemble (static)
2026-05-21 00:00:00+00:00,0,116.0225,60.395762706220125,Ensemble (static)
2026-05-21 00:00:00+00:00,1,113.55,59.69387588581634,Ensemble (static)
2026-05-21 00:00:00+00:00,2,116.01,57.21364580395944,Ensemble (static)
2026-05-21 00:00:00+00:00,3,128.405,57.908592789708415,Ensemble (static)
2026-05-21 00:00:00+00:00,4,142.815,56.02387656103095,Ensemble (static)
2026-05-21 00:00:00+00:00,5,143.6175,46.741654906926954,Ensemble (static)
2026-05-21 00:00:00+00:00,6,131.3875,76.71766995196458,Ensemble (static)
2026-05-21 00:00:00+00:00,7,104.14,77.12055251271403,Ensemble (static)
2026-05-21 00:00:00+00:00,8,81.1975,66.36732399691081,Ensemble (static)
2026-05-21 00:00:00+00:00,9,42.752500000000005,61.600290044485774,Ensemble (static)
2026-05-21 00:00:00+00:00,10,12.1375,53.341969890651896,Ensemble (static)
2026-05-21 00:00:00+00:00,11,7.369999999999999,53.70973688051372,Ensemble (static)
2026-05-21 00:00:00+00:00,12,8.8125,53.2133184287597,Ensemble (static)
2026-05-21 00:00:00+00:00,13,35.2,57.37588885347263,Ensemble (static)
2026-05-21 00:00:00+00:00,14,71.7075,56.70436241360056,Ensemble (static)
2026-05-21 00:00:00+00:00,15,104.995,70.90977822923102,Ensemble (static)
2026-05-21 00:00:00+00:00,16,135.8875,78.34364979987002,Ensemble (static)
2026-05-21 00:00:00+00:00,17,163.35500000000002,91.77564600622472,Ensemble (static)
2026-05-21 00:00:00+00:00,18,204.695,122.74574474638987,Ensemble (static)
2026-05-21 00:00:00+00:00,19,188.4175,159.18410340011656,Ensemble (static)
2026-05-21 00:00:00+00:00,20,166.035,119.1058568986102,Ensemble (static)
2026-05-21 00:00:00+00:00,21,146.39249999999998,88.72579091998433,Ensemble (static)
2026-05-21 00:00:00+00:00,22,144.315,76.8753058034319,Ensemble (static)
2026-05-21 00:00:00+00:00,23,136.9,76.36885089453813,Ensemble (static)
2026-05-22 00:00:00+00:00,0,131.6375,77.45426121817542,Ensemble (static)
2026-05-22 00:00:00+00:00,1,128.95000000000002,75.77337938574519,Ensemble (static)
2026-05-22 00:00:00+00:00,2,131.4975,69.5757084785262,Ensemble (static)
2026-05-22 00:00:00+00:00,3,135.7175,72.25448352419879,Ensemble (static)
2026-05-22 00:00:00+00:00,4,144.35500000000002,66.16776152068277,Ensemble (static)
2026-05-22 00:00:00+00:00,5,138.1775,54.42909775017561,Ensemble (static)
2026-05-22 00:00:00+00:00,6,123.135,80.12505672681472,Ensemble (static)
2026-05-22 00:00:00+00:00,7,91.8825,70.10203621342555,Ensemble (static)
2026-05-22 00:00:00+00:00,8,42.48,59.932223769356675,Ensemble (static)
2026-05-22 00:00:00+00:00,9,3.94,55.31560762856124,Ensemble (static)
2026-05-22 00:00:00+00:00,10,0.005,50.99080040489473,Ensemble (static)
2026-05-22 00:00:00+00:00,11,0.0,49.08137582740373,Ensemble (static)
2026-05-22 00:00:00+00:00,12,1.0,50.12423119042954,Ensemble (static)
2026-05-22 00:00:00+00:00,13,20.305,55.79605022958728,Ensemble (static)
2026-05-22 00:00:00+00:00,14,70.24,56.49453976511603,Ensemble (static)
2026-05-22 00:00:00+00:00,15,104.195,70.56769785015777,Ensemble (static)
2026-05-22 00:00:00+00:00,16,134.95,78.66199317038567,Ensemble (static)
2026-05-22 00:00:00+00:00,17,161.2225,92.08007779982685,Ensemble (static)
2026-05-22 00:00:00+00:00,18,218.4275,121.02671966221298,Ensemble (static)
2026-05-22 00:00:00+00:00,19,193.6625,133.8425745769233,Ensemble (static)
2026-05-22 00:00:00+00:00,20,154.635,95.89167625105154,Ensemble (static)
2026-05-22 00:00:00+00:00,21,140.735,75.30096739951485,Ensemble (static)
2026-05-22 00:00:00+00:00,22,136.76,65.33422765750575,Ensemble (static)
2026-05-22 00:00:00+00:00,23,130.0,56.60430498497522,Ensemble (static)
2026-05-23 00:00:00+00:00,0,125.8675,64.47726654973019,Ensemble (static)
2026-05-23 00:00:00+00:00,1,125.3675,62.31647076178231,Ensemble (static)
2026-05-23 00:00:00+00:00,2,121.7325,56.488520274641246,Ensemble (static)
2026-05-23 00:00:00+00:00,3,119.26,55.286468139343235,Ensemble (static)
2026-05-23 00:00:00+00:00,4,116.3675,48.44744749651633,Ensemble (static)
2026-05-23 00:00:00+00:00,5,97.085,43.18888734185028,Ensemble (static)
2026-05-23 00:00:00+00:00,6,49.8625,63.81357390409066,Ensemble (static)
2026-05-23 00:00:00+00:00,7,1.6,54.100024026974765,Ensemble (static)
2026-05-23 00:00:00+00:00,8,-0.3325,48.37779241953854,Ensemble (static)
2026-05-23 00:00:00+00:00,9,-3.9,45.93359414109153,Ensemble (static)
2026-05-23 00:00:00+00:00,10,-12.392499999999998,40.314285071380525,Ensemble (static)
2026-05-23 00:00:00+00:00,11,-31.8175,38.02921578903231,Ensemble (static)
2026-05-23 00:00:00+00:00,12,-18.42,41.940516986146434,Ensemble (static)
2026-05-23 00:00:00+00:00,13,-4.0,43.83759644864805,Ensemble (static)
2026-05-23 00:00:00+00:00,14,-0.2875,43.625004284313775,Ensemble (static)
2026-05-23 00:00:00+00:00,15,44.4475,56.50691353281836,Ensemble (static)
2026-05-23 00:00:00+00:00,16,120.7625,63.764197527526335,Ensemble (static)
2026-05-23 00:00:00+00:00,17,149.6575,90.11197766324224,Ensemble (static)
2026-05-23 00:00:00+00:00,18,174.52,110.61041380365124,Ensemble (static)
2026-05-23 00:00:00+00:00,19,171.065,130.23265828708722,Ensemble (static)
2026-05-23 00:00:00+00:00,20,156.915,82.5701149871075,Ensemble (static)
2026-05-23 00:00:00+00:00,21,144.6525,64.0783991996258,Ensemble (static)
2026-05-23 00:00:00+00:00,22,143.8025,57.615006435251004,Ensemble (static)
2026-05-23 00:00:00+00:00,23,133.3775,55.546937091514806,Ensemble (static)
2026-05-24 00:00:00+00:00,0,136.885,65.17759142867149,Ensemble (static)
2026-05-24 00:00:00+00:00,1,125.44,58.65597105205715,Ensemble (static)
2026-05-24 00:00:00+00:00,2,122.89,55.65871498812211,Ensemble (static)
2026-05-24 00:00:00+00:00,3,117.7225,53.594031039816564,Ensemble (static)
2026-05-24 00:00:00+00:00,4,108.795,47.03868905520599,Ensemble (static)
2026-05-24 00:00:00+00:00,5,88.4625,40.74869382392009,Ensemble (static)
2026-05-24 00:00:00+00:00,6,16.3675,52.18358057931069,Ensemble (static)
2026-05-24 00:00:00+00:00,7,-0.0275,48.94415989943588,Ensemble (static)
2026-05-24 00:00:00+00:00,8,-2.5025,45.203195500363506,Ensemble (static)
2026-05-24 00:00:00+00:00,9,-13.8325,41.68310292594951,Ensemble (static)
2026-05-24 00:00:00+00:00,10,-37.6125,38.900184277149506,Ensemble (static)
2026-05-24 00:00:00+00:00,11,-75.9375,36.12245244891922,Ensemble (static)
2026-05-24 00:00:00+00:00,12,-61.7525,36.60650260713076,Ensemble (static)
2026-05-24 00:00:00+00:00,13,-23.4925,38.025366165629585,Ensemble (static)
2026-05-24 00:00:00+00:00,14,-1.9575,40.60757772649348,Ensemble (static)
2026-05-24 00:00:00+00:00,15,14.375,51.44747916345655,Ensemble (static)
2026-05-24 00:00:00+00:00,16,96.3775,61.870130340973304,Ensemble (static)
2026-05-24 00:00:00+00:00,17,133.2175,71.75802551997228,Ensemble (static)
2026-05-24 00:00:00+00:00,18,151.0175,81.03078125296204,Ensemble (static)
2026-05-24 00:00:00+00:00,19,153.2275,97.0740862066481,Ensemble (static)
2026-05-24 00:00:00+00:00,20,144.42000000000002,69.73709612963818,Ensemble (static)
2026-05-24 00:00:00+00:00,21,132.1,56.19568966186064,Ensemble (static)
2026-05-24 00:00:00+00:00,22,130.8675,54.325100371497,Ensemble (static)
2026-05-24 00:00:00+00:00,23,125.9825,56.29675661081207,Ensemble (static)
2026-05-25 00:00:00+00:00,0,125.24,67.91415458079315,Ensemble (static)
2026-05-25 00:00:00+00:00,1,126.0125,64.75960971000782,Ensemble (static)
2026-05-25 00:00:00+00:00,2,129.3125,73.25045074093228,Ensemble (static)
2026-05-25 00:00:00+00:00,3,131.995,73.98386606090833,Ensemble (static)
2026-05-25 00:00:00+00:00,4,130.195,64.07699102179505,Ensemble (static)
2026-05-25 00:00:00+00:00,5,117.8775,48.766558892802564,Ensemble (static)
2026-05-25 00:00:00+00:00,6,77.68,86.70943600189614,Ensemble (static)
2026-05-25 00:00:00+00:00,7,5.0,57.79824098504215,Ensemble (static)
2026-05-25 00:00:00+00:00,8,-0.1674999999999999,52.135384984039625,Ensemble (static)
2026-05-25 00:00:00+00:00,9,-5.2625,45.18606536953506,Ensemble (static)
2026-05-25 00:00:00+00:00,10,-12.7125,44.81962895413721,Ensemble (static)
2026-05-25 00:00:00+00:00,11,-29.295,40.365003848492975,Ensemble (static)
2026-05-25 00:00:00+00:00,12,-27.1825,38.62127069687537,Ensemble (static)
2026-05-25 00:00:00+00:00,13,-10.05,37.66448044570858,Ensemble (static)
2026-05-25 00:00:00+00:00,14,-2.915,43.73367923492543,Ensemble (static)
2026-05-25 00:00:00+00:00,15,31.95,57.832974864004626,Ensemble (static)
2026-05-25 00:00:00+00:00,16,118.8225,61.703420758458066,Ensemble (static)
2026-05-25 00:00:00+00:00,17,150.575,82.67720465449138,Ensemble (static)
2026-05-25 00:00:00+00:00,18,172.185,104.07015044294454,Ensemble (static)
2026-05-25 00:00:00+00:00,19,170.25,108.97382924139279,Ensemble (static)
2026-05-25 00:00:00+00:00,20,157.33249999999998,85.79197407033271,Ensemble (static)
2026-05-25 00:00:00+00:00,21,141.025,69.22603050531299,Ensemble (static)
2026-05-25 00:00:00+00:00,22,136.36,58.06937321812079,Ensemble (static)
2026-05-25 00:00:00+00:00,23,125.6475,48.52284412409852,Ensemble (static)
2026-05-26 00:00:00+00:00,0,120.645,65.99401184450494,Ensemble (static)
2026-05-26 00:00:00+00:00,1,121.18,66.43939200106793,Ensemble (static)
2026-05-26 00:00:00+00:00,2,119.53,67.86887569875896,Ensemble (static)
2026-05-26 00:00:00+00:00,3,128.91,71.07274065897072,Ensemble (static)
2026-05-26 00:00:00+00:00,4,143.105,67.58907409871318,Ensemble (static)
2026-05-26 00:00:00+00:00,5,141.54,60.70686136410028,Ensemble (static)
2026-05-26 00:00:00+00:00,6,122.045,115.44354398747544,Ensemble (static)
2026-05-26 00:00:00+00:00,7,78.8,74.16197427041845,Ensemble (static)
2026-05-26 00:00:00+00:00,8,6.52,61.16997639025725,Ensemble (static)
2026-05-26 00:00:00+00:00,9,-0.0075,53.14666060261697,Ensemble (static)
2026-05-26 00:00:00+00:00,10,-1.825,52.44868466644655,Ensemble (static)
2026-05-26 00:00:00+00:00,11,-2.5,52.09411490550276,Ensemble (static)
2026-05-26 00:00:00+00:00,12,-0.835,51.45925976168928,Ensemble (static)
2026-05-26 00:00:00+00:00,13,-0.015,61.92641509415204,Ensemble (static)
2026-05-26 00:00:00+00:00,14,13.115,61.132783154472705,Ensemble (static)
2026-05-26 00:00:00+00:00,15,89.685,79.6320121412257,Ensemble (static)
2026-05-26 00:00:00+00:00,16,134.7875,91.09830819471058,Ensemble (static)
2026-05-26 00:00:00+00:00,17,185.1025,97.39039295822589,Ensemble (static)
2026-05-26 00:00:00+00:00,18,217.9475,106.09593909204096,Ensemble (static)
2026-05-26 00:00:00+00:00,19,184.785,106.46112138961661,Ensemble (static)
2026-05-26 00:00:00+00:00,20,153.775,87.82017571768641,Ensemble (static)
2026-05-26 00:00:00+00:00,21,130.5325,72.47592919363368,Ensemble (static)
2026-05-26 00:00:00+00:00,22,134.7875,54.98337476966576,Ensemble (static)
2026-05-26 00:00:00+00:00,23,127.5175,49.24494728951431,Ensemble (static)
2026-05-27 00:00:00+00:00,0,120.5425,62.98582483371034,Ensemble (static)
2026-05-27 00:00:00+00:00,1,118.87,66.30745235790614,Ensemble (static)
2026-05-27 00:00:00+00:00,2,119.0475,66.68274362795395,Ensemble (static)
2026-05-27 00:00:00+00:00,3,121.235,72.27509450971095,Ensemble (static)
2026-05-27 00:00:00+00:00,4,134.2,73.11017821001646,Ensemble (static)
2026-05-27 00:00:00+00:00,5,131.1,69.12489614306814,Ensemble (static)
2026-05-27 00:00:00+00:00,6,106.4525,111.61532820501894,Ensemble (static)
2026-05-27 00:00:00+00:00,7,48.235,77.10719266590338,Ensemble (static)
2026-05-27 00:00:00+00:00,8,3.425,62.04794884400408,Ensemble (static)
2026-05-27 00:00:00+00:00,9,-0.27,56.35628755669427,Ensemble (static)
2026-05-27 00:00:00+00:00,10,-1.05,54.65774229584365,Ensemble (static)
2026-05-27 00:00:00+00:00,11,-1.635,51.167064760205136,Ensemble (static)
2026-05-27 00:00:00+00:00,12,-1.645,49.56709050162788,Ensemble (static)
2026-05-27 00:00:00+00:00,13,-1.7025,50.5847030424636,Ensemble (static)
2026-05-27 00:00:00+00:00,14,-0.4225,54.678205243803234,Ensemble (static)
2026-05-27 00:00:00+00:00,15,32.2075,69.66289987123494,Ensemble (static)
2026-05-27 00:00:00+00:00,16,97.8475,81.40746457102992,Ensemble (static)
2026-05-27 00:00:00+00:00,17,136.51749999999998,102.35295164688209,Ensemble (static)
2026-05-27 00:00:00+00:00,18,156.6775,107.7660605661647,Ensemble (static)
2026-05-27 00:00:00+00:00,19,157.53,128.9920809924942,Ensemble (static)
2026-05-27 00:00:00+00:00,20,144.16,96.17488042582625,Ensemble (static)
2026-05-27 00:00:00+00:00,21,133.45499999999998,85.7821016050688,Ensemble (static)
2026-05-27 00:00:00+00:00,22,132.945,69.54720036659886,Ensemble (static)
2026-05-27 00:00:00+00:00,23,129.5375,62.25119445727132,Ensemble (static)
2026-05-28 00:00:00+00:00,0,127.2375,72.81188708203055,Ensemble (static)
2026-05-28 00:00:00+00:00,1,127.3625,71.35978687468435,Ensemble (static)
2026-05-28 00:00:00+00:00,2,130.09,73.85869428077687,Ensemble (static)
2026-05-28 00:00:00+00:00,3,135.5025,77.79970085248212,Ensemble (static)
2026-05-28 00:00:00+00:00,4,148.4525,72.19010536453433,Ensemble (static)
2026-05-28 00:00:00+00:00,5,138.155,77.95951058307493,Ensemble (static)
2026-05-28 00:00:00+00:00,6,123.4025,115.10046823760723,Ensemble (static)
2026-05-28 00:00:00+00:00,7,87.5425,75.4200576849743,Ensemble (static)
2026-05-28 00:00:00+00:00,8,19.3075,62.17429191449965,Ensemble (static)
2026-05-28 00:00:00+00:00,9,0.5675,54.170204874810906,Ensemble (static)
2026-05-28 00:00:00+00:00,10,0.0024999999999999,56.0261845641653,Ensemble (static)
2026-05-28 00:00:00+00:00,11,-0.0125,49.69914795609654,Ensemble (static)
2026-05-28 00:00:00+00:00,12,0.0,51.93256724809006,Ensemble (static)
2026-05-28 00:00:00+00:00,13,1.2975,51.56049456248583,Ensemble (static)
2026-05-28 00:00:00+00:00,14,39.645,58.44820554604894,Ensemble (static)
2026-05-28 00:00:00+00:00,15,101.2575,75.58172867541695,Ensemble (static)
2026-05-28 00:00:00+00:00,16,138.25,90.69351902291632,Ensemble (static)
2026-05-28 00:00:00+00:00,17,217.6025,136.73494340747965,Ensemble (static)
2026-05-28 00:00:00+00:00,18,393.935,198.29602726562365,Ensemble (static)
2026-05-28 00:00:00+00:00,19,368.0175,436.9225452554358,Ensemble (static)
2026-05-28 00:00:00+00:00,20,215.75,207.66382747820683,Ensemble (static)
2026-05-28 00:00:00+00:00,21,159.7975,140.63982582054078,Ensemble (static)
2026-05-28 00:00:00+00:00,22,144.4425,93.00924251609423,Ensemble (static)
2026-05-28 00:00:00+00:00,23,133.9275,83.0243458042656,Ensemble (static)
2026-05-29 00:00:00+00:00,0,127.975,71.10294058622429,Ensemble (static)
2026-05-29 00:00:00+00:00,1,126.1925,71.03546020881365,Ensemble (static)
2026-05-29 00:00:00+00:00,2,125.2775,68.40175896218216,Ensemble (static)
2026-05-29 00:00:00+00:00,3,125.495,70.46455878852964,Ensemble (static)
2026-05-29 00:00:00+00:00,4,131.885,60.561667932754084,Ensemble (static)
2026-05-29 00:00:00+00:00,5,125.995,45.9037208339595,Ensemble (static)
2026-05-29 00:00:00+00:00,6,113.565,89.71821761391737,Ensemble (static)
2026-05-29 00:00:00+00:00,7,71.9075,65.52969621372472,Ensemble (static)
2026-05-29 00:00:00+00:00,8,17.0275,54.358767509224876,Ensemble (static)
2026-05-29 00:00:00+00:00,9,0.29,48.70509963214691,Ensemble (static)
2026-05-29 00:00:00+00:00,10,-0.055,46.94463481312498,Ensemble (static)
2026-05-29 00:00:00+00:00,11,-0.0349999999999999,43.58880044057365,Ensemble (static)
2026-05-29 00:00:00+00:00,12,0.0,48.76043809477185,Ensemble (static)
2026-05-29 00:00:00+00:00,13,9.41,53.64728956298325,Ensemble (static)
2026-05-29 00:00:00+00:00,14,51.61,49.73831774762047,Ensemble (static)
2026-05-29 00:00:00+00:00,15,103.4075,64.80722619632967,Ensemble (static)
2026-05-29 00:00:00+00:00,16,136.985,70.73353288260952,Ensemble (static)
2026-05-29 00:00:00+00:00,17,174.9475,85.31583618778582,Ensemble (static)
2026-05-29 00:00:00+00:00,18,240.61,101.61026730753218,Ensemble (static)
2026-05-29 00:00:00+00:00,19,201.405,120.21122266233321,Ensemble (static)
2026-05-29 00:00:00+00:00,20,161.70000000000002,75.83146877693086,Ensemble (static)
2026-05-29 00:00:00+00:00,21,145.1925,58.36211762291226,Ensemble (static)
2026-05-29 00:00:00+00:00,22,135.515,47.74198011734078,Ensemble (static)
2026-05-29 00:00:00+00:00,23,128.45,42.85610651247195,Ensemble (static)
2026-05-30 00:00:00+00:00,0,123.7725,64.57915000652764,Ensemble (static)
2026-05-30 00:00:00+00:00,1,121.085,62.9567906854403,Ensemble (static)
2026-05-30 00:00:00+00:00,2,125.3575,62.05967646274559,Ensemble (static)
2026-05-30 00:00:00+00:00,3,125.045,63.42979802706432,Ensemble (static)
2026-05-30 00:00:00+00:00,4,118.9925,58.39413332819906,Ensemble (static)
2026-05-30 00:00:00+00:00,5,109.095,64.13585132951158,Ensemble (static)
2026-05-30 00:00:00+00:00,6,88.8675,80.74294914317363,Ensemble (static)
2026-05-30 00:00:00+00:00,7,36.682500000000005,57.578661880770966,Ensemble (static)
2026-05-30 00:00:00+00:00,8,2.96,49.99455083554149,Ensemble (static)
2026-05-30 00:00:00+00:00,9,-0.005,47.54516137982015,Ensemble (static)
2026-05-30 00:00:00+00:00,10,-0.0525,45.45209289998471,Ensemble (static)
2026-05-30 00:00:00+00:00,11,-1.4425,40.74454615850074,Ensemble (static)
2026-05-30 00:00:00+00:00,12,-0.7475,46.243922180924564,Ensemble (static)
2026-05-30 00:00:00+00:00,13,-0.01,50.67468875279242,Ensemble (static)
2026-05-30 00:00:00+00:00,14,3.0075,45.552266292342566,Ensemble (static)
2026-05-30 00:00:00+00:00,15,62.5,57.72563054063828,Ensemble (static)
2026-05-30 00:00:00+00:00,16,107.0075,71.48824256076472,Ensemble (static)
2026-05-30 00:00:00+00:00,17,139.8725,91.92606445595699,Ensemble (static)
2026-05-30 00:00:00+00:00,18,160.52499999999998,107.42874484699054,Ensemble (static)
2026-05-30 00:00:00+00:00,19,171.845,157.38696537525723,Ensemble (static)
2026-05-30 00:00:00+00:00,20,159.4025,103.23584758822096,Ensemble (static)
2026-05-30 00:00:00+00:00,21,143.04000000000002,77.85681276991576,Ensemble (static)
2026-05-30 00:00:00+00:00,22,136.4125,60.32837806508803,Ensemble (static)
2026-05-30 00:00:00+00:00,23,129.10500000000002,56.778586415534264,Ensemble (static)
2026-05-31 00:00:00+00:00,0,125.915,70.85479945922619,Ensemble (static)
2026-05-31 00:00:00+00:00,1,125.1975,65.75436773735731,Ensemble (static)
2026-05-31 00:00:00+00:00,2,126.95,63.66626115824177,Ensemble (static)
2026-05-31 00:00:00+00:00,3,123.3575,62.253614086403324,Ensemble (static)
2026-05-31 00:00:00+00:00,4,115.0025,54.30520174478225,Ensemble (static)
2026-05-31 00:00:00+00:00,5,100.56,50.67276699785087,Ensemble (static)
2026-05-31 00:00:00+00:00,6,90.4375,57.62869861660714,Ensemble (static)
2026-05-31 00:00:00+00:00,7,56.29,55.54265982525133,Ensemble (static)
2026-05-31 00:00:00+00:00,8,7.5675,51.15076031696175,Ensemble (static)
2026-05-31 00:00:00+00:00,9,0.0,49.286250487823054,Ensemble (static)
2026-05-31 00:00:00+00:00,10,-0.005,48.08225316656643,Ensemble (static)
2026-05-31 00:00:00+00:00,11,-0.01,44.966524331978775,Ensemble (static)
2026-05-31 00:00:00+00:00,12,-0.01,46.42806118274782,Ensemble (static)
2026-05-31 00:00:00+00:00,13,0.0,50.38637646962858,Ensemble (static)
2026-05-31 00:00:00+00:00,14,49.002500000000005,48.89678431480755,Ensemble (static)
2026-05-31 00:00:00+00:00,15,95.925,60.357456332307976,Ensemble (static)
2026-05-31 00:00:00+00:00,16,127.265,73.41032496313997,Ensemble (static)
2026-05-31 00:00:00+00:00,17,141.37,77.02508687899879,Ensemble (static)
2026-05-31 00:00:00+00:00,18,152.7625,85.60021221131146,Ensemble (static)
2026-05-31 00:00:00+00:00,19,156.035,88.97652781831971,Ensemble (static)
2026-05-31 00:00:00+00:00,20,153.1275,69.75874098764068,Ensemble (static)
2026-05-31 00:00:00+00:00,21,145.3475,57.469228072111136,Ensemble (static)
2026-05-31 00:00:00+00:00,22,141.0075,54.871314026332676,Ensemble (static)
2026-05-31 00:00:00+00:00,23,128.255,50.25967154089392,Ensemble (static)
2026-06-01 00:00:00+00:00,0,123.1375,68.69181081328114,Ensemble (static)
2026-06-01 00:00:00+00:00,1,120.295,73.09506005125635,Ensemble (static)
2026-06-01 00:00:00+00:00,2,124.4875,73.6389200035321,Ensemble (static)
2026-06-01 00:00:00+00:00,3,135.0925,76.11687781341642,Ensemble (static)
2026-06-01 00:00:00+00:00,4,164.03,66.37488150939836,Ensemble (static)
2026-06-01 00:00:00+00:00,5,160.0,69.2369446444344,Ensemble (static)
2026-06-01 00:00:00+00:00,6,151.715,110.20134981313731,Ensemble (static)
2026-06-01 00:00:00+00:00,7,133.2,75.61976023444467,Ensemble (static)
2026-06-01 00:00:00+00:00,8,117.66,65.99549158813907,Ensemble (static)
2026-06-01 00:00:00+00:00,9,108.1425,61.350544248254224,Ensemble (static)
2026-06-01 00:00:00+00:00,10,93.0825,60.010352287554596,Ensemble (static)
2026-06-01 00:00:00+00:00,11,89.9075,57.22227350314591,Ensemble (static)
2026-06-01 00:00:00+00:00,12,87.44749999999999,59.15396235026846,Ensemble (static)
2026-06-01 00:00:00+00:00,13,95.0975,68.9831285087071,Ensemble (static)
2026-06-01 00:00:00+00:00,14,106.735,67.41777526066393,Ensemble (static)
2026-06-01 00:00:00+00:00,15,125.2425,85.71855696743134,Ensemble (static)
2026-06-01 00:00:00+00:00,16,141.4575,108.8627587433275,Ensemble (static)
2026-06-01 00:00:00+00:00,17,226.6125,124.2384537510008,Ensemble (static)
2026-06-01 00:00:00+00:00,18,355.2525,143.43924891565445,Ensemble (static)
2026-06-01 00:00:00+00:00,19,333.3675,173.8747442758455,Ensemble (static)
2026-06-01 00:00:00+00:00,20,222.5025,121.9748073956407,Ensemble (static)
2026-06-01 00:00:00+00:00,21,161.025,81.78097228431159,Ensemble (static)
2026-06-01 00:00:00+00:00,22,142.065,60.53203517389497,Ensemble (static)
2026-06-01 00:00:00+00:00,23,131.7225,54.29551363443797,Ensemble (static)
2026-06-02 00:00:00+00:00,0,125.085,60.31944381715762,Ensemble (static)
2026-06-02 00:00:00+00:00,1,120.915,57.76506583246831,Ensemble (static)
2026-06-02 00:00:00+00:00,2,120.6275,51.243513767357776,Ensemble (static)
2026-06-02 00:00:00+00:00,3,124.215,52.35752740777761,Ensemble (static)
2026-06-02 00:00:00+00:00,4,131.0275,49.91957848445417,Ensemble (static)
2026-06-02 00:00:00+00:00,5,131.79500000000002,48.526427168487416,Ensemble (static)
2026-06-02 00:00:00+00:00,6,121.0825,80.44587221772386,Ensemble (static)
2026-06-02 00:00:00+00:00,7,105.41,73.95052787721,Ensemble (static)
2026-06-02 00:00:00+00:00,8,90.515,63.3771299563502,Ensemble (static)
2026-06-02 00:00:00+00:00,9,84.69999999999999,59.758129533365036,Ensemble (static)
2026-06-02 00:00:00+00:00,10,80.2925,58.75873420491865,Ensemble (static)
2026-06-02 00:00:00+00:00,11,84.9575,57.274581795900566,Ensemble (static)
2026-06-02 00:00:00+00:00,12,90.7825,70.8235764457047,Ensemble (static)
2026-06-02 00:00:00+00:00,13,99.7375,92.54421853784537,Ensemble (static)
2026-06-02 00:00:00+00:00,14,112.2475,66.44842822803102,Ensemble (static)
2026-06-02 00:00:00+00:00,15,131.1375,79.86418918024867,Ensemble (static)
2026-06-02 00:00:00+00:00,16,146.97750000000002,109.25086533502387,Ensemble (static)
2026-06-02 00:00:00+00:00,17,167.9375,121.1626307233307,Ensemble (static)
2026-06-02 00:00:00+00:00,18,167.2725,117.03844639468988,Ensemble (static)
2026-06-02 00:00:00+00:00,19,152.325,157.1592108044307,Ensemble (static)
2026-06-02 00:00:00+00:00,20,140.435,94.21760235106656,Ensemble (static)
2026-06-02 00:00:00+00:00,21,125.2375,60.341850226089406,Ensemble (static)
2026-06-02 00:00:00+00:00,22,116.3,53.3435462586826,Ensemble (static)
2026-06-02 00:00:00+00:00,23,111.895,50.455851981440304,Ensemble (static)
2026-06-03 00:00:00+00:00,0,108.0175,51.3138546799707,Ensemble (static)
2026-06-03 00:00:00+00:00,1,107.3,51.56789967017768,Ensemble (static)
2026-06-03 00:00:00+00:00,2,107.19,46.99973279383699,Ensemble (static)
2026-06-03 00:00:00+00:00,3,113.275,49.8236238201823,Ensemble (static)
2026-06-03 00:00:00+00:00,4,130.7375,48.85211245306492,Ensemble (static)
2026-06-03 00:00:00+00:00,5,136.82999999999998,48.7982974755743,Ensemble (static)
2026-06-03 00:00:00+00:00,6,131.0775,72.77932939102351,Ensemble (static)
2026-06-03 00:00:00+00:00,7,112.1475,73.09578238199,Ensemble (static)
2026-06-03 00:00:00+00:00,8,94.0925,64.23752991539448,Ensemble (static)
2026-06-03 00:00:00+00:00,9,80.2475,61.08968755489944,Ensemble (static)
2026-06-03 00:00:00+00:00,10,58.17,57.73880524547768,Ensemble (static)
2026-06-03 00:00:00+00:00,11,37.8325,53.5709035664223,Ensemble (static)
2026-06-03 00:00:00+00:00,12,38.0425,52.84925661051301,Ensemble (static)
2026-06-03 00:00:00+00:00,13,47.1,56.628916561757805,Ensemble (static)
2026-06-03 00:00:00+00:00,14,76.9,52.604293942614106,Ensemble (static)
2026-06-03 00:00:00+00:00,15,95.5325,65.06424688430417,Ensemble (static)
2026-06-03 00:00:00+00:00,16,122.1875,69.771764680258,Ensemble (static)
2026-06-03 00:00:00+00:00,17,138.3675,80.11062148217502,Ensemble (static)
2026-06-03 00:00:00+00:00,18,146.2375,85.60188347340974,Ensemble (static)
2026-06-03 00:00:00+00:00,19,133.42000000000002,84.93513151761017,Ensemble (static)
2026-06-03 00:00:00+00:00,20,120.9525,67.99270554544985,Ensemble (static)
2026-06-03 00:00:00+00:00,21,99.4075,46.51519888391151,Ensemble (static)
2026-06-03 00:00:00+00:00,22,86.205,40.29046120989026,Ensemble (static)
2026-06-03 00:00:00+00:00,23,75.4875,32.86857074148153,Ensemble (static)
2026-06-04 00:00:00+00:00,0,66.92,40.80797632505569,Ensemble (static)
2026-06-04 00:00:00+00:00,1,67.4725,41.067209082349635,Ensemble (static)
2026-06-04 00:00:00+00:00,2,68.2925,39.14472718796786,Ensemble (static)
2026-06-04 00:00:00+00:00,3,71.185,41.29817941492465,Ensemble (static)
2026-06-04 00:00:00+00:00,4,73.97,41.53834114191929,Ensemble (static)
2026-06-04 00:00:00+00:00,5,87.08,38.385323057240136,Ensemble (static)
2026-06-04 00:00:00+00:00,6,75.62,62.33997203559049,Ensemble (static)
2026-06-04 00:00:00+00:00,7,34.125,59.41046615806023,Ensemble (static)
2026-06-04 00:00:00+00:00,8,4.79,50.83352480285471,Ensemble (static)
2026-06-04 00:00:00+00:00,9,-0.0025,48.36940517801421,Ensemble (static)
2026-06-04 00:00:00+00:00,10,-0.025,45.664041701493446,Ensemble (static)
2026-06-04 00:00:00+00:00,11,-0.0475,41.971947709350765,Ensemble (static)
2026-06-04 00:00:00+00:00,12,-0.035,45.38787316823122,Ensemble (static)
2026-06-04 00:00:00+00:00,13,1.6175,47.54399250792229,Ensemble (static)
2026-06-04 00:00:00+00:00,14,28.6375,41.967733458410784,Ensemble (static)
2026-06-04 00:00:00+00:00,15,70.1525,50.0007912242493,Ensemble (static)
2026-06-04 00:00:00+00:00,16,101.5025,57.13313810539297,Ensemble (static)
2026-06-04 00:00:00+00:00,17,114.165,62.75505226478788,Ensemble (static)
2026-06-04 00:00:00+00:00,18,117.9625,69.06729330704016,Ensemble (static)
2026-06-04 00:00:00+00:00,19,115.3725,70.96718186120358,Ensemble (static)
2026-06-04 00:00:00+00:00,20,111.69,56.92796054942298,Ensemble (static)
2026-06-04 00:00:00+00:00,21,100.05,43.84996298071023,Ensemble (static)
2026-06-04 00:00:00+00:00,22,80.695,41.92475872319022,Ensemble (static)
2026-06-04 00:00:00+00:00,23,79.44749999999999,35.593666828880686,Ensemble (static)
2026-06-05 00:00:00+00:00,0,83.44749999999999,46.676784245425004,Ensemble (static)
2026-06-05 00:00:00+00:00,1,85.025,48.79311807847471,Ensemble (static)
2026-06-05 00:00:00+00:00,2,89.8325,47.90392927349663,Ensemble (static)
2026-06-05 00:00:00+00:00,3,97.2575,51.68015164912718,Ensemble (static)
2026-06-05 00:00:00+00:00,4,114.8975,52.48881075585703,Ensemble (static)
2026-06-05 00:00:00+00:00,5,118.6175,49.68923593556236,Ensemble (static)
2026-06-05 00:00:00+00:00,6,113.8175,80.22840166134625,Ensemble (static)
2026-06-05 00:00:00+00:00,7,98.3,71.17441889428869,Ensemble (static)
2026-06-05 00:00:00+00:00,8,86.115,63.41240869199687,Ensemble (static)
2026-06-05 00:00:00+00:00,9,70.825,57.455129884385975,Ensemble (static)
2026-06-05 00:00:00+00:00,10,45.205,58.41163202828084,Ensemble (static)
2026-06-05 00:00:00+00:00,11,34.1775,56.56158827397419,Ensemble (static)
2026-06-05 00:00:00+00:00,12,27.2,57.44848557266536,Ensemble (static)
2026-06-05 00:00:00+00:00,13,38.01,61.66685653200556,Ensemble (static)
2026-06-05 00:00:00+00:00,14,72.555,61.43919752364548,Ensemble (static)
2026-06-05 00:00:00+00:00,15,104.2525,74.60089498193248,Ensemble (static)
2026-06-05 00:00:00+00:00,16,128.9025,94.41329657234266,Ensemble (static)
2026-06-05 00:00:00+00:00,17,150.4975,108.79654669801863,Ensemble (static)
2026-06-05 00:00:00+00:00,18,179.0775,135.4443011222886,Ensemble (static)
2026-06-05 00:00:00+00:00,19,189.355,214.491336617354,Ensemble (static)
2026-06-05 00:00:00+00:00,20,169.135,135.845819992663,Ensemble (static)
2026-06-05 00:00:00+00:00,21,152.06,101.19623551903956,Ensemble (static)
2026-06-05 00:00:00+00:00,22,148.2425,79.92575077184426,Ensemble (static)
2026-06-05 00:00:00+00:00,23,137.18,86.55657586262241,Ensemble (static)
2026-06-06 00:00:00+00:00,0,134.79,79.3411922406668,Ensemble (static)
2026-06-06 00:00:00+00:00,1,116.1675,72.48211068745296,Ensemble (static)
2026-06-06 00:00:00+00:00,2,130.1825,70.5831173140453,Ensemble (static)
2026-06-06 00:00:00+00:00,3,126.035,68.77450812879681,Ensemble (static)
2026-06-06 00:00:00+00:00,4,117.69,57.93304956804715,Ensemble (static)
2026-06-06 00:00:00+00:00,5,102.315,51.465562264727666,Ensemble (static)
2026-06-06 00:00:00+00:00,6,81.0175,64.48503151013425,Ensemble (static)
2026-06-06 00:00:00+00:00,7,50.0,60.191567054133344,Ensemble (static)
2026-06-06 00:00:00+00:00,8,14.7425,55.130504823943454,Ensemble (static)
2026-06-06 00:00:00+00:00,9,0.0325,51.599758050533815,Ensemble (static)
2026-06-06 00:00:00+00:00,10,-0.03,47.92868145471202,Ensemble (static)
2026-06-06 00:00:00+00:00,11,-0.025,44.105538539568954,Ensemble (static)
2026-06-06 00:00:00+00:00,12,0.0225,48.119041506089914,Ensemble (static)
2026-06-06 00:00:00+00:00,13,9.51,51.72200669993933,Ensemble (static)
2026-06-06 00:00:00+00:00,14,46.105,50.68136716523284,Ensemble (static)
2026-06-06 00:00:00+00:00,15,93.2825,61.99260193686851,Ensemble (static)
2026-06-06 00:00:00+00:00,16,121.7875,73.90563628538851,Ensemble (static)
2026-06-06 00:00:00+00:00,17,133.85,86.25345137223773,Ensemble (static)
2026-06-06 00:00:00+00:00,18,152.4325,98.44768172897055,Ensemble (static)
2026-06-06 00:00:00+00:00,19,150.9225,108.86327182231295,Ensemble (static)
2026-06-06 00:00:00+00:00,20,134.3275,70.52849929878829,Ensemble (static)
2026-06-06 00:00:00+00:00,21,121.5425,50.23412546301412,Ensemble (static)
2026-06-06 00:00:00+00:00,22,110.7,47.54337257799856,Ensemble (static)
2026-06-06 00:00:00+00:00,23,99.5125,44.538854155266286,Ensemble (static)
2026-06-07 00:00:00+00:00,0,92.2075,46.8667424815646,Ensemble (static)
2026-06-07 00:00:00+00:00,1,81.41499999999999,45.192036145939184,Ensemble (static)
2026-06-07 00:00:00+00:00,2,67.0125,42.59400917657052,Ensemble (static)
2026-06-07 00:00:00+00:00,3,39.21,42.392973903542384,Ensemble (static)
2026-06-07 00:00:00+00:00,4,5.0475,39.275655373138626,Ensemble (static)
2026-06-07 00:00:00+00:00,5,0.46,36.72571193080782,Ensemble (static)
2026-06-07 00:00:00+00:00,6,-0.5525,66.34630208241802,Ensemble (static)
2026-06-07 00:00:00+00:00,7,-5.05,55.04893879996314,Ensemble (static)
2026-06-07 00:00:00+00:00,8,-8.0,49.44278077632289,Ensemble (static)
2026-06-07 00:00:00+00:00,9,-14.0525,46.22255746101554,Ensemble (static)
2026-06-07 00:00:00+00:00,10,-18.2625,45.83089620898161,Ensemble (static)
2026-06-07 00:00:00+00:00,11,-35.9375,43.55718403975118,Ensemble (static)
2026-06-07 00:00:00+00:00,12,-44.7375,44.67532860556203,Ensemble (static)
2026-06-07 00:00:00+00:00,13,-36.47,48.25096802091954,Ensemble (static)
2026-06-07 00:00:00+00:00,14,-15.96,41.98482878624147,Ensemble (static)
2026-06-07 00:00:00+00:00,15,-1.135,51.23138142752555,Ensemble (static)
2026-06-07 00:00:00+00:00,16,53.625,58.73328481048671,Ensemble (static)
2026-06-07 00:00:00+00:00,17,108.0025,69.98389503918246,Ensemble (static)
2026-06-07 00:00:00+00:00,18,128.26749999999998,82.34687062784734,Ensemble (static)
2026-06-07 00:00:00+00:00,19,137.1375,101.2866687879083,Ensemble (static)
2026-06-07 00:00:00+00:00,20,141.1875,84.08068192857606,Ensemble (static)
2026-06-07 00:00:00+00:00,21,140.3425,70.38343847719551,Ensemble (static)
2026-06-07 00:00:00+00:00,22,140.43,58.23793955129821,Ensemble (static)
2026-06-07 00:00:00+00:00,23,134.2375,55.011907135023364,Ensemble (static)
2026-06-08 00:00:00+00:00,0,132.71,69.71704861665799,Ensemble (static)
2026-06-08 00:00:00+00:00,1,127.67,60.44221671831535,Ensemble (static)
2026-06-08 00:00:00+00:00,2,130.175,55.52249489463008,Ensemble (static)
2026-06-08 00:00:00+00:00,3,138.5625,55.3311005366903,Ensemble (static)
2026-06-08 00:00:00+00:00,4,150.675,51.517850880714114,Ensemble (static)
2026-06-08 00:00:00+00:00,5,145.675,52.46865477256203,Ensemble (static)
2026-06-08 00:00:00+00:00,6,124.875,73.7978714901066,Ensemble (static)
2026-06-08 00:00:00+00:00,7,100.9025,74.39388089279538,Ensemble (static)
2026-06-08 00:00:00+00:00,8,75.91499999999999,64.53960053124742,Ensemble (static)
2026-06-08 00:00:00+00:00,9,55.6425,58.12149823944057,Ensemble (static)
2026-06-08 00:00:00+00:00,10,54.4825,60.184171862586155,Ensemble (static)
2026-06-08 00:00:00+00:00,11,55.2175,59.33491987277219,Ensemble (static)
2026-06-08 00:00:00+00:00,12,68.67,55.19118806116225,Ensemble (static)
2026-06-08 00:00:00+00:00,13,88.8525,60.450286756742116,Ensemble (static)
2026-06-08 00:00:00+00:00,14,102.58,63.81913516626858,Ensemble (static)
2026-06-08 00:00:00+00:00,15,128.875,83.83231935804116,Ensemble (static)
2026-06-08 00:00:00+00:00,16,151.32999999999998,102.8672628185166,Ensemble (static)
2026-06-08 00:00:00+00:00,17,199.3225,116.10694412082964,Ensemble (static)
2026-06-08 00:00:00+00:00,18,208.9025,114.88645544365849,Ensemble (static)
2026-06-08 00:00:00+00:00,19,185.75,112.11251449215658,Ensemble (static)
2026-06-08 00:00:00+00:00,20,152.3675,76.93939104500524,Ensemble (static)
2026-06-08 00:00:00+00:00,21,128.20499999999998,58.26584165202257,Ensemble (static)
2026-06-08 00:00:00+00:00,22,129.0125,56.09262297154555,Ensemble (static)
2026-06-08 00:00:00+00:00,23,122.1575,52.429169978559756,Ensemble (static)
2026-06-09 00:00:00+00:00,0,115.5,57.3560479762364,Ensemble (static)
2026-06-09 00:00:00+00:00,1,111.2175,56.297362951800096,Ensemble (static)
2026-06-09 00:00:00+00:00,2,110.475,55.47487671495471,Ensemble (static)
2026-06-09 00:00:00+00:00,3,115.8425,56.54855329896152,Ensemble (static)
2026-06-09 00:00:00+00:00,4,130.1525,57.15049075090646,Ensemble (static)
2026-06-09 00:00:00+00:00,5,134.6325,53.643473562249966,Ensemble (static)
2026-06-09 00:00:00+00:00,6,126.89,113.40359147323532,Ensemble (static)
2026-06-09 00:00:00+00:00,7,107.0,86.6890030769029,Ensemble (static)
2026-06-09 00:00:00+00:00,8,82.33500000000001,72.22983154759406,Ensemble (static)
2026-06-09 00:00:00+00:00,9,60.9,67.5087713023571,Ensemble (static)
2026-06-09 00:00:00+00:00,10,25.215,65.30885983453206,Ensemble (static)
2026-06-09 00:00:00+00:00,11,3.5325,63.668548641872036,Ensemble (static)
2026-06-09 00:00:00+00:00,12,0.145,61.543750219215994,Ensemble (static)
2026-06-09 00:00:00+00:00,13,1.52,63.64671834766891,Ensemble (static)
2026-06-09 00:00:00+00:00,14,30.585,63.347439325975664,Ensemble (static)
2026-06-09 00:00:00+00:00,15,75.72749999999999,76.34400221178907,Ensemble (static)
2026-06-09 00:00:00+00:00,16,118.5475,83.028793675397,Ensemble (static)
2026-06-09 00:00:00+00:00,17,137.3,90.07417510713377,Ensemble (static)
2026-06-09 00:00:00+00:00,18,153.73000000000002,103.35689321815326,Ensemble (static)
2026-06-09 00:00:00+00:00,19,156.275,96.37431106862661,Ensemble (static)
2026-06-09 00:00:00+00:00,20,144.9925,106.60452995524165,Ensemble (static)
2026-06-09 00:00:00+00:00,21,131.3075,79.05408234424425,Ensemble (static)
2026-06-09 00:00:00+00:00,22,124.9125,58.82146868115335,Ensemble (static)
2026-06-09 00:00:00+00:00,23,116.9025,50.93991693841878,Ensemble (static)
2026-06-10 00:00:00+00:00,0,111.1275,59.71168233208567,Ensemble (static)
2026-06-10 00:00:00+00:00,1,111.3075,57.773956638042854,Ensemble (static)
2026-06-10 00:00:00+00:00,2,113.24,53.09900197071664,Ensemble (static)
2026-06-10 00:00:00+00:00,3,118.7525,58.20487676728018,Ensemble (static)
2026-06-10 00:00:00+00:00,4,131.89249999999998,61.41184180622209,Ensemble (static)
2026-06-10 00:00:00+00:00,5,136.8075,74.4608361364283,Ensemble (static)
2026-06-10 00:00:00+00:00,6,126.6525,86.21465174685746,Ensemble (static)
2026-06-10 00:00:00+00:00,7,104.6025,81.99128753106626,Ensemble (static)
2026-06-10 00:00:00+00:00,8,86.5575,70.67817754960035,Ensemble (static)
2026-06-10 00:00:00+00:00,9,73.0575,65.66606384176171,Ensemble (static)
2026-06-10 00:00:00+00:00,10,68.67750000000001,67.51533367340082,Ensemble (static)
2026-06-10 00:00:00+00:00,11,71.5675,62.51065736890382,Ensemble (static)
2026-06-10 00:00:00+00:00,12,77.825,64.94725417456058,Ensemble (static)
2026-06-10 00:00:00+00:00,13,86.625,79.05805574576037,Ensemble (static)
2026-06-10 00:00:00+00:00,14,103.4525,80.1112164104828,Ensemble (static)
2026-06-10 00:00:00+00:00,15,125.4,99.40477767488963,Ensemble (static)
2026-06-10 00:00:00+00:00,16,140.525,139.29635715708363,Ensemble (static)
2026-06-10 00:00:00+00:00,17,170.9675,144.02712623677021,Ensemble (static)
2026-06-10 00:00:00+00:00,18,213.98,175.91121753245602,Ensemble (static)
2026-06-10 00:00:00+00:00,19,204.9975,231.23845160982566,Ensemble (static)
2026-06-10 00:00:00+00:00,20,168.635,144.24523369261036,Ensemble (static)
2026-06-10 00:00:00+00:00,21,151.75,130.72011975935368,Ensemble (static)
2026-06-10 00:00:00+00:00,22,140.7325,108.94074546163671,Ensemble (static)
2026-06-10 00:00:00+00:00,23,133.4875,82.50286240579109,Ensemble (static)
2026-06-11 00:00:00+00:00,0,126.195,67.25809706718277,Ensemble (static)
2026-06-11 00:00:00+00:00,1,125.7575,65.41008350773332,Ensemble (static)
2026-06-11 00:00:00+00:00,2,126.045,59.09401533531447,Ensemble (static)
2026-06-11 00:00:00+00:00,3,126.6625,57.28278074170329,Ensemble (static)
2026-06-11 00:00:00+00:00,4,138.32999999999998,52.232024797708135,Ensemble (static)
2026-06-11 00:00:00+00:00,5,138.7975,47.43493034276707,Ensemble (static)
2026-06-11 00:00:00+00:00,6,126.64,69.02714285108911,Ensemble (static)
2026-06-11 00:00:00+00:00,7,103.7975,75.97960559179481,Ensemble (static)
2026-06-11 00:00:00+00:00,8,90.5425,67.85588123002813,Ensemble (static)
2026-06-11 00:00:00+00:00,9,76.9725,61.59806302105676,Ensemble (static)
2026-06-11 00:00:00+00:00,10,60.2725,54.987507700740004,Ensemble (static)
2026-06-11 00:00:00+00:00,11,45.31,54.29800419118956,Ensemble (static)
2026-06-11 00:00:00+00:00,12,31.58,50.749359587476064,Ensemble (static)
2026-06-11 00:00:00+00:00,13,51.025,54.52460398769412,Ensemble (static)
2026-06-11 00:00:00+00:00,14,78.4675,54.516843580176264,Ensemble (static)
2026-06-11 00:00:00+00:00,15,101.5975,64.99768716584197,Ensemble (static)
2026-06-11 00:00:00+00:00,16,127.98,70.85233797605602,Ensemble (static)
2026-06-11 00:00:00+00:00,17,146.235,85.84738197202685,Ensemble (static)
2026-06-11 00:00:00+00:00,18,174.85750000000002,101.24152559233916,Ensemble (static)
2026-06-11 00:00:00+00:00,19,164.9425,113.98243070613259,Ensemble (static)
2026-06-11 00:00:00+00:00,20,137.2325,84.28385242723938,Ensemble (static)
2026-06-11 00:00:00+00:00,21,116.0625,59.64212774805809,Ensemble (static)
2026-06-11 00:00:00+00:00,22,116.895,51.64846491677366,Ensemble (static)
2026-06-11 00:00:00+00:00,23,102.0125,48.670990509778115,Ensemble (static)
2026-06-12 00:00:00+00:00,0,94.505,50.422765650058494,Ensemble (static)
2026-06-12 00:00:00+00:00,1,92.0525,50.825816058995784,Ensemble (static)
2026-06-12 00:00:00+00:00,2,93.0475,48.07969215395598,Ensemble (static)
2026-06-12 00:00:00+00:00,3,96.0775,51.92590013935633,Ensemble (static)
2026-06-12 00:00:00+00:00,4,117.7575,53.088344048351125,Ensemble (static)
2026-06-12 00:00:00+00:00,5,122.655,48.931413637008475,Ensemble (static)
2026-06-12 00:00:00+00:00,6,127.34,82.48881298502592,Ensemble (static)
2026-06-12 00:00:00+00:00,7,117.405,78.90764317476079,Ensemble (static)
2026-06-12 00:00:00+00:00,8,102.1,69.36400231050565,Ensemble (static)
2026-06-12 00:00:00+00:00,9,90.51,66.76558860489848,Ensemble (static)
2026-06-12 00:00:00+00:00,10,81.005,60.614589133291844,Ensemble (static)
2026-06-12 00:00:00+00:00,11,70.1325,57.187477298881234,Ensemble (static)
2026-06-12 00:00:00+00:00,12,60.370000000000005,55.18535165172145,Ensemble (static)
2026-06-12 00:00:00+00:00,13,56.0475,56.267618679347564,Ensemble (static)
2026-06-12 00:00:00+00:00,14,68.2675,47.97888075226863,Ensemble (static)
2026-06-12 00:00:00+00:00,15,78.8725,56.050785441201654,Ensemble (static)
2026-06-12 00:00:00+00:00,16,103.65,61.095734913968215,Ensemble (static)
2026-06-12 00:00:00+00:00,17,115.8725,64.65531671622216,Ensemble (static)
2026-06-12 00:00:00+00:00,18,110.665,71.55734259510946,Ensemble (static)
2026-06-12 00:00:00+00:00,19,109.81,69.67911591742765,Ensemble (static)
2026-06-12 00:00:00+00:00,20,111.1225,62.59994562586259,Ensemble (static)
2026-06-12 00:00:00+00:00,21,100.8975,46.7011055705881,Ensemble (static)
2026-06-12 00:00:00+00:00,22,87.085,43.25261723402884,Ensemble (static)
2026-06-12 00:00:00+00:00,23,74.045,39.249881580501324,Ensemble (static)
2026-06-13 00:00:00+00:00,0,65.85249999999999,46.443495966300674,Ensemble (static)
2026-06-13 00:00:00+00:00,1,63.835,44.01261791329953,Ensemble (static)
2026-06-13 00:00:00+00:00,2,65.5575,40.48857461045474,Ensemble (static)
2026-06-13 00:00:00+00:00,3,53.795,41.49189458340568,Ensemble (static)
2026-06-13 00:00:00+00:00,4,31.63,38.10316051484795,Ensemble (static)
2026-06-13 00:00:00+00:00,5,13.655,35.04445223209889,Ensemble (static)
2026-06-13 00:00:00+00:00,6,0.3274999999999999,57.70717396419531,Ensemble (static)
2026-06-13 00:00:00+00:00,7,-1.1075,58.14502739458388,Ensemble (static)
2026-06-13 00:00:00+00:00,8,-4.9175,49.68679142671485,Ensemble (static)
2026-06-13 00:00:00+00:00,9,-15.695,50.4938140331691,Ensemble (static)
2026-06-13 00:00:00+00:00,10,-27.4225,42.45991015413261,Ensemble (static)
2026-06-13 00:00:00+00:00,11,-45.8675,39.15929862633844,Ensemble (static)
2026-06-13 00:00:00+00:00,12,-44.9975,39.12206290967225,Ensemble (static)
2026-06-13 00:00:00+00:00,13,-31.54,40.340541043534515,Ensemble (static)
2026-06-13 00:00:00+00:00,14,-19.17,34.67533115643838,Ensemble (static)
2026-06-13 00:00:00+00:00,15,-4.215,41.080831143141594,Ensemble (static)
2026-06-13 00:00:00+00:00,16,-0.5475000000000001,43.7977849205611,Ensemble (static)
2026-06-13 00:00:00+00:00,17,33.410000000000004,49.00648850209365,Ensemble (static)
2026-06-13 00:00:00+00:00,18,72.25500000000001,57.47538963839054,Ensemble (static)
2026-06-13 00:00:00+00:00,19,87.16,56.26653150358802,Ensemble (static)
2026-06-13 00:00:00+00:00,20,102.485,51.21978697584458,Ensemble (static)
2026-06-13 00:00:00+00:00,21,88.0,38.29620462833085,Ensemble (static)
2026-06-13 00:00:00+00:00,22,67.7875,37.90033680673269,Ensemble (static)
2026-06-13 00:00:00+00:00,23,49.44,34.92932777619692,Ensemble (static)
2026-06-14 00:00:00+00:00,0,34.0775,36.0116198908574,Ensemble (static)
2026-06-14 00:00:00+00:00,1,28.0725,35.10334470554044,Ensemble (static)
2026-06-14 00:00:00+00:00,2,26.5725,33.21417387302553,Ensemble (static)
2026-06-14 00:00:00+00:00,3,21.3675,33.75816407226289,Ensemble (static)
2026-06-14 00:00:00+00:00,4,7.74,30.443291005052394,Ensemble (static)
2026-06-14 00:00:00+00:00,5,0.4599999999999999,31.53112403072508,Ensemble (static)
2026-06-14 00:00:00+00:00,6,-0.3475,45.410706599849725,Ensemble (static)
2026-06-14 00:00:00+00:00,7,-2.8325,50.07780306733255,Ensemble (static)
2026-06-14 00:00:00+00:00,8,-6.37,45.76306046263949,Ensemble (static)
2026-06-14 00:00:00+00:00,9,-9.2875,43.79630630497246,Ensemble (static)
2026-06-14 00:00:00+00:00,10,-14.9925,40.31544952266839,Ensemble (static)
2026-06-14 00:00:00+00:00,11,-23.4225,36.813769233221855,Ensemble (static)
2026-06-14 00:00:00+00:00,12,-25.0,33.533415220633465,Ensemble (static)
2026-06-14 00:00:00+00:00,13,-20.0,32.44096807754847,Ensemble (static)
2026-06-14 00:00:00+00:00,14,-9.2025,28.492452491907272,Ensemble (static)
2026-06-14 00:00:00+00:00,15,-1.745,34.59839881547991,Ensemble (static)
2026-06-14 00:00:00+00:00,16,5.28,33.65361249507408,Ensemble (static)
2026-06-14 00:00:00+00:00,17,62.0825,41.087122767597506,Ensemble (static)
2026-06-14 00:00:00+00:00,18,94.88,49.96589918292308,Ensemble (static)
2026-06-14 00:00:00+00:00,19,102.6275,50.309263621288515,Ensemble (static)
2026-06-14 00:00:00+00:00,20,112.28,48.46924006259117,Ensemble (static)
2026-06-14 00:00:00+00:00,21,103.395,38.72808551648334,Ensemble (static)
2026-06-14 00:00:00+00:00,22,101.4325,38.20737472012195,Ensemble (static)
2026-06-14 00:00:00+00:00,23,92.91,32.71808358017459,Ensemble (static)
2026-06-15 00:00:00+00:00,0,85.375,46.24391310102953,Ensemble (static)
2026-06-15 00:00:00+00:00,1,83.7475,45.279205559234704,Ensemble (static)
2026-06-15 00:00:00+00:00,2,84.3875,40.88032008441158,Ensemble (static)
2026-06-15 00:00:00+00:00,3,91.405,44.37732802685154,Ensemble (static)
2026-06-15 00:00:00+00:00,4,105.6925,44.15068985637398,Ensemble (static)
2026-06-15 00:00:00+00:00,5,107.3925,50.695350867329395,Ensemble (static)
2026-06-15 00:00:00+00:00,6,91.44,90.23686179790174,Ensemble (static)
2026-06-15 00:00:00+00:00,7,63.6525,78.33070340098025,Ensemble (static)
2026-06-15 00:00:00+00:00,8,21.5575,66.12213943097046,Ensemble (static)
2026-06-15 00:00:00+00:00,9,1.0075,58.51184784742249,Ensemble (static)
2026-06-15 00:00:00+00:00,10,-0.0275,58.79048273973855,Ensemble (static)
2026-06-15 00:00:00+00:00,11,-1.4825,57.97528042189161,Ensemble (static)
2026-06-15 00:00:00+00:00,12,-2.9025,52.66783096620085,Ensemble (static)
2026-06-15 00:00:00+00:00,13,-0.9325,55.88892447335974,Ensemble (static)
2026-06-15 00:00:00+00:00,14,-0.015,52.48745816432292,Ensemble (static)
2026-06-15 00:00:00+00:00,15,43.6775,65.1360138394922,Ensemble (static)
2026-06-15 00:00:00+00:00,16,91.4525,68.468922001695,Ensemble (static)
2026-06-15 00:00:00+00:00,17,129.0825,77.09875650219001,Ensemble (static)
2026-06-15 00:00:00+00:00,18,148.695,89.31582303092677,Ensemble (static)
2026-06-15 00:00:00+00:00,19,156.26,94.58824698631702,Ensemble (static)
2026-06-15 00:00:00+00:00,20,153.7925,86.12064920206522,Ensemble (static)
2026-06-15 00:00:00+00:00,21,134.755,77.35868984737141,Ensemble (static)
2026-06-15 00:00:00+00:00,22,122.8275,72.0130663025974,Ensemble (static)
2026-06-15 00:00:00+00:00,23,117.3175,71.16551265809822,Ensemble (static)
2026-06-16 00:00:00+00:00,0,113.775,66.65306295117253,Ensemble (static)
2026-06-16 00:00:00+00:00,1,110.9925,65.8120944103453,Ensemble (static)
2026-06-16 00:00:00+00:00,2,111.24,67.7643833490942,Ensemble (static)
2026-06-16 00:00:00+00:00,3,115.1225,70.120293731738,Ensemble (static)
2026-06-16 00:00:00+00:00,4,127.9925,65.71809059431223,Ensemble (static)
2026-06-16 00:00:00+00:00,5,131.695,61.042476375342595,Ensemble (static)
2026-06-16 00:00:00+00:00,6,126.315,104.01064895662543,Ensemble (static)
2026-06-16 00:00:00+00:00,7,109.5025,80.32820185270984,Ensemble (static)
2026-06-16 00:00:00+00:00,8,85.98,71.14386278949499,Ensemble (static)
2026-06-16 00:00:00+00:00,9,80.5375,64.69704620653089,Ensemble (static)
2026-06-16 00:00:00+00:00,10,66.4975,61.947496172491356,Ensemble (static)
2026-06-16 00:00:00+00:00,11,54.255,61.31400656619036,Ensemble (static)
2026-06-16 00:00:00+00:00,12,50.7325,69.15203036255103,Ensemble (static)
2026-06-16 00:00:00+00:00,13,60.22,74.57401261398581,Ensemble (static)
2026-06-16 00:00:00+00:00,14,81.4575,72.31682860045336,Ensemble (static)
2026-06-16 00:00:00+00:00,15,109.7225,85.55182119990972,Ensemble (static)
2026-06-16 00:00:00+00:00,16,127.11,110.36784862631478,Ensemble (static)
2026-06-16 00:00:00+00:00,17,148.1175,145.9275029980564,Ensemble (static)
2026-06-16 00:00:00+00:00,18,174.1025,164.6163644275777,Ensemble (static)
2026-06-16 00:00:00+00:00,19,181.42,214.02356581197162,Ensemble (static)
2026-06-16 00:00:00+00:00,20,163.86,127.36349589470369,Ensemble (static)
2026-06-16 00:00:00+00:00,21,143.10750000000002,118.13532487338847,Ensemble (static)
2026-06-16 00:00:00+00:00,22,141.23000000000002,97.35381174209674,Ensemble (static)
2026-06-16 00:00:00+00:00,23,135.39249999999998,96.10201986742109,Ensemble (static)
2026-06-17 00:00:00+00:00,0,129.32999999999998,82.07273427748154,Ensemble (static)
2026-06-17 00:00:00+00:00,1,127.54,79.38770571428424,Ensemble (static)
2026-06-17 00:00:00+00:00,2,127.415,77.68053443435399,Ensemble (static)
2026-06-17 00:00:00+00:00,3,128.045,80.54510705138468,Ensemble (static)
2026-06-17 00:00:00+00:00,4,140.265,73.98372263154226,Ensemble (static)
2026-06-17 00:00:00+00:00,5,136.675,62.57430997220515,Ensemble (static)
2026-06-17 00:00:00+00:00,6,121.755,89.50168160322752,Ensemble (static)
2026-06-17 00:00:00+00:00,7,105.795,85.52710880366561,Ensemble (static)
2026-06-17 00:00:00+00:00,8,88.245,71.80650194188168,Ensemble (static)
2026-06-17 00:00:00+00:00,9,78.4875,64.82510457826956,Ensemble (static)
2026-06-17 00:00:00+00:00,10,72.23,62.46591964677657,Ensemble (static)
2026-06-17 00:00:00+00:00,11,62.7925,61.40607206699926,Ensemble (static)
2026-06-17 00:00:00+00:00,12,66.2575,62.21812636773684,Ensemble (static)
2026-06-17 00:00:00+00:00,13,75.975,69.6734764838587,Ensemble (static)
2026-06-17 00:00:00+00:00,14,88.0925,68.33431828132996,Ensemble (static)
2026-06-17 00:00:00+00:00,15,106.425,79.4074538219302,Ensemble (static)
2026-06-17 00:00:00+00:00,16,120.7375,82.34711917308019,Ensemble (static)
2026-06-17 00:00:00+00:00,17,142.5575,87.74772926319324,Ensemble (static)
2026-06-17 00:00:00+00:00,18,162.39,107.19752716767644,Ensemble (static)
2026-06-17 00:00:00+00:00,19,164.115,119.45067176008087,Ensemble (static)
2026-06-17 00:00:00+00:00,20,158.61,98.12725466964159,Ensemble (static)
2026-06-17 00:00:00+00:00,21,142.7375,82.38176860256775,Ensemble (static)
2026-06-17 00:00:00+00:00,22,135.2575,67.21706998859783,Ensemble (static)
2026-06-17 00:00:00+00:00,23,125.7275,60.454272021666775,Ensemble (static)
2026-06-18 00:00:00+00:00,0,121.8625,63.55857794295762,Ensemble (static)
2026-06-18 00:00:00+00:00,1,119.685,61.17221047356067,Ensemble (static)
2026-06-18 00:00:00+00:00,2,119.3125,55.285995253304165,Ensemble (static)
2026-06-18 00:00:00+00:00,3,127.09,56.611622574412664,Ensemble (static)
2026-06-18 00:00:00+00:00,4,135.3,54.95180361087831,Ensemble (static)
2026-06-18 00:00:00+00:00,5,135.265,48.15476426739954,Ensemble (static)
2026-06-18 00:00:00+00:00,6,118.7325,80.95192059839341,Ensemble (static)
2026-06-18 00:00:00+00:00,7,101.715,71.33718856782,Ensemble (static)
2026-06-18 00:00:00+00:00,8,75.135,62.84619035200308,Ensemble (static)
2026-06-18 00:00:00+00:00,9,44.0275,56.967220571660086,Ensemble (static)
2026-06-18 00:00:00+00:00,10,28.2475,54.307590472882666,Ensemble (static)
2026-06-18 00:00:00+00:00,11,18.67,51.8389424573696,Ensemble (static)
2026-06-18 00:00:00+00:00,12,25.9,55.512099127994304,Ensemble (static)
2026-06-18 00:00:00+00:00,13,48.0975,58.53584995266942,Ensemble (static)
2026-06-18 00:00:00+00:00,14,79.06,56.86992315490556,Ensemble (static)
2026-06-18 00:00:00+00:00,15,105.515,71.490044121484,Ensemble (static)
2026-06-18 00:00:00+00:00,16,135.70749999999998,75.26246038212338,Ensemble (static)
2026-06-18 00:00:00+00:00,17,253.3925,92.51899315386711,Ensemble (static)
2026-06-18 00:00:00+00:00,18,435.0675,128.13514441147942,Ensemble (static)
2026-06-18 00:00:00+00:00,19,441.915,158.5075642318122,Ensemble (static)
2026-06-18 00:00:00+00:00,20,264.32,125.75234023278153,Ensemble (static)
2026-06-18 00:00:00+00:00,21,163.0175,93.4446028134864,Ensemble (static)
2026-06-18 00:00:00+00:00,22,146.6425,65.57838449363086,Ensemble (static)
2026-06-18 00:00:00+00:00,23,132.5125,54.8742749220312,Ensemble (static)
2026-06-19 00:00:00+00:00,0,124.8225,65.92062463228201,Ensemble (static)
2026-06-19 00:00:00+00:00,1,120.46,65.36159827128537,Ensemble (static)
2026-06-19 00:00:00+00:00,2,118.4675,59.007043749435326,Ensemble (static)
2026-06-19 00:00:00+00:00,3,120.595,62.100366400072076,Ensemble (static)
2026-06-19 00:00:00+00:00,4,138.7175,59.579959890824064,Ensemble (static)
2026-06-19 00:00:00+00:00,5,127.3725,53.748279627537116,Ensemble (static)
2026-06-19 00:00:00+00:00,6,111.9575,81.09641021607457,Ensemble (static)
2026-06-19 00:00:00+00:00,7,95.395,72.6326028734635,Ensemble (static)
2026-06-19 00:00:00+00:00,8,69.9075,61.98668123237516,Ensemble (static)
2026-06-19 00:00:00+00:00,9,32.09,54.59917896154525,Ensemble (static)
2026-06-19 00:00:00+00:00,10,15.0,51.120944502506674,Ensemble (static)
2026-06-19 00:00:00+00:00,11,11.235,48.051568726912684,Ensemble (static)
2026-06-19 00:00:00+00:00,12,16.305,47.916791313137296,Ensemble (static)
2026-06-19 00:00:00+00:00,13,42.8525,51.179177278022436,Ensemble (static)
2026-06-19 00:00:00+00:00,14,80.685,51.45585572227817,Ensemble (static)
2026-06-19 00:00:00+00:00,15,108.3225,67.02463249308876,Ensemble (static)
2026-06-19 00:00:00+00:00,16,129.7025,72.27323185347016,Ensemble (static)
2026-06-19 00:00:00+00:00,17,170.785,82.76661572505989,Ensemble (static)
2026-06-19 00:00:00+00:00,18,201.36,98.62035372243302,Ensemble (static)
2026-06-19 00:00:00+00:00,19,185.5325,95.24904445392266,Ensemble (static)
2026-06-19 00:00:00+00:00,20,157.8625,74.5972877804054,Ensemble (static)
2026-06-19 00:00:00+00:00,21,137.7825,62.094789501750355,Ensemble (static)
2026-06-19 00:00:00+00:00,22,130.35,54.738816175418684,Ensemble (static)
2026-06-19 00:00:00+00:00,23,121.12,47.66414723627777,Ensemble (static)
2026-06-20 00:00:00+00:00,0,118.6,62.68309330656327,Ensemble (static)
2026-06-20 00:00:00+00:00,1,116.7625,61.40257697676604,Ensemble (static)
2026-06-20 00:00:00+00:00,2,114.7975,55.91486220265551,Ensemble (static)
2026-06-20 00:00:00+00:00,3,114.4925,56.08673726036815,Ensemble (static)
2026-06-20 00:00:00+00:00,4,109.7275,50.0375932208222,Ensemble (static)
2026-06-20 00:00:00+00:00,5,101.6775,43.17104655448178,Ensemble (static)
2026-06-20 00:00:00+00:00,6,89.9875,59.08210616601731,Ensemble (static)
2026-06-20 00:00:00+00:00,7,41.335,57.14888766989948,Ensemble (static)
2026-06-20 00:00:00+00:00,8,4.125,50.67020788981048,Ensemble (static)
2026-06-20 00:00:00+00:00,9,-0.0025,47.20921840367188,Ensemble (static)
2026-06-20 00:00:00+00:00,10,-0.0125,41.840477012116494,Ensemble (static)
2026-06-20 00:00:00+00:00,11,-0.0175,38.97407365629463,Ensemble (static)
2026-06-20 00:00:00+00:00,12,-0.0125,39.201980278673304,Ensemble (static)
2026-06-20 00:00:00+00:00,13,0.25,41.337691125967915,Ensemble (static)
2026-06-20 00:00:00+00:00,14,18.3075,42.04902660468018,Ensemble (static)
2026-06-20 00:00:00+00:00,15,84.22,51.37412283742102,Ensemble (static)
2026-06-20 00:00:00+00:00,16,119.7825,53.05090282651345,Ensemble (static)
2026-06-20 00:00:00+00:00,17,147.3975,62.930059808607666,Ensemble (static)
2026-06-20 00:00:00+00:00,18,171.98749999999998,85.33654263811623,Ensemble (static)
2026-06-20 00:00:00+00:00,19,182.55,82.39009941597031,Ensemble (static)
2026-06-20 00:00:00+00:00,20,165.0675,68.21458089509636,Ensemble (static)
2026-06-20 00:00:00+00:00,21,146.8075,56.62330953800381,Ensemble (static)
2026-06-20 00:00:00+00:00,22,137.915,55.61929902404661,Ensemble (static)
2026-06-20 00:00:00+00:00,23,128.565,49.741521029650734,Ensemble (static)
2026-06-21 00:00:00+00:00,0,126.415,61.902398848368975,Ensemble (static)
2026-06-21 00:00:00+00:00,1,124.17,58.35733802235103,Ensemble (static)
2026-06-21 00:00:00+00:00,2,122.4325,52.63459942238774,Ensemble (static)
2026-06-21 00:00:00+00:00,3,119.5875,50.024533948099325,Ensemble (static)
2026-06-21 00:00:00+00:00,4,112.1,44.428196647301895,Ensemble (static)
2026-06-21 00:00:00+00:00,5,102.355,40.78665020149157,Ensemble (static)
2026-06-21 00:00:00+00:00,6,70.815,51.62868145764749,Ensemble (static)
2026-06-21 00:00:00+00:00,7,25.9825,52.89469198895425,Ensemble (static)
2026-06-21 00:00:00+00:00,8,1.3624999999999998,47.34430523722868,Ensemble (static)
2026-06-21 00:00:00+00:00,9,-0.0025,43.10358244125466,Ensemble (static)
2026-06-21 00:00:00+00:00,10,-0.0075,40.42805252643962,Ensemble (static)
2026-06-21 00:00:00+00:00,11,-0.01,38.08516279041545,Ensemble (static)
2026-06-21 00:00:00+00:00,12,-0.005,38.166202509832885,Ensemble (static)
2026-06-21 00:00:00+00:00,13,0.0075,40.48896601066629,Ensemble (static)
2026-06-21 00:00:00+00:00,14,12.7625,42.822822259536835,Ensemble (static)
2026-06-21 00:00:00+00:00,15,77.72,53.04168210826403,Ensemble (static)
2026-06-21 00:00:00+00:00,16,115.615,56.98080854193178,Ensemble (static)
2026-06-21 00:00:00+00:00,17,133.92000000000002,65.74346584154605,Ensemble (static)
2026-06-21 00:00:00+00:00,18,150.0025,75.40594917147422,Ensemble (static)
2026-06-21 00:00:00+00:00,19,150.265,73.67160661256655,Ensemble (static)
2026-06-21 00:00:00+00:00,20,146.1,60.7652787580448,Ensemble (static)
2026-06-21 00:00:00+00:00,21,133.9925,52.50324282435419,Ensemble (static)
2026-06-21 00:00:00+00:00,22,128.3775,51.01005619986195,Ensemble (static)
2026-06-21 00:00:00+00:00,23,120.1225,46.052973659975436,Ensemble (static)
2026-06-22 00:00:00+00:00,0,114.9625,63.47695473152064,Ensemble (static)
2026-06-22 00:00:00+00:00,1,115.225,70.79261368569598,Ensemble (static)
2026-06-22 00:00:00+00:00,2,117.13,74.12933742210454,Ensemble (static)
2026-06-22 00:00:00+00:00,3,123.89,77.44568402448853,Ensemble (static)
2026-06-22 00:00:00+00:00,4,140.3425,69.69459825974471,Ensemble (static)
2026-06-22 00:00:00+00:00,5,146.0375,75.50882070353825,Ensemble (static)
2026-06-22 00:00:00+00:00,6,128.8225,96.88469368301384,Ensemble (static)
2026-06-22 00:00:00+00:00,7,107.1625,71.93269487535845,Ensemble (static)
2026-06-22 00:00:00+00:00,8,84.64750000000001,63.2368041070924,Ensemble (static)
2026-06-22 00:00:00+00:00,9,57.3025,54.70590598218625,Ensemble (static)
2026-06-22 00:00:00+00:00,10,39.5175,54.635644093571415,Ensemble (static)
2026-06-22 00:00:00+00:00,11,32.34,51.94491637426233,Ensemble (static)
2026-06-22 00:00:00+00:00,12,41.805,51.167846545241915,Ensemble (static)
2026-06-22 00:00:00+00:00,13,63.517500000000005,55.41333053958158,Ensemble (static)
2026-06-22 00:00:00+00:00,14,90.8975,57.622082690174835,Ensemble (static)
2026-06-22 00:00:00+00:00,15,114.07,72.47650538155149,Ensemble (static)
2026-06-22 00:00:00+00:00,16,145.585,86.3426061582062,Ensemble (static)
2026-06-22 00:00:00+00:00,17,198.5075,96.39103102545681,Ensemble (static)
2026-06-22 00:00:00+00:00,18,271.77750000000003,98.93640003569172,Ensemble (static)
2026-06-22 00:00:00+00:00,19,250.455,133.52079604671673,Ensemble (static)
2026-06-22 00:00:00+00:00,20,189.57,91.25442398193364,Ensemble (static)
2026-06-22 00:00:00+00:00,21,156.0025,69.52106575663296,Ensemble (static)
2026-06-22 00:00:00+00:00,22,146.06,63.932291616910135,Ensemble (static)
2026-06-22 00:00:00+00:00,23,139.125,60.100438228169544,Ensemble (static)
2026-06-23 00:00:00+00:00,0,135.01,84.58093742873295,Ensemble (static)
2026-06-23 00:00:00+00:00,1,135.8225,86.27669397236981,Ensemble (static)
2026-06-23 00:00:00+00:00,2,138.06,87.6143881072363,Ensemble (static)
2026-06-23 00:00:00+00:00,3,142.3,91.05881015930451,Ensemble (static)
2026-06-23 00:00:00+00:00,4,164.22,81.611217408599,Ensemble (static)
2026-06-23 00:00:00+00:00,5,160.1325,61.32987270697882,Ensemble (static)
2026-06-23 00:00:00+00:00,6,133.7875,120.1326400278636,Ensemble (static)
2026-06-23 00:00:00+00:00,7,112.1175,88.0409786190124,Ensemble (static)
2026-06-23 00:00:00+00:00,8,96.3125,70.8616056412097,Ensemble (static)
2026-06-23 00:00:00+00:00,9,76.52,63.718943440041066,Ensemble (static)
2026-06-23 00:00:00+00:00,10,67.145,62.843696076719354,Ensemble (static)
2026-06-23 00:00:00+00:00,11,60.345,57.08421474561289,Ensemble (static)
2026-06-23 00:00:00+00:00,12,67.6525,62.194655730646474,Ensemble (static)
2026-06-23 00:00:00+00:00,13,81.35249999999999,71.54023743206017,Ensemble (static)
2026-06-23 00:00:00+00:00,14,101.065,67.63531289272335,Ensemble (static)
2026-06-23 00:00:00+00:00,15,121.7075,84.10291702904716,Ensemble (static)
2026-06-23 00:00:00+00:00,16,169.6825,93.80260990740146,Ensemble (static)
2026-06-23 00:00:00+00:00,17,340.70500000000004,116.07418349750162,Ensemble (static)
2026-06-23 00:00:00+00:00,18,545.505,176.6364630617199,Ensemble (static)
2026-06-23 00:00:00+00:00,19,528.7375,229.19896518438745,Ensemble (static)
2026-06-23 00:00:00+00:00,20,335.1175,155.37002944206156,Ensemble (static)
2026-06-23 00:00:00+00:00,21,199.3975,116.28658846476868,Ensemble (static)
2026-06-23 00:00:00+00:00,22,178.8025,79.22672642893538,Ensemble (static)
2026-06-23 00:00:00+00:00,23,162.655,70.4379769452436,Ensemble (static)
2026-06-24 00:00:00+00:00,0,148.005,79.06557248994619,Ensemble (static)
2026-06-24 00:00:00+00:00,1,144.05,74.37871988981115,Ensemble (static)
2026-06-24 00:00:00+00:00,2,144.46,65.20204429130679,Ensemble (static)
2026-06-24 00:00:00+00:00,3,151.6175,67.30823394869958,Ensemble (static)
2026-06-24 00:00:00+00:00,4,178.1675,62.81942206835144,Ensemble (static)
2026-06-24 00:00:00+00:00,5,172.61,53.572305329023,Ensemble (static)
2026-06-24 00:00:00+00:00,6,149.3475,90.09181910879398,Ensemble (static)
2026-06-24 00:00:00+00:00,7,119.3125,81.6080347289363,Ensemble (static)
2026-06-24 00:00:00+00:00,8,102.4125,67.67405903607218,Ensemble (static)
2026-06-24 00:00:00+00:00,9,84.52,60.71967760999751,Ensemble (static)
2026-06-24 00:00:00+00:00,10,73.51,58.487493046783115,Ensemble (static)
2026-06-24 00:00:00+00:00,11,70.9825,56.2705449980519,Ensemble (static)
2026-06-24 00:00:00+00:00,12,74.515,61.92922319718504,Ensemble (static)
2026-06-24 00:00:00+00:00,13,89.3475,72.85689871424717,Ensemble (static)
2026-06-24 00:00:00+00:00,14,109.375,63.385858866842554,Ensemble (static)
2026-06-24 00:00:00+00:00,15,129.66,82.79830348441087,Ensemble (static)
2026-06-24 00:00:00+00:00,16,196.785,92.22902158733778,Ensemble (static)
2026-06-24 00:00:00+00:00,17,455.1375,113.37053535517411,Ensemble (static)
2026-06-24 00:00:00+00:00,18,665.8199999999999,178.20232401257022,Ensemble (static)
2026-06-24 00:00:00+00:00,19,660.1575,207.65424748312512,Ensemble (static)
2026-06-24 00:00:00+00:00,20,463.2525,146.9711461745513,Ensemble (static)
2026-06-24 00:00:00+00:00,21,263.61,124.52176568605452,Ensemble (static)
2026-06-24 00:00:00+00:00,22,169.5675,85.67835185842407,Ensemble (static)
2026-06-24 00:00:00+00:00,23,154.935,78.3483420765184,Ensemble (static)
2026-06-25 00:00:00+00:00,0,145.385,78.9790448511624,Ensemble (static)
2026-06-25 00:00:00+00:00,1,142.9725,74.5460178529068,Ensemble (static)
2026-06-25 00:00:00+00:00,2,141.9075,68.24762873317917,Ensemble (static)
2026-06-25 00:00:00+00:00,3,144.5725,67.82439232703166,Ensemble (static)
2026-06-25 00:00:00+00:00,4,161.32999999999998,62.38064697599157,Ensemble (static)
2026-06-25 00:00:00+00:00,5,148.41750000000002,51.08938580488734,Ensemble (static)
2026-06-25 00:00:00+00:00,6,119.0975,79.68565778220918,Ensemble (static)
2026-06-25 00:00:00+00:00,7,105.0075,75.24966604548551,Ensemble (static)
2026-06-25 00:00:00+00:00,8,84.745,63.88156160924408,Ensemble (static)
2026-06-25 00:00:00+00:00,9,67.0925,56.29378110642294,Ensemble (static)
2026-06-25 00:00:00+00:00,10,42.7,51.16982419906843,Ensemble (static)
2026-06-25 00:00:00+00:00,11,33.96,49.75914548101717,Ensemble (static)
2026-06-25 00:00:00+00:00,12,37.265,49.9547918367425,Ensemble (static)
2026-06-25 00:00:00+00:00,13,67.8075,54.06725463894931,Ensemble (static)
2026-06-25 00:00:00+00:00,14,88.2925,51.61124944457559,Ensemble (static)
2026-06-25 00:00:00+00:00,15,106.6,67.79702917593077,Ensemble (static)
2026-06-25 00:00:00+00:00,16,135.23,68.65747342830605,Ensemble (static)
2026-06-25 00:00:00+00:00,17,203.315,79.82428603435694,Ensemble (static)
2026-06-25 00:00:00+00:00,18,285.77250000000004,101.15238661949502,Ensemble (static)
2026-06-25 00:00:00+00:00,19,276.615,107.21865800213021,Ensemble (static)
2026-06-25 00:00:00+00:00,20,186.6375,81.87681050562958,Ensemble (static)
2026-06-25 00:00:00+00:00,21,155.745,61.86573033271375,Ensemble (static)
2026-06-25 00:00:00+00:00,22,144.7,54.0695901465984,Ensemble (static)
2026-06-25 00:00:00+00:00,23,130.725,54.51705357929545,Ensemble (static)
2026-06-26 00:00:00+00:00,0,122.4825,65.00281481934657,Ensemble (static)
2026-06-26 00:00:00+00:00,1,120.9325,65.65703042843192,Ensemble (static)
2026-06-26 00:00:00+00:00,2,122.605,61.289404632075836,Ensemble (static)
2026-06-26 00:00:00+00:00,3,129.5475,63.94517509820036,Ensemble (static)
2026-06-26 00:00:00+00:00,4,146.03,60.619852397578526,Ensemble (static)
2026-06-26 00:00:00+00:00,5,137.97,54.39707988469745,Ensemble (static)
2026-06-26 00:00:00+00:00,6,119.805,86.93752441877724,Ensemble (static)
2026-06-26 00:00:00+00:00,7,108.2725,74.19163146935998,Ensemble (static)
2026-06-26 00:00:00+00:00,8,93.2425,61.22876738288085,Ensemble (static)
2026-06-26 00:00:00+00:00,9,67.705,53.086754859305756,Ensemble (static)
2026-06-26 00:00:00+00:00,10,49.49,48.87390827035459,Ensemble (static)
2026-06-26 00:00:00+00:00,11,38.5,45.49516060607641,Ensemble (static)
2026-06-26 00:00:00+00:00,12,40.0,46.41392464834223,Ensemble (static)
2026-06-26 00:00:00+00:00,13,68.9825,51.61932100028429,Ensemble (static)
2026-06-26 00:00:00+00:00,14,93.12,50.34595634962111,Ensemble (static)
2026-06-26 00:00:00+00:00,15,110.9925,66.76214342783693,Ensemble (static)
2026-06-26 00:00:00+00:00,16,150.345,70.54699091604522,Ensemble (static)
2026-06-26 00:00:00+00:00,17,243.545,82.72850552682378,Ensemble (static)
2026-06-26 00:00:00+00:00,18,350.46000000000004,106.75559410269915,Ensemble (static)
2026-06-26 00:00:00+00:00,19,295.77750000000003,116.74846391549593,Ensemble (static)
2026-06-26 00:00:00+00:00,20,202.655,77.8321021129215,Ensemble (static)
2026-06-26 00:00:00+00:00,21,154.86,57.07743143882942,Ensemble (static)
2026-06-26 00:00:00+00:00,22,132.045,49.375033952969524,Ensemble (static)
2026-06-26 00:00:00+00:00,23,124.5,45.18610169487072,Ensemble (static)
2026-06-27 00:00:00+00:00,0,117.995,61.59646748671915,Ensemble (static)
2026-06-27 00:00:00+00:00,1,115.83,59.59509316296139,Ensemble (static)
2026-06-27 00:00:00+00:00,2,115.325,57.688787980191485,Ensemble (static)
2026-06-27 00:00:00+00:00,3,114.0,56.36347133623991,Ensemble (static)
2026-06-27 00:00:00+00:00,4,112.725,51.76833014205191,Ensemble (static)
2026-06-27 00:00:00+00:00,5,109.2725,47.47646076225339,Ensemble (static)
2026-06-27 00:00:00+00:00,6,102.8675,72.66755675563479,Ensemble (static)
2026-06-27 00:00:00+00:00,7,73.5675,63.28090161648721,Ensemble (static)
2026-06-27 00:00:00+00:00,8,36.025,53.635337125080895,Ensemble (static)
2026-06-27 00:00:00+00:00,9,9.6675,49.43191071618918,Ensemble (static)
2026-06-27 00:00:00+00:00,10,0.525,43.35403690518815,Ensemble (static)
2026-06-27 00:00:00+00:00,11,0.0275,40.566890869976405,Ensemble (static)
2026-06-27 00:00:00+00:00,12,3.3925,43.33847731726637,Ensemble (static)
2026-06-27 00:00:00+00:00,13,12.7675,47.54196704664082,Ensemble (static)
2026-06-27 00:00:00+00:00,14,51.0,46.47400014073277,Ensemble (static)
2026-06-27 00:00:00+00:00,15,100.605,62.86497379295762,Ensemble (static)
2026-06-27 00:00:00+00:00,16,127.1325,72.60988934524818,Ensemble (static)
2026-06-27 00:00:00+00:00,17,171.755,95.03827837370676,Ensemble (static)
2026-06-27 00:00:00+00:00,18,221.25,133.27693204191922,Ensemble (static)
2026-06-27 00:00:00+00:00,19,214.3075,153.58112682299534,Ensemble (static)
2026-06-27 00:00:00+00:00,20,174.9975,107.70358013828073,Ensemble (static)
2026-06-27 00:00:00+00:00,21,144.595,73.5971977466566,Ensemble (static)
2026-06-27 00:00:00+00:00,22,136.46,61.471427537985825,Ensemble (static)
2026-06-27 00:00:00+00:00,23,126.03,55.58740381147487,Ensemble (static)
2026-06-28 00:00:00+00:00,0,119.6825,58.49006162826774,Ensemble (static)
2026-06-28 00:00:00+00:00,1,115.6875,54.154356934880965,Ensemble (static)
2026-06-28 00:00:00+00:00,2,114.735,51.70779101618416,Ensemble (static)
2026-06-28 00:00:00+00:00,3,115.1225,49.947252494728424,Ensemble (static)
2026-06-28 00:00:00+00:00,4,112.0625,45.448341067221556,Ensemble (static)
2026-06-28 00:00:00+00:00,5,104.43,43.35708379252005,Ensemble (static)
2026-06-28 00:00:00+00:00,6,76.685,63.23386378759477,Ensemble (static)
2026-06-28 00:00:00+00:00,7,32.8125,56.15569851696179,Ensemble (static)
2026-06-28 00:00:00+00:00,8,5.1525,50.17959745604504,Ensemble (static)
2026-06-28 00:00:00+00:00,9,0.12,45.425081922825996,Ensemble (static)
2026-06-28 00:00:00+00:00,10,-0.0225,42.384864346950884,Ensemble (static)
2026-06-28 00:00:00+00:00,11,-0.905,40.439035861014034,Ensemble (static)
2026-06-28 00:00:00+00:00,12,-0.0275,42.940312770618014,Ensemble (static)
2026-06-28 00:00:00+00:00,13,1.62,46.11572874579665,Ensemble (static)
2026-06-28 00:00:00+00:00,14,27.665,45.73894599359362,Ensemble (static)
2026-06-28 00:00:00+00:00,15,84.6425,58.68722241326267,Ensemble (static)
2026-06-28 00:00:00+00:00,16,114.51,69.1813727045198,Ensemble (static)
2026-06-28 00:00:00+00:00,17,137.9875,83.50835611459665,Ensemble (static)
2026-06-28 00:00:00+00:00,18,153.1775,95.37359085359414,Ensemble (static)
2026-06-28 00:00:00+00:00,19,161.04,118.88082669995205,Ensemble (static)
2026-06-28 00:00:00+00:00,20,157.29500000000002,85.28492663370199,Ensemble (static)
2026-06-28 00:00:00+00:00,21,144.115,71.97477331601408,Ensemble (static)
2026-06-28 00:00:00+00:00,22,123.1175,63.97427380012439,Ensemble (static)
2026-06-28 00:00:00+00:00,23,113.665,63.98802948897888,Ensemble (static)
2026-06-29 00:00:00+00:00,0,113.025,73.26432131453744,Ensemble (static)
2026-06-29 00:00:00+00:00,1,109.76,76.34376243439935,Ensemble (static)
2026-06-29 00:00:00+00:00,2,114.87,75.67366665787462,Ensemble (static)
2026-06-29 00:00:00+00:00,3,127.3425,82.24629829278143,Ensemble (static)
2026-06-29 00:00:00+00:00,4,149.7375,81.23974894084132,Ensemble (static)
2026-06-29 00:00:00+00:00,5,152.1625,74.16805527819453,Ensemble (static)
2026-06-29 00:00:00+00:00,6,143.2925,92.69004456812202,Ensemble (static)
2026-06-29 00:00:00+00:00,7,120.9475,81.2779332959006,Ensemble (static)
2026-06-29 00:00:00+00:00,8,106.925,71.30367925458239,Ensemble (static)
2026-06-29 00:00:00+00:00,9,99.1,64.58101630549072,Ensemble (static)
2026-06-29 00:00:00+00:00,10,89.5075,63.74331156996149,Ensemble (static)
2026-06-29 00:00:00+00:00,11,82.0275,62.06096550405444,Ensemble (static)
2026-06-29 00:00:00+00:00,12,86.38499999999999,63.085044829333995,Ensemble (static)
2026-06-29 00:00:00+00:00,13,96.78,74.6057090772496,Ensemble (static)
2026-06-29 00:00:00+00:00,14,103.7325,72.76499445596005,Ensemble (static)
2026-06-29 00:00:00+00:00,15,115.075,89.12757908816343,Ensemble (static)
2026-06-29 00:00:00+00:00,16,134.91,121.089515152263,Ensemble (static)
2026-06-29 00:00:00+00:00,17,197.65,115.2750534712649,Ensemble (static)
2026-06-29 00:00:00+00:00,18,284.3325,121.64287599061493,Ensemble (static)
2026-06-29 00:00:00+00:00,19,301.365,151.2926265981211,Ensemble (static)
2026-06-29 00:00:00+00:00,20,230.89,102.17330714227441,Ensemble (static)
2026-06-29 00:00:00+00:00,21,170.0,80.26248906573771,Ensemble (static)
2026-06-29 00:00:00+00:00,22,161.735,71.2407891065159,Ensemble (static)
2026-06-29 00:00:00+00:00,23,145.37,74.99795239142193,Ensemble (static)
