origin,hour,y_true,y_pred,model
2026-01-08 00:00:00+00:00,0,83.08250000000001,37.56928854167715,LightGBM
2026-01-08 00:00:00+00:00,1,84.52250000000001,34.76602540156908,LightGBM
2026-01-08 00:00:00+00:00,2,82.4725,32.98464631506012,LightGBM
2026-01-08 00:00:00+00:00,3,85.265,31.60010137997599,LightGBM
2026-01-08 00:00:00+00:00,4,87.8875,32.055941417950926,LightGBM
2026-01-08 00:00:00+00:00,5,97.88,36.89313444978568,LightGBM
2026-01-08 00:00:00+00:00,6,126.7125,46.14741609592077,LightGBM
2026-01-08 00:00:00+00:00,7,168.81,59.11221615372899,LightGBM
2026-01-08 00:00:00+00:00,8,192.72,59.89533125096607,LightGBM
2026-01-08 00:00:00+00:00,9,207.9325,63.305698235493,LightGBM
2026-01-08 00:00:00+00:00,10,213.1125,58.254932438578074,LightGBM
2026-01-08 00:00:00+00:00,11,220.27,60.25918388279448,LightGBM
2026-01-08 00:00:00+00:00,12,236.215,58.060486988891114,LightGBM
2026-01-08 00:00:00+00:00,13,264.585,55.9990136201682,LightGBM
2026-01-08 00:00:00+00:00,14,264.42,56.9919904452493,LightGBM
2026-01-08 00:00:00+00:00,15,259.49,56.40189157920078,LightGBM
2026-01-08 00:00:00+00:00,16,233.8525,55.98030064479109,LightGBM
2026-01-08 00:00:00+00:00,17,199.3975,61.853597206413674,LightGBM
2026-01-08 00:00:00+00:00,18,139.2475,56.49758657079708,LightGBM
2026-01-08 00:00:00+00:00,19,102.125,52.107450822047255,LightGBM
2026-01-08 00:00:00+00:00,20,94.4825,42.55971915567412,LightGBM
2026-01-08 00:00:00+00:00,21,91.305,35.268627071980625,LightGBM
2026-01-08 00:00:00+00:00,22,79.035,33.833085104474776,LightGBM
2026-01-08 00:00:00+00:00,23,78.9625,21.49188441723588,LightGBM
2026-01-09 00:00:00+00:00,0,70.69,35.44379800479035,LightGBM
2026-01-09 00:00:00+00:00,1,57.35,33.60871347843258,LightGBM
2026-01-09 00:00:00+00:00,2,50.84,27.887156629500705,LightGBM
2026-01-09 00:00:00+00:00,3,47.845,26.971662825475875,LightGBM
2026-01-09 00:00:00+00:00,4,56.575,25.83251016033867,LightGBM
2026-01-09 00:00:00+00:00,5,72.605,30.220694425320463,LightGBM
2026-01-09 00:00:00+00:00,6,84.3025,41.77711605782746,LightGBM
2026-01-09 00:00:00+00:00,7,89.7625,53.648839544058525,LightGBM
2026-01-09 00:00:00+00:00,8,89.1475,55.36940680711464,LightGBM
2026-01-09 00:00:00+00:00,9,93.93,53.239532894645706,LightGBM
2026-01-09 00:00:00+00:00,10,85.795,51.39505935603393,LightGBM
2026-01-09 00:00:00+00:00,11,83.015,46.605190866964435,LightGBM
2026-01-09 00:00:00+00:00,12,82.85,42.97813537845237,LightGBM
2026-01-09 00:00:00+00:00,13,82.83500000000001,37.14768110552841,LightGBM
2026-01-09 00:00:00+00:00,14,85.245,42.13059694571842,LightGBM
2026-01-09 00:00:00+00:00,15,87.5725,42.796084608824984,LightGBM
2026-01-09 00:00:00+00:00,16,92.52,45.04736418816142,LightGBM
2026-01-09 00:00:00+00:00,17,91.6625,52.007592712296635,LightGBM
2026-01-09 00:00:00+00:00,18,87.28,48.76493292853997,LightGBM
2026-01-09 00:00:00+00:00,19,82.80250000000001,44.83857959600524,LightGBM
2026-01-09 00:00:00+00:00,20,80.36,37.614144953304596,LightGBM
2026-01-09 00:00:00+00:00,21,80.35,34.50007429736867,LightGBM
2026-01-09 00:00:00+00:00,22,74.51,33.14924357312747,LightGBM
2026-01-09 00:00:00+00:00,23,72.78999999999999,21.783361593149316,LightGBM
2026-01-10 00:00:00+00:00,0,69.775,36.665549776128806,LightGBM
2026-01-10 00:00:00+00:00,1,66.2375,34.81142199276927,LightGBM
2026-01-10 00:00:00+00:00,2,66.535,30.088015096931937,LightGBM
2026-01-10 00:00:00+00:00,3,66.5125,30.30388922086492,LightGBM
2026-01-10 00:00:00+00:00,4,68.46000000000001,28.429783418121303,LightGBM
2026-01-10 00:00:00+00:00,5,69.96000000000001,32.51446940507278,LightGBM
2026-01-10 00:00:00+00:00,6,76.66499999999999,44.05255624713708,LightGBM
2026-01-10 00:00:00+00:00,7,85.0275,56.202800268704635,LightGBM
2026-01-10 00:00:00+00:00,8,92.3625,57.78745832698803,LightGBM
2026-01-10 00:00:00+00:00,9,97.595,57.769548300795044,LightGBM
2026-01-10 00:00:00+00:00,10,101.5575,55.44625505179099,LightGBM
2026-01-10 00:00:00+00:00,11,101.57,55.63512036501372,LightGBM
2026-01-10 00:00:00+00:00,12,104.825,55.28893289921917,LightGBM
2026-01-10 00:00:00+00:00,13,111.4425,52.980905713971985,LightGBM
2026-01-10 00:00:00+00:00,14,117.7175,56.384396548300266,LightGBM
2026-01-10 00:00:00+00:00,15,128.0075,57.14674919307985,LightGBM
2026-01-10 00:00:00+00:00,16,139.5275,59.288836342189924,LightGBM
2026-01-10 00:00:00+00:00,17,136.91,69.08777349679585,LightGBM
2026-01-10 00:00:00+00:00,18,128.305,67.19480150046023,LightGBM
2026-01-10 00:00:00+00:00,19,120.49,63.17215967111398,LightGBM
2026-01-10 00:00:00+00:00,20,113.21,51.882228532183774,LightGBM
2026-01-10 00:00:00+00:00,21,107.68,47.352636857765916,LightGBM
2026-01-10 00:00:00+00:00,22,98.1975,46.22067189053504,LightGBM
2026-01-10 00:00:00+00:00,23,96.9025,41.40896137051155,LightGBM
2026-01-11 00:00:00+00:00,0,92.7475,43.166484099480456,LightGBM
2026-01-11 00:00:00+00:00,1,88.035,41.42875914194584,LightGBM
2026-01-11 00:00:00+00:00,2,84.86,38.559979773833945,LightGBM
2026-01-11 00:00:00+00:00,3,82.68,36.385562274964215,LightGBM
2026-01-11 00:00:00+00:00,4,82.26,36.738179947579894,LightGBM
2026-01-11 00:00:00+00:00,5,81.6025,39.68852661835551,LightGBM
2026-01-11 00:00:00+00:00,6,84.25999999999999,48.50966701344576,LightGBM
2026-01-11 00:00:00+00:00,7,92.06,65.66618499897658,LightGBM
2026-01-11 00:00:00+00:00,8,103.1025,66.99343765450497,LightGBM
2026-01-11 00:00:00+00:00,9,100.6825,65.46487730285655,LightGBM
2026-01-11 00:00:00+00:00,10,99.9175,60.690912390432445,LightGBM
2026-01-11 00:00:00+00:00,11,97.0875,60.313595681060754,LightGBM
2026-01-11 00:00:00+00:00,12,96.5175,59.42955218934888,LightGBM
2026-01-11 00:00:00+00:00,13,98.8775,55.722205662317975,LightGBM
2026-01-11 00:00:00+00:00,14,101.275,57.71650026832912,LightGBM
2026-01-11 00:00:00+00:00,15,111.755,58.73730631899453,LightGBM
2026-01-11 00:00:00+00:00,16,116.25,60.08107438506676,LightGBM
2026-01-11 00:00:00+00:00,17,112.2475,64.75032462168528,LightGBM
2026-01-11 00:00:00+00:00,18,106.2075,61.809507686805354,LightGBM
2026-01-11 00:00:00+00:00,19,96.04,54.03266428907227,LightGBM
2026-01-11 00:00:00+00:00,20,95.005,46.330372643956764,LightGBM
2026-01-11 00:00:00+00:00,21,93.02,38.96970998351843,LightGBM
2026-01-11 00:00:00+00:00,22,85.22999999999999,38.23586611205151,LightGBM
2026-01-11 00:00:00+00:00,23,81.2575,26.913409057865177,LightGBM
2026-01-12 00:00:00+00:00,0,81.1925,36.059084278390095,LightGBM
2026-01-12 00:00:00+00:00,1,79.0425,33.8912813894943,LightGBM
2026-01-12 00:00:00+00:00,2,77.31,29.571258598440032,LightGBM
2026-01-12 00:00:00+00:00,3,76.58500000000001,28.007889407493103,LightGBM
2026-01-12 00:00:00+00:00,4,80.1625,26.29145506075945,LightGBM
2026-01-12 00:00:00+00:00,5,86.9225,30.461514609849917,LightGBM
2026-01-12 00:00:00+00:00,6,97.8725,41.99597885785243,LightGBM
2026-01-12 00:00:00+00:00,7,115.6175,52.76238291120107,LightGBM
2026-01-12 00:00:00+00:00,8,129.8475,56.11105227905533,LightGBM
2026-01-12 00:00:00+00:00,9,124.3975,55.74890424919779,LightGBM
2026-01-12 00:00:00+00:00,10,129.8675,52.70253821565611,LightGBM
2026-01-12 00:00:00+00:00,11,129.9625,53.348606268327,LightGBM
2026-01-12 00:00:00+00:00,12,132.76,53.99917576192735,LightGBM
2026-01-12 00:00:00+00:00,13,128.37,49.792369681655174,LightGBM
2026-01-12 00:00:00+00:00,14,131.7125,50.23178200596702,LightGBM
2026-01-12 00:00:00+00:00,15,119.58,48.93533465131061,LightGBM
2026-01-12 00:00:00+00:00,16,119.6,50.99367191409249,LightGBM
2026-01-12 00:00:00+00:00,17,116.5,58.876392979013325,LightGBM
2026-01-12 00:00:00+00:00,18,102.3375,52.94879218088969,LightGBM
2026-01-12 00:00:00+00:00,19,93.48,46.974722942777895,LightGBM
2026-01-12 00:00:00+00:00,20,91.795,42.48035029160037,LightGBM
2026-01-12 00:00:00+00:00,21,92.165,34.770733582206724,LightGBM
2026-01-12 00:00:00+00:00,22,86.0475,33.838474829113984,LightGBM
2026-01-12 00:00:00+00:00,23,84.30499999999999,23.430918948062818,LightGBM
2026-01-13 00:00:00+00:00,0,82.69,38.51325644549938,LightGBM
2026-01-13 00:00:00+00:00,1,82.685,36.49047148158392,LightGBM
2026-01-13 00:00:00+00:00,2,84.115,33.911375926370994,LightGBM
2026-01-13 00:00:00+00:00,3,86.7475,33.49312369914144,LightGBM
2026-01-13 00:00:00+00:00,4,88.725,32.0762285414252,LightGBM
2026-01-13 00:00:00+00:00,5,97.5525,36.76315907277772,LightGBM
2026-01-13 00:00:00+00:00,6,116.03,46.01079594443873,LightGBM
2026-01-13 00:00:00+00:00,7,129.805,60.91443595461494,LightGBM
2026-01-13 00:00:00+00:00,8,132.5175,62.19212577082678,LightGBM
2026-01-13 00:00:00+00:00,9,142.1975,63.43660716134789,LightGBM
2026-01-13 00:00:00+00:00,10,123.8525,58.56379022374901,LightGBM
2026-01-13 00:00:00+00:00,11,117.675,57.33229768906538,LightGBM
2026-01-13 00:00:00+00:00,12,112.9775,56.099763238202414,LightGBM
2026-01-13 00:00:00+00:00,13,122.215,54.04352649572182,LightGBM
2026-01-13 00:00:00+00:00,14,120.515,55.39975638574114,LightGBM
2026-01-13 00:00:00+00:00,15,122.15,54.09741095776137,LightGBM
2026-01-13 00:00:00+00:00,16,122.33,56.09593268156952,LightGBM
2026-01-13 00:00:00+00:00,17,113.3525,61.77111223764354,LightGBM
2026-01-13 00:00:00+00:00,18,98.735,53.36218178567409,LightGBM
2026-01-13 00:00:00+00:00,19,90.95,46.364773410433095,LightGBM
2026-01-13 00:00:00+00:00,20,92.2075,39.41541599566469,LightGBM
2026-01-13 00:00:00+00:00,21,90.0,33.45497753136566,LightGBM
2026-01-13 00:00:00+00:00,22,82.6725,34.48369370325235,LightGBM
2026-01-13 00:00:00+00:00,23,85.5625,20.411870039234376,LightGBM
2026-01-14 00:00:00+00:00,0,84.295,36.8729978567642,LightGBM
2026-01-14 00:00:00+00:00,1,85.8775,34.61069757811699,LightGBM
2026-01-14 00:00:00+00:00,2,86.16250000000001,29.756669982405437,LightGBM
2026-01-14 00:00:00+00:00,3,87.645,29.988032920032854,LightGBM
2026-01-14 00:00:00+00:00,4,89.86,29.199840060604682,LightGBM
2026-01-14 00:00:00+00:00,5,95.145,32.569122542051765,LightGBM
2026-01-14 00:00:00+00:00,6,105.14,43.89692701676481,LightGBM
2026-01-14 00:00:00+00:00,7,128.9575,56.003856633281735,LightGBM
2026-01-14 00:00:00+00:00,8,132.0325,58.11178957349814,LightGBM
2026-01-14 00:00:00+00:00,9,116.4525,57.29874978455613,LightGBM
2026-01-14 00:00:00+00:00,10,107.5325,54.88762808053016,LightGBM
2026-01-14 00:00:00+00:00,11,103.475,53.778737418728,LightGBM
2026-01-14 00:00:00+00:00,12,103.6,55.14550781129199,LightGBM
2026-01-14 00:00:00+00:00,13,118.2175,54.684538765624254,LightGBM
2026-01-14 00:00:00+00:00,14,144.63,57.97265357751302,LightGBM
2026-01-14 00:00:00+00:00,15,152.85750000000002,59.38814797921266,LightGBM
2026-01-14 00:00:00+00:00,16,200.0225,63.43154517899044,LightGBM
2026-01-14 00:00:00+00:00,17,182.355,73.92245956423632,LightGBM
2026-01-14 00:00:00+00:00,18,158.76749999999998,72.0094626749425,LightGBM
2026-01-14 00:00:00+00:00,19,134.01,66.1920734855637,LightGBM
2026-01-14 00:00:00+00:00,20,121.7875,55.38341487284982,LightGBM
2026-01-14 00:00:00+00:00,21,113.8625,48.800235699870484,LightGBM
2026-01-14 00:00:00+00:00,22,97.0875,47.09380578556583,LightGBM
2026-01-14 00:00:00+00:00,23,100.615,41.25298737513374,LightGBM
2026-01-15 00:00:00+00:00,0,94.0475,40.42608560030986,LightGBM
2026-01-15 00:00:00+00:00,1,89.34,36.3544082078259,LightGBM
2026-01-15 00:00:00+00:00,2,84.8075,32.8211926731523,LightGBM
2026-01-15 00:00:00+00:00,3,82.92999999999999,30.611283531478282,LightGBM
2026-01-15 00:00:00+00:00,4,86.0,28.15202561335148,LightGBM
2026-01-15 00:00:00+00:00,5,98.2025,32.91697550189327,LightGBM
2026-01-15 00:00:00+00:00,6,105.115,45.37919435359136,LightGBM
2026-01-15 00:00:00+00:00,7,104.975,56.40001471533198,LightGBM
2026-01-15 00:00:00+00:00,8,101.415,57.940779923725664,LightGBM
2026-01-15 00:00:00+00:00,9,100.4,57.36886837914038,LightGBM
2026-01-15 00:00:00+00:00,10,97.8625,53.48859510185549,LightGBM
2026-01-15 00:00:00+00:00,11,95.2825,51.70349577137832,LightGBM
2026-01-15 00:00:00+00:00,12,100.615,53.96201624871771,LightGBM
2026-01-15 00:00:00+00:00,13,105.645,51.29653927607667,LightGBM
2026-01-15 00:00:00+00:00,14,123.095,54.228620216249645,LightGBM
2026-01-15 00:00:00+00:00,15,135.3725,54.54483409670546,LightGBM
2026-01-15 00:00:00+00:00,16,145.495,56.88752361856807,LightGBM
2026-01-15 00:00:00+00:00,17,119.745,64.82606483855852,LightGBM
2026-01-15 00:00:00+00:00,18,105.4925,56.84162525549842,LightGBM
2026-01-15 00:00:00+00:00,19,98.16,48.82986478791694,LightGBM
2026-01-15 00:00:00+00:00,20,90.995,41.15201602821273,LightGBM
2026-01-15 00:00:00+00:00,21,88.3925,33.95020565089724,LightGBM
2026-01-15 00:00:00+00:00,22,81.155,34.248424022660544,LightGBM
2026-01-15 00:00:00+00:00,23,81.05,21.242556018201366,LightGBM
2026-01-16 00:00:00+00:00,0,75.0,36.67145897263644,LightGBM
2026-01-16 00:00:00+00:00,1,70.57249999999999,34.85550014464768,LightGBM
2026-01-16 00:00:00+00:00,2,67.23,29.737110700330962,LightGBM
2026-01-16 00:00:00+00:00,3,71.38,30.122747943166264,LightGBM
2026-01-16 00:00:00+00:00,4,82.05000000000001,28.268483584648763,LightGBM
2026-01-16 00:00:00+00:00,5,90.7225,33.09846276534406,LightGBM
2026-01-16 00:00:00+00:00,6,98.6,43.45851920448087,LightGBM
2026-01-16 00:00:00+00:00,7,109.3075,56.459079063915695,LightGBM
2026-01-16 00:00:00+00:00,8,108.9275,58.21430694214855,LightGBM
2026-01-16 00:00:00+00:00,9,103.0275,57.091603494889995,LightGBM
2026-01-16 00:00:00+00:00,10,99.7875,54.13174054863139,LightGBM
2026-01-16 00:00:00+00:00,11,99.1975,52.525650401406004,LightGBM
2026-01-16 00:00:00+00:00,12,99.3125,54.12145896736835,LightGBM
2026-01-16 00:00:00+00:00,13,113.2,54.56809016682909,LightGBM
2026-01-16 00:00:00+00:00,14,141.0,59.18103971337499,LightGBM
2026-01-16 00:00:00+00:00,15,162.68,61.92886530048292,LightGBM
2026-01-16 00:00:00+00:00,16,170.325,64.46461082482098,LightGBM
2026-01-16 00:00:00+00:00,17,162.4425,75.47865593207023,LightGBM
2026-01-16 00:00:00+00:00,18,154.18,71.49949458724439,LightGBM
2026-01-16 00:00:00+00:00,19,134.0,65.43848690695161,LightGBM
2026-01-16 00:00:00+00:00,20,117.6125,53.90145764144226,LightGBM
2026-01-16 00:00:00+00:00,21,117.705,48.3440098713206,LightGBM
2026-01-16 00:00:00+00:00,22,104.17,46.653598266624364,LightGBM
2026-01-16 00:00:00+00:00,23,104.66,41.81126814188257,LightGBM
2026-01-17 00:00:00+00:00,0,101.2875,42.895328057346234,LightGBM
2026-01-17 00:00:00+00:00,1,98.235,40.49079048791035,LightGBM
2026-01-17 00:00:00+00:00,2,96.1375,37.638132666124584,LightGBM
2026-01-17 00:00:00+00:00,3,95.1875,36.181416529665576,LightGBM
2026-01-17 00:00:00+00:00,4,95.2425,35.67162895632294,LightGBM
2026-01-17 00:00:00+00:00,5,95.8525,39.251164317257825,LightGBM
2026-01-17 00:00:00+00:00,6,99.1875,46.988728605818906,LightGBM
2026-01-17 00:00:00+00:00,7,105.97,64.08728769884242,LightGBM
2026-01-17 00:00:00+00:00,8,116.655,65.68285613900082,LightGBM
2026-01-17 00:00:00+00:00,9,115.1,64.85731963703346,LightGBM
2026-01-17 00:00:00+00:00,10,111.6075,60.38895486977526,LightGBM
2026-01-17 00:00:00+00:00,11,111.9475,59.93797910117153,LightGBM
2026-01-17 00:00:00+00:00,12,108.64,59.81545866645631,LightGBM
2026-01-17 00:00:00+00:00,13,112.8175,57.29432847398814,LightGBM
2026-01-17 00:00:00+00:00,14,122.77,58.57832634067436,LightGBM
2026-01-17 00:00:00+00:00,15,135.775,58.89581618571604,LightGBM
2026-01-17 00:00:00+00:00,16,140.9125,59.453089998224634,LightGBM
2026-01-17 00:00:00+00:00,17,142.84750000000005,65.01441730200747,LightGBM
2026-01-17 00:00:00+00:00,18,138.5875,64.6738040670302,LightGBM
2026-01-17 00:00:00+00:00,19,120.79,57.8167726788229,LightGBM
2026-01-17 00:00:00+00:00,20,107.805,49.652683081649045,LightGBM
2026-01-17 00:00:00+00:00,21,109.15,43.42520778310506,LightGBM
2026-01-17 00:00:00+00:00,22,107.0225,42.957626576261326,LightGBM
2026-01-17 00:00:00+00:00,23,110.715,36.238444685014684,LightGBM
2026-01-18 00:00:00+00:00,0,109.19,40.05524157953453,LightGBM
2026-01-18 00:00:00+00:00,1,107.39,36.528232783760366,LightGBM
2026-01-18 00:00:00+00:00,2,102.54,33.905073832682135,LightGBM
2026-01-18 00:00:00+00:00,3,102.235,32.26359758670807,LightGBM
2026-01-18 00:00:00+00:00,4,102.08,32.18073855581912,LightGBM
2026-01-18 00:00:00+00:00,5,101.05,35.9011286820038,LightGBM
2026-01-18 00:00:00+00:00,6,100.605,46.34639326973507,LightGBM
2026-01-18 00:00:00+00:00,7,105.68,60.616599230676364,LightGBM
2026-01-18 00:00:00+00:00,8,107.4225,62.69680189667579,LightGBM
2026-01-18 00:00:00+00:00,9,101.91,58.654590609008885,LightGBM
2026-01-18 00:00:00+00:00,10,98.4825,55.09723308561928,LightGBM
2026-01-18 00:00:00+00:00,11,96.855,54.68032420882666,LightGBM
2026-01-18 00:00:00+00:00,12,96.9625,53.53199808759607,LightGBM
2026-01-18 00:00:00+00:00,13,100.845,51.10916371266094,LightGBM
2026-01-18 00:00:00+00:00,14,105.55,53.15987979158228,LightGBM
2026-01-18 00:00:00+00:00,15,114.875,52.98414736393094,LightGBM
2026-01-18 00:00:00+00:00,16,129.9925,57.58954900185075,LightGBM
2026-01-18 00:00:00+00:00,17,142.195,63.645263775268845,LightGBM
2026-01-18 00:00:00+00:00,18,136.6725,56.736012720284606,LightGBM
2026-01-18 00:00:00+00:00,19,123.0525,51.800072573782586,LightGBM
2026-01-18 00:00:00+00:00,20,110.63,45.44071357632096,LightGBM
2026-01-18 00:00:00+00:00,21,114.28,39.474253643075734,LightGBM
2026-01-18 00:00:00+00:00,22,103.7325,39.32602214915159,LightGBM
2026-01-18 00:00:00+00:00,23,101.15,30.352873968838804,LightGBM
2026-01-19 00:00:00+00:00,0,100.44,40.930969371433115,LightGBM
2026-01-19 00:00:00+00:00,1,100.8325,38.27016691293347,LightGBM
2026-01-19 00:00:00+00:00,2,100.4375,35.72886661239892,LightGBM
2026-01-19 00:00:00+00:00,3,100.135,33.38530416712586,LightGBM
2026-01-19 00:00:00+00:00,4,102.53,33.20195428158781,LightGBM
2026-01-19 00:00:00+00:00,5,126.38,36.32298911074436,LightGBM
2026-01-19 00:00:00+00:00,6,161.08249999999998,47.24913460822064,LightGBM
2026-01-19 00:00:00+00:00,7,175.98250000000002,61.077469181075735,LightGBM
2026-01-19 00:00:00+00:00,8,161.9375,62.11961432655203,LightGBM
2026-01-19 00:00:00+00:00,9,135.9225,59.12735227065107,LightGBM
2026-01-19 00:00:00+00:00,10,120.5275,56.06820505902582,LightGBM
2026-01-19 00:00:00+00:00,11,117.56,53.434602754426415,LightGBM
2026-01-19 00:00:00+00:00,12,125.0025,54.4913472188275,LightGBM
2026-01-19 00:00:00+00:00,13,144.35,52.68308551650376,LightGBM
2026-01-19 00:00:00+00:00,14,170.0425,56.23959858457202,LightGBM
2026-01-19 00:00:00+00:00,15,194.89,57.00198104746465,LightGBM
2026-01-19 00:00:00+00:00,16,208.2275,60.02180079850569,LightGBM
2026-01-19 00:00:00+00:00,17,200.055,69.56853714930301,LightGBM
2026-01-19 00:00:00+00:00,18,180.9625,69.09719414731588,LightGBM
2026-01-19 00:00:00+00:00,19,157.385,63.69543716975833,LightGBM
2026-01-19 00:00:00+00:00,20,135.17,53.31302536804628,LightGBM
2026-01-19 00:00:00+00:00,21,126.4025,47.87810941960315,LightGBM
2026-01-19 00:00:00+00:00,22,112.47,46.98268962139401,LightGBM
2026-01-19 00:00:00+00:00,23,115.06,41.69986146931017,LightGBM
2026-01-20 00:00:00+00:00,0,114.335,43.52024949716697,LightGBM
2026-01-20 00:00:00+00:00,1,110.355,41.09849766895966,LightGBM
2026-01-20 00:00:00+00:00,2,109.8675,38.68220894378173,LightGBM
2026-01-20 00:00:00+00:00,3,113.1725,36.534298726440525,LightGBM
2026-01-20 00:00:00+00:00,4,125.28,36.05049704975686,LightGBM
2026-01-20 00:00:00+00:00,5,190.105,40.44631115070548,LightGBM
2026-01-20 00:00:00+00:00,6,240.8775,49.498340962897245,LightGBM
2026-01-20 00:00:00+00:00,7,262.785,65.06494235814408,LightGBM
2026-01-20 00:00:00+00:00,8,179.535,66.35032851678868,LightGBM
2026-01-20 00:00:00+00:00,9,132.17,62.756161379022785,LightGBM
2026-01-20 00:00:00+00:00,10,107.9525,59.35099067384731,LightGBM
2026-01-20 00:00:00+00:00,11,103.6225,57.92659387854881,LightGBM
2026-01-20 00:00:00+00:00,12,105.755,57.678946813084195,LightGBM
2026-01-20 00:00:00+00:00,13,136.7225,58.71044836664834,LightGBM
2026-01-20 00:00:00+00:00,14,178.26,60.55877674761244,LightGBM
2026-01-20 00:00:00+00:00,15,276.735,64.46485191739886,LightGBM
2026-01-20 00:00:00+00:00,16,249.63,66.27253105089754,LightGBM
2026-01-20 00:00:00+00:00,17,193.925,76.15353270489854,LightGBM
2026-01-20 00:00:00+00:00,18,181.9175,72.58774366253874,LightGBM
2026-01-20 00:00:00+00:00,19,155.10000000000002,64.31222596917551,LightGBM
2026-01-20 00:00:00+00:00,20,139.89,54.7417719087711,LightGBM
2026-01-20 00:00:00+00:00,21,117.1925,47.47376355012111,LightGBM
2026-01-20 00:00:00+00:00,22,107.8375,46.40456287385991,LightGBM
2026-01-20 00:00:00+00:00,23,101.49,40.93695884905746,LightGBM
2026-01-21 00:00:00+00:00,0,101.7175,41.60987565633224,LightGBM
2026-01-21 00:00:00+00:00,1,98.7575,39.15637012896679,LightGBM
2026-01-21 00:00:00+00:00,2,100.91,36.44757730299837,LightGBM
2026-01-21 00:00:00+00:00,3,98.845,33.85195735604909,LightGBM
2026-01-21 00:00:00+00:00,4,98.6925,32.40803415364764,LightGBM
2026-01-21 00:00:00+00:00,5,107.8725,35.80991790546139,LightGBM
2026-01-21 00:00:00+00:00,6,160.0,46.286449872310904,LightGBM
2026-01-21 00:00:00+00:00,7,176.3975,61.58610709663777,LightGBM
2026-01-21 00:00:00+00:00,8,142.89249999999998,63.86433274236178,LightGBM
2026-01-21 00:00:00+00:00,9,118.3,58.31377340168797,LightGBM
2026-01-21 00:00:00+00:00,10,100.9925,53.669618948267384,LightGBM
2026-01-21 00:00:00+00:00,11,99.13,52.1178942437226,LightGBM
2026-01-21 00:00:00+00:00,12,103.475,53.986677114051844,LightGBM
2026-01-21 00:00:00+00:00,13,108.6225,50.37735209305383,LightGBM
2026-01-21 00:00:00+00:00,14,126.9275,52.9876738525433,LightGBM
2026-01-21 00:00:00+00:00,15,145.035,53.96527230978613,LightGBM
2026-01-21 00:00:00+00:00,16,139.11,56.10263091929555,LightGBM
2026-01-21 00:00:00+00:00,17,138.9075,62.4260578119838,LightGBM
2026-01-21 00:00:00+00:00,18,127.83,58.719738713605174,LightGBM
2026-01-21 00:00:00+00:00,19,105.4475,52.61485558669414,LightGBM
2026-01-21 00:00:00+00:00,20,102.44,45.49114727006594,LightGBM
2026-01-21 00:00:00+00:00,21,104.76,38.66194307941891,LightGBM
2026-01-21 00:00:00+00:00,22,99.375,38.05084781679353,LightGBM
2026-01-21 00:00:00+00:00,23,92.7975,26.57867005865558,LightGBM
2026-01-22 00:00:00+00:00,0,92.5275,37.4616176356621,LightGBM
2026-01-22 00:00:00+00:00,1,91.45,35.12370176383005,LightGBM
2026-01-22 00:00:00+00:00,2,91.82,31.476945943672114,LightGBM
2026-01-22 00:00:00+00:00,3,92.85,29.842731913620334,LightGBM
2026-01-22 00:00:00+00:00,4,93.1875,28.479705047693933,LightGBM
2026-01-22 00:00:00+00:00,5,100.6775,32.22132695670479,LightGBM
2026-01-22 00:00:00+00:00,6,125.52,45.478938305336094,LightGBM
2026-01-22 00:00:00+00:00,7,137.1225,55.65539836245947,LightGBM
2026-01-22 00:00:00+00:00,8,114.4175,57.503427452119595,LightGBM
2026-01-22 00:00:00+00:00,9,95.2575,57.36723087514218,LightGBM
2026-01-22 00:00:00+00:00,10,89.075,52.38228962682163,LightGBM
2026-01-22 00:00:00+00:00,11,83.8575,48.62375122183008,LightGBM
2026-01-22 00:00:00+00:00,12,88.065,48.91615640712695,LightGBM
2026-01-22 00:00:00+00:00,13,94.91,44.697326288457226,LightGBM
2026-01-22 00:00:00+00:00,14,107.78,49.56840743296543,LightGBM
2026-01-22 00:00:00+00:00,15,130.8975,51.44052533275293,LightGBM
2026-01-22 00:00:00+00:00,16,136.365,55.161308426852514,LightGBM
2026-01-22 00:00:00+00:00,17,129.6675,63.02687242704338,LightGBM
2026-01-22 00:00:00+00:00,18,121.5675,58.20278686543125,LightGBM
2026-01-22 00:00:00+00:00,19,109.35,52.87555417329677,LightGBM
2026-01-22 00:00:00+00:00,20,106.945,45.295096914734806,LightGBM
2026-01-22 00:00:00+00:00,21,103.3225,40.43059285353183,LightGBM
2026-01-22 00:00:00+00:00,22,97.3075,38.36659237781349,LightGBM
2026-01-22 00:00:00+00:00,23,97.8875,27.354085519959526,LightGBM
2026-01-23 00:00:00+00:00,0,97.245,36.989305017495084,LightGBM
2026-01-23 00:00:00+00:00,1,95.9475,34.97181265635861,LightGBM
2026-01-23 00:00:00+00:00,2,95.0025,31.79913838497122,LightGBM
2026-01-23 00:00:00+00:00,3,95.6225,30.04498202828064,LightGBM
2026-01-23 00:00:00+00:00,4,96.9975,27.9581814530028,LightGBM
2026-01-23 00:00:00+00:00,5,108.1975,32.22798509170373,LightGBM
2026-01-23 00:00:00+00:00,6,133.0,44.93801047252806,LightGBM
2026-01-23 00:00:00+00:00,7,152.9375,55.88979927522485,LightGBM
2026-01-23 00:00:00+00:00,8,142.4875,56.70798125415035,LightGBM
2026-01-23 00:00:00+00:00,9,115.3775,56.84564779831565,LightGBM
2026-01-23 00:00:00+00:00,10,100.1275,52.58392573480001,LightGBM
2026-01-23 00:00:00+00:00,11,96.2125,47.64946622432098,LightGBM
2026-01-23 00:00:00+00:00,12,95.76,47.09640465714664,LightGBM
2026-01-23 00:00:00+00:00,13,97.08,44.01333810588188,LightGBM
2026-01-23 00:00:00+00:00,14,108.7675,47.86253662243008,LightGBM
2026-01-23 00:00:00+00:00,15,124.0475,46.66930740488587,LightGBM
2026-01-23 00:00:00+00:00,16,136.08499999999998,47.60284712349594,LightGBM
2026-01-23 00:00:00+00:00,17,128.48250000000002,52.752299694670285,LightGBM
2026-01-23 00:00:00+00:00,18,116.8025,49.82206297777384,LightGBM
2026-01-23 00:00:00+00:00,19,107.2225,45.41048091357425,LightGBM
2026-01-23 00:00:00+00:00,20,103.96,38.6627023055481,LightGBM
2026-01-23 00:00:00+00:00,21,104.79,34.16329240735051,LightGBM
2026-01-23 00:00:00+00:00,22,96.995,35.07665343145813,LightGBM
2026-01-23 00:00:00+00:00,23,99.8,22.755110227436983,LightGBM
2026-01-24 00:00:00+00:00,0,99.035,38.08163276635837,LightGBM
2026-01-24 00:00:00+00:00,1,98.315,36.32285657130361,LightGBM
2026-01-24 00:00:00+00:00,2,97.825,34.33737945266744,LightGBM
2026-01-24 00:00:00+00:00,3,97.5475,32.655604774272845,LightGBM
2026-01-24 00:00:00+00:00,4,98.91,30.538813046719156,LightGBM
2026-01-24 00:00:00+00:00,5,100.3975,35.03300635833383,LightGBM
2026-01-24 00:00:00+00:00,6,104.06,46.955382037177884,LightGBM
2026-01-24 00:00:00+00:00,7,110.9975,57.987423158185855,LightGBM
2026-01-24 00:00:00+00:00,8,123.0925,60.07374426518609,LightGBM
2026-01-24 00:00:00+00:00,9,119.24,60.212480134304116,LightGBM
2026-01-24 00:00:00+00:00,10,110.2975,56.21133287153043,LightGBM
2026-01-24 00:00:00+00:00,11,106.2175,56.50688990344404,LightGBM
2026-01-24 00:00:00+00:00,12,101.8725,54.27965465256883,LightGBM
2026-01-24 00:00:00+00:00,13,105.12,52.68191575636153,LightGBM
2026-01-24 00:00:00+00:00,14,118.2275,56.65640829972499,LightGBM
2026-01-24 00:00:00+00:00,15,131.905,55.16302950576443,LightGBM
2026-01-24 00:00:00+00:00,16,146.7225,58.83759522535709,LightGBM
2026-01-24 00:00:00+00:00,17,141.7475,67.48494404627264,LightGBM
2026-01-24 00:00:00+00:00,18,131.9325,64.47107644615714,LightGBM
2026-01-24 00:00:00+00:00,19,118.6725,57.32795131306867,LightGBM
2026-01-24 00:00:00+00:00,20,110.5375,49.94377120858491,LightGBM
2026-01-24 00:00:00+00:00,21,110.31,45.21076298453519,LightGBM
2026-01-24 00:00:00+00:00,22,104.15,44.1932180330766,LightGBM
2026-01-24 00:00:00+00:00,23,101.4425,37.641384345226655,LightGBM
2026-01-25 00:00:00+00:00,0,101.7575,41.52225739545973,LightGBM
2026-01-25 00:00:00+00:00,1,101.315,39.2706104362242,LightGBM
2026-01-25 00:00:00+00:00,2,101.77,35.65022239700444,LightGBM
2026-01-25 00:00:00+00:00,3,100.8625,34.33092004620276,LightGBM
2026-01-25 00:00:00+00:00,4,100.5125,35.085252479244716,LightGBM
2026-01-25 00:00:00+00:00,5,99.965,38.77940017487368,LightGBM
2026-01-25 00:00:00+00:00,6,102.06,47.21442525877893,LightGBM
2026-01-25 00:00:00+00:00,7,103.7575,63.36319441152124,LightGBM
2026-01-25 00:00:00+00:00,8,108.8875,65.01409787101679,LightGBM
2026-01-25 00:00:00+00:00,9,113.1925,64.10807172627362,LightGBM
2026-01-25 00:00:00+00:00,10,116.0175,59.458492100639205,LightGBM
2026-01-25 00:00:00+00:00,11,120.03,58.347438954671915,LightGBM
2026-01-25 00:00:00+00:00,12,116.1075,56.340620855934226,LightGBM
2026-01-25 00:00:00+00:00,13,114.315,54.5893129061268,LightGBM
2026-01-25 00:00:00+00:00,14,111.7525,55.04479645947196,LightGBM
2026-01-25 00:00:00+00:00,15,116.9,54.492936412948076,LightGBM
2026-01-25 00:00:00+00:00,16,131.2125,58.382949280547386,LightGBM
2026-01-25 00:00:00+00:00,17,137.375,64.12081429842246,LightGBM
2026-01-25 00:00:00+00:00,18,132.575,63.382961380357095,LightGBM
2026-01-25 00:00:00+00:00,19,124.0175,56.05364175897168,LightGBM
2026-01-25 00:00:00+00:00,20,114.0225,49.13759031162102,LightGBM
2026-01-25 00:00:00+00:00,21,111.9425,43.45340601577867,LightGBM
2026-01-25 00:00:00+00:00,22,104.49,42.89588918638839,LightGBM
2026-01-25 00:00:00+00:00,23,103.925,36.62270235611579,LightGBM
2026-01-26 00:00:00+00:00,0,101.1125,39.61389576386314,LightGBM
2026-01-26 00:00:00+00:00,1,98.7275,37.185839711263476,LightGBM
2026-01-26 00:00:00+00:00,2,95.8525,34.481597342880036,LightGBM
2026-01-26 00:00:00+00:00,3,95.0325,32.529567410745734,LightGBM
2026-01-26 00:00:00+00:00,4,97.1925,30.812535962984068,LightGBM
2026-01-26 00:00:00+00:00,5,114.2775,34.86818259168466,LightGBM
2026-01-26 00:00:00+00:00,6,153.1975,45.51499684500133,LightGBM
2026-01-26 00:00:00+00:00,7,175.1325,57.18578340142012,LightGBM
2026-01-26 00:00:00+00:00,8,177.9675,60.03168104391414,LightGBM
2026-01-26 00:00:00+00:00,9,178.0125,60.59764186421813,LightGBM
2026-01-26 00:00:00+00:00,10,170.3425,56.71783833817187,LightGBM
2026-01-26 00:00:00+00:00,11,156.03,56.83850823441023,LightGBM
2026-01-26 00:00:00+00:00,12,149.39499999999998,55.76498522047105,LightGBM
2026-01-26 00:00:00+00:00,13,147.78,53.6814622917414,LightGBM
2026-01-26 00:00:00+00:00,14,159.97,54.620181587632665,LightGBM
2026-01-26 00:00:00+00:00,15,166.32999999999998,54.60479151582612,LightGBM
2026-01-26 00:00:00+00:00,16,178.6975,57.13851927847205,LightGBM
2026-01-26 00:00:00+00:00,17,178.0225,65.96278648696357,LightGBM
2026-01-26 00:00:00+00:00,18,169.9725,65.92154560272382,LightGBM
2026-01-26 00:00:00+00:00,19,154.16500000000002,61.27455700922471,LightGBM
2026-01-26 00:00:00+00:00,20,137.1125,52.160553544105426,LightGBM
2026-01-26 00:00:00+00:00,21,121.5,46.506297246988076,LightGBM
2026-01-26 00:00:00+00:00,22,111.685,45.667229202575214,LightGBM
2026-01-26 00:00:00+00:00,23,118.7675,40.328000763528955,LightGBM
2026-01-27 00:00:00+00:00,0,113.7025,42.16634256818187,LightGBM
2026-01-27 00:00:00+00:00,1,112.1575,40.458349276385846,LightGBM
2026-01-27 00:00:00+00:00,2,111.4875,38.599587817716916,LightGBM
2026-01-27 00:00:00+00:00,3,110.545,35.96829382530138,LightGBM
2026-01-27 00:00:00+00:00,4,111.65,35.73349172766949,LightGBM
2026-01-27 00:00:00+00:00,5,133.61,39.36856046588686,LightGBM
2026-01-27 00:00:00+00:00,6,159.875,48.01274715226559,LightGBM
2026-01-27 00:00:00+00:00,7,176.635,64.40031188487826,LightGBM
2026-01-27 00:00:00+00:00,8,171.195,66.48539810903056,LightGBM
2026-01-27 00:00:00+00:00,9,148.45749999999998,63.52767980766404,LightGBM
2026-01-27 00:00:00+00:00,10,133.29,59.13688039422945,LightGBM
2026-01-27 00:00:00+00:00,11,123.03,57.11888492055783,LightGBM
2026-01-27 00:00:00+00:00,12,112.4875,55.52861945950463,LightGBM
2026-01-27 00:00:00+00:00,13,131.0825,51.69410386444586,LightGBM
2026-01-27 00:00:00+00:00,14,127.4475,51.14652655278656,LightGBM
2026-01-27 00:00:00+00:00,15,132.98,52.491772673813394,LightGBM
2026-01-27 00:00:00+00:00,16,152.62,53.306406492361354,LightGBM
2026-01-27 00:00:00+00:00,17,141.14,60.19382893685731,LightGBM
2026-01-27 00:00:00+00:00,18,138.8825,57.35740848162043,LightGBM
2026-01-27 00:00:00+00:00,19,121.5875,51.13444729334687,LightGBM
2026-01-27 00:00:00+00:00,20,119.3675,46.04809190387609,LightGBM
2026-01-27 00:00:00+00:00,21,120.7,39.32563783632475,LightGBM
2026-01-27 00:00:00+00:00,22,111.85,39.350658552651225,LightGBM
2026-01-27 00:00:00+00:00,23,105.475,31.14056495479473,LightGBM
2026-01-28 00:00:00+00:00,0,104.465,38.20992310507113,LightGBM
2026-01-28 00:00:00+00:00,1,104.465,36.38472797583897,LightGBM
2026-01-28 00:00:00+00:00,2,102.24,33.053115704896896,LightGBM
2026-01-28 00:00:00+00:00,3,104.7125,31.924179135635292,LightGBM
2026-01-28 00:00:00+00:00,4,106.6,30.743832099853577,LightGBM
2026-01-28 00:00:00+00:00,5,113.6975,33.87242494070363,LightGBM
2026-01-28 00:00:00+00:00,6,143.5975,45.42189299383018,LightGBM
2026-01-28 00:00:00+00:00,7,171.0025,58.12082427873014,LightGBM
2026-01-28 00:00:00+00:00,8,173.64499999999998,59.94871478876295,LightGBM
2026-01-28 00:00:00+00:00,9,172.325,59.78706484373857,LightGBM
2026-01-28 00:00:00+00:00,10,166.24,56.180873720467005,LightGBM
2026-01-28 00:00:00+00:00,11,157.0875,56.16295096622126,LightGBM
2026-01-28 00:00:00+00:00,12,147.9125,54.26424250028603,LightGBM
2026-01-28 00:00:00+00:00,13,145.035,50.62023013819567,LightGBM
2026-01-28 00:00:00+00:00,14,141.13750000000002,51.89769036947363,LightGBM
2026-01-28 00:00:00+00:00,15,147.1275,49.44978974891656,LightGBM
2026-01-28 00:00:00+00:00,16,164.2225,52.0797400441633,LightGBM
2026-01-28 00:00:00+00:00,17,170.425,59.52247299257661,LightGBM
2026-01-28 00:00:00+00:00,18,161.225,53.835285784195214,LightGBM
2026-01-28 00:00:00+00:00,19,134.265,49.09384859349413,LightGBM
2026-01-28 00:00:00+00:00,20,119.01,43.311591225476164,LightGBM
2026-01-28 00:00:00+00:00,21,117.0,37.29444670533121,LightGBM
2026-01-28 00:00:00+00:00,22,110.9575,35.57559082559883,LightGBM
2026-01-28 00:00:00+00:00,23,104.55,25.517071555600058,LightGBM
2026-01-29 00:00:00+00:00,0,104.0,38.883946409139945,LightGBM
2026-01-29 00:00:00+00:00,1,101.88,37.543212564561486,LightGBM
2026-01-29 00:00:00+00:00,2,100.0225,34.93995179796007,LightGBM
2026-01-29 00:00:00+00:00,3,100.9325,33.2987911261018,LightGBM
2026-01-29 00:00:00+00:00,4,104.6375,32.7349985731038,LightGBM
2026-01-29 00:00:00+00:00,5,116.12,36.11100226602395,LightGBM
2026-01-29 00:00:00+00:00,6,149.595,46.58718958427139,LightGBM
2026-01-29 00:00:00+00:00,7,165.6825,59.25372062487001,LightGBM
2026-01-29 00:00:00+00:00,8,168.035,60.96484368031776,LightGBM
2026-01-29 00:00:00+00:00,9,160.675,61.87615187849019,LightGBM
2026-01-29 00:00:00+00:00,10,152.7925,58.13124414397422,LightGBM
2026-01-29 00:00:00+00:00,11,143.035,57.76157233712131,LightGBM
2026-01-29 00:00:00+00:00,12,142.815,55.72781978459934,LightGBM
2026-01-29 00:00:00+00:00,13,142.9925,53.71872023511759,LightGBM
2026-01-29 00:00:00+00:00,14,147.6125,55.89227008717322,LightGBM
2026-01-29 00:00:00+00:00,15,153.1025,55.154969728213835,LightGBM
2026-01-29 00:00:00+00:00,16,159.4775,58.25122025707959,LightGBM
2026-01-29 00:00:00+00:00,17,157.24,65.60419222250894,LightGBM
2026-01-29 00:00:00+00:00,18,150.0375,61.98782066871767,LightGBM
2026-01-29 00:00:00+00:00,19,126.5575,56.38305238718713,LightGBM
2026-01-29 00:00:00+00:00,20,113.57,47.08296444103736,LightGBM
2026-01-29 00:00:00+00:00,21,109.315,41.48292221656379,LightGBM
2026-01-29 00:00:00+00:00,22,102.9775,40.51737755922902,LightGBM
2026-01-29 00:00:00+00:00,23,111.065,34.04466995397851,LightGBM
2026-01-30 00:00:00+00:00,0,103.3125,38.70369381309691,LightGBM
2026-01-30 00:00:00+00:00,1,100.8525,35.24245031058536,LightGBM
2026-01-30 00:00:00+00:00,2,97.3875,32.85257026777912,LightGBM
2026-01-30 00:00:00+00:00,3,97.3,30.589774041311966,LightGBM
2026-01-30 00:00:00+00:00,4,96.2775,28.239758987574994,LightGBM
2026-01-30 00:00:00+00:00,5,111.125,32.811772831809684,LightGBM
2026-01-30 00:00:00+00:00,6,131.7775,44.667507579867156,LightGBM
2026-01-30 00:00:00+00:00,7,143.755,55.77586775963724,LightGBM
2026-01-30 00:00:00+00:00,8,147.035,57.64185605736405,LightGBM
2026-01-30 00:00:00+00:00,9,132.63,57.72634793991527,LightGBM
2026-01-30 00:00:00+00:00,10,126.1,54.96807268512591,LightGBM
2026-01-30 00:00:00+00:00,11,118.205,52.8686067539493,LightGBM
2026-01-30 00:00:00+00:00,12,110.39,52.350030195559704,LightGBM
2026-01-30 00:00:00+00:00,13,110.3175,48.306492375365046,LightGBM
2026-01-30 00:00:00+00:00,14,111.195,49.31588746546028,LightGBM
2026-01-30 00:00:00+00:00,15,114.9375,47.3761827822272,LightGBM
2026-01-30 00:00:00+00:00,16,124.81,49.27796263435168,LightGBM
2026-01-30 00:00:00+00:00,17,122.8875,54.49052966238385,LightGBM
2026-01-30 00:00:00+00:00,18,113.0875,51.049674193317145,LightGBM
2026-01-30 00:00:00+00:00,19,108.5975,44.88963479989215,LightGBM
2026-01-30 00:00:00+00:00,20,101.6825,37.854920407306565,LightGBM
2026-01-30 00:00:00+00:00,21,101.09,33.71113740461731,LightGBM
2026-01-30 00:00:00+00:00,22,92.695,33.330545642448726,LightGBM
2026-01-30 00:00:00+00:00,23,96.9525,19.874160159618242,LightGBM
2026-01-31 00:00:00+00:00,0,97.3775,35.52342802146968,LightGBM
2026-01-31 00:00:00+00:00,1,94.5075,34.324352808520196,LightGBM
2026-01-31 00:00:00+00:00,2,94.08,30.668257081087724,LightGBM
2026-01-31 00:00:00+00:00,3,93.325,29.373043332434687,LightGBM
2026-01-31 00:00:00+00:00,4,94.0575,27.513146524367375,LightGBM
2026-01-31 00:00:00+00:00,5,93.45,31.279767786001656,LightGBM
2026-01-31 00:00:00+00:00,6,92.9025,42.54233142688407,LightGBM
2026-01-31 00:00:00+00:00,7,103.955,54.10887301099866,LightGBM
2026-01-31 00:00:00+00:00,8,109.0625,56.27178681549668,LightGBM
2026-01-31 00:00:00+00:00,9,114.215,56.34486097954514,LightGBM
2026-01-31 00:00:00+00:00,10,113.47,53.13347156187032,LightGBM
2026-01-31 00:00:00+00:00,11,111.2775,51.55642666175809,LightGBM
2026-01-31 00:00:00+00:00,12,107.39,51.943746889586066,LightGBM
2026-01-31 00:00:00+00:00,13,110.305,49.16169636666676,LightGBM
2026-01-31 00:00:00+00:00,14,113.1675,52.037526722306325,LightGBM
2026-01-31 00:00:00+00:00,15,119.3575,49.590798661433745,LightGBM
2026-01-31 00:00:00+00:00,16,134.605,53.069767422091964,LightGBM
2026-01-31 00:00:00+00:00,17,138.0375,60.33443431512972,LightGBM
2026-01-31 00:00:00+00:00,18,133.95,55.434088329086485,LightGBM
2026-01-31 00:00:00+00:00,19,125.645,52.511550979206305,LightGBM
2026-01-31 00:00:00+00:00,20,114.2075,44.81899455538344,LightGBM
2026-01-31 00:00:00+00:00,21,114.145,40.11817333244059,LightGBM
2026-01-31 00:00:00+00:00,22,105.9,37.98337742764678,LightGBM
2026-01-31 00:00:00+00:00,23,96.09,29.362829293210023,LightGBM
2026-02-01 00:00:00+00:00,0,94.0075,38.97367143392086,LightGBM
2026-02-01 00:00:00+00:00,1,98.4025,36.31159460919399,LightGBM
2026-02-01 00:00:00+00:00,2,96.0575,34.477996129335544,LightGBM
2026-02-01 00:00:00+00:00,3,98.3125,32.29253578523088,LightGBM
2026-02-01 00:00:00+00:00,4,98.2225,31.331659967803013,LightGBM
2026-02-01 00:00:00+00:00,5,96.015,34.58455104238026,LightGBM
2026-02-01 00:00:00+00:00,6,99.5,46.28201906253873,LightGBM
2026-02-01 00:00:00+00:00,7,105.255,59.98030316044727,LightGBM
2026-02-01 00:00:00+00:00,8,109.235,59.94374045064288,LightGBM
2026-02-01 00:00:00+00:00,9,109.845,60.03534477767637,LightGBM
2026-02-01 00:00:00+00:00,10,108.1575,55.57126770190823,LightGBM
2026-02-01 00:00:00+00:00,11,107.125,56.064707281624855,LightGBM
2026-02-01 00:00:00+00:00,12,100.3875,53.39824947961063,LightGBM
2026-02-01 00:00:00+00:00,13,102.235,50.31316578277558,LightGBM
2026-02-01 00:00:00+00:00,14,108.9575,53.15148358630882,LightGBM
2026-02-01 00:00:00+00:00,15,114.6675,50.09342378190295,LightGBM
2026-02-01 00:00:00+00:00,16,129.4875,54.19356222503596,LightGBM
2026-02-01 00:00:00+00:00,17,136.8425,60.54238695950443,LightGBM
2026-02-01 00:00:00+00:00,18,137.39,54.07112424738824,LightGBM
2026-02-01 00:00:00+00:00,19,125.5925,49.24370808098145,LightGBM
2026-02-01 00:00:00+00:00,20,113.8575,43.15746734021543,LightGBM
2026-02-01 00:00:00+00:00,21,113.885,37.02195925935148,LightGBM
2026-02-01 00:00:00+00:00,22,106.5525,35.30608144140737,LightGBM
2026-02-01 00:00:00+00:00,23,99.5925,23.278087888906708,LightGBM
2026-02-02 00:00:00+00:00,0,97.9925,35.60914788952589,LightGBM
2026-02-02 00:00:00+00:00,1,95.0925,33.58767521752307,LightGBM
2026-02-02 00:00:00+00:00,2,91.0,29.509399189118593,LightGBM
2026-02-02 00:00:00+00:00,3,91.7325,28.475426188404054,LightGBM
2026-02-02 00:00:00+00:00,4,94.7225,26.2057082023899,LightGBM
2026-02-02 00:00:00+00:00,5,106.575,30.658357516249037,LightGBM
2026-02-02 00:00:00+00:00,6,122.885,41.80939131210893,LightGBM
2026-02-02 00:00:00+00:00,7,136.8675,52.824034501189956,LightGBM
2026-02-02 00:00:00+00:00,8,140.155,54.45136509916334,LightGBM
2026-02-02 00:00:00+00:00,9,124.54,54.393231628897105,LightGBM
2026-02-02 00:00:00+00:00,10,114.6675,50.15533271318747,LightGBM
2026-02-02 00:00:00+00:00,11,109.2125,45.70935772023194,LightGBM
2026-02-02 00:00:00+00:00,12,104.0,42.2091078866012,LightGBM
2026-02-02 00:00:00+00:00,13,102.9025,39.1221088257226,LightGBM
2026-02-02 00:00:00+00:00,14,105.0775,43.574090783628904,LightGBM
2026-02-02 00:00:00+00:00,15,109.7775,43.1585443062238,LightGBM
2026-02-02 00:00:00+00:00,16,118.1975,44.58036450304075,LightGBM
2026-02-02 00:00:00+00:00,17,118.9675,51.33512757766651,LightGBM
2026-02-02 00:00:00+00:00,18,105.0,49.82671452847268,LightGBM
2026-02-02 00:00:00+00:00,19,102.255,44.681037700627705,LightGBM
2026-02-02 00:00:00+00:00,20,102.015,37.54633468785722,LightGBM
2026-02-02 00:00:00+00:00,21,101.2275,33.61750569417558,LightGBM
2026-02-02 00:00:00+00:00,22,91.385,34.31855152597435,LightGBM
2026-02-02 00:00:00+00:00,23,91.7175,21.309249233042564,LightGBM
2026-02-03 00:00:00+00:00,0,89.36500000000001,34.90646667440007,LightGBM
2026-02-03 00:00:00+00:00,1,84.0075,33.02001883797236,LightGBM
2026-02-03 00:00:00+00:00,2,79.9375,29.033059289262017,LightGBM
2026-02-03 00:00:00+00:00,3,76.84,28.228077869045624,LightGBM
2026-02-03 00:00:00+00:00,4,82.16,26.70463675953051,LightGBM
2026-02-03 00:00:00+00:00,5,91.16,30.823997642732536,LightGBM
2026-02-03 00:00:00+00:00,6,97.6925,42.74533510259094,LightGBM
2026-02-03 00:00:00+00:00,7,106.2725,53.700072633296834,LightGBM
2026-02-03 00:00:00+00:00,8,108.225,55.28892908194976,LightGBM
2026-02-03 00:00:00+00:00,9,99.94,55.150370575487145,LightGBM
2026-02-03 00:00:00+00:00,10,90.83,50.70825629181507,LightGBM
2026-02-03 00:00:00+00:00,11,87.94749999999999,46.03071714449202,LightGBM
2026-02-03 00:00:00+00:00,12,89.905,42.178232327053564,LightGBM
2026-02-03 00:00:00+00:00,13,93.1525,38.72812774228657,LightGBM
2026-02-03 00:00:00+00:00,14,100.41,44.018020169759524,LightGBM
2026-02-03 00:00:00+00:00,15,106.615,44.34377945355888,LightGBM
2026-02-03 00:00:00+00:00,16,125.7725,46.71900971053262,LightGBM
2026-02-03 00:00:00+00:00,17,126.3475,52.35350393444501,LightGBM
2026-02-03 00:00:00+00:00,18,123.2275,50.86312887919895,LightGBM
2026-02-03 00:00:00+00:00,19,112.9,44.848981856884194,LightGBM
2026-02-03 00:00:00+00:00,20,103.2925,37.3072140920378,LightGBM
2026-02-03 00:00:00+00:00,21,100.895,33.78632873963355,LightGBM
2026-02-03 00:00:00+00:00,22,94.8125,33.72721549010936,LightGBM
2026-02-03 00:00:00+00:00,23,95.0025,21.24207137253642,LightGBM
2026-02-04 00:00:00+00:00,0,92.7875,36.43119710684629,LightGBM
2026-02-04 00:00:00+00:00,1,92.9625,34.04006887903231,LightGBM
2026-02-04 00:00:00+00:00,2,94.6225,31.581332810308815,LightGBM
2026-02-04 00:00:00+00:00,3,93.9575,30.237710480103907,LightGBM
2026-02-04 00:00:00+00:00,4,96.585,29.117543730502323,LightGBM
2026-02-04 00:00:00+00:00,5,105.285,33.29868189220533,LightGBM
2026-02-04 00:00:00+00:00,6,122.935,45.95352178211101,LightGBM
2026-02-04 00:00:00+00:00,7,131.605,56.49282174268019,LightGBM
2026-02-04 00:00:00+00:00,8,122.6725,58.16564069687442,LightGBM
2026-02-04 00:00:00+00:00,9,110.0,57.57334854067139,LightGBM
2026-02-04 00:00:00+00:00,10,98.7075,53.283498038015935,LightGBM
2026-02-04 00:00:00+00:00,11,91.915,51.96406516782252,LightGBM
2026-02-04 00:00:00+00:00,12,91.3825,52.160566227891636,LightGBM
2026-02-04 00:00:00+00:00,13,96.0775,49.0283080145043,LightGBM
2026-02-04 00:00:00+00:00,14,102.875,51.069565577496725,LightGBM
2026-02-04 00:00:00+00:00,15,114.185,48.78011935552567,LightGBM
2026-02-04 00:00:00+00:00,16,124.6175,51.03718112615685,LightGBM
2026-02-04 00:00:00+00:00,17,117.04,56.85502784014718,LightGBM
2026-02-04 00:00:00+00:00,18,104.52,52.11717886314005,LightGBM
2026-02-04 00:00:00+00:00,19,96.2875,45.638156525166025,LightGBM
2026-02-04 00:00:00+00:00,20,94.7525,37.99824603154518,LightGBM
2026-02-04 00:00:00+00:00,21,93.8225,34.261459375529746,LightGBM
2026-02-04 00:00:00+00:00,22,86.3075,33.78873829524018,LightGBM
2026-02-04 00:00:00+00:00,23,90.3025,21.63059382672959,LightGBM
2026-02-05 00:00:00+00:00,0,88.4375,38.2295164338724,LightGBM
2026-02-05 00:00:00+00:00,1,87.4325,36.04136820649634,LightGBM
2026-02-05 00:00:00+00:00,2,87.795,33.35459128862199,LightGBM
2026-02-05 00:00:00+00:00,3,89.565,31.90548423558583,LightGBM
2026-02-05 00:00:00+00:00,4,91.51,30.66797986103588,LightGBM
2026-02-05 00:00:00+00:00,5,102.845,35.55037705549064,LightGBM
2026-02-05 00:00:00+00:00,6,113.32,46.965289209985926,LightGBM
2026-02-05 00:00:00+00:00,7,125.365,57.94442746146692,LightGBM
2026-02-05 00:00:00+00:00,8,121.52,60.71375474164284,LightGBM
2026-02-05 00:00:00+00:00,9,118.1925,61.03739415515866,LightGBM
2026-02-05 00:00:00+00:00,10,121.0675,56.94391854306392,LightGBM
2026-02-05 00:00:00+00:00,11,108.2525,56.50820674230311,LightGBM
2026-02-05 00:00:00+00:00,12,109.7575,54.18513581417028,LightGBM
2026-02-05 00:00:00+00:00,13,110.1025,53.00923444509783,LightGBM
2026-02-05 00:00:00+00:00,14,116.98,56.64812853052276,LightGBM
2026-02-05 00:00:00+00:00,15,126.0,55.4475887991211,LightGBM
2026-02-05 00:00:00+00:00,16,140.5,59.19786924809427,LightGBM
2026-02-05 00:00:00+00:00,17,136.64499999999998,67.66426626494233,LightGBM
2026-02-05 00:00:00+00:00,18,132.9075,65.1378190452445,LightGBM
2026-02-05 00:00:00+00:00,19,120.81,59.712161576639176,LightGBM
2026-02-05 00:00:00+00:00,20,107.7825,50.743164173976865,LightGBM
2026-02-05 00:00:00+00:00,21,105.88,45.85852725713367,LightGBM
2026-02-05 00:00:00+00:00,22,100.0375,44.20499938375916,LightGBM
2026-02-05 00:00:00+00:00,23,99.31,38.07360058774664,LightGBM
2026-02-06 00:00:00+00:00,0,99.1275,43.56151666597954,LightGBM
2026-02-06 00:00:00+00:00,1,98.0875,41.390309161388494,LightGBM
2026-02-06 00:00:00+00:00,2,98.2275,38.114513611708794,LightGBM
2026-02-06 00:00:00+00:00,3,98.7425,36.85758331566562,LightGBM
2026-02-06 00:00:00+00:00,4,102.3325,37.430588538919025,LightGBM
2026-02-06 00:00:00+00:00,5,115.4225,40.4985965579994,LightGBM
2026-02-06 00:00:00+00:00,6,139.4625,49.01034551188694,LightGBM
2026-02-06 00:00:00+00:00,7,144.74,66.58469463368209,LightGBM
2026-02-06 00:00:00+00:00,8,144.2025,68.10048841966804,LightGBM
2026-02-06 00:00:00+00:00,9,142.0925,67.62896009642188,LightGBM
2026-02-06 00:00:00+00:00,10,138.91,64.19004711454089,LightGBM
2026-02-06 00:00:00+00:00,11,136.21,62.94514298998006,LightGBM
2026-02-06 00:00:00+00:00,12,135.89249999999998,62.67044747337365,LightGBM
2026-02-06 00:00:00+00:00,13,135.66750000000002,61.16112279380775,LightGBM
2026-02-06 00:00:00+00:00,14,139.4725,61.40513843542721,LightGBM
2026-02-06 00:00:00+00:00,15,133.9625,62.3629507598779,LightGBM
2026-02-06 00:00:00+00:00,16,137.1875,62.78768637921371,LightGBM
2026-02-06 00:00:00+00:00,17,132.19,70.5815984993042,LightGBM
2026-02-06 00:00:00+00:00,18,125.6275,68.69364034047062,LightGBM
2026-02-06 00:00:00+00:00,19,110.9825,64.43227797934638,LightGBM
2026-02-06 00:00:00+00:00,20,108.85,53.97323525062788,LightGBM
2026-02-06 00:00:00+00:00,21,106.2625,47.156345773453396,LightGBM
2026-02-06 00:00:00+00:00,22,102.2375,45.937393894633544,LightGBM
2026-02-06 00:00:00+00:00,23,101.4925,41.029923421985686,LightGBM
2026-02-07 00:00:00+00:00,0,100.0,43.90009683125361,LightGBM
2026-02-07 00:00:00+00:00,1,98.0425,41.530974939081446,LightGBM
2026-02-07 00:00:00+00:00,2,96.885,39.10761972296656,LightGBM
2026-02-07 00:00:00+00:00,3,96.395,37.8542650008016,LightGBM
2026-02-07 00:00:00+00:00,4,96.725,37.70685811359881,LightGBM
2026-02-07 00:00:00+00:00,5,97.095,40.78833096440483,LightGBM
2026-02-07 00:00:00+00:00,6,105.5475,49.97591145736577,LightGBM
2026-02-07 00:00:00+00:00,7,114.08,68.22894946874129,LightGBM
2026-02-07 00:00:00+00:00,8,117.975,70.77570392648495,LightGBM
2026-02-07 00:00:00+00:00,9,110.0625,70.22840389637778,LightGBM
2026-02-07 00:00:00+00:00,10,104.5325,65.7559280545288,LightGBM
2026-02-07 00:00:00+00:00,11,100.1175,65.01163517216366,LightGBM
2026-02-07 00:00:00+00:00,12,97.3875,65.46221099386004,LightGBM
2026-02-07 00:00:00+00:00,13,99.9275,62.29851155950452,LightGBM
2026-02-07 00:00:00+00:00,14,106.3325,64.34959364824768,LightGBM
2026-02-07 00:00:00+00:00,15,120.29,66.09017865392548,LightGBM
2026-02-07 00:00:00+00:00,16,134.03750000000002,66.93692999965333,LightGBM
2026-02-07 00:00:00+00:00,17,135.33249999999998,76.30610981883396,LightGBM
2026-02-07 00:00:00+00:00,18,127.4975,74.14653094791156,LightGBM
2026-02-07 00:00:00+00:00,19,113.395,67.55330727744935,LightGBM
2026-02-07 00:00:00+00:00,20,104.39,56.38629295033866,LightGBM
2026-02-07 00:00:00+00:00,21,104.0725,47.62214947913331,LightGBM
2026-02-07 00:00:00+00:00,22,98.76,46.10716133705539,LightGBM
2026-02-07 00:00:00+00:00,23,102.035,40.52292412183847,LightGBM
2026-02-08 00:00:00+00:00,0,99.045,43.345568814249795,LightGBM
2026-02-08 00:00:00+00:00,1,97.5675,41.16100802205471,LightGBM
2026-02-08 00:00:00+00:00,2,96.425,38.18589208693188,LightGBM
2026-02-08 00:00:00+00:00,3,94.86,36.28813967684896,LightGBM
2026-02-08 00:00:00+00:00,4,95.75,36.85191556602958,LightGBM
2026-02-08 00:00:00+00:00,5,95.0,39.364531059396,LightGBM
2026-02-08 00:00:00+00:00,6,95.805,47.24800475919017,LightGBM
2026-02-08 00:00:00+00:00,7,100.3475,65.56379903660698,LightGBM
2026-02-08 00:00:00+00:00,8,101.9875,66.2211154478083,LightGBM
2026-02-08 00:00:00+00:00,9,102.645,63.99997342501566,LightGBM
2026-02-08 00:00:00+00:00,10,99.6,58.888428004068714,LightGBM
2026-02-08 00:00:00+00:00,11,96.5725,59.049740242522134,LightGBM
2026-02-08 00:00:00+00:00,12,95.45,59.6832539208031,LightGBM
2026-02-08 00:00:00+00:00,13,97.22,56.08602636844232,LightGBM
2026-02-08 00:00:00+00:00,14,103.3225,57.42715621658883,LightGBM
2026-02-08 00:00:00+00:00,15,111.785,57.94731800731515,LightGBM
2026-02-08 00:00:00+00:00,16,127.6325,61.8614019070291,LightGBM
2026-02-08 00:00:00+00:00,17,131.26749999999998,69.39814973644376,LightGBM
2026-02-08 00:00:00+00:00,18,126.9075,67.42972007769374,LightGBM
2026-02-08 00:00:00+00:00,19,113.2825,61.66137745181887,LightGBM
2026-02-08 00:00:00+00:00,20,107.6275,53.18528446628526,LightGBM
2026-02-08 00:00:00+00:00,21,105.14,46.62663841158056,LightGBM
2026-02-08 00:00:00+00:00,22,99.9825,45.032148593174384,LightGBM
2026-02-08 00:00:00+00:00,23,96.745,40.41909770487849,LightGBM
2026-02-09 00:00:00+00:00,0,95.4525,43.7210196833276,LightGBM
2026-02-09 00:00:00+00:00,1,95.7025,41.68536059377881,LightGBM
2026-02-09 00:00:00+00:00,2,95.4675,39.20503574523922,LightGBM
2026-02-09 00:00:00+00:00,3,96.565,37.560613070764916,LightGBM
2026-02-09 00:00:00+00:00,4,104.735,37.97155597401058,LightGBM
2026-02-09 00:00:00+00:00,5,132.235,40.325176331902725,LightGBM
2026-02-09 00:00:00+00:00,6,158.595,50.21836197805238,LightGBM
2026-02-09 00:00:00+00:00,7,182.71,67.2789602181028,LightGBM
2026-02-09 00:00:00+00:00,8,169.2075,69.8287514063635,LightGBM
2026-02-09 00:00:00+00:00,9,157.29,67.94513645463067,LightGBM
2026-02-09 00:00:00+00:00,10,144.38,64.2508129285168,LightGBM
2026-02-09 00:00:00+00:00,11,137.0725,63.81228195953498,LightGBM
2026-02-09 00:00:00+00:00,12,135.025,63.92288879825885,LightGBM
2026-02-09 00:00:00+00:00,13,137.6575,61.160607621153105,LightGBM
2026-02-09 00:00:00+00:00,14,149.0775,62.77073402104692,LightGBM
2026-02-09 00:00:00+00:00,15,168.9825,65.88337086909564,LightGBM
2026-02-09 00:00:00+00:00,16,227.2125,66.49334611882396,LightGBM
2026-02-09 00:00:00+00:00,17,182.225,76.71494776012591,LightGBM
2026-02-09 00:00:00+00:00,18,165.81,72.80200998495813,LightGBM
2026-02-09 00:00:00+00:00,19,144.1275,66.22323289851384,LightGBM
2026-02-09 00:00:00+00:00,20,134.6,56.10079694182431,LightGBM
2026-02-09 00:00:00+00:00,21,122.895,47.86320458518772,LightGBM
2026-02-09 00:00:00+00:00,22,108.9225,46.76111616651573,LightGBM
2026-02-09 00:00:00+00:00,23,104.6425,40.598737692509786,LightGBM
2026-02-10 00:00:00+00:00,0,103.745,42.49761052074238,LightGBM
2026-02-10 00:00:00+00:00,1,102.7475,39.859831131250026,LightGBM
2026-02-10 00:00:00+00:00,2,102.435,37.0372884211798,LightGBM
2026-02-10 00:00:00+00:00,3,102.435,35.08695021658054,LightGBM
2026-02-10 00:00:00+00:00,4,105.4275,34.48082982956774,LightGBM
2026-02-10 00:00:00+00:00,5,119.9175,38.342131502953094,LightGBM
2026-02-10 00:00:00+00:00,6,134.89,47.22520926500248,LightGBM
2026-02-10 00:00:00+00:00,7,143.8275,64.31787375575448,LightGBM
2026-02-10 00:00:00+00:00,8,132.08249999999998,65.92013703506916,LightGBM
2026-02-10 00:00:00+00:00,9,129.0875,61.18426904850557,LightGBM
2026-02-10 00:00:00+00:00,10,119.4425,58.031607237610075,LightGBM
2026-02-10 00:00:00+00:00,11,109.2225,56.67736929702083,LightGBM
2026-02-10 00:00:00+00:00,12,109.47,56.05611551717465,LightGBM
2026-02-10 00:00:00+00:00,13,116.2225,52.65507342669317,LightGBM
2026-02-10 00:00:00+00:00,14,128.115,55.06242963033832,LightGBM
2026-02-10 00:00:00+00:00,15,127.6625,55.619443348054226,LightGBM
2026-02-10 00:00:00+00:00,16,135.2425,59.482454134682754,LightGBM
2026-02-10 00:00:00+00:00,17,131.7125,66.34739004989231,LightGBM
2026-02-10 00:00:00+00:00,18,120.3275,63.210475542213906,LightGBM
2026-02-10 00:00:00+00:00,19,111.2525,55.77081693264301,LightGBM
2026-02-10 00:00:00+00:00,20,107.1575,48.301751355152646,LightGBM
2026-02-10 00:00:00+00:00,21,106.69,42.91470653203957,LightGBM
2026-02-10 00:00:00+00:00,22,100.5275,42.08665068686499,LightGBM
2026-02-10 00:00:00+00:00,23,96.7825,35.61979003253637,LightGBM
2026-02-11 00:00:00+00:00,0,96.63,40.330810309235204,LightGBM
2026-02-11 00:00:00+00:00,1,95.605,37.240990244841804,LightGBM
2026-02-11 00:00:00+00:00,2,94.68,34.07679627178935,LightGBM
2026-02-11 00:00:00+00:00,3,94.845,31.97527961650692,LightGBM
2026-02-11 00:00:00+00:00,4,99.1425,32.518573052894965,LightGBM
2026-02-11 00:00:00+00:00,5,110.4775,36.19159982856605,LightGBM
2026-02-11 00:00:00+00:00,6,129.0,46.28026876744938,LightGBM
2026-02-11 00:00:00+00:00,7,137.0675,60.525613585589625,LightGBM
2026-02-11 00:00:00+00:00,8,131.4375,62.41087137826711,LightGBM
2026-02-11 00:00:00+00:00,9,127.5,60.61416004519466,LightGBM
2026-02-11 00:00:00+00:00,10,125.94,57.43618705627797,LightGBM
2026-02-11 00:00:00+00:00,11,115.8625,56.43922921849071,LightGBM
2026-02-11 00:00:00+00:00,12,116.7,55.4227472307141,LightGBM
2026-02-11 00:00:00+00:00,13,116.7,51.9338664743012,LightGBM
2026-02-11 00:00:00+00:00,14,118.185,53.60665474355561,LightGBM
2026-02-11 00:00:00+00:00,15,122.315,53.86069862941445,LightGBM
2026-02-11 00:00:00+00:00,16,127.9,57.09616185310986,LightGBM
2026-02-11 00:00:00+00:00,17,125.465,63.972911992357275,LightGBM
2026-02-11 00:00:00+00:00,18,112.02,58.706024085975876,LightGBM
2026-02-11 00:00:00+00:00,19,104.9275,52.362795265533585,LightGBM
2026-02-11 00:00:00+00:00,20,104.38,44.63481587241102,LightGBM
2026-02-11 00:00:00+00:00,21,101.9975,38.51894857531928,LightGBM
2026-02-11 00:00:00+00:00,22,95.3075,37.017680289106046,LightGBM
2026-02-11 00:00:00+00:00,23,88.1925,25.946212812310474,LightGBM
2026-02-12 00:00:00+00:00,0,87.58,37.92177725050869,LightGBM
2026-02-12 00:00:00+00:00,1,86.2025,35.07231079648987,LightGBM
2026-02-12 00:00:00+00:00,2,84.8925,32.65091488759136,LightGBM
2026-02-12 00:00:00+00:00,3,86.0125,30.926354170977444,LightGBM
2026-02-12 00:00:00+00:00,4,89.43,29.524728018873112,LightGBM
2026-02-12 00:00:00+00:00,5,99.8625,33.79068852142979,LightGBM
2026-02-12 00:00:00+00:00,6,116.0075,46.01429502316142,LightGBM
2026-02-12 00:00:00+00:00,7,123.0725,55.770527104545195,LightGBM
2026-02-12 00:00:00+00:00,8,121.205,58.245497239076464,LightGBM
2026-02-12 00:00:00+00:00,9,117.52,59.049723319915685,LightGBM
2026-02-12 00:00:00+00:00,10,111.1525,55.65837141322534,LightGBM
2026-02-12 00:00:00+00:00,11,105.515,55.15708983769143,LightGBM
2026-02-12 00:00:00+00:00,12,103.555,53.496482848176946,LightGBM
2026-02-12 00:00:00+00:00,13,105.2125,50.68166473656801,LightGBM
2026-02-12 00:00:00+00:00,14,107.98,52.538371562292824,LightGBM
2026-02-12 00:00:00+00:00,15,110.785,52.26724253298466,LightGBM
2026-02-12 00:00:00+00:00,16,123.05,54.44208936999471,LightGBM
2026-02-12 00:00:00+00:00,17,125.6625,62.47334033854066,LightGBM
2026-02-12 00:00:00+00:00,18,120.8725,55.75091056707695,LightGBM
2026-02-12 00:00:00+00:00,19,109.1025,50.186256052662785,LightGBM
2026-02-12 00:00:00+00:00,20,99.6925,42.88605618148931,LightGBM
2026-02-12 00:00:00+00:00,21,97.175,37.264594476302506,LightGBM
2026-02-12 00:00:00+00:00,22,89.33250000000001,36.58278208618392,LightGBM
2026-02-12 00:00:00+00:00,23,83.8575,21.814384896828376,LightGBM
2026-02-13 00:00:00+00:00,0,83.66,37.44598026554223,LightGBM
2026-02-13 00:00:00+00:00,1,82.2175,35.63795338588661,LightGBM
2026-02-13 00:00:00+00:00,2,81.855,29.921978800257378,LightGBM
2026-02-13 00:00:00+00:00,3,83.35,31.698080672860645,LightGBM
2026-02-13 00:00:00+00:00,4,87.1875,30.353207714076174,LightGBM
2026-02-13 00:00:00+00:00,5,98.7275,35.21495254359614,LightGBM
2026-02-13 00:00:00+00:00,6,117.7275,45.794069865143356,LightGBM
2026-02-13 00:00:00+00:00,7,123.85,56.62919560061394,LightGBM
2026-02-13 00:00:00+00:00,8,119.15,59.14569546629014,LightGBM
2026-02-13 00:00:00+00:00,9,106.3925,59.694477446265125,LightGBM
2026-02-13 00:00:00+00:00,10,101.03,55.805344590257086,LightGBM
2026-02-13 00:00:00+00:00,11,97.3,56.10312663094519,LightGBM
2026-02-13 00:00:00+00:00,12,97.495,55.42207435065862,LightGBM
2026-02-13 00:00:00+00:00,13,102.09,55.739891578573165,LightGBM
2026-02-13 00:00:00+00:00,14,118.0975,59.135533181928004,LightGBM
2026-02-13 00:00:00+00:00,15,125.905,60.618281418324045,LightGBM
2026-02-13 00:00:00+00:00,16,131.985,63.93058648325827,LightGBM
2026-02-13 00:00:00+00:00,17,136.02249999999998,75.62467175755101,LightGBM
2026-02-13 00:00:00+00:00,18,131.89249999999998,71.47913204190277,LightGBM
2026-02-13 00:00:00+00:00,19,126.0,66.20685065078635,LightGBM
2026-02-13 00:00:00+00:00,20,117.58,55.24730216706047,LightGBM
2026-02-13 00:00:00+00:00,21,109.9475,48.28294606349809,LightGBM
2026-02-13 00:00:00+00:00,22,100.8575,47.624447905480466,LightGBM
2026-02-13 00:00:00+00:00,23,96.9925,40.997322018422594,LightGBM
2026-02-14 00:00:00+00:00,0,91.83,43.657934658946374,LightGBM
2026-02-14 00:00:00+00:00,1,89.09,41.70501588532657,LightGBM
2026-02-14 00:00:00+00:00,2,88.6725,38.842096614704396,LightGBM
2026-02-14 00:00:00+00:00,3,87.5075,37.26096584750395,LightGBM
2026-02-14 00:00:00+00:00,4,88.75,37.402589413202165,LightGBM
2026-02-14 00:00:00+00:00,5,90.2175,40.44459975591598,LightGBM
2026-02-14 00:00:00+00:00,6,93.1175,48.156057418470226,LightGBM
2026-02-14 00:00:00+00:00,7,101.8325,66.67617295082938,LightGBM
2026-02-14 00:00:00+00:00,8,107.49,67.38515426515076,LightGBM
2026-02-14 00:00:00+00:00,9,103.97,66.1930470908998,LightGBM
2026-02-14 00:00:00+00:00,10,98.1625,62.74319144233663,LightGBM
2026-02-14 00:00:00+00:00,11,95.16,60.463937941543485,LightGBM
2026-02-14 00:00:00+00:00,12,93.9725,63.140455186185,LightGBM
2026-02-14 00:00:00+00:00,13,97.1125,61.860830342678845,LightGBM
2026-02-14 00:00:00+00:00,14,104.9525,62.87615068981814,LightGBM
2026-02-14 00:00:00+00:00,15,116.8875,64.71331620541496,LightGBM
2026-02-14 00:00:00+00:00,16,126.1,65.10422598688032,LightGBM
2026-02-14 00:00:00+00:00,17,131.9275,78.89789732664386,LightGBM
2026-02-14 00:00:00+00:00,18,128.72,74.20449174220653,LightGBM
2026-02-14 00:00:00+00:00,19,123.1925,69.45593080057098,LightGBM
2026-02-14 00:00:00+00:00,20,116.98,59.739056500755325,LightGBM
2026-02-14 00:00:00+00:00,21,111.2025,49.966161936188996,LightGBM
2026-02-14 00:00:00+00:00,22,101.1,48.35797487783796,LightGBM
2026-02-14 00:00:00+00:00,23,101.7775,41.459046207013785,LightGBM
2026-02-15 00:00:00+00:00,0,99.9475,42.81974899817929,LightGBM
2026-02-15 00:00:00+00:00,1,100.755,39.21401246133596,LightGBM
2026-02-15 00:00:00+00:00,2,98.025,37.419878322193036,LightGBM
2026-02-15 00:00:00+00:00,3,96.52,33.766905655458764,LightGBM
2026-02-15 00:00:00+00:00,4,94.355,32.280161346181124,LightGBM
2026-02-15 00:00:00+00:00,5,94.1675,36.38831987615041,LightGBM
2026-02-15 00:00:00+00:00,6,96.115,46.21920556382448,LightGBM
2026-02-15 00:00:00+00:00,7,96.8,63.16141112863525,LightGBM
2026-02-15 00:00:00+00:00,8,93.065,63.098714282674685,LightGBM
2026-02-15 00:00:00+00:00,9,83.0175,57.49550859214455,LightGBM
2026-02-15 00:00:00+00:00,10,74.7225,53.31244671893594,LightGBM
2026-02-15 00:00:00+00:00,11,67.37,49.98038429952748,LightGBM
2026-02-15 00:00:00+00:00,12,64.4075,51.61641482935142,LightGBM
2026-02-15 00:00:00+00:00,13,64.4225,45.45849961207683,LightGBM
2026-02-15 00:00:00+00:00,14,71.9525,49.52168320276763,LightGBM
2026-02-15 00:00:00+00:00,15,84.205,46.06002453274033,LightGBM
2026-02-15 00:00:00+00:00,16,96.385,48.81623316605915,LightGBM
2026-02-15 00:00:00+00:00,17,98.2025,53.01636801778807,LightGBM
2026-02-15 00:00:00+00:00,18,83.6125,48.60505475463358,LightGBM
2026-02-15 00:00:00+00:00,19,71.0025,43.70747618117355,LightGBM
2026-02-15 00:00:00+00:00,20,67.2625,38.00773314788732,LightGBM
2026-02-15 00:00:00+00:00,21,65.61500000000001,32.51908014165178,LightGBM
2026-02-15 00:00:00+00:00,22,58.04,33.054778208737005,LightGBM
2026-02-15 00:00:00+00:00,23,68.93,19.561529846140267,LightGBM
2026-02-16 00:00:00+00:00,0,65.375,34.106463592764115,LightGBM
2026-02-16 00:00:00+00:00,1,64.41,33.0607538501046,LightGBM
2026-02-16 00:00:00+00:00,2,64.4125,28.42279583141272,LightGBM
2026-02-16 00:00:00+00:00,3,66.0525,28.563364007109975,LightGBM
2026-02-16 00:00:00+00:00,4,69.985,26.384777982835157,LightGBM
2026-02-16 00:00:00+00:00,5,79.3275,31.007775959536986,LightGBM
2026-02-16 00:00:00+00:00,6,94.0725,43.13238441825743,LightGBM
2026-02-16 00:00:00+00:00,7,101.0325,54.027732656171665,LightGBM
2026-02-16 00:00:00+00:00,8,104.425,56.940644102881535,LightGBM
2026-02-16 00:00:00+00:00,9,101.54,54.75879335332815,LightGBM
2026-02-16 00:00:00+00:00,10,94.86,51.00336518693405,LightGBM
2026-02-16 00:00:00+00:00,11,92.0025,48.59019003243904,LightGBM
2026-02-16 00:00:00+00:00,12,94.4025,49.87852851118166,LightGBM
2026-02-16 00:00:00+00:00,13,96.0125,45.859400690869606,LightGBM
2026-02-16 00:00:00+00:00,14,104.075,51.49832411277836,LightGBM
2026-02-16 00:00:00+00:00,15,115.3025,52.38814915946624,LightGBM
2026-02-16 00:00:00+00:00,16,130.355,55.22460231727813,LightGBM
2026-02-16 00:00:00+00:00,17,129.1175,62.40764112205682,LightGBM
2026-02-16 00:00:00+00:00,18,126.355,59.34069478243821,LightGBM
2026-02-16 00:00:00+00:00,19,115.6325,54.496235240449586,LightGBM
2026-02-16 00:00:00+00:00,20,103.8975,47.52984476777889,LightGBM
2026-02-16 00:00:00+00:00,21,101.92,41.85971591551073,LightGBM
2026-02-16 00:00:00+00:00,22,92.755,42.01271231728656,LightGBM
2026-02-16 00:00:00+00:00,23,87.02000000000001,35.38417281944531,LightGBM
2026-02-17 00:00:00+00:00,0,85.105,40.735412277536824,LightGBM
2026-02-17 00:00:00+00:00,1,84.78,37.169224722042074,LightGBM
2026-02-17 00:00:00+00:00,2,85.65,35.18698400199569,LightGBM
2026-02-17 00:00:00+00:00,3,84.8175,32.7406844819403,LightGBM
2026-02-17 00:00:00+00:00,4,88.8425,33.128230299042094,LightGBM
2026-02-17 00:00:00+00:00,5,102.7225,36.94273811434948,LightGBM
2026-02-17 00:00:00+00:00,6,114.3275,47.501534994511324,LightGBM
2026-02-17 00:00:00+00:00,7,114.855,62.03343854555821,LightGBM
2026-02-17 00:00:00+00:00,8,110.8375,63.04016363530069,LightGBM
2026-02-17 00:00:00+00:00,9,102.4,60.74724284427132,LightGBM
2026-02-17 00:00:00+00:00,10,93.055,56.70478767190864,LightGBM
2026-02-17 00:00:00+00:00,11,83.94,55.701748554122375,LightGBM
2026-02-17 00:00:00+00:00,12,82.2925,53.53124097246178,LightGBM
2026-02-17 00:00:00+00:00,13,82.4175,50.36227444741631,LightGBM
2026-02-17 00:00:00+00:00,14,86.3775,52.89107442702989,LightGBM
2026-02-17 00:00:00+00:00,15,94.0825,52.31337551503751,LightGBM
2026-02-17 00:00:00+00:00,16,110.805,55.70675557453506,LightGBM
2026-02-17 00:00:00+00:00,17,126.975,63.21420198603771,LightGBM
2026-02-17 00:00:00+00:00,18,126.6,58.468525218382744,LightGBM
2026-02-17 00:00:00+00:00,19,111.2275,52.44688570562983,LightGBM
2026-02-17 00:00:00+00:00,20,99.9525,45.129326053917325,LightGBM
2026-02-17 00:00:00+00:00,21,93.225,39.49562162155373,LightGBM
2026-02-17 00:00:00+00:00,22,89.61,39.592432805741346,LightGBM
2026-02-17 00:00:00+00:00,23,95.63,30.436368682875134,LightGBM
2026-02-18 00:00:00+00:00,0,93.5625,43.322250444920776,LightGBM
2026-02-18 00:00:00+00:00,1,93.2925,40.79424726226848,LightGBM
2026-02-18 00:00:00+00:00,2,92.675,38.66919130334218,LightGBM
2026-02-18 00:00:00+00:00,3,93.4175,38.143248120355125,LightGBM
2026-02-18 00:00:00+00:00,4,101.1975,38.14534863285775,LightGBM
2026-02-18 00:00:00+00:00,5,122.5125,40.766210743744416,LightGBM
2026-02-18 00:00:00+00:00,6,175.6875,52.37578808794194,LightGBM
2026-02-18 00:00:00+00:00,7,186.0925,68.88945770026852,LightGBM
2026-02-18 00:00:00+00:00,8,135.64249999999998,70.7669001206317,LightGBM
2026-02-18 00:00:00+00:00,9,115.88,69.24574703591664,LightGBM
2026-02-18 00:00:00+00:00,10,106.2225,65.45726791461627,LightGBM
2026-02-18 00:00:00+00:00,11,101.3325,63.62096465735877,LightGBM
2026-02-18 00:00:00+00:00,12,100.5025,62.01904932903074,LightGBM
2026-02-18 00:00:00+00:00,13,103.6425,60.662481396562065,LightGBM
2026-02-18 00:00:00+00:00,14,114.09,61.51059539346992,LightGBM
2026-02-18 00:00:00+00:00,15,122.0825,62.44260658430012,LightGBM
2026-02-18 00:00:00+00:00,16,140.405,63.368993895231526,LightGBM
2026-02-18 00:00:00+00:00,17,142.5975,68.38490637136009,LightGBM
2026-02-18 00:00:00+00:00,18,119.8425,63.41131961805335,LightGBM
2026-02-18 00:00:00+00:00,19,102.67,55.79616504085753,LightGBM
2026-02-18 00:00:00+00:00,20,96.14,46.59408579700725,LightGBM
2026-02-18 00:00:00+00:00,21,95.0975,39.855973249407434,LightGBM
2026-02-18 00:00:00+00:00,22,89.465,38.85693196207843,LightGBM
2026-02-18 00:00:00+00:00,23,83.775,25.70921454988024,LightGBM
2026-02-19 00:00:00+00:00,0,81.85,35.406800111571144,LightGBM
2026-02-19 00:00:00+00:00,1,81.93,33.005318579768975,LightGBM
2026-02-19 00:00:00+00:00,2,81.45,27.567019678360268,LightGBM
2026-02-19 00:00:00+00:00,3,77.655,26.54844183340204,LightGBM
2026-02-19 00:00:00+00:00,4,84.15,25.90287196729225,LightGBM
2026-02-19 00:00:00+00:00,5,87.11250000000001,29.77794883198115,LightGBM
2026-02-19 00:00:00+00:00,6,89.2375,41.55079539032323,LightGBM
2026-02-19 00:00:00+00:00,7,96.945,52.63568387398913,LightGBM
2026-02-19 00:00:00+00:00,8,103.61,55.36362834442038,LightGBM
2026-02-19 00:00:00+00:00,9,100.995,54.807516292046685,LightGBM
2026-02-19 00:00:00+00:00,10,95.1075,50.45267289702494,LightGBM
2026-02-19 00:00:00+00:00,11,91.0,47.36540774911448,LightGBM
2026-02-19 00:00:00+00:00,12,90.1,46.425020544656704,LightGBM
2026-02-19 00:00:00+00:00,13,90.16,41.78019005683047,LightGBM
2026-02-19 00:00:00+00:00,14,92.5875,46.350474608430055,LightGBM
2026-02-19 00:00:00+00:00,15,96.3925,46.037215673752435,LightGBM
2026-02-19 00:00:00+00:00,16,105.6925,48.37703923658029,LightGBM
2026-02-19 00:00:00+00:00,17,113.5175,53.74518088305241,LightGBM
2026-02-19 00:00:00+00:00,18,111.385,50.99086268260396,LightGBM
2026-02-19 00:00:00+00:00,19,100.485,44.634969011132966,LightGBM
2026-02-19 00:00:00+00:00,20,98.115,37.667265092290194,LightGBM
2026-02-19 00:00:00+00:00,21,92.1,33.76649439879193,LightGBM
2026-02-19 00:00:00+00:00,22,85.185,32.749419385917896,LightGBM
2026-02-19 00:00:00+00:00,23,86.06,22.446074567823423,LightGBM
2026-02-20 00:00:00+00:00,0,85.9275,38.16886068083223,LightGBM
2026-02-20 00:00:00+00:00,1,85.4375,35.93412797885742,LightGBM
2026-02-20 00:00:00+00:00,2,84.88,34.61128153876016,LightGBM
2026-02-20 00:00:00+00:00,3,84.4175,31.446330004848917,LightGBM
2026-02-20 00:00:00+00:00,4,90.27,30.16365470404833,LightGBM
2026-02-20 00:00:00+00:00,5,104.8325,32.60057773746677,LightGBM
2026-02-20 00:00:00+00:00,6,113.7825,45.507190711842206,LightGBM
2026-02-20 00:00:00+00:00,7,116.1425,56.50652950842514,LightGBM
2026-02-20 00:00:00+00:00,8,109.1825,58.158894542755,LightGBM
2026-02-20 00:00:00+00:00,9,91.1,57.39351961610171,LightGBM
2026-02-20 00:00:00+00:00,10,83.6825,52.400113940336354,LightGBM
2026-02-20 00:00:00+00:00,11,81.0125,47.04979913222677,LightGBM
2026-02-20 00:00:00+00:00,12,79.6,46.41068404739924,LightGBM
2026-02-20 00:00:00+00:00,13,79.95750000000001,43.1295664861671,LightGBM
2026-02-20 00:00:00+00:00,14,83.465,47.26880277233135,LightGBM
2026-02-20 00:00:00+00:00,15,91.8575,47.011417633559894,LightGBM
2026-02-20 00:00:00+00:00,16,101.4375,47.98671923947748,LightGBM
2026-02-20 00:00:00+00:00,17,93.7825,52.26868682325042,LightGBM
2026-02-20 00:00:00+00:00,18,82.9875,49.7414501028873,LightGBM
2026-02-20 00:00:00+00:00,19,78.715,44.57938098822523,LightGBM
2026-02-20 00:00:00+00:00,20,67.9975,37.49435168619769,LightGBM
2026-02-20 00:00:00+00:00,21,64.64,33.25166506224236,LightGBM
2026-02-20 00:00:00+00:00,22,46.805,34.14124453072565,LightGBM
2026-02-20 00:00:00+00:00,23,52.44,20.848146334053165,LightGBM
2026-02-21 00:00:00+00:00,0,46.645,34.129783567959265,LightGBM
2026-02-21 00:00:00+00:00,1,43.4575,33.11115971289229,LightGBM
2026-02-21 00:00:00+00:00,2,41.6575,29.280458015672714,LightGBM
2026-02-21 00:00:00+00:00,3,38.975,28.169482909074837,LightGBM
2026-02-21 00:00:00+00:00,4,39.4775,26.359353740544325,LightGBM
2026-02-21 00:00:00+00:00,5,35.86,30.40479769292957,LightGBM
2026-02-21 00:00:00+00:00,6,46.99,42.18105021120133,LightGBM
2026-02-21 00:00:00+00:00,7,56.05,53.068445689193005,LightGBM
2026-02-21 00:00:00+00:00,8,58.035,56.13818225234296,LightGBM
2026-02-21 00:00:00+00:00,9,59.525,54.70497854459951,LightGBM
2026-02-21 00:00:00+00:00,10,55.385000000000005,49.563241854019275,LightGBM
2026-02-21 00:00:00+00:00,11,50.5275,44.904407639098956,LightGBM
2026-02-21 00:00:00+00:00,12,45.1625,42.8078293277789,LightGBM
2026-02-21 00:00:00+00:00,13,56.005,38.796207563399165,LightGBM
2026-02-21 00:00:00+00:00,14,68.88499999999999,42.631370208656314,LightGBM
2026-02-21 00:00:00+00:00,15,81.94,43.32943155613543,LightGBM
2026-02-21 00:00:00+00:00,16,98.635,46.67693930505861,LightGBM
2026-02-21 00:00:00+00:00,17,108.3125,53.65967608466438,LightGBM
2026-02-21 00:00:00+00:00,18,101.1725,51.38457301534516,LightGBM
2026-02-21 00:00:00+00:00,19,89.0975,46.68671853544494,LightGBM
2026-02-21 00:00:00+00:00,20,82.8125,40.14001243298047,LightGBM
2026-02-21 00:00:00+00:00,21,76.5925,34.55134695305255,LightGBM
2026-02-21 00:00:00+00:00,22,66.71000000000001,33.958385109487786,LightGBM
2026-02-21 00:00:00+00:00,23,56.675,21.08318889406003,LightGBM
2026-02-22 00:00:00+00:00,0,52.51,35.55036076311676,LightGBM
2026-02-22 00:00:00+00:00,1,44.0575,33.29021363015035,LightGBM
2026-02-22 00:00:00+00:00,2,40.9575,28.826269031899404,LightGBM
2026-02-22 00:00:00+00:00,3,39.0175,28.110810260440257,LightGBM
2026-02-22 00:00:00+00:00,4,38.2875,26.55435138183968,LightGBM
2026-02-22 00:00:00+00:00,5,34.875,30.16607527484248,LightGBM
2026-02-22 00:00:00+00:00,6,41.5025,42.010866957591276,LightGBM
2026-02-22 00:00:00+00:00,7,47.355,52.44438456866917,LightGBM
2026-02-22 00:00:00+00:00,8,55.462500000000006,53.40926875389777,LightGBM
2026-02-22 00:00:00+00:00,9,55.1025,51.37687298399708,LightGBM
2026-02-22 00:00:00+00:00,10,53.962500000000006,48.71795915025964,LightGBM
2026-02-22 00:00:00+00:00,11,50.585,42.52925705388686,LightGBM
2026-02-22 00:00:00+00:00,12,45.08,38.812948499702784,LightGBM
2026-02-22 00:00:00+00:00,13,43.307500000000005,35.40663274731731,LightGBM
2026-02-22 00:00:00+00:00,14,47.9425,42.625481572784885,LightGBM
2026-02-22 00:00:00+00:00,15,56.9275,43.296504361251905,LightGBM
2026-02-22 00:00:00+00:00,16,75.95,45.62882329405258,LightGBM
2026-02-22 00:00:00+00:00,17,79.4425,51.04169884803359,LightGBM
2026-02-22 00:00:00+00:00,18,75.12,49.6919380126818,LightGBM
2026-02-22 00:00:00+00:00,19,68.5175,43.558170664414504,LightGBM
2026-02-22 00:00:00+00:00,20,67.69,36.626190236357196,LightGBM
2026-02-22 00:00:00+00:00,21,70.41,33.736900876825146,LightGBM
2026-02-22 00:00:00+00:00,22,51.9475,33.2105737576707,LightGBM
2026-02-22 00:00:00+00:00,23,45.35,21.18247771722549,LightGBM
2026-02-23 00:00:00+00:00,0,45.5125,34.47394668138912,LightGBM
2026-02-23 00:00:00+00:00,1,43.975,32.00514643526283,LightGBM
2026-02-23 00:00:00+00:00,2,44.915,28.582692510981712,LightGBM
2026-02-23 00:00:00+00:00,3,45.145,28.015786549963995,LightGBM
2026-02-23 00:00:00+00:00,4,56.07,26.280414032783764,LightGBM
2026-02-23 00:00:00+00:00,5,77.7625,30.490259264921917,LightGBM
2026-02-23 00:00:00+00:00,6,95.9575,42.86582607933382,LightGBM
2026-02-23 00:00:00+00:00,7,99.0425,52.437422246585484,LightGBM
2026-02-23 00:00:00+00:00,8,87.4675,53.465813059793014,LightGBM
2026-02-23 00:00:00+00:00,9,67.015,51.809558807421745,LightGBM
2026-02-23 00:00:00+00:00,10,48.85,48.43480375909291,LightGBM
2026-02-23 00:00:00+00:00,11,7.88,42.15501967669956,LightGBM
2026-02-23 00:00:00+00:00,12,2.9025,38.300071765992904,LightGBM
2026-02-23 00:00:00+00:00,13,34.8925,34.68323851606172,LightGBM
2026-02-23 00:00:00+00:00,14,58.5075,41.611846413417936,LightGBM
2026-02-23 00:00:00+00:00,15,79.5075,43.41651547632433,LightGBM
2026-02-23 00:00:00+00:00,16,96.09,45.72457709523793,LightGBM
2026-02-23 00:00:00+00:00,17,107.27,50.48234967011901,LightGBM
2026-02-23 00:00:00+00:00,18,110.8975,48.638276429887,LightGBM
2026-02-23 00:00:00+00:00,19,98.025,43.63888178021262,LightGBM
2026-02-23 00:00:00+00:00,20,97.235,36.59104202339555,LightGBM
2026-02-23 00:00:00+00:00,21,95.855,33.15349434152315,LightGBM
2026-02-23 00:00:00+00:00,22,87.2875,34.110385638350124,LightGBM
2026-02-23 00:00:00+00:00,23,82.3575,21.288086442099083,LightGBM
2026-02-24 00:00:00+00:00,0,83.9625,40.30338269447625,LightGBM
2026-02-24 00:00:00+00:00,1,85.975,38.85972575503647,LightGBM
2026-02-24 00:00:00+00:00,2,86.45,36.76978042742119,LightGBM
2026-02-24 00:00:00+00:00,3,88.205,37.04602651762716,LightGBM
2026-02-24 00:00:00+00:00,4,94.17,38.702169596750736,LightGBM
2026-02-24 00:00:00+00:00,5,111.1225,41.47325140233346,LightGBM
2026-02-24 00:00:00+00:00,6,133.0975,53.16418560569951,LightGBM
2026-02-24 00:00:00+00:00,7,147.475,71.56823324360145,LightGBM
2026-02-24 00:00:00+00:00,8,140.72,71.41389135869167,LightGBM
2026-02-24 00:00:00+00:00,9,128.7675,70.76385788003084,LightGBM
2026-02-24 00:00:00+00:00,10,111.395,63.37071367062814,LightGBM
2026-02-24 00:00:00+00:00,11,100.19,60.529301106351674,LightGBM
2026-02-24 00:00:00+00:00,12,99.3,61.46081622408618,LightGBM
2026-02-24 00:00:00+00:00,13,95.005,60.12650995833538,LightGBM
2026-02-24 00:00:00+00:00,14,107.0725,65.16081086386032,LightGBM
2026-02-24 00:00:00+00:00,15,125.8075,68.6898648399341,LightGBM
2026-02-24 00:00:00+00:00,16,182.22,70.39010172923145,LightGBM
2026-02-24 00:00:00+00:00,17,184.0475,82.29951583324711,LightGBM
2026-02-24 00:00:00+00:00,18,144.4175,82.06361362573942,LightGBM
2026-02-24 00:00:00+00:00,19,118.9575,72.883316958325,LightGBM
2026-02-24 00:00:00+00:00,20,108.725,58.67185339625484,LightGBM
2026-02-24 00:00:00+00:00,21,101.705,50.760970603256226,LightGBM
2026-02-24 00:00:00+00:00,22,93.9025,49.381059353999234,LightGBM
2026-02-24 00:00:00+00:00,23,92.1425,42.07733377449284,LightGBM
2026-02-25 00:00:00+00:00,0,87.4025,42.05126925745403,LightGBM
2026-02-25 00:00:00+00:00,1,84.83250000000001,39.46310678116909,LightGBM
2026-02-25 00:00:00+00:00,2,88.095,37.24366053448184,LightGBM
2026-02-25 00:00:00+00:00,3,88.61,33.95686584573716,LightGBM
2026-02-25 00:00:00+00:00,4,93.1725,32.8337215307421,LightGBM
2026-02-25 00:00:00+00:00,5,113.8175,37.517546148493814,LightGBM
2026-02-25 00:00:00+00:00,6,130.7325,48.140287763254506,LightGBM
2026-02-25 00:00:00+00:00,7,119.8525,63.945252707031464,LightGBM
2026-02-25 00:00:00+00:00,8,107.175,63.08560863026396,LightGBM
2026-02-25 00:00:00+00:00,9,90.83,58.02329274062154,LightGBM
2026-02-25 00:00:00+00:00,10,79.8475,53.32269458540494,LightGBM
2026-02-25 00:00:00+00:00,11,65.80250000000001,48.085884421630304,LightGBM
2026-02-25 00:00:00+00:00,12,60.1975,49.24272845691339,LightGBM
2026-02-25 00:00:00+00:00,13,67.8475,45.482546161949905,LightGBM
2026-02-25 00:00:00+00:00,14,80.9825,51.08108821134859,LightGBM
2026-02-25 00:00:00+00:00,15,101.37,53.94264315904317,LightGBM
2026-02-25 00:00:00+00:00,16,118.6425,56.61423267068921,LightGBM
2026-02-25 00:00:00+00:00,17,121.77,64.72253327100626,LightGBM
2026-02-25 00:00:00+00:00,18,107.1525,57.28089939244934,LightGBM
2026-02-25 00:00:00+00:00,19,94.255,49.58572816619561,LightGBM
2026-02-25 00:00:00+00:00,20,87.28,42.36707504456802,LightGBM
2026-02-25 00:00:00+00:00,21,86.8275,36.68578674178359,LightGBM
2026-02-25 00:00:00+00:00,22,79.12,35.791650404522265,LightGBM
2026-02-25 00:00:00+00:00,23,76.4225,23.080793034775805,LightGBM
2026-02-26 00:00:00+00:00,0,72.39,36.06683946439793,LightGBM
2026-02-26 00:00:00+00:00,1,68.74249999999999,34.30620285038994,LightGBM
2026-02-26 00:00:00+00:00,2,67.9325,30.487090503176862,LightGBM
2026-02-26 00:00:00+00:00,3,67.3775,28.990636867297198,LightGBM
2026-02-26 00:00:00+00:00,4,75.855,26.778083125854835,LightGBM
2026-02-26 00:00:00+00:00,5,100.8175,30.974860270107026,LightGBM
2026-02-26 00:00:00+00:00,6,110.1,43.75378308159384,LightGBM
2026-02-26 00:00:00+00:00,7,97.4475,54.07471873028983,LightGBM
2026-02-26 00:00:00+00:00,8,80.42500000000001,56.5580118717325,LightGBM
2026-02-26 00:00:00+00:00,9,67.85,55.23736602238242,LightGBM
2026-02-26 00:00:00+00:00,10,53.345,50.8131620157408,LightGBM
2026-02-26 00:00:00+00:00,11,20.0375,45.61009224222555,LightGBM
2026-02-26 00:00:00+00:00,12,14.0525,43.09232536272826,LightGBM
2026-02-26 00:00:00+00:00,13,44.6375,38.481248885290746,LightGBM
2026-02-26 00:00:00+00:00,14,71.3075,46.45088037461073,LightGBM
2026-02-26 00:00:00+00:00,15,94.7325,50.88543390952216,LightGBM
2026-02-26 00:00:00+00:00,16,111.1375,52.20688718979362,LightGBM
2026-02-26 00:00:00+00:00,17,113.095,60.345074976093684,LightGBM
2026-02-26 00:00:00+00:00,18,107.985,53.950037386636595,LightGBM
2026-02-26 00:00:00+00:00,19,93.4475,49.610220225523825,LightGBM
2026-02-26 00:00:00+00:00,20,84.0775,41.41470541713227,LightGBM
2026-02-26 00:00:00+00:00,21,80.45750000000001,35.69563740810052,LightGBM
2026-02-26 00:00:00+00:00,22,71.575,34.5724291148323,LightGBM
2026-02-26 00:00:00+00:00,23,55.1475,22.03986884967306,LightGBM
2026-02-27 00:00:00+00:00,0,56.0075,35.95793558656494,LightGBM
2026-02-27 00:00:00+00:00,1,57.3025,33.555202081986664,LightGBM
2026-02-27 00:00:00+00:00,2,60.0,28.989261424000237,LightGBM
2026-02-27 00:00:00+00:00,3,61.795,28.797777460222257,LightGBM
2026-02-27 00:00:00+00:00,4,65.9925,26.936092725012916,LightGBM
2026-02-27 00:00:00+00:00,5,76.565,30.802753634608923,LightGBM
2026-02-27 00:00:00+00:00,6,88.525,44.13906547663289,LightGBM
2026-02-27 00:00:00+00:00,7,79.33,54.773865554205464,LightGBM
2026-02-27 00:00:00+00:00,8,64.415,55.94993268082453,LightGBM
2026-02-27 00:00:00+00:00,9,31.5475,53.28501862418019,LightGBM
2026-02-27 00:00:00+00:00,10,0.97,48.73297438127615,LightGBM
2026-02-27 00:00:00+00:00,11,-0.0125,41.208021807638396,LightGBM
2026-02-27 00:00:00+00:00,12,-0.01,39.433442198487164,LightGBM
2026-02-27 00:00:00+00:00,13,7.7375,36.153992984088795,LightGBM
2026-02-27 00:00:00+00:00,14,59.755,45.03812177589577,LightGBM
2026-02-27 00:00:00+00:00,15,92.0,49.33234207494602,LightGBM
2026-02-27 00:00:00+00:00,16,115.195,51.79074110906178,LightGBM
2026-02-27 00:00:00+00:00,17,118.1,60.54569478878586,LightGBM
2026-02-27 00:00:00+00:00,18,109.2525,58.12198325719634,LightGBM
2026-02-27 00:00:00+00:00,19,100.03,53.43015405345283,LightGBM
2026-02-27 00:00:00+00:00,20,90.9625,44.189601089129326,LightGBM
2026-02-27 00:00:00+00:00,21,87.51,39.12091524969914,LightGBM
2026-02-27 00:00:00+00:00,22,80.0025,38.79874038769427,LightGBM
2026-02-27 00:00:00+00:00,23,80.02,30.61733000546695,LightGBM
2026-02-28 00:00:00+00:00,0,76.305,37.92113033983851,LightGBM
2026-02-28 00:00:00+00:00,1,74.7275,34.25297127462725,LightGBM
2026-02-28 00:00:00+00:00,2,71.775,33.11762774776547,LightGBM
2026-02-28 00:00:00+00:00,3,71.8925,29.92530109602949,LightGBM
2026-02-28 00:00:00+00:00,4,72.25,27.544429317906946,LightGBM
2026-02-28 00:00:00+00:00,5,72.9225,31.838185328469535,LightGBM
2026-02-28 00:00:00+00:00,6,76.29,44.187471141096175,LightGBM
2026-02-28 00:00:00+00:00,7,57.115,54.101440270248354,LightGBM
2026-02-28 00:00:00+00:00,8,17.7975,53.86142400317504,LightGBM
2026-02-28 00:00:00+00:00,9,-0.01,51.98270357368715,LightGBM
2026-02-28 00:00:00+00:00,10,-0.0275,47.95958627378566,LightGBM
2026-02-28 00:00:00+00:00,11,-0.2525,39.34960375782675,LightGBM
2026-02-28 00:00:00+00:00,12,-0.2225,37.20915392161208,LightGBM
2026-02-28 00:00:00+00:00,13,-0.0075,33.664504256463886,LightGBM
2026-02-28 00:00:00+00:00,14,14.8625,40.903878762818934,LightGBM
2026-02-28 00:00:00+00:00,15,65.6475,42.44731084962533,LightGBM
2026-02-28 00:00:00+00:00,16,89.935,44.26374166267925,LightGBM
2026-02-28 00:00:00+00:00,17,95.1925,50.475799469416245,LightGBM
2026-02-28 00:00:00+00:00,18,85.1675,49.43010434771761,LightGBM
2026-02-28 00:00:00+00:00,19,69.1175,43.91926133438042,LightGBM
2026-02-28 00:00:00+00:00,20,64.6675,35.8396125638721,LightGBM
2026-02-28 00:00:00+00:00,21,64.6625,33.45142250704958,LightGBM
2026-02-28 00:00:00+00:00,22,60.6725,32.65769907085454,LightGBM
2026-02-28 00:00:00+00:00,23,47.6475,20.567006493188607,LightGBM
2026-03-01 00:00:00+00:00,0,51.55,35.64087371354561,LightGBM
2026-03-01 00:00:00+00:00,1,54.2475,34.06754948102943,LightGBM
2026-03-01 00:00:00+00:00,2,57.072500000000005,32.26485407118731,LightGBM
2026-03-01 00:00:00+00:00,3,61.085,30.831079372183222,LightGBM
2026-03-01 00:00:00+00:00,4,65.18,31.022577842283244,LightGBM
2026-03-01 00:00:00+00:00,5,66.00750000000001,33.59313162983135,LightGBM
2026-03-01 00:00:00+00:00,6,64.9975,47.17349715111486,LightGBM
2026-03-01 00:00:00+00:00,7,52.535,57.172057927737114,LightGBM
2026-03-01 00:00:00+00:00,8,19.98,57.25419755869149,LightGBM
2026-03-01 00:00:00+00:00,9,0.0,52.234057400230476,LightGBM
2026-03-01 00:00:00+00:00,10,-0.025,46.7134591601781,LightGBM
2026-03-01 00:00:00+00:00,11,-0.365,40.19871620868943,LightGBM
2026-03-01 00:00:00+00:00,12,-0.7875,38.047144264439474,LightGBM
2026-03-01 00:00:00+00:00,13,-0.005,36.29326388038685,LightGBM
2026-03-01 00:00:00+00:00,14,25.9525,46.04417429515913,LightGBM
2026-03-01 00:00:00+00:00,15,74.84,51.979318639510865,LightGBM
2026-03-01 00:00:00+00:00,16,103.76,55.085049476870765,LightGBM
2026-03-01 00:00:00+00:00,17,110.2025,60.83857625580366,LightGBM
2026-03-01 00:00:00+00:00,18,101.685,59.89887644620738,LightGBM
2026-03-01 00:00:00+00:00,19,90.735,55.04332196495778,LightGBM
2026-03-01 00:00:00+00:00,20,81.315,44.786454969733086,LightGBM
2026-03-01 00:00:00+00:00,21,74.66499999999999,40.53866919853554,LightGBM
2026-03-01 00:00:00+00:00,22,68.1475,37.727894106892975,LightGBM
2026-03-01 00:00:00+00:00,23,65.13,27.411167708670156,LightGBM
2026-03-02 00:00:00+00:00,0,66.94500000000001,38.50856390197991,LightGBM
2026-03-02 00:00:00+00:00,1,69.0075,36.25628290385723,LightGBM
2026-03-02 00:00:00+00:00,2,69.5675,34.528960529289606,LightGBM
2026-03-02 00:00:00+00:00,3,74.03,31.634118032937142,LightGBM
2026-03-02 00:00:00+00:00,4,85.03,32.54338647573567,LightGBM
2026-03-02 00:00:00+00:00,5,100.1675,34.94983068528066,LightGBM
2026-03-02 00:00:00+00:00,6,138.6525,47.5498726452501,LightGBM
2026-03-02 00:00:00+00:00,7,124.8625,58.83680193043016,LightGBM
2026-03-02 00:00:00+00:00,8,89.4625,57.0017945841253,LightGBM
2026-03-02 00:00:00+00:00,9,69.9,51.95147730536415,LightGBM
2026-03-02 00:00:00+00:00,10,53.5625,46.41869750205143,LightGBM
2026-03-02 00:00:00+00:00,11,29.067500000000003,38.64932428293014,LightGBM
2026-03-02 00:00:00+00:00,12,40.2525,37.337427346639465,LightGBM
2026-03-02 00:00:00+00:00,13,64.03,37.47815953599921,LightGBM
2026-03-02 00:00:00+00:00,14,84.9875,46.4421786532947,LightGBM
2026-03-02 00:00:00+00:00,15,109.1525,52.85243193201759,LightGBM
2026-03-02 00:00:00+00:00,16,173.5,57.665844162761125,LightGBM
2026-03-02 00:00:00+00:00,17,187.995,67.79605343693014,LightGBM
2026-03-02 00:00:00+00:00,18,143.61,67.04410209996243,LightGBM
2026-03-02 00:00:00+00:00,19,107.685,61.58715561048289,LightGBM
2026-03-02 00:00:00+00:00,20,96.4675,48.786381167456,LightGBM
2026-03-02 00:00:00+00:00,21,96.8,45.65095571071228,LightGBM
2026-03-02 00:00:00+00:00,22,88.89500000000001,42.930720675344446,LightGBM
2026-03-02 00:00:00+00:00,23,89.0625,38.322392785440506,LightGBM
2026-03-03 00:00:00+00:00,0,90.1225,41.213168372928,LightGBM
2026-03-03 00:00:00+00:00,1,89.425,39.31560508793825,LightGBM
2026-03-03 00:00:00+00:00,2,92.815,37.039431269528556,LightGBM
2026-03-03 00:00:00+00:00,3,95.7225,34.61597781832362,LightGBM
2026-03-03 00:00:00+00:00,4,103.32,33.79174018783262,LightGBM
2026-03-03 00:00:00+00:00,5,136.0475,37.560369320025124,LightGBM
2026-03-03 00:00:00+00:00,6,156.3975,48.14145422592588,LightGBM
2026-03-03 00:00:00+00:00,7,136.78,63.13670393820348,LightGBM
2026-03-03 00:00:00+00:00,8,99.52,61.145656365000164,LightGBM
2026-03-03 00:00:00+00:00,9,78.17,56.49152053254988,LightGBM
2026-03-03 00:00:00+00:00,10,55.9225,49.79228683424435,LightGBM
2026-03-03 00:00:00+00:00,11,32.365,44.535283802938785,LightGBM
2026-03-03 00:00:00+00:00,12,35.6625,46.335355360170695,LightGBM
2026-03-03 00:00:00+00:00,13,64.14500000000001,44.852820716583444,LightGBM
2026-03-03 00:00:00+00:00,14,86.7675,52.7516720805128,LightGBM
2026-03-03 00:00:00+00:00,15,114.18,56.266111733851616,LightGBM
2026-03-03 00:00:00+00:00,16,158.615,62.001029070857875,LightGBM
2026-03-03 00:00:00+00:00,17,204.2575,76.65203442363179,LightGBM
2026-03-03 00:00:00+00:00,18,173.37,74.84823710413458,LightGBM
2026-03-03 00:00:00+00:00,19,131.725,70.50017868248592,LightGBM
2026-03-03 00:00:00+00:00,20,116.18,58.593203403079364,LightGBM
2026-03-03 00:00:00+00:00,21,111.32,50.0594233636044,LightGBM
2026-03-03 00:00:00+00:00,22,104.695,49.00282219845012,LightGBM
2026-03-03 00:00:00+00:00,23,129.01,42.013135215958165,LightGBM
2026-03-04 00:00:00+00:00,0,127.8225,42.8518388443694,LightGBM
2026-03-04 00:00:00+00:00,1,125.3225,39.90086788708313,LightGBM
2026-03-04 00:00:00+00:00,2,124.735,37.677626961340685,LightGBM
2026-03-04 00:00:00+00:00,3,128.2025,34.9481922197188,LightGBM
2026-03-04 00:00:00+00:00,4,141.16,34.117411821587645,LightGBM
2026-03-04 00:00:00+00:00,5,200.2975,38.106637311227814,LightGBM
2026-03-04 00:00:00+00:00,6,267.485,49.351469516542444,LightGBM
2026-03-04 00:00:00+00:00,7,193.3475,65.67418686414587,LightGBM
2026-03-04 00:00:00+00:00,8,150.76,63.975587272961896,LightGBM
2026-03-04 00:00:00+00:00,9,110.4175,56.500204433817245,LightGBM
2026-03-04 00:00:00+00:00,10,78.2975,52.34958255138625,LightGBM
2026-03-04 00:00:00+00:00,11,42.495,43.98115381209182,LightGBM
2026-03-04 00:00:00+00:00,12,32.975,47.328835464488265,LightGBM
2026-03-04 00:00:00+00:00,13,65.405,44.85392161705761,LightGBM
2026-03-04 00:00:00+00:00,14,99.1125,52.0772820173934,LightGBM
2026-03-04 00:00:00+00:00,15,137.21,58.38572297045438,LightGBM
2026-03-04 00:00:00+00:00,16,244.265,62.18610166800814,LightGBM
2026-03-04 00:00:00+00:00,17,310.86,76.01324306045014,LightGBM
2026-03-04 00:00:00+00:00,18,239.6275,74.70946821233736,LightGBM
2026-03-04 00:00:00+00:00,19,169.86,69.80691545925086,LightGBM
2026-03-04 00:00:00+00:00,20,151.8775,56.66235522276969,LightGBM
2026-03-04 00:00:00+00:00,21,142.24,48.807079353224786,LightGBM
2026-03-04 00:00:00+00:00,22,124.8075,46.42924188830809,LightGBM
2026-03-04 00:00:00+00:00,23,116.485,42.0249144721835,LightGBM
2026-03-05 00:00:00+00:00,0,109.9325,41.079928439297724,LightGBM
2026-03-05 00:00:00+00:00,1,109.2625,38.66283376019734,LightGBM
2026-03-05 00:00:00+00:00,2,108.785,36.677539483857764,LightGBM
2026-03-05 00:00:00+00:00,3,111.0625,32.97856393777001,LightGBM
2026-03-05 00:00:00+00:00,4,126.9325,32.201272050097,LightGBM
2026-03-05 00:00:00+00:00,5,154.3875,34.66606369729496,LightGBM
2026-03-05 00:00:00+00:00,6,175.54500000000002,46.543639952026716,LightGBM
2026-03-05 00:00:00+00:00,7,139.32999999999998,60.6576797209241,LightGBM
2026-03-05 00:00:00+00:00,8,97.0925,60.90451790910501,LightGBM
2026-03-05 00:00:00+00:00,9,64.145,56.13796525349825,LightGBM
2026-03-05 00:00:00+00:00,10,22.955,48.95245372953874,LightGBM
2026-03-05 00:00:00+00:00,11,2.1225,42.23202081583351,LightGBM
2026-03-05 00:00:00+00:00,12,2.825,44.172051329839285,LightGBM
2026-03-05 00:00:00+00:00,13,38.835,39.1316327618583,LightGBM
2026-03-05 00:00:00+00:00,14,90.0025,47.564373414574526,LightGBM
2026-03-05 00:00:00+00:00,15,137.75,52.80656364223823,LightGBM
2026-03-05 00:00:00+00:00,16,180.375,56.41525744579077,LightGBM
2026-03-05 00:00:00+00:00,17,192.02,63.302994693662356,LightGBM
2026-03-05 00:00:00+00:00,18,165.0,61.0056959311061,LightGBM
2026-03-05 00:00:00+00:00,19,135.245,54.59425663318009,LightGBM
2026-03-05 00:00:00+00:00,20,130.59,46.21164954838231,LightGBM
2026-03-05 00:00:00+00:00,21,130.1425,43.81801744506404,LightGBM
2026-03-05 00:00:00+00:00,22,119.7,41.22607474482122,LightGBM
2026-03-05 00:00:00+00:00,23,104.125,36.04461499489956,LightGBM
2026-03-06 00:00:00+00:00,0,106.0,41.45359909202125,LightGBM
2026-03-06 00:00:00+00:00,1,108.5225,39.339851814018154,LightGBM
2026-03-06 00:00:00+00:00,2,109.525,36.76565532383498,LightGBM
2026-03-06 00:00:00+00:00,3,115.5,34.04761944725441,LightGBM
2026-03-06 00:00:00+00:00,4,129.6575,33.09109557542049,LightGBM
2026-03-06 00:00:00+00:00,5,157.285,36.190271266085524,LightGBM
2026-03-06 00:00:00+00:00,6,177.025,48.55616887319992,LightGBM
2026-03-06 00:00:00+00:00,7,138.2875,62.215367370378736,LightGBM
2026-03-06 00:00:00+00:00,8,111.9625,61.28984472639836,LightGBM
2026-03-06 00:00:00+00:00,9,96.5,56.18486322855673,LightGBM
2026-03-06 00:00:00+00:00,10,66.7125,49.203443750034154,LightGBM
2026-03-06 00:00:00+00:00,11,52.64,41.798226926120904,LightGBM
2026-03-06 00:00:00+00:00,12,48.6525,43.15717871996856,LightGBM
2026-03-06 00:00:00+00:00,13,73.9375,42.34133954901298,LightGBM
2026-03-06 00:00:00+00:00,14,107.0675,50.69958022965839,LightGBM
2026-03-06 00:00:00+00:00,15,130.39749999999998,55.96212380868257,LightGBM
2026-03-06 00:00:00+00:00,16,177.4375,61.04764053341939,LightGBM
2026-03-06 00:00:00+00:00,17,229.5525,77.00596858799479,LightGBM
2026-03-06 00:00:00+00:00,18,189.765,78.10328318600773,LightGBM
2026-03-06 00:00:00+00:00,19,153.11,72.79711508119777,LightGBM
2026-03-06 00:00:00+00:00,20,134.1925,59.43651137835805,LightGBM
2026-03-06 00:00:00+00:00,21,127.245,51.47729787553137,LightGBM
2026-03-06 00:00:00+00:00,22,126.075,49.18559851333007,LightGBM
2026-03-06 00:00:00+00:00,23,135.1625,42.1364538859674,LightGBM
2026-03-07 00:00:00+00:00,0,130.6775,43.90516280112473,LightGBM
2026-03-07 00:00:00+00:00,1,125.6725,40.615950308944214,LightGBM
2026-03-07 00:00:00+00:00,2,124.39,37.879755623575726,LightGBM
2026-03-07 00:00:00+00:00,3,124.7475,34.57560097462849,LightGBM
2026-03-07 00:00:00+00:00,4,129.575,33.77193110140861,LightGBM
2026-03-07 00:00:00+00:00,5,135.62,37.551913345605406,LightGBM
2026-03-07 00:00:00+00:00,6,129.5575,49.398836111970446,LightGBM
2026-03-07 00:00:00+00:00,7,112.9025,65.05836310683496,LightGBM
2026-03-07 00:00:00+00:00,8,102.7875,64.1748212406439,LightGBM
2026-03-07 00:00:00+00:00,9,74.445,57.560494421358285,LightGBM
2026-03-07 00:00:00+00:00,10,30.5425,51.85830676901488,LightGBM
2026-03-07 00:00:00+00:00,11,13.03,44.91051938254505,LightGBM
2026-03-07 00:00:00+00:00,12,1.4175,47.813285384882136,LightGBM
2026-03-07 00:00:00+00:00,13,18.1775,45.09282599754979,LightGBM
2026-03-07 00:00:00+00:00,14,83.285,50.75366418734393,LightGBM
2026-03-07 00:00:00+00:00,15,126.315,57.96741640888701,LightGBM
2026-03-07 00:00:00+00:00,16,147.37,61.28027153699964,LightGBM
2026-03-07 00:00:00+00:00,17,180.8725,77.53342360806028,LightGBM
2026-03-07 00:00:00+00:00,18,166.725,80.00214361940489,LightGBM
2026-03-07 00:00:00+00:00,19,148.1975,71.68200868976382,LightGBM
2026-03-07 00:00:00+00:00,20,137.61,60.77877968229994,LightGBM
2026-03-07 00:00:00+00:00,21,134.1975,50.894858631553504,LightGBM
2026-03-07 00:00:00+00:00,22,130.645,47.9272188626187,LightGBM
2026-03-07 00:00:00+00:00,23,135.9925,42.29440662803575,LightGBM
2026-03-08 00:00:00+00:00,0,132.7325,42.093261575725286,LightGBM
2026-03-08 00:00:00+00:00,1,131.1925,38.96907569041373,LightGBM
2026-03-08 00:00:00+00:00,2,130.0925,36.52488153344542,LightGBM
2026-03-08 00:00:00+00:00,3,129.335,33.21638121589896,LightGBM
2026-03-08 00:00:00+00:00,4,129.635,33.241598620139,LightGBM
2026-03-08 00:00:00+00:00,5,131.0975,35.91750181174315,LightGBM
2026-03-08 00:00:00+00:00,6,116.985,47.92797296932816,LightGBM
2026-03-08 00:00:00+00:00,7,108.5625,62.42104516970384,LightGBM
2026-03-08 00:00:00+00:00,8,90.7175,60.71006265818134,LightGBM
2026-03-08 00:00:00+00:00,9,62.94,52.80282298892931,LightGBM
2026-03-08 00:00:00+00:00,10,18.0275,48.049244829493425,LightGBM
2026-03-08 00:00:00+00:00,11,8.3325,38.727408448134966,LightGBM
2026-03-08 00:00:00+00:00,12,-0.005,42.28137202026219,LightGBM
2026-03-08 00:00:00+00:00,13,6.48,39.60409184981204,LightGBM
2026-03-08 00:00:00+00:00,14,64.25999999999999,46.81697686326772,LightGBM
2026-03-08 00:00:00+00:00,15,117.2025,50.59908725014763,LightGBM
2026-03-08 00:00:00+00:00,16,146.3125,54.51083173586064,LightGBM
2026-03-08 00:00:00+00:00,17,160.26,65.68979559495011,LightGBM
2026-03-08 00:00:00+00:00,18,154.0525,64.29809224493334,LightGBM
2026-03-08 00:00:00+00:00,19,138.7925,57.102271151968765,LightGBM
2026-03-08 00:00:00+00:00,20,127.435,47.27065556992394,LightGBM
2026-03-08 00:00:00+00:00,21,121.115,45.10336595833646,LightGBM
2026-03-08 00:00:00+00:00,22,113.5725,43.41053340826775,LightGBM
2026-03-08 00:00:00+00:00,23,114.0875,39.246035725255865,LightGBM
2026-03-09 00:00:00+00:00,0,109.2725,41.37659560490653,LightGBM
2026-03-09 00:00:00+00:00,1,109.12,39.2360253539894,LightGBM
2026-03-09 00:00:00+00:00,2,110.48,36.93136497839535,LightGBM
2026-03-09 00:00:00+00:00,3,116.39,33.83509448827622,LightGBM
2026-03-09 00:00:00+00:00,4,136.9975,33.35991011505908,LightGBM
2026-03-09 00:00:00+00:00,5,163.925,36.89076735442198,LightGBM
2026-03-09 00:00:00+00:00,6,191.58,49.42059846923779,LightGBM
2026-03-09 00:00:00+00:00,7,162.605,63.12362629021024,LightGBM
2026-03-09 00:00:00+00:00,8,127.0725,62.53798564827973,LightGBM
2026-03-09 00:00:00+00:00,9,101.1175,55.489165889978345,LightGBM
2026-03-09 00:00:00+00:00,10,81.0475,48.284290885852236,LightGBM
2026-03-09 00:00:00+00:00,11,67.69,40.70377254375086,LightGBM
2026-03-09 00:00:00+00:00,12,67.2925,44.85345471790083,LightGBM
2026-03-09 00:00:00+00:00,13,81.375,43.40994835948878,LightGBM
2026-03-09 00:00:00+00:00,14,112.9925,52.446505828462996,LightGBM
2026-03-09 00:00:00+00:00,15,143.4375,58.11736199121909,LightGBM
2026-03-09 00:00:00+00:00,16,187.025,61.85245809805218,LightGBM
2026-03-09 00:00:00+00:00,17,243.9725,76.88496762725944,LightGBM
2026-03-09 00:00:00+00:00,18,222.405,81.04240630649953,LightGBM
2026-03-09 00:00:00+00:00,19,180.89,73.55696173933451,LightGBM
2026-03-09 00:00:00+00:00,20,152.1575,61.465767516165066,LightGBM
2026-03-09 00:00:00+00:00,21,143.27,52.554383686213704,LightGBM
2026-03-09 00:00:00+00:00,22,132.695,49.78833406017992,LightGBM
2026-03-09 00:00:00+00:00,23,138.58,41.808097983913626,LightGBM
2026-03-10 00:00:00+00:00,0,130.44,43.60043095226032,LightGBM
2026-03-10 00:00:00+00:00,1,127.6125,40.18098278372132,LightGBM
2026-03-10 00:00:00+00:00,2,126.9,37.989147314020116,LightGBM
2026-03-10 00:00:00+00:00,3,128.48250000000002,34.44752622571178,LightGBM
2026-03-10 00:00:00+00:00,4,140.70999999999998,33.68954232552331,LightGBM
2026-03-10 00:00:00+00:00,5,168.1025,37.269431117254626,LightGBM
2026-03-10 00:00:00+00:00,6,180.17,48.087605400849625,LightGBM
2026-03-10 00:00:00+00:00,7,173.32,62.91366907916968,LightGBM
2026-03-10 00:00:00+00:00,8,140.53750000000002,62.86889845932487,LightGBM
2026-03-10 00:00:00+00:00,9,118.25,56.14362972779008,LightGBM
2026-03-10 00:00:00+00:00,10,103.7925,50.22857706701254,LightGBM
2026-03-10 00:00:00+00:00,11,91.44,46.908294964323225,LightGBM
2026-03-10 00:00:00+00:00,12,97.0375,49.686932063311076,LightGBM
2026-03-10 00:00:00+00:00,13,107.165,43.625627848764154,LightGBM
2026-03-10 00:00:00+00:00,14,121.4925,51.01412103650714,LightGBM
2026-03-10 00:00:00+00:00,15,144.3925,54.06662692130449,LightGBM
2026-03-10 00:00:00+00:00,16,179.0025,58.021870809653585,LightGBM
2026-03-10 00:00:00+00:00,17,218.2275,71.0279176373201,LightGBM
2026-03-10 00:00:00+00:00,18,201.13,67.35399752354046,LightGBM
2026-03-10 00:00:00+00:00,19,159.5475,60.71008923561315,LightGBM
2026-03-10 00:00:00+00:00,20,139.9675,49.05060877079009,LightGBM
2026-03-10 00:00:00+00:00,21,123.255,42.631533769146905,LightGBM
2026-03-10 00:00:00+00:00,22,98.5825,40.33073869191603,LightGBM
2026-03-10 00:00:00+00:00,23,83.9575,37.156549160008844,LightGBM
2026-03-11 00:00:00+00:00,0,70.805,35.79548298356302,LightGBM
2026-03-11 00:00:00+00:00,1,65.425,34.10065914253185,LightGBM
2026-03-11 00:00:00+00:00,2,63.5725,30.367224983050782,LightGBM
2026-03-11 00:00:00+00:00,3,56.0725,26.473195267262344,LightGBM
2026-03-11 00:00:00+00:00,4,64.535,25.610306699895396,LightGBM
2026-03-11 00:00:00+00:00,5,70.8675,29.044480523427268,LightGBM
2026-03-11 00:00:00+00:00,6,80.87,40.945954978135305,LightGBM
2026-03-11 00:00:00+00:00,7,75.5025,51.43190342668918,LightGBM
2026-03-11 00:00:00+00:00,8,57.945,54.65951859666831,LightGBM
2026-03-11 00:00:00+00:00,9,26.2275,53.46532948046749,LightGBM
2026-03-11 00:00:00+00:00,10,12.1975,49.40354925675381,LightGBM
2026-03-11 00:00:00+00:00,11,9.9125,44.64695403102263,LightGBM
2026-03-11 00:00:00+00:00,12,16.1375,43.03946564815132,LightGBM
2026-03-11 00:00:00+00:00,13,47.2725,37.7327870592483,LightGBM
2026-03-11 00:00:00+00:00,14,79.33,41.68311530973558,LightGBM
2026-03-11 00:00:00+00:00,15,104.105,43.27949847032346,LightGBM
2026-03-11 00:00:00+00:00,16,128.7775,45.56006473840901,LightGBM
2026-03-11 00:00:00+00:00,17,153.13750000000002,53.52626642664903,LightGBM
2026-03-11 00:00:00+00:00,18,156.72,50.93543282481435,LightGBM
2026-03-11 00:00:00+00:00,19,132.19,49.2444331227224,LightGBM
2026-03-11 00:00:00+00:00,20,123.0275,42.48822471419628,LightGBM
2026-03-11 00:00:00+00:00,21,119.3025,39.45131553752935,LightGBM
2026-03-11 00:00:00+00:00,22,104.0025,36.49397729287048,LightGBM
2026-03-11 00:00:00+00:00,23,100.185,28.346149245050803,LightGBM
2026-03-12 00:00:00+00:00,0,92.0425,37.12401158737755,LightGBM
2026-03-12 00:00:00+00:00,1,88.8125,34.61934900999535,LightGBM
2026-03-12 00:00:00+00:00,2,88.61,32.910000866737654,LightGBM
2026-03-12 00:00:00+00:00,3,89.6625,30.600322704758685,LightGBM
2026-03-12 00:00:00+00:00,4,99.8225,27.582211748385706,LightGBM
2026-03-12 00:00:00+00:00,5,130.6675,30.925695522211246,LightGBM
2026-03-12 00:00:00+00:00,6,137.14,44.216130477376694,LightGBM
2026-03-12 00:00:00+00:00,7,104.805,53.511642813141194,LightGBM
2026-03-12 00:00:00+00:00,8,79.9975,53.2880486749001,LightGBM
2026-03-12 00:00:00+00:00,9,28.475,51.78305518056819,LightGBM
2026-03-12 00:00:00+00:00,10,0.3425,47.12623854874079,LightGBM
2026-03-12 00:00:00+00:00,11,-1.0925,39.20996393836089,LightGBM
2026-03-12 00:00:00+00:00,12,-2.4925,36.669594292597786,LightGBM
2026-03-12 00:00:00+00:00,13,-0.9025,33.612189181152694,LightGBM
2026-03-12 00:00:00+00:00,14,3.6,41.0738311182686,LightGBM
2026-03-12 00:00:00+00:00,15,51.165,42.08277341267776,LightGBM
2026-03-12 00:00:00+00:00,16,108.5775,43.67458112497782,LightGBM
2026-03-12 00:00:00+00:00,17,114.865,49.12448239356433,LightGBM
2026-03-12 00:00:00+00:00,18,105.9975,48.28128327812165,LightGBM
2026-03-12 00:00:00+00:00,19,86.57,43.33796026658812,LightGBM
2026-03-12 00:00:00+00:00,20,69.79,35.78568207458699,LightGBM
2026-03-12 00:00:00+00:00,21,62.555,33.50385092956886,LightGBM
2026-03-12 00:00:00+00:00,22,17.9025,32.49483939374074,LightGBM
2026-03-12 00:00:00+00:00,23,6.29,20.251211975722068,LightGBM
2026-03-13 00:00:00+00:00,0,4.1025,13.66307467082405,LightGBM
2026-03-13 00:00:00+00:00,1,2.8875,14.824205323367499,LightGBM
2026-03-13 00:00:00+00:00,2,1.1475,13.092805195508037,LightGBM
2026-03-13 00:00:00+00:00,3,1.46,15.386013615162982,LightGBM
2026-03-13 00:00:00+00:00,4,2.9075,16.22605973884674,LightGBM
2026-03-13 00:00:00+00:00,5,8.46,22.452655827055505,LightGBM
2026-03-13 00:00:00+00:00,6,19.9375,40.13805315555755,LightGBM
2026-03-13 00:00:00+00:00,7,6.415,49.642568853485265,LightGBM
2026-03-13 00:00:00+00:00,8,-0.24,50.52881362629791,LightGBM
2026-03-13 00:00:00+00:00,9,-4.9975,44.9954785958943,LightGBM
2026-03-13 00:00:00+00:00,10,-9.0,42.633016224750364,LightGBM
2026-03-13 00:00:00+00:00,11,-8.3475,34.94475213770645,LightGBM
2026-03-13 00:00:00+00:00,12,-2.5525,32.695824274480394,LightGBM
2026-03-13 00:00:00+00:00,13,1.1725,31.023870915609237,LightGBM
2026-03-13 00:00:00+00:00,14,47.07,37.85771708111081,LightGBM
2026-03-13 00:00:00+00:00,15,101.31,44.72692320840967,LightGBM
2026-03-13 00:00:00+00:00,16,141.93,46.0857552150857,LightGBM
2026-03-13 00:00:00+00:00,17,161.4925,55.609825794892714,LightGBM
2026-03-13 00:00:00+00:00,18,165.745,59.845260260591346,LightGBM
2026-03-13 00:00:00+00:00,19,145.7225,56.826860373814135,LightGBM
2026-03-13 00:00:00+00:00,20,130.335,47.07198588256182,LightGBM
2026-03-13 00:00:00+00:00,21,123.4225,44.69242958597403,LightGBM
2026-03-13 00:00:00+00:00,22,115.8075,42.62150235602672,LightGBM
2026-03-13 00:00:00+00:00,23,112.945,36.85178358957838,LightGBM
2026-03-14 00:00:00+00:00,0,109.07,40.12805284466316,LightGBM
2026-03-14 00:00:00+00:00,1,103.99,38.32960604008037,LightGBM
2026-03-14 00:00:00+00:00,2,101.8625,36.54273736255462,LightGBM
2026-03-14 00:00:00+00:00,3,105.115,34.062158488630566,LightGBM
2026-03-14 00:00:00+00:00,4,109.0675,33.30720166982695,LightGBM
2026-03-14 00:00:00+00:00,5,111.52,38.35779611417799,LightGBM
2026-03-14 00:00:00+00:00,6,116.7075,48.260089152993466,LightGBM
2026-03-14 00:00:00+00:00,7,121.88,59.86229486798728,LightGBM
2026-03-14 00:00:00+00:00,8,116.14,60.980856616220855,LightGBM
2026-03-14 00:00:00+00:00,9,107.5225,58.67603274396934,LightGBM
2026-03-14 00:00:00+00:00,10,103.525,50.8888136826073,LightGBM
2026-03-14 00:00:00+00:00,11,104.195,48.65859990333767,LightGBM
2026-03-14 00:00:00+00:00,12,103.43,49.52368135718276,LightGBM
2026-03-14 00:00:00+00:00,13,105.6775,48.800991903742265,LightGBM
2026-03-14 00:00:00+00:00,14,114.22,53.952544475287894,LightGBM
2026-03-14 00:00:00+00:00,15,130.0,60.55181866967255,LightGBM
2026-03-14 00:00:00+00:00,16,138.65,62.271423237678164,LightGBM
2026-03-14 00:00:00+00:00,17,161.1,73.15501525774657,LightGBM
2026-03-14 00:00:00+00:00,18,169.83499999999998,76.00399858573812,LightGBM
2026-03-14 00:00:00+00:00,19,150.265,69.4177965750175,LightGBM
2026-03-14 00:00:00+00:00,20,137.4525,57.010477525068154,LightGBM
2026-03-14 00:00:00+00:00,21,135.2375,49.1521991116598,LightGBM
2026-03-14 00:00:00+00:00,22,128.04500000000002,46.93469167125318,LightGBM
2026-03-14 00:00:00+00:00,23,137.3425,39.52844178369796,LightGBM
2026-03-15 00:00:00+00:00,0,133.73000000000002,42.929047119644856,LightGBM
2026-03-15 00:00:00+00:00,1,124.96,40.49852462029944,LightGBM
2026-03-15 00:00:00+00:00,2,123.5275,38.39451778126392,LightGBM
2026-03-15 00:00:00+00:00,3,122.1775,36.228945885501005,LightGBM
2026-03-15 00:00:00+00:00,4,124.12,35.878725227298794,LightGBM
2026-03-15 00:00:00+00:00,5,124.3875,39.071090504571856,LightGBM
2026-03-15 00:00:00+00:00,6,118.46,50.12479340166497,LightGBM
2026-03-15 00:00:00+00:00,7,109.095,63.17204612720505,LightGBM
2026-03-15 00:00:00+00:00,8,94.77,65.32303724638064,LightGBM
2026-03-15 00:00:00+00:00,9,87.305,60.1793162129754,LightGBM
2026-03-15 00:00:00+00:00,10,72.21,56.04921227355194,LightGBM
2026-03-15 00:00:00+00:00,11,52.9675,54.38086581110398,LightGBM
2026-03-15 00:00:00+00:00,12,36.4575,53.56886830923061,LightGBM
2026-03-15 00:00:00+00:00,13,37.1975,49.99266781764518,LightGBM
2026-03-15 00:00:00+00:00,14,63.0775,50.24503731107912,LightGBM
2026-03-15 00:00:00+00:00,15,89.245,52.047604585186086,LightGBM
2026-03-15 00:00:00+00:00,16,127.9125,58.021445384753385,LightGBM
2026-03-15 00:00:00+00:00,17,149.115,65.13702967129727,LightGBM
2026-03-15 00:00:00+00:00,18,131.87,60.626930546444775,LightGBM
2026-03-15 00:00:00+00:00,19,108.4825,52.227453300629115,LightGBM
2026-03-15 00:00:00+00:00,20,91.875,42.06855764747714,LightGBM
2026-03-15 00:00:00+00:00,21,82.8625,36.02186441159888,LightGBM
2026-03-15 00:00:00+00:00,22,64.015,34.19154235252781,LightGBM
2026-03-15 00:00:00+00:00,23,34.165,20.49942500735356,LightGBM
2026-03-16 00:00:00+00:00,0,23.3275,31.32426050690052,LightGBM
2026-03-16 00:00:00+00:00,1,17.59,29.743139555137937,LightGBM
2026-03-16 00:00:00+00:00,2,14.1375,24.319396507171902,LightGBM
2026-03-16 00:00:00+00:00,3,20.0575,24.795999730494156,LightGBM
2026-03-16 00:00:00+00:00,4,37.4275,24.78196502667238,LightGBM
2026-03-16 00:00:00+00:00,5,66.19,28.54045008187548,LightGBM
2026-03-16 00:00:00+00:00,6,95.5675,41.063574565111104,LightGBM
2026-03-16 00:00:00+00:00,7,95.9775,50.374525903874705,LightGBM
2026-03-16 00:00:00+00:00,8,73.105,53.25087403960096,LightGBM
2026-03-16 00:00:00+00:00,9,42.595,50.03768811914857,LightGBM
2026-03-16 00:00:00+00:00,10,17.365000000000002,43.67415336659317,LightGBM
2026-03-16 00:00:00+00:00,11,12.035,37.643318542209975,LightGBM
2026-03-16 00:00:00+00:00,12,15.88,34.87919297566779,LightGBM
2026-03-16 00:00:00+00:00,13,42.1725,32.13273310506317,LightGBM
2026-03-16 00:00:00+00:00,14,64.445,40.85478134143475,LightGBM
2026-03-16 00:00:00+00:00,15,106.21,45.1862881792099,LightGBM
2026-03-16 00:00:00+00:00,16,138.6025,48.817882410366636,LightGBM
2026-03-16 00:00:00+00:00,17,165.035,58.05726660719436,LightGBM
2026-03-16 00:00:00+00:00,18,179.8875,60.08280378237444,LightGBM
2026-03-16 00:00:00+00:00,19,154.785,59.47428252284718,LightGBM
2026-03-16 00:00:00+00:00,20,125.7125,47.63955512517513,LightGBM
2026-03-16 00:00:00+00:00,21,121.9125,45.82869833495685,LightGBM
2026-03-16 00:00:00+00:00,22,99.765,42.7299033761549,LightGBM
2026-03-16 00:00:00+00:00,23,113.665,37.79241922613233,LightGBM
2026-03-17 00:00:00+00:00,0,105.585,42.058325892865255,LightGBM
2026-03-17 00:00:00+00:00,1,106.4225,39.34442104288349,LightGBM
2026-03-17 00:00:00+00:00,2,106.5225,37.369834562711105,LightGBM
2026-03-17 00:00:00+00:00,3,110.03,34.32819902565589,LightGBM
2026-03-17 00:00:00+00:00,4,119.915,33.589018756078204,LightGBM
2026-03-17 00:00:00+00:00,5,147.965,36.38748352970882,LightGBM
2026-03-17 00:00:00+00:00,6,167.98,48.52612930284869,LightGBM
2026-03-17 00:00:00+00:00,7,152.5125,62.05863817999897,LightGBM
2026-03-17 00:00:00+00:00,8,124.0725,61.843811205987635,LightGBM
2026-03-17 00:00:00+00:00,9,108.64,55.80216500707242,LightGBM
2026-03-17 00:00:00+00:00,10,100.65,50.440700592361345,LightGBM
2026-03-17 00:00:00+00:00,11,95.2275,45.7225627868282,LightGBM
2026-03-17 00:00:00+00:00,12,96.765,47.67243574495293,LightGBM
2026-03-17 00:00:00+00:00,13,99.325,44.791794860721666,LightGBM
2026-03-17 00:00:00+00:00,14,112.1075,49.921502986910596,LightGBM
2026-03-17 00:00:00+00:00,15,131.7775,53.31263182214737,LightGBM
2026-03-17 00:00:00+00:00,16,162.2025,57.13869622021683,LightGBM
2026-03-17 00:00:00+00:00,17,207.2975,67.23658104470238,LightGBM
2026-03-17 00:00:00+00:00,18,170.3825,65.28412829464858,LightGBM
2026-03-17 00:00:00+00:00,19,144.2375,59.094090568696835,LightGBM
2026-03-17 00:00:00+00:00,20,129.79000000000002,46.21035536788387,LightGBM
2026-03-17 00:00:00+00:00,21,114.24,39.832842091528605,LightGBM
2026-03-17 00:00:00+00:00,22,100.4575,37.924628640098156,LightGBM
2026-03-17 00:00:00+00:00,23,89.8,30.204077852588675,LightGBM
2026-03-18 00:00:00+00:00,0,86.72749999999999,37.400745633304226,LightGBM
2026-03-18 00:00:00+00:00,1,85.685,34.926745893885276,LightGBM
2026-03-18 00:00:00+00:00,2,86.8675,31.99706536324252,LightGBM
2026-03-18 00:00:00+00:00,3,88.83500000000001,28.747107553351288,LightGBM
2026-03-18 00:00:00+00:00,4,100.055,26.93113007557514,LightGBM
2026-03-18 00:00:00+00:00,5,130.74,30.364482852426317,LightGBM
2026-03-18 00:00:00+00:00,6,133.5925,43.270346758713295,LightGBM
2026-03-18 00:00:00+00:00,7,99.9375,52.48817849320702,LightGBM
2026-03-18 00:00:00+00:00,8,62.95,55.18357300194868,LightGBM
2026-03-18 00:00:00+00:00,9,9.9975,53.06100487463254,LightGBM
2026-03-18 00:00:00+00:00,10,-1.62,49.60870075571774,LightGBM
2026-03-18 00:00:00+00:00,11,-2.31,43.42570990683056,LightGBM
2026-03-18 00:00:00+00:00,12,-2.7125,41.422518422282025,LightGBM
2026-03-18 00:00:00+00:00,13,0.2224999999999999,38.735954234324424,LightGBM
2026-03-18 00:00:00+00:00,14,47.19499999999999,45.01134411063548,LightGBM
2026-03-18 00:00:00+00:00,15,107.0325,49.145472184180434,LightGBM
2026-03-18 00:00:00+00:00,16,145.2125,52.33026278297553,LightGBM
2026-03-18 00:00:00+00:00,17,177.6225,63.43292993895657,LightGBM
2026-03-18 00:00:00+00:00,18,170.1975,65.41292445272934,LightGBM
2026-03-18 00:00:00+00:00,19,148.49,62.851866918595114,LightGBM
2026-03-18 00:00:00+00:00,20,132.0575,50.54680434510436,LightGBM
2026-03-18 00:00:00+00:00,21,123.775,45.98419322880019,LightGBM
2026-03-18 00:00:00+00:00,22,113.375,42.533721107083544,LightGBM
2026-03-18 00:00:00+00:00,23,109.25,38.41796413539104,LightGBM
2026-03-19 00:00:00+00:00,0,112.64,40.35175208725531,LightGBM
2026-03-19 00:00:00+00:00,1,113.9925,39.14676495567613,LightGBM
2026-03-19 00:00:00+00:00,2,115.525,36.625260744129335,LightGBM
2026-03-19 00:00:00+00:00,3,123.275,33.43169737092222,LightGBM
2026-03-19 00:00:00+00:00,4,132.78,33.22459423875936,LightGBM
2026-03-19 00:00:00+00:00,5,160.1275,36.10222306472285,LightGBM
2026-03-19 00:00:00+00:00,6,158.2425,48.357332502249776,LightGBM
2026-03-19 00:00:00+00:00,7,138.6025,61.1130885120755,LightGBM
2026-03-19 00:00:00+00:00,8,90.9025,58.81325544114852,LightGBM
2026-03-19 00:00:00+00:00,9,55.3,54.47631678240482,LightGBM
2026-03-19 00:00:00+00:00,10,7.869999999999999,45.522324210801116,LightGBM
2026-03-19 00:00:00+00:00,11,0.0,38.12988834537361,LightGBM
2026-03-19 00:00:00+00:00,12,2.53,36.859625948909965,LightGBM
2026-03-19 00:00:00+00:00,13,43.715,36.61422845827896,LightGBM
2026-03-19 00:00:00+00:00,14,85.9475,46.07879646642029,LightGBM
2026-03-19 00:00:00+00:00,15,120.3475,53.28481264836458,LightGBM
2026-03-19 00:00:00+00:00,16,152.175,58.812577872893286,LightGBM
2026-03-19 00:00:00+00:00,17,209.2675,70.96277295274031,LightGBM
2026-03-19 00:00:00+00:00,18,214.3825,70.07699364389909,LightGBM
2026-03-19 00:00:00+00:00,19,163.37,68.14339505928892,LightGBM
2026-03-19 00:00:00+00:00,20,149.04000000000002,55.55837621697987,LightGBM
2026-03-19 00:00:00+00:00,21,139.55,50.07229200243369,LightGBM
2026-03-19 00:00:00+00:00,22,132.2375,46.58495624023132,LightGBM
2026-03-19 00:00:00+00:00,23,143.5625,39.84124274113969,LightGBM
2026-03-20 00:00:00+00:00,0,137.96,41.98425200458393,LightGBM
2026-03-20 00:00:00+00:00,1,135.6425,39.306155789710814,LightGBM
2026-03-20 00:00:00+00:00,2,137.475,36.33773193845789,LightGBM
2026-03-20 00:00:00+00:00,3,138.905,33.577741581552665,LightGBM
2026-03-20 00:00:00+00:00,4,154.59,32.47312822647664,LightGBM
2026-03-20 00:00:00+00:00,5,192.295,36.3917723756476,LightGBM
2026-03-20 00:00:00+00:00,6,197.6425,48.35579688433408,LightGBM
2026-03-20 00:00:00+00:00,7,161.3025,62.4840332763962,LightGBM
2026-03-20 00:00:00+00:00,8,132.0075,60.31429372566939,LightGBM
2026-03-20 00:00:00+00:00,9,101.085,53.1143800335232,LightGBM
2026-03-20 00:00:00+00:00,10,78.4725,46.940452051460134,LightGBM
2026-03-20 00:00:00+00:00,11,65.61,40.90546124478396,LightGBM
2026-03-20 00:00:00+00:00,12,65.61,44.917525612011374,LightGBM
2026-03-20 00:00:00+00:00,13,87.4,39.79910649771671,LightGBM
2026-03-20 00:00:00+00:00,14,117.155,49.24956577588343,LightGBM
2026-03-20 00:00:00+00:00,15,144.675,52.74667259486672,LightGBM
2026-03-20 00:00:00+00:00,16,174.8175,55.910547064533404,LightGBM
2026-03-20 00:00:00+00:00,17,211.005,73.38411726863743,LightGBM
2026-03-20 00:00:00+00:00,18,212.31,69.48225762348359,LightGBM
2026-03-20 00:00:00+00:00,19,180.035,65.99523542597726,LightGBM
2026-03-20 00:00:00+00:00,20,163.05,55.070133950561186,LightGBM
2026-03-20 00:00:00+00:00,21,151.8525,47.61089965382098,LightGBM
2026-03-20 00:00:00+00:00,22,148.125,46.43250008823271,LightGBM
2026-03-20 00:00:00+00:00,23,142.3975,40.43914121347831,LightGBM
2026-03-21 00:00:00+00:00,0,138.3425,43.102826911097914,LightGBM
2026-03-21 00:00:00+00:00,1,136.085,40.316156474836276,LightGBM
2026-03-21 00:00:00+00:00,2,132.0575,37.87023774778849,LightGBM
2026-03-21 00:00:00+00:00,3,131.1925,35.21919141154841,LightGBM
2026-03-21 00:00:00+00:00,4,137.665,33.68295112064902,LightGBM
2026-03-21 00:00:00+00:00,5,142.34,37.38476823541082,LightGBM
2026-03-21 00:00:00+00:00,6,139.6625,47.82394151404312,LightGBM
2026-03-21 00:00:00+00:00,7,127.265,64.07343819397339,LightGBM
2026-03-21 00:00:00+00:00,8,100.5775,64.35920783765835,LightGBM
2026-03-21 00:00:00+00:00,9,76.4725,57.756147723783144,LightGBM
2026-03-21 00:00:00+00:00,10,45.9,52.300445679042596,LightGBM
2026-03-21 00:00:00+00:00,11,23.49,50.496056476860886,LightGBM
2026-03-21 00:00:00+00:00,12,24.27,53.62425410633365,LightGBM
2026-03-21 00:00:00+00:00,13,62.9275,49.18812967754379,LightGBM
2026-03-21 00:00:00+00:00,14,90.0,53.12376192927011,LightGBM
2026-03-21 00:00:00+00:00,15,115.665,55.42740143599056,LightGBM
2026-03-21 00:00:00+00:00,16,146.025,58.07142479514863,LightGBM
2026-03-21 00:00:00+00:00,17,171.6175,67.97775957132328,LightGBM
2026-03-21 00:00:00+00:00,18,163.10500000000002,65.4358194388576,LightGBM
2026-03-21 00:00:00+00:00,19,141.8275,58.418520074047365,LightGBM
2026-03-21 00:00:00+00:00,20,126.875,47.53540962022513,LightGBM
2026-03-21 00:00:00+00:00,21,120.2425,43.1080117567508,LightGBM
2026-03-21 00:00:00+00:00,22,108.0,42.3614595863802,LightGBM
2026-03-21 00:00:00+00:00,23,100.4125,37.522127894000874,LightGBM
2026-03-22 00:00:00+00:00,0,95.755,39.479966768623385,LightGBM
2026-03-22 00:00:00+00:00,1,94.2025,36.427574369480894,LightGBM
2026-03-22 00:00:00+00:00,2,95.26,34.14544960650411,LightGBM
2026-03-22 00:00:00+00:00,3,98.5975,31.370623448208214,LightGBM
2026-03-22 00:00:00+00:00,4,101.6625,32.27489443225613,LightGBM
2026-03-22 00:00:00+00:00,5,100.105,34.08318587944453,LightGBM
2026-03-22 00:00:00+00:00,6,84.71,45.98687670760721,LightGBM
2026-03-22 00:00:00+00:00,7,41.33,56.516569066691204,LightGBM
2026-03-22 00:00:00+00:00,8,6.7725,57.87975746715339,LightGBM
2026-03-22 00:00:00+00:00,9,-0.43,53.56931890001932,LightGBM
2026-03-22 00:00:00+00:00,10,-4.3625,47.5230181518702,LightGBM
2026-03-22 00:00:00+00:00,11,-11.76,40.930447130181754,LightGBM
2026-03-22 00:00:00+00:00,12,-10.31,42.572929619797875,LightGBM
2026-03-22 00:00:00+00:00,13,-2.1775,38.84273238822646,LightGBM
2026-03-22 00:00:00+00:00,14,11.25,49.17367904619285,LightGBM
2026-03-22 00:00:00+00:00,15,93.1525,54.20929123672285,LightGBM
2026-03-22 00:00:00+00:00,16,145.635,58.15370020865509,LightGBM
2026-03-22 00:00:00+00:00,17,174.19,72.0876231844916,LightGBM
2026-03-22 00:00:00+00:00,18,173.3825,72.14345759726096,LightGBM
2026-03-22 00:00:00+00:00,19,164.7325,68.54023882236979,LightGBM
2026-03-22 00:00:00+00:00,20,155.3775,55.72349535548014,LightGBM
2026-03-22 00:00:00+00:00,21,146.7975,50.73692308457852,LightGBM
2026-03-22 00:00:00+00:00,22,143.505,48.436531841866454,LightGBM
2026-03-22 00:00:00+00:00,23,131.13750000000002,42.66505426255923,LightGBM
2026-03-23 00:00:00+00:00,0,125.9,41.75321141044082,LightGBM
2026-03-23 00:00:00+00:00,1,125.16,39.06562451664184,LightGBM
2026-03-23 00:00:00+00:00,2,128.5875,36.79846920418835,LightGBM
2026-03-23 00:00:00+00:00,3,138.26749999999998,33.91267311034012,LightGBM
2026-03-23 00:00:00+00:00,4,155.72,32.92448040616537,LightGBM
2026-03-23 00:00:00+00:00,5,182.29,36.27459972122351,LightGBM
2026-03-23 00:00:00+00:00,6,186.185,48.804646951936235,LightGBM
2026-03-23 00:00:00+00:00,7,147.60500000000002,63.580753287284416,LightGBM
2026-03-23 00:00:00+00:00,8,108.0,59.608447346585926,LightGBM
2026-03-23 00:00:00+00:00,9,81.4325,53.99877230890026,LightGBM
2026-03-23 00:00:00+00:00,10,48.0825,48.03699291986863,LightGBM
2026-03-23 00:00:00+00:00,11,49.255,40.492041133241194,LightGBM
2026-03-23 00:00:00+00:00,12,74.875,42.9223720091788,LightGBM
2026-03-23 00:00:00+00:00,13,94.98,41.31201948969542,LightGBM
2026-03-23 00:00:00+00:00,14,114.4525,51.208916330018646,LightGBM
2026-03-23 00:00:00+00:00,15,138.5425,56.73978565474956,LightGBM
2026-03-23 00:00:00+00:00,16,190.775,60.56741559407426,LightGBM
2026-03-23 00:00:00+00:00,17,263.01,73.18125034914972,LightGBM
2026-03-23 00:00:00+00:00,18,241.56,75.71592551424425,LightGBM
2026-03-23 00:00:00+00:00,19,206.5875,73.53328918180381,LightGBM
2026-03-23 00:00:00+00:00,20,177.32,59.29230496604853,LightGBM
2026-03-23 00:00:00+00:00,21,155.74,51.879952759081974,LightGBM
2026-03-23 00:00:00+00:00,22,140.45,48.28780768430885,LightGBM
2026-03-23 00:00:00+00:00,23,141.0625,41.43160545493216,LightGBM
2026-03-24 00:00:00+00:00,0,124.3175,39.8458125963279,LightGBM
2026-03-24 00:00:00+00:00,1,109.9975,36.84330158765635,LightGBM
2026-03-24 00:00:00+00:00,2,101.64,34.365962691921304,LightGBM
2026-03-24 00:00:00+00:00,3,100.375,30.951197120645972,LightGBM
2026-03-24 00:00:00+00:00,4,100.9725,28.44228262787223,LightGBM
2026-03-24 00:00:00+00:00,5,110.8175,31.435958299741863,LightGBM
2026-03-24 00:00:00+00:00,6,113.0475,43.79201654885451,LightGBM
2026-03-24 00:00:00+00:00,7,97.4575,55.15277517959716,LightGBM
2026-03-24 00:00:00+00:00,8,70.905,53.92725676336056,LightGBM
2026-03-24 00:00:00+00:00,9,23.7275,50.28461793093774,LightGBM
2026-03-24 00:00:00+00:00,10,1.195,47.67644917124714,LightGBM
2026-03-24 00:00:00+00:00,11,-0.01,41.517596260310526,LightGBM
2026-03-24 00:00:00+00:00,12,-0.02,42.13399092668287,LightGBM
2026-03-24 00:00:00+00:00,13,-0.0025,37.70719196151041,LightGBM
2026-03-24 00:00:00+00:00,14,19.9975,41.10461501159626,LightGBM
2026-03-24 00:00:00+00:00,15,77.4325,43.025768345032354,LightGBM
2026-03-24 00:00:00+00:00,16,112.84,45.44643401773489,LightGBM
2026-03-24 00:00:00+00:00,17,135.8425,51.042106872935754,LightGBM
2026-03-24 00:00:00+00:00,18,137.9925,47.77056741241597,LightGBM
2026-03-24 00:00:00+00:00,19,101.1,42.30806441254344,LightGBM
2026-03-24 00:00:00+00:00,20,74.4975,36.536387612221795,LightGBM
2026-03-24 00:00:00+00:00,21,66.1025,33.005534372477634,LightGBM
2026-03-24 00:00:00+00:00,22,22.0975,33.03288361102483,LightGBM
2026-03-24 00:00:00+00:00,23,1.81,20.52132668153791,LightGBM
2026-03-25 00:00:00+00:00,0,0.3675,13.396310149414363,LightGBM
2026-03-25 00:00:00+00:00,1,-0.0025,14.068478449730517,LightGBM
2026-03-25 00:00:00+00:00,2,-0.01,12.075989533230851,LightGBM
2026-03-25 00:00:00+00:00,3,-0.005,15.088298477541132,LightGBM
2026-03-25 00:00:00+00:00,4,0.365,15.246454595901408,LightGBM
2026-03-25 00:00:00+00:00,5,3.6425,21.932588047655834,LightGBM
2026-03-25 00:00:00+00:00,6,8.9025,38.72964260492642,LightGBM
2026-03-25 00:00:00+00:00,7,0.9075,49.15940564155289,LightGBM
2026-03-25 00:00:00+00:00,8,-0.03,48.19754565877357,LightGBM
2026-03-25 00:00:00+00:00,9,-0.0275,43.33417927454812,LightGBM
2026-03-25 00:00:00+00:00,10,-0.01,42.504196004426625,LightGBM
2026-03-25 00:00:00+00:00,11,-0.01,33.75615737837301,LightGBM
2026-03-25 00:00:00+00:00,12,-0.01,30.76225380567648,LightGBM
2026-03-25 00:00:00+00:00,13,0.0075,30.768094933135455,LightGBM
2026-03-25 00:00:00+00:00,14,4.775,35.07060938892141,LightGBM
2026-03-25 00:00:00+00:00,15,41.9025,38.36688486736415,LightGBM
2026-03-25 00:00:00+00:00,16,98.8375,40.92541497384878,LightGBM
2026-03-25 00:00:00+00:00,17,134.82999999999998,46.75997113679353,LightGBM
2026-03-25 00:00:00+00:00,18,161.925,47.06889996369556,LightGBM
2026-03-25 00:00:00+00:00,19,134.9075,42.88284522838978,LightGBM
2026-03-25 00:00:00+00:00,20,114.46,34.010870544067664,LightGBM
2026-03-25 00:00:00+00:00,21,108.1,31.778790811913993,LightGBM
2026-03-25 00:00:00+00:00,22,88.80250000000001,26.449278492163543,LightGBM
2026-03-25 00:00:00+00:00,23,99.6375,17.04296819935724,LightGBM
2026-03-26 00:00:00+00:00,0,95.0725,33.18340864831954,LightGBM
2026-03-26 00:00:00+00:00,1,91.605,31.907568305126865,LightGBM
2026-03-26 00:00:00+00:00,2,94.87,27.59859887860883,LightGBM
2026-03-26 00:00:00+00:00,3,97.5775,26.063680002247693,LightGBM
2026-03-26 00:00:00+00:00,4,105.2675,24.409442357081772,LightGBM
2026-03-26 00:00:00+00:00,5,120.28,29.180906520450183,LightGBM
2026-03-26 00:00:00+00:00,6,137.345,41.45477860414615,LightGBM
2026-03-26 00:00:00+00:00,7,125.79,49.6450822835321,LightGBM
2026-03-26 00:00:00+00:00,8,87.41499999999999,51.981837035928926,LightGBM
2026-03-26 00:00:00+00:00,9,41.8525,47.34277394301802,LightGBM
2026-03-26 00:00:00+00:00,10,13.74,42.118369778292625,LightGBM
2026-03-26 00:00:00+00:00,11,3.12,35.37117671621962,LightGBM
2026-03-26 00:00:00+00:00,12,0.6300000000000001,31.543971777907508,LightGBM
2026-03-26 00:00:00+00:00,13,5.9025,29.826382068245294,LightGBM
2026-03-26 00:00:00+00:00,14,37.435,37.10975987961796,LightGBM
2026-03-26 00:00:00+00:00,15,75.8175,40.10043785520968,LightGBM
2026-03-26 00:00:00+00:00,16,115.9225,42.371624001640086,LightGBM
2026-03-26 00:00:00+00:00,17,155.4175,50.27064720496512,LightGBM
2026-03-26 00:00:00+00:00,18,167.22,51.58140585920629,LightGBM
2026-03-26 00:00:00+00:00,19,153.745,49.5172205415907,LightGBM
2026-03-26 00:00:00+00:00,20,130.505,42.90946796944988,LightGBM
2026-03-26 00:00:00+00:00,21,124.3725,40.39232129083253,LightGBM
2026-03-26 00:00:00+00:00,22,115.025,37.47483835949174,LightGBM
2026-03-26 00:00:00+00:00,23,119.3925,29.03319789874665,LightGBM
2026-03-27 00:00:00+00:00,0,119.5,40.082680808909586,LightGBM
2026-03-27 00:00:00+00:00,1,117.3425,37.98729150296299,LightGBM
2026-03-27 00:00:00+00:00,2,117.8325,36.60647968855682,LightGBM
2026-03-27 00:00:00+00:00,3,120.2475,34.087754383312166,LightGBM
2026-03-27 00:00:00+00:00,4,136.4625,33.48893177720416,LightGBM
2026-03-27 00:00:00+00:00,5,172.63,35.52043509290386,LightGBM
2026-03-27 00:00:00+00:00,6,176.395,48.1055728992862,LightGBM
2026-03-27 00:00:00+00:00,7,147.5575,58.5092663989333,LightGBM
2026-03-27 00:00:00+00:00,8,114.0025,57.48259232380747,LightGBM
2026-03-27 00:00:00+00:00,9,87.25999999999999,51.17904569154914,LightGBM
2026-03-27 00:00:00+00:00,10,72.81,45.93191837872623,LightGBM
2026-03-27 00:00:00+00:00,11,63.31999999999999,38.89565533040968,LightGBM
2026-03-27 00:00:00+00:00,12,59.6,37.0468758190399,LightGBM
2026-03-27 00:00:00+00:00,13,74.075,37.0658747951405,LightGBM
2026-03-27 00:00:00+00:00,14,92.3225,43.46514835406696,LightGBM
2026-03-27 00:00:00+00:00,15,103.0825,49.53422017292591,LightGBM
2026-03-27 00:00:00+00:00,16,139.05,53.09283305048799,LightGBM
2026-03-27 00:00:00+00:00,17,158.9325,60.68916705075517,LightGBM
2026-03-27 00:00:00+00:00,18,168.245,64.01047371088367,LightGBM
2026-03-27 00:00:00+00:00,19,142.89,59.6083035098486,LightGBM
2026-03-27 00:00:00+00:00,20,118.995,46.396043990604895,LightGBM
2026-03-27 00:00:00+00:00,21,116.66,41.200196525674485,LightGBM
2026-03-27 00:00:00+00:00,22,106.0125,39.54478910373916,LightGBM
2026-03-27 00:00:00+00:00,23,95.135,32.57149544342131,LightGBM
2026-03-28 00:00:00+00:00,0,92.665,36.90080626984589,LightGBM
2026-03-28 00:00:00+00:00,1,89.5475,35.85616740800712,LightGBM
2026-03-28 00:00:00+00:00,2,87.2625,31.355071988311895,LightGBM
2026-03-28 00:00:00+00:00,3,88.1175,29.537940747754007,LightGBM
2026-03-28 00:00:00+00:00,4,91.6125,27.77347861497094,LightGBM
2026-03-28 00:00:00+00:00,5,87.92,32.37538438883467,LightGBM
2026-03-28 00:00:00+00:00,6,79.185,44.69782846950192,LightGBM
2026-03-28 00:00:00+00:00,7,68.3,53.76957063497252,LightGBM
2026-03-28 00:00:00+00:00,8,44.9075,54.79397922798402,LightGBM
2026-03-28 00:00:00+00:00,9,17.5825,53.60963060100594,LightGBM
2026-03-28 00:00:00+00:00,10,7.6425,48.900633028160144,LightGBM
2026-03-28 00:00:00+00:00,11,6.695,46.82443804578351,LightGBM
2026-03-28 00:00:00+00:00,12,7.8475,49.23639311939601,LightGBM
2026-03-28 00:00:00+00:00,13,20.475,44.79710031505255,LightGBM
2026-03-28 00:00:00+00:00,14,54.2425,51.174475912501634,LightGBM
2026-03-28 00:00:00+00:00,15,81.05250000000001,53.96038774942666,LightGBM
2026-03-28 00:00:00+00:00,16,110.34,56.79980096376385,LightGBM
2026-03-28 00:00:00+00:00,17,138.925,68.7855900238585,LightGBM
2026-03-28 00:00:00+00:00,18,154.07,66.18019787530412,LightGBM
2026-03-28 00:00:00+00:00,19,143.9525,62.99156937935952,LightGBM
2026-03-28 00:00:00+00:00,20,131.595,51.94941957394344,LightGBM
2026-03-28 00:00:00+00:00,21,125.33,46.82118269697881,LightGBM
2026-03-28 00:00:00+00:00,22,119.58,44.24159670778688,LightGBM
2026-03-28 00:00:00+00:00,23,114.56,40.01702652686805,LightGBM
2026-03-29 00:00:00+00:00,0,107.6975,39.87772429332382,LightGBM
2026-03-29 00:00:00+00:00,1,101.165,36.90572249139452,LightGBM
2026-03-29 00:00:00+00:00,2,105.225,35.29897805904134,LightGBM
2026-03-29 00:00:00+00:00,3,104.605,31.991164221954733,LightGBM
2026-03-29 00:00:00+00:00,4,109.755,31.343271589219185,LightGBM
2026-03-29 00:00:00+00:00,5,115.03,33.396023612092215,LightGBM
2026-03-29 00:00:00+00:00,6,114.8425,45.383365623646704,LightGBM
2026-03-29 00:00:00+00:00,7,94.3975,58.381922633623525,LightGBM
2026-03-29 00:00:00+00:00,8,74.8075,56.61891557078296,LightGBM
2026-03-29 00:00:00+00:00,9,44.6975,51.82392674588685,LightGBM
2026-03-29 00:00:00+00:00,10,9.73,46.10070170277499,LightGBM
2026-03-29 00:00:00+00:00,11,-0.005,36.974453463489034,LightGBM
2026-03-29 00:00:00+00:00,12,-1.785,37.09733088695904,LightGBM
2026-03-29 00:00:00+00:00,13,-2.1,32.880203053623276,LightGBM
2026-03-29 00:00:00+00:00,14,0.8724999999999999,39.334964219898914,LightGBM
2026-03-29 00:00:00+00:00,15,33.31,42.335402140695244,LightGBM
2026-03-29 00:00:00+00:00,16,89.25999999999999,41.91091100010643,LightGBM
2026-03-29 00:00:00+00:00,17,105.6775,51.519328628657895,LightGBM
2026-03-29 00:00:00+00:00,18,95.18,49.84482554816609,LightGBM
2026-03-29 00:00:00+00:00,19,74.8125,44.8789605739987,LightGBM
2026-03-29 00:00:00+00:00,20,66.85,37.050026585225055,LightGBM
2026-03-29 00:00:00+00:00,21,25.635,32.86921685716621,LightGBM
2026-03-29 00:00:00+00:00,22,9.1975,32.829659659463275,LightGBM
2026-03-29 00:00:00+00:00,23,2.3000000000000003,19.029579592910814,LightGBM
2026-03-30 00:00:00+00:00,0,5.02,8.536521725091449,LightGBM
2026-03-30 00:00:00+00:00,1,3.825,8.512936784448032,LightGBM
2026-03-30 00:00:00+00:00,2,4.3575,8.047974620896397,LightGBM
2026-03-30 00:00:00+00:00,3,18.4225,11.615057314765476,LightGBM
2026-03-30 00:00:00+00:00,4,66.87,12.435232461656746,LightGBM
2026-03-30 00:00:00+00:00,5,90.3125,19.650887560247877,LightGBM
2026-03-30 00:00:00+00:00,6,109.2225,35.45368171508005,LightGBM
2026-03-30 00:00:00+00:00,7,96.8375,45.76599846094653,LightGBM
2026-03-30 00:00:00+00:00,8,73.8475,46.89219452412172,LightGBM
2026-03-30 00:00:00+00:00,9,45.9975,43.47888693681642,LightGBM
2026-03-30 00:00:00+00:00,10,23.5875,40.408873299843634,LightGBM
2026-03-30 00:00:00+00:00,11,11.4,32.28812873184318,LightGBM
2026-03-30 00:00:00+00:00,12,7.5425,30.457265866697757,LightGBM
2026-03-30 00:00:00+00:00,13,12.9375,28.276644675101114,LightGBM
2026-03-30 00:00:00+00:00,14,35.145,33.17637674015556,LightGBM
2026-03-30 00:00:00+00:00,15,77.45,36.722891208840366,LightGBM
2026-03-30 00:00:00+00:00,16,104.8275,39.682924460238695,LightGBM
2026-03-30 00:00:00+00:00,17,121.6525,46.64989515320922,LightGBM
2026-03-30 00:00:00+00:00,18,125.6075,47.05861325468401,LightGBM
2026-03-30 00:00:00+00:00,19,126.165,41.35249544756943,LightGBM
2026-03-30 00:00:00+00:00,20,121.175,36.34714798155295,LightGBM
2026-03-30 00:00:00+00:00,21,108.88,31.462304052646463,LightGBM
2026-03-30 00:00:00+00:00,22,109.245,29.137597674986484,LightGBM
2026-03-30 00:00:00+00:00,23,102.68,18.51702865355585,LightGBM
2026-03-31 00:00:00+00:00,0,101.26,36.667550204429844,LightGBM
2026-03-31 00:00:00+00:00,1,100.535,34.77628858310198,LightGBM
2026-03-31 00:00:00+00:00,2,101.68,31.233311133043173,LightGBM
2026-03-31 00:00:00+00:00,3,108.0425,29.480855821406916,LightGBM
2026-03-31 00:00:00+00:00,4,137.1975,27.58892401877254,LightGBM
2026-03-31 00:00:00+00:00,5,152.125,30.93052251668071,LightGBM
2026-03-31 00:00:00+00:00,6,163.79,44.86367581999191,LightGBM
2026-03-31 00:00:00+00:00,7,135.555,53.02602913166379,LightGBM
2026-03-31 00:00:00+00:00,8,104.255,52.77483306538184,LightGBM
2026-03-31 00:00:00+00:00,9,87.35,47.592875506797334,LightGBM
2026-03-31 00:00:00+00:00,10,78.67,43.89745866040251,LightGBM
2026-03-31 00:00:00+00:00,11,55.225,35.35756266214971,LightGBM
2026-03-31 00:00:00+00:00,12,53.4875,33.280313915595976,LightGBM
2026-03-31 00:00:00+00:00,13,63.0525,32.950044287854375,LightGBM
2026-03-31 00:00:00+00:00,14,82.2175,40.88890216565336,LightGBM
2026-03-31 00:00:00+00:00,15,110.9675,46.03176401304063,LightGBM
2026-03-31 00:00:00+00:00,16,151.0,48.73552498551621,LightGBM
2026-03-31 00:00:00+00:00,17,175.0025,61.805345720888845,LightGBM
2026-03-31 00:00:00+00:00,18,176.005,62.60665996255787,LightGBM
2026-03-31 00:00:00+00:00,19,171.725,62.232242557811624,LightGBM
2026-03-31 00:00:00+00:00,20,158.32999999999998,51.377953564798,LightGBM
2026-03-31 00:00:00+00:00,21,148.475,47.73069934088896,LightGBM
2026-03-31 00:00:00+00:00,22,145.51,45.09689579882874,LightGBM
2026-03-31 00:00:00+00:00,23,129.48749999999998,40.763966822634345,LightGBM
2026-04-01 00:00:00+00:00,0,125.345,41.57658087621203,LightGBM
2026-04-01 00:00:00+00:00,1,129.4275,39.37475005111198,LightGBM
2026-04-01 00:00:00+00:00,2,136.025,37.392599886252626,LightGBM
2026-04-01 00:00:00+00:00,3,149.115,34.29646881768112,LightGBM
2026-04-01 00:00:00+00:00,4,180.835,33.078953190313364,LightGBM
2026-04-01 00:00:00+00:00,5,226.9475,37.25829147345616,LightGBM
2026-04-01 00:00:00+00:00,6,199.9775,48.55556509604212,LightGBM
2026-04-01 00:00:00+00:00,7,171.515,62.59673426726637,LightGBM
2026-04-01 00:00:00+00:00,8,139.8,61.05130692942493,LightGBM
2026-04-01 00:00:00+00:00,9,128.0775,56.921142072835615,LightGBM
2026-04-01 00:00:00+00:00,10,115.0525,51.064560969155586,LightGBM
2026-04-01 00:00:00+00:00,11,93.835,44.144754692961534,LightGBM
2026-04-01 00:00:00+00:00,12,86.3325,43.973505350601,LightGBM
2026-04-01 00:00:00+00:00,13,93.8375,41.328149591471714,LightGBM
2026-04-01 00:00:00+00:00,14,105.515,49.05048689022554,LightGBM
2026-04-01 00:00:00+00:00,15,130.12,52.85823744354807,LightGBM
2026-04-01 00:00:00+00:00,16,152.095,57.57254490224672,LightGBM
2026-04-01 00:00:00+00:00,17,188.665,72.62367014297568,LightGBM
2026-04-01 00:00:00+00:00,18,181.1925,72.50548940175588,LightGBM
2026-04-01 00:00:00+00:00,19,165.8225,67.5023008962214,LightGBM
2026-04-01 00:00:00+00:00,20,152.8225,56.50207782556595,LightGBM
2026-04-01 00:00:00+00:00,21,133.7825,48.932815416377906,LightGBM
2026-04-01 00:00:00+00:00,22,127.1725,45.943614738053654,LightGBM
2026-04-01 00:00:00+00:00,23,118.995,40.261590168788594,LightGBM
2026-04-02 00:00:00+00:00,0,114.13,41.07392022638479,LightGBM
2026-04-02 00:00:00+00:00,1,109.185,39.64362570232476,LightGBM
2026-04-02 00:00:00+00:00,2,107.41,36.42615653380136,LightGBM
2026-04-02 00:00:00+00:00,3,119.2925,32.78669336003769,LightGBM
2026-04-02 00:00:00+00:00,4,152.0525,32.08972610252433,LightGBM
2026-04-02 00:00:00+00:00,5,160.0075,34.10861474666084,LightGBM
2026-04-02 00:00:00+00:00,6,157.6575,45.287155103814285,LightGBM
2026-04-02 00:00:00+00:00,7,114.2775,59.59513193613387,LightGBM
2026-04-02 00:00:00+00:00,8,90.6625,58.610911574992386,LightGBM
2026-04-02 00:00:00+00:00,9,74.25,54.08054553351331,LightGBM
2026-04-02 00:00:00+00:00,10,59.745000000000005,49.43858724578595,LightGBM
2026-04-02 00:00:00+00:00,11,42.455,43.03882931565631,LightGBM
2026-04-02 00:00:00+00:00,12,52.86,42.076513459296685,LightGBM
2026-04-02 00:00:00+00:00,13,73.77,39.76123724122184,LightGBM
2026-04-02 00:00:00+00:00,14,92.7575,46.691272648470715,LightGBM
2026-04-02 00:00:00+00:00,15,108.81,50.50899691634104,LightGBM
2026-04-02 00:00:00+00:00,16,134.385,53.23092816749937,LightGBM
2026-04-02 00:00:00+00:00,17,161.84,62.758505986634894,LightGBM
2026-04-02 00:00:00+00:00,18,159.635,61.583404573906996,LightGBM
2026-04-02 00:00:00+00:00,19,146.5225,61.145983201637854,LightGBM
2026-04-02 00:00:00+00:00,20,134.9975,49.31003425741336,LightGBM
2026-04-02 00:00:00+00:00,21,123.97,46.132983888209786,LightGBM
2026-04-02 00:00:00+00:00,22,133.6,44.21868137871252,LightGBM
2026-04-02 00:00:00+00:00,23,121.985,39.439030012728125,LightGBM
2026-04-03 00:00:00+00:00,0,119.515,40.827806315188056,LightGBM
2026-04-03 00:00:00+00:00,1,117.6675,38.21427751286855,LightGBM
2026-04-03 00:00:00+00:00,2,120.1825,36.27817359782233,LightGBM
2026-04-03 00:00:00+00:00,3,123.4025,32.75527194205707,LightGBM
2026-04-03 00:00:00+00:00,4,133.125,31.57760682655351,LightGBM
2026-04-03 00:00:00+00:00,5,135.8625,33.876718679133795,LightGBM
2026-04-03 00:00:00+00:00,6,131.04250000000002,46.18356599669758,LightGBM
2026-04-03 00:00:00+00:00,7,113.18,60.2558957888165,LightGBM
2026-04-03 00:00:00+00:00,8,85.585,59.93206680221734,LightGBM
2026-04-03 00:00:00+00:00,9,52.9575,55.05970418366458,LightGBM
2026-04-03 00:00:00+00:00,10,27.01,49.05318969814743,LightGBM
2026-04-03 00:00:00+00:00,11,9.945,41.810981910793274,LightGBM
2026-04-03 00:00:00+00:00,12,1.6525,41.05763389053902,LightGBM
2026-04-03 00:00:00+00:00,13,3.05,36.127530508207954,LightGBM
2026-04-03 00:00:00+00:00,14,23.942500000000003,41.55564041838837,LightGBM
2026-04-03 00:00:00+00:00,15,66.7975,43.31334298396607,LightGBM
2026-04-03 00:00:00+00:00,16,88.9725,45.32327730299936,LightGBM
2026-04-03 00:00:00+00:00,17,99.39,50.00987656309072,LightGBM
2026-04-03 00:00:00+00:00,18,96.3375,50.008342714238005,LightGBM
2026-04-03 00:00:00+00:00,19,84.2025,43.579778996223624,LightGBM
2026-04-03 00:00:00+00:00,20,81.28,37.62126214963369,LightGBM
2026-04-03 00:00:00+00:00,21,60.5875,32.67649929012894,LightGBM
2026-04-03 00:00:00+00:00,22,9.7275,32.38133353832795,LightGBM
2026-04-03 00:00:00+00:00,23,8.955,20.229292715018488,LightGBM
2026-04-04 00:00:00+00:00,0,6.4325,10.68762927021283,LightGBM
2026-04-04 00:00:00+00:00,1,1.9875,13.512986951388338,LightGBM
2026-04-04 00:00:00+00:00,2,6.4025,11.144288252265726,LightGBM
2026-04-04 00:00:00+00:00,3,11.735,14.102647487256657,LightGBM
2026-04-04 00:00:00+00:00,4,13.3625,14.555420368774243,LightGBM
2026-04-04 00:00:00+00:00,5,19.2675,22.18727907478676,LightGBM
2026-04-04 00:00:00+00:00,6,16.695,40.17342098074927,LightGBM
2026-04-04 00:00:00+00:00,7,6.6,48.30421489665365,LightGBM
2026-04-04 00:00:00+00:00,8,1.81,50.04216475560691,LightGBM
2026-04-04 00:00:00+00:00,9,-0.01,43.859774335338884,LightGBM
2026-04-04 00:00:00+00:00,10,-0.2475,42.04081842177135,LightGBM
2026-04-04 00:00:00+00:00,11,-0.035,32.80052209778885,LightGBM
2026-04-04 00:00:00+00:00,12,-0.0175,31.88192733330586,LightGBM
2026-04-04 00:00:00+00:00,13,0.025,31.42827338770617,LightGBM
2026-04-04 00:00:00+00:00,14,10.69,37.581832544113716,LightGBM
2026-04-04 00:00:00+00:00,15,62.735,44.40551171019033,LightGBM
2026-04-04 00:00:00+00:00,16,109.595,47.46666007139403,LightGBM
2026-04-04 00:00:00+00:00,17,149.8725,56.736139109098175,LightGBM
2026-04-04 00:00:00+00:00,18,135.74,55.575176730497155,LightGBM
2026-04-04 00:00:00+00:00,19,103.8375,51.60882241837166,LightGBM
2026-04-04 00:00:00+00:00,20,76.8075,39.391270670390554,LightGBM
2026-04-04 00:00:00+00:00,21,41.8325,35.02911862129691,LightGBM
2026-04-04 00:00:00+00:00,22,1.0575,29.828816513065302,LightGBM
2026-04-04 00:00:00+00:00,23,-0.005,18.66984135483611,LightGBM
2026-04-05 00:00:00+00:00,0,-0.3625,12.609054170866683,LightGBM
2026-04-05 00:00:00+00:00,1,-1.2075,12.616118276736819,LightGBM
2026-04-05 00:00:00+00:00,2,-1.6175,10.795027663137391,LightGBM
2026-04-05 00:00:00+00:00,3,-2.0425,13.038837400462098,LightGBM
2026-04-05 00:00:00+00:00,4,-2.995,13.90512841226716,LightGBM
2026-04-05 00:00:00+00:00,5,-1.29,20.554085747699464,LightGBM
2026-04-05 00:00:00+00:00,6,-2.43,34.45302869749002,LightGBM
2026-04-05 00:00:00+00:00,7,-10.5575,42.76869813885603,LightGBM
2026-04-05 00:00:00+00:00,8,-39.9675,43.83720769108199,LightGBM
2026-04-05 00:00:00+00:00,9,-71.3425,39.86007447094126,LightGBM
2026-04-05 00:00:00+00:00,10,-84.9525,36.55316850405306,LightGBM
2026-04-05 00:00:00+00:00,11,-105.175,28.191437229967416,LightGBM
2026-04-05 00:00:00+00:00,12,-98.705,27.494319813224738,LightGBM
2026-04-05 00:00:00+00:00,13,-66.9075,26.80925562594255,LightGBM
2026-04-05 00:00:00+00:00,14,-29.98,30.739437789582652,LightGBM
2026-04-05 00:00:00+00:00,15,-6.5875,34.83094993024742,LightGBM
2026-04-05 00:00:00+00:00,16,-0.1025,38.94327994139321,LightGBM
2026-04-05 00:00:00+00:00,17,20.0425,46.34503400186371,LightGBM
2026-04-05 00:00:00+00:00,18,33.35,45.06873099805955,LightGBM
2026-04-05 00:00:00+00:00,19,30.205,38.91514634605788,LightGBM
2026-04-05 00:00:00+00:00,20,30.3775,32.38999846168884,LightGBM
2026-04-05 00:00:00+00:00,21,19.0225,28.789261795705233,LightGBM
2026-04-05 00:00:00+00:00,22,3.24,21.793376909213094,LightGBM
2026-04-05 00:00:00+00:00,23,1.985,13.85249212766153,LightGBM
2026-04-06 00:00:00+00:00,0,1.04,5.352581492830389,LightGBM
2026-04-06 00:00:00+00:00,1,1.36,5.31847795010669,LightGBM
2026-04-06 00:00:00+00:00,2,1.06,3.9980900993577566,LightGBM
2026-04-06 00:00:00+00:00,3,2.11,5.870981388569686,LightGBM
2026-04-06 00:00:00+00:00,4,1.985,6.699448295537448,LightGBM
2026-04-06 00:00:00+00:00,5,1.3325,13.412415931894218,LightGBM
2026-04-06 00:00:00+00:00,6,-0.9425,32.57599183823339,LightGBM
2026-04-06 00:00:00+00:00,7,-11.105,38.657079868249774,LightGBM
2026-04-06 00:00:00+00:00,8,-26.0025,38.700086514606966,LightGBM
2026-04-06 00:00:00+00:00,9,-59.760000000000005,34.51976973083854,LightGBM
2026-04-06 00:00:00+00:00,10,-79.515,32.20622248889064,LightGBM
2026-04-06 00:00:00+00:00,11,-125.6375,26.67390025585038,LightGBM
2026-04-06 00:00:00+00:00,12,-123.535,23.02659363687726,LightGBM
2026-04-06 00:00:00+00:00,13,-84.6175,26.24063346349212,LightGBM
2026-04-06 00:00:00+00:00,14,-28.72,28.609665452603817,LightGBM
2026-04-06 00:00:00+00:00,15,-5.609999999999999,32.13030999971566,LightGBM
2026-04-06 00:00:00+00:00,16,48.625,34.62183494426714,LightGBM
2026-04-06 00:00:00+00:00,17,107.6875,43.91832203699063,LightGBM
2026-04-06 00:00:00+00:00,18,116.005,49.73738915647522,LightGBM
2026-04-06 00:00:00+00:00,19,109.2225,51.99761451433832,LightGBM
2026-04-06 00:00:00+00:00,20,113.8475,45.41668253874477,LightGBM
2026-04-06 00:00:00+00:00,21,108.805,40.59816181039822,LightGBM
2026-04-06 00:00:00+00:00,22,106.4,35.637496544519955,LightGBM
2026-04-06 00:00:00+00:00,23,101.295,32.8901170748338,LightGBM
2026-04-07 00:00:00+00:00,0,101.6475,37.73604021076009,LightGBM
2026-04-07 00:00:00+00:00,1,102.28,34.70232593433421,LightGBM
2026-04-07 00:00:00+00:00,2,105.135,31.39697036004204,LightGBM
2026-04-07 00:00:00+00:00,3,117.7675,30.167722608754353,LightGBM
2026-04-07 00:00:00+00:00,4,143.9125,28.168432791931757,LightGBM
2026-04-07 00:00:00+00:00,5,178.2625,30.420458853477022,LightGBM
2026-04-07 00:00:00+00:00,6,127.8575,45.12276489017055,LightGBM
2026-04-07 00:00:00+00:00,7,81.8025,50.854706337474425,LightGBM
2026-04-07 00:00:00+00:00,8,24.8875,50.74067019861616,LightGBM
2026-04-07 00:00:00+00:00,9,-0.0074999999999999,45.24373515340759,LightGBM
2026-04-07 00:00:00+00:00,10,-3.01,39.54511154888472,LightGBM
2026-04-07 00:00:00+00:00,11,-11.2875,33.58228911192242,LightGBM
2026-04-07 00:00:00+00:00,12,-11.23,28.881890436364042,LightGBM
2026-04-07 00:00:00+00:00,13,-4.205,30.334822255372114,LightGBM
2026-04-07 00:00:00+00:00,14,3.8,35.44301695069829,LightGBM
2026-04-07 00:00:00+00:00,15,79.9025,43.69699551946697,LightGBM
2026-04-07 00:00:00+00:00,16,137.995,46.95007289452993,LightGBM
2026-04-07 00:00:00+00:00,17,194.0275,59.307378175395556,LightGBM
2026-04-07 00:00:00+00:00,18,188.8825,62.194320418112035,LightGBM
2026-04-07 00:00:00+00:00,19,144.0025,58.31562714256161,LightGBM
2026-04-07 00:00:00+00:00,20,129.01,49.33643367577104,LightGBM
2026-04-07 00:00:00+00:00,21,118.2,43.59507822244861,LightGBM
2026-04-07 00:00:00+00:00,22,107.17,40.38506003425332,LightGBM
2026-04-07 00:00:00+00:00,23,102.21,35.19423564873453,LightGBM
2026-04-08 00:00:00+00:00,0,100.82,38.37467344176503,LightGBM
2026-04-08 00:00:00+00:00,1,103.4975,35.38284237643925,LightGBM
2026-04-08 00:00:00+00:00,2,107.5125,32.85636389492378,LightGBM
2026-04-08 00:00:00+00:00,3,116.9275,30.79893009651481,LightGBM
2026-04-08 00:00:00+00:00,4,149.79500000000002,30.539359961292426,LightGBM
2026-04-08 00:00:00+00:00,5,168.7975,32.01698154575587,LightGBM
2026-04-08 00:00:00+00:00,6,138.5075,44.54669233980938,LightGBM
2026-04-08 00:00:00+00:00,7,97.45,54.09401540779635,LightGBM
2026-04-08 00:00:00+00:00,8,51.12,52.706829738289265,LightGBM
2026-04-08 00:00:00+00:00,9,-0.0499999999999998,49.07190877863636,LightGBM
2026-04-08 00:00:00+00:00,10,-18.8275,41.260506558612335,LightGBM
2026-04-08 00:00:00+00:00,11,-32.78,35.87167796094528,LightGBM
2026-04-08 00:00:00+00:00,12,-29.735,32.79581847802227,LightGBM
2026-04-08 00:00:00+00:00,13,-13.155,33.14034483952289,LightGBM
2026-04-08 00:00:00+00:00,14,13.3525,38.41844640957675,LightGBM
2026-04-08 00:00:00+00:00,15,91.875,45.44466034912607,LightGBM
2026-04-08 00:00:00+00:00,16,134.2475,50.87420867519177,LightGBM
2026-04-08 00:00:00+00:00,17,170.0075,56.21883006963421,LightGBM
2026-04-08 00:00:00+00:00,18,160.5525,56.95954414773679,LightGBM
2026-04-08 00:00:00+00:00,19,137.10250000000002,51.64090137672897,LightGBM
2026-04-08 00:00:00+00:00,20,121.3925,44.10147153439169,LightGBM
2026-04-08 00:00:00+00:00,21,109.475,38.6736277419579,LightGBM
2026-04-08 00:00:00+00:00,22,104.8975,37.951864976423245,LightGBM
2026-04-08 00:00:00+00:00,23,101.1025,29.21998263510968,LightGBM
2026-04-09 00:00:00+00:00,0,101.095,37.00780542377202,LightGBM
2026-04-09 00:00:00+00:00,1,101.8625,34.13609681695493,LightGBM
2026-04-09 00:00:00+00:00,2,105.1,31.221765118164384,LightGBM
2026-04-09 00:00:00+00:00,3,115.8725,28.192281347454127,LightGBM
2026-04-09 00:00:00+00:00,4,135.29500000000002,27.636635725392452,LightGBM
2026-04-09 00:00:00+00:00,5,146.6,30.97313093520704,LightGBM
2026-04-09 00:00:00+00:00,6,128.09,44.3065962345083,LightGBM
2026-04-09 00:00:00+00:00,7,99.675,52.44481833009086,LightGBM
2026-04-09 00:00:00+00:00,8,54.9975,51.69712394547335,LightGBM
2026-04-09 00:00:00+00:00,9,1.2075,48.262930825925395,LightGBM
2026-04-09 00:00:00+00:00,10,-1.03,43.4869235180326,LightGBM
2026-04-09 00:00:00+00:00,11,-7.865,37.1738799620247,LightGBM
2026-04-09 00:00:00+00:00,12,-8.1375,33.27732764836336,LightGBM
2026-04-09 00:00:00+00:00,13,-1.3025,32.01342132840177,LightGBM
2026-04-09 00:00:00+00:00,14,27.08,40.45522359841287,LightGBM
2026-04-09 00:00:00+00:00,15,82.5275,45.582039537577174,LightGBM
2026-04-09 00:00:00+00:00,16,115.355,47.47025641751949,LightGBM
2026-04-09 00:00:00+00:00,17,137.1675,56.0336038953339,LightGBM
2026-04-09 00:00:00+00:00,18,127.325,55.23706632103705,LightGBM
2026-04-09 00:00:00+00:00,19,110.95,49.92619619761494,LightGBM
2026-04-09 00:00:00+00:00,20,100.23,42.083454402310586,LightGBM
2026-04-09 00:00:00+00:00,21,81.05250000000001,37.74142228968972,LightGBM
2026-04-09 00:00:00+00:00,22,81.88,36.935276419349876,LightGBM
2026-04-09 00:00:00+00:00,23,79.32,22.88475915454855,LightGBM
2026-04-10 00:00:00+00:00,0,78.83,36.38769134298301,LightGBM
2026-04-10 00:00:00+00:00,1,78.5525,34.7795436263835,LightGBM
2026-04-10 00:00:00+00:00,2,81.1225,30.27378216604118,LightGBM
2026-04-10 00:00:00+00:00,3,88.7675,29.450900611068437,LightGBM
2026-04-10 00:00:00+00:00,4,112.1575,28.77088969621505,LightGBM
2026-04-10 00:00:00+00:00,5,126.4375,33.03729887639233,LightGBM
2026-04-10 00:00:00+00:00,6,123.16,46.83582440635208,LightGBM
2026-04-10 00:00:00+00:00,7,119.265,54.58731738424715,LightGBM
2026-04-10 00:00:00+00:00,8,109.84,53.93788887815801,LightGBM
2026-04-10 00:00:00+00:00,9,102.99,52.71757312089221,LightGBM
2026-04-10 00:00:00+00:00,10,92.09,45.823573528174435,LightGBM
2026-04-10 00:00:00+00:00,11,88.9375,41.32806468875384,LightGBM
2026-04-10 00:00:00+00:00,12,87.4,42.171582294600675,LightGBM
2026-04-10 00:00:00+00:00,13,94.0175,41.84789678579855,LightGBM
2026-04-10 00:00:00+00:00,14,108.78,48.794234841368144,LightGBM
2026-04-10 00:00:00+00:00,15,130.1025,54.59726360386508,LightGBM
2026-04-10 00:00:00+00:00,16,155.29,59.60707035694847,LightGBM
2026-04-10 00:00:00+00:00,17,227.7675,72.01224844538736,LightGBM
2026-04-10 00:00:00+00:00,18,245.115,73.65089433226177,LightGBM
2026-04-10 00:00:00+00:00,19,176.4775,71.05041363578209,LightGBM
2026-04-10 00:00:00+00:00,20,149.305,58.58693593170918,LightGBM
2026-04-10 00:00:00+00:00,21,131.96,52.18388411886206,LightGBM
2026-04-10 00:00:00+00:00,22,134.015,48.5864411279246,LightGBM
2026-04-10 00:00:00+00:00,23,120.6325,41.75012334456243,LightGBM
2026-04-11 00:00:00+00:00,0,114.3825,39.90548085510055,LightGBM
2026-04-11 00:00:00+00:00,1,112.35,37.17032549199483,LightGBM
2026-04-11 00:00:00+00:00,2,110.8375,34.97733593867546,LightGBM
2026-04-11 00:00:00+00:00,3,108.36,31.423300392190647,LightGBM
2026-04-11 00:00:00+00:00,4,106.605,29.063804927575266,LightGBM
2026-04-11 00:00:00+00:00,5,93.2375,31.82176668980199,LightGBM
2026-04-11 00:00:00+00:00,6,69.61,43.95616501378556,LightGBM
2026-04-11 00:00:00+00:00,7,21.57,54.22887024664831,LightGBM
2026-04-11 00:00:00+00:00,8,-0.1574999999999997,54.35700191559398,LightGBM
2026-04-11 00:00:00+00:00,9,-8.307500000000001,50.529980617043016,LightGBM
2026-04-11 00:00:00+00:00,10,-40.2525,48.10355634387079,LightGBM
2026-04-11 00:00:00+00:00,11,-79.965,41.59631582996763,LightGBM
2026-04-11 00:00:00+00:00,12,-77.635,40.35884966400864,LightGBM
2026-04-11 00:00:00+00:00,13,-45.8275,35.978701470343864,LightGBM
2026-04-11 00:00:00+00:00,14,-15.7975,39.308820635571735,LightGBM
2026-04-11 00:00:00+00:00,15,-0.7149999999999999,40.344144803256356,LightGBM
2026-04-11 00:00:00+00:00,16,43.697500000000005,40.92686667372772,LightGBM
2026-04-11 00:00:00+00:00,17,73.8175,51.88813160943709,LightGBM
2026-04-11 00:00:00+00:00,18,74.7875,47.9688905596022,LightGBM
2026-04-11 00:00:00+00:00,19,65.2325,43.9613713750178,LightGBM
2026-04-11 00:00:00+00:00,20,68.6275,37.031721785928134,LightGBM
2026-04-11 00:00:00+00:00,21,68.625,32.77744941356928,LightGBM
2026-04-11 00:00:00+00:00,22,72.52250000000001,31.44719089212235,LightGBM
2026-04-11 00:00:00+00:00,23,76.57249999999999,23.117005721843114,LightGBM
2026-04-12 00:00:00+00:00,0,80.4225,36.61564895303565,LightGBM
2026-04-12 00:00:00+00:00,1,85.26,33.87336648512411,LightGBM
2026-04-12 00:00:00+00:00,2,95.1025,33.563837250504704,LightGBM
2026-04-12 00:00:00+00:00,3,98.05,31.43245900707238,LightGBM
2026-04-12 00:00:00+00:00,4,98.7,31.529437923130143,LightGBM
2026-04-12 00:00:00+00:00,5,94.3175,34.491317134573116,LightGBM
2026-04-12 00:00:00+00:00,6,76.10249999999999,46.6018843876165,LightGBM
2026-04-12 00:00:00+00:00,7,53.3225,54.9332953761169,LightGBM
2026-04-12 00:00:00+00:00,8,30.2325,53.44483957279131,LightGBM
2026-04-12 00:00:00+00:00,9,22.415,49.072051384879906,LightGBM
2026-04-12 00:00:00+00:00,10,14.975,43.89596554630495,LightGBM
2026-04-12 00:00:00+00:00,11,1.97,38.938905966704375,LightGBM
2026-04-12 00:00:00+00:00,12,4.625,40.404792845856804,LightGBM
2026-04-12 00:00:00+00:00,13,15.905,39.511218111798215,LightGBM
2026-04-12 00:00:00+00:00,14,67.55,41.07369230734321,LightGBM
2026-04-12 00:00:00+00:00,15,110.1775,46.86419440729013,LightGBM
2026-04-12 00:00:00+00:00,16,135.3875,48.93103584333144,LightGBM
2026-04-12 00:00:00+00:00,17,144.765,60.25996992564151,LightGBM
2026-04-12 00:00:00+00:00,18,146.8025,65.11696259346265,LightGBM
2026-04-12 00:00:00+00:00,19,136.73250000000002,60.832566383335745,LightGBM
2026-04-12 00:00:00+00:00,20,130.6075,52.32980207633891,LightGBM
2026-04-12 00:00:00+00:00,21,121.0175,47.323409322511665,LightGBM
2026-04-12 00:00:00+00:00,22,116.5425,44.431962784338275,LightGBM
2026-04-12 00:00:00+00:00,23,109.795,38.764590148545054,LightGBM
2026-04-13 00:00:00+00:00,0,107.315,41.138461484978166,LightGBM
2026-04-13 00:00:00+00:00,1,107.59,38.768485098274304,LightGBM
2026-04-13 00:00:00+00:00,2,110.02,35.503786713076416,LightGBM
2026-04-13 00:00:00+00:00,3,119.0725,33.34772868150714,LightGBM
2026-04-13 00:00:00+00:00,4,136.115,31.78243467818091,LightGBM
2026-04-13 00:00:00+00:00,5,145.12,34.84877906536464,LightGBM
2026-04-13 00:00:00+00:00,6,173.88,46.54910262587204,LightGBM
2026-04-13 00:00:00+00:00,7,160.965,57.95754246689773,LightGBM
2026-04-13 00:00:00+00:00,8,138.63,56.660140987154044,LightGBM
2026-04-13 00:00:00+00:00,9,116.0,49.757241234331154,LightGBM
2026-04-13 00:00:00+00:00,10,104.735,47.662901963664076,LightGBM
2026-04-13 00:00:00+00:00,11,97.3925,41.34979230172506,LightGBM
2026-04-13 00:00:00+00:00,12,101.695,44.75869651859372,LightGBM
2026-04-13 00:00:00+00:00,13,104.6375,41.447234918988016,LightGBM
2026-04-13 00:00:00+00:00,14,114.5975,46.148427777007356,LightGBM
2026-04-13 00:00:00+00:00,15,130.3775,47.57047274068649,LightGBM
2026-04-13 00:00:00+00:00,16,148.2,49.32531550788032,LightGBM
2026-04-13 00:00:00+00:00,17,164.5225,59.032688232816824,LightGBM
2026-04-13 00:00:00+00:00,18,156.61,58.64559342605769,LightGBM
2026-04-13 00:00:00+00:00,19,139.0475,54.84680834506578,LightGBM
2026-04-13 00:00:00+00:00,20,129.76,44.1963281846586,LightGBM
2026-04-13 00:00:00+00:00,21,122.6275,41.9745792194904,LightGBM
2026-04-13 00:00:00+00:00,22,116.0625,41.91529515911235,LightGBM
2026-04-13 00:00:00+00:00,23,113.665,37.83934603123314,LightGBM
2026-04-14 00:00:00+00:00,0,114.99,41.69197856550868,LightGBM
2026-04-14 00:00:00+00:00,1,113.385,40.15174690756164,LightGBM
2026-04-14 00:00:00+00:00,2,114.68,36.66120743014502,LightGBM
2026-04-14 00:00:00+00:00,3,118.1475,34.77252242271743,LightGBM
2026-04-14 00:00:00+00:00,4,138.72,32.898531800262454,LightGBM
2026-04-14 00:00:00+00:00,5,163.0225,36.03374086683798,LightGBM
2026-04-14 00:00:00+00:00,6,164.495,47.873062827347006,LightGBM
2026-04-14 00:00:00+00:00,7,144.32999999999998,62.06154406200858,LightGBM
2026-04-14 00:00:00+00:00,8,128.82999999999998,61.29417744197724,LightGBM
2026-04-14 00:00:00+00:00,9,117.3325,58.31168791789898,LightGBM
2026-04-14 00:00:00+00:00,10,109.5075,53.21898140157245,LightGBM
2026-04-14 00:00:00+00:00,11,104.7,51.68828775175185,LightGBM
2026-04-14 00:00:00+00:00,12,108.91,52.47356558897653,LightGBM
2026-04-14 00:00:00+00:00,13,115.5675,53.01385759487949,LightGBM
2026-04-14 00:00:00+00:00,14,121.695,55.07277750196022,LightGBM
2026-04-14 00:00:00+00:00,15,137.4375,56.67187685871202,LightGBM
2026-04-14 00:00:00+00:00,16,160.015,61.13598837294682,LightGBM
2026-04-14 00:00:00+00:00,17,224.7525,77.52678604193636,LightGBM
2026-04-14 00:00:00+00:00,18,234.2775,77.26274382189021,LightGBM
2026-04-14 00:00:00+00:00,19,165.9475,71.8339220401702,LightGBM
2026-04-14 00:00:00+00:00,20,148.2575,61.624508080438346,LightGBM
2026-04-14 00:00:00+00:00,21,135.37,52.70100231419258,LightGBM
2026-04-14 00:00:00+00:00,22,121.6,49.62945844018489,LightGBM
2026-04-14 00:00:00+00:00,23,116.4575,42.04593404951247,LightGBM
2026-04-15 00:00:00+00:00,0,111.7675,43.24830700938792,LightGBM
2026-04-15 00:00:00+00:00,1,110.0175,39.7808274974813,LightGBM
2026-04-15 00:00:00+00:00,2,110.8425,36.793123477002624,LightGBM
2026-04-15 00:00:00+00:00,3,123.18,34.11952950924435,LightGBM
2026-04-15 00:00:00+00:00,4,148.44,32.36097258922219,LightGBM
2026-04-15 00:00:00+00:00,5,159.5525,35.4362855211616,LightGBM
2026-04-15 00:00:00+00:00,6,140.1,47.09481635574092,LightGBM
2026-04-15 00:00:00+00:00,7,116.32,60.27827380016918,LightGBM
2026-04-15 00:00:00+00:00,8,100.8025,59.99465373994746,LightGBM
2026-04-15 00:00:00+00:00,9,78.94,56.16521980193809,LightGBM
2026-04-15 00:00:00+00:00,10,58.3175,50.979200602620594,LightGBM
2026-04-15 00:00:00+00:00,11,50.2325,45.3275877734568,LightGBM
2026-04-15 00:00:00+00:00,12,67.25750000000001,49.61007955847998,LightGBM
2026-04-15 00:00:00+00:00,13,81.4925,46.91084381863535,LightGBM
2026-04-15 00:00:00+00:00,14,99.255,51.94747205231418,LightGBM
2026-04-15 00:00:00+00:00,15,124.84,56.31448457288931,LightGBM
2026-04-15 00:00:00+00:00,16,141.9,58.96870121359437,LightGBM
2026-04-15 00:00:00+00:00,17,180.07999999999998,74.8559908552106,LightGBM
2026-04-15 00:00:00+00:00,18,180.8,73.67632113665768,LightGBM
2026-04-15 00:00:00+00:00,19,148.07999999999998,70.12796316393005,LightGBM
2026-04-15 00:00:00+00:00,20,132.685,57.25849032561077,LightGBM
2026-04-15 00:00:00+00:00,21,117.77,48.80514631394609,LightGBM
2026-04-15 00:00:00+00:00,22,106.215,45.67156642257459,LightGBM
2026-04-15 00:00:00+00:00,23,101.3975,41.66494106493382,LightGBM
2026-04-16 00:00:00+00:00,0,99.595,42.14696959065295,LightGBM
2026-04-16 00:00:00+00:00,1,98.365,39.64440778273514,LightGBM
2026-04-16 00:00:00+00:00,2,100.9025,36.5591954448257,LightGBM
2026-04-16 00:00:00+00:00,3,110.605,33.449750138891844,LightGBM
2026-04-16 00:00:00+00:00,4,139.475,32.58804133402409,LightGBM
2026-04-16 00:00:00+00:00,5,145.02249999999998,35.28827010100826,LightGBM
2026-04-16 00:00:00+00:00,6,133.635,47.546868824555396,LightGBM
2026-04-16 00:00:00+00:00,7,110.195,62.58575768750993,LightGBM
2026-04-16 00:00:00+00:00,8,96.3525,60.82809146773126,LightGBM
2026-04-16 00:00:00+00:00,9,75.6725,55.71927649106359,LightGBM
2026-04-16 00:00:00+00:00,10,60.5125,50.58442152430684,LightGBM
2026-04-16 00:00:00+00:00,11,45.7675,43.87437395726285,LightGBM
2026-04-16 00:00:00+00:00,12,53.9725,46.293242141474565,LightGBM
2026-04-16 00:00:00+00:00,13,70.87,42.03895583534395,LightGBM
2026-04-16 00:00:00+00:00,14,89.7575,50.54971478364312,LightGBM
2026-04-16 00:00:00+00:00,15,111.555,55.76176566899428,LightGBM
2026-04-16 00:00:00+00:00,16,131.145,58.63007497750582,LightGBM
2026-04-16 00:00:00+00:00,17,166.9275,72.53948287660866,LightGBM
2026-04-16 00:00:00+00:00,18,187.3175,75.81359350320456,LightGBM
2026-04-16 00:00:00+00:00,19,155.01,73.35200964846034,LightGBM
2026-04-16 00:00:00+00:00,20,138.76,60.47672996692684,LightGBM
2026-04-16 00:00:00+00:00,21,127.3625,52.0658563415032,LightGBM
2026-04-16 00:00:00+00:00,22,121.7725,49.91814870628189,LightGBM
2026-04-16 00:00:00+00:00,23,115.5225,42.169581863487096,LightGBM
2026-04-17 00:00:00+00:00,0,112.5325,43.653716816442895,LightGBM
2026-04-17 00:00:00+00:00,1,108.5125,40.06268764747804,LightGBM
2026-04-17 00:00:00+00:00,2,111.4675,37.52381130804614,LightGBM
2026-04-17 00:00:00+00:00,3,120.1925,34.52836501820392,LightGBM
2026-04-17 00:00:00+00:00,4,146.5675,33.24279144893393,LightGBM
2026-04-17 00:00:00+00:00,5,148.555,36.08239681770266,LightGBM
2026-04-17 00:00:00+00:00,6,127.1575,46.96041574964878,LightGBM
2026-04-17 00:00:00+00:00,7,101.9025,63.94522477220194,LightGBM
2026-04-17 00:00:00+00:00,8,90.7825,61.089896925500405,LightGBM
2026-04-17 00:00:00+00:00,9,57.88,56.97932633202853,LightGBM
2026-04-17 00:00:00+00:00,10,30.87,50.519478521623085,LightGBM
2026-04-17 00:00:00+00:00,11,26.445,43.893840579331716,LightGBM
2026-04-17 00:00:00+00:00,12,31.3725,48.69646546717245,LightGBM
2026-04-17 00:00:00+00:00,13,59.9975,43.69336210965467,LightGBM
2026-04-17 00:00:00+00:00,14,81.82,51.66427364256938,LightGBM
2026-04-17 00:00:00+00:00,15,102.31,57.38625359080443,LightGBM
2026-04-17 00:00:00+00:00,16,126.755,58.68218383669139,LightGBM
2026-04-17 00:00:00+00:00,17,157.405,73.73684024256366,LightGBM
2026-04-17 00:00:00+00:00,18,157.1125,73.61726914798184,LightGBM
2026-04-17 00:00:00+00:00,19,138.0075,68.65058371191712,LightGBM
2026-04-17 00:00:00+00:00,20,123.93,57.10078404217489,LightGBM
2026-04-17 00:00:00+00:00,21,112.71,47.51758664090594,LightGBM
2026-04-17 00:00:00+00:00,22,116.245,46.59081240411632,LightGBM
2026-04-17 00:00:00+00:00,23,110.8775,41.370307558177046,LightGBM
2026-04-18 00:00:00+00:00,0,109.6625,41.57965285827407,LightGBM
2026-04-18 00:00:00+00:00,1,107.695,38.95380843592264,LightGBM
2026-04-18 00:00:00+00:00,2,108.8725,36.475189965676705,LightGBM
2026-04-18 00:00:00+00:00,3,110.905,32.980466030187465,LightGBM
2026-04-18 00:00:00+00:00,4,110.83,31.80318755435482,LightGBM
2026-04-18 00:00:00+00:00,5,105.7425,34.93408995934366,LightGBM
2026-04-18 00:00:00+00:00,6,92.2875,46.80461234917139,LightGBM
2026-04-18 00:00:00+00:00,7,75.1275,59.46866809605385,LightGBM
2026-04-18 00:00:00+00:00,8,39.5675,59.23823240908806,LightGBM
2026-04-18 00:00:00+00:00,9,3.94,54.009712280606266,LightGBM
2026-04-18 00:00:00+00:00,10,-3.3825000000000003,49.78220773885192,LightGBM
2026-04-18 00:00:00+00:00,11,-4.08,42.39390792067803,LightGBM
2026-04-18 00:00:00+00:00,12,-0.1,47.58876896483796,LightGBM
2026-04-18 00:00:00+00:00,13,18.8975,43.65164634949137,LightGBM
2026-04-18 00:00:00+00:00,14,44.8875,49.87058091587094,LightGBM
2026-04-18 00:00:00+00:00,15,90.805,54.48767792368195,LightGBM
2026-04-18 00:00:00+00:00,16,119.595,56.12308305374404,LightGBM
2026-04-18 00:00:00+00:00,17,131.54,68.25235037723516,LightGBM
2026-04-18 00:00:00+00:00,18,144.89,72.18493181806073,LightGBM
2026-04-18 00:00:00+00:00,19,140.29500000000002,67.56975389708253,LightGBM
2026-04-18 00:00:00+00:00,20,129.9925,57.31972380133048,LightGBM
2026-04-18 00:00:00+00:00,21,125.0,49.30462847731662,LightGBM
2026-04-18 00:00:00+00:00,22,116.56,46.223802087999964,LightGBM
2026-04-18 00:00:00+00:00,23,109.95,41.35407124955843,LightGBM
2026-04-19 00:00:00+00:00,0,109.205,41.62422081849523,LightGBM
2026-04-19 00:00:00+00:00,1,106.3225,38.443228727200406,LightGBM
2026-04-19 00:00:00+00:00,2,105.415,36.01809037593389,LightGBM
2026-04-19 00:00:00+00:00,3,106.55,32.650183095348794,LightGBM
2026-04-19 00:00:00+00:00,4,104.7825,31.93771497534704,LightGBM
2026-04-19 00:00:00+00:00,5,100.0325,34.63534373672293,LightGBM
2026-04-19 00:00:00+00:00,6,96.63,46.14464422350103,LightGBM
2026-04-19 00:00:00+00:00,7,93.8425,60.3575779904468,LightGBM
2026-04-19 00:00:00+00:00,8,71.385,58.11994972740841,LightGBM
2026-04-19 00:00:00+00:00,9,31.985,51.415967323654165,LightGBM
2026-04-19 00:00:00+00:00,10,5.735,43.59309195866528,LightGBM
2026-04-19 00:00:00+00:00,11,-0.8475,36.816425825455035,LightGBM
2026-04-19 00:00:00+00:00,12,-3.005,38.29787622510656,LightGBM
2026-04-19 00:00:00+00:00,13,-2.255,34.24072737621317,LightGBM
2026-04-19 00:00:00+00:00,14,16.02,41.06849279372686,LightGBM
2026-04-19 00:00:00+00:00,15,73.7575,44.869162226423505,LightGBM
2026-04-19 00:00:00+00:00,16,103.855,46.121671358996856,LightGBM
2026-04-19 00:00:00+00:00,17,117.3525,54.74857902310788,LightGBM
2026-04-19 00:00:00+00:00,18,124.1125,57.49485613048819,LightGBM
2026-04-19 00:00:00+00:00,19,121.5475,54.33945236749842,LightGBM
2026-04-19 00:00:00+00:00,20,119.3625,42.89215097312175,LightGBM
2026-04-19 00:00:00+00:00,21,111.2325,39.599552357485685,LightGBM
2026-04-19 00:00:00+00:00,22,106.3075,39.892544020735436,LightGBM
2026-04-19 00:00:00+00:00,23,101.1125,34.708336080778366,LightGBM
2026-04-20 00:00:00+00:00,0,99.0125,37.16631821849172,LightGBM
2026-04-20 00:00:00+00:00,1,99.04,34.02999218317577,LightGBM
2026-04-20 00:00:00+00:00,2,102.3025,31.637896254311872,LightGBM
2026-04-20 00:00:00+00:00,3,111.6,28.86951800598454,LightGBM
2026-04-20 00:00:00+00:00,4,129.385,27.20183112094756,LightGBM
2026-04-20 00:00:00+00:00,5,142.2075,30.426146213339724,LightGBM
2026-04-20 00:00:00+00:00,6,134.32,44.17469289645433,LightGBM
2026-04-20 00:00:00+00:00,7,110.015,53.68123593393156,LightGBM
2026-04-20 00:00:00+00:00,8,90.1975,52.93168157542574,LightGBM
2026-04-20 00:00:00+00:00,9,75.88749999999999,49.81975032092859,LightGBM
2026-04-20 00:00:00+00:00,10,51.182500000000005,44.38797641569129,LightGBM
2026-04-20 00:00:00+00:00,11,32.595,37.64933517121225,LightGBM
2026-04-20 00:00:00+00:00,12,29.57,35.20991901402664,LightGBM
2026-04-20 00:00:00+00:00,13,46.475,32.77206779998809,LightGBM
2026-04-20 00:00:00+00:00,14,78.325,38.32221797448197,LightGBM
2026-04-20 00:00:00+00:00,15,97.245,42.20498903707897,LightGBM
2026-04-20 00:00:00+00:00,16,112.91,46.22667551692608,LightGBM
2026-04-20 00:00:00+00:00,17,123.4075,52.88060368523712,LightGBM
2026-04-20 00:00:00+00:00,18,127.18,52.52088439773829,LightGBM
2026-04-20 00:00:00+00:00,19,121.94,50.19665712573754,LightGBM
2026-04-20 00:00:00+00:00,20,115.9725,43.041144425582154,LightGBM
2026-04-20 00:00:00+00:00,21,106.7925,39.384608455315316,LightGBM
2026-04-20 00:00:00+00:00,22,99.0,38.481249923212445,LightGBM
2026-04-20 00:00:00+00:00,23,98.6425,28.862685196010645,LightGBM
2026-04-21 00:00:00+00:00,0,98.3725,39.16195039595212,LightGBM
2026-04-21 00:00:00+00:00,1,99.075,36.334930605393694,LightGBM
2026-04-21 00:00:00+00:00,2,100.19,35.5920822436793,LightGBM
2026-04-21 00:00:00+00:00,3,108.4475,33.18099775013374,LightGBM
2026-04-21 00:00:00+00:00,4,127.085,30.851200169874296,LightGBM
2026-04-21 00:00:00+00:00,5,135.3275,32.64360528897763,LightGBM
2026-04-21 00:00:00+00:00,6,118.9475,45.73001896884517,LightGBM
2026-04-21 00:00:00+00:00,7,97.305,54.93500437287453,LightGBM
2026-04-21 00:00:00+00:00,8,59.895,55.22094883798441,LightGBM
2026-04-21 00:00:00+00:00,9,19.602500000000003,52.06077887853573,LightGBM
2026-04-21 00:00:00+00:00,10,-0.0974999999999999,46.65843807663052,LightGBM
2026-04-21 00:00:00+00:00,11,-1.7525,40.248336269736505,LightGBM
2026-04-21 00:00:00+00:00,12,-3.7,38.615434250581444,LightGBM
2026-04-21 00:00:00+00:00,13,-1.8625,36.496009618730234,LightGBM
2026-04-21 00:00:00+00:00,14,14.535,44.474749077771364,LightGBM
2026-04-21 00:00:00+00:00,15,69.83,47.86900461513492,LightGBM
2026-04-21 00:00:00+00:00,16,102.645,49.28705427149439,LightGBM
2026-04-21 00:00:00+00:00,17,134.11,59.68375019933661,LightGBM
2026-04-21 00:00:00+00:00,18,144.775,62.478094131734146,LightGBM
2026-04-21 00:00:00+00:00,19,129.62,59.72358975868015,LightGBM
2026-04-21 00:00:00+00:00,20,119.845,49.8420809665519,LightGBM
2026-04-21 00:00:00+00:00,21,111.8725,46.59537430708557,LightGBM
2026-04-21 00:00:00+00:00,22,107.095,45.974792879361544,LightGBM
2026-04-21 00:00:00+00:00,23,104.11,40.09872436037125,LightGBM
2026-04-22 00:00:00+00:00,0,104.2,39.974093033668076,LightGBM
2026-04-22 00:00:00+00:00,1,104.8475,36.940838595802965,LightGBM
2026-04-22 00:00:00+00:00,2,109.6925,35.91766261599201,LightGBM
2026-04-22 00:00:00+00:00,3,121.2325,31.901795447940323,LightGBM
2026-04-22 00:00:00+00:00,4,139.8425,31.08253694154406,LightGBM
2026-04-22 00:00:00+00:00,5,134.7975,33.136100583398374,LightGBM
2026-04-22 00:00:00+00:00,6,113.865,45.492409187931656,LightGBM
2026-04-22 00:00:00+00:00,7,79.555,55.93573659165313,LightGBM
2026-04-22 00:00:00+00:00,8,20.155,55.99482518767521,LightGBM
2026-04-22 00:00:00+00:00,9,-2.42,50.88924946866204,LightGBM
2026-04-22 00:00:00+00:00,10,-8.8325,46.55834740900078,LightGBM
2026-04-22 00:00:00+00:00,11,-20.985,38.60089294823538,LightGBM
2026-04-22 00:00:00+00:00,12,-19.0,36.25622099966213,LightGBM
2026-04-22 00:00:00+00:00,13,-4.92,33.96342683731688,LightGBM
2026-04-22 00:00:00+00:00,14,-0.0099999999999998,40.601072998350006,LightGBM
2026-04-22 00:00:00+00:00,15,57.405,47.01874097513211,LightGBM
2026-04-22 00:00:00+00:00,16,105.2975,48.91017159602178,LightGBM
2026-04-22 00:00:00+00:00,17,140.1175,57.56319547593444,LightGBM
2026-04-22 00:00:00+00:00,18,153.91,61.7620718199732,LightGBM
2026-04-22 00:00:00+00:00,19,128.51,58.56694615810296,LightGBM
2026-04-22 00:00:00+00:00,20,114.45,47.056380051105634,LightGBM
2026-04-22 00:00:00+00:00,21,105.0775,43.36132473504473,LightGBM
2026-04-22 00:00:00+00:00,22,100.14,42.474447451950326,LightGBM
2026-04-22 00:00:00+00:00,23,97.625,36.71307262072174,LightGBM
2026-04-23 00:00:00+00:00,0,96.735,37.69133692859886,LightGBM
2026-04-23 00:00:00+00:00,1,96.2075,33.69264415497964,LightGBM
2026-04-23 00:00:00+00:00,2,95.85,32.042590692662905,LightGBM
2026-04-23 00:00:00+00:00,3,104.16,27.768949935595618,LightGBM
2026-04-23 00:00:00+00:00,4,119.0,25.956303543533327,LightGBM
2026-04-23 00:00:00+00:00,5,119.4,30.525144698258032,LightGBM
2026-04-23 00:00:00+00:00,6,109.6975,43.484779120076425,LightGBM
2026-04-23 00:00:00+00:00,7,63.2925,51.588135266749006,LightGBM
2026-04-23 00:00:00+00:00,8,-0.5625,52.52896007858323,LightGBM
2026-04-23 00:00:00+00:00,9,-6.175,48.80444610875523,LightGBM
2026-04-23 00:00:00+00:00,10,-29.0075,44.13807952151322,LightGBM
2026-04-23 00:00:00+00:00,11,-49.56,37.43627365260179,LightGBM
2026-04-23 00:00:00+00:00,12,-48.8625,34.62757112101082,LightGBM
2026-04-23 00:00:00+00:00,13,-22.89,30.974280945690506,LightGBM
2026-04-23 00:00:00+00:00,14,-1.93,37.45654320510174,LightGBM
2026-04-23 00:00:00+00:00,15,21.9675,41.253421342359765,LightGBM
2026-04-23 00:00:00+00:00,16,93.5725,44.770592450523885,LightGBM
2026-04-23 00:00:00+00:00,17,121.5,50.18919033362067,LightGBM
2026-04-23 00:00:00+00:00,18,136.955,51.16650666674947,LightGBM
2026-04-23 00:00:00+00:00,19,116.2875,49.10956850714985,LightGBM
2026-04-23 00:00:00+00:00,20,108.235,42.164000985099584,LightGBM
2026-04-23 00:00:00+00:00,21,99.4575,37.909191099281344,LightGBM
2026-04-23 00:00:00+00:00,22,102.455,36.94403939799364,LightGBM
2026-04-23 00:00:00+00:00,23,100.13,24.87521711473216,LightGBM
2026-04-24 00:00:00+00:00,0,100.71,37.08648870166068,LightGBM
2026-04-24 00:00:00+00:00,1,101.69,34.584324190956444,LightGBM
2026-04-24 00:00:00+00:00,2,105.3575,32.614047180168264,LightGBM
2026-04-24 00:00:00+00:00,3,116.305,30.08715190215228,LightGBM
2026-04-24 00:00:00+00:00,4,131.8725,27.80527614414294,LightGBM
2026-04-24 00:00:00+00:00,5,137.9875,31.443757770704575,LightGBM
2026-04-24 00:00:00+00:00,6,117.685,45.09454662942793,LightGBM
2026-04-24 00:00:00+00:00,7,80.905,52.45771388261891,LightGBM
2026-04-24 00:00:00+00:00,8,19.5725,53.14694877620108,LightGBM
2026-04-24 00:00:00+00:00,9,-0.035,48.68491174052885,LightGBM
2026-04-24 00:00:00+00:00,10,-6.9075,45.201839133468425,LightGBM
2026-04-24 00:00:00+00:00,11,-26.14,36.90216498333385,LightGBM
2026-04-24 00:00:00+00:00,12,-30.0025,32.889796344322285,LightGBM
2026-04-24 00:00:00+00:00,13,-16.555,31.733936498300075,LightGBM
2026-04-24 00:00:00+00:00,14,-1.6124999999999998,38.63042260363375,LightGBM
2026-04-24 00:00:00+00:00,15,50.9075,43.1791291188002,LightGBM
2026-04-24 00:00:00+00:00,16,104.8175,44.84307127183352,LightGBM
2026-04-24 00:00:00+00:00,17,133.81,54.704774339198586,LightGBM
2026-04-24 00:00:00+00:00,18,137.34,57.61069093139302,LightGBM
2026-04-24 00:00:00+00:00,19,131.025,54.16516229059994,LightGBM
2026-04-24 00:00:00+00:00,20,121.8775,44.93406786318405,LightGBM
2026-04-24 00:00:00+00:00,21,113.4425,41.59374497244557,LightGBM
2026-04-24 00:00:00+00:00,22,100.625,41.07280156321747,LightGBM
2026-04-24 00:00:00+00:00,23,95.54,35.10207841760827,LightGBM
2026-04-25 00:00:00+00:00,0,95.12,36.29078862606844,LightGBM
2026-04-25 00:00:00+00:00,1,95.1575,32.82431240227675,LightGBM
2026-04-25 00:00:00+00:00,2,88.4575,31.190931794283237,LightGBM
2026-04-25 00:00:00+00:00,3,88.03,27.975437110931768,LightGBM
2026-04-25 00:00:00+00:00,4,83.1825,25.180595292842405,LightGBM
2026-04-25 00:00:00+00:00,5,71.3625,30.05900455465607,LightGBM
2026-04-25 00:00:00+00:00,6,20.035,41.76158649051634,LightGBM
2026-04-25 00:00:00+00:00,7,-0.0424999999999999,49.88032009252472,LightGBM
2026-04-25 00:00:00+00:00,8,-7.27,48.90248198010442,LightGBM
2026-04-25 00:00:00+00:00,9,-42.1425,47.00460282402928,LightGBM
2026-04-25 00:00:00+00:00,10,-100.5125,43.36513288268592,LightGBM
2026-04-25 00:00:00+00:00,11,-176.4425,36.191679620450024,LightGBM
2026-04-25 00:00:00+00:00,12,-190.865,33.56554502880915,LightGBM
2026-04-25 00:00:00+00:00,13,-133.8025,32.06558794293249,LightGBM
2026-04-25 00:00:00+00:00,14,-53.975,36.37038480680087,LightGBM
2026-04-25 00:00:00+00:00,15,-5.245,40.235870210748224,LightGBM
2026-04-25 00:00:00+00:00,16,4.615,41.275214495686775,LightGBM
2026-04-25 00:00:00+00:00,17,65.19749999999999,47.01233890614942,LightGBM
2026-04-25 00:00:00+00:00,18,75.42,46.71265615388622,LightGBM
2026-04-25 00:00:00+00:00,19,72.005,42.187075293396425,LightGBM
2026-04-25 00:00:00+00:00,20,72.6775,34.70903991805434,LightGBM
2026-04-25 00:00:00+00:00,21,69.97999999999999,33.10736293780887,LightGBM
2026-04-25 00:00:00+00:00,22,79.44,32.245773401749304,LightGBM
2026-04-25 00:00:00+00:00,23,83.595,22.564499159194188,LightGBM
2026-04-26 00:00:00+00:00,0,87.1,37.07034596121593,LightGBM
2026-04-26 00:00:00+00:00,1,90.4875,35.30214411849219,LightGBM
2026-04-26 00:00:00+00:00,2,94.1525,33.83086798605149,LightGBM
2026-04-26 00:00:00+00:00,3,98.64,31.698756187342568,LightGBM
2026-04-26 00:00:00+00:00,4,94.185,30.81341746255592,LightGBM
2026-04-26 00:00:00+00:00,5,83.1525,34.04098452201238,LightGBM
2026-04-26 00:00:00+00:00,6,54.3125,46.438812771380114,LightGBM
2026-04-26 00:00:00+00:00,7,-0.01,54.078099370710994,LightGBM
2026-04-26 00:00:00+00:00,8,-28.185,52.14850993560193,LightGBM
2026-04-26 00:00:00+00:00,9,-127.365,48.59042137020443,LightGBM
2026-04-26 00:00:00+00:00,10,-259.96000000000004,43.2218543859993,LightGBM
2026-04-26 00:00:00+00:00,11,-413.77,36.14004099287926,LightGBM
2026-04-26 00:00:00+00:00,12,-413.245,33.31634531271477,LightGBM
2026-04-26 00:00:00+00:00,13,-235.8925,33.63445060859353,LightGBM
2026-04-26 00:00:00+00:00,14,-37.305,40.17193840268751,LightGBM
2026-04-26 00:00:00+00:00,15,11.177499999999998,48.35911570085858,LightGBM
2026-04-26 00:00:00+00:00,16,113.0975,49.36511503206634,LightGBM
2026-04-26 00:00:00+00:00,17,150.2875,64.21882634312774,LightGBM
2026-04-26 00:00:00+00:00,18,157.815,70.0882183560844,LightGBM
2026-04-26 00:00:00+00:00,19,140.6525,67.92403141099729,LightGBM
2026-04-26 00:00:00+00:00,20,126.4075,57.35880414859991,LightGBM
2026-04-26 00:00:00+00:00,21,122.875,51.02677072036996,LightGBM
2026-04-26 00:00:00+00:00,22,118.4475,48.69155280618749,LightGBM
2026-04-26 00:00:00+00:00,23,113.03,42.41317485764681,LightGBM
2026-04-27 00:00:00+00:00,0,112.71,41.36973477900412,LightGBM
2026-04-27 00:00:00+00:00,1,112.825,37.79683316537117,LightGBM
2026-04-27 00:00:00+00:00,2,116.74,35.98487973098923,LightGBM
2026-04-27 00:00:00+00:00,3,125.6675,32.818988984109666,LightGBM
2026-04-27 00:00:00+00:00,4,165.5675,31.734087441867786,LightGBM
2026-04-27 00:00:00+00:00,5,153.69,34.27703178435709,LightGBM
2026-04-27 00:00:00+00:00,6,126.5475,46.90053914829191,LightGBM
2026-04-27 00:00:00+00:00,7,92.5275,57.36388530736873,LightGBM
2026-04-27 00:00:00+00:00,8,59.1425,55.45286195877129,LightGBM
2026-04-27 00:00:00+00:00,9,4.14,49.91014670281517,LightGBM
2026-04-27 00:00:00+00:00,10,-0.0975,45.30992005860392,LightGBM
2026-04-27 00:00:00+00:00,11,-0.83,38.55303439746574,LightGBM
2026-04-27 00:00:00+00:00,12,-0.1625,39.22691730479106,LightGBM
2026-04-27 00:00:00+00:00,13,5.1425,36.27499118689026,LightGBM
2026-04-27 00:00:00+00:00,14,68.66499999999999,44.124338824914645,LightGBM
2026-04-27 00:00:00+00:00,15,107.185,52.150017754853614,LightGBM
2026-04-27 00:00:00+00:00,16,129.8525,57.857555941275365,LightGBM
2026-04-27 00:00:00+00:00,17,172.3,66.40413604875795,LightGBM
2026-04-27 00:00:00+00:00,18,188.1175,68.3459683107477,LightGBM
2026-04-27 00:00:00+00:00,19,148.46,62.791557094353514,LightGBM
2026-04-27 00:00:00+00:00,20,125.6475,50.73694250573069,LightGBM
2026-04-27 00:00:00+00:00,21,115.2025,45.99879384850976,LightGBM
2026-04-27 00:00:00+00:00,22,112.66,42.77266731957788,LightGBM
2026-04-27 00:00:00+00:00,23,106.9025,38.89429667506784,LightGBM
2026-04-28 00:00:00+00:00,0,102.98,37.53778090738321,LightGBM
2026-04-28 00:00:00+00:00,1,102.83,34.21532294800071,LightGBM
2026-04-28 00:00:00+00:00,2,105.2775,30.91753325459524,LightGBM
2026-04-28 00:00:00+00:00,3,111.835,28.906312270613082,LightGBM
2026-04-28 00:00:00+00:00,4,122.1,27.896047721126262,LightGBM
2026-04-28 00:00:00+00:00,5,121.43,30.54387778012988,LightGBM
2026-04-28 00:00:00+00:00,6,112.315,43.47560731057739,LightGBM
2026-04-28 00:00:00+00:00,7,79.7775,53.453833210795004,LightGBM
2026-04-28 00:00:00+00:00,8,21.815,51.725480366475416,LightGBM
2026-04-28 00:00:00+00:00,9,-1.085,48.33811004168183,LightGBM
2026-04-28 00:00:00+00:00,10,-14.0425,45.59893573240803,LightGBM
2026-04-28 00:00:00+00:00,11,-29.0,37.99164658601654,LightGBM
2026-04-28 00:00:00+00:00,12,-29.0075,36.76704828179852,LightGBM
2026-04-28 00:00:00+00:00,13,-17.33,33.50438571335529,LightGBM
2026-04-28 00:00:00+00:00,14,-4.655,39.37600112188255,LightGBM
2026-04-28 00:00:00+00:00,15,33.315,41.93494695368939,LightGBM
2026-04-28 00:00:00+00:00,16,90.1,44.76207529612112,LightGBM
2026-04-28 00:00:00+00:00,17,117.4,53.307848167932974,LightGBM
2026-04-28 00:00:00+00:00,18,120.9725,51.75203343479976,LightGBM
2026-04-28 00:00:00+00:00,19,115.8275,50.61992803608752,LightGBM
2026-04-28 00:00:00+00:00,20,111.295,43.06098329025641,LightGBM
2026-04-28 00:00:00+00:00,21,101.77,38.86277195134121,LightGBM
2026-04-28 00:00:00+00:00,22,98.2075,37.426809871342755,LightGBM
2026-04-28 00:00:00+00:00,23,96.725,29.791384119512212,LightGBM
2026-04-29 00:00:00+00:00,0,97.9175,37.98126065196658,LightGBM
2026-04-29 00:00:00+00:00,1,98.5275,35.244132032128185,LightGBM
2026-04-29 00:00:00+00:00,2,100.65,33.29546278122879,LightGBM
2026-04-29 00:00:00+00:00,3,107.905,30.888830771616284,LightGBM
2026-04-29 00:00:00+00:00,4,139.7975,28.738595713435917,LightGBM
2026-04-29 00:00:00+00:00,5,126.8475,31.667169746725953,LightGBM
2026-04-29 00:00:00+00:00,6,112.365,44.4901899823938,LightGBM
2026-04-29 00:00:00+00:00,7,66.42,52.552968859331095,LightGBM
2026-04-29 00:00:00+00:00,8,-1.0775,53.059982660090746,LightGBM
2026-04-29 00:00:00+00:00,9,-11.5675,48.25301221358457,LightGBM
2026-04-29 00:00:00+00:00,10,-33.765,45.18654147976965,LightGBM
2026-04-29 00:00:00+00:00,11,-60.3625,36.784199480287164,LightGBM
2026-04-29 00:00:00+00:00,12,-55.4325,33.892513571483164,LightGBM
2026-04-29 00:00:00+00:00,13,-36.22,32.70739673872892,LightGBM
2026-04-29 00:00:00+00:00,14,-11.25,39.04147381781646,LightGBM
2026-04-29 00:00:00+00:00,15,19.645,43.97841221143904,LightGBM
2026-04-29 00:00:00+00:00,16,91.145,44.93287500607106,LightGBM
2026-04-29 00:00:00+00:00,17,125.81,55.57025115098593,LightGBM
2026-04-29 00:00:00+00:00,18,145.5925,58.240648450055964,LightGBM
2026-04-29 00:00:00+00:00,19,129.95,54.271480988812534,LightGBM
2026-04-29 00:00:00+00:00,20,115.6575,46.507026338692754,LightGBM
2026-04-29 00:00:00+00:00,21,105.0975,43.5686271433413,LightGBM
2026-04-29 00:00:00+00:00,22,100.32,42.18168765097233,LightGBM
2026-04-29 00:00:00+00:00,23,100.11,36.754290679762434,LightGBM
2026-04-30 00:00:00+00:00,0,98.57,38.70479205440261,LightGBM
2026-04-30 00:00:00+00:00,1,99.4775,35.60362736711681,LightGBM
2026-04-30 00:00:00+00:00,2,104.09,33.188231266714766,LightGBM
2026-04-30 00:00:00+00:00,3,114.1025,30.873074227148,LightGBM
2026-04-30 00:00:00+00:00,4,139.12,27.753140338086038,LightGBM
2026-04-30 00:00:00+00:00,5,122.285,31.720135824132075,LightGBM
2026-04-30 00:00:00+00:00,6,96.2175,44.637727143143714,LightGBM
2026-04-30 00:00:00+00:00,7,45.555,53.110074452365325,LightGBM
2026-04-30 00:00:00+00:00,8,-0.0375,53.13984774057459,LightGBM
2026-04-30 00:00:00+00:00,9,-3.875,48.01730916195291,LightGBM
2026-04-30 00:00:00+00:00,10,-16.2525,44.351402472895174,LightGBM
2026-04-30 00:00:00+00:00,11,-32.02,35.58884046430018,LightGBM
2026-04-30 00:00:00+00:00,12,-28.93,32.90617104202172,LightGBM
2026-04-30 00:00:00+00:00,13,-12.05,31.619774774851315,LightGBM
2026-04-30 00:00:00+00:00,14,-2.2925,36.62693952467603,LightGBM
2026-04-30 00:00:00+00:00,15,20.58,42.80701256923954,LightGBM
2026-04-30 00:00:00+00:00,16,92.43,43.627723827291746,LightGBM
2026-04-30 00:00:00+00:00,17,139.0875,55.18496051660685,LightGBM
2026-04-30 00:00:00+00:00,18,178.62,58.83328071616102,LightGBM
2026-04-30 00:00:00+00:00,19,145.84,56.810846225197174,LightGBM
2026-04-30 00:00:00+00:00,20,118.92,47.82605857188305,LightGBM
2026-04-30 00:00:00+00:00,21,109.6075,44.933351119654354,LightGBM
2026-04-30 00:00:00+00:00,22,107.2275,42.10431560194337,LightGBM
2026-04-30 00:00:00+00:00,23,103.085,36.95692714651941,LightGBM
2026-05-01 00:00:00+00:00,0,101.385,39.45849299928377,LightGBM
2026-05-01 00:00:00+00:00,1,99.245,35.57259938512981,LightGBM
2026-05-01 00:00:00+00:00,2,97.98,33.651115710157335,LightGBM
2026-05-01 00:00:00+00:00,3,97.495,31.274177535013752,LightGBM
2026-05-01 00:00:00+00:00,4,103.7675,28.27129204888222,LightGBM
2026-05-01 00:00:00+00:00,5,80.34,31.42712918909032,LightGBM
2026-05-01 00:00:00+00:00,6,35.3325,43.94257884296784,LightGBM
2026-05-01 00:00:00+00:00,7,-0.0275,52.065749684144954,LightGBM
2026-05-01 00:00:00+00:00,8,-21.18,52.64530023369191,LightGBM
2026-05-01 00:00:00+00:00,9,-108.6175,47.59507480215762,LightGBM
2026-05-01 00:00:00+00:00,10,-318.58,44.636477884920815,LightGBM
2026-05-01 00:00:00+00:00,11,-499.0,36.051850498848616,LightGBM
2026-05-01 00:00:00+00:00,12,-474.9675,33.695189805933495,LightGBM
2026-05-01 00:00:00+00:00,13,-205.8775,31.777788180925906,LightGBM
2026-05-01 00:00:00+00:00,14,-26.2475,37.83461593829052,LightGBM
2026-05-01 00:00:00+00:00,15,5.555,44.01513374181431,LightGBM
2026-05-01 00:00:00+00:00,16,92.53,47.47456974164406,LightGBM
2026-05-01 00:00:00+00:00,17,154.19,57.38513776484746,LightGBM
2026-05-01 00:00:00+00:00,18,173.325,58.90381128667514,LightGBM
2026-05-01 00:00:00+00:00,19,142.95,57.304486433172386,LightGBM
2026-05-01 00:00:00+00:00,20,113.2225,45.045770094584874,LightGBM
2026-05-01 00:00:00+00:00,21,96.9825,40.67188772170654,LightGBM
2026-05-01 00:00:00+00:00,22,117.425,38.78678242444468,LightGBM
2026-05-01 00:00:00+00:00,23,103.7125,34.38959599135366,LightGBM
2026-05-02 00:00:00+00:00,0,99.4775,36.56421578562716,LightGBM
2026-05-02 00:00:00+00:00,1,93.335,33.05925211015034,LightGBM
2026-05-02 00:00:00+00:00,2,93.545,30.297771106643005,LightGBM
2026-05-02 00:00:00+00:00,3,93.6975,27.353169022413084,LightGBM
2026-05-02 00:00:00+00:00,4,91.78,24.800544728375716,LightGBM
2026-05-02 00:00:00+00:00,5,78.0125,28.811422750602503,LightGBM
2026-05-02 00:00:00+00:00,6,18.27,42.13632829296599,LightGBM
2026-05-02 00:00:00+00:00,7,1.27,48.30009766824281,LightGBM
2026-05-02 00:00:00+00:00,8,-2.3875,49.558295998782775,LightGBM
2026-05-02 00:00:00+00:00,9,-21.9125,46.624182000269116,LightGBM
2026-05-02 00:00:00+00:00,10,-83.6075,43.10648890895934,LightGBM
2026-05-02 00:00:00+00:00,11,-130.0275,33.97161829776319,LightGBM
2026-05-02 00:00:00+00:00,12,-86.8425,32.036585661964786,LightGBM
2026-05-02 00:00:00+00:00,13,-14.0375,31.588416775568376,LightGBM
2026-05-02 00:00:00+00:00,14,0.0325,36.29445926813271,LightGBM
2026-05-02 00:00:00+00:00,15,54.945,43.292267944660274,LightGBM
2026-05-02 00:00:00+00:00,16,127.14,45.820481163139135,LightGBM
2026-05-02 00:00:00+00:00,17,165.0,60.96026751367661,LightGBM
2026-05-02 00:00:00+00:00,18,195.45,61.8867415667854,LightGBM
2026-05-02 00:00:00+00:00,19,154.32,58.96928376805047,LightGBM
2026-05-02 00:00:00+00:00,20,139.96,49.424557175855675,LightGBM
2026-05-02 00:00:00+00:00,21,123.865,46.12206670890787,LightGBM
2026-05-02 00:00:00+00:00,22,121.195,45.56970621543255,LightGBM
2026-05-02 00:00:00+00:00,23,116.0325,40.466571427103105,LightGBM
2026-05-03 00:00:00+00:00,0,110.1625,40.57559131616816,LightGBM
2026-05-03 00:00:00+00:00,1,108.4775,37.3908789632058,LightGBM
2026-05-03 00:00:00+00:00,2,106.2925,35.47516064224205,LightGBM
2026-05-03 00:00:00+00:00,3,107.0725,32.09735842502178,LightGBM
2026-05-03 00:00:00+00:00,4,101.7,29.619197262447752,LightGBM
2026-05-03 00:00:00+00:00,5,85.3375,32.53843545452776,LightGBM
2026-05-03 00:00:00+00:00,6,71.7375,44.46339830410055,LightGBM
2026-05-03 00:00:00+00:00,7,32.6575,51.82200610868988,LightGBM
2026-05-03 00:00:00+00:00,8,1.2875,52.29090914049978,LightGBM
2026-05-03 00:00:00+00:00,9,-1.4275,47.399024790567154,LightGBM
2026-05-03 00:00:00+00:00,10,-6.79,43.733377186371406,LightGBM
2026-05-03 00:00:00+00:00,11,-14.435,36.21149863865068,LightGBM
2026-05-03 00:00:00+00:00,12,-10.8825,36.19939837217857,LightGBM
2026-05-03 00:00:00+00:00,13,-3.9675,34.15162938106841,LightGBM
2026-05-03 00:00:00+00:00,14,9.1325,40.49606435097304,LightGBM
2026-05-03 00:00:00+00:00,15,80.7075,46.20514063085954,LightGBM
2026-05-03 00:00:00+00:00,16,120.5725,47.1146076716803,LightGBM
2026-05-03 00:00:00+00:00,17,134.795,57.97812972393641,LightGBM
2026-05-03 00:00:00+00:00,18,140.87,61.360652091872176,LightGBM
2026-05-03 00:00:00+00:00,19,137.31,57.07917296917825,LightGBM
2026-05-03 00:00:00+00:00,20,130.3775,48.80427792787743,LightGBM
2026-05-03 00:00:00+00:00,21,121.115,45.29312288837926,LightGBM
2026-05-03 00:00:00+00:00,22,117.355,44.01084989475148,LightGBM
2026-05-03 00:00:00+00:00,23,108.41,39.39136590478315,LightGBM
2026-05-04 00:00:00+00:00,0,110.5575,40.22400770392784,LightGBM
2026-05-04 00:00:00+00:00,1,106.3475,38.146236590268444,LightGBM
2026-05-04 00:00:00+00:00,2,109.9075,35.67345386850986,LightGBM
2026-05-04 00:00:00+00:00,3,128.8825,33.114238099129295,LightGBM
2026-05-04 00:00:00+00:00,4,149.5475,31.401780464720186,LightGBM
2026-05-04 00:00:00+00:00,5,151.26749999999998,34.67349610457472,LightGBM
2026-05-04 00:00:00+00:00,6,134.6025,47.23293442675759,LightGBM
2026-05-04 00:00:00+00:00,7,113.625,58.595262268495865,LightGBM
2026-05-04 00:00:00+00:00,8,99.99,55.229518550147866,LightGBM
2026-05-04 00:00:00+00:00,9,93.095,51.02206748903903,LightGBM
2026-05-04 00:00:00+00:00,10,75.065,46.72406486557354,LightGBM
2026-05-04 00:00:00+00:00,11,69.4075,40.875332727976755,LightGBM
2026-05-04 00:00:00+00:00,12,81.0775,42.93779551943586,LightGBM
2026-05-04 00:00:00+00:00,13,94.0025,42.212381979845496,LightGBM
2026-05-04 00:00:00+00:00,14,107.9675,49.782767011040235,LightGBM
2026-05-04 00:00:00+00:00,15,128.9925,55.60335438762413,LightGBM
2026-05-04 00:00:00+00:00,16,169.0,60.211092025585415,LightGBM
2026-05-04 00:00:00+00:00,17,245.03,72.02858186579121,LightGBM
2026-05-04 00:00:00+00:00,18,266.83500000000004,75.53662472892887,LightGBM
2026-05-04 00:00:00+00:00,19,194.3,71.12502869540894,LightGBM
2026-05-04 00:00:00+00:00,20,153.04500000000002,59.079188138772366,LightGBM
2026-05-04 00:00:00+00:00,21,137.2,51.637137188093504,LightGBM
2026-05-04 00:00:00+00:00,22,131.36,49.71395897415804,LightGBM
2026-05-04 00:00:00+00:00,23,126.2,42.17757434047305,LightGBM
2026-05-05 00:00:00+00:00,0,122.11,43.264564147961806,LightGBM
2026-05-05 00:00:00+00:00,1,122.045,39.72267761838106,LightGBM
2026-05-05 00:00:00+00:00,2,123.9,37.26358557446741,LightGBM
2026-05-05 00:00:00+00:00,3,133.9025,34.528501349255855,LightGBM
2026-05-05 00:00:00+00:00,4,160.1125,33.4587594805295,LightGBM
2026-05-05 00:00:00+00:00,5,160.765,35.96484420665539,LightGBM
2026-05-05 00:00:00+00:00,6,147.23250000000002,47.16147758648963,LightGBM
2026-05-05 00:00:00+00:00,7,129.61,60.211607666187895,LightGBM
2026-05-05 00:00:00+00:00,8,114.12,59.88326712474312,LightGBM
2026-05-05 00:00:00+00:00,9,108.2575,55.724472861827735,LightGBM
2026-05-05 00:00:00+00:00,10,99.0925,52.20204869745648,LightGBM
2026-05-05 00:00:00+00:00,11,98.055,50.95456411074358,LightGBM
2026-05-05 00:00:00+00:00,12,97.745,52.166242082617536,LightGBM
2026-05-05 00:00:00+00:00,13,105.99,52.99870651723463,LightGBM
2026-05-05 00:00:00+00:00,14,111.9775,52.9674700324666,LightGBM
2026-05-05 00:00:00+00:00,15,128.67000000000002,54.97611385034457,LightGBM
2026-05-05 00:00:00+00:00,16,145.7625,57.74616046222024,LightGBM
2026-05-05 00:00:00+00:00,17,163.685,67.90622579222013,LightGBM
2026-05-05 00:00:00+00:00,18,163.9025,67.51620800403134,LightGBM
2026-05-05 00:00:00+00:00,19,146.9975,60.66023034952607,LightGBM
2026-05-05 00:00:00+00:00,20,132.745,51.14168787452394,LightGBM
2026-05-05 00:00:00+00:00,21,115.2925,47.13111311286903,LightGBM
2026-05-05 00:00:00+00:00,22,120.035,43.420147102370024,LightGBM
2026-05-05 00:00:00+00:00,23,114.23,40.30601162928522,LightGBM
2026-05-06 00:00:00+00:00,0,113.165,39.40582613991103,LightGBM
2026-05-06 00:00:00+00:00,1,112.995,36.370885756547864,LightGBM
2026-05-06 00:00:00+00:00,2,113.34,32.4514739912864,LightGBM
2026-05-06 00:00:00+00:00,3,118.225,30.73382243791035,LightGBM
2026-05-06 00:00:00+00:00,4,131.14,28.188731528520613,LightGBM
2026-05-06 00:00:00+00:00,5,142.45,31.881193739298393,LightGBM
2026-05-06 00:00:00+00:00,6,141.55,44.47691797955456,LightGBM
2026-05-06 00:00:00+00:00,7,121.305,54.055191081296634,LightGBM
2026-05-06 00:00:00+00:00,8,108.8,55.51968225645907,LightGBM
2026-05-06 00:00:00+00:00,9,104.12,53.50769135622649,LightGBM
2026-05-06 00:00:00+00:00,10,100.0925,52.26217659870631,LightGBM
2026-05-06 00:00:00+00:00,11,89.34,48.62761224261376,LightGBM
2026-05-06 00:00:00+00:00,12,91.33,48.65123281172548,LightGBM
2026-05-06 00:00:00+00:00,13,103.125,47.16985799445674,LightGBM
2026-05-06 00:00:00+00:00,14,112.6625,49.71436130509853,LightGBM
2026-05-06 00:00:00+00:00,15,125.0525,51.746508375628686,LightGBM
2026-05-06 00:00:00+00:00,16,137.91,52.07829024423297,LightGBM
2026-05-06 00:00:00+00:00,17,154.605,64.9419226698975,LightGBM
2026-05-06 00:00:00+00:00,18,156.915,65.53491394416224,LightGBM
2026-05-06 00:00:00+00:00,19,154.61,63.24673344955782,LightGBM
2026-05-06 00:00:00+00:00,20,143.4125,53.44281585984254,LightGBM
2026-05-06 00:00:00+00:00,21,128.26,47.84879513077892,LightGBM
2026-05-06 00:00:00+00:00,22,125.1525,44.980717613499095,LightGBM
2026-05-06 00:00:00+00:00,23,116.485,41.19811584998165,LightGBM
2026-05-07 00:00:00+00:00,0,115.2575,42.841011050507696,LightGBM
2026-05-07 00:00:00+00:00,1,116.49,40.16225368811646,LightGBM
2026-05-07 00:00:00+00:00,2,119.1375,37.2969938685993,LightGBM
2026-05-07 00:00:00+00:00,3,126.875,34.513416300367865,LightGBM
2026-05-07 00:00:00+00:00,4,151.0,32.8300672419641,LightGBM
2026-05-07 00:00:00+00:00,5,167.29250000000002,36.75887667448395,LightGBM
2026-05-07 00:00:00+00:00,6,155.5925,47.99686591305472,LightGBM
2026-05-07 00:00:00+00:00,7,136.41,62.24354004518385,LightGBM
2026-05-07 00:00:00+00:00,8,120.1325,62.827000236854175,LightGBM
2026-05-07 00:00:00+00:00,9,113.525,60.175082638975645,LightGBM
2026-05-07 00:00:00+00:00,10,103.9225,55.404073224511286,LightGBM
2026-05-07 00:00:00+00:00,11,101.915,52.310426622672466,LightGBM
2026-05-07 00:00:00+00:00,12,101.73,51.766219738476266,LightGBM
2026-05-07 00:00:00+00:00,13,107.445,52.36607973529931,LightGBM
2026-05-07 00:00:00+00:00,14,117.9975,53.798315812593756,LightGBM
2026-05-07 00:00:00+00:00,15,132.56,54.42122984444049,LightGBM
2026-05-07 00:00:00+00:00,16,148.70499999999998,57.07308162939058,LightGBM
2026-05-07 00:00:00+00:00,17,185.655,71.1004724760013,LightGBM
2026-05-07 00:00:00+00:00,18,221.4775,74.28123936063784,LightGBM
2026-05-07 00:00:00+00:00,19,182.715,70.98181854214573,LightGBM
2026-05-07 00:00:00+00:00,20,154.435,60.61970723503297,LightGBM
2026-05-07 00:00:00+00:00,21,142.7575,50.80845570626011,LightGBM
2026-05-07 00:00:00+00:00,22,130.3425,47.744436161178974,LightGBM
2026-05-07 00:00:00+00:00,23,120.66,40.715196102982574,LightGBM
2026-05-08 00:00:00+00:00,0,118.215,43.72987077507914,LightGBM
2026-05-08 00:00:00+00:00,1,116.9775,39.412094743166584,LightGBM
2026-05-08 00:00:00+00:00,2,118.565,36.507960324038486,LightGBM
2026-05-08 00:00:00+00:00,3,126.185,33.43886878387418,LightGBM
2026-05-08 00:00:00+00:00,4,143.6,30.97690227104904,LightGBM
2026-05-08 00:00:00+00:00,5,147.0275,34.05666627716443,LightGBM
2026-05-08 00:00:00+00:00,6,137.4,45.332154296479466,LightGBM
2026-05-08 00:00:00+00:00,7,115.2475,55.25801970067054,LightGBM
2026-05-08 00:00:00+00:00,8,97.7475,58.0144869155552,LightGBM
2026-05-08 00:00:00+00:00,9,75.81,53.78442687042666,LightGBM
2026-05-08 00:00:00+00:00,10,65.37,49.989771861086645,LightGBM
2026-05-08 00:00:00+00:00,11,58.7075,42.407590195459335,LightGBM
2026-05-08 00:00:00+00:00,12,64.34,43.401302480703436,LightGBM
2026-05-08 00:00:00+00:00,13,81.8925,40.66224591221243,LightGBM
2026-05-08 00:00:00+00:00,14,94.0625,46.401247740855425,LightGBM
2026-05-08 00:00:00+00:00,15,109.5,49.72855218330617,LightGBM
2026-05-08 00:00:00+00:00,16,127.815,49.857001420546915,LightGBM
2026-05-08 00:00:00+00:00,17,143.54250000000002,62.73372106511835,LightGBM
2026-05-08 00:00:00+00:00,18,152.9775,63.67971043107912,LightGBM
2026-05-08 00:00:00+00:00,19,138.9,60.42150798799831,LightGBM
2026-05-08 00:00:00+00:00,20,127.5025,49.00575346046615,LightGBM
2026-05-08 00:00:00+00:00,21,119.14,45.52272584314368,LightGBM
2026-05-08 00:00:00+00:00,22,127.6925,44.04546630042522,LightGBM
2026-05-08 00:00:00+00:00,23,123.4075,40.92859600500314,LightGBM
2026-05-09 00:00:00+00:00,0,123.48,42.02175313798722,LightGBM
2026-05-09 00:00:00+00:00,1,124.3525,39.03408259016825,LightGBM
2026-05-09 00:00:00+00:00,2,125.7375,36.14877865841011,LightGBM
2026-05-09 00:00:00+00:00,3,126.4525,33.46351012724372,LightGBM
2026-05-09 00:00:00+00:00,4,127.5225,30.61592491240694,LightGBM
2026-05-09 00:00:00+00:00,5,118.67,34.22885272861511,LightGBM
2026-05-09 00:00:00+00:00,6,107.6725,46.072768383398774,LightGBM
2026-05-09 00:00:00+00:00,7,68.3075,55.42906089064044,LightGBM
2026-05-09 00:00:00+00:00,8,9.9275,58.30039606433151,LightGBM
2026-05-09 00:00:00+00:00,9,-0.015,53.96327716876207,LightGBM
2026-05-09 00:00:00+00:00,10,-0.0625,50.25556834829057,LightGBM
2026-05-09 00:00:00+00:00,11,-0.09,41.44129067650656,LightGBM
2026-05-09 00:00:00+00:00,12,-0.0125,43.88802427536749,LightGBM
2026-05-09 00:00:00+00:00,13,0.0025,41.24640694675075,LightGBM
2026-05-09 00:00:00+00:00,14,27.715000000000003,47.34438874906811,LightGBM
2026-05-09 00:00:00+00:00,15,93.69,51.09231028502352,LightGBM
2026-05-09 00:00:00+00:00,16,123.19,53.089285696795464,LightGBM
2026-05-09 00:00:00+00:00,17,138.5075,66.67269178223418,LightGBM
2026-05-09 00:00:00+00:00,18,146.965,66.59377634257957,LightGBM
2026-05-09 00:00:00+00:00,19,143.485,62.92748755103866,LightGBM
2026-05-09 00:00:00+00:00,20,136.3,51.1475178142633,LightGBM
2026-05-09 00:00:00+00:00,21,127.0875,45.433327367312096,LightGBM
2026-05-09 00:00:00+00:00,22,128.0925,45.5276766988506,LightGBM
2026-05-09 00:00:00+00:00,23,125.4475,40.484711841608444,LightGBM
2026-05-10 00:00:00+00:00,0,125.4325,41.75021736642618,LightGBM
2026-05-10 00:00:00+00:00,1,123.4825,38.316215541417925,LightGBM
2026-05-10 00:00:00+00:00,2,124.1975,35.5332900112483,LightGBM
2026-05-10 00:00:00+00:00,3,123.94,32.12393182684407,LightGBM
2026-05-10 00:00:00+00:00,4,115.14,29.873667846722952,LightGBM
2026-05-10 00:00:00+00:00,5,101.1675,33.17748864457617,LightGBM
2026-05-10 00:00:00+00:00,6,70.835,45.25172045815776,LightGBM
2026-05-10 00:00:00+00:00,7,11.18,55.946565920341186,LightGBM
2026-05-10 00:00:00+00:00,8,0.0025,54.74961214603143,LightGBM
2026-05-10 00:00:00+00:00,9,-0.6699999999999999,49.728348230982284,LightGBM
2026-05-10 00:00:00+00:00,10,-1.88,44.6632476708057,LightGBM
2026-05-10 00:00:00+00:00,11,-2.165,35.37322472660261,LightGBM
2026-05-10 00:00:00+00:00,12,-1.4,37.23958916213712,LightGBM
2026-05-10 00:00:00+00:00,13,-0.255,34.26514543759022,LightGBM
2026-05-10 00:00:00+00:00,14,1.8825,42.826627230998405,LightGBM
2026-05-10 00:00:00+00:00,15,71.005,47.298912939980205,LightGBM
2026-05-10 00:00:00+00:00,16,110.9425,49.357156997315265,LightGBM
2026-05-10 00:00:00+00:00,17,122.0,58.82601092622317,LightGBM
2026-05-10 00:00:00+00:00,18,129.3175,63.8907250944574,LightGBM
2026-05-10 00:00:00+00:00,19,128.515,58.493487174310864,LightGBM
2026-05-10 00:00:00+00:00,20,124.14,48.80326275022988,LightGBM
2026-05-10 00:00:00+00:00,21,119.8375,45.70540637292977,LightGBM
2026-05-10 00:00:00+00:00,22,118.785,45.26137002797495,LightGBM
2026-05-10 00:00:00+00:00,23,112.335,40.43497490219901,LightGBM
2026-05-11 00:00:00+00:00,0,110.4275,39.58825644182085,LightGBM
2026-05-11 00:00:00+00:00,1,112.6575,36.551937727392,LightGBM
2026-05-11 00:00:00+00:00,2,113.0925,35.651996981923524,LightGBM
2026-05-11 00:00:00+00:00,3,122.1375,32.46155833002067,LightGBM
2026-05-11 00:00:00+00:00,4,136.475,31.58743324365255,LightGBM
2026-05-11 00:00:00+00:00,5,154.0475,34.581071111321194,LightGBM
2026-05-11 00:00:00+00:00,6,150.0125,46.319317004307536,LightGBM
2026-05-11 00:00:00+00:00,7,136.79999999999998,58.659038127849364,LightGBM
2026-05-11 00:00:00+00:00,8,126.3075,57.3486630336077,LightGBM
2026-05-11 00:00:00+00:00,9,113.4325,51.84433394418918,LightGBM
2026-05-11 00:00:00+00:00,10,105.485,45.044489272076035,LightGBM
2026-05-11 00:00:00+00:00,11,98.78,37.49998941639636,LightGBM
2026-05-11 00:00:00+00:00,12,95.98,35.97399568406035,LightGBM
2026-05-11 00:00:00+00:00,13,96.2,32.86391879303132,LightGBM
2026-05-11 00:00:00+00:00,14,100.49,37.992089641922284,LightGBM
2026-05-11 00:00:00+00:00,15,116.3025,41.95328337957817,LightGBM
2026-05-11 00:00:00+00:00,16,122.98,45.67880634084131,LightGBM
2026-05-11 00:00:00+00:00,17,130.7175,49.880828432830015,LightGBM
2026-05-11 00:00:00+00:00,18,131.12,50.39470743513828,LightGBM
2026-05-11 00:00:00+00:00,19,127.8725,46.98152949087314,LightGBM
2026-05-11 00:00:00+00:00,20,120.765,40.6697268244016,LightGBM
2026-05-11 00:00:00+00:00,21,108.9525,36.45518935849979,LightGBM
2026-05-11 00:00:00+00:00,22,99.065,34.8919047711708,LightGBM
2026-05-11 00:00:00+00:00,23,95.275,21.96647607495469,LightGBM
2026-05-12 00:00:00+00:00,0,91.73,35.51710222212202,LightGBM
2026-05-12 00:00:00+00:00,1,89.8975,34.793038819476195,LightGBM
2026-05-12 00:00:00+00:00,2,91.375,30.11537197356278,LightGBM
2026-05-12 00:00:00+00:00,3,94.0025,28.90420471905107,LightGBM
2026-05-12 00:00:00+00:00,4,111.2625,26.270985631807978,LightGBM
2026-05-12 00:00:00+00:00,5,122.575,30.23850947901332,LightGBM
2026-05-12 00:00:00+00:00,6,112.145,43.067394604885436,LightGBM
2026-05-12 00:00:00+00:00,7,94.075,52.843992851038024,LightGBM
2026-05-12 00:00:00+00:00,8,79.5575,53.766054006596065,LightGBM
2026-05-12 00:00:00+00:00,9,63.535,52.33895100336791,LightGBM
2026-05-12 00:00:00+00:00,10,45.91,49.59286687291862,LightGBM
2026-05-12 00:00:00+00:00,11,27.33,45.39778366891662,LightGBM
2026-05-12 00:00:00+00:00,12,19.9725,41.25985886041084,LightGBM
2026-05-12 00:00:00+00:00,13,44.760000000000005,38.80019946778713,LightGBM
2026-05-12 00:00:00+00:00,14,74.405,43.62556725328299,LightGBM
2026-05-12 00:00:00+00:00,15,96.0,45.129472572666806,LightGBM
2026-05-12 00:00:00+00:00,16,114.88,48.46890296853066,LightGBM
2026-05-12 00:00:00+00:00,17,136.2775,56.93925988784081,LightGBM
2026-05-12 00:00:00+00:00,18,142.985,57.180215291757015,LightGBM
2026-05-12 00:00:00+00:00,19,142.7425,55.292805324848715,LightGBM
2026-05-12 00:00:00+00:00,20,131.225,46.82272343834823,LightGBM
2026-05-12 00:00:00+00:00,21,118.345,41.42417554858621,LightGBM
2026-05-12 00:00:00+00:00,22,114.33,39.40645726597702,LightGBM
2026-05-12 00:00:00+00:00,23,106.2175,31.704452578292575,LightGBM
2026-05-13 00:00:00+00:00,0,104.3575,38.25468947637912,LightGBM
2026-05-13 00:00:00+00:00,1,107.435,35.15557318438213,LightGBM
2026-05-13 00:00:00+00:00,2,111.195,32.49439437818818,LightGBM
2026-05-13 00:00:00+00:00,3,120.0,29.508352169310246,LightGBM
2026-05-13 00:00:00+00:00,4,137.1825,26.964678974371434,LightGBM
2026-05-13 00:00:00+00:00,5,141.1225,31.76127067863471,LightGBM
2026-05-13 00:00:00+00:00,6,126.7,44.45257206475086,LightGBM
2026-05-13 00:00:00+00:00,7,102.525,54.709973700084525,LightGBM
2026-05-13 00:00:00+00:00,8,86.44,55.36532632884967,LightGBM
2026-05-13 00:00:00+00:00,9,83.7775,52.92229761997976,LightGBM
2026-05-13 00:00:00+00:00,10,74.10249999999999,48.93173034172942,LightGBM
2026-05-13 00:00:00+00:00,11,71.77250000000001,42.19614077791278,LightGBM
2026-05-13 00:00:00+00:00,12,70.2025,40.590249263891664,LightGBM
2026-05-13 00:00:00+00:00,13,82.2675,37.81412940305029,LightGBM
2026-05-13 00:00:00+00:00,14,92.375,45.812917290994626,LightGBM
2026-05-13 00:00:00+00:00,15,112.6025,50.209150814566705,LightGBM
2026-05-13 00:00:00+00:00,16,132.355,52.28497319947997,LightGBM
2026-05-13 00:00:00+00:00,17,151.4925,63.16063179992181,LightGBM
2026-05-13 00:00:00+00:00,18,171.26749999999998,64.45088528675808,LightGBM
2026-05-13 00:00:00+00:00,19,160.04500000000002,61.74016839911694,LightGBM
2026-05-13 00:00:00+00:00,20,142.20499999999998,51.91935027874852,LightGBM
2026-05-13 00:00:00+00:00,21,123.095,47.75776546126788,LightGBM
2026-05-13 00:00:00+00:00,22,130.54,45.9786716900798,LightGBM
2026-05-13 00:00:00+00:00,23,121.75,41.62814078434627,LightGBM
2026-05-14 00:00:00+00:00,0,119.225,41.54341895449304,LightGBM
2026-05-14 00:00:00+00:00,1,115.6375,39.036632520361344,LightGBM
2026-05-14 00:00:00+00:00,2,112.9175,35.52938669647225,LightGBM
2026-05-14 00:00:00+00:00,3,112.045,33.314587106467194,LightGBM
2026-05-14 00:00:00+00:00,4,111.405,30.612022207065223,LightGBM
2026-05-14 00:00:00+00:00,5,108.09,34.14571706786939,LightGBM
2026-05-14 00:00:00+00:00,6,99.2575,46.24104712139475,LightGBM
2026-05-14 00:00:00+00:00,7,85.15,57.16212169360727,LightGBM
2026-05-14 00:00:00+00:00,8,58.6425,57.974792896496815,LightGBM
2026-05-14 00:00:00+00:00,9,35.5675,56.93936380735372,LightGBM
2026-05-14 00:00:00+00:00,10,16.055,51.23139171742855,LightGBM
2026-05-14 00:00:00+00:00,11,7.5525,46.079064592777335,LightGBM
2026-05-14 00:00:00+00:00,12,4.6025,45.67504412627876,LightGBM
2026-05-14 00:00:00+00:00,13,17.8475,42.06387899790518,LightGBM
2026-05-14 00:00:00+00:00,14,66.9125,50.941141928493145,LightGBM
2026-05-14 00:00:00+00:00,15,94.76,55.69082831837643,LightGBM
2026-05-14 00:00:00+00:00,16,126.0,56.94643904991754,LightGBM
2026-05-14 00:00:00+00:00,17,142.5825,71.89310713030547,LightGBM
2026-05-14 00:00:00+00:00,18,150.4475,73.10974892631043,LightGBM
2026-05-14 00:00:00+00:00,19,152.2025,69.79738515202838,LightGBM
2026-05-14 00:00:00+00:00,20,150.91,58.492533078205575,LightGBM
2026-05-14 00:00:00+00:00,21,136.32,50.862586943992724,LightGBM
2026-05-14 00:00:00+00:00,22,137.9725,50.325344689376955,LightGBM
2026-05-14 00:00:00+00:00,23,131.3725,42.30638645380889,LightGBM
2026-05-15 00:00:00+00:00,0,126.3125,42.41162961442024,LightGBM
2026-05-15 00:00:00+00:00,1,121.9375,38.49165450044639,LightGBM
2026-05-15 00:00:00+00:00,2,123.7125,36.44762120321552,LightGBM
2026-05-15 00:00:00+00:00,3,127.16,33.32742660117458,LightGBM
2026-05-15 00:00:00+00:00,4,136.1,31.42476335436293,LightGBM
2026-05-15 00:00:00+00:00,5,132.515,34.276601425565865,LightGBM
2026-05-15 00:00:00+00:00,6,123.995,46.050516587273584,LightGBM
2026-05-15 00:00:00+00:00,7,104.54,58.63717511719525,LightGBM
2026-05-15 00:00:00+00:00,8,81.7825,57.63402175004272,LightGBM
2026-05-15 00:00:00+00:00,9,66.8175,52.12357931207481,LightGBM
2026-05-15 00:00:00+00:00,10,54.3025,47.86255775751812,LightGBM
2026-05-15 00:00:00+00:00,11,40.3225,39.98821760808667,LightGBM
2026-05-15 00:00:00+00:00,12,40.1475,40.80047719599495,LightGBM
2026-05-15 00:00:00+00:00,13,51.0025,37.093628299166994,LightGBM
2026-05-15 00:00:00+00:00,14,77.32,46.39553226500853,LightGBM
2026-05-15 00:00:00+00:00,15,105.0475,50.88286379006292,LightGBM
2026-05-15 00:00:00+00:00,16,125.0425,51.26450072381435,LightGBM
2026-05-15 00:00:00+00:00,17,143.31,61.29003240844282,LightGBM
2026-05-15 00:00:00+00:00,18,153.455,64.21332785762634,LightGBM
2026-05-15 00:00:00+00:00,19,151.14499999999998,59.52579947323558,LightGBM
2026-05-15 00:00:00+00:00,20,144.685,50.51164823149401,LightGBM
2026-05-15 00:00:00+00:00,21,135.5125,45.82066443565956,LightGBM
2026-05-15 00:00:00+00:00,22,130.0,45.234195951743004,LightGBM
2026-05-15 00:00:00+00:00,23,121.7875,40.63150022264314,LightGBM
2026-05-16 00:00:00+00:00,0,117.5625,39.557157464249606,LightGBM
2026-05-16 00:00:00+00:00,1,116.0025,36.113066764229046,LightGBM
2026-05-16 00:00:00+00:00,2,114.02,32.60632229236843,LightGBM
2026-05-16 00:00:00+00:00,3,109.3425,30.765080010425557,LightGBM
2026-05-16 00:00:00+00:00,4,105.7075,27.118726979439188,LightGBM
2026-05-16 00:00:00+00:00,5,100.045,30.992176665664,LightGBM
2026-05-16 00:00:00+00:00,6,86.9525,43.868892323609266,LightGBM
2026-05-16 00:00:00+00:00,7,43.9525,53.47849429161533,LightGBM
2026-05-16 00:00:00+00:00,8,4.2025,53.5207761959187,LightGBM
2026-05-16 00:00:00+00:00,9,-0.03,49.41087790855275,LightGBM
2026-05-16 00:00:00+00:00,10,-1.195,45.671506266835756,LightGBM
2026-05-16 00:00:00+00:00,11,-2.2,37.73755521882917,LightGBM
2026-05-16 00:00:00+00:00,12,-1.9325,37.96036143227967,LightGBM
2026-05-16 00:00:00+00:00,13,-0.9975,35.35189554267497,LightGBM
2026-05-16 00:00:00+00:00,14,4.779999999999999,41.391718827203555,LightGBM
2026-05-16 00:00:00+00:00,15,60.0925,45.23719147117598,LightGBM
2026-05-16 00:00:00+00:00,16,100.2225,46.863653401107605,LightGBM
2026-05-16 00:00:00+00:00,17,126.47,60.53579282533045,LightGBM
2026-05-16 00:00:00+00:00,18,139.9975,63.287602903087176,LightGBM
2026-05-16 00:00:00+00:00,19,140.6875,60.77020860647898,LightGBM
2026-05-16 00:00:00+00:00,20,135.99,51.65473582664855,LightGBM
2026-05-16 00:00:00+00:00,21,127.7,46.681414356577655,LightGBM
2026-05-16 00:00:00+00:00,22,127.7175,45.34808722752142,LightGBM
2026-05-16 00:00:00+00:00,23,119.0625,40.9805275398623,LightGBM
2026-05-17 00:00:00+00:00,0,115.565,40.76844749191465,LightGBM
2026-05-17 00:00:00+00:00,1,113.8975,37.39873296126652,LightGBM
2026-05-17 00:00:00+00:00,2,109.17,35.483642484466166,LightGBM
2026-05-17 00:00:00+00:00,3,105.445,31.86086569883205,LightGBM
2026-05-17 00:00:00+00:00,4,98.7925,28.560294780572452,LightGBM
2026-05-17 00:00:00+00:00,5,80.795,32.258804681343726,LightGBM
2026-05-17 00:00:00+00:00,6,53.8425,44.7181176476942,LightGBM
2026-05-17 00:00:00+00:00,7,18.97,54.11715309940317,LightGBM
2026-05-17 00:00:00+00:00,8,3.49,53.67793150811219,LightGBM
2026-05-17 00:00:00+00:00,9,0.56,49.637877343275115,LightGBM
2026-05-17 00:00:00+00:00,10,0.8225,45.77199160791209,LightGBM
2026-05-17 00:00:00+00:00,11,0.0,35.94021283719203,LightGBM
2026-05-17 00:00:00+00:00,12,0.98,38.64008146204544,LightGBM
2026-05-17 00:00:00+00:00,13,11.31,36.06866185184029,LightGBM
2026-05-17 00:00:00+00:00,14,52.4375,44.03811342010347,LightGBM
2026-05-17 00:00:00+00:00,15,100.315,51.34647605631753,LightGBM
2026-05-17 00:00:00+00:00,16,129.3875,53.64294347008865,LightGBM
2026-05-17 00:00:00+00:00,17,143.0675,67.13040226080602,LightGBM
2026-05-17 00:00:00+00:00,18,155.8,69.33808466646865,LightGBM
2026-05-17 00:00:00+00:00,19,156.70499999999998,65.20739042118387,LightGBM
2026-05-17 00:00:00+00:00,20,151.3675,53.799681436025246,LightGBM
2026-05-17 00:00:00+00:00,21,142.575,49.01845318652133,LightGBM
2026-05-17 00:00:00+00:00,22,134.6575,47.070182955659796,LightGBM
2026-05-17 00:00:00+00:00,23,125.9725,41.16630858356657,LightGBM
2026-05-18 00:00:00+00:00,0,125.9975,41.08911939265813,LightGBM
2026-05-18 00:00:00+00:00,1,126.3925,38.05243222927622,LightGBM
2026-05-18 00:00:00+00:00,2,129.36,36.173530115164965,LightGBM
2026-05-18 00:00:00+00:00,3,137.0225,33.88182249518778,LightGBM
2026-05-18 00:00:00+00:00,4,152.51749999999998,31.940657326187775,LightGBM
2026-05-18 00:00:00+00:00,5,160.075,35.21846491372365,LightGBM
2026-05-18 00:00:00+00:00,6,152.105,47.49607624470132,LightGBM
2026-05-18 00:00:00+00:00,7,125.88,58.37080793126267,LightGBM
2026-05-18 00:00:00+00:00,8,107.85,56.53083470663978,LightGBM
2026-05-18 00:00:00+00:00,9,100.0525,52.77382714460166,LightGBM
2026-05-18 00:00:00+00:00,10,94.895,47.98773984172607,LightGBM
2026-05-18 00:00:00+00:00,11,94.9775,40.73461466545812,LightGBM
2026-05-18 00:00:00+00:00,12,96.77,45.879252127200594,LightGBM
2026-05-18 00:00:00+00:00,13,102.405,41.97290696123101,LightGBM
2026-05-18 00:00:00+00:00,14,113.965,50.64677461368659,LightGBM
2026-05-18 00:00:00+00:00,15,134.065,57.76999921520888,LightGBM
2026-05-18 00:00:00+00:00,16,152.1375,60.166165871623114,LightGBM
2026-05-18 00:00:00+00:00,17,192.8525,72.99152748102397,LightGBM
2026-05-18 00:00:00+00:00,18,250.8975,75.17778536268492,LightGBM
2026-05-18 00:00:00+00:00,19,214.3375,70.09478807704687,LightGBM
2026-05-18 00:00:00+00:00,20,160.6475,58.85002760116496,LightGBM
2026-05-18 00:00:00+00:00,21,148.89499999999998,51.27276971298341,LightGBM
2026-05-18 00:00:00+00:00,22,148.2525,49.45234837640292,LightGBM
2026-05-18 00:00:00+00:00,23,141.9425,42.23266715766397,LightGBM
2026-05-19 00:00:00+00:00,0,139.3225,43.023611853861816,LightGBM
2026-05-19 00:00:00+00:00,1,138.54000000000002,39.722181057415995,LightGBM
2026-05-19 00:00:00+00:00,2,141.5675,37.03818121106075,LightGBM
2026-05-19 00:00:00+00:00,3,146.92000000000002,33.78565477520648,LightGBM
2026-05-19 00:00:00+00:00,4,164.46,32.55438537724056,LightGBM
2026-05-19 00:00:00+00:00,5,153.7725,34.80410448881247,LightGBM
2026-05-19 00:00:00+00:00,6,131.855,46.29297035407758,LightGBM
2026-05-19 00:00:00+00:00,7,108.7425,59.30496299352256,LightGBM
2026-05-19 00:00:00+00:00,8,94.265,58.71786972501074,LightGBM
2026-05-19 00:00:00+00:00,9,82.08500000000001,54.4831763328576,LightGBM
2026-05-19 00:00:00+00:00,10,73.145,51.917158842119825,LightGBM
2026-05-19 00:00:00+00:00,11,73.7375,46.850518642671254,LightGBM
2026-05-19 00:00:00+00:00,12,79.81,48.419070229952204,LightGBM
2026-05-19 00:00:00+00:00,13,87.57,46.130954301588964,LightGBM
2026-05-19 00:00:00+00:00,14,102.25,51.092030236080866,LightGBM
2026-05-19 00:00:00+00:00,15,127.2925,55.212371842151526,LightGBM
2026-05-19 00:00:00+00:00,16,144.95,58.59807043026923,LightGBM
2026-05-19 00:00:00+00:00,17,172.485,69.53333294228865,LightGBM
2026-05-19 00:00:00+00:00,18,180.9025,70.5076455152555,LightGBM
2026-05-19 00:00:00+00:00,19,163.63,64.30327015812792,LightGBM
2026-05-19 00:00:00+00:00,20,145.545,53.06175545406047,LightGBM
2026-05-19 00:00:00+00:00,21,131.8025,47.68892726783026,LightGBM
2026-05-19 00:00:00+00:00,22,123.73,43.69131458458086,LightGBM
2026-05-19 00:00:00+00:00,23,114.635,40.36414399407233,LightGBM
2026-05-20 00:00:00+00:00,0,109.7525,39.968209867403004,LightGBM
2026-05-20 00:00:00+00:00,1,109.9725,36.66917697485316,LightGBM
2026-05-20 00:00:00+00:00,2,110.41,33.59253430723637,LightGBM
2026-05-20 00:00:00+00:00,3,119.05,31.67688979220648,LightGBM
2026-05-20 00:00:00+00:00,4,134.9875,29.69862811578494,LightGBM
2026-05-20 00:00:00+00:00,5,136.975,32.50860832287743,LightGBM
2026-05-20 00:00:00+00:00,6,125.5125,45.46344151126285,LightGBM
2026-05-20 00:00:00+00:00,7,109.06,57.64461917946658,LightGBM
2026-05-20 00:00:00+00:00,8,89.7,57.68317795751612,LightGBM
2026-05-20 00:00:00+00:00,9,75.46249999999999,55.13070991451487,LightGBM
2026-05-20 00:00:00+00:00,10,64.005,52.18801134427147,LightGBM
2026-05-20 00:00:00+00:00,11,44.9975,46.62901558966102,LightGBM
2026-05-20 00:00:00+00:00,12,33.5125,44.69511750222975,LightGBM
2026-05-20 00:00:00+00:00,13,45.66,41.310939263985055,LightGBM
2026-05-20 00:00:00+00:00,14,65.01,47.567965225162204,LightGBM
2026-05-20 00:00:00+00:00,15,99.3975,50.217313171753865,LightGBM
2026-05-20 00:00:00+00:00,16,130.2125,51.13914836356044,LightGBM
2026-05-20 00:00:00+00:00,17,149.5675,63.86213361278349,LightGBM
2026-05-20 00:00:00+00:00,18,167.9225,66.65156581537235,LightGBM
2026-05-20 00:00:00+00:00,19,165.0,64.30143877817079,LightGBM
2026-05-20 00:00:00+00:00,20,150.02,54.34193134088286,LightGBM
2026-05-20 00:00:00+00:00,21,139.0025,48.77587972524535,LightGBM
2026-05-20 00:00:00+00:00,22,133.0275,45.90923175903246,LightGBM
2026-05-20 00:00:00+00:00,23,121.66,41.83962062846814,LightGBM
2026-05-21 00:00:00+00:00,0,116.0225,41.8976851564551,LightGBM
2026-05-21 00:00:00+00:00,1,113.55,38.41031951011179,LightGBM
2026-05-21 00:00:00+00:00,2,116.01,36.2933061766412,LightGBM
2026-05-21 00:00:00+00:00,3,128.405,33.43735814991535,LightGBM
2026-05-21 00:00:00+00:00,4,142.815,30.942000435303207,LightGBM
2026-05-21 00:00:00+00:00,5,143.6175,34.075486122814205,LightGBM
2026-05-21 00:00:00+00:00,6,131.3875,46.22267912378004,LightGBM
2026-05-21 00:00:00+00:00,7,104.14,58.102534646545486,LightGBM
2026-05-21 00:00:00+00:00,8,81.1975,58.24327319609331,LightGBM
2026-05-21 00:00:00+00:00,9,42.752500000000005,54.58097003104916,LightGBM
2026-05-21 00:00:00+00:00,10,12.1375,47.102665591628764,LightGBM
2026-05-21 00:00:00+00:00,11,7.369999999999999,40.54888737768877,LightGBM
2026-05-21 00:00:00+00:00,12,8.8125,41.31348255234806,LightGBM
2026-05-21 00:00:00+00:00,13,35.2,37.289284204518395,LightGBM
2026-05-21 00:00:00+00:00,14,71.7075,46.06233954246978,LightGBM
2026-05-21 00:00:00+00:00,15,104.995,51.73919694589212,LightGBM
2026-05-21 00:00:00+00:00,16,135.8875,53.33641449073013,LightGBM
2026-05-21 00:00:00+00:00,17,163.35500000000002,67.55401834981352,LightGBM
2026-05-21 00:00:00+00:00,18,204.695,71.63267563191755,LightGBM
2026-05-21 00:00:00+00:00,19,188.4175,68.15054500740759,LightGBM
2026-05-21 00:00:00+00:00,20,166.035,58.43220376094848,LightGBM
2026-05-21 00:00:00+00:00,21,146.39249999999998,50.72715467946563,LightGBM
2026-05-21 00:00:00+00:00,22,144.315,49.47568510291132,LightGBM
2026-05-21 00:00:00+00:00,23,136.9,42.14730929665069,LightGBM
2026-05-22 00:00:00+00:00,0,131.6375,42.67880795919355,LightGBM
2026-05-22 00:00:00+00:00,1,128.95000000000002,38.78052066588805,LightGBM
2026-05-22 00:00:00+00:00,2,131.4975,36.31722400670264,LightGBM
2026-05-22 00:00:00+00:00,3,135.7175,33.297392987310914,LightGBM
2026-05-22 00:00:00+00:00,4,144.35500000000002,31.787891001773755,LightGBM
2026-05-22 00:00:00+00:00,5,138.1775,34.93822483212244,LightGBM
2026-05-22 00:00:00+00:00,6,123.135,47.33607648788479,LightGBM
2026-05-22 00:00:00+00:00,7,91.8825,58.69996957801706,LightGBM
2026-05-22 00:00:00+00:00,8,42.48,57.89106629941475,LightGBM
2026-05-22 00:00:00+00:00,9,3.94,53.37822053788165,LightGBM
2026-05-22 00:00:00+00:00,10,0.005,47.825041720770535,LightGBM
2026-05-22 00:00:00+00:00,11,0.0,39.25020704598694,LightGBM
2026-05-22 00:00:00+00:00,12,1.0,41.45585315344522,LightGBM
2026-05-22 00:00:00+00:00,13,20.305,38.33316246485191,LightGBM
2026-05-22 00:00:00+00:00,14,70.24,48.97889476277804,LightGBM
2026-05-22 00:00:00+00:00,15,104.195,53.76056543935336,LightGBM
2026-05-22 00:00:00+00:00,16,134.95,55.604571459941845,LightGBM
2026-05-22 00:00:00+00:00,17,161.2225,69.89286001144886,LightGBM
2026-05-22 00:00:00+00:00,18,218.4275,71.81031465948737,LightGBM
2026-05-22 00:00:00+00:00,19,193.6625,68.35616568482554,LightGBM
2026-05-22 00:00:00+00:00,20,154.635,57.305375072451724,LightGBM
2026-05-22 00:00:00+00:00,21,140.735,49.932815934104454,LightGBM
2026-05-22 00:00:00+00:00,22,136.76,48.43617993204573,LightGBM
2026-05-22 00:00:00+00:00,23,130.0,41.79584761949912,LightGBM
2026-05-23 00:00:00+00:00,0,125.8675,41.04355124567172,LightGBM
2026-05-23 00:00:00+00:00,1,125.3675,37.593570180298215,LightGBM
2026-05-23 00:00:00+00:00,2,121.7325,35.261714078507836,LightGBM
2026-05-23 00:00:00+00:00,3,119.26,32.29619983779433,LightGBM
2026-05-23 00:00:00+00:00,4,116.3675,29.23238898097006,LightGBM
2026-05-23 00:00:00+00:00,5,97.085,32.88704497625453,LightGBM
2026-05-23 00:00:00+00:00,6,49.8625,45.131660217333305,LightGBM
2026-05-23 00:00:00+00:00,7,1.6,54.98688925997535,LightGBM
2026-05-23 00:00:00+00:00,8,-0.3325,55.15184657190912,LightGBM
2026-05-23 00:00:00+00:00,9,-3.9,50.454465189244466,LightGBM
2026-05-23 00:00:00+00:00,10,-12.392499999999998,45.42583556745373,LightGBM
2026-05-23 00:00:00+00:00,11,-31.8175,36.67920183348663,LightGBM
2026-05-23 00:00:00+00:00,12,-18.42,40.34703811970134,LightGBM
2026-05-23 00:00:00+00:00,13,-4.0,35.3167014880899,LightGBM
2026-05-23 00:00:00+00:00,14,-0.2875,44.198639018606364,LightGBM
2026-05-23 00:00:00+00:00,15,44.4475,50.62632321256123,LightGBM
2026-05-23 00:00:00+00:00,16,120.7625,51.615629977221175,LightGBM
2026-05-23 00:00:00+00:00,17,149.6575,66.75892040006923,LightGBM
2026-05-23 00:00:00+00:00,18,174.52,71.36851145057281,LightGBM
2026-05-23 00:00:00+00:00,19,171.065,67.19307361085454,LightGBM
2026-05-23 00:00:00+00:00,20,156.915,56.81885671671005,LightGBM
2026-05-23 00:00:00+00:00,21,144.6525,49.68996855229261,LightGBM
2026-05-23 00:00:00+00:00,22,143.8025,47.84425679430132,LightGBM
2026-05-23 00:00:00+00:00,23,133.3775,41.40215503544196,LightGBM
2026-05-24 00:00:00+00:00,0,136.885,41.73941616811727,LightGBM
2026-05-24 00:00:00+00:00,1,125.44,37.21686385863415,LightGBM
2026-05-24 00:00:00+00:00,2,122.89,35.30099212244481,LightGBM
2026-05-24 00:00:00+00:00,3,117.7225,32.042543773206255,LightGBM
2026-05-24 00:00:00+00:00,4,108.795,30.189470467806075,LightGBM
2026-05-24 00:00:00+00:00,5,88.4625,32.4095614515782,LightGBM
2026-05-24 00:00:00+00:00,6,16.3675,45.15587284510292,LightGBM
2026-05-24 00:00:00+00:00,7,-0.0275,54.19142668310803,LightGBM
2026-05-24 00:00:00+00:00,8,-2.5025,53.9966173743638,LightGBM
2026-05-24 00:00:00+00:00,9,-13.8325,48.96734395796537,LightGBM
2026-05-24 00:00:00+00:00,10,-37.6125,43.16130324107357,LightGBM
2026-05-24 00:00:00+00:00,11,-75.9375,34.568635846965186,LightGBM
2026-05-24 00:00:00+00:00,12,-61.7525,36.905738861405304,LightGBM
2026-05-24 00:00:00+00:00,13,-23.4925,32.9770569822941,LightGBM
2026-05-24 00:00:00+00:00,14,-1.9575,41.738045564370644,LightGBM
2026-05-24 00:00:00+00:00,15,14.375,46.31749590502977,LightGBM
2026-05-24 00:00:00+00:00,16,96.3775,49.63441950640086,LightGBM
2026-05-24 00:00:00+00:00,17,133.2175,63.91838723618339,LightGBM
2026-05-24 00:00:00+00:00,18,151.0175,65.14233987513785,LightGBM
2026-05-24 00:00:00+00:00,19,153.2275,61.4983776896611,LightGBM
2026-05-24 00:00:00+00:00,20,144.42000000000002,51.98526676494718,LightGBM
2026-05-24 00:00:00+00:00,21,132.1,47.76208486664146,LightGBM
2026-05-24 00:00:00+00:00,22,130.8675,46.58356958722914,LightGBM
2026-05-24 00:00:00+00:00,23,125.9825,40.94869089933464,LightGBM
2026-05-25 00:00:00+00:00,0,125.24,41.08442548379191,LightGBM
2026-05-25 00:00:00+00:00,1,126.0125,36.642137348100206,LightGBM
2026-05-25 00:00:00+00:00,2,129.3125,35.08298722809622,LightGBM
2026-05-25 00:00:00+00:00,3,131.995,32.650153261176584,LightGBM
2026-05-25 00:00:00+00:00,4,130.195,31.077290990070516,LightGBM
2026-05-25 00:00:00+00:00,5,117.8775,33.07341451697618,LightGBM
2026-05-25 00:00:00+00:00,6,77.68,46.21612654784841,LightGBM
2026-05-25 00:00:00+00:00,7,5.0,56.480056034745324,LightGBM
2026-05-25 00:00:00+00:00,8,-0.1674999999999999,54.75507552541221,LightGBM
2026-05-25 00:00:00+00:00,9,-5.2625,50.533545010946966,LightGBM
2026-05-25 00:00:00+00:00,10,-12.7125,44.347916587119585,LightGBM
2026-05-25 00:00:00+00:00,11,-29.295,36.43074602359222,LightGBM
2026-05-25 00:00:00+00:00,12,-27.1825,37.01420531819077,LightGBM
2026-05-25 00:00:00+00:00,13,-10.05,34.187803540129224,LightGBM
2026-05-25 00:00:00+00:00,14,-2.915,42.10513056229705,LightGBM
2026-05-25 00:00:00+00:00,15,31.95,47.63740665499859,LightGBM
2026-05-25 00:00:00+00:00,16,118.8225,51.67063651437429,LightGBM
2026-05-25 00:00:00+00:00,17,150.575,65.33778630510403,LightGBM
2026-05-25 00:00:00+00:00,18,172.185,69.34252051069551,LightGBM
2026-05-25 00:00:00+00:00,19,170.25,65.62239382433685,LightGBM
2026-05-25 00:00:00+00:00,20,157.33249999999998,54.70244608797465,LightGBM
2026-05-25 00:00:00+00:00,21,141.025,47.376399396863384,LightGBM
2026-05-25 00:00:00+00:00,22,136.36,47.342446006107465,LightGBM
2026-05-25 00:00:00+00:00,23,125.6475,41.45343811651077,LightGBM
2026-05-26 00:00:00+00:00,0,120.645,40.1054467248356,LightGBM
2026-05-26 00:00:00+00:00,1,121.18,37.08013375365505,LightGBM
2026-05-26 00:00:00+00:00,2,119.53,35.37302531124759,LightGBM
2026-05-26 00:00:00+00:00,3,128.91,32.26643155082053,LightGBM
2026-05-26 00:00:00+00:00,4,143.105,29.88642812338556,LightGBM
2026-05-26 00:00:00+00:00,5,141.54,32.29415762486134,LightGBM
2026-05-26 00:00:00+00:00,6,122.045,45.710617943656416,LightGBM
2026-05-26 00:00:00+00:00,7,78.8,55.80555587249616,LightGBM
2026-05-26 00:00:00+00:00,8,6.52,54.85631900517985,LightGBM
2026-05-26 00:00:00+00:00,9,-0.0075,48.79743821427392,LightGBM
2026-05-26 00:00:00+00:00,10,-1.825,44.91423621963851,LightGBM
2026-05-26 00:00:00+00:00,11,-2.5,38.30981998920176,LightGBM
2026-05-26 00:00:00+00:00,12,-0.835,36.67825803725488,LightGBM
2026-05-26 00:00:00+00:00,13,-0.015,33.12961733196109,LightGBM
2026-05-26 00:00:00+00:00,14,13.115,40.59325435750564,LightGBM
2026-05-26 00:00:00+00:00,15,89.685,46.7338293322674,LightGBM
2026-05-26 00:00:00+00:00,16,134.7875,48.838952771213364,LightGBM
2026-05-26 00:00:00+00:00,17,185.1025,59.304345431599764,LightGBM
2026-05-26 00:00:00+00:00,18,217.9475,60.96744502727688,LightGBM
2026-05-26 00:00:00+00:00,19,184.785,58.987810663329334,LightGBM
2026-05-26 00:00:00+00:00,20,153.775,48.46898683212083,LightGBM
2026-05-26 00:00:00+00:00,21,130.5325,45.372894840244854,LightGBM
2026-05-26 00:00:00+00:00,22,134.7875,44.238131612220975,LightGBM
2026-05-26 00:00:00+00:00,23,127.5175,39.88176622214058,LightGBM
2026-05-27 00:00:00+00:00,0,120.5425,38.47870154694827,LightGBM
2026-05-27 00:00:00+00:00,1,118.87,35.49756361252452,LightGBM
2026-05-27 00:00:00+00:00,2,119.0475,31.671927389209024,LightGBM
2026-05-27 00:00:00+00:00,3,121.235,28.75767182273033,LightGBM
2026-05-27 00:00:00+00:00,4,134.2,27.35895671477336,LightGBM
2026-05-27 00:00:00+00:00,5,131.1,31.28804486642299,LightGBM
2026-05-27 00:00:00+00:00,6,106.4525,43.79084015519847,LightGBM
2026-05-27 00:00:00+00:00,7,48.235,54.022941041973986,LightGBM
2026-05-27 00:00:00+00:00,8,3.425,52.14101386255349,LightGBM
2026-05-27 00:00:00+00:00,9,-0.27,48.61671188555484,LightGBM
2026-05-27 00:00:00+00:00,10,-1.05,45.29182462405768,LightGBM
2026-05-27 00:00:00+00:00,11,-1.635,38.33469442006337,LightGBM
2026-05-27 00:00:00+00:00,12,-1.645,34.98076856800237,LightGBM
2026-05-27 00:00:00+00:00,13,-1.7025,33.89502054559722,LightGBM
2026-05-27 00:00:00+00:00,14,-0.4225,41.178243700370146,LightGBM
2026-05-27 00:00:00+00:00,15,32.2075,45.34761393898451,LightGBM
2026-05-27 00:00:00+00:00,16,97.8475,47.65476055285247,LightGBM
2026-05-27 00:00:00+00:00,17,136.51749999999998,55.12194792244811,LightGBM
2026-05-27 00:00:00+00:00,18,156.6775,58.77359145929358,LightGBM
2026-05-27 00:00:00+00:00,19,157.53,60.54195419672692,LightGBM
2026-05-27 00:00:00+00:00,20,144.16,50.0310245509761,LightGBM
2026-05-27 00:00:00+00:00,21,133.45499999999998,47.45146197215403,LightGBM
2026-05-27 00:00:00+00:00,22,132.945,45.730795747216526,LightGBM
2026-05-27 00:00:00+00:00,23,129.5375,41.6617866495374,LightGBM
2026-05-28 00:00:00+00:00,0,127.2375,40.60713273660286,LightGBM
2026-05-28 00:00:00+00:00,1,127.3625,37.017727812614694,LightGBM
2026-05-28 00:00:00+00:00,2,130.09,35.45920987234786,LightGBM
2026-05-28 00:00:00+00:00,3,135.5025,32.819184926176504,LightGBM
2026-05-28 00:00:00+00:00,4,148.4525,31.531427910465133,LightGBM
2026-05-28 00:00:00+00:00,5,138.155,33.41079304567161,LightGBM
2026-05-28 00:00:00+00:00,6,123.4025,46.345360849512915,LightGBM
2026-05-28 00:00:00+00:00,7,87.5425,54.90863289096603,LightGBM
2026-05-28 00:00:00+00:00,8,19.3075,55.59659900156514,LightGBM
2026-05-28 00:00:00+00:00,9,0.5675,50.34630541788891,LightGBM
2026-05-28 00:00:00+00:00,10,0.0024999999999999,44.29224795951297,LightGBM
2026-05-28 00:00:00+00:00,11,-0.0125,37.26147427110284,LightGBM
2026-05-28 00:00:00+00:00,12,0.0,36.118417174203906,LightGBM
2026-05-28 00:00:00+00:00,13,1.2975,34.08881316351493,LightGBM
2026-05-28 00:00:00+00:00,14,39.645,43.25677266387579,LightGBM
2026-05-28 00:00:00+00:00,15,101.2575,49.45478728087737,LightGBM
2026-05-28 00:00:00+00:00,16,138.25,51.81074674196433,LightGBM
2026-05-28 00:00:00+00:00,17,217.6025,66.91107867704879,LightGBM
2026-05-28 00:00:00+00:00,18,393.935,72.30810707680544,LightGBM
2026-05-28 00:00:00+00:00,19,368.0175,69.04901615457973,LightGBM
2026-05-28 00:00:00+00:00,20,215.75,58.777531772668326,LightGBM
2026-05-28 00:00:00+00:00,21,159.7975,52.054984137137346,LightGBM
2026-05-28 00:00:00+00:00,22,144.4425,49.50332270479225,LightGBM
2026-05-28 00:00:00+00:00,23,133.9275,42.10185134725121,LightGBM
2026-05-29 00:00:00+00:00,0,127.975,41.153383437943376,LightGBM
2026-05-29 00:00:00+00:00,1,126.1925,36.9011336182306,LightGBM
2026-05-29 00:00:00+00:00,2,125.2775,34.603616883735704,LightGBM
2026-05-29 00:00:00+00:00,3,125.495,31.600453604399036,LightGBM
2026-05-29 00:00:00+00:00,4,131.885,28.805809980004312,LightGBM
2026-05-29 00:00:00+00:00,5,125.995,31.961340885430673,LightGBM
2026-05-29 00:00:00+00:00,6,113.565,44.225741510213226,LightGBM
2026-05-29 00:00:00+00:00,7,71.9075,53.662518234032035,LightGBM
2026-05-29 00:00:00+00:00,8,17.0275,53.257320601234476,LightGBM
2026-05-29 00:00:00+00:00,9,0.29,47.95650103465241,LightGBM
2026-05-29 00:00:00+00:00,10,-0.055,43.36426502367611,LightGBM
2026-05-29 00:00:00+00:00,11,-0.0349999999999999,36.65107467103339,LightGBM
2026-05-29 00:00:00+00:00,12,0.0,38.073677228108295,LightGBM
2026-05-29 00:00:00+00:00,13,9.41,35.1329038686616,LightGBM
2026-05-29 00:00:00+00:00,14,51.61,42.15779855200401,LightGBM
2026-05-29 00:00:00+00:00,15,103.4075,48.04903269675908,LightGBM
2026-05-29 00:00:00+00:00,16,136.985,50.06723147187875,LightGBM
2026-05-29 00:00:00+00:00,17,174.9475,62.18946475229051,LightGBM
2026-05-29 00:00:00+00:00,18,240.61,63.93747632022719,LightGBM
2026-05-29 00:00:00+00:00,19,201.405,59.91581901784169,LightGBM
2026-05-29 00:00:00+00:00,20,161.70000000000002,49.56399932867725,LightGBM
2026-05-29 00:00:00+00:00,21,145.1925,45.633505649145704,LightGBM
2026-05-29 00:00:00+00:00,22,135.515,44.326036915711654,LightGBM
2026-05-29 00:00:00+00:00,23,128.45,40.332682776601445,LightGBM
2026-05-30 00:00:00+00:00,0,123.7725,40.18057007968084,LightGBM
2026-05-30 00:00:00+00:00,1,121.085,36.77357341539365,LightGBM
2026-05-30 00:00:00+00:00,2,125.3575,35.02196753540208,LightGBM
2026-05-30 00:00:00+00:00,3,125.045,31.800336321531947,LightGBM
2026-05-30 00:00:00+00:00,4,118.9925,29.14238779890465,LightGBM
2026-05-30 00:00:00+00:00,5,109.095,31.779489911467795,LightGBM
2026-05-30 00:00:00+00:00,6,88.8675,44.10943760232617,LightGBM
2026-05-30 00:00:00+00:00,7,36.682500000000005,53.28601970400133,LightGBM
2026-05-30 00:00:00+00:00,8,2.96,53.38059102753543,LightGBM
2026-05-30 00:00:00+00:00,9,-0.005,48.69452856921283,LightGBM
2026-05-30 00:00:00+00:00,10,-0.0525,44.19573007183994,LightGBM
2026-05-30 00:00:00+00:00,11,-1.4425,35.93625592205969,LightGBM
2026-05-30 00:00:00+00:00,12,-0.7475,36.620761394486436,LightGBM
2026-05-30 00:00:00+00:00,13,-0.01,34.32653164228201,LightGBM
2026-05-30 00:00:00+00:00,14,3.0075,42.73820658720027,LightGBM
2026-05-30 00:00:00+00:00,15,62.5,46.876077107743875,LightGBM
2026-05-30 00:00:00+00:00,16,107.0075,47.81663207958327,LightGBM
2026-05-30 00:00:00+00:00,17,139.8725,63.08734103384832,LightGBM
2026-05-30 00:00:00+00:00,18,160.52499999999998,65.45325767921082,LightGBM
2026-05-30 00:00:00+00:00,19,171.845,63.17907143782987,LightGBM
2026-05-30 00:00:00+00:00,20,159.4025,54.677212006001476,LightGBM
2026-05-30 00:00:00+00:00,21,143.04000000000002,49.57133474196265,LightGBM
2026-05-30 00:00:00+00:00,22,136.4125,47.29183241328015,LightGBM
2026-05-30 00:00:00+00:00,23,129.10500000000002,41.538313865919505,LightGBM
2026-05-31 00:00:00+00:00,0,125.915,41.70046287805141,LightGBM
2026-05-31 00:00:00+00:00,1,125.1975,37.99853490193614,LightGBM
2026-05-31 00:00:00+00:00,2,126.95,36.00548593210844,LightGBM
2026-05-31 00:00:00+00:00,3,123.3575,32.48492292482154,LightGBM
2026-05-31 00:00:00+00:00,4,115.0025,30.106785512572735,LightGBM
2026-05-31 00:00:00+00:00,5,100.56,33.55497983386893,LightGBM
2026-05-31 00:00:00+00:00,6,90.4375,44.649830282823714,LightGBM
2026-05-31 00:00:00+00:00,7,56.29,53.66262935662316,LightGBM
2026-05-31 00:00:00+00:00,8,7.5675,53.15257469941493,LightGBM
2026-05-31 00:00:00+00:00,9,0.0,47.49752275819053,LightGBM
2026-05-31 00:00:00+00:00,10,-0.005,45.05673426974944,LightGBM
2026-05-31 00:00:00+00:00,11,-0.01,34.9112341827827,LightGBM
2026-05-31 00:00:00+00:00,12,-0.01,38.44447960280419,LightGBM
2026-05-31 00:00:00+00:00,13,0.0,36.82502442146667,LightGBM
2026-05-31 00:00:00+00:00,14,49.002500000000005,42.46914369026171,LightGBM
2026-05-31 00:00:00+00:00,15,95.925,48.00740015480018,LightGBM
2026-05-31 00:00:00+00:00,16,127.265,50.470908637089465,LightGBM
2026-05-31 00:00:00+00:00,17,141.37,61.91429695138329,LightGBM
2026-05-31 00:00:00+00:00,18,152.7625,64.1886817327198,LightGBM
2026-05-31 00:00:00+00:00,19,156.035,59.558377093663104,LightGBM
2026-05-31 00:00:00+00:00,20,153.1275,49.378846452515404,LightGBM
2026-05-31 00:00:00+00:00,21,145.3475,45.69495669692386,LightGBM
2026-05-31 00:00:00+00:00,22,141.0075,45.71796945391739,LightGBM
2026-05-31 00:00:00+00:00,23,128.255,40.69139123401242,LightGBM
2026-06-01 00:00:00+00:00,0,123.1375,40.47666176970537,LightGBM
2026-06-01 00:00:00+00:00,1,120.295,37.67729476161672,LightGBM
2026-06-01 00:00:00+00:00,2,124.4875,35.71497030511512,LightGBM
2026-06-01 00:00:00+00:00,3,135.0925,32.67080129674077,LightGBM
2026-06-01 00:00:00+00:00,4,164.03,30.01413838275005,LightGBM
2026-06-01 00:00:00+00:00,5,160.0,34.193012676596325,LightGBM
2026-06-01 00:00:00+00:00,6,151.715,45.37020293453097,LightGBM
2026-06-01 00:00:00+00:00,7,133.2,55.07287601871747,LightGBM
2026-06-01 00:00:00+00:00,8,117.66,55.178636792388524,LightGBM
2026-06-01 00:00:00+00:00,9,108.1425,49.935162879565475,LightGBM
2026-06-01 00:00:00+00:00,10,93.0825,45.03951045923124,LightGBM
2026-06-01 00:00:00+00:00,11,89.9075,35.5944484743876,LightGBM
2026-06-01 00:00:00+00:00,12,87.44749999999999,39.42341134556951,LightGBM
2026-06-01 00:00:00+00:00,13,95.0975,36.84345051206874,LightGBM
2026-06-01 00:00:00+00:00,14,106.735,44.85514590671681,LightGBM
2026-06-01 00:00:00+00:00,15,125.2425,52.34317742917235,LightGBM
2026-06-01 00:00:00+00:00,16,141.4575,53.16143258972588,LightGBM
2026-06-01 00:00:00+00:00,17,226.6125,66.29930838731545,LightGBM
2026-06-01 00:00:00+00:00,18,355.2525,70.27697854503577,LightGBM
2026-06-01 00:00:00+00:00,19,333.3675,65.6355705067154,LightGBM
2026-06-01 00:00:00+00:00,20,222.5025,56.69943974686377,LightGBM
2026-06-01 00:00:00+00:00,21,161.025,49.97265330325918,LightGBM
2026-06-01 00:00:00+00:00,22,142.065,47.65272964713682,LightGBM
2026-06-01 00:00:00+00:00,23,131.7225,41.01440800629578,LightGBM
2026-06-02 00:00:00+00:00,0,125.085,40.61396834349784,LightGBM
2026-06-02 00:00:00+00:00,1,120.915,38.26224907204771,LightGBM
2026-06-02 00:00:00+00:00,2,120.6275,34.77156104170715,LightGBM
2026-06-02 00:00:00+00:00,3,124.215,32.227325747349404,LightGBM
2026-06-02 00:00:00+00:00,4,131.0275,29.028187874688683,LightGBM
2026-06-02 00:00:00+00:00,5,131.79500000000002,32.560122620962126,LightGBM
2026-06-02 00:00:00+00:00,6,121.0825,44.01479462131054,LightGBM
2026-06-02 00:00:00+00:00,7,105.41,54.68808871731184,LightGBM
2026-06-02 00:00:00+00:00,8,90.515,55.117124019764965,LightGBM
2026-06-02 00:00:00+00:00,9,84.69999999999999,51.649172589218395,LightGBM
2026-06-02 00:00:00+00:00,10,80.2925,50.2303951174705,LightGBM
2026-06-02 00:00:00+00:00,11,84.9575,45.0466181102735,LightGBM
2026-06-02 00:00:00+00:00,12,90.7825,45.762695244986446,LightGBM
2026-06-02 00:00:00+00:00,13,99.7375,44.043378508318995,LightGBM
2026-06-02 00:00:00+00:00,14,112.2475,47.19056090127704,LightGBM
2026-06-02 00:00:00+00:00,15,131.1375,51.34201702576855,LightGBM
2026-06-02 00:00:00+00:00,16,146.97750000000002,53.29878246070293,LightGBM
2026-06-02 00:00:00+00:00,17,167.9375,62.783089117261824,LightGBM
2026-06-02 00:00:00+00:00,18,167.2725,62.39888837360005,LightGBM
2026-06-02 00:00:00+00:00,19,152.325,58.065384069240324,LightGBM
2026-06-02 00:00:00+00:00,20,140.435,46.70274148618407,LightGBM
2026-06-02 00:00:00+00:00,21,125.2375,43.825279423891,LightGBM
2026-06-02 00:00:00+00:00,22,116.3,41.92736915000887,LightGBM
2026-06-02 00:00:00+00:00,23,111.895,37.58164691173761,LightGBM
2026-06-03 00:00:00+00:00,0,108.0175,39.052870730585525,LightGBM
2026-06-03 00:00:00+00:00,1,107.3,36.06808608393714,LightGBM
2026-06-03 00:00:00+00:00,2,107.19,32.476461214459846,LightGBM
2026-06-03 00:00:00+00:00,3,113.275,29.976312159851197,LightGBM
2026-06-03 00:00:00+00:00,4,130.7375,26.7404072197019,LightGBM
2026-06-03 00:00:00+00:00,5,136.82999999999998,30.211704141652202,LightGBM
2026-06-03 00:00:00+00:00,6,131.0775,43.44296332623016,LightGBM
2026-06-03 00:00:00+00:00,7,112.1475,52.38686184317321,LightGBM
2026-06-03 00:00:00+00:00,8,94.0925,54.71839490021666,LightGBM
2026-06-03 00:00:00+00:00,9,80.2475,53.424519563039766,LightGBM
2026-06-03 00:00:00+00:00,10,58.17,50.71192092989181,LightGBM
2026-06-03 00:00:00+00:00,11,37.8325,44.036924419220206,LightGBM
2026-06-03 00:00:00+00:00,12,38.0425,40.19738667685726,LightGBM
2026-06-03 00:00:00+00:00,13,47.1,39.06193346849547,LightGBM
2026-06-03 00:00:00+00:00,14,76.9,42.697929719451544,LightGBM
2026-06-03 00:00:00+00:00,15,95.5325,44.897691935771604,LightGBM
2026-06-03 00:00:00+00:00,16,122.1875,44.58467685476504,LightGBM
2026-06-03 00:00:00+00:00,17,138.3675,56.65488208867241,LightGBM
2026-06-03 00:00:00+00:00,18,146.2375,55.99013508670604,LightGBM
2026-06-03 00:00:00+00:00,19,133.42000000000002,55.35234823968026,LightGBM
2026-06-03 00:00:00+00:00,20,120.9525,44.04769179508166,LightGBM
2026-06-03 00:00:00+00:00,21,99.4075,38.54785058879788,LightGBM
2026-06-03 00:00:00+00:00,22,86.205,36.422265083694626,LightGBM
2026-06-03 00:00:00+00:00,23,75.4875,24.137468142847496,LightGBM
2026-06-04 00:00:00+00:00,0,66.92,34.71480411892292,LightGBM
2026-06-04 00:00:00+00:00,1,67.4725,32.55369403492369,LightGBM
2026-06-04 00:00:00+00:00,2,68.2925,27.966702726151844,LightGBM
2026-06-04 00:00:00+00:00,3,71.185,27.09427206146553,LightGBM
2026-06-04 00:00:00+00:00,4,73.97,25.457171043410604,LightGBM
2026-06-04 00:00:00+00:00,5,87.08,29.30461066035715,LightGBM
2026-06-04 00:00:00+00:00,6,75.62,41.80016780199554,LightGBM
2026-06-04 00:00:00+00:00,7,34.125,51.64611766014624,LightGBM
2026-06-04 00:00:00+00:00,8,4.79,52.913026160511414,LightGBM
2026-06-04 00:00:00+00:00,9,-0.0025,50.29824527061553,LightGBM
2026-06-04 00:00:00+00:00,10,-0.025,46.782986610274925,LightGBM
2026-06-04 00:00:00+00:00,11,-0.0475,39.21555806666335,LightGBM
2026-06-04 00:00:00+00:00,12,-0.035,37.27818949919339,LightGBM
2026-06-04 00:00:00+00:00,13,1.6175,33.16273659002991,LightGBM
2026-06-04 00:00:00+00:00,14,28.6375,37.97818147381219,LightGBM
2026-06-04 00:00:00+00:00,15,70.1525,40.15873685908824,LightGBM
2026-06-04 00:00:00+00:00,16,101.5025,41.655549426822866,LightGBM
2026-06-04 00:00:00+00:00,17,114.165,48.330360890425325,LightGBM
2026-06-04 00:00:00+00:00,18,117.9625,48.14374407650995,LightGBM
2026-06-04 00:00:00+00:00,19,115.3725,42.840281232049364,LightGBM
2026-06-04 00:00:00+00:00,20,111.69,38.1777521872565,LightGBM
2026-06-04 00:00:00+00:00,21,100.05,34.652762733900616,LightGBM
2026-06-04 00:00:00+00:00,22,80.695,33.5579258143709,LightGBM
2026-06-04 00:00:00+00:00,23,79.44749999999999,20.300093113591462,LightGBM
2026-06-05 00:00:00+00:00,0,83.44749999999999,37.19530250842672,LightGBM
2026-06-05 00:00:00+00:00,1,85.025,34.493679885085925,LightGBM
2026-06-05 00:00:00+00:00,2,89.8325,31.362017510139676,LightGBM
2026-06-05 00:00:00+00:00,3,97.2575,30.028526973463908,LightGBM
2026-06-05 00:00:00+00:00,4,114.8975,26.984749775171096,LightGBM
2026-06-05 00:00:00+00:00,5,118.6175,31.10631214789144,LightGBM
2026-06-05 00:00:00+00:00,6,113.8175,44.86928622972796,LightGBM
2026-06-05 00:00:00+00:00,7,98.3,53.780922018230044,LightGBM
2026-06-05 00:00:00+00:00,8,86.115,54.45432372434217,LightGBM
2026-06-05 00:00:00+00:00,9,70.825,50.912480900315444,LightGBM
2026-06-05 00:00:00+00:00,10,45.205,46.62815743541723,LightGBM
2026-06-05 00:00:00+00:00,11,34.1775,37.8746871672621,LightGBM
2026-06-05 00:00:00+00:00,12,27.2,37.47414890195387,LightGBM
2026-06-05 00:00:00+00:00,13,38.01,35.82356388535965,LightGBM
2026-06-05 00:00:00+00:00,14,72.555,45.05087075261497,LightGBM
2026-06-05 00:00:00+00:00,15,104.2525,49.94043721929402,LightGBM
2026-06-05 00:00:00+00:00,16,128.9025,51.4275158552006,LightGBM
2026-06-05 00:00:00+00:00,17,150.4975,65.51089948954085,LightGBM
2026-06-05 00:00:00+00:00,18,179.0775,68.42399799915336,LightGBM
2026-06-05 00:00:00+00:00,19,189.355,66.80981658541182,LightGBM
2026-06-05 00:00:00+00:00,20,169.135,56.82370147543547,LightGBM
2026-06-05 00:00:00+00:00,21,152.06,52.10616607513369,LightGBM
2026-06-05 00:00:00+00:00,22,148.2425,50.70052222864219,LightGBM
2026-06-05 00:00:00+00:00,23,137.18,42.70389629391141,LightGBM
2026-06-06 00:00:00+00:00,0,134.79,42.63802251572806,LightGBM
2026-06-06 00:00:00+00:00,1,116.1675,39.05502966869953,LightGBM
2026-06-06 00:00:00+00:00,2,130.1825,36.609381959506784,LightGBM
2026-06-06 00:00:00+00:00,3,126.035,33.45655452724145,LightGBM
2026-06-06 00:00:00+00:00,4,117.69,30.999241953637885,LightGBM
2026-06-06 00:00:00+00:00,5,102.315,34.750458275032976,LightGBM
2026-06-06 00:00:00+00:00,6,81.0175,46.046228820380854,LightGBM
2026-06-06 00:00:00+00:00,7,50.0,56.006501111743205,LightGBM
2026-06-06 00:00:00+00:00,8,14.7425,56.339057694887806,LightGBM
2026-06-06 00:00:00+00:00,9,0.0325,50.381454636185694,LightGBM
2026-06-06 00:00:00+00:00,10,-0.03,47.08440393240971,LightGBM
2026-06-06 00:00:00+00:00,11,-0.025,38.67330782697773,LightGBM
2026-06-06 00:00:00+00:00,12,0.0225,41.707305734424146,LightGBM
2026-06-06 00:00:00+00:00,13,9.51,40.12946568015863,LightGBM
2026-06-06 00:00:00+00:00,14,46.105,45.86520228381571,LightGBM
2026-06-06 00:00:00+00:00,15,93.2825,51.477641628701555,LightGBM
2026-06-06 00:00:00+00:00,16,121.7875,52.07037549744393,LightGBM
2026-06-06 00:00:00+00:00,17,133.85,64.39977369151151,LightGBM
2026-06-06 00:00:00+00:00,18,152.4325,65.47630510362207,LightGBM
2026-06-06 00:00:00+00:00,19,150.9225,57.59472868716444,LightGBM
2026-06-06 00:00:00+00:00,20,134.3275,48.754080623522974,LightGBM
2026-06-06 00:00:00+00:00,21,121.5425,43.73390082754541,LightGBM
2026-06-06 00:00:00+00:00,22,110.7,42.884968885914816,LightGBM
2026-06-06 00:00:00+00:00,23,99.5125,38.486468554992015,LightGBM
2026-06-07 00:00:00+00:00,0,92.2075,36.84381173345706,LightGBM
2026-06-07 00:00:00+00:00,1,81.41499999999999,33.522752179784575,LightGBM
2026-06-07 00:00:00+00:00,2,67.0125,29.65354005320348,LightGBM
2026-06-07 00:00:00+00:00,3,39.21,26.96862006192329,LightGBM
2026-06-07 00:00:00+00:00,4,5.0475,24.95483816398115,LightGBM
2026-06-07 00:00:00+00:00,5,0.46,28.8500364159601,LightGBM
2026-06-07 00:00:00+00:00,6,-0.5525,40.78640823901081,LightGBM
2026-06-07 00:00:00+00:00,7,-5.05,51.945023605710425,LightGBM
2026-06-07 00:00:00+00:00,8,-8.0,50.88608848823374,LightGBM
2026-06-07 00:00:00+00:00,9,-14.0525,47.983838760989194,LightGBM
2026-06-07 00:00:00+00:00,10,-18.2625,45.04022052598443,LightGBM
2026-06-07 00:00:00+00:00,11,-35.9375,37.112909464008716,LightGBM
2026-06-07 00:00:00+00:00,12,-44.7375,35.97235310265504,LightGBM
2026-06-07 00:00:00+00:00,13,-36.47,33.074589844447765,LightGBM
2026-06-07 00:00:00+00:00,14,-15.96,40.690451627992005,LightGBM
2026-06-07 00:00:00+00:00,15,-1.135,43.15994943736148,LightGBM
2026-06-07 00:00:00+00:00,16,53.625,44.67866396449155,LightGBM
2026-06-07 00:00:00+00:00,17,108.0025,57.22903752923465,LightGBM
2026-06-07 00:00:00+00:00,18,128.26749999999998,58.643133827431896,LightGBM
2026-06-07 00:00:00+00:00,19,137.1375,60.50695869108717,LightGBM
2026-06-07 00:00:00+00:00,20,141.1875,52.14625451936033,LightGBM
2026-06-07 00:00:00+00:00,21,140.3425,48.54741253288989,LightGBM
2026-06-07 00:00:00+00:00,22,140.43,47.19313233970802,LightGBM
2026-06-07 00:00:00+00:00,23,134.2375,41.4761169651913,LightGBM
2026-06-08 00:00:00+00:00,0,132.71,40.58365974961591,LightGBM
2026-06-08 00:00:00+00:00,1,127.67,36.6999942234226,LightGBM
2026-06-08 00:00:00+00:00,2,130.175,34.41281497817495,LightGBM
2026-06-08 00:00:00+00:00,3,138.5625,31.45883864947129,LightGBM
2026-06-08 00:00:00+00:00,4,150.675,28.517525418831767,LightGBM
2026-06-08 00:00:00+00:00,5,145.675,32.7640544567604,LightGBM
2026-06-08 00:00:00+00:00,6,124.875,45.99609366936688,LightGBM
2026-06-08 00:00:00+00:00,7,100.9025,55.32362034471143,LightGBM
2026-06-08 00:00:00+00:00,8,75.91499999999999,54.58238772647599,LightGBM
2026-06-08 00:00:00+00:00,9,55.6425,48.121428174599615,LightGBM
2026-06-08 00:00:00+00:00,10,54.4825,45.10281022993556,LightGBM
2026-06-08 00:00:00+00:00,11,55.2175,38.09008140889617,LightGBM
2026-06-08 00:00:00+00:00,12,68.67,37.18035691714681,LightGBM
2026-06-08 00:00:00+00:00,13,88.8525,34.989392543598,LightGBM
2026-06-08 00:00:00+00:00,14,102.58,41.09362982734626,LightGBM
2026-06-08 00:00:00+00:00,15,128.875,48.01140041032428,LightGBM
2026-06-08 00:00:00+00:00,16,151.32999999999998,51.204104120767546,LightGBM
2026-06-08 00:00:00+00:00,17,199.3225,60.72496075013748,LightGBM
2026-06-08 00:00:00+00:00,18,208.9025,63.849496935979914,LightGBM
2026-06-08 00:00:00+00:00,19,185.75,58.57992909334789,LightGBM
2026-06-08 00:00:00+00:00,20,152.3675,47.74391299324466,LightGBM
2026-06-08 00:00:00+00:00,21,128.20499999999998,43.71759541980128,LightGBM
2026-06-08 00:00:00+00:00,22,129.0125,43.639471147755735,LightGBM
2026-06-08 00:00:00+00:00,23,122.1575,37.29052198581408,LightGBM
2026-06-09 00:00:00+00:00,0,115.5,38.40969023233603,LightGBM
2026-06-09 00:00:00+00:00,1,111.2175,35.49410229204936,LightGBM
2026-06-09 00:00:00+00:00,2,110.475,31.572436317242314,LightGBM
2026-06-09 00:00:00+00:00,3,115.8425,29.237761163444357,LightGBM
2026-06-09 00:00:00+00:00,4,130.1525,25.826908518077705,LightGBM
2026-06-09 00:00:00+00:00,5,134.6325,30.6176813732298,LightGBM
2026-06-09 00:00:00+00:00,6,126.89,44.344498372022095,LightGBM
2026-06-09 00:00:00+00:00,7,107.0,55.2784864908164,LightGBM
2026-06-09 00:00:00+00:00,8,82.33500000000001,52.99366517057168,LightGBM
2026-06-09 00:00:00+00:00,9,60.9,50.920924030385436,LightGBM
2026-06-09 00:00:00+00:00,10,25.215,49.51639212100191,LightGBM
2026-06-09 00:00:00+00:00,11,3.5325,44.7235787552441,LightGBM
2026-06-09 00:00:00+00:00,12,0.145,41.036969681130415,LightGBM
2026-06-09 00:00:00+00:00,13,1.52,38.517556557948716,LightGBM
2026-06-09 00:00:00+00:00,14,30.585,43.688741773598665,LightGBM
2026-06-09 00:00:00+00:00,15,75.72749999999999,46.424797710104066,LightGBM
2026-06-09 00:00:00+00:00,16,118.5475,50.89207601486395,LightGBM
2026-06-09 00:00:00+00:00,17,137.3,60.72526828845052,LightGBM
2026-06-09 00:00:00+00:00,18,153.73000000000002,61.25506701539542,LightGBM
2026-06-09 00:00:00+00:00,19,156.275,61.613440497896484,LightGBM
2026-06-09 00:00:00+00:00,20,144.9925,51.350026255769386,LightGBM
2026-06-09 00:00:00+00:00,21,131.3075,46.16056411796305,LightGBM
2026-06-09 00:00:00+00:00,22,124.9125,44.68718622719412,LightGBM
2026-06-09 00:00:00+00:00,23,116.9025,39.46946463857418,LightGBM
2026-06-10 00:00:00+00:00,0,111.1275,38.93012990511795,LightGBM
2026-06-10 00:00:00+00:00,1,111.3075,35.4074248209167,LightGBM
2026-06-10 00:00:00+00:00,2,113.24,32.874368198297944,LightGBM
2026-06-10 00:00:00+00:00,3,118.7525,29.806847197879165,LightGBM
2026-06-10 00:00:00+00:00,4,131.89249999999998,29.234396419183906,LightGBM
2026-06-10 00:00:00+00:00,5,136.8075,33.11981818213816,LightGBM
2026-06-10 00:00:00+00:00,6,126.6525,45.57337232992467,LightGBM
2026-06-10 00:00:00+00:00,7,104.6025,55.825860801441124,LightGBM
2026-06-10 00:00:00+00:00,8,86.5575,56.0109237644374,LightGBM
2026-06-10 00:00:00+00:00,9,73.0575,52.346115473247536,LightGBM
2026-06-10 00:00:00+00:00,10,68.67750000000001,48.35164672993563,LightGBM
2026-06-10 00:00:00+00:00,11,71.5675,41.48997484753984,LightGBM
2026-06-10 00:00:00+00:00,12,77.825,42.62087146291169,LightGBM
2026-06-10 00:00:00+00:00,13,86.625,42.26247854591663,LightGBM
2026-06-10 00:00:00+00:00,14,103.4525,49.55880867423327,LightGBM
2026-06-10 00:00:00+00:00,15,125.4,55.67445618199761,LightGBM
2026-06-10 00:00:00+00:00,16,140.525,58.04050214194621,LightGBM
2026-06-10 00:00:00+00:00,17,170.9675,70.7365108781177,LightGBM
2026-06-10 00:00:00+00:00,18,213.98,71.67807980337491,LightGBM
2026-06-10 00:00:00+00:00,19,204.9975,69.79847524608873,LightGBM
2026-06-10 00:00:00+00:00,20,168.635,57.63921333838413,LightGBM
2026-06-10 00:00:00+00:00,21,151.75,51.624306239576335,LightGBM
2026-06-10 00:00:00+00:00,22,140.7325,48.626427745035436,LightGBM
2026-06-10 00:00:00+00:00,23,133.4875,42.936247994997174,LightGBM
2026-06-11 00:00:00+00:00,0,126.195,42.90340895490896,LightGBM
2026-06-11 00:00:00+00:00,1,125.7575,38.973064186146786,LightGBM
2026-06-11 00:00:00+00:00,2,126.045,36.57464416903511,LightGBM
2026-06-11 00:00:00+00:00,3,126.6625,33.46232448593225,LightGBM
2026-06-11 00:00:00+00:00,4,138.32999999999998,31.130592240618494,LightGBM
2026-06-11 00:00:00+00:00,5,138.7975,33.902274360094204,LightGBM
2026-06-11 00:00:00+00:00,6,126.64,45.56172813975132,LightGBM
2026-06-11 00:00:00+00:00,7,103.7975,57.56718472880819,LightGBM
2026-06-11 00:00:00+00:00,8,90.5425,58.54169332776541,LightGBM
2026-06-11 00:00:00+00:00,9,76.9725,53.58777040228593,LightGBM
2026-06-11 00:00:00+00:00,10,60.2725,50.056478378107954,LightGBM
2026-06-11 00:00:00+00:00,11,45.31,43.35283843185612,LightGBM
2026-06-11 00:00:00+00:00,12,31.58,41.120667780551756,LightGBM
2026-06-11 00:00:00+00:00,13,51.025,40.4051341814953,LightGBM
2026-06-11 00:00:00+00:00,14,78.4675,45.70954773968707,LightGBM
2026-06-11 00:00:00+00:00,15,101.5975,48.48877831474137,LightGBM
2026-06-11 00:00:00+00:00,16,127.98,51.170514158391114,LightGBM
2026-06-11 00:00:00+00:00,17,146.235,64.40780570978204,LightGBM
2026-06-11 00:00:00+00:00,18,174.85750000000002,64.87288828481233,LightGBM
2026-06-11 00:00:00+00:00,19,164.9425,61.555965031825735,LightGBM
2026-06-11 00:00:00+00:00,20,137.2325,52.29768503829351,LightGBM
2026-06-11 00:00:00+00:00,21,116.0625,46.93497260924246,LightGBM
2026-06-11 00:00:00+00:00,22,116.895,44.20600191699539,LightGBM
2026-06-11 00:00:00+00:00,23,102.0125,40.48786015404935,LightGBM
2026-06-12 00:00:00+00:00,0,94.505,37.94552408152909,LightGBM
2026-06-12 00:00:00+00:00,1,92.0525,34.73340332343591,LightGBM
2026-06-12 00:00:00+00:00,2,93.0475,32.257542914498444,LightGBM
2026-06-12 00:00:00+00:00,3,96.0775,28.82008548054832,LightGBM
2026-06-12 00:00:00+00:00,4,117.7575,27.247786748518276,LightGBM
2026-06-12 00:00:00+00:00,5,122.655,30.57990856109317,LightGBM
2026-06-12 00:00:00+00:00,6,127.34,43.93006681934624,LightGBM
2026-06-12 00:00:00+00:00,7,117.405,54.191176181355615,LightGBM
2026-06-12 00:00:00+00:00,8,102.1,54.11604064756015,LightGBM
2026-06-12 00:00:00+00:00,9,90.51,51.654225725428745,LightGBM
2026-06-12 00:00:00+00:00,10,81.005,46.933725655630816,LightGBM
2026-06-12 00:00:00+00:00,11,70.1325,39.68387183222206,LightGBM
2026-06-12 00:00:00+00:00,12,60.370000000000005,37.39230575001573,LightGBM
2026-06-12 00:00:00+00:00,13,56.0475,34.04651554318194,LightGBM
2026-06-12 00:00:00+00:00,14,68.2675,39.16923528073957,LightGBM
2026-06-12 00:00:00+00:00,15,78.8725,41.6621735368458,LightGBM
2026-06-12 00:00:00+00:00,16,103.65,45.291039428471436,LightGBM
2026-06-12 00:00:00+00:00,17,115.8725,52.07964337690738,LightGBM
2026-06-12 00:00:00+00:00,18,110.665,51.57412591757493,LightGBM
2026-06-12 00:00:00+00:00,19,109.81,50.18547023349669,LightGBM
2026-06-12 00:00:00+00:00,20,111.1225,43.30879704217307,LightGBM
2026-06-12 00:00:00+00:00,21,100.8975,38.950657533485064,LightGBM
2026-06-12 00:00:00+00:00,22,87.085,37.34364818456867,LightGBM
2026-06-12 00:00:00+00:00,23,74.045,26.950103420872416,LightGBM
2026-06-13 00:00:00+00:00,0,65.85249999999999,35.92229486747,LightGBM
2026-06-13 00:00:00+00:00,1,63.835,34.13714728808908,LightGBM
2026-06-13 00:00:00+00:00,2,65.5575,30.97274466634143,LightGBM
2026-06-13 00:00:00+00:00,3,53.795,28.631702645635936,LightGBM
2026-06-13 00:00:00+00:00,4,31.63,25.642647323465653,LightGBM
2026-06-13 00:00:00+00:00,5,13.655,29.21164696640539,LightGBM
2026-06-13 00:00:00+00:00,6,0.3274999999999999,41.54798825184038,LightGBM
2026-06-13 00:00:00+00:00,7,-1.1075,51.976863319320046,LightGBM
2026-06-13 00:00:00+00:00,8,-4.9175,52.93469550098083,LightGBM
2026-06-13 00:00:00+00:00,9,-15.695,52.911480897528556,LightGBM
2026-06-13 00:00:00+00:00,10,-27.4225,49.23424265153056,LightGBM
2026-06-13 00:00:00+00:00,11,-45.8675,43.099573420404575,LightGBM
2026-06-13 00:00:00+00:00,12,-44.9975,39.62783859294264,LightGBM
2026-06-13 00:00:00+00:00,13,-31.54,35.74508472949901,LightGBM
2026-06-13 00:00:00+00:00,14,-19.17,41.160867818296836,LightGBM
2026-06-13 00:00:00+00:00,15,-4.215,41.633570698445084,LightGBM
2026-06-13 00:00:00+00:00,16,-0.5475000000000001,42.04473491979969,LightGBM
2026-06-13 00:00:00+00:00,17,33.410000000000004,48.28952351664787,LightGBM
2026-06-13 00:00:00+00:00,18,72.25500000000001,48.0857928681447,LightGBM
2026-06-13 00:00:00+00:00,19,87.16,42.98285493299542,LightGBM
2026-06-13 00:00:00+00:00,20,102.485,35.42781215829105,LightGBM
2026-06-13 00:00:00+00:00,21,88.0,33.16520449287638,LightGBM
2026-06-13 00:00:00+00:00,22,67.7875,32.027466624719686,LightGBM
2026-06-13 00:00:00+00:00,23,49.44,20.466800899365943,LightGBM
2026-06-14 00:00:00+00:00,0,34.0775,30.98928155880589,LightGBM
2026-06-14 00:00:00+00:00,1,28.0725,30.551291477739195,LightGBM
2026-06-14 00:00:00+00:00,2,26.5725,26.248019838663012,LightGBM
2026-06-14 00:00:00+00:00,3,21.3675,24.724621205987436,LightGBM
2026-06-14 00:00:00+00:00,4,7.74,22.082976437283566,LightGBM
2026-06-14 00:00:00+00:00,5,0.4599999999999999,26.647440121413155,LightGBM
2026-06-14 00:00:00+00:00,6,-0.3475,40.36651191596366,LightGBM
2026-06-14 00:00:00+00:00,7,-2.8325,47.459130470573626,LightGBM
2026-06-14 00:00:00+00:00,8,-6.37,49.60137814350013,LightGBM
2026-06-14 00:00:00+00:00,9,-9.2875,42.908292936881125,LightGBM
2026-06-14 00:00:00+00:00,10,-14.9925,40.78567169155536,LightGBM
2026-06-14 00:00:00+00:00,11,-23.4225,32.519581414752636,LightGBM
2026-06-14 00:00:00+00:00,12,-25.0,28.767414826857454,LightGBM
2026-06-14 00:00:00+00:00,13,-20.0,27.44380437306329,LightGBM
2026-06-14 00:00:00+00:00,14,-9.2025,30.606615696251854,LightGBM
2026-06-14 00:00:00+00:00,15,-1.745,32.0824896404465,LightGBM
2026-06-14 00:00:00+00:00,16,5.28,30.163129267782057,LightGBM
2026-06-14 00:00:00+00:00,17,62.0825,39.56102665646419,LightGBM
2026-06-14 00:00:00+00:00,18,94.88,42.312489440862464,LightGBM
2026-06-14 00:00:00+00:00,19,102.6275,40.39128350275295,LightGBM
2026-06-14 00:00:00+00:00,20,112.28,35.56020637899459,LightGBM
2026-06-14 00:00:00+00:00,21,103.395,31.15634376699074,LightGBM
2026-06-14 00:00:00+00:00,22,101.4325,30.144225892901776,LightGBM
2026-06-14 00:00:00+00:00,23,92.91,20.75916018385898,LightGBM
2026-06-15 00:00:00+00:00,0,85.375,35.627077405981844,LightGBM
2026-06-15 00:00:00+00:00,1,83.7475,33.44169935651231,LightGBM
2026-06-15 00:00:00+00:00,2,84.3875,28.711564161510534,LightGBM
2026-06-15 00:00:00+00:00,3,91.405,27.96188822466068,LightGBM
2026-06-15 00:00:00+00:00,4,105.6925,25.088770980267878,LightGBM
2026-06-15 00:00:00+00:00,5,107.3925,29.12098932926263,LightGBM
2026-06-15 00:00:00+00:00,6,91.44,43.15638992712296,LightGBM
2026-06-15 00:00:00+00:00,7,63.6525,51.36447258491531,LightGBM
2026-06-15 00:00:00+00:00,8,21.5575,50.428218202819025,LightGBM
2026-06-15 00:00:00+00:00,9,1.0075,46.13945887002964,LightGBM
2026-06-15 00:00:00+00:00,10,-0.0275,43.09131138415547,LightGBM
2026-06-15 00:00:00+00:00,11,-1.4825,37.65286304989167,LightGBM
2026-06-15 00:00:00+00:00,12,-2.9025,31.31505393460305,LightGBM
2026-06-15 00:00:00+00:00,13,-0.9325,29.619976456630436,LightGBM
2026-06-15 00:00:00+00:00,14,-0.015,35.94284238308968,LightGBM
2026-06-15 00:00:00+00:00,15,43.6775,39.54928319085756,LightGBM
2026-06-15 00:00:00+00:00,16,91.4525,39.64030043833313,LightGBM
2026-06-15 00:00:00+00:00,17,129.0825,50.085507901757516,LightGBM
2026-06-15 00:00:00+00:00,18,148.695,55.606346730350204,LightGBM
2026-06-15 00:00:00+00:00,19,156.26,57.12588662164738,LightGBM
2026-06-15 00:00:00+00:00,20,153.7925,48.81258334124288,LightGBM
2026-06-15 00:00:00+00:00,21,134.755,46.68735405691526,LightGBM
2026-06-15 00:00:00+00:00,22,122.8275,44.54157152669724,LightGBM
2026-06-15 00:00:00+00:00,23,117.3175,40.15903037807058,LightGBM
2026-06-16 00:00:00+00:00,0,113.775,40.45622482014299,LightGBM
2026-06-16 00:00:00+00:00,1,110.9925,36.24481666682972,LightGBM
2026-06-16 00:00:00+00:00,2,111.24,34.92514434296486,LightGBM
2026-06-16 00:00:00+00:00,3,115.1225,32.34703068244926,LightGBM
2026-06-16 00:00:00+00:00,4,127.9925,31.554349911294537,LightGBM
2026-06-16 00:00:00+00:00,5,131.695,33.967903983610185,LightGBM
2026-06-16 00:00:00+00:00,6,126.315,47.13155657377293,LightGBM
2026-06-16 00:00:00+00:00,7,109.5025,56.15571067176723,LightGBM
2026-06-16 00:00:00+00:00,8,85.98,55.544915658874565,LightGBM
2026-06-16 00:00:00+00:00,9,80.5375,51.37426175737596,LightGBM
2026-06-16 00:00:00+00:00,10,66.4975,46.555438173691144,LightGBM
2026-06-16 00:00:00+00:00,11,54.255,40.499591274148955,LightGBM
2026-06-16 00:00:00+00:00,12,50.7325,40.11156990782462,LightGBM
2026-06-16 00:00:00+00:00,13,60.22,38.62344307065556,LightGBM
2026-06-16 00:00:00+00:00,14,81.4575,46.25044601250842,LightGBM
2026-06-16 00:00:00+00:00,15,109.7225,51.38453970303283,LightGBM
2026-06-16 00:00:00+00:00,16,127.11,53.825509371661596,LightGBM
2026-06-16 00:00:00+00:00,17,148.1175,65.31517820745545,LightGBM
2026-06-16 00:00:00+00:00,18,174.1025,69.85771788975032,LightGBM
2026-06-16 00:00:00+00:00,19,181.42,67.22721980018954,LightGBM
2026-06-16 00:00:00+00:00,20,163.86,57.174419981495234,LightGBM
2026-06-16 00:00:00+00:00,21,143.10750000000002,51.00141098428187,LightGBM
2026-06-16 00:00:00+00:00,22,141.23000000000002,48.57870647950604,LightGBM
2026-06-16 00:00:00+00:00,23,135.39249999999998,41.91417721277571,LightGBM
2026-06-17 00:00:00+00:00,0,129.32999999999998,42.17774058379064,LightGBM
2026-06-17 00:00:00+00:00,1,127.54,38.243739547170996,LightGBM
2026-06-17 00:00:00+00:00,2,127.415,35.28113987095795,LightGBM
2026-06-17 00:00:00+00:00,3,128.045,32.490456899042734,LightGBM
2026-06-17 00:00:00+00:00,4,140.265,31.55629875790215,LightGBM
2026-06-17 00:00:00+00:00,5,136.675,33.543288683250815,LightGBM
2026-06-17 00:00:00+00:00,6,121.755,45.97185284439045,LightGBM
2026-06-17 00:00:00+00:00,7,105.795,59.79189755278293,LightGBM
2026-06-17 00:00:00+00:00,8,88.245,58.47352623893486,LightGBM
2026-06-17 00:00:00+00:00,9,78.4875,54.90265020758779,LightGBM
2026-06-17 00:00:00+00:00,10,72.23,48.838422348023336,LightGBM
2026-06-17 00:00:00+00:00,11,62.7925,44.06295774196494,LightGBM
2026-06-17 00:00:00+00:00,12,66.2575,42.99360486433068,LightGBM
2026-06-17 00:00:00+00:00,13,75.975,39.37712853034511,LightGBM
2026-06-17 00:00:00+00:00,14,88.0925,48.31482540466012,LightGBM
2026-06-17 00:00:00+00:00,15,106.425,52.87211574951816,LightGBM
2026-06-17 00:00:00+00:00,16,120.7375,55.52067478716317,LightGBM
2026-06-17 00:00:00+00:00,17,142.5575,68.00356411081151,LightGBM
2026-06-17 00:00:00+00:00,18,162.39,68.48318182097441,LightGBM
2026-06-17 00:00:00+00:00,19,164.115,65.30422419963634,LightGBM
2026-06-17 00:00:00+00:00,20,158.61,55.88192341182831,LightGBM
2026-06-17 00:00:00+00:00,21,142.7375,49.433806011824345,LightGBM
2026-06-17 00:00:00+00:00,22,135.2575,48.39410068721586,LightGBM
2026-06-17 00:00:00+00:00,23,125.7275,41.55296935200301,LightGBM
2026-06-18 00:00:00+00:00,0,121.8625,41.646222946148384,LightGBM
2026-06-18 00:00:00+00:00,1,119.685,38.39515981023976,LightGBM
2026-06-18 00:00:00+00:00,2,119.3125,36.31148141698782,LightGBM
2026-06-18 00:00:00+00:00,3,127.09,33.091738022583655,LightGBM
2026-06-18 00:00:00+00:00,4,135.3,31.474675048859265,LightGBM
2026-06-18 00:00:00+00:00,5,135.265,33.90566960662611,LightGBM
2026-06-18 00:00:00+00:00,6,118.7325,46.21607347467686,LightGBM
2026-06-18 00:00:00+00:00,7,101.715,58.40409073748597,LightGBM
2026-06-18 00:00:00+00:00,8,75.135,59.37635557543119,LightGBM
2026-06-18 00:00:00+00:00,9,44.0275,55.71324199032481,LightGBM
2026-06-18 00:00:00+00:00,10,28.2475,51.33129044851722,LightGBM
2026-06-18 00:00:00+00:00,11,18.67,44.82516752672662,LightGBM
2026-06-18 00:00:00+00:00,12,25.9,45.6852263317574,LightGBM
2026-06-18 00:00:00+00:00,13,48.0975,40.822082688261915,LightGBM
2026-06-18 00:00:00+00:00,14,79.06,48.63478208839022,LightGBM
2026-06-18 00:00:00+00:00,15,105.515,52.76441015604321,LightGBM
2026-06-18 00:00:00+00:00,16,135.70749999999998,55.639260966869934,LightGBM
2026-06-18 00:00:00+00:00,17,253.3925,69.40919084468614,LightGBM
2026-06-18 00:00:00+00:00,18,435.0675,72.75355477420517,LightGBM
2026-06-18 00:00:00+00:00,19,441.915,69.57141660179208,LightGBM
2026-06-18 00:00:00+00:00,20,264.32,58.87768820400969,LightGBM
2026-06-18 00:00:00+00:00,21,163.0175,51.27980917431584,LightGBM
2026-06-18 00:00:00+00:00,22,146.6425,48.50219835759944,LightGBM
2026-06-18 00:00:00+00:00,23,132.5125,42.28482701195312,LightGBM
2026-06-19 00:00:00+00:00,0,124.8225,41.938415988820886,LightGBM
2026-06-19 00:00:00+00:00,1,120.46,37.85897280861138,LightGBM
2026-06-19 00:00:00+00:00,2,118.4675,35.95013622913635,LightGBM
2026-06-19 00:00:00+00:00,3,120.595,33.27009876363902,LightGBM
2026-06-19 00:00:00+00:00,4,138.7175,31.347819456186055,LightGBM
2026-06-19 00:00:00+00:00,5,127.3725,33.84647074308457,LightGBM
2026-06-19 00:00:00+00:00,6,111.9575,46.21460598526313,LightGBM
2026-06-19 00:00:00+00:00,7,95.395,59.04219485691164,LightGBM
2026-06-19 00:00:00+00:00,8,69.9075,57.32959063775282,LightGBM
2026-06-19 00:00:00+00:00,9,32.09,51.96350424531615,LightGBM
2026-06-19 00:00:00+00:00,10,15.0,47.60449624812797,LightGBM
2026-06-19 00:00:00+00:00,11,11.235,39.26584824642475,LightGBM
2026-06-19 00:00:00+00:00,12,16.305,41.01418275151913,LightGBM
2026-06-19 00:00:00+00:00,13,42.8525,36.619877497911865,LightGBM
2026-06-19 00:00:00+00:00,14,80.685,45.89215916641293,LightGBM
2026-06-19 00:00:00+00:00,15,108.3225,50.21363970816975,LightGBM
2026-06-19 00:00:00+00:00,16,129.7025,52.15828890056576,LightGBM
2026-06-19 00:00:00+00:00,17,170.785,62.6631239131422,LightGBM
2026-06-19 00:00:00+00:00,18,201.36,65.12952478640902,LightGBM
2026-06-19 00:00:00+00:00,19,185.5325,59.99458942947087,LightGBM
2026-06-19 00:00:00+00:00,20,157.8625,51.16084109379078,LightGBM
2026-06-19 00:00:00+00:00,21,137.7825,46.41204762036798,LightGBM
2026-06-19 00:00:00+00:00,22,130.35,44.90392885320331,LightGBM
2026-06-19 00:00:00+00:00,23,121.12,41.04009325078405,LightGBM
2026-06-20 00:00:00+00:00,0,118.6,40.950344113218236,LightGBM
2026-06-20 00:00:00+00:00,1,116.7625,37.459480922678615,LightGBM
2026-06-20 00:00:00+00:00,2,114.7975,35.50139034824128,LightGBM
2026-06-20 00:00:00+00:00,3,114.4925,32.273361139281015,LightGBM
2026-06-20 00:00:00+00:00,4,109.7275,29.8708270432483,LightGBM
2026-06-20 00:00:00+00:00,5,101.6775,32.39863426497906,LightGBM
2026-06-20 00:00:00+00:00,6,89.9875,45.850920525261316,LightGBM
2026-06-20 00:00:00+00:00,7,41.335,56.1702132950339,LightGBM
2026-06-20 00:00:00+00:00,8,4.125,56.076985795213744,LightGBM
2026-06-20 00:00:00+00:00,9,-0.0025,51.12401525348875,LightGBM
2026-06-20 00:00:00+00:00,10,-0.0125,46.65070929284462,LightGBM
2026-06-20 00:00:00+00:00,11,-0.0175,36.41207531788964,LightGBM
2026-06-20 00:00:00+00:00,12,-0.0125,37.83979314932643,LightGBM
2026-06-20 00:00:00+00:00,13,0.25,34.502689589868176,LightGBM
2026-06-20 00:00:00+00:00,14,18.3075,42.56689383672685,LightGBM
2026-06-20 00:00:00+00:00,15,84.22,44.60620571782287,LightGBM
2026-06-20 00:00:00+00:00,16,119.7825,47.73005658434763,LightGBM
2026-06-20 00:00:00+00:00,17,147.3975,62.15485691226869,LightGBM
2026-06-20 00:00:00+00:00,18,171.98749999999998,65.2740880350549,LightGBM
2026-06-20 00:00:00+00:00,19,182.55,62.54815384191674,LightGBM
2026-06-20 00:00:00+00:00,20,165.0675,53.52853503393684,LightGBM
2026-06-20 00:00:00+00:00,21,146.8075,47.74560279061095,LightGBM
2026-06-20 00:00:00+00:00,22,137.915,46.340141313398824,LightGBM
2026-06-20 00:00:00+00:00,23,128.565,41.03600814957969,LightGBM
2026-06-21 00:00:00+00:00,0,126.415,41.181616089709365,LightGBM
2026-06-21 00:00:00+00:00,1,124.17,37.18106933709699,LightGBM
2026-06-21 00:00:00+00:00,2,122.4325,34.943583678232656,LightGBM
2026-06-21 00:00:00+00:00,3,119.5875,31.705979867440703,LightGBM
2026-06-21 00:00:00+00:00,4,112.1,29.799309801409777,LightGBM
2026-06-21 00:00:00+00:00,5,102.355,33.53083126088883,LightGBM
2026-06-21 00:00:00+00:00,6,70.815,45.341917744950926,LightGBM
2026-06-21 00:00:00+00:00,7,25.9825,55.47599011958222,LightGBM
2026-06-21 00:00:00+00:00,8,1.3624999999999998,54.46477536928122,LightGBM
2026-06-21 00:00:00+00:00,9,-0.0025,48.04700878663104,LightGBM
2026-06-21 00:00:00+00:00,10,-0.0075,44.18929479146803,LightGBM
2026-06-21 00:00:00+00:00,11,-0.01,34.59043416594964,LightGBM
2026-06-21 00:00:00+00:00,12,-0.005,34.974657572304565,LightGBM
2026-06-21 00:00:00+00:00,13,0.0075,33.153463401857785,LightGBM
2026-06-21 00:00:00+00:00,14,12.7625,39.302424483190926,LightGBM
2026-06-21 00:00:00+00:00,15,77.72,45.155040727898836,LightGBM
2026-06-21 00:00:00+00:00,16,115.615,47.786605242361816,LightGBM
2026-06-21 00:00:00+00:00,17,133.92000000000002,60.22268117686112,LightGBM
2026-06-21 00:00:00+00:00,18,150.0025,61.28943378606186,LightGBM
2026-06-21 00:00:00+00:00,19,150.265,57.5746088368471,LightGBM
2026-06-21 00:00:00+00:00,20,146.1,48.87617026209912,LightGBM
2026-06-21 00:00:00+00:00,21,133.9925,44.99562504964936,LightGBM
2026-06-21 00:00:00+00:00,22,128.3775,44.01804415592089,LightGBM
2026-06-21 00:00:00+00:00,23,120.1225,40.12895111890828,LightGBM
2026-06-22 00:00:00+00:00,0,114.9625,40.47274830305665,LightGBM
2026-06-22 00:00:00+00:00,1,115.225,37.05647110908415,LightGBM
2026-06-22 00:00:00+00:00,2,117.13,35.445125788299386,LightGBM
2026-06-22 00:00:00+00:00,3,123.89,32.2499496875365,LightGBM
2026-06-22 00:00:00+00:00,4,140.3425,30.49868924502509,LightGBM
2026-06-22 00:00:00+00:00,5,146.0375,33.18829607949909,LightGBM
2026-06-22 00:00:00+00:00,6,128.8225,46.123316762135445,LightGBM
2026-06-22 00:00:00+00:00,7,107.1625,55.15441921720328,LightGBM
2026-06-22 00:00:00+00:00,8,84.64750000000001,54.34284145902869,LightGBM
2026-06-22 00:00:00+00:00,9,57.3025,49.031606745848265,LightGBM
2026-06-22 00:00:00+00:00,10,39.5175,45.20547443127718,LightGBM
2026-06-22 00:00:00+00:00,11,32.34,35.31514658881769,LightGBM
2026-06-22 00:00:00+00:00,12,41.805,34.90190294110904,LightGBM
2026-06-22 00:00:00+00:00,13,63.517500000000005,34.514367769229644,LightGBM
2026-06-22 00:00:00+00:00,14,90.8975,41.484490675454005,LightGBM
2026-06-22 00:00:00+00:00,15,114.07,47.09883986415949,LightGBM
2026-06-22 00:00:00+00:00,16,145.585,50.1322761980921,LightGBM
2026-06-22 00:00:00+00:00,17,198.5075,60.03495337646798,LightGBM
2026-06-22 00:00:00+00:00,18,271.77750000000003,64.62853055983625,LightGBM
2026-06-22 00:00:00+00:00,19,250.455,61.72855861268714,LightGBM
2026-06-22 00:00:00+00:00,20,189.57,52.784228240844584,LightGBM
2026-06-22 00:00:00+00:00,21,156.0025,47.979145777617624,LightGBM
2026-06-22 00:00:00+00:00,22,146.06,46.71270166632353,LightGBM
2026-06-22 00:00:00+00:00,23,139.125,41.10611164987055,LightGBM
2026-06-23 00:00:00+00:00,0,135.01,42.16901778267582,LightGBM
2026-06-23 00:00:00+00:00,1,135.8225,38.467503932727844,LightGBM
2026-06-23 00:00:00+00:00,2,138.06,36.23243111510058,LightGBM
2026-06-23 00:00:00+00:00,3,142.3,33.75024394277352,LightGBM
2026-06-23 00:00:00+00:00,4,164.22,32.01571201271481,LightGBM
2026-06-23 00:00:00+00:00,5,160.1325,34.27313816774202,LightGBM
2026-06-23 00:00:00+00:00,6,133.7875,46.90721255640781,LightGBM
2026-06-23 00:00:00+00:00,7,112.1175,57.757753458134744,LightGBM
2026-06-23 00:00:00+00:00,8,96.3125,56.86285347843335,LightGBM
2026-06-23 00:00:00+00:00,9,76.52,52.640553972286206,LightGBM
2026-06-23 00:00:00+00:00,10,67.145,47.75825704245132,LightGBM
2026-06-23 00:00:00+00:00,11,60.345,42.12607978572879,LightGBM
2026-06-23 00:00:00+00:00,12,67.6525,43.168467717233526,LightGBM
2026-06-23 00:00:00+00:00,13,81.35249999999999,39.678654257981265,LightGBM
2026-06-23 00:00:00+00:00,14,101.065,48.73124472419616,LightGBM
2026-06-23 00:00:00+00:00,15,121.7075,53.32458238010403,LightGBM
2026-06-23 00:00:00+00:00,16,169.6825,56.84789418678315,LightGBM
2026-06-23 00:00:00+00:00,17,340.70500000000004,69.98011684643866,LightGBM
2026-06-23 00:00:00+00:00,18,545.505,73.39184504471827,LightGBM
2026-06-23 00:00:00+00:00,19,528.7375,69.77023850707894,LightGBM
2026-06-23 00:00:00+00:00,20,335.1175,58.669720230040156,LightGBM
2026-06-23 00:00:00+00:00,21,199.3975,51.53432185055783,LightGBM
2026-06-23 00:00:00+00:00,22,178.8025,49.771255818386614,LightGBM
2026-06-23 00:00:00+00:00,23,162.655,42.822115223254755,LightGBM
2026-06-24 00:00:00+00:00,0,148.005,42.66335709266021,LightGBM
2026-06-24 00:00:00+00:00,1,144.05,38.8965824962152,LightGBM
2026-06-24 00:00:00+00:00,2,144.46,36.12311759623791,LightGBM
2026-06-24 00:00:00+00:00,3,151.6175,33.785788977176644,LightGBM
2026-06-24 00:00:00+00:00,4,178.1675,31.817029139199846,LightGBM
2026-06-24 00:00:00+00:00,5,172.61,34.28739027755044,LightGBM
2026-06-24 00:00:00+00:00,6,149.3475,46.41898301194649,LightGBM
2026-06-24 00:00:00+00:00,7,119.3125,59.01621045002048,LightGBM
2026-06-24 00:00:00+00:00,8,102.4125,60.273275573204,LightGBM
2026-06-24 00:00:00+00:00,9,84.52,55.74089696074797,LightGBM
2026-06-24 00:00:00+00:00,10,73.51,51.668752034920125,LightGBM
2026-06-24 00:00:00+00:00,11,70.9825,45.46315894070143,LightGBM
2026-06-24 00:00:00+00:00,12,74.515,46.486187743096046,LightGBM
2026-06-24 00:00:00+00:00,13,89.3475,41.990538783831774,LightGBM
2026-06-24 00:00:00+00:00,14,109.375,50.34651186264428,LightGBM
2026-06-24 00:00:00+00:00,15,129.66,54.568242508245866,LightGBM
2026-06-24 00:00:00+00:00,16,196.785,56.12530795568192,LightGBM
2026-06-24 00:00:00+00:00,17,455.1375,71.55693743510186,LightGBM
2026-06-24 00:00:00+00:00,18,665.8199999999999,74.43360640783472,LightGBM
2026-06-24 00:00:00+00:00,19,660.1575,70.54876673881813,LightGBM
2026-06-24 00:00:00+00:00,20,463.2525,59.98462341411131,LightGBM
2026-06-24 00:00:00+00:00,21,263.61,52.635912827718954,LightGBM
2026-06-24 00:00:00+00:00,22,169.5675,50.785876105987064,LightGBM
2026-06-24 00:00:00+00:00,23,154.935,43.34802765581652,LightGBM
2026-06-25 00:00:00+00:00,0,145.385,43.08883105430279,LightGBM
2026-06-25 00:00:00+00:00,1,142.9725,38.99281119289721,LightGBM
2026-06-25 00:00:00+00:00,2,141.9075,36.71389432962223,LightGBM
2026-06-25 00:00:00+00:00,3,144.5725,33.31000879501412,LightGBM
2026-06-25 00:00:00+00:00,4,161.32999999999998,31.41829412765536,LightGBM
2026-06-25 00:00:00+00:00,5,148.41750000000002,33.63215833087814,LightGBM
2026-06-25 00:00:00+00:00,6,119.0975,45.52846194143362,LightGBM
2026-06-25 00:00:00+00:00,7,105.0075,57.77434558303318,LightGBM
2026-06-25 00:00:00+00:00,8,84.745,57.96435709053998,LightGBM
2026-06-25 00:00:00+00:00,9,67.0925,54.34377726229649,LightGBM
2026-06-25 00:00:00+00:00,10,42.7,50.131489758716846,LightGBM
2026-06-25 00:00:00+00:00,11,33.96,44.10488057325155,LightGBM
2026-06-25 00:00:00+00:00,12,37.265,43.68845643499639,LightGBM
2026-06-25 00:00:00+00:00,13,67.8075,39.12174091761722,LightGBM
2026-06-25 00:00:00+00:00,14,88.2925,44.51715124310013,LightGBM
2026-06-25 00:00:00+00:00,15,106.6,48.650210746567296,LightGBM
2026-06-25 00:00:00+00:00,16,135.23,49.33855322710589,LightGBM
2026-06-25 00:00:00+00:00,17,203.315,61.709121988464354,LightGBM
2026-06-25 00:00:00+00:00,18,285.77250000000004,64.32958976532147,LightGBM
2026-06-25 00:00:00+00:00,19,276.615,60.59096653438328,LightGBM
2026-06-25 00:00:00+00:00,20,186.6375,51.261550934861894,LightGBM
2026-06-25 00:00:00+00:00,21,155.745,45.874807579239075,LightGBM
2026-06-25 00:00:00+00:00,22,144.7,45.25065639387347,LightGBM
2026-06-25 00:00:00+00:00,23,130.725,40.98406534958699,LightGBM
2026-06-26 00:00:00+00:00,0,122.4825,41.16752340395504,LightGBM
2026-06-26 00:00:00+00:00,1,120.9325,37.978348179850926,LightGBM
2026-06-26 00:00:00+00:00,2,122.605,35.977986609075444,LightGBM
2026-06-26 00:00:00+00:00,3,129.5475,32.92671792595141,LightGBM
2026-06-26 00:00:00+00:00,4,146.03,29.18410338390759,LightGBM
2026-06-26 00:00:00+00:00,5,137.97,32.23777611957878,LightGBM
2026-06-26 00:00:00+00:00,6,119.805,45.11566410757922,LightGBM
2026-06-26 00:00:00+00:00,7,108.2725,56.35866107677149,LightGBM
2026-06-26 00:00:00+00:00,8,93.2425,56.55793855783217,LightGBM
2026-06-26 00:00:00+00:00,9,67.705,51.43558362865896,LightGBM
2026-06-26 00:00:00+00:00,10,49.49,47.92460579404347,LightGBM
2026-06-26 00:00:00+00:00,11,38.5,39.583908459002934,LightGBM
2026-06-26 00:00:00+00:00,12,40.0,40.49061274033277,LightGBM
2026-06-26 00:00:00+00:00,13,68.9825,36.75193966217556,LightGBM
2026-06-26 00:00:00+00:00,14,93.12,44.018899288563475,LightGBM
2026-06-26 00:00:00+00:00,15,110.9925,48.26808715621369,LightGBM
2026-06-26 00:00:00+00:00,16,150.345,50.42511274289974,LightGBM
2026-06-26 00:00:00+00:00,17,243.545,59.88025343005327,LightGBM
2026-06-26 00:00:00+00:00,18,350.46000000000004,63.509633943622006,LightGBM
2026-06-26 00:00:00+00:00,19,295.77750000000003,60.55712014475347,LightGBM
2026-06-26 00:00:00+00:00,20,202.655,49.65802002683271,LightGBM
2026-06-26 00:00:00+00:00,21,154.86,45.793861275845984,LightGBM
2026-06-26 00:00:00+00:00,22,132.045,43.41080557739286,LightGBM
2026-06-26 00:00:00+00:00,23,124.5,39.7498435044535,LightGBM
2026-06-27 00:00:00+00:00,0,117.995,41.58787630962939,LightGBM
2026-06-27 00:00:00+00:00,1,115.83,38.58584238004708,LightGBM
2026-06-27 00:00:00+00:00,2,115.325,35.94551126007942,LightGBM
2026-06-27 00:00:00+00:00,3,114.0,32.787745086518775,LightGBM
2026-06-27 00:00:00+00:00,4,112.725,29.600188385233885,LightGBM
2026-06-27 00:00:00+00:00,5,109.2725,32.83529433240608,LightGBM
2026-06-27 00:00:00+00:00,6,102.8675,44.860175195328345,LightGBM
2026-06-27 00:00:00+00:00,7,73.5675,55.080269358117434,LightGBM
2026-06-27 00:00:00+00:00,8,36.025,56.27667458435773,LightGBM
2026-06-27 00:00:00+00:00,9,9.6675,52.43323651645045,LightGBM
2026-06-27 00:00:00+00:00,10,0.525,47.163385099319804,LightGBM
2026-06-27 00:00:00+00:00,11,0.0275,39.43209528797038,LightGBM
2026-06-27 00:00:00+00:00,12,3.3925,39.610396955263326,LightGBM
2026-06-27 00:00:00+00:00,13,12.7675,37.29697394842278,LightGBM
2026-06-27 00:00:00+00:00,14,51.0,44.561693370891824,LightGBM
2026-06-27 00:00:00+00:00,15,100.605,50.340644549655785,LightGBM
2026-06-27 00:00:00+00:00,16,127.1325,51.046917879034375,LightGBM
2026-06-27 00:00:00+00:00,17,171.755,67.25656610368486,LightGBM
2026-06-27 00:00:00+00:00,18,221.25,67.48131490670897,LightGBM
2026-06-27 00:00:00+00:00,19,214.3075,65.34913365863962,LightGBM
2026-06-27 00:00:00+00:00,20,174.9975,54.496294368777605,LightGBM
2026-06-27 00:00:00+00:00,21,144.595,47.94946697581207,LightGBM
2026-06-27 00:00:00+00:00,22,136.46,45.7262199820167,LightGBM
2026-06-27 00:00:00+00:00,23,126.03,40.91992222468501,LightGBM
2026-06-28 00:00:00+00:00,0,119.6825,40.83558608805456,LightGBM
2026-06-28 00:00:00+00:00,1,115.6875,37.23202328408518,LightGBM
2026-06-28 00:00:00+00:00,2,114.735,35.588563293188216,LightGBM
2026-06-28 00:00:00+00:00,3,115.1225,31.79821495566027,LightGBM
2026-06-28 00:00:00+00:00,4,112.0625,28.31272037133134,LightGBM
2026-06-28 00:00:00+00:00,5,104.43,31.483201091174053,LightGBM
2026-06-28 00:00:00+00:00,6,76.685,44.48252579485618,LightGBM
2026-06-28 00:00:00+00:00,7,32.8125,53.13747670664603,LightGBM
2026-06-28 00:00:00+00:00,8,5.1525,53.80094659474259,LightGBM
2026-06-28 00:00:00+00:00,9,0.12,49.24782058442589,LightGBM
2026-06-28 00:00:00+00:00,10,-0.0225,44.89596168816166,LightGBM
2026-06-28 00:00:00+00:00,11,-0.905,35.54138931386213,LightGBM
2026-06-28 00:00:00+00:00,12,-0.0275,38.3525166840886,LightGBM
2026-06-28 00:00:00+00:00,13,1.62,34.47836166663416,LightGBM
2026-06-28 00:00:00+00:00,14,27.665,42.86422673399411,LightGBM
2026-06-28 00:00:00+00:00,15,84.6425,47.245672948723346,LightGBM
2026-06-28 00:00:00+00:00,16,114.51,49.237201122321196,LightGBM
2026-06-28 00:00:00+00:00,17,137.9875,62.911600526875155,LightGBM
2026-06-28 00:00:00+00:00,18,153.1775,64.24897116084296,LightGBM
2026-06-28 00:00:00+00:00,19,161.04,60.20285043241665,LightGBM
2026-06-28 00:00:00+00:00,20,157.29500000000002,51.024461090100395,LightGBM
2026-06-28 00:00:00+00:00,21,144.115,47.32401178124439,LightGBM
2026-06-28 00:00:00+00:00,22,123.1175,46.87513120310687,LightGBM
2026-06-28 00:00:00+00:00,23,113.665,40.617506207679135,LightGBM
2026-06-29 00:00:00+00:00,0,113.025,41.63371384151286,LightGBM
2026-06-29 00:00:00+00:00,1,109.76,38.62851290852756,LightGBM
2026-06-29 00:00:00+00:00,2,114.87,36.79764359411314,LightGBM
2026-06-29 00:00:00+00:00,3,127.3425,33.14068392721983,LightGBM
2026-06-29 00:00:00+00:00,4,149.7375,31.714600357416582,LightGBM
2026-06-29 00:00:00+00:00,5,152.1625,35.56829798917567,LightGBM
2026-06-29 00:00:00+00:00,6,143.2925,47.96680928206304,LightGBM
2026-06-29 00:00:00+00:00,7,120.9475,58.880028035429376,LightGBM
2026-06-29 00:00:00+00:00,8,106.925,58.30775840699163,LightGBM
2026-06-29 00:00:00+00:00,9,99.1,51.76047611097528,LightGBM
2026-06-29 00:00:00+00:00,10,89.5075,46.878918880020095,LightGBM
2026-06-29 00:00:00+00:00,11,82.0275,38.32427689381711,LightGBM
2026-06-29 00:00:00+00:00,12,86.38499999999999,41.211378734353175,LightGBM
2026-06-29 00:00:00+00:00,13,96.78,39.559370190519736,LightGBM
2026-06-29 00:00:00+00:00,14,103.7325,47.54403055714492,LightGBM
2026-06-29 00:00:00+00:00,15,115.075,53.883086658324245,LightGBM
2026-06-29 00:00:00+00:00,16,134.91,56.96601550809561,LightGBM
2026-06-29 00:00:00+00:00,17,197.65,67.7185236137109,LightGBM
2026-06-29 00:00:00+00:00,18,284.3325,70.99270790164884,LightGBM
2026-06-29 00:00:00+00:00,19,301.365,67.99198439868528,LightGBM
2026-06-29 00:00:00+00:00,20,230.89,56.599694765304676,LightGBM
2026-06-29 00:00:00+00:00,21,170.0,50.11456482523728,LightGBM
2026-06-29 00:00:00+00:00,22,161.735,48.34910464523963,LightGBM
2026-06-29 00:00:00+00:00,23,145.37,41.462326010738444,LightGBM
