origin,hour,y_true,y_pred,model
2026-01-08 00:00:00+00:00,0,83.08250000000001,27.703257,LSTM
2026-01-08 00:00:00+00:00,1,84.52250000000001,30.895592,LSTM
2026-01-08 00:00:00+00:00,2,82.4725,33.173298,LSTM
2026-01-08 00:00:00+00:00,3,85.265,37.192772,LSTM
2026-01-08 00:00:00+00:00,4,87.8875,39.369217,LSTM
2026-01-08 00:00:00+00:00,5,97.88,41.873135,LSTM
2026-01-08 00:00:00+00:00,6,126.7125,72.27352,LSTM
2026-01-08 00:00:00+00:00,7,168.81,113.387726,LSTM
2026-01-08 00:00:00+00:00,8,192.72,113.21564,LSTM
2026-01-08 00:00:00+00:00,9,207.9325,112.43547,LSTM
2026-01-08 00:00:00+00:00,10,213.1125,123.37689,LSTM
2026-01-08 00:00:00+00:00,11,220.27,139.83298,LSTM
2026-01-08 00:00:00+00:00,12,236.215,134.72995,LSTM
2026-01-08 00:00:00+00:00,13,264.585,133.61974,LSTM
2026-01-08 00:00:00+00:00,14,264.42,108.284515,LSTM
2026-01-08 00:00:00+00:00,15,259.49,120.98366,LSTM
2026-01-08 00:00:00+00:00,16,233.8525,109.13356,LSTM
2026-01-08 00:00:00+00:00,17,199.3975,105.354355,LSTM
2026-01-08 00:00:00+00:00,18,139.2475,120.768875,LSTM
2026-01-08 00:00:00+00:00,19,102.125,97.97661,LSTM
2026-01-08 00:00:00+00:00,20,94.4825,81.98528,LSTM
2026-01-08 00:00:00+00:00,21,91.305,59.82389,LSTM
2026-01-08 00:00:00+00:00,22,79.035,51.490227,LSTM
2026-01-08 00:00:00+00:00,23,78.9625,53.772858,LSTM
2026-01-09 00:00:00+00:00,0,70.69,8.0840645,LSTM
2026-01-09 00:00:00+00:00,1,57.35,15.886192,LSTM
2026-01-09 00:00:00+00:00,2,50.84,11.290008,LSTM
2026-01-09 00:00:00+00:00,3,47.845,26.5439,LSTM
2026-01-09 00:00:00+00:00,4,56.575,29.527262,LSTM
2026-01-09 00:00:00+00:00,5,72.605,27.823347,LSTM
2026-01-09 00:00:00+00:00,6,84.3025,54.02517,LSTM
2026-01-09 00:00:00+00:00,7,89.7625,71.56296,LSTM
2026-01-09 00:00:00+00:00,8,89.1475,49.202866,LSTM
2026-01-09 00:00:00+00:00,9,93.93,47.952614,LSTM
2026-01-09 00:00:00+00:00,10,85.795,45.889294,LSTM
2026-01-09 00:00:00+00:00,11,83.015,57.758728,LSTM
2026-01-09 00:00:00+00:00,12,82.85,61.76384,LSTM
2026-01-09 00:00:00+00:00,13,82.83500000000001,55.962402,LSTM
2026-01-09 00:00:00+00:00,14,85.245,39.10426,LSTM
2026-01-09 00:00:00+00:00,15,87.5725,42.41694,LSTM
2026-01-09 00:00:00+00:00,16,92.52,39.183064,LSTM
2026-01-09 00:00:00+00:00,17,91.6625,50.782578,LSTM
2026-01-09 00:00:00+00:00,18,87.28,56.137035,LSTM
2026-01-09 00:00:00+00:00,19,82.80250000000001,39.86082,LSTM
2026-01-09 00:00:00+00:00,20,80.36,59.214943,LSTM
2026-01-09 00:00:00+00:00,21,80.35,29.444206,LSTM
2026-01-09 00:00:00+00:00,22,74.51,37.875977,LSTM
2026-01-09 00:00:00+00:00,23,72.78999999999999,41.28472,LSTM
2026-01-10 00:00:00+00:00,0,69.775,33.416218,LSTM
2026-01-10 00:00:00+00:00,1,66.2375,30.863754,LSTM
2026-01-10 00:00:00+00:00,2,66.535,40.28093,LSTM
2026-01-10 00:00:00+00:00,3,66.5125,40.329384,LSTM
2026-01-10 00:00:00+00:00,4,68.46000000000001,39.11178,LSTM
2026-01-10 00:00:00+00:00,5,69.96000000000001,40.135567,LSTM
2026-01-10 00:00:00+00:00,6,76.66499999999999,56.06249,LSTM
2026-01-10 00:00:00+00:00,7,85.0275,83.45134,LSTM
2026-01-10 00:00:00+00:00,8,92.3625,70.396576,LSTM
2026-01-10 00:00:00+00:00,9,97.595,84.88678,LSTM
2026-01-10 00:00:00+00:00,10,101.5575,85.143326,LSTM
2026-01-10 00:00:00+00:00,11,101.57,105.60051,LSTM
2026-01-10 00:00:00+00:00,12,104.825,108.52316,LSTM
2026-01-10 00:00:00+00:00,13,111.4425,104.393394,LSTM
2026-01-10 00:00:00+00:00,14,117.7175,83.879974,LSTM
2026-01-10 00:00:00+00:00,15,128.0075,90.383,LSTM
2026-01-10 00:00:00+00:00,16,139.5275,93.87642,LSTM
2026-01-10 00:00:00+00:00,17,136.91,93.423416,LSTM
2026-01-10 00:00:00+00:00,18,128.305,115.129135,LSTM
2026-01-10 00:00:00+00:00,19,120.49,99.13516,LSTM
2026-01-10 00:00:00+00:00,20,113.21,95.72627,LSTM
2026-01-10 00:00:00+00:00,21,107.68,69.56035,LSTM
2026-01-10 00:00:00+00:00,22,98.1975,74.341446,LSTM
2026-01-10 00:00:00+00:00,23,96.9025,76.29744,LSTM
2026-01-11 00:00:00+00:00,0,92.7475,31.217438,LSTM
2026-01-11 00:00:00+00:00,1,88.035,30.597588,LSTM
2026-01-11 00:00:00+00:00,2,84.86,42.333,LSTM
2026-01-11 00:00:00+00:00,3,82.68,43.387115,LSTM
2026-01-11 00:00:00+00:00,4,82.26,49.11389,LSTM
2026-01-11 00:00:00+00:00,5,81.6025,48.92588,LSTM
2026-01-11 00:00:00+00:00,6,84.25999999999999,69.910286,LSTM
2026-01-11 00:00:00+00:00,7,92.06,92.13847,LSTM
2026-01-11 00:00:00+00:00,8,103.1025,92.05408,LSTM
2026-01-11 00:00:00+00:00,9,100.6825,78.90054,LSTM
2026-01-11 00:00:00+00:00,10,99.9175,95.39125,LSTM
2026-01-11 00:00:00+00:00,11,97.0875,98.77219,LSTM
2026-01-11 00:00:00+00:00,12,96.5175,97.37015,LSTM
2026-01-11 00:00:00+00:00,13,98.8775,80.2987,LSTM
2026-01-11 00:00:00+00:00,14,101.275,68.31831,LSTM
2026-01-11 00:00:00+00:00,15,111.755,80.18915,LSTM
2026-01-11 00:00:00+00:00,16,116.25,70.256226,LSTM
2026-01-11 00:00:00+00:00,17,112.2475,76.61768,LSTM
2026-01-11 00:00:00+00:00,18,106.2075,94.69694,LSTM
2026-01-11 00:00:00+00:00,19,96.04,85.78877,LSTM
2026-01-11 00:00:00+00:00,20,95.005,74.52583,LSTM
2026-01-11 00:00:00+00:00,21,93.02,62.7811,LSTM
2026-01-11 00:00:00+00:00,22,85.22999999999999,58.85398,LSTM
2026-01-11 00:00:00+00:00,23,81.2575,58.210922,LSTM
2026-01-12 00:00:00+00:00,0,81.1925,17.785572,LSTM
2026-01-12 00:00:00+00:00,1,79.0425,25.941708,LSTM
2026-01-12 00:00:00+00:00,2,77.31,17.392387,LSTM
2026-01-12 00:00:00+00:00,3,76.58500000000001,33.806427,LSTM
2026-01-12 00:00:00+00:00,4,80.1625,41.148346,LSTM
2026-01-12 00:00:00+00:00,5,86.9225,39.67818,LSTM
2026-01-12 00:00:00+00:00,6,97.8725,70.63695,LSTM
2026-01-12 00:00:00+00:00,7,115.6175,102.06464,LSTM
2026-01-12 00:00:00+00:00,8,129.8475,98.527,LSTM
2026-01-12 00:00:00+00:00,9,124.3975,91.37712,LSTM
2026-01-12 00:00:00+00:00,10,129.8675,109.451614,LSTM
2026-01-12 00:00:00+00:00,11,129.9625,122.45572,LSTM
2026-01-12 00:00:00+00:00,12,132.76,122.780754,LSTM
2026-01-12 00:00:00+00:00,13,128.37,114.02967,LSTM
2026-01-12 00:00:00+00:00,14,131.7125,98.88772,LSTM
2026-01-12 00:00:00+00:00,15,119.58,108.37198,LSTM
2026-01-12 00:00:00+00:00,16,119.6,93.776245,LSTM
2026-01-12 00:00:00+00:00,17,116.5,97.93475,LSTM
2026-01-12 00:00:00+00:00,18,102.3375,102.24954,LSTM
2026-01-12 00:00:00+00:00,19,93.48,97.20996,LSTM
2026-01-12 00:00:00+00:00,20,91.795,81.48064,LSTM
2026-01-12 00:00:00+00:00,21,92.165,52.864403,LSTM
2026-01-12 00:00:00+00:00,22,86.0475,55.70105,LSTM
2026-01-12 00:00:00+00:00,23,84.30499999999999,52.23979,LSTM
2026-01-13 00:00:00+00:00,0,82.69,23.734179,LSTM
2026-01-13 00:00:00+00:00,1,82.685,30.878342,LSTM
2026-01-13 00:00:00+00:00,2,84.115,27.494244,LSTM
2026-01-13 00:00:00+00:00,3,86.7475,43.812195,LSTM
2026-01-13 00:00:00+00:00,4,88.725,36.1216,LSTM
2026-01-13 00:00:00+00:00,5,97.5525,46.773796,LSTM
2026-01-13 00:00:00+00:00,6,116.03,82.334335,LSTM
2026-01-13 00:00:00+00:00,7,129.805,115.83885,LSTM
2026-01-13 00:00:00+00:00,8,132.5175,92.48821,LSTM
2026-01-13 00:00:00+00:00,9,142.1975,96.05121,LSTM
2026-01-13 00:00:00+00:00,10,123.8525,99.62964,LSTM
2026-01-13 00:00:00+00:00,11,117.675,114.09392,LSTM
2026-01-13 00:00:00+00:00,12,112.9775,110.08972,LSTM
2026-01-13 00:00:00+00:00,13,122.215,116.089355,LSTM
2026-01-13 00:00:00+00:00,14,120.515,79.188385,LSTM
2026-01-13 00:00:00+00:00,15,122.15,100.60024,LSTM
2026-01-13 00:00:00+00:00,16,122.33,84.259415,LSTM
2026-01-13 00:00:00+00:00,17,113.3525,83.865036,LSTM
2026-01-13 00:00:00+00:00,18,98.735,95.44586,LSTM
2026-01-13 00:00:00+00:00,19,90.95,83.811554,LSTM
2026-01-13 00:00:00+00:00,20,92.2075,74.5975,LSTM
2026-01-13 00:00:00+00:00,21,90.0,47.566467,LSTM
2026-01-13 00:00:00+00:00,22,82.6725,46.43577,LSTM
2026-01-13 00:00:00+00:00,23,85.5625,42.930733,LSTM
2026-01-14 00:00:00+00:00,0,84.295,23.116436,LSTM
2026-01-14 00:00:00+00:00,1,85.8775,27.876173,LSTM
2026-01-14 00:00:00+00:00,2,86.16250000000001,28.832764,LSTM
2026-01-14 00:00:00+00:00,3,87.645,38.355732,LSTM
2026-01-14 00:00:00+00:00,4,89.86,42.66085,LSTM
2026-01-14 00:00:00+00:00,5,95.145,42.470604,LSTM
2026-01-14 00:00:00+00:00,6,105.14,68.44112,LSTM
2026-01-14 00:00:00+00:00,7,128.9575,105.207565,LSTM
2026-01-14 00:00:00+00:00,8,132.0325,87.31825,LSTM
2026-01-14 00:00:00+00:00,9,116.4525,86.52526,LSTM
2026-01-14 00:00:00+00:00,10,107.5325,95.42406,LSTM
2026-01-14 00:00:00+00:00,11,103.475,113.02791,LSTM
2026-01-14 00:00:00+00:00,12,103.6,117.30511,LSTM
2026-01-14 00:00:00+00:00,13,118.2175,113.51072,LSTM
2026-01-14 00:00:00+00:00,14,144.63,97.71187,LSTM
2026-01-14 00:00:00+00:00,15,152.85750000000002,114.88822,LSTM
2026-01-14 00:00:00+00:00,16,200.0225,109.50629,LSTM
2026-01-14 00:00:00+00:00,17,182.355,110.68985,LSTM
2026-01-14 00:00:00+00:00,18,158.76749999999998,135.32858,LSTM
2026-01-14 00:00:00+00:00,19,134.01,121.46181,LSTM
2026-01-14 00:00:00+00:00,20,121.7875,106.62679,LSTM
2026-01-14 00:00:00+00:00,21,113.8625,71.81509,LSTM
2026-01-14 00:00:00+00:00,22,97.0875,72.11682,LSTM
2026-01-14 00:00:00+00:00,23,100.615,68.73682,LSTM
2026-01-15 00:00:00+00:00,0,94.0475,25.702126,LSTM
2026-01-15 00:00:00+00:00,1,89.34,31.6449,LSTM
2026-01-15 00:00:00+00:00,2,84.8075,21.848713,LSTM
2026-01-15 00:00:00+00:00,3,82.92999999999999,35.872704,LSTM
2026-01-15 00:00:00+00:00,4,86.0,39.5998,LSTM
2026-01-15 00:00:00+00:00,5,98.2025,35.777233,LSTM
2026-01-15 00:00:00+00:00,6,105.115,64.62956,LSTM
2026-01-15 00:00:00+00:00,7,104.975,92.96715,LSTM
2026-01-15 00:00:00+00:00,8,101.415,75.241745,LSTM
2026-01-15 00:00:00+00:00,9,100.4,72.462234,LSTM
2026-01-15 00:00:00+00:00,10,97.8625,73.879074,LSTM
2026-01-15 00:00:00+00:00,11,95.2825,84.11143,LSTM
2026-01-15 00:00:00+00:00,12,100.615,86.834885,LSTM
2026-01-15 00:00:00+00:00,13,105.645,85.592384,LSTM
2026-01-15 00:00:00+00:00,14,123.095,75.787865,LSTM
2026-01-15 00:00:00+00:00,15,135.3725,90.860405,LSTM
2026-01-15 00:00:00+00:00,16,145.495,81.43366,LSTM
2026-01-15 00:00:00+00:00,17,119.745,86.265045,LSTM
2026-01-15 00:00:00+00:00,18,105.4925,90.32865,LSTM
2026-01-15 00:00:00+00:00,19,98.16,75.73819,LSTM
2026-01-15 00:00:00+00:00,20,90.995,70.04643,LSTM
2026-01-15 00:00:00+00:00,21,88.3925,38.111904,LSTM
2026-01-15 00:00:00+00:00,22,81.155,41.29115,LSTM
2026-01-15 00:00:00+00:00,23,81.05,44.525906,LSTM
2026-01-16 00:00:00+00:00,0,75.0,21.451036,LSTM
2026-01-16 00:00:00+00:00,1,70.57249999999999,25.359398,LSTM
2026-01-16 00:00:00+00:00,2,67.23,25.981106,LSTM
2026-01-16 00:00:00+00:00,3,71.38,35.712723,LSTM
2026-01-16 00:00:00+00:00,4,82.05000000000001,38.44928,LSTM
2026-01-16 00:00:00+00:00,5,90.7225,38.714386,LSTM
2026-01-16 00:00:00+00:00,6,98.6,60.22316,LSTM
2026-01-16 00:00:00+00:00,7,109.3075,93.57303,LSTM
2026-01-16 00:00:00+00:00,8,108.9275,71.39851,LSTM
2026-01-16 00:00:00+00:00,9,103.0275,75.886734,LSTM
2026-01-16 00:00:00+00:00,10,99.7875,81.62262,LSTM
2026-01-16 00:00:00+00:00,11,99.1975,104.111496,LSTM
2026-01-16 00:00:00+00:00,12,99.3125,104.9178,LSTM
2026-01-16 00:00:00+00:00,13,113.2,102.05817,LSTM
2026-01-16 00:00:00+00:00,14,141.0,88.57375,LSTM
2026-01-16 00:00:00+00:00,15,162.68,103.72265,LSTM
2026-01-16 00:00:00+00:00,16,170.325,104.97624,LSTM
2026-01-16 00:00:00+00:00,17,162.4425,106.5652,LSTM
2026-01-16 00:00:00+00:00,18,154.18,127.748764,LSTM
2026-01-16 00:00:00+00:00,19,134.0,113.99655,LSTM
2026-01-16 00:00:00+00:00,20,117.6125,100.61101,LSTM
2026-01-16 00:00:00+00:00,21,117.705,63.70536,LSTM
2026-01-16 00:00:00+00:00,22,104.17,67.755806,LSTM
2026-01-16 00:00:00+00:00,23,104.66,66.863556,LSTM
2026-01-17 00:00:00+00:00,0,101.2875,37.210526,LSTM
2026-01-17 00:00:00+00:00,1,98.235,34.024395,LSTM
2026-01-17 00:00:00+00:00,2,96.1375,43.035362,LSTM
2026-01-17 00:00:00+00:00,3,95.1875,43.470993,LSTM
2026-01-17 00:00:00+00:00,4,95.2425,43.67691,LSTM
2026-01-17 00:00:00+00:00,5,95.8525,37.30235,LSTM
2026-01-17 00:00:00+00:00,6,99.1875,53.405563,LSTM
2026-01-17 00:00:00+00:00,7,105.97,84.556076,LSTM
2026-01-17 00:00:00+00:00,8,116.655,75.035416,LSTM
2026-01-17 00:00:00+00:00,9,115.1,82.839005,LSTM
2026-01-17 00:00:00+00:00,10,111.6075,73.83415,LSTM
2026-01-17 00:00:00+00:00,11,111.9475,86.36556,LSTM
2026-01-17 00:00:00+00:00,12,108.64,91.228546,LSTM
2026-01-17 00:00:00+00:00,13,112.8175,78.895004,LSTM
2026-01-17 00:00:00+00:00,14,122.77,59.343758,LSTM
2026-01-17 00:00:00+00:00,15,135.775,70.89943,LSTM
2026-01-17 00:00:00+00:00,16,140.9125,72.24187,LSTM
2026-01-17 00:00:00+00:00,17,142.84750000000005,75.080536,LSTM
2026-01-17 00:00:00+00:00,18,138.5875,102.84091,LSTM
2026-01-17 00:00:00+00:00,19,120.79,80.21161,LSTM
2026-01-17 00:00:00+00:00,20,107.805,78.96272,LSTM
2026-01-17 00:00:00+00:00,21,109.15,51.452263,LSTM
2026-01-17 00:00:00+00:00,22,107.0225,56.080444,LSTM
2026-01-17 00:00:00+00:00,23,110.715,64.69502,LSTM
2026-01-18 00:00:00+00:00,0,109.19,28.350891,LSTM
2026-01-18 00:00:00+00:00,1,107.39,26.986813,LSTM
2026-01-18 00:00:00+00:00,2,102.54,38.887074,LSTM
2026-01-18 00:00:00+00:00,3,102.235,39.45778,LSTM
2026-01-18 00:00:00+00:00,4,102.08,39.911068,LSTM
2026-01-18 00:00:00+00:00,5,101.05,40.551147,LSTM
2026-01-18 00:00:00+00:00,6,100.605,61.778072,LSTM
2026-01-18 00:00:00+00:00,7,105.68,85.285385,LSTM
2026-01-18 00:00:00+00:00,8,107.4225,73.113754,LSTM
2026-01-18 00:00:00+00:00,9,101.91,71.74424,LSTM
2026-01-18 00:00:00+00:00,10,98.4825,75.80672,LSTM
2026-01-18 00:00:00+00:00,11,96.855,86.376465,LSTM
2026-01-18 00:00:00+00:00,12,96.9625,88.32473,LSTM
2026-01-18 00:00:00+00:00,13,100.845,79.90053,LSTM
2026-01-18 00:00:00+00:00,14,105.55,62.98938,LSTM
2026-01-18 00:00:00+00:00,15,114.875,79.389725,LSTM
2026-01-18 00:00:00+00:00,16,129.9925,72.17621,LSTM
2026-01-18 00:00:00+00:00,17,142.195,74.31909,LSTM
2026-01-18 00:00:00+00:00,18,136.6725,98.64374,LSTM
2026-01-18 00:00:00+00:00,19,123.0525,89.69461,LSTM
2026-01-18 00:00:00+00:00,20,110.63,79.26169,LSTM
2026-01-18 00:00:00+00:00,21,114.28,60.13258,LSTM
2026-01-18 00:00:00+00:00,22,103.7325,59.150932,LSTM
2026-01-18 00:00:00+00:00,23,101.15,61.11949,LSTM
2026-01-19 00:00:00+00:00,0,100.44,27.21571,LSTM
2026-01-19 00:00:00+00:00,1,100.8325,35.549976,LSTM
2026-01-19 00:00:00+00:00,2,100.4375,36.815193,LSTM
2026-01-19 00:00:00+00:00,3,100.135,48.317257,LSTM
2026-01-19 00:00:00+00:00,4,102.53,54.360264,LSTM
2026-01-19 00:00:00+00:00,5,126.38,51.935127,LSTM
2026-01-19 00:00:00+00:00,6,161.08249999999998,82.04687,LSTM
2026-01-19 00:00:00+00:00,7,175.98250000000002,125.07123,LSTM
2026-01-19 00:00:00+00:00,8,161.9375,109.40274,LSTM
2026-01-19 00:00:00+00:00,9,135.9225,99.55464,LSTM
2026-01-19 00:00:00+00:00,10,120.5275,106.36186,LSTM
2026-01-19 00:00:00+00:00,11,117.56,117.03285,LSTM
2026-01-19 00:00:00+00:00,12,125.0025,120.662704,LSTM
2026-01-19 00:00:00+00:00,13,144.35,110.874504,LSTM
2026-01-19 00:00:00+00:00,14,170.0425,100.464455,LSTM
2026-01-19 00:00:00+00:00,15,194.89,115.8705,LSTM
2026-01-19 00:00:00+00:00,16,208.2275,110.19769,LSTM
2026-01-19 00:00:00+00:00,17,200.055,115.985214,LSTM
2026-01-19 00:00:00+00:00,18,180.9625,143.58942,LSTM
2026-01-19 00:00:00+00:00,19,157.385,131.02219,LSTM
2026-01-19 00:00:00+00:00,20,135.17,110.07344,LSTM
2026-01-19 00:00:00+00:00,21,126.4025,74.44823,LSTM
2026-01-19 00:00:00+00:00,22,112.47,75.05149,LSTM
2026-01-19 00:00:00+00:00,23,115.06,73.5258,LSTM
2026-01-20 00:00:00+00:00,0,114.335,28.656696,LSTM
2026-01-20 00:00:00+00:00,1,110.355,33.627518,LSTM
2026-01-20 00:00:00+00:00,2,109.8675,34.957767,LSTM
2026-01-20 00:00:00+00:00,3,113.1725,43.98496,LSTM
2026-01-20 00:00:00+00:00,4,125.28,45.634857,LSTM
2026-01-20 00:00:00+00:00,5,190.105,46.259613,LSTM
2026-01-20 00:00:00+00:00,6,240.8775,75.73915,LSTM
2026-01-20 00:00:00+00:00,7,262.785,107.42938,LSTM
2026-01-20 00:00:00+00:00,8,179.535,86.003174,LSTM
2026-01-20 00:00:00+00:00,9,132.17,83.47896,LSTM
2026-01-20 00:00:00+00:00,10,107.9525,83.98905,LSTM
2026-01-20 00:00:00+00:00,11,103.6225,97.18207,LSTM
2026-01-20 00:00:00+00:00,12,105.755,103.09616,LSTM
2026-01-20 00:00:00+00:00,13,136.7225,100.3226,LSTM
2026-01-20 00:00:00+00:00,14,178.26,86.779594,LSTM
2026-01-20 00:00:00+00:00,15,276.735,111.03232,LSTM
2026-01-20 00:00:00+00:00,16,249.63,101.90526,LSTM
2026-01-20 00:00:00+00:00,17,193.925,104.10069,LSTM
2026-01-20 00:00:00+00:00,18,181.9175,129.9942,LSTM
2026-01-20 00:00:00+00:00,19,155.10000000000002,119.07022,LSTM
2026-01-20 00:00:00+00:00,20,139.89,100.430435,LSTM
2026-01-20 00:00:00+00:00,21,117.1925,66.64273,LSTM
2026-01-20 00:00:00+00:00,22,107.8375,66.50793,LSTM
2026-01-20 00:00:00+00:00,23,101.49,63.9311,LSTM
2026-01-21 00:00:00+00:00,0,101.7175,23.347616,LSTM
2026-01-21 00:00:00+00:00,1,98.7575,27.713106,LSTM
2026-01-21 00:00:00+00:00,2,100.91,27.817963,LSTM
2026-01-21 00:00:00+00:00,3,98.845,37.929184,LSTM
2026-01-21 00:00:00+00:00,4,98.6925,41.99573,LSTM
2026-01-21 00:00:00+00:00,5,107.8725,35.803333,LSTM
2026-01-21 00:00:00+00:00,6,160.0,59.37342,LSTM
2026-01-21 00:00:00+00:00,7,176.3975,88.05078,LSTM
2026-01-21 00:00:00+00:00,8,142.89249999999998,67.69773,LSTM
2026-01-21 00:00:00+00:00,9,118.3,72.34708,LSTM
2026-01-21 00:00:00+00:00,10,100.9925,64.993774,LSTM
2026-01-21 00:00:00+00:00,11,99.13,72.46356,LSTM
2026-01-21 00:00:00+00:00,12,103.475,87.08057,LSTM
2026-01-21 00:00:00+00:00,13,108.6225,76.500534,LSTM
2026-01-21 00:00:00+00:00,14,126.9275,64.839264,LSTM
2026-01-21 00:00:00+00:00,15,145.035,82.95928,LSTM
2026-01-21 00:00:00+00:00,16,139.11,74.01842,LSTM
2026-01-21 00:00:00+00:00,17,138.9075,81.173294,LSTM
2026-01-21 00:00:00+00:00,18,127.83,104.10743,LSTM
2026-01-21 00:00:00+00:00,19,105.4475,88.63141,LSTM
2026-01-21 00:00:00+00:00,20,102.44,80.43388,LSTM
2026-01-21 00:00:00+00:00,21,104.76,43.07092,LSTM
2026-01-21 00:00:00+00:00,22,99.375,49.43244,LSTM
2026-01-21 00:00:00+00:00,23,92.7975,51.956375,LSTM
2026-01-22 00:00:00+00:00,0,92.5275,21.632746,LSTM
2026-01-22 00:00:00+00:00,1,91.45,25.456339,LSTM
2026-01-22 00:00:00+00:00,2,91.82,26.841507,LSTM
2026-01-22 00:00:00+00:00,3,92.85,36.470627,LSTM
2026-01-22 00:00:00+00:00,4,93.1875,39.25025,LSTM
2026-01-22 00:00:00+00:00,5,100.6775,37.95473,LSTM
2026-01-22 00:00:00+00:00,6,125.52,62.530853,LSTM
2026-01-22 00:00:00+00:00,7,137.1225,87.94479,LSTM
2026-01-22 00:00:00+00:00,8,114.4175,63.929478,LSTM
2026-01-22 00:00:00+00:00,9,95.2575,63.5111,LSTM
2026-01-22 00:00:00+00:00,10,89.075,64.10357,LSTM
2026-01-22 00:00:00+00:00,11,83.8575,74.58145,LSTM
2026-01-22 00:00:00+00:00,12,88.065,82.9075,LSTM
2026-01-22 00:00:00+00:00,13,94.91,79.10924,LSTM
2026-01-22 00:00:00+00:00,14,107.78,68.25844,LSTM
2026-01-22 00:00:00+00:00,15,130.8975,89.01966,LSTM
2026-01-22 00:00:00+00:00,16,136.365,81.5114,LSTM
2026-01-22 00:00:00+00:00,17,129.6675,86.55902,LSTM
2026-01-22 00:00:00+00:00,18,121.5675,107.41646,LSTM
2026-01-22 00:00:00+00:00,19,109.35,95.60652,LSTM
2026-01-22 00:00:00+00:00,20,106.945,85.93975,LSTM
2026-01-22 00:00:00+00:00,21,103.3225,53.83354,LSTM
2026-01-22 00:00:00+00:00,22,97.3075,56.777718,LSTM
2026-01-22 00:00:00+00:00,23,97.8875,56.470047,LSTM
2026-01-23 00:00:00+00:00,0,97.245,22.786213,LSTM
2026-01-23 00:00:00+00:00,1,95.9475,28.286797,LSTM
2026-01-23 00:00:00+00:00,2,95.0025,25.25018,LSTM
2026-01-23 00:00:00+00:00,3,95.6225,39.8511,LSTM
2026-01-23 00:00:00+00:00,4,96.9975,43.47205,LSTM
2026-01-23 00:00:00+00:00,5,108.1975,39.635235,LSTM
2026-01-23 00:00:00+00:00,6,133.0,66.17129,LSTM
2026-01-23 00:00:00+00:00,7,152.9375,93.22328,LSTM
2026-01-23 00:00:00+00:00,8,142.4875,73.55273,LSTM
2026-01-23 00:00:00+00:00,9,115.3775,72.952774,LSTM
2026-01-23 00:00:00+00:00,10,100.1275,73.63875,LSTM
2026-01-23 00:00:00+00:00,11,96.2125,78.38777,LSTM
2026-01-23 00:00:00+00:00,12,95.76,86.74288,LSTM
2026-01-23 00:00:00+00:00,13,97.08,75.44176,LSTM
2026-01-23 00:00:00+00:00,14,108.7675,60.77206,LSTM
2026-01-23 00:00:00+00:00,15,124.0475,79.99644,LSTM
2026-01-23 00:00:00+00:00,16,136.08499999999998,65.48634,LSTM
2026-01-23 00:00:00+00:00,17,128.48250000000002,73.13451,LSTM
2026-01-23 00:00:00+00:00,18,116.8025,92.48834,LSTM
2026-01-23 00:00:00+00:00,19,107.2225,80.69338,LSTM
2026-01-23 00:00:00+00:00,20,103.96,76.058655,LSTM
2026-01-23 00:00:00+00:00,21,104.79,44.512638,LSTM
2026-01-23 00:00:00+00:00,22,96.995,49.315643,LSTM
2026-01-23 00:00:00+00:00,23,99.8,52.382736,LSTM
2026-01-24 00:00:00+00:00,0,99.035,25.55308,LSTM
2026-01-24 00:00:00+00:00,1,98.315,23.92463,LSTM
2026-01-24 00:00:00+00:00,2,97.825,34.795387,LSTM
2026-01-24 00:00:00+00:00,3,97.5475,37.27413,LSTM
2026-01-24 00:00:00+00:00,4,98.91,36.34263,LSTM
2026-01-24 00:00:00+00:00,5,100.3975,35.714275,LSTM
2026-01-24 00:00:00+00:00,6,104.06,51.401802,LSTM
2026-01-24 00:00:00+00:00,7,110.9975,72.060196,LSTM
2026-01-24 00:00:00+00:00,8,123.0925,59.12452,LSTM
2026-01-24 00:00:00+00:00,9,119.24,68.2718,LSTM
2026-01-24 00:00:00+00:00,10,110.2975,64.71083,LSTM
2026-01-24 00:00:00+00:00,11,106.2175,75.5898,LSTM
2026-01-24 00:00:00+00:00,12,101.8725,83.62691,LSTM
2026-01-24 00:00:00+00:00,13,105.12,73.32847,LSTM
2026-01-24 00:00:00+00:00,14,118.2275,51.545006,LSTM
2026-01-24 00:00:00+00:00,15,131.905,66.986946,LSTM
2026-01-24 00:00:00+00:00,16,146.7225,62.008045,LSTM
2026-01-24 00:00:00+00:00,17,141.7475,63.39676,LSTM
2026-01-24 00:00:00+00:00,18,131.9325,98.03301,LSTM
2026-01-24 00:00:00+00:00,19,118.6725,85.08269,LSTM
2026-01-24 00:00:00+00:00,20,110.5375,78.60895,LSTM
2026-01-24 00:00:00+00:00,21,110.31,55.09999,LSTM
2026-01-24 00:00:00+00:00,22,104.15,60.456863,LSTM
2026-01-24 00:00:00+00:00,23,101.4425,63.484425,LSTM
2026-01-25 00:00:00+00:00,0,101.7575,24.042015,LSTM
2026-01-25 00:00:00+00:00,1,101.315,22.65003,LSTM
2026-01-25 00:00:00+00:00,2,101.77,35.529877,LSTM
2026-01-25 00:00:00+00:00,3,100.8625,38.14634,LSTM
2026-01-25 00:00:00+00:00,4,100.5125,40.844822,LSTM
2026-01-25 00:00:00+00:00,5,99.965,40.830925,LSTM
2026-01-25 00:00:00+00:00,6,102.06,58.689636,LSTM
2026-01-25 00:00:00+00:00,7,103.7575,78.8059,LSTM
2026-01-25 00:00:00+00:00,8,108.8875,77.52791,LSTM
2026-01-25 00:00:00+00:00,9,113.1925,71.633316,LSTM
2026-01-25 00:00:00+00:00,10,116.0175,83.444046,LSTM
2026-01-25 00:00:00+00:00,11,120.03,92.39784,LSTM
2026-01-25 00:00:00+00:00,12,116.1075,93.56163,LSTM
2026-01-25 00:00:00+00:00,13,114.315,77.22203,LSTM
2026-01-25 00:00:00+00:00,14,111.7525,58.152664,LSTM
2026-01-25 00:00:00+00:00,15,116.9,70.25806,LSTM
2026-01-25 00:00:00+00:00,16,131.2125,60.51854,LSTM
2026-01-25 00:00:00+00:00,17,137.375,65.500824,LSTM
2026-01-25 00:00:00+00:00,18,132.575,91.64465,LSTM
2026-01-25 00:00:00+00:00,19,124.0175,86.80878,LSTM
2026-01-25 00:00:00+00:00,20,114.0225,76.15494,LSTM
2026-01-25 00:00:00+00:00,21,111.9425,62.06758,LSTM
2026-01-25 00:00:00+00:00,22,104.49,62.63827,LSTM
2026-01-25 00:00:00+00:00,23,103.925,62.167286,LSTM
2026-01-26 00:00:00+00:00,0,101.1125,26.546318,LSTM
2026-01-26 00:00:00+00:00,1,98.7275,32.135334,LSTM
2026-01-26 00:00:00+00:00,2,95.8525,28.880213,LSTM
2026-01-26 00:00:00+00:00,3,95.0325,43.41697,LSTM
2026-01-26 00:00:00+00:00,4,97.1925,47.05439,LSTM
2026-01-26 00:00:00+00:00,5,114.2775,49.04754,LSTM
2026-01-26 00:00:00+00:00,6,153.1975,80.3225,LSTM
2026-01-26 00:00:00+00:00,7,175.1325,120.30443,LSTM
2026-01-26 00:00:00+00:00,8,177.9675,106.823395,LSTM
2026-01-26 00:00:00+00:00,9,178.0125,95.55157,LSTM
2026-01-26 00:00:00+00:00,10,170.3425,113.35167,LSTM
2026-01-26 00:00:00+00:00,11,156.03,125.754745,LSTM
2026-01-26 00:00:00+00:00,12,149.39499999999998,124.611305,LSTM
2026-01-26 00:00:00+00:00,13,147.78,118.203156,LSTM
2026-01-26 00:00:00+00:00,14,159.97,102.71006,LSTM
2026-01-26 00:00:00+00:00,15,166.32999999999998,125.539474,LSTM
2026-01-26 00:00:00+00:00,16,178.6975,109.479904,LSTM
2026-01-26 00:00:00+00:00,17,178.0225,112.575516,LSTM
2026-01-26 00:00:00+00:00,18,169.9725,127.87894,LSTM
2026-01-26 00:00:00+00:00,19,154.16500000000002,125.179276,LSTM
2026-01-26 00:00:00+00:00,20,137.1125,99.8375,LSTM
2026-01-26 00:00:00+00:00,21,121.5,70.94371,LSTM
2026-01-26 00:00:00+00:00,22,111.685,67.83815,LSTM
2026-01-26 00:00:00+00:00,23,118.7675,60.78646,LSTM
2026-01-27 00:00:00+00:00,0,113.7025,27.84014,LSTM
2026-01-27 00:00:00+00:00,1,112.1575,32.846245,LSTM
2026-01-27 00:00:00+00:00,2,111.4875,33.669434,LSTM
2026-01-27 00:00:00+00:00,3,110.545,46.37967,LSTM
2026-01-27 00:00:00+00:00,4,111.65,46.234653,LSTM
2026-01-27 00:00:00+00:00,5,133.61,46.684624,LSTM
2026-01-27 00:00:00+00:00,6,159.875,76.811806,LSTM
2026-01-27 00:00:00+00:00,7,176.635,115.871704,LSTM
2026-01-27 00:00:00+00:00,8,171.195,98.95321,LSTM
2026-01-27 00:00:00+00:00,9,148.45749999999998,97.28076,LSTM
2026-01-27 00:00:00+00:00,10,133.29,96.598495,LSTM
2026-01-27 00:00:00+00:00,11,123.03,104.427185,LSTM
2026-01-27 00:00:00+00:00,12,112.4875,109.90283,LSTM
2026-01-27 00:00:00+00:00,13,131.0825,98.78841,LSTM
2026-01-27 00:00:00+00:00,14,127.4475,75.17015,LSTM
2026-01-27 00:00:00+00:00,15,132.98,98.25365,LSTM
2026-01-27 00:00:00+00:00,16,152.62,84.71248,LSTM
2026-01-27 00:00:00+00:00,17,141.14,89.87039,LSTM
2026-01-27 00:00:00+00:00,18,138.8825,114.66286,LSTM
2026-01-27 00:00:00+00:00,19,121.5875,103.3233,LSTM
2026-01-27 00:00:00+00:00,20,119.3675,89.810196,LSTM
2026-01-27 00:00:00+00:00,21,120.7,57.1814,LSTM
2026-01-27 00:00:00+00:00,22,111.85,57.34294,LSTM
2026-01-27 00:00:00+00:00,23,105.475,55.276596,LSTM
2026-01-28 00:00:00+00:00,0,104.465,18.455011,LSTM
2026-01-28 00:00:00+00:00,1,104.465,23.852598,LSTM
2026-01-28 00:00:00+00:00,2,102.24,21.098482,LSTM
2026-01-28 00:00:00+00:00,3,104.7125,36.57247,LSTM
2026-01-28 00:00:00+00:00,4,106.6,38.285126,LSTM
2026-01-28 00:00:00+00:00,5,113.6975,37.215458,LSTM
2026-01-28 00:00:00+00:00,6,143.5975,64.4092,LSTM
2026-01-28 00:00:00+00:00,7,171.0025,100.12016,LSTM
2026-01-28 00:00:00+00:00,8,173.64499999999998,88.9658,LSTM
2026-01-28 00:00:00+00:00,9,172.325,88.94467,LSTM
2026-01-28 00:00:00+00:00,10,166.24,93.49809,LSTM
2026-01-28 00:00:00+00:00,11,157.0875,103.16736,LSTM
2026-01-28 00:00:00+00:00,12,147.9125,109.46407,LSTM
2026-01-28 00:00:00+00:00,13,145.035,99.07112,LSTM
2026-01-28 00:00:00+00:00,14,141.13750000000002,76.08663,LSTM
2026-01-28 00:00:00+00:00,15,147.1275,96.94185,LSTM
2026-01-28 00:00:00+00:00,16,164.2225,77.58022,LSTM
2026-01-28 00:00:00+00:00,17,170.425,81.826614,LSTM
2026-01-28 00:00:00+00:00,18,161.225,106.100876,LSTM
2026-01-28 00:00:00+00:00,19,134.265,97.38904,LSTM
2026-01-28 00:00:00+00:00,20,119.01,81.32567,LSTM
2026-01-28 00:00:00+00:00,21,117.0,50.97013,LSTM
2026-01-28 00:00:00+00:00,22,110.9575,52.47238,LSTM
2026-01-28 00:00:00+00:00,23,104.55,51.77855,LSTM
2026-01-29 00:00:00+00:00,0,104.0,21.566147,LSTM
2026-01-29 00:00:00+00:00,1,101.88,27.884634,LSTM
2026-01-29 00:00:00+00:00,2,100.0225,25.840342,LSTM
2026-01-29 00:00:00+00:00,3,100.9325,39.756264,LSTM
2026-01-29 00:00:00+00:00,4,104.6375,41.293602,LSTM
2026-01-29 00:00:00+00:00,5,116.12,43.36283,LSTM
2026-01-29 00:00:00+00:00,6,149.595,74.38627,LSTM
2026-01-29 00:00:00+00:00,7,165.6825,112.54503,LSTM
2026-01-29 00:00:00+00:00,8,168.035,97.6577,LSTM
2026-01-29 00:00:00+00:00,9,160.675,93.39182,LSTM
2026-01-29 00:00:00+00:00,10,152.7925,100.71306,LSTM
2026-01-29 00:00:00+00:00,11,143.035,111.37221,LSTM
2026-01-29 00:00:00+00:00,12,142.815,114.97901,LSTM
2026-01-29 00:00:00+00:00,13,142.9925,108.45384,LSTM
2026-01-29 00:00:00+00:00,14,147.6125,85.7337,LSTM
2026-01-29 00:00:00+00:00,15,153.1025,106.99262,LSTM
2026-01-29 00:00:00+00:00,16,159.4775,90.50339,LSTM
2026-01-29 00:00:00+00:00,17,157.24,93.44036,LSTM
2026-01-29 00:00:00+00:00,18,150.0375,117.1019,LSTM
2026-01-29 00:00:00+00:00,19,126.5575,107.12067,LSTM
2026-01-29 00:00:00+00:00,20,113.57,92.35963,LSTM
2026-01-29 00:00:00+00:00,21,109.315,62.144653,LSTM
2026-01-29 00:00:00+00:00,22,102.9775,59.810966,LSTM
2026-01-29 00:00:00+00:00,23,111.065,55.844666,LSTM
2026-01-30 00:00:00+00:00,0,103.3125,19.859364,LSTM
2026-01-30 00:00:00+00:00,1,100.8525,25.99587,LSTM
2026-01-30 00:00:00+00:00,2,97.3875,22.175394,LSTM
2026-01-30 00:00:00+00:00,3,97.3,39.46363,LSTM
2026-01-30 00:00:00+00:00,4,96.2775,42.33775,LSTM
2026-01-30 00:00:00+00:00,5,111.125,38.285187,LSTM
2026-01-30 00:00:00+00:00,6,131.7775,64.680664,LSTM
2026-01-30 00:00:00+00:00,7,143.755,98.156876,LSTM
2026-01-30 00:00:00+00:00,8,147.035,87.16247,LSTM
2026-01-30 00:00:00+00:00,9,132.63,84.8392,LSTM
2026-01-30 00:00:00+00:00,10,126.1,87.4816,LSTM
2026-01-30 00:00:00+00:00,11,118.205,95.13031,LSTM
2026-01-30 00:00:00+00:00,12,110.39,100.32076,LSTM
2026-01-30 00:00:00+00:00,13,110.3175,85.61163,LSTM
2026-01-30 00:00:00+00:00,14,111.195,63.856056,LSTM
2026-01-30 00:00:00+00:00,15,114.9375,77.76179,LSTM
2026-01-30 00:00:00+00:00,16,124.81,63.811363,LSTM
2026-01-30 00:00:00+00:00,17,122.8875,72.585724,LSTM
2026-01-30 00:00:00+00:00,18,113.0875,87.999725,LSTM
2026-01-30 00:00:00+00:00,19,108.5975,76.89833,LSTM
2026-01-30 00:00:00+00:00,20,101.6825,73.52514,LSTM
2026-01-30 00:00:00+00:00,21,101.09,42.941902,LSTM
2026-01-30 00:00:00+00:00,22,92.695,48.960354,LSTM
2026-01-30 00:00:00+00:00,23,96.9525,50.728695,LSTM
2026-01-31 00:00:00+00:00,0,97.3775,23.832819,LSTM
2026-01-31 00:00:00+00:00,1,94.5075,22.775331,LSTM
2026-01-31 00:00:00+00:00,2,94.08,29.528826,LSTM
2026-01-31 00:00:00+00:00,3,93.325,36.27963,LSTM
2026-01-31 00:00:00+00:00,4,94.0575,33.19023,LSTM
2026-01-31 00:00:00+00:00,5,93.45,30.92076,LSTM
2026-01-31 00:00:00+00:00,6,92.9025,47.438766,LSTM
2026-01-31 00:00:00+00:00,7,103.955,71.09229,LSTM
2026-01-31 00:00:00+00:00,8,109.0625,54.364876,LSTM
2026-01-31 00:00:00+00:00,9,114.215,65.69151,LSTM
2026-01-31 00:00:00+00:00,10,113.47,56.949238,LSTM
2026-01-31 00:00:00+00:00,11,111.2775,69.348206,LSTM
2026-01-31 00:00:00+00:00,12,107.39,77.09564,LSTM
2026-01-31 00:00:00+00:00,13,110.305,69.353485,LSTM
2026-01-31 00:00:00+00:00,14,113.1675,44.240303,LSTM
2026-01-31 00:00:00+00:00,15,119.3575,60.52594,LSTM
2026-01-31 00:00:00+00:00,16,134.605,54.285515,LSTM
2026-01-31 00:00:00+00:00,17,138.0375,57.392986,LSTM
2026-01-31 00:00:00+00:00,18,133.95,87.36578,LSTM
2026-01-31 00:00:00+00:00,19,125.645,73.26157,LSTM
2026-01-31 00:00:00+00:00,20,114.2075,71.660065,LSTM
2026-01-31 00:00:00+00:00,21,114.145,45.129997,LSTM
2026-01-31 00:00:00+00:00,22,105.9,52.73934,LSTM
2026-01-31 00:00:00+00:00,23,96.09,58.207375,LSTM
2026-02-01 00:00:00+00:00,0,94.0075,23.93059,LSTM
2026-02-01 00:00:00+00:00,1,98.4025,22.924719,LSTM
2026-02-01 00:00:00+00:00,2,96.0575,37.80745,LSTM
2026-02-01 00:00:00+00:00,3,98.3125,39.059814,LSTM
2026-02-01 00:00:00+00:00,4,98.2225,40.928337,LSTM
2026-02-01 00:00:00+00:00,5,96.015,40.755035,LSTM
2026-02-01 00:00:00+00:00,6,99.5,61.881145,LSTM
2026-02-01 00:00:00+00:00,7,105.255,86.0056,LSTM
2026-02-01 00:00:00+00:00,8,109.235,79.679115,LSTM
2026-02-01 00:00:00+00:00,9,109.845,76.9103,LSTM
2026-02-01 00:00:00+00:00,10,108.1575,84.5766,LSTM
2026-02-01 00:00:00+00:00,11,107.125,93.91647,LSTM
2026-02-01 00:00:00+00:00,12,100.3875,95.60099,LSTM
2026-02-01 00:00:00+00:00,13,102.235,81.24577,LSTM
2026-02-01 00:00:00+00:00,14,108.9575,59.839027,LSTM
2026-02-01 00:00:00+00:00,15,114.6675,73.49615,LSTM
2026-02-01 00:00:00+00:00,16,129.4875,62.34958,LSTM
2026-02-01 00:00:00+00:00,17,136.8425,66.58388,LSTM
2026-02-01 00:00:00+00:00,18,137.39,93.43532,LSTM
2026-02-01 00:00:00+00:00,19,125.5925,81.26773,LSTM
2026-02-01 00:00:00+00:00,20,113.8575,75.449905,LSTM
2026-02-01 00:00:00+00:00,21,113.885,59.293312,LSTM
2026-02-01 00:00:00+00:00,22,106.5525,57.756203,LSTM
2026-02-01 00:00:00+00:00,23,99.5925,62.35592,LSTM
2026-02-02 00:00:00+00:00,0,97.9925,20.717354,LSTM
2026-02-02 00:00:00+00:00,1,95.0925,28.522503,LSTM
2026-02-02 00:00:00+00:00,2,91.0,22.11833,LSTM
2026-02-02 00:00:00+00:00,3,91.7325,41.590256,LSTM
2026-02-02 00:00:00+00:00,4,94.7225,47.38654,LSTM
2026-02-02 00:00:00+00:00,5,106.575,46.986828,LSTM
2026-02-02 00:00:00+00:00,6,122.885,80.31331,LSTM
2026-02-02 00:00:00+00:00,7,136.8675,114.312805,LSTM
2026-02-02 00:00:00+00:00,8,140.155,99.24715,LSTM
2026-02-02 00:00:00+00:00,9,124.54,83.78593,LSTM
2026-02-02 00:00:00+00:00,10,114.6675,101.191956,LSTM
2026-02-02 00:00:00+00:00,11,109.2125,103.317856,LSTM
2026-02-02 00:00:00+00:00,12,104.0,104.6921,LSTM
2026-02-02 00:00:00+00:00,13,102.9025,93.33002,LSTM
2026-02-02 00:00:00+00:00,14,105.0775,80.701515,LSTM
2026-02-02 00:00:00+00:00,15,109.7775,102.08303,LSTM
2026-02-02 00:00:00+00:00,16,118.1975,80.45773,LSTM
2026-02-02 00:00:00+00:00,17,118.9675,90.50943,LSTM
2026-02-02 00:00:00+00:00,18,105.0,95.76204,LSTM
2026-02-02 00:00:00+00:00,19,102.255,90.81961,LSTM
2026-02-02 00:00:00+00:00,20,102.015,75.8743,LSTM
2026-02-02 00:00:00+00:00,21,101.2275,49.38387,LSTM
2026-02-02 00:00:00+00:00,22,91.385,48.57167,LSTM
2026-02-02 00:00:00+00:00,23,91.7175,45.341618,LSTM
2026-02-03 00:00:00+00:00,0,89.36500000000001,22.28484,LSTM
2026-02-03 00:00:00+00:00,1,84.0075,27.101858,LSTM
2026-02-03 00:00:00+00:00,2,79.9375,27.629808,LSTM
2026-02-03 00:00:00+00:00,3,76.84,40.627964,LSTM
2026-02-03 00:00:00+00:00,4,82.16,39.690296,LSTM
2026-02-03 00:00:00+00:00,5,91.16,38.95613,LSTM
2026-02-03 00:00:00+00:00,6,97.6925,67.16437,LSTM
2026-02-03 00:00:00+00:00,7,106.2725,92.423874,LSTM
2026-02-03 00:00:00+00:00,8,108.225,65.88059,LSTM
2026-02-03 00:00:00+00:00,9,99.94,71.313416,LSTM
2026-02-03 00:00:00+00:00,10,90.83,67.2966,LSTM
2026-02-03 00:00:00+00:00,11,87.94749999999999,81.245735,LSTM
2026-02-03 00:00:00+00:00,12,89.905,87.13388,LSTM
2026-02-03 00:00:00+00:00,13,93.1525,82.71675,LSTM
2026-02-03 00:00:00+00:00,14,100.41,62.04451,LSTM
2026-02-03 00:00:00+00:00,15,106.615,82.868484,LSTM
2026-02-03 00:00:00+00:00,16,125.7725,73.349396,LSTM
2026-02-03 00:00:00+00:00,17,126.3475,78.60573,LSTM
2026-02-03 00:00:00+00:00,18,123.2275,97.64225,LSTM
2026-02-03 00:00:00+00:00,19,112.9,90.02637,LSTM
2026-02-03 00:00:00+00:00,20,103.2925,85.32107,LSTM
2026-02-03 00:00:00+00:00,21,100.895,51.0305,LSTM
2026-02-03 00:00:00+00:00,22,94.8125,57.562344,LSTM
2026-02-03 00:00:00+00:00,23,95.0025,59.61851,LSTM
2026-02-04 00:00:00+00:00,0,92.7875,26.857939,LSTM
2026-02-04 00:00:00+00:00,1,92.9625,32.20605,LSTM
2026-02-04 00:00:00+00:00,2,94.6225,32.431225,LSTM
2026-02-04 00:00:00+00:00,3,93.9575,46.536705,LSTM
2026-02-04 00:00:00+00:00,4,96.585,49.600315,LSTM
2026-02-04 00:00:00+00:00,5,105.285,48.041084,LSTM
2026-02-04 00:00:00+00:00,6,122.935,75.93936,LSTM
2026-02-04 00:00:00+00:00,7,131.605,106.765594,LSTM
2026-02-04 00:00:00+00:00,8,122.6725,89.67284,LSTM
2026-02-04 00:00:00+00:00,9,110.0,86.79491,LSTM
2026-02-04 00:00:00+00:00,10,98.7075,93.08084,LSTM
2026-02-04 00:00:00+00:00,11,91.915,100.0199,LSTM
2026-02-04 00:00:00+00:00,12,91.3825,104.16397,LSTM
2026-02-04 00:00:00+00:00,13,96.0775,90.59463,LSTM
2026-02-04 00:00:00+00:00,14,102.875,73.74223,LSTM
2026-02-04 00:00:00+00:00,15,114.185,92.84651,LSTM
2026-02-04 00:00:00+00:00,16,124.6175,80.19786,LSTM
2026-02-04 00:00:00+00:00,17,117.04,86.59654,LSTM
2026-02-04 00:00:00+00:00,18,104.52,103.22758,LSTM
2026-02-04 00:00:00+00:00,19,96.2875,94.50768,LSTM
2026-02-04 00:00:00+00:00,20,94.7525,84.938965,LSTM
2026-02-04 00:00:00+00:00,21,93.8225,55.097527,LSTM
2026-02-04 00:00:00+00:00,22,86.3075,60.1654,LSTM
2026-02-04 00:00:00+00:00,23,90.3025,61.042572,LSTM
2026-02-05 00:00:00+00:00,0,88.4375,24.767303,LSTM
2026-02-05 00:00:00+00:00,1,87.4325,28.34745,LSTM
2026-02-05 00:00:00+00:00,2,87.795,32.8925,LSTM
2026-02-05 00:00:00+00:00,3,89.565,43.753963,LSTM
2026-02-05 00:00:00+00:00,4,91.51,45.718597,LSTM
2026-02-05 00:00:00+00:00,5,102.845,46.04078,LSTM
2026-02-05 00:00:00+00:00,6,113.32,70.690575,LSTM
2026-02-05 00:00:00+00:00,7,125.365,102.118835,LSTM
2026-02-05 00:00:00+00:00,8,121.52,84.7497,LSTM
2026-02-05 00:00:00+00:00,9,118.1925,82.83246,LSTM
2026-02-05 00:00:00+00:00,10,121.0675,89.81352,LSTM
2026-02-05 00:00:00+00:00,11,108.2525,98.18981,LSTM
2026-02-05 00:00:00+00:00,12,109.7575,103.50609,LSTM
2026-02-05 00:00:00+00:00,13,110.1025,91.222404,LSTM
2026-02-05 00:00:00+00:00,14,116.98,73.142624,LSTM
2026-02-05 00:00:00+00:00,15,126.0,92.37096,LSTM
2026-02-05 00:00:00+00:00,16,140.5,81.43967,LSTM
2026-02-05 00:00:00+00:00,17,136.64499999999998,85.87099,LSTM
2026-02-05 00:00:00+00:00,18,132.9075,109.616806,LSTM
2026-02-05 00:00:00+00:00,19,120.81,101.6962,LSTM
2026-02-05 00:00:00+00:00,20,107.7825,89.70438,LSTM
2026-02-05 00:00:00+00:00,21,105.88,61.79682,LSTM
2026-02-05 00:00:00+00:00,22,100.0375,65.36141,LSTM
2026-02-05 00:00:00+00:00,23,99.31,64.06546,LSTM
2026-02-06 00:00:00+00:00,0,99.1275,25.84501,LSTM
2026-02-06 00:00:00+00:00,1,98.0875,30.959156,LSTM
2026-02-06 00:00:00+00:00,2,98.2275,30.84579,LSTM
2026-02-06 00:00:00+00:00,3,98.7425,44.082466,LSTM
2026-02-06 00:00:00+00:00,4,102.3325,47.58773,LSTM
2026-02-06 00:00:00+00:00,5,115.4225,46.86338,LSTM
2026-02-06 00:00:00+00:00,6,139.4625,73.3685,LSTM
2026-02-06 00:00:00+00:00,7,144.74,111.634094,LSTM
2026-02-06 00:00:00+00:00,8,144.2025,104.93924,LSTM
2026-02-06 00:00:00+00:00,9,142.0925,101.64676,LSTM
2026-02-06 00:00:00+00:00,10,138.91,111.853714,LSTM
2026-02-06 00:00:00+00:00,11,136.21,121.947174,LSTM
2026-02-06 00:00:00+00:00,12,135.89249999999998,124.97378,LSTM
2026-02-06 00:00:00+00:00,13,135.66750000000002,109.22197,LSTM
2026-02-06 00:00:00+00:00,14,139.4725,88.48611,LSTM
2026-02-06 00:00:00+00:00,15,133.9625,106.855,LSTM
2026-02-06 00:00:00+00:00,16,137.1875,91.834625,LSTM
2026-02-06 00:00:00+00:00,17,132.19,94.7462,LSTM
2026-02-06 00:00:00+00:00,18,125.6275,120.36017,LSTM
2026-02-06 00:00:00+00:00,19,110.9825,113.277176,LSTM
2026-02-06 00:00:00+00:00,20,108.85,93.762,LSTM
2026-02-06 00:00:00+00:00,21,106.2625,64.283165,LSTM
2026-02-06 00:00:00+00:00,22,102.2375,65.59752,LSTM
2026-02-06 00:00:00+00:00,23,101.4925,63.266575,LSTM
2026-02-07 00:00:00+00:00,0,100.0,27.483406,LSTM
2026-02-07 00:00:00+00:00,1,98.0425,24.647673,LSTM
2026-02-07 00:00:00+00:00,2,96.885,35.644714,LSTM
2026-02-07 00:00:00+00:00,3,96.395,38.493755,LSTM
2026-02-07 00:00:00+00:00,4,96.725,38.66439,LSTM
2026-02-07 00:00:00+00:00,5,97.095,33.024433,LSTM
2026-02-07 00:00:00+00:00,6,105.5475,46.150063,LSTM
2026-02-07 00:00:00+00:00,7,114.08,73.41792,LSTM
2026-02-07 00:00:00+00:00,8,117.975,67.05598,LSTM
2026-02-07 00:00:00+00:00,9,110.0625,75.45116,LSTM
2026-02-07 00:00:00+00:00,10,104.5325,68.35751,LSTM
2026-02-07 00:00:00+00:00,11,100.1175,81.089325,LSTM
2026-02-07 00:00:00+00:00,12,97.3875,90.16634,LSTM
2026-02-07 00:00:00+00:00,13,99.9275,75.72861,LSTM
2026-02-07 00:00:00+00:00,14,106.3325,52.06492,LSTM
2026-02-07 00:00:00+00:00,15,120.29,66.43373,LSTM
2026-02-07 00:00:00+00:00,16,134.03750000000002,61.784348,LSTM
2026-02-07 00:00:00+00:00,17,135.33249999999998,65.92399,LSTM
2026-02-07 00:00:00+00:00,18,127.4975,102.51813,LSTM
2026-02-07 00:00:00+00:00,19,113.395,83.28096,LSTM
2026-02-07 00:00:00+00:00,20,104.39,77.936874,LSTM
2026-02-07 00:00:00+00:00,21,104.0725,51.903053,LSTM
2026-02-07 00:00:00+00:00,22,98.76,57.758907,LSTM
2026-02-07 00:00:00+00:00,23,102.035,63.306503,LSTM
2026-02-08 00:00:00+00:00,0,99.045,26.46924,LSTM
2026-02-08 00:00:00+00:00,1,97.5675,22.285532,LSTM
2026-02-08 00:00:00+00:00,2,96.425,39.69335,LSTM
2026-02-08 00:00:00+00:00,3,94.86,38.471268,LSTM
2026-02-08 00:00:00+00:00,4,95.75,37.93544,LSTM
2026-02-08 00:00:00+00:00,5,95.0,35.703342,LSTM
2026-02-08 00:00:00+00:00,6,95.805,50.93226,LSTM
2026-02-08 00:00:00+00:00,7,100.3475,76.463524,LSTM
2026-02-08 00:00:00+00:00,8,101.9875,66.77503,LSTM
2026-02-08 00:00:00+00:00,9,102.645,70.944115,LSTM
2026-02-08 00:00:00+00:00,10,99.6,70.515305,LSTM
2026-02-08 00:00:00+00:00,11,96.5725,85.09701,LSTM
2026-02-08 00:00:00+00:00,12,95.45,89.54246,LSTM
2026-02-08 00:00:00+00:00,13,97.22,78.153366,LSTM
2026-02-08 00:00:00+00:00,14,103.3225,56.744957,LSTM
2026-02-08 00:00:00+00:00,15,111.785,72.5931,LSTM
2026-02-08 00:00:00+00:00,16,127.6325,67.19306,LSTM
2026-02-08 00:00:00+00:00,17,131.26749999999998,70.23067,LSTM
2026-02-08 00:00:00+00:00,18,126.9075,102.29897,LSTM
2026-02-08 00:00:00+00:00,19,113.2825,89.20403,LSTM
2026-02-08 00:00:00+00:00,20,107.6275,81.275696,LSTM
2026-02-08 00:00:00+00:00,21,105.14,61.40245,LSTM
2026-02-08 00:00:00+00:00,22,99.9825,63.12318,LSTM
2026-02-08 00:00:00+00:00,23,96.745,68.36277,LSTM
2026-02-09 00:00:00+00:00,0,95.4525,29.772596,LSTM
2026-02-09 00:00:00+00:00,1,95.7025,35.32482,LSTM
2026-02-09 00:00:00+00:00,2,95.4675,33.834343,LSTM
2026-02-09 00:00:00+00:00,3,96.565,48.262897,LSTM
2026-02-09 00:00:00+00:00,4,104.735,52.209366,LSTM
2026-02-09 00:00:00+00:00,5,132.235,53.840504,LSTM
2026-02-09 00:00:00+00:00,6,158.595,84.80704,LSTM
2026-02-09 00:00:00+00:00,7,182.71,128.54935,LSTM
2026-02-09 00:00:00+00:00,8,169.2075,115.205765,LSTM
2026-02-09 00:00:00+00:00,9,157.29,101.275024,LSTM
2026-02-09 00:00:00+00:00,10,144.38,118.91194,LSTM
2026-02-09 00:00:00+00:00,11,137.0725,130.93999,LSTM
2026-02-09 00:00:00+00:00,12,135.025,128.0318,LSTM
2026-02-09 00:00:00+00:00,13,137.6575,119.91089,LSTM
2026-02-09 00:00:00+00:00,14,149.0775,106.69205,LSTM
2026-02-09 00:00:00+00:00,15,168.9825,131.27116,LSTM
2026-02-09 00:00:00+00:00,16,227.2125,118.393265,LSTM
2026-02-09 00:00:00+00:00,17,182.225,122.65735,LSTM
2026-02-09 00:00:00+00:00,18,165.81,136.5566,LSTM
2026-02-09 00:00:00+00:00,19,144.1275,131.79727,LSTM
2026-02-09 00:00:00+00:00,20,134.6,103.85972,LSTM
2026-02-09 00:00:00+00:00,21,122.895,74.19203,LSTM
2026-02-09 00:00:00+00:00,22,108.9225,70.968735,LSTM
2026-02-09 00:00:00+00:00,23,104.6425,64.08449,LSTM
2026-02-10 00:00:00+00:00,0,103.745,24.850445,LSTM
2026-02-10 00:00:00+00:00,1,102.7475,29.87555,LSTM
2026-02-10 00:00:00+00:00,2,102.435,31.35025,LSTM
2026-02-10 00:00:00+00:00,3,102.435,41.271507,LSTM
2026-02-10 00:00:00+00:00,4,105.4275,44.519592,LSTM
2026-02-10 00:00:00+00:00,5,119.9175,42.14412,LSTM
2026-02-10 00:00:00+00:00,6,134.89,68.15168,LSTM
2026-02-10 00:00:00+00:00,7,143.8275,105.55603,LSTM
2026-02-10 00:00:00+00:00,8,132.08249999999998,89.5964,LSTM
2026-02-10 00:00:00+00:00,9,129.0875,91.57464,LSTM
2026-02-10 00:00:00+00:00,10,119.4425,89.91295,LSTM
2026-02-10 00:00:00+00:00,11,109.2225,99.22865,LSTM
2026-02-10 00:00:00+00:00,12,109.47,109.830605,LSTM
2026-02-10 00:00:00+00:00,13,116.2225,99.15038,LSTM
2026-02-10 00:00:00+00:00,14,128.115,82.32987,LSTM
2026-02-10 00:00:00+00:00,15,127.6625,101.28355,LSTM
2026-02-10 00:00:00+00:00,16,135.2425,92.00521,LSTM
2026-02-10 00:00:00+00:00,17,131.7125,96.79521,LSTM
2026-02-10 00:00:00+00:00,18,120.3275,121.76326,LSTM
2026-02-10 00:00:00+00:00,19,111.2525,106.89342,LSTM
2026-02-10 00:00:00+00:00,20,107.1575,91.60805,LSTM
2026-02-10 00:00:00+00:00,21,106.69,55.348015,LSTM
2026-02-10 00:00:00+00:00,22,100.5275,57.477654,LSTM
2026-02-10 00:00:00+00:00,23,96.7825,55.46576,LSTM
2026-02-11 00:00:00+00:00,0,96.63,19.822285,LSTM
2026-02-11 00:00:00+00:00,1,95.605,24.053959,LSTM
2026-02-11 00:00:00+00:00,2,94.68,23.818647,LSTM
2026-02-11 00:00:00+00:00,3,94.845,36.398056,LSTM
2026-02-11 00:00:00+00:00,4,99.1425,40.337288,LSTM
2026-02-11 00:00:00+00:00,5,110.4775,37.460064,LSTM
2026-02-11 00:00:00+00:00,6,129.0,59.984,LSTM
2026-02-11 00:00:00+00:00,7,137.0675,91.47396,LSTM
2026-02-11 00:00:00+00:00,8,131.4375,82.39371,LSTM
2026-02-11 00:00:00+00:00,9,127.5,82.38577,LSTM
2026-02-11 00:00:00+00:00,10,125.94,87.06836,LSTM
2026-02-11 00:00:00+00:00,11,115.8625,93.28525,LSTM
2026-02-11 00:00:00+00:00,12,116.7,102.09472,LSTM
2026-02-11 00:00:00+00:00,13,116.7,87.89888,LSTM
2026-02-11 00:00:00+00:00,14,118.185,71.04249,LSTM
2026-02-11 00:00:00+00:00,15,122.315,87.41989,LSTM
2026-02-11 00:00:00+00:00,16,127.9,72.958984,LSTM
2026-02-11 00:00:00+00:00,17,125.465,79.00064,LSTM
2026-02-11 00:00:00+00:00,18,112.02,100.60856,LSTM
2026-02-11 00:00:00+00:00,19,104.9275,91.27176,LSTM
2026-02-11 00:00:00+00:00,20,104.38,76.19374,LSTM
2026-02-11 00:00:00+00:00,21,101.9975,47.175827,LSTM
2026-02-11 00:00:00+00:00,22,95.3075,51.201393,LSTM
2026-02-11 00:00:00+00:00,23,88.1925,50.30736,LSTM
2026-02-12 00:00:00+00:00,0,87.58,17.86226,LSTM
2026-02-12 00:00:00+00:00,1,86.2025,23.750765,LSTM
2026-02-12 00:00:00+00:00,2,84.8925,22.178856,LSTM
2026-02-12 00:00:00+00:00,3,86.0125,35.548515,LSTM
2026-02-12 00:00:00+00:00,4,89.43,37.879715,LSTM
2026-02-12 00:00:00+00:00,5,99.8625,38.112553,LSTM
2026-02-12 00:00:00+00:00,6,116.0075,66.38555,LSTM
2026-02-12 00:00:00+00:00,7,123.0725,98.12559,LSTM
2026-02-12 00:00:00+00:00,8,121.205,85.49203,LSTM
2026-02-12 00:00:00+00:00,9,117.52,81.47792,LSTM
2026-02-12 00:00:00+00:00,10,111.1525,85.64605,LSTM
2026-02-12 00:00:00+00:00,11,105.515,91.82643,LSTM
2026-02-12 00:00:00+00:00,12,103.555,98.27185,LSTM
2026-02-12 00:00:00+00:00,13,105.2125,88.61195,LSTM
2026-02-12 00:00:00+00:00,14,107.98,68.41751,LSTM
2026-02-12 00:00:00+00:00,15,110.785,86.31197,LSTM
2026-02-12 00:00:00+00:00,16,123.05,70.0123,LSTM
2026-02-12 00:00:00+00:00,17,125.6625,75.62684,LSTM
2026-02-12 00:00:00+00:00,18,120.8725,96.72066,LSTM
2026-02-12 00:00:00+00:00,19,109.1025,86.05521,LSTM
2026-02-12 00:00:00+00:00,20,99.6925,76.06464,LSTM
2026-02-12 00:00:00+00:00,21,97.175,48.214115,LSTM
2026-02-12 00:00:00+00:00,22,89.33250000000001,48.13139,LSTM
2026-02-12 00:00:00+00:00,23,83.8575,46.405594,LSTM
2026-02-13 00:00:00+00:00,0,83.66,21.189575,LSTM
2026-02-13 00:00:00+00:00,1,82.2175,26.282698,LSTM
2026-02-13 00:00:00+00:00,2,81.855,26.439579,LSTM
2026-02-13 00:00:00+00:00,3,83.35,39.827446,LSTM
2026-02-13 00:00:00+00:00,4,87.1875,43.008667,LSTM
2026-02-13 00:00:00+00:00,5,98.7275,43.353554,LSTM
2026-02-13 00:00:00+00:00,6,117.7275,69.42257,LSTM
2026-02-13 00:00:00+00:00,7,123.85,103.02612,LSTM
2026-02-13 00:00:00+00:00,8,119.15,85.20877,LSTM
2026-02-13 00:00:00+00:00,9,106.3925,81.275345,LSTM
2026-02-13 00:00:00+00:00,10,101.03,91.839264,LSTM
2026-02-13 00:00:00+00:00,11,97.3,107.158875,LSTM
2026-02-13 00:00:00+00:00,12,97.495,109.18962,LSTM
2026-02-13 00:00:00+00:00,13,102.09,102.496666,LSTM
2026-02-13 00:00:00+00:00,14,118.0975,86.35418,LSTM
2026-02-13 00:00:00+00:00,15,125.905,108.2633,LSTM
2026-02-13 00:00:00+00:00,16,131.985,97.561005,LSTM
2026-02-13 00:00:00+00:00,17,136.02249999999998,100.74948,LSTM
2026-02-13 00:00:00+00:00,18,131.89249999999998,124.8698,LSTM
2026-02-13 00:00:00+00:00,19,126.0,116.85837,LSTM
2026-02-13 00:00:00+00:00,20,117.58,99.73598,LSTM
2026-02-13 00:00:00+00:00,21,109.9475,67.6705,LSTM
2026-02-13 00:00:00+00:00,22,100.8575,68.523384,LSTM
2026-02-13 00:00:00+00:00,23,96.9925,66.1118,LSTM
2026-02-14 00:00:00+00:00,0,91.83,29.800873,LSTM
2026-02-14 00:00:00+00:00,1,89.09,26.745962,LSTM
2026-02-14 00:00:00+00:00,2,88.6725,37.37406,LSTM
2026-02-14 00:00:00+00:00,3,87.5075,36.969795,LSTM
2026-02-14 00:00:00+00:00,4,88.75,38.386513,LSTM
2026-02-14 00:00:00+00:00,5,90.2175,33.6614,LSTM
2026-02-14 00:00:00+00:00,6,93.1175,47.112144,LSTM
2026-02-14 00:00:00+00:00,7,101.8325,72.22209,LSTM
2026-02-14 00:00:00+00:00,8,107.49,67.714294,LSTM
2026-02-14 00:00:00+00:00,9,103.97,74.0046,LSTM
2026-02-14 00:00:00+00:00,10,98.1625,69.65776,LSTM
2026-02-14 00:00:00+00:00,11,95.16,84.869,LSTM
2026-02-14 00:00:00+00:00,12,93.9725,90.93699,LSTM
2026-02-14 00:00:00+00:00,13,97.1125,77.65311,LSTM
2026-02-14 00:00:00+00:00,14,104.9525,58.319557,LSTM
2026-02-14 00:00:00+00:00,15,116.8875,69.8812,LSTM
2026-02-14 00:00:00+00:00,16,126.1,69.663635,LSTM
2026-02-14 00:00:00+00:00,17,131.9275,70.88478,LSTM
2026-02-14 00:00:00+00:00,18,128.72,108.92352,LSTM
2026-02-14 00:00:00+00:00,19,123.1925,92.89061,LSTM
2026-02-14 00:00:00+00:00,20,116.98,86.21378,LSTM
2026-02-14 00:00:00+00:00,21,111.2025,60.930138,LSTM
2026-02-14 00:00:00+00:00,22,101.1,64.44968,LSTM
2026-02-14 00:00:00+00:00,23,101.7775,68.953964,LSTM
2026-02-15 00:00:00+00:00,0,99.9475,23.372774,LSTM
2026-02-15 00:00:00+00:00,1,100.755,22.732592,LSTM
2026-02-15 00:00:00+00:00,2,98.025,30.739243,LSTM
2026-02-15 00:00:00+00:00,3,96.52,38.034786,LSTM
2026-02-15 00:00:00+00:00,4,94.355,36.86288,LSTM
2026-02-15 00:00:00+00:00,5,94.1675,36.73084,LSTM
2026-02-15 00:00:00+00:00,6,96.115,55.844048,LSTM
2026-02-15 00:00:00+00:00,7,96.8,72.973755,LSTM
2026-02-15 00:00:00+00:00,8,93.065,57.36793,LSTM
2026-02-15 00:00:00+00:00,9,83.0175,53.786877,LSTM
2026-02-15 00:00:00+00:00,10,74.7225,50.118492,LSTM
2026-02-15 00:00:00+00:00,11,67.37,44.25855,LSTM
2026-02-15 00:00:00+00:00,12,64.4075,54.405933,LSTM
2026-02-15 00:00:00+00:00,13,64.4225,40.00233,LSTM
2026-02-15 00:00:00+00:00,14,71.9525,26.230118,LSTM
2026-02-15 00:00:00+00:00,15,84.205,45.678566,LSTM
2026-02-15 00:00:00+00:00,16,96.385,32.919613,LSTM
2026-02-15 00:00:00+00:00,17,98.2025,43.112732,LSTM
2026-02-15 00:00:00+00:00,18,83.6125,58.325676,LSTM
2026-02-15 00:00:00+00:00,19,71.0025,51.52575,LSTM
2026-02-15 00:00:00+00:00,20,67.2625,45.242825,LSTM
2026-02-15 00:00:00+00:00,21,65.61500000000001,28.996922,LSTM
2026-02-15 00:00:00+00:00,22,58.04,34.309616,LSTM
2026-02-15 00:00:00+00:00,23,68.93,35.350254,LSTM
2026-02-16 00:00:00+00:00,0,65.375,13.829839,LSTM
2026-02-16 00:00:00+00:00,1,64.41,20.99693,LSTM
2026-02-16 00:00:00+00:00,2,64.4125,22.83982,LSTM
2026-02-16 00:00:00+00:00,3,66.0525,32.965504,LSTM
2026-02-16 00:00:00+00:00,4,69.985,43.60397,LSTM
2026-02-16 00:00:00+00:00,5,79.3275,45.43688,LSTM
2026-02-16 00:00:00+00:00,6,94.0725,68.69166,LSTM
2026-02-16 00:00:00+00:00,7,101.0325,88.112885,LSTM
2026-02-16 00:00:00+00:00,8,104.425,66.258575,LSTM
2026-02-16 00:00:00+00:00,9,101.54,61.178566,LSTM
2026-02-16 00:00:00+00:00,10,94.86,83.10887,LSTM
2026-02-16 00:00:00+00:00,11,92.0025,98.57353,LSTM
2026-02-16 00:00:00+00:00,12,94.4025,103.42248,LSTM
2026-02-16 00:00:00+00:00,13,96.0125,94.50779,LSTM
2026-02-16 00:00:00+00:00,14,104.075,95.58651,LSTM
2026-02-16 00:00:00+00:00,15,115.3025,105.26226,LSTM
2026-02-16 00:00:00+00:00,16,130.355,100.349396,LSTM
2026-02-16 00:00:00+00:00,17,129.1175,107.57483,LSTM
2026-02-16 00:00:00+00:00,18,126.355,115.49124,LSTM
2026-02-16 00:00:00+00:00,19,115.6325,108.34654,LSTM
2026-02-16 00:00:00+00:00,20,103.8975,92.48464,LSTM
2026-02-16 00:00:00+00:00,21,101.92,61.545467,LSTM
2026-02-16 00:00:00+00:00,22,92.755,67.70891,LSTM
2026-02-16 00:00:00+00:00,23,87.02000000000001,61.19043,LSTM
2026-02-17 00:00:00+00:00,0,85.105,31.182066,LSTM
2026-02-17 00:00:00+00:00,1,84.78,35.043537,LSTM
2026-02-17 00:00:00+00:00,2,85.65,36.56993,LSTM
2026-02-17 00:00:00+00:00,3,84.8175,48.01153,LSTM
2026-02-17 00:00:00+00:00,4,88.8425,49.4847,LSTM
2026-02-17 00:00:00+00:00,5,102.7225,49.501312,LSTM
2026-02-17 00:00:00+00:00,6,114.3275,77.47812,LSTM
2026-02-17 00:00:00+00:00,7,114.855,114.51048,LSTM
2026-02-17 00:00:00+00:00,8,110.8375,94.8607,LSTM
2026-02-17 00:00:00+00:00,9,102.4,91.8116,LSTM
2026-02-17 00:00:00+00:00,10,93.055,96.11223,LSTM
2026-02-17 00:00:00+00:00,11,83.94,102.82527,LSTM
2026-02-17 00:00:00+00:00,12,82.2925,105.714035,LSTM
2026-02-17 00:00:00+00:00,13,82.4175,95.27306,LSTM
2026-02-17 00:00:00+00:00,14,86.3775,79.353485,LSTM
2026-02-17 00:00:00+00:00,15,94.0825,102.3895,LSTM
2026-02-17 00:00:00+00:00,16,110.805,92.351456,LSTM
2026-02-17 00:00:00+00:00,17,126.975,96.83893,LSTM
2026-02-17 00:00:00+00:00,18,126.6,115.25705,LSTM
2026-02-17 00:00:00+00:00,19,111.2275,103.94649,LSTM
2026-02-17 00:00:00+00:00,20,99.9525,88.61394,LSTM
2026-02-17 00:00:00+00:00,21,93.225,57.845882,LSTM
2026-02-17 00:00:00+00:00,22,89.61,59.085655,LSTM
2026-02-17 00:00:00+00:00,23,95.63,59.03984,LSTM
2026-02-18 00:00:00+00:00,0,93.5625,25.89219,LSTM
2026-02-18 00:00:00+00:00,1,93.2925,31.486805,LSTM
2026-02-18 00:00:00+00:00,2,92.675,35.12883,LSTM
2026-02-18 00:00:00+00:00,3,93.4175,46.48604,LSTM
2026-02-18 00:00:00+00:00,4,101.1975,50.589333,LSTM
2026-02-18 00:00:00+00:00,5,122.5125,50.4786,LSTM
2026-02-18 00:00:00+00:00,6,175.6875,77.55213,LSTM
2026-02-18 00:00:00+00:00,7,186.0925,112.37886,LSTM
2026-02-18 00:00:00+00:00,8,135.64249999999998,98.50973,LSTM
2026-02-18 00:00:00+00:00,9,115.88,95.86085,LSTM
2026-02-18 00:00:00+00:00,10,106.2225,102.50693,LSTM
2026-02-18 00:00:00+00:00,11,101.3325,104.11409,LSTM
2026-02-18 00:00:00+00:00,12,100.5025,110.78412,LSTM
2026-02-18 00:00:00+00:00,13,103.6425,95.85861,LSTM
2026-02-18 00:00:00+00:00,14,114.09,80.648674,LSTM
2026-02-18 00:00:00+00:00,15,122.0825,100.10436,LSTM
2026-02-18 00:00:00+00:00,16,140.405,87.26222,LSTM
2026-02-18 00:00:00+00:00,17,142.5975,93.62803,LSTM
2026-02-18 00:00:00+00:00,18,119.8425,112.47237,LSTM
2026-02-18 00:00:00+00:00,19,102.67,98.37427,LSTM
2026-02-18 00:00:00+00:00,20,96.14,80.88881,LSTM
2026-02-18 00:00:00+00:00,21,95.0975,52.19314,LSTM
2026-02-18 00:00:00+00:00,22,89.465,54.394737,LSTM
2026-02-18 00:00:00+00:00,23,83.775,54.099895,LSTM
2026-02-19 00:00:00+00:00,0,81.85,19.40215,LSTM
2026-02-19 00:00:00+00:00,1,81.93,24.797115,LSTM
2026-02-19 00:00:00+00:00,2,81.45,23.599672,LSTM
2026-02-19 00:00:00+00:00,3,77.655,36.455017,LSTM
2026-02-19 00:00:00+00:00,4,84.15,37.945953,LSTM
2026-02-19 00:00:00+00:00,5,87.11250000000001,35.64708,LSTM
2026-02-19 00:00:00+00:00,6,89.2375,63.543785,LSTM
2026-02-19 00:00:00+00:00,7,96.945,92.11949,LSTM
2026-02-19 00:00:00+00:00,8,103.61,69.7886,LSTM
2026-02-19 00:00:00+00:00,9,100.995,70.999344,LSTM
2026-02-19 00:00:00+00:00,10,95.1075,69.11313,LSTM
2026-02-19 00:00:00+00:00,11,91.0,77.63002,LSTM
2026-02-19 00:00:00+00:00,12,90.1,85.55632,LSTM
2026-02-19 00:00:00+00:00,13,90.16,79.31826,LSTM
2026-02-19 00:00:00+00:00,14,92.5875,61.906944,LSTM
2026-02-19 00:00:00+00:00,15,96.3925,79.27005,LSTM
2026-02-19 00:00:00+00:00,16,105.6925,66.19124,LSTM
2026-02-19 00:00:00+00:00,17,113.5175,71.77161,LSTM
2026-02-19 00:00:00+00:00,18,111.385,88.52339,LSTM
2026-02-19 00:00:00+00:00,19,100.485,76.78125,LSTM
2026-02-19 00:00:00+00:00,20,98.115,75.64899,LSTM
2026-02-19 00:00:00+00:00,21,92.1,45.04471,LSTM
2026-02-19 00:00:00+00:00,22,85.185,49.516933,LSTM
2026-02-19 00:00:00+00:00,23,86.06,52.932556,LSTM
2026-02-20 00:00:00+00:00,0,85.9275,23.391138,LSTM
2026-02-20 00:00:00+00:00,1,85.4375,31.030378,LSTM
2026-02-20 00:00:00+00:00,2,84.88,27.442478,LSTM
2026-02-20 00:00:00+00:00,3,84.4175,44.586945,LSTM
2026-02-20 00:00:00+00:00,4,90.27,49.2936,LSTM
2026-02-20 00:00:00+00:00,5,104.8325,46.848457,LSTM
2026-02-20 00:00:00+00:00,6,113.7825,75.62216,LSTM
2026-02-20 00:00:00+00:00,7,116.1425,96.12954,LSTM
2026-02-20 00:00:00+00:00,8,109.1825,73.06792,LSTM
2026-02-20 00:00:00+00:00,9,91.1,68.62047,LSTM
2026-02-20 00:00:00+00:00,10,83.6825,72.65582,LSTM
2026-02-20 00:00:00+00:00,11,81.0125,68.7711,LSTM
2026-02-20 00:00:00+00:00,12,79.6,77.60743,LSTM
2026-02-20 00:00:00+00:00,13,79.95750000000001,64.63921,LSTM
2026-02-20 00:00:00+00:00,14,83.465,54.05779,LSTM
2026-02-20 00:00:00+00:00,15,91.8575,73.84745,LSTM
2026-02-20 00:00:00+00:00,16,101.4375,54.922985,LSTM
2026-02-20 00:00:00+00:00,17,93.7825,66.62073,LSTM
2026-02-20 00:00:00+00:00,18,82.9875,74.43948,LSTM
2026-02-20 00:00:00+00:00,19,78.715,62.3694,LSTM
2026-02-20 00:00:00+00:00,20,67.9975,60.534508,LSTM
2026-02-20 00:00:00+00:00,21,64.64,32.834362,LSTM
2026-02-20 00:00:00+00:00,22,46.805,38.65258,LSTM
2026-02-20 00:00:00+00:00,23,52.44,41.69684,LSTM
2026-02-21 00:00:00+00:00,0,46.645,15.741251,LSTM
2026-02-21 00:00:00+00:00,1,43.4575,14.882267,LSTM
2026-02-21 00:00:00+00:00,2,41.6575,21.674145,LSTM
2026-02-21 00:00:00+00:00,3,38.975,28.951725,LSTM
2026-02-21 00:00:00+00:00,4,39.4775,28.524818,LSTM
2026-02-21 00:00:00+00:00,5,35.86,27.941477,LSTM
2026-02-21 00:00:00+00:00,6,46.99,40.56837,LSTM
2026-02-21 00:00:00+00:00,7,56.05,47.063354,LSTM
2026-02-21 00:00:00+00:00,8,58.035,26.582893,LSTM
2026-02-21 00:00:00+00:00,9,59.525,36.097546,LSTM
2026-02-21 00:00:00+00:00,10,55.385000000000005,30.842068,LSTM
2026-02-21 00:00:00+00:00,11,50.5275,40.70719,LSTM
2026-02-21 00:00:00+00:00,12,45.1625,50.93823,LSTM
2026-02-21 00:00:00+00:00,13,56.005,40.923805,LSTM
2026-02-21 00:00:00+00:00,14,68.88499999999999,27.784206,LSTM
2026-02-21 00:00:00+00:00,15,81.94,44.23829,LSTM
2026-02-21 00:00:00+00:00,16,98.635,39.7526,LSTM
2026-02-21 00:00:00+00:00,17,108.3125,47.421597,LSTM
2026-02-21 00:00:00+00:00,18,101.1725,72.825066,LSTM
2026-02-21 00:00:00+00:00,19,89.0975,65.78743,LSTM
2026-02-21 00:00:00+00:00,20,82.8125,60.129623,LSTM
2026-02-21 00:00:00+00:00,21,76.5925,35.20499,LSTM
2026-02-21 00:00:00+00:00,22,66.71000000000001,47.018333,LSTM
2026-02-21 00:00:00+00:00,23,56.675,49.111534,LSTM
2026-02-22 00:00:00+00:00,0,52.51,27.959507,LSTM
2026-02-22 00:00:00+00:00,1,44.0575,24.818642,LSTM
2026-02-22 00:00:00+00:00,2,40.9575,34.622944,LSTM
2026-02-22 00:00:00+00:00,3,39.0175,38.05954,LSTM
2026-02-22 00:00:00+00:00,4,38.2875,35.79783,LSTM
2026-02-22 00:00:00+00:00,5,34.875,35.23551,LSTM
2026-02-22 00:00:00+00:00,6,41.5025,53.908806,LSTM
2026-02-22 00:00:00+00:00,7,47.355,65.15447,LSTM
2026-02-22 00:00:00+00:00,8,55.462500000000006,48.070885,LSTM
2026-02-22 00:00:00+00:00,9,55.1025,46.61751,LSTM
2026-02-22 00:00:00+00:00,10,53.962500000000006,46.356876,LSTM
2026-02-22 00:00:00+00:00,11,50.585,53.588245,LSTM
2026-02-22 00:00:00+00:00,12,45.08,52.87501,LSTM
2026-02-22 00:00:00+00:00,13,43.307500000000005,46.151203,LSTM
2026-02-22 00:00:00+00:00,14,47.9425,30.448723,LSTM
2026-02-22 00:00:00+00:00,15,56.9275,47.942543,LSTM
2026-02-22 00:00:00+00:00,16,75.95,40.300076,LSTM
2026-02-22 00:00:00+00:00,17,79.4425,46.08602,LSTM
2026-02-22 00:00:00+00:00,18,75.12,62.28096,LSTM
2026-02-22 00:00:00+00:00,19,68.5175,56.52219,LSTM
2026-02-22 00:00:00+00:00,20,67.69,57.620674,LSTM
2026-02-22 00:00:00+00:00,21,70.41,44.27863,LSTM
2026-02-22 00:00:00+00:00,22,51.9475,47.735516,LSTM
2026-02-22 00:00:00+00:00,23,45.35,54.790714,LSTM
2026-02-23 00:00:00+00:00,0,45.5125,30.360327,LSTM
2026-02-23 00:00:00+00:00,1,43.975,35.74065,LSTM
2026-02-23 00:00:00+00:00,2,44.915,33.659763,LSTM
2026-02-23 00:00:00+00:00,3,45.145,49.440285,LSTM
2026-02-23 00:00:00+00:00,4,56.07,51.79869,LSTM
2026-02-23 00:00:00+00:00,5,77.7625,51.99875,LSTM
2026-02-23 00:00:00+00:00,6,95.9575,83.38318,LSTM
2026-02-23 00:00:00+00:00,7,99.0425,108.22768,LSTM
2026-02-23 00:00:00+00:00,8,87.4675,76.32941,LSTM
2026-02-23 00:00:00+00:00,9,67.015,59.78076,LSTM
2026-02-23 00:00:00+00:00,10,48.85,68.80513,LSTM
2026-02-23 00:00:00+00:00,11,7.88,73.64677,LSTM
2026-02-23 00:00:00+00:00,12,2.9025,70.898285,LSTM
2026-02-23 00:00:00+00:00,13,34.8925,66.594246,LSTM
2026-02-23 00:00:00+00:00,14,58.5075,62.434166,LSTM
2026-02-23 00:00:00+00:00,15,79.5075,88.3975,LSTM
2026-02-23 00:00:00+00:00,16,96.09,77.219894,LSTM
2026-02-23 00:00:00+00:00,17,107.27,88.43169,LSTM
2026-02-23 00:00:00+00:00,18,110.8975,93.60698,LSTM
2026-02-23 00:00:00+00:00,19,98.025,90.45727,LSTM
2026-02-23 00:00:00+00:00,20,97.235,83.97769,LSTM
2026-02-23 00:00:00+00:00,21,95.855,58.56819,LSTM
2026-02-23 00:00:00+00:00,22,87.2875,60.105255,LSTM
2026-02-23 00:00:00+00:00,23,82.3575,60.1696,LSTM
2026-02-24 00:00:00+00:00,0,83.9625,34.520714,LSTM
2026-02-24 00:00:00+00:00,1,85.975,38.82771,LSTM
2026-02-24 00:00:00+00:00,2,86.45,45.654762,LSTM
2026-02-24 00:00:00+00:00,3,88.205,53.282684,LSTM
2026-02-24 00:00:00+00:00,4,94.17,56.594337,LSTM
2026-02-24 00:00:00+00:00,5,111.1225,59.22107,LSTM
2026-02-24 00:00:00+00:00,6,133.0975,87.98644,LSTM
2026-02-24 00:00:00+00:00,7,147.475,129.15428,LSTM
2026-02-24 00:00:00+00:00,8,140.72,116.462814,LSTM
2026-02-24 00:00:00+00:00,9,128.7675,109.126816,LSTM
2026-02-24 00:00:00+00:00,10,111.395,121.811005,LSTM
2026-02-24 00:00:00+00:00,11,100.19,133.522,LSTM
2026-02-24 00:00:00+00:00,12,99.3,133.46715,LSTM
2026-02-24 00:00:00+00:00,13,95.005,125.8981,LSTM
2026-02-24 00:00:00+00:00,14,107.0725,111.19303,LSTM
2026-02-24 00:00:00+00:00,15,125.8075,134.49112,LSTM
2026-02-24 00:00:00+00:00,16,182.22,124.99249,LSTM
2026-02-24 00:00:00+00:00,17,184.0475,128.0238,LSTM
2026-02-24 00:00:00+00:00,18,144.4175,154.7257,LSTM
2026-02-24 00:00:00+00:00,19,118.9575,141.45976,LSTM
2026-02-24 00:00:00+00:00,20,108.725,109.85509,LSTM
2026-02-24 00:00:00+00:00,21,101.705,80.491776,LSTM
2026-02-24 00:00:00+00:00,22,93.9025,76.59344,LSTM
2026-02-24 00:00:00+00:00,23,92.1425,72.43649,LSTM
2026-02-25 00:00:00+00:00,0,87.4025,31.510637,LSTM
2026-02-25 00:00:00+00:00,1,84.83250000000001,35.247482,LSTM
2026-02-25 00:00:00+00:00,2,88.095,33.086933,LSTM
2026-02-25 00:00:00+00:00,3,88.61,46.45543,LSTM
2026-02-25 00:00:00+00:00,4,93.1725,47.53274,LSTM
2026-02-25 00:00:00+00:00,5,113.8175,44.247154,LSTM
2026-02-25 00:00:00+00:00,6,130.7325,70.65717,LSTM
2026-02-25 00:00:00+00:00,7,119.8525,96.9179,LSTM
2026-02-25 00:00:00+00:00,8,107.175,73.447235,LSTM
2026-02-25 00:00:00+00:00,9,90.83,66.77543,LSTM
2026-02-25 00:00:00+00:00,10,79.8475,61.208717,LSTM
2026-02-25 00:00:00+00:00,11,65.80250000000001,60.29884,LSTM
2026-02-25 00:00:00+00:00,12,60.1975,68.7315,LSTM
2026-02-25 00:00:00+00:00,13,67.8475,62.449287,LSTM
2026-02-25 00:00:00+00:00,14,80.9825,54.744682,LSTM
2026-02-25 00:00:00+00:00,15,101.37,83.40232,LSTM
2026-02-25 00:00:00+00:00,16,118.6425,68.01799,LSTM
2026-02-25 00:00:00+00:00,17,121.77,78.0813,LSTM
2026-02-25 00:00:00+00:00,18,107.1525,96.85115,LSTM
2026-02-25 00:00:00+00:00,19,94.255,84.59444,LSTM
2026-02-25 00:00:00+00:00,20,87.28,70.77414,LSTM
2026-02-25 00:00:00+00:00,21,86.8275,42.742363,LSTM
2026-02-25 00:00:00+00:00,22,79.12,45.26778,LSTM
2026-02-25 00:00:00+00:00,23,76.4225,47.313766,LSTM
2026-02-26 00:00:00+00:00,0,72.39,21.274685,LSTM
2026-02-26 00:00:00+00:00,1,68.74249999999999,24.842129,LSTM
2026-02-26 00:00:00+00:00,2,67.9325,25.308632,LSTM
2026-02-26 00:00:00+00:00,3,67.3775,35.57075,LSTM
2026-02-26 00:00:00+00:00,4,75.855,36.787327,LSTM
2026-02-26 00:00:00+00:00,5,100.8175,33.730946,LSTM
2026-02-26 00:00:00+00:00,6,110.1,56.719162,LSTM
2026-02-26 00:00:00+00:00,7,97.4475,75.96942,LSTM
2026-02-26 00:00:00+00:00,8,80.42500000000001,44.943794,LSTM
2026-02-26 00:00:00+00:00,9,67.85,49.160805,LSTM
2026-02-26 00:00:00+00:00,10,53.345,40.05213,LSTM
2026-02-26 00:00:00+00:00,11,20.0375,48.560993,LSTM
2026-02-26 00:00:00+00:00,12,14.0525,60.946148,LSTM
2026-02-26 00:00:00+00:00,13,44.6375,60.064545,LSTM
2026-02-26 00:00:00+00:00,14,71.3075,52.222153,LSTM
2026-02-26 00:00:00+00:00,15,94.7325,78.139015,LSTM
2026-02-26 00:00:00+00:00,16,111.1375,68.82144,LSTM
2026-02-26 00:00:00+00:00,17,113.095,76.16995,LSTM
2026-02-26 00:00:00+00:00,18,107.985,96.68027,LSTM
2026-02-26 00:00:00+00:00,19,93.4475,83.91693,LSTM
2026-02-26 00:00:00+00:00,20,84.0775,75.83632,LSTM
2026-02-26 00:00:00+00:00,21,80.45750000000001,41.235817,LSTM
2026-02-26 00:00:00+00:00,22,71.575,45.891163,LSTM
2026-02-26 00:00:00+00:00,23,55.1475,48.344734,LSTM
2026-02-27 00:00:00+00:00,0,56.0075,27.50608,LSTM
2026-02-27 00:00:00+00:00,1,57.3025,29.656065,LSTM
2026-02-27 00:00:00+00:00,2,60.0,28.895016,LSTM
2026-02-27 00:00:00+00:00,3,61.795,40.306286,LSTM
2026-02-27 00:00:00+00:00,4,65.9925,41.387,LSTM
2026-02-27 00:00:00+00:00,5,76.565,42.295696,LSTM
2026-02-27 00:00:00+00:00,6,88.525,63.899612,LSTM
2026-02-27 00:00:00+00:00,7,79.33,67.57004,LSTM
2026-02-27 00:00:00+00:00,8,64.415,41.017525,LSTM
2026-02-27 00:00:00+00:00,9,31.5475,36.64715,LSTM
2026-02-27 00:00:00+00:00,10,0.97,40.22677,LSTM
2026-02-27 00:00:00+00:00,11,-0.0125,46.834476,LSTM
2026-02-27 00:00:00+00:00,12,-0.01,51.654335,LSTM
2026-02-27 00:00:00+00:00,13,7.7375,51.139305,LSTM
2026-02-27 00:00:00+00:00,14,59.755,47.74469,LSTM
2026-02-27 00:00:00+00:00,15,92.0,78.61514,LSTM
2026-02-27 00:00:00+00:00,16,115.195,63.428925,LSTM
2026-02-27 00:00:00+00:00,17,118.1,69.82887,LSTM
2026-02-27 00:00:00+00:00,18,109.2525,89.62326,LSTM
2026-02-27 00:00:00+00:00,19,100.03,90.83345,LSTM
2026-02-27 00:00:00+00:00,20,90.9625,76.34216,LSTM
2026-02-27 00:00:00+00:00,21,87.51,54.154793,LSTM
2026-02-27 00:00:00+00:00,22,80.0025,57.49005,LSTM
2026-02-27 00:00:00+00:00,23,80.02,55.75331,LSTM
2026-02-28 00:00:00+00:00,0,76.305,33.55846,LSTM
2026-02-28 00:00:00+00:00,1,74.7275,33.86297,LSTM
2026-02-28 00:00:00+00:00,2,71.775,33.785362,LSTM
2026-02-28 00:00:00+00:00,3,71.8925,39.144485,LSTM
2026-02-28 00:00:00+00:00,4,72.25,39.8795,LSTM
2026-02-28 00:00:00+00:00,5,72.9225,35.9673,LSTM
2026-02-28 00:00:00+00:00,6,76.29,50.988106,LSTM
2026-02-28 00:00:00+00:00,7,57.115,49.5494,LSTM
2026-02-28 00:00:00+00:00,8,17.7975,30.142515,LSTM
2026-02-28 00:00:00+00:00,9,-0.01,34.169,LSTM
2026-02-28 00:00:00+00:00,10,-0.0275,22.634462,LSTM
2026-02-28 00:00:00+00:00,11,-0.2525,22.728249,LSTM
2026-02-28 00:00:00+00:00,12,-0.2225,33.80946,LSTM
2026-02-28 00:00:00+00:00,13,-0.0075,25.536633,LSTM
2026-02-28 00:00:00+00:00,14,14.8625,21.241417,LSTM
2026-02-28 00:00:00+00:00,15,65.6475,36.357086,LSTM
2026-02-28 00:00:00+00:00,16,89.935,30.472122,LSTM
2026-02-28 00:00:00+00:00,17,95.1925,38.356236,LSTM
2026-02-28 00:00:00+00:00,18,85.1675,57.631256,LSTM
2026-02-28 00:00:00+00:00,19,69.1175,52.356693,LSTM
2026-02-28 00:00:00+00:00,20,64.6675,53.473602,LSTM
2026-02-28 00:00:00+00:00,21,64.6625,31.22011,LSTM
2026-02-28 00:00:00+00:00,22,60.6725,40.25152,LSTM
2026-02-28 00:00:00+00:00,23,47.6475,42.691494,LSTM
2026-03-01 00:00:00+00:00,0,51.55,27.318323,LSTM
2026-03-01 00:00:00+00:00,1,54.2475,27.088184,LSTM
2026-03-01 00:00:00+00:00,2,57.072500000000005,40.138298,LSTM
2026-03-01 00:00:00+00:00,3,61.085,38.71314,LSTM
2026-03-01 00:00:00+00:00,4,65.18,40.41427,LSTM
2026-03-01 00:00:00+00:00,5,66.00750000000001,43.462433,LSTM
2026-03-01 00:00:00+00:00,6,64.9975,62.077965,LSTM
2026-03-01 00:00:00+00:00,7,52.535,67.09816,LSTM
2026-03-01 00:00:00+00:00,8,19.98,44.82223,LSTM
2026-03-01 00:00:00+00:00,9,0.0,42.88699,LSTM
2026-03-01 00:00:00+00:00,10,-0.025,45.157536,LSTM
2026-03-01 00:00:00+00:00,11,-0.365,50.071396,LSTM
2026-03-01 00:00:00+00:00,12,-0.7875,57.277878,LSTM
2026-03-01 00:00:00+00:00,13,-0.005,53.621887,LSTM
2026-03-01 00:00:00+00:00,14,25.9525,50.887413,LSTM
2026-03-01 00:00:00+00:00,15,74.84,69.16087,LSTM
2026-03-01 00:00:00+00:00,16,103.76,66.19141,LSTM
2026-03-01 00:00:00+00:00,17,110.2025,70.380196,LSTM
2026-03-01 00:00:00+00:00,18,101.685,91.8736,LSTM
2026-03-01 00:00:00+00:00,19,90.735,89.027626,LSTM
2026-03-01 00:00:00+00:00,20,81.315,75.97362,LSTM
2026-03-01 00:00:00+00:00,21,74.66499999999999,58.17148,LSTM
2026-03-01 00:00:00+00:00,22,68.1475,60.454475,LSTM
2026-03-01 00:00:00+00:00,23,65.13,58.088318,LSTM
2026-03-02 00:00:00+00:00,0,66.94500000000001,31.367887,LSTM
2026-03-02 00:00:00+00:00,1,69.0075,36.578407,LSTM
2026-03-02 00:00:00+00:00,2,69.5675,32.100307,LSTM
2026-03-02 00:00:00+00:00,3,74.03,44.754692,LSTM
2026-03-02 00:00:00+00:00,4,85.03,49.754066,LSTM
2026-03-02 00:00:00+00:00,5,100.1675,49.04415,LSTM
2026-03-02 00:00:00+00:00,6,138.6525,77.10862,LSTM
2026-03-02 00:00:00+00:00,7,124.8625,89.03115,LSTM
2026-03-02 00:00:00+00:00,8,89.4625,63.31845,LSTM
2026-03-02 00:00:00+00:00,9,69.9,50.29062,LSTM
2026-03-02 00:00:00+00:00,10,53.5625,59.800896,LSTM
2026-03-02 00:00:00+00:00,11,29.067500000000003,71.58366,LSTM
2026-03-02 00:00:00+00:00,12,40.2525,72.14434,LSTM
2026-03-02 00:00:00+00:00,13,64.03,73.63661,LSTM
2026-03-02 00:00:00+00:00,14,84.9875,76.47997,LSTM
2026-03-02 00:00:00+00:00,15,109.1525,102.65192,LSTM
2026-03-02 00:00:00+00:00,16,173.5,94.59291,LSTM
2026-03-02 00:00:00+00:00,17,187.995,102.58484,LSTM
2026-03-02 00:00:00+00:00,18,143.61,111.42412,LSTM
2026-03-02 00:00:00+00:00,19,107.685,111.456985,LSTM
2026-03-02 00:00:00+00:00,20,96.4675,92.225204,LSTM
2026-03-02 00:00:00+00:00,21,96.8,63.167133,LSTM
2026-03-02 00:00:00+00:00,22,88.89500000000001,65.73451,LSTM
2026-03-02 00:00:00+00:00,23,89.0625,61.26613,LSTM
2026-03-03 00:00:00+00:00,0,90.1225,29.589231,LSTM
2026-03-03 00:00:00+00:00,1,89.425,36.155807,LSTM
2026-03-03 00:00:00+00:00,2,92.815,34.735065,LSTM
2026-03-03 00:00:00+00:00,3,95.7225,42.132763,LSTM
2026-03-03 00:00:00+00:00,4,103.32,45.4713,LSTM
2026-03-03 00:00:00+00:00,5,136.0475,46.873207,LSTM
2026-03-03 00:00:00+00:00,6,156.3975,74.60873,LSTM
2026-03-03 00:00:00+00:00,7,136.78,87.60672,LSTM
2026-03-03 00:00:00+00:00,8,99.52,63.20392,LSTM
2026-03-03 00:00:00+00:00,9,78.17,56.056427,LSTM
2026-03-03 00:00:00+00:00,10,55.9225,55.340076,LSTM
2026-03-03 00:00:00+00:00,11,32.365,67.118805,LSTM
2026-03-03 00:00:00+00:00,12,35.6625,72.49192,LSTM
2026-03-03 00:00:00+00:00,13,64.14500000000001,75.93106,LSTM
2026-03-03 00:00:00+00:00,14,86.7675,73.42857,LSTM
2026-03-03 00:00:00+00:00,15,114.18,96.529106,LSTM
2026-03-03 00:00:00+00:00,16,158.615,90.65392,LSTM
2026-03-03 00:00:00+00:00,17,204.2575,94.77851,LSTM
2026-03-03 00:00:00+00:00,18,173.37,124.2536,LSTM
2026-03-03 00:00:00+00:00,19,131.725,117.21814,LSTM
2026-03-03 00:00:00+00:00,20,116.18,99.10491,LSTM
2026-03-03 00:00:00+00:00,21,111.32,67.55889,LSTM
2026-03-03 00:00:00+00:00,22,104.695,66.16478,LSTM
2026-03-03 00:00:00+00:00,23,129.01,61.508427,LSTM
2026-03-04 00:00:00+00:00,0,127.8225,28.950832,LSTM
2026-03-04 00:00:00+00:00,1,125.3225,35.49397,LSTM
2026-03-04 00:00:00+00:00,2,124.735,32.189316,LSTM
2026-03-04 00:00:00+00:00,3,128.2025,39.352207,LSTM
2026-03-04 00:00:00+00:00,4,141.16,44.42996,LSTM
2026-03-04 00:00:00+00:00,5,200.2975,43.55648,LSTM
2026-03-04 00:00:00+00:00,6,267.485,68.10308,LSTM
2026-03-04 00:00:00+00:00,7,193.3475,79.76976,LSTM
2026-03-04 00:00:00+00:00,8,150.76,60.934868,LSTM
2026-03-04 00:00:00+00:00,9,110.4175,53.519367,LSTM
2026-03-04 00:00:00+00:00,10,78.2975,50.124844,LSTM
2026-03-04 00:00:00+00:00,11,42.495,59.35273,LSTM
2026-03-04 00:00:00+00:00,12,32.975,67.75711,LSTM
2026-03-04 00:00:00+00:00,13,65.405,69.88315,LSTM
2026-03-04 00:00:00+00:00,14,99.1125,70.080956,LSTM
2026-03-04 00:00:00+00:00,15,137.21,90.62352,LSTM
2026-03-04 00:00:00+00:00,16,244.265,86.13044,LSTM
2026-03-04 00:00:00+00:00,17,310.86,92.10761,LSTM
2026-03-04 00:00:00+00:00,18,239.6275,123.817276,LSTM
2026-03-04 00:00:00+00:00,19,169.86,113.11354,LSTM
2026-03-04 00:00:00+00:00,20,151.8775,93.89138,LSTM
2026-03-04 00:00:00+00:00,21,142.24,61.968975,LSTM
2026-03-04 00:00:00+00:00,22,124.8075,61.150444,LSTM
2026-03-04 00:00:00+00:00,23,116.485,55.75053,LSTM
2026-03-05 00:00:00+00:00,0,109.9325,28.035849,LSTM
2026-03-05 00:00:00+00:00,1,109.2625,31.914606,LSTM
2026-03-05 00:00:00+00:00,2,108.785,27.709618,LSTM
2026-03-05 00:00:00+00:00,3,111.0625,37.3422,LSTM
2026-03-05 00:00:00+00:00,4,126.9325,38.934494,LSTM
2026-03-05 00:00:00+00:00,5,154.3875,37.72213,LSTM
2026-03-05 00:00:00+00:00,6,175.54500000000002,61.007355,LSTM
2026-03-05 00:00:00+00:00,7,139.32999999999998,68.95921,LSTM
2026-03-05 00:00:00+00:00,8,97.0925,39.134933,LSTM
2026-03-05 00:00:00+00:00,9,64.145,38.04551,LSTM
2026-03-05 00:00:00+00:00,10,22.955,29.439688,LSTM
2026-03-05 00:00:00+00:00,11,2.1225,35.41322,LSTM
2026-03-05 00:00:00+00:00,12,2.825,46.853996,LSTM
2026-03-05 00:00:00+00:00,13,38.835,52.230522,LSTM
2026-03-05 00:00:00+00:00,14,90.0025,51.072556,LSTM
2026-03-05 00:00:00+00:00,15,137.75,81.96375,LSTM
2026-03-05 00:00:00+00:00,16,180.375,69.664566,LSTM
2026-03-05 00:00:00+00:00,17,192.02,76.19699,LSTM
2026-03-05 00:00:00+00:00,18,165.0,101.37889,LSTM
2026-03-05 00:00:00+00:00,19,135.245,90.11664,LSTM
2026-03-05 00:00:00+00:00,20,130.59,76.44034,LSTM
2026-03-05 00:00:00+00:00,21,130.1425,45.839878,LSTM
2026-03-05 00:00:00+00:00,22,119.7,46.672928,LSTM
2026-03-05 00:00:00+00:00,23,104.125,45.523598,LSTM
2026-03-06 00:00:00+00:00,0,106.0,28.377916,LSTM
2026-03-06 00:00:00+00:00,1,108.5225,33.46552,LSTM
2026-03-06 00:00:00+00:00,2,109.525,32.47808,LSTM
2026-03-06 00:00:00+00:00,3,115.5,39.190033,LSTM
2026-03-06 00:00:00+00:00,4,129.6575,41.138145,LSTM
2026-03-06 00:00:00+00:00,5,157.285,43.802387,LSTM
2026-03-06 00:00:00+00:00,6,177.025,67.37876,LSTM
2026-03-06 00:00:00+00:00,7,138.2875,76.122986,LSTM
2026-03-06 00:00:00+00:00,8,111.9625,52.97779,LSTM
2026-03-06 00:00:00+00:00,9,96.5,52.011326,LSTM
2026-03-06 00:00:00+00:00,10,66.7125,50.13703,LSTM
2026-03-06 00:00:00+00:00,11,52.64,61.81497,LSTM
2026-03-06 00:00:00+00:00,12,48.6525,68.642044,LSTM
2026-03-06 00:00:00+00:00,13,73.9375,72.45673,LSTM
2026-03-06 00:00:00+00:00,14,107.0675,67.48911,LSTM
2026-03-06 00:00:00+00:00,15,130.39749999999998,93.9294,LSTM
2026-03-06 00:00:00+00:00,16,177.4375,85.1369,LSTM
2026-03-06 00:00:00+00:00,17,229.5525,86.70538,LSTM
2026-03-06 00:00:00+00:00,18,189.765,122.77528,LSTM
2026-03-06 00:00:00+00:00,19,153.11,115.28085,LSTM
2026-03-06 00:00:00+00:00,20,134.1925,94.2662,LSTM
2026-03-06 00:00:00+00:00,21,127.245,64.14307,LSTM
2026-03-06 00:00:00+00:00,22,126.075,62.450897,LSTM
2026-03-06 00:00:00+00:00,23,135.1625,58.205666,LSTM
2026-03-07 00:00:00+00:00,0,130.6775,30.81385,LSTM
2026-03-07 00:00:00+00:00,1,125.6725,31.672356,LSTM
2026-03-07 00:00:00+00:00,2,124.39,34.71866,LSTM
2026-03-07 00:00:00+00:00,3,124.7475,33.805344,LSTM
2026-03-07 00:00:00+00:00,4,129.575,34.442757,LSTM
2026-03-07 00:00:00+00:00,5,135.62,38.280205,LSTM
2026-03-07 00:00:00+00:00,6,129.5575,52.786713,LSTM
2026-03-07 00:00:00+00:00,7,112.9025,51.372932,LSTM
2026-03-07 00:00:00+00:00,8,102.7875,36.778694,LSTM
2026-03-07 00:00:00+00:00,9,74.445,37.712547,LSTM
2026-03-07 00:00:00+00:00,10,30.5425,30.805292,LSTM
2026-03-07 00:00:00+00:00,11,13.03,35.518967,LSTM
2026-03-07 00:00:00+00:00,12,1.4175,47.253807,LSTM
2026-03-07 00:00:00+00:00,13,18.1775,49.56774,LSTM
2026-03-07 00:00:00+00:00,14,83.285,45.470146,LSTM
2026-03-07 00:00:00+00:00,15,126.315,65.632195,LSTM
2026-03-07 00:00:00+00:00,16,147.37,60.26824,LSTM
2026-03-07 00:00:00+00:00,17,180.8725,61.19838,LSTM
2026-03-07 00:00:00+00:00,18,166.725,104.76039,LSTM
2026-03-07 00:00:00+00:00,19,148.1975,98.55003,LSTM
2026-03-07 00:00:00+00:00,20,137.61,80.14265,LSTM
2026-03-07 00:00:00+00:00,21,134.1975,59.84359,LSTM
2026-03-07 00:00:00+00:00,22,130.645,57.739716,LSTM
2026-03-07 00:00:00+00:00,23,135.9925,49.192574,LSTM
2026-03-08 00:00:00+00:00,0,132.7325,29.83092,LSTM
2026-03-08 00:00:00+00:00,1,131.1925,28.30725,LSTM
2026-03-08 00:00:00+00:00,2,130.0925,31.611162,LSTM
2026-03-08 00:00:00+00:00,3,129.335,32.919117,LSTM
2026-03-08 00:00:00+00:00,4,129.635,33.437954,LSTM
2026-03-08 00:00:00+00:00,5,131.0975,36.36325,LSTM
2026-03-08 00:00:00+00:00,6,116.985,52.295265,LSTM
2026-03-08 00:00:00+00:00,7,108.5625,47.125103,LSTM
2026-03-08 00:00:00+00:00,8,90.7175,31.535345,LSTM
2026-03-08 00:00:00+00:00,9,62.94,25.411049,LSTM
2026-03-08 00:00:00+00:00,10,18.0275,25.277153,LSTM
2026-03-08 00:00:00+00:00,11,8.3325,28.404541,LSTM
2026-03-08 00:00:00+00:00,12,-0.005,35.04024,LSTM
2026-03-08 00:00:00+00:00,13,6.48,34.424816,LSTM
2026-03-08 00:00:00+00:00,14,64.25999999999999,35.662567,LSTM
2026-03-08 00:00:00+00:00,15,117.2025,59.829735,LSTM
2026-03-08 00:00:00+00:00,16,146.3125,50.696842,LSTM
2026-03-08 00:00:00+00:00,17,160.26,54.583405,LSTM
2026-03-08 00:00:00+00:00,18,154.0525,77.89909,LSTM
2026-03-08 00:00:00+00:00,19,138.7925,82.65402,LSTM
2026-03-08 00:00:00+00:00,20,127.435,63.70249,LSTM
2026-03-08 00:00:00+00:00,21,121.115,49.579533,LSTM
2026-03-08 00:00:00+00:00,22,113.5725,49.26391,LSTM
2026-03-08 00:00:00+00:00,23,114.0875,42.85777,LSTM
2026-03-09 00:00:00+00:00,0,109.2725,31.270454,LSTM
2026-03-09 00:00:00+00:00,1,109.12,37.552788,LSTM
2026-03-09 00:00:00+00:00,2,110.48,32.55016,LSTM
2026-03-09 00:00:00+00:00,3,116.39,41.86736,LSTM
2026-03-09 00:00:00+00:00,4,136.9975,45.04372,LSTM
2026-03-09 00:00:00+00:00,5,163.925,48.632362,LSTM
2026-03-09 00:00:00+00:00,6,191.58,76.44038,LSTM
2026-03-09 00:00:00+00:00,7,162.605,89.0972,LSTM
2026-03-09 00:00:00+00:00,8,127.0725,66.51783,LSTM
2026-03-09 00:00:00+00:00,9,101.1175,54.96927,LSTM
2026-03-09 00:00:00+00:00,10,81.0475,62.608047,LSTM
2026-03-09 00:00:00+00:00,11,67.69,79.344604,LSTM
2026-03-09 00:00:00+00:00,12,67.2925,77.73593,LSTM
2026-03-09 00:00:00+00:00,13,81.375,87.53424,LSTM
2026-03-09 00:00:00+00:00,14,112.9925,89.42863,LSTM
2026-03-09 00:00:00+00:00,15,143.4375,116.30784,LSTM
2026-03-09 00:00:00+00:00,16,187.025,110.91435,LSTM
2026-03-09 00:00:00+00:00,17,243.9725,114.20766,LSTM
2026-03-09 00:00:00+00:00,18,222.405,135.78416,LSTM
2026-03-09 00:00:00+00:00,19,180.89,135.2455,LSTM
2026-03-09 00:00:00+00:00,20,152.1575,101.937775,LSTM
2026-03-09 00:00:00+00:00,21,143.27,71.07518,LSTM
2026-03-09 00:00:00+00:00,22,132.695,67.490845,LSTM
2026-03-09 00:00:00+00:00,23,138.58,58.864334,LSTM
2026-03-10 00:00:00+00:00,0,130.44,26.63179,LSTM
2026-03-10 00:00:00+00:00,1,127.6125,31.915936,LSTM
2026-03-10 00:00:00+00:00,2,126.9,28.389046,LSTM
2026-03-10 00:00:00+00:00,3,128.48250000000002,34.871586,LSTM
2026-03-10 00:00:00+00:00,4,140.70999999999998,38.439705,LSTM
2026-03-10 00:00:00+00:00,5,168.1025,37.441063,LSTM
2026-03-10 00:00:00+00:00,6,180.17,60.93672,LSTM
2026-03-10 00:00:00+00:00,7,173.32,66.86752,LSTM
2026-03-10 00:00:00+00:00,8,140.53750000000002,45.24991,LSTM
2026-03-10 00:00:00+00:00,9,118.25,45.78856,LSTM
2026-03-10 00:00:00+00:00,10,103.7925,38.392986,LSTM
2026-03-10 00:00:00+00:00,11,91.44,49.39647,LSTM
2026-03-10 00:00:00+00:00,12,97.0375,60.1447,LSTM
2026-03-10 00:00:00+00:00,13,107.165,63.938477,LSTM
2026-03-10 00:00:00+00:00,14,121.4925,63.352165,LSTM
2026-03-10 00:00:00+00:00,15,144.3925,86.0715,LSTM
2026-03-10 00:00:00+00:00,16,179.0025,79.5966,LSTM
2026-03-10 00:00:00+00:00,17,218.2275,84.135315,LSTM
2026-03-10 00:00:00+00:00,18,201.13,109.30226,LSTM
2026-03-10 00:00:00+00:00,19,159.5475,100.04378,LSTM
2026-03-10 00:00:00+00:00,20,139.9675,81.607056,LSTM
2026-03-10 00:00:00+00:00,21,123.255,48.32409,LSTM
2026-03-10 00:00:00+00:00,22,98.5825,49.727577,LSTM
2026-03-10 00:00:00+00:00,23,83.9575,46.374443,LSTM
2026-03-11 00:00:00+00:00,0,70.805,21.182184,LSTM
2026-03-11 00:00:00+00:00,1,65.425,24.083998,LSTM
2026-03-11 00:00:00+00:00,2,63.5725,18.484797,LSTM
2026-03-11 00:00:00+00:00,3,56.0725,30.854649,LSTM
2026-03-11 00:00:00+00:00,4,64.535,31.037971,LSTM
2026-03-11 00:00:00+00:00,5,70.8675,31.579853,LSTM
2026-03-11 00:00:00+00:00,6,80.87,51.58078,LSTM
2026-03-11 00:00:00+00:00,7,75.5025,54.70791,LSTM
2026-03-11 00:00:00+00:00,8,57.945,28.633495,LSTM
2026-03-11 00:00:00+00:00,9,26.2275,30.26583,LSTM
2026-03-11 00:00:00+00:00,10,12.1975,26.968662,LSTM
2026-03-11 00:00:00+00:00,11,9.9125,39.095787,LSTM
2026-03-11 00:00:00+00:00,12,16.1375,48.510883,LSTM
2026-03-11 00:00:00+00:00,13,47.2725,54.504566,LSTM
2026-03-11 00:00:00+00:00,14,79.33,49.83277,LSTM
2026-03-11 00:00:00+00:00,15,104.105,82.64165,LSTM
2026-03-11 00:00:00+00:00,16,128.7775,65.038864,LSTM
2026-03-11 00:00:00+00:00,17,153.13750000000002,71.47468,LSTM
2026-03-11 00:00:00+00:00,18,156.72,95.875275,LSTM
2026-03-11 00:00:00+00:00,19,132.19,95.73737,LSTM
2026-03-11 00:00:00+00:00,20,123.0275,73.56853,LSTM
2026-03-11 00:00:00+00:00,21,119.3025,44.56447,LSTM
2026-03-11 00:00:00+00:00,22,104.0025,46.28,LSTM
2026-03-11 00:00:00+00:00,23,100.185,41.1969,LSTM
2026-03-12 00:00:00+00:00,0,92.0425,29.806005,LSTM
2026-03-12 00:00:00+00:00,1,88.8125,31.566559,LSTM
2026-03-12 00:00:00+00:00,2,88.61,30.858536,LSTM
2026-03-12 00:00:00+00:00,3,89.6625,39.733948,LSTM
2026-03-12 00:00:00+00:00,4,99.8225,42.613235,LSTM
2026-03-12 00:00:00+00:00,5,130.6675,39.56755,LSTM
2026-03-12 00:00:00+00:00,6,137.14,60.192844,LSTM
2026-03-12 00:00:00+00:00,7,104.805,66.79593,LSTM
2026-03-12 00:00:00+00:00,8,79.9975,40.992836,LSTM
2026-03-12 00:00:00+00:00,9,28.475,35.288822,LSTM
2026-03-12 00:00:00+00:00,10,0.3425,30.69696,LSTM
2026-03-12 00:00:00+00:00,11,-1.0925,31.465073,LSTM
2026-03-12 00:00:00+00:00,12,-2.4925,38.984375,LSTM
2026-03-12 00:00:00+00:00,13,-0.9025,34.164455,LSTM
2026-03-12 00:00:00+00:00,14,3.6,36.1315,LSTM
2026-03-12 00:00:00+00:00,15,51.165,60.388577,LSTM
2026-03-12 00:00:00+00:00,16,108.5775,54.698616,LSTM
2026-03-12 00:00:00+00:00,17,114.865,65.67862,LSTM
2026-03-12 00:00:00+00:00,18,105.9975,76.52409,LSTM
2026-03-12 00:00:00+00:00,19,86.57,68.79835,LSTM
2026-03-12 00:00:00+00:00,20,69.79,61.44031,LSTM
2026-03-12 00:00:00+00:00,21,62.555,35.42684,LSTM
2026-03-12 00:00:00+00:00,22,17.9025,40.250725,LSTM
2026-03-12 00:00:00+00:00,23,6.29,41.320625,LSTM
2026-03-13 00:00:00+00:00,0,4.1025,13.993142,LSTM
2026-03-13 00:00:00+00:00,1,2.8875,17.589867,LSTM
2026-03-13 00:00:00+00:00,2,1.1475,16.684622,LSTM
2026-03-13 00:00:00+00:00,3,1.46,27.323044,LSTM
2026-03-13 00:00:00+00:00,4,2.9075,30.529224,LSTM
2026-03-13 00:00:00+00:00,5,8.46,37.03782,LSTM
2026-03-13 00:00:00+00:00,6,19.9375,53.707626,LSTM
2026-03-13 00:00:00+00:00,7,6.415,48.501434,LSTM
2026-03-13 00:00:00+00:00,8,-0.24,23.462906,LSTM
2026-03-13 00:00:00+00:00,9,-4.9975,19.92281,LSTM
2026-03-13 00:00:00+00:00,10,-9.0,28.39555,LSTM
2026-03-13 00:00:00+00:00,11,-8.3475,39.265812,LSTM
2026-03-13 00:00:00+00:00,12,-2.5525,47.54844,LSTM
2026-03-13 00:00:00+00:00,13,1.1725,50.787697,LSTM
2026-03-13 00:00:00+00:00,14,47.07,53.25927,LSTM
2026-03-13 00:00:00+00:00,15,101.31,87.68732,LSTM
2026-03-13 00:00:00+00:00,16,141.93,69.89586,LSTM
2026-03-13 00:00:00+00:00,17,161.4925,81.00993,LSTM
2026-03-13 00:00:00+00:00,18,165.745,106.542725,LSTM
2026-03-13 00:00:00+00:00,19,145.7225,106.08884,LSTM
2026-03-13 00:00:00+00:00,20,130.335,76.684006,LSTM
2026-03-13 00:00:00+00:00,21,123.4225,55.87508,LSTM
2026-03-13 00:00:00+00:00,22,115.8075,56.34999,LSTM
2026-03-13 00:00:00+00:00,23,112.945,48.136986,LSTM
2026-03-14 00:00:00+00:00,0,109.07,38.410477,LSTM
2026-03-14 00:00:00+00:00,1,103.99,36.056767,LSTM
2026-03-14 00:00:00+00:00,2,101.8625,40.676506,LSTM
2026-03-14 00:00:00+00:00,3,105.115,37.542347,LSTM
2026-03-14 00:00:00+00:00,4,109.0675,40.391144,LSTM
2026-03-14 00:00:00+00:00,5,111.52,41.362988,LSTM
2026-03-14 00:00:00+00:00,6,116.7075,51.979103,LSTM
2026-03-14 00:00:00+00:00,7,121.88,63.261166,LSTM
2026-03-14 00:00:00+00:00,8,116.14,59.618584,LSTM
2026-03-14 00:00:00+00:00,9,107.5225,64.84699,LSTM
2026-03-14 00:00:00+00:00,10,103.525,68.01374,LSTM
2026-03-14 00:00:00+00:00,11,104.195,80.92627,LSTM
2026-03-14 00:00:00+00:00,12,103.43,82.4025,LSTM
2026-03-14 00:00:00+00:00,13,105.6775,76.18067,LSTM
2026-03-14 00:00:00+00:00,14,114.22,69.142715,LSTM
2026-03-14 00:00:00+00:00,15,130.0,79.0438,LSTM
2026-03-14 00:00:00+00:00,16,138.65,86.23488,LSTM
2026-03-14 00:00:00+00:00,17,161.1,83.40704,LSTM
2026-03-14 00:00:00+00:00,18,169.83499999999998,114.91281,LSTM
2026-03-14 00:00:00+00:00,19,150.265,106.492905,LSTM
2026-03-14 00:00:00+00:00,20,137.4525,87.20306,LSTM
2026-03-14 00:00:00+00:00,21,135.2375,64.57919,LSTM
2026-03-14 00:00:00+00:00,22,128.04500000000002,65.91015,LSTM
2026-03-14 00:00:00+00:00,23,137.3425,61.393913,LSTM
2026-03-15 00:00:00+00:00,0,133.73000000000002,25.966003,LSTM
2026-03-15 00:00:00+00:00,1,124.96,25.477453,LSTM
2026-03-15 00:00:00+00:00,2,123.5275,31.717411,LSTM
2026-03-15 00:00:00+00:00,3,122.1775,34.51957,LSTM
2026-03-15 00:00:00+00:00,4,124.12,37.646706,LSTM
2026-03-15 00:00:00+00:00,5,124.3875,40.644623,LSTM
2026-03-15 00:00:00+00:00,6,118.46,57.100193,LSTM
2026-03-15 00:00:00+00:00,7,109.095,68.89162,LSTM
2026-03-15 00:00:00+00:00,8,94.77,60.784004,LSTM
2026-03-15 00:00:00+00:00,9,87.305,54.087196,LSTM
2026-03-15 00:00:00+00:00,10,72.21,61.32133,LSTM
2026-03-15 00:00:00+00:00,11,52.9675,57.09072,LSTM
2026-03-15 00:00:00+00:00,12,36.4575,64.3997,LSTM
2026-03-15 00:00:00+00:00,13,37.1975,53.771545,LSTM
2026-03-15 00:00:00+00:00,14,63.0775,50.450905,LSTM
2026-03-15 00:00:00+00:00,15,89.245,67.65368,LSTM
2026-03-15 00:00:00+00:00,16,127.9125,60.368587,LSTM
2026-03-15 00:00:00+00:00,17,149.115,67.051865,LSTM
2026-03-15 00:00:00+00:00,18,131.87,81.114586,LSTM
2026-03-15 00:00:00+00:00,19,108.4825,77.765915,LSTM
2026-03-15 00:00:00+00:00,20,91.875,55.290817,LSTM
2026-03-15 00:00:00+00:00,21,82.8625,40.28491,LSTM
2026-03-15 00:00:00+00:00,22,64.015,40.647232,LSTM
2026-03-15 00:00:00+00:00,23,34.165,33.55672,LSTM
2026-03-16 00:00:00+00:00,0,23.3275,14.803679,LSTM
2026-03-16 00:00:00+00:00,1,17.59,21.090363,LSTM
2026-03-16 00:00:00+00:00,2,14.1375,17.215015,LSTM
2026-03-16 00:00:00+00:00,3,20.0575,28.447897,LSTM
2026-03-16 00:00:00+00:00,4,37.4275,35.566143,LSTM
2026-03-16 00:00:00+00:00,5,66.19,41.9879,LSTM
2026-03-16 00:00:00+00:00,6,95.5675,65.050674,LSTM
2026-03-16 00:00:00+00:00,7,95.9775,73.307976,LSTM
2026-03-16 00:00:00+00:00,8,73.105,47.603527,LSTM
2026-03-16 00:00:00+00:00,9,42.595,37.94226,LSTM
2026-03-16 00:00:00+00:00,10,17.365000000000002,56.96524,LSTM
2026-03-16 00:00:00+00:00,11,12.035,72.71636,LSTM
2026-03-16 00:00:00+00:00,12,15.88,74.828766,LSTM
2026-03-16 00:00:00+00:00,13,42.1725,78.57475,LSTM
2026-03-16 00:00:00+00:00,14,64.445,84.01646,LSTM
2026-03-16 00:00:00+00:00,15,106.21,108.28488,LSTM
2026-03-16 00:00:00+00:00,16,138.6025,96.62779,LSTM
2026-03-16 00:00:00+00:00,17,165.035,105.32803,LSTM
2026-03-16 00:00:00+00:00,18,179.8875,116.96646,LSTM
2026-03-16 00:00:00+00:00,19,154.785,112.59952,LSTM
2026-03-16 00:00:00+00:00,20,125.7125,87.19144,LSTM
2026-03-16 00:00:00+00:00,21,121.9125,61.94226,LSTM
2026-03-16 00:00:00+00:00,22,99.765,60.999016,LSTM
2026-03-16 00:00:00+00:00,23,113.665,51.62416,LSTM
2026-03-17 00:00:00+00:00,0,105.585,34.867935,LSTM
2026-03-17 00:00:00+00:00,1,106.4225,38.897186,LSTM
2026-03-17 00:00:00+00:00,2,106.5225,36.832882,LSTM
2026-03-17 00:00:00+00:00,3,110.03,45.178658,LSTM
2026-03-17 00:00:00+00:00,4,119.915,45.6713,LSTM
2026-03-17 00:00:00+00:00,5,147.965,47.33562,LSTM
2026-03-17 00:00:00+00:00,6,167.98,72.56384,LSTM
2026-03-17 00:00:00+00:00,7,152.5125,96.08706,LSTM
2026-03-17 00:00:00+00:00,8,124.0725,70.84657,LSTM
2026-03-17 00:00:00+00:00,9,108.64,75.558815,LSTM
2026-03-17 00:00:00+00:00,10,100.65,73.00354,LSTM
2026-03-17 00:00:00+00:00,11,95.2275,85.12426,LSTM
2026-03-17 00:00:00+00:00,12,96.765,87.61998,LSTM
2026-03-17 00:00:00+00:00,13,99.325,89.338875,LSTM
2026-03-17 00:00:00+00:00,14,112.1075,80.04259,LSTM
2026-03-17 00:00:00+00:00,15,131.7775,105.98967,LSTM
2026-03-17 00:00:00+00:00,16,162.2025,102.69701,LSTM
2026-03-17 00:00:00+00:00,17,207.2975,103.42226,LSTM
2026-03-17 00:00:00+00:00,18,170.3825,126.05669,LSTM
2026-03-17 00:00:00+00:00,19,144.2375,110.82173,LSTM
2026-03-17 00:00:00+00:00,20,129.79000000000002,89.66189,LSTM
2026-03-17 00:00:00+00:00,21,114.24,54.101044,LSTM
2026-03-17 00:00:00+00:00,22,100.4575,54.72426,LSTM
2026-03-17 00:00:00+00:00,23,89.8,54.938824,LSTM
2026-03-18 00:00:00+00:00,0,86.72749999999999,25.435366,LSTM
2026-03-18 00:00:00+00:00,1,85.685,28.273848,LSTM
2026-03-18 00:00:00+00:00,2,86.8675,27.556149,LSTM
2026-03-18 00:00:00+00:00,3,88.83500000000001,35.908287,LSTM
2026-03-18 00:00:00+00:00,4,100.055,37.579094,LSTM
2026-03-18 00:00:00+00:00,5,130.74,39.695053,LSTM
2026-03-18 00:00:00+00:00,6,133.5925,60.97062,LSTM
2026-03-18 00:00:00+00:00,7,99.9375,71.42954,LSTM
2026-03-18 00:00:00+00:00,8,62.95,42.89136,LSTM
2026-03-18 00:00:00+00:00,9,9.9975,42.432953,LSTM
2026-03-18 00:00:00+00:00,10,-1.62,42.241673,LSTM
2026-03-18 00:00:00+00:00,11,-2.31,53.427624,LSTM
2026-03-18 00:00:00+00:00,12,-2.7125,62.94464,LSTM
2026-03-18 00:00:00+00:00,13,0.2224999999999999,67.45901,LSTM
2026-03-18 00:00:00+00:00,14,47.19499999999999,64.13489,LSTM
2026-03-18 00:00:00+00:00,15,107.0325,95.15876,LSTM
2026-03-18 00:00:00+00:00,16,145.2125,83.55392,LSTM
2026-03-18 00:00:00+00:00,17,177.6225,87.61928,LSTM
2026-03-18 00:00:00+00:00,18,170.1975,118.24983,LSTM
2026-03-18 00:00:00+00:00,19,148.49,110.65085,LSTM
2026-03-18 00:00:00+00:00,20,132.0575,88.489525,LSTM
2026-03-18 00:00:00+00:00,21,123.775,58.27767,LSTM
2026-03-18 00:00:00+00:00,22,113.375,58.163532,LSTM
2026-03-18 00:00:00+00:00,23,109.25,52.839867,LSTM
2026-03-19 00:00:00+00:00,0,112.64,34.397423,LSTM
2026-03-19 00:00:00+00:00,1,113.9925,37.36291,LSTM
2026-03-19 00:00:00+00:00,2,115.525,36.13064,LSTM
2026-03-19 00:00:00+00:00,3,123.275,40.217545,LSTM
2026-03-19 00:00:00+00:00,4,132.78,41.90122,LSTM
2026-03-19 00:00:00+00:00,5,160.1275,45.897484,LSTM
2026-03-19 00:00:00+00:00,6,158.2425,69.37982,LSTM
2026-03-19 00:00:00+00:00,7,138.6025,74.87744,LSTM
2026-03-19 00:00:00+00:00,8,90.9025,54.460766,LSTM
2026-03-19 00:00:00+00:00,9,55.3,48.117943,LSTM
2026-03-19 00:00:00+00:00,10,7.869999999999999,50.228363,LSTM
2026-03-19 00:00:00+00:00,11,0.0,62.294434,LSTM
2026-03-19 00:00:00+00:00,12,2.53,64.95906,LSTM
2026-03-19 00:00:00+00:00,13,43.715,70.7937,LSTM
2026-03-19 00:00:00+00:00,14,85.9475,69.73045,LSTM
2026-03-19 00:00:00+00:00,15,120.3475,95.71998,LSTM
2026-03-19 00:00:00+00:00,16,152.175,89.69496,LSTM
2026-03-19 00:00:00+00:00,17,209.2675,89.98399,LSTM
2026-03-19 00:00:00+00:00,18,214.3825,120.28464,LSTM
2026-03-19 00:00:00+00:00,19,163.37,117.59546,LSTM
2026-03-19 00:00:00+00:00,20,149.04000000000002,94.12508,LSTM
2026-03-19 00:00:00+00:00,21,139.55,69.07533,LSTM
2026-03-19 00:00:00+00:00,22,132.2375,65.841934,LSTM
2026-03-19 00:00:00+00:00,23,143.5625,58.92586,LSTM
2026-03-20 00:00:00+00:00,0,137.96,30.940498,LSTM
2026-03-20 00:00:00+00:00,1,135.6425,34.10827,LSTM
2026-03-20 00:00:00+00:00,2,137.475,31.233202,LSTM
2026-03-20 00:00:00+00:00,3,138.905,37.521828,LSTM
2026-03-20 00:00:00+00:00,4,154.59,40.691803,LSTM
2026-03-20 00:00:00+00:00,5,192.295,38.93494,LSTM
2026-03-20 00:00:00+00:00,6,197.6425,58.600098,LSTM
2026-03-20 00:00:00+00:00,7,161.3025,67.04148,LSTM
2026-03-20 00:00:00+00:00,8,132.0075,50.402058,LSTM
2026-03-20 00:00:00+00:00,9,101.085,55.278748,LSTM
2026-03-20 00:00:00+00:00,10,78.4725,50.062195,LSTM
2026-03-20 00:00:00+00:00,11,65.61,62.79039,LSTM
2026-03-20 00:00:00+00:00,12,65.61,71.913284,LSTM
2026-03-20 00:00:00+00:00,13,87.4,69.156364,LSTM
2026-03-20 00:00:00+00:00,14,117.155,61.71823,LSTM
2026-03-20 00:00:00+00:00,15,144.675,81.53667,LSTM
2026-03-20 00:00:00+00:00,16,174.8175,77.070755,LSTM
2026-03-20 00:00:00+00:00,17,211.005,79.19771,LSTM
2026-03-20 00:00:00+00:00,18,212.31,111.444595,LSTM
2026-03-20 00:00:00+00:00,19,180.035,101.69426,LSTM
2026-03-20 00:00:00+00:00,20,163.05,88.35799,LSTM
2026-03-20 00:00:00+00:00,21,151.8525,55.504852,LSTM
2026-03-20 00:00:00+00:00,22,148.125,58.9851,LSTM
2026-03-20 00:00:00+00:00,23,142.3975,56.480896,LSTM
2026-03-21 00:00:00+00:00,0,138.3425,29.518978,LSTM
2026-03-21 00:00:00+00:00,1,136.085,28.245102,LSTM
2026-03-21 00:00:00+00:00,2,132.0575,32.9507,LSTM
2026-03-21 00:00:00+00:00,3,131.1925,31.81454,LSTM
2026-03-21 00:00:00+00:00,4,137.665,32.98207,LSTM
2026-03-21 00:00:00+00:00,5,142.34,31.950174,LSTM
2026-03-21 00:00:00+00:00,6,139.6625,42.4663,LSTM
2026-03-21 00:00:00+00:00,7,127.265,45.805656,LSTM
2026-03-21 00:00:00+00:00,8,100.5775,33.668167,LSTM
2026-03-21 00:00:00+00:00,9,76.4725,43.60316,LSTM
2026-03-21 00:00:00+00:00,10,45.9,33.547363,LSTM
2026-03-21 00:00:00+00:00,11,23.49,36.57091,LSTM
2026-03-21 00:00:00+00:00,12,24.27,50.4113,LSTM
2026-03-21 00:00:00+00:00,13,62.9275,43.643986,LSTM
2026-03-21 00:00:00+00:00,14,90.0,37.74928,LSTM
2026-03-21 00:00:00+00:00,15,115.665,51.275337,LSTM
2026-03-21 00:00:00+00:00,16,146.025,48.729137,LSTM
2026-03-21 00:00:00+00:00,17,171.6175,50.338108,LSTM
2026-03-21 00:00:00+00:00,18,163.10500000000002,81.9469,LSTM
2026-03-21 00:00:00+00:00,19,141.8275,72.90965,LSTM
2026-03-21 00:00:00+00:00,20,126.875,61.809967,LSTM
2026-03-21 00:00:00+00:00,21,120.2425,39.468212,LSTM
2026-03-21 00:00:00+00:00,22,108.0,44.499744,LSTM
2026-03-21 00:00:00+00:00,23,100.4125,43.42534,LSTM
2026-03-22 00:00:00+00:00,0,95.755,28.91595,LSTM
2026-03-22 00:00:00+00:00,1,94.2025,27.760727,LSTM
2026-03-22 00:00:00+00:00,2,95.26,34.87301,LSTM
2026-03-22 00:00:00+00:00,3,98.5975,35.55952,LSTM
2026-03-22 00:00:00+00:00,4,101.6625,34.291534,LSTM
2026-03-22 00:00:00+00:00,5,100.105,43.591522,LSTM
2026-03-22 00:00:00+00:00,6,84.71,59.237236,LSTM
2026-03-22 00:00:00+00:00,7,41.33,49.857525,LSTM
2026-03-22 00:00:00+00:00,8,6.7725,33.3395,LSTM
2026-03-22 00:00:00+00:00,9,-0.43,23.23143,LSTM
2026-03-22 00:00:00+00:00,10,-4.3625,31.268515,LSTM
2026-03-22 00:00:00+00:00,11,-11.76,35.829346,LSTM
2026-03-22 00:00:00+00:00,12,-10.31,38.601902,LSTM
2026-03-22 00:00:00+00:00,13,-2.1775,42.51101,LSTM
2026-03-22 00:00:00+00:00,14,11.25,42.596733,LSTM
2026-03-22 00:00:00+00:00,15,93.1525,70.614494,LSTM
2026-03-22 00:00:00+00:00,16,145.635,60.080933,LSTM
2026-03-22 00:00:00+00:00,17,174.19,62.614902,LSTM
2026-03-22 00:00:00+00:00,18,173.3825,96.153,LSTM
2026-03-22 00:00:00+00:00,19,164.7325,109.240234,LSTM
2026-03-22 00:00:00+00:00,20,155.3775,76.9874,LSTM
2026-03-22 00:00:00+00:00,21,146.7975,67.62607,LSTM
2026-03-22 00:00:00+00:00,22,143.505,63.808407,LSTM
2026-03-22 00:00:00+00:00,23,131.13750000000002,50.838898,LSTM
2026-03-23 00:00:00+00:00,0,125.9,29.433563,LSTM
2026-03-23 00:00:00+00:00,1,125.16,35.253815,LSTM
2026-03-23 00:00:00+00:00,2,128.5875,29.727272,LSTM
2026-03-23 00:00:00+00:00,3,138.26749999999998,40.286194,LSTM
2026-03-23 00:00:00+00:00,4,155.72,45.390232,LSTM
2026-03-23 00:00:00+00:00,5,182.29,47.83809,LSTM
2026-03-23 00:00:00+00:00,6,186.185,73.92587,LSTM
2026-03-23 00:00:00+00:00,7,147.60500000000002,78.8736,LSTM
2026-03-23 00:00:00+00:00,8,108.0,60.327827,LSTM
2026-03-23 00:00:00+00:00,9,81.4325,47.506638,LSTM
2026-03-23 00:00:00+00:00,10,48.0825,58.496872,LSTM
2026-03-23 00:00:00+00:00,11,49.255,74.434875,LSTM
2026-03-23 00:00:00+00:00,12,74.875,74.80859,LSTM
2026-03-23 00:00:00+00:00,13,94.98,78.96414,LSTM
2026-03-23 00:00:00+00:00,14,114.4525,80.992165,LSTM
2026-03-23 00:00:00+00:00,15,138.5425,108.72196,LSTM
2026-03-23 00:00:00+00:00,16,190.775,99.081924,LSTM
2026-03-23 00:00:00+00:00,17,263.01,103.42671,LSTM
2026-03-23 00:00:00+00:00,18,241.56,125.400665,LSTM
2026-03-23 00:00:00+00:00,19,206.5875,127.81659,LSTM
2026-03-23 00:00:00+00:00,20,177.32,99.10167,LSTM
2026-03-23 00:00:00+00:00,21,155.74,70.40557,LSTM
2026-03-23 00:00:00+00:00,22,140.45,68.2175,LSTM
2026-03-23 00:00:00+00:00,23,141.0625,58.63919,LSTM
2026-03-24 00:00:00+00:00,0,124.3175,26.804184,LSTM
2026-03-24 00:00:00+00:00,1,109.9975,27.962353,LSTM
2026-03-24 00:00:00+00:00,2,101.64,22.44966,LSTM
2026-03-24 00:00:00+00:00,3,100.375,32.883965,LSTM
2026-03-24 00:00:00+00:00,4,100.9725,33.51542,LSTM
2026-03-24 00:00:00+00:00,5,110.8175,27.44742,LSTM
2026-03-24 00:00:00+00:00,6,113.0475,43.276577,LSTM
2026-03-24 00:00:00+00:00,7,97.4575,37.867783,LSTM
2026-03-24 00:00:00+00:00,8,70.905,13.43519,LSTM
2026-03-24 00:00:00+00:00,9,23.7275,20.45585,LSTM
2026-03-24 00:00:00+00:00,10,1.195,5.1584396,LSTM
2026-03-24 00:00:00+00:00,11,-0.01,6.522541,LSTM
2026-03-24 00:00:00+00:00,12,-0.02,20.435112,LSTM
2026-03-24 00:00:00+00:00,13,-0.0025,19.069454,LSTM
2026-03-24 00:00:00+00:00,14,19.9975,20.503712,LSTM
2026-03-24 00:00:00+00:00,15,77.4325,44.638382,LSTM
2026-03-24 00:00:00+00:00,16,112.84,32.83295,LSTM
2026-03-24 00:00:00+00:00,17,135.8425,44.099888,LSTM
2026-03-24 00:00:00+00:00,18,137.9925,52.097397,LSTM
2026-03-24 00:00:00+00:00,19,101.1,47.256435,LSTM
2026-03-24 00:00:00+00:00,20,74.4975,36.980152,LSTM
2026-03-24 00:00:00+00:00,21,66.1025,9.217157,LSTM
2026-03-24 00:00:00+00:00,22,22.0975,20.063492,LSTM
2026-03-24 00:00:00+00:00,23,1.81,24.32144,LSTM
2026-03-25 00:00:00+00:00,0,0.3675,10.780136,LSTM
2026-03-25 00:00:00+00:00,1,-0.0025,15.241991,LSTM
2026-03-25 00:00:00+00:00,2,-0.01,14.21761,LSTM
2026-03-25 00:00:00+00:00,3,-0.005,25.424425,LSTM
2026-03-25 00:00:00+00:00,4,0.365,30.011631,LSTM
2026-03-25 00:00:00+00:00,5,3.6425,34.81322,LSTM
2026-03-25 00:00:00+00:00,6,8.9025,48.312256,LSTM
2026-03-25 00:00:00+00:00,7,0.9075,44.19439,LSTM
2026-03-25 00:00:00+00:00,8,-0.03,19.154625,LSTM
2026-03-25 00:00:00+00:00,9,-0.0275,24.125774,LSTM
2026-03-25 00:00:00+00:00,10,-0.01,32.322475,LSTM
2026-03-25 00:00:00+00:00,11,-0.01,46.084206,LSTM
2026-03-25 00:00:00+00:00,12,-0.01,52.71945,LSTM
2026-03-25 00:00:00+00:00,13,0.0075,48.53814,LSTM
2026-03-25 00:00:00+00:00,14,4.775,47.90602,LSTM
2026-03-25 00:00:00+00:00,15,41.9025,66.483795,LSTM
2026-03-25 00:00:00+00:00,16,98.8375,56.116737,LSTM
2026-03-25 00:00:00+00:00,17,134.82999999999998,65.17466,LSTM
2026-03-25 00:00:00+00:00,18,161.925,86.501785,LSTM
2026-03-25 00:00:00+00:00,19,134.9075,80.907394,LSTM
2026-03-25 00:00:00+00:00,20,114.46,65.59929,LSTM
2026-03-25 00:00:00+00:00,21,108.1,39.534534,LSTM
2026-03-25 00:00:00+00:00,22,88.80250000000001,46.868935,LSTM
2026-03-25 00:00:00+00:00,23,99.6375,41.31221,LSTM
2026-03-26 00:00:00+00:00,0,95.0725,32.82152,LSTM
2026-03-26 00:00:00+00:00,1,91.605,34.039795,LSTM
2026-03-26 00:00:00+00:00,2,94.87,36.99695,LSTM
2026-03-26 00:00:00+00:00,3,97.5775,43.529438,LSTM
2026-03-26 00:00:00+00:00,4,105.2675,42.57364,LSTM
2026-03-26 00:00:00+00:00,5,120.28,46.8318,LSTM
2026-03-26 00:00:00+00:00,6,137.345,69.52914,LSTM
2026-03-26 00:00:00+00:00,7,125.79,77.231995,LSTM
2026-03-26 00:00:00+00:00,8,87.41499999999999,49.827972,LSTM
2026-03-26 00:00:00+00:00,9,41.8525,44.12532,LSTM
2026-03-26 00:00:00+00:00,10,13.74,47.272015,LSTM
2026-03-26 00:00:00+00:00,11,3.12,55.077896,LSTM
2026-03-26 00:00:00+00:00,12,0.6300000000000001,54.825333,LSTM
2026-03-26 00:00:00+00:00,13,5.9025,54.24079,LSTM
2026-03-26 00:00:00+00:00,14,37.435,48.79046,LSTM
2026-03-26 00:00:00+00:00,15,75.8175,77.007645,LSTM
2026-03-26 00:00:00+00:00,16,115.9225,69.13695,LSTM
2026-03-26 00:00:00+00:00,17,155.4175,72.23341,LSTM
2026-03-26 00:00:00+00:00,18,167.22,95.6862,LSTM
2026-03-26 00:00:00+00:00,19,153.745,96.35899,LSTM
2026-03-26 00:00:00+00:00,20,130.505,82.493286,LSTM
2026-03-26 00:00:00+00:00,21,124.3725,60.86991,LSTM
2026-03-26 00:00:00+00:00,22,115.025,60.13139,LSTM
2026-03-26 00:00:00+00:00,23,119.3925,58.07802,LSTM
2026-03-27 00:00:00+00:00,0,119.5,27.238651,LSTM
2026-03-27 00:00:00+00:00,1,117.3425,32.03032,LSTM
2026-03-27 00:00:00+00:00,2,117.8325,33.13547,LSTM
2026-03-27 00:00:00+00:00,3,120.2475,41.78858,LSTM
2026-03-27 00:00:00+00:00,4,136.4625,45.37761,LSTM
2026-03-27 00:00:00+00:00,5,172.63,46.457565,LSTM
2026-03-27 00:00:00+00:00,6,176.395,67.818054,LSTM
2026-03-27 00:00:00+00:00,7,147.5575,71.1597,LSTM
2026-03-27 00:00:00+00:00,8,114.0025,48.567577,LSTM
2026-03-27 00:00:00+00:00,9,87.25999999999999,45.912308,LSTM
2026-03-27 00:00:00+00:00,10,72.81,47.589092,LSTM
2026-03-27 00:00:00+00:00,11,63.31999999999999,54.996235,LSTM
2026-03-27 00:00:00+00:00,12,59.6,60.319427,LSTM
2026-03-27 00:00:00+00:00,13,74.075,56.14987,LSTM
2026-03-27 00:00:00+00:00,14,92.3225,54.196037,LSTM
2026-03-27 00:00:00+00:00,15,103.0825,77.55799,LSTM
2026-03-27 00:00:00+00:00,16,139.05,71.78862,LSTM
2026-03-27 00:00:00+00:00,17,158.9325,78.55743,LSTM
2026-03-27 00:00:00+00:00,18,168.245,103.245155,LSTM
2026-03-27 00:00:00+00:00,19,142.89,98.435196,LSTM
2026-03-27 00:00:00+00:00,20,118.995,81.45294,LSTM
2026-03-27 00:00:00+00:00,21,116.66,52.93096,LSTM
2026-03-27 00:00:00+00:00,22,106.0125,56.381126,LSTM
2026-03-27 00:00:00+00:00,23,95.135,54.130104,LSTM
2026-03-28 00:00:00+00:00,0,92.665,26.08716,LSTM
2026-03-28 00:00:00+00:00,1,89.5475,23.747965,LSTM
2026-03-28 00:00:00+00:00,2,87.2625,29.588701,LSTM
2026-03-28 00:00:00+00:00,3,88.1175,31.548248,LSTM
2026-03-28 00:00:00+00:00,4,91.6125,29.480103,LSTM
2026-03-28 00:00:00+00:00,5,87.92,32.185867,LSTM
2026-03-28 00:00:00+00:00,6,79.185,42.043533,LSTM
2026-03-28 00:00:00+00:00,7,68.3,45.08284,LSTM
2026-03-28 00:00:00+00:00,8,44.9075,29.164116,LSTM
2026-03-28 00:00:00+00:00,9,17.5825,42.77874,LSTM
2026-03-28 00:00:00+00:00,10,7.6425,38.714638,LSTM
2026-03-28 00:00:00+00:00,11,6.695,48.421043,LSTM
2026-03-28 00:00:00+00:00,12,7.8475,57.540382,LSTM
2026-03-28 00:00:00+00:00,13,20.475,55.819214,LSTM
2026-03-28 00:00:00+00:00,14,54.2425,44.41803,LSTM
2026-03-28 00:00:00+00:00,15,81.05250000000001,64.71846,LSTM
2026-03-28 00:00:00+00:00,16,110.34,60.014072,LSTM
2026-03-28 00:00:00+00:00,17,138.925,59.394478,LSTM
2026-03-28 00:00:00+00:00,18,154.07,91.57636,LSTM
2026-03-28 00:00:00+00:00,19,143.9525,87.577774,LSTM
2026-03-28 00:00:00+00:00,20,131.595,66.80915,LSTM
2026-03-28 00:00:00+00:00,21,125.33,44.584183,LSTM
2026-03-28 00:00:00+00:00,22,119.58,50.613525,LSTM
2026-03-28 00:00:00+00:00,23,114.56,48.63356,LSTM
2026-03-29 00:00:00+00:00,0,107.6975,27.992102,LSTM
2026-03-29 00:00:00+00:00,1,101.165,28.154076,LSTM
2026-03-29 00:00:00+00:00,2,105.225,27.520418,LSTM
2026-03-29 00:00:00+00:00,3,104.605,36.020527,LSTM
2026-03-29 00:00:00+00:00,4,109.755,38.156788,LSTM
2026-03-29 00:00:00+00:00,5,115.03,39.29773,LSTM
2026-03-29 00:00:00+00:00,6,114.8425,54.74179,LSTM
2026-03-29 00:00:00+00:00,7,94.3975,52.04509,LSTM
2026-03-29 00:00:00+00:00,8,74.8075,37.119957,LSTM
2026-03-29 00:00:00+00:00,9,44.6975,29.487766,LSTM
2026-03-29 00:00:00+00:00,10,9.73,32.83017,LSTM
2026-03-29 00:00:00+00:00,11,-0.005,24.170471,LSTM
2026-03-29 00:00:00+00:00,12,-1.785,29.378036,LSTM
2026-03-29 00:00:00+00:00,13,-2.1,19.985153,LSTM
2026-03-29 00:00:00+00:00,14,0.8724999999999999,17.89679,LSTM
2026-03-29 00:00:00+00:00,15,33.31,35.584183,LSTM
2026-03-29 00:00:00+00:00,16,89.25999999999999,27.02317,LSTM
2026-03-29 00:00:00+00:00,17,105.6775,39.20168,LSTM
2026-03-29 00:00:00+00:00,18,95.18,48.577675,LSTM
2026-03-29 00:00:00+00:00,19,74.8125,46.402443,LSTM
2026-03-29 00:00:00+00:00,20,66.85,39.764137,LSTM
2026-03-29 00:00:00+00:00,21,25.635,26.530903,LSTM
2026-03-29 00:00:00+00:00,22,9.1975,30.47258,LSTM
2026-03-29 00:00:00+00:00,23,2.3000000000000003,26.85014,LSTM
2026-03-30 00:00:00+00:00,0,5.02,16.234169,LSTM
2026-03-30 00:00:00+00:00,1,3.825,23.719126,LSTM
2026-03-30 00:00:00+00:00,2,4.3575,15.374881,LSTM
2026-03-30 00:00:00+00:00,3,18.4225,32.781586,LSTM
2026-03-30 00:00:00+00:00,4,66.87,36.533573,LSTM
2026-03-30 00:00:00+00:00,5,90.3125,39.25285,LSTM
2026-03-30 00:00:00+00:00,6,109.2225,63.160477,LSTM
2026-03-30 00:00:00+00:00,7,96.8375,68.23403,LSTM
2026-03-30 00:00:00+00:00,8,73.8475,40.210964,LSTM
2026-03-30 00:00:00+00:00,9,45.9975,40.585197,LSTM
2026-03-30 00:00:00+00:00,10,23.5875,50.404655,LSTM
2026-03-30 00:00:00+00:00,11,11.4,60.10687,LSTM
2026-03-30 00:00:00+00:00,12,7.5425,62.66959,LSTM
2026-03-30 00:00:00+00:00,13,12.9375,63.83989,LSTM
2026-03-30 00:00:00+00:00,14,35.145,58.283188,LSTM
2026-03-30 00:00:00+00:00,15,77.45,81.973206,LSTM
2026-03-30 00:00:00+00:00,16,104.8275,64.36777,LSTM
2026-03-30 00:00:00+00:00,17,121.6525,71.85017,LSTM
2026-03-30 00:00:00+00:00,18,125.6075,84.524994,LSTM
2026-03-30 00:00:00+00:00,19,126.165,80.40742,LSTM
2026-03-30 00:00:00+00:00,20,121.175,69.40654,LSTM
2026-03-30 00:00:00+00:00,21,108.88,41.90658,LSTM
2026-03-30 00:00:00+00:00,22,109.245,45.371677,LSTM
2026-03-30 00:00:00+00:00,23,102.68,43.84034,LSTM
2026-03-31 00:00:00+00:00,0,101.26,35.418064,LSTM
2026-03-31 00:00:00+00:00,1,100.535,37.97509,LSTM
2026-03-31 00:00:00+00:00,2,101.68,34.500694,LSTM
2026-03-31 00:00:00+00:00,3,108.0425,43.992336,LSTM
2026-03-31 00:00:00+00:00,4,137.1975,40.622986,LSTM
2026-03-31 00:00:00+00:00,5,152.125,42.85331,LSTM
2026-03-31 00:00:00+00:00,6,163.79,66.58293,LSTM
2026-03-31 00:00:00+00:00,7,135.555,70.915504,LSTM
2026-03-31 00:00:00+00:00,8,104.255,47.804398,LSTM
2026-03-31 00:00:00+00:00,9,87.35,50.702538,LSTM
2026-03-31 00:00:00+00:00,10,78.67,45.51188,LSTM
2026-03-31 00:00:00+00:00,11,55.225,64.58192,LSTM
2026-03-31 00:00:00+00:00,12,53.4875,63.31821,LSTM
2026-03-31 00:00:00+00:00,13,63.0525,68.00846,LSTM
2026-03-31 00:00:00+00:00,14,82.2175,53.746635,LSTM
2026-03-31 00:00:00+00:00,15,110.9675,79.21118,LSTM
2026-03-31 00:00:00+00:00,16,151.0,72.8645,LSTM
2026-03-31 00:00:00+00:00,17,175.0025,72.82425,LSTM
2026-03-31 00:00:00+00:00,18,176.005,103.94563,LSTM
2026-03-31 00:00:00+00:00,19,171.725,102.78971,LSTM
2026-03-31 00:00:00+00:00,20,158.32999999999998,91.59622,LSTM
2026-03-31 00:00:00+00:00,21,148.475,63.80555,LSTM
2026-03-31 00:00:00+00:00,22,145.51,67.97363,LSTM
2026-03-31 00:00:00+00:00,23,129.48749999999998,67.97983,LSTM
2026-04-01 00:00:00+00:00,0,125.345,35.92634,LSTM
2026-04-01 00:00:00+00:00,1,129.4275,40.282593,LSTM
2026-04-01 00:00:00+00:00,2,136.025,35.628185,LSTM
2026-04-01 00:00:00+00:00,3,149.115,43.930077,LSTM
2026-04-01 00:00:00+00:00,4,180.835,45.542297,LSTM
2026-04-01 00:00:00+00:00,5,226.9475,45.84896,LSTM
2026-04-01 00:00:00+00:00,6,199.9775,67.90918,LSTM
2026-04-01 00:00:00+00:00,7,171.515,77.90746,LSTM
2026-04-01 00:00:00+00:00,8,139.8,57.073967,LSTM
2026-04-01 00:00:00+00:00,9,128.0775,58.04753,LSTM
2026-04-01 00:00:00+00:00,10,115.0525,55.45314,LSTM
2026-04-01 00:00:00+00:00,11,93.835,69.232605,LSTM
2026-04-01 00:00:00+00:00,12,86.3325,72.31508,LSTM
2026-04-01 00:00:00+00:00,13,93.8375,71.44291,LSTM
2026-04-01 00:00:00+00:00,14,105.515,62.822647,LSTM
2026-04-01 00:00:00+00:00,15,130.12,83.27132,LSTM
2026-04-01 00:00:00+00:00,16,152.095,79.49185,LSTM
2026-04-01 00:00:00+00:00,17,188.665,81.645744,LSTM
2026-04-01 00:00:00+00:00,18,181.1925,111.32471,LSTM
2026-04-01 00:00:00+00:00,19,165.8225,103.026825,LSTM
2026-04-01 00:00:00+00:00,20,152.8225,92.30296,LSTM
2026-04-01 00:00:00+00:00,21,133.7825,59.752987,LSTM
2026-04-01 00:00:00+00:00,22,127.1725,61.306534,LSTM
2026-04-01 00:00:00+00:00,23,118.995,58.548996,LSTM
2026-04-02 00:00:00+00:00,0,114.13,27.941528,LSTM
2026-04-02 00:00:00+00:00,1,109.185,33.155823,LSTM
2026-04-02 00:00:00+00:00,2,107.41,22.837164,LSTM
2026-04-02 00:00:00+00:00,3,119.2925,37.681694,LSTM
2026-04-02 00:00:00+00:00,4,152.0525,34.886543,LSTM
2026-04-02 00:00:00+00:00,5,160.0075,35.04177,LSTM
2026-04-02 00:00:00+00:00,6,157.6575,53.968197,LSTM
2026-04-02 00:00:00+00:00,7,114.2775,51.215755,LSTM
2026-04-02 00:00:00+00:00,8,90.6625,24.62526,LSTM
2026-04-02 00:00:00+00:00,9,74.25,36.6542,LSTM
2026-04-02 00:00:00+00:00,10,59.745000000000005,25.024635,LSTM
2026-04-02 00:00:00+00:00,11,42.455,41.377464,LSTM
2026-04-02 00:00:00+00:00,12,52.86,49.28032,LSTM
2026-04-02 00:00:00+00:00,13,73.77,57.37023,LSTM
2026-04-02 00:00:00+00:00,14,92.7575,43.120537,LSTM
2026-04-02 00:00:00+00:00,15,108.81,71.49473,LSTM
2026-04-02 00:00:00+00:00,16,134.385,55.277637,LSTM
2026-04-02 00:00:00+00:00,17,161.84,58.18677,LSTM
2026-04-02 00:00:00+00:00,18,159.635,90.01298,LSTM
2026-04-02 00:00:00+00:00,19,146.5225,83.66031,LSTM
2026-04-02 00:00:00+00:00,20,134.9975,75.03903,LSTM
2026-04-02 00:00:00+00:00,21,123.97,42.51338,LSTM
2026-04-02 00:00:00+00:00,22,133.6,48.1112,LSTM
2026-04-02 00:00:00+00:00,23,121.985,47.569416,LSTM
2026-04-03 00:00:00+00:00,0,119.515,27.494144,LSTM
2026-04-03 00:00:00+00:00,1,117.6675,27.296196,LSTM
2026-04-03 00:00:00+00:00,2,120.1825,27.908295,LSTM
2026-04-03 00:00:00+00:00,3,123.4025,38.96756,LSTM
2026-04-03 00:00:00+00:00,4,133.125,38.417854,LSTM
2026-04-03 00:00:00+00:00,5,135.8625,33.629177,LSTM
2026-04-03 00:00:00+00:00,6,131.04250000000002,37.33529,LSTM
2026-04-03 00:00:00+00:00,7,113.18,21.65789,LSTM
2026-04-03 00:00:00+00:00,8,85.585,4.258335,LSTM
2026-04-03 00:00:00+00:00,9,52.9575,15.876913,LSTM
2026-04-03 00:00:00+00:00,10,27.01,4.1402607,LSTM
2026-04-03 00:00:00+00:00,11,9.945,0.66464615,LSTM
2026-04-03 00:00:00+00:00,12,1.6525,13.958353,LSTM
2026-04-03 00:00:00+00:00,13,3.05,0.056964874,LSTM
2026-04-03 00:00:00+00:00,14,23.942500000000003,-7.780733,LSTM
2026-04-03 00:00:00+00:00,15,66.7975,5.081232,LSTM
2026-04-03 00:00:00+00:00,16,88.9725,-2.3488655,LSTM
2026-04-03 00:00:00+00:00,17,99.39,11.499922,LSTM
2026-04-03 00:00:00+00:00,18,96.3375,29.230782,LSTM
2026-04-03 00:00:00+00:00,19,84.2025,24.796242,LSTM
2026-04-03 00:00:00+00:00,20,81.28,29.472977,LSTM
2026-04-03 00:00:00+00:00,21,60.5875,10.1137085,LSTM
2026-04-03 00:00:00+00:00,22,9.7275,28.483315,LSTM
2026-04-03 00:00:00+00:00,23,8.955,32.232086,LSTM
2026-04-04 00:00:00+00:00,0,6.4325,12.744714,LSTM
2026-04-04 00:00:00+00:00,1,1.9875,11.261427,LSTM
2026-04-04 00:00:00+00:00,2,6.4025,12.960641,LSTM
2026-04-04 00:00:00+00:00,3,11.735,23.681417,LSTM
2026-04-04 00:00:00+00:00,4,13.3625,19.853622,LSTM
2026-04-04 00:00:00+00:00,5,19.2675,22.874315,LSTM
2026-04-04 00:00:00+00:00,6,16.695,36.675888,LSTM
2026-04-04 00:00:00+00:00,7,6.6,42.25186,LSTM
2026-04-04 00:00:00+00:00,8,1.81,16.68665,LSTM
2026-04-04 00:00:00+00:00,9,-0.01,23.628977,LSTM
2026-04-04 00:00:00+00:00,10,-0.2475,22.078568,LSTM
2026-04-04 00:00:00+00:00,11,-0.035,31.043346,LSTM
2026-04-04 00:00:00+00:00,12,-0.0175,38.2084,LSTM
2026-04-04 00:00:00+00:00,13,0.025,45.101532,LSTM
2026-04-04 00:00:00+00:00,14,10.69,37.74833,LSTM
2026-04-04 00:00:00+00:00,15,62.735,73.039375,LSTM
2026-04-04 00:00:00+00:00,16,109.595,56.467007,LSTM
2026-04-04 00:00:00+00:00,17,149.8725,61.485134,LSTM
2026-04-04 00:00:00+00:00,18,135.74,78.42763,LSTM
2026-04-04 00:00:00+00:00,19,103.8375,78.86395,LSTM
2026-04-04 00:00:00+00:00,20,76.8075,48.30521,LSTM
2026-04-04 00:00:00+00:00,21,41.8325,26.473917,LSTM
2026-04-04 00:00:00+00:00,22,1.0575,29.908585,LSTM
2026-04-04 00:00:00+00:00,23,-0.005,29.477217,LSTM
2026-04-05 00:00:00+00:00,0,-0.3625,7.0319557,LSTM
2026-04-05 00:00:00+00:00,1,-1.2075,5.691143,LSTM
2026-04-05 00:00:00+00:00,2,-1.6175,9.672284,LSTM
2026-04-05 00:00:00+00:00,3,-2.0425,17.839851,LSTM
2026-04-05 00:00:00+00:00,4,-2.995,13.978825,LSTM
2026-04-05 00:00:00+00:00,5,-1.29,18.058971,LSTM
2026-04-05 00:00:00+00:00,6,-2.43,21.720507,LSTM
2026-04-05 00:00:00+00:00,7,-10.5575,2.8083305,LSTM
2026-04-05 00:00:00+00:00,8,-39.9675,-19.697613,LSTM
2026-04-05 00:00:00+00:00,9,-71.3425,-5.683426,LSTM
2026-04-05 00:00:00+00:00,10,-84.9525,-20.625889,LSTM
2026-04-05 00:00:00+00:00,11,-105.175,-9.926006,LSTM
2026-04-05 00:00:00+00:00,12,-98.705,-0.14657593,LSTM
2026-04-05 00:00:00+00:00,13,-66.9075,-3.706068,LSTM
2026-04-05 00:00:00+00:00,14,-29.98,-11.712358,LSTM
2026-04-05 00:00:00+00:00,15,-6.5875,9.438375,LSTM
2026-04-05 00:00:00+00:00,16,-0.1025,3.4395294,LSTM
2026-04-05 00:00:00+00:00,17,20.0425,18.250278,LSTM
2026-04-05 00:00:00+00:00,18,33.35,43.03375,LSTM
2026-04-05 00:00:00+00:00,19,30.205,35.111732,LSTM
2026-04-05 00:00:00+00:00,20,30.3775,32.661144,LSTM
2026-04-05 00:00:00+00:00,21,19.0225,16.655201,LSTM
2026-04-05 00:00:00+00:00,22,3.24,30.42623,LSTM
2026-04-05 00:00:00+00:00,23,1.985,32.401077,LSTM
2026-04-06 00:00:00+00:00,0,1.04,0.9549122,LSTM
2026-04-06 00:00:00+00:00,1,1.36,9.163578,LSTM
2026-04-06 00:00:00+00:00,2,1.06,14.1966915,LSTM
2026-04-06 00:00:00+00:00,3,2.11,21.900019,LSTM
2026-04-06 00:00:00+00:00,4,1.985,31.326715,LSTM
2026-04-06 00:00:00+00:00,5,1.3325,37.261467,LSTM
2026-04-06 00:00:00+00:00,6,-0.9425,47.29969,LSTM
2026-04-06 00:00:00+00:00,7,-11.105,25.148235,LSTM
2026-04-06 00:00:00+00:00,8,-26.0025,5.026951,LSTM
2026-04-06 00:00:00+00:00,9,-59.760000000000005,-1.032959,LSTM
2026-04-06 00:00:00+00:00,10,-79.515,4.2630787,LSTM
2026-04-06 00:00:00+00:00,11,-125.6375,10.101545,LSTM
2026-04-06 00:00:00+00:00,12,-123.535,23.668764,LSTM
2026-04-06 00:00:00+00:00,13,-84.6175,11.287924,LSTM
2026-04-06 00:00:00+00:00,14,-28.72,22.773312,LSTM
2026-04-06 00:00:00+00:00,15,-5.609999999999999,33.536438,LSTM
2026-04-06 00:00:00+00:00,16,48.625,23.457401,LSTM
2026-04-06 00:00:00+00:00,17,107.6875,41.298977,LSTM
2026-04-06 00:00:00+00:00,18,116.005,76.33075,LSTM
2026-04-06 00:00:00+00:00,19,109.2225,71.01211,LSTM
2026-04-06 00:00:00+00:00,20,113.8475,58.894142,LSTM
2026-04-06 00:00:00+00:00,21,108.805,39.659637,LSTM
2026-04-06 00:00:00+00:00,22,106.4,47.41718,LSTM
2026-04-06 00:00:00+00:00,23,101.295,37.343773,LSTM
2026-04-07 00:00:00+00:00,0,101.6475,16.823223,LSTM
2026-04-07 00:00:00+00:00,1,102.28,22.794044,LSTM
2026-04-07 00:00:00+00:00,2,105.135,14.409471,LSTM
2026-04-07 00:00:00+00:00,3,117.7675,33.365246,LSTM
2026-04-07 00:00:00+00:00,4,143.9125,34.234505,LSTM
2026-04-07 00:00:00+00:00,5,178.2625,38.43862,LSTM
2026-04-07 00:00:00+00:00,6,127.8575,61.1223,LSTM
2026-04-07 00:00:00+00:00,7,81.8025,61.186646,LSTM
2026-04-07 00:00:00+00:00,8,24.8875,34.7895,LSTM
2026-04-07 00:00:00+00:00,9,-0.0074999999999999,21.288847,LSTM
2026-04-07 00:00:00+00:00,10,-3.01,29.252256,LSTM
2026-04-07 00:00:00+00:00,11,-11.2875,39.601105,LSTM
2026-04-07 00:00:00+00:00,12,-11.23,39.82903,LSTM
2026-04-07 00:00:00+00:00,13,-4.205,46.84379,LSTM
2026-04-07 00:00:00+00:00,14,3.8,46.02633,LSTM
2026-04-07 00:00:00+00:00,15,79.9025,88.394905,LSTM
2026-04-07 00:00:00+00:00,16,137.995,64.09395,LSTM
2026-04-07 00:00:00+00:00,17,194.0275,74.170166,LSTM
2026-04-07 00:00:00+00:00,18,188.8825,96.55052,LSTM
2026-04-07 00:00:00+00:00,19,144.0025,103.49393,LSTM
2026-04-07 00:00:00+00:00,20,129.01,74.403564,LSTM
2026-04-07 00:00:00+00:00,21,118.2,49.753773,LSTM
2026-04-07 00:00:00+00:00,22,107.17,43.89008,LSTM
2026-04-07 00:00:00+00:00,23,102.21,35.59104,LSTM
2026-04-08 00:00:00+00:00,0,100.82,29.568989,LSTM
2026-04-08 00:00:00+00:00,1,103.4975,32.49858,LSTM
2026-04-08 00:00:00+00:00,2,107.5125,24.190422,LSTM
2026-04-08 00:00:00+00:00,3,116.9275,40.8264,LSTM
2026-04-08 00:00:00+00:00,4,149.79500000000002,37.96238,LSTM
2026-04-08 00:00:00+00:00,5,168.7975,38.901405,LSTM
2026-04-08 00:00:00+00:00,6,138.5075,55.39385,LSTM
2026-04-08 00:00:00+00:00,7,97.45,46.930878,LSTM
2026-04-08 00:00:00+00:00,8,51.12,15.220306,LSTM
2026-04-08 00:00:00+00:00,9,-0.0499999999999998,21.581978,LSTM
2026-04-08 00:00:00+00:00,10,-18.8275,14.684935,LSTM
2026-04-08 00:00:00+00:00,11,-32.78,22.40382,LSTM
2026-04-08 00:00:00+00:00,12,-29.735,28.220366,LSTM
2026-04-08 00:00:00+00:00,13,-13.155,33.99974,LSTM
2026-04-08 00:00:00+00:00,14,13.3525,27.217785,LSTM
2026-04-08 00:00:00+00:00,15,91.875,63.841118,LSTM
2026-04-08 00:00:00+00:00,16,134.2475,46.012688,LSTM
2026-04-08 00:00:00+00:00,17,170.0075,53.737698,LSTM
2026-04-08 00:00:00+00:00,18,160.5525,78.04904,LSTM
2026-04-08 00:00:00+00:00,19,137.10250000000002,74.61975,LSTM
2026-04-08 00:00:00+00:00,20,121.3925,60.02038,LSTM
2026-04-08 00:00:00+00:00,21,109.475,32.465466,LSTM
2026-04-08 00:00:00+00:00,22,104.8975,38.471397,LSTM
2026-04-08 00:00:00+00:00,23,101.1025,38.923267,LSTM
2026-04-09 00:00:00+00:00,0,101.095,30.344002,LSTM
2026-04-09 00:00:00+00:00,1,101.8625,34.032913,LSTM
2026-04-09 00:00:00+00:00,2,105.1,20.491518,LSTM
2026-04-09 00:00:00+00:00,3,115.8725,42.394745,LSTM
2026-04-09 00:00:00+00:00,4,135.29500000000002,42.975327,LSTM
2026-04-09 00:00:00+00:00,5,146.6,39.22338,LSTM
2026-04-09 00:00:00+00:00,6,128.09,55.536366,LSTM
2026-04-09 00:00:00+00:00,7,99.675,50.754604,LSTM
2026-04-09 00:00:00+00:00,8,54.9975,21.747486,LSTM
2026-04-09 00:00:00+00:00,9,1.2075,24.683235,LSTM
2026-04-09 00:00:00+00:00,10,-1.03,21.07526,LSTM
2026-04-09 00:00:00+00:00,11,-7.865,27.1888,LSTM
2026-04-09 00:00:00+00:00,12,-8.1375,31.669321,LSTM
2026-04-09 00:00:00+00:00,13,-1.3025,33.39256,LSTM
2026-04-09 00:00:00+00:00,14,27.08,31.044764,LSTM
2026-04-09 00:00:00+00:00,15,82.5275,67.14045,LSTM
2026-04-09 00:00:00+00:00,16,115.355,50.238014,LSTM
2026-04-09 00:00:00+00:00,17,137.1675,62.90464,LSTM
2026-04-09 00:00:00+00:00,18,127.325,76.99931,LSTM
2026-04-09 00:00:00+00:00,19,110.95,71.86799,LSTM
2026-04-09 00:00:00+00:00,20,100.23,57.01784,LSTM
2026-04-09 00:00:00+00:00,21,81.05250000000001,26.094069,LSTM
2026-04-09 00:00:00+00:00,22,81.88,35.240627,LSTM
2026-04-09 00:00:00+00:00,23,79.32,37.089848,LSTM
2026-04-10 00:00:00+00:00,0,78.83,37.195915,LSTM
2026-04-10 00:00:00+00:00,1,78.5525,36.401897,LSTM
2026-04-10 00:00:00+00:00,2,81.1225,32.686157,LSTM
2026-04-10 00:00:00+00:00,3,88.7675,42.012978,LSTM
2026-04-10 00:00:00+00:00,4,112.1575,32.904385,LSTM
2026-04-10 00:00:00+00:00,5,126.4375,35.84662,LSTM
2026-04-10 00:00:00+00:00,6,123.16,52.132603,LSTM
2026-04-10 00:00:00+00:00,7,119.265,63.18287,LSTM
2026-04-10 00:00:00+00:00,8,109.84,44.326744,LSTM
2026-04-10 00:00:00+00:00,9,102.99,58.828957,LSTM
2026-04-10 00:00:00+00:00,10,92.09,49.017834,LSTM
2026-04-10 00:00:00+00:00,11,88.9375,75.002945,LSTM
2026-04-10 00:00:00+00:00,12,87.4,66.29241,LSTM
2026-04-10 00:00:00+00:00,13,94.0175,71.72712,LSTM
2026-04-10 00:00:00+00:00,14,108.78,45.614357,LSTM
2026-04-10 00:00:00+00:00,15,130.1025,65.50501,LSTM
2026-04-10 00:00:00+00:00,16,155.29,66.49191,LSTM
2026-04-10 00:00:00+00:00,17,227.7675,61.87286,LSTM
2026-04-10 00:00:00+00:00,18,245.115,91.3913,LSTM
2026-04-10 00:00:00+00:00,19,176.4775,87.53205,LSTM
2026-04-10 00:00:00+00:00,20,149.305,82.38629,LSTM
2026-04-10 00:00:00+00:00,21,131.96,55.62787,LSTM
2026-04-10 00:00:00+00:00,22,134.015,62.502327,LSTM
2026-04-10 00:00:00+00:00,23,120.6325,66.95572,LSTM
2026-04-11 00:00:00+00:00,0,114.3825,38.09558,LSTM
2026-04-11 00:00:00+00:00,1,112.35,37.196655,LSTM
2026-04-11 00:00:00+00:00,2,110.8375,28.563242,LSTM
2026-04-11 00:00:00+00:00,3,108.36,42.17081,LSTM
2026-04-11 00:00:00+00:00,4,106.605,35.103767,LSTM
2026-04-11 00:00:00+00:00,5,93.2375,34.35073,LSTM
2026-04-11 00:00:00+00:00,6,69.61,46.995956,LSTM
2026-04-11 00:00:00+00:00,7,21.57,36.09746,LSTM
2026-04-11 00:00:00+00:00,8,-0.1574999999999997,6.448494,LSTM
2026-04-11 00:00:00+00:00,9,-8.307500000000001,13.447489,LSTM
2026-04-11 00:00:00+00:00,10,-40.2525,-3.8557816,LSTM
2026-04-11 00:00:00+00:00,11,-79.965,-0.70742035,LSTM
2026-04-11 00:00:00+00:00,12,-77.635,3.5630512,LSTM
2026-04-11 00:00:00+00:00,13,-45.8275,8.606411,LSTM
2026-04-11 00:00:00+00:00,14,-15.7975,-1.7163639,LSTM
2026-04-11 00:00:00+00:00,15,-0.7149999999999999,28.614134,LSTM
2026-04-11 00:00:00+00:00,16,43.697500000000005,15.475271,LSTM
2026-04-11 00:00:00+00:00,17,73.8175,23.672434,LSTM
2026-04-11 00:00:00+00:00,18,74.7875,45.71059,LSTM
2026-04-11 00:00:00+00:00,19,65.2325,41.33048,LSTM
2026-04-11 00:00:00+00:00,20,68.6275,43.60362,LSTM
2026-04-11 00:00:00+00:00,21,68.625,23.691738,LSTM
2026-04-11 00:00:00+00:00,22,72.52250000000001,31.828945,LSTM
2026-04-11 00:00:00+00:00,23,76.57249999999999,35.57127,LSTM
2026-04-12 00:00:00+00:00,0,80.4225,33.05086,LSTM
2026-04-12 00:00:00+00:00,1,85.26,31.693447,LSTM
2026-04-12 00:00:00+00:00,2,95.1025,37.33074,LSTM
2026-04-12 00:00:00+00:00,3,98.05,36.596603,LSTM
2026-04-12 00:00:00+00:00,4,98.7,37.03882,LSTM
2026-04-12 00:00:00+00:00,5,94.3175,40.357193,LSTM
2026-04-12 00:00:00+00:00,6,76.10249999999999,52.55253,LSTM
2026-04-12 00:00:00+00:00,7,53.3225,57.283092,LSTM
2026-04-12 00:00:00+00:00,8,30.2325,49.32538,LSTM
2026-04-12 00:00:00+00:00,9,22.415,54.94137,LSTM
2026-04-12 00:00:00+00:00,10,14.975,59.165085,LSTM
2026-04-12 00:00:00+00:00,11,1.97,72.91021,LSTM
2026-04-12 00:00:00+00:00,12,4.625,71.39064,LSTM
2026-04-12 00:00:00+00:00,13,15.905,67.7993,LSTM
2026-04-12 00:00:00+00:00,14,67.55,58.63755,LSTM
2026-04-12 00:00:00+00:00,15,110.1775,71.96394,LSTM
2026-04-12 00:00:00+00:00,16,135.3875,72.893875,LSTM
2026-04-12 00:00:00+00:00,17,144.765,71.4397,LSTM
2026-04-12 00:00:00+00:00,18,146.8025,98.19714,LSTM
2026-04-12 00:00:00+00:00,19,136.73250000000002,97.82456,LSTM
2026-04-12 00:00:00+00:00,20,130.6075,78.96803,LSTM
2026-04-12 00:00:00+00:00,21,121.0175,60.106735,LSTM
2026-04-12 00:00:00+00:00,22,116.5425,61.065796,LSTM
2026-04-12 00:00:00+00:00,23,109.795,57.525864,LSTM
2026-04-13 00:00:00+00:00,0,107.315,40.879772,LSTM
2026-04-13 00:00:00+00:00,1,107.59,43.631958,LSTM
2026-04-13 00:00:00+00:00,2,110.02,33.188187,LSTM
2026-04-13 00:00:00+00:00,3,119.0725,43.045883,LSTM
2026-04-13 00:00:00+00:00,4,136.115,42.16525,LSTM
2026-04-13 00:00:00+00:00,5,145.12,41.436478,LSTM
2026-04-13 00:00:00+00:00,6,173.88,65.50084,LSTM
2026-04-13 00:00:00+00:00,7,160.965,89.47315,LSTM
2026-04-13 00:00:00+00:00,8,138.63,72.26186,LSTM
2026-04-13 00:00:00+00:00,9,116.0,76.16859,LSTM
2026-04-13 00:00:00+00:00,10,104.735,71.84114,LSTM
2026-04-13 00:00:00+00:00,11,97.3925,87.97655,LSTM
2026-04-13 00:00:00+00:00,12,101.695,83.88091,LSTM
2026-04-13 00:00:00+00:00,13,104.6375,86.52265,LSTM
2026-04-13 00:00:00+00:00,14,114.5975,72.673355,LSTM
2026-04-13 00:00:00+00:00,15,130.3775,89.81482,LSTM
2026-04-13 00:00:00+00:00,16,148.2,90.40229,LSTM
2026-04-13 00:00:00+00:00,17,164.5225,90.750534,LSTM
2026-04-13 00:00:00+00:00,18,156.61,106.87665,LSTM
2026-04-13 00:00:00+00:00,19,139.0475,96.4709,LSTM
2026-04-13 00:00:00+00:00,20,129.76,86.6824,LSTM
2026-04-13 00:00:00+00:00,21,122.6275,53.522064,LSTM
2026-04-13 00:00:00+00:00,22,116.0625,54.686073,LSTM
2026-04-13 00:00:00+00:00,23,113.665,54.056496,LSTM
2026-04-14 00:00:00+00:00,0,114.99,31.872892,LSTM
2026-04-14 00:00:00+00:00,1,113.385,35.424866,LSTM
2026-04-14 00:00:00+00:00,2,114.68,29.947395,LSTM
2026-04-14 00:00:00+00:00,3,118.1475,41.81506,LSTM
2026-04-14 00:00:00+00:00,4,138.72,44.316673,LSTM
2026-04-14 00:00:00+00:00,5,163.0225,43.1391,LSTM
2026-04-14 00:00:00+00:00,6,164.495,56.840725,LSTM
2026-04-14 00:00:00+00:00,7,144.32999999999998,65.75243,LSTM
2026-04-14 00:00:00+00:00,8,128.82999999999998,49.165344,LSTM
2026-04-14 00:00:00+00:00,9,117.3325,59.445656,LSTM
2026-04-14 00:00:00+00:00,10,109.5075,61.801895,LSTM
2026-04-14 00:00:00+00:00,11,104.7,76.08392,LSTM
2026-04-14 00:00:00+00:00,12,108.91,80.746475,LSTM
2026-04-14 00:00:00+00:00,13,115.5675,76.667465,LSTM
2026-04-14 00:00:00+00:00,14,121.695,66.23627,LSTM
2026-04-14 00:00:00+00:00,15,137.4375,85.13861,LSTM
2026-04-14 00:00:00+00:00,16,160.015,79.45737,LSTM
2026-04-14 00:00:00+00:00,17,224.7525,82.00164,LSTM
2026-04-14 00:00:00+00:00,18,234.2775,110.47519,LSTM
2026-04-14 00:00:00+00:00,19,165.9475,102.25967,LSTM
2026-04-14 00:00:00+00:00,20,148.2575,84.81079,LSTM
2026-04-14 00:00:00+00:00,21,135.37,51.614708,LSTM
2026-04-14 00:00:00+00:00,22,121.6,59.090084,LSTM
2026-04-14 00:00:00+00:00,23,116.4575,57.061394,LSTM
2026-04-15 00:00:00+00:00,0,111.7675,33.409286,LSTM
2026-04-15 00:00:00+00:00,1,110.0175,36.65701,LSTM
2026-04-15 00:00:00+00:00,2,110.8425,23.32665,LSTM
2026-04-15 00:00:00+00:00,3,123.18,39.11162,LSTM
2026-04-15 00:00:00+00:00,4,148.44,40.929104,LSTM
2026-04-15 00:00:00+00:00,5,159.5525,39.53884,LSTM
2026-04-15 00:00:00+00:00,6,140.1,54.56397,LSTM
2026-04-15 00:00:00+00:00,7,116.32,54.16237,LSTM
2026-04-15 00:00:00+00:00,8,100.8025,33.85678,LSTM
2026-04-15 00:00:00+00:00,9,78.94,38.834526,LSTM
2026-04-15 00:00:00+00:00,10,58.3175,39.420357,LSTM
2026-04-15 00:00:00+00:00,11,50.2325,52.435097,LSTM
2026-04-15 00:00:00+00:00,12,67.25750000000001,58.22551,LSTM
2026-04-15 00:00:00+00:00,13,81.4925,64.00877,LSTM
2026-04-15 00:00:00+00:00,14,99.255,60.23944,LSTM
2026-04-15 00:00:00+00:00,15,124.84,91.35696,LSTM
2026-04-15 00:00:00+00:00,16,141.9,76.77016,LSTM
2026-04-15 00:00:00+00:00,17,180.07999999999998,81.451126,LSTM
2026-04-15 00:00:00+00:00,18,180.8,107.27681,LSTM
2026-04-15 00:00:00+00:00,19,148.07999999999998,101.70152,LSTM
2026-04-15 00:00:00+00:00,20,132.685,77.57033,LSTM
2026-04-15 00:00:00+00:00,21,117.77,46.03426,LSTM
2026-04-15 00:00:00+00:00,22,106.215,50.599953,LSTM
2026-04-15 00:00:00+00:00,23,101.3975,45.786877,LSTM
2026-04-16 00:00:00+00:00,0,99.595,31.64584,LSTM
2026-04-16 00:00:00+00:00,1,98.365,35.097794,LSTM
2026-04-16 00:00:00+00:00,2,100.9025,23.492163,LSTM
2026-04-16 00:00:00+00:00,3,110.605,40.207245,LSTM
2026-04-16 00:00:00+00:00,4,139.475,43.20494,LSTM
2026-04-16 00:00:00+00:00,5,145.02249999999998,42.268597,LSTM
2026-04-16 00:00:00+00:00,6,133.635,55.407806,LSTM
2026-04-16 00:00:00+00:00,7,110.195,52.939503,LSTM
2026-04-16 00:00:00+00:00,8,96.3525,40.020943,LSTM
2026-04-16 00:00:00+00:00,9,75.6725,38.588387,LSTM
2026-04-16 00:00:00+00:00,10,60.5125,45.494446,LSTM
2026-04-16 00:00:00+00:00,11,45.7675,55.883545,LSTM
2026-04-16 00:00:00+00:00,12,53.9725,57.69731,LSTM
2026-04-16 00:00:00+00:00,13,70.87,55.704037,LSTM
2026-04-16 00:00:00+00:00,14,89.7575,51.02842,LSTM
2026-04-16 00:00:00+00:00,15,111.555,78.69049,LSTM
2026-04-16 00:00:00+00:00,16,131.145,63.06893,LSTM
2026-04-16 00:00:00+00:00,17,166.9275,69.42227,LSTM
2026-04-16 00:00:00+00:00,18,187.3175,97.68689,LSTM
2026-04-16 00:00:00+00:00,19,155.01,97.61961,LSTM
2026-04-16 00:00:00+00:00,20,138.76,76.66913,LSTM
2026-04-16 00:00:00+00:00,21,127.3625,51.451904,LSTM
2026-04-16 00:00:00+00:00,22,121.7725,55.298035,LSTM
2026-04-16 00:00:00+00:00,23,115.5225,49.791283,LSTM
2026-04-17 00:00:00+00:00,0,112.5325,34.951157,LSTM
2026-04-17 00:00:00+00:00,1,108.5125,40.126163,LSTM
2026-04-17 00:00:00+00:00,2,111.4675,24.524448,LSTM
2026-04-17 00:00:00+00:00,3,120.1925,42.64084,LSTM
2026-04-17 00:00:00+00:00,4,146.5675,43.748863,LSTM
2026-04-17 00:00:00+00:00,5,148.555,41.35142,LSTM
2026-04-17 00:00:00+00:00,6,127.1575,57.874542,LSTM
2026-04-17 00:00:00+00:00,7,101.9025,53.775246,LSTM
2026-04-17 00:00:00+00:00,8,90.7825,34.096554,LSTM
2026-04-17 00:00:00+00:00,9,57.88,38.63671,LSTM
2026-04-17 00:00:00+00:00,10,30.87,35.77384,LSTM
2026-04-17 00:00:00+00:00,11,26.445,47.844757,LSTM
2026-04-17 00:00:00+00:00,12,31.3725,51.207184,LSTM
2026-04-17 00:00:00+00:00,13,59.9975,53.385723,LSTM
2026-04-17 00:00:00+00:00,14,81.82,46.0739,LSTM
2026-04-17 00:00:00+00:00,15,102.31,73.186264,LSTM
2026-04-17 00:00:00+00:00,16,126.755,57.586357,LSTM
2026-04-17 00:00:00+00:00,17,157.405,63.6586,LSTM
2026-04-17 00:00:00+00:00,18,157.1125,89.78299,LSTM
2026-04-17 00:00:00+00:00,19,138.0075,85.342865,LSTM
2026-04-17 00:00:00+00:00,20,123.93,73.71711,LSTM
2026-04-17 00:00:00+00:00,21,112.71,43.258038,LSTM
2026-04-17 00:00:00+00:00,22,116.245,49.255318,LSTM
2026-04-17 00:00:00+00:00,23,110.8775,47.598885,LSTM
2026-04-18 00:00:00+00:00,0,109.6625,35.39446,LSTM
2026-04-18 00:00:00+00:00,1,107.695,34.52819,LSTM
2026-04-18 00:00:00+00:00,2,108.8725,32.548523,LSTM
2026-04-18 00:00:00+00:00,3,110.905,33.797596,LSTM
2026-04-18 00:00:00+00:00,4,110.83,32.757298,LSTM
2026-04-18 00:00:00+00:00,5,105.7425,35.947006,LSTM
2026-04-18 00:00:00+00:00,6,92.2875,41.208755,LSTM
2026-04-18 00:00:00+00:00,7,75.1275,30.172506,LSTM
2026-04-18 00:00:00+00:00,8,39.5675,21.540913,LSTM
2026-04-18 00:00:00+00:00,9,3.94,33.25291,LSTM
2026-04-18 00:00:00+00:00,10,-3.3825000000000003,28.027378,LSTM
2026-04-18 00:00:00+00:00,11,-4.08,36.22842,LSTM
2026-04-18 00:00:00+00:00,12,-0.1,46.3267,LSTM
2026-04-18 00:00:00+00:00,13,18.8975,47.8968,LSTM
2026-04-18 00:00:00+00:00,14,44.8875,39.098076,LSTM
2026-04-18 00:00:00+00:00,15,90.805,52.81391,LSTM
2026-04-18 00:00:00+00:00,16,119.595,46.978798,LSTM
2026-04-18 00:00:00+00:00,17,131.54,45.898323,LSTM
2026-04-18 00:00:00+00:00,18,144.89,83.71022,LSTM
2026-04-18 00:00:00+00:00,19,140.29500000000002,81.31984,LSTM
2026-04-18 00:00:00+00:00,20,129.9925,67.16438,LSTM
2026-04-18 00:00:00+00:00,21,125.0,49.229164,LSTM
2026-04-18 00:00:00+00:00,22,116.56,53.39898,LSTM
2026-04-18 00:00:00+00:00,23,109.95,44.156822,LSTM
2026-04-19 00:00:00+00:00,0,109.205,32.214798,LSTM
2026-04-19 00:00:00+00:00,1,106.3225,31.725601,LSTM
2026-04-19 00:00:00+00:00,2,105.415,32.685677,LSTM
2026-04-19 00:00:00+00:00,3,106.55,38.599087,LSTM
2026-04-19 00:00:00+00:00,4,104.7825,38.232872,LSTM
2026-04-19 00:00:00+00:00,5,100.0325,38.286537,LSTM
2026-04-19 00:00:00+00:00,6,96.63,51.313442,LSTM
2026-04-19 00:00:00+00:00,7,93.8425,49.60875,LSTM
2026-04-19 00:00:00+00:00,8,71.385,38.19504,LSTM
2026-04-19 00:00:00+00:00,9,31.985,36.265076,LSTM
2026-04-19 00:00:00+00:00,10,5.735,34.22389,LSTM
2026-04-19 00:00:00+00:00,11,-0.8475,37.769924,LSTM
2026-04-19 00:00:00+00:00,12,-3.005,37.99171,LSTM
2026-04-19 00:00:00+00:00,13,-2.255,27.570215,LSTM
2026-04-19 00:00:00+00:00,14,16.02,20.614716,LSTM
2026-04-19 00:00:00+00:00,15,73.7575,34.704376,LSTM
2026-04-19 00:00:00+00:00,16,103.855,32.03337,LSTM
2026-04-19 00:00:00+00:00,17,117.3525,39.36546,LSTM
2026-04-19 00:00:00+00:00,18,124.1125,58.852413,LSTM
2026-04-19 00:00:00+00:00,19,121.5475,63.713997,LSTM
2026-04-19 00:00:00+00:00,20,119.3625,58.258606,LSTM
2026-04-19 00:00:00+00:00,21,111.2325,41.797688,LSTM
2026-04-19 00:00:00+00:00,22,106.3075,47.10991,LSTM
2026-04-19 00:00:00+00:00,23,101.1125,45.450844,LSTM
2026-04-20 00:00:00+00:00,0,99.0125,28.904305,LSTM
2026-04-20 00:00:00+00:00,1,99.04,34.08479,LSTM
2026-04-20 00:00:00+00:00,2,102.3025,20.606949,LSTM
2026-04-20 00:00:00+00:00,3,111.6,44.773567,LSTM
2026-04-20 00:00:00+00:00,4,129.385,45.712257,LSTM
2026-04-20 00:00:00+00:00,5,142.2075,43.21958,LSTM
2026-04-20 00:00:00+00:00,6,134.32,66.522934,LSTM
2026-04-20 00:00:00+00:00,7,110.015,82.001976,LSTM
2026-04-20 00:00:00+00:00,8,90.1975,55.792473,LSTM
2026-04-20 00:00:00+00:00,9,75.88749999999999,47.565357,LSTM
2026-04-20 00:00:00+00:00,10,51.182500000000005,55.14073,LSTM
2026-04-20 00:00:00+00:00,11,32.595,67.442696,LSTM
2026-04-20 00:00:00+00:00,12,29.57,59.679756,LSTM
2026-04-20 00:00:00+00:00,13,46.475,58.930748,LSTM
2026-04-20 00:00:00+00:00,14,78.325,52.627728,LSTM
2026-04-20 00:00:00+00:00,15,97.245,85.96884,LSTM
2026-04-20 00:00:00+00:00,16,112.91,70.83856,LSTM
2026-04-20 00:00:00+00:00,17,123.4075,81.96367,LSTM
2026-04-20 00:00:00+00:00,18,127.18,89.98808,LSTM
2026-04-20 00:00:00+00:00,19,121.94,91.075966,LSTM
2026-04-20 00:00:00+00:00,20,115.9725,76.172035,LSTM
2026-04-20 00:00:00+00:00,21,106.7925,46.003815,LSTM
2026-04-20 00:00:00+00:00,22,99.0,49.2388,LSTM
2026-04-20 00:00:00+00:00,23,98.6425,50.86049,LSTM
2026-04-21 00:00:00+00:00,0,98.3725,34.640434,LSTM
2026-04-21 00:00:00+00:00,1,99.075,39.14682,LSTM
2026-04-21 00:00:00+00:00,2,100.19,30.697636,LSTM
2026-04-21 00:00:00+00:00,3,108.4475,46.540764,LSTM
2026-04-21 00:00:00+00:00,4,127.085,48.595554,LSTM
2026-04-21 00:00:00+00:00,5,135.3275,47.005142,LSTM
2026-04-21 00:00:00+00:00,6,118.9475,65.19117,LSTM
2026-04-21 00:00:00+00:00,7,97.305,68.16844,LSTM
2026-04-21 00:00:00+00:00,8,59.895,47.484577,LSTM
2026-04-21 00:00:00+00:00,9,19.602500000000003,46.19527,LSTM
2026-04-21 00:00:00+00:00,10,-0.0974999999999999,48.408825,LSTM
2026-04-21 00:00:00+00:00,11,-1.7525,57.378044,LSTM
2026-04-21 00:00:00+00:00,12,-3.7,58.699394,LSTM
2026-04-21 00:00:00+00:00,13,-1.8625,55.12364,LSTM
2026-04-21 00:00:00+00:00,14,14.535,49.004303,LSTM
2026-04-21 00:00:00+00:00,15,69.83,73.847565,LSTM
2026-04-21 00:00:00+00:00,16,102.645,63.12617,LSTM
2026-04-21 00:00:00+00:00,17,134.11,70.749626,LSTM
2026-04-21 00:00:00+00:00,18,144.775,95.95729,LSTM
2026-04-21 00:00:00+00:00,19,129.62,92.51032,LSTM
2026-04-21 00:00:00+00:00,20,119.845,79.60963,LSTM
2026-04-21 00:00:00+00:00,21,111.8725,51.057053,LSTM
2026-04-21 00:00:00+00:00,22,107.095,56.969578,LSTM
2026-04-21 00:00:00+00:00,23,104.11,55.886368,LSTM
2026-04-22 00:00:00+00:00,0,104.2,31.903692,LSTM
2026-04-22 00:00:00+00:00,1,104.8475,34.90486,LSTM
2026-04-22 00:00:00+00:00,2,109.6925,24.65644,LSTM
2026-04-22 00:00:00+00:00,3,121.2325,43.387875,LSTM
2026-04-22 00:00:00+00:00,4,139.8425,45.66765,LSTM
2026-04-22 00:00:00+00:00,5,134.7975,44.47305,LSTM
2026-04-22 00:00:00+00:00,6,113.865,57.180264,LSTM
2026-04-22 00:00:00+00:00,7,79.555,45.23511,LSTM
2026-04-22 00:00:00+00:00,8,20.155,25.989256,LSTM
2026-04-22 00:00:00+00:00,9,-2.42,24.600317,LSTM
2026-04-22 00:00:00+00:00,10,-8.8325,30.51348,LSTM
2026-04-22 00:00:00+00:00,11,-20.985,35.76729,LSTM
2026-04-22 00:00:00+00:00,12,-19.0,39.946598,LSTM
2026-04-22 00:00:00+00:00,13,-4.92,36.36203,LSTM
2026-04-22 00:00:00+00:00,14,-0.0099999999999998,33.799038,LSTM
2026-04-22 00:00:00+00:00,15,57.405,65.293884,LSTM
2026-04-22 00:00:00+00:00,16,105.2975,46.176113,LSTM
2026-04-22 00:00:00+00:00,17,140.1175,56.41182,LSTM
2026-04-22 00:00:00+00:00,18,153.91,80.71283,LSTM
2026-04-22 00:00:00+00:00,19,128.51,83.39555,LSTM
2026-04-22 00:00:00+00:00,20,114.45,65.32757,LSTM
2026-04-22 00:00:00+00:00,21,105.0775,42.22383,LSTM
2026-04-22 00:00:00+00:00,22,100.14,49.99614,LSTM
2026-04-22 00:00:00+00:00,23,97.625,46.16304,LSTM
2026-04-23 00:00:00+00:00,0,96.735,29.855865,LSTM
2026-04-23 00:00:00+00:00,1,96.2075,32.75684,LSTM
2026-04-23 00:00:00+00:00,2,95.85,18.547815,LSTM
2026-04-23 00:00:00+00:00,3,104.16,43.14207,LSTM
2026-04-23 00:00:00+00:00,4,119.0,43.964256,LSTM
2026-04-23 00:00:00+00:00,5,119.4,41.354412,LSTM
2026-04-23 00:00:00+00:00,6,109.6975,50.742867,LSTM
2026-04-23 00:00:00+00:00,7,63.2925,35.83084,LSTM
2026-04-23 00:00:00+00:00,8,-0.5625,16.91284,LSTM
2026-04-23 00:00:00+00:00,9,-6.175,13.410585,LSTM
2026-04-23 00:00:00+00:00,10,-29.0075,18.12664,LSTM
2026-04-23 00:00:00+00:00,11,-49.56,18.805027,LSTM
2026-04-23 00:00:00+00:00,12,-48.8625,20.985638,LSTM
2026-04-23 00:00:00+00:00,13,-22.89,15.244242,LSTM
2026-04-23 00:00:00+00:00,14,-1.93,11.066929,LSTM
2026-04-23 00:00:00+00:00,15,21.9675,45.49922,LSTM
2026-04-23 00:00:00+00:00,16,93.5725,20.613384,LSTM
2026-04-23 00:00:00+00:00,17,121.5,35.546352,LSTM
2026-04-23 00:00:00+00:00,18,136.955,58.30439,LSTM
2026-04-23 00:00:00+00:00,19,116.2875,63.698418,LSTM
2026-04-23 00:00:00+00:00,20,108.235,50.761524,LSTM
2026-04-23 00:00:00+00:00,21,99.4575,31.536888,LSTM
2026-04-23 00:00:00+00:00,22,102.455,40.026268,LSTM
2026-04-23 00:00:00+00:00,23,100.13,37.842457,LSTM
2026-04-24 00:00:00+00:00,0,100.71,32.956924,LSTM
2026-04-24 00:00:00+00:00,1,101.69,35.59237,LSTM
2026-04-24 00:00:00+00:00,2,105.3575,25.31452,LSTM
2026-04-24 00:00:00+00:00,3,116.305,45.271935,LSTM
2026-04-24 00:00:00+00:00,4,131.8725,43.481544,LSTM
2026-04-24 00:00:00+00:00,5,137.9875,43.623848,LSTM
2026-04-24 00:00:00+00:00,6,117.685,56.978096,LSTM
2026-04-24 00:00:00+00:00,7,80.905,47.54805,LSTM
2026-04-24 00:00:00+00:00,8,19.5725,23.1511,LSTM
2026-04-24 00:00:00+00:00,9,-0.035,25.661068,LSTM
2026-04-24 00:00:00+00:00,10,-6.9075,26.916422,LSTM
2026-04-24 00:00:00+00:00,11,-26.14,32.64976,LSTM
2026-04-24 00:00:00+00:00,12,-30.0025,32.455994,LSTM
2026-04-24 00:00:00+00:00,13,-16.555,30.717966,LSTM
2026-04-24 00:00:00+00:00,14,-1.6124999999999998,22.88895,LSTM
2026-04-24 00:00:00+00:00,15,50.9075,56.549305,LSTM
2026-04-24 00:00:00+00:00,16,104.8175,37.18034,LSTM
2026-04-24 00:00:00+00:00,17,133.81,46.128643,LSTM
2026-04-24 00:00:00+00:00,18,137.34,70.13813,LSTM
2026-04-24 00:00:00+00:00,19,131.025,72.54497,LSTM
2026-04-24 00:00:00+00:00,20,121.8775,59.4059,LSTM
2026-04-24 00:00:00+00:00,21,113.4425,36.982693,LSTM
2026-04-24 00:00:00+00:00,22,100.625,44.365032,LSTM
2026-04-24 00:00:00+00:00,23,95.54,45.228233,LSTM
2026-04-25 00:00:00+00:00,0,95.12,36.435413,LSTM
2026-04-25 00:00:00+00:00,1,95.1575,34.754707,LSTM
2026-04-25 00:00:00+00:00,2,88.4575,32.090435,LSTM
2026-04-25 00:00:00+00:00,3,88.03,40.52597,LSTM
2026-04-25 00:00:00+00:00,4,83.1825,34.03067,LSTM
2026-04-25 00:00:00+00:00,5,71.3625,34.05085,LSTM
2026-04-25 00:00:00+00:00,6,20.035,41.34993,LSTM
2026-04-25 00:00:00+00:00,7,-0.0424999999999999,25.91304,LSTM
2026-04-25 00:00:00+00:00,8,-7.27,1.2730904,LSTM
2026-04-25 00:00:00+00:00,9,-42.1425,18.444237,LSTM
2026-04-25 00:00:00+00:00,10,-100.5125,0.91620255,LSTM
2026-04-25 00:00:00+00:00,11,-176.4425,2.3368492,LSTM
2026-04-25 00:00:00+00:00,12,-190.865,12.104521,LSTM
2026-04-25 00:00:00+00:00,13,-133.8025,11.61334,LSTM
2026-04-25 00:00:00+00:00,14,-53.975,-2.563158,LSTM
2026-04-25 00:00:00+00:00,15,-5.245,17.355736,LSTM
2026-04-25 00:00:00+00:00,16,4.615,7.29348,LSTM
2026-04-25 00:00:00+00:00,17,65.19749999999999,13.207319,LSTM
2026-04-25 00:00:00+00:00,18,75.42,40.252644,LSTM
2026-04-25 00:00:00+00:00,19,72.005,37.68053,LSTM
2026-04-25 00:00:00+00:00,20,72.6775,42.464493,LSTM
2026-04-25 00:00:00+00:00,21,69.97999999999999,24.7641,LSTM
2026-04-25 00:00:00+00:00,22,79.44,37.328533,LSTM
2026-04-25 00:00:00+00:00,23,83.595,39.52778,LSTM
2026-04-26 00:00:00+00:00,0,87.1,27.464987,LSTM
2026-04-26 00:00:00+00:00,1,90.4875,26.458004,LSTM
2026-04-26 00:00:00+00:00,2,94.1525,31.445494,LSTM
2026-04-26 00:00:00+00:00,3,98.64,34.078594,LSTM
2026-04-26 00:00:00+00:00,4,94.185,32.09323,LSTM
2026-04-26 00:00:00+00:00,5,83.1525,40.849785,LSTM
2026-04-26 00:00:00+00:00,6,54.3125,54.91472,LSTM
2026-04-26 00:00:00+00:00,7,-0.01,43.18892,LSTM
2026-04-26 00:00:00+00:00,8,-28.185,28.292557,LSTM
2026-04-26 00:00:00+00:00,9,-127.365,23.804167,LSTM
2026-04-26 00:00:00+00:00,10,-259.96000000000004,32.224525,LSTM
2026-04-26 00:00:00+00:00,11,-413.77,39.418,LSTM
2026-04-26 00:00:00+00:00,12,-413.245,40.942734,LSTM
2026-04-26 00:00:00+00:00,13,-235.8925,42.283024,LSTM
2026-04-26 00:00:00+00:00,14,-37.305,37.48553,LSTM
2026-04-26 00:00:00+00:00,15,11.177499999999998,63.065628,LSTM
2026-04-26 00:00:00+00:00,16,113.0975,49.505882,LSTM
2026-04-26 00:00:00+00:00,17,150.2875,50.552383,LSTM
2026-04-26 00:00:00+00:00,18,157.815,80.03482,LSTM
2026-04-26 00:00:00+00:00,19,140.6525,95.78211,LSTM
2026-04-26 00:00:00+00:00,20,126.4075,71.528275,LSTM
2026-04-26 00:00:00+00:00,21,122.875,62.696266,LSTM
2026-04-26 00:00:00+00:00,22,118.4475,60.92107,LSTM
2026-04-26 00:00:00+00:00,23,113.03,49.771385,LSTM
2026-04-27 00:00:00+00:00,0,112.71,25.214703,LSTM
2026-04-27 00:00:00+00:00,1,112.825,31.555412,LSTM
2026-04-27 00:00:00+00:00,2,116.74,10.750348,LSTM
2026-04-27 00:00:00+00:00,3,125.6675,37.669605,LSTM
2026-04-27 00:00:00+00:00,4,165.5675,39.98387,LSTM
2026-04-27 00:00:00+00:00,5,153.69,38.524002,LSTM
2026-04-27 00:00:00+00:00,6,126.5475,59.391407,LSTM
2026-04-27 00:00:00+00:00,7,92.5275,56.34594,LSTM
2026-04-27 00:00:00+00:00,8,59.1425,35.93214,LSTM
2026-04-27 00:00:00+00:00,9,4.14,24.771233,LSTM
2026-04-27 00:00:00+00:00,10,-0.0975,34.510567,LSTM
2026-04-27 00:00:00+00:00,11,-0.83,47.350765,LSTM
2026-04-27 00:00:00+00:00,12,-0.1625,42.34173,LSTM
2026-04-27 00:00:00+00:00,13,5.1425,49.472103,LSTM
2026-04-27 00:00:00+00:00,14,68.66499999999999,50.245193,LSTM
2026-04-27 00:00:00+00:00,15,107.185,91.080154,LSTM
2026-04-27 00:00:00+00:00,16,129.8525,65.01548,LSTM
2026-04-27 00:00:00+00:00,17,172.3,76.575195,LSTM
2026-04-27 00:00:00+00:00,18,188.1175,86.90797,LSTM
2026-04-27 00:00:00+00:00,19,148.46,94.57983,LSTM
2026-04-27 00:00:00+00:00,20,125.6475,68.45298,LSTM
2026-04-27 00:00:00+00:00,21,115.2025,42.738605,LSTM
2026-04-27 00:00:00+00:00,22,112.66,43.604465,LSTM
2026-04-27 00:00:00+00:00,23,106.9025,39.13185,LSTM
2026-04-28 00:00:00+00:00,0,102.98,27.871819,LSTM
2026-04-28 00:00:00+00:00,1,102.83,31.33894,LSTM
2026-04-28 00:00:00+00:00,2,105.2775,22.708523,LSTM
2026-04-28 00:00:00+00:00,3,111.835,39.92221,LSTM
2026-04-28 00:00:00+00:00,4,122.1,36.71145,LSTM
2026-04-28 00:00:00+00:00,5,121.43,36.146175,LSTM
2026-04-28 00:00:00+00:00,6,112.315,50.158775,LSTM
2026-04-28 00:00:00+00:00,7,79.7775,41.22375,LSTM
2026-04-28 00:00:00+00:00,8,21.815,12.979313,LSTM
2026-04-28 00:00:00+00:00,9,-1.085,23.081541,LSTM
2026-04-28 00:00:00+00:00,10,-14.0425,12.931347,LSTM
2026-04-28 00:00:00+00:00,11,-29.0,20.368782,LSTM
2026-04-28 00:00:00+00:00,12,-29.0075,27.818932,LSTM
2026-04-28 00:00:00+00:00,13,-17.33,30.236223,LSTM
2026-04-28 00:00:00+00:00,14,-4.655,18.807941,LSTM
2026-04-28 00:00:00+00:00,15,33.315,48.75337,LSTM
2026-04-28 00:00:00+00:00,16,90.1,31.210531,LSTM
2026-04-28 00:00:00+00:00,17,117.4,39.725,LSTM
2026-04-28 00:00:00+00:00,18,120.9725,65.592255,LSTM
2026-04-28 00:00:00+00:00,19,115.8275,61.914597,LSTM
2026-04-28 00:00:00+00:00,20,111.295,55.963524,LSTM
2026-04-28 00:00:00+00:00,21,101.77,29.058228,LSTM
2026-04-28 00:00:00+00:00,22,98.2075,37.84885,LSTM
2026-04-28 00:00:00+00:00,23,96.725,39.156143,LSTM
2026-04-29 00:00:00+00:00,0,97.9175,31.7222,LSTM
2026-04-29 00:00:00+00:00,1,98.5275,34.159542,LSTM
2026-04-29 00:00:00+00:00,2,100.65,22.195644,LSTM
2026-04-29 00:00:00+00:00,3,107.905,40.495907,LSTM
2026-04-29 00:00:00+00:00,4,139.7975,38.4998,LSTM
2026-04-29 00:00:00+00:00,5,126.8475,39.14945,LSTM
2026-04-29 00:00:00+00:00,6,112.365,53.909775,LSTM
2026-04-29 00:00:00+00:00,7,66.42,48.825787,LSTM
2026-04-29 00:00:00+00:00,8,-1.0775,24.073902,LSTM
2026-04-29 00:00:00+00:00,9,-11.5675,28.3533,LSTM
2026-04-29 00:00:00+00:00,10,-33.765,27.199503,LSTM
2026-04-29 00:00:00+00:00,11,-60.3625,36.97008,LSTM
2026-04-29 00:00:00+00:00,12,-55.4325,39.037052,LSTM
2026-04-29 00:00:00+00:00,13,-36.22,43.937424,LSTM
2026-04-29 00:00:00+00:00,14,-11.25,36.485897,LSTM
2026-04-29 00:00:00+00:00,15,19.645,73.364655,LSTM
2026-04-29 00:00:00+00:00,16,91.145,53.831818,LSTM
2026-04-29 00:00:00+00:00,17,125.81,60.06501,LSTM
2026-04-29 00:00:00+00:00,18,145.5925,87.53371,LSTM
2026-04-29 00:00:00+00:00,19,129.95,87.409744,LSTM
2026-04-29 00:00:00+00:00,20,115.6575,66.84536,LSTM
2026-04-29 00:00:00+00:00,21,105.0975,40.584232,LSTM
2026-04-29 00:00:00+00:00,22,100.32,44.579674,LSTM
2026-04-29 00:00:00+00:00,23,100.11,42.843006,LSTM
2026-04-30 00:00:00+00:00,0,98.57,33.874165,LSTM
2026-04-30 00:00:00+00:00,1,99.4775,36.57123,LSTM
2026-04-30 00:00:00+00:00,2,104.09,25.292078,LSTM
2026-04-30 00:00:00+00:00,3,114.1025,40.90415,LSTM
2026-04-30 00:00:00+00:00,4,139.12,39.55815,LSTM
2026-04-30 00:00:00+00:00,5,122.285,40.543533,LSTM
2026-04-30 00:00:00+00:00,6,96.2175,53.383896,LSTM
2026-04-30 00:00:00+00:00,7,45.555,38.779236,LSTM
2026-04-30 00:00:00+00:00,8,-0.0375,18.358982,LSTM
2026-04-30 00:00:00+00:00,9,-3.875,22.567677,LSTM
2026-04-30 00:00:00+00:00,10,-16.2525,20.877209,LSTM
2026-04-30 00:00:00+00:00,11,-32.02,28.109468,LSTM
2026-04-30 00:00:00+00:00,12,-28.93,32.501896,LSTM
2026-04-30 00:00:00+00:00,13,-12.05,35.231586,LSTM
2026-04-30 00:00:00+00:00,14,-2.2925,28.45035,LSTM
2026-04-30 00:00:00+00:00,15,20.58,58.55368,LSTM
2026-04-30 00:00:00+00:00,16,92.43,38.743458,LSTM
2026-04-30 00:00:00+00:00,17,139.0875,44.776695,LSTM
2026-04-30 00:00:00+00:00,18,178.62,73.69237,LSTM
2026-04-30 00:00:00+00:00,19,145.84,76.97079,LSTM
2026-04-30 00:00:00+00:00,20,118.92,62.83924,LSTM
2026-04-30 00:00:00+00:00,21,109.6075,41.451736,LSTM
2026-04-30 00:00:00+00:00,22,107.2275,46.850533,LSTM
2026-04-30 00:00:00+00:00,23,103.085,42.930534,LSTM
2026-05-01 00:00:00+00:00,0,101.385,28.668413,LSTM
2026-05-01 00:00:00+00:00,1,99.245,29.23255,LSTM
2026-05-01 00:00:00+00:00,2,97.98,25.648634,LSTM
2026-05-01 00:00:00+00:00,3,97.495,37.613647,LSTM
2026-05-01 00:00:00+00:00,4,103.7675,39.359577,LSTM
2026-05-01 00:00:00+00:00,5,80.34,39.97899,LSTM
2026-05-01 00:00:00+00:00,6,35.3325,43.46298,LSTM
2026-05-01 00:00:00+00:00,7,-0.0275,17.80594,LSTM
2026-05-01 00:00:00+00:00,8,-21.18,5.7325783,LSTM
2026-05-01 00:00:00+00:00,9,-108.6175,9.3896675,LSTM
2026-05-01 00:00:00+00:00,10,-318.58,12.656601,LSTM
2026-05-01 00:00:00+00:00,11,-499.0,10.578751,LSTM
2026-05-01 00:00:00+00:00,12,-474.9675,20.71806,LSTM
2026-05-01 00:00:00+00:00,13,-205.8775,13.001997,LSTM
2026-05-01 00:00:00+00:00,14,-26.2475,11.124847,LSTM
2026-05-01 00:00:00+00:00,15,5.555,33.19669,LSTM
2026-05-01 00:00:00+00:00,16,92.53,16.314384,LSTM
2026-05-01 00:00:00+00:00,17,154.19,27.057095,LSTM
2026-05-01 00:00:00+00:00,18,173.325,53.596596,LSTM
2026-05-01 00:00:00+00:00,19,142.95,60.34453,LSTM
2026-05-01 00:00:00+00:00,20,113.2225,45.880737,LSTM
2026-05-01 00:00:00+00:00,21,96.9825,32.59453,LSTM
2026-05-01 00:00:00+00:00,22,117.425,42.964855,LSTM
2026-05-01 00:00:00+00:00,23,103.7125,35.738136,LSTM
2026-05-02 00:00:00+00:00,0,99.4775,23.2309,LSTM
2026-05-02 00:00:00+00:00,1,93.335,22.889101,LSTM
2026-05-02 00:00:00+00:00,2,93.545,22.493639,LSTM
2026-05-02 00:00:00+00:00,3,93.6975,28.475767,LSTM
2026-05-02 00:00:00+00:00,4,91.78,24.590998,LSTM
2026-05-02 00:00:00+00:00,5,78.0125,31.121815,LSTM
2026-05-02 00:00:00+00:00,6,18.27,40.71129,LSTM
2026-05-02 00:00:00+00:00,7,1.27,34.809032,LSTM
2026-05-02 00:00:00+00:00,8,-2.3875,18.128603,LSTM
2026-05-02 00:00:00+00:00,9,-21.9125,23.215658,LSTM
2026-05-02 00:00:00+00:00,10,-83.6075,20.147566,LSTM
2026-05-02 00:00:00+00:00,11,-130.0275,27.18576,LSTM
2026-05-02 00:00:00+00:00,12,-86.8425,33.085503,LSTM
2026-05-02 00:00:00+00:00,13,-14.0375,38.033688,LSTM
2026-05-02 00:00:00+00:00,14,0.0325,28.40647,LSTM
2026-05-02 00:00:00+00:00,15,54.945,57.233345,LSTM
2026-05-02 00:00:00+00:00,16,127.14,41.152023,LSTM
2026-05-02 00:00:00+00:00,17,165.0,42.478203,LSTM
2026-05-02 00:00:00+00:00,18,195.45,80.82529,LSTM
2026-05-02 00:00:00+00:00,19,154.32,84.500755,LSTM
2026-05-02 00:00:00+00:00,20,139.96,62.41254,LSTM
2026-05-02 00:00:00+00:00,21,123.865,47.03447,LSTM
2026-05-02 00:00:00+00:00,22,121.195,44.242775,LSTM
2026-05-02 00:00:00+00:00,23,116.0325,36.42324,LSTM
2026-05-03 00:00:00+00:00,0,110.1625,31.521545,LSTM
2026-05-03 00:00:00+00:00,1,108.4775,29.916779,LSTM
2026-05-03 00:00:00+00:00,2,106.2925,29.31482,LSTM
2026-05-03 00:00:00+00:00,3,107.0725,34.321716,LSTM
2026-05-03 00:00:00+00:00,4,101.7,30.763245,LSTM
2026-05-03 00:00:00+00:00,5,85.3375,36.251457,LSTM
2026-05-03 00:00:00+00:00,6,71.7375,48.673027,LSTM
2026-05-03 00:00:00+00:00,7,32.6575,39.57758,LSTM
2026-05-03 00:00:00+00:00,8,1.2875,23.863392,LSTM
2026-05-03 00:00:00+00:00,9,-1.4275,26.081963,LSTM
2026-05-03 00:00:00+00:00,10,-6.79,24.227604,LSTM
2026-05-03 00:00:00+00:00,11,-14.435,32.139164,LSTM
2026-05-03 00:00:00+00:00,12,-10.8825,32.972294,LSTM
2026-05-03 00:00:00+00:00,13,-3.9675,35.408806,LSTM
2026-05-03 00:00:00+00:00,14,9.1325,28.139114,LSTM
2026-05-03 00:00:00+00:00,15,80.7075,54.938984,LSTM
2026-05-03 00:00:00+00:00,16,120.5725,45.98987,LSTM
2026-05-03 00:00:00+00:00,17,134.795,48.15626,LSTM
2026-05-03 00:00:00+00:00,18,140.87,77.93855,LSTM
2026-05-03 00:00:00+00:00,19,137.31,85.45288,LSTM
2026-05-03 00:00:00+00:00,20,130.3775,64.505135,LSTM
2026-05-03 00:00:00+00:00,21,121.115,48.85584,LSTM
2026-05-03 00:00:00+00:00,22,117.355,48.985626,LSTM
2026-05-03 00:00:00+00:00,23,108.41,42.406628,LSTM
2026-05-04 00:00:00+00:00,0,110.5575,32.98546,LSTM
2026-05-04 00:00:00+00:00,1,106.3475,36.56991,LSTM
2026-05-04 00:00:00+00:00,2,109.9075,22.885721,LSTM
2026-05-04 00:00:00+00:00,3,128.8825,42.347538,LSTM
2026-05-04 00:00:00+00:00,4,149.5475,44.855644,LSTM
2026-05-04 00:00:00+00:00,5,151.26749999999998,46.62938,LSTM
2026-05-04 00:00:00+00:00,6,134.6025,67.544014,LSTM
2026-05-04 00:00:00+00:00,7,113.625,76.24257,LSTM
2026-05-04 00:00:00+00:00,8,99.99,58.50171,LSTM
2026-05-04 00:00:00+00:00,9,93.095,49.386738,LSTM
2026-05-04 00:00:00+00:00,10,75.065,68.18456,LSTM
2026-05-04 00:00:00+00:00,11,69.4075,88.41378,LSTM
2026-05-04 00:00:00+00:00,12,81.0775,76.95443,LSTM
2026-05-04 00:00:00+00:00,13,94.0025,82.98524,LSTM
2026-05-04 00:00:00+00:00,14,107.9675,83.119286,LSTM
2026-05-04 00:00:00+00:00,15,128.9925,118.03085,LSTM
2026-05-04 00:00:00+00:00,16,169.0,106.17374,LSTM
2026-05-04 00:00:00+00:00,17,245.03,110.71428,LSTM
2026-05-04 00:00:00+00:00,18,266.83500000000004,119.648056,LSTM
2026-05-04 00:00:00+00:00,19,194.3,126.961365,LSTM
2026-05-04 00:00:00+00:00,20,153.04500000000002,88.58234,LSTM
2026-05-04 00:00:00+00:00,21,137.2,59.97763,LSTM
2026-05-04 00:00:00+00:00,22,131.36,60.282207,LSTM
2026-05-04 00:00:00+00:00,23,126.2,54.017166,LSTM
2026-05-05 00:00:00+00:00,0,122.11,38.686127,LSTM
2026-05-05 00:00:00+00:00,1,122.045,43.44581,LSTM
2026-05-05 00:00:00+00:00,2,123.9,30.907701,LSTM
2026-05-05 00:00:00+00:00,3,133.9025,42.475533,LSTM
2026-05-05 00:00:00+00:00,4,160.1125,45.298344,LSTM
2026-05-05 00:00:00+00:00,5,160.765,40.41034,LSTM
2026-05-05 00:00:00+00:00,6,147.23250000000002,54.756603,LSTM
2026-05-05 00:00:00+00:00,7,129.61,62.551487,LSTM
2026-05-05 00:00:00+00:00,8,114.12,46.130882,LSTM
2026-05-05 00:00:00+00:00,9,108.2575,60.660343,LSTM
2026-05-05 00:00:00+00:00,10,99.0925,53.560986,LSTM
2026-05-05 00:00:00+00:00,11,98.055,68.8202,LSTM
2026-05-05 00:00:00+00:00,12,97.745,74.836426,LSTM
2026-05-05 00:00:00+00:00,13,105.99,75.26132,LSTM
2026-05-05 00:00:00+00:00,14,111.9775,66.88508,LSTM
2026-05-05 00:00:00+00:00,15,128.67000000000002,77.77077,LSTM
2026-05-05 00:00:00+00:00,16,145.7625,77.50491,LSTM
2026-05-05 00:00:00+00:00,17,163.685,80.33488,LSTM
2026-05-05 00:00:00+00:00,18,163.9025,98.40405,LSTM
2026-05-05 00:00:00+00:00,19,146.9975,83.406425,LSTM
2026-05-05 00:00:00+00:00,20,132.745,77.23176,LSTM
2026-05-05 00:00:00+00:00,21,115.2925,40.131134,LSTM
2026-05-05 00:00:00+00:00,22,120.035,50.633682,LSTM
2026-05-05 00:00:00+00:00,23,114.23,50.568375,LSTM
2026-05-06 00:00:00+00:00,0,113.165,31.133871,LSTM
2026-05-06 00:00:00+00:00,1,112.995,34.447147,LSTM
2026-05-06 00:00:00+00:00,2,113.34,21.010965,LSTM
2026-05-06 00:00:00+00:00,3,118.225,39.804466,LSTM
2026-05-06 00:00:00+00:00,4,131.14,40.511276,LSTM
2026-05-06 00:00:00+00:00,5,142.45,36.5483,LSTM
2026-05-06 00:00:00+00:00,6,141.55,48.409172,LSTM
2026-05-06 00:00:00+00:00,7,121.305,54.993282,LSTM
2026-05-06 00:00:00+00:00,8,108.8,38.701015,LSTM
2026-05-06 00:00:00+00:00,9,104.12,48.374405,LSTM
2026-05-06 00:00:00+00:00,10,100.0925,47.525402,LSTM
2026-05-06 00:00:00+00:00,11,89.34,62.99202,LSTM
2026-05-06 00:00:00+00:00,12,91.33,65.744385,LSTM
2026-05-06 00:00:00+00:00,13,103.125,65.67809,LSTM
2026-05-06 00:00:00+00:00,14,112.6625,53.94597,LSTM
2026-05-06 00:00:00+00:00,15,125.0525,76.32002,LSTM
2026-05-06 00:00:00+00:00,16,137.91,65.98863,LSTM
2026-05-06 00:00:00+00:00,17,154.605,72.34396,LSTM
2026-05-06 00:00:00+00:00,18,156.915,93.95891,LSTM
2026-05-06 00:00:00+00:00,19,154.61,87.669716,LSTM
2026-05-06 00:00:00+00:00,20,143.4125,73.29794,LSTM
2026-05-06 00:00:00+00:00,21,128.26,40.699333,LSTM
2026-05-06 00:00:00+00:00,22,125.1525,50.490295,LSTM
2026-05-06 00:00:00+00:00,23,116.485,49.244995,LSTM
2026-05-07 00:00:00+00:00,0,115.2575,35.876873,LSTM
2026-05-07 00:00:00+00:00,1,116.49,39.01721,LSTM
2026-05-07 00:00:00+00:00,2,119.1375,30.771889,LSTM
2026-05-07 00:00:00+00:00,3,126.875,42.70053,LSTM
2026-05-07 00:00:00+00:00,4,151.0,44.761444,LSTM
2026-05-07 00:00:00+00:00,5,167.29250000000002,42.138,LSTM
2026-05-07 00:00:00+00:00,6,155.5925,55.1488,LSTM
2026-05-07 00:00:00+00:00,7,136.41,68.90371,LSTM
2026-05-07 00:00:00+00:00,8,120.1325,54.503998,LSTM
2026-05-07 00:00:00+00:00,9,113.525,62.896214,LSTM
2026-05-07 00:00:00+00:00,10,103.9225,62.11821,LSTM
2026-05-07 00:00:00+00:00,11,101.915,75.69319,LSTM
2026-05-07 00:00:00+00:00,12,101.73,77.55006,LSTM
2026-05-07 00:00:00+00:00,13,107.445,73.272766,LSTM
2026-05-07 00:00:00+00:00,14,117.9975,62.37429,LSTM
2026-05-07 00:00:00+00:00,15,132.56,78.382706,LSTM
2026-05-07 00:00:00+00:00,16,148.70499999999998,76.46294,LSTM
2026-05-07 00:00:00+00:00,17,185.655,79.33919,LSTM
2026-05-07 00:00:00+00:00,18,221.4775,106.230774,LSTM
2026-05-07 00:00:00+00:00,19,182.715,93.985916,LSTM
2026-05-07 00:00:00+00:00,20,154.435,82.51982,LSTM
2026-05-07 00:00:00+00:00,21,142.7575,49.44234,LSTM
2026-05-07 00:00:00+00:00,22,130.3425,55.63321,LSTM
2026-05-07 00:00:00+00:00,23,120.66,54.980827,LSTM
2026-05-08 00:00:00+00:00,0,118.215,39.15637,LSTM
2026-05-08 00:00:00+00:00,1,116.9775,40.38378,LSTM
2026-05-08 00:00:00+00:00,2,118.565,30.542976,LSTM
2026-05-08 00:00:00+00:00,3,126.185,40.4636,LSTM
2026-05-08 00:00:00+00:00,4,143.6,33.122902,LSTM
2026-05-08 00:00:00+00:00,5,147.0275,33.626114,LSTM
2026-05-08 00:00:00+00:00,6,137.4,49.847572,LSTM
2026-05-08 00:00:00+00:00,7,115.2475,56.102097,LSTM
2026-05-08 00:00:00+00:00,8,97.7475,28.974247,LSTM
2026-05-08 00:00:00+00:00,9,75.81,49.644108,LSTM
2026-05-08 00:00:00+00:00,10,65.37,30.197403,LSTM
2026-05-08 00:00:00+00:00,11,58.7075,50.192383,LSTM
2026-05-08 00:00:00+00:00,12,64.34,52.488186,LSTM
2026-05-08 00:00:00+00:00,13,81.8925,64.32817,LSTM
2026-05-08 00:00:00+00:00,14,94.0625,45.073235,LSTM
2026-05-08 00:00:00+00:00,15,109.5,69.37343,LSTM
2026-05-08 00:00:00+00:00,16,127.815,65.640114,LSTM
2026-05-08 00:00:00+00:00,17,143.54250000000002,62.868015,LSTM
2026-05-08 00:00:00+00:00,18,152.9775,93.45691,LSTM
2026-05-08 00:00:00+00:00,19,138.9,79.5282,LSTM
2026-05-08 00:00:00+00:00,20,127.5025,73.936844,LSTM
2026-05-08 00:00:00+00:00,21,119.14,39.824142,LSTM
2026-05-08 00:00:00+00:00,22,127.6925,46.15531,LSTM
2026-05-08 00:00:00+00:00,23,123.4075,50.21637,LSTM
2026-05-09 00:00:00+00:00,0,123.48,36.344868,LSTM
2026-05-09 00:00:00+00:00,1,124.3525,34.256374,LSTM
2026-05-09 00:00:00+00:00,2,125.7375,30.838467,LSTM
2026-05-09 00:00:00+00:00,3,126.4525,35.958923,LSTM
2026-05-09 00:00:00+00:00,4,127.5225,32.48526,LSTM
2026-05-09 00:00:00+00:00,5,118.67,34.265385,LSTM
2026-05-09 00:00:00+00:00,6,107.6725,36.414406,LSTM
2026-05-09 00:00:00+00:00,7,68.3075,22.555717,LSTM
2026-05-09 00:00:00+00:00,8,9.9275,9.812286,LSTM
2026-05-09 00:00:00+00:00,9,-0.015,28.245474,LSTM
2026-05-09 00:00:00+00:00,10,-0.0625,18.278181,LSTM
2026-05-09 00:00:00+00:00,11,-0.09,23.879063,LSTM
2026-05-09 00:00:00+00:00,12,-0.0125,34.943035,LSTM
2026-05-09 00:00:00+00:00,13,0.0025,34.664505,LSTM
2026-05-09 00:00:00+00:00,14,27.715000000000003,21.767242,LSTM
2026-05-09 00:00:00+00:00,15,93.69,40.341953,LSTM
2026-05-09 00:00:00+00:00,16,123.19,31.529093,LSTM
2026-05-09 00:00:00+00:00,17,138.5075,32.461445,LSTM
2026-05-09 00:00:00+00:00,18,146.965,73.495575,LSTM
2026-05-09 00:00:00+00:00,19,143.485,69.957954,LSTM
2026-05-09 00:00:00+00:00,20,136.3,57.683426,LSTM
2026-05-09 00:00:00+00:00,21,127.0875,38.303883,LSTM
2026-05-09 00:00:00+00:00,22,128.0925,46.383568,LSTM
2026-05-09 00:00:00+00:00,23,125.4475,41.31597,LSTM
2026-05-10 00:00:00+00:00,0,125.4325,35.287964,LSTM
2026-05-10 00:00:00+00:00,1,123.4825,33.887665,LSTM
2026-05-10 00:00:00+00:00,2,124.1975,35.06006,LSTM
2026-05-10 00:00:00+00:00,3,123.94,35.63001,LSTM
2026-05-10 00:00:00+00:00,4,115.14,32.98874,LSTM
2026-05-10 00:00:00+00:00,5,101.1675,39.679718,LSTM
2026-05-10 00:00:00+00:00,6,70.835,51.5893,LSTM
2026-05-10 00:00:00+00:00,7,11.18,38.73787,LSTM
2026-05-10 00:00:00+00:00,8,0.0025,25.3784,LSTM
2026-05-10 00:00:00+00:00,9,-0.6699999999999999,29.589905,LSTM
2026-05-10 00:00:00+00:00,10,-1.88,29.851814,LSTM
2026-05-10 00:00:00+00:00,11,-2.165,39.03329,LSTM
2026-05-10 00:00:00+00:00,12,-1.4,41.36492,LSTM
2026-05-10 00:00:00+00:00,13,-0.255,44.789585,LSTM
2026-05-10 00:00:00+00:00,14,1.8825,38.931267,LSTM
2026-05-10 00:00:00+00:00,15,71.005,58.172073,LSTM
2026-05-10 00:00:00+00:00,16,110.9425,51.976746,LSTM
2026-05-10 00:00:00+00:00,17,122.0,50.857235,LSTM
2026-05-10 00:00:00+00:00,18,129.3175,78.85643,LSTM
2026-05-10 00:00:00+00:00,19,128.515,87.66548,LSTM
2026-05-10 00:00:00+00:00,20,124.14,68.23358,LSTM
2026-05-10 00:00:00+00:00,21,119.8375,54.67783,LSTM
2026-05-10 00:00:00+00:00,22,118.785,56.070538,LSTM
2026-05-10 00:00:00+00:00,23,112.335,47.07134,LSTM
2026-05-11 00:00:00+00:00,0,110.4275,32.951534,LSTM
2026-05-11 00:00:00+00:00,1,112.6575,38.2694,LSTM
2026-05-11 00:00:00+00:00,2,113.0925,21.924328,LSTM
2026-05-11 00:00:00+00:00,3,122.1375,49.0831,LSTM
2026-05-11 00:00:00+00:00,4,136.475,52.31023,LSTM
2026-05-11 00:00:00+00:00,5,154.0475,45.50334,LSTM
2026-05-11 00:00:00+00:00,6,150.0125,65.73094,LSTM
2026-05-11 00:00:00+00:00,7,136.79999999999998,78.10124,LSTM
2026-05-11 00:00:00+00:00,8,126.3075,60.230675,LSTM
2026-05-11 00:00:00+00:00,9,113.4325,52.55593,LSTM
2026-05-11 00:00:00+00:00,10,105.485,59.763947,LSTM
2026-05-11 00:00:00+00:00,11,98.78,67.63995,LSTM
2026-05-11 00:00:00+00:00,12,95.98,57.396027,LSTM
2026-05-11 00:00:00+00:00,13,96.2,46.66742,LSTM
2026-05-11 00:00:00+00:00,14,100.49,41.814335,LSTM
2026-05-11 00:00:00+00:00,15,116.3025,68.13544,LSTM
2026-05-11 00:00:00+00:00,16,122.98,58.179443,LSTM
2026-05-11 00:00:00+00:00,17,130.7175,74.0589,LSTM
2026-05-11 00:00:00+00:00,18,131.12,71.96317,LSTM
2026-05-11 00:00:00+00:00,19,127.8725,70.80212,LSTM
2026-05-11 00:00:00+00:00,20,120.765,61.065727,LSTM
2026-05-11 00:00:00+00:00,21,108.9525,30.596619,LSTM
2026-05-11 00:00:00+00:00,22,99.065,40.348278,LSTM
2026-05-11 00:00:00+00:00,23,95.275,45.876602,LSTM
2026-05-12 00:00:00+00:00,0,91.73,26.765915,LSTM
2026-05-12 00:00:00+00:00,1,89.8975,29.090668,LSTM
2026-05-12 00:00:00+00:00,2,91.375,24.75501,LSTM
2026-05-12 00:00:00+00:00,3,94.0025,41.031883,LSTM
2026-05-12 00:00:00+00:00,4,111.2625,38.062523,LSTM
2026-05-12 00:00:00+00:00,5,122.575,37.95468,LSTM
2026-05-12 00:00:00+00:00,6,112.145,54.315666,LSTM
2026-05-12 00:00:00+00:00,7,94.075,55.698692,LSTM
2026-05-12 00:00:00+00:00,8,79.5575,26.849594,LSTM
2026-05-12 00:00:00+00:00,9,63.535,37.050243,LSTM
2026-05-12 00:00:00+00:00,10,45.91,32.08023,LSTM
2026-05-12 00:00:00+00:00,11,27.33,46.513626,LSTM
2026-05-12 00:00:00+00:00,12,19.9725,49.51248,LSTM
2026-05-12 00:00:00+00:00,13,44.760000000000005,48.995834,LSTM
2026-05-12 00:00:00+00:00,14,74.405,35.079193,LSTM
2026-05-12 00:00:00+00:00,15,96.0,63.31569,LSTM
2026-05-12 00:00:00+00:00,16,114.88,52.602837,LSTM
2026-05-12 00:00:00+00:00,17,136.2775,59.68912,LSTM
2026-05-12 00:00:00+00:00,18,142.985,82.74514,LSTM
2026-05-12 00:00:00+00:00,19,142.7425,79.21121,LSTM
2026-05-12 00:00:00+00:00,20,131.225,69.30749,LSTM
2026-05-12 00:00:00+00:00,21,118.345,38.743546,LSTM
2026-05-12 00:00:00+00:00,22,114.33,49.4797,LSTM
2026-05-12 00:00:00+00:00,23,106.2175,52.049736,LSTM
2026-05-13 00:00:00+00:00,0,104.3575,32.663925,LSTM
2026-05-13 00:00:00+00:00,1,107.435,36.023144,LSTM
2026-05-13 00:00:00+00:00,2,111.195,22.46766,LSTM
2026-05-13 00:00:00+00:00,3,120.0,44.439495,LSTM
2026-05-13 00:00:00+00:00,4,137.1825,43.34823,LSTM
2026-05-13 00:00:00+00:00,5,141.1225,42.381218,LSTM
2026-05-13 00:00:00+00:00,6,126.7,59.114567,LSTM
2026-05-13 00:00:00+00:00,7,102.525,64.14415,LSTM
2026-05-13 00:00:00+00:00,8,86.44,41.10777,LSTM
2026-05-13 00:00:00+00:00,9,83.7775,42.860897,LSTM
2026-05-13 00:00:00+00:00,10,74.10249999999999,48.050087,LSTM
2026-05-13 00:00:00+00:00,11,71.77250000000001,62.976105,LSTM
2026-05-13 00:00:00+00:00,12,70.2025,58.97947,LSTM
2026-05-13 00:00:00+00:00,13,82.2675,61.311092,LSTM
2026-05-13 00:00:00+00:00,14,92.375,51.30821,LSTM
2026-05-13 00:00:00+00:00,15,112.6025,84.67336,LSTM
2026-05-13 00:00:00+00:00,16,132.355,67.82006,LSTM
2026-05-13 00:00:00+00:00,17,151.4925,74.17113,LSTM
2026-05-13 00:00:00+00:00,18,171.26749999999998,94.255615,LSTM
2026-05-13 00:00:00+00:00,19,160.04500000000002,94.63491,LSTM
2026-05-13 00:00:00+00:00,20,142.20499999999998,75.78722,LSTM
2026-05-13 00:00:00+00:00,21,123.095,47.179356,LSTM
2026-05-13 00:00:00+00:00,22,130.54,53.31961,LSTM
2026-05-13 00:00:00+00:00,23,121.75,53.437412,LSTM
2026-05-14 00:00:00+00:00,0,119.225,28.194998,LSTM
2026-05-14 00:00:00+00:00,1,115.6375,28.657755,LSTM
2026-05-14 00:00:00+00:00,2,112.9175,28.45491,LSTM
2026-05-14 00:00:00+00:00,3,112.045,37.859947,LSTM
2026-05-14 00:00:00+00:00,4,111.405,41.31643,LSTM
2026-05-14 00:00:00+00:00,5,108.09,41.898804,LSTM
2026-05-14 00:00:00+00:00,6,99.2575,46.928986,LSTM
2026-05-14 00:00:00+00:00,7,85.15,34.19937,LSTM
2026-05-14 00:00:00+00:00,8,58.6425,29.314976,LSTM
2026-05-14 00:00:00+00:00,9,35.5675,26.019512,LSTM
2026-05-14 00:00:00+00:00,10,16.055,34.324722,LSTM
2026-05-14 00:00:00+00:00,11,7.5525,37.748596,LSTM
2026-05-14 00:00:00+00:00,12,4.6025,43.81301,LSTM
2026-05-14 00:00:00+00:00,13,17.8475,30.030233,LSTM
2026-05-14 00:00:00+00:00,14,66.9125,24.41624,LSTM
2026-05-14 00:00:00+00:00,15,94.76,37.695866,LSTM
2026-05-14 00:00:00+00:00,16,126.0,27.467842,LSTM
2026-05-14 00:00:00+00:00,17,142.5825,36.709408,LSTM
2026-05-14 00:00:00+00:00,18,150.4475,70.02886,LSTM
2026-05-14 00:00:00+00:00,19,152.2025,75.01021,LSTM
2026-05-14 00:00:00+00:00,20,150.91,65.75832,LSTM
2026-05-14 00:00:00+00:00,21,136.32,53.1044,LSTM
2026-05-14 00:00:00+00:00,22,137.9725,61.76035,LSTM
2026-05-14 00:00:00+00:00,23,131.3725,53.054276,LSTM
2026-05-15 00:00:00+00:00,0,126.3125,25.893118,LSTM
2026-05-15 00:00:00+00:00,1,121.9375,29.069502,LSTM
2026-05-15 00:00:00+00:00,2,123.7125,20.559456,LSTM
2026-05-15 00:00:00+00:00,3,127.16,37.859177,LSTM
2026-05-15 00:00:00+00:00,4,136.1,41.020454,LSTM
2026-05-15 00:00:00+00:00,5,132.515,40.09417,LSTM
2026-05-15 00:00:00+00:00,6,123.995,53.383583,LSTM
2026-05-15 00:00:00+00:00,7,104.54,55.7893,LSTM
2026-05-15 00:00:00+00:00,8,81.7825,44.87464,LSTM
2026-05-15 00:00:00+00:00,9,66.8175,38.46463,LSTM
2026-05-15 00:00:00+00:00,10,54.3025,48.5124,LSTM
2026-05-15 00:00:00+00:00,11,40.3225,57.70878,LSTM
2026-05-15 00:00:00+00:00,12,40.1475,55.154408,LSTM
2026-05-15 00:00:00+00:00,13,51.0025,48.49227,LSTM
2026-05-15 00:00:00+00:00,14,77.32,45.003456,LSTM
2026-05-15 00:00:00+00:00,15,105.0475,71.101395,LSTM
2026-05-15 00:00:00+00:00,16,125.0425,58.262966,LSTM
2026-05-15 00:00:00+00:00,17,143.31,67.83574,LSTM
2026-05-15 00:00:00+00:00,18,153.455,87.63493,LSTM
2026-05-15 00:00:00+00:00,19,151.14499999999998,91.81033,LSTM
2026-05-15 00:00:00+00:00,20,144.685,68.47894,LSTM
2026-05-15 00:00:00+00:00,21,135.5125,44.79813,LSTM
2026-05-15 00:00:00+00:00,22,130.0,47.88907,LSTM
2026-05-15 00:00:00+00:00,23,121.7875,43.51052,LSTM
2026-05-16 00:00:00+00:00,0,117.5625,32.67109,LSTM
2026-05-16 00:00:00+00:00,1,116.0025,30.168488,LSTM
2026-05-16 00:00:00+00:00,2,114.02,29.48758,LSTM
2026-05-16 00:00:00+00:00,3,109.3425,33.670483,LSTM
2026-05-16 00:00:00+00:00,4,105.7075,27.427095,LSTM
2026-05-16 00:00:00+00:00,5,100.045,32.29472,LSTM
2026-05-16 00:00:00+00:00,6,86.9525,40.840794,LSTM
2026-05-16 00:00:00+00:00,7,43.9525,34.331028,LSTM
2026-05-16 00:00:00+00:00,8,4.2025,18.562262,LSTM
2026-05-16 00:00:00+00:00,9,-0.03,31.620785,LSTM
2026-05-16 00:00:00+00:00,10,-1.195,21.658512,LSTM
2026-05-16 00:00:00+00:00,11,-2.2,32.054363,LSTM
2026-05-16 00:00:00+00:00,12,-1.9325,37.19862,LSTM
2026-05-16 00:00:00+00:00,13,-0.9975,40.218327,LSTM
2026-05-16 00:00:00+00:00,14,4.779999999999999,23.920422,LSTM
2026-05-16 00:00:00+00:00,15,60.0925,48.717667,LSTM
2026-05-16 00:00:00+00:00,16,100.2225,40.237602,LSTM
2026-05-16 00:00:00+00:00,17,126.47,39.37265,LSTM
2026-05-16 00:00:00+00:00,18,139.9975,82.400986,LSTM
2026-05-16 00:00:00+00:00,19,140.6875,83.675995,LSTM
2026-05-16 00:00:00+00:00,20,135.99,67.24896,LSTM
2026-05-16 00:00:00+00:00,21,127.7,47.874443,LSTM
2026-05-16 00:00:00+00:00,22,127.7175,49.945152,LSTM
2026-05-16 00:00:00+00:00,23,119.0625,44.87677,LSTM
2026-05-17 00:00:00+00:00,0,115.565,34.388157,LSTM
2026-05-17 00:00:00+00:00,1,113.8975,31.450962,LSTM
2026-05-17 00:00:00+00:00,2,109.17,33.53027,LSTM
2026-05-17 00:00:00+00:00,3,105.445,33.85091,LSTM
2026-05-17 00:00:00+00:00,4,98.7925,30.702366,LSTM
2026-05-17 00:00:00+00:00,5,80.795,38.11412,LSTM
2026-05-17 00:00:00+00:00,6,53.8425,48.0207,LSTM
2026-05-17 00:00:00+00:00,7,18.97,35.057182,LSTM
2026-05-17 00:00:00+00:00,8,3.49,23.55703,LSTM
2026-05-17 00:00:00+00:00,9,0.56,27.00346,LSTM
2026-05-17 00:00:00+00:00,10,0.8225,28.627836,LSTM
2026-05-17 00:00:00+00:00,11,0.0,37.964016,LSTM
2026-05-17 00:00:00+00:00,12,0.98,39.8315,LSTM
2026-05-17 00:00:00+00:00,13,11.31,43.012672,LSTM
2026-05-17 00:00:00+00:00,14,52.4375,36.835712,LSTM
2026-05-17 00:00:00+00:00,15,100.315,59.144264,LSTM
2026-05-17 00:00:00+00:00,16,129.3875,53.058075,LSTM
2026-05-17 00:00:00+00:00,17,143.0675,52.087074,LSTM
2026-05-17 00:00:00+00:00,18,155.8,83.84384,LSTM
2026-05-17 00:00:00+00:00,19,156.70499999999998,94.22258,LSTM
2026-05-17 00:00:00+00:00,20,151.3675,68.755325,LSTM
2026-05-17 00:00:00+00:00,21,142.575,55.917572,LSTM
2026-05-17 00:00:00+00:00,22,134.6575,56.191383,LSTM
2026-05-17 00:00:00+00:00,23,125.9725,45.517136,LSTM
2026-05-18 00:00:00+00:00,0,125.9975,30.486908,LSTM
2026-05-18 00:00:00+00:00,1,126.3925,35.341034,LSTM
2026-05-18 00:00:00+00:00,2,129.36,20.529016,LSTM
2026-05-18 00:00:00+00:00,3,137.0225,41.67195,LSTM
2026-05-18 00:00:00+00:00,4,152.51749999999998,44.605255,LSTM
2026-05-18 00:00:00+00:00,5,160.075,45.46572,LSTM
2026-05-18 00:00:00+00:00,6,152.105,65.29602,LSTM
2026-05-18 00:00:00+00:00,7,125.88,72.78163,LSTM
2026-05-18 00:00:00+00:00,8,107.85,60.901833,LSTM
2026-05-18 00:00:00+00:00,9,100.0525,49.860786,LSTM
2026-05-18 00:00:00+00:00,10,94.895,68.223915,LSTM
2026-05-18 00:00:00+00:00,11,94.9775,86.82955,LSTM
2026-05-18 00:00:00+00:00,12,96.77,74.34906,LSTM
2026-05-18 00:00:00+00:00,13,102.405,75.64322,LSTM
2026-05-18 00:00:00+00:00,14,113.965,72.61346,LSTM
2026-05-18 00:00:00+00:00,15,134.065,103.38564,LSTM
2026-05-18 00:00:00+00:00,16,152.1375,89.23483,LSTM
2026-05-18 00:00:00+00:00,17,192.8525,95.11998,LSTM
2026-05-18 00:00:00+00:00,18,250.8975,108.5318,LSTM
2026-05-18 00:00:00+00:00,19,214.3375,117.83075,LSTM
2026-05-18 00:00:00+00:00,20,160.6475,86.57617,LSTM
2026-05-18 00:00:00+00:00,21,148.89499999999998,61.113724,LSTM
2026-05-18 00:00:00+00:00,22,148.2525,61.220505,LSTM
2026-05-18 00:00:00+00:00,23,141.9425,55.5044,LSTM
2026-05-19 00:00:00+00:00,0,139.3225,35.44802,LSTM
2026-05-19 00:00:00+00:00,1,138.54000000000002,39.47492,LSTM
2026-05-19 00:00:00+00:00,2,141.5675,29.527512,LSTM
2026-05-19 00:00:00+00:00,3,146.92000000000002,41.99415,LSTM
2026-05-19 00:00:00+00:00,4,164.46,41.35057,LSTM
2026-05-19 00:00:00+00:00,5,153.7725,39.91304,LSTM
2026-05-19 00:00:00+00:00,6,131.855,53.651157,LSTM
2026-05-19 00:00:00+00:00,7,108.7425,53.920753,LSTM
2026-05-19 00:00:00+00:00,8,94.265,32.216354,LSTM
2026-05-19 00:00:00+00:00,9,82.08500000000001,46.439392,LSTM
2026-05-19 00:00:00+00:00,10,73.145,38.056873,LSTM
2026-05-19 00:00:00+00:00,11,73.7375,52.012638,LSTM
2026-05-19 00:00:00+00:00,12,79.81,58.051796,LSTM
2026-05-19 00:00:00+00:00,13,87.57,60.663544,LSTM
2026-05-19 00:00:00+00:00,14,102.25,49.51728,LSTM
2026-05-19 00:00:00+00:00,15,127.2925,68.3235,LSTM
2026-05-19 00:00:00+00:00,16,144.95,62.20099,LSTM
2026-05-19 00:00:00+00:00,17,172.485,65.477844,LSTM
2026-05-19 00:00:00+00:00,18,180.9025,90.715004,LSTM
2026-05-19 00:00:00+00:00,19,163.63,80.380295,LSTM
2026-05-19 00:00:00+00:00,20,145.545,71.87352,LSTM
2026-05-19 00:00:00+00:00,21,131.8025,38.254074,LSTM
2026-05-19 00:00:00+00:00,22,123.73,47.029797,LSTM
2026-05-19 00:00:00+00:00,23,114.635,46.470257,LSTM
2026-05-20 00:00:00+00:00,0,109.7525,30.847395,LSTM
2026-05-20 00:00:00+00:00,1,109.9725,34.11516,LSTM
2026-05-20 00:00:00+00:00,2,110.41,19.297623,LSTM
2026-05-20 00:00:00+00:00,3,119.05,41.395584,LSTM
2026-05-20 00:00:00+00:00,4,134.9875,41.13056,LSTM
2026-05-20 00:00:00+00:00,5,136.975,38.131363,LSTM
2026-05-20 00:00:00+00:00,6,125.5125,52.004913,LSTM
2026-05-20 00:00:00+00:00,7,109.06,54.65277,LSTM
2026-05-20 00:00:00+00:00,8,89.7,37.177727,LSTM
2026-05-20 00:00:00+00:00,9,75.46249999999999,39.800896,LSTM
2026-05-20 00:00:00+00:00,10,64.005,41.006546,LSTM
2026-05-20 00:00:00+00:00,11,44.9975,55.257385,LSTM
2026-05-20 00:00:00+00:00,12,33.5125,52.96421,LSTM
2026-05-20 00:00:00+00:00,13,45.66,52.365685,LSTM
2026-05-20 00:00:00+00:00,14,65.01,41.7594,LSTM
2026-05-20 00:00:00+00:00,15,99.3975,71.49207,LSTM
2026-05-20 00:00:00+00:00,16,130.2125,57.697693,LSTM
2026-05-20 00:00:00+00:00,17,149.5675,66.39844,LSTM
2026-05-20 00:00:00+00:00,18,167.9225,88.13707,LSTM
2026-05-20 00:00:00+00:00,19,165.0,86.41541,LSTM
2026-05-20 00:00:00+00:00,20,150.02,70.4449,LSTM
2026-05-20 00:00:00+00:00,21,139.0025,40.647373,LSTM
2026-05-20 00:00:00+00:00,22,133.0275,48.137127,LSTM
2026-05-20 00:00:00+00:00,23,121.66,47.761578,LSTM
2026-05-21 00:00:00+00:00,0,116.0225,40.37255,LSTM
2026-05-21 00:00:00+00:00,1,113.55,40.11289,LSTM
2026-05-21 00:00:00+00:00,2,116.01,33.289154,LSTM
2026-05-21 00:00:00+00:00,3,128.405,39.79293,LSTM
2026-05-21 00:00:00+00:00,4,142.815,32.564552,LSTM
2026-05-21 00:00:00+00:00,5,143.6175,34.8686,LSTM
2026-05-21 00:00:00+00:00,6,131.3875,53.574486,LSTM
2026-05-21 00:00:00+00:00,7,104.14,59.738716,LSTM
2026-05-21 00:00:00+00:00,8,81.1975,40.067528,LSTM
2026-05-21 00:00:00+00:00,9,42.752500000000005,48.27459,LSTM
2026-05-21 00:00:00+00:00,10,12.1375,33.864002,LSTM
2026-05-21 00:00:00+00:00,11,7.369999999999999,55.527576,LSTM
2026-05-21 00:00:00+00:00,12,8.8125,53.14287,LSTM
2026-05-21 00:00:00+00:00,13,35.2,62.29879,LSTM
2026-05-21 00:00:00+00:00,14,71.7075,42.72853,LSTM
2026-05-21 00:00:00+00:00,15,104.995,64.23332,LSTM
2026-05-21 00:00:00+00:00,16,135.8875,63.162476,LSTM
2026-05-21 00:00:00+00:00,17,163.35500000000002,60.335632,LSTM
2026-05-21 00:00:00+00:00,18,204.695,93.75282,LSTM
2026-05-21 00:00:00+00:00,19,188.4175,88.77353,LSTM
2026-05-21 00:00:00+00:00,20,166.035,84.25983,LSTM
2026-05-21 00:00:00+00:00,21,146.39249999999998,56.882763,LSTM
2026-05-21 00:00:00+00:00,22,144.315,58.880203,LSTM
2026-05-21 00:00:00+00:00,23,136.9,57.726948,LSTM
2026-05-22 00:00:00+00:00,0,131.6375,35.067253,LSTM
2026-05-22 00:00:00+00:00,1,128.95000000000002,38.2153,LSTM
2026-05-22 00:00:00+00:00,2,131.4975,28.354622,LSTM
2026-05-22 00:00:00+00:00,3,135.7175,38.958336,LSTM
2026-05-22 00:00:00+00:00,4,144.35500000000002,36.246983,LSTM
2026-05-22 00:00:00+00:00,5,138.1775,39.68191,LSTM
2026-05-22 00:00:00+00:00,6,123.135,53.966793,LSTM
2026-05-22 00:00:00+00:00,7,91.8825,45.38333,LSTM
2026-05-22 00:00:00+00:00,8,42.48,27.496689,LSTM
2026-05-22 00:00:00+00:00,9,3.94,36.5417,LSTM
2026-05-22 00:00:00+00:00,10,0.005,32.470295,LSTM
2026-05-22 00:00:00+00:00,11,0.0,48.048172,LSTM
2026-05-22 00:00:00+00:00,12,1.0,50.211414,LSTM
2026-05-22 00:00:00+00:00,13,20.305,57.64482,LSTM
2026-05-22 00:00:00+00:00,14,70.24,46.582893,LSTM
2026-05-22 00:00:00+00:00,15,104.195,71.10028,LSTM
2026-05-22 00:00:00+00:00,16,134.95,58.303635,LSTM
2026-05-22 00:00:00+00:00,17,161.2225,57.760624,LSTM
2026-05-22 00:00:00+00:00,18,218.4275,90.87445,LSTM
2026-05-22 00:00:00+00:00,19,193.6625,90.925156,LSTM
2026-05-22 00:00:00+00:00,20,154.635,74.89526,LSTM
2026-05-22 00:00:00+00:00,21,140.735,49.917706,LSTM
2026-05-22 00:00:00+00:00,22,136.76,52.588943,LSTM
2026-05-22 00:00:00+00:00,23,130.0,47.619057,LSTM
2026-05-23 00:00:00+00:00,0,125.8675,34.207066,LSTM
2026-05-23 00:00:00+00:00,1,125.3675,32.821198,LSTM
2026-05-23 00:00:00+00:00,2,121.7325,28.04993,LSTM
2026-05-23 00:00:00+00:00,3,119.26,32.047775,LSTM
2026-05-23 00:00:00+00:00,4,116.3675,27.235044,LSTM
2026-05-23 00:00:00+00:00,5,97.085,31.81786,LSTM
2026-05-23 00:00:00+00:00,6,49.8625,37.668495,LSTM
2026-05-23 00:00:00+00:00,7,1.6,23.517796,LSTM
2026-05-23 00:00:00+00:00,8,-0.3325,12.724035,LSTM
2026-05-23 00:00:00+00:00,9,-3.9,25.916367,LSTM
2026-05-23 00:00:00+00:00,10,-12.392499999999998,15.94805,LSTM
2026-05-23 00:00:00+00:00,11,-31.8175,26.124516,LSTM
2026-05-23 00:00:00+00:00,12,-18.42,33.506145,LSTM
2026-05-23 00:00:00+00:00,13,-4.0,38.510696,LSTM
2026-05-23 00:00:00+00:00,14,-0.2875,24.867249,LSTM
2026-05-23 00:00:00+00:00,15,44.4475,46.140945,LSTM
2026-05-23 00:00:00+00:00,16,120.7625,35.99322,LSTM
2026-05-23 00:00:00+00:00,17,149.6575,34.890896,LSTM
2026-05-23 00:00:00+00:00,18,174.52,79.174194,LSTM
2026-05-23 00:00:00+00:00,19,171.065,80.73391,LSTM
2026-05-23 00:00:00+00:00,20,156.915,64.361084,LSTM
2026-05-23 00:00:00+00:00,21,144.6525,46.20807,LSTM
2026-05-23 00:00:00+00:00,22,143.8025,48.040142,LSTM
2026-05-23 00:00:00+00:00,23,133.3775,39.43542,LSTM
2026-05-24 00:00:00+00:00,0,136.885,33.563454,LSTM
2026-05-24 00:00:00+00:00,1,125.44,30.975967,LSTM
2026-05-24 00:00:00+00:00,2,122.89,29.426382,LSTM
2026-05-24 00:00:00+00:00,3,117.7225,32.429947,LSTM
2026-05-24 00:00:00+00:00,4,108.795,28.666483,LSTM
2026-05-24 00:00:00+00:00,5,88.4625,34.71431,LSTM
2026-05-24 00:00:00+00:00,6,16.3675,42.871334,LSTM
2026-05-24 00:00:00+00:00,7,-0.0275,27.249918,LSTM
2026-05-24 00:00:00+00:00,8,-2.5025,18.542162,LSTM
2026-05-24 00:00:00+00:00,9,-13.8325,22.571552,LSTM
2026-05-24 00:00:00+00:00,10,-37.6125,21.22966,LSTM
2026-05-24 00:00:00+00:00,11,-75.9375,29.810308,LSTM
2026-05-24 00:00:00+00:00,12,-61.7525,32.01629,LSTM
2026-05-24 00:00:00+00:00,13,-23.4925,34.491825,LSTM
2026-05-24 00:00:00+00:00,14,-1.9575,25.790123,LSTM
2026-05-24 00:00:00+00:00,15,14.375,47.90502,LSTM
2026-05-24 00:00:00+00:00,16,96.3775,38.549595,LSTM
2026-05-24 00:00:00+00:00,17,133.2175,39.09561,LSTM
2026-05-24 00:00:00+00:00,18,151.0175,73.86745,LSTM
2026-05-24 00:00:00+00:00,19,153.2275,85.20657,LSTM
2026-05-24 00:00:00+00:00,20,144.42000000000002,63.965904,LSTM
2026-05-24 00:00:00+00:00,21,132.1,52.09172,LSTM
2026-05-24 00:00:00+00:00,22,130.8675,52.750893,LSTM
2026-05-24 00:00:00+00:00,23,125.9825,42.229965,LSTM
2026-05-25 00:00:00+00:00,0,125.24,21.133926,LSTM
2026-05-25 00:00:00+00:00,1,126.0125,24.919083,LSTM
2026-05-25 00:00:00+00:00,2,129.3125,20.726353,LSTM
2026-05-25 00:00:00+00:00,3,131.995,34.300793,LSTM
2026-05-25 00:00:00+00:00,4,130.195,38.704613,LSTM
2026-05-25 00:00:00+00:00,5,117.8775,40.744194,LSTM
2026-05-25 00:00:00+00:00,6,77.68,51.66969,LSTM
2026-05-25 00:00:00+00:00,7,5.0,36.440582,LSTM
2026-05-25 00:00:00+00:00,8,-0.1674999999999999,31.133667,LSTM
2026-05-25 00:00:00+00:00,9,-5.2625,19.707605,LSTM
2026-05-25 00:00:00+00:00,10,-12.7125,29.72453,LSTM
2026-05-25 00:00:00+00:00,11,-29.295,34.446106,LSTM
2026-05-25 00:00:00+00:00,12,-27.1825,36.421635,LSTM
2026-05-25 00:00:00+00:00,13,-10.05,29.453287,LSTM
2026-05-25 00:00:00+00:00,14,-2.915,30.683226,LSTM
2026-05-25 00:00:00+00:00,15,31.95,53.452293,LSTM
2026-05-25 00:00:00+00:00,16,118.8225,40.407585,LSTM
2026-05-25 00:00:00+00:00,17,150.575,53.43979,LSTM
2026-05-25 00:00:00+00:00,18,172.185,83.822556,LSTM
2026-05-25 00:00:00+00:00,19,170.25,95.02018,LSTM
2026-05-25 00:00:00+00:00,20,157.33249999999998,66.81888,LSTM
2026-05-25 00:00:00+00:00,21,141.025,50.774784,LSTM
2026-05-25 00:00:00+00:00,22,136.36,54.186935,LSTM
2026-05-25 00:00:00+00:00,23,125.6475,42.74694,LSTM
2026-05-26 00:00:00+00:00,0,120.645,28.926567,LSTM
2026-05-26 00:00:00+00:00,1,121.18,33.39969,LSTM
2026-05-26 00:00:00+00:00,2,119.53,21.221443,LSTM
2026-05-26 00:00:00+00:00,3,128.91,37.840454,LSTM
2026-05-26 00:00:00+00:00,4,143.105,36.933372,LSTM
2026-05-26 00:00:00+00:00,5,141.54,41.74079,LSTM
2026-05-26 00:00:00+00:00,6,122.045,64.470474,LSTM
2026-05-26 00:00:00+00:00,7,78.8,61.365784,LSTM
2026-05-26 00:00:00+00:00,8,6.52,39.125206,LSTM
2026-05-26 00:00:00+00:00,9,-0.0075,29.848442,LSTM
2026-05-26 00:00:00+00:00,10,-1.825,37.391087,LSTM
2026-05-26 00:00:00+00:00,11,-2.5,54.574142,LSTM
2026-05-26 00:00:00+00:00,12,-0.835,46.50415,LSTM
2026-05-26 00:00:00+00:00,13,-0.015,56.794247,LSTM
2026-05-26 00:00:00+00:00,14,13.115,55.431526,LSTM
2026-05-26 00:00:00+00:00,15,89.685,92.63871,LSTM
2026-05-26 00:00:00+00:00,16,134.7875,77.76603,LSTM
2026-05-26 00:00:00+00:00,17,185.1025,83.36037,LSTM
2026-05-26 00:00:00+00:00,18,217.9475,98.94301,LSTM
2026-05-26 00:00:00+00:00,19,184.785,108.74632,LSTM
2026-05-26 00:00:00+00:00,20,153.775,77.25839,LSTM
2026-05-26 00:00:00+00:00,21,130.5325,51.419502,LSTM
2026-05-26 00:00:00+00:00,22,134.7875,47.67346,LSTM
2026-05-26 00:00:00+00:00,23,127.5175,40.110786,LSTM
2026-05-27 00:00:00+00:00,0,120.5425,32.05921,LSTM
2026-05-27 00:00:00+00:00,1,118.87,36.656754,LSTM
2026-05-27 00:00:00+00:00,2,119.0475,24.35015,LSTM
2026-05-27 00:00:00+00:00,3,121.235,40.85552,LSTM
2026-05-27 00:00:00+00:00,4,134.2,41.444183,LSTM
2026-05-27 00:00:00+00:00,5,131.1,41.42885,LSTM
2026-05-27 00:00:00+00:00,6,106.4525,57.68983,LSTM
2026-05-27 00:00:00+00:00,7,48.235,49.27337,LSTM
2026-05-27 00:00:00+00:00,8,3.425,34.090458,LSTM
2026-05-27 00:00:00+00:00,9,-0.27,33.829334,LSTM
2026-05-27 00:00:00+00:00,10,-1.05,35.331913,LSTM
2026-05-27 00:00:00+00:00,11,-1.635,47.025585,LSTM
2026-05-27 00:00:00+00:00,12,-1.645,47.128357,LSTM
2026-05-27 00:00:00+00:00,13,-1.7025,46.588074,LSTM
2026-05-27 00:00:00+00:00,14,-0.4225,38.6715,LSTM
2026-05-27 00:00:00+00:00,15,32.2075,63.541718,LSTM
2026-05-27 00:00:00+00:00,16,97.8475,47.68776,LSTM
2026-05-27 00:00:00+00:00,17,136.51749999999998,54.23543,LSTM
2026-05-27 00:00:00+00:00,18,156.6775,79.88353,LSTM
2026-05-27 00:00:00+00:00,19,157.53,84.903534,LSTM
2026-05-27 00:00:00+00:00,20,144.16,72.28085,LSTM
2026-05-27 00:00:00+00:00,21,133.45499999999998,48.15845,LSTM
2026-05-27 00:00:00+00:00,22,132.945,52.584194,LSTM
2026-05-27 00:00:00+00:00,23,129.5375,48.05988,LSTM
2026-05-28 00:00:00+00:00,0,127.2375,33.757328,LSTM
2026-05-28 00:00:00+00:00,1,127.3625,35.964508,LSTM
2026-05-28 00:00:00+00:00,2,130.09,28.531189,LSTM
2026-05-28 00:00:00+00:00,3,135.5025,40.464867,LSTM
2026-05-28 00:00:00+00:00,4,148.4525,41.0755,LSTM
2026-05-28 00:00:00+00:00,5,138.155,44.362133,LSTM
2026-05-28 00:00:00+00:00,6,123.4025,58.093544,LSTM
2026-05-28 00:00:00+00:00,7,87.5425,47.307285,LSTM
2026-05-28 00:00:00+00:00,8,19.3075,34.94539,LSTM
2026-05-28 00:00:00+00:00,9,0.5675,30.892408,LSTM
2026-05-28 00:00:00+00:00,10,0.0024999999999999,38.193092,LSTM
2026-05-28 00:00:00+00:00,11,-0.0125,48.365406,LSTM
2026-05-28 00:00:00+00:00,12,0.0,48.3713,LSTM
2026-05-28 00:00:00+00:00,13,1.2975,47.645725,LSTM
2026-05-28 00:00:00+00:00,14,39.645,41.94732,LSTM
2026-05-28 00:00:00+00:00,15,101.2575,68.7436,LSTM
2026-05-28 00:00:00+00:00,16,138.25,53.285812,LSTM
2026-05-28 00:00:00+00:00,17,217.6025,57.20996,LSTM
2026-05-28 00:00:00+00:00,18,393.935,89.9144,LSTM
2026-05-28 00:00:00+00:00,19,368.0175,97.67355,LSTM
2026-05-28 00:00:00+00:00,20,215.75,77.11654,LSTM
2026-05-28 00:00:00+00:00,21,159.7975,58.584816,LSTM
2026-05-28 00:00:00+00:00,22,144.4425,59.726395,LSTM
2026-05-28 00:00:00+00:00,23,133.9275,51.160225,LSTM
2026-05-29 00:00:00+00:00,0,127.975,31.067192,LSTM
2026-05-29 00:00:00+00:00,1,126.1925,33.989895,LSTM
2026-05-29 00:00:00+00:00,2,125.2775,22.794033,LSTM
2026-05-29 00:00:00+00:00,3,125.495,37.053436,LSTM
2026-05-29 00:00:00+00:00,4,131.885,36.617634,LSTM
2026-05-29 00:00:00+00:00,5,125.995,38.456932,LSTM
2026-05-29 00:00:00+00:00,6,113.565,48.63318,LSTM
2026-05-29 00:00:00+00:00,7,71.9075,33.99506,LSTM
2026-05-29 00:00:00+00:00,8,17.0275,18.589827,LSTM
2026-05-29 00:00:00+00:00,9,0.29,24.384346,LSTM
2026-05-29 00:00:00+00:00,10,-0.055,23.779797,LSTM
2026-05-29 00:00:00+00:00,11,-0.0349999999999999,33.442482,LSTM
2026-05-29 00:00:00+00:00,12,0.0,37.377117,LSTM
2026-05-29 00:00:00+00:00,13,9.41,40.365685,LSTM
2026-05-29 00:00:00+00:00,14,51.61,34.398254,LSTM
2026-05-29 00:00:00+00:00,15,103.4075,62.42475,LSTM
2026-05-29 00:00:00+00:00,16,136.985,46.475822,LSTM
2026-05-29 00:00:00+00:00,17,174.9475,51.840096,LSTM
2026-05-29 00:00:00+00:00,18,240.61,82.29776,LSTM
2026-05-29 00:00:00+00:00,19,201.405,84.62105,LSTM
2026-05-29 00:00:00+00:00,20,161.70000000000002,63.141792,LSTM
2026-05-29 00:00:00+00:00,21,145.1925,39.507805,LSTM
2026-05-29 00:00:00+00:00,22,135.515,43.537754,LSTM
2026-05-29 00:00:00+00:00,23,128.45,37.037712,LSTM
2026-05-30 00:00:00+00:00,0,123.7725,33.183685,LSTM
2026-05-30 00:00:00+00:00,1,121.085,31.387583,LSTM
2026-05-30 00:00:00+00:00,2,125.3575,30.567791,LSTM
2026-05-30 00:00:00+00:00,3,125.045,34.41753,LSTM
2026-05-30 00:00:00+00:00,4,118.9925,30.222445,LSTM
2026-05-30 00:00:00+00:00,5,109.095,36.366394,LSTM
2026-05-30 00:00:00+00:00,6,88.8675,42.264843,LSTM
2026-05-30 00:00:00+00:00,7,36.682500000000005,29.722836,LSTM
2026-05-30 00:00:00+00:00,8,2.96,17.959908,LSTM
2026-05-30 00:00:00+00:00,9,-0.005,27.808834,LSTM
2026-05-30 00:00:00+00:00,10,-0.0525,23.374107,LSTM
2026-05-30 00:00:00+00:00,11,-1.4425,30.207546,LSTM
2026-05-30 00:00:00+00:00,12,-0.7475,34.86697,LSTM
2026-05-30 00:00:00+00:00,13,-0.01,35.42777,LSTM
2026-05-30 00:00:00+00:00,14,3.0075,23.425484,LSTM
2026-05-30 00:00:00+00:00,15,62.5,47.9246,LSTM
2026-05-30 00:00:00+00:00,16,107.0075,37.35753,LSTM
2026-05-30 00:00:00+00:00,17,139.8725,36.60094,LSTM
2026-05-30 00:00:00+00:00,18,160.52499999999998,82.19357,LSTM
2026-05-30 00:00:00+00:00,19,171.845,84.89534,LSTM
2026-05-30 00:00:00+00:00,20,159.4025,64.741486,LSTM
2026-05-30 00:00:00+00:00,21,143.04000000000002,49.04966,LSTM
2026-05-30 00:00:00+00:00,22,136.4125,49.355072,LSTM
2026-05-30 00:00:00+00:00,23,129.10500000000002,42.215683,LSTM
2026-05-31 00:00:00+00:00,0,125.915,35.27387,LSTM
2026-05-31 00:00:00+00:00,1,125.1975,33.89097,LSTM
2026-05-31 00:00:00+00:00,2,126.95,35.06038,LSTM
2026-05-31 00:00:00+00:00,3,123.3575,34.653843,LSTM
2026-05-31 00:00:00+00:00,4,115.0025,31.424349,LSTM
2026-05-31 00:00:00+00:00,5,100.56,37.204994,LSTM
2026-05-31 00:00:00+00:00,6,90.4375,49.254654,LSTM
2026-05-31 00:00:00+00:00,7,56.29,43.542477,LSTM
2026-05-31 00:00:00+00:00,8,7.5675,32.237076,LSTM
2026-05-31 00:00:00+00:00,9,0.0,40.02728,LSTM
2026-05-31 00:00:00+00:00,10,-0.005,35.118877,LSTM
2026-05-31 00:00:00+00:00,11,-0.01,46.322186,LSTM
2026-05-31 00:00:00+00:00,12,-0.01,47.83895,LSTM
2026-05-31 00:00:00+00:00,13,0.0,49.43827,LSTM
2026-05-31 00:00:00+00:00,14,49.002500000000005,39.15061,LSTM
2026-05-31 00:00:00+00:00,15,95.925,56.665764,LSTM
2026-05-31 00:00:00+00:00,16,127.265,54.963097,LSTM
2026-05-31 00:00:00+00:00,17,141.37,52.332897,LSTM
2026-05-31 00:00:00+00:00,18,152.7625,86.74017,LSTM
2026-05-31 00:00:00+00:00,19,156.035,89.7864,LSTM
2026-05-31 00:00:00+00:00,20,153.1275,72.69859,LSTM
2026-05-31 00:00:00+00:00,21,145.3475,54.76541,LSTM
2026-05-31 00:00:00+00:00,22,141.0075,54.950096,LSTM
2026-05-31 00:00:00+00:00,23,128.255,48.4516,LSTM
2026-06-01 00:00:00+00:00,0,123.1375,42.741478,LSTM
2026-06-01 00:00:00+00:00,1,120.295,44.163734,LSTM
2026-06-01 00:00:00+00:00,2,124.4875,34.52754,LSTM
2026-06-01 00:00:00+00:00,3,135.0925,41.205,LSTM
2026-06-01 00:00:00+00:00,4,164.03,38.433372,LSTM
2026-06-01 00:00:00+00:00,5,160.0,42.04303,LSTM
2026-06-01 00:00:00+00:00,6,151.715,64.17997,LSTM
2026-06-01 00:00:00+00:00,7,133.2,74.18068,LSTM
2026-06-01 00:00:00+00:00,8,117.66,54.370304,LSTM
2026-06-01 00:00:00+00:00,9,108.1425,58.22901,LSTM
2026-06-01 00:00:00+00:00,10,93.0825,55.707848,LSTM
2026-06-01 00:00:00+00:00,11,89.9075,77.4256,LSTM
2026-06-01 00:00:00+00:00,12,87.44749999999999,70.00916,LSTM
2026-06-01 00:00:00+00:00,13,95.0975,81.3093,LSTM
2026-06-01 00:00:00+00:00,14,106.735,73.47351,LSTM
2026-06-01 00:00:00+00:00,15,125.2425,99.047005,LSTM
2026-06-01 00:00:00+00:00,16,141.4575,98.94629,LSTM
2026-06-01 00:00:00+00:00,17,226.6125,94.80748,LSTM
2026-06-01 00:00:00+00:00,18,355.2525,116.9214,LSTM
2026-06-01 00:00:00+00:00,19,333.3675,114.07602,LSTM
2026-06-01 00:00:00+00:00,20,222.5025,90.74733,LSTM
2026-06-01 00:00:00+00:00,21,161.025,60.090385,LSTM
2026-06-01 00:00:00+00:00,22,142.065,57.82982,LSTM
2026-06-01 00:00:00+00:00,23,131.7225,54.671326,LSTM
2026-06-02 00:00:00+00:00,0,125.085,31.975958,LSTM
2026-06-02 00:00:00+00:00,1,120.915,35.012222,LSTM
2026-06-02 00:00:00+00:00,2,120.6275,28.07122,LSTM
2026-06-02 00:00:00+00:00,3,124.215,38.895905,LSTM
2026-06-02 00:00:00+00:00,4,131.0275,37.88163,LSTM
2026-06-02 00:00:00+00:00,5,131.79500000000002,38.02602,LSTM
2026-06-02 00:00:00+00:00,6,121.0825,51.523003,LSTM
2026-06-02 00:00:00+00:00,7,105.41,52.71219,LSTM
2026-06-02 00:00:00+00:00,8,90.515,29.448574,LSTM
2026-06-02 00:00:00+00:00,9,84.69999999999999,43.9097,LSTM
2026-06-02 00:00:00+00:00,10,80.2925,35.90363,LSTM
2026-06-02 00:00:00+00:00,11,84.9575,48.78941,LSTM
2026-06-02 00:00:00+00:00,12,90.7825,55.61129,LSTM
2026-06-02 00:00:00+00:00,13,99.7375,59.129547,LSTM
2026-06-02 00:00:00+00:00,14,112.2475,49.3869,LSTM
2026-06-02 00:00:00+00:00,15,131.1375,72.427444,LSTM
2026-06-02 00:00:00+00:00,16,146.97750000000002,66.36604,LSTM
2026-06-02 00:00:00+00:00,17,167.9375,69.45616,LSTM
2026-06-02 00:00:00+00:00,18,167.2725,96.28786,LSTM
2026-06-02 00:00:00+00:00,19,152.325,86.46611,LSTM
2026-06-02 00:00:00+00:00,20,140.435,70.63836,LSTM
2026-06-02 00:00:00+00:00,21,125.2375,37.024437,LSTM
2026-06-02 00:00:00+00:00,22,116.3,43.643253,LSTM
2026-06-02 00:00:00+00:00,23,111.895,42.318703,LSTM
2026-06-03 00:00:00+00:00,0,108.0175,29.097519,LSTM
2026-06-03 00:00:00+00:00,1,107.3,32.275482,LSTM
2026-06-03 00:00:00+00:00,2,107.19,24.47983,LSTM
2026-06-03 00:00:00+00:00,3,113.275,40.44876,LSTM
2026-06-03 00:00:00+00:00,4,130.7375,38.988945,LSTM
2026-06-03 00:00:00+00:00,5,136.82999999999998,37.996956,LSTM
2026-06-03 00:00:00+00:00,6,131.0775,52.862167,LSTM
2026-06-03 00:00:00+00:00,7,112.1475,59.045883,LSTM
2026-06-03 00:00:00+00:00,8,94.0925,32.377285,LSTM
2026-06-03 00:00:00+00:00,9,80.2475,42.58699,LSTM
2026-06-03 00:00:00+00:00,10,58.17,36.061317,LSTM
2026-06-03 00:00:00+00:00,11,37.8325,46.55707,LSTM
2026-06-03 00:00:00+00:00,12,38.0425,49.495934,LSTM
2026-06-03 00:00:00+00:00,13,47.1,49.765076,LSTM
2026-06-03 00:00:00+00:00,14,76.9,39.611176,LSTM
2026-06-03 00:00:00+00:00,15,95.5325,68.36332,LSTM
2026-06-03 00:00:00+00:00,16,122.1875,60.190315,LSTM
2026-06-03 00:00:00+00:00,17,138.3675,67.57693,LSTM
2026-06-03 00:00:00+00:00,18,146.2375,90.4648,LSTM
2026-06-03 00:00:00+00:00,19,133.42000000000002,81.61862,LSTM
2026-06-03 00:00:00+00:00,20,120.9525,66.06851,LSTM
2026-06-03 00:00:00+00:00,21,99.4075,31.751621,LSTM
2026-06-03 00:00:00+00:00,22,86.205,38.054077,LSTM
2026-06-03 00:00:00+00:00,23,75.4875,39.90119,LSTM
2026-06-04 00:00:00+00:00,0,66.92,23.035221,LSTM
2026-06-04 00:00:00+00:00,1,67.4725,23.918877,LSTM
2026-06-04 00:00:00+00:00,2,68.2925,24.910831,LSTM
2026-06-04 00:00:00+00:00,3,71.185,34.117428,LSTM
2026-06-04 00:00:00+00:00,4,73.97,35.60473,LSTM
2026-06-04 00:00:00+00:00,5,87.08,36.431923,LSTM
2026-06-04 00:00:00+00:00,6,75.62,40.82955,LSTM
2026-06-04 00:00:00+00:00,7,34.125,32.96257,LSTM
2026-06-04 00:00:00+00:00,8,4.79,12.512964,LSTM
2026-06-04 00:00:00+00:00,9,-0.0025,23.37242,LSTM
2026-06-04 00:00:00+00:00,10,-0.025,21.200068,LSTM
2026-06-04 00:00:00+00:00,11,-0.0475,24.975414,LSTM
2026-06-04 00:00:00+00:00,12,-0.035,35.08449,LSTM
2026-06-04 00:00:00+00:00,13,1.6175,24.941944,LSTM
2026-06-04 00:00:00+00:00,14,28.6375,18.82993,LSTM
2026-06-04 00:00:00+00:00,15,70.1525,31.948673,LSTM
2026-06-04 00:00:00+00:00,16,101.5025,26.604597,LSTM
2026-06-04 00:00:00+00:00,17,114.165,36.64717,LSTM
2026-06-04 00:00:00+00:00,18,117.9625,62.355423,LSTM
2026-06-04 00:00:00+00:00,19,115.3725,52.402237,LSTM
2026-06-04 00:00:00+00:00,20,111.69,50.060837,LSTM
2026-06-04 00:00:00+00:00,21,100.05,28.431536,LSTM
2026-06-04 00:00:00+00:00,22,80.695,41.033237,LSTM
2026-06-04 00:00:00+00:00,23,79.44749999999999,39.447567,LSTM
2026-06-05 00:00:00+00:00,0,83.44749999999999,30.135647,LSTM
2026-06-05 00:00:00+00:00,1,85.025,31.650818,LSTM
2026-06-05 00:00:00+00:00,2,89.8325,30.209099,LSTM
2026-06-05 00:00:00+00:00,3,97.2575,39.645836,LSTM
2026-06-05 00:00:00+00:00,4,114.8975,41.28225,LSTM
2026-06-05 00:00:00+00:00,5,118.6175,46.010292,LSTM
2026-06-05 00:00:00+00:00,6,113.8175,62.170708,LSTM
2026-06-05 00:00:00+00:00,7,98.3,66.780045,LSTM
2026-06-05 00:00:00+00:00,8,86.115,56.34783,LSTM
2026-06-05 00:00:00+00:00,9,70.825,51.79726,LSTM
2026-06-05 00:00:00+00:00,10,45.205,66.44008,LSTM
2026-06-05 00:00:00+00:00,11,34.1775,80.69612,LSTM
2026-06-05 00:00:00+00:00,12,27.2,75.94223,LSTM
2026-06-05 00:00:00+00:00,13,38.01,72.05446,LSTM
2026-06-05 00:00:00+00:00,14,72.555,64.84144,LSTM
2026-06-05 00:00:00+00:00,15,104.2525,89.8251,LSTM
2026-06-05 00:00:00+00:00,16,128.9025,81.26245,LSTM
2026-06-05 00:00:00+00:00,17,150.4975,84.00374,LSTM
2026-06-05 00:00:00+00:00,18,179.0775,111.6835,LSTM
2026-06-05 00:00:00+00:00,19,189.355,118.782394,LSTM
2026-06-05 00:00:00+00:00,20,169.135,90.63921,LSTM
2026-06-05 00:00:00+00:00,21,152.06,71.12897,LSTM
2026-06-05 00:00:00+00:00,22,148.2425,71.3475,LSTM
2026-06-05 00:00:00+00:00,23,137.18,64.65434,LSTM
2026-06-06 00:00:00+00:00,0,134.79,36.613937,LSTM
2026-06-06 00:00:00+00:00,1,116.1675,35.929222,LSTM
2026-06-06 00:00:00+00:00,2,130.1825,32.06393,LSTM
2026-06-06 00:00:00+00:00,3,126.035,35.60463,LSTM
2026-06-06 00:00:00+00:00,4,117.69,34.53229,LSTM
2026-06-06 00:00:00+00:00,5,102.315,35.012077,LSTM
2026-06-06 00:00:00+00:00,6,81.0175,43.39656,LSTM
2026-06-06 00:00:00+00:00,7,50.0,38.47581,LSTM
2026-06-06 00:00:00+00:00,8,14.7425,26.758633,LSTM
2026-06-06 00:00:00+00:00,9,0.0325,35.667274,LSTM
2026-06-06 00:00:00+00:00,10,-0.03,26.04139,LSTM
2026-06-06 00:00:00+00:00,11,-0.025,32.301365,LSTM
2026-06-06 00:00:00+00:00,12,0.0225,39.74893,LSTM
2026-06-06 00:00:00+00:00,13,9.51,38.44585,LSTM
2026-06-06 00:00:00+00:00,14,46.105,31.14969,LSTM
2026-06-06 00:00:00+00:00,15,93.2825,47.80893,LSTM
2026-06-06 00:00:00+00:00,16,121.7875,44.450222,LSTM
2026-06-06 00:00:00+00:00,17,133.85,46.604527,LSTM
2026-06-06 00:00:00+00:00,18,152.4325,79.6737,LSTM
2026-06-06 00:00:00+00:00,19,150.9225,73.84065,LSTM
2026-06-06 00:00:00+00:00,20,134.3275,61.582253,LSTM
2026-06-06 00:00:00+00:00,21,121.5425,39.021156,LSTM
2026-06-06 00:00:00+00:00,22,110.7,42.67861,LSTM
2026-06-06 00:00:00+00:00,23,99.5125,38.444393,LSTM
2026-06-07 00:00:00+00:00,0,92.2075,28.116714,LSTM
2026-06-07 00:00:00+00:00,1,81.41499999999999,25.728893,LSTM
2026-06-07 00:00:00+00:00,2,67.0125,25.925987,LSTM
2026-06-07 00:00:00+00:00,3,39.21,31.40763,LSTM
2026-06-07 00:00:00+00:00,4,5.0475,27.317139,LSTM
2026-06-07 00:00:00+00:00,5,0.46,32.978195,LSTM
2026-06-07 00:00:00+00:00,6,-0.5525,41.997234,LSTM
2026-06-07 00:00:00+00:00,7,-5.05,34.773575,LSTM
2026-06-07 00:00:00+00:00,8,-8.0,27.61839,LSTM
2026-06-07 00:00:00+00:00,9,-14.0525,30.999847,LSTM
2026-06-07 00:00:00+00:00,10,-18.2625,31.79451,LSTM
2026-06-07 00:00:00+00:00,11,-35.9375,42.39456,LSTM
2026-06-07 00:00:00+00:00,12,-44.7375,42.433506,LSTM
2026-06-07 00:00:00+00:00,13,-36.47,40.954716,LSTM
2026-06-07 00:00:00+00:00,14,-15.96,26.921862,LSTM
2026-06-07 00:00:00+00:00,15,-1.135,48.73529,LSTM
2026-06-07 00:00:00+00:00,16,53.625,39.824272,LSTM
2026-06-07 00:00:00+00:00,17,108.0025,43.833694,LSTM
2026-06-07 00:00:00+00:00,18,128.26749999999998,77.172226,LSTM
2026-06-07 00:00:00+00:00,19,137.1375,88.95949,LSTM
2026-06-07 00:00:00+00:00,20,141.1875,69.44527,LSTM
2026-06-07 00:00:00+00:00,21,140.3425,58.1874,LSTM
2026-06-07 00:00:00+00:00,22,140.43,60.235054,LSTM
2026-06-07 00:00:00+00:00,23,134.2375,52.249313,LSTM
2026-06-08 00:00:00+00:00,0,132.71,33.252674,LSTM
2026-06-08 00:00:00+00:00,1,127.67,37.498337,LSTM
2026-06-08 00:00:00+00:00,2,130.175,24.212698,LSTM
2026-06-08 00:00:00+00:00,3,138.5625,43.583305,LSTM
2026-06-08 00:00:00+00:00,4,150.675,44.642944,LSTM
2026-06-08 00:00:00+00:00,5,145.675,45.176506,LSTM
2026-06-08 00:00:00+00:00,6,124.875,66.51012,LSTM
2026-06-08 00:00:00+00:00,7,100.9025,72.15444,LSTM
2026-06-08 00:00:00+00:00,8,75.91499999999999,49.55448,LSTM
2026-06-08 00:00:00+00:00,9,55.6425,43.445923,LSTM
2026-06-08 00:00:00+00:00,10,54.4825,52.563877,LSTM
2026-06-08 00:00:00+00:00,11,55.2175,68.31499,LSTM
2026-06-08 00:00:00+00:00,12,68.67,60.870815,LSTM
2026-06-08 00:00:00+00:00,13,88.8525,65.312706,LSTM
2026-06-08 00:00:00+00:00,14,102.58,62.91057,LSTM
2026-06-08 00:00:00+00:00,15,128.875,96.69928,LSTM
2026-06-08 00:00:00+00:00,16,151.32999999999998,84.32349,LSTM
2026-06-08 00:00:00+00:00,17,199.3225,91.016464,LSTM
2026-06-08 00:00:00+00:00,18,208.9025,103.19052,LSTM
2026-06-08 00:00:00+00:00,19,185.75,106.03534,LSTM
2026-06-08 00:00:00+00:00,20,152.3675,80.03499,LSTM
2026-06-08 00:00:00+00:00,21,128.20499999999998,50.484734,LSTM
2026-06-08 00:00:00+00:00,22,129.0125,52.15007,LSTM
2026-06-08 00:00:00+00:00,23,122.1575,49.236164,LSTM
2026-06-09 00:00:00+00:00,0,115.5,33.27201,LSTM
2026-06-09 00:00:00+00:00,1,111.2175,35.26062,LSTM
2026-06-09 00:00:00+00:00,2,110.475,30.31077,LSTM
2026-06-09 00:00:00+00:00,3,115.8425,42.09355,LSTM
2026-06-09 00:00:00+00:00,4,130.1525,40.083817,LSTM
2026-06-09 00:00:00+00:00,5,134.6325,41.694504,LSTM
2026-06-09 00:00:00+00:00,6,126.89,57.96501,LSTM
2026-06-09 00:00:00+00:00,7,107.0,58.671234,LSTM
2026-06-09 00:00:00+00:00,8,82.33500000000001,37.811348,LSTM
2026-06-09 00:00:00+00:00,9,60.9,43.752804,LSTM
2026-06-09 00:00:00+00:00,10,25.215,42.10468,LSTM
2026-06-09 00:00:00+00:00,11,3.5325,55.68301,LSTM
2026-06-09 00:00:00+00:00,12,0.145,55.083298,LSTM
2026-06-09 00:00:00+00:00,13,1.52,54.727936,LSTM
2026-06-09 00:00:00+00:00,14,30.585,43.29441,LSTM
2026-06-09 00:00:00+00:00,15,75.72749999999999,67.939545,LSTM
2026-06-09 00:00:00+00:00,16,118.5475,60.903908,LSTM
2026-06-09 00:00:00+00:00,17,137.3,64.52895,LSTM
2026-06-09 00:00:00+00:00,18,153.73000000000002,90.3012,LSTM
2026-06-09 00:00:00+00:00,19,156.275,90.13274,LSTM
2026-06-09 00:00:00+00:00,20,144.9925,75.33707,LSTM
2026-06-09 00:00:00+00:00,21,131.3075,47.894585,LSTM
2026-06-09 00:00:00+00:00,22,124.9125,53.2666,LSTM
2026-06-09 00:00:00+00:00,23,116.9025,51.954655,LSTM
2026-06-10 00:00:00+00:00,0,111.1275,33.786953,LSTM
2026-06-10 00:00:00+00:00,1,111.3075,37.45477,LSTM
2026-06-10 00:00:00+00:00,2,113.24,26.678059,LSTM
2026-06-10 00:00:00+00:00,3,118.7525,42.23672,LSTM
2026-06-10 00:00:00+00:00,4,131.89249999999998,42.78032,LSTM
2026-06-10 00:00:00+00:00,5,136.8075,44.23817,LSTM
2026-06-10 00:00:00+00:00,6,126.6525,58.649124,LSTM
2026-06-10 00:00:00+00:00,7,104.6025,58.358253,LSTM
2026-06-10 00:00:00+00:00,8,86.5575,41.09842,LSTM
2026-06-10 00:00:00+00:00,9,73.0575,45.111767,LSTM
2026-06-10 00:00:00+00:00,10,68.67750000000001,52.139412,LSTM
2026-06-10 00:00:00+00:00,11,71.5675,66.192764,LSTM
2026-06-10 00:00:00+00:00,12,77.825,66.143745,LSTM
2026-06-10 00:00:00+00:00,13,86.625,68.32777,LSTM
2026-06-10 00:00:00+00:00,14,103.4525,59.9984,LSTM
2026-06-10 00:00:00+00:00,15,125.4,86.89265,LSTM
2026-06-10 00:00:00+00:00,16,140.525,70.82065,LSTM
2026-06-10 00:00:00+00:00,17,170.9675,72.908585,LSTM
2026-06-10 00:00:00+00:00,18,213.98,100.75182,LSTM
2026-06-10 00:00:00+00:00,19,204.9975,102.198235,LSTM
2026-06-10 00:00:00+00:00,20,168.635,80.69066,LSTM
2026-06-10 00:00:00+00:00,21,151.75,55.062973,LSTM
2026-06-10 00:00:00+00:00,22,140.7325,58.8795,LSTM
2026-06-10 00:00:00+00:00,23,133.4875,54.296387,LSTM
2026-06-11 00:00:00+00:00,0,126.195,41.09922,LSTM
2026-06-11 00:00:00+00:00,1,125.7575,41.587353,LSTM
2026-06-11 00:00:00+00:00,2,126.045,34.83225,LSTM
2026-06-11 00:00:00+00:00,3,126.6625,41.709328,LSTM
2026-06-11 00:00:00+00:00,4,138.32999999999998,35.826694,LSTM
2026-06-11 00:00:00+00:00,5,138.7975,37.1248,LSTM
2026-06-11 00:00:00+00:00,6,126.64,57.341442,LSTM
2026-06-11 00:00:00+00:00,7,103.7975,67.724075,LSTM
2026-06-11 00:00:00+00:00,8,90.5425,45.378483,LSTM
2026-06-11 00:00:00+00:00,9,76.9725,50.68803,LSTM
2026-06-11 00:00:00+00:00,10,60.2725,36.372192,LSTM
2026-06-11 00:00:00+00:00,11,45.31,54.922886,LSTM
2026-06-11 00:00:00+00:00,12,31.58,52.0652,LSTM
2026-06-11 00:00:00+00:00,13,51.025,59.341873,LSTM
2026-06-11 00:00:00+00:00,14,78.4675,43.018555,LSTM
2026-06-11 00:00:00+00:00,15,101.5975,64.15372,LSTM
2026-06-11 00:00:00+00:00,16,127.98,65.32071,LSTM
2026-06-11 00:00:00+00:00,17,146.235,64.66226,LSTM
2026-06-11 00:00:00+00:00,18,174.85750000000002,93.16356,LSTM
2026-06-11 00:00:00+00:00,19,164.9425,84.767,LSTM
2026-06-11 00:00:00+00:00,20,137.2325,82.31067,LSTM
2026-06-11 00:00:00+00:00,21,116.0625,53.110268,LSTM
2026-06-11 00:00:00+00:00,22,116.895,54.348328,LSTM
2026-06-11 00:00:00+00:00,23,102.0125,54.640907,LSTM
2026-06-12 00:00:00+00:00,0,94.505,30.844326,LSTM
2026-06-12 00:00:00+00:00,1,92.0525,34.19258,LSTM
2026-06-12 00:00:00+00:00,2,93.0475,24.805716,LSTM
2026-06-12 00:00:00+00:00,3,96.0775,40.630314,LSTM
2026-06-12 00:00:00+00:00,4,117.7575,36.279724,LSTM
2026-06-12 00:00:00+00:00,5,122.655,32.89934,LSTM
2026-06-12 00:00:00+00:00,6,127.34,48.84498,LSTM
2026-06-12 00:00:00+00:00,7,117.405,58.422237,LSTM
2026-06-12 00:00:00+00:00,8,102.1,36.698483,LSTM
2026-06-12 00:00:00+00:00,9,90.51,51.48312,LSTM
2026-06-12 00:00:00+00:00,10,81.005,35.796185,LSTM
2026-06-12 00:00:00+00:00,11,70.1325,48.099583,LSTM
2026-06-12 00:00:00+00:00,12,60.370000000000005,48.50443,LSTM
2026-06-12 00:00:00+00:00,13,56.0475,44.98595,LSTM
2026-06-12 00:00:00+00:00,14,68.2675,23.042217,LSTM
2026-06-12 00:00:00+00:00,15,78.8725,39.815918,LSTM
2026-06-12 00:00:00+00:00,16,103.65,34.883194,LSTM
2026-06-12 00:00:00+00:00,17,115.8725,40.28463,LSTM
2026-06-12 00:00:00+00:00,18,110.665,65.03215,LSTM
2026-06-12 00:00:00+00:00,19,109.81,52.584496,LSTM
2026-06-12 00:00:00+00:00,20,111.1225,60.39952,LSTM
2026-06-12 00:00:00+00:00,21,100.8975,28.42593,LSTM
2026-06-12 00:00:00+00:00,22,87.085,38.210464,LSTM
2026-06-12 00:00:00+00:00,23,74.045,46.782455,LSTM
2026-06-13 00:00:00+00:00,0,65.85249999999999,36.227978,LSTM
2026-06-13 00:00:00+00:00,1,63.835,33.719604,LSTM
2026-06-13 00:00:00+00:00,2,65.5575,31.359638,LSTM
2026-06-13 00:00:00+00:00,3,53.795,40.293343,LSTM
2026-06-13 00:00:00+00:00,4,31.63,31.696772,LSTM
2026-06-13 00:00:00+00:00,5,13.655,30.175995,LSTM
2026-06-13 00:00:00+00:00,6,0.3274999999999999,36.621056,LSTM
2026-06-13 00:00:00+00:00,7,-1.1075,30.140268,LSTM
2026-06-13 00:00:00+00:00,8,-4.9175,5.9256516,LSTM
2026-06-13 00:00:00+00:00,9,-15.695,28.592106,LSTM
2026-06-13 00:00:00+00:00,10,-27.4225,5.676361,LSTM
2026-06-13 00:00:00+00:00,11,-45.8675,10.716608,LSTM
2026-06-13 00:00:00+00:00,12,-44.9975,18.94566,LSTM
2026-06-13 00:00:00+00:00,13,-31.54,17.226501,LSTM
2026-06-13 00:00:00+00:00,14,-19.17,-4.585558,LSTM
2026-06-13 00:00:00+00:00,15,-4.215,11.618217,LSTM
2026-06-13 00:00:00+00:00,16,-0.5475000000000001,7.0009575,LSTM
2026-06-13 00:00:00+00:00,17,33.410000000000004,12.066181,LSTM
2026-06-13 00:00:00+00:00,18,72.25500000000001,40.581936,LSTM
2026-06-13 00:00:00+00:00,19,87.16,32.53612,LSTM
2026-06-13 00:00:00+00:00,20,102.485,43.73914,LSTM
2026-06-13 00:00:00+00:00,21,88.0,22.247292,LSTM
2026-06-13 00:00:00+00:00,22,67.7875,37.053596,LSTM
2026-06-13 00:00:00+00:00,23,49.44,42.937305,LSTM
2026-06-14 00:00:00+00:00,0,34.0775,29.714924,LSTM
2026-06-14 00:00:00+00:00,1,28.0725,28.02497,LSTM
2026-06-14 00:00:00+00:00,2,26.5725,30.421219,LSTM
2026-06-14 00:00:00+00:00,3,21.3675,38.115334,LSTM
2026-06-14 00:00:00+00:00,4,7.74,31.93745,LSTM
2026-06-14 00:00:00+00:00,5,0.4599999999999999,33.61863,LSTM
2026-06-14 00:00:00+00:00,6,-0.3475,44.19636,LSTM
2026-06-14 00:00:00+00:00,7,-2.8325,39.84379,LSTM
2026-06-14 00:00:00+00:00,8,-6.37,22.716171,LSTM
2026-06-14 00:00:00+00:00,9,-9.2875,32.944687,LSTM
2026-06-14 00:00:00+00:00,10,-14.9925,24.629147,LSTM
2026-06-14 00:00:00+00:00,11,-23.4225,32.045063,LSTM
2026-06-14 00:00:00+00:00,12,-25.0,33.291206,LSTM
2026-06-14 00:00:00+00:00,13,-20.0,26.374594,LSTM
2026-06-14 00:00:00+00:00,14,-9.2025,7.0699787,LSTM
2026-06-14 00:00:00+00:00,15,-1.745,20.849876,LSTM
2026-06-14 00:00:00+00:00,16,5.28,14.961729,LSTM
2026-06-14 00:00:00+00:00,17,62.0825,20.487244,LSTM
2026-06-14 00:00:00+00:00,18,94.88,44.1032,LSTM
2026-06-14 00:00:00+00:00,19,102.6275,52.105278,LSTM
2026-06-14 00:00:00+00:00,20,112.28,55.291588,LSTM
2026-06-14 00:00:00+00:00,21,103.395,40.471794,LSTM
2026-06-14 00:00:00+00:00,22,101.4325,50.867973,LSTM
2026-06-14 00:00:00+00:00,23,92.91,51.19404,LSTM
2026-06-15 00:00:00+00:00,0,85.375,29.894709,LSTM
2026-06-15 00:00:00+00:00,1,83.7475,34.059074,LSTM
2026-06-15 00:00:00+00:00,2,84.3875,24.616796,LSTM
2026-06-15 00:00:00+00:00,3,91.405,42.214966,LSTM
2026-06-15 00:00:00+00:00,4,105.6925,42.005676,LSTM
2026-06-15 00:00:00+00:00,5,107.3925,44.533707,LSTM
2026-06-15 00:00:00+00:00,6,91.44,67.53111,LSTM
2026-06-15 00:00:00+00:00,7,63.6525,74.464035,LSTM
2026-06-15 00:00:00+00:00,8,21.5575,54.422028,LSTM
2026-06-15 00:00:00+00:00,9,1.0075,45.92138,LSTM
2026-06-15 00:00:00+00:00,10,-0.0275,57.064926,LSTM
2026-06-15 00:00:00+00:00,11,-1.4825,74.366806,LSTM
2026-06-15 00:00:00+00:00,12,-2.9025,65.115875,LSTM
2026-06-15 00:00:00+00:00,13,-0.9325,65.21722,LSTM
2026-06-15 00:00:00+00:00,14,-0.015,56.515945,LSTM
2026-06-15 00:00:00+00:00,15,43.6775,85.408585,LSTM
2026-06-15 00:00:00+00:00,16,91.4525,69.45296,LSTM
2026-06-15 00:00:00+00:00,17,129.0825,74.32409,LSTM
2026-06-15 00:00:00+00:00,18,148.695,93.65518,LSTM
2026-06-15 00:00:00+00:00,19,156.26,103.61623,LSTM
2026-06-15 00:00:00+00:00,20,153.7925,87.13214,LSTM
2026-06-15 00:00:00+00:00,21,134.755,64.46805,LSTM
2026-06-15 00:00:00+00:00,22,122.8275,65.00163,LSTM
2026-06-15 00:00:00+00:00,23,117.3175,61.655647,LSTM
2026-06-16 00:00:00+00:00,0,113.775,39.516434,LSTM
2026-06-16 00:00:00+00:00,1,110.9925,43.16805,LSTM
2026-06-16 00:00:00+00:00,2,111.24,33.79888,LSTM
2026-06-16 00:00:00+00:00,3,115.1225,44.396423,LSTM
2026-06-16 00:00:00+00:00,4,127.9925,45.257668,LSTM
2026-06-16 00:00:00+00:00,5,131.695,44.562862,LSTM
2026-06-16 00:00:00+00:00,6,126.315,59.074173,LSTM
2026-06-16 00:00:00+00:00,7,109.5025,61.515717,LSTM
2026-06-16 00:00:00+00:00,8,85.98,49.044453,LSTM
2026-06-16 00:00:00+00:00,9,80.5375,55.569344,LSTM
2026-06-16 00:00:00+00:00,10,66.4975,55.595776,LSTM
2026-06-16 00:00:00+00:00,11,54.255,70.65312,LSTM
2026-06-16 00:00:00+00:00,12,50.7325,70.85989,LSTM
2026-06-16 00:00:00+00:00,13,60.22,68.59556,LSTM
2026-06-16 00:00:00+00:00,14,81.4575,57.072693,LSTM
2026-06-16 00:00:00+00:00,15,109.7225,69.56924,LSTM
2026-06-16 00:00:00+00:00,16,127.11,65.01965,LSTM
2026-06-16 00:00:00+00:00,17,148.1175,66.394485,LSTM
2026-06-16 00:00:00+00:00,18,174.1025,92.488495,LSTM
2026-06-16 00:00:00+00:00,19,181.42,89.416016,LSTM
2026-06-16 00:00:00+00:00,20,163.86,82.469864,LSTM
2026-06-16 00:00:00+00:00,21,143.10750000000002,54.972214,LSTM
2026-06-16 00:00:00+00:00,22,141.23000000000002,61.501373,LSTM
2026-06-16 00:00:00+00:00,23,135.39249999999998,58.128624,LSTM
2026-06-17 00:00:00+00:00,0,129.32999999999998,34.41372,LSTM
2026-06-17 00:00:00+00:00,1,127.54,38.13992,LSTM
2026-06-17 00:00:00+00:00,2,127.415,25.837313,LSTM
2026-06-17 00:00:00+00:00,3,128.045,41.201035,LSTM
2026-06-17 00:00:00+00:00,4,140.265,38.909157,LSTM
2026-06-17 00:00:00+00:00,5,136.675,38.81992,LSTM
2026-06-17 00:00:00+00:00,6,121.755,54.95163,LSTM
2026-06-17 00:00:00+00:00,7,105.795,58.54998,LSTM
2026-06-17 00:00:00+00:00,8,88.245,39.28921,LSTM
2026-06-17 00:00:00+00:00,9,78.4875,43.660744,LSTM
2026-06-17 00:00:00+00:00,10,72.23,38.881683,LSTM
2026-06-17 00:00:00+00:00,11,62.7925,55.091324,LSTM
2026-06-17 00:00:00+00:00,12,66.2575,55.89058,LSTM
2026-06-17 00:00:00+00:00,13,75.975,59.68238,LSTM
2026-06-17 00:00:00+00:00,14,88.0925,45.150024,LSTM
2026-06-17 00:00:00+00:00,15,106.425,69.241516,LSTM
2026-06-17 00:00:00+00:00,16,120.7375,57.447548,LSTM
2026-06-17 00:00:00+00:00,17,142.5575,61.137,LSTM
2026-06-17 00:00:00+00:00,18,162.39,92.44644,LSTM
2026-06-17 00:00:00+00:00,19,164.115,89.187515,LSTM
2026-06-17 00:00:00+00:00,20,158.61,80.04413,LSTM
2026-06-17 00:00:00+00:00,21,142.7375,50.59146,LSTM
2026-06-17 00:00:00+00:00,22,135.2575,53.76819,LSTM
2026-06-17 00:00:00+00:00,23,125.7275,50.253998,LSTM
2026-06-18 00:00:00+00:00,0,121.8625,30.966644,LSTM
2026-06-18 00:00:00+00:00,1,119.685,34.05028,LSTM
2026-06-18 00:00:00+00:00,2,119.3125,25.162697,LSTM
2026-06-18 00:00:00+00:00,3,127.09,37.387856,LSTM
2026-06-18 00:00:00+00:00,4,135.3,36.116425,LSTM
2026-06-18 00:00:00+00:00,5,135.265,38.97529,LSTM
2026-06-18 00:00:00+00:00,6,118.7325,53.526314,LSTM
2026-06-18 00:00:00+00:00,7,101.715,42.939518,LSTM
2026-06-18 00:00:00+00:00,8,75.135,27.578846,LSTM
2026-06-18 00:00:00+00:00,9,44.0275,29.344088,LSTM
2026-06-18 00:00:00+00:00,10,28.2475,28.178259,LSTM
2026-06-18 00:00:00+00:00,11,18.67,40.710415,LSTM
2026-06-18 00:00:00+00:00,12,25.9,44.48268,LSTM
2026-06-18 00:00:00+00:00,13,48.0975,47.809216,LSTM
2026-06-18 00:00:00+00:00,14,79.06,37.721466,LSTM
2026-06-18 00:00:00+00:00,15,105.515,65.32987,LSTM
2026-06-18 00:00:00+00:00,16,135.70749999999998,48.170612,LSTM
2026-06-18 00:00:00+00:00,17,253.3925,51.131893,LSTM
2026-06-18 00:00:00+00:00,18,435.0675,88.79237,LSTM
2026-06-18 00:00:00+00:00,19,441.915,92.596664,LSTM
2026-06-18 00:00:00+00:00,20,264.32,76.25247,LSTM
2026-06-18 00:00:00+00:00,21,163.0175,54.037766,LSTM
2026-06-18 00:00:00+00:00,22,146.6425,55.253967,LSTM
2026-06-18 00:00:00+00:00,23,132.5125,47.902786,LSTM
2026-06-19 00:00:00+00:00,0,124.8225,25.842577,LSTM
2026-06-19 00:00:00+00:00,1,120.46,30.771772,LSTM
2026-06-19 00:00:00+00:00,2,118.4675,19.58478,LSTM
2026-06-19 00:00:00+00:00,3,120.595,37.52294,LSTM
2026-06-19 00:00:00+00:00,4,138.7175,36.153835,LSTM
2026-06-19 00:00:00+00:00,5,127.3725,37.942234,LSTM
2026-06-19 00:00:00+00:00,6,111.9575,52.488777,LSTM
2026-06-19 00:00:00+00:00,7,95.395,46.309814,LSTM
2026-06-19 00:00:00+00:00,8,69.9075,27.998621,LSTM
2026-06-19 00:00:00+00:00,9,32.09,28.824205,LSTM
2026-06-19 00:00:00+00:00,10,15.0,28.283587,LSTM
2026-06-19 00:00:00+00:00,11,11.235,40.17508,LSTM
2026-06-19 00:00:00+00:00,12,16.305,40.404182,LSTM
2026-06-19 00:00:00+00:00,13,42.8525,43.14209,LSTM
2026-06-19 00:00:00+00:00,14,80.685,33.0748,LSTM
2026-06-19 00:00:00+00:00,15,108.3225,63.1659,LSTM
2026-06-19 00:00:00+00:00,16,129.7025,44.387856,LSTM
2026-06-19 00:00:00+00:00,17,170.785,50.56301,LSTM
2026-06-19 00:00:00+00:00,18,201.36,80.788925,LSTM
2026-06-19 00:00:00+00:00,19,185.5325,81.40704,LSTM
2026-06-19 00:00:00+00:00,20,157.8625,67.15836,LSTM
2026-06-19 00:00:00+00:00,21,137.7825,43.279793,LSTM
2026-06-19 00:00:00+00:00,22,130.35,45.11591,LSTM
2026-06-19 00:00:00+00:00,23,121.12,41.96911,LSTM
2026-06-20 00:00:00+00:00,0,118.6,32.970646,LSTM
2026-06-20 00:00:00+00:00,1,116.7625,32.138844,LSTM
2026-06-20 00:00:00+00:00,2,114.7975,31.617737,LSTM
2026-06-20 00:00:00+00:00,3,114.4925,33.41469,LSTM
2026-06-20 00:00:00+00:00,4,109.7275,28.038391,LSTM
2026-06-20 00:00:00+00:00,5,101.6775,34.568584,LSTM
2026-06-20 00:00:00+00:00,6,89.9875,43.759613,LSTM
2026-06-20 00:00:00+00:00,7,41.335,35.90532,LSTM
2026-06-20 00:00:00+00:00,8,4.125,22.09588,LSTM
2026-06-20 00:00:00+00:00,9,-0.0025,31.104383,LSTM
2026-06-20 00:00:00+00:00,10,-0.0125,23.420652,LSTM
2026-06-20 00:00:00+00:00,11,-0.0175,33.77097,LSTM
2026-06-20 00:00:00+00:00,12,-0.0125,39.17204,LSTM
2026-06-20 00:00:00+00:00,13,0.25,44.498894,LSTM
2026-06-20 00:00:00+00:00,14,18.3075,29.989347,LSTM
2026-06-20 00:00:00+00:00,15,84.22,49.29509,LSTM
2026-06-20 00:00:00+00:00,16,119.7825,39.735794,LSTM
2026-06-20 00:00:00+00:00,17,147.3975,36.917343,LSTM
2026-06-20 00:00:00+00:00,18,171.98749999999998,79.33108,LSTM
2026-06-20 00:00:00+00:00,19,182.55,80.76134,LSTM
2026-06-20 00:00:00+00:00,20,165.0675,69.34047,LSTM
2026-06-20 00:00:00+00:00,21,146.8075,54.141754,LSTM
2026-06-20 00:00:00+00:00,22,137.915,53.449936,LSTM
2026-06-20 00:00:00+00:00,23,128.565,45.62469,LSTM
2026-06-21 00:00:00+00:00,0,126.415,32.04995,LSTM
2026-06-21 00:00:00+00:00,1,124.17,31.677732,LSTM
2026-06-21 00:00:00+00:00,2,122.4325,33.09439,LSTM
2026-06-21 00:00:00+00:00,3,119.5875,33.4338,LSTM
2026-06-21 00:00:00+00:00,4,112.1,30.847883,LSTM
2026-06-21 00:00:00+00:00,5,102.355,37.52532,LSTM
2026-06-21 00:00:00+00:00,6,70.815,49.77739,LSTM
2026-06-21 00:00:00+00:00,7,25.9825,39.74551,LSTM
2026-06-21 00:00:00+00:00,8,1.3624999999999998,26.750874,LSTM
2026-06-21 00:00:00+00:00,9,-0.0025,29.328436,LSTM
2026-06-21 00:00:00+00:00,10,-0.0075,28.045149,LSTM
2026-06-21 00:00:00+00:00,11,-0.01,36.401417,LSTM
2026-06-21 00:00:00+00:00,12,-0.005,40.983208,LSTM
2026-06-21 00:00:00+00:00,13,0.0075,44.344322,LSTM
2026-06-21 00:00:00+00:00,14,12.7625,36.64373,LSTM
2026-06-21 00:00:00+00:00,15,77.72,53.467686,LSTM
2026-06-21 00:00:00+00:00,16,115.615,45.19087,LSTM
2026-06-21 00:00:00+00:00,17,133.92000000000002,44.638306,LSTM
2026-06-21 00:00:00+00:00,18,150.0025,75.54703,LSTM
2026-06-21 00:00:00+00:00,19,150.265,83.8636,LSTM
2026-06-21 00:00:00+00:00,20,146.1,69.29193,LSTM
2026-06-21 00:00:00+00:00,21,133.9925,56.461082,LSTM
2026-06-21 00:00:00+00:00,22,128.3775,55.87678,LSTM
2026-06-21 00:00:00+00:00,23,120.1225,45.35729,LSTM
2026-06-22 00:00:00+00:00,0,114.9625,28.053701,LSTM
2026-06-22 00:00:00+00:00,1,115.225,33.41631,LSTM
2026-06-22 00:00:00+00:00,2,117.13,23.252462,LSTM
2026-06-22 00:00:00+00:00,3,123.89,40.515274,LSTM
2026-06-22 00:00:00+00:00,4,140.3425,41.466187,LSTM
2026-06-22 00:00:00+00:00,5,146.0375,43.450348,LSTM
2026-06-22 00:00:00+00:00,6,128.8225,65.66043,LSTM
2026-06-22 00:00:00+00:00,7,107.1625,69.49468,LSTM
2026-06-22 00:00:00+00:00,8,84.64750000000001,52.36611,LSTM
2026-06-22 00:00:00+00:00,9,57.3025,43.50866,LSTM
2026-06-22 00:00:00+00:00,10,39.5175,51.270737,LSTM
2026-06-22 00:00:00+00:00,11,32.34,67.41751,LSTM
2026-06-22 00:00:00+00:00,12,41.805,60.993225,LSTM
2026-06-22 00:00:00+00:00,13,63.517500000000005,61.070312,LSTM
2026-06-22 00:00:00+00:00,14,90.8975,53.575226,LSTM
2026-06-22 00:00:00+00:00,15,114.07,83.58688,LSTM
2026-06-22 00:00:00+00:00,16,145.585,69.80542,LSTM
2026-06-22 00:00:00+00:00,17,198.5075,76.123375,LSTM
2026-06-22 00:00:00+00:00,18,271.77750000000003,100.00499,LSTM
2026-06-22 00:00:00+00:00,19,250.455,106.701294,LSTM
2026-06-22 00:00:00+00:00,20,189.57,85.88902,LSTM
2026-06-22 00:00:00+00:00,21,156.0025,58.867165,LSTM
2026-06-22 00:00:00+00:00,22,146.06,57.4248,LSTM
2026-06-22 00:00:00+00:00,23,139.125,52.126396,LSTM
2026-06-23 00:00:00+00:00,0,135.01,34.60339,LSTM
2026-06-23 00:00:00+00:00,1,135.8225,38.49005,LSTM
2026-06-23 00:00:00+00:00,2,138.06,32.0811,LSTM
2026-06-23 00:00:00+00:00,3,142.3,41.37349,LSTM
2026-06-23 00:00:00+00:00,4,164.22,40.85691,LSTM
2026-06-23 00:00:00+00:00,5,160.1325,43.20271,LSTM
2026-06-23 00:00:00+00:00,6,133.7875,61.093155,LSTM
2026-06-23 00:00:00+00:00,7,112.1175,57.74292,LSTM
2026-06-23 00:00:00+00:00,8,96.3125,37.609962,LSTM
2026-06-23 00:00:00+00:00,9,76.52,43.787422,LSTM
2026-06-23 00:00:00+00:00,10,67.145,39.69352,LSTM
2026-06-23 00:00:00+00:00,11,60.345,53.39185,LSTM
2026-06-23 00:00:00+00:00,12,67.6525,58.23633,LSTM
2026-06-23 00:00:00+00:00,13,81.35249999999999,60.331085,LSTM
2026-06-23 00:00:00+00:00,14,101.065,49.885223,LSTM
2026-06-23 00:00:00+00:00,15,121.7075,74.43511,LSTM
2026-06-23 00:00:00+00:00,16,169.6825,63.951656,LSTM
2026-06-23 00:00:00+00:00,17,340.70500000000004,64.86301,LSTM
2026-06-23 00:00:00+00:00,18,545.505,102.13993,LSTM
2026-06-23 00:00:00+00:00,19,528.7375,98.83645,LSTM
2026-06-23 00:00:00+00:00,20,335.1175,84.5163,LSTM
2026-06-23 00:00:00+00:00,21,199.3975,55.304237,LSTM
2026-06-23 00:00:00+00:00,22,178.8025,57.316833,LSTM
2026-06-23 00:00:00+00:00,23,162.655,53.003487,LSTM
2026-06-24 00:00:00+00:00,0,148.005,28.919746,LSTM
2026-06-24 00:00:00+00:00,1,144.05,32.571484,LSTM
2026-06-24 00:00:00+00:00,2,144.46,22.597807,LSTM
2026-06-24 00:00:00+00:00,3,151.6175,36.770763,LSTM
2026-06-24 00:00:00+00:00,4,178.1675,34.954136,LSTM
2026-06-24 00:00:00+00:00,5,172.61,38.831596,LSTM
2026-06-24 00:00:00+00:00,6,149.3475,56.174126,LSTM
2026-06-24 00:00:00+00:00,7,119.3125,53.361122,LSTM
2026-06-24 00:00:00+00:00,8,102.4125,34.733387,LSTM
2026-06-24 00:00:00+00:00,9,84.52,35.548893,LSTM
2026-06-24 00:00:00+00:00,10,73.51,34.980602,LSTM
2026-06-24 00:00:00+00:00,11,70.9825,50.19491,LSTM
2026-06-24 00:00:00+00:00,12,74.515,52.22156,LSTM
2026-06-24 00:00:00+00:00,13,89.3475,57.83802,LSTM
2026-06-24 00:00:00+00:00,14,109.375,46.16139,LSTM
2026-06-24 00:00:00+00:00,15,129.66,82.19517,LSTM
2026-06-24 00:00:00+00:00,16,196.785,62.646156,LSTM
2026-06-24 00:00:00+00:00,17,455.1375,64.31674,LSTM
2026-06-24 00:00:00+00:00,18,665.8199999999999,109.27722,LSTM
2026-06-24 00:00:00+00:00,19,660.1575,110.54581,LSTM
2026-06-24 00:00:00+00:00,20,463.2525,86.12709,LSTM
2026-06-24 00:00:00+00:00,21,263.61,58.986942,LSTM
2026-06-24 00:00:00+00:00,22,169.5675,55.54799,LSTM
2026-06-24 00:00:00+00:00,23,154.935,48.68257,LSTM
2026-06-25 00:00:00+00:00,0,145.385,28.440828,LSTM
2026-06-25 00:00:00+00:00,1,142.9725,32.130955,LSTM
2026-06-25 00:00:00+00:00,2,141.9075,24.371155,LSTM
2026-06-25 00:00:00+00:00,3,144.5725,37.613884,LSTM
2026-06-25 00:00:00+00:00,4,161.32999999999998,35.566475,LSTM
2026-06-25 00:00:00+00:00,5,148.41750000000002,38.88036,LSTM
2026-06-25 00:00:00+00:00,6,119.0975,54.796707,LSTM
2026-06-25 00:00:00+00:00,7,105.0075,52.17445,LSTM
2026-06-25 00:00:00+00:00,8,84.745,32.073162,LSTM
2026-06-25 00:00:00+00:00,9,67.0925,33.28094,LSTM
2026-06-25 00:00:00+00:00,10,42.7,28.786243,LSTM
2026-06-25 00:00:00+00:00,11,33.96,38.48806,LSTM
2026-06-25 00:00:00+00:00,12,37.265,41.12069,LSTM
2026-06-25 00:00:00+00:00,13,67.8075,42.904457,LSTM
2026-06-25 00:00:00+00:00,14,88.2925,31.551323,LSTM
2026-06-25 00:00:00+00:00,15,106.6,64.742775,LSTM
2026-06-25 00:00:00+00:00,16,135.23,47.703262,LSTM
2026-06-25 00:00:00+00:00,17,203.315,51.49437,LSTM
2026-06-25 00:00:00+00:00,18,285.77250000000004,94.888,LSTM
2026-06-25 00:00:00+00:00,19,276.615,92.31424,LSTM
2026-06-25 00:00:00+00:00,20,186.6375,75.78396,LSTM
2026-06-25 00:00:00+00:00,21,155.745,50.097572,LSTM
2026-06-25 00:00:00+00:00,22,144.7,47.155396,LSTM
2026-06-25 00:00:00+00:00,23,130.725,43.340054,LSTM
2026-06-26 00:00:00+00:00,0,122.4825,28.39971,LSTM
2026-06-26 00:00:00+00:00,1,120.9325,31.777235,LSTM
2026-06-26 00:00:00+00:00,2,122.605,22.529642,LSTM
2026-06-26 00:00:00+00:00,3,129.5475,37.89186,LSTM
2026-06-26 00:00:00+00:00,4,146.03,35.497543,LSTM
2026-06-26 00:00:00+00:00,5,137.97,39.17434,LSTM
2026-06-26 00:00:00+00:00,6,119.805,52.820606,LSTM
2026-06-26 00:00:00+00:00,7,108.2725,43.082764,LSTM
2026-06-26 00:00:00+00:00,8,93.2425,21.658325,LSTM
2026-06-26 00:00:00+00:00,9,67.705,26.66573,LSTM
2026-06-26 00:00:00+00:00,10,49.49,24.87999,LSTM
2026-06-26 00:00:00+00:00,11,38.5,34.96718,LSTM
2026-06-26 00:00:00+00:00,12,40.0,36.816147,LSTM
2026-06-26 00:00:00+00:00,13,68.9825,40.69161,LSTM
2026-06-26 00:00:00+00:00,14,93.12,31.715881,LSTM
2026-06-26 00:00:00+00:00,15,110.9925,66.75968,LSTM
2026-06-26 00:00:00+00:00,16,150.345,48.022583,LSTM
2026-06-26 00:00:00+00:00,17,243.545,52.485634,LSTM
2026-06-26 00:00:00+00:00,18,350.46000000000004,88.27832,LSTM
2026-06-26 00:00:00+00:00,19,295.77750000000003,89.59869,LSTM
2026-06-26 00:00:00+00:00,20,202.655,67.10535,LSTM
2026-06-26 00:00:00+00:00,21,154.86,42.125877,LSTM
2026-06-26 00:00:00+00:00,22,132.045,42.82612,LSTM
2026-06-26 00:00:00+00:00,23,124.5,39.141716,LSTM
2026-06-27 00:00:00+00:00,0,117.995,30.476854,LSTM
2026-06-27 00:00:00+00:00,1,115.83,29.181759,LSTM
2026-06-27 00:00:00+00:00,2,115.325,31.358707,LSTM
2026-06-27 00:00:00+00:00,3,114.0,32.73598,LSTM
2026-06-27 00:00:00+00:00,4,112.725,27.025337,LSTM
2026-06-27 00:00:00+00:00,5,109.2725,35.259384,LSTM
2026-06-27 00:00:00+00:00,6,102.8675,45.03633,LSTM
2026-06-27 00:00:00+00:00,7,73.5675,35.50681,LSTM
2026-06-27 00:00:00+00:00,8,36.025,17.015089,LSTM
2026-06-27 00:00:00+00:00,9,9.6675,27.587109,LSTM
2026-06-27 00:00:00+00:00,10,0.525,18.843473,LSTM
2026-06-27 00:00:00+00:00,11,0.0275,26.902916,LSTM
2026-06-27 00:00:00+00:00,12,3.3925,34.04162,LSTM
2026-06-27 00:00:00+00:00,13,12.7675,38.96623,LSTM
2026-06-27 00:00:00+00:00,14,51.0,25.788017,LSTM
2026-06-27 00:00:00+00:00,15,100.605,54.271835,LSTM
2026-06-27 00:00:00+00:00,16,127.1325,43.11397,LSTM
2026-06-27 00:00:00+00:00,17,171.755,40.55004,LSTM
2026-06-27 00:00:00+00:00,18,221.25,90.73497,LSTM
2026-06-27 00:00:00+00:00,19,214.3075,90.6987,LSTM
2026-06-27 00:00:00+00:00,20,174.9975,69.77195,LSTM
2026-06-27 00:00:00+00:00,21,144.595,51.445137,LSTM
2026-06-27 00:00:00+00:00,22,136.46,48.33138,LSTM
2026-06-27 00:00:00+00:00,23,126.03,41.247078,LSTM
2026-06-28 00:00:00+00:00,0,119.6825,34.224026,LSTM
2026-06-28 00:00:00+00:00,1,115.6875,31.716763,LSTM
2026-06-28 00:00:00+00:00,2,114.735,33.802544,LSTM
2026-06-28 00:00:00+00:00,3,115.1225,33.6909,LSTM
2026-06-28 00:00:00+00:00,4,112.0625,29.143744,LSTM
2026-06-28 00:00:00+00:00,5,104.43,37.307076,LSTM
2026-06-28 00:00:00+00:00,6,76.685,51.49225,LSTM
2026-06-28 00:00:00+00:00,7,32.8125,40.106537,LSTM
2026-06-28 00:00:00+00:00,8,5.1525,25.168106,LSTM
2026-06-28 00:00:00+00:00,9,0.12,27.157318,LSTM
2026-06-28 00:00:00+00:00,10,-0.0225,25.090832,LSTM
2026-06-28 00:00:00+00:00,11,-0.905,36.12671,LSTM
2026-06-28 00:00:00+00:00,12,-0.0275,37.53164,LSTM
2026-06-28 00:00:00+00:00,13,1.62,43.200455,LSTM
2026-06-28 00:00:00+00:00,14,27.665,35.111584,LSTM
2026-06-28 00:00:00+00:00,15,84.6425,60.711536,LSTM
2026-06-28 00:00:00+00:00,16,114.51,53.60247,LSTM
2026-06-28 00:00:00+00:00,17,137.9875,51.778965,LSTM
2026-06-28 00:00:00+00:00,18,153.1775,86.900925,LSTM
2026-06-28 00:00:00+00:00,19,161.04,97.44263,LSTM
2026-06-28 00:00:00+00:00,20,157.29500000000002,73.85349,LSTM
2026-06-28 00:00:00+00:00,21,144.115,59.547356,LSTM
2026-06-28 00:00:00+00:00,22,123.1175,57.244404,LSTM
2026-06-28 00:00:00+00:00,23,113.665,47.213047,LSTM
2026-06-29 00:00:00+00:00,0,113.025,31.93179,LSTM
2026-06-29 00:00:00+00:00,1,109.76,36.80418,LSTM
2026-06-29 00:00:00+00:00,2,114.87,28.758377,LSTM
2026-06-29 00:00:00+00:00,3,127.3425,42.475494,LSTM
2026-06-29 00:00:00+00:00,4,149.7375,43.857006,LSTM
2026-06-29 00:00:00+00:00,5,152.1625,44.69242,LSTM
2026-06-29 00:00:00+00:00,6,143.2925,65.41867,LSTM
2026-06-29 00:00:00+00:00,7,120.9475,77.108475,LSTM
2026-06-29 00:00:00+00:00,8,106.925,61.109833,LSTM
2026-06-29 00:00:00+00:00,9,99.1,58.336952,LSTM
2026-06-29 00:00:00+00:00,10,89.5075,62.643936,LSTM
2026-06-29 00:00:00+00:00,11,82.0275,78.9742,LSTM
2026-06-29 00:00:00+00:00,12,86.38499999999999,73.9391,LSTM
2026-06-29 00:00:00+00:00,13,96.78,73.18716,LSTM
2026-06-29 00:00:00+00:00,14,103.7325,64.726524,LSTM
2026-06-29 00:00:00+00:00,15,115.075,88.60159,LSTM
2026-06-29 00:00:00+00:00,16,134.91,82.878174,LSTM
2026-06-29 00:00:00+00:00,17,197.65,86.76035,LSTM
2026-06-29 00:00:00+00:00,18,284.3325,113.27469,LSTM
2026-06-29 00:00:00+00:00,19,301.365,111.698746,LSTM
2026-06-29 00:00:00+00:00,20,230.89,90.61507,LSTM
2026-06-29 00:00:00+00:00,21,170.0,59.784416,LSTM
2026-06-29 00:00:00+00:00,22,161.735,60.272064,LSTM
2026-06-29 00:00:00+00:00,23,145.37,57.353905,LSTM
