origin,hour,y_true,y_pred,model
2026-01-08 00:00:00+00:00,0,83.08250000000001,88.61,naive
2026-01-08 00:00:00+00:00,1,84.52250000000001,85.045,naive
2026-01-08 00:00:00+00:00,2,82.4725,81.64750000000001,naive
2026-01-08 00:00:00+00:00,3,85.265,80.7825,naive
2026-01-08 00:00:00+00:00,4,87.8875,84.8825,naive
2026-01-08 00:00:00+00:00,5,97.88,92.77,naive
2026-01-08 00:00:00+00:00,6,126.7125,99.2,naive
2026-01-08 00:00:00+00:00,7,168.81,109.35,naive
2026-01-08 00:00:00+00:00,8,192.72,112.1275,naive
2026-01-08 00:00:00+00:00,9,207.9325,108.3125,naive
2026-01-08 00:00:00+00:00,10,213.1125,99.935,naive
2026-01-08 00:00:00+00:00,11,220.27,96.34,naive
2026-01-08 00:00:00+00:00,12,236.215,93.155,naive
2026-01-08 00:00:00+00:00,13,264.585,95.2275,naive
2026-01-08 00:00:00+00:00,14,264.42,101.8375,naive
2026-01-08 00:00:00+00:00,15,259.49,106.385,naive
2026-01-08 00:00:00+00:00,16,233.8525,125.1875,naive
2026-01-08 00:00:00+00:00,17,199.3975,124.1,naive
2026-01-08 00:00:00+00:00,18,139.2475,116.7325,naive
2026-01-08 00:00:00+00:00,19,102.125,108.7275,naive
2026-01-08 00:00:00+00:00,20,94.4825,98.455,naive
2026-01-08 00:00:00+00:00,21,91.305,93.96,naive
2026-01-08 00:00:00+00:00,22,79.035,88.7625,naive
2026-01-08 00:00:00+00:00,23,78.9625,84.08,naive
2026-01-09 00:00:00+00:00,0,70.69,83.08250000000001,naive
2026-01-09 00:00:00+00:00,1,57.35,84.52250000000001,naive
2026-01-09 00:00:00+00:00,2,50.84,82.4725,naive
2026-01-09 00:00:00+00:00,3,47.845,85.265,naive
2026-01-09 00:00:00+00:00,4,56.575,87.8875,naive
2026-01-09 00:00:00+00:00,5,72.605,97.88,naive
2026-01-09 00:00:00+00:00,6,84.3025,126.7125,naive
2026-01-09 00:00:00+00:00,7,89.7625,168.81,naive
2026-01-09 00:00:00+00:00,8,89.1475,192.72,naive
2026-01-09 00:00:00+00:00,9,93.93,207.9325,naive
2026-01-09 00:00:00+00:00,10,85.795,213.1125,naive
2026-01-09 00:00:00+00:00,11,83.015,220.27,naive
2026-01-09 00:00:00+00:00,12,82.85,236.215,naive
2026-01-09 00:00:00+00:00,13,82.83500000000001,264.585,naive
2026-01-09 00:00:00+00:00,14,85.245,264.42,naive
2026-01-09 00:00:00+00:00,15,87.5725,259.49,naive
2026-01-09 00:00:00+00:00,16,92.52,233.8525,naive
2026-01-09 00:00:00+00:00,17,91.6625,199.3975,naive
2026-01-09 00:00:00+00:00,18,87.28,139.2475,naive
2026-01-09 00:00:00+00:00,19,82.80250000000001,102.125,naive
2026-01-09 00:00:00+00:00,20,80.36,94.4825,naive
2026-01-09 00:00:00+00:00,21,80.35,91.305,naive
2026-01-09 00:00:00+00:00,22,74.51,79.035,naive
2026-01-09 00:00:00+00:00,23,72.78999999999999,78.9625,naive
2026-01-10 00:00:00+00:00,0,69.775,78.33,naive
2026-01-10 00:00:00+00:00,1,66.2375,75.82,naive
2026-01-10 00:00:00+00:00,2,66.535,74.82,naive
2026-01-10 00:00:00+00:00,3,66.5125,73.02250000000001,naive
2026-01-10 00:00:00+00:00,4,68.46000000000001,74.99,naive
2026-01-10 00:00:00+00:00,5,69.96000000000001,75.91,naive
2026-01-10 00:00:00+00:00,6,76.66499999999999,79.3125,naive
2026-01-10 00:00:00+00:00,7,85.0275,90.69,naive
2026-01-10 00:00:00+00:00,8,92.3625,94.09,naive
2026-01-10 00:00:00+00:00,9,97.595,93.31,naive
2026-01-10 00:00:00+00:00,10,101.5575,88.7075,naive
2026-01-10 00:00:00+00:00,11,101.57,87.4125,naive
2026-01-10 00:00:00+00:00,12,104.825,86.60499999999999,naive
2026-01-10 00:00:00+00:00,13,111.4425,89.6825,naive
2026-01-10 00:00:00+00:00,14,117.7175,94.6,naive
2026-01-10 00:00:00+00:00,15,128.0075,99.88,naive
2026-01-10 00:00:00+00:00,16,139.5275,109.715,naive
2026-01-10 00:00:00+00:00,17,136.91,110.825,naive
2026-01-10 00:00:00+00:00,18,128.305,104.76,naive
2026-01-10 00:00:00+00:00,19,120.49,97.625,naive
2026-01-10 00:00:00+00:00,20,113.21,91.1175,naive
2026-01-10 00:00:00+00:00,21,107.68,90.7125,naive
2026-01-10 00:00:00+00:00,22,98.1975,86.015,naive
2026-01-10 00:00:00+00:00,23,96.9025,88.8225,naive
2026-01-11 00:00:00+00:00,0,92.7475,85.33,naive
2026-01-11 00:00:00+00:00,1,88.035,85.0425,naive
2026-01-11 00:00:00+00:00,2,84.86,83.7375,naive
2026-01-11 00:00:00+00:00,3,82.68,82.5575,naive
2026-01-11 00:00:00+00:00,4,82.26,83.4075,naive
2026-01-11 00:00:00+00:00,5,81.6025,83.795,naive
2026-01-11 00:00:00+00:00,6,84.25999999999999,86.4825,naive
2026-01-11 00:00:00+00:00,7,92.06,88.1225,naive
2026-01-11 00:00:00+00:00,8,103.1025,94.3,naive
2026-01-11 00:00:00+00:00,9,100.6825,94.755,naive
2026-01-11 00:00:00+00:00,10,99.9175,90.8775,naive
2026-01-11 00:00:00+00:00,11,97.0875,89.5425,naive
2026-01-11 00:00:00+00:00,12,96.5175,86.7775,naive
2026-01-11 00:00:00+00:00,13,98.8775,92.675,naive
2026-01-11 00:00:00+00:00,14,101.275,93.1975,naive
2026-01-11 00:00:00+00:00,15,111.755,100.5925,naive
2026-01-11 00:00:00+00:00,16,116.25,118.425,naive
2026-01-11 00:00:00+00:00,17,112.2475,121.18,naive
2026-01-11 00:00:00+00:00,18,106.2075,119.715,naive
2026-01-11 00:00:00+00:00,19,96.04,112.45,naive
2026-01-11 00:00:00+00:00,20,95.005,99.7,naive
2026-01-11 00:00:00+00:00,21,93.02,95.765,naive
2026-01-11 00:00:00+00:00,22,85.22999999999999,89.21000000000001,naive
2026-01-11 00:00:00+00:00,23,81.2575,92.4525,naive
2026-01-12 00:00:00+00:00,0,81.1925,70.69,naive
2026-01-12 00:00:00+00:00,1,79.0425,57.35,naive
2026-01-12 00:00:00+00:00,2,77.31,50.84,naive
2026-01-12 00:00:00+00:00,3,76.58500000000001,47.845,naive
2026-01-12 00:00:00+00:00,4,80.1625,56.575,naive
2026-01-12 00:00:00+00:00,5,86.9225,72.605,naive
2026-01-12 00:00:00+00:00,6,97.8725,84.3025,naive
2026-01-12 00:00:00+00:00,7,115.6175,89.7625,naive
2026-01-12 00:00:00+00:00,8,129.8475,89.1475,naive
2026-01-12 00:00:00+00:00,9,124.3975,93.93,naive
2026-01-12 00:00:00+00:00,10,129.8675,85.795,naive
2026-01-12 00:00:00+00:00,11,129.9625,83.015,naive
2026-01-12 00:00:00+00:00,12,132.76,82.85,naive
2026-01-12 00:00:00+00:00,13,128.37,82.83500000000001,naive
2026-01-12 00:00:00+00:00,14,131.7125,85.245,naive
2026-01-12 00:00:00+00:00,15,119.58,87.5725,naive
2026-01-12 00:00:00+00:00,16,119.6,92.52,naive
2026-01-12 00:00:00+00:00,17,116.5,91.6625,naive
2026-01-12 00:00:00+00:00,18,102.3375,87.28,naive
2026-01-12 00:00:00+00:00,19,93.48,82.80250000000001,naive
2026-01-12 00:00:00+00:00,20,91.795,80.36,naive
2026-01-12 00:00:00+00:00,21,92.165,80.35,naive
2026-01-12 00:00:00+00:00,22,86.0475,74.51,naive
2026-01-12 00:00:00+00:00,23,84.30499999999999,72.78999999999999,naive
2026-01-13 00:00:00+00:00,0,82.69,81.1925,naive
2026-01-13 00:00:00+00:00,1,82.685,79.0425,naive
2026-01-13 00:00:00+00:00,2,84.115,77.31,naive
2026-01-13 00:00:00+00:00,3,86.7475,76.58500000000001,naive
2026-01-13 00:00:00+00:00,4,88.725,80.1625,naive
2026-01-13 00:00:00+00:00,5,97.5525,86.9225,naive
2026-01-13 00:00:00+00:00,6,116.03,97.8725,naive
2026-01-13 00:00:00+00:00,7,129.805,115.6175,naive
2026-01-13 00:00:00+00:00,8,132.5175,129.8475,naive
2026-01-13 00:00:00+00:00,9,142.1975,124.3975,naive
2026-01-13 00:00:00+00:00,10,123.8525,129.8675,naive
2026-01-13 00:00:00+00:00,11,117.675,129.9625,naive
2026-01-13 00:00:00+00:00,12,112.9775,132.76,naive
2026-01-13 00:00:00+00:00,13,122.215,128.37,naive
2026-01-13 00:00:00+00:00,14,120.515,131.7125,naive
2026-01-13 00:00:00+00:00,15,122.15,119.58,naive
2026-01-13 00:00:00+00:00,16,122.33,119.6,naive
2026-01-13 00:00:00+00:00,17,113.3525,116.5,naive
2026-01-13 00:00:00+00:00,18,98.735,102.3375,naive
2026-01-13 00:00:00+00:00,19,90.95,93.48,naive
2026-01-13 00:00:00+00:00,20,92.2075,91.795,naive
2026-01-13 00:00:00+00:00,21,90.0,92.165,naive
2026-01-13 00:00:00+00:00,22,82.6725,86.0475,naive
2026-01-13 00:00:00+00:00,23,85.5625,84.30499999999999,naive
2026-01-14 00:00:00+00:00,0,84.295,82.69,naive
2026-01-14 00:00:00+00:00,1,85.8775,82.685,naive
2026-01-14 00:00:00+00:00,2,86.16250000000001,84.115,naive
2026-01-14 00:00:00+00:00,3,87.645,86.7475,naive
2026-01-14 00:00:00+00:00,4,89.86,88.725,naive
2026-01-14 00:00:00+00:00,5,95.145,97.5525,naive
2026-01-14 00:00:00+00:00,6,105.14,116.03,naive
2026-01-14 00:00:00+00:00,7,128.9575,129.805,naive
2026-01-14 00:00:00+00:00,8,132.0325,132.5175,naive
2026-01-14 00:00:00+00:00,9,116.4525,142.1975,naive
2026-01-14 00:00:00+00:00,10,107.5325,123.8525,naive
2026-01-14 00:00:00+00:00,11,103.475,117.675,naive
2026-01-14 00:00:00+00:00,12,103.6,112.9775,naive
2026-01-14 00:00:00+00:00,13,118.2175,122.215,naive
2026-01-14 00:00:00+00:00,14,144.63,120.515,naive
2026-01-14 00:00:00+00:00,15,152.85750000000002,122.15,naive
2026-01-14 00:00:00+00:00,16,200.0225,122.33,naive
2026-01-14 00:00:00+00:00,17,182.355,113.3525,naive
2026-01-14 00:00:00+00:00,18,158.76749999999998,98.735,naive
2026-01-14 00:00:00+00:00,19,134.01,90.95,naive
2026-01-14 00:00:00+00:00,20,121.7875,92.2075,naive
2026-01-14 00:00:00+00:00,21,113.8625,90.0,naive
2026-01-14 00:00:00+00:00,22,97.0875,82.6725,naive
2026-01-14 00:00:00+00:00,23,100.615,85.5625,naive
2026-01-15 00:00:00+00:00,0,94.0475,84.295,naive
2026-01-15 00:00:00+00:00,1,89.34,85.8775,naive
2026-01-15 00:00:00+00:00,2,84.8075,86.16250000000001,naive
2026-01-15 00:00:00+00:00,3,82.92999999999999,87.645,naive
2026-01-15 00:00:00+00:00,4,86.0,89.86,naive
2026-01-15 00:00:00+00:00,5,98.2025,95.145,naive
2026-01-15 00:00:00+00:00,6,105.115,105.14,naive
2026-01-15 00:00:00+00:00,7,104.975,128.9575,naive
2026-01-15 00:00:00+00:00,8,101.415,132.0325,naive
2026-01-15 00:00:00+00:00,9,100.4,116.4525,naive
2026-01-15 00:00:00+00:00,10,97.8625,107.5325,naive
2026-01-15 00:00:00+00:00,11,95.2825,103.475,naive
2026-01-15 00:00:00+00:00,12,100.615,103.6,naive
2026-01-15 00:00:00+00:00,13,105.645,118.2175,naive
2026-01-15 00:00:00+00:00,14,123.095,144.63,naive
2026-01-15 00:00:00+00:00,15,135.3725,152.85750000000002,naive
2026-01-15 00:00:00+00:00,16,145.495,200.0225,naive
2026-01-15 00:00:00+00:00,17,119.745,182.355,naive
2026-01-15 00:00:00+00:00,18,105.4925,158.76749999999998,naive
2026-01-15 00:00:00+00:00,19,98.16,134.01,naive
2026-01-15 00:00:00+00:00,20,90.995,121.7875,naive
2026-01-15 00:00:00+00:00,21,88.3925,113.8625,naive
2026-01-15 00:00:00+00:00,22,81.155,97.0875,naive
2026-01-15 00:00:00+00:00,23,81.05,100.615,naive
2026-01-16 00:00:00+00:00,0,75.0,94.0475,naive
2026-01-16 00:00:00+00:00,1,70.57249999999999,89.34,naive
2026-01-16 00:00:00+00:00,2,67.23,84.8075,naive
2026-01-16 00:00:00+00:00,3,71.38,82.92999999999999,naive
2026-01-16 00:00:00+00:00,4,82.05000000000001,86.0,naive
2026-01-16 00:00:00+00:00,5,90.7225,98.2025,naive
2026-01-16 00:00:00+00:00,6,98.6,105.115,naive
2026-01-16 00:00:00+00:00,7,109.3075,104.975,naive
2026-01-16 00:00:00+00:00,8,108.9275,101.415,naive
2026-01-16 00:00:00+00:00,9,103.0275,100.4,naive
2026-01-16 00:00:00+00:00,10,99.7875,97.8625,naive
2026-01-16 00:00:00+00:00,11,99.1975,95.2825,naive
2026-01-16 00:00:00+00:00,12,99.3125,100.615,naive
2026-01-16 00:00:00+00:00,13,113.2,105.645,naive
2026-01-16 00:00:00+00:00,14,141.0,123.095,naive
2026-01-16 00:00:00+00:00,15,162.68,135.3725,naive
2026-01-16 00:00:00+00:00,16,170.325,145.495,naive
2026-01-16 00:00:00+00:00,17,162.4425,119.745,naive
2026-01-16 00:00:00+00:00,18,154.18,105.4925,naive
2026-01-16 00:00:00+00:00,19,134.0,98.16,naive
2026-01-16 00:00:00+00:00,20,117.6125,90.995,naive
2026-01-16 00:00:00+00:00,21,117.705,88.3925,naive
2026-01-16 00:00:00+00:00,22,104.17,81.155,naive
2026-01-16 00:00:00+00:00,23,104.66,81.05,naive
2026-01-17 00:00:00+00:00,0,101.2875,69.775,naive
2026-01-17 00:00:00+00:00,1,98.235,66.2375,naive
2026-01-17 00:00:00+00:00,2,96.1375,66.535,naive
2026-01-17 00:00:00+00:00,3,95.1875,66.5125,naive
2026-01-17 00:00:00+00:00,4,95.2425,68.46000000000001,naive
2026-01-17 00:00:00+00:00,5,95.8525,69.96000000000001,naive
2026-01-17 00:00:00+00:00,6,99.1875,76.66499999999999,naive
2026-01-17 00:00:00+00:00,7,105.97,85.0275,naive
2026-01-17 00:00:00+00:00,8,116.655,92.3625,naive
2026-01-17 00:00:00+00:00,9,115.1,97.595,naive
2026-01-17 00:00:00+00:00,10,111.6075,101.5575,naive
2026-01-17 00:00:00+00:00,11,111.9475,101.57,naive
2026-01-17 00:00:00+00:00,12,108.64,104.825,naive
2026-01-17 00:00:00+00:00,13,112.8175,111.4425,naive
2026-01-17 00:00:00+00:00,14,122.77,117.7175,naive
2026-01-17 00:00:00+00:00,15,135.775,128.0075,naive
2026-01-17 00:00:00+00:00,16,140.9125,139.5275,naive
2026-01-17 00:00:00+00:00,17,142.84750000000005,136.91,naive
2026-01-17 00:00:00+00:00,18,138.5875,128.305,naive
2026-01-17 00:00:00+00:00,19,120.79,120.49,naive
2026-01-17 00:00:00+00:00,20,107.805,113.21,naive
2026-01-17 00:00:00+00:00,21,109.15,107.68,naive
2026-01-17 00:00:00+00:00,22,107.0225,98.1975,naive
2026-01-17 00:00:00+00:00,23,110.715,96.9025,naive
2026-01-18 00:00:00+00:00,0,109.19,92.7475,naive
2026-01-18 00:00:00+00:00,1,107.39,88.035,naive
2026-01-18 00:00:00+00:00,2,102.54,84.86,naive
2026-01-18 00:00:00+00:00,3,102.235,82.68,naive
2026-01-18 00:00:00+00:00,4,102.08,82.26,naive
2026-01-18 00:00:00+00:00,5,101.05,81.6025,naive
2026-01-18 00:00:00+00:00,6,100.605,84.25999999999999,naive
2026-01-18 00:00:00+00:00,7,105.68,92.06,naive
2026-01-18 00:00:00+00:00,8,107.4225,103.1025,naive
2026-01-18 00:00:00+00:00,9,101.91,100.6825,naive
2026-01-18 00:00:00+00:00,10,98.4825,99.9175,naive
2026-01-18 00:00:00+00:00,11,96.855,97.0875,naive
2026-01-18 00:00:00+00:00,12,96.9625,96.5175,naive
2026-01-18 00:00:00+00:00,13,100.845,98.8775,naive
2026-01-18 00:00:00+00:00,14,105.55,101.275,naive
2026-01-18 00:00:00+00:00,15,114.875,111.755,naive
2026-01-18 00:00:00+00:00,16,129.9925,116.25,naive
2026-01-18 00:00:00+00:00,17,142.195,112.2475,naive
2026-01-18 00:00:00+00:00,18,136.6725,106.2075,naive
2026-01-18 00:00:00+00:00,19,123.0525,96.04,naive
2026-01-18 00:00:00+00:00,20,110.63,95.005,naive
2026-01-18 00:00:00+00:00,21,114.28,93.02,naive
2026-01-18 00:00:00+00:00,22,103.7325,85.22999999999999,naive
2026-01-18 00:00:00+00:00,23,101.15,81.2575,naive
2026-01-19 00:00:00+00:00,0,100.44,75.0,naive
2026-01-19 00:00:00+00:00,1,100.8325,70.57249999999999,naive
2026-01-19 00:00:00+00:00,2,100.4375,67.23,naive
2026-01-19 00:00:00+00:00,3,100.135,71.38,naive
2026-01-19 00:00:00+00:00,4,102.53,82.05000000000001,naive
2026-01-19 00:00:00+00:00,5,126.38,90.7225,naive
2026-01-19 00:00:00+00:00,6,161.08249999999998,98.6,naive
2026-01-19 00:00:00+00:00,7,175.98250000000002,109.3075,naive
2026-01-19 00:00:00+00:00,8,161.9375,108.9275,naive
2026-01-19 00:00:00+00:00,9,135.9225,103.0275,naive
2026-01-19 00:00:00+00:00,10,120.5275,99.7875,naive
2026-01-19 00:00:00+00:00,11,117.56,99.1975,naive
2026-01-19 00:00:00+00:00,12,125.0025,99.3125,naive
2026-01-19 00:00:00+00:00,13,144.35,113.2,naive
2026-01-19 00:00:00+00:00,14,170.0425,141.0,naive
2026-01-19 00:00:00+00:00,15,194.89,162.68,naive
2026-01-19 00:00:00+00:00,16,208.2275,170.325,naive
2026-01-19 00:00:00+00:00,17,200.055,162.4425,naive
2026-01-19 00:00:00+00:00,18,180.9625,154.18,naive
2026-01-19 00:00:00+00:00,19,157.385,134.0,naive
2026-01-19 00:00:00+00:00,20,135.17,117.6125,naive
2026-01-19 00:00:00+00:00,21,126.4025,117.705,naive
2026-01-19 00:00:00+00:00,22,112.47,104.17,naive
2026-01-19 00:00:00+00:00,23,115.06,104.66,naive
2026-01-20 00:00:00+00:00,0,114.335,100.44,naive
2026-01-20 00:00:00+00:00,1,110.355,100.8325,naive
2026-01-20 00:00:00+00:00,2,109.8675,100.4375,naive
2026-01-20 00:00:00+00:00,3,113.1725,100.135,naive
2026-01-20 00:00:00+00:00,4,125.28,102.53,naive
2026-01-20 00:00:00+00:00,5,190.105,126.38,naive
2026-01-20 00:00:00+00:00,6,240.8775,161.08249999999998,naive
2026-01-20 00:00:00+00:00,7,262.785,175.98250000000002,naive
2026-01-20 00:00:00+00:00,8,179.535,161.9375,naive
2026-01-20 00:00:00+00:00,9,132.17,135.9225,naive
2026-01-20 00:00:00+00:00,10,107.9525,120.5275,naive
2026-01-20 00:00:00+00:00,11,103.6225,117.56,naive
2026-01-20 00:00:00+00:00,12,105.755,125.0025,naive
2026-01-20 00:00:00+00:00,13,136.7225,144.35,naive
2026-01-20 00:00:00+00:00,14,178.26,170.0425,naive
2026-01-20 00:00:00+00:00,15,276.735,194.89,naive
2026-01-20 00:00:00+00:00,16,249.63,208.2275,naive
2026-01-20 00:00:00+00:00,17,193.925,200.055,naive
2026-01-20 00:00:00+00:00,18,181.9175,180.9625,naive
2026-01-20 00:00:00+00:00,19,155.10000000000002,157.385,naive
2026-01-20 00:00:00+00:00,20,139.89,135.17,naive
2026-01-20 00:00:00+00:00,21,117.1925,126.4025,naive
2026-01-20 00:00:00+00:00,22,107.8375,112.47,naive
2026-01-20 00:00:00+00:00,23,101.49,115.06,naive
2026-01-21 00:00:00+00:00,0,101.7175,114.335,naive
2026-01-21 00:00:00+00:00,1,98.7575,110.355,naive
2026-01-21 00:00:00+00:00,2,100.91,109.8675,naive
2026-01-21 00:00:00+00:00,3,98.845,113.1725,naive
2026-01-21 00:00:00+00:00,4,98.6925,125.28,naive
2026-01-21 00:00:00+00:00,5,107.8725,190.105,naive
2026-01-21 00:00:00+00:00,6,160.0,240.8775,naive
2026-01-21 00:00:00+00:00,7,176.3975,262.785,naive
2026-01-21 00:00:00+00:00,8,142.89249999999998,179.535,naive
2026-01-21 00:00:00+00:00,9,118.3,132.17,naive
2026-01-21 00:00:00+00:00,10,100.9925,107.9525,naive
2026-01-21 00:00:00+00:00,11,99.13,103.6225,naive
2026-01-21 00:00:00+00:00,12,103.475,105.755,naive
2026-01-21 00:00:00+00:00,13,108.6225,136.7225,naive
2026-01-21 00:00:00+00:00,14,126.9275,178.26,naive
2026-01-21 00:00:00+00:00,15,145.035,276.735,naive
2026-01-21 00:00:00+00:00,16,139.11,249.63,naive
2026-01-21 00:00:00+00:00,17,138.9075,193.925,naive
2026-01-21 00:00:00+00:00,18,127.83,181.9175,naive
2026-01-21 00:00:00+00:00,19,105.4475,155.10000000000002,naive
2026-01-21 00:00:00+00:00,20,102.44,139.89,naive
2026-01-21 00:00:00+00:00,21,104.76,117.1925,naive
2026-01-21 00:00:00+00:00,22,99.375,107.8375,naive
2026-01-21 00:00:00+00:00,23,92.7975,101.49,naive
2026-01-22 00:00:00+00:00,0,92.5275,101.7175,naive
2026-01-22 00:00:00+00:00,1,91.45,98.7575,naive
2026-01-22 00:00:00+00:00,2,91.82,100.91,naive
2026-01-22 00:00:00+00:00,3,92.85,98.845,naive
2026-01-22 00:00:00+00:00,4,93.1875,98.6925,naive
2026-01-22 00:00:00+00:00,5,100.6775,107.8725,naive
2026-01-22 00:00:00+00:00,6,125.52,160.0,naive
2026-01-22 00:00:00+00:00,7,137.1225,176.3975,naive
2026-01-22 00:00:00+00:00,8,114.4175,142.89249999999998,naive
2026-01-22 00:00:00+00:00,9,95.2575,118.3,naive
2026-01-22 00:00:00+00:00,10,89.075,100.9925,naive
2026-01-22 00:00:00+00:00,11,83.8575,99.13,naive
2026-01-22 00:00:00+00:00,12,88.065,103.475,naive
2026-01-22 00:00:00+00:00,13,94.91,108.6225,naive
2026-01-22 00:00:00+00:00,14,107.78,126.9275,naive
2026-01-22 00:00:00+00:00,15,130.8975,145.035,naive
2026-01-22 00:00:00+00:00,16,136.365,139.11,naive
2026-01-22 00:00:00+00:00,17,129.6675,138.9075,naive
2026-01-22 00:00:00+00:00,18,121.5675,127.83,naive
2026-01-22 00:00:00+00:00,19,109.35,105.4475,naive
2026-01-22 00:00:00+00:00,20,106.945,102.44,naive
2026-01-22 00:00:00+00:00,21,103.3225,104.76,naive
2026-01-22 00:00:00+00:00,22,97.3075,99.375,naive
2026-01-22 00:00:00+00:00,23,97.8875,92.7975,naive
2026-01-23 00:00:00+00:00,0,97.245,92.5275,naive
2026-01-23 00:00:00+00:00,1,95.9475,91.45,naive
2026-01-23 00:00:00+00:00,2,95.0025,91.82,naive
2026-01-23 00:00:00+00:00,3,95.6225,92.85,naive
2026-01-23 00:00:00+00:00,4,96.9975,93.1875,naive
2026-01-23 00:00:00+00:00,5,108.1975,100.6775,naive
2026-01-23 00:00:00+00:00,6,133.0,125.52,naive
2026-01-23 00:00:00+00:00,7,152.9375,137.1225,naive
2026-01-23 00:00:00+00:00,8,142.4875,114.4175,naive
2026-01-23 00:00:00+00:00,9,115.3775,95.2575,naive
2026-01-23 00:00:00+00:00,10,100.1275,89.075,naive
2026-01-23 00:00:00+00:00,11,96.2125,83.8575,naive
2026-01-23 00:00:00+00:00,12,95.76,88.065,naive
2026-01-23 00:00:00+00:00,13,97.08,94.91,naive
2026-01-23 00:00:00+00:00,14,108.7675,107.78,naive
2026-01-23 00:00:00+00:00,15,124.0475,130.8975,naive
2026-01-23 00:00:00+00:00,16,136.08499999999998,136.365,naive
2026-01-23 00:00:00+00:00,17,128.48250000000002,129.6675,naive
2026-01-23 00:00:00+00:00,18,116.8025,121.5675,naive
2026-01-23 00:00:00+00:00,19,107.2225,109.35,naive
2026-01-23 00:00:00+00:00,20,103.96,106.945,naive
2026-01-23 00:00:00+00:00,21,104.79,103.3225,naive
2026-01-23 00:00:00+00:00,22,96.995,97.3075,naive
2026-01-23 00:00:00+00:00,23,99.8,97.8875,naive
2026-01-24 00:00:00+00:00,0,99.035,101.2875,naive
2026-01-24 00:00:00+00:00,1,98.315,98.235,naive
2026-01-24 00:00:00+00:00,2,97.825,96.1375,naive
2026-01-24 00:00:00+00:00,3,97.5475,95.1875,naive
2026-01-24 00:00:00+00:00,4,98.91,95.2425,naive
2026-01-24 00:00:00+00:00,5,100.3975,95.8525,naive
2026-01-24 00:00:00+00:00,6,104.06,99.1875,naive
2026-01-24 00:00:00+00:00,7,110.9975,105.97,naive
2026-01-24 00:00:00+00:00,8,123.0925,116.655,naive
2026-01-24 00:00:00+00:00,9,119.24,115.1,naive
2026-01-24 00:00:00+00:00,10,110.2975,111.6075,naive
2026-01-24 00:00:00+00:00,11,106.2175,111.9475,naive
2026-01-24 00:00:00+00:00,12,101.8725,108.64,naive
2026-01-24 00:00:00+00:00,13,105.12,112.8175,naive
2026-01-24 00:00:00+00:00,14,118.2275,122.77,naive
2026-01-24 00:00:00+00:00,15,131.905,135.775,naive
2026-01-24 00:00:00+00:00,16,146.7225,140.9125,naive
2026-01-24 00:00:00+00:00,17,141.7475,142.84750000000005,naive
2026-01-24 00:00:00+00:00,18,131.9325,138.5875,naive
2026-01-24 00:00:00+00:00,19,118.6725,120.79,naive
2026-01-24 00:00:00+00:00,20,110.5375,107.805,naive
2026-01-24 00:00:00+00:00,21,110.31,109.15,naive
2026-01-24 00:00:00+00:00,22,104.15,107.0225,naive
2026-01-24 00:00:00+00:00,23,101.4425,110.715,naive
2026-01-25 00:00:00+00:00,0,101.7575,109.19,naive
2026-01-25 00:00:00+00:00,1,101.315,107.39,naive
2026-01-25 00:00:00+00:00,2,101.77,102.54,naive
2026-01-25 00:00:00+00:00,3,100.8625,102.235,naive
2026-01-25 00:00:00+00:00,4,100.5125,102.08,naive
2026-01-25 00:00:00+00:00,5,99.965,101.05,naive
2026-01-25 00:00:00+00:00,6,102.06,100.605,naive
2026-01-25 00:00:00+00:00,7,103.7575,105.68,naive
2026-01-25 00:00:00+00:00,8,108.8875,107.4225,naive
2026-01-25 00:00:00+00:00,9,113.1925,101.91,naive
2026-01-25 00:00:00+00:00,10,116.0175,98.4825,naive
2026-01-25 00:00:00+00:00,11,120.03,96.855,naive
2026-01-25 00:00:00+00:00,12,116.1075,96.9625,naive
2026-01-25 00:00:00+00:00,13,114.315,100.845,naive
2026-01-25 00:00:00+00:00,14,111.7525,105.55,naive
2026-01-25 00:00:00+00:00,15,116.9,114.875,naive
2026-01-25 00:00:00+00:00,16,131.2125,129.9925,naive
2026-01-25 00:00:00+00:00,17,137.375,142.195,naive
2026-01-25 00:00:00+00:00,18,132.575,136.6725,naive
2026-01-25 00:00:00+00:00,19,124.0175,123.0525,naive
2026-01-25 00:00:00+00:00,20,114.0225,110.63,naive
2026-01-25 00:00:00+00:00,21,111.9425,114.28,naive
2026-01-25 00:00:00+00:00,22,104.49,103.7325,naive
2026-01-25 00:00:00+00:00,23,103.925,101.15,naive
2026-01-26 00:00:00+00:00,0,101.1125,97.245,naive
2026-01-26 00:00:00+00:00,1,98.7275,95.9475,naive
2026-01-26 00:00:00+00:00,2,95.8525,95.0025,naive
2026-01-26 00:00:00+00:00,3,95.0325,95.6225,naive
2026-01-26 00:00:00+00:00,4,97.1925,96.9975,naive
2026-01-26 00:00:00+00:00,5,114.2775,108.1975,naive
2026-01-26 00:00:00+00:00,6,153.1975,133.0,naive
2026-01-26 00:00:00+00:00,7,175.1325,152.9375,naive
2026-01-26 00:00:00+00:00,8,177.9675,142.4875,naive
2026-01-26 00:00:00+00:00,9,178.0125,115.3775,naive
2026-01-26 00:00:00+00:00,10,170.3425,100.1275,naive
2026-01-26 00:00:00+00:00,11,156.03,96.2125,naive
2026-01-26 00:00:00+00:00,12,149.39499999999998,95.76,naive
2026-01-26 00:00:00+00:00,13,147.78,97.08,naive
2026-01-26 00:00:00+00:00,14,159.97,108.7675,naive
2026-01-26 00:00:00+00:00,15,166.32999999999998,124.0475,naive
2026-01-26 00:00:00+00:00,16,178.6975,136.08499999999998,naive
2026-01-26 00:00:00+00:00,17,178.0225,128.48250000000002,naive
2026-01-26 00:00:00+00:00,18,169.9725,116.8025,naive
2026-01-26 00:00:00+00:00,19,154.16500000000002,107.2225,naive
2026-01-26 00:00:00+00:00,20,137.1125,103.96,naive
2026-01-26 00:00:00+00:00,21,121.5,104.79,naive
2026-01-26 00:00:00+00:00,22,111.685,96.995,naive
2026-01-26 00:00:00+00:00,23,118.7675,99.8,naive
2026-01-27 00:00:00+00:00,0,113.7025,101.1125,naive
2026-01-27 00:00:00+00:00,1,112.1575,98.7275,naive
2026-01-27 00:00:00+00:00,2,111.4875,95.8525,naive
2026-01-27 00:00:00+00:00,3,110.545,95.0325,naive
2026-01-27 00:00:00+00:00,4,111.65,97.1925,naive
2026-01-27 00:00:00+00:00,5,133.61,114.2775,naive
2026-01-27 00:00:00+00:00,6,159.875,153.1975,naive
2026-01-27 00:00:00+00:00,7,176.635,175.1325,naive
2026-01-27 00:00:00+00:00,8,171.195,177.9675,naive
2026-01-27 00:00:00+00:00,9,148.45749999999998,178.0125,naive
2026-01-27 00:00:00+00:00,10,133.29,170.3425,naive
2026-01-27 00:00:00+00:00,11,123.03,156.03,naive
2026-01-27 00:00:00+00:00,12,112.4875,149.39499999999998,naive
2026-01-27 00:00:00+00:00,13,131.0825,147.78,naive
2026-01-27 00:00:00+00:00,14,127.4475,159.97,naive
2026-01-27 00:00:00+00:00,15,132.98,166.32999999999998,naive
2026-01-27 00:00:00+00:00,16,152.62,178.6975,naive
2026-01-27 00:00:00+00:00,17,141.14,178.0225,naive
2026-01-27 00:00:00+00:00,18,138.8825,169.9725,naive
2026-01-27 00:00:00+00:00,19,121.5875,154.16500000000002,naive
2026-01-27 00:00:00+00:00,20,119.3675,137.1125,naive
2026-01-27 00:00:00+00:00,21,120.7,121.5,naive
2026-01-27 00:00:00+00:00,22,111.85,111.685,naive
2026-01-27 00:00:00+00:00,23,105.475,118.7675,naive
2026-01-28 00:00:00+00:00,0,104.465,113.7025,naive
2026-01-28 00:00:00+00:00,1,104.465,112.1575,naive
2026-01-28 00:00:00+00:00,2,102.24,111.4875,naive
2026-01-28 00:00:00+00:00,3,104.7125,110.545,naive
2026-01-28 00:00:00+00:00,4,106.6,111.65,naive
2026-01-28 00:00:00+00:00,5,113.6975,133.61,naive
2026-01-28 00:00:00+00:00,6,143.5975,159.875,naive
2026-01-28 00:00:00+00:00,7,171.0025,176.635,naive
2026-01-28 00:00:00+00:00,8,173.64499999999998,171.195,naive
2026-01-28 00:00:00+00:00,9,172.325,148.45749999999998,naive
2026-01-28 00:00:00+00:00,10,166.24,133.29,naive
2026-01-28 00:00:00+00:00,11,157.0875,123.03,naive
2026-01-28 00:00:00+00:00,12,147.9125,112.4875,naive
2026-01-28 00:00:00+00:00,13,145.035,131.0825,naive
2026-01-28 00:00:00+00:00,14,141.13750000000002,127.4475,naive
2026-01-28 00:00:00+00:00,15,147.1275,132.98,naive
2026-01-28 00:00:00+00:00,16,164.2225,152.62,naive
2026-01-28 00:00:00+00:00,17,170.425,141.14,naive
2026-01-28 00:00:00+00:00,18,161.225,138.8825,naive
2026-01-28 00:00:00+00:00,19,134.265,121.5875,naive
2026-01-28 00:00:00+00:00,20,119.01,119.3675,naive
2026-01-28 00:00:00+00:00,21,117.0,120.7,naive
2026-01-28 00:00:00+00:00,22,110.9575,111.85,naive
2026-01-28 00:00:00+00:00,23,104.55,105.475,naive
2026-01-29 00:00:00+00:00,0,104.0,104.465,naive
2026-01-29 00:00:00+00:00,1,101.88,104.465,naive
2026-01-29 00:00:00+00:00,2,100.0225,102.24,naive
2026-01-29 00:00:00+00:00,3,100.9325,104.7125,naive
2026-01-29 00:00:00+00:00,4,104.6375,106.6,naive
2026-01-29 00:00:00+00:00,5,116.12,113.6975,naive
2026-01-29 00:00:00+00:00,6,149.595,143.5975,naive
2026-01-29 00:00:00+00:00,7,165.6825,171.0025,naive
2026-01-29 00:00:00+00:00,8,168.035,173.64499999999998,naive
2026-01-29 00:00:00+00:00,9,160.675,172.325,naive
2026-01-29 00:00:00+00:00,10,152.7925,166.24,naive
2026-01-29 00:00:00+00:00,11,143.035,157.0875,naive
2026-01-29 00:00:00+00:00,12,142.815,147.9125,naive
2026-01-29 00:00:00+00:00,13,142.9925,145.035,naive
2026-01-29 00:00:00+00:00,14,147.6125,141.13750000000002,naive
2026-01-29 00:00:00+00:00,15,153.1025,147.1275,naive
2026-01-29 00:00:00+00:00,16,159.4775,164.2225,naive
2026-01-29 00:00:00+00:00,17,157.24,170.425,naive
2026-01-29 00:00:00+00:00,18,150.0375,161.225,naive
2026-01-29 00:00:00+00:00,19,126.5575,134.265,naive
2026-01-29 00:00:00+00:00,20,113.57,119.01,naive
2026-01-29 00:00:00+00:00,21,109.315,117.0,naive
2026-01-29 00:00:00+00:00,22,102.9775,110.9575,naive
2026-01-29 00:00:00+00:00,23,111.065,104.55,naive
2026-01-30 00:00:00+00:00,0,103.3125,104.0,naive
2026-01-30 00:00:00+00:00,1,100.8525,101.88,naive
2026-01-30 00:00:00+00:00,2,97.3875,100.0225,naive
2026-01-30 00:00:00+00:00,3,97.3,100.9325,naive
2026-01-30 00:00:00+00:00,4,96.2775,104.6375,naive
2026-01-30 00:00:00+00:00,5,111.125,116.12,naive
2026-01-30 00:00:00+00:00,6,131.7775,149.595,naive
2026-01-30 00:00:00+00:00,7,143.755,165.6825,naive
2026-01-30 00:00:00+00:00,8,147.035,168.035,naive
2026-01-30 00:00:00+00:00,9,132.63,160.675,naive
2026-01-30 00:00:00+00:00,10,126.1,152.7925,naive
2026-01-30 00:00:00+00:00,11,118.205,143.035,naive
2026-01-30 00:00:00+00:00,12,110.39,142.815,naive
2026-01-30 00:00:00+00:00,13,110.3175,142.9925,naive
2026-01-30 00:00:00+00:00,14,111.195,147.6125,naive
2026-01-30 00:00:00+00:00,15,114.9375,153.1025,naive
2026-01-30 00:00:00+00:00,16,124.81,159.4775,naive
2026-01-30 00:00:00+00:00,17,122.8875,157.24,naive
2026-01-30 00:00:00+00:00,18,113.0875,150.0375,naive
2026-01-30 00:00:00+00:00,19,108.5975,126.5575,naive
2026-01-30 00:00:00+00:00,20,101.6825,113.57,naive
2026-01-30 00:00:00+00:00,21,101.09,109.315,naive
2026-01-30 00:00:00+00:00,22,92.695,102.9775,naive
2026-01-30 00:00:00+00:00,23,96.9525,111.065,naive
2026-01-31 00:00:00+00:00,0,97.3775,99.035,naive
2026-01-31 00:00:00+00:00,1,94.5075,98.315,naive
2026-01-31 00:00:00+00:00,2,94.08,97.825,naive
2026-01-31 00:00:00+00:00,3,93.325,97.5475,naive
2026-01-31 00:00:00+00:00,4,94.0575,98.91,naive
2026-01-31 00:00:00+00:00,5,93.45,100.3975,naive
2026-01-31 00:00:00+00:00,6,92.9025,104.06,naive
2026-01-31 00:00:00+00:00,7,103.955,110.9975,naive
2026-01-31 00:00:00+00:00,8,109.0625,123.0925,naive
2026-01-31 00:00:00+00:00,9,114.215,119.24,naive
2026-01-31 00:00:00+00:00,10,113.47,110.2975,naive
2026-01-31 00:00:00+00:00,11,111.2775,106.2175,naive
2026-01-31 00:00:00+00:00,12,107.39,101.8725,naive
2026-01-31 00:00:00+00:00,13,110.305,105.12,naive
2026-01-31 00:00:00+00:00,14,113.1675,118.2275,naive
2026-01-31 00:00:00+00:00,15,119.3575,131.905,naive
2026-01-31 00:00:00+00:00,16,134.605,146.7225,naive
2026-01-31 00:00:00+00:00,17,138.0375,141.7475,naive
2026-01-31 00:00:00+00:00,18,133.95,131.9325,naive
2026-01-31 00:00:00+00:00,19,125.645,118.6725,naive
2026-01-31 00:00:00+00:00,20,114.2075,110.5375,naive
2026-01-31 00:00:00+00:00,21,114.145,110.31,naive
2026-01-31 00:00:00+00:00,22,105.9,104.15,naive
2026-01-31 00:00:00+00:00,23,96.09,101.4425,naive
2026-02-01 00:00:00+00:00,0,94.0075,101.7575,naive
2026-02-01 00:00:00+00:00,1,98.4025,101.315,naive
2026-02-01 00:00:00+00:00,2,96.0575,101.77,naive
2026-02-01 00:00:00+00:00,3,98.3125,100.8625,naive
2026-02-01 00:00:00+00:00,4,98.2225,100.5125,naive
2026-02-01 00:00:00+00:00,5,96.015,99.965,naive
2026-02-01 00:00:00+00:00,6,99.5,102.06,naive
2026-02-01 00:00:00+00:00,7,105.255,103.7575,naive
2026-02-01 00:00:00+00:00,8,109.235,108.8875,naive
2026-02-01 00:00:00+00:00,9,109.845,113.1925,naive
2026-02-01 00:00:00+00:00,10,108.1575,116.0175,naive
2026-02-01 00:00:00+00:00,11,107.125,120.03,naive
2026-02-01 00:00:00+00:00,12,100.3875,116.1075,naive
2026-02-01 00:00:00+00:00,13,102.235,114.315,naive
2026-02-01 00:00:00+00:00,14,108.9575,111.7525,naive
2026-02-01 00:00:00+00:00,15,114.6675,116.9,naive
2026-02-01 00:00:00+00:00,16,129.4875,131.2125,naive
2026-02-01 00:00:00+00:00,17,136.8425,137.375,naive
2026-02-01 00:00:00+00:00,18,137.39,132.575,naive
2026-02-01 00:00:00+00:00,19,125.5925,124.0175,naive
2026-02-01 00:00:00+00:00,20,113.8575,114.0225,naive
2026-02-01 00:00:00+00:00,21,113.885,111.9425,naive
2026-02-01 00:00:00+00:00,22,106.5525,104.49,naive
2026-02-01 00:00:00+00:00,23,99.5925,103.925,naive
2026-02-02 00:00:00+00:00,0,97.9925,103.3125,naive
2026-02-02 00:00:00+00:00,1,95.0925,100.8525,naive
2026-02-02 00:00:00+00:00,2,91.0,97.3875,naive
2026-02-02 00:00:00+00:00,3,91.7325,97.3,naive
2026-02-02 00:00:00+00:00,4,94.7225,96.2775,naive
2026-02-02 00:00:00+00:00,5,106.575,111.125,naive
2026-02-02 00:00:00+00:00,6,122.885,131.7775,naive
2026-02-02 00:00:00+00:00,7,136.8675,143.755,naive
2026-02-02 00:00:00+00:00,8,140.155,147.035,naive
2026-02-02 00:00:00+00:00,9,124.54,132.63,naive
2026-02-02 00:00:00+00:00,10,114.6675,126.1,naive
2026-02-02 00:00:00+00:00,11,109.2125,118.205,naive
2026-02-02 00:00:00+00:00,12,104.0,110.39,naive
2026-02-02 00:00:00+00:00,13,102.9025,110.3175,naive
2026-02-02 00:00:00+00:00,14,105.0775,111.195,naive
2026-02-02 00:00:00+00:00,15,109.7775,114.9375,naive
2026-02-02 00:00:00+00:00,16,118.1975,124.81,naive
2026-02-02 00:00:00+00:00,17,118.9675,122.8875,naive
2026-02-02 00:00:00+00:00,18,105.0,113.0875,naive
2026-02-02 00:00:00+00:00,19,102.255,108.5975,naive
2026-02-02 00:00:00+00:00,20,102.015,101.6825,naive
2026-02-02 00:00:00+00:00,21,101.2275,101.09,naive
2026-02-02 00:00:00+00:00,22,91.385,92.695,naive
2026-02-02 00:00:00+00:00,23,91.7175,96.9525,naive
2026-02-03 00:00:00+00:00,0,89.36500000000001,97.9925,naive
2026-02-03 00:00:00+00:00,1,84.0075,95.0925,naive
2026-02-03 00:00:00+00:00,2,79.9375,91.0,naive
2026-02-03 00:00:00+00:00,3,76.84,91.7325,naive
2026-02-03 00:00:00+00:00,4,82.16,94.7225,naive
2026-02-03 00:00:00+00:00,5,91.16,106.575,naive
2026-02-03 00:00:00+00:00,6,97.6925,122.885,naive
2026-02-03 00:00:00+00:00,7,106.2725,136.8675,naive
2026-02-03 00:00:00+00:00,8,108.225,140.155,naive
2026-02-03 00:00:00+00:00,9,99.94,124.54,naive
2026-02-03 00:00:00+00:00,10,90.83,114.6675,naive
2026-02-03 00:00:00+00:00,11,87.94749999999999,109.2125,naive
2026-02-03 00:00:00+00:00,12,89.905,104.0,naive
2026-02-03 00:00:00+00:00,13,93.1525,102.9025,naive
2026-02-03 00:00:00+00:00,14,100.41,105.0775,naive
2026-02-03 00:00:00+00:00,15,106.615,109.7775,naive
2026-02-03 00:00:00+00:00,16,125.7725,118.1975,naive
2026-02-03 00:00:00+00:00,17,126.3475,118.9675,naive
2026-02-03 00:00:00+00:00,18,123.2275,105.0,naive
2026-02-03 00:00:00+00:00,19,112.9,102.255,naive
2026-02-03 00:00:00+00:00,20,103.2925,102.015,naive
2026-02-03 00:00:00+00:00,21,100.895,101.2275,naive
2026-02-03 00:00:00+00:00,22,94.8125,91.385,naive
2026-02-03 00:00:00+00:00,23,95.0025,91.7175,naive
2026-02-04 00:00:00+00:00,0,92.7875,89.36500000000001,naive
2026-02-04 00:00:00+00:00,1,92.9625,84.0075,naive
2026-02-04 00:00:00+00:00,2,94.6225,79.9375,naive
2026-02-04 00:00:00+00:00,3,93.9575,76.84,naive
2026-02-04 00:00:00+00:00,4,96.585,82.16,naive
2026-02-04 00:00:00+00:00,5,105.285,91.16,naive
2026-02-04 00:00:00+00:00,6,122.935,97.6925,naive
2026-02-04 00:00:00+00:00,7,131.605,106.2725,naive
2026-02-04 00:00:00+00:00,8,122.6725,108.225,naive
2026-02-04 00:00:00+00:00,9,110.0,99.94,naive
2026-02-04 00:00:00+00:00,10,98.7075,90.83,naive
2026-02-04 00:00:00+00:00,11,91.915,87.94749999999999,naive
2026-02-04 00:00:00+00:00,12,91.3825,89.905,naive
2026-02-04 00:00:00+00:00,13,96.0775,93.1525,naive
2026-02-04 00:00:00+00:00,14,102.875,100.41,naive
2026-02-04 00:00:00+00:00,15,114.185,106.615,naive
2026-02-04 00:00:00+00:00,16,124.6175,125.7725,naive
2026-02-04 00:00:00+00:00,17,117.04,126.3475,naive
2026-02-04 00:00:00+00:00,18,104.52,123.2275,naive
2026-02-04 00:00:00+00:00,19,96.2875,112.9,naive
2026-02-04 00:00:00+00:00,20,94.7525,103.2925,naive
2026-02-04 00:00:00+00:00,21,93.8225,100.895,naive
2026-02-04 00:00:00+00:00,22,86.3075,94.8125,naive
2026-02-04 00:00:00+00:00,23,90.3025,95.0025,naive
2026-02-05 00:00:00+00:00,0,88.4375,92.7875,naive
2026-02-05 00:00:00+00:00,1,87.4325,92.9625,naive
2026-02-05 00:00:00+00:00,2,87.795,94.6225,naive
2026-02-05 00:00:00+00:00,3,89.565,93.9575,naive
2026-02-05 00:00:00+00:00,4,91.51,96.585,naive
2026-02-05 00:00:00+00:00,5,102.845,105.285,naive
2026-02-05 00:00:00+00:00,6,113.32,122.935,naive
2026-02-05 00:00:00+00:00,7,125.365,131.605,naive
2026-02-05 00:00:00+00:00,8,121.52,122.6725,naive
2026-02-05 00:00:00+00:00,9,118.1925,110.0,naive
2026-02-05 00:00:00+00:00,10,121.0675,98.7075,naive
2026-02-05 00:00:00+00:00,11,108.2525,91.915,naive
2026-02-05 00:00:00+00:00,12,109.7575,91.3825,naive
2026-02-05 00:00:00+00:00,13,110.1025,96.0775,naive
2026-02-05 00:00:00+00:00,14,116.98,102.875,naive
2026-02-05 00:00:00+00:00,15,126.0,114.185,naive
2026-02-05 00:00:00+00:00,16,140.5,124.6175,naive
2026-02-05 00:00:00+00:00,17,136.64499999999998,117.04,naive
2026-02-05 00:00:00+00:00,18,132.9075,104.52,naive
2026-02-05 00:00:00+00:00,19,120.81,96.2875,naive
2026-02-05 00:00:00+00:00,20,107.7825,94.7525,naive
2026-02-05 00:00:00+00:00,21,105.88,93.8225,naive
2026-02-05 00:00:00+00:00,22,100.0375,86.3075,naive
2026-02-05 00:00:00+00:00,23,99.31,90.3025,naive
2026-02-06 00:00:00+00:00,0,99.1275,88.4375,naive
2026-02-06 00:00:00+00:00,1,98.0875,87.4325,naive
2026-02-06 00:00:00+00:00,2,98.2275,87.795,naive
2026-02-06 00:00:00+00:00,3,98.7425,89.565,naive
2026-02-06 00:00:00+00:00,4,102.3325,91.51,naive
2026-02-06 00:00:00+00:00,5,115.4225,102.845,naive
2026-02-06 00:00:00+00:00,6,139.4625,113.32,naive
2026-02-06 00:00:00+00:00,7,144.74,125.365,naive
2026-02-06 00:00:00+00:00,8,144.2025,121.52,naive
2026-02-06 00:00:00+00:00,9,142.0925,118.1925,naive
2026-02-06 00:00:00+00:00,10,138.91,121.0675,naive
2026-02-06 00:00:00+00:00,11,136.21,108.2525,naive
2026-02-06 00:00:00+00:00,12,135.89249999999998,109.7575,naive
2026-02-06 00:00:00+00:00,13,135.66750000000002,110.1025,naive
2026-02-06 00:00:00+00:00,14,139.4725,116.98,naive
2026-02-06 00:00:00+00:00,15,133.9625,126.0,naive
2026-02-06 00:00:00+00:00,16,137.1875,140.5,naive
2026-02-06 00:00:00+00:00,17,132.19,136.64499999999998,naive
2026-02-06 00:00:00+00:00,18,125.6275,132.9075,naive
2026-02-06 00:00:00+00:00,19,110.9825,120.81,naive
2026-02-06 00:00:00+00:00,20,108.85,107.7825,naive
2026-02-06 00:00:00+00:00,21,106.2625,105.88,naive
2026-02-06 00:00:00+00:00,22,102.2375,100.0375,naive
2026-02-06 00:00:00+00:00,23,101.4925,99.31,naive
2026-02-07 00:00:00+00:00,0,100.0,97.3775,naive
2026-02-07 00:00:00+00:00,1,98.0425,94.5075,naive
2026-02-07 00:00:00+00:00,2,96.885,94.08,naive
2026-02-07 00:00:00+00:00,3,96.395,93.325,naive
2026-02-07 00:00:00+00:00,4,96.725,94.0575,naive
2026-02-07 00:00:00+00:00,5,97.095,93.45,naive
2026-02-07 00:00:00+00:00,6,105.5475,92.9025,naive
2026-02-07 00:00:00+00:00,7,114.08,103.955,naive
2026-02-07 00:00:00+00:00,8,117.975,109.0625,naive
2026-02-07 00:00:00+00:00,9,110.0625,114.215,naive
2026-02-07 00:00:00+00:00,10,104.5325,113.47,naive
2026-02-07 00:00:00+00:00,11,100.1175,111.2775,naive
2026-02-07 00:00:00+00:00,12,97.3875,107.39,naive
2026-02-07 00:00:00+00:00,13,99.9275,110.305,naive
2026-02-07 00:00:00+00:00,14,106.3325,113.1675,naive
2026-02-07 00:00:00+00:00,15,120.29,119.3575,naive
2026-02-07 00:00:00+00:00,16,134.03750000000002,134.605,naive
2026-02-07 00:00:00+00:00,17,135.33249999999998,138.0375,naive
2026-02-07 00:00:00+00:00,18,127.4975,133.95,naive
2026-02-07 00:00:00+00:00,19,113.395,125.645,naive
2026-02-07 00:00:00+00:00,20,104.39,114.2075,naive
2026-02-07 00:00:00+00:00,21,104.0725,114.145,naive
2026-02-07 00:00:00+00:00,22,98.76,105.9,naive
2026-02-07 00:00:00+00:00,23,102.035,96.09,naive
2026-02-08 00:00:00+00:00,0,99.045,94.0075,naive
2026-02-08 00:00:00+00:00,1,97.5675,98.4025,naive
2026-02-08 00:00:00+00:00,2,96.425,96.0575,naive
2026-02-08 00:00:00+00:00,3,94.86,98.3125,naive
2026-02-08 00:00:00+00:00,4,95.75,98.2225,naive
2026-02-08 00:00:00+00:00,5,95.0,96.015,naive
2026-02-08 00:00:00+00:00,6,95.805,99.5,naive
2026-02-08 00:00:00+00:00,7,100.3475,105.255,naive
2026-02-08 00:00:00+00:00,8,101.9875,109.235,naive
2026-02-08 00:00:00+00:00,9,102.645,109.845,naive
2026-02-08 00:00:00+00:00,10,99.6,108.1575,naive
2026-02-08 00:00:00+00:00,11,96.5725,107.125,naive
2026-02-08 00:00:00+00:00,12,95.45,100.3875,naive
2026-02-08 00:00:00+00:00,13,97.22,102.235,naive
2026-02-08 00:00:00+00:00,14,103.3225,108.9575,naive
2026-02-08 00:00:00+00:00,15,111.785,114.6675,naive
2026-02-08 00:00:00+00:00,16,127.6325,129.4875,naive
2026-02-08 00:00:00+00:00,17,131.26749999999998,136.8425,naive
2026-02-08 00:00:00+00:00,18,126.9075,137.39,naive
2026-02-08 00:00:00+00:00,19,113.2825,125.5925,naive
2026-02-08 00:00:00+00:00,20,107.6275,113.8575,naive
2026-02-08 00:00:00+00:00,21,105.14,113.885,naive
2026-02-08 00:00:00+00:00,22,99.9825,106.5525,naive
2026-02-08 00:00:00+00:00,23,96.745,99.5925,naive
2026-02-09 00:00:00+00:00,0,95.4525,99.1275,naive
2026-02-09 00:00:00+00:00,1,95.7025,98.0875,naive
2026-02-09 00:00:00+00:00,2,95.4675,98.2275,naive
2026-02-09 00:00:00+00:00,3,96.565,98.7425,naive
2026-02-09 00:00:00+00:00,4,104.735,102.3325,naive
2026-02-09 00:00:00+00:00,5,132.235,115.4225,naive
2026-02-09 00:00:00+00:00,6,158.595,139.4625,naive
2026-02-09 00:00:00+00:00,7,182.71,144.74,naive
2026-02-09 00:00:00+00:00,8,169.2075,144.2025,naive
2026-02-09 00:00:00+00:00,9,157.29,142.0925,naive
2026-02-09 00:00:00+00:00,10,144.38,138.91,naive
2026-02-09 00:00:00+00:00,11,137.0725,136.21,naive
2026-02-09 00:00:00+00:00,12,135.025,135.89249999999998,naive
2026-02-09 00:00:00+00:00,13,137.6575,135.66750000000002,naive
2026-02-09 00:00:00+00:00,14,149.0775,139.4725,naive
2026-02-09 00:00:00+00:00,15,168.9825,133.9625,naive
2026-02-09 00:00:00+00:00,16,227.2125,137.1875,naive
2026-02-09 00:00:00+00:00,17,182.225,132.19,naive
2026-02-09 00:00:00+00:00,18,165.81,125.6275,naive
2026-02-09 00:00:00+00:00,19,144.1275,110.9825,naive
2026-02-09 00:00:00+00:00,20,134.6,108.85,naive
2026-02-09 00:00:00+00:00,21,122.895,106.2625,naive
2026-02-09 00:00:00+00:00,22,108.9225,102.2375,naive
2026-02-09 00:00:00+00:00,23,104.6425,101.4925,naive
2026-02-10 00:00:00+00:00,0,103.745,95.4525,naive
2026-02-10 00:00:00+00:00,1,102.7475,95.7025,naive
2026-02-10 00:00:00+00:00,2,102.435,95.4675,naive
2026-02-10 00:00:00+00:00,3,102.435,96.565,naive
2026-02-10 00:00:00+00:00,4,105.4275,104.735,naive
2026-02-10 00:00:00+00:00,5,119.9175,132.235,naive
2026-02-10 00:00:00+00:00,6,134.89,158.595,naive
2026-02-10 00:00:00+00:00,7,143.8275,182.71,naive
2026-02-10 00:00:00+00:00,8,132.08249999999998,169.2075,naive
2026-02-10 00:00:00+00:00,9,129.0875,157.29,naive
2026-02-10 00:00:00+00:00,10,119.4425,144.38,naive
2026-02-10 00:00:00+00:00,11,109.2225,137.0725,naive
2026-02-10 00:00:00+00:00,12,109.47,135.025,naive
2026-02-10 00:00:00+00:00,13,116.2225,137.6575,naive
2026-02-10 00:00:00+00:00,14,128.115,149.0775,naive
2026-02-10 00:00:00+00:00,15,127.6625,168.9825,naive
2026-02-10 00:00:00+00:00,16,135.2425,227.2125,naive
2026-02-10 00:00:00+00:00,17,131.7125,182.225,naive
2026-02-10 00:00:00+00:00,18,120.3275,165.81,naive
2026-02-10 00:00:00+00:00,19,111.2525,144.1275,naive
2026-02-10 00:00:00+00:00,20,107.1575,134.6,naive
2026-02-10 00:00:00+00:00,21,106.69,122.895,naive
2026-02-10 00:00:00+00:00,22,100.5275,108.9225,naive
2026-02-10 00:00:00+00:00,23,96.7825,104.6425,naive
2026-02-11 00:00:00+00:00,0,96.63,103.745,naive
2026-02-11 00:00:00+00:00,1,95.605,102.7475,naive
2026-02-11 00:00:00+00:00,2,94.68,102.435,naive
2026-02-11 00:00:00+00:00,3,94.845,102.435,naive
2026-02-11 00:00:00+00:00,4,99.1425,105.4275,naive
2026-02-11 00:00:00+00:00,5,110.4775,119.9175,naive
2026-02-11 00:00:00+00:00,6,129.0,134.89,naive
2026-02-11 00:00:00+00:00,7,137.0675,143.8275,naive
2026-02-11 00:00:00+00:00,8,131.4375,132.08249999999998,naive
2026-02-11 00:00:00+00:00,9,127.5,129.0875,naive
2026-02-11 00:00:00+00:00,10,125.94,119.4425,naive
2026-02-11 00:00:00+00:00,11,115.8625,109.2225,naive
2026-02-11 00:00:00+00:00,12,116.7,109.47,naive
2026-02-11 00:00:00+00:00,13,116.7,116.2225,naive
2026-02-11 00:00:00+00:00,14,118.185,128.115,naive
2026-02-11 00:00:00+00:00,15,122.315,127.6625,naive
2026-02-11 00:00:00+00:00,16,127.9,135.2425,naive
2026-02-11 00:00:00+00:00,17,125.465,131.7125,naive
2026-02-11 00:00:00+00:00,18,112.02,120.3275,naive
2026-02-11 00:00:00+00:00,19,104.9275,111.2525,naive
2026-02-11 00:00:00+00:00,20,104.38,107.1575,naive
2026-02-11 00:00:00+00:00,21,101.9975,106.69,naive
2026-02-11 00:00:00+00:00,22,95.3075,100.5275,naive
2026-02-11 00:00:00+00:00,23,88.1925,96.7825,naive
2026-02-12 00:00:00+00:00,0,87.58,96.63,naive
2026-02-12 00:00:00+00:00,1,86.2025,95.605,naive
2026-02-12 00:00:00+00:00,2,84.8925,94.68,naive
2026-02-12 00:00:00+00:00,3,86.0125,94.845,naive
2026-02-12 00:00:00+00:00,4,89.43,99.1425,naive
2026-02-12 00:00:00+00:00,5,99.8625,110.4775,naive
2026-02-12 00:00:00+00:00,6,116.0075,129.0,naive
2026-02-12 00:00:00+00:00,7,123.0725,137.0675,naive
2026-02-12 00:00:00+00:00,8,121.205,131.4375,naive
2026-02-12 00:00:00+00:00,9,117.52,127.5,naive
2026-02-12 00:00:00+00:00,10,111.1525,125.94,naive
2026-02-12 00:00:00+00:00,11,105.515,115.8625,naive
2026-02-12 00:00:00+00:00,12,103.555,116.7,naive
2026-02-12 00:00:00+00:00,13,105.2125,116.7,naive
2026-02-12 00:00:00+00:00,14,107.98,118.185,naive
2026-02-12 00:00:00+00:00,15,110.785,122.315,naive
2026-02-12 00:00:00+00:00,16,123.05,127.9,naive
2026-02-12 00:00:00+00:00,17,125.6625,125.465,naive
2026-02-12 00:00:00+00:00,18,120.8725,112.02,naive
2026-02-12 00:00:00+00:00,19,109.1025,104.9275,naive
2026-02-12 00:00:00+00:00,20,99.6925,104.38,naive
2026-02-12 00:00:00+00:00,21,97.175,101.9975,naive
2026-02-12 00:00:00+00:00,22,89.33250000000001,95.3075,naive
2026-02-12 00:00:00+00:00,23,83.8575,88.1925,naive
2026-02-13 00:00:00+00:00,0,83.66,87.58,naive
2026-02-13 00:00:00+00:00,1,82.2175,86.2025,naive
2026-02-13 00:00:00+00:00,2,81.855,84.8925,naive
2026-02-13 00:00:00+00:00,3,83.35,86.0125,naive
2026-02-13 00:00:00+00:00,4,87.1875,89.43,naive
2026-02-13 00:00:00+00:00,5,98.7275,99.8625,naive
2026-02-13 00:00:00+00:00,6,117.7275,116.0075,naive
2026-02-13 00:00:00+00:00,7,123.85,123.0725,naive
2026-02-13 00:00:00+00:00,8,119.15,121.205,naive
2026-02-13 00:00:00+00:00,9,106.3925,117.52,naive
2026-02-13 00:00:00+00:00,10,101.03,111.1525,naive
2026-02-13 00:00:00+00:00,11,97.3,105.515,naive
2026-02-13 00:00:00+00:00,12,97.495,103.555,naive
2026-02-13 00:00:00+00:00,13,102.09,105.2125,naive
2026-02-13 00:00:00+00:00,14,118.0975,107.98,naive
2026-02-13 00:00:00+00:00,15,125.905,110.785,naive
2026-02-13 00:00:00+00:00,16,131.985,123.05,naive
2026-02-13 00:00:00+00:00,17,136.02249999999998,125.6625,naive
2026-02-13 00:00:00+00:00,18,131.89249999999998,120.8725,naive
2026-02-13 00:00:00+00:00,19,126.0,109.1025,naive
2026-02-13 00:00:00+00:00,20,117.58,99.6925,naive
2026-02-13 00:00:00+00:00,21,109.9475,97.175,naive
2026-02-13 00:00:00+00:00,22,100.8575,89.33250000000001,naive
2026-02-13 00:00:00+00:00,23,96.9925,83.8575,naive
2026-02-14 00:00:00+00:00,0,91.83,100.0,naive
2026-02-14 00:00:00+00:00,1,89.09,98.0425,naive
2026-02-14 00:00:00+00:00,2,88.6725,96.885,naive
2026-02-14 00:00:00+00:00,3,87.5075,96.395,naive
2026-02-14 00:00:00+00:00,4,88.75,96.725,naive
2026-02-14 00:00:00+00:00,5,90.2175,97.095,naive
2026-02-14 00:00:00+00:00,6,93.1175,105.5475,naive
2026-02-14 00:00:00+00:00,7,101.8325,114.08,naive
2026-02-14 00:00:00+00:00,8,107.49,117.975,naive
2026-02-14 00:00:00+00:00,9,103.97,110.0625,naive
2026-02-14 00:00:00+00:00,10,98.1625,104.5325,naive
2026-02-14 00:00:00+00:00,11,95.16,100.1175,naive
2026-02-14 00:00:00+00:00,12,93.9725,97.3875,naive
2026-02-14 00:00:00+00:00,13,97.1125,99.9275,naive
2026-02-14 00:00:00+00:00,14,104.9525,106.3325,naive
2026-02-14 00:00:00+00:00,15,116.8875,120.29,naive
2026-02-14 00:00:00+00:00,16,126.1,134.03750000000002,naive
2026-02-14 00:00:00+00:00,17,131.9275,135.33249999999998,naive
2026-02-14 00:00:00+00:00,18,128.72,127.4975,naive
2026-02-14 00:00:00+00:00,19,123.1925,113.395,naive
2026-02-14 00:00:00+00:00,20,116.98,104.39,naive
2026-02-14 00:00:00+00:00,21,111.2025,104.0725,naive
2026-02-14 00:00:00+00:00,22,101.1,98.76,naive
2026-02-14 00:00:00+00:00,23,101.7775,102.035,naive
2026-02-15 00:00:00+00:00,0,99.9475,99.045,naive
2026-02-15 00:00:00+00:00,1,100.755,97.5675,naive
2026-02-15 00:00:00+00:00,2,98.025,96.425,naive
2026-02-15 00:00:00+00:00,3,96.52,94.86,naive
2026-02-15 00:00:00+00:00,4,94.355,95.75,naive
2026-02-15 00:00:00+00:00,5,94.1675,95.0,naive
2026-02-15 00:00:00+00:00,6,96.115,95.805,naive
2026-02-15 00:00:00+00:00,7,96.8,100.3475,naive
2026-02-15 00:00:00+00:00,8,93.065,101.9875,naive
2026-02-15 00:00:00+00:00,9,83.0175,102.645,naive
2026-02-15 00:00:00+00:00,10,74.7225,99.6,naive
2026-02-15 00:00:00+00:00,11,67.37,96.5725,naive
2026-02-15 00:00:00+00:00,12,64.4075,95.45,naive
2026-02-15 00:00:00+00:00,13,64.4225,97.22,naive
2026-02-15 00:00:00+00:00,14,71.9525,103.3225,naive
2026-02-15 00:00:00+00:00,15,84.205,111.785,naive
2026-02-15 00:00:00+00:00,16,96.385,127.6325,naive
2026-02-15 00:00:00+00:00,17,98.2025,131.26749999999998,naive
2026-02-15 00:00:00+00:00,18,83.6125,126.9075,naive
2026-02-15 00:00:00+00:00,19,71.0025,113.2825,naive
2026-02-15 00:00:00+00:00,20,67.2625,107.6275,naive
2026-02-15 00:00:00+00:00,21,65.61500000000001,105.14,naive
2026-02-15 00:00:00+00:00,22,58.04,99.9825,naive
2026-02-15 00:00:00+00:00,23,68.93,96.745,naive
2026-02-16 00:00:00+00:00,0,65.375,83.66,naive
2026-02-16 00:00:00+00:00,1,64.41,82.2175,naive
2026-02-16 00:00:00+00:00,2,64.4125,81.855,naive
2026-02-16 00:00:00+00:00,3,66.0525,83.35,naive
2026-02-16 00:00:00+00:00,4,69.985,87.1875,naive
2026-02-16 00:00:00+00:00,5,79.3275,98.7275,naive
2026-02-16 00:00:00+00:00,6,94.0725,117.7275,naive
2026-02-16 00:00:00+00:00,7,101.0325,123.85,naive
2026-02-16 00:00:00+00:00,8,104.425,119.15,naive
2026-02-16 00:00:00+00:00,9,101.54,106.3925,naive
2026-02-16 00:00:00+00:00,10,94.86,101.03,naive
2026-02-16 00:00:00+00:00,11,92.0025,97.3,naive
2026-02-16 00:00:00+00:00,12,94.4025,97.495,naive
2026-02-16 00:00:00+00:00,13,96.0125,102.09,naive
2026-02-16 00:00:00+00:00,14,104.075,118.0975,naive
2026-02-16 00:00:00+00:00,15,115.3025,125.905,naive
2026-02-16 00:00:00+00:00,16,130.355,131.985,naive
2026-02-16 00:00:00+00:00,17,129.1175,136.02249999999998,naive
2026-02-16 00:00:00+00:00,18,126.355,131.89249999999998,naive
2026-02-16 00:00:00+00:00,19,115.6325,126.0,naive
2026-02-16 00:00:00+00:00,20,103.8975,117.58,naive
2026-02-16 00:00:00+00:00,21,101.92,109.9475,naive
2026-02-16 00:00:00+00:00,22,92.755,100.8575,naive
2026-02-16 00:00:00+00:00,23,87.02000000000001,96.9925,naive
2026-02-17 00:00:00+00:00,0,85.105,65.375,naive
2026-02-17 00:00:00+00:00,1,84.78,64.41,naive
2026-02-17 00:00:00+00:00,2,85.65,64.4125,naive
2026-02-17 00:00:00+00:00,3,84.8175,66.0525,naive
2026-02-17 00:00:00+00:00,4,88.8425,69.985,naive
2026-02-17 00:00:00+00:00,5,102.7225,79.3275,naive
2026-02-17 00:00:00+00:00,6,114.3275,94.0725,naive
2026-02-17 00:00:00+00:00,7,114.855,101.0325,naive
2026-02-17 00:00:00+00:00,8,110.8375,104.425,naive
2026-02-17 00:00:00+00:00,9,102.4,101.54,naive
2026-02-17 00:00:00+00:00,10,93.055,94.86,naive
2026-02-17 00:00:00+00:00,11,83.94,92.0025,naive
2026-02-17 00:00:00+00:00,12,82.2925,94.4025,naive
2026-02-17 00:00:00+00:00,13,82.4175,96.0125,naive
2026-02-17 00:00:00+00:00,14,86.3775,104.075,naive
2026-02-17 00:00:00+00:00,15,94.0825,115.3025,naive
2026-02-17 00:00:00+00:00,16,110.805,130.355,naive
2026-02-17 00:00:00+00:00,17,126.975,129.1175,naive
2026-02-17 00:00:00+00:00,18,126.6,126.355,naive
2026-02-17 00:00:00+00:00,19,111.2275,115.6325,naive
2026-02-17 00:00:00+00:00,20,99.9525,103.8975,naive
2026-02-17 00:00:00+00:00,21,93.225,101.92,naive
2026-02-17 00:00:00+00:00,22,89.61,92.755,naive
2026-02-17 00:00:00+00:00,23,95.63,87.02000000000001,naive
2026-02-18 00:00:00+00:00,0,93.5625,85.105,naive
2026-02-18 00:00:00+00:00,1,93.2925,84.78,naive
2026-02-18 00:00:00+00:00,2,92.675,85.65,naive
2026-02-18 00:00:00+00:00,3,93.4175,84.8175,naive
2026-02-18 00:00:00+00:00,4,101.1975,88.8425,naive
2026-02-18 00:00:00+00:00,5,122.5125,102.7225,naive
2026-02-18 00:00:00+00:00,6,175.6875,114.3275,naive
2026-02-18 00:00:00+00:00,7,186.0925,114.855,naive
2026-02-18 00:00:00+00:00,8,135.64249999999998,110.8375,naive
2026-02-18 00:00:00+00:00,9,115.88,102.4,naive
2026-02-18 00:00:00+00:00,10,106.2225,93.055,naive
2026-02-18 00:00:00+00:00,11,101.3325,83.94,naive
2026-02-18 00:00:00+00:00,12,100.5025,82.2925,naive
2026-02-18 00:00:00+00:00,13,103.6425,82.4175,naive
2026-02-18 00:00:00+00:00,14,114.09,86.3775,naive
2026-02-18 00:00:00+00:00,15,122.0825,94.0825,naive
2026-02-18 00:00:00+00:00,16,140.405,110.805,naive
2026-02-18 00:00:00+00:00,17,142.5975,126.975,naive
2026-02-18 00:00:00+00:00,18,119.8425,126.6,naive
2026-02-18 00:00:00+00:00,19,102.67,111.2275,naive
2026-02-18 00:00:00+00:00,20,96.14,99.9525,naive
2026-02-18 00:00:00+00:00,21,95.0975,93.225,naive
2026-02-18 00:00:00+00:00,22,89.465,89.61,naive
2026-02-18 00:00:00+00:00,23,83.775,95.63,naive
2026-02-19 00:00:00+00:00,0,81.85,93.5625,naive
2026-02-19 00:00:00+00:00,1,81.93,93.2925,naive
2026-02-19 00:00:00+00:00,2,81.45,92.675,naive
2026-02-19 00:00:00+00:00,3,77.655,93.4175,naive
2026-02-19 00:00:00+00:00,4,84.15,101.1975,naive
2026-02-19 00:00:00+00:00,5,87.11250000000001,122.5125,naive
2026-02-19 00:00:00+00:00,6,89.2375,175.6875,naive
2026-02-19 00:00:00+00:00,7,96.945,186.0925,naive
2026-02-19 00:00:00+00:00,8,103.61,135.64249999999998,naive
2026-02-19 00:00:00+00:00,9,100.995,115.88,naive
2026-02-19 00:00:00+00:00,10,95.1075,106.2225,naive
2026-02-19 00:00:00+00:00,11,91.0,101.3325,naive
2026-02-19 00:00:00+00:00,12,90.1,100.5025,naive
2026-02-19 00:00:00+00:00,13,90.16,103.6425,naive
2026-02-19 00:00:00+00:00,14,92.5875,114.09,naive
2026-02-19 00:00:00+00:00,15,96.3925,122.0825,naive
2026-02-19 00:00:00+00:00,16,105.6925,140.405,naive
2026-02-19 00:00:00+00:00,17,113.5175,142.5975,naive
2026-02-19 00:00:00+00:00,18,111.385,119.8425,naive
2026-02-19 00:00:00+00:00,19,100.485,102.67,naive
2026-02-19 00:00:00+00:00,20,98.115,96.14,naive
2026-02-19 00:00:00+00:00,21,92.1,95.0975,naive
2026-02-19 00:00:00+00:00,22,85.185,89.465,naive
2026-02-19 00:00:00+00:00,23,86.06,83.775,naive
2026-02-20 00:00:00+00:00,0,85.9275,81.85,naive
2026-02-20 00:00:00+00:00,1,85.4375,81.93,naive
2026-02-20 00:00:00+00:00,2,84.88,81.45,naive
2026-02-20 00:00:00+00:00,3,84.4175,77.655,naive
2026-02-20 00:00:00+00:00,4,90.27,84.15,naive
2026-02-20 00:00:00+00:00,5,104.8325,87.11250000000001,naive
2026-02-20 00:00:00+00:00,6,113.7825,89.2375,naive
2026-02-20 00:00:00+00:00,7,116.1425,96.945,naive
2026-02-20 00:00:00+00:00,8,109.1825,103.61,naive
2026-02-20 00:00:00+00:00,9,91.1,100.995,naive
2026-02-20 00:00:00+00:00,10,83.6825,95.1075,naive
2026-02-20 00:00:00+00:00,11,81.0125,91.0,naive
2026-02-20 00:00:00+00:00,12,79.6,90.1,naive
2026-02-20 00:00:00+00:00,13,79.95750000000001,90.16,naive
2026-02-20 00:00:00+00:00,14,83.465,92.5875,naive
2026-02-20 00:00:00+00:00,15,91.8575,96.3925,naive
2026-02-20 00:00:00+00:00,16,101.4375,105.6925,naive
2026-02-20 00:00:00+00:00,17,93.7825,113.5175,naive
2026-02-20 00:00:00+00:00,18,82.9875,111.385,naive
2026-02-20 00:00:00+00:00,19,78.715,100.485,naive
2026-02-20 00:00:00+00:00,20,67.9975,98.115,naive
2026-02-20 00:00:00+00:00,21,64.64,92.1,naive
2026-02-20 00:00:00+00:00,22,46.805,85.185,naive
2026-02-20 00:00:00+00:00,23,52.44,86.06,naive
2026-02-21 00:00:00+00:00,0,46.645,91.83,naive
2026-02-21 00:00:00+00:00,1,43.4575,89.09,naive
2026-02-21 00:00:00+00:00,2,41.6575,88.6725,naive
2026-02-21 00:00:00+00:00,3,38.975,87.5075,naive
2026-02-21 00:00:00+00:00,4,39.4775,88.75,naive
2026-02-21 00:00:00+00:00,5,35.86,90.2175,naive
2026-02-21 00:00:00+00:00,6,46.99,93.1175,naive
2026-02-21 00:00:00+00:00,7,56.05,101.8325,naive
2026-02-21 00:00:00+00:00,8,58.035,107.49,naive
2026-02-21 00:00:00+00:00,9,59.525,103.97,naive
2026-02-21 00:00:00+00:00,10,55.385000000000005,98.1625,naive
2026-02-21 00:00:00+00:00,11,50.5275,95.16,naive
2026-02-21 00:00:00+00:00,12,45.1625,93.9725,naive
2026-02-21 00:00:00+00:00,13,56.005,97.1125,naive
2026-02-21 00:00:00+00:00,14,68.88499999999999,104.9525,naive
2026-02-21 00:00:00+00:00,15,81.94,116.8875,naive
2026-02-21 00:00:00+00:00,16,98.635,126.1,naive
2026-02-21 00:00:00+00:00,17,108.3125,131.9275,naive
2026-02-21 00:00:00+00:00,18,101.1725,128.72,naive
2026-02-21 00:00:00+00:00,19,89.0975,123.1925,naive
2026-02-21 00:00:00+00:00,20,82.8125,116.98,naive
2026-02-21 00:00:00+00:00,21,76.5925,111.2025,naive
2026-02-21 00:00:00+00:00,22,66.71000000000001,101.1,naive
2026-02-21 00:00:00+00:00,23,56.675,101.7775,naive
2026-02-22 00:00:00+00:00,0,52.51,99.9475,naive
2026-02-22 00:00:00+00:00,1,44.0575,100.755,naive
2026-02-22 00:00:00+00:00,2,40.9575,98.025,naive
2026-02-22 00:00:00+00:00,3,39.0175,96.52,naive
2026-02-22 00:00:00+00:00,4,38.2875,94.355,naive
2026-02-22 00:00:00+00:00,5,34.875,94.1675,naive
2026-02-22 00:00:00+00:00,6,41.5025,96.115,naive
2026-02-22 00:00:00+00:00,7,47.355,96.8,naive
2026-02-22 00:00:00+00:00,8,55.462500000000006,93.065,naive
2026-02-22 00:00:00+00:00,9,55.1025,83.0175,naive
2026-02-22 00:00:00+00:00,10,53.962500000000006,74.7225,naive
2026-02-22 00:00:00+00:00,11,50.585,67.37,naive
2026-02-22 00:00:00+00:00,12,45.08,64.4075,naive
2026-02-22 00:00:00+00:00,13,43.307500000000005,64.4225,naive
2026-02-22 00:00:00+00:00,14,47.9425,71.9525,naive
2026-02-22 00:00:00+00:00,15,56.9275,84.205,naive
2026-02-22 00:00:00+00:00,16,75.95,96.385,naive
2026-02-22 00:00:00+00:00,17,79.4425,98.2025,naive
2026-02-22 00:00:00+00:00,18,75.12,83.6125,naive
2026-02-22 00:00:00+00:00,19,68.5175,71.0025,naive
2026-02-22 00:00:00+00:00,20,67.69,67.2625,naive
2026-02-22 00:00:00+00:00,21,70.41,65.61500000000001,naive
2026-02-22 00:00:00+00:00,22,51.9475,58.04,naive
2026-02-22 00:00:00+00:00,23,45.35,68.93,naive
2026-02-23 00:00:00+00:00,0,45.5125,85.9275,naive
2026-02-23 00:00:00+00:00,1,43.975,85.4375,naive
2026-02-23 00:00:00+00:00,2,44.915,84.88,naive
2026-02-23 00:00:00+00:00,3,45.145,84.4175,naive
2026-02-23 00:00:00+00:00,4,56.07,90.27,naive
2026-02-23 00:00:00+00:00,5,77.7625,104.8325,naive
2026-02-23 00:00:00+00:00,6,95.9575,113.7825,naive
2026-02-23 00:00:00+00:00,7,99.0425,116.1425,naive
2026-02-23 00:00:00+00:00,8,87.4675,109.1825,naive
2026-02-23 00:00:00+00:00,9,67.015,91.1,naive
2026-02-23 00:00:00+00:00,10,48.85,83.6825,naive
2026-02-23 00:00:00+00:00,11,7.88,81.0125,naive
2026-02-23 00:00:00+00:00,12,2.9025,79.6,naive
2026-02-23 00:00:00+00:00,13,34.8925,79.95750000000001,naive
2026-02-23 00:00:00+00:00,14,58.5075,83.465,naive
2026-02-23 00:00:00+00:00,15,79.5075,91.8575,naive
2026-02-23 00:00:00+00:00,16,96.09,101.4375,naive
2026-02-23 00:00:00+00:00,17,107.27,93.7825,naive
2026-02-23 00:00:00+00:00,18,110.8975,82.9875,naive
2026-02-23 00:00:00+00:00,19,98.025,78.715,naive
2026-02-23 00:00:00+00:00,20,97.235,67.9975,naive
2026-02-23 00:00:00+00:00,21,95.855,64.64,naive
2026-02-23 00:00:00+00:00,22,87.2875,46.805,naive
2026-02-23 00:00:00+00:00,23,82.3575,52.44,naive
2026-02-24 00:00:00+00:00,0,83.9625,45.5125,naive
2026-02-24 00:00:00+00:00,1,85.975,43.975,naive
2026-02-24 00:00:00+00:00,2,86.45,44.915,naive
2026-02-24 00:00:00+00:00,3,88.205,45.145,naive
2026-02-24 00:00:00+00:00,4,94.17,56.07,naive
2026-02-24 00:00:00+00:00,5,111.1225,77.7625,naive
2026-02-24 00:00:00+00:00,6,133.0975,95.9575,naive
2026-02-24 00:00:00+00:00,7,147.475,99.0425,naive
2026-02-24 00:00:00+00:00,8,140.72,87.4675,naive
2026-02-24 00:00:00+00:00,9,128.7675,67.015,naive
2026-02-24 00:00:00+00:00,10,111.395,48.85,naive
2026-02-24 00:00:00+00:00,11,100.19,7.88,naive
2026-02-24 00:00:00+00:00,12,99.3,2.9025,naive
2026-02-24 00:00:00+00:00,13,95.005,34.8925,naive
2026-02-24 00:00:00+00:00,14,107.0725,58.5075,naive
2026-02-24 00:00:00+00:00,15,125.8075,79.5075,naive
2026-02-24 00:00:00+00:00,16,182.22,96.09,naive
2026-02-24 00:00:00+00:00,17,184.0475,107.27,naive
2026-02-24 00:00:00+00:00,18,144.4175,110.8975,naive
2026-02-24 00:00:00+00:00,19,118.9575,98.025,naive
2026-02-24 00:00:00+00:00,20,108.725,97.235,naive
2026-02-24 00:00:00+00:00,21,101.705,95.855,naive
2026-02-24 00:00:00+00:00,22,93.9025,87.2875,naive
2026-02-24 00:00:00+00:00,23,92.1425,82.3575,naive
2026-02-25 00:00:00+00:00,0,87.4025,83.9625,naive
2026-02-25 00:00:00+00:00,1,84.83250000000001,85.975,naive
2026-02-25 00:00:00+00:00,2,88.095,86.45,naive
2026-02-25 00:00:00+00:00,3,88.61,88.205,naive
2026-02-25 00:00:00+00:00,4,93.1725,94.17,naive
2026-02-25 00:00:00+00:00,5,113.8175,111.1225,naive
2026-02-25 00:00:00+00:00,6,130.7325,133.0975,naive
2026-02-25 00:00:00+00:00,7,119.8525,147.475,naive
2026-02-25 00:00:00+00:00,8,107.175,140.72,naive
2026-02-25 00:00:00+00:00,9,90.83,128.7675,naive
2026-02-25 00:00:00+00:00,10,79.8475,111.395,naive
2026-02-25 00:00:00+00:00,11,65.80250000000001,100.19,naive
2026-02-25 00:00:00+00:00,12,60.1975,99.3,naive
2026-02-25 00:00:00+00:00,13,67.8475,95.005,naive
2026-02-25 00:00:00+00:00,14,80.9825,107.0725,naive
2026-02-25 00:00:00+00:00,15,101.37,125.8075,naive
2026-02-25 00:00:00+00:00,16,118.6425,182.22,naive
2026-02-25 00:00:00+00:00,17,121.77,184.0475,naive
2026-02-25 00:00:00+00:00,18,107.1525,144.4175,naive
2026-02-25 00:00:00+00:00,19,94.255,118.9575,naive
2026-02-25 00:00:00+00:00,20,87.28,108.725,naive
2026-02-25 00:00:00+00:00,21,86.8275,101.705,naive
2026-02-25 00:00:00+00:00,22,79.12,93.9025,naive
2026-02-25 00:00:00+00:00,23,76.4225,92.1425,naive
2026-02-26 00:00:00+00:00,0,72.39,87.4025,naive
2026-02-26 00:00:00+00:00,1,68.74249999999999,84.83250000000001,naive
2026-02-26 00:00:00+00:00,2,67.9325,88.095,naive
2026-02-26 00:00:00+00:00,3,67.3775,88.61,naive
2026-02-26 00:00:00+00:00,4,75.855,93.1725,naive
2026-02-26 00:00:00+00:00,5,100.8175,113.8175,naive
2026-02-26 00:00:00+00:00,6,110.1,130.7325,naive
2026-02-26 00:00:00+00:00,7,97.4475,119.8525,naive
2026-02-26 00:00:00+00:00,8,80.42500000000001,107.175,naive
2026-02-26 00:00:00+00:00,9,67.85,90.83,naive
2026-02-26 00:00:00+00:00,10,53.345,79.8475,naive
2026-02-26 00:00:00+00:00,11,20.0375,65.80250000000001,naive
2026-02-26 00:00:00+00:00,12,14.0525,60.1975,naive
2026-02-26 00:00:00+00:00,13,44.6375,67.8475,naive
2026-02-26 00:00:00+00:00,14,71.3075,80.9825,naive
2026-02-26 00:00:00+00:00,15,94.7325,101.37,naive
2026-02-26 00:00:00+00:00,16,111.1375,118.6425,naive
2026-02-26 00:00:00+00:00,17,113.095,121.77,naive
2026-02-26 00:00:00+00:00,18,107.985,107.1525,naive
2026-02-26 00:00:00+00:00,19,93.4475,94.255,naive
2026-02-26 00:00:00+00:00,20,84.0775,87.28,naive
2026-02-26 00:00:00+00:00,21,80.45750000000001,86.8275,naive
2026-02-26 00:00:00+00:00,22,71.575,79.12,naive
2026-02-26 00:00:00+00:00,23,55.1475,76.4225,naive
2026-02-27 00:00:00+00:00,0,56.0075,72.39,naive
2026-02-27 00:00:00+00:00,1,57.3025,68.74249999999999,naive
2026-02-27 00:00:00+00:00,2,60.0,67.9325,naive
2026-02-27 00:00:00+00:00,3,61.795,67.3775,naive
2026-02-27 00:00:00+00:00,4,65.9925,75.855,naive
2026-02-27 00:00:00+00:00,5,76.565,100.8175,naive
2026-02-27 00:00:00+00:00,6,88.525,110.1,naive
2026-02-27 00:00:00+00:00,7,79.33,97.4475,naive
2026-02-27 00:00:00+00:00,8,64.415,80.42500000000001,naive
2026-02-27 00:00:00+00:00,9,31.5475,67.85,naive
2026-02-27 00:00:00+00:00,10,0.97,53.345,naive
2026-02-27 00:00:00+00:00,11,-0.0125,20.0375,naive
2026-02-27 00:00:00+00:00,12,-0.01,14.0525,naive
2026-02-27 00:00:00+00:00,13,7.7375,44.6375,naive
2026-02-27 00:00:00+00:00,14,59.755,71.3075,naive
2026-02-27 00:00:00+00:00,15,92.0,94.7325,naive
2026-02-27 00:00:00+00:00,16,115.195,111.1375,naive
2026-02-27 00:00:00+00:00,17,118.1,113.095,naive
2026-02-27 00:00:00+00:00,18,109.2525,107.985,naive
2026-02-27 00:00:00+00:00,19,100.03,93.4475,naive
2026-02-27 00:00:00+00:00,20,90.9625,84.0775,naive
2026-02-27 00:00:00+00:00,21,87.51,80.45750000000001,naive
2026-02-27 00:00:00+00:00,22,80.0025,71.575,naive
2026-02-27 00:00:00+00:00,23,80.02,55.1475,naive
2026-02-28 00:00:00+00:00,0,76.305,46.645,naive
2026-02-28 00:00:00+00:00,1,74.7275,43.4575,naive
2026-02-28 00:00:00+00:00,2,71.775,41.6575,naive
2026-02-28 00:00:00+00:00,3,71.8925,38.975,naive
2026-02-28 00:00:00+00:00,4,72.25,39.4775,naive
2026-02-28 00:00:00+00:00,5,72.9225,35.86,naive
2026-02-28 00:00:00+00:00,6,76.29,46.99,naive
2026-02-28 00:00:00+00:00,7,57.115,56.05,naive
2026-02-28 00:00:00+00:00,8,17.7975,58.035,naive
2026-02-28 00:00:00+00:00,9,-0.01,59.525,naive
2026-02-28 00:00:00+00:00,10,-0.0275,55.385000000000005,naive
2026-02-28 00:00:00+00:00,11,-0.2525,50.5275,naive
2026-02-28 00:00:00+00:00,12,-0.2225,45.1625,naive
2026-02-28 00:00:00+00:00,13,-0.0075,56.005,naive
2026-02-28 00:00:00+00:00,14,14.8625,68.88499999999999,naive
2026-02-28 00:00:00+00:00,15,65.6475,81.94,naive
2026-02-28 00:00:00+00:00,16,89.935,98.635,naive
2026-02-28 00:00:00+00:00,17,95.1925,108.3125,naive
2026-02-28 00:00:00+00:00,18,85.1675,101.1725,naive
2026-02-28 00:00:00+00:00,19,69.1175,89.0975,naive
2026-02-28 00:00:00+00:00,20,64.6675,82.8125,naive
2026-02-28 00:00:00+00:00,21,64.6625,76.5925,naive
2026-02-28 00:00:00+00:00,22,60.6725,66.71000000000001,naive
2026-02-28 00:00:00+00:00,23,47.6475,56.675,naive
2026-03-01 00:00:00+00:00,0,51.55,52.51,naive
2026-03-01 00:00:00+00:00,1,54.2475,44.0575,naive
2026-03-01 00:00:00+00:00,2,57.072500000000005,40.9575,naive
2026-03-01 00:00:00+00:00,3,61.085,39.0175,naive
2026-03-01 00:00:00+00:00,4,65.18,38.2875,naive
2026-03-01 00:00:00+00:00,5,66.00750000000001,34.875,naive
2026-03-01 00:00:00+00:00,6,64.9975,41.5025,naive
2026-03-01 00:00:00+00:00,7,52.535,47.355,naive
2026-03-01 00:00:00+00:00,8,19.98,55.462500000000006,naive
2026-03-01 00:00:00+00:00,9,0.0,55.1025,naive
2026-03-01 00:00:00+00:00,10,-0.025,53.962500000000006,naive
2026-03-01 00:00:00+00:00,11,-0.365,50.585,naive
2026-03-01 00:00:00+00:00,12,-0.7875,45.08,naive
2026-03-01 00:00:00+00:00,13,-0.005,43.307500000000005,naive
2026-03-01 00:00:00+00:00,14,25.9525,47.9425,naive
2026-03-01 00:00:00+00:00,15,74.84,56.9275,naive
2026-03-01 00:00:00+00:00,16,103.76,75.95,naive
2026-03-01 00:00:00+00:00,17,110.2025,79.4425,naive
2026-03-01 00:00:00+00:00,18,101.685,75.12,naive
2026-03-01 00:00:00+00:00,19,90.735,68.5175,naive
2026-03-01 00:00:00+00:00,20,81.315,67.69,naive
2026-03-01 00:00:00+00:00,21,74.66499999999999,70.41,naive
2026-03-01 00:00:00+00:00,22,68.1475,51.9475,naive
2026-03-01 00:00:00+00:00,23,65.13,45.35,naive
2026-03-02 00:00:00+00:00,0,66.94500000000001,56.0075,naive
2026-03-02 00:00:00+00:00,1,69.0075,57.3025,naive
2026-03-02 00:00:00+00:00,2,69.5675,60.0,naive
2026-03-02 00:00:00+00:00,3,74.03,61.795,naive
2026-03-02 00:00:00+00:00,4,85.03,65.9925,naive
2026-03-02 00:00:00+00:00,5,100.1675,76.565,naive
2026-03-02 00:00:00+00:00,6,138.6525,88.525,naive
2026-03-02 00:00:00+00:00,7,124.8625,79.33,naive
2026-03-02 00:00:00+00:00,8,89.4625,64.415,naive
2026-03-02 00:00:00+00:00,9,69.9,31.5475,naive
2026-03-02 00:00:00+00:00,10,53.5625,0.97,naive
2026-03-02 00:00:00+00:00,11,29.067500000000003,-0.0125,naive
2026-03-02 00:00:00+00:00,12,40.2525,-0.01,naive
2026-03-02 00:00:00+00:00,13,64.03,7.7375,naive
2026-03-02 00:00:00+00:00,14,84.9875,59.755,naive
2026-03-02 00:00:00+00:00,15,109.1525,92.0,naive
2026-03-02 00:00:00+00:00,16,173.5,115.195,naive
2026-03-02 00:00:00+00:00,17,187.995,118.1,naive
2026-03-02 00:00:00+00:00,18,143.61,109.2525,naive
2026-03-02 00:00:00+00:00,19,107.685,100.03,naive
2026-03-02 00:00:00+00:00,20,96.4675,90.9625,naive
2026-03-02 00:00:00+00:00,21,96.8,87.51,naive
2026-03-02 00:00:00+00:00,22,88.89500000000001,80.0025,naive
2026-03-02 00:00:00+00:00,23,89.0625,80.02,naive
2026-03-03 00:00:00+00:00,0,90.1225,66.94500000000001,naive
2026-03-03 00:00:00+00:00,1,89.425,69.0075,naive
2026-03-03 00:00:00+00:00,2,92.815,69.5675,naive
2026-03-03 00:00:00+00:00,3,95.7225,74.03,naive
2026-03-03 00:00:00+00:00,4,103.32,85.03,naive
2026-03-03 00:00:00+00:00,5,136.0475,100.1675,naive
2026-03-03 00:00:00+00:00,6,156.3975,138.6525,naive
2026-03-03 00:00:00+00:00,7,136.78,124.8625,naive
2026-03-03 00:00:00+00:00,8,99.52,89.4625,naive
2026-03-03 00:00:00+00:00,9,78.17,69.9,naive
2026-03-03 00:00:00+00:00,10,55.9225,53.5625,naive
2026-03-03 00:00:00+00:00,11,32.365,29.067500000000003,naive
2026-03-03 00:00:00+00:00,12,35.6625,40.2525,naive
2026-03-03 00:00:00+00:00,13,64.14500000000001,64.03,naive
2026-03-03 00:00:00+00:00,14,86.7675,84.9875,naive
2026-03-03 00:00:00+00:00,15,114.18,109.1525,naive
2026-03-03 00:00:00+00:00,16,158.615,173.5,naive
2026-03-03 00:00:00+00:00,17,204.2575,187.995,naive
2026-03-03 00:00:00+00:00,18,173.37,143.61,naive
2026-03-03 00:00:00+00:00,19,131.725,107.685,naive
2026-03-03 00:00:00+00:00,20,116.18,96.4675,naive
2026-03-03 00:00:00+00:00,21,111.32,96.8,naive
2026-03-03 00:00:00+00:00,22,104.695,88.89500000000001,naive
2026-03-03 00:00:00+00:00,23,129.01,89.0625,naive
2026-03-04 00:00:00+00:00,0,127.8225,90.1225,naive
2026-03-04 00:00:00+00:00,1,125.3225,89.425,naive
2026-03-04 00:00:00+00:00,2,124.735,92.815,naive
2026-03-04 00:00:00+00:00,3,128.2025,95.7225,naive
2026-03-04 00:00:00+00:00,4,141.16,103.32,naive
2026-03-04 00:00:00+00:00,5,200.2975,136.0475,naive
2026-03-04 00:00:00+00:00,6,267.485,156.3975,naive
2026-03-04 00:00:00+00:00,7,193.3475,136.78,naive
2026-03-04 00:00:00+00:00,8,150.76,99.52,naive
2026-03-04 00:00:00+00:00,9,110.4175,78.17,naive
2026-03-04 00:00:00+00:00,10,78.2975,55.9225,naive
2026-03-04 00:00:00+00:00,11,42.495,32.365,naive
2026-03-04 00:00:00+00:00,12,32.975,35.6625,naive
2026-03-04 00:00:00+00:00,13,65.405,64.14500000000001,naive
2026-03-04 00:00:00+00:00,14,99.1125,86.7675,naive
2026-03-04 00:00:00+00:00,15,137.21,114.18,naive
2026-03-04 00:00:00+00:00,16,244.265,158.615,naive
2026-03-04 00:00:00+00:00,17,310.86,204.2575,naive
2026-03-04 00:00:00+00:00,18,239.6275,173.37,naive
2026-03-04 00:00:00+00:00,19,169.86,131.725,naive
2026-03-04 00:00:00+00:00,20,151.8775,116.18,naive
2026-03-04 00:00:00+00:00,21,142.24,111.32,naive
2026-03-04 00:00:00+00:00,22,124.8075,104.695,naive
2026-03-04 00:00:00+00:00,23,116.485,129.01,naive
2026-03-05 00:00:00+00:00,0,109.9325,127.8225,naive
2026-03-05 00:00:00+00:00,1,109.2625,125.3225,naive
2026-03-05 00:00:00+00:00,2,108.785,124.735,naive
2026-03-05 00:00:00+00:00,3,111.0625,128.2025,naive
2026-03-05 00:00:00+00:00,4,126.9325,141.16,naive
2026-03-05 00:00:00+00:00,5,154.3875,200.2975,naive
2026-03-05 00:00:00+00:00,6,175.54500000000002,267.485,naive
2026-03-05 00:00:00+00:00,7,139.32999999999998,193.3475,naive
2026-03-05 00:00:00+00:00,8,97.0925,150.76,naive
2026-03-05 00:00:00+00:00,9,64.145,110.4175,naive
2026-03-05 00:00:00+00:00,10,22.955,78.2975,naive
2026-03-05 00:00:00+00:00,11,2.1225,42.495,naive
2026-03-05 00:00:00+00:00,12,2.825,32.975,naive
2026-03-05 00:00:00+00:00,13,38.835,65.405,naive
2026-03-05 00:00:00+00:00,14,90.0025,99.1125,naive
2026-03-05 00:00:00+00:00,15,137.75,137.21,naive
2026-03-05 00:00:00+00:00,16,180.375,244.265,naive
2026-03-05 00:00:00+00:00,17,192.02,310.86,naive
2026-03-05 00:00:00+00:00,18,165.0,239.6275,naive
2026-03-05 00:00:00+00:00,19,135.245,169.86,naive
2026-03-05 00:00:00+00:00,20,130.59,151.8775,naive
2026-03-05 00:00:00+00:00,21,130.1425,142.24,naive
2026-03-05 00:00:00+00:00,22,119.7,124.8075,naive
2026-03-05 00:00:00+00:00,23,104.125,116.485,naive
2026-03-06 00:00:00+00:00,0,106.0,109.9325,naive
2026-03-06 00:00:00+00:00,1,108.5225,109.2625,naive
2026-03-06 00:00:00+00:00,2,109.525,108.785,naive
2026-03-06 00:00:00+00:00,3,115.5,111.0625,naive
2026-03-06 00:00:00+00:00,4,129.6575,126.9325,naive
2026-03-06 00:00:00+00:00,5,157.285,154.3875,naive
2026-03-06 00:00:00+00:00,6,177.025,175.54500000000002,naive
2026-03-06 00:00:00+00:00,7,138.2875,139.32999999999998,naive
2026-03-06 00:00:00+00:00,8,111.9625,97.0925,naive
2026-03-06 00:00:00+00:00,9,96.5,64.145,naive
2026-03-06 00:00:00+00:00,10,66.7125,22.955,naive
2026-03-06 00:00:00+00:00,11,52.64,2.1225,naive
2026-03-06 00:00:00+00:00,12,48.6525,2.825,naive
2026-03-06 00:00:00+00:00,13,73.9375,38.835,naive
2026-03-06 00:00:00+00:00,14,107.0675,90.0025,naive
2026-03-06 00:00:00+00:00,15,130.39749999999998,137.75,naive
2026-03-06 00:00:00+00:00,16,177.4375,180.375,naive
2026-03-06 00:00:00+00:00,17,229.5525,192.02,naive
2026-03-06 00:00:00+00:00,18,189.765,165.0,naive
2026-03-06 00:00:00+00:00,19,153.11,135.245,naive
2026-03-06 00:00:00+00:00,20,134.1925,130.59,naive
2026-03-06 00:00:00+00:00,21,127.245,130.1425,naive
2026-03-06 00:00:00+00:00,22,126.075,119.7,naive
2026-03-06 00:00:00+00:00,23,135.1625,104.125,naive
2026-03-07 00:00:00+00:00,0,130.6775,76.305,naive
2026-03-07 00:00:00+00:00,1,125.6725,74.7275,naive
2026-03-07 00:00:00+00:00,2,124.39,71.775,naive
2026-03-07 00:00:00+00:00,3,124.7475,71.8925,naive
2026-03-07 00:00:00+00:00,4,129.575,72.25,naive
2026-03-07 00:00:00+00:00,5,135.62,72.9225,naive
2026-03-07 00:00:00+00:00,6,129.5575,76.29,naive
2026-03-07 00:00:00+00:00,7,112.9025,57.115,naive
2026-03-07 00:00:00+00:00,8,102.7875,17.7975,naive
2026-03-07 00:00:00+00:00,9,74.445,-0.01,naive
2026-03-07 00:00:00+00:00,10,30.5425,-0.0275,naive
2026-03-07 00:00:00+00:00,11,13.03,-0.2525,naive
2026-03-07 00:00:00+00:00,12,1.4175,-0.2225,naive
2026-03-07 00:00:00+00:00,13,18.1775,-0.0075,naive
2026-03-07 00:00:00+00:00,14,83.285,14.8625,naive
2026-03-07 00:00:00+00:00,15,126.315,65.6475,naive
2026-03-07 00:00:00+00:00,16,147.37,89.935,naive
2026-03-07 00:00:00+00:00,17,180.8725,95.1925,naive
2026-03-07 00:00:00+00:00,18,166.725,85.1675,naive
2026-03-07 00:00:00+00:00,19,148.1975,69.1175,naive
2026-03-07 00:00:00+00:00,20,137.61,64.6675,naive
2026-03-07 00:00:00+00:00,21,134.1975,64.6625,naive
2026-03-07 00:00:00+00:00,22,130.645,60.6725,naive
2026-03-07 00:00:00+00:00,23,135.9925,47.6475,naive
2026-03-08 00:00:00+00:00,0,132.7325,51.55,naive
2026-03-08 00:00:00+00:00,1,131.1925,54.2475,naive
2026-03-08 00:00:00+00:00,2,130.0925,57.072500000000005,naive
2026-03-08 00:00:00+00:00,3,129.335,61.085,naive
2026-03-08 00:00:00+00:00,4,129.635,65.18,naive
2026-03-08 00:00:00+00:00,5,131.0975,66.00750000000001,naive
2026-03-08 00:00:00+00:00,6,116.985,64.9975,naive
2026-03-08 00:00:00+00:00,7,108.5625,52.535,naive
2026-03-08 00:00:00+00:00,8,90.7175,19.98,naive
2026-03-08 00:00:00+00:00,9,62.94,0.0,naive
2026-03-08 00:00:00+00:00,10,18.0275,-0.025,naive
2026-03-08 00:00:00+00:00,11,8.3325,-0.365,naive
2026-03-08 00:00:00+00:00,12,-0.005,-0.7875,naive
2026-03-08 00:00:00+00:00,13,6.48,-0.005,naive
2026-03-08 00:00:00+00:00,14,64.25999999999999,25.9525,naive
2026-03-08 00:00:00+00:00,15,117.2025,74.84,naive
2026-03-08 00:00:00+00:00,16,146.3125,103.76,naive
2026-03-08 00:00:00+00:00,17,160.26,110.2025,naive
2026-03-08 00:00:00+00:00,18,154.0525,101.685,naive
2026-03-08 00:00:00+00:00,19,138.7925,90.735,naive
2026-03-08 00:00:00+00:00,20,127.435,81.315,naive
2026-03-08 00:00:00+00:00,21,121.115,74.66499999999999,naive
2026-03-08 00:00:00+00:00,22,113.5725,68.1475,naive
2026-03-08 00:00:00+00:00,23,114.0875,65.13,naive
2026-03-09 00:00:00+00:00,0,109.2725,106.0,naive
2026-03-09 00:00:00+00:00,1,109.12,108.5225,naive
2026-03-09 00:00:00+00:00,2,110.48,109.525,naive
2026-03-09 00:00:00+00:00,3,116.39,115.5,naive
2026-03-09 00:00:00+00:00,4,136.9975,129.6575,naive
2026-03-09 00:00:00+00:00,5,163.925,157.285,naive
2026-03-09 00:00:00+00:00,6,191.58,177.025,naive
2026-03-09 00:00:00+00:00,7,162.605,138.2875,naive
2026-03-09 00:00:00+00:00,8,127.0725,111.9625,naive
2026-03-09 00:00:00+00:00,9,101.1175,96.5,naive
2026-03-09 00:00:00+00:00,10,81.0475,66.7125,naive
2026-03-09 00:00:00+00:00,11,67.69,52.64,naive
2026-03-09 00:00:00+00:00,12,67.2925,48.6525,naive
2026-03-09 00:00:00+00:00,13,81.375,73.9375,naive
2026-03-09 00:00:00+00:00,14,112.9925,107.0675,naive
2026-03-09 00:00:00+00:00,15,143.4375,130.39749999999998,naive
2026-03-09 00:00:00+00:00,16,187.025,177.4375,naive
2026-03-09 00:00:00+00:00,17,243.9725,229.5525,naive
2026-03-09 00:00:00+00:00,18,222.405,189.765,naive
2026-03-09 00:00:00+00:00,19,180.89,153.11,naive
2026-03-09 00:00:00+00:00,20,152.1575,134.1925,naive
2026-03-09 00:00:00+00:00,21,143.27,127.245,naive
2026-03-09 00:00:00+00:00,22,132.695,126.075,naive
2026-03-09 00:00:00+00:00,23,138.58,135.1625,naive
2026-03-10 00:00:00+00:00,0,130.44,109.2725,naive
2026-03-10 00:00:00+00:00,1,127.6125,109.12,naive
2026-03-10 00:00:00+00:00,2,126.9,110.48,naive
2026-03-10 00:00:00+00:00,3,128.48250000000002,116.39,naive
2026-03-10 00:00:00+00:00,4,140.70999999999998,136.9975,naive
2026-03-10 00:00:00+00:00,5,168.1025,163.925,naive
2026-03-10 00:00:00+00:00,6,180.17,191.58,naive
2026-03-10 00:00:00+00:00,7,173.32,162.605,naive
2026-03-10 00:00:00+00:00,8,140.53750000000002,127.0725,naive
2026-03-10 00:00:00+00:00,9,118.25,101.1175,naive
2026-03-10 00:00:00+00:00,10,103.7925,81.0475,naive
2026-03-10 00:00:00+00:00,11,91.44,67.69,naive
2026-03-10 00:00:00+00:00,12,97.0375,67.2925,naive
2026-03-10 00:00:00+00:00,13,107.165,81.375,naive
2026-03-10 00:00:00+00:00,14,121.4925,112.9925,naive
2026-03-10 00:00:00+00:00,15,144.3925,143.4375,naive
2026-03-10 00:00:00+00:00,16,179.0025,187.025,naive
2026-03-10 00:00:00+00:00,17,218.2275,243.9725,naive
2026-03-10 00:00:00+00:00,18,201.13,222.405,naive
2026-03-10 00:00:00+00:00,19,159.5475,180.89,naive
2026-03-10 00:00:00+00:00,20,139.9675,152.1575,naive
2026-03-10 00:00:00+00:00,21,123.255,143.27,naive
2026-03-10 00:00:00+00:00,22,98.5825,132.695,naive
2026-03-10 00:00:00+00:00,23,83.9575,138.58,naive
2026-03-11 00:00:00+00:00,0,70.805,130.44,naive
2026-03-11 00:00:00+00:00,1,65.425,127.6125,naive
2026-03-11 00:00:00+00:00,2,63.5725,126.9,naive
2026-03-11 00:00:00+00:00,3,56.0725,128.48250000000002,naive
2026-03-11 00:00:00+00:00,4,64.535,140.70999999999998,naive
2026-03-11 00:00:00+00:00,5,70.8675,168.1025,naive
2026-03-11 00:00:00+00:00,6,80.87,180.17,naive
2026-03-11 00:00:00+00:00,7,75.5025,173.32,naive
2026-03-11 00:00:00+00:00,8,57.945,140.53750000000002,naive
2026-03-11 00:00:00+00:00,9,26.2275,118.25,naive
2026-03-11 00:00:00+00:00,10,12.1975,103.7925,naive
2026-03-11 00:00:00+00:00,11,9.9125,91.44,naive
2026-03-11 00:00:00+00:00,12,16.1375,97.0375,naive
2026-03-11 00:00:00+00:00,13,47.2725,107.165,naive
2026-03-11 00:00:00+00:00,14,79.33,121.4925,naive
2026-03-11 00:00:00+00:00,15,104.105,144.3925,naive
2026-03-11 00:00:00+00:00,16,128.7775,179.0025,naive
2026-03-11 00:00:00+00:00,17,153.13750000000002,218.2275,naive
2026-03-11 00:00:00+00:00,18,156.72,201.13,naive
2026-03-11 00:00:00+00:00,19,132.19,159.5475,naive
2026-03-11 00:00:00+00:00,20,123.0275,139.9675,naive
2026-03-11 00:00:00+00:00,21,119.3025,123.255,naive
2026-03-11 00:00:00+00:00,22,104.0025,98.5825,naive
2026-03-11 00:00:00+00:00,23,100.185,83.9575,naive
2026-03-12 00:00:00+00:00,0,92.0425,70.805,naive
2026-03-12 00:00:00+00:00,1,88.8125,65.425,naive
2026-03-12 00:00:00+00:00,2,88.61,63.5725,naive
2026-03-12 00:00:00+00:00,3,89.6625,56.0725,naive
2026-03-12 00:00:00+00:00,4,99.8225,64.535,naive
2026-03-12 00:00:00+00:00,5,130.6675,70.8675,naive
2026-03-12 00:00:00+00:00,6,137.14,80.87,naive
2026-03-12 00:00:00+00:00,7,104.805,75.5025,naive
2026-03-12 00:00:00+00:00,8,79.9975,57.945,naive
2026-03-12 00:00:00+00:00,9,28.475,26.2275,naive
2026-03-12 00:00:00+00:00,10,0.3425,12.1975,naive
2026-03-12 00:00:00+00:00,11,-1.0925,9.9125,naive
2026-03-12 00:00:00+00:00,12,-2.4925,16.1375,naive
2026-03-12 00:00:00+00:00,13,-0.9025,47.2725,naive
2026-03-12 00:00:00+00:00,14,3.6,79.33,naive
2026-03-12 00:00:00+00:00,15,51.165,104.105,naive
2026-03-12 00:00:00+00:00,16,108.5775,128.7775,naive
2026-03-12 00:00:00+00:00,17,114.865,153.13750000000002,naive
2026-03-12 00:00:00+00:00,18,105.9975,156.72,naive
2026-03-12 00:00:00+00:00,19,86.57,132.19,naive
2026-03-12 00:00:00+00:00,20,69.79,123.0275,naive
2026-03-12 00:00:00+00:00,21,62.555,119.3025,naive
2026-03-12 00:00:00+00:00,22,17.9025,104.0025,naive
2026-03-12 00:00:00+00:00,23,6.29,100.185,naive
2026-03-13 00:00:00+00:00,0,4.1025,92.0425,naive
2026-03-13 00:00:00+00:00,1,2.8875,88.8125,naive
2026-03-13 00:00:00+00:00,2,1.1475,88.61,naive
2026-03-13 00:00:00+00:00,3,1.46,89.6625,naive
2026-03-13 00:00:00+00:00,4,2.9075,99.8225,naive
2026-03-13 00:00:00+00:00,5,8.46,130.6675,naive
2026-03-13 00:00:00+00:00,6,19.9375,137.14,naive
2026-03-13 00:00:00+00:00,7,6.415,104.805,naive
2026-03-13 00:00:00+00:00,8,-0.24,79.9975,naive
2026-03-13 00:00:00+00:00,9,-4.9975,28.475,naive
2026-03-13 00:00:00+00:00,10,-9.0,0.3425,naive
2026-03-13 00:00:00+00:00,11,-8.3475,-1.0925,naive
2026-03-13 00:00:00+00:00,12,-2.5525,-2.4925,naive
2026-03-13 00:00:00+00:00,13,1.1725,-0.9025,naive
2026-03-13 00:00:00+00:00,14,47.07,3.6,naive
2026-03-13 00:00:00+00:00,15,101.31,51.165,naive
2026-03-13 00:00:00+00:00,16,141.93,108.5775,naive
2026-03-13 00:00:00+00:00,17,161.4925,114.865,naive
2026-03-13 00:00:00+00:00,18,165.745,105.9975,naive
2026-03-13 00:00:00+00:00,19,145.7225,86.57,naive
2026-03-13 00:00:00+00:00,20,130.335,69.79,naive
2026-03-13 00:00:00+00:00,21,123.4225,62.555,naive
2026-03-13 00:00:00+00:00,22,115.8075,17.9025,naive
2026-03-13 00:00:00+00:00,23,112.945,6.29,naive
2026-03-14 00:00:00+00:00,0,109.07,130.6775,naive
2026-03-14 00:00:00+00:00,1,103.99,125.6725,naive
2026-03-14 00:00:00+00:00,2,101.8625,124.39,naive
2026-03-14 00:00:00+00:00,3,105.115,124.7475,naive
2026-03-14 00:00:00+00:00,4,109.0675,129.575,naive
2026-03-14 00:00:00+00:00,5,111.52,135.62,naive
2026-03-14 00:00:00+00:00,6,116.7075,129.5575,naive
2026-03-14 00:00:00+00:00,7,121.88,112.9025,naive
2026-03-14 00:00:00+00:00,8,116.14,102.7875,naive
2026-03-14 00:00:00+00:00,9,107.5225,74.445,naive
2026-03-14 00:00:00+00:00,10,103.525,30.5425,naive
2026-03-14 00:00:00+00:00,11,104.195,13.03,naive
2026-03-14 00:00:00+00:00,12,103.43,1.4175,naive
2026-03-14 00:00:00+00:00,13,105.6775,18.1775,naive
2026-03-14 00:00:00+00:00,14,114.22,83.285,naive
2026-03-14 00:00:00+00:00,15,130.0,126.315,naive
2026-03-14 00:00:00+00:00,16,138.65,147.37,naive
2026-03-14 00:00:00+00:00,17,161.1,180.8725,naive
2026-03-14 00:00:00+00:00,18,169.83499999999998,166.725,naive
2026-03-14 00:00:00+00:00,19,150.265,148.1975,naive
2026-03-14 00:00:00+00:00,20,137.4525,137.61,naive
2026-03-14 00:00:00+00:00,21,135.2375,134.1975,naive
2026-03-14 00:00:00+00:00,22,128.04500000000002,130.645,naive
2026-03-14 00:00:00+00:00,23,137.3425,135.9925,naive
2026-03-15 00:00:00+00:00,0,133.73000000000002,132.7325,naive
2026-03-15 00:00:00+00:00,1,124.96,131.1925,naive
2026-03-15 00:00:00+00:00,2,123.5275,130.0925,naive
2026-03-15 00:00:00+00:00,3,122.1775,129.335,naive
2026-03-15 00:00:00+00:00,4,124.12,129.635,naive
2026-03-15 00:00:00+00:00,5,124.3875,131.0975,naive
2026-03-15 00:00:00+00:00,6,118.46,116.985,naive
2026-03-15 00:00:00+00:00,7,109.095,108.5625,naive
2026-03-15 00:00:00+00:00,8,94.77,90.7175,naive
2026-03-15 00:00:00+00:00,9,87.305,62.94,naive
2026-03-15 00:00:00+00:00,10,72.21,18.0275,naive
2026-03-15 00:00:00+00:00,11,52.9675,8.3325,naive
2026-03-15 00:00:00+00:00,12,36.4575,-0.005,naive
2026-03-15 00:00:00+00:00,13,37.1975,6.48,naive
2026-03-15 00:00:00+00:00,14,63.0775,64.25999999999999,naive
2026-03-15 00:00:00+00:00,15,89.245,117.2025,naive
2026-03-15 00:00:00+00:00,16,127.9125,146.3125,naive
2026-03-15 00:00:00+00:00,17,149.115,160.26,naive
2026-03-15 00:00:00+00:00,18,131.87,154.0525,naive
2026-03-15 00:00:00+00:00,19,108.4825,138.7925,naive
2026-03-15 00:00:00+00:00,20,91.875,127.435,naive
2026-03-15 00:00:00+00:00,21,82.8625,121.115,naive
2026-03-15 00:00:00+00:00,22,64.015,113.5725,naive
2026-03-15 00:00:00+00:00,23,34.165,114.0875,naive
2026-03-16 00:00:00+00:00,0,23.3275,4.1025,naive
2026-03-16 00:00:00+00:00,1,17.59,2.8875,naive
2026-03-16 00:00:00+00:00,2,14.1375,1.1475,naive
2026-03-16 00:00:00+00:00,3,20.0575,1.46,naive
2026-03-16 00:00:00+00:00,4,37.4275,2.9075,naive
2026-03-16 00:00:00+00:00,5,66.19,8.46,naive
2026-03-16 00:00:00+00:00,6,95.5675,19.9375,naive
2026-03-16 00:00:00+00:00,7,95.9775,6.415,naive
2026-03-16 00:00:00+00:00,8,73.105,-0.24,naive
2026-03-16 00:00:00+00:00,9,42.595,-4.9975,naive
2026-03-16 00:00:00+00:00,10,17.365000000000002,-9.0,naive
2026-03-16 00:00:00+00:00,11,12.035,-8.3475,naive
2026-03-16 00:00:00+00:00,12,15.88,-2.5525,naive
2026-03-16 00:00:00+00:00,13,42.1725,1.1725,naive
2026-03-16 00:00:00+00:00,14,64.445,47.07,naive
2026-03-16 00:00:00+00:00,15,106.21,101.31,naive
2026-03-16 00:00:00+00:00,16,138.6025,141.93,naive
2026-03-16 00:00:00+00:00,17,165.035,161.4925,naive
2026-03-16 00:00:00+00:00,18,179.8875,165.745,naive
2026-03-16 00:00:00+00:00,19,154.785,145.7225,naive
2026-03-16 00:00:00+00:00,20,125.7125,130.335,naive
2026-03-16 00:00:00+00:00,21,121.9125,123.4225,naive
2026-03-16 00:00:00+00:00,22,99.765,115.8075,naive
2026-03-16 00:00:00+00:00,23,113.665,112.945,naive
2026-03-17 00:00:00+00:00,0,105.585,23.3275,naive
2026-03-17 00:00:00+00:00,1,106.4225,17.59,naive
2026-03-17 00:00:00+00:00,2,106.5225,14.1375,naive
2026-03-17 00:00:00+00:00,3,110.03,20.0575,naive
2026-03-17 00:00:00+00:00,4,119.915,37.4275,naive
2026-03-17 00:00:00+00:00,5,147.965,66.19,naive
2026-03-17 00:00:00+00:00,6,167.98,95.5675,naive
2026-03-17 00:00:00+00:00,7,152.5125,95.9775,naive
2026-03-17 00:00:00+00:00,8,124.0725,73.105,naive
2026-03-17 00:00:00+00:00,9,108.64,42.595,naive
2026-03-17 00:00:00+00:00,10,100.65,17.365000000000002,naive
2026-03-17 00:00:00+00:00,11,95.2275,12.035,naive
2026-03-17 00:00:00+00:00,12,96.765,15.88,naive
2026-03-17 00:00:00+00:00,13,99.325,42.1725,naive
2026-03-17 00:00:00+00:00,14,112.1075,64.445,naive
2026-03-17 00:00:00+00:00,15,131.7775,106.21,naive
2026-03-17 00:00:00+00:00,16,162.2025,138.6025,naive
2026-03-17 00:00:00+00:00,17,207.2975,165.035,naive
2026-03-17 00:00:00+00:00,18,170.3825,179.8875,naive
2026-03-17 00:00:00+00:00,19,144.2375,154.785,naive
2026-03-17 00:00:00+00:00,20,129.79000000000002,125.7125,naive
2026-03-17 00:00:00+00:00,21,114.24,121.9125,naive
2026-03-17 00:00:00+00:00,22,100.4575,99.765,naive
2026-03-17 00:00:00+00:00,23,89.8,113.665,naive
2026-03-18 00:00:00+00:00,0,86.72749999999999,105.585,naive
2026-03-18 00:00:00+00:00,1,85.685,106.4225,naive
2026-03-18 00:00:00+00:00,2,86.8675,106.5225,naive
2026-03-18 00:00:00+00:00,3,88.83500000000001,110.03,naive
2026-03-18 00:00:00+00:00,4,100.055,119.915,naive
2026-03-18 00:00:00+00:00,5,130.74,147.965,naive
2026-03-18 00:00:00+00:00,6,133.5925,167.98,naive
2026-03-18 00:00:00+00:00,7,99.9375,152.5125,naive
2026-03-18 00:00:00+00:00,8,62.95,124.0725,naive
2026-03-18 00:00:00+00:00,9,9.9975,108.64,naive
2026-03-18 00:00:00+00:00,10,-1.62,100.65,naive
2026-03-18 00:00:00+00:00,11,-2.31,95.2275,naive
2026-03-18 00:00:00+00:00,12,-2.7125,96.765,naive
2026-03-18 00:00:00+00:00,13,0.2224999999999999,99.325,naive
2026-03-18 00:00:00+00:00,14,47.19499999999999,112.1075,naive
2026-03-18 00:00:00+00:00,15,107.0325,131.7775,naive
2026-03-18 00:00:00+00:00,16,145.2125,162.2025,naive
2026-03-18 00:00:00+00:00,17,177.6225,207.2975,naive
2026-03-18 00:00:00+00:00,18,170.1975,170.3825,naive
2026-03-18 00:00:00+00:00,19,148.49,144.2375,naive
2026-03-18 00:00:00+00:00,20,132.0575,129.79000000000002,naive
2026-03-18 00:00:00+00:00,21,123.775,114.24,naive
2026-03-18 00:00:00+00:00,22,113.375,100.4575,naive
2026-03-18 00:00:00+00:00,23,109.25,89.8,naive
2026-03-19 00:00:00+00:00,0,112.64,86.72749999999999,naive
2026-03-19 00:00:00+00:00,1,113.9925,85.685,naive
2026-03-19 00:00:00+00:00,2,115.525,86.8675,naive
2026-03-19 00:00:00+00:00,3,123.275,88.83500000000001,naive
2026-03-19 00:00:00+00:00,4,132.78,100.055,naive
2026-03-19 00:00:00+00:00,5,160.1275,130.74,naive
2026-03-19 00:00:00+00:00,6,158.2425,133.5925,naive
2026-03-19 00:00:00+00:00,7,138.6025,99.9375,naive
2026-03-19 00:00:00+00:00,8,90.9025,62.95,naive
2026-03-19 00:00:00+00:00,9,55.3,9.9975,naive
2026-03-19 00:00:00+00:00,10,7.869999999999999,-1.62,naive
2026-03-19 00:00:00+00:00,11,0.0,-2.31,naive
2026-03-19 00:00:00+00:00,12,2.53,-2.7125,naive
2026-03-19 00:00:00+00:00,13,43.715,0.2224999999999999,naive
2026-03-19 00:00:00+00:00,14,85.9475,47.19499999999999,naive
2026-03-19 00:00:00+00:00,15,120.3475,107.0325,naive
2026-03-19 00:00:00+00:00,16,152.175,145.2125,naive
2026-03-19 00:00:00+00:00,17,209.2675,177.6225,naive
2026-03-19 00:00:00+00:00,18,214.3825,170.1975,naive
2026-03-19 00:00:00+00:00,19,163.37,148.49,naive
2026-03-19 00:00:00+00:00,20,149.04000000000002,132.0575,naive
2026-03-19 00:00:00+00:00,21,139.55,123.775,naive
2026-03-19 00:00:00+00:00,22,132.2375,113.375,naive
2026-03-19 00:00:00+00:00,23,143.5625,109.25,naive
2026-03-20 00:00:00+00:00,0,137.96,112.64,naive
2026-03-20 00:00:00+00:00,1,135.6425,113.9925,naive
2026-03-20 00:00:00+00:00,2,137.475,115.525,naive
2026-03-20 00:00:00+00:00,3,138.905,123.275,naive
2026-03-20 00:00:00+00:00,4,154.59,132.78,naive
2026-03-20 00:00:00+00:00,5,192.295,160.1275,naive
2026-03-20 00:00:00+00:00,6,197.6425,158.2425,naive
2026-03-20 00:00:00+00:00,7,161.3025,138.6025,naive
2026-03-20 00:00:00+00:00,8,132.0075,90.9025,naive
2026-03-20 00:00:00+00:00,9,101.085,55.3,naive
2026-03-20 00:00:00+00:00,10,78.4725,7.869999999999999,naive
2026-03-20 00:00:00+00:00,11,65.61,0.0,naive
2026-03-20 00:00:00+00:00,12,65.61,2.53,naive
2026-03-20 00:00:00+00:00,13,87.4,43.715,naive
2026-03-20 00:00:00+00:00,14,117.155,85.9475,naive
2026-03-20 00:00:00+00:00,15,144.675,120.3475,naive
2026-03-20 00:00:00+00:00,16,174.8175,152.175,naive
2026-03-20 00:00:00+00:00,17,211.005,209.2675,naive
2026-03-20 00:00:00+00:00,18,212.31,214.3825,naive
2026-03-20 00:00:00+00:00,19,180.035,163.37,naive
2026-03-20 00:00:00+00:00,20,163.05,149.04000000000002,naive
2026-03-20 00:00:00+00:00,21,151.8525,139.55,naive
2026-03-20 00:00:00+00:00,22,148.125,132.2375,naive
2026-03-20 00:00:00+00:00,23,142.3975,143.5625,naive
2026-03-21 00:00:00+00:00,0,138.3425,109.07,naive
2026-03-21 00:00:00+00:00,1,136.085,103.99,naive
2026-03-21 00:00:00+00:00,2,132.0575,101.8625,naive
2026-03-21 00:00:00+00:00,3,131.1925,105.115,naive
2026-03-21 00:00:00+00:00,4,137.665,109.0675,naive
2026-03-21 00:00:00+00:00,5,142.34,111.52,naive
2026-03-21 00:00:00+00:00,6,139.6625,116.7075,naive
2026-03-21 00:00:00+00:00,7,127.265,121.88,naive
2026-03-21 00:00:00+00:00,8,100.5775,116.14,naive
2026-03-21 00:00:00+00:00,9,76.4725,107.5225,naive
2026-03-21 00:00:00+00:00,10,45.9,103.525,naive
2026-03-21 00:00:00+00:00,11,23.49,104.195,naive
2026-03-21 00:00:00+00:00,12,24.27,103.43,naive
2026-03-21 00:00:00+00:00,13,62.9275,105.6775,naive
2026-03-21 00:00:00+00:00,14,90.0,114.22,naive
2026-03-21 00:00:00+00:00,15,115.665,130.0,naive
2026-03-21 00:00:00+00:00,16,146.025,138.65,naive
2026-03-21 00:00:00+00:00,17,171.6175,161.1,naive
2026-03-21 00:00:00+00:00,18,163.10500000000002,169.83499999999998,naive
2026-03-21 00:00:00+00:00,19,141.8275,150.265,naive
2026-03-21 00:00:00+00:00,20,126.875,137.4525,naive
2026-03-21 00:00:00+00:00,21,120.2425,135.2375,naive
2026-03-21 00:00:00+00:00,22,108.0,128.04500000000002,naive
2026-03-21 00:00:00+00:00,23,100.4125,137.3425,naive
2026-03-22 00:00:00+00:00,0,95.755,133.73000000000002,naive
2026-03-22 00:00:00+00:00,1,94.2025,124.96,naive
2026-03-22 00:00:00+00:00,2,95.26,123.5275,naive
2026-03-22 00:00:00+00:00,3,98.5975,122.1775,naive
2026-03-22 00:00:00+00:00,4,101.6625,124.12,naive
2026-03-22 00:00:00+00:00,5,100.105,124.3875,naive
2026-03-22 00:00:00+00:00,6,84.71,118.46,naive
2026-03-22 00:00:00+00:00,7,41.33,109.095,naive
2026-03-22 00:00:00+00:00,8,6.7725,94.77,naive
2026-03-22 00:00:00+00:00,9,-0.43,87.305,naive
2026-03-22 00:00:00+00:00,10,-4.3625,72.21,naive
2026-03-22 00:00:00+00:00,11,-11.76,52.9675,naive
2026-03-22 00:00:00+00:00,12,-10.31,36.4575,naive
2026-03-22 00:00:00+00:00,13,-2.1775,37.1975,naive
2026-03-22 00:00:00+00:00,14,11.25,63.0775,naive
2026-03-22 00:00:00+00:00,15,93.1525,89.245,naive
2026-03-22 00:00:00+00:00,16,145.635,127.9125,naive
2026-03-22 00:00:00+00:00,17,174.19,149.115,naive
2026-03-22 00:00:00+00:00,18,173.3825,131.87,naive
2026-03-22 00:00:00+00:00,19,164.7325,108.4825,naive
2026-03-22 00:00:00+00:00,20,155.3775,91.875,naive
2026-03-22 00:00:00+00:00,21,146.7975,82.8625,naive
2026-03-22 00:00:00+00:00,22,143.505,64.015,naive
2026-03-22 00:00:00+00:00,23,131.13750000000002,34.165,naive
2026-03-23 00:00:00+00:00,0,125.9,137.96,naive
2026-03-23 00:00:00+00:00,1,125.16,135.6425,naive
2026-03-23 00:00:00+00:00,2,128.5875,137.475,naive
2026-03-23 00:00:00+00:00,3,138.26749999999998,138.905,naive
2026-03-23 00:00:00+00:00,4,155.72,154.59,naive
2026-03-23 00:00:00+00:00,5,182.29,192.295,naive
2026-03-23 00:00:00+00:00,6,186.185,197.6425,naive
2026-03-23 00:00:00+00:00,7,147.60500000000002,161.3025,naive
2026-03-23 00:00:00+00:00,8,108.0,132.0075,naive
2026-03-23 00:00:00+00:00,9,81.4325,101.085,naive
2026-03-23 00:00:00+00:00,10,48.0825,78.4725,naive
2026-03-23 00:00:00+00:00,11,49.255,65.61,naive
2026-03-23 00:00:00+00:00,12,74.875,65.61,naive
2026-03-23 00:00:00+00:00,13,94.98,87.4,naive
2026-03-23 00:00:00+00:00,14,114.4525,117.155,naive
2026-03-23 00:00:00+00:00,15,138.5425,144.675,naive
2026-03-23 00:00:00+00:00,16,190.775,174.8175,naive
2026-03-23 00:00:00+00:00,17,263.01,211.005,naive
2026-03-23 00:00:00+00:00,18,241.56,212.31,naive
2026-03-23 00:00:00+00:00,19,206.5875,180.035,naive
2026-03-23 00:00:00+00:00,20,177.32,163.05,naive
2026-03-23 00:00:00+00:00,21,155.74,151.8525,naive
2026-03-23 00:00:00+00:00,22,140.45,148.125,naive
2026-03-23 00:00:00+00:00,23,141.0625,142.3975,naive
2026-03-24 00:00:00+00:00,0,124.3175,125.9,naive
2026-03-24 00:00:00+00:00,1,109.9975,125.16,naive
2026-03-24 00:00:00+00:00,2,101.64,128.5875,naive
2026-03-24 00:00:00+00:00,3,100.375,138.26749999999998,naive
2026-03-24 00:00:00+00:00,4,100.9725,155.72,naive
2026-03-24 00:00:00+00:00,5,110.8175,182.29,naive
2026-03-24 00:00:00+00:00,6,113.0475,186.185,naive
2026-03-24 00:00:00+00:00,7,97.4575,147.60500000000002,naive
2026-03-24 00:00:00+00:00,8,70.905,108.0,naive
2026-03-24 00:00:00+00:00,9,23.7275,81.4325,naive
2026-03-24 00:00:00+00:00,10,1.195,48.0825,naive
2026-03-24 00:00:00+00:00,11,-0.01,49.255,naive
2026-03-24 00:00:00+00:00,12,-0.02,74.875,naive
2026-03-24 00:00:00+00:00,13,-0.0025,94.98,naive
2026-03-24 00:00:00+00:00,14,19.9975,114.4525,naive
2026-03-24 00:00:00+00:00,15,77.4325,138.5425,naive
2026-03-24 00:00:00+00:00,16,112.84,190.775,naive
2026-03-24 00:00:00+00:00,17,135.8425,263.01,naive
2026-03-24 00:00:00+00:00,18,137.9925,241.56,naive
2026-03-24 00:00:00+00:00,19,101.1,206.5875,naive
2026-03-24 00:00:00+00:00,20,74.4975,177.32,naive
2026-03-24 00:00:00+00:00,21,66.1025,155.74,naive
2026-03-24 00:00:00+00:00,22,22.0975,140.45,naive
2026-03-24 00:00:00+00:00,23,1.81,141.0625,naive
2026-03-25 00:00:00+00:00,0,0.3675,124.3175,naive
2026-03-25 00:00:00+00:00,1,-0.0025,109.9975,naive
2026-03-25 00:00:00+00:00,2,-0.01,101.64,naive
2026-03-25 00:00:00+00:00,3,-0.005,100.375,naive
2026-03-25 00:00:00+00:00,4,0.365,100.9725,naive
2026-03-25 00:00:00+00:00,5,3.6425,110.8175,naive
2026-03-25 00:00:00+00:00,6,8.9025,113.0475,naive
2026-03-25 00:00:00+00:00,7,0.9075,97.4575,naive
2026-03-25 00:00:00+00:00,8,-0.03,70.905,naive
2026-03-25 00:00:00+00:00,9,-0.0275,23.7275,naive
2026-03-25 00:00:00+00:00,10,-0.01,1.195,naive
2026-03-25 00:00:00+00:00,11,-0.01,-0.01,naive
2026-03-25 00:00:00+00:00,12,-0.01,-0.02,naive
2026-03-25 00:00:00+00:00,13,0.0075,-0.0025,naive
2026-03-25 00:00:00+00:00,14,4.775,19.9975,naive
2026-03-25 00:00:00+00:00,15,41.9025,77.4325,naive
2026-03-25 00:00:00+00:00,16,98.8375,112.84,naive
2026-03-25 00:00:00+00:00,17,134.82999999999998,135.8425,naive
2026-03-25 00:00:00+00:00,18,161.925,137.9925,naive
2026-03-25 00:00:00+00:00,19,134.9075,101.1,naive
2026-03-25 00:00:00+00:00,20,114.46,74.4975,naive
2026-03-25 00:00:00+00:00,21,108.1,66.1025,naive
2026-03-25 00:00:00+00:00,22,88.80250000000001,22.0975,naive
2026-03-25 00:00:00+00:00,23,99.6375,1.81,naive
2026-03-26 00:00:00+00:00,0,95.0725,0.3675,naive
2026-03-26 00:00:00+00:00,1,91.605,-0.0025,naive
2026-03-26 00:00:00+00:00,2,94.87,-0.01,naive
2026-03-26 00:00:00+00:00,3,97.5775,-0.005,naive
2026-03-26 00:00:00+00:00,4,105.2675,0.365,naive
2026-03-26 00:00:00+00:00,5,120.28,3.6425,naive
2026-03-26 00:00:00+00:00,6,137.345,8.9025,naive
2026-03-26 00:00:00+00:00,7,125.79,0.9075,naive
2026-03-26 00:00:00+00:00,8,87.41499999999999,-0.03,naive
2026-03-26 00:00:00+00:00,9,41.8525,-0.0275,naive
2026-03-26 00:00:00+00:00,10,13.74,-0.01,naive
2026-03-26 00:00:00+00:00,11,3.12,-0.01,naive
2026-03-26 00:00:00+00:00,12,0.6300000000000001,-0.01,naive
2026-03-26 00:00:00+00:00,13,5.9025,0.0075,naive
2026-03-26 00:00:00+00:00,14,37.435,4.775,naive
2026-03-26 00:00:00+00:00,15,75.8175,41.9025,naive
2026-03-26 00:00:00+00:00,16,115.9225,98.8375,naive
2026-03-26 00:00:00+00:00,17,155.4175,134.82999999999998,naive
2026-03-26 00:00:00+00:00,18,167.22,161.925,naive
2026-03-26 00:00:00+00:00,19,153.745,134.9075,naive
2026-03-26 00:00:00+00:00,20,130.505,114.46,naive
2026-03-26 00:00:00+00:00,21,124.3725,108.1,naive
2026-03-26 00:00:00+00:00,22,115.025,88.80250000000001,naive
2026-03-26 00:00:00+00:00,23,119.3925,99.6375,naive
2026-03-27 00:00:00+00:00,0,119.5,95.0725,naive
2026-03-27 00:00:00+00:00,1,117.3425,91.605,naive
2026-03-27 00:00:00+00:00,2,117.8325,94.87,naive
2026-03-27 00:00:00+00:00,3,120.2475,97.5775,naive
2026-03-27 00:00:00+00:00,4,136.4625,105.2675,naive
2026-03-27 00:00:00+00:00,5,172.63,120.28,naive
2026-03-27 00:00:00+00:00,6,176.395,137.345,naive
2026-03-27 00:00:00+00:00,7,147.5575,125.79,naive
2026-03-27 00:00:00+00:00,8,114.0025,87.41499999999999,naive
2026-03-27 00:00:00+00:00,9,87.25999999999999,41.8525,naive
2026-03-27 00:00:00+00:00,10,72.81,13.74,naive
2026-03-27 00:00:00+00:00,11,63.31999999999999,3.12,naive
2026-03-27 00:00:00+00:00,12,59.6,0.6300000000000001,naive
2026-03-27 00:00:00+00:00,13,74.075,5.9025,naive
2026-03-27 00:00:00+00:00,14,92.3225,37.435,naive
2026-03-27 00:00:00+00:00,15,103.0825,75.8175,naive
2026-03-27 00:00:00+00:00,16,139.05,115.9225,naive
2026-03-27 00:00:00+00:00,17,158.9325,155.4175,naive
2026-03-27 00:00:00+00:00,18,168.245,167.22,naive
2026-03-27 00:00:00+00:00,19,142.89,153.745,naive
2026-03-27 00:00:00+00:00,20,118.995,130.505,naive
2026-03-27 00:00:00+00:00,21,116.66,124.3725,naive
2026-03-27 00:00:00+00:00,22,106.0125,115.025,naive
2026-03-27 00:00:00+00:00,23,95.135,119.3925,naive
2026-03-28 00:00:00+00:00,0,92.665,138.3425,naive
2026-03-28 00:00:00+00:00,1,89.5475,136.085,naive
2026-03-28 00:00:00+00:00,2,87.2625,132.0575,naive
2026-03-28 00:00:00+00:00,3,88.1175,131.1925,naive
2026-03-28 00:00:00+00:00,4,91.6125,137.665,naive
2026-03-28 00:00:00+00:00,5,87.92,142.34,naive
2026-03-28 00:00:00+00:00,6,79.185,139.6625,naive
2026-03-28 00:00:00+00:00,7,68.3,127.265,naive
2026-03-28 00:00:00+00:00,8,44.9075,100.5775,naive
2026-03-28 00:00:00+00:00,9,17.5825,76.4725,naive
2026-03-28 00:00:00+00:00,10,7.6425,45.9,naive
2026-03-28 00:00:00+00:00,11,6.695,23.49,naive
2026-03-28 00:00:00+00:00,12,7.8475,24.27,naive
2026-03-28 00:00:00+00:00,13,20.475,62.9275,naive
2026-03-28 00:00:00+00:00,14,54.2425,90.0,naive
2026-03-28 00:00:00+00:00,15,81.05250000000001,115.665,naive
2026-03-28 00:00:00+00:00,16,110.34,146.025,naive
2026-03-28 00:00:00+00:00,17,138.925,171.6175,naive
2026-03-28 00:00:00+00:00,18,154.07,163.10500000000002,naive
2026-03-28 00:00:00+00:00,19,143.9525,141.8275,naive
2026-03-28 00:00:00+00:00,20,131.595,126.875,naive
2026-03-28 00:00:00+00:00,21,125.33,120.2425,naive
2026-03-28 00:00:00+00:00,22,119.58,108.0,naive
2026-03-28 00:00:00+00:00,23,114.56,100.4125,naive
2026-03-29 00:00:00+00:00,0,107.6975,95.755,naive
2026-03-29 00:00:00+00:00,1,101.165,94.2025,naive
2026-03-29 00:00:00+00:00,2,105.225,95.26,naive
2026-03-29 00:00:00+00:00,3,104.605,98.5975,naive
2026-03-29 00:00:00+00:00,4,109.755,101.6625,naive
2026-03-29 00:00:00+00:00,5,115.03,100.105,naive
2026-03-29 00:00:00+00:00,6,114.8425,84.71,naive
2026-03-29 00:00:00+00:00,7,94.3975,41.33,naive
2026-03-29 00:00:00+00:00,8,74.8075,6.7725,naive
2026-03-29 00:00:00+00:00,9,44.6975,-0.43,naive
2026-03-29 00:00:00+00:00,10,9.73,-4.3625,naive
2026-03-29 00:00:00+00:00,11,-0.005,-11.76,naive
2026-03-29 00:00:00+00:00,12,-1.785,-10.31,naive
2026-03-29 00:00:00+00:00,13,-2.1,-2.1775,naive
2026-03-29 00:00:00+00:00,14,0.8724999999999999,11.25,naive
2026-03-29 00:00:00+00:00,15,33.31,93.1525,naive
2026-03-29 00:00:00+00:00,16,89.25999999999999,145.635,naive
2026-03-29 00:00:00+00:00,17,105.6775,174.19,naive
2026-03-29 00:00:00+00:00,18,95.18,173.3825,naive
2026-03-29 00:00:00+00:00,19,74.8125,164.7325,naive
2026-03-29 00:00:00+00:00,20,66.85,155.3775,naive
2026-03-29 00:00:00+00:00,21,25.635,146.7975,naive
2026-03-29 00:00:00+00:00,22,9.1975,143.505,naive
2026-03-29 00:00:00+00:00,23,2.3000000000000003,131.13750000000002,naive
2026-03-30 00:00:00+00:00,0,5.02,119.5,naive
2026-03-30 00:00:00+00:00,1,3.825,117.3425,naive
2026-03-30 00:00:00+00:00,2,4.3575,117.8325,naive
2026-03-30 00:00:00+00:00,3,18.4225,120.2475,naive
2026-03-30 00:00:00+00:00,4,66.87,136.4625,naive
2026-03-30 00:00:00+00:00,5,90.3125,172.63,naive
2026-03-30 00:00:00+00:00,6,109.2225,176.395,naive
2026-03-30 00:00:00+00:00,7,96.8375,147.5575,naive
2026-03-30 00:00:00+00:00,8,73.8475,114.0025,naive
2026-03-30 00:00:00+00:00,9,45.9975,87.25999999999999,naive
2026-03-30 00:00:00+00:00,10,23.5875,72.81,naive
2026-03-30 00:00:00+00:00,11,11.4,63.31999999999999,naive
2026-03-30 00:00:00+00:00,12,7.5425,59.6,naive
2026-03-30 00:00:00+00:00,13,12.9375,74.075,naive
2026-03-30 00:00:00+00:00,14,35.145,92.3225,naive
2026-03-30 00:00:00+00:00,15,77.45,103.0825,naive
2026-03-30 00:00:00+00:00,16,104.8275,139.05,naive
2026-03-30 00:00:00+00:00,17,121.6525,158.9325,naive
2026-03-30 00:00:00+00:00,18,125.6075,168.245,naive
2026-03-30 00:00:00+00:00,19,126.165,142.89,naive
2026-03-30 00:00:00+00:00,20,121.175,118.995,naive
2026-03-30 00:00:00+00:00,21,108.88,116.66,naive
2026-03-30 00:00:00+00:00,22,109.245,106.0125,naive
2026-03-30 00:00:00+00:00,23,102.68,95.135,naive
2026-03-31 00:00:00+00:00,0,101.26,5.02,naive
2026-03-31 00:00:00+00:00,1,100.535,3.825,naive
2026-03-31 00:00:00+00:00,2,101.68,4.3575,naive
2026-03-31 00:00:00+00:00,3,108.0425,18.4225,naive
2026-03-31 00:00:00+00:00,4,137.1975,66.87,naive
2026-03-31 00:00:00+00:00,5,152.125,90.3125,naive
2026-03-31 00:00:00+00:00,6,163.79,109.2225,naive
2026-03-31 00:00:00+00:00,7,135.555,96.8375,naive
2026-03-31 00:00:00+00:00,8,104.255,73.8475,naive
2026-03-31 00:00:00+00:00,9,87.35,45.9975,naive
2026-03-31 00:00:00+00:00,10,78.67,23.5875,naive
2026-03-31 00:00:00+00:00,11,55.225,11.4,naive
2026-03-31 00:00:00+00:00,12,53.4875,7.5425,naive
2026-03-31 00:00:00+00:00,13,63.0525,12.9375,naive
2026-03-31 00:00:00+00:00,14,82.2175,35.145,naive
2026-03-31 00:00:00+00:00,15,110.9675,77.45,naive
2026-03-31 00:00:00+00:00,16,151.0,104.8275,naive
2026-03-31 00:00:00+00:00,17,175.0025,121.6525,naive
2026-03-31 00:00:00+00:00,18,176.005,125.6075,naive
2026-03-31 00:00:00+00:00,19,171.725,126.165,naive
2026-03-31 00:00:00+00:00,20,158.32999999999998,121.175,naive
2026-03-31 00:00:00+00:00,21,148.475,108.88,naive
2026-03-31 00:00:00+00:00,22,145.51,109.245,naive
2026-03-31 00:00:00+00:00,23,129.48749999999998,102.68,naive
2026-04-01 00:00:00+00:00,0,125.345,101.26,naive
2026-04-01 00:00:00+00:00,1,129.4275,100.535,naive
2026-04-01 00:00:00+00:00,2,136.025,101.68,naive
2026-04-01 00:00:00+00:00,3,149.115,108.0425,naive
2026-04-01 00:00:00+00:00,4,180.835,137.1975,naive
2026-04-01 00:00:00+00:00,5,226.9475,152.125,naive
2026-04-01 00:00:00+00:00,6,199.9775,163.79,naive
2026-04-01 00:00:00+00:00,7,171.515,135.555,naive
2026-04-01 00:00:00+00:00,8,139.8,104.255,naive
2026-04-01 00:00:00+00:00,9,128.0775,87.35,naive
2026-04-01 00:00:00+00:00,10,115.0525,78.67,naive
2026-04-01 00:00:00+00:00,11,93.835,55.225,naive
2026-04-01 00:00:00+00:00,12,86.3325,53.4875,naive
2026-04-01 00:00:00+00:00,13,93.8375,63.0525,naive
2026-04-01 00:00:00+00:00,14,105.515,82.2175,naive
2026-04-01 00:00:00+00:00,15,130.12,110.9675,naive
2026-04-01 00:00:00+00:00,16,152.095,151.0,naive
2026-04-01 00:00:00+00:00,17,188.665,175.0025,naive
2026-04-01 00:00:00+00:00,18,181.1925,176.005,naive
2026-04-01 00:00:00+00:00,19,165.8225,171.725,naive
2026-04-01 00:00:00+00:00,20,152.8225,158.32999999999998,naive
2026-04-01 00:00:00+00:00,21,133.7825,148.475,naive
2026-04-01 00:00:00+00:00,22,127.1725,145.51,naive
2026-04-01 00:00:00+00:00,23,118.995,129.48749999999998,naive
2026-04-02 00:00:00+00:00,0,114.13,125.345,naive
2026-04-02 00:00:00+00:00,1,109.185,129.4275,naive
2026-04-02 00:00:00+00:00,2,107.41,136.025,naive
2026-04-02 00:00:00+00:00,3,119.2925,149.115,naive
2026-04-02 00:00:00+00:00,4,152.0525,180.835,naive
2026-04-02 00:00:00+00:00,5,160.0075,226.9475,naive
2026-04-02 00:00:00+00:00,6,157.6575,199.9775,naive
2026-04-02 00:00:00+00:00,7,114.2775,171.515,naive
2026-04-02 00:00:00+00:00,8,90.6625,139.8,naive
2026-04-02 00:00:00+00:00,9,74.25,128.0775,naive
2026-04-02 00:00:00+00:00,10,59.745000000000005,115.0525,naive
2026-04-02 00:00:00+00:00,11,42.455,93.835,naive
2026-04-02 00:00:00+00:00,12,52.86,86.3325,naive
2026-04-02 00:00:00+00:00,13,73.77,93.8375,naive
2026-04-02 00:00:00+00:00,14,92.7575,105.515,naive
2026-04-02 00:00:00+00:00,15,108.81,130.12,naive
2026-04-02 00:00:00+00:00,16,134.385,152.095,naive
2026-04-02 00:00:00+00:00,17,161.84,188.665,naive
2026-04-02 00:00:00+00:00,18,159.635,181.1925,naive
2026-04-02 00:00:00+00:00,19,146.5225,165.8225,naive
2026-04-02 00:00:00+00:00,20,134.9975,152.8225,naive
2026-04-02 00:00:00+00:00,21,123.97,133.7825,naive
2026-04-02 00:00:00+00:00,22,133.6,127.1725,naive
2026-04-02 00:00:00+00:00,23,121.985,118.995,naive
2026-04-03 00:00:00+00:00,0,119.515,114.13,naive
2026-04-03 00:00:00+00:00,1,117.6675,109.185,naive
2026-04-03 00:00:00+00:00,2,120.1825,107.41,naive
2026-04-03 00:00:00+00:00,3,123.4025,119.2925,naive
2026-04-03 00:00:00+00:00,4,133.125,152.0525,naive
2026-04-03 00:00:00+00:00,5,135.8625,160.0075,naive
2026-04-03 00:00:00+00:00,6,131.04250000000002,157.6575,naive
2026-04-03 00:00:00+00:00,7,113.18,114.2775,naive
2026-04-03 00:00:00+00:00,8,85.585,90.6625,naive
2026-04-03 00:00:00+00:00,9,52.9575,74.25,naive
2026-04-03 00:00:00+00:00,10,27.01,59.745000000000005,naive
2026-04-03 00:00:00+00:00,11,9.945,42.455,naive
2026-04-03 00:00:00+00:00,12,1.6525,52.86,naive
2026-04-03 00:00:00+00:00,13,3.05,73.77,naive
2026-04-03 00:00:00+00:00,14,23.942500000000003,92.7575,naive
2026-04-03 00:00:00+00:00,15,66.7975,108.81,naive
2026-04-03 00:00:00+00:00,16,88.9725,134.385,naive
2026-04-03 00:00:00+00:00,17,99.39,161.84,naive
2026-04-03 00:00:00+00:00,18,96.3375,159.635,naive
2026-04-03 00:00:00+00:00,19,84.2025,146.5225,naive
2026-04-03 00:00:00+00:00,20,81.28,134.9975,naive
2026-04-03 00:00:00+00:00,21,60.5875,123.97,naive
2026-04-03 00:00:00+00:00,22,9.7275,133.6,naive
2026-04-03 00:00:00+00:00,23,8.955,121.985,naive
2026-04-04 00:00:00+00:00,0,6.4325,92.665,naive
2026-04-04 00:00:00+00:00,1,1.9875,89.5475,naive
2026-04-04 00:00:00+00:00,2,6.4025,87.2625,naive
2026-04-04 00:00:00+00:00,3,11.735,88.1175,naive
2026-04-04 00:00:00+00:00,4,13.3625,91.6125,naive
2026-04-04 00:00:00+00:00,5,19.2675,87.92,naive
2026-04-04 00:00:00+00:00,6,16.695,79.185,naive
2026-04-04 00:00:00+00:00,7,6.6,68.3,naive
2026-04-04 00:00:00+00:00,8,1.81,44.9075,naive
2026-04-04 00:00:00+00:00,9,-0.01,17.5825,naive
2026-04-04 00:00:00+00:00,10,-0.2475,7.6425,naive
2026-04-04 00:00:00+00:00,11,-0.035,6.695,naive
2026-04-04 00:00:00+00:00,12,-0.0175,7.8475,naive
2026-04-04 00:00:00+00:00,13,0.025,20.475,naive
2026-04-04 00:00:00+00:00,14,10.69,54.2425,naive
2026-04-04 00:00:00+00:00,15,62.735,81.05250000000001,naive
2026-04-04 00:00:00+00:00,16,109.595,110.34,naive
2026-04-04 00:00:00+00:00,17,149.8725,138.925,naive
2026-04-04 00:00:00+00:00,18,135.74,154.07,naive
2026-04-04 00:00:00+00:00,19,103.8375,143.9525,naive
2026-04-04 00:00:00+00:00,20,76.8075,131.595,naive
2026-04-04 00:00:00+00:00,21,41.8325,125.33,naive
2026-04-04 00:00:00+00:00,22,1.0575,119.58,naive
2026-04-04 00:00:00+00:00,23,-0.005,114.56,naive
2026-04-05 00:00:00+00:00,0,-0.3625,107.6975,naive
2026-04-05 00:00:00+00:00,1,-1.2075,101.165,naive
2026-04-05 00:00:00+00:00,2,-1.6175,105.225,naive
2026-04-05 00:00:00+00:00,3,-2.0425,104.605,naive
2026-04-05 00:00:00+00:00,4,-2.995,109.755,naive
2026-04-05 00:00:00+00:00,5,-1.29,115.03,naive
2026-04-05 00:00:00+00:00,6,-2.43,114.8425,naive
2026-04-05 00:00:00+00:00,7,-10.5575,94.3975,naive
2026-04-05 00:00:00+00:00,8,-39.9675,74.8075,naive
2026-04-05 00:00:00+00:00,9,-71.3425,44.6975,naive
2026-04-05 00:00:00+00:00,10,-84.9525,9.73,naive
2026-04-05 00:00:00+00:00,11,-105.175,-0.005,naive
2026-04-05 00:00:00+00:00,12,-98.705,-1.785,naive
2026-04-05 00:00:00+00:00,13,-66.9075,-2.1,naive
2026-04-05 00:00:00+00:00,14,-29.98,0.8724999999999999,naive
2026-04-05 00:00:00+00:00,15,-6.5875,33.31,naive
2026-04-05 00:00:00+00:00,16,-0.1025,89.25999999999999,naive
2026-04-05 00:00:00+00:00,17,20.0425,105.6775,naive
2026-04-05 00:00:00+00:00,18,33.35,95.18,naive
2026-04-05 00:00:00+00:00,19,30.205,74.8125,naive
2026-04-05 00:00:00+00:00,20,30.3775,66.85,naive
2026-04-05 00:00:00+00:00,21,19.0225,25.635,naive
2026-04-05 00:00:00+00:00,22,3.24,9.1975,naive
2026-04-05 00:00:00+00:00,23,1.985,2.3000000000000003,naive
2026-04-06 00:00:00+00:00,0,1.04,119.515,naive
2026-04-06 00:00:00+00:00,1,1.36,117.6675,naive
2026-04-06 00:00:00+00:00,2,1.06,120.1825,naive
2026-04-06 00:00:00+00:00,3,2.11,123.4025,naive
2026-04-06 00:00:00+00:00,4,1.985,133.125,naive
2026-04-06 00:00:00+00:00,5,1.3325,135.8625,naive
2026-04-06 00:00:00+00:00,6,-0.9425,131.04250000000002,naive
2026-04-06 00:00:00+00:00,7,-11.105,113.18,naive
2026-04-06 00:00:00+00:00,8,-26.0025,85.585,naive
2026-04-06 00:00:00+00:00,9,-59.760000000000005,52.9575,naive
2026-04-06 00:00:00+00:00,10,-79.515,27.01,naive
2026-04-06 00:00:00+00:00,11,-125.6375,9.945,naive
2026-04-06 00:00:00+00:00,12,-123.535,1.6525,naive
2026-04-06 00:00:00+00:00,13,-84.6175,3.05,naive
2026-04-06 00:00:00+00:00,14,-28.72,23.942500000000003,naive
2026-04-06 00:00:00+00:00,15,-5.609999999999999,66.7975,naive
2026-04-06 00:00:00+00:00,16,48.625,88.9725,naive
2026-04-06 00:00:00+00:00,17,107.6875,99.39,naive
2026-04-06 00:00:00+00:00,18,116.005,96.3375,naive
2026-04-06 00:00:00+00:00,19,109.2225,84.2025,naive
2026-04-06 00:00:00+00:00,20,113.8475,81.28,naive
2026-04-06 00:00:00+00:00,21,108.805,60.5875,naive
2026-04-06 00:00:00+00:00,22,106.4,9.7275,naive
2026-04-06 00:00:00+00:00,23,101.295,8.955,naive
2026-04-07 00:00:00+00:00,0,101.6475,1.04,naive
2026-04-07 00:00:00+00:00,1,102.28,1.36,naive
2026-04-07 00:00:00+00:00,2,105.135,1.06,naive
2026-04-07 00:00:00+00:00,3,117.7675,2.11,naive
2026-04-07 00:00:00+00:00,4,143.9125,1.985,naive
2026-04-07 00:00:00+00:00,5,178.2625,1.3325,naive
2026-04-07 00:00:00+00:00,6,127.8575,-0.9425,naive
2026-04-07 00:00:00+00:00,7,81.8025,-11.105,naive
2026-04-07 00:00:00+00:00,8,24.8875,-26.0025,naive
2026-04-07 00:00:00+00:00,9,-0.0074999999999999,-59.760000000000005,naive
2026-04-07 00:00:00+00:00,10,-3.01,-79.515,naive
2026-04-07 00:00:00+00:00,11,-11.2875,-125.6375,naive
2026-04-07 00:00:00+00:00,12,-11.23,-123.535,naive
2026-04-07 00:00:00+00:00,13,-4.205,-84.6175,naive
2026-04-07 00:00:00+00:00,14,3.8,-28.72,naive
2026-04-07 00:00:00+00:00,15,79.9025,-5.609999999999999,naive
2026-04-07 00:00:00+00:00,16,137.995,48.625,naive
2026-04-07 00:00:00+00:00,17,194.0275,107.6875,naive
2026-04-07 00:00:00+00:00,18,188.8825,116.005,naive
2026-04-07 00:00:00+00:00,19,144.0025,109.2225,naive
2026-04-07 00:00:00+00:00,20,129.01,113.8475,naive
2026-04-07 00:00:00+00:00,21,118.2,108.805,naive
2026-04-07 00:00:00+00:00,22,107.17,106.4,naive
2026-04-07 00:00:00+00:00,23,102.21,101.295,naive
2026-04-08 00:00:00+00:00,0,100.82,101.6475,naive
2026-04-08 00:00:00+00:00,1,103.4975,102.28,naive
2026-04-08 00:00:00+00:00,2,107.5125,105.135,naive
2026-04-08 00:00:00+00:00,3,116.9275,117.7675,naive
2026-04-08 00:00:00+00:00,4,149.79500000000002,143.9125,naive
2026-04-08 00:00:00+00:00,5,168.7975,178.2625,naive
2026-04-08 00:00:00+00:00,6,138.5075,127.8575,naive
2026-04-08 00:00:00+00:00,7,97.45,81.8025,naive
2026-04-08 00:00:00+00:00,8,51.12,24.8875,naive
2026-04-08 00:00:00+00:00,9,-0.0499999999999998,-0.0074999999999999,naive
2026-04-08 00:00:00+00:00,10,-18.8275,-3.01,naive
2026-04-08 00:00:00+00:00,11,-32.78,-11.2875,naive
2026-04-08 00:00:00+00:00,12,-29.735,-11.23,naive
2026-04-08 00:00:00+00:00,13,-13.155,-4.205,naive
2026-04-08 00:00:00+00:00,14,13.3525,3.8,naive
2026-04-08 00:00:00+00:00,15,91.875,79.9025,naive
2026-04-08 00:00:00+00:00,16,134.2475,137.995,naive
2026-04-08 00:00:00+00:00,17,170.0075,194.0275,naive
2026-04-08 00:00:00+00:00,18,160.5525,188.8825,naive
2026-04-08 00:00:00+00:00,19,137.10250000000002,144.0025,naive
2026-04-08 00:00:00+00:00,20,121.3925,129.01,naive
2026-04-08 00:00:00+00:00,21,109.475,118.2,naive
2026-04-08 00:00:00+00:00,22,104.8975,107.17,naive
2026-04-08 00:00:00+00:00,23,101.1025,102.21,naive
2026-04-09 00:00:00+00:00,0,101.095,100.82,naive
2026-04-09 00:00:00+00:00,1,101.8625,103.4975,naive
2026-04-09 00:00:00+00:00,2,105.1,107.5125,naive
2026-04-09 00:00:00+00:00,3,115.8725,116.9275,naive
2026-04-09 00:00:00+00:00,4,135.29500000000002,149.79500000000002,naive
2026-04-09 00:00:00+00:00,5,146.6,168.7975,naive
2026-04-09 00:00:00+00:00,6,128.09,138.5075,naive
2026-04-09 00:00:00+00:00,7,99.675,97.45,naive
2026-04-09 00:00:00+00:00,8,54.9975,51.12,naive
2026-04-09 00:00:00+00:00,9,1.2075,-0.0499999999999998,naive
2026-04-09 00:00:00+00:00,10,-1.03,-18.8275,naive
2026-04-09 00:00:00+00:00,11,-7.865,-32.78,naive
2026-04-09 00:00:00+00:00,12,-8.1375,-29.735,naive
2026-04-09 00:00:00+00:00,13,-1.3025,-13.155,naive
2026-04-09 00:00:00+00:00,14,27.08,13.3525,naive
2026-04-09 00:00:00+00:00,15,82.5275,91.875,naive
2026-04-09 00:00:00+00:00,16,115.355,134.2475,naive
2026-04-09 00:00:00+00:00,17,137.1675,170.0075,naive
2026-04-09 00:00:00+00:00,18,127.325,160.5525,naive
2026-04-09 00:00:00+00:00,19,110.95,137.10250000000002,naive
2026-04-09 00:00:00+00:00,20,100.23,121.3925,naive
2026-04-09 00:00:00+00:00,21,81.05250000000001,109.475,naive
2026-04-09 00:00:00+00:00,22,81.88,104.8975,naive
2026-04-09 00:00:00+00:00,23,79.32,101.1025,naive
2026-04-10 00:00:00+00:00,0,78.83,101.095,naive
2026-04-10 00:00:00+00:00,1,78.5525,101.8625,naive
2026-04-10 00:00:00+00:00,2,81.1225,105.1,naive
2026-04-10 00:00:00+00:00,3,88.7675,115.8725,naive
2026-04-10 00:00:00+00:00,4,112.1575,135.29500000000002,naive
2026-04-10 00:00:00+00:00,5,126.4375,146.6,naive
2026-04-10 00:00:00+00:00,6,123.16,128.09,naive
2026-04-10 00:00:00+00:00,7,119.265,99.675,naive
2026-04-10 00:00:00+00:00,8,109.84,54.9975,naive
2026-04-10 00:00:00+00:00,9,102.99,1.2075,naive
2026-04-10 00:00:00+00:00,10,92.09,-1.03,naive
2026-04-10 00:00:00+00:00,11,88.9375,-7.865,naive
2026-04-10 00:00:00+00:00,12,87.4,-8.1375,naive
2026-04-10 00:00:00+00:00,13,94.0175,-1.3025,naive
2026-04-10 00:00:00+00:00,14,108.78,27.08,naive
2026-04-10 00:00:00+00:00,15,130.1025,82.5275,naive
2026-04-10 00:00:00+00:00,16,155.29,115.355,naive
2026-04-10 00:00:00+00:00,17,227.7675,137.1675,naive
2026-04-10 00:00:00+00:00,18,245.115,127.325,naive
2026-04-10 00:00:00+00:00,19,176.4775,110.95,naive
2026-04-10 00:00:00+00:00,20,149.305,100.23,naive
2026-04-10 00:00:00+00:00,21,131.96,81.05250000000001,naive
2026-04-10 00:00:00+00:00,22,134.015,81.88,naive
2026-04-10 00:00:00+00:00,23,120.6325,79.32,naive
2026-04-11 00:00:00+00:00,0,114.3825,6.4325,naive
2026-04-11 00:00:00+00:00,1,112.35,1.9875,naive
2026-04-11 00:00:00+00:00,2,110.8375,6.4025,naive
2026-04-11 00:00:00+00:00,3,108.36,11.735,naive
2026-04-11 00:00:00+00:00,4,106.605,13.3625,naive
2026-04-11 00:00:00+00:00,5,93.2375,19.2675,naive
2026-04-11 00:00:00+00:00,6,69.61,16.695,naive
2026-04-11 00:00:00+00:00,7,21.57,6.6,naive
2026-04-11 00:00:00+00:00,8,-0.1574999999999997,1.81,naive
2026-04-11 00:00:00+00:00,9,-8.307500000000001,-0.01,naive
2026-04-11 00:00:00+00:00,10,-40.2525,-0.2475,naive
2026-04-11 00:00:00+00:00,11,-79.965,-0.035,naive
2026-04-11 00:00:00+00:00,12,-77.635,-0.0175,naive
2026-04-11 00:00:00+00:00,13,-45.8275,0.025,naive
2026-04-11 00:00:00+00:00,14,-15.7975,10.69,naive
2026-04-11 00:00:00+00:00,15,-0.7149999999999999,62.735,naive
2026-04-11 00:00:00+00:00,16,43.697500000000005,109.595,naive
2026-04-11 00:00:00+00:00,17,73.8175,149.8725,naive
2026-04-11 00:00:00+00:00,18,74.7875,135.74,naive
2026-04-11 00:00:00+00:00,19,65.2325,103.8375,naive
2026-04-11 00:00:00+00:00,20,68.6275,76.8075,naive
2026-04-11 00:00:00+00:00,21,68.625,41.8325,naive
2026-04-11 00:00:00+00:00,22,72.52250000000001,1.0575,naive
2026-04-11 00:00:00+00:00,23,76.57249999999999,-0.005,naive
2026-04-12 00:00:00+00:00,0,80.4225,-0.3625,naive
2026-04-12 00:00:00+00:00,1,85.26,-1.2075,naive
2026-04-12 00:00:00+00:00,2,95.1025,-1.6175,naive
2026-04-12 00:00:00+00:00,3,98.05,-2.0425,naive
2026-04-12 00:00:00+00:00,4,98.7,-2.995,naive
2026-04-12 00:00:00+00:00,5,94.3175,-1.29,naive
2026-04-12 00:00:00+00:00,6,76.10249999999999,-2.43,naive
2026-04-12 00:00:00+00:00,7,53.3225,-10.5575,naive
2026-04-12 00:00:00+00:00,8,30.2325,-39.9675,naive
2026-04-12 00:00:00+00:00,9,22.415,-71.3425,naive
2026-04-12 00:00:00+00:00,10,14.975,-84.9525,naive
2026-04-12 00:00:00+00:00,11,1.97,-105.175,naive
2026-04-12 00:00:00+00:00,12,4.625,-98.705,naive
2026-04-12 00:00:00+00:00,13,15.905,-66.9075,naive
2026-04-12 00:00:00+00:00,14,67.55,-29.98,naive
2026-04-12 00:00:00+00:00,15,110.1775,-6.5875,naive
2026-04-12 00:00:00+00:00,16,135.3875,-0.1025,naive
2026-04-12 00:00:00+00:00,17,144.765,20.0425,naive
2026-04-12 00:00:00+00:00,18,146.8025,33.35,naive
2026-04-12 00:00:00+00:00,19,136.73250000000002,30.205,naive
2026-04-12 00:00:00+00:00,20,130.6075,30.3775,naive
2026-04-12 00:00:00+00:00,21,121.0175,19.0225,naive
2026-04-12 00:00:00+00:00,22,116.5425,3.24,naive
2026-04-12 00:00:00+00:00,23,109.795,1.985,naive
2026-04-13 00:00:00+00:00,0,107.315,78.83,naive
2026-04-13 00:00:00+00:00,1,107.59,78.5525,naive
2026-04-13 00:00:00+00:00,2,110.02,81.1225,naive
2026-04-13 00:00:00+00:00,3,119.0725,88.7675,naive
2026-04-13 00:00:00+00:00,4,136.115,112.1575,naive
2026-04-13 00:00:00+00:00,5,145.12,126.4375,naive
2026-04-13 00:00:00+00:00,6,173.88,123.16,naive
2026-04-13 00:00:00+00:00,7,160.965,119.265,naive
2026-04-13 00:00:00+00:00,8,138.63,109.84,naive
2026-04-13 00:00:00+00:00,9,116.0,102.99,naive
2026-04-13 00:00:00+00:00,10,104.735,92.09,naive
2026-04-13 00:00:00+00:00,11,97.3925,88.9375,naive
2026-04-13 00:00:00+00:00,12,101.695,87.4,naive
2026-04-13 00:00:00+00:00,13,104.6375,94.0175,naive
2026-04-13 00:00:00+00:00,14,114.5975,108.78,naive
2026-04-13 00:00:00+00:00,15,130.3775,130.1025,naive
2026-04-13 00:00:00+00:00,16,148.2,155.29,naive
2026-04-13 00:00:00+00:00,17,164.5225,227.7675,naive
2026-04-13 00:00:00+00:00,18,156.61,245.115,naive
2026-04-13 00:00:00+00:00,19,139.0475,176.4775,naive
2026-04-13 00:00:00+00:00,20,129.76,149.305,naive
2026-04-13 00:00:00+00:00,21,122.6275,131.96,naive
2026-04-13 00:00:00+00:00,22,116.0625,134.015,naive
2026-04-13 00:00:00+00:00,23,113.665,120.6325,naive
2026-04-14 00:00:00+00:00,0,114.99,107.315,naive
2026-04-14 00:00:00+00:00,1,113.385,107.59,naive
2026-04-14 00:00:00+00:00,2,114.68,110.02,naive
2026-04-14 00:00:00+00:00,3,118.1475,119.0725,naive
2026-04-14 00:00:00+00:00,4,138.72,136.115,naive
2026-04-14 00:00:00+00:00,5,163.0225,145.12,naive
2026-04-14 00:00:00+00:00,6,164.495,173.88,naive
2026-04-14 00:00:00+00:00,7,144.32999999999998,160.965,naive
2026-04-14 00:00:00+00:00,8,128.82999999999998,138.63,naive
2026-04-14 00:00:00+00:00,9,117.3325,116.0,naive
2026-04-14 00:00:00+00:00,10,109.5075,104.735,naive
2026-04-14 00:00:00+00:00,11,104.7,97.3925,naive
2026-04-14 00:00:00+00:00,12,108.91,101.695,naive
2026-04-14 00:00:00+00:00,13,115.5675,104.6375,naive
2026-04-14 00:00:00+00:00,14,121.695,114.5975,naive
2026-04-14 00:00:00+00:00,15,137.4375,130.3775,naive
2026-04-14 00:00:00+00:00,16,160.015,148.2,naive
2026-04-14 00:00:00+00:00,17,224.7525,164.5225,naive
2026-04-14 00:00:00+00:00,18,234.2775,156.61,naive
2026-04-14 00:00:00+00:00,19,165.9475,139.0475,naive
2026-04-14 00:00:00+00:00,20,148.2575,129.76,naive
2026-04-14 00:00:00+00:00,21,135.37,122.6275,naive
2026-04-14 00:00:00+00:00,22,121.6,116.0625,naive
2026-04-14 00:00:00+00:00,23,116.4575,113.665,naive
2026-04-15 00:00:00+00:00,0,111.7675,114.99,naive
2026-04-15 00:00:00+00:00,1,110.0175,113.385,naive
2026-04-15 00:00:00+00:00,2,110.8425,114.68,naive
2026-04-15 00:00:00+00:00,3,123.18,118.1475,naive
2026-04-15 00:00:00+00:00,4,148.44,138.72,naive
2026-04-15 00:00:00+00:00,5,159.5525,163.0225,naive
2026-04-15 00:00:00+00:00,6,140.1,164.495,naive
2026-04-15 00:00:00+00:00,7,116.32,144.32999999999998,naive
2026-04-15 00:00:00+00:00,8,100.8025,128.82999999999998,naive
2026-04-15 00:00:00+00:00,9,78.94,117.3325,naive
2026-04-15 00:00:00+00:00,10,58.3175,109.5075,naive
2026-04-15 00:00:00+00:00,11,50.2325,104.7,naive
2026-04-15 00:00:00+00:00,12,67.25750000000001,108.91,naive
2026-04-15 00:00:00+00:00,13,81.4925,115.5675,naive
2026-04-15 00:00:00+00:00,14,99.255,121.695,naive
2026-04-15 00:00:00+00:00,15,124.84,137.4375,naive
2026-04-15 00:00:00+00:00,16,141.9,160.015,naive
2026-04-15 00:00:00+00:00,17,180.07999999999998,224.7525,naive
2026-04-15 00:00:00+00:00,18,180.8,234.2775,naive
2026-04-15 00:00:00+00:00,19,148.07999999999998,165.9475,naive
2026-04-15 00:00:00+00:00,20,132.685,148.2575,naive
2026-04-15 00:00:00+00:00,21,117.77,135.37,naive
2026-04-15 00:00:00+00:00,22,106.215,121.6,naive
2026-04-15 00:00:00+00:00,23,101.3975,116.4575,naive
2026-04-16 00:00:00+00:00,0,99.595,111.7675,naive
2026-04-16 00:00:00+00:00,1,98.365,110.0175,naive
2026-04-16 00:00:00+00:00,2,100.9025,110.8425,naive
2026-04-16 00:00:00+00:00,3,110.605,123.18,naive
2026-04-16 00:00:00+00:00,4,139.475,148.44,naive
2026-04-16 00:00:00+00:00,5,145.02249999999998,159.5525,naive
2026-04-16 00:00:00+00:00,6,133.635,140.1,naive
2026-04-16 00:00:00+00:00,7,110.195,116.32,naive
2026-04-16 00:00:00+00:00,8,96.3525,100.8025,naive
2026-04-16 00:00:00+00:00,9,75.6725,78.94,naive
2026-04-16 00:00:00+00:00,10,60.5125,58.3175,naive
2026-04-16 00:00:00+00:00,11,45.7675,50.2325,naive
2026-04-16 00:00:00+00:00,12,53.9725,67.25750000000001,naive
2026-04-16 00:00:00+00:00,13,70.87,81.4925,naive
2026-04-16 00:00:00+00:00,14,89.7575,99.255,naive
2026-04-16 00:00:00+00:00,15,111.555,124.84,naive
2026-04-16 00:00:00+00:00,16,131.145,141.9,naive
2026-04-16 00:00:00+00:00,17,166.9275,180.07999999999998,naive
2026-04-16 00:00:00+00:00,18,187.3175,180.8,naive
2026-04-16 00:00:00+00:00,19,155.01,148.07999999999998,naive
2026-04-16 00:00:00+00:00,20,138.76,132.685,naive
2026-04-16 00:00:00+00:00,21,127.3625,117.77,naive
2026-04-16 00:00:00+00:00,22,121.7725,106.215,naive
2026-04-16 00:00:00+00:00,23,115.5225,101.3975,naive
2026-04-17 00:00:00+00:00,0,112.5325,99.595,naive
2026-04-17 00:00:00+00:00,1,108.5125,98.365,naive
2026-04-17 00:00:00+00:00,2,111.4675,100.9025,naive
2026-04-17 00:00:00+00:00,3,120.1925,110.605,naive
2026-04-17 00:00:00+00:00,4,146.5675,139.475,naive
2026-04-17 00:00:00+00:00,5,148.555,145.02249999999998,naive
2026-04-17 00:00:00+00:00,6,127.1575,133.635,naive
2026-04-17 00:00:00+00:00,7,101.9025,110.195,naive
2026-04-17 00:00:00+00:00,8,90.7825,96.3525,naive
2026-04-17 00:00:00+00:00,9,57.88,75.6725,naive
2026-04-17 00:00:00+00:00,10,30.87,60.5125,naive
2026-04-17 00:00:00+00:00,11,26.445,45.7675,naive
2026-04-17 00:00:00+00:00,12,31.3725,53.9725,naive
2026-04-17 00:00:00+00:00,13,59.9975,70.87,naive
2026-04-17 00:00:00+00:00,14,81.82,89.7575,naive
2026-04-17 00:00:00+00:00,15,102.31,111.555,naive
2026-04-17 00:00:00+00:00,16,126.755,131.145,naive
2026-04-17 00:00:00+00:00,17,157.405,166.9275,naive
2026-04-17 00:00:00+00:00,18,157.1125,187.3175,naive
2026-04-17 00:00:00+00:00,19,138.0075,155.01,naive
2026-04-17 00:00:00+00:00,20,123.93,138.76,naive
2026-04-17 00:00:00+00:00,21,112.71,127.3625,naive
2026-04-17 00:00:00+00:00,22,116.245,121.7725,naive
2026-04-17 00:00:00+00:00,23,110.8775,115.5225,naive
2026-04-18 00:00:00+00:00,0,109.6625,114.3825,naive
2026-04-18 00:00:00+00:00,1,107.695,112.35,naive
2026-04-18 00:00:00+00:00,2,108.8725,110.8375,naive
2026-04-18 00:00:00+00:00,3,110.905,108.36,naive
2026-04-18 00:00:00+00:00,4,110.83,106.605,naive
2026-04-18 00:00:00+00:00,5,105.7425,93.2375,naive
2026-04-18 00:00:00+00:00,6,92.2875,69.61,naive
2026-04-18 00:00:00+00:00,7,75.1275,21.57,naive
2026-04-18 00:00:00+00:00,8,39.5675,-0.1574999999999997,naive
2026-04-18 00:00:00+00:00,9,3.94,-8.307500000000001,naive
2026-04-18 00:00:00+00:00,10,-3.3825000000000003,-40.2525,naive
2026-04-18 00:00:00+00:00,11,-4.08,-79.965,naive
2026-04-18 00:00:00+00:00,12,-0.1,-77.635,naive
2026-04-18 00:00:00+00:00,13,18.8975,-45.8275,naive
2026-04-18 00:00:00+00:00,14,44.8875,-15.7975,naive
2026-04-18 00:00:00+00:00,15,90.805,-0.7149999999999999,naive
2026-04-18 00:00:00+00:00,16,119.595,43.697500000000005,naive
2026-04-18 00:00:00+00:00,17,131.54,73.8175,naive
2026-04-18 00:00:00+00:00,18,144.89,74.7875,naive
2026-04-18 00:00:00+00:00,19,140.29500000000002,65.2325,naive
2026-04-18 00:00:00+00:00,20,129.9925,68.6275,naive
2026-04-18 00:00:00+00:00,21,125.0,68.625,naive
2026-04-18 00:00:00+00:00,22,116.56,72.52250000000001,naive
2026-04-18 00:00:00+00:00,23,109.95,76.57249999999999,naive
2026-04-19 00:00:00+00:00,0,109.205,80.4225,naive
2026-04-19 00:00:00+00:00,1,106.3225,85.26,naive
2026-04-19 00:00:00+00:00,2,105.415,95.1025,naive
2026-04-19 00:00:00+00:00,3,106.55,98.05,naive
2026-04-19 00:00:00+00:00,4,104.7825,98.7,naive
2026-04-19 00:00:00+00:00,5,100.0325,94.3175,naive
2026-04-19 00:00:00+00:00,6,96.63,76.10249999999999,naive
2026-04-19 00:00:00+00:00,7,93.8425,53.3225,naive
2026-04-19 00:00:00+00:00,8,71.385,30.2325,naive
2026-04-19 00:00:00+00:00,9,31.985,22.415,naive
2026-04-19 00:00:00+00:00,10,5.735,14.975,naive
2026-04-19 00:00:00+00:00,11,-0.8475,1.97,naive
2026-04-19 00:00:00+00:00,12,-3.005,4.625,naive
2026-04-19 00:00:00+00:00,13,-2.255,15.905,naive
2026-04-19 00:00:00+00:00,14,16.02,67.55,naive
2026-04-19 00:00:00+00:00,15,73.7575,110.1775,naive
2026-04-19 00:00:00+00:00,16,103.855,135.3875,naive
2026-04-19 00:00:00+00:00,17,117.3525,144.765,naive
2026-04-19 00:00:00+00:00,18,124.1125,146.8025,naive
2026-04-19 00:00:00+00:00,19,121.5475,136.73250000000002,naive
2026-04-19 00:00:00+00:00,20,119.3625,130.6075,naive
2026-04-19 00:00:00+00:00,21,111.2325,121.0175,naive
2026-04-19 00:00:00+00:00,22,106.3075,116.5425,naive
2026-04-19 00:00:00+00:00,23,101.1125,109.795,naive
2026-04-20 00:00:00+00:00,0,99.0125,112.5325,naive
2026-04-20 00:00:00+00:00,1,99.04,108.5125,naive
2026-04-20 00:00:00+00:00,2,102.3025,111.4675,naive
2026-04-20 00:00:00+00:00,3,111.6,120.1925,naive
2026-04-20 00:00:00+00:00,4,129.385,146.5675,naive
2026-04-20 00:00:00+00:00,5,142.2075,148.555,naive
2026-04-20 00:00:00+00:00,6,134.32,127.1575,naive
2026-04-20 00:00:00+00:00,7,110.015,101.9025,naive
2026-04-20 00:00:00+00:00,8,90.1975,90.7825,naive
2026-04-20 00:00:00+00:00,9,75.88749999999999,57.88,naive
2026-04-20 00:00:00+00:00,10,51.182500000000005,30.87,naive
2026-04-20 00:00:00+00:00,11,32.595,26.445,naive
2026-04-20 00:00:00+00:00,12,29.57,31.3725,naive
2026-04-20 00:00:00+00:00,13,46.475,59.9975,naive
2026-04-20 00:00:00+00:00,14,78.325,81.82,naive
2026-04-20 00:00:00+00:00,15,97.245,102.31,naive
2026-04-20 00:00:00+00:00,16,112.91,126.755,naive
2026-04-20 00:00:00+00:00,17,123.4075,157.405,naive
2026-04-20 00:00:00+00:00,18,127.18,157.1125,naive
2026-04-20 00:00:00+00:00,19,121.94,138.0075,naive
2026-04-20 00:00:00+00:00,20,115.9725,123.93,naive
2026-04-20 00:00:00+00:00,21,106.7925,112.71,naive
2026-04-20 00:00:00+00:00,22,99.0,116.245,naive
2026-04-20 00:00:00+00:00,23,98.6425,110.8775,naive
2026-04-21 00:00:00+00:00,0,98.3725,99.0125,naive
2026-04-21 00:00:00+00:00,1,99.075,99.04,naive
2026-04-21 00:00:00+00:00,2,100.19,102.3025,naive
2026-04-21 00:00:00+00:00,3,108.4475,111.6,naive
2026-04-21 00:00:00+00:00,4,127.085,129.385,naive
2026-04-21 00:00:00+00:00,5,135.3275,142.2075,naive
2026-04-21 00:00:00+00:00,6,118.9475,134.32,naive
2026-04-21 00:00:00+00:00,7,97.305,110.015,naive
2026-04-21 00:00:00+00:00,8,59.895,90.1975,naive
2026-04-21 00:00:00+00:00,9,19.602500000000003,75.88749999999999,naive
2026-04-21 00:00:00+00:00,10,-0.0974999999999999,51.182500000000005,naive
2026-04-21 00:00:00+00:00,11,-1.7525,32.595,naive
2026-04-21 00:00:00+00:00,12,-3.7,29.57,naive
2026-04-21 00:00:00+00:00,13,-1.8625,46.475,naive
2026-04-21 00:00:00+00:00,14,14.535,78.325,naive
2026-04-21 00:00:00+00:00,15,69.83,97.245,naive
2026-04-21 00:00:00+00:00,16,102.645,112.91,naive
2026-04-21 00:00:00+00:00,17,134.11,123.4075,naive
2026-04-21 00:00:00+00:00,18,144.775,127.18,naive
2026-04-21 00:00:00+00:00,19,129.62,121.94,naive
2026-04-21 00:00:00+00:00,20,119.845,115.9725,naive
2026-04-21 00:00:00+00:00,21,111.8725,106.7925,naive
2026-04-21 00:00:00+00:00,22,107.095,99.0,naive
2026-04-21 00:00:00+00:00,23,104.11,98.6425,naive
2026-04-22 00:00:00+00:00,0,104.2,98.3725,naive
2026-04-22 00:00:00+00:00,1,104.8475,99.075,naive
2026-04-22 00:00:00+00:00,2,109.6925,100.19,naive
2026-04-22 00:00:00+00:00,3,121.2325,108.4475,naive
2026-04-22 00:00:00+00:00,4,139.8425,127.085,naive
2026-04-22 00:00:00+00:00,5,134.7975,135.3275,naive
2026-04-22 00:00:00+00:00,6,113.865,118.9475,naive
2026-04-22 00:00:00+00:00,7,79.555,97.305,naive
2026-04-22 00:00:00+00:00,8,20.155,59.895,naive
2026-04-22 00:00:00+00:00,9,-2.42,19.602500000000003,naive
2026-04-22 00:00:00+00:00,10,-8.8325,-0.0974999999999999,naive
2026-04-22 00:00:00+00:00,11,-20.985,-1.7525,naive
2026-04-22 00:00:00+00:00,12,-19.0,-3.7,naive
2026-04-22 00:00:00+00:00,13,-4.92,-1.8625,naive
2026-04-22 00:00:00+00:00,14,-0.0099999999999998,14.535,naive
2026-04-22 00:00:00+00:00,15,57.405,69.83,naive
2026-04-22 00:00:00+00:00,16,105.2975,102.645,naive
2026-04-22 00:00:00+00:00,17,140.1175,134.11,naive
2026-04-22 00:00:00+00:00,18,153.91,144.775,naive
2026-04-22 00:00:00+00:00,19,128.51,129.62,naive
2026-04-22 00:00:00+00:00,20,114.45,119.845,naive
2026-04-22 00:00:00+00:00,21,105.0775,111.8725,naive
2026-04-22 00:00:00+00:00,22,100.14,107.095,naive
2026-04-22 00:00:00+00:00,23,97.625,104.11,naive
2026-04-23 00:00:00+00:00,0,96.735,104.2,naive
2026-04-23 00:00:00+00:00,1,96.2075,104.8475,naive
2026-04-23 00:00:00+00:00,2,95.85,109.6925,naive
2026-04-23 00:00:00+00:00,3,104.16,121.2325,naive
2026-04-23 00:00:00+00:00,4,119.0,139.8425,naive
2026-04-23 00:00:00+00:00,5,119.4,134.7975,naive
2026-04-23 00:00:00+00:00,6,109.6975,113.865,naive
2026-04-23 00:00:00+00:00,7,63.2925,79.555,naive
2026-04-23 00:00:00+00:00,8,-0.5625,20.155,naive
2026-04-23 00:00:00+00:00,9,-6.175,-2.42,naive
2026-04-23 00:00:00+00:00,10,-29.0075,-8.8325,naive
2026-04-23 00:00:00+00:00,11,-49.56,-20.985,naive
2026-04-23 00:00:00+00:00,12,-48.8625,-19.0,naive
2026-04-23 00:00:00+00:00,13,-22.89,-4.92,naive
2026-04-23 00:00:00+00:00,14,-1.93,-0.0099999999999998,naive
2026-04-23 00:00:00+00:00,15,21.9675,57.405,naive
2026-04-23 00:00:00+00:00,16,93.5725,105.2975,naive
2026-04-23 00:00:00+00:00,17,121.5,140.1175,naive
2026-04-23 00:00:00+00:00,18,136.955,153.91,naive
2026-04-23 00:00:00+00:00,19,116.2875,128.51,naive
2026-04-23 00:00:00+00:00,20,108.235,114.45,naive
2026-04-23 00:00:00+00:00,21,99.4575,105.0775,naive
2026-04-23 00:00:00+00:00,22,102.455,100.14,naive
2026-04-23 00:00:00+00:00,23,100.13,97.625,naive
2026-04-24 00:00:00+00:00,0,100.71,96.735,naive
2026-04-24 00:00:00+00:00,1,101.69,96.2075,naive
2026-04-24 00:00:00+00:00,2,105.3575,95.85,naive
2026-04-24 00:00:00+00:00,3,116.305,104.16,naive
2026-04-24 00:00:00+00:00,4,131.8725,119.0,naive
2026-04-24 00:00:00+00:00,5,137.9875,119.4,naive
2026-04-24 00:00:00+00:00,6,117.685,109.6975,naive
2026-04-24 00:00:00+00:00,7,80.905,63.2925,naive
2026-04-24 00:00:00+00:00,8,19.5725,-0.5625,naive
2026-04-24 00:00:00+00:00,9,-0.035,-6.175,naive
2026-04-24 00:00:00+00:00,10,-6.9075,-29.0075,naive
2026-04-24 00:00:00+00:00,11,-26.14,-49.56,naive
2026-04-24 00:00:00+00:00,12,-30.0025,-48.8625,naive
2026-04-24 00:00:00+00:00,13,-16.555,-22.89,naive
2026-04-24 00:00:00+00:00,14,-1.6124999999999998,-1.93,naive
2026-04-24 00:00:00+00:00,15,50.9075,21.9675,naive
2026-04-24 00:00:00+00:00,16,104.8175,93.5725,naive
2026-04-24 00:00:00+00:00,17,133.81,121.5,naive
2026-04-24 00:00:00+00:00,18,137.34,136.955,naive
2026-04-24 00:00:00+00:00,19,131.025,116.2875,naive
2026-04-24 00:00:00+00:00,20,121.8775,108.235,naive
2026-04-24 00:00:00+00:00,21,113.4425,99.4575,naive
2026-04-24 00:00:00+00:00,22,100.625,102.455,naive
2026-04-24 00:00:00+00:00,23,95.54,100.13,naive
2026-04-25 00:00:00+00:00,0,95.12,109.6625,naive
2026-04-25 00:00:00+00:00,1,95.1575,107.695,naive
2026-04-25 00:00:00+00:00,2,88.4575,108.8725,naive
2026-04-25 00:00:00+00:00,3,88.03,110.905,naive
2026-04-25 00:00:00+00:00,4,83.1825,110.83,naive
2026-04-25 00:00:00+00:00,5,71.3625,105.7425,naive
2026-04-25 00:00:00+00:00,6,20.035,92.2875,naive
2026-04-25 00:00:00+00:00,7,-0.0424999999999999,75.1275,naive
2026-04-25 00:00:00+00:00,8,-7.27,39.5675,naive
2026-04-25 00:00:00+00:00,9,-42.1425,3.94,naive
2026-04-25 00:00:00+00:00,10,-100.5125,-3.3825000000000003,naive
2026-04-25 00:00:00+00:00,11,-176.4425,-4.08,naive
2026-04-25 00:00:00+00:00,12,-190.865,-0.1,naive
2026-04-25 00:00:00+00:00,13,-133.8025,18.8975,naive
2026-04-25 00:00:00+00:00,14,-53.975,44.8875,naive
2026-04-25 00:00:00+00:00,15,-5.245,90.805,naive
2026-04-25 00:00:00+00:00,16,4.615,119.595,naive
2026-04-25 00:00:00+00:00,17,65.19749999999999,131.54,naive
2026-04-25 00:00:00+00:00,18,75.42,144.89,naive
2026-04-25 00:00:00+00:00,19,72.005,140.29500000000002,naive
2026-04-25 00:00:00+00:00,20,72.6775,129.9925,naive
2026-04-25 00:00:00+00:00,21,69.97999999999999,125.0,naive
2026-04-25 00:00:00+00:00,22,79.44,116.56,naive
2026-04-25 00:00:00+00:00,23,83.595,109.95,naive
2026-04-26 00:00:00+00:00,0,87.1,109.205,naive
2026-04-26 00:00:00+00:00,1,90.4875,106.3225,naive
2026-04-26 00:00:00+00:00,2,94.1525,105.415,naive
2026-04-26 00:00:00+00:00,3,98.64,106.55,naive
2026-04-26 00:00:00+00:00,4,94.185,104.7825,naive
2026-04-26 00:00:00+00:00,5,83.1525,100.0325,naive
2026-04-26 00:00:00+00:00,6,54.3125,96.63,naive
2026-04-26 00:00:00+00:00,7,-0.01,93.8425,naive
2026-04-26 00:00:00+00:00,8,-28.185,71.385,naive
2026-04-26 00:00:00+00:00,9,-127.365,31.985,naive
2026-04-26 00:00:00+00:00,10,-259.96000000000004,5.735,naive
2026-04-26 00:00:00+00:00,11,-413.77,-0.8475,naive
2026-04-26 00:00:00+00:00,12,-413.245,-3.005,naive
2026-04-26 00:00:00+00:00,13,-235.8925,-2.255,naive
2026-04-26 00:00:00+00:00,14,-37.305,16.02,naive
2026-04-26 00:00:00+00:00,15,11.177499999999998,73.7575,naive
2026-04-26 00:00:00+00:00,16,113.0975,103.855,naive
2026-04-26 00:00:00+00:00,17,150.2875,117.3525,naive
2026-04-26 00:00:00+00:00,18,157.815,124.1125,naive
2026-04-26 00:00:00+00:00,19,140.6525,121.5475,naive
2026-04-26 00:00:00+00:00,20,126.4075,119.3625,naive
2026-04-26 00:00:00+00:00,21,122.875,111.2325,naive
2026-04-26 00:00:00+00:00,22,118.4475,106.3075,naive
2026-04-26 00:00:00+00:00,23,113.03,101.1125,naive
2026-04-27 00:00:00+00:00,0,112.71,100.71,naive
2026-04-27 00:00:00+00:00,1,112.825,101.69,naive
2026-04-27 00:00:00+00:00,2,116.74,105.3575,naive
2026-04-27 00:00:00+00:00,3,125.6675,116.305,naive
2026-04-27 00:00:00+00:00,4,165.5675,131.8725,naive
2026-04-27 00:00:00+00:00,5,153.69,137.9875,naive
2026-04-27 00:00:00+00:00,6,126.5475,117.685,naive
2026-04-27 00:00:00+00:00,7,92.5275,80.905,naive
2026-04-27 00:00:00+00:00,8,59.1425,19.5725,naive
2026-04-27 00:00:00+00:00,9,4.14,-0.035,naive
2026-04-27 00:00:00+00:00,10,-0.0975,-6.9075,naive
2026-04-27 00:00:00+00:00,11,-0.83,-26.14,naive
2026-04-27 00:00:00+00:00,12,-0.1625,-30.0025,naive
2026-04-27 00:00:00+00:00,13,5.1425,-16.555,naive
2026-04-27 00:00:00+00:00,14,68.66499999999999,-1.6124999999999998,naive
2026-04-27 00:00:00+00:00,15,107.185,50.9075,naive
2026-04-27 00:00:00+00:00,16,129.8525,104.8175,naive
2026-04-27 00:00:00+00:00,17,172.3,133.81,naive
2026-04-27 00:00:00+00:00,18,188.1175,137.34,naive
2026-04-27 00:00:00+00:00,19,148.46,131.025,naive
2026-04-27 00:00:00+00:00,20,125.6475,121.8775,naive
2026-04-27 00:00:00+00:00,21,115.2025,113.4425,naive
2026-04-27 00:00:00+00:00,22,112.66,100.625,naive
2026-04-27 00:00:00+00:00,23,106.9025,95.54,naive
2026-04-28 00:00:00+00:00,0,102.98,112.71,naive
2026-04-28 00:00:00+00:00,1,102.83,112.825,naive
2026-04-28 00:00:00+00:00,2,105.2775,116.74,naive
2026-04-28 00:00:00+00:00,3,111.835,125.6675,naive
2026-04-28 00:00:00+00:00,4,122.1,165.5675,naive
2026-04-28 00:00:00+00:00,5,121.43,153.69,naive
2026-04-28 00:00:00+00:00,6,112.315,126.5475,naive
2026-04-28 00:00:00+00:00,7,79.7775,92.5275,naive
2026-04-28 00:00:00+00:00,8,21.815,59.1425,naive
2026-04-28 00:00:00+00:00,9,-1.085,4.14,naive
2026-04-28 00:00:00+00:00,10,-14.0425,-0.0975,naive
2026-04-28 00:00:00+00:00,11,-29.0,-0.83,naive
2026-04-28 00:00:00+00:00,12,-29.0075,-0.1625,naive
2026-04-28 00:00:00+00:00,13,-17.33,5.1425,naive
2026-04-28 00:00:00+00:00,14,-4.655,68.66499999999999,naive
2026-04-28 00:00:00+00:00,15,33.315,107.185,naive
2026-04-28 00:00:00+00:00,16,90.1,129.8525,naive
2026-04-28 00:00:00+00:00,17,117.4,172.3,naive
2026-04-28 00:00:00+00:00,18,120.9725,188.1175,naive
2026-04-28 00:00:00+00:00,19,115.8275,148.46,naive
2026-04-28 00:00:00+00:00,20,111.295,125.6475,naive
2026-04-28 00:00:00+00:00,21,101.77,115.2025,naive
2026-04-28 00:00:00+00:00,22,98.2075,112.66,naive
2026-04-28 00:00:00+00:00,23,96.725,106.9025,naive
2026-04-29 00:00:00+00:00,0,97.9175,102.98,naive
2026-04-29 00:00:00+00:00,1,98.5275,102.83,naive
2026-04-29 00:00:00+00:00,2,100.65,105.2775,naive
2026-04-29 00:00:00+00:00,3,107.905,111.835,naive
2026-04-29 00:00:00+00:00,4,139.7975,122.1,naive
2026-04-29 00:00:00+00:00,5,126.8475,121.43,naive
2026-04-29 00:00:00+00:00,6,112.365,112.315,naive
2026-04-29 00:00:00+00:00,7,66.42,79.7775,naive
2026-04-29 00:00:00+00:00,8,-1.0775,21.815,naive
2026-04-29 00:00:00+00:00,9,-11.5675,-1.085,naive
2026-04-29 00:00:00+00:00,10,-33.765,-14.0425,naive
2026-04-29 00:00:00+00:00,11,-60.3625,-29.0,naive
2026-04-29 00:00:00+00:00,12,-55.4325,-29.0075,naive
2026-04-29 00:00:00+00:00,13,-36.22,-17.33,naive
2026-04-29 00:00:00+00:00,14,-11.25,-4.655,naive
2026-04-29 00:00:00+00:00,15,19.645,33.315,naive
2026-04-29 00:00:00+00:00,16,91.145,90.1,naive
2026-04-29 00:00:00+00:00,17,125.81,117.4,naive
2026-04-29 00:00:00+00:00,18,145.5925,120.9725,naive
2026-04-29 00:00:00+00:00,19,129.95,115.8275,naive
2026-04-29 00:00:00+00:00,20,115.6575,111.295,naive
2026-04-29 00:00:00+00:00,21,105.0975,101.77,naive
2026-04-29 00:00:00+00:00,22,100.32,98.2075,naive
2026-04-29 00:00:00+00:00,23,100.11,96.725,naive
2026-04-30 00:00:00+00:00,0,98.57,97.9175,naive
2026-04-30 00:00:00+00:00,1,99.4775,98.5275,naive
2026-04-30 00:00:00+00:00,2,104.09,100.65,naive
2026-04-30 00:00:00+00:00,3,114.1025,107.905,naive
2026-04-30 00:00:00+00:00,4,139.12,139.7975,naive
2026-04-30 00:00:00+00:00,5,122.285,126.8475,naive
2026-04-30 00:00:00+00:00,6,96.2175,112.365,naive
2026-04-30 00:00:00+00:00,7,45.555,66.42,naive
2026-04-30 00:00:00+00:00,8,-0.0375,-1.0775,naive
2026-04-30 00:00:00+00:00,9,-3.875,-11.5675,naive
2026-04-30 00:00:00+00:00,10,-16.2525,-33.765,naive
2026-04-30 00:00:00+00:00,11,-32.02,-60.3625,naive
2026-04-30 00:00:00+00:00,12,-28.93,-55.4325,naive
2026-04-30 00:00:00+00:00,13,-12.05,-36.22,naive
2026-04-30 00:00:00+00:00,14,-2.2925,-11.25,naive
2026-04-30 00:00:00+00:00,15,20.58,19.645,naive
2026-04-30 00:00:00+00:00,16,92.43,91.145,naive
2026-04-30 00:00:00+00:00,17,139.0875,125.81,naive
2026-04-30 00:00:00+00:00,18,178.62,145.5925,naive
2026-04-30 00:00:00+00:00,19,145.84,129.95,naive
2026-04-30 00:00:00+00:00,20,118.92,115.6575,naive
2026-04-30 00:00:00+00:00,21,109.6075,105.0975,naive
2026-04-30 00:00:00+00:00,22,107.2275,100.32,naive
2026-04-30 00:00:00+00:00,23,103.085,100.11,naive
2026-05-01 00:00:00+00:00,0,101.385,98.57,naive
2026-05-01 00:00:00+00:00,1,99.245,99.4775,naive
2026-05-01 00:00:00+00:00,2,97.98,104.09,naive
2026-05-01 00:00:00+00:00,3,97.495,114.1025,naive
2026-05-01 00:00:00+00:00,4,103.7675,139.12,naive
2026-05-01 00:00:00+00:00,5,80.34,122.285,naive
2026-05-01 00:00:00+00:00,6,35.3325,96.2175,naive
2026-05-01 00:00:00+00:00,7,-0.0275,45.555,naive
2026-05-01 00:00:00+00:00,8,-21.18,-0.0375,naive
2026-05-01 00:00:00+00:00,9,-108.6175,-3.875,naive
2026-05-01 00:00:00+00:00,10,-318.58,-16.2525,naive
2026-05-01 00:00:00+00:00,11,-499.0,-32.02,naive
2026-05-01 00:00:00+00:00,12,-474.9675,-28.93,naive
2026-05-01 00:00:00+00:00,13,-205.8775,-12.05,naive
2026-05-01 00:00:00+00:00,14,-26.2475,-2.2925,naive
2026-05-01 00:00:00+00:00,15,5.555,20.58,naive
2026-05-01 00:00:00+00:00,16,92.53,92.43,naive
2026-05-01 00:00:00+00:00,17,154.19,139.0875,naive
2026-05-01 00:00:00+00:00,18,173.325,178.62,naive
2026-05-01 00:00:00+00:00,19,142.95,145.84,naive
2026-05-01 00:00:00+00:00,20,113.2225,118.92,naive
2026-05-01 00:00:00+00:00,21,96.9825,109.6075,naive
2026-05-01 00:00:00+00:00,22,117.425,107.2275,naive
2026-05-01 00:00:00+00:00,23,103.7125,103.085,naive
2026-05-02 00:00:00+00:00,0,99.4775,95.12,naive
2026-05-02 00:00:00+00:00,1,93.335,95.1575,naive
2026-05-02 00:00:00+00:00,2,93.545,88.4575,naive
2026-05-02 00:00:00+00:00,3,93.6975,88.03,naive
2026-05-02 00:00:00+00:00,4,91.78,83.1825,naive
2026-05-02 00:00:00+00:00,5,78.0125,71.3625,naive
2026-05-02 00:00:00+00:00,6,18.27,20.035,naive
2026-05-02 00:00:00+00:00,7,1.27,-0.0424999999999999,naive
2026-05-02 00:00:00+00:00,8,-2.3875,-7.27,naive
2026-05-02 00:00:00+00:00,9,-21.9125,-42.1425,naive
2026-05-02 00:00:00+00:00,10,-83.6075,-100.5125,naive
2026-05-02 00:00:00+00:00,11,-130.0275,-176.4425,naive
2026-05-02 00:00:00+00:00,12,-86.8425,-190.865,naive
2026-05-02 00:00:00+00:00,13,-14.0375,-133.8025,naive
2026-05-02 00:00:00+00:00,14,0.0325,-53.975,naive
2026-05-02 00:00:00+00:00,15,54.945,-5.245,naive
2026-05-02 00:00:00+00:00,16,127.14,4.615,naive
2026-05-02 00:00:00+00:00,17,165.0,65.19749999999999,naive
2026-05-02 00:00:00+00:00,18,195.45,75.42,naive
2026-05-02 00:00:00+00:00,19,154.32,72.005,naive
2026-05-02 00:00:00+00:00,20,139.96,72.6775,naive
2026-05-02 00:00:00+00:00,21,123.865,69.97999999999999,naive
2026-05-02 00:00:00+00:00,22,121.195,79.44,naive
2026-05-02 00:00:00+00:00,23,116.0325,83.595,naive
2026-05-03 00:00:00+00:00,0,110.1625,87.1,naive
2026-05-03 00:00:00+00:00,1,108.4775,90.4875,naive
2026-05-03 00:00:00+00:00,2,106.2925,94.1525,naive
2026-05-03 00:00:00+00:00,3,107.0725,98.64,naive
2026-05-03 00:00:00+00:00,4,101.7,94.185,naive
2026-05-03 00:00:00+00:00,5,85.3375,83.1525,naive
2026-05-03 00:00:00+00:00,6,71.7375,54.3125,naive
2026-05-03 00:00:00+00:00,7,32.6575,-0.01,naive
2026-05-03 00:00:00+00:00,8,1.2875,-28.185,naive
2026-05-03 00:00:00+00:00,9,-1.4275,-127.365,naive
2026-05-03 00:00:00+00:00,10,-6.79,-259.96000000000004,naive
2026-05-03 00:00:00+00:00,11,-14.435,-413.77,naive
2026-05-03 00:00:00+00:00,12,-10.8825,-413.245,naive
2026-05-03 00:00:00+00:00,13,-3.9675,-235.8925,naive
2026-05-03 00:00:00+00:00,14,9.1325,-37.305,naive
2026-05-03 00:00:00+00:00,15,80.7075,11.177499999999998,naive
2026-05-03 00:00:00+00:00,16,120.5725,113.0975,naive
2026-05-03 00:00:00+00:00,17,134.795,150.2875,naive
2026-05-03 00:00:00+00:00,18,140.87,157.815,naive
2026-05-03 00:00:00+00:00,19,137.31,140.6525,naive
2026-05-03 00:00:00+00:00,20,130.3775,126.4075,naive
2026-05-03 00:00:00+00:00,21,121.115,122.875,naive
2026-05-03 00:00:00+00:00,22,117.355,118.4475,naive
2026-05-03 00:00:00+00:00,23,108.41,113.03,naive
2026-05-04 00:00:00+00:00,0,110.5575,101.385,naive
2026-05-04 00:00:00+00:00,1,106.3475,99.245,naive
2026-05-04 00:00:00+00:00,2,109.9075,97.98,naive
2026-05-04 00:00:00+00:00,3,128.8825,97.495,naive
2026-05-04 00:00:00+00:00,4,149.5475,103.7675,naive
2026-05-04 00:00:00+00:00,5,151.26749999999998,80.34,naive
2026-05-04 00:00:00+00:00,6,134.6025,35.3325,naive
2026-05-04 00:00:00+00:00,7,113.625,-0.0275,naive
2026-05-04 00:00:00+00:00,8,99.99,-21.18,naive
2026-05-04 00:00:00+00:00,9,93.095,-108.6175,naive
2026-05-04 00:00:00+00:00,10,75.065,-318.58,naive
2026-05-04 00:00:00+00:00,11,69.4075,-499.0,naive
2026-05-04 00:00:00+00:00,12,81.0775,-474.9675,naive
2026-05-04 00:00:00+00:00,13,94.0025,-205.8775,naive
2026-05-04 00:00:00+00:00,14,107.9675,-26.2475,naive
2026-05-04 00:00:00+00:00,15,128.9925,5.555,naive
2026-05-04 00:00:00+00:00,16,169.0,92.53,naive
2026-05-04 00:00:00+00:00,17,245.03,154.19,naive
2026-05-04 00:00:00+00:00,18,266.83500000000004,173.325,naive
2026-05-04 00:00:00+00:00,19,194.3,142.95,naive
2026-05-04 00:00:00+00:00,20,153.04500000000002,113.2225,naive
2026-05-04 00:00:00+00:00,21,137.2,96.9825,naive
2026-05-04 00:00:00+00:00,22,131.36,117.425,naive
2026-05-04 00:00:00+00:00,23,126.2,103.7125,naive
2026-05-05 00:00:00+00:00,0,122.11,110.5575,naive
2026-05-05 00:00:00+00:00,1,122.045,106.3475,naive
2026-05-05 00:00:00+00:00,2,123.9,109.9075,naive
2026-05-05 00:00:00+00:00,3,133.9025,128.8825,naive
2026-05-05 00:00:00+00:00,4,160.1125,149.5475,naive
2026-05-05 00:00:00+00:00,5,160.765,151.26749999999998,naive
2026-05-05 00:00:00+00:00,6,147.23250000000002,134.6025,naive
2026-05-05 00:00:00+00:00,7,129.61,113.625,naive
2026-05-05 00:00:00+00:00,8,114.12,99.99,naive
2026-05-05 00:00:00+00:00,9,108.2575,93.095,naive
2026-05-05 00:00:00+00:00,10,99.0925,75.065,naive
2026-05-05 00:00:00+00:00,11,98.055,69.4075,naive
2026-05-05 00:00:00+00:00,12,97.745,81.0775,naive
2026-05-05 00:00:00+00:00,13,105.99,94.0025,naive
2026-05-05 00:00:00+00:00,14,111.9775,107.9675,naive
2026-05-05 00:00:00+00:00,15,128.67000000000002,128.9925,naive
2026-05-05 00:00:00+00:00,16,145.7625,169.0,naive
2026-05-05 00:00:00+00:00,17,163.685,245.03,naive
2026-05-05 00:00:00+00:00,18,163.9025,266.83500000000004,naive
2026-05-05 00:00:00+00:00,19,146.9975,194.3,naive
2026-05-05 00:00:00+00:00,20,132.745,153.04500000000002,naive
2026-05-05 00:00:00+00:00,21,115.2925,137.2,naive
2026-05-05 00:00:00+00:00,22,120.035,131.36,naive
2026-05-05 00:00:00+00:00,23,114.23,126.2,naive
2026-05-06 00:00:00+00:00,0,113.165,122.11,naive
2026-05-06 00:00:00+00:00,1,112.995,122.045,naive
2026-05-06 00:00:00+00:00,2,113.34,123.9,naive
2026-05-06 00:00:00+00:00,3,118.225,133.9025,naive
2026-05-06 00:00:00+00:00,4,131.14,160.1125,naive
2026-05-06 00:00:00+00:00,5,142.45,160.765,naive
2026-05-06 00:00:00+00:00,6,141.55,147.23250000000002,naive
2026-05-06 00:00:00+00:00,7,121.305,129.61,naive
2026-05-06 00:00:00+00:00,8,108.8,114.12,naive
2026-05-06 00:00:00+00:00,9,104.12,108.2575,naive
2026-05-06 00:00:00+00:00,10,100.0925,99.0925,naive
2026-05-06 00:00:00+00:00,11,89.34,98.055,naive
2026-05-06 00:00:00+00:00,12,91.33,97.745,naive
2026-05-06 00:00:00+00:00,13,103.125,105.99,naive
2026-05-06 00:00:00+00:00,14,112.6625,111.9775,naive
2026-05-06 00:00:00+00:00,15,125.0525,128.67000000000002,naive
2026-05-06 00:00:00+00:00,16,137.91,145.7625,naive
2026-05-06 00:00:00+00:00,17,154.605,163.685,naive
2026-05-06 00:00:00+00:00,18,156.915,163.9025,naive
2026-05-06 00:00:00+00:00,19,154.61,146.9975,naive
2026-05-06 00:00:00+00:00,20,143.4125,132.745,naive
2026-05-06 00:00:00+00:00,21,128.26,115.2925,naive
2026-05-06 00:00:00+00:00,22,125.1525,120.035,naive
2026-05-06 00:00:00+00:00,23,116.485,114.23,naive
2026-05-07 00:00:00+00:00,0,115.2575,113.165,naive
2026-05-07 00:00:00+00:00,1,116.49,112.995,naive
2026-05-07 00:00:00+00:00,2,119.1375,113.34,naive
2026-05-07 00:00:00+00:00,3,126.875,118.225,naive
2026-05-07 00:00:00+00:00,4,151.0,131.14,naive
2026-05-07 00:00:00+00:00,5,167.29250000000002,142.45,naive
2026-05-07 00:00:00+00:00,6,155.5925,141.55,naive
2026-05-07 00:00:00+00:00,7,136.41,121.305,naive
2026-05-07 00:00:00+00:00,8,120.1325,108.8,naive
2026-05-07 00:00:00+00:00,9,113.525,104.12,naive
2026-05-07 00:00:00+00:00,10,103.9225,100.0925,naive
2026-05-07 00:00:00+00:00,11,101.915,89.34,naive
2026-05-07 00:00:00+00:00,12,101.73,91.33,naive
2026-05-07 00:00:00+00:00,13,107.445,103.125,naive
2026-05-07 00:00:00+00:00,14,117.9975,112.6625,naive
2026-05-07 00:00:00+00:00,15,132.56,125.0525,naive
2026-05-07 00:00:00+00:00,16,148.70499999999998,137.91,naive
2026-05-07 00:00:00+00:00,17,185.655,154.605,naive
2026-05-07 00:00:00+00:00,18,221.4775,156.915,naive
2026-05-07 00:00:00+00:00,19,182.715,154.61,naive
2026-05-07 00:00:00+00:00,20,154.435,143.4125,naive
2026-05-07 00:00:00+00:00,21,142.7575,128.26,naive
2026-05-07 00:00:00+00:00,22,130.3425,125.1525,naive
2026-05-07 00:00:00+00:00,23,120.66,116.485,naive
2026-05-08 00:00:00+00:00,0,118.215,115.2575,naive
2026-05-08 00:00:00+00:00,1,116.9775,116.49,naive
2026-05-08 00:00:00+00:00,2,118.565,119.1375,naive
2026-05-08 00:00:00+00:00,3,126.185,126.875,naive
2026-05-08 00:00:00+00:00,4,143.6,151.0,naive
2026-05-08 00:00:00+00:00,5,147.0275,167.29250000000002,naive
2026-05-08 00:00:00+00:00,6,137.4,155.5925,naive
2026-05-08 00:00:00+00:00,7,115.2475,136.41,naive
2026-05-08 00:00:00+00:00,8,97.7475,120.1325,naive
2026-05-08 00:00:00+00:00,9,75.81,113.525,naive
2026-05-08 00:00:00+00:00,10,65.37,103.9225,naive
2026-05-08 00:00:00+00:00,11,58.7075,101.915,naive
2026-05-08 00:00:00+00:00,12,64.34,101.73,naive
2026-05-08 00:00:00+00:00,13,81.8925,107.445,naive
2026-05-08 00:00:00+00:00,14,94.0625,117.9975,naive
2026-05-08 00:00:00+00:00,15,109.5,132.56,naive
2026-05-08 00:00:00+00:00,16,127.815,148.70499999999998,naive
2026-05-08 00:00:00+00:00,17,143.54250000000002,185.655,naive
2026-05-08 00:00:00+00:00,18,152.9775,221.4775,naive
2026-05-08 00:00:00+00:00,19,138.9,182.715,naive
2026-05-08 00:00:00+00:00,20,127.5025,154.435,naive
2026-05-08 00:00:00+00:00,21,119.14,142.7575,naive
2026-05-08 00:00:00+00:00,22,127.6925,130.3425,naive
2026-05-08 00:00:00+00:00,23,123.4075,120.66,naive
2026-05-09 00:00:00+00:00,0,123.48,99.4775,naive
2026-05-09 00:00:00+00:00,1,124.3525,93.335,naive
2026-05-09 00:00:00+00:00,2,125.7375,93.545,naive
2026-05-09 00:00:00+00:00,3,126.4525,93.6975,naive
2026-05-09 00:00:00+00:00,4,127.5225,91.78,naive
2026-05-09 00:00:00+00:00,5,118.67,78.0125,naive
2026-05-09 00:00:00+00:00,6,107.6725,18.27,naive
2026-05-09 00:00:00+00:00,7,68.3075,1.27,naive
2026-05-09 00:00:00+00:00,8,9.9275,-2.3875,naive
2026-05-09 00:00:00+00:00,9,-0.015,-21.9125,naive
2026-05-09 00:00:00+00:00,10,-0.0625,-83.6075,naive
2026-05-09 00:00:00+00:00,11,-0.09,-130.0275,naive
2026-05-09 00:00:00+00:00,12,-0.0125,-86.8425,naive
2026-05-09 00:00:00+00:00,13,0.0025,-14.0375,naive
2026-05-09 00:00:00+00:00,14,27.715000000000003,0.0325,naive
2026-05-09 00:00:00+00:00,15,93.69,54.945,naive
2026-05-09 00:00:00+00:00,16,123.19,127.14,naive
2026-05-09 00:00:00+00:00,17,138.5075,165.0,naive
2026-05-09 00:00:00+00:00,18,146.965,195.45,naive
2026-05-09 00:00:00+00:00,19,143.485,154.32,naive
2026-05-09 00:00:00+00:00,20,136.3,139.96,naive
2026-05-09 00:00:00+00:00,21,127.0875,123.865,naive
2026-05-09 00:00:00+00:00,22,128.0925,121.195,naive
2026-05-09 00:00:00+00:00,23,125.4475,116.0325,naive
2026-05-10 00:00:00+00:00,0,125.4325,110.1625,naive
2026-05-10 00:00:00+00:00,1,123.4825,108.4775,naive
2026-05-10 00:00:00+00:00,2,124.1975,106.2925,naive
2026-05-10 00:00:00+00:00,3,123.94,107.0725,naive
2026-05-10 00:00:00+00:00,4,115.14,101.7,naive
2026-05-10 00:00:00+00:00,5,101.1675,85.3375,naive
2026-05-10 00:00:00+00:00,6,70.835,71.7375,naive
2026-05-10 00:00:00+00:00,7,11.18,32.6575,naive
2026-05-10 00:00:00+00:00,8,0.0025,1.2875,naive
2026-05-10 00:00:00+00:00,9,-0.6699999999999999,-1.4275,naive
2026-05-10 00:00:00+00:00,10,-1.88,-6.79,naive
2026-05-10 00:00:00+00:00,11,-2.165,-14.435,naive
2026-05-10 00:00:00+00:00,12,-1.4,-10.8825,naive
2026-05-10 00:00:00+00:00,13,-0.255,-3.9675,naive
2026-05-10 00:00:00+00:00,14,1.8825,9.1325,naive
2026-05-10 00:00:00+00:00,15,71.005,80.7075,naive
2026-05-10 00:00:00+00:00,16,110.9425,120.5725,naive
2026-05-10 00:00:00+00:00,17,122.0,134.795,naive
2026-05-10 00:00:00+00:00,18,129.3175,140.87,naive
2026-05-10 00:00:00+00:00,19,128.515,137.31,naive
2026-05-10 00:00:00+00:00,20,124.14,130.3775,naive
2026-05-10 00:00:00+00:00,21,119.8375,121.115,naive
2026-05-10 00:00:00+00:00,22,118.785,117.355,naive
2026-05-10 00:00:00+00:00,23,112.335,108.41,naive
2026-05-11 00:00:00+00:00,0,110.4275,118.215,naive
2026-05-11 00:00:00+00:00,1,112.6575,116.9775,naive
2026-05-11 00:00:00+00:00,2,113.0925,118.565,naive
2026-05-11 00:00:00+00:00,3,122.1375,126.185,naive
2026-05-11 00:00:00+00:00,4,136.475,143.6,naive
2026-05-11 00:00:00+00:00,5,154.0475,147.0275,naive
2026-05-11 00:00:00+00:00,6,150.0125,137.4,naive
2026-05-11 00:00:00+00:00,7,136.79999999999998,115.2475,naive
2026-05-11 00:00:00+00:00,8,126.3075,97.7475,naive
2026-05-11 00:00:00+00:00,9,113.4325,75.81,naive
2026-05-11 00:00:00+00:00,10,105.485,65.37,naive
2026-05-11 00:00:00+00:00,11,98.78,58.7075,naive
2026-05-11 00:00:00+00:00,12,95.98,64.34,naive
2026-05-11 00:00:00+00:00,13,96.2,81.8925,naive
2026-05-11 00:00:00+00:00,14,100.49,94.0625,naive
2026-05-11 00:00:00+00:00,15,116.3025,109.5,naive
2026-05-11 00:00:00+00:00,16,122.98,127.815,naive
2026-05-11 00:00:00+00:00,17,130.7175,143.54250000000002,naive
2026-05-11 00:00:00+00:00,18,131.12,152.9775,naive
2026-05-11 00:00:00+00:00,19,127.8725,138.9,naive
2026-05-11 00:00:00+00:00,20,120.765,127.5025,naive
2026-05-11 00:00:00+00:00,21,108.9525,119.14,naive
2026-05-11 00:00:00+00:00,22,99.065,127.6925,naive
2026-05-11 00:00:00+00:00,23,95.275,123.4075,naive
2026-05-12 00:00:00+00:00,0,91.73,110.4275,naive
2026-05-12 00:00:00+00:00,1,89.8975,112.6575,naive
2026-05-12 00:00:00+00:00,2,91.375,113.0925,naive
2026-05-12 00:00:00+00:00,3,94.0025,122.1375,naive
2026-05-12 00:00:00+00:00,4,111.2625,136.475,naive
2026-05-12 00:00:00+00:00,5,122.575,154.0475,naive
2026-05-12 00:00:00+00:00,6,112.145,150.0125,naive
2026-05-12 00:00:00+00:00,7,94.075,136.79999999999998,naive
2026-05-12 00:00:00+00:00,8,79.5575,126.3075,naive
2026-05-12 00:00:00+00:00,9,63.535,113.4325,naive
2026-05-12 00:00:00+00:00,10,45.91,105.485,naive
2026-05-12 00:00:00+00:00,11,27.33,98.78,naive
2026-05-12 00:00:00+00:00,12,19.9725,95.98,naive
2026-05-12 00:00:00+00:00,13,44.760000000000005,96.2,naive
2026-05-12 00:00:00+00:00,14,74.405,100.49,naive
2026-05-12 00:00:00+00:00,15,96.0,116.3025,naive
2026-05-12 00:00:00+00:00,16,114.88,122.98,naive
2026-05-12 00:00:00+00:00,17,136.2775,130.7175,naive
2026-05-12 00:00:00+00:00,18,142.985,131.12,naive
2026-05-12 00:00:00+00:00,19,142.7425,127.8725,naive
2026-05-12 00:00:00+00:00,20,131.225,120.765,naive
2026-05-12 00:00:00+00:00,21,118.345,108.9525,naive
2026-05-12 00:00:00+00:00,22,114.33,99.065,naive
2026-05-12 00:00:00+00:00,23,106.2175,95.275,naive
2026-05-13 00:00:00+00:00,0,104.3575,91.73,naive
2026-05-13 00:00:00+00:00,1,107.435,89.8975,naive
2026-05-13 00:00:00+00:00,2,111.195,91.375,naive
2026-05-13 00:00:00+00:00,3,120.0,94.0025,naive
2026-05-13 00:00:00+00:00,4,137.1825,111.2625,naive
2026-05-13 00:00:00+00:00,5,141.1225,122.575,naive
2026-05-13 00:00:00+00:00,6,126.7,112.145,naive
2026-05-13 00:00:00+00:00,7,102.525,94.075,naive
2026-05-13 00:00:00+00:00,8,86.44,79.5575,naive
2026-05-13 00:00:00+00:00,9,83.7775,63.535,naive
2026-05-13 00:00:00+00:00,10,74.10249999999999,45.91,naive
2026-05-13 00:00:00+00:00,11,71.77250000000001,27.33,naive
2026-05-13 00:00:00+00:00,12,70.2025,19.9725,naive
2026-05-13 00:00:00+00:00,13,82.2675,44.760000000000005,naive
2026-05-13 00:00:00+00:00,14,92.375,74.405,naive
2026-05-13 00:00:00+00:00,15,112.6025,96.0,naive
2026-05-13 00:00:00+00:00,16,132.355,114.88,naive
2026-05-13 00:00:00+00:00,17,151.4925,136.2775,naive
2026-05-13 00:00:00+00:00,18,171.26749999999998,142.985,naive
2026-05-13 00:00:00+00:00,19,160.04500000000002,142.7425,naive
2026-05-13 00:00:00+00:00,20,142.20499999999998,131.225,naive
2026-05-13 00:00:00+00:00,21,123.095,118.345,naive
2026-05-13 00:00:00+00:00,22,130.54,114.33,naive
2026-05-13 00:00:00+00:00,23,121.75,106.2175,naive
2026-05-14 00:00:00+00:00,0,119.225,104.3575,naive
2026-05-14 00:00:00+00:00,1,115.6375,107.435,naive
2026-05-14 00:00:00+00:00,2,112.9175,111.195,naive
2026-05-14 00:00:00+00:00,3,112.045,120.0,naive
2026-05-14 00:00:00+00:00,4,111.405,137.1825,naive
2026-05-14 00:00:00+00:00,5,108.09,141.1225,naive
2026-05-14 00:00:00+00:00,6,99.2575,126.7,naive
2026-05-14 00:00:00+00:00,7,85.15,102.525,naive
2026-05-14 00:00:00+00:00,8,58.6425,86.44,naive
2026-05-14 00:00:00+00:00,9,35.5675,83.7775,naive
2026-05-14 00:00:00+00:00,10,16.055,74.10249999999999,naive
2026-05-14 00:00:00+00:00,11,7.5525,71.77250000000001,naive
2026-05-14 00:00:00+00:00,12,4.6025,70.2025,naive
2026-05-14 00:00:00+00:00,13,17.8475,82.2675,naive
2026-05-14 00:00:00+00:00,14,66.9125,92.375,naive
2026-05-14 00:00:00+00:00,15,94.76,112.6025,naive
2026-05-14 00:00:00+00:00,16,126.0,132.355,naive
2026-05-14 00:00:00+00:00,17,142.5825,151.4925,naive
2026-05-14 00:00:00+00:00,18,150.4475,171.26749999999998,naive
2026-05-14 00:00:00+00:00,19,152.2025,160.04500000000002,naive
2026-05-14 00:00:00+00:00,20,150.91,142.20499999999998,naive
2026-05-14 00:00:00+00:00,21,136.32,123.095,naive
2026-05-14 00:00:00+00:00,22,137.9725,130.54,naive
2026-05-14 00:00:00+00:00,23,131.3725,121.75,naive
2026-05-15 00:00:00+00:00,0,126.3125,119.225,naive
2026-05-15 00:00:00+00:00,1,121.9375,115.6375,naive
2026-05-15 00:00:00+00:00,2,123.7125,112.9175,naive
2026-05-15 00:00:00+00:00,3,127.16,112.045,naive
2026-05-15 00:00:00+00:00,4,136.1,111.405,naive
2026-05-15 00:00:00+00:00,5,132.515,108.09,naive
2026-05-15 00:00:00+00:00,6,123.995,99.2575,naive
2026-05-15 00:00:00+00:00,7,104.54,85.15,naive
2026-05-15 00:00:00+00:00,8,81.7825,58.6425,naive
2026-05-15 00:00:00+00:00,9,66.8175,35.5675,naive
2026-05-15 00:00:00+00:00,10,54.3025,16.055,naive
2026-05-15 00:00:00+00:00,11,40.3225,7.5525,naive
2026-05-15 00:00:00+00:00,12,40.1475,4.6025,naive
2026-05-15 00:00:00+00:00,13,51.0025,17.8475,naive
2026-05-15 00:00:00+00:00,14,77.32,66.9125,naive
2026-05-15 00:00:00+00:00,15,105.0475,94.76,naive
2026-05-15 00:00:00+00:00,16,125.0425,126.0,naive
2026-05-15 00:00:00+00:00,17,143.31,142.5825,naive
2026-05-15 00:00:00+00:00,18,153.455,150.4475,naive
2026-05-15 00:00:00+00:00,19,151.14499999999998,152.2025,naive
2026-05-15 00:00:00+00:00,20,144.685,150.91,naive
2026-05-15 00:00:00+00:00,21,135.5125,136.32,naive
2026-05-15 00:00:00+00:00,22,130.0,137.9725,naive
2026-05-15 00:00:00+00:00,23,121.7875,131.3725,naive
2026-05-16 00:00:00+00:00,0,117.5625,123.48,naive
2026-05-16 00:00:00+00:00,1,116.0025,124.3525,naive
2026-05-16 00:00:00+00:00,2,114.02,125.7375,naive
2026-05-16 00:00:00+00:00,3,109.3425,126.4525,naive
2026-05-16 00:00:00+00:00,4,105.7075,127.5225,naive
2026-05-16 00:00:00+00:00,5,100.045,118.67,naive
2026-05-16 00:00:00+00:00,6,86.9525,107.6725,naive
2026-05-16 00:00:00+00:00,7,43.9525,68.3075,naive
2026-05-16 00:00:00+00:00,8,4.2025,9.9275,naive
2026-05-16 00:00:00+00:00,9,-0.03,-0.015,naive
2026-05-16 00:00:00+00:00,10,-1.195,-0.0625,naive
2026-05-16 00:00:00+00:00,11,-2.2,-0.09,naive
2026-05-16 00:00:00+00:00,12,-1.9325,-0.0125,naive
2026-05-16 00:00:00+00:00,13,-0.9975,0.0025,naive
2026-05-16 00:00:00+00:00,14,4.779999999999999,27.715000000000003,naive
2026-05-16 00:00:00+00:00,15,60.0925,93.69,naive
2026-05-16 00:00:00+00:00,16,100.2225,123.19,naive
2026-05-16 00:00:00+00:00,17,126.47,138.5075,naive
2026-05-16 00:00:00+00:00,18,139.9975,146.965,naive
2026-05-16 00:00:00+00:00,19,140.6875,143.485,naive
2026-05-16 00:00:00+00:00,20,135.99,136.3,naive
2026-05-16 00:00:00+00:00,21,127.7,127.0875,naive
2026-05-16 00:00:00+00:00,22,127.7175,128.0925,naive
2026-05-16 00:00:00+00:00,23,119.0625,125.4475,naive
2026-05-17 00:00:00+00:00,0,115.565,125.4325,naive
2026-05-17 00:00:00+00:00,1,113.8975,123.4825,naive
2026-05-17 00:00:00+00:00,2,109.17,124.1975,naive
2026-05-17 00:00:00+00:00,3,105.445,123.94,naive
2026-05-17 00:00:00+00:00,4,98.7925,115.14,naive
2026-05-17 00:00:00+00:00,5,80.795,101.1675,naive
2026-05-17 00:00:00+00:00,6,53.8425,70.835,naive
2026-05-17 00:00:00+00:00,7,18.97,11.18,naive
2026-05-17 00:00:00+00:00,8,3.49,0.0025,naive
2026-05-17 00:00:00+00:00,9,0.56,-0.6699999999999999,naive
2026-05-17 00:00:00+00:00,10,0.8225,-1.88,naive
2026-05-17 00:00:00+00:00,11,0.0,-2.165,naive
2026-05-17 00:00:00+00:00,12,0.98,-1.4,naive
2026-05-17 00:00:00+00:00,13,11.31,-0.255,naive
2026-05-17 00:00:00+00:00,14,52.4375,1.8825,naive
2026-05-17 00:00:00+00:00,15,100.315,71.005,naive
2026-05-17 00:00:00+00:00,16,129.3875,110.9425,naive
2026-05-17 00:00:00+00:00,17,143.0675,122.0,naive
2026-05-17 00:00:00+00:00,18,155.8,129.3175,naive
2026-05-17 00:00:00+00:00,19,156.70499999999998,128.515,naive
2026-05-17 00:00:00+00:00,20,151.3675,124.14,naive
2026-05-17 00:00:00+00:00,21,142.575,119.8375,naive
2026-05-17 00:00:00+00:00,22,134.6575,118.785,naive
2026-05-17 00:00:00+00:00,23,125.9725,112.335,naive
2026-05-18 00:00:00+00:00,0,125.9975,126.3125,naive
2026-05-18 00:00:00+00:00,1,126.3925,121.9375,naive
2026-05-18 00:00:00+00:00,2,129.36,123.7125,naive
2026-05-18 00:00:00+00:00,3,137.0225,127.16,naive
2026-05-18 00:00:00+00:00,4,152.51749999999998,136.1,naive
2026-05-18 00:00:00+00:00,5,160.075,132.515,naive
2026-05-18 00:00:00+00:00,6,152.105,123.995,naive
2026-05-18 00:00:00+00:00,7,125.88,104.54,naive
2026-05-18 00:00:00+00:00,8,107.85,81.7825,naive
2026-05-18 00:00:00+00:00,9,100.0525,66.8175,naive
2026-05-18 00:00:00+00:00,10,94.895,54.3025,naive
2026-05-18 00:00:00+00:00,11,94.9775,40.3225,naive
2026-05-18 00:00:00+00:00,12,96.77,40.1475,naive
2026-05-18 00:00:00+00:00,13,102.405,51.0025,naive
2026-05-18 00:00:00+00:00,14,113.965,77.32,naive
2026-05-18 00:00:00+00:00,15,134.065,105.0475,naive
2026-05-18 00:00:00+00:00,16,152.1375,125.0425,naive
2026-05-18 00:00:00+00:00,17,192.8525,143.31,naive
2026-05-18 00:00:00+00:00,18,250.8975,153.455,naive
2026-05-18 00:00:00+00:00,19,214.3375,151.14499999999998,naive
2026-05-18 00:00:00+00:00,20,160.6475,144.685,naive
2026-05-18 00:00:00+00:00,21,148.89499999999998,135.5125,naive
2026-05-18 00:00:00+00:00,22,148.2525,130.0,naive
2026-05-18 00:00:00+00:00,23,141.9425,121.7875,naive
2026-05-19 00:00:00+00:00,0,139.3225,125.9975,naive
2026-05-19 00:00:00+00:00,1,138.54000000000002,126.3925,naive
2026-05-19 00:00:00+00:00,2,141.5675,129.36,naive
2026-05-19 00:00:00+00:00,3,146.92000000000002,137.0225,naive
2026-05-19 00:00:00+00:00,4,164.46,152.51749999999998,naive
2026-05-19 00:00:00+00:00,5,153.7725,160.075,naive
2026-05-19 00:00:00+00:00,6,131.855,152.105,naive
2026-05-19 00:00:00+00:00,7,108.7425,125.88,naive
2026-05-19 00:00:00+00:00,8,94.265,107.85,naive
2026-05-19 00:00:00+00:00,9,82.08500000000001,100.0525,naive
2026-05-19 00:00:00+00:00,10,73.145,94.895,naive
2026-05-19 00:00:00+00:00,11,73.7375,94.9775,naive
2026-05-19 00:00:00+00:00,12,79.81,96.77,naive
2026-05-19 00:00:00+00:00,13,87.57,102.405,naive
2026-05-19 00:00:00+00:00,14,102.25,113.965,naive
2026-05-19 00:00:00+00:00,15,127.2925,134.065,naive
2026-05-19 00:00:00+00:00,16,144.95,152.1375,naive
2026-05-19 00:00:00+00:00,17,172.485,192.8525,naive
2026-05-19 00:00:00+00:00,18,180.9025,250.8975,naive
2026-05-19 00:00:00+00:00,19,163.63,214.3375,naive
2026-05-19 00:00:00+00:00,20,145.545,160.6475,naive
2026-05-19 00:00:00+00:00,21,131.8025,148.89499999999998,naive
2026-05-19 00:00:00+00:00,22,123.73,148.2525,naive
2026-05-19 00:00:00+00:00,23,114.635,141.9425,naive
2026-05-20 00:00:00+00:00,0,109.7525,139.3225,naive
2026-05-20 00:00:00+00:00,1,109.9725,138.54000000000002,naive
2026-05-20 00:00:00+00:00,2,110.41,141.5675,naive
2026-05-20 00:00:00+00:00,3,119.05,146.92000000000002,naive
2026-05-20 00:00:00+00:00,4,134.9875,164.46,naive
2026-05-20 00:00:00+00:00,5,136.975,153.7725,naive
2026-05-20 00:00:00+00:00,6,125.5125,131.855,naive
2026-05-20 00:00:00+00:00,7,109.06,108.7425,naive
2026-05-20 00:00:00+00:00,8,89.7,94.265,naive
2026-05-20 00:00:00+00:00,9,75.46249999999999,82.08500000000001,naive
2026-05-20 00:00:00+00:00,10,64.005,73.145,naive
2026-05-20 00:00:00+00:00,11,44.9975,73.7375,naive
2026-05-20 00:00:00+00:00,12,33.5125,79.81,naive
2026-05-20 00:00:00+00:00,13,45.66,87.57,naive
2026-05-20 00:00:00+00:00,14,65.01,102.25,naive
2026-05-20 00:00:00+00:00,15,99.3975,127.2925,naive
2026-05-20 00:00:00+00:00,16,130.2125,144.95,naive
2026-05-20 00:00:00+00:00,17,149.5675,172.485,naive
2026-05-20 00:00:00+00:00,18,167.9225,180.9025,naive
2026-05-20 00:00:00+00:00,19,165.0,163.63,naive
2026-05-20 00:00:00+00:00,20,150.02,145.545,naive
2026-05-20 00:00:00+00:00,21,139.0025,131.8025,naive
2026-05-20 00:00:00+00:00,22,133.0275,123.73,naive
2026-05-20 00:00:00+00:00,23,121.66,114.635,naive
2026-05-21 00:00:00+00:00,0,116.0225,109.7525,naive
2026-05-21 00:00:00+00:00,1,113.55,109.9725,naive
2026-05-21 00:00:00+00:00,2,116.01,110.41,naive
2026-05-21 00:00:00+00:00,3,128.405,119.05,naive
2026-05-21 00:00:00+00:00,4,142.815,134.9875,naive
2026-05-21 00:00:00+00:00,5,143.6175,136.975,naive
2026-05-21 00:00:00+00:00,6,131.3875,125.5125,naive
2026-05-21 00:00:00+00:00,7,104.14,109.06,naive
2026-05-21 00:00:00+00:00,8,81.1975,89.7,naive
2026-05-21 00:00:00+00:00,9,42.752500000000005,75.46249999999999,naive
2026-05-21 00:00:00+00:00,10,12.1375,64.005,naive
2026-05-21 00:00:00+00:00,11,7.369999999999999,44.9975,naive
2026-05-21 00:00:00+00:00,12,8.8125,33.5125,naive
2026-05-21 00:00:00+00:00,13,35.2,45.66,naive
2026-05-21 00:00:00+00:00,14,71.7075,65.01,naive
2026-05-21 00:00:00+00:00,15,104.995,99.3975,naive
2026-05-21 00:00:00+00:00,16,135.8875,130.2125,naive
2026-05-21 00:00:00+00:00,17,163.35500000000002,149.5675,naive
2026-05-21 00:00:00+00:00,18,204.695,167.9225,naive
2026-05-21 00:00:00+00:00,19,188.4175,165.0,naive
2026-05-21 00:00:00+00:00,20,166.035,150.02,naive
2026-05-21 00:00:00+00:00,21,146.39249999999998,139.0025,naive
2026-05-21 00:00:00+00:00,22,144.315,133.0275,naive
2026-05-21 00:00:00+00:00,23,136.9,121.66,naive
2026-05-22 00:00:00+00:00,0,131.6375,116.0225,naive
2026-05-22 00:00:00+00:00,1,128.95000000000002,113.55,naive
2026-05-22 00:00:00+00:00,2,131.4975,116.01,naive
2026-05-22 00:00:00+00:00,3,135.7175,128.405,naive
2026-05-22 00:00:00+00:00,4,144.35500000000002,142.815,naive
2026-05-22 00:00:00+00:00,5,138.1775,143.6175,naive
2026-05-22 00:00:00+00:00,6,123.135,131.3875,naive
2026-05-22 00:00:00+00:00,7,91.8825,104.14,naive
2026-05-22 00:00:00+00:00,8,42.48,81.1975,naive
2026-05-22 00:00:00+00:00,9,3.94,42.752500000000005,naive
2026-05-22 00:00:00+00:00,10,0.005,12.1375,naive
2026-05-22 00:00:00+00:00,11,0.0,7.369999999999999,naive
2026-05-22 00:00:00+00:00,12,1.0,8.8125,naive
2026-05-22 00:00:00+00:00,13,20.305,35.2,naive
2026-05-22 00:00:00+00:00,14,70.24,71.7075,naive
2026-05-22 00:00:00+00:00,15,104.195,104.995,naive
2026-05-22 00:00:00+00:00,16,134.95,135.8875,naive
2026-05-22 00:00:00+00:00,17,161.2225,163.35500000000002,naive
2026-05-22 00:00:00+00:00,18,218.4275,204.695,naive
2026-05-22 00:00:00+00:00,19,193.6625,188.4175,naive
2026-05-22 00:00:00+00:00,20,154.635,166.035,naive
2026-05-22 00:00:00+00:00,21,140.735,146.39249999999998,naive
2026-05-22 00:00:00+00:00,22,136.76,144.315,naive
2026-05-22 00:00:00+00:00,23,130.0,136.9,naive
2026-05-23 00:00:00+00:00,0,125.8675,117.5625,naive
2026-05-23 00:00:00+00:00,1,125.3675,116.0025,naive
2026-05-23 00:00:00+00:00,2,121.7325,114.02,naive
2026-05-23 00:00:00+00:00,3,119.26,109.3425,naive
2026-05-23 00:00:00+00:00,4,116.3675,105.7075,naive
2026-05-23 00:00:00+00:00,5,97.085,100.045,naive
2026-05-23 00:00:00+00:00,6,49.8625,86.9525,naive
2026-05-23 00:00:00+00:00,7,1.6,43.9525,naive
2026-05-23 00:00:00+00:00,8,-0.3325,4.2025,naive
2026-05-23 00:00:00+00:00,9,-3.9,-0.03,naive
2026-05-23 00:00:00+00:00,10,-12.392499999999998,-1.195,naive
2026-05-23 00:00:00+00:00,11,-31.8175,-2.2,naive
2026-05-23 00:00:00+00:00,12,-18.42,-1.9325,naive
2026-05-23 00:00:00+00:00,13,-4.0,-0.9975,naive
2026-05-23 00:00:00+00:00,14,-0.2875,4.779999999999999,naive
2026-05-23 00:00:00+00:00,15,44.4475,60.0925,naive
2026-05-23 00:00:00+00:00,16,120.7625,100.2225,naive
2026-05-23 00:00:00+00:00,17,149.6575,126.47,naive
2026-05-23 00:00:00+00:00,18,174.52,139.9975,naive
2026-05-23 00:00:00+00:00,19,171.065,140.6875,naive
2026-05-23 00:00:00+00:00,20,156.915,135.99,naive
2026-05-23 00:00:00+00:00,21,144.6525,127.7,naive
2026-05-23 00:00:00+00:00,22,143.8025,127.7175,naive
2026-05-23 00:00:00+00:00,23,133.3775,119.0625,naive
2026-05-24 00:00:00+00:00,0,136.885,115.565,naive
2026-05-24 00:00:00+00:00,1,125.44,113.8975,naive
2026-05-24 00:00:00+00:00,2,122.89,109.17,naive
2026-05-24 00:00:00+00:00,3,117.7225,105.445,naive
2026-05-24 00:00:00+00:00,4,108.795,98.7925,naive
2026-05-24 00:00:00+00:00,5,88.4625,80.795,naive
2026-05-24 00:00:00+00:00,6,16.3675,53.8425,naive
2026-05-24 00:00:00+00:00,7,-0.0275,18.97,naive
2026-05-24 00:00:00+00:00,8,-2.5025,3.49,naive
2026-05-24 00:00:00+00:00,9,-13.8325,0.56,naive
2026-05-24 00:00:00+00:00,10,-37.6125,0.8225,naive
2026-05-24 00:00:00+00:00,11,-75.9375,0.0,naive
2026-05-24 00:00:00+00:00,12,-61.7525,0.98,naive
2026-05-24 00:00:00+00:00,13,-23.4925,11.31,naive
2026-05-24 00:00:00+00:00,14,-1.9575,52.4375,naive
2026-05-24 00:00:00+00:00,15,14.375,100.315,naive
2026-05-24 00:00:00+00:00,16,96.3775,129.3875,naive
2026-05-24 00:00:00+00:00,17,133.2175,143.0675,naive
2026-05-24 00:00:00+00:00,18,151.0175,155.8,naive
2026-05-24 00:00:00+00:00,19,153.2275,156.70499999999998,naive
2026-05-24 00:00:00+00:00,20,144.42000000000002,151.3675,naive
2026-05-24 00:00:00+00:00,21,132.1,142.575,naive
2026-05-24 00:00:00+00:00,22,130.8675,134.6575,naive
2026-05-24 00:00:00+00:00,23,125.9825,125.9725,naive
2026-05-25 00:00:00+00:00,0,125.24,131.6375,naive
2026-05-25 00:00:00+00:00,1,126.0125,128.95000000000002,naive
2026-05-25 00:00:00+00:00,2,129.3125,131.4975,naive
2026-05-25 00:00:00+00:00,3,131.995,135.7175,naive
2026-05-25 00:00:00+00:00,4,130.195,144.35500000000002,naive
2026-05-25 00:00:00+00:00,5,117.8775,138.1775,naive
2026-05-25 00:00:00+00:00,6,77.68,123.135,naive
2026-05-25 00:00:00+00:00,7,5.0,91.8825,naive
2026-05-25 00:00:00+00:00,8,-0.1674999999999999,42.48,naive
2026-05-25 00:00:00+00:00,9,-5.2625,3.94,naive
2026-05-25 00:00:00+00:00,10,-12.7125,0.005,naive
2026-05-25 00:00:00+00:00,11,-29.295,0.0,naive
2026-05-25 00:00:00+00:00,12,-27.1825,1.0,naive
2026-05-25 00:00:00+00:00,13,-10.05,20.305,naive
2026-05-25 00:00:00+00:00,14,-2.915,70.24,naive
2026-05-25 00:00:00+00:00,15,31.95,104.195,naive
2026-05-25 00:00:00+00:00,16,118.8225,134.95,naive
2026-05-25 00:00:00+00:00,17,150.575,161.2225,naive
2026-05-25 00:00:00+00:00,18,172.185,218.4275,naive
2026-05-25 00:00:00+00:00,19,170.25,193.6625,naive
2026-05-25 00:00:00+00:00,20,157.33249999999998,154.635,naive
2026-05-25 00:00:00+00:00,21,141.025,140.735,naive
2026-05-25 00:00:00+00:00,22,136.36,136.76,naive
2026-05-25 00:00:00+00:00,23,125.6475,130.0,naive
2026-05-26 00:00:00+00:00,0,120.645,125.24,naive
2026-05-26 00:00:00+00:00,1,121.18,126.0125,naive
2026-05-26 00:00:00+00:00,2,119.53,129.3125,naive
2026-05-26 00:00:00+00:00,3,128.91,131.995,naive
2026-05-26 00:00:00+00:00,4,143.105,130.195,naive
2026-05-26 00:00:00+00:00,5,141.54,117.8775,naive
2026-05-26 00:00:00+00:00,6,122.045,77.68,naive
2026-05-26 00:00:00+00:00,7,78.8,5.0,naive
2026-05-26 00:00:00+00:00,8,6.52,-0.1674999999999999,naive
2026-05-26 00:00:00+00:00,9,-0.0075,-5.2625,naive
2026-05-26 00:00:00+00:00,10,-1.825,-12.7125,naive
2026-05-26 00:00:00+00:00,11,-2.5,-29.295,naive
2026-05-26 00:00:00+00:00,12,-0.835,-27.1825,naive
2026-05-26 00:00:00+00:00,13,-0.015,-10.05,naive
2026-05-26 00:00:00+00:00,14,13.115,-2.915,naive
2026-05-26 00:00:00+00:00,15,89.685,31.95,naive
2026-05-26 00:00:00+00:00,16,134.7875,118.8225,naive
2026-05-26 00:00:00+00:00,17,185.1025,150.575,naive
2026-05-26 00:00:00+00:00,18,217.9475,172.185,naive
2026-05-26 00:00:00+00:00,19,184.785,170.25,naive
2026-05-26 00:00:00+00:00,20,153.775,157.33249999999998,naive
2026-05-26 00:00:00+00:00,21,130.5325,141.025,naive
2026-05-26 00:00:00+00:00,22,134.7875,136.36,naive
2026-05-26 00:00:00+00:00,23,127.5175,125.6475,naive
2026-05-27 00:00:00+00:00,0,120.5425,120.645,naive
2026-05-27 00:00:00+00:00,1,118.87,121.18,naive
2026-05-27 00:00:00+00:00,2,119.0475,119.53,naive
2026-05-27 00:00:00+00:00,3,121.235,128.91,naive
2026-05-27 00:00:00+00:00,4,134.2,143.105,naive
2026-05-27 00:00:00+00:00,5,131.1,141.54,naive
2026-05-27 00:00:00+00:00,6,106.4525,122.045,naive
2026-05-27 00:00:00+00:00,7,48.235,78.8,naive
2026-05-27 00:00:00+00:00,8,3.425,6.52,naive
2026-05-27 00:00:00+00:00,9,-0.27,-0.0075,naive
2026-05-27 00:00:00+00:00,10,-1.05,-1.825,naive
2026-05-27 00:00:00+00:00,11,-1.635,-2.5,naive
2026-05-27 00:00:00+00:00,12,-1.645,-0.835,naive
2026-05-27 00:00:00+00:00,13,-1.7025,-0.015,naive
2026-05-27 00:00:00+00:00,14,-0.4225,13.115,naive
2026-05-27 00:00:00+00:00,15,32.2075,89.685,naive
2026-05-27 00:00:00+00:00,16,97.8475,134.7875,naive
2026-05-27 00:00:00+00:00,17,136.51749999999998,185.1025,naive
2026-05-27 00:00:00+00:00,18,156.6775,217.9475,naive
2026-05-27 00:00:00+00:00,19,157.53,184.785,naive
2026-05-27 00:00:00+00:00,20,144.16,153.775,naive
2026-05-27 00:00:00+00:00,21,133.45499999999998,130.5325,naive
2026-05-27 00:00:00+00:00,22,132.945,134.7875,naive
2026-05-27 00:00:00+00:00,23,129.5375,127.5175,naive
2026-05-28 00:00:00+00:00,0,127.2375,120.5425,naive
2026-05-28 00:00:00+00:00,1,127.3625,118.87,naive
2026-05-28 00:00:00+00:00,2,130.09,119.0475,naive
2026-05-28 00:00:00+00:00,3,135.5025,121.235,naive
2026-05-28 00:00:00+00:00,4,148.4525,134.2,naive
2026-05-28 00:00:00+00:00,5,138.155,131.1,naive
2026-05-28 00:00:00+00:00,6,123.4025,106.4525,naive
2026-05-28 00:00:00+00:00,7,87.5425,48.235,naive
2026-05-28 00:00:00+00:00,8,19.3075,3.425,naive
2026-05-28 00:00:00+00:00,9,0.5675,-0.27,naive
2026-05-28 00:00:00+00:00,10,0.0024999999999999,-1.05,naive
2026-05-28 00:00:00+00:00,11,-0.0125,-1.635,naive
2026-05-28 00:00:00+00:00,12,0.0,-1.645,naive
2026-05-28 00:00:00+00:00,13,1.2975,-1.7025,naive
2026-05-28 00:00:00+00:00,14,39.645,-0.4225,naive
2026-05-28 00:00:00+00:00,15,101.2575,32.2075,naive
2026-05-28 00:00:00+00:00,16,138.25,97.8475,naive
2026-05-28 00:00:00+00:00,17,217.6025,136.51749999999998,naive
2026-05-28 00:00:00+00:00,18,393.935,156.6775,naive
2026-05-28 00:00:00+00:00,19,368.0175,157.53,naive
2026-05-28 00:00:00+00:00,20,215.75,144.16,naive
2026-05-28 00:00:00+00:00,21,159.7975,133.45499999999998,naive
2026-05-28 00:00:00+00:00,22,144.4425,132.945,naive
2026-05-28 00:00:00+00:00,23,133.9275,129.5375,naive
2026-05-29 00:00:00+00:00,0,127.975,127.2375,naive
2026-05-29 00:00:00+00:00,1,126.1925,127.3625,naive
2026-05-29 00:00:00+00:00,2,125.2775,130.09,naive
2026-05-29 00:00:00+00:00,3,125.495,135.5025,naive
2026-05-29 00:00:00+00:00,4,131.885,148.4525,naive
2026-05-29 00:00:00+00:00,5,125.995,138.155,naive
2026-05-29 00:00:00+00:00,6,113.565,123.4025,naive
2026-05-29 00:00:00+00:00,7,71.9075,87.5425,naive
2026-05-29 00:00:00+00:00,8,17.0275,19.3075,naive
2026-05-29 00:00:00+00:00,9,0.29,0.5675,naive
2026-05-29 00:00:00+00:00,10,-0.055,0.0024999999999999,naive
2026-05-29 00:00:00+00:00,11,-0.0349999999999999,-0.0125,naive
2026-05-29 00:00:00+00:00,12,0.0,0.0,naive
2026-05-29 00:00:00+00:00,13,9.41,1.2975,naive
2026-05-29 00:00:00+00:00,14,51.61,39.645,naive
2026-05-29 00:00:00+00:00,15,103.4075,101.2575,naive
2026-05-29 00:00:00+00:00,16,136.985,138.25,naive
2026-05-29 00:00:00+00:00,17,174.9475,217.6025,naive
2026-05-29 00:00:00+00:00,18,240.61,393.935,naive
2026-05-29 00:00:00+00:00,19,201.405,368.0175,naive
2026-05-29 00:00:00+00:00,20,161.70000000000002,215.75,naive
2026-05-29 00:00:00+00:00,21,145.1925,159.7975,naive
2026-05-29 00:00:00+00:00,22,135.515,144.4425,naive
2026-05-29 00:00:00+00:00,23,128.45,133.9275,naive
2026-05-30 00:00:00+00:00,0,123.7725,125.8675,naive
2026-05-30 00:00:00+00:00,1,121.085,125.3675,naive
2026-05-30 00:00:00+00:00,2,125.3575,121.7325,naive
2026-05-30 00:00:00+00:00,3,125.045,119.26,naive
2026-05-30 00:00:00+00:00,4,118.9925,116.3675,naive
2026-05-30 00:00:00+00:00,5,109.095,97.085,naive
2026-05-30 00:00:00+00:00,6,88.8675,49.8625,naive
2026-05-30 00:00:00+00:00,7,36.682500000000005,1.6,naive
2026-05-30 00:00:00+00:00,8,2.96,-0.3325,naive
2026-05-30 00:00:00+00:00,9,-0.005,-3.9,naive
2026-05-30 00:00:00+00:00,10,-0.0525,-12.392499999999998,naive
2026-05-30 00:00:00+00:00,11,-1.4425,-31.8175,naive
2026-05-30 00:00:00+00:00,12,-0.7475,-18.42,naive
2026-05-30 00:00:00+00:00,13,-0.01,-4.0,naive
2026-05-30 00:00:00+00:00,14,3.0075,-0.2875,naive
2026-05-30 00:00:00+00:00,15,62.5,44.4475,naive
2026-05-30 00:00:00+00:00,16,107.0075,120.7625,naive
2026-05-30 00:00:00+00:00,17,139.8725,149.6575,naive
2026-05-30 00:00:00+00:00,18,160.52499999999998,174.52,naive
2026-05-30 00:00:00+00:00,19,171.845,171.065,naive
2026-05-30 00:00:00+00:00,20,159.4025,156.915,naive
2026-05-30 00:00:00+00:00,21,143.04000000000002,144.6525,naive
2026-05-30 00:00:00+00:00,22,136.4125,143.8025,naive
2026-05-30 00:00:00+00:00,23,129.10500000000002,133.3775,naive
2026-05-31 00:00:00+00:00,0,125.915,136.885,naive
2026-05-31 00:00:00+00:00,1,125.1975,125.44,naive
2026-05-31 00:00:00+00:00,2,126.95,122.89,naive
2026-05-31 00:00:00+00:00,3,123.3575,117.7225,naive
2026-05-31 00:00:00+00:00,4,115.0025,108.795,naive
2026-05-31 00:00:00+00:00,5,100.56,88.4625,naive
2026-05-31 00:00:00+00:00,6,90.4375,16.3675,naive
2026-05-31 00:00:00+00:00,7,56.29,-0.0275,naive
2026-05-31 00:00:00+00:00,8,7.5675,-2.5025,naive
2026-05-31 00:00:00+00:00,9,0.0,-13.8325,naive
2026-05-31 00:00:00+00:00,10,-0.005,-37.6125,naive
2026-05-31 00:00:00+00:00,11,-0.01,-75.9375,naive
2026-05-31 00:00:00+00:00,12,-0.01,-61.7525,naive
2026-05-31 00:00:00+00:00,13,0.0,-23.4925,naive
2026-05-31 00:00:00+00:00,14,49.002500000000005,-1.9575,naive
2026-05-31 00:00:00+00:00,15,95.925,14.375,naive
2026-05-31 00:00:00+00:00,16,127.265,96.3775,naive
2026-05-31 00:00:00+00:00,17,141.37,133.2175,naive
2026-05-31 00:00:00+00:00,18,152.7625,151.0175,naive
2026-05-31 00:00:00+00:00,19,156.035,153.2275,naive
2026-05-31 00:00:00+00:00,20,153.1275,144.42000000000002,naive
2026-05-31 00:00:00+00:00,21,145.3475,132.1,naive
2026-05-31 00:00:00+00:00,22,141.0075,130.8675,naive
2026-05-31 00:00:00+00:00,23,128.255,125.9825,naive
2026-06-01 00:00:00+00:00,0,123.1375,127.975,naive
2026-06-01 00:00:00+00:00,1,120.295,126.1925,naive
2026-06-01 00:00:00+00:00,2,124.4875,125.2775,naive
2026-06-01 00:00:00+00:00,3,135.0925,125.495,naive
2026-06-01 00:00:00+00:00,4,164.03,131.885,naive
2026-06-01 00:00:00+00:00,5,160.0,125.995,naive
2026-06-01 00:00:00+00:00,6,151.715,113.565,naive
2026-06-01 00:00:00+00:00,7,133.2,71.9075,naive
2026-06-01 00:00:00+00:00,8,117.66,17.0275,naive
2026-06-01 00:00:00+00:00,9,108.1425,0.29,naive
2026-06-01 00:00:00+00:00,10,93.0825,-0.055,naive
2026-06-01 00:00:00+00:00,11,89.9075,-0.0349999999999999,naive
2026-06-01 00:00:00+00:00,12,87.44749999999999,0.0,naive
2026-06-01 00:00:00+00:00,13,95.0975,9.41,naive
2026-06-01 00:00:00+00:00,14,106.735,51.61,naive
2026-06-01 00:00:00+00:00,15,125.2425,103.4075,naive
2026-06-01 00:00:00+00:00,16,141.4575,136.985,naive
2026-06-01 00:00:00+00:00,17,226.6125,174.9475,naive
2026-06-01 00:00:00+00:00,18,355.2525,240.61,naive
2026-06-01 00:00:00+00:00,19,333.3675,201.405,naive
2026-06-01 00:00:00+00:00,20,222.5025,161.70000000000002,naive
2026-06-01 00:00:00+00:00,21,161.025,145.1925,naive
2026-06-01 00:00:00+00:00,22,142.065,135.515,naive
2026-06-01 00:00:00+00:00,23,131.7225,128.45,naive
2026-06-02 00:00:00+00:00,0,125.085,123.1375,naive
2026-06-02 00:00:00+00:00,1,120.915,120.295,naive
2026-06-02 00:00:00+00:00,2,120.6275,124.4875,naive
2026-06-02 00:00:00+00:00,3,124.215,135.0925,naive
2026-06-02 00:00:00+00:00,4,131.0275,164.03,naive
2026-06-02 00:00:00+00:00,5,131.79500000000002,160.0,naive
2026-06-02 00:00:00+00:00,6,121.0825,151.715,naive
2026-06-02 00:00:00+00:00,7,105.41,133.2,naive
2026-06-02 00:00:00+00:00,8,90.515,117.66,naive
2026-06-02 00:00:00+00:00,9,84.69999999999999,108.1425,naive
2026-06-02 00:00:00+00:00,10,80.2925,93.0825,naive
2026-06-02 00:00:00+00:00,11,84.9575,89.9075,naive
2026-06-02 00:00:00+00:00,12,90.7825,87.44749999999999,naive
2026-06-02 00:00:00+00:00,13,99.7375,95.0975,naive
2026-06-02 00:00:00+00:00,14,112.2475,106.735,naive
2026-06-02 00:00:00+00:00,15,131.1375,125.2425,naive
2026-06-02 00:00:00+00:00,16,146.97750000000002,141.4575,naive
2026-06-02 00:00:00+00:00,17,167.9375,226.6125,naive
2026-06-02 00:00:00+00:00,18,167.2725,355.2525,naive
2026-06-02 00:00:00+00:00,19,152.325,333.3675,naive
2026-06-02 00:00:00+00:00,20,140.435,222.5025,naive
2026-06-02 00:00:00+00:00,21,125.2375,161.025,naive
2026-06-02 00:00:00+00:00,22,116.3,142.065,naive
2026-06-02 00:00:00+00:00,23,111.895,131.7225,naive
2026-06-03 00:00:00+00:00,0,108.0175,125.085,naive
2026-06-03 00:00:00+00:00,1,107.3,120.915,naive
2026-06-03 00:00:00+00:00,2,107.19,120.6275,naive
2026-06-03 00:00:00+00:00,3,113.275,124.215,naive
2026-06-03 00:00:00+00:00,4,130.7375,131.0275,naive
2026-06-03 00:00:00+00:00,5,136.82999999999998,131.79500000000002,naive
2026-06-03 00:00:00+00:00,6,131.0775,121.0825,naive
2026-06-03 00:00:00+00:00,7,112.1475,105.41,naive
2026-06-03 00:00:00+00:00,8,94.0925,90.515,naive
2026-06-03 00:00:00+00:00,9,80.2475,84.69999999999999,naive
2026-06-03 00:00:00+00:00,10,58.17,80.2925,naive
2026-06-03 00:00:00+00:00,11,37.8325,84.9575,naive
2026-06-03 00:00:00+00:00,12,38.0425,90.7825,naive
2026-06-03 00:00:00+00:00,13,47.1,99.7375,naive
2026-06-03 00:00:00+00:00,14,76.9,112.2475,naive
2026-06-03 00:00:00+00:00,15,95.5325,131.1375,naive
2026-06-03 00:00:00+00:00,16,122.1875,146.97750000000002,naive
2026-06-03 00:00:00+00:00,17,138.3675,167.9375,naive
2026-06-03 00:00:00+00:00,18,146.2375,167.2725,naive
2026-06-03 00:00:00+00:00,19,133.42000000000002,152.325,naive
2026-06-03 00:00:00+00:00,20,120.9525,140.435,naive
2026-06-03 00:00:00+00:00,21,99.4075,125.2375,naive
2026-06-03 00:00:00+00:00,22,86.205,116.3,naive
2026-06-03 00:00:00+00:00,23,75.4875,111.895,naive
2026-06-04 00:00:00+00:00,0,66.92,108.0175,naive
2026-06-04 00:00:00+00:00,1,67.4725,107.3,naive
2026-06-04 00:00:00+00:00,2,68.2925,107.19,naive
2026-06-04 00:00:00+00:00,3,71.185,113.275,naive
2026-06-04 00:00:00+00:00,4,73.97,130.7375,naive
2026-06-04 00:00:00+00:00,5,87.08,136.82999999999998,naive
2026-06-04 00:00:00+00:00,6,75.62,131.0775,naive
2026-06-04 00:00:00+00:00,7,34.125,112.1475,naive
2026-06-04 00:00:00+00:00,8,4.79,94.0925,naive
2026-06-04 00:00:00+00:00,9,-0.0025,80.2475,naive
2026-06-04 00:00:00+00:00,10,-0.025,58.17,naive
2026-06-04 00:00:00+00:00,11,-0.0475,37.8325,naive
2026-06-04 00:00:00+00:00,12,-0.035,38.0425,naive
2026-06-04 00:00:00+00:00,13,1.6175,47.1,naive
2026-06-04 00:00:00+00:00,14,28.6375,76.9,naive
2026-06-04 00:00:00+00:00,15,70.1525,95.5325,naive
2026-06-04 00:00:00+00:00,16,101.5025,122.1875,naive
2026-06-04 00:00:00+00:00,17,114.165,138.3675,naive
2026-06-04 00:00:00+00:00,18,117.9625,146.2375,naive
2026-06-04 00:00:00+00:00,19,115.3725,133.42000000000002,naive
2026-06-04 00:00:00+00:00,20,111.69,120.9525,naive
2026-06-04 00:00:00+00:00,21,100.05,99.4075,naive
2026-06-04 00:00:00+00:00,22,80.695,86.205,naive
2026-06-04 00:00:00+00:00,23,79.44749999999999,75.4875,naive
2026-06-05 00:00:00+00:00,0,83.44749999999999,66.92,naive
2026-06-05 00:00:00+00:00,1,85.025,67.4725,naive
2026-06-05 00:00:00+00:00,2,89.8325,68.2925,naive
2026-06-05 00:00:00+00:00,3,97.2575,71.185,naive
2026-06-05 00:00:00+00:00,4,114.8975,73.97,naive
2026-06-05 00:00:00+00:00,5,118.6175,87.08,naive
2026-06-05 00:00:00+00:00,6,113.8175,75.62,naive
2026-06-05 00:00:00+00:00,7,98.3,34.125,naive
2026-06-05 00:00:00+00:00,8,86.115,4.79,naive
2026-06-05 00:00:00+00:00,9,70.825,-0.0025,naive
2026-06-05 00:00:00+00:00,10,45.205,-0.025,naive
2026-06-05 00:00:00+00:00,11,34.1775,-0.0475,naive
2026-06-05 00:00:00+00:00,12,27.2,-0.035,naive
2026-06-05 00:00:00+00:00,13,38.01,1.6175,naive
2026-06-05 00:00:00+00:00,14,72.555,28.6375,naive
2026-06-05 00:00:00+00:00,15,104.2525,70.1525,naive
2026-06-05 00:00:00+00:00,16,128.9025,101.5025,naive
2026-06-05 00:00:00+00:00,17,150.4975,114.165,naive
2026-06-05 00:00:00+00:00,18,179.0775,117.9625,naive
2026-06-05 00:00:00+00:00,19,189.355,115.3725,naive
2026-06-05 00:00:00+00:00,20,169.135,111.69,naive
2026-06-05 00:00:00+00:00,21,152.06,100.05,naive
2026-06-05 00:00:00+00:00,22,148.2425,80.695,naive
2026-06-05 00:00:00+00:00,23,137.18,79.44749999999999,naive
2026-06-06 00:00:00+00:00,0,134.79,123.7725,naive
2026-06-06 00:00:00+00:00,1,116.1675,121.085,naive
2026-06-06 00:00:00+00:00,2,130.1825,125.3575,naive
2026-06-06 00:00:00+00:00,3,126.035,125.045,naive
2026-06-06 00:00:00+00:00,4,117.69,118.9925,naive
2026-06-06 00:00:00+00:00,5,102.315,109.095,naive
2026-06-06 00:00:00+00:00,6,81.0175,88.8675,naive
2026-06-06 00:00:00+00:00,7,50.0,36.682500000000005,naive
2026-06-06 00:00:00+00:00,8,14.7425,2.96,naive
2026-06-06 00:00:00+00:00,9,0.0325,-0.005,naive
2026-06-06 00:00:00+00:00,10,-0.03,-0.0525,naive
2026-06-06 00:00:00+00:00,11,-0.025,-1.4425,naive
2026-06-06 00:00:00+00:00,12,0.0225,-0.7475,naive
2026-06-06 00:00:00+00:00,13,9.51,-0.01,naive
2026-06-06 00:00:00+00:00,14,46.105,3.0075,naive
2026-06-06 00:00:00+00:00,15,93.2825,62.5,naive
2026-06-06 00:00:00+00:00,16,121.7875,107.0075,naive
2026-06-06 00:00:00+00:00,17,133.85,139.8725,naive
2026-06-06 00:00:00+00:00,18,152.4325,160.52499999999998,naive
2026-06-06 00:00:00+00:00,19,150.9225,171.845,naive
2026-06-06 00:00:00+00:00,20,134.3275,159.4025,naive
2026-06-06 00:00:00+00:00,21,121.5425,143.04000000000002,naive
2026-06-06 00:00:00+00:00,22,110.7,136.4125,naive
2026-06-06 00:00:00+00:00,23,99.5125,129.10500000000002,naive
2026-06-07 00:00:00+00:00,0,92.2075,125.915,naive
2026-06-07 00:00:00+00:00,1,81.41499999999999,125.1975,naive
2026-06-07 00:00:00+00:00,2,67.0125,126.95,naive
2026-06-07 00:00:00+00:00,3,39.21,123.3575,naive
2026-06-07 00:00:00+00:00,4,5.0475,115.0025,naive
2026-06-07 00:00:00+00:00,5,0.46,100.56,naive
2026-06-07 00:00:00+00:00,6,-0.5525,90.4375,naive
2026-06-07 00:00:00+00:00,7,-5.05,56.29,naive
2026-06-07 00:00:00+00:00,8,-8.0,7.5675,naive
2026-06-07 00:00:00+00:00,9,-14.0525,0.0,naive
2026-06-07 00:00:00+00:00,10,-18.2625,-0.005,naive
2026-06-07 00:00:00+00:00,11,-35.9375,-0.01,naive
2026-06-07 00:00:00+00:00,12,-44.7375,-0.01,naive
2026-06-07 00:00:00+00:00,13,-36.47,0.0,naive
2026-06-07 00:00:00+00:00,14,-15.96,49.002500000000005,naive
2026-06-07 00:00:00+00:00,15,-1.135,95.925,naive
2026-06-07 00:00:00+00:00,16,53.625,127.265,naive
2026-06-07 00:00:00+00:00,17,108.0025,141.37,naive
2026-06-07 00:00:00+00:00,18,128.26749999999998,152.7625,naive
2026-06-07 00:00:00+00:00,19,137.1375,156.035,naive
2026-06-07 00:00:00+00:00,20,141.1875,153.1275,naive
2026-06-07 00:00:00+00:00,21,140.3425,145.3475,naive
2026-06-07 00:00:00+00:00,22,140.43,141.0075,naive
2026-06-07 00:00:00+00:00,23,134.2375,128.255,naive
2026-06-08 00:00:00+00:00,0,132.71,83.44749999999999,naive
2026-06-08 00:00:00+00:00,1,127.67,85.025,naive
2026-06-08 00:00:00+00:00,2,130.175,89.8325,naive
2026-06-08 00:00:00+00:00,3,138.5625,97.2575,naive
2026-06-08 00:00:00+00:00,4,150.675,114.8975,naive
2026-06-08 00:00:00+00:00,5,145.675,118.6175,naive
2026-06-08 00:00:00+00:00,6,124.875,113.8175,naive
2026-06-08 00:00:00+00:00,7,100.9025,98.3,naive
2026-06-08 00:00:00+00:00,8,75.91499999999999,86.115,naive
2026-06-08 00:00:00+00:00,9,55.6425,70.825,naive
2026-06-08 00:00:00+00:00,10,54.4825,45.205,naive
2026-06-08 00:00:00+00:00,11,55.2175,34.1775,naive
2026-06-08 00:00:00+00:00,12,68.67,27.2,naive
2026-06-08 00:00:00+00:00,13,88.8525,38.01,naive
2026-06-08 00:00:00+00:00,14,102.58,72.555,naive
2026-06-08 00:00:00+00:00,15,128.875,104.2525,naive
2026-06-08 00:00:00+00:00,16,151.32999999999998,128.9025,naive
2026-06-08 00:00:00+00:00,17,199.3225,150.4975,naive
2026-06-08 00:00:00+00:00,18,208.9025,179.0775,naive
2026-06-08 00:00:00+00:00,19,185.75,189.355,naive
2026-06-08 00:00:00+00:00,20,152.3675,169.135,naive
2026-06-08 00:00:00+00:00,21,128.20499999999998,152.06,naive
2026-06-08 00:00:00+00:00,22,129.0125,148.2425,naive
2026-06-08 00:00:00+00:00,23,122.1575,137.18,naive
2026-06-09 00:00:00+00:00,0,115.5,132.71,naive
2026-06-09 00:00:00+00:00,1,111.2175,127.67,naive
2026-06-09 00:00:00+00:00,2,110.475,130.175,naive
2026-06-09 00:00:00+00:00,3,115.8425,138.5625,naive
2026-06-09 00:00:00+00:00,4,130.1525,150.675,naive
2026-06-09 00:00:00+00:00,5,134.6325,145.675,naive
2026-06-09 00:00:00+00:00,6,126.89,124.875,naive
2026-06-09 00:00:00+00:00,7,107.0,100.9025,naive
2026-06-09 00:00:00+00:00,8,82.33500000000001,75.91499999999999,naive
2026-06-09 00:00:00+00:00,9,60.9,55.6425,naive
2026-06-09 00:00:00+00:00,10,25.215,54.4825,naive
2026-06-09 00:00:00+00:00,11,3.5325,55.2175,naive
2026-06-09 00:00:00+00:00,12,0.145,68.67,naive
2026-06-09 00:00:00+00:00,13,1.52,88.8525,naive
2026-06-09 00:00:00+00:00,14,30.585,102.58,naive
2026-06-09 00:00:00+00:00,15,75.72749999999999,128.875,naive
2026-06-09 00:00:00+00:00,16,118.5475,151.32999999999998,naive
2026-06-09 00:00:00+00:00,17,137.3,199.3225,naive
2026-06-09 00:00:00+00:00,18,153.73000000000002,208.9025,naive
2026-06-09 00:00:00+00:00,19,156.275,185.75,naive
2026-06-09 00:00:00+00:00,20,144.9925,152.3675,naive
2026-06-09 00:00:00+00:00,21,131.3075,128.20499999999998,naive
2026-06-09 00:00:00+00:00,22,124.9125,129.0125,naive
2026-06-09 00:00:00+00:00,23,116.9025,122.1575,naive
2026-06-10 00:00:00+00:00,0,111.1275,115.5,naive
2026-06-10 00:00:00+00:00,1,111.3075,111.2175,naive
2026-06-10 00:00:00+00:00,2,113.24,110.475,naive
2026-06-10 00:00:00+00:00,3,118.7525,115.8425,naive
2026-06-10 00:00:00+00:00,4,131.89249999999998,130.1525,naive
2026-06-10 00:00:00+00:00,5,136.8075,134.6325,naive
2026-06-10 00:00:00+00:00,6,126.6525,126.89,naive
2026-06-10 00:00:00+00:00,7,104.6025,107.0,naive
2026-06-10 00:00:00+00:00,8,86.5575,82.33500000000001,naive
2026-06-10 00:00:00+00:00,9,73.0575,60.9,naive
2026-06-10 00:00:00+00:00,10,68.67750000000001,25.215,naive
2026-06-10 00:00:00+00:00,11,71.5675,3.5325,naive
2026-06-10 00:00:00+00:00,12,77.825,0.145,naive
2026-06-10 00:00:00+00:00,13,86.625,1.52,naive
2026-06-10 00:00:00+00:00,14,103.4525,30.585,naive
2026-06-10 00:00:00+00:00,15,125.4,75.72749999999999,naive
2026-06-10 00:00:00+00:00,16,140.525,118.5475,naive
2026-06-10 00:00:00+00:00,17,170.9675,137.3,naive
2026-06-10 00:00:00+00:00,18,213.98,153.73000000000002,naive
2026-06-10 00:00:00+00:00,19,204.9975,156.275,naive
2026-06-10 00:00:00+00:00,20,168.635,144.9925,naive
2026-06-10 00:00:00+00:00,21,151.75,131.3075,naive
2026-06-10 00:00:00+00:00,22,140.7325,124.9125,naive
2026-06-10 00:00:00+00:00,23,133.4875,116.9025,naive
2026-06-11 00:00:00+00:00,0,126.195,111.1275,naive
2026-06-11 00:00:00+00:00,1,125.7575,111.3075,naive
2026-06-11 00:00:00+00:00,2,126.045,113.24,naive
2026-06-11 00:00:00+00:00,3,126.6625,118.7525,naive
2026-06-11 00:00:00+00:00,4,138.32999999999998,131.89249999999998,naive
2026-06-11 00:00:00+00:00,5,138.7975,136.8075,naive
2026-06-11 00:00:00+00:00,6,126.64,126.6525,naive
2026-06-11 00:00:00+00:00,7,103.7975,104.6025,naive
2026-06-11 00:00:00+00:00,8,90.5425,86.5575,naive
2026-06-11 00:00:00+00:00,9,76.9725,73.0575,naive
2026-06-11 00:00:00+00:00,10,60.2725,68.67750000000001,naive
2026-06-11 00:00:00+00:00,11,45.31,71.5675,naive
2026-06-11 00:00:00+00:00,12,31.58,77.825,naive
2026-06-11 00:00:00+00:00,13,51.025,86.625,naive
2026-06-11 00:00:00+00:00,14,78.4675,103.4525,naive
2026-06-11 00:00:00+00:00,15,101.5975,125.4,naive
2026-06-11 00:00:00+00:00,16,127.98,140.525,naive
2026-06-11 00:00:00+00:00,17,146.235,170.9675,naive
2026-06-11 00:00:00+00:00,18,174.85750000000002,213.98,naive
2026-06-11 00:00:00+00:00,19,164.9425,204.9975,naive
2026-06-11 00:00:00+00:00,20,137.2325,168.635,naive
2026-06-11 00:00:00+00:00,21,116.0625,151.75,naive
2026-06-11 00:00:00+00:00,22,116.895,140.7325,naive
2026-06-11 00:00:00+00:00,23,102.0125,133.4875,naive
2026-06-12 00:00:00+00:00,0,94.505,126.195,naive
2026-06-12 00:00:00+00:00,1,92.0525,125.7575,naive
2026-06-12 00:00:00+00:00,2,93.0475,126.045,naive
2026-06-12 00:00:00+00:00,3,96.0775,126.6625,naive
2026-06-12 00:00:00+00:00,4,117.7575,138.32999999999998,naive
2026-06-12 00:00:00+00:00,5,122.655,138.7975,naive
2026-06-12 00:00:00+00:00,6,127.34,126.64,naive
2026-06-12 00:00:00+00:00,7,117.405,103.7975,naive
2026-06-12 00:00:00+00:00,8,102.1,90.5425,naive
2026-06-12 00:00:00+00:00,9,90.51,76.9725,naive
2026-06-12 00:00:00+00:00,10,81.005,60.2725,naive
2026-06-12 00:00:00+00:00,11,70.1325,45.31,naive
2026-06-12 00:00:00+00:00,12,60.370000000000005,31.58,naive
2026-06-12 00:00:00+00:00,13,56.0475,51.025,naive
2026-06-12 00:00:00+00:00,14,68.2675,78.4675,naive
2026-06-12 00:00:00+00:00,15,78.8725,101.5975,naive
2026-06-12 00:00:00+00:00,16,103.65,127.98,naive
2026-06-12 00:00:00+00:00,17,115.8725,146.235,naive
2026-06-12 00:00:00+00:00,18,110.665,174.85750000000002,naive
2026-06-12 00:00:00+00:00,19,109.81,164.9425,naive
2026-06-12 00:00:00+00:00,20,111.1225,137.2325,naive
2026-06-12 00:00:00+00:00,21,100.8975,116.0625,naive
2026-06-12 00:00:00+00:00,22,87.085,116.895,naive
2026-06-12 00:00:00+00:00,23,74.045,102.0125,naive
2026-06-13 00:00:00+00:00,0,65.85249999999999,134.79,naive
2026-06-13 00:00:00+00:00,1,63.835,116.1675,naive
2026-06-13 00:00:00+00:00,2,65.5575,130.1825,naive
2026-06-13 00:00:00+00:00,3,53.795,126.035,naive
2026-06-13 00:00:00+00:00,4,31.63,117.69,naive
2026-06-13 00:00:00+00:00,5,13.655,102.315,naive
2026-06-13 00:00:00+00:00,6,0.3274999999999999,81.0175,naive
2026-06-13 00:00:00+00:00,7,-1.1075,50.0,naive
2026-06-13 00:00:00+00:00,8,-4.9175,14.7425,naive
2026-06-13 00:00:00+00:00,9,-15.695,0.0325,naive
2026-06-13 00:00:00+00:00,10,-27.4225,-0.03,naive
2026-06-13 00:00:00+00:00,11,-45.8675,-0.025,naive
2026-06-13 00:00:00+00:00,12,-44.9975,0.0225,naive
2026-06-13 00:00:00+00:00,13,-31.54,9.51,naive
2026-06-13 00:00:00+00:00,14,-19.17,46.105,naive
2026-06-13 00:00:00+00:00,15,-4.215,93.2825,naive
2026-06-13 00:00:00+00:00,16,-0.5475000000000001,121.7875,naive
2026-06-13 00:00:00+00:00,17,33.410000000000004,133.85,naive
2026-06-13 00:00:00+00:00,18,72.25500000000001,152.4325,naive
2026-06-13 00:00:00+00:00,19,87.16,150.9225,naive
2026-06-13 00:00:00+00:00,20,102.485,134.3275,naive
2026-06-13 00:00:00+00:00,21,88.0,121.5425,naive
2026-06-13 00:00:00+00:00,22,67.7875,110.7,naive
2026-06-13 00:00:00+00:00,23,49.44,99.5125,naive
2026-06-14 00:00:00+00:00,0,34.0775,92.2075,naive
2026-06-14 00:00:00+00:00,1,28.0725,81.41499999999999,naive
2026-06-14 00:00:00+00:00,2,26.5725,67.0125,naive
2026-06-14 00:00:00+00:00,3,21.3675,39.21,naive
2026-06-14 00:00:00+00:00,4,7.74,5.0475,naive
2026-06-14 00:00:00+00:00,5,0.4599999999999999,0.46,naive
2026-06-14 00:00:00+00:00,6,-0.3475,-0.5525,naive
2026-06-14 00:00:00+00:00,7,-2.8325,-5.05,naive
2026-06-14 00:00:00+00:00,8,-6.37,-8.0,naive
2026-06-14 00:00:00+00:00,9,-9.2875,-14.0525,naive
2026-06-14 00:00:00+00:00,10,-14.9925,-18.2625,naive
2026-06-14 00:00:00+00:00,11,-23.4225,-35.9375,naive
2026-06-14 00:00:00+00:00,12,-25.0,-44.7375,naive
2026-06-14 00:00:00+00:00,13,-20.0,-36.47,naive
2026-06-14 00:00:00+00:00,14,-9.2025,-15.96,naive
2026-06-14 00:00:00+00:00,15,-1.745,-1.135,naive
2026-06-14 00:00:00+00:00,16,5.28,53.625,naive
2026-06-14 00:00:00+00:00,17,62.0825,108.0025,naive
2026-06-14 00:00:00+00:00,18,94.88,128.26749999999998,naive
2026-06-14 00:00:00+00:00,19,102.6275,137.1375,naive
2026-06-14 00:00:00+00:00,20,112.28,141.1875,naive
2026-06-14 00:00:00+00:00,21,103.395,140.3425,naive
2026-06-14 00:00:00+00:00,22,101.4325,140.43,naive
2026-06-14 00:00:00+00:00,23,92.91,134.2375,naive
2026-06-15 00:00:00+00:00,0,85.375,94.505,naive
2026-06-15 00:00:00+00:00,1,83.7475,92.0525,naive
2026-06-15 00:00:00+00:00,2,84.3875,93.0475,naive
2026-06-15 00:00:00+00:00,3,91.405,96.0775,naive
2026-06-15 00:00:00+00:00,4,105.6925,117.7575,naive
2026-06-15 00:00:00+00:00,5,107.3925,122.655,naive
2026-06-15 00:00:00+00:00,6,91.44,127.34,naive
2026-06-15 00:00:00+00:00,7,63.6525,117.405,naive
2026-06-15 00:00:00+00:00,8,21.5575,102.1,naive
2026-06-15 00:00:00+00:00,9,1.0075,90.51,naive
2026-06-15 00:00:00+00:00,10,-0.0275,81.005,naive
2026-06-15 00:00:00+00:00,11,-1.4825,70.1325,naive
2026-06-15 00:00:00+00:00,12,-2.9025,60.370000000000005,naive
2026-06-15 00:00:00+00:00,13,-0.9325,56.0475,naive
2026-06-15 00:00:00+00:00,14,-0.015,68.2675,naive
2026-06-15 00:00:00+00:00,15,43.6775,78.8725,naive
2026-06-15 00:00:00+00:00,16,91.4525,103.65,naive
2026-06-15 00:00:00+00:00,17,129.0825,115.8725,naive
2026-06-15 00:00:00+00:00,18,148.695,110.665,naive
2026-06-15 00:00:00+00:00,19,156.26,109.81,naive
2026-06-15 00:00:00+00:00,20,153.7925,111.1225,naive
2026-06-15 00:00:00+00:00,21,134.755,100.8975,naive
2026-06-15 00:00:00+00:00,22,122.8275,87.085,naive
2026-06-15 00:00:00+00:00,23,117.3175,74.045,naive
2026-06-16 00:00:00+00:00,0,113.775,85.375,naive
2026-06-16 00:00:00+00:00,1,110.9925,83.7475,naive
2026-06-16 00:00:00+00:00,2,111.24,84.3875,naive
2026-06-16 00:00:00+00:00,3,115.1225,91.405,naive
2026-06-16 00:00:00+00:00,4,127.9925,105.6925,naive
2026-06-16 00:00:00+00:00,5,131.695,107.3925,naive
2026-06-16 00:00:00+00:00,6,126.315,91.44,naive
2026-06-16 00:00:00+00:00,7,109.5025,63.6525,naive
2026-06-16 00:00:00+00:00,8,85.98,21.5575,naive
2026-06-16 00:00:00+00:00,9,80.5375,1.0075,naive
2026-06-16 00:00:00+00:00,10,66.4975,-0.0275,naive
2026-06-16 00:00:00+00:00,11,54.255,-1.4825,naive
2026-06-16 00:00:00+00:00,12,50.7325,-2.9025,naive
2026-06-16 00:00:00+00:00,13,60.22,-0.9325,naive
2026-06-16 00:00:00+00:00,14,81.4575,-0.015,naive
2026-06-16 00:00:00+00:00,15,109.7225,43.6775,naive
2026-06-16 00:00:00+00:00,16,127.11,91.4525,naive
2026-06-16 00:00:00+00:00,17,148.1175,129.0825,naive
2026-06-16 00:00:00+00:00,18,174.1025,148.695,naive
2026-06-16 00:00:00+00:00,19,181.42,156.26,naive
2026-06-16 00:00:00+00:00,20,163.86,153.7925,naive
2026-06-16 00:00:00+00:00,21,143.10750000000002,134.755,naive
2026-06-16 00:00:00+00:00,22,141.23000000000002,122.8275,naive
2026-06-16 00:00:00+00:00,23,135.39249999999998,117.3175,naive
2026-06-17 00:00:00+00:00,0,129.32999999999998,113.775,naive
2026-06-17 00:00:00+00:00,1,127.54,110.9925,naive
2026-06-17 00:00:00+00:00,2,127.415,111.24,naive
2026-06-17 00:00:00+00:00,3,128.045,115.1225,naive
2026-06-17 00:00:00+00:00,4,140.265,127.9925,naive
2026-06-17 00:00:00+00:00,5,136.675,131.695,naive
2026-06-17 00:00:00+00:00,6,121.755,126.315,naive
2026-06-17 00:00:00+00:00,7,105.795,109.5025,naive
2026-06-17 00:00:00+00:00,8,88.245,85.98,naive
2026-06-17 00:00:00+00:00,9,78.4875,80.5375,naive
2026-06-17 00:00:00+00:00,10,72.23,66.4975,naive
2026-06-17 00:00:00+00:00,11,62.7925,54.255,naive
2026-06-17 00:00:00+00:00,12,66.2575,50.7325,naive
2026-06-17 00:00:00+00:00,13,75.975,60.22,naive
2026-06-17 00:00:00+00:00,14,88.0925,81.4575,naive
2026-06-17 00:00:00+00:00,15,106.425,109.7225,naive
2026-06-17 00:00:00+00:00,16,120.7375,127.11,naive
2026-06-17 00:00:00+00:00,17,142.5575,148.1175,naive
2026-06-17 00:00:00+00:00,18,162.39,174.1025,naive
2026-06-17 00:00:00+00:00,19,164.115,181.42,naive
2026-06-17 00:00:00+00:00,20,158.61,163.86,naive
2026-06-17 00:00:00+00:00,21,142.7375,143.10750000000002,naive
2026-06-17 00:00:00+00:00,22,135.2575,141.23000000000002,naive
2026-06-17 00:00:00+00:00,23,125.7275,135.39249999999998,naive
2026-06-18 00:00:00+00:00,0,121.8625,129.32999999999998,naive
2026-06-18 00:00:00+00:00,1,119.685,127.54,naive
2026-06-18 00:00:00+00:00,2,119.3125,127.415,naive
2026-06-18 00:00:00+00:00,3,127.09,128.045,naive
2026-06-18 00:00:00+00:00,4,135.3,140.265,naive
2026-06-18 00:00:00+00:00,5,135.265,136.675,naive
2026-06-18 00:00:00+00:00,6,118.7325,121.755,naive
2026-06-18 00:00:00+00:00,7,101.715,105.795,naive
2026-06-18 00:00:00+00:00,8,75.135,88.245,naive
2026-06-18 00:00:00+00:00,9,44.0275,78.4875,naive
2026-06-18 00:00:00+00:00,10,28.2475,72.23,naive
2026-06-18 00:00:00+00:00,11,18.67,62.7925,naive
2026-06-18 00:00:00+00:00,12,25.9,66.2575,naive
2026-06-18 00:00:00+00:00,13,48.0975,75.975,naive
2026-06-18 00:00:00+00:00,14,79.06,88.0925,naive
2026-06-18 00:00:00+00:00,15,105.515,106.425,naive
2026-06-18 00:00:00+00:00,16,135.70749999999998,120.7375,naive
2026-06-18 00:00:00+00:00,17,253.3925,142.5575,naive
2026-06-18 00:00:00+00:00,18,435.0675,162.39,naive
2026-06-18 00:00:00+00:00,19,441.915,164.115,naive
2026-06-18 00:00:00+00:00,20,264.32,158.61,naive
2026-06-18 00:00:00+00:00,21,163.0175,142.7375,naive
2026-06-18 00:00:00+00:00,22,146.6425,135.2575,naive
2026-06-18 00:00:00+00:00,23,132.5125,125.7275,naive
2026-06-19 00:00:00+00:00,0,124.8225,121.8625,naive
2026-06-19 00:00:00+00:00,1,120.46,119.685,naive
2026-06-19 00:00:00+00:00,2,118.4675,119.3125,naive
2026-06-19 00:00:00+00:00,3,120.595,127.09,naive
2026-06-19 00:00:00+00:00,4,138.7175,135.3,naive
2026-06-19 00:00:00+00:00,5,127.3725,135.265,naive
2026-06-19 00:00:00+00:00,6,111.9575,118.7325,naive
2026-06-19 00:00:00+00:00,7,95.395,101.715,naive
2026-06-19 00:00:00+00:00,8,69.9075,75.135,naive
2026-06-19 00:00:00+00:00,9,32.09,44.0275,naive
2026-06-19 00:00:00+00:00,10,15.0,28.2475,naive
2026-06-19 00:00:00+00:00,11,11.235,18.67,naive
2026-06-19 00:00:00+00:00,12,16.305,25.9,naive
2026-06-19 00:00:00+00:00,13,42.8525,48.0975,naive
2026-06-19 00:00:00+00:00,14,80.685,79.06,naive
2026-06-19 00:00:00+00:00,15,108.3225,105.515,naive
2026-06-19 00:00:00+00:00,16,129.7025,135.70749999999998,naive
2026-06-19 00:00:00+00:00,17,170.785,253.3925,naive
2026-06-19 00:00:00+00:00,18,201.36,435.0675,naive
2026-06-19 00:00:00+00:00,19,185.5325,441.915,naive
2026-06-19 00:00:00+00:00,20,157.8625,264.32,naive
2026-06-19 00:00:00+00:00,21,137.7825,163.0175,naive
2026-06-19 00:00:00+00:00,22,130.35,146.6425,naive
2026-06-19 00:00:00+00:00,23,121.12,132.5125,naive
2026-06-20 00:00:00+00:00,0,118.6,65.85249999999999,naive
2026-06-20 00:00:00+00:00,1,116.7625,63.835,naive
2026-06-20 00:00:00+00:00,2,114.7975,65.5575,naive
2026-06-20 00:00:00+00:00,3,114.4925,53.795,naive
2026-06-20 00:00:00+00:00,4,109.7275,31.63,naive
2026-06-20 00:00:00+00:00,5,101.6775,13.655,naive
2026-06-20 00:00:00+00:00,6,89.9875,0.3274999999999999,naive
2026-06-20 00:00:00+00:00,7,41.335,-1.1075,naive
2026-06-20 00:00:00+00:00,8,4.125,-4.9175,naive
2026-06-20 00:00:00+00:00,9,-0.0025,-15.695,naive
2026-06-20 00:00:00+00:00,10,-0.0125,-27.4225,naive
2026-06-20 00:00:00+00:00,11,-0.0175,-45.8675,naive
2026-06-20 00:00:00+00:00,12,-0.0125,-44.9975,naive
2026-06-20 00:00:00+00:00,13,0.25,-31.54,naive
2026-06-20 00:00:00+00:00,14,18.3075,-19.17,naive
2026-06-20 00:00:00+00:00,15,84.22,-4.215,naive
2026-06-20 00:00:00+00:00,16,119.7825,-0.5475000000000001,naive
2026-06-20 00:00:00+00:00,17,147.3975,33.410000000000004,naive
2026-06-20 00:00:00+00:00,18,171.98749999999998,72.25500000000001,naive
2026-06-20 00:00:00+00:00,19,182.55,87.16,naive
2026-06-20 00:00:00+00:00,20,165.0675,102.485,naive
2026-06-20 00:00:00+00:00,21,146.8075,88.0,naive
2026-06-20 00:00:00+00:00,22,137.915,67.7875,naive
2026-06-20 00:00:00+00:00,23,128.565,49.44,naive
2026-06-21 00:00:00+00:00,0,126.415,34.0775,naive
2026-06-21 00:00:00+00:00,1,124.17,28.0725,naive
2026-06-21 00:00:00+00:00,2,122.4325,26.5725,naive
2026-06-21 00:00:00+00:00,3,119.5875,21.3675,naive
2026-06-21 00:00:00+00:00,4,112.1,7.74,naive
2026-06-21 00:00:00+00:00,5,102.355,0.4599999999999999,naive
2026-06-21 00:00:00+00:00,6,70.815,-0.3475,naive
2026-06-21 00:00:00+00:00,7,25.9825,-2.8325,naive
2026-06-21 00:00:00+00:00,8,1.3624999999999998,-6.37,naive
2026-06-21 00:00:00+00:00,9,-0.0025,-9.2875,naive
2026-06-21 00:00:00+00:00,10,-0.0075,-14.9925,naive
2026-06-21 00:00:00+00:00,11,-0.01,-23.4225,naive
2026-06-21 00:00:00+00:00,12,-0.005,-25.0,naive
2026-06-21 00:00:00+00:00,13,0.0075,-20.0,naive
2026-06-21 00:00:00+00:00,14,12.7625,-9.2025,naive
2026-06-21 00:00:00+00:00,15,77.72,-1.745,naive
2026-06-21 00:00:00+00:00,16,115.615,5.28,naive
2026-06-21 00:00:00+00:00,17,133.92000000000002,62.0825,naive
2026-06-21 00:00:00+00:00,18,150.0025,94.88,naive
2026-06-21 00:00:00+00:00,19,150.265,102.6275,naive
2026-06-21 00:00:00+00:00,20,146.1,112.28,naive
2026-06-21 00:00:00+00:00,21,133.9925,103.395,naive
2026-06-21 00:00:00+00:00,22,128.3775,101.4325,naive
2026-06-21 00:00:00+00:00,23,120.1225,92.91,naive
2026-06-22 00:00:00+00:00,0,114.9625,124.8225,naive
2026-06-22 00:00:00+00:00,1,115.225,120.46,naive
2026-06-22 00:00:00+00:00,2,117.13,118.4675,naive
2026-06-22 00:00:00+00:00,3,123.89,120.595,naive
2026-06-22 00:00:00+00:00,4,140.3425,138.7175,naive
2026-06-22 00:00:00+00:00,5,146.0375,127.3725,naive
2026-06-22 00:00:00+00:00,6,128.8225,111.9575,naive
2026-06-22 00:00:00+00:00,7,107.1625,95.395,naive
2026-06-22 00:00:00+00:00,8,84.64750000000001,69.9075,naive
2026-06-22 00:00:00+00:00,9,57.3025,32.09,naive
2026-06-22 00:00:00+00:00,10,39.5175,15.0,naive
2026-06-22 00:00:00+00:00,11,32.34,11.235,naive
2026-06-22 00:00:00+00:00,12,41.805,16.305,naive
2026-06-22 00:00:00+00:00,13,63.517500000000005,42.8525,naive
2026-06-22 00:00:00+00:00,14,90.8975,80.685,naive
2026-06-22 00:00:00+00:00,15,114.07,108.3225,naive
2026-06-22 00:00:00+00:00,16,145.585,129.7025,naive
2026-06-22 00:00:00+00:00,17,198.5075,170.785,naive
2026-06-22 00:00:00+00:00,18,271.77750000000003,201.36,naive
2026-06-22 00:00:00+00:00,19,250.455,185.5325,naive
2026-06-22 00:00:00+00:00,20,189.57,157.8625,naive
2026-06-22 00:00:00+00:00,21,156.0025,137.7825,naive
2026-06-22 00:00:00+00:00,22,146.06,130.35,naive
2026-06-22 00:00:00+00:00,23,139.125,121.12,naive
2026-06-23 00:00:00+00:00,0,135.01,114.9625,naive
2026-06-23 00:00:00+00:00,1,135.8225,115.225,naive
2026-06-23 00:00:00+00:00,2,138.06,117.13,naive
2026-06-23 00:00:00+00:00,3,142.3,123.89,naive
2026-06-23 00:00:00+00:00,4,164.22,140.3425,naive
2026-06-23 00:00:00+00:00,5,160.1325,146.0375,naive
2026-06-23 00:00:00+00:00,6,133.7875,128.8225,naive
2026-06-23 00:00:00+00:00,7,112.1175,107.1625,naive
2026-06-23 00:00:00+00:00,8,96.3125,84.64750000000001,naive
2026-06-23 00:00:00+00:00,9,76.52,57.3025,naive
2026-06-23 00:00:00+00:00,10,67.145,39.5175,naive
2026-06-23 00:00:00+00:00,11,60.345,32.34,naive
2026-06-23 00:00:00+00:00,12,67.6525,41.805,naive
2026-06-23 00:00:00+00:00,13,81.35249999999999,63.517500000000005,naive
2026-06-23 00:00:00+00:00,14,101.065,90.8975,naive
2026-06-23 00:00:00+00:00,15,121.7075,114.07,naive
2026-06-23 00:00:00+00:00,16,169.6825,145.585,naive
2026-06-23 00:00:00+00:00,17,340.70500000000004,198.5075,naive
2026-06-23 00:00:00+00:00,18,545.505,271.77750000000003,naive
2026-06-23 00:00:00+00:00,19,528.7375,250.455,naive
2026-06-23 00:00:00+00:00,20,335.1175,189.57,naive
2026-06-23 00:00:00+00:00,21,199.3975,156.0025,naive
2026-06-23 00:00:00+00:00,22,178.8025,146.06,naive
2026-06-23 00:00:00+00:00,23,162.655,139.125,naive
2026-06-24 00:00:00+00:00,0,148.005,135.01,naive
2026-06-24 00:00:00+00:00,1,144.05,135.8225,naive
2026-06-24 00:00:00+00:00,2,144.46,138.06,naive
2026-06-24 00:00:00+00:00,3,151.6175,142.3,naive
2026-06-24 00:00:00+00:00,4,178.1675,164.22,naive
2026-06-24 00:00:00+00:00,5,172.61,160.1325,naive
2026-06-24 00:00:00+00:00,6,149.3475,133.7875,naive
2026-06-24 00:00:00+00:00,7,119.3125,112.1175,naive
2026-06-24 00:00:00+00:00,8,102.4125,96.3125,naive
2026-06-24 00:00:00+00:00,9,84.52,76.52,naive
2026-06-24 00:00:00+00:00,10,73.51,67.145,naive
2026-06-24 00:00:00+00:00,11,70.9825,60.345,naive
2026-06-24 00:00:00+00:00,12,74.515,67.6525,naive
2026-06-24 00:00:00+00:00,13,89.3475,81.35249999999999,naive
2026-06-24 00:00:00+00:00,14,109.375,101.065,naive
2026-06-24 00:00:00+00:00,15,129.66,121.7075,naive
2026-06-24 00:00:00+00:00,16,196.785,169.6825,naive
2026-06-24 00:00:00+00:00,17,455.1375,340.70500000000004,naive
2026-06-24 00:00:00+00:00,18,665.8199999999999,545.505,naive
2026-06-24 00:00:00+00:00,19,660.1575,528.7375,naive
2026-06-24 00:00:00+00:00,20,463.2525,335.1175,naive
2026-06-24 00:00:00+00:00,21,263.61,199.3975,naive
2026-06-24 00:00:00+00:00,22,169.5675,178.8025,naive
2026-06-24 00:00:00+00:00,23,154.935,162.655,naive
2026-06-25 00:00:00+00:00,0,145.385,148.005,naive
2026-06-25 00:00:00+00:00,1,142.9725,144.05,naive
2026-06-25 00:00:00+00:00,2,141.9075,144.46,naive
2026-06-25 00:00:00+00:00,3,144.5725,151.6175,naive
2026-06-25 00:00:00+00:00,4,161.32999999999998,178.1675,naive
2026-06-25 00:00:00+00:00,5,148.41750000000002,172.61,naive
2026-06-25 00:00:00+00:00,6,119.0975,149.3475,naive
2026-06-25 00:00:00+00:00,7,105.0075,119.3125,naive
2026-06-25 00:00:00+00:00,8,84.745,102.4125,naive
2026-06-25 00:00:00+00:00,9,67.0925,84.52,naive
2026-06-25 00:00:00+00:00,10,42.7,73.51,naive
2026-06-25 00:00:00+00:00,11,33.96,70.9825,naive
2026-06-25 00:00:00+00:00,12,37.265,74.515,naive
2026-06-25 00:00:00+00:00,13,67.8075,89.3475,naive
2026-06-25 00:00:00+00:00,14,88.2925,109.375,naive
2026-06-25 00:00:00+00:00,15,106.6,129.66,naive
2026-06-25 00:00:00+00:00,16,135.23,196.785,naive
2026-06-25 00:00:00+00:00,17,203.315,455.1375,naive
2026-06-25 00:00:00+00:00,18,285.77250000000004,665.8199999999999,naive
2026-06-25 00:00:00+00:00,19,276.615,660.1575,naive
2026-06-25 00:00:00+00:00,20,186.6375,463.2525,naive
2026-06-25 00:00:00+00:00,21,155.745,263.61,naive
2026-06-25 00:00:00+00:00,22,144.7,169.5675,naive
2026-06-25 00:00:00+00:00,23,130.725,154.935,naive
2026-06-26 00:00:00+00:00,0,122.4825,145.385,naive
2026-06-26 00:00:00+00:00,1,120.9325,142.9725,naive
2026-06-26 00:00:00+00:00,2,122.605,141.9075,naive
2026-06-26 00:00:00+00:00,3,129.5475,144.5725,naive
2026-06-26 00:00:00+00:00,4,146.03,161.32999999999998,naive
2026-06-26 00:00:00+00:00,5,137.97,148.41750000000002,naive
2026-06-26 00:00:00+00:00,6,119.805,119.0975,naive
2026-06-26 00:00:00+00:00,7,108.2725,105.0075,naive
2026-06-26 00:00:00+00:00,8,93.2425,84.745,naive
2026-06-26 00:00:00+00:00,9,67.705,67.0925,naive
2026-06-26 00:00:00+00:00,10,49.49,42.7,naive
2026-06-26 00:00:00+00:00,11,38.5,33.96,naive
2026-06-26 00:00:00+00:00,12,40.0,37.265,naive
2026-06-26 00:00:00+00:00,13,68.9825,67.8075,naive
2026-06-26 00:00:00+00:00,14,93.12,88.2925,naive
2026-06-26 00:00:00+00:00,15,110.9925,106.6,naive
2026-06-26 00:00:00+00:00,16,150.345,135.23,naive
2026-06-26 00:00:00+00:00,17,243.545,203.315,naive
2026-06-26 00:00:00+00:00,18,350.46000000000004,285.77250000000004,naive
2026-06-26 00:00:00+00:00,19,295.77750000000003,276.615,naive
2026-06-26 00:00:00+00:00,20,202.655,186.6375,naive
2026-06-26 00:00:00+00:00,21,154.86,155.745,naive
2026-06-26 00:00:00+00:00,22,132.045,144.7,naive
2026-06-26 00:00:00+00:00,23,124.5,130.725,naive
2026-06-27 00:00:00+00:00,0,117.995,118.6,naive
2026-06-27 00:00:00+00:00,1,115.83,116.7625,naive
2026-06-27 00:00:00+00:00,2,115.325,114.7975,naive
2026-06-27 00:00:00+00:00,3,114.0,114.4925,naive
2026-06-27 00:00:00+00:00,4,112.725,109.7275,naive
2026-06-27 00:00:00+00:00,5,109.2725,101.6775,naive
2026-06-27 00:00:00+00:00,6,102.8675,89.9875,naive
2026-06-27 00:00:00+00:00,7,73.5675,41.335,naive
2026-06-27 00:00:00+00:00,8,36.025,4.125,naive
2026-06-27 00:00:00+00:00,9,9.6675,-0.0025,naive
2026-06-27 00:00:00+00:00,10,0.525,-0.0125,naive
2026-06-27 00:00:00+00:00,11,0.0275,-0.0175,naive
2026-06-27 00:00:00+00:00,12,3.3925,-0.0125,naive
2026-06-27 00:00:00+00:00,13,12.7675,0.25,naive
2026-06-27 00:00:00+00:00,14,51.0,18.3075,naive
2026-06-27 00:00:00+00:00,15,100.605,84.22,naive
2026-06-27 00:00:00+00:00,16,127.1325,119.7825,naive
2026-06-27 00:00:00+00:00,17,171.755,147.3975,naive
2026-06-27 00:00:00+00:00,18,221.25,171.98749999999998,naive
2026-06-27 00:00:00+00:00,19,214.3075,182.55,naive
2026-06-27 00:00:00+00:00,20,174.9975,165.0675,naive
2026-06-27 00:00:00+00:00,21,144.595,146.8075,naive
2026-06-27 00:00:00+00:00,22,136.46,137.915,naive
2026-06-27 00:00:00+00:00,23,126.03,128.565,naive
2026-06-28 00:00:00+00:00,0,119.6825,126.415,naive
2026-06-28 00:00:00+00:00,1,115.6875,124.17,naive
2026-06-28 00:00:00+00:00,2,114.735,122.4325,naive
2026-06-28 00:00:00+00:00,3,115.1225,119.5875,naive
2026-06-28 00:00:00+00:00,4,112.0625,112.1,naive
2026-06-28 00:00:00+00:00,5,104.43,102.355,naive
2026-06-28 00:00:00+00:00,6,76.685,70.815,naive
2026-06-28 00:00:00+00:00,7,32.8125,25.9825,naive
2026-06-28 00:00:00+00:00,8,5.1525,1.3624999999999998,naive
2026-06-28 00:00:00+00:00,9,0.12,-0.0025,naive
2026-06-28 00:00:00+00:00,10,-0.0225,-0.0075,naive
2026-06-28 00:00:00+00:00,11,-0.905,-0.01,naive
2026-06-28 00:00:00+00:00,12,-0.0275,-0.005,naive
2026-06-28 00:00:00+00:00,13,1.62,0.0075,naive
2026-06-28 00:00:00+00:00,14,27.665,12.7625,naive
2026-06-28 00:00:00+00:00,15,84.6425,77.72,naive
2026-06-28 00:00:00+00:00,16,114.51,115.615,naive
2026-06-28 00:00:00+00:00,17,137.9875,133.92000000000002,naive
2026-06-28 00:00:00+00:00,18,153.1775,150.0025,naive
2026-06-28 00:00:00+00:00,19,161.04,150.265,naive
2026-06-28 00:00:00+00:00,20,157.29500000000002,146.1,naive
2026-06-28 00:00:00+00:00,21,144.115,133.9925,naive
2026-06-28 00:00:00+00:00,22,123.1175,128.3775,naive
2026-06-28 00:00:00+00:00,23,113.665,120.1225,naive
2026-06-29 00:00:00+00:00,0,113.025,122.4825,naive
2026-06-29 00:00:00+00:00,1,109.76,120.9325,naive
2026-06-29 00:00:00+00:00,2,114.87,122.605,naive
2026-06-29 00:00:00+00:00,3,127.3425,129.5475,naive
2026-06-29 00:00:00+00:00,4,149.7375,146.03,naive
2026-06-29 00:00:00+00:00,5,152.1625,137.97,naive
2026-06-29 00:00:00+00:00,6,143.2925,119.805,naive
2026-06-29 00:00:00+00:00,7,120.9475,108.2725,naive
2026-06-29 00:00:00+00:00,8,106.925,93.2425,naive
2026-06-29 00:00:00+00:00,9,99.1,67.705,naive
2026-06-29 00:00:00+00:00,10,89.5075,49.49,naive
2026-06-29 00:00:00+00:00,11,82.0275,38.5,naive
2026-06-29 00:00:00+00:00,12,86.38499999999999,40.0,naive
2026-06-29 00:00:00+00:00,13,96.78,68.9825,naive
2026-06-29 00:00:00+00:00,14,103.7325,93.12,naive
2026-06-29 00:00:00+00:00,15,115.075,110.9925,naive
2026-06-29 00:00:00+00:00,16,134.91,150.345,naive
2026-06-29 00:00:00+00:00,17,197.65,243.545,naive
2026-06-29 00:00:00+00:00,18,284.3325,350.46000000000004,naive
2026-06-29 00:00:00+00:00,19,301.365,295.77750000000003,naive
2026-06-29 00:00:00+00:00,20,230.89,202.655,naive
2026-06-29 00:00:00+00:00,21,170.0,154.86,naive
2026-06-29 00:00:00+00:00,22,161.735,132.045,naive
2026-06-29 00:00:00+00:00,23,145.37,124.5,naive
