origin,hour,y_true,y_pred,model
2017-10-13,0,30.53,27.298458184549723,B1+coupling_state
2017-10-13,1,29.38,26.304453427244155,B1+coupling_state
2017-10-13,2,28.34,24.843188749374633,B1+coupling_state
2017-10-13,3,28.46,24.1551649383276,B1+coupling_state
2017-10-13,4,29.03,25.060312636836947,B1+coupling_state
2017-10-13,5,31.47,28.44586840255016,B1+coupling_state
2017-10-13,6,43.08,38.43926974553094,B1+coupling_state
2017-10-13,7,59.93,48.144608666399535,B1+coupling_state
2017-10-13,8,64.82,49.915717606378394,B1+coupling_state
2017-10-13,9,50.81,46.525702406846094,B1+coupling_state
2017-10-13,10,46.46,43.52076239283027,B1+coupling_state
2017-10-13,11,44.4,37.34583283524255,B1+coupling_state
2017-10-13,12,38.03,32.20050430050352,B1+coupling_state
2017-10-13,13,33.49,30.01165425124585,B1+coupling_state
2017-10-13,14,31.29,28.142878741088705,B1+coupling_state
2017-10-13,15,34.72,29.858945455871904,B1+coupling_state
2017-10-13,16,36.99,32.526479747309914,B1+coupling_state
2017-10-13,17,46.45,39.05283172872714,B1+coupling_state
2017-10-13,18,55.9,44.681081978705954,B1+coupling_state
2017-10-13,19,49.9,47.99034333323983,B1+coupling_state
2017-10-13,20,39.27,40.1311628405041,B1+coupling_state
2017-10-13,21,35.21,35.73875021757,B1+coupling_state
2017-10-13,22,31.66,32.98827499189266,B1+coupling_state
2017-10-13,23,29.63,27.492078366829727,B1+coupling_state
2017-10-14,0,28.0,27.708342403426872,B1+coupling_state
2017-10-14,1,26.99,26.058238556463188,B1+coupling_state
2017-10-14,2,27.41,24.842097954275207,B1+coupling_state
2017-10-14,3,26.4,24.346405871151752,B1+coupling_state
2017-10-14,4,26.17,24.78255463763469,B1+coupling_state
2017-10-14,5,26.1,25.14587077212086,B1+coupling_state
2017-10-14,6,28.0,26.163740758036212,B1+coupling_state
2017-10-14,7,33.99,30.22378349058426,B1+coupling_state
2017-10-14,8,39.42,31.795113846891894,B1+coupling_state
2017-10-14,9,35.95,31.453548639750654,B1+coupling_state
2017-10-14,10,28.04,25.5031108021522,B1+coupling_state
2017-10-14,11,22.86,23.05257918753976,B1+coupling_state
2017-10-14,12,26.07,20.346131476852644,B1+coupling_state
2017-10-14,13,12.67,19.147470423103616,B1+coupling_state
2017-10-14,14,13.31,19.596732170252636,B1+coupling_state
2017-10-14,15,26.42,21.89107182006686,B1+coupling_state
2017-10-14,16,31.44,25.993333747763995,B1+coupling_state
2017-10-14,17,40.02,34.91572687748873,B1+coupling_state
2017-10-14,18,49.71,42.15466556167803,B1+coupling_state
2017-10-14,19,52.51,45.214187088887336,B1+coupling_state
2017-10-14,20,43.97,38.306174615145984,B1+coupling_state
2017-10-14,21,40.03,34.27529972596899,B1+coupling_state
2017-10-14,22,39.07,34.13647009657379,B1+coupling_state
2017-10-14,23,31.43,30.25273498352093,B1+coupling_state
2017-10-15,0,34.26,29.197121662739356,B1+coupling_state
2017-10-15,1,31.56,27.527970294091407,B1+coupling_state
2017-10-15,2,30.41,26.618414245256027,B1+coupling_state
2017-10-15,3,29.27,25.61478980247062,B1+coupling_state
2017-10-15,4,29.04,24.382369871381925,B1+coupling_state
2017-10-15,5,28.91,24.181311900714395,B1+coupling_state
2017-10-15,6,31.18,28.301647041104935,B1+coupling_state
2017-10-15,7,35.9,32.71259715081728,B1+coupling_state
2017-10-15,8,34.22,35.99096351845799,B1+coupling_state
2017-10-15,9,33.24,33.59582849031732,B1+coupling_state
2017-10-15,10,31.58,29.344710564417497,B1+coupling_state
2017-10-15,11,30.97,25.090027151237848,B1+coupling_state
2017-10-15,12,22.77,22.13018051893637,B1+coupling_state
2017-10-15,13,17.07,18.025136830451878,B1+coupling_state
2017-10-15,14,22.44,16.297326085773122,B1+coupling_state
2017-10-15,15,26.63,19.51742369262013,B1+coupling_state
2017-10-15,16,28.03,23.110251457423928,B1+coupling_state
2017-10-15,17,39.38,33.185887000819754,B1+coupling_state
2017-10-15,18,45.05,40.57309207768394,B1+coupling_state
2017-10-15,19,45.04,42.15871748715432,B1+coupling_state
2017-10-15,20,31.75,36.031476329554735,B1+coupling_state
2017-10-15,21,31.73,31.708557702978887,B1+coupling_state
2017-10-15,22,29.09,31.119584238811917,B1+coupling_state
2017-10-15,23,18.4,26.162222891463124,B1+coupling_state
2017-10-16,0,22.99,19.686200679010756,B1+coupling_state
2017-10-16,1,21.26,21.133790690246947,B1+coupling_state
2017-10-16,2,21.86,20.502062876281382,B1+coupling_state
2017-10-16,3,21.79,20.546065715148508,B1+coupling_state
2017-10-16,4,22.93,22.44770484715569,B1+coupling_state
2017-10-16,5,28.9,26.322808824240116,B1+coupling_state
2017-10-16,6,42.0,35.96586459967462,B1+coupling_state
2017-10-16,7,55.34,45.35488404460961,B1+coupling_state
2017-10-16,8,51.65,44.59883691554719,B1+coupling_state
2017-10-16,9,43.12,41.773359614668244,B1+coupling_state
2017-10-16,10,37.3,36.71207905179423,B1+coupling_state
2017-10-16,11,33.16,35.291003661180106,B1+coupling_state
2017-10-16,12,32.26,31.614397516629673,B1+coupling_state
2017-10-16,13,31.68,29.714182912946054,B1+coupling_state
2017-10-16,14,40.56,32.15540774496533,B1+coupling_state
2017-10-16,15,42.5,36.11407023303318,B1+coupling_state
2017-10-16,16,44.62,39.08412931144865,B1+coupling_state
2017-10-16,17,50.9,51.31859895839234,B1+coupling_state
2017-10-16,18,63.47,60.85404294139742,B1+coupling_state
2017-10-16,19,66.73,60.13413456653029,B1+coupling_state
2017-10-16,20,45.95,41.89517180417023,B1+coupling_state
2017-10-16,21,39.05,35.546493407697874,B1+coupling_state
2017-10-16,22,34.07,32.18210652126549,B1+coupling_state
2017-10-16,23,31.11,26.56302422841105,B1+coupling_state
2017-10-17,0,28.95,28.424597408424223,B1+coupling_state
2017-10-17,1,27.02,27.772658023674516,B1+coupling_state
2017-10-17,2,26.99,26.468451894342106,B1+coupling_state
2017-10-17,3,27.04,26.252707234235196,B1+coupling_state
2017-10-17,4,28.06,27.91040401746049,B1+coupling_state
2017-10-17,5,30.57,30.308190426942875,B1+coupling_state
2017-10-17,6,34.99,37.7627285488594,B1+coupling_state
2017-10-17,7,46.16,47.93736136988326,B1+coupling_state
2017-10-17,8,44.97,46.56284004286425,B1+coupling_state
2017-10-17,9,36.95,43.584740131840846,B1+coupling_state
2017-10-17,10,33.46,38.417533576492445,B1+coupling_state
2017-10-17,11,31.34,34.719992598437244,B1+coupling_state
2017-10-17,12,29.24,30.930926544873795,B1+coupling_state
2017-10-17,13,30.22,29.241241207595827,B1+coupling_state
2017-10-17,14,29.72,31.214733311726075,B1+coupling_state
2017-10-17,15,32.8,35.28361779538005,B1+coupling_state
2017-10-17,16,35.47,39.09361446807612,B1+coupling_state
2017-10-17,17,47.92,48.77953670266557,B1+coupling_state
2017-10-17,18,63.36,57.809062948774624,B1+coupling_state
2017-10-17,19,67.92,59.41943387940438,B1+coupling_state
2017-10-17,20,47.38,46.12196162997,B1+coupling_state
2017-10-17,21,43.61,39.43671839723734,B1+coupling_state
2017-10-17,22,39.99,37.754904593099816,B1+coupling_state
2017-10-17,23,36.79,33.9620947158004,B1+coupling_state
2017-10-18,0,33.22,34.65578714005668,B1+coupling_state
2017-10-18,1,34.02,34.742829510154266,B1+coupling_state
2017-10-18,2,34.02,36.260656842000444,B1+coupling_state
2017-10-18,3,31.89,35.703381038802405,B1+coupling_state
2017-10-18,4,31.81,37.69318928541875,B1+coupling_state
2017-10-18,5,36.03,41.09461676670294,B1+coupling_state
2017-10-18,6,49.87,49.534096092929104,B1+coupling_state
2017-10-18,7,66.0,60.59174039461348,B1+coupling_state
2017-10-18,8,69.94,63.474252083079236,B1+coupling_state
2017-10-18,9,67.91,58.346970303876645,B1+coupling_state
2017-10-18,10,64.42,51.828886079705626,B1+coupling_state
2017-10-18,11,63.08,47.851425914606565,B1+coupling_state
2017-10-18,12,47.93,42.16400991163481,B1+coupling_state
2017-10-18,13,45.97,40.548122980640215,B1+coupling_state
2017-10-18,14,46.07,42.667753479545674,B1+coupling_state
2017-10-18,15,55.84,46.75775398651261,B1+coupling_state
2017-10-18,16,62.65,51.51564239573624,B1+coupling_state
2017-10-18,17,65.66,67.98739373669015,B1+coupling_state
2017-10-18,18,73.41,82.32284493255979,B1+coupling_state
2017-10-18,19,83.02,87.02668320227967,B1+coupling_state
2017-10-18,20,66.84,56.33843671477378,B1+coupling_state
2017-10-18,21,54.27,47.49137353840432,B1+coupling_state
2017-10-18,22,40.45,43.50158402187126,B1+coupling_state
2017-10-18,23,36.94,37.97425517226238,B1+coupling_state
2017-10-19,0,34.28,37.198177224201515,B1+coupling_state
2017-10-19,1,34.26,38.4485618641269,B1+coupling_state
2017-10-19,2,33.59,37.16178552113019,B1+coupling_state
2017-10-19,3,33.74,36.4918037849829,B1+coupling_state
2017-10-19,4,34.0,35.565543899602375,B1+coupling_state
2017-10-19,5,34.89,39.07162966024584,B1+coupling_state
2017-10-19,6,53.71,51.4739707454455,B1+coupling_state
2017-10-19,7,67.66,61.38373827080518,B1+coupling_state
2017-10-19,8,68.54,63.83297776455821,B1+coupling_state
2017-10-19,9,67.82,58.59122645620595,B1+coupling_state
2017-10-19,10,62.07,50.418948388519055,B1+coupling_state
2017-10-19,11,49.97,45.44193753198792,B1+coupling_state
2017-10-19,12,46.57,39.07840539886091,B1+coupling_state
2017-10-19,13,41.55,38.27299895845846,B1+coupling_state
2017-10-19,14,40.53,37.90984109695364,B1+coupling_state
2017-10-19,15,43.63,43.2032492307764,B1+coupling_state
2017-10-19,16,49.91,45.84172774613471,B1+coupling_state
2017-10-19,17,58.01,55.023236419119314,B1+coupling_state
2017-10-19,18,61.27,60.670568303874944,B1+coupling_state
2017-10-19,19,54.3,59.641710796553824,B1+coupling_state
2017-10-19,20,41.55,44.09472908840889,B1+coupling_state
2017-10-19,21,34.6,37.07289916873017,B1+coupling_state
2017-10-19,22,34.87,34.710535708453165,B1+coupling_state
2017-10-19,23,31.04,30.427340741228758,B1+coupling_state
2017-10-20,0,29.62,28.979843099383807,B1+coupling_state
2017-10-20,1,29.02,28.38342636601517,B1+coupling_state
2017-10-20,2,29.06,27.236602524908406,B1+coupling_state
2017-10-20,3,29.88,27.043053731897317,B1+coupling_state
2017-10-20,4,30.0,27.853339320936914,B1+coupling_state
2017-10-20,5,31.01,29.582956529227893,B1+coupling_state
2017-10-20,6,39.91,38.1787770965758,B1+coupling_state
2017-10-20,7,47.05,46.472315213783,B1+coupling_state
2017-10-20,8,51.28,50.12397883464041,B1+coupling_state
2017-10-20,9,47.0,45.91432959619325,B1+coupling_state
2017-10-20,10,43.14,42.10806572395907,B1+coupling_state
2017-10-20,11,41.28,40.41046648974341,B1+coupling_state
2017-10-20,12,37.59,36.69889256625452,B1+coupling_state
2017-10-20,13,33.06,33.69789329945357,B1+coupling_state
2017-10-20,14,32.89,33.346760237429294,B1+coupling_state
2017-10-20,15,32.61,36.14259579343301,B1+coupling_state
2017-10-20,16,33.04,38.28266642235145,B1+coupling_state
2017-10-20,17,44.61,45.92567613009909,B1+coupling_state
2017-10-20,18,47.86,49.82657342735992,B1+coupling_state
2017-10-20,19,46.94,49.384652028557156,B1+coupling_state
2017-10-20,20,38.98,40.51848094984366,B1+coupling_state
2017-10-20,21,41.84,36.24999902875941,B1+coupling_state
2017-10-20,22,35.86,34.70445928985985,B1+coupling_state
2017-10-20,23,32.74,30.64141159436464,B1+coupling_state
2017-10-21,0,35.0,30.892601274410637,B1+coupling_state
2017-10-21,1,32.52,29.306674203234756,B1+coupling_state
2017-10-21,2,32.05,29.511186679823926,B1+coupling_state
2017-10-21,3,30.84,29.347623449338805,B1+coupling_state
2017-10-21,4,29.35,29.10300561715291,B1+coupling_state
2017-10-21,5,30.3,29.513962126064264,B1+coupling_state
2017-10-21,6,31.16,33.34171276241764,B1+coupling_state
2017-10-21,7,35.88,37.167784279649,B1+coupling_state
2017-10-21,8,41.91,41.3789774258624,B1+coupling_state
2017-10-21,9,46.07,42.56411231893541,B1+coupling_state
2017-10-21,10,47.71,43.425613315919314,B1+coupling_state
2017-10-21,11,45.98,42.566560839168204,B1+coupling_state
2017-10-21,12,35.0,39.811777802216795,B1+coupling_state
2017-10-21,13,31.02,34.59385376500199,B1+coupling_state
2017-10-21,14,32.09,32.96041537811478,B1+coupling_state
2017-10-21,15,32.0,32.98711845121984,B1+coupling_state
2017-10-21,16,32.09,33.572598211977954,B1+coupling_state
2017-10-21,17,36.56,38.24220043768836,B1+coupling_state
2017-10-21,18,40.2,43.554963759888324,B1+coupling_state
2017-10-21,19,40.71,42.653989325952956,B1+coupling_state
2017-10-21,20,31.75,37.12672485930796,B1+coupling_state
2017-10-21,21,28.59,32.746105796146246,B1+coupling_state
2017-10-21,22,27.5,30.182763890536524,B1+coupling_state
2017-10-21,23,15.48,26.00891757523509,B1+coupling_state
2017-10-22,0,19.1,18.496726387263553,B1+coupling_state
2017-10-22,1,19.03,15.243594926485422,B1+coupling_state
2017-10-22,2,16.9,14.65328799335634,B1+coupling_state
2017-10-22,3,12.98,12.831768072778832,B1+coupling_state
2017-10-22,4,9.24,12.531108918872622,B1+coupling_state
2017-10-22,5,5.23,13.397135574973243,B1+coupling_state
2017-10-22,6,9.86,8.41911165016251,B1+coupling_state
2017-10-22,7,9.85,12.40459139587919,B1+coupling_state
2017-10-22,8,13.04,14.801902082986313,B1+coupling_state
2017-10-22,9,12.9,17.69514162634059,B1+coupling_state
2017-10-22,10,13.09,18.629924934450443,B1+coupling_state
2017-10-22,11,14.3,22.060951014441837,B1+coupling_state
2017-10-22,12,13.58,21.688918649098483,B1+coupling_state
2017-10-22,13,13.44,21.31749009910273,B1+coupling_state
2017-10-22,14,13.5,23.311080686543082,B1+coupling_state
2017-10-22,15,23.39,24.5845314047163,B1+coupling_state
2017-10-22,16,28.65,26.978425219425397,B1+coupling_state
2017-10-22,17,34.45,34.00192456950949,B1+coupling_state
2017-10-22,18,49.9,40.74853839324287,B1+coupling_state
2017-10-22,19,49.97,43.62497836661135,B1+coupling_state
2017-10-22,20,44.92,35.8039760423992,B1+coupling_state
2017-10-22,21,35.88,32.42349358618946,B1+coupling_state
2017-10-22,22,32.24,32.23889637834208,B1+coupling_state
2017-10-22,23,29.05,27.450978668957795,B1+coupling_state
2017-10-23,0,28.61,27.26499255574206,B1+coupling_state
2017-10-23,1,27.86,25.456195139458597,B1+coupling_state
2017-10-23,2,26.43,25.36008205395071,B1+coupling_state
2017-10-23,3,23.07,24.52178656865294,B1+coupling_state
2017-10-23,4,22.22,24.865053519785747,B1+coupling_state
2017-10-23,5,30.33,28.079788239025234,B1+coupling_state
2017-10-23,6,42.36,38.987131773897055,B1+coupling_state
2017-10-23,7,50.21,48.50745416249276,B1+coupling_state
2017-10-23,8,50.0,49.425204606947766,B1+coupling_state
2017-10-23,9,45.39,48.37007815685975,B1+coupling_state
2017-10-23,10,46.02,46.8137540088294,B1+coupling_state
2017-10-23,11,46.1,49.97974600967585,B1+coupling_state
2017-10-23,12,43.16,46.2838102465453,B1+coupling_state
2017-10-23,13,46.34,45.372812670156804,B1+coupling_state
2017-10-23,14,46.74,46.03712203935457,B1+coupling_state
2017-10-23,15,46.01,47.898042019438385,B1+coupling_state
2017-10-23,16,46.08,49.1086638852389,B1+coupling_state
2017-10-23,17,49.66,55.27231278371919,B1+coupling_state
2017-10-23,18,54.2,65.10647284572684,B1+coupling_state
2017-10-23,19,53.91,62.76686081862258,B1+coupling_state
2017-10-23,20,50.12,49.80518374700265,B1+coupling_state
2017-10-23,21,45.48,42.3237930041487,B1+coupling_state
2017-10-23,22,37.7,38.54312856026703,B1+coupling_state
2017-10-23,23,36.0,34.32579591641205,B1+coupling_state
2017-10-24,0,31.68,34.616562094242596,B1+coupling_state
2017-10-24,1,32.41,34.30392912316238,B1+coupling_state
2017-10-24,2,32.09,33.84283664012229,B1+coupling_state
2017-10-24,3,31.67,33.15955416742553,B1+coupling_state
2017-10-24,4,32.07,33.74841459189922,B1+coupling_state
2017-10-24,5,34.3,35.89387702488304,B1+coupling_state
2017-10-24,6,43.56,44.54505600772856,B1+coupling_state
2017-10-24,7,46.59,52.3834461605594,B1+coupling_state
2017-10-24,8,53.91,57.40550610208549,B1+coupling_state
2017-10-24,9,48.42,57.89788659741953,B1+coupling_state
2017-10-24,10,49.08,58.171141588954384,B1+coupling_state
2017-10-24,11,45.39,60.06196928150682,B1+coupling_state
2017-10-24,12,38.58,51.76379556654662,B1+coupling_state
2017-10-24,13,38.23,49.0966088710297,B1+coupling_state
2017-10-24,14,36.99,45.84391456379328,B1+coupling_state
2017-10-24,15,36.99,44.677124133754276,B1+coupling_state
2017-10-24,16,36.1,43.06637293874333,B1+coupling_state
2017-10-24,17,39.68,45.970486026509484,B1+coupling_state
2017-10-24,18,44.9,50.26712733637825,B1+coupling_state
2017-10-24,19,39.56,46.93449809545097,B1+coupling_state
2017-10-24,20,33.0,38.75028890508209,B1+coupling_state
2017-10-24,21,32.6,33.242991676046444,B1+coupling_state
2017-10-24,22,30.18,29.132425146410124,B1+coupling_state
2017-10-24,23,27.02,24.988750174857394,B1+coupling_state
2017-10-25,0,15.78,25.52094533733145,B1+coupling_state
2017-10-25,1,15.05,24.049097160168163,B1+coupling_state
2017-10-25,2,12.79,23.416044927470274,B1+coupling_state
2017-10-25,3,13.99,23.17945202981747,B1+coupling_state
2017-10-25,4,17.03,25.247216438743006,B1+coupling_state
2017-10-25,5,26.35,27.551890786491548,B1+coupling_state
2017-10-25,6,34.67,35.485520906074726,B1+coupling_state
2017-10-25,7,44.84,41.56779681622397,B1+coupling_state
2017-10-25,8,45.0,43.21872653028838,B1+coupling_state
2017-10-25,9,43.94,39.689210952619185,B1+coupling_state
2017-10-25,10,37.11,37.128756476431164,B1+coupling_state
2017-10-25,11,31.57,35.55004825477227,B1+coupling_state
2017-10-25,12,29.79,30.97983327732891,B1+coupling_state
2017-10-25,13,29.66,28.98290779573243,B1+coupling_state
2017-10-25,14,30.0,29.61593385244126,B1+coupling_state
2017-10-25,15,31.05,32.17508353829369,B1+coupling_state
2017-10-25,16,34.03,34.13941420119049,B1+coupling_state
2017-10-25,17,44.74,41.469412650887556,B1+coupling_state
2017-10-25,18,50.56,48.75669195595705,B1+coupling_state
2017-10-25,19,56.85,49.10654466364415,B1+coupling_state
2017-10-25,20,46.19,41.54452814312805,B1+coupling_state
2017-10-25,21,45.92,37.74381422060102,B1+coupling_state
2017-10-25,22,40.58,36.22168652415526,B1+coupling_state
2017-10-25,23,33.09,31.55722006671959,B1+coupling_state
2017-10-26,0,31.67,30.438188433178045,B1+coupling_state
2017-10-26,1,32.18,28.11108624949419,B1+coupling_state
2017-10-26,2,32.21,27.719329336245014,B1+coupling_state
2017-10-26,3,32.25,27.429403052637078,B1+coupling_state
2017-10-26,4,32.25,29.24387188099424,B1+coupling_state
2017-10-26,5,35.36,32.29502525330202,B1+coupling_state
2017-10-26,6,45.25,44.010640721922286,B1+coupling_state
2017-10-26,7,55.93,53.20364185673577,B1+coupling_state
2017-10-26,8,56.93,57.509860895356574,B1+coupling_state
2017-10-26,9,51.9,55.38738779470738,B1+coupling_state
2017-10-26,10,46.01,51.47496858374609,B1+coupling_state
2017-10-26,11,43.25,45.270867729484706,B1+coupling_state
2017-10-26,12,38.3,39.09279090858521,B1+coupling_state
2017-10-26,13,32.38,35.72846631545535,B1+coupling_state
2017-10-26,14,33.07,34.54451920465581,B1+coupling_state
2017-10-26,15,36.97,37.4471105941488,B1+coupling_state
2017-10-26,16,45.42,40.61464191467089,B1+coupling_state
2017-10-26,17,48.91,47.223749845808726,B1+coupling_state
2017-10-26,18,50.03,50.973609694021775,B1+coupling_state
2017-10-26,19,50.93,49.47568054224599,B1+coupling_state
2017-10-26,20,40.99,40.909831922012025,B1+coupling_state
2017-10-26,21,34.97,36.62225450186315,B1+coupling_state
2017-10-26,22,32.34,33.2767978978117,B1+coupling_state
2017-10-26,23,30.92,27.849398348964122,B1+coupling_state
2017-10-27,0,22.48,26.928364132732643,B1+coupling_state
2017-10-27,1,21.71,25.41540167863939,B1+coupling_state
2017-10-27,2,12.9,23.871165200208264,B1+coupling_state
2017-10-27,3,12.81,22.152243488011656,B1+coupling_state
2017-10-27,4,19.04,23.072775700112867,B1+coupling_state
2017-10-27,5,24.01,25.221671226906892,B1+coupling_state
2017-10-27,6,32.0,32.5299282132282,B1+coupling_state
2017-10-27,7,36.79,38.59679472563092,B1+coupling_state
2017-10-27,8,38.91,40.59780559255582,B1+coupling_state
2017-10-27,9,38.69,38.07675771301426,B1+coupling_state
2017-10-27,10,38.36,35.27741426764433,B1+coupling_state
2017-10-27,11,33.52,31.120386028145496,B1+coupling_state
2017-10-27,12,28.51,26.681063613520408,B1+coupling_state
2017-10-27,13,25.97,24.472285426240752,B1+coupling_state
2017-10-27,14,27.09,23.87945545610137,B1+coupling_state
2017-10-27,15,26.99,27.21856215740072,B1+coupling_state
2017-10-27,16,30.01,31.52882413524305,B1+coupling_state
2017-10-27,17,37.8,38.70802873956916,B1+coupling_state
2017-10-27,18,44.93,44.24090555146459,B1+coupling_state
2017-10-27,19,46.93,44.10101620555452,B1+coupling_state
2017-10-27,20,44.18,37.38114221091299,B1+coupling_state
2017-10-27,21,35.99,35.26676526349258,B1+coupling_state
2017-10-27,22,32.04,31.890375679725214,B1+coupling_state
2017-10-27,23,19.17,28.65036987457742,B1+coupling_state
2017-10-28,0,16.04,18.620602145170626,B1+coupling_state
2017-10-28,1,9.41,15.726915784506657,B1+coupling_state
2017-10-28,2,0.03,13.486158121408392,B1+coupling_state
2017-10-28,3,-9.69,13.230690246030568,B1+coupling_state
2017-10-28,4,-13.02,12.22504987408885,B1+coupling_state
2017-10-28,5,-15.01,15.521176119066126,B1+coupling_state
2017-10-28,6,-9.6,19.284747523190553,B1+coupling_state
2017-10-28,7,0.12,22.96899903700035,B1+coupling_state
2017-10-28,8,0.12,28.686167418443837,B1+coupling_state
2017-10-28,9,5.41,27.80686133315796,B1+coupling_state
2017-10-28,10,0.27,23.6201275282222,B1+coupling_state
2017-10-28,11,0.11,21.88401275632804,B1+coupling_state
2017-10-28,12,-0.1,18.087070327043566,B1+coupling_state
2017-10-28,13,-13.38,12.462173793257225,B1+coupling_state
2017-10-28,14,-31.42,13.447325869084926,B1+coupling_state
2017-10-28,15,-17.03,15.151033116343356,B1+coupling_state
2017-10-28,16,-4.02,19.853235779356908,B1+coupling_state
2017-10-28,17,0.08,23.60618433276408,B1+coupling_state
2017-10-28,18,7.56,25.87383293806676,B1+coupling_state
2017-10-28,19,8.89,27.437590865542724,B1+coupling_state
2017-10-28,20,0.23,20.094028747088064,B1+coupling_state
2017-10-28,21,-38.19,19.28051590334074,B1+coupling_state
2017-10-28,22,-49.98,3.269275802047524,B1+coupling_state
2017-10-28,23,-70.09,-9.372279175683499,B1+coupling_state
2017-10-29,0,-79.94,-60.83130371563318,B1+coupling_state
2017-10-29,1,-83.0,-87.18181755600364,B1+coupling_state
2017-10-29,2,-83.03,-90.873321033711,B1+coupling_state
2017-10-29,3,-83.03,-84.11909603428924,B1+coupling_state
2017-10-29,4,-83.04,-71.74484715966912,B1+coupling_state
2017-10-29,5,-83.02,-53.703882480811245,B1+coupling_state
2017-10-29,6,-83.01,-19.00417348380838,B1+coupling_state
2017-10-29,7,-80.0,-32.03326272088857,B1+coupling_state
2017-10-29,8,-79.96,-32.56988021643398,B1+coupling_state
2017-10-29,9,-76.02,-30.021655576548532,B1+coupling_state
2017-10-29,10,-67.08,-14.995089645986738,B1+coupling_state
2017-10-29,11,-81.95,-16.446629027428315,B1+coupling_state
2017-10-29,12,-67.07,-17.32370775318376,B1+coupling_state
2017-10-29,13,-80.07,-21.510644231574123,B1+coupling_state
2017-10-29,14,-79.95,-18.567015892956405,B1+coupling_state
2017-10-29,15,-76.06,-6.727175978345553,B1+coupling_state
2017-10-29,16,-0.92,2.8068526373606204,B1+coupling_state
2017-10-29,17,8.51,17.260292273165835,B1+coupling_state
2017-10-29,18,27.62,32.446094372330215,B1+coupling_state
2017-10-29,19,29.77,32.858147864621216,B1+coupling_state
2017-10-29,20,22.06,27.647197032336045,B1+coupling_state
2017-10-29,21,17.0,22.989617037109838,B1+coupling_state
2017-10-29,22,12.44,24.71031105866284,B1+coupling_state
2017-10-29,23,-70.05,18.357981580301427,B1+coupling_state
2017-10-30,0,0.75,-23.803989605413,B1+coupling_state
2017-10-30,1,0.01,-29.475099082067658,B1+coupling_state
2017-10-30,2,0.08,-31.407585500533457,B1+coupling_state
2017-10-30,3,4.05,-33.920623327867325,B1+coupling_state
2017-10-30,4,2.95,-17.424342152291995,B1+coupling_state
2017-10-30,5,18.09,3.560413568624096,B1+coupling_state
2017-10-30,6,28.42,23.230279349538424,B1+coupling_state
2017-10-30,7,36.43,30.961804689080306,B1+coupling_state
2017-10-30,8,33.48,31.87518213706559,B1+coupling_state
2017-10-30,9,30.38,25.348497848553727,B1+coupling_state
2017-10-30,10,29.74,21.73752431654246,B1+coupling_state
2017-10-30,11,29.46,18.603676578054834,B1+coupling_state
2017-10-30,12,29.7,15.08458913960932,B1+coupling_state
2017-10-30,13,29.98,14.53336452892534,B1+coupling_state
2017-10-30,14,36.36,18.876619711870237,B1+coupling_state
2017-10-30,15,43.99,24.037297144071452,B1+coupling_state
2017-10-30,16,46.34,28.407138046403546,B1+coupling_state
2017-10-30,17,61.0,37.20064042291296,B1+coupling_state
2017-10-30,18,70.09,43.592425070115716,B1+coupling_state
2017-10-30,19,51.98,42.85761637939932,B1+coupling_state
2017-10-30,20,48.13,37.347094560469664,B1+coupling_state
2017-10-30,21,47.18,32.330540356745125,B1+coupling_state
2017-10-30,22,46.05,28.89764604348231,B1+coupling_state
2017-10-30,23,41.97,22.203990639667595,B1+coupling_state
2017-10-31,0,30.08,36.92385912350152,B1+coupling_state
2017-10-31,1,30.89,35.546134141150844,B1+coupling_state
2017-10-31,2,30.01,33.9833214764017,B1+coupling_state
2017-10-31,3,29.09,33.24110860025378,B1+coupling_state
2017-10-31,4,30.29,34.33752859655796,B1+coupling_state
2017-10-31,5,32.24,35.23538100994354,B1+coupling_state
2017-10-31,6,38.94,38.64286520453367,B1+coupling_state
2017-10-31,7,37.9,43.64605155479942,B1+coupling_state
2017-10-31,8,41.09,45.760531087193726,B1+coupling_state
2017-10-31,9,39.92,41.28193889271304,B1+coupling_state
2017-10-31,10,37.98,38.772417776844804,B1+coupling_state
2017-10-31,11,39.97,38.06050059364532,B1+coupling_state
2017-10-31,12,36.95,36.424980016532736,B1+coupling_state
2017-10-31,13,34.14,36.12728505921891,B1+coupling_state
2017-10-31,14,35.65,37.24764477662528,B1+coupling_state
2017-10-31,15,38.99,39.740498148739476,B1+coupling_state
2017-10-31,16,42.45,39.409259637182,B1+coupling_state
2017-10-31,17,46.92,46.60418922567181,B1+coupling_state
2017-10-31,18,47.36,49.56918155240107,B1+coupling_state
2017-10-31,19,44.31,45.204040667419214,B1+coupling_state
2017-10-31,20,39.0,39.387900146983704,B1+coupling_state
2017-10-31,21,37.1,34.49147497366409,B1+coupling_state
2017-10-31,22,34.98,32.707510128449954,B1+coupling_state
2017-10-31,23,30.82,28.627533354833062,B1+coupling_state
2017-11-01,0,26.91,27.031847034324077,B1+coupling_state
2017-11-01,1,23.06,25.382027218406645,B1+coupling_state
2017-11-01,2,22.27,23.858231527390135,B1+coupling_state
2017-11-01,3,22.97,22.70663363597835,B1+coupling_state
2017-11-01,4,26.66,23.35126568713475,B1+coupling_state
2017-11-01,5,27.03,26.15565494301887,B1+coupling_state
2017-11-01,6,29.07,27.96400242431869,B1+coupling_state
2017-11-01,7,31.0,31.437936395804993,B1+coupling_state
2017-11-01,8,36.06,32.942054761809835,B1+coupling_state
2017-11-01,9,35.16,33.74889806982094,B1+coupling_state
2017-11-01,10,32.37,31.13503144109631,B1+coupling_state
2017-11-01,11,33.08,31.76683704513086,B1+coupling_state
2017-11-01,12,29.79,26.87448625314967,B1+coupling_state
2017-11-01,13,29.06,27.59467684712474,B1+coupling_state
2017-11-01,14,29.18,29.440360224078635,B1+coupling_state
2017-11-01,15,30.01,30.83257844295468,B1+coupling_state
2017-11-01,16,36.93,34.275882993111054,B1+coupling_state
2017-11-01,17,42.49,41.62253007857961,B1+coupling_state
2017-11-01,18,43.93,43.74732969543151,B1+coupling_state
2017-11-01,19,41.97,39.7373191736146,B1+coupling_state
2017-11-01,20,36.52,33.97940852037007,B1+coupling_state
2017-11-01,21,30.07,32.58949381287836,B1+coupling_state
2017-11-01,22,27.02,30.67965141055431,B1+coupling_state
2017-11-01,23,18.97,24.35220648744757,B1+coupling_state
2017-11-02,0,20.18,21.27288118797635,B1+coupling_state
2017-11-02,1,12.62,18.73315598638736,B1+coupling_state
2017-11-02,2,12.61,16.065481747967425,B1+coupling_state
2017-11-02,3,10.96,15.839033538761049,B1+coupling_state
2017-11-02,4,14.04,18.08004497458937,B1+coupling_state
2017-11-02,5,25.97,23.252406100309233,B1+coupling_state
2017-11-02,6,35.05,33.628120977218046,B1+coupling_state
2017-11-02,7,45.9,43.46309867546383,B1+coupling_state
2017-11-02,8,43.83,43.71512358691784,B1+coupling_state
2017-11-02,9,35.59,40.01870456751362,B1+coupling_state
2017-11-02,10,32.33,36.067349045238686,B1+coupling_state
2017-11-02,11,32.36,33.797334772830794,B1+coupling_state
2017-11-02,12,31.32,33.36065136398239,B1+coupling_state
2017-11-02,13,32.49,32.590378045325515,B1+coupling_state
2017-11-02,14,33.94,34.521936034233306,B1+coupling_state
2017-11-02,15,39.1,39.46809750151641,B1+coupling_state
2017-11-02,16,45.95,45.37209673331635,B1+coupling_state
2017-11-02,17,51.91,57.59352268394677,B1+coupling_state
2017-11-02,18,51.92,61.540808879369905,B1+coupling_state
2017-11-02,19,50.07,56.241775628211315,B1+coupling_state
2017-11-02,20,46.01,47.44528328687758,B1+coupling_state
2017-11-02,21,42.06,40.57665339986765,B1+coupling_state
2017-11-02,22,36.12,39.32216649545761,B1+coupling_state
2017-11-02,23,35.45,33.971249897767144,B1+coupling_state
2017-11-03,0,36.07,35.14227501000471,B1+coupling_state
2017-11-03,1,36.09,34.47128332813446,B1+coupling_state
2017-11-03,2,36.13,34.25084904061162,B1+coupling_state
2017-11-03,3,36.09,34.19134889944988,B1+coupling_state
2017-11-03,4,38.24,36.03718625961499,B1+coupling_state
2017-11-03,5,40.66,39.654534899137914,B1+coupling_state
2017-11-03,6,52.97,48.05973908756904,B1+coupling_state
2017-11-03,7,61.74,57.791612373536736,B1+coupling_state
2017-11-03,8,65.8,60.68416757981666,B1+coupling_state
2017-11-03,9,62.18,58.934380741632836,B1+coupling_state
2017-11-03,10,58.69,57.823562292209424,B1+coupling_state
2017-11-03,11,58.67,54.84920322626589,B1+coupling_state
2017-11-03,12,54.55,51.66034147063427,B1+coupling_state
2017-11-03,13,51.5,49.438049176318984,B1+coupling_state
2017-11-03,14,51.17,50.95965479809155,B1+coupling_state
2017-11-03,15,56.64,52.9385908209386,B1+coupling_state
2017-11-03,16,60.88,56.163267227716666,B1+coupling_state
2017-11-03,17,66.0,62.59823636468184,B1+coupling_state
2017-11-03,18,68.68,60.41713563989158,B1+coupling_state
2017-11-03,19,58.63,52.54844665986711,B1+coupling_state
2017-11-03,20,49.01,45.14662220372973,B1+coupling_state
2017-11-03,21,39.01,40.426155576658104,B1+coupling_state
2017-11-03,22,36.11,37.78979908063097,B1+coupling_state
2017-11-03,23,34.97,33.404871206041484,B1+coupling_state
2017-11-04,0,36.16,31.1438761850783,B1+coupling_state
2017-11-04,1,35.06,30.45017015173223,B1+coupling_state
2017-11-04,2,34.42,30.57255124827449,B1+coupling_state
2017-11-04,3,33.61,30.057909107008822,B1+coupling_state
2017-11-04,4,33.4,29.998770819001123,B1+coupling_state
2017-11-04,5,33.22,29.642884497837073,B1+coupling_state
2017-11-04,6,33.73,31.644429869981984,B1+coupling_state
2017-11-04,7,37.63,36.351589350915255,B1+coupling_state
2017-11-04,8,42.99,38.763034321648846,B1+coupling_state
2017-11-04,9,40.39,39.252980448815016,B1+coupling_state
2017-11-04,10,39.84,35.73971894521126,B1+coupling_state
2017-11-04,11,37.02,35.64181759813456,B1+coupling_state
2017-11-04,12,36.1,32.8649173862944,B1+coupling_state
2017-11-04,13,34.33,29.787383212439238,B1+coupling_state
2017-11-04,14,34.34,28.760894308717102,B1+coupling_state
2017-11-04,15,35.04,30.193220028031025,B1+coupling_state
2017-11-04,16,37.03,32.6713349433598,B1+coupling_state
2017-11-04,17,43.94,37.11998488351378,B1+coupling_state
2017-11-04,18,35.51,38.44155313048127,B1+coupling_state
2017-11-04,19,32.25,33.71231579697634,B1+coupling_state
2017-11-04,20,28.83,28.654632139799165,B1+coupling_state
2017-11-04,21,26.77,24.597165440764535,B1+coupling_state
2017-11-04,22,26.53,25.71568242381202,B1+coupling_state
2017-11-04,23,20.65,22.461990594937134,B1+coupling_state
2017-11-05,0,13.2,18.085407839017098,B1+coupling_state
2017-11-05,1,13.2,19.136345683139034,B1+coupling_state
2017-11-05,2,14.64,19.8122171278833,B1+coupling_state
2017-11-05,3,11.68,19.93006810872425,B1+coupling_state
2017-11-05,4,13.93,21.33370659195929,B1+coupling_state
2017-11-05,5,20.01,23.890519761141743,B1+coupling_state
2017-11-05,6,21.87,22.320141712758655,B1+coupling_state
2017-11-05,7,24.6,23.003333397121796,B1+coupling_state
2017-11-05,8,31.47,24.99984423008405,B1+coupling_state
2017-11-05,9,33.92,29.172275184162817,B1+coupling_state
2017-11-05,10,36.54,30.411476081268766,B1+coupling_state
2017-11-05,11,38.9,32.96006130863166,B1+coupling_state
2017-11-05,12,36.11,31.951496366922242,B1+coupling_state
2017-11-05,13,36.2,27.428023200159327,B1+coupling_state
2017-11-05,14,33.78,25.642948680269285,B1+coupling_state
2017-11-05,15,33.96,27.938554161644504,B1+coupling_state
2017-11-05,16,35.0,30.17287568549801,B1+coupling_state
2017-11-05,17,41.82,35.786847397621365,B1+coupling_state
2017-11-05,18,41.74,39.152478612043296,B1+coupling_state
2017-11-05,19,42.82,38.68859376008295,B1+coupling_state
2017-11-05,20,40.91,34.54061662023379,B1+coupling_state
2017-11-05,21,39.59,31.61281153358309,B1+coupling_state
2017-11-05,22,38.87,31.02107861744013,B1+coupling_state
2017-11-05,23,35.0,26.842397615391583,B1+coupling_state
2017-11-06,0,31.74,31.129925974650497,B1+coupling_state
2017-11-06,1,33.73,29.59921350731599,B1+coupling_state
2017-11-06,2,33.02,29.0862655571835,B1+coupling_state
2017-11-06,3,27.61,27.876165711425482,B1+coupling_state
2017-11-06,4,28.1,28.6075151393713,B1+coupling_state
2017-11-06,5,32.99,32.92705542645042,B1+coupling_state
2017-11-06,6,44.83,46.11711533934009,B1+coupling_state
2017-11-06,7,54.96,59.59957271431158,B1+coupling_state
2017-11-06,8,60.38,60.96835302863834,B1+coupling_state
2017-11-06,9,55.38,58.1586574568091,B1+coupling_state
2017-11-06,10,54.95,58.47625466420004,B1+coupling_state
2017-11-06,11,54.97,59.27459916321463,B1+coupling_state
2017-11-06,12,54.93,59.52210929981909,B1+coupling_state
2017-11-06,13,55.91,61.490892624832455,B1+coupling_state
2017-11-06,14,55.93,65.08914693762891,B1+coupling_state
2017-11-06,15,57.85,69.85037777648931,B1+coupling_state
2017-11-06,16,62.56,77.21832259746024,B1+coupling_state
2017-11-06,17,78.28,84.32898414427527,B1+coupling_state
2017-11-06,18,89.93,80.36092256849582,B1+coupling_state
2017-11-06,19,74.51,70.6908647895142,B1+coupling_state
2017-11-06,20,55.02,56.14692359286199,B1+coupling_state
2017-11-06,21,50.61,47.08683845076204,B1+coupling_state
2017-11-06,22,39.11,41.360684555810565,B1+coupling_state
2017-11-06,23,37.1,36.341615985924335,B1+coupling_state
2017-11-07,0,36.63,38.73827759139784,B1+coupling_state
2017-11-07,1,35.05,37.87826080013028,B1+coupling_state
2017-11-07,2,36.87,35.815471145989505,B1+coupling_state
2017-11-07,3,36.02,34.02724490386863,B1+coupling_state
2017-11-07,4,37.04,34.3315706138961,B1+coupling_state
2017-11-07,5,34.43,37.01229970699188,B1+coupling_state
2017-11-07,6,49.77,45.15408406459187,B1+coupling_state
2017-11-07,7,59.26,54.52396294616365,B1+coupling_state
2017-11-07,8,64.37,59.08755478499965,B1+coupling_state
2017-11-07,9,55.07,56.61527206039107,B1+coupling_state
2017-11-07,10,54.94,53.447108954804406,B1+coupling_state
2017-11-07,11,54.92,51.1611285394042,B1+coupling_state
2017-11-07,12,53.93,50.93959144604483,B1+coupling_state
2017-11-07,13,54.94,51.115809935713116,B1+coupling_state
2017-11-07,14,56.93,53.19990731892605,B1+coupling_state
2017-11-07,15,66.75,57.19611488330355,B1+coupling_state
2017-11-07,16,65.58,58.38316398893364,B1+coupling_state
2017-11-07,17,81.56,67.27204702225336,B1+coupling_state
2017-11-07,18,82.3,64.95018518746048,B1+coupling_state
2017-11-07,19,64.2,57.25672514812571,B1+coupling_state
2017-11-07,20,53.94,49.29089239847394,B1+coupling_state
2017-11-07,21,46.94,43.77812915094761,B1+coupling_state
2017-11-07,22,41.7,39.36329061027592,B1+coupling_state
2017-11-07,23,37.86,35.96725508993273,B1+coupling_state
2017-11-08,0,33.7,38.858743695169494,B1+coupling_state
2017-11-08,1,33.62,38.820709643582425,B1+coupling_state
2017-11-08,2,33.64,38.27702435552728,B1+coupling_state
2017-11-08,3,33.62,38.180727898067396,B1+coupling_state
2017-11-08,4,35.53,40.52824424662559,B1+coupling_state
2017-11-08,5,36.15,42.58812496677702,B1+coupling_state
2017-11-08,6,54.07,49.542490967587106,B1+coupling_state
2017-11-08,7,75.76,64.45219715748112,B1+coupling_state
2017-11-08,8,79.28,70.57581514436721,B1+coupling_state
2017-11-08,9,77.07,71.9280472878808,B1+coupling_state
2017-11-08,10,84.22,69.6897659779778,B1+coupling_state
2017-11-08,11,84.98,74.84421613021141,B1+coupling_state
2017-11-08,12,83.8,80.73978435169182,B1+coupling_state
2017-11-08,13,88.19,78.82878655569834,B1+coupling_state
2017-11-08,14,89.9,78.09235446100456,B1+coupling_state
2017-11-08,15,81.89,73.31652845909846,B1+coupling_state
2017-11-08,16,88.2,76.39332581233529,B1+coupling_state
2017-11-08,17,111.4,89.99957178385009,B1+coupling_state
2017-11-08,18,120.0,80.76972713379251,B1+coupling_state
2017-11-08,19,89.93,75.68617857325131,B1+coupling_state
2017-11-08,20,60.1,60.18995711483947,B1+coupling_state
2017-11-08,21,52.32,51.05057146306224,B1+coupling_state
2017-11-08,22,48.05,47.46822229689201,B1+coupling_state
2017-11-08,23,38.57,39.15087434997157,B1+coupling_state
2017-11-09,0,38.61,39.54242986012928,B1+coupling_state
2017-11-09,1,39.3,39.34024737500006,B1+coupling_state
2017-11-09,2,38.48,37.27018065885345,B1+coupling_state
2017-11-09,3,40.53,37.94058783551035,B1+coupling_state
2017-11-09,4,39.9,39.20063752665083,B1+coupling_state
2017-11-09,5,43.95,42.56563415675917,B1+coupling_state
2017-11-09,6,58.65,54.333230149522606,B1+coupling_state
2017-11-09,7,72.1,77.07051513558156,B1+coupling_state
2017-11-09,8,84.73,82.79301132621785,B1+coupling_state
2017-11-09,9,61.99,74.58038547781132,B1+coupling_state
2017-11-09,10,61.37,72.28265825936806,B1+coupling_state
2017-11-09,11,60.69,69.49582474366508,B1+coupling_state
2017-11-09,12,55.12,61.94678181732779,B1+coupling_state
2017-11-09,13,53.99,54.99407320525394,B1+coupling_state
2017-11-09,14,54.91,54.43067812003257,B1+coupling_state
2017-11-09,15,55.0,55.16690892471676,B1+coupling_state
2017-11-09,16,55.92,54.49671347448016,B1+coupling_state
2017-11-09,17,56.94,65.48122989606318,B1+coupling_state
2017-11-09,18,55.93,61.25067218454549,B1+coupling_state
2017-11-09,19,55.0,54.24228969531715,B1+coupling_state
2017-11-09,20,40.3,42.763417217511275,B1+coupling_state
2017-11-09,21,42.81,36.844673396986416,B1+coupling_state
2017-11-09,22,36.78,33.97914055860087,B1+coupling_state
2017-11-09,23,33.61,28.515374654262004,B1+coupling_state
2017-11-10,0,26.41,31.059763934162817,B1+coupling_state
2017-11-10,1,25.35,29.182123041479315,B1+coupling_state
2017-11-10,2,26.6,27.33175000702743,B1+coupling_state
2017-11-10,3,27.31,26.445868012501645,B1+coupling_state
2017-11-10,4,27.1,27.70294479049417,B1+coupling_state
2017-11-10,5,28.92,30.388547924740926,B1+coupling_state
2017-11-10,6,40.15,38.00599778813024,B1+coupling_state
2017-11-10,7,51.2,46.62820907796252,B1+coupling_state
2017-11-10,8,47.41,47.015770710299584,B1+coupling_state
2017-11-10,9,38.61,41.784044392258885,B1+coupling_state
2017-11-10,10,38.89,39.679263973022685,B1+coupling_state
2017-11-10,11,38.79,37.705359191216274,B1+coupling_state
2017-11-10,12,35.25,34.79174461232818,B1+coupling_state
2017-11-10,13,31.16,31.824919377815828,B1+coupling_state
2017-11-10,14,30.16,30.28751208461644,B1+coupling_state
2017-11-10,15,30.12,31.001457610736193,B1+coupling_state
2017-11-10,16,31.02,32.79745094654924,B1+coupling_state
2017-11-10,17,36.19,38.85487411404104,B1+coupling_state
2017-11-10,18,36.02,39.05602668204169,B1+coupling_state
2017-11-10,19,31.08,38.35745011899464,B1+coupling_state
2017-11-10,20,29.39,33.07212877854735,B1+coupling_state
2017-11-10,21,22.26,29.81421605416251,B1+coupling_state
2017-11-10,22,15.51,27.109768138121215,B1+coupling_state
2017-11-10,23,11.46,22.201859798468718,B1+coupling_state
2017-11-11,0,9.2,11.358528486258813,B1+coupling_state
2017-11-11,1,2.03,8.431825422653915,B1+coupling_state
2017-11-11,2,0.08,5.051901313412671,B1+coupling_state
2017-11-11,3,6.47,8.602524202370711,B1+coupling_state
2017-11-11,4,11.27,11.463606080612315,B1+coupling_state
2017-11-11,5,12.59,12.012493618574732,B1+coupling_state
2017-11-11,6,9.63,14.63305067183843,B1+coupling_state
2017-11-11,7,13.55,18.947200048804994,B1+coupling_state
2017-11-11,8,20.1,24.081713566741833,B1+coupling_state
2017-11-11,9,24.66,26.659955433149378,B1+coupling_state
2017-11-11,10,21.47,24.766982726565693,B1+coupling_state
2017-11-11,11,18.9,24.601742346930223,B1+coupling_state
2017-11-11,12,21.03,26.04098416332499,B1+coupling_state
2017-11-11,13,22.86,24.93106791551128,B1+coupling_state
2017-11-11,14,28.2,26.70202692422794,B1+coupling_state
2017-11-11,15,30.48,28.655594433500283,B1+coupling_state
2017-11-11,16,35.81,32.47867623727949,B1+coupling_state
2017-11-11,17,44.49,39.79551068305448,B1+coupling_state
2017-11-11,18,46.76,42.03056058367676,B1+coupling_state
2017-11-11,19,41.03,38.96526778640873,B1+coupling_state
2017-11-11,20,35.92,35.654149740068,B1+coupling_state
2017-11-11,21,35.82,31.640626016994215,B1+coupling_state
2017-11-11,22,37.06,30.56297618311759,B1+coupling_state
2017-11-11,23,28.29,25.938570378171033,B1+coupling_state
2017-11-12,0,14.07,24.675479974215005,B1+coupling_state
2017-11-12,1,15.99,22.529495015309184,B1+coupling_state
2017-11-12,2,13.8,21.921989469548635,B1+coupling_state
2017-11-12,3,13.53,20.908689791024997,B1+coupling_state
2017-11-12,4,15.25,21.135840938853445,B1+coupling_state
2017-11-12,5,21.86,22.4034150184571,B1+coupling_state
2017-11-12,6,22.52,22.92301172519144,B1+coupling_state
2017-11-12,7,27.06,26.74630531245692,B1+coupling_state
2017-11-12,8,30.94,32.71606993411914,B1+coupling_state
2017-11-12,9,33.03,34.59511521946953,B1+coupling_state
2017-11-12,10,42.79,38.03712037249713,B1+coupling_state
2017-11-12,11,47.65,39.728816396870016,B1+coupling_state
2017-11-12,12,48.13,40.31456923119898,B1+coupling_state
2017-11-12,13,44.28,34.83138812945086,B1+coupling_state
2017-11-12,14,38.43,33.18882492468457,B1+coupling_state
2017-11-12,15,37.8,33.65813024185512,B1+coupling_state
2017-11-12,16,40.82,34.72033717416747,B1+coupling_state
2017-11-12,17,53.91,41.54069239021525,B1+coupling_state
2017-11-12,18,53.94,42.703815788118455,B1+coupling_state
2017-11-12,19,46.54,40.892988205656096,B1+coupling_state
2017-11-12,20,39.59,36.352929397814684,B1+coupling_state
2017-11-12,21,33.11,33.4904410468617,B1+coupling_state
2017-11-12,22,33.17,34.004389803785465,B1+coupling_state
2017-11-12,23,29.73,28.772071922399437,B1+coupling_state
2017-11-13,0,31.06,28.8407680872156,B1+coupling_state
2017-11-13,1,30.41,26.90411714837438,B1+coupling_state
2017-11-13,2,29.64,26.319911379182038,B1+coupling_state
2017-11-13,3,29.66,25.341733632095785,B1+coupling_state
2017-11-13,4,29.79,26.227095346416665,B1+coupling_state
2017-11-13,5,31.68,31.573506797515627,B1+coupling_state
2017-11-13,6,42.76,40.99771244690622,B1+coupling_state
2017-11-13,7,54.9,53.35048523584729,B1+coupling_state
2017-11-13,8,54.33,55.608409771259915,B1+coupling_state
2017-11-13,9,48.15,51.216408293059544,B1+coupling_state
2017-11-13,10,45.83,49.49258323751225,B1+coupling_state
2017-11-13,11,46.61,51.929017309719356,B1+coupling_state
2017-11-13,12,41.48,50.201025124177036,B1+coupling_state
2017-11-13,13,48.08,49.56826765097051,B1+coupling_state
2017-11-13,14,50.81,54.47145210113331,B1+coupling_state
2017-11-13,15,54.93,61.442263704367846,B1+coupling_state
2017-11-13,16,55.92,62.78438650757231,B1+coupling_state
2017-11-13,17,70.08,77.81004287329203,B1+coupling_state
2017-11-13,18,62.3,72.91218689939711,B1+coupling_state
2017-11-13,19,57.73,61.87775856553087,B1+coupling_state
2017-11-13,20,54.94,50.307039111973864,B1+coupling_state
2017-11-13,21,49.0,44.51862104481778,B1+coupling_state
2017-11-13,22,41.0,40.6656195454156,B1+coupling_state
2017-11-13,23,36.55,36.353365986654104,B1+coupling_state
2017-11-14,0,37.83,38.03050528013955,B1+coupling_state
2017-11-14,1,36.01,36.17208812700644,B1+coupling_state
2017-11-14,2,34.03,33.50096707978373,B1+coupling_state
2017-11-14,3,33.54,32.183430447164554,B1+coupling_state
2017-11-14,4,33.9,31.630402932016487,B1+coupling_state
2017-11-14,5,34.04,34.7724742336075,B1+coupling_state
2017-11-14,6,38.12,41.47785819432481,B1+coupling_state
2017-11-14,7,43.52,50.6456039296838,B1+coupling_state
2017-11-14,8,49.58,49.86777008833489,B1+coupling_state
2017-11-14,9,37.2,45.83770212153406,B1+coupling_state
2017-11-14,10,36.56,43.39198690044768,B1+coupling_state
2017-11-14,11,36.19,41.644747208461396,B1+coupling_state
2017-11-14,12,36.88,40.752557292933574,B1+coupling_state
2017-11-14,13,36.6,39.54621423265931,B1+coupling_state
2017-11-14,14,36.86,41.08251010126649,B1+coupling_state
2017-11-14,15,40.07,46.30989923587707,B1+coupling_state
2017-11-14,16,49.06,51.94984256487411,B1+coupling_state
2017-11-14,17,51.71,58.42994305314499,B1+coupling_state
2017-11-14,18,52.94,56.94595712737082,B1+coupling_state
2017-11-14,19,51.25,53.017379170189734,B1+coupling_state
2017-11-14,20,44.92,44.78361807125425,B1+coupling_state
2017-11-14,21,39.44,40.13962872352062,B1+coupling_state
2017-11-14,22,37.6,38.95005203979099,B1+coupling_state
2017-11-14,23,36.36,33.660300866730175,B1+coupling_state
2017-11-15,0,33.5,35.66114968245518,B1+coupling_state
2017-11-15,1,34.06,36.03483560009612,B1+coupling_state
2017-11-15,2,33.42,36.931345060552175,B1+coupling_state
2017-11-15,3,35.62,36.55600754178828,B1+coupling_state
2017-11-15,4,33.74,38.85136732178478,B1+coupling_state
2017-11-15,5,37.0,42.36770829304177,B1+coupling_state
2017-11-15,6,58.5,48.720227546681755,B1+coupling_state
2017-11-15,7,77.4,60.89225372097802,B1+coupling_state
2017-11-15,8,78.01,61.51807756812986,B1+coupling_state
2017-11-15,9,68.87,58.64223449439169,B1+coupling_state
2017-11-15,10,61.65,55.47910549101191,B1+coupling_state
2017-11-15,11,71.76,57.45669221022652,B1+coupling_state
2017-11-15,12,64.1,53.0762914950062,B1+coupling_state
2017-11-15,13,70.77,57.46332843658913,B1+coupling_state
2017-11-15,14,72.81,60.43987386302224,B1+coupling_state
2017-11-15,15,79.18,67.58470231104592,B1+coupling_state
2017-11-15,16,89.95,73.50117273140415,B1+coupling_state
2017-11-15,17,112.09,89.27393693766487,B1+coupling_state
2017-11-15,18,124.29,75.88568228990513,B1+coupling_state
2017-11-15,19,86.34,65.68489016758508,B1+coupling_state
2017-11-15,20,76.13,53.64772868707074,B1+coupling_state
2017-11-15,21,62.01,47.26220108342545,B1+coupling_state
2017-11-15,22,51.91,43.06423251615708,B1+coupling_state
2017-11-15,23,39.03,37.52758136587844,B1+coupling_state
2017-11-16,0,37.04,42.9515102563131,B1+coupling_state
2017-11-16,1,37.06,42.14234386584617,B1+coupling_state
2017-11-16,2,36.13,39.182578797112136,B1+coupling_state
2017-11-16,3,36.59,38.537239912822805,B1+coupling_state
2017-11-16,4,37.04,38.37537666576252,B1+coupling_state
2017-11-16,5,36.87,40.28583436984677,B1+coupling_state
2017-11-16,6,51.61,49.59658072782523,B1+coupling_state
2017-11-16,7,61.89,61.21012913415467,B1+coupling_state
2017-11-16,8,68.63,64.61234758813214,B1+coupling_state
2017-11-16,9,57.02,59.59809053992712,B1+coupling_state
2017-11-16,10,55.93,52.208077761151564,B1+coupling_state
2017-11-16,11,53.96,50.209834132764726,B1+coupling_state
2017-11-16,12,49.01,47.56766029195566,B1+coupling_state
2017-11-16,13,49.31,48.04012013331052,B1+coupling_state
2017-11-16,14,54.0,51.21647460971681,B1+coupling_state
2017-11-16,15,57.94,55.74115707073954,B1+coupling_state
2017-11-16,16,56.16,57.13977945178287,B1+coupling_state
2017-11-16,17,56.42,66.27346663770649,B1+coupling_state
2017-11-16,18,53.93,57.74659807498673,B1+coupling_state
2017-11-16,19,46.3,52.5493547589296,B1+coupling_state
2017-11-16,20,37.03,45.570868656542785,B1+coupling_state
2017-11-16,21,38.03,42.029337118467836,B1+coupling_state
2017-11-16,22,38.15,39.86532684561531,B1+coupling_state
2017-11-16,23,35.07,36.14848158518711,B1+coupling_state
2017-11-17,0,33.15,30.61569564677309,B1+coupling_state
2017-11-17,1,32.72,30.726528263314037,B1+coupling_state
2017-11-17,2,33.16,30.016088627046734,B1+coupling_state
2017-11-17,3,34.06,30.659644310489934,B1+coupling_state
2017-11-17,4,34.05,33.80570040842249,B1+coupling_state
2017-11-17,5,36.09,35.66269012935945,B1+coupling_state
2017-11-17,6,46.83,43.79026228693217,B1+coupling_state
2017-11-17,7,49.99,55.76182049996724,B1+coupling_state
2017-11-17,8,53.93,60.95259030829176,B1+coupling_state
2017-11-17,9,49.99,58.40508409298897,B1+coupling_state
2017-11-17,10,49.97,55.7385783736044,B1+coupling_state
2017-11-17,11,49.97,55.637829652300326,B1+coupling_state
2017-11-17,12,49.09,51.616260603754476,B1+coupling_state
2017-11-17,13,46.55,52.520926942943106,B1+coupling_state
2017-11-17,14,42.3,51.47482919693593,B1+coupling_state
2017-11-17,15,49.95,53.23000710022524,B1+coupling_state
2017-11-17,16,49.9,57.098199908218305,B1+coupling_state
2017-11-17,17,49.91,62.341970973331485,B1+coupling_state
2017-11-17,18,48.18,54.322980233221315,B1+coupling_state
2017-11-17,19,42.97,48.43495165305503,B1+coupling_state
2017-11-17,20,38.35,41.64659046171222,B1+coupling_state
2017-11-17,21,39.8,37.1676409011328,B1+coupling_state
2017-11-17,22,36.15,34.98841817512923,B1+coupling_state
2017-11-17,23,32.41,30.116026782509927,B1+coupling_state
2017-11-18,0,27.78,29.513181334415624,B1+coupling_state
2017-11-18,1,23.56,27.164954837189402,B1+coupling_state
2017-11-18,2,20.04,25.36567491743104,B1+coupling_state
2017-11-18,3,17.63,23.879627029854962,B1+coupling_state
2017-11-18,4,13.33,24.10387690211794,B1+coupling_state
2017-11-18,5,12.87,24.716189281442087,B1+coupling_state
2017-11-18,6,16.12,25.330854966729675,B1+coupling_state
2017-11-18,7,19.38,26.794455705774638,B1+coupling_state
2017-11-18,8,27.97,29.406047873741855,B1+coupling_state
2017-11-18,9,28.61,29.0468041260109,B1+coupling_state
2017-11-18,10,28.08,26.131346059887903,B1+coupling_state
2017-11-18,11,14.97,23.35132300494341,B1+coupling_state
2017-11-18,12,18.19,21.544025385844847,B1+coupling_state
2017-11-18,13,13.01,19.682200493710187,B1+coupling_state
2017-11-18,14,18.46,21.95790875639928,B1+coupling_state
2017-11-18,15,24.84,24.73723921233158,B1+coupling_state
2017-11-18,16,28.33,28.565533152182184,B1+coupling_state
2017-11-18,17,29.77,35.60153269108629,B1+coupling_state
2017-11-18,18,29.7,36.42044190276082,B1+coupling_state
2017-11-18,19,24.03,33.66423871816831,B1+coupling_state
2017-11-18,20,13.06,29.695765283984947,B1+coupling_state
2017-11-18,21,12.69,27.223301549251303,B1+coupling_state
2017-11-18,22,11.38,25.54746239433416,B1+coupling_state
2017-11-18,23,0.41,18.53697089711177,B1+coupling_state
2017-11-19,0,0.37,5.133866219829045,B1+coupling_state
2017-11-19,1,4.33,-0.22996042929634086,B1+coupling_state
2017-11-19,2,2.91,-4.57113051325889,B1+coupling_state
2017-11-19,3,2.17,-5.065438697716694,B1+coupling_state
2017-11-19,4,2.14,-3.652927861942363,B1+coupling_state
2017-11-19,5,0.03,-8.02322310525754,B1+coupling_state
2017-11-19,6,-0.03,-10.264428457992562,B1+coupling_state
2017-11-19,7,0.04,-3.9014761933354265,B1+coupling_state
2017-11-19,8,5.08,-2.4992206818472056,B1+coupling_state
2017-11-19,9,23.49,2.037762121119677,B1+coupling_state
2017-11-19,10,12.77,4.786515129903922,B1+coupling_state
2017-11-19,11,21.94,8.095810719120934,B1+coupling_state
2017-11-19,12,12.5,4.800811397420503,B1+coupling_state
2017-11-19,13,9.09,3.139478169627804,B1+coupling_state
2017-11-19,14,5.09,5.175418862899878,B1+coupling_state
2017-11-19,15,9.63,10.17306968334399,B1+coupling_state
2017-11-19,16,5.99,18.814539523251266,B1+coupling_state
2017-11-19,17,23.14,28.419831627249522,B1+coupling_state
2017-11-19,18,21.94,32.392849324556295,B1+coupling_state
2017-11-19,19,13.3,27.494588966350648,B1+coupling_state
2017-11-19,20,12.62,25.0731972273123,B1+coupling_state
2017-11-19,21,11.38,25.205365482214596,B1+coupling_state
2017-11-19,22,13.95,23.88120360138702,B1+coupling_state
2017-11-19,23,12.21,18.91427642169564,B1+coupling_state
2017-11-20,0,12.59,14.698572897003036,B1+coupling_state
2017-11-20,1,12.51,13.071492361619484,B1+coupling_state
2017-11-20,2,10.49,12.868345848676416,B1+coupling_state
2017-11-20,3,11.0,13.477591926945058,B1+coupling_state
2017-11-20,4,14.96,15.473445725373765,B1+coupling_state
2017-11-20,5,23.81,21.376623963290704,B1+coupling_state
2017-11-20,6,39.94,30.902416238415917,B1+coupling_state
2017-11-20,7,41.99,39.80163486744497,B1+coupling_state
2017-11-20,8,43.92,40.59761147458657,B1+coupling_state
2017-11-20,9,43.91,40.37060648092087,B1+coupling_state
2017-11-20,10,43.68,40.0441876143355,B1+coupling_state
2017-11-20,11,43.94,40.32190009022216,B1+coupling_state
2017-11-20,12,44.36,39.417122095466354,B1+coupling_state
2017-11-20,13,49.05,38.66663177587303,B1+coupling_state
2017-11-20,14,53.46,39.798285914435596,B1+coupling_state
2017-11-20,15,50.99,40.81845994412956,B1+coupling_state
2017-11-20,16,59.3,40.950336861151754,B1+coupling_state
2017-11-20,17,66.02,46.68977224172892,B1+coupling_state
2017-11-20,18,53.38,47.393603504705716,B1+coupling_state
2017-11-20,19,47.93,45.43222045943927,B1+coupling_state
2017-11-20,20,43.95,40.59101215374799,B1+coupling_state
2017-11-20,21,38.63,35.623537781683964,B1+coupling_state
2017-11-20,22,38.76,34.692615288656256,B1+coupling_state
2017-11-20,23,34.97,29.758963604662007,B1+coupling_state
2017-11-21,0,36.03,32.920594973959055,B1+coupling_state
2017-11-21,1,35.46,32.661594530702075,B1+coupling_state
2017-11-21,2,35.63,31.51860497172786,B1+coupling_state
2017-11-21,3,35.73,32.15973653488082,B1+coupling_state
2017-11-21,4,35.42,33.81245059389711,B1+coupling_state
2017-11-21,5,37.92,35.78921495784599,B1+coupling_state
2017-11-21,6,46.51,42.90911051018881,B1+coupling_state
2017-11-21,7,67.86,49.1320601486745,B1+coupling_state
2017-11-21,8,72.63,54.387756799726475,B1+coupling_state
2017-11-21,9,54.99,54.147133456229476,B1+coupling_state
2017-11-21,10,54.26,57.97033756770673,B1+coupling_state
2017-11-21,11,64.03,57.62079612868503,B1+coupling_state
2017-11-21,12,55.27,54.7291181058153,B1+coupling_state
2017-11-21,13,64.91,58.236014382864184,B1+coupling_state
2017-11-21,14,62.65,53.21413690178619,B1+coupling_state
2017-11-21,15,62.65,51.27898127123461,B1+coupling_state
2017-11-21,16,62.65,52.28537814312412,B1+coupling_state
2017-11-21,17,68.05,54.417082356461954,B1+coupling_state
2017-11-21,18,57.46,51.992446036461786,B1+coupling_state
2017-11-21,19,43.99,47.477417918462365,B1+coupling_state
2017-11-21,20,35.42,38.630479202977156,B1+coupling_state
2017-11-21,21,32.64,34.28281056486157,B1+coupling_state
2017-11-21,22,31.31,31.90607947348782,B1+coupling_state
2017-11-21,23,29.69,28.20409171770899,B1+coupling_state
2017-11-22,0,27.15,27.17680349673332,B1+coupling_state
2017-11-22,1,15.7,25.306439075762132,B1+coupling_state
2017-11-22,2,10.7,23.5550239779232,B1+coupling_state
2017-11-22,3,10.96,22.623740826660036,B1+coupling_state
2017-11-22,4,10.75,23.288198255154974,B1+coupling_state
2017-11-22,5,20.24,25.26642678006877,B1+coupling_state
2017-11-22,6,29.92,32.34882961481019,B1+coupling_state
2017-11-22,7,37.37,40.68226306550903,B1+coupling_state
2017-11-22,8,35.72,40.93557209852801,B1+coupling_state
2017-11-22,9,32.49,36.82503869699587,B1+coupling_state
2017-11-22,10,31.98,34.4075834647529,B1+coupling_state
2017-11-22,11,31.8,33.1798206530148,B1+coupling_state
2017-11-22,12,31.03,31.369312245139103,B1+coupling_state
2017-11-22,13,31.3,32.62206652233043,B1+coupling_state
2017-11-22,14,32.56,34.22085620016438,B1+coupling_state
2017-11-22,15,41.43,37.42480656577448,B1+coupling_state
2017-11-22,16,50.06,40.77276582794548,B1+coupling_state
2017-11-22,17,61.26,48.587361132248496,B1+coupling_state
2017-11-22,18,50.93,44.76979212834737,B1+coupling_state
2017-11-22,19,43.97,40.784090737412136,B1+coupling_state
2017-11-22,20,39.99,34.96925018059066,B1+coupling_state
2017-11-22,21,33.7,29.35296211876915,B1+coupling_state
2017-11-22,22,29.56,24.383726307107775,B1+coupling_state
2017-11-22,23,20.6,17.14056001069973,B1+coupling_state
2017-11-23,0,9.67,21.017055430526867,B1+coupling_state
2017-11-23,1,12.76,18.520064237761535,B1+coupling_state
2017-11-23,2,9.64,15.980545714094172,B1+coupling_state
2017-11-23,3,9.47,14.547340711400167,B1+coupling_state
2017-11-23,4,9.46,15.359706749958972,B1+coupling_state
2017-11-23,5,12.77,18.944611167026995,B1+coupling_state
2017-11-23,6,17.1,27.44386078196023,B1+coupling_state
2017-11-23,7,32.93,36.104015607501196,B1+coupling_state
2017-11-23,8,31.09,36.26344494306751,B1+coupling_state
2017-11-23,9,29.96,33.30904034784909,B1+coupling_state
2017-11-23,10,24.03,27.95057363765034,B1+coupling_state
2017-11-23,11,16.24,26.736481479868445,B1+coupling_state
2017-11-23,12,12.75,25.19192967454328,B1+coupling_state
2017-11-23,13,16.63,25.417680650017605,B1+coupling_state
2017-11-23,14,26.23,26.64405195551641,B1+coupling_state
2017-11-23,15,30.76,29.805767320538017,B1+coupling_state
2017-11-23,16,31.95,33.29262912303141,B1+coupling_state
2017-11-23,17,37.97,43.06336539998781,B1+coupling_state
2017-11-23,18,37.57,40.83549142407268,B1+coupling_state
2017-11-23,19,36.98,37.00196628043228,B1+coupling_state
2017-11-23,20,33.94,32.3235002191787,B1+coupling_state
2017-11-23,21,29.34,30.963004888804846,B1+coupling_state
2017-11-23,22,27.41,28.315151726783768,B1+coupling_state
2017-11-23,23,24.05,24.32757048002773,B1+coupling_state
2017-11-24,0,26.93,23.987698868786307,B1+coupling_state
2017-11-24,1,27.75,23.173047955344792,B1+coupling_state
2017-11-24,2,28.04,21.72759086742752,B1+coupling_state
2017-11-24,3,27.1,22.57179161687286,B1+coupling_state
2017-11-24,4,28.22,23.823223047303635,B1+coupling_state
2017-11-24,5,35.66,27.134124349268145,B1+coupling_state
2017-11-24,6,49.01,35.73708007654837,B1+coupling_state
2017-11-24,7,49.07,42.08419260875868,B1+coupling_state
2017-11-24,8,48.0,45.083944410465804,B1+coupling_state
2017-11-24,9,46.92,44.38593403283225,B1+coupling_state
2017-11-24,10,45.43,43.73898088007325,B1+coupling_state
2017-11-24,11,46.5,43.906972554859934,B1+coupling_state
2017-11-24,12,39.57,41.12720109368744,B1+coupling_state
2017-11-24,13,41.13,40.3390717780046,B1+coupling_state
2017-11-24,14,43.13,42.467105241006614,B1+coupling_state
2017-11-24,15,44.91,45.29565639545197,B1+coupling_state
2017-11-24,16,46.94,49.278567827366004,B1+coupling_state
2017-11-24,17,53.97,56.08520198920981,B1+coupling_state
2017-11-24,18,56.24,53.81495041631502,B1+coupling_state
2017-11-24,19,55.97,48.65672863691116,B1+coupling_state
2017-11-24,20,48.0,43.2937731162108,B1+coupling_state
2017-11-24,21,47.98,41.944876967240816,B1+coupling_state
2017-11-24,22,47.98,43.675066614434186,B1+coupling_state
2017-11-24,23,40.99,39.38612914641196,B1+coupling_state
2017-11-25,0,39.89,40.40434584884889,B1+coupling_state
2017-11-25,1,36.19,39.20629064874069,B1+coupling_state
2017-11-25,2,34.49,41.62572954687181,B1+coupling_state
2017-11-25,3,36.2,38.32580355850511,B1+coupling_state
2017-11-25,4,38.0,38.336211668905634,B1+coupling_state
2017-11-25,5,35.86,37.2670809653575,B1+coupling_state
2017-11-25,6,35.03,37.266630191676235,B1+coupling_state
2017-11-25,7,42.37,39.348316004288385,B1+coupling_state
2017-11-25,8,49.95,43.97318198991455,B1+coupling_state
2017-11-25,9,49.94,45.4143532833197,B1+coupling_state
2017-11-25,10,51.97,46.67400155965118,B1+coupling_state
2017-11-25,11,53.51,46.353004308475946,B1+coupling_state
2017-11-25,12,49.96,44.85720296570827,B1+coupling_state
2017-11-25,13,46.98,40.03970000114978,B1+coupling_state
2017-11-25,14,38.98,39.000669822093315,B1+coupling_state
2017-11-25,15,35.29,39.286246461974415,B1+coupling_state
2017-11-25,16,39.56,44.31157577165466,B1+coupling_state
2017-11-25,17,44.26,46.03894090614419,B1+coupling_state
2017-11-25,18,38.41,44.52277426502012,B1+coupling_state
2017-11-25,19,37.93,40.24445397607425,B1+coupling_state
2017-11-25,20,36.12,35.84140516253313,B1+coupling_state
2017-11-25,21,32.12,32.16786638513401,B1+coupling_state
2017-11-25,22,30.09,31.60130024486178,B1+coupling_state
2017-11-25,23,27.58,27.74886701855856,B1+coupling_state
2017-11-26,0,19.21,23.19338163979167,B1+coupling_state
2017-11-26,1,12.59,20.017603696933122,B1+coupling_state
2017-11-26,2,11.56,17.760491694257702,B1+coupling_state
2017-11-26,3,11.45,16.47972316357426,B1+coupling_state
2017-11-26,4,15.74,16.876201166468345,B1+coupling_state
2017-11-26,5,12.85,15.51047020718737,B1+coupling_state
2017-11-26,6,11.41,12.014863413598729,B1+coupling_state
2017-11-26,7,9.77,13.155439268238649,B1+coupling_state
2017-11-26,8,19.36,16.736803360445816,B1+coupling_state
2017-11-26,9,11.58,16.088149443260885,B1+coupling_state
2017-11-26,10,19.95,13.979359564859688,B1+coupling_state
2017-11-26,11,21.6,14.504666181208396,B1+coupling_state
2017-11-26,12,11.48,12.602947553439524,B1+coupling_state
2017-11-26,13,11.49,12.955663255978664,B1+coupling_state
2017-11-26,14,15.75,12.017303836425054,B1+coupling_state
2017-11-26,15,15.55,18.81404920324683,B1+coupling_state
2017-11-26,16,23.6,23.006636793198446,B1+coupling_state
2017-11-26,17,29.17,30.091311068108052,B1+coupling_state
2017-11-26,18,29.43,30.03203369727804,B1+coupling_state
2017-11-26,19,29.51,26.909129384676866,B1+coupling_state
2017-11-26,20,29.07,26.363846622863974,B1+coupling_state
2017-11-26,21,29.01,23.124647867938524,B1+coupling_state
2017-11-26,22,28.37,19.794877345459092,B1+coupling_state
2017-11-26,23,21.94,14.932917943595736,B1+coupling_state
2017-11-27,0,11.47,19.55156805169993,B1+coupling_state
2017-11-27,1,14.95,17.776771852669853,B1+coupling_state
2017-11-27,2,17.06,15.942204842196428,B1+coupling_state
2017-11-27,3,13.06,14.850097627768534,B1+coupling_state
2017-11-27,4,10.02,16.299505937944286,B1+coupling_state
2017-11-27,5,20.96,19.944950562456118,B1+coupling_state
2017-11-27,6,40.1,32.48585843528998,B1+coupling_state
2017-11-27,7,36.12,41.87793645212135,B1+coupling_state
2017-11-27,8,40.06,43.039076952432225,B1+coupling_state
2017-11-27,9,36.04,39.00494666895573,B1+coupling_state
2017-11-27,10,34.06,36.887685410302026,B1+coupling_state
2017-11-27,11,34.73,34.96794349086516,B1+coupling_state
2017-11-27,12,31.1,32.012367926863334,B1+coupling_state
2017-11-27,13,32.38,30.427845460615167,B1+coupling_state
2017-11-27,14,33.33,30.19593568912997,B1+coupling_state
2017-11-27,15,34.82,31.880734018252422,B1+coupling_state
2017-11-27,16,35.7,34.09609057896815,B1+coupling_state
2017-11-27,17,40.32,39.77826371652185,B1+coupling_state
2017-11-27,18,36.7,38.95883304672207,B1+coupling_state
2017-11-27,19,35.26,37.964087829700134,B1+coupling_state
2017-11-27,20,35.95,34.24041827378216,B1+coupling_state
2017-11-27,21,30.93,30.033596175012335,B1+coupling_state
2017-11-27,22,30.0,27.369332618970574,B1+coupling_state
2017-11-27,23,15.87,21.788078834323553,B1+coupling_state
2017-11-28,0,22.5,16.75576465431348,B1+coupling_state
2017-11-28,1,16.07,15.432220056595984,B1+coupling_state
2017-11-28,2,15.46,12.771666732695392,B1+coupling_state
2017-11-28,3,16.29,13.077658404257587,B1+coupling_state
2017-11-28,4,22.04,16.735183352778574,B1+coupling_state
2017-11-28,5,24.7,21.210991933976107,B1+coupling_state
2017-11-28,6,34.01,29.169854224522897,B1+coupling_state
2017-11-28,7,40.13,34.85007854878435,B1+coupling_state
2017-11-28,8,37.78,38.22756171067929,B1+coupling_state
2017-11-28,9,36.39,36.8288231955444,B1+coupling_state
2017-11-28,10,35.84,33.31453510110908,B1+coupling_state
2017-11-28,11,36.05,31.898061234967606,B1+coupling_state
2017-11-28,12,39.91,33.12484896728881,B1+coupling_state
2017-11-28,13,45.07,36.10160648426445,B1+coupling_state
2017-11-28,14,48.59,37.92884079594202,B1+coupling_state
2017-11-28,15,52.94,42.69206729530673,B1+coupling_state
2017-11-28,16,51.97,48.76581922975086,B1+coupling_state
2017-11-28,17,59.7,56.101381076105476,B1+coupling_state
2017-11-28,18,52.98,53.147444213493976,B1+coupling_state
2017-11-28,19,51.32,49.76297095889751,B1+coupling_state
2017-11-28,20,49.99,43.72080019456428,B1+coupling_state
2017-11-28,21,36.59,41.15363797908469,B1+coupling_state
2017-11-28,22,36.64,39.547367812370986,B1+coupling_state
2017-11-28,23,35.01,34.41751606608506,B1+coupling_state
2017-11-29,0,36.56,34.27907884185421,B1+coupling_state
2017-11-29,1,36.79,34.2474689500409,B1+coupling_state
2017-11-29,2,35.56,34.16843225144818,B1+coupling_state
2017-11-29,3,35.06,34.24561818140478,B1+coupling_state
2017-11-29,4,36.17,35.56480752869287,B1+coupling_state
2017-11-29,5,38.97,37.70375555286642,B1+coupling_state
2017-11-29,6,57.72,45.87123379114822,B1+coupling_state
2017-11-29,7,84.97,58.70935944668571,B1+coupling_state
2017-11-29,8,88.52,63.07038919841068,B1+coupling_state
2017-11-29,9,90.1,63.357734298082036,B1+coupling_state
2017-11-29,10,88.33,63.943761549536305,B1+coupling_state
2017-11-29,11,86.0,66.610378515962,B1+coupling_state
2017-11-29,12,82.18,66.30292221821847,B1+coupling_state
2017-11-29,13,82.4,70.589753646668,B1+coupling_state
2017-11-29,14,89.21,68.25656490998021,B1+coupling_state
2017-11-29,15,90.4,74.12728465238598,B1+coupling_state
2017-11-29,16,97.8,81.57116380898474,B1+coupling_state
2017-11-29,17,118.49,89.84129136686897,B1+coupling_state
2017-11-29,18,110.36,71.22125710375576,B1+coupling_state
2017-11-29,19,85.56,63.953099206605486,B1+coupling_state
2017-11-29,20,77.34,56.24551575518903,B1+coupling_state
2017-11-29,21,64.27,46.52879185402941,B1+coupling_state
2017-11-29,22,55.57,43.01953393385375,B1+coupling_state
2017-11-29,23,47.71,38.994468139714826,B1+coupling_state
2017-11-30,0,45.94,48.3846001149183,B1+coupling_state
2017-11-30,1,38.2,49.43565707584611,B1+coupling_state
2017-11-30,2,36.97,45.46710230769196,B1+coupling_state
2017-11-30,3,36.1,46.35499876286771,B1+coupling_state
2017-11-30,4,38.47,45.285259451686564,B1+coupling_state
2017-11-30,5,42.72,43.513903469372565,B1+coupling_state
2017-11-30,6,53.99,49.3465772467933,B1+coupling_state
2017-11-30,7,83.75,65.95330168420985,B1+coupling_state
2017-11-30,8,88.16,70.76133622027808,B1+coupling_state
2017-11-30,9,85.25,69.80404524020355,B1+coupling_state
2017-11-30,10,86.79,64.20470098080399,B1+coupling_state
2017-11-30,11,86.7,64.87680916379732,B1+coupling_state
2017-11-30,12,84.07,63.99985211421502,B1+coupling_state
2017-11-30,13,83.34,67.77992483936868,B1+coupling_state
2017-11-30,14,82.81,67.51731181571857,B1+coupling_state
2017-11-30,15,84.22,72.57489728669074,B1+coupling_state
2017-11-30,16,86.06,72.55148276108486,B1+coupling_state
2017-11-30,17,100.12,79.94411239788886,B1+coupling_state
2017-11-30,18,95.1,68.11467433575383,B1+coupling_state
2017-11-30,19,87.24,61.37998015302861,B1+coupling_state
2017-11-30,20,68.5,51.33392482298378,B1+coupling_state
2017-11-30,21,51.96,43.653572538763335,B1+coupling_state
2017-11-30,22,38.45,41.6697443476715,B1+coupling_state
2017-11-30,23,36.67,38.5299317512886,B1+coupling_state
2017-12-01,0,35.82,38.494872301906696,B1+coupling_state
2017-12-01,1,38.59,37.30926824692918,B1+coupling_state
2017-12-01,2,37.18,36.6982304122303,B1+coupling_state
2017-12-01,3,37.0,35.36511745365387,B1+coupling_state
2017-12-01,4,37.42,36.384018810832295,B1+coupling_state
2017-12-01,5,36.14,40.0705853915986,B1+coupling_state
2017-12-01,6,55.97,52.40092648552441,B1+coupling_state
2017-12-01,7,81.69,70.45039375653991,B1+coupling_state
2017-12-01,8,75.01,74.62876352341425,B1+coupling_state
2017-12-01,9,72.89,71.44980014619816,B1+coupling_state
2017-12-01,10,70.38,67.89402614062402,B1+coupling_state
2017-12-01,11,74.87,69.55360036277125,B1+coupling_state
2017-12-01,12,74.91,64.57897070707229,B1+coupling_state
2017-12-01,13,73.18,63.0125093961845,B1+coupling_state
2017-12-01,14,72.5,65.92013984328297,B1+coupling_state
2017-12-01,15,74.42,69.53003846608918,B1+coupling_state
2017-12-01,16,76.6,74.40375670309832,B1+coupling_state
2017-12-01,17,85.69,78.25752416823454,B1+coupling_state
2017-12-01,18,82.57,71.51833886406293,B1+coupling_state
2017-12-01,19,77.38,65.34579825790857,B1+coupling_state
2017-12-01,20,61.95,56.44170998855961,B1+coupling_state
2017-12-01,21,52.93,47.96664787172953,B1+coupling_state
2017-12-01,22,41.58,44.267537589465434,B1+coupling_state
2017-12-01,23,37.94,39.86170585116126,B1+coupling_state
2017-12-02,0,39.9,40.23896163420818,B1+coupling_state
2017-12-02,1,39.02,38.643319480629344,B1+coupling_state
2017-12-02,2,37.89,37.27361907246257,B1+coupling_state
2017-12-02,3,37.82,36.39396046935441,B1+coupling_state
2017-12-02,4,34.7,35.54819133122862,B1+coupling_state
2017-12-02,5,36.75,35.01891016078922,B1+coupling_state
2017-12-02,6,34.07,37.242904638725264,B1+coupling_state
2017-12-02,7,37.01,45.37660889072492,B1+coupling_state
2017-12-02,8,46.17,50.08482274015357,B1+coupling_state
2017-12-02,9,46.1,50.95508674016125,B1+coupling_state
2017-12-02,10,42.33,49.1959085109995,B1+coupling_state
2017-12-02,11,44.02,47.333630147915905,B1+coupling_state
2017-12-02,12,40.0,44.019646530734235,B1+coupling_state
2017-12-02,13,37.28,40.69170458542348,B1+coupling_state
2017-12-02,14,38.21,41.739821274428074,B1+coupling_state
2017-12-02,15,46.13,44.485980479859265,B1+coupling_state
2017-12-02,16,47.96,49.78634468488623,B1+coupling_state
2017-12-02,17,47.95,54.90869369531897,B1+coupling_state
2017-12-02,18,42.99,51.61547090825982,B1+coupling_state
2017-12-02,19,39.37,46.242120660235884,B1+coupling_state
2017-12-02,20,36.79,39.806371214210564,B1+coupling_state
2017-12-02,21,38.52,35.668835024473914,B1+coupling_state
2017-12-02,22,39.92,34.0696510135856,B1+coupling_state
2017-12-02,23,35.68,30.406750242163366,B1+coupling_state
2017-12-03,0,33.17,30.832182510096864,B1+coupling_state
2017-12-03,1,31.93,29.22035981363175,B1+coupling_state
2017-12-03,2,30.43,29.068225019500098,B1+coupling_state
2017-12-03,3,28.3,27.17376438593955,B1+coupling_state
2017-12-03,4,30.44,26.817879855859573,B1+coupling_state
2017-12-03,5,29.87,28.083260110865773,B1+coupling_state
2017-12-03,6,29.81,27.293599508288885,B1+coupling_state
2017-12-03,7,27.72,28.54391327691016,B1+coupling_state
2017-12-03,8,29.95,31.361844153583647,B1+coupling_state
2017-12-03,9,33.08,31.75644212710012,B1+coupling_state
2017-12-03,10,34.85,32.33051705387213,B1+coupling_state
2017-12-03,11,36.91,33.49896323970978,B1+coupling_state
2017-12-03,12,37.0,32.27616480930097,B1+coupling_state
2017-12-03,13,32.92,30.4436118081809,B1+coupling_state
2017-12-03,14,34.06,29.990042722158478,B1+coupling_state
2017-12-03,15,34.29,30.508556380680957,B1+coupling_state
2017-12-03,16,36.97,34.700803849814534,B1+coupling_state
2017-12-03,17,39.36,38.19133108430992,B1+coupling_state
2017-12-03,18,39.0,39.00075690428681,B1+coupling_state
2017-12-03,19,37.06,37.84216202606151,B1+coupling_state
2017-12-03,20,36.03,34.91139001972742,B1+coupling_state
2017-12-03,21,33.95,32.425508761636436,B1+coupling_state
2017-12-03,22,33.98,33.226628455054616,B1+coupling_state
2017-12-03,23,28.25,28.14033580736915,B1+coupling_state
2017-12-04,0,12.05,25.15739315350055,B1+coupling_state
2017-12-04,1,17.69,23.828350172981477,B1+coupling_state
2017-12-04,2,15.31,22.183267085049263,B1+coupling_state
2017-12-04,3,12.75,20.550911682099343,B1+coupling_state
2017-12-04,4,17.18,21.719597124652786,B1+coupling_state
2017-12-04,5,25.05,26.123093826834612,B1+coupling_state
2017-12-04,6,33.19,37.560382216780596,B1+coupling_state
2017-12-04,7,38.56,45.83736467123656,B1+coupling_state
2017-12-04,8,42.9,47.06084813120199,B1+coupling_state
2017-12-04,9,38.29,45.244978379317516,B1+coupling_state
2017-12-04,10,37.06,45.85758612631435,B1+coupling_state
2017-12-04,11,38.94,44.06472570918683,B1+coupling_state
2017-12-04,12,36.36,43.889276695482764,B1+coupling_state
2017-12-04,13,39.45,44.12480090419712,B1+coupling_state
2017-12-04,14,43.97,47.68168476859388,B1+coupling_state
2017-12-04,15,46.14,52.28316646686946,B1+coupling_state
2017-12-04,16,50.96,57.186953192071556,B1+coupling_state
2017-12-04,17,51.04,62.68631189975645,B1+coupling_state
2017-12-04,18,48.85,53.43617898746509,B1+coupling_state
2017-12-04,19,45.6,50.18720501224894,B1+coupling_state
2017-12-04,20,42.38,45.61563683695176,B1+coupling_state
2017-12-04,21,39.83,38.09645041507336,B1+coupling_state
2017-12-04,22,33.53,35.442209383717774,B1+coupling_state
2017-12-04,23,30.03,30.28895973976354,B1+coupling_state
2017-12-05,0,28.69,25.874843866639225,B1+coupling_state
2017-12-05,1,28.01,24.31720549259418,B1+coupling_state
2017-12-05,2,26.88,21.769113425425548,B1+coupling_state
2017-12-05,3,27.93,21.645711145286477,B1+coupling_state
2017-12-05,4,28.23,23.085058832271795,B1+coupling_state
2017-12-05,5,30.73,25.55358261365627,B1+coupling_state
2017-12-05,6,35.39,35.11870479933829,B1+coupling_state
2017-12-05,7,39.69,43.04923048934435,B1+coupling_state
2017-12-05,8,40.05,45.4310462066606,B1+coupling_state
2017-12-05,9,40.36,43.60996902209009,B1+coupling_state
2017-12-05,10,47.59,41.74179481083471,B1+coupling_state
2017-12-05,11,46.78,43.03053180590841,B1+coupling_state
2017-12-05,12,44.07,39.91866409269851,B1+coupling_state
2017-12-05,13,42.45,38.902227985492864,B1+coupling_state
2017-12-05,14,39.97,38.06005111698818,B1+coupling_state
2017-12-05,15,39.05,39.20719100480474,B1+coupling_state
2017-12-05,16,39.05,41.620093225860444,B1+coupling_state
2017-12-05,17,43.96,45.786763513641205,B1+coupling_state
2017-12-05,18,40.04,41.42140101467905,B1+coupling_state
2017-12-05,19,46.04,38.886228521773546,B1+coupling_state
2017-12-05,20,35.35,34.69587168579914,B1+coupling_state
2017-12-05,21,30.03,30.131209796166466,B1+coupling_state
2017-12-05,22,28.06,26.595965665756076,B1+coupling_state
2017-12-05,23,13.45,22.030849199960397,B1+coupling_state
2017-12-06,0,14.34,16.77613491654321,B1+coupling_state
2017-12-06,1,12.34,15.432707518448492,B1+coupling_state
2017-12-06,2,9.71,12.36271588754205,B1+coupling_state
2017-12-06,3,12.7,14.105159611292917,B1+coupling_state
2017-12-06,4,14.04,16.310006525977798,B1+coupling_state
2017-12-06,5,13.27,20.703228437631793,B1+coupling_state
2017-12-06,6,29.57,30.258245898397675,B1+coupling_state
2017-12-06,7,38.24,39.84632116087017,B1+coupling_state
2017-12-06,8,37.59,40.77946873791676,B1+coupling_state
2017-12-06,9,39.13,39.15900502405486,B1+coupling_state
2017-12-06,10,38.22,38.213373677916685,B1+coupling_state
2017-12-06,11,34.6,38.15522652161619,B1+coupling_state
2017-12-06,12,34.59,36.358865412448516,B1+coupling_state
2017-12-06,13,36.48,35.15164372931237,B1+coupling_state
2017-12-06,14,39.81,36.02509566205582,B1+coupling_state
2017-12-06,15,39.0,38.20371511094348,B1+coupling_state
2017-12-06,16,40.9,42.33907807851887,B1+coupling_state
2017-12-06,17,45.69,47.57447171221993,B1+coupling_state
2017-12-06,18,41.96,45.416908328467436,B1+coupling_state
2017-12-06,19,39.95,43.614829941188404,B1+coupling_state
2017-12-06,20,39.01,38.80622772046996,B1+coupling_state
2017-12-06,21,38.98,33.78228365176186,B1+coupling_state
2017-12-06,22,31.97,30.2442940496741,B1+coupling_state
2017-12-06,23,27.95,23.83744235315833,B1+coupling_state
2017-12-07,0,30.47,26.076957509592503,B1+coupling_state
2017-12-07,1,29.43,24.41026075875594,B1+coupling_state
2017-12-07,2,26.57,20.96565648291163,B1+coupling_state
2017-12-07,3,27.36,21.598072472811147,B1+coupling_state
2017-12-07,4,30.01,21.929794046687125,B1+coupling_state
2017-12-07,5,32.07,24.66482078297349,B1+coupling_state
2017-12-07,6,44.72,33.12309199479027,B1+coupling_state
2017-12-07,7,51.98,40.81881967206463,B1+coupling_state
2017-12-07,8,48.53,42.192796168748146,B1+coupling_state
2017-12-07,9,43.85,39.21212534453511,B1+coupling_state
2017-12-07,10,38.55,35.66626834036835,B1+coupling_state
2017-12-07,11,33.1,34.056104069996586,B1+coupling_state
2017-12-07,12,30.04,30.786979894334902,B1+coupling_state
2017-12-07,13,31.06,30.365174061322296,B1+coupling_state
2017-12-07,14,32.06,30.419018442888138,B1+coupling_state
2017-12-07,15,37.23,33.53613335032021,B1+coupling_state
2017-12-07,16,38.53,33.37897832550695,B1+coupling_state
2017-12-07,17,39.73,38.94639719567356,B1+coupling_state
2017-12-07,18,37.49,36.10023173937752,B1+coupling_state
2017-12-07,19,32.07,35.76018523135571,B1+coupling_state
2017-12-07,20,28.06,33.11969684131019,B1+coupling_state
2017-12-07,21,27.5,29.500872334045642,B1+coupling_state
2017-12-07,22,26.42,25.325992319458173,B1+coupling_state
2017-12-07,23,22.61,21.857790156104638,B1+coupling_state
2017-12-08,0,13.45,22.74646509321106,B1+coupling_state
2017-12-08,1,12.2,21.59697845070529,B1+coupling_state
2017-12-08,2,10.5,20.418392332616286,B1+coupling_state
2017-12-08,3,18.93,20.852763042049368,B1+coupling_state
2017-12-08,4,24.56,23.125356079475612,B1+coupling_state
2017-12-08,5,23.05,26.214048273414207,B1+coupling_state
2017-12-08,6,35.88,34.890994741056716,B1+coupling_state
2017-12-08,7,37.7,43.439101860611316,B1+coupling_state
2017-12-08,8,46.04,45.115020981938535,B1+coupling_state
2017-12-08,9,43.93,42.56745149045553,B1+coupling_state
2017-12-08,10,37.99,40.18909087156276,B1+coupling_state
2017-12-08,11,41.51,37.39090044734539,B1+coupling_state
2017-12-08,12,34.21,33.7810809702031,B1+coupling_state
2017-12-08,13,32.1,34.040548831272694,B1+coupling_state
2017-12-08,14,32.17,33.912757991727304,B1+coupling_state
2017-12-08,15,37.98,35.41470558592175,B1+coupling_state
2017-12-08,16,41.57,38.15661937068974,B1+coupling_state
2017-12-08,17,40.73,42.52872399825927,B1+coupling_state
2017-12-08,18,39.96,39.70556231475265,B1+coupling_state
2017-12-08,19,38.57,38.42074746531792,B1+coupling_state
2017-12-08,20,32.32,35.296291738428756,B1+coupling_state
2017-12-08,21,28.0,32.53893703122787,B1+coupling_state
2017-12-08,22,23.1,29.852596331297327,B1+coupling_state
2017-12-08,23,9.29,23.560176189589722,B1+coupling_state
2017-12-09,0,15.03,16.095909877030586,B1+coupling_state
2017-12-09,1,12.51,12.975146262965053,B1+coupling_state
2017-12-09,2,10.31,9.397637636898223,B1+coupling_state
2017-12-09,3,9.26,11.538105732612765,B1+coupling_state
2017-12-09,4,9.12,12.269847695029329,B1+coupling_state
2017-12-09,5,8.92,13.733330776188469,B1+coupling_state
2017-12-09,6,10.06,13.683152654369287,B1+coupling_state
2017-12-09,7,12.15,18.557700461166817,B1+coupling_state
2017-12-09,8,12.41,26.36960121501485,B1+coupling_state
2017-12-09,9,18.07,27.732988552639213,B1+coupling_state
2017-12-09,10,18.96,26.34903493777785,B1+coupling_state
2017-12-09,11,16.25,23.983554071923244,B1+coupling_state
2017-12-09,12,15.03,22.25621835981105,B1+coupling_state
2017-12-09,13,12.39,21.128624249275653,B1+coupling_state
2017-12-09,14,12.53,23.356183133675422,B1+coupling_state
2017-12-09,15,19.41,25.130372794858644,B1+coupling_state
2017-12-09,16,26.51,27.931602900330933,B1+coupling_state
2017-12-09,17,31.67,33.76828446504781,B1+coupling_state
2017-12-09,18,28.45,31.350842737342234,B1+coupling_state
2017-12-09,19,24.56,26.81606824419989,B1+coupling_state
2017-12-09,20,15.8,21.826779113193783,B1+coupling_state
2017-12-09,21,13.01,21.326484789116442,B1+coupling_state
2017-12-09,22,15.04,17.34537064896577,B1+coupling_state
2017-12-09,23,10.16,16.034478863101455,B1+coupling_state
2017-12-10,0,14.31,12.60192782055305,B1+coupling_state
2017-12-10,1,10.92,10.683951897236426,B1+coupling_state
2017-12-10,2,10.17,9.349760902986882,B1+coupling_state
2017-12-10,3,12.09,11.670615957870325,B1+coupling_state
2017-12-10,4,15.06,13.45731655062161,B1+coupling_state
2017-12-10,5,12.23,15.060937377522738,B1+coupling_state
2017-12-10,6,12.28,13.251455727608402,B1+coupling_state
2017-12-10,7,20.68,9.83382487582826,B1+coupling_state
2017-12-10,8,27.85,16.92011260016643,B1+coupling_state
2017-12-10,9,28.56,22.657136431169683,B1+coupling_state
2017-12-10,10,29.15,25.93343683007096,B1+coupling_state
2017-12-10,11,29.57,30.61466672456733,B1+coupling_state
2017-12-10,12,29.26,29.706849123780124,B1+coupling_state
2017-12-10,13,28.24,25.932828048368332,B1+coupling_state
2017-12-10,14,25.07,23.584568553111247,B1+coupling_state
2017-12-10,15,9.12,20.74068040161748,B1+coupling_state
2017-12-10,16,9.19,23.743014453413394,B1+coupling_state
2017-12-10,17,17.42,28.831205065410046,B1+coupling_state
2017-12-10,18,15.02,26.33278133587081,B1+coupling_state
2017-12-10,19,12.05,23.86216085238277,B1+coupling_state
2017-12-10,20,12.27,22.810837357554316,B1+coupling_state
2017-12-10,21,12.16,22.94420556904506,B1+coupling_state
2017-12-10,22,14.81,23.76791009243231,B1+coupling_state
2017-12-10,23,12.13,16.93629512342462,B1+coupling_state
2017-12-11,0,15.03,16.40136939183833,B1+coupling_state
2017-12-11,1,10.87,16.850902069506127,B1+coupling_state
2017-12-11,2,12.59,17.31410939808466,B1+coupling_state
2017-12-11,3,11.75,18.356194560561725,B1+coupling_state
2017-12-11,4,12.78,20.611683693088818,B1+coupling_state
2017-12-11,5,23.22,25.999901551017103,B1+coupling_state
2017-12-11,6,47.95,37.86976290866512,B1+coupling_state
2017-12-11,7,62.0,51.438781340988115,B1+coupling_state
2017-12-11,8,63.01,51.5862706994149,B1+coupling_state
2017-12-11,9,60.2,49.27285557481695,B1+coupling_state
2017-12-11,10,62.93,51.88479992986933,B1+coupling_state
2017-12-11,11,61.95,52.66152265759385,B1+coupling_state
2017-12-11,12,64.98,46.83205333049193,B1+coupling_state
2017-12-11,13,58.23,47.34012257465261,B1+coupling_state
2017-12-11,14,53.84,44.83000171573725,B1+coupling_state
2017-12-11,15,51.91,41.65917273616152,B1+coupling_state
2017-12-11,16,53.38,41.52430910460507,B1+coupling_state
2017-12-11,17,51.87,44.11973706340956,B1+coupling_state
2017-12-11,18,47.4,40.78266482747214,B1+coupling_state
2017-12-11,19,39.68,38.19292456511244,B1+coupling_state
2017-12-11,20,40.7,36.23615844059703,B1+coupling_state
2017-12-11,21,34.43,31.303957574591262,B1+coupling_state
2017-12-11,22,31.95,29.30823978138429,B1+coupling_state
2017-12-11,23,27.35,26.157485387000126,B1+coupling_state
2017-12-12,0,24.52,23.553975292076103,B1+coupling_state
2017-12-12,1,22.21,20.868331733795245,B1+coupling_state
2017-12-12,2,14.58,18.02973652506806,B1+coupling_state
2017-12-12,3,12.31,17.41912112000317,B1+coupling_state
2017-12-12,4,14.2,19.37105614407036,B1+coupling_state
2017-12-12,5,26.14,22.807731406498128,B1+coupling_state
2017-12-12,6,30.89,28.581892647465843,B1+coupling_state
2017-12-12,7,32.32,35.71703801665098,B1+coupling_state
2017-12-12,8,35.19,37.879935477938254,B1+coupling_state
2017-12-12,9,34.7,35.4438650599766,B1+coupling_state
2017-12-12,10,34.75,33.720938145894834,B1+coupling_state
2017-12-12,11,35.75,33.76665404975356,B1+coupling_state
2017-12-12,12,36.92,32.6116940582087,B1+coupling_state
2017-12-12,13,39.9,34.0329592426298,B1+coupling_state
2017-12-12,14,43.16,35.506803191212214,B1+coupling_state
2017-12-12,15,45.0,41.15309370683973,B1+coupling_state
2017-12-12,16,46.09,45.88889063955439,B1+coupling_state
2017-12-12,17,50.95,49.39654389811806,B1+coupling_state
2017-12-12,18,46.95,47.12422745762762,B1+coupling_state
2017-12-12,19,46.08,43.828381895999684,B1+coupling_state
2017-12-12,20,46.1,38.22558067830669,B1+coupling_state
2017-12-12,21,40.95,34.85009360484015,B1+coupling_state
2017-12-12,22,36.74,31.423735433791627,B1+coupling_state
2017-12-12,23,27.96,25.513236494842126,B1+coupling_state
2017-12-13,0,22.55,23.25623295262946,B1+coupling_state
2017-12-13,1,20.0,21.787954573134265,B1+coupling_state
2017-12-13,2,15.96,20.492088179349423,B1+coupling_state
2017-12-13,3,12.74,18.969226225361233,B1+coupling_state
2017-12-13,4,14.2,19.038061136088025,B1+coupling_state
2017-12-13,5,18.02,21.116065814918024,B1+coupling_state
2017-12-13,6,32.93,30.385606036585216,B1+coupling_state
2017-12-13,7,34.19,36.791490577280335,B1+coupling_state
2017-12-13,8,38.27,36.2419812479324,B1+coupling_state
2017-12-13,9,34.45,34.33521130969887,B1+coupling_state
2017-12-13,10,30.97,31.114573001349868,B1+coupling_state
2017-12-13,11,29.83,30.8624363996119,B1+coupling_state
2017-12-13,12,29.7,28.51353957240135,B1+coupling_state
2017-12-13,13,29.98,28.80987356411879,B1+coupling_state
2017-12-13,14,32.44,30.304581175941603,B1+coupling_state
2017-12-13,15,32.91,33.89061006504782,B1+coupling_state
2017-12-13,16,34.49,36.18498953829388,B1+coupling_state
2017-12-13,17,34.46,38.105033800231645,B1+coupling_state
2017-12-13,18,33.94,32.89573103110753,B1+coupling_state
2017-12-13,19,32.75,30.46004392233177,B1+coupling_state
2017-12-13,20,29.1,30.69812617722982,B1+coupling_state
2017-12-13,21,22.62,27.617199251760013,B1+coupling_state
2017-12-13,22,20.05,20.305847877297367,B1+coupling_state
2017-12-13,23,8.45,9.715798908009269,B1+coupling_state
2017-12-14,0,8.84,13.847010100831449,B1+coupling_state
2017-12-14,1,8.8,12.386072983316325,B1+coupling_state
2017-12-14,2,8.84,11.138672748139008,B1+coupling_state
2017-12-14,3,9.01,11.208915252651924,B1+coupling_state
2017-12-14,4,10.79,14.310428365001044,B1+coupling_state
2017-12-14,5,14.44,19.707576454675028,B1+coupling_state
2017-12-14,6,32.63,28.01109146945701,B1+coupling_state
2017-12-14,7,45.94,35.18803942662766,B1+coupling_state
2017-12-14,8,42.14,36.440059057469846,B1+coupling_state
2017-12-14,9,33.84,35.19146815593587,B1+coupling_state
2017-12-14,10,32.06,31.736477086606843,B1+coupling_state
2017-12-14,11,31.82,30.198640856728556,B1+coupling_state
2017-12-14,12,31.54,28.645767257344747,B1+coupling_state
2017-12-14,13,31.46,29.233905870088794,B1+coupling_state
2017-12-14,14,32.53,31.574187529700396,B1+coupling_state
2017-12-14,15,36.43,33.739966252561665,B1+coupling_state
2017-12-14,16,38.43,37.65535914983448,B1+coupling_state
2017-12-14,17,49.94,43.119676396209265,B1+coupling_state
2017-12-14,18,51.55,44.523706143248646,B1+coupling_state
2017-12-14,19,48.06,44.43426192658981,B1+coupling_state
2017-12-14,20,41.9,39.82532899500354,B1+coupling_state
2017-12-14,21,39.31,36.635759044340865,B1+coupling_state
2017-12-14,22,34.94,36.54138489207955,B1+coupling_state
2017-12-14,23,28.96,31.670571825069352,B1+coupling_state
2017-12-15,0,32.01,28.399675167040222,B1+coupling_state
2017-12-15,1,30.93,27.678560729877507,B1+coupling_state
2017-12-15,2,29.0,26.097305305925953,B1+coupling_state
2017-12-15,3,28.97,26.48973866923401,B1+coupling_state
2017-12-15,4,29.57,27.768658884282615,B1+coupling_state
2017-12-15,5,33.17,31.261523178437034,B1+coupling_state
2017-12-15,6,46.95,41.63255025696172,B1+coupling_state
2017-12-15,7,57.17,50.46669815140453,B1+coupling_state
2017-12-15,8,54.31,54.40937886886428,B1+coupling_state
2017-12-15,9,53.93,53.24393488628226,B1+coupling_state
2017-12-15,10,52.09,51.098466042329605,B1+coupling_state
2017-12-15,11,52.51,52.693982405442924,B1+coupling_state
2017-12-15,12,48.49,51.20201888920245,B1+coupling_state
2017-12-15,13,47.92,47.220428785138175,B1+coupling_state
2017-12-15,14,48.93,49.47527447095986,B1+coupling_state
2017-12-15,15,52.94,54.95876642998037,B1+coupling_state
2017-12-15,16,60.92,58.90327881967852,B1+coupling_state
2017-12-15,17,74.54,62.620426097677324,B1+coupling_state
2017-12-15,18,59.32,56.82346410054272,B1+coupling_state
2017-12-15,19,53.91,50.961940641280194,B1+coupling_state
2017-12-15,20,50.13,43.54149086917464,B1+coupling_state
2017-12-15,21,42.23,40.79665309043004,B1+coupling_state
2017-12-15,22,37.04,37.879853935496065,B1+coupling_state
2017-12-15,23,33.23,32.185565973315754,B1+coupling_state
2017-12-16,0,35.07,36.40408378614314,B1+coupling_state
2017-12-16,1,33.08,33.42676329243261,B1+coupling_state
2017-12-16,2,32.96,33.68532847413551,B1+coupling_state
2017-12-16,3,31.96,30.901122111901895,B1+coupling_state
2017-12-16,4,32.0,30.105323198012908,B1+coupling_state
2017-12-16,5,31.76,29.068210034941146,B1+coupling_state
2017-12-16,6,31.58,29.89766689277164,B1+coupling_state
2017-12-16,7,31.39,34.54333248092463,B1+coupling_state
2017-12-16,8,34.01,37.13522334526966,B1+coupling_state
2017-12-16,9,41.56,38.29311354113849,B1+coupling_state
2017-12-16,10,44.34,37.25197741882596,B1+coupling_state
2017-12-16,11,44.03,37.08512094228446,B1+coupling_state
2017-12-16,12,41.69,35.09530971742721,B1+coupling_state
2017-12-16,13,38.1,33.8360765167121,B1+coupling_state
2017-12-16,14,36.48,32.55982905021705,B1+coupling_state
2017-12-16,15,40.0,33.80556704289803,B1+coupling_state
2017-12-16,16,46.17,35.85989591360166,B1+coupling_state
2017-12-16,17,48.93,43.09209418876133,B1+coupling_state
2017-12-16,18,46.9,39.43731601187199,B1+coupling_state
2017-12-16,19,42.0,37.20922550655992,B1+coupling_state
2017-12-16,20,39.0,32.75460434423517,B1+coupling_state
2017-12-16,21,33.62,31.079694173593268,B1+coupling_state
2017-12-16,22,33.01,31.049415063444307,B1+coupling_state
2017-12-16,23,29.02,28.434661948394762,B1+coupling_state
2017-12-17,0,28.9,26.279746212635477,B1+coupling_state
2017-12-17,1,28.2,25.27744296420558,B1+coupling_state
2017-12-17,2,28.2,26.42033042807137,B1+coupling_state
2017-12-17,3,27.94,24.78711562739161,B1+coupling_state
2017-12-17,4,28.21,25.815895943473535,B1+coupling_state
2017-12-17,5,28.38,26.511819911194394,B1+coupling_state
2017-12-17,6,28.58,26.2259770117536,B1+coupling_state
2017-12-17,7,29.4,28.169266937612313,B1+coupling_state
2017-12-17,8,31.38,33.00716440854602,B1+coupling_state
2017-12-17,9,34.78,36.72668835048568,B1+coupling_state
2017-12-17,10,38.12,36.79298280017051,B1+coupling_state
2017-12-17,11,43.64,39.84784214570209,B1+coupling_state
2017-12-17,12,41.57,36.45900252514563,B1+coupling_state
2017-12-17,13,40.02,34.436827994045,B1+coupling_state
2017-12-17,14,39.08,33.84585023180992,B1+coupling_state
2017-12-17,15,41.5,32.70176002252723,B1+coupling_state
2017-12-17,16,45.74,35.53753098373942,B1+coupling_state
2017-12-17,17,46.96,40.386410939551475,B1+coupling_state
2017-12-17,18,45.91,39.751016221450186,B1+coupling_state
2017-12-17,19,42.91,34.93630194324068,B1+coupling_state
2017-12-17,20,36.42,33.53977744862216,B1+coupling_state
2017-12-17,21,32.92,30.77591757565228,B1+coupling_state
2017-12-17,22,30.66,31.25332826156322,B1+coupling_state
2017-12-17,23,28.59,24.790699587737002,B1+coupling_state
2017-12-18,0,30.43,28.926004445841958,B1+coupling_state
2017-12-18,1,29.9,28.282767873233112,B1+coupling_state
2017-12-18,2,28.15,28.99838088566911,B1+coupling_state
2017-12-18,3,27.39,27.00678629166279,B1+coupling_state
2017-12-18,4,28.71,28.51499520709691,B1+coupling_state
2017-12-18,5,33.73,31.960518284910933,B1+coupling_state
2017-12-18,6,46.2,47.22095254333481,B1+coupling_state
2017-12-18,7,63.95,63.257669055119514,B1+coupling_state
2017-12-18,8,64.42,65.12883602607195,B1+coupling_state
2017-12-18,9,64.08,64.47089082502647,B1+coupling_state
2017-12-18,10,64.28,70.10991907475903,B1+coupling_state
2017-12-18,11,69.65,72.57488499763824,B1+coupling_state
2017-12-18,12,68.23,72.82246406498243,B1+coupling_state
2017-12-18,13,69.97,73.11351269555283,B1+coupling_state
2017-12-18,14,69.49,75.38450709427772,B1+coupling_state
2017-12-18,15,71.32,79.2501444048389,B1+coupling_state
2017-12-18,16,73.5,78.50845686887736,B1+coupling_state
2017-12-18,17,79.72,93.71905831736933,B1+coupling_state
2017-12-18,18,75.84,72.78995659293793,B1+coupling_state
2017-12-18,19,68.87,62.050701653908874,B1+coupling_state
2017-12-18,20,63.31,55.33974381158288,B1+coupling_state
2017-12-18,21,56.58,46.75956783049342,B1+coupling_state
2017-12-18,22,45.03,43.59122447353022,B1+coupling_state
2017-12-18,23,37.29,38.42081670601974,B1+coupling_state
2017-12-19,0,44.34,43.11148396162521,B1+coupling_state
2017-12-19,1,38.07,41.31039797950692,B1+coupling_state
2017-12-19,2,37.59,44.42217662089165,B1+coupling_state
2017-12-19,3,36.5,40.37957564219933,B1+coupling_state
2017-12-19,4,38.89,41.442135313898014,B1+coupling_state
2017-12-19,5,41.01,45.16477794278531,B1+coupling_state
2017-12-19,6,53.67,53.85155110760407,B1+coupling_state
2017-12-19,7,68.17,73.29214810490261,B1+coupling_state
2017-12-19,8,76.91,78.67841841405368,B1+coupling_state
2017-12-19,9,77.06,77.32138710656776,B1+coupling_state
2017-12-19,10,75.3,104.81684492726458,B1+coupling_state
2017-12-19,11,74.0,89.73722182691805,B1+coupling_state
2017-12-19,12,70.85,85.37546641302022,B1+coupling_state
2017-12-19,13,70.57,83.14892731865183,B1+coupling_state
2017-12-19,14,70.2,83.22129942047722,B1+coupling_state
2017-12-19,15,70.32,78.15903476483538,B1+coupling_state
2017-12-19,16,75.82,77.05478526843262,B1+coupling_state
2017-12-19,17,78.28,89.07776291470239,B1+coupling_state
2017-12-19,18,75.16,82.47499210239887,B1+coupling_state
2017-12-19,19,75.06,74.50967087910018,B1+coupling_state
2017-12-19,20,66.29,58.112311858006954,B1+coupling_state
2017-12-19,21,52.01,50.925329882081755,B1+coupling_state
2017-12-19,22,48.86,46.843190124558326,B1+coupling_state
2017-12-19,23,41.18,44.09774752967388,B1+coupling_state
2017-12-20,0,44.47,42.90979126855071,B1+coupling_state
2017-12-20,1,40.1,41.57786164421873,B1+coupling_state
2017-12-20,2,37.83,40.77434715323456,B1+coupling_state
2017-12-20,3,37.27,40.85053265186479,B1+coupling_state
2017-12-20,4,40.85,42.17427545383468,B1+coupling_state
2017-12-20,5,45.79,43.48348000262391,B1+coupling_state
2017-12-20,6,57.35,53.93116351107646,B1+coupling_state
2017-12-20,7,75.98,69.77601075919782,B1+coupling_state
2017-12-20,8,76.7,76.08082946418858,B1+coupling_state
2017-12-20,9,76.69,82.64451225891216,B1+coupling_state
2017-12-20,10,76.61,91.06145011609765,B1+coupling_state
2017-12-20,11,76.56,88.02092638106977,B1+coupling_state
2017-12-20,12,76.35,83.43210739483143,B1+coupling_state
2017-12-20,13,76.03,79.50634270365082,B1+coupling_state
2017-12-20,14,74.89,74.94398664221791,B1+coupling_state
2017-12-20,15,72.05,68.36553376301916,B1+coupling_state
2017-12-20,16,76.06,69.16504828249597,B1+coupling_state
2017-12-20,17,79.3,73.03928425127762,B1+coupling_state
2017-12-20,18,77.26,63.599990650223276,B1+coupling_state
2017-12-20,19,75.96,59.573085443657874,B1+coupling_state
2017-12-20,20,64.16,49.18351006249663,B1+coupling_state
2017-12-20,21,46.03,42.260419579336315,B1+coupling_state
2017-12-20,22,42.01,39.44874004077779,B1+coupling_state
2017-12-20,23,37.63,33.87014210615472,B1+coupling_state
2017-12-21,0,33.09,33.366873204541214,B1+coupling_state
2017-12-21,1,35.26,31.74585398558773,B1+coupling_state
2017-12-21,2,31.88,29.912280263799882,B1+coupling_state
2017-12-21,3,33.04,29.446626842380457,B1+coupling_state
2017-12-21,4,33.6,29.881795866783136,B1+coupling_state
2017-12-21,5,35.05,32.59763771353063,B1+coupling_state
2017-12-21,6,35.19,42.61695847792369,B1+coupling_state
2017-12-21,7,45.94,56.226240775274775,B1+coupling_state
2017-12-21,8,49.9,57.6479344907083,B1+coupling_state
2017-12-21,9,50.0,57.135495079263414,B1+coupling_state
2017-12-21,10,51.03,56.98270846001053,B1+coupling_state
2017-12-21,11,54.48,57.398245745413654,B1+coupling_state
2017-12-21,12,55.96,55.79435251188374,B1+coupling_state
2017-12-21,13,49.99,52.84175048832583,B1+coupling_state
2017-12-21,14,46.15,52.699076274156994,B1+coupling_state
2017-12-21,15,46.86,53.865699250497954,B1+coupling_state
2017-12-21,16,51.93,53.92440858827372,B1+coupling_state
2017-12-21,17,50.95,61.47587480350307,B1+coupling_state
2017-12-21,18,51.03,59.21040964768589,B1+coupling_state
2017-12-21,19,46.02,55.450482135537946,B1+coupling_state
2017-12-21,20,35.83,45.85795149676837,B1+coupling_state
2017-12-21,21,36.26,39.39730065024401,B1+coupling_state
2017-12-21,22,38.72,37.15840441137736,B1+coupling_state
2017-12-21,23,34.84,31.528365328546705,B1+coupling_state
2017-12-22,0,27.76,31.43921085561343,B1+coupling_state
2017-12-22,1,26.45,30.38965427999711,B1+coupling_state
2017-12-22,2,26.2,29.493207383104703,B1+coupling_state
2017-12-22,3,26.36,29.44168389395515,B1+coupling_state
2017-12-22,4,27.59,31.26931936823396,B1+coupling_state
2017-12-22,5,31.93,34.27680066140439,B1+coupling_state
2017-12-22,6,38.61,41.847570420600874,B1+coupling_state
2017-12-22,7,47.52,53.045081572411064,B1+coupling_state
2017-12-22,8,48.0,58.35273169822824,B1+coupling_state
2017-12-22,9,50.0,57.06444616303596,B1+coupling_state
2017-12-22,10,48.99,61.427550578536035,B1+coupling_state
2017-12-22,11,46.55,63.51644741571889,B1+coupling_state
2017-12-22,12,47.86,56.455193595250705,B1+coupling_state
2017-12-22,13,46.96,49.29903237617203,B1+coupling_state
2017-12-22,14,39.0,46.345108778754295,B1+coupling_state
2017-12-22,15,39.37,46.53724513647734,B1+coupling_state
2017-12-22,16,46.06,48.76414179374903,B1+coupling_state
2017-12-22,17,47.34,56.57620128854004,B1+coupling_state
2017-12-22,18,41.5,50.52622337583379,B1+coupling_state
2017-12-22,19,40.66,46.6633545139873,B1+coupling_state
2017-12-22,20,42.91,41.82778111398917,B1+coupling_state
2017-12-22,21,42.06,37.417705996541116,B1+coupling_state
2017-12-22,22,37.4,37.93617324958593,B1+coupling_state
2017-12-22,23,30.62,33.93298201719415,B1+coupling_state
2017-12-23,0,26.33,26.894558403988487,B1+coupling_state
2017-12-23,1,17.72,23.56718479459639,B1+coupling_state
2017-12-23,2,11.8,20.562532067190666,B1+coupling_state
2017-12-23,3,11.3,19.698130580257,B1+coupling_state
2017-12-23,4,12.4,20.25732378235064,B1+coupling_state
2017-12-23,5,8.4,21.607410502810673,B1+coupling_state
2017-12-23,6,9.71,23.009989337291017,B1+coupling_state
2017-12-23,7,10.71,20.16737977781402,B1+coupling_state
2017-12-23,8,14.78,25.082690752543833,B1+coupling_state
2017-12-23,9,18.79,29.184112414345158,B1+coupling_state
2017-12-23,10,20.08,28.93644959306583,B1+coupling_state
2017-12-23,11,14.74,26.695544891583765,B1+coupling_state
2017-12-23,12,14.77,26.003240201197666,B1+coupling_state
2017-12-23,13,10.87,23.263242051166564,B1+coupling_state
2017-12-23,14,5.65,22.087689549875815,B1+coupling_state
2017-12-23,15,10.04,22.67937946788708,B1+coupling_state
2017-12-23,16,12.91,25.97681996779066,B1+coupling_state
2017-12-23,17,22.01,28.176178331191444,B1+coupling_state
2017-12-23,18,18.08,26.381543485267358,B1+coupling_state
2017-12-23,19,10.84,26.071783234951276,B1+coupling_state
2017-12-23,20,0.4,22.66691078856372,B1+coupling_state
2017-12-23,21,-0.03,20.719449014722866,B1+coupling_state
2017-12-23,22,-0.09,19.407429817496542,B1+coupling_state
2017-12-23,23,-12.12,8.397441235154833,B1+coupling_state
2017-12-24,0,-40.84,-13.808649157278268,B1+coupling_state
2017-12-24,1,-43.18,-23.615618735995028,B1+coupling_state
2017-12-24,2,-55.99,-25.14556731631727,B1+coupling_state
2017-12-24,3,-49.99,-18.644735891076095,B1+coupling_state
2017-12-24,4,-40.14,-13.192630748348105,B1+coupling_state
2017-12-24,5,-36.05,-12.240257495345105,B1+coupling_state
2017-12-24,6,-42.93,-13.087992493256138,B1+coupling_state
2017-12-24,7,-9.94,-13.827385965420554,B1+coupling_state
2017-12-24,8,2.13,-6.694281264723365,B1+coupling_state
2017-12-24,9,5.07,9.494518558977322,B1+coupling_state
2017-12-24,10,5.03,14.092753937368396,B1+coupling_state
2017-12-24,11,6.82,16.35511035028878,B1+coupling_state
2017-12-24,12,2.17,15.164165530731285,B1+coupling_state
2017-12-24,13,2.93,9.791844094496078,B1+coupling_state
2017-12-24,14,0.1,4.069465109145018,B1+coupling_state
2017-12-24,15,1.09,4.045330765762298,B1+coupling_state
2017-12-24,16,6.75,9.282784804282059,B1+coupling_state
2017-12-24,17,11.08,16.149369569499058,B1+coupling_state
2017-12-24,18,2.85,15.861232305997163,B1+coupling_state
2017-12-24,19,1.8,10.242592927798963,B1+coupling_state
2017-12-24,20,-4.94,10.303503420952293,B1+coupling_state
2017-12-24,21,-6.74,15.665235629194445,B1+coupling_state
2017-12-24,22,0.08,17.533349283652974,B1+coupling_state
2017-12-24,23,0.06,6.768176012821524,B1+coupling_state
2017-12-25,0,-4.98,-3.099351402970317,B1+coupling_state
2017-12-25,1,-32.58,-9.521691041186767,B1+coupling_state
2017-12-25,2,-19.79,-14.198504323702949,B1+coupling_state
2017-12-25,3,-11.9,-9.98130924049127,B1+coupling_state
2017-12-25,4,-4.96,-8.67979887245686,B1+coupling_state
2017-12-25,5,-4.83,0.32093598820236835,B1+coupling_state
2017-12-25,6,-61.41,2.9598224836984137,B1+coupling_state
2017-12-25,7,-4.97,0.9930083815245467,B1+coupling_state
2017-12-25,8,0.07,2.385003984867474,B1+coupling_state
2017-12-25,9,9.94,13.23806446691384,B1+coupling_state
2017-12-25,10,19.9,18.56151211381864,B1+coupling_state
2017-12-25,11,22.01,18.49982741841231,B1+coupling_state
2017-12-25,12,18.35,16.900895152871882,B1+coupling_state
2017-12-25,13,15.99,16.183833226840058,B1+coupling_state
2017-12-25,14,12.97,18.84700953000204,B1+coupling_state
2017-12-25,15,17.97,21.35614200506,B1+coupling_state
2017-12-25,16,17.99,25.179613806002628,B1+coupling_state
2017-12-25,17,26.45,30.18742566686724,B1+coupling_state
2017-12-25,18,27.41,31.227523304569406,B1+coupling_state
2017-12-25,19,27.59,27.670147574368816,B1+coupling_state
2017-12-25,20,25.64,22.93220019486322,B1+coupling_state
2017-12-25,21,22.09,21.293586007360034,B1+coupling_state
2017-12-25,22,22.17,25.970646638334948,B1+coupling_state
2017-12-25,23,22.0,16.33690690335611,B1+coupling_state
2017-12-26,0,5.06,17.79208788847129,B1+coupling_state
2017-12-26,1,5.06,10.788859181653283,B1+coupling_state
2017-12-26,2,-1.44,5.896462681119647,B1+coupling_state
2017-12-26,3,-6.94,1.0076998127772185,B1+coupling_state
2017-12-26,4,-9.65,-1.7949004368763575,B1+coupling_state
2017-12-26,5,-9.89,1.1790928870515671,B1+coupling_state
2017-12-26,6,-11.88,1.3939384901569838,B1+coupling_state
2017-12-26,7,-3.24,1.4337552563361982,B1+coupling_state
2017-12-26,8,-9.78,-7.111939475563915,B1+coupling_state
2017-12-26,9,0.0,-2.1261432983772437,B1+coupling_state
2017-12-26,10,-24.33,-1.8188777989421894,B1+coupling_state
2017-12-26,11,-31.69,-2.1459025265069442,B1+coupling_state
2017-12-26,12,-52.82,-2.9170443798678463,B1+coupling_state
2017-12-26,13,-53.42,-2.2530035048946857,B1+coupling_state
2017-12-26,14,-18.0,2.1970719698332637,B1+coupling_state
2017-12-26,15,-0.48,13.394227337028443,B1+coupling_state
2017-12-26,16,5.49,20.319245044113558,B1+coupling_state
2017-12-26,17,10.66,24.73709092874165,B1+coupling_state
2017-12-26,18,13.35,27.082501221498774,B1+coupling_state
2017-12-26,19,11.19,26.2242199392763,B1+coupling_state
2017-12-26,20,19.0,26.033301533831924,B1+coupling_state
2017-12-26,21,18.06,22.78655803603012,B1+coupling_state
2017-12-26,22,22.02,21.375249205383874,B1+coupling_state
2017-12-26,23,13.46,18.68678536288602,B1+coupling_state
2017-12-27,0,25.37,17.742671182426307,B1+coupling_state
2017-12-27,1,15.09,13.769842362545983,B1+coupling_state
2017-12-27,2,13.93,12.961662451834105,B1+coupling_state
2017-12-27,3,13.48,11.600630917768033,B1+coupling_state
2017-12-27,4,12.74,11.913750493772344,B1+coupling_state
2017-12-27,5,13.29,17.47365282541468,B1+coupling_state
2017-12-27,6,20.03,23.713151558603272,B1+coupling_state
2017-12-27,7,28.62,25.025435971391268,B1+coupling_state
2017-12-27,8,32.0,26.476948111763647,B1+coupling_state
2017-12-27,9,34.91,28.119653344753132,B1+coupling_state
2017-12-27,10,35.3,27.60677257630111,B1+coupling_state
2017-12-27,11,42.46,30.391738450142604,B1+coupling_state
2017-12-27,12,46.11,29.4157638135271,B1+coupling_state
2017-12-27,13,46.01,30.335824412562477,B1+coupling_state
2017-12-27,14,46.4,31.60166360492387,B1+coupling_state
2017-12-27,15,46.48,32.80202155455745,B1+coupling_state
2017-12-27,16,50.9,35.15370174503273,B1+coupling_state
2017-12-27,17,56.09,40.03961321320608,B1+coupling_state
2017-12-27,18,57.57,40.86691746663966,B1+coupling_state
2017-12-27,19,51.33,40.01978460167992,B1+coupling_state
2017-12-27,20,42.4,34.7030069277358,B1+coupling_state
2017-12-27,21,40.0,31.68111117613223,B1+coupling_state
2017-12-27,22,42.24,32.22045633026105,B1+coupling_state
2017-12-27,23,31.27,23.156490336831077,B1+coupling_state
2017-12-28,0,28.87,30.97784281316638,B1+coupling_state
2017-12-28,1,28.12,28.516044737682954,B1+coupling_state
2017-12-28,2,27.2,27.047747526550886,B1+coupling_state
2017-12-28,3,26.0,24.794967751218838,B1+coupling_state
2017-12-28,4,26.33,24.23765458294142,B1+coupling_state
2017-12-28,5,28.89,26.431935840991525,B1+coupling_state
2017-12-28,6,30.74,28.659215244056497,B1+coupling_state
2017-12-28,7,35.98,35.09460710550716,B1+coupling_state
2017-12-28,8,38.43,37.09769777026626,B1+coupling_state
2017-12-28,9,39.93,37.54753891605734,B1+coupling_state
2017-12-28,10,40.12,38.12332789015837,B1+coupling_state
2017-12-28,11,39.97,37.77166892073737,B1+coupling_state
2017-12-28,12,40.16,34.6515001852186,B1+coupling_state
2017-12-28,13,39.24,31.862104321332062,B1+coupling_state
2017-12-28,14,36.42,31.167646870493712,B1+coupling_state
2017-12-28,15,40.03,32.287341786486806,B1+coupling_state
2017-12-28,16,42.98,33.36723004817895,B1+coupling_state
2017-12-28,17,43.01,39.22477366620118,B1+coupling_state
2017-12-28,18,42.16,38.64165764859403,B1+coupling_state
2017-12-28,19,34.93,32.64443729913516,B1+coupling_state
2017-12-28,20,25.06,26.050925335115203,B1+coupling_state
2017-12-28,21,19.99,26.635644749606058,B1+coupling_state
2017-12-28,22,19.22,24.395030446552923,B1+coupling_state
2017-12-28,23,5.86,20.79714461894023,B1+coupling_state
2017-12-29,0,9.73,9.2756778672934,B1+coupling_state
2017-12-29,1,0.72,7.534847768508929,B1+coupling_state
2017-12-29,2,-0.93,3.97736414475569,B1+coupling_state
2017-12-29,3,1.07,5.474836142347403,B1+coupling_state
2017-12-29,4,1.0,9.226756366133724,B1+coupling_state
2017-12-29,5,2.91,13.50818472555125,B1+coupling_state
2017-12-29,6,3.6,19.670923110603262,B1+coupling_state
2017-12-29,7,15.97,26.61906719680687,B1+coupling_state
2017-12-29,8,29.69,31.935110846933874,B1+coupling_state
2017-12-29,9,30.2,32.51143084921863,B1+coupling_state
2017-12-29,10,29.83,31.63184113494871,B1+coupling_state
2017-12-29,11,29.47,31.571131729976216,B1+coupling_state
2017-12-29,12,29.2,29.334564840706776,B1+coupling_state
2017-12-29,13,29.45,29.4925905333514,B1+coupling_state
2017-12-29,14,30.02,31.069909962360455,B1+coupling_state
2017-12-29,15,31.0,33.60028351692096,B1+coupling_state
2017-12-29,16,32.98,36.6406045356033,B1+coupling_state
2017-12-29,17,34.95,43.35121231897226,B1+coupling_state
2017-12-29,18,32.79,39.37745017390957,B1+coupling_state
2017-12-29,19,30.23,33.17427747364165,B1+coupling_state
2017-12-29,20,28.49,28.095595360122253,B1+coupling_state
2017-12-29,21,26.51,27.429199528178835,B1+coupling_state
2017-12-29,22,26.9,27.252673905166844,B1+coupling_state
2017-12-29,23,15.06,23.24982663568577,B1+coupling_state
2017-12-30,0,16.4,16.61413942980645,B1+coupling_state
2017-12-30,1,13.33,13.352779295971972,B1+coupling_state
2017-12-30,2,13.25,10.117049324312063,B1+coupling_state
2017-12-30,3,12.04,9.393077728875152,B1+coupling_state
2017-12-30,4,11.45,9.01281024570532,B1+coupling_state
2017-12-30,5,8.49,11.347673314864263,B1+coupling_state
2017-12-30,6,9.83,5.499604563639014,B1+coupling_state
2017-12-30,7,12.07,10.808824000559639,B1+coupling_state
2017-12-30,8,13.41,17.573929877862888,B1+coupling_state
2017-12-30,9,16.09,25.507583887020797,B1+coupling_state
2017-12-30,10,18.8,27.439570924578483,B1+coupling_state
2017-12-30,11,17.03,26.440800186054858,B1+coupling_state
2017-12-30,12,17.67,24.420139354880376,B1+coupling_state
2017-12-30,13,15.51,21.94920511009815,B1+coupling_state
2017-12-30,14,17.61,18.612129264463046,B1+coupling_state
2017-12-30,15,13.22,15.632822900858319,B1+coupling_state
2017-12-30,16,14.02,17.876930464918917,B1+coupling_state
2017-12-30,17,16.78,21.609534782513578,B1+coupling_state
2017-12-30,18,16.01,17.625970102086832,B1+coupling_state
2017-12-30,19,16.18,7.550421243379631,B1+coupling_state
2017-12-30,20,11.13,0.5819136438057271,B1+coupling_state
2017-12-30,21,4.62,0.2781735033854744,B1+coupling_state
2017-12-30,22,4.71,4.234768172710915,B1+coupling_state
2017-12-30,23,-0.27,-1.8590641675184187,B1+coupling_state
2017-12-31,0,-2.04,-14.000790331994562,B1+coupling_state
2017-12-31,1,-4.99,-18.019831048019732,B1+coupling_state
2017-12-31,2,-0.59,-14.82001698764438,B1+coupling_state
2017-12-31,3,-3.71,-9.479484467498281,B1+coupling_state
2017-12-31,4,0.08,-4.611706360700158,B1+coupling_state
2017-12-31,5,1.16,-4.203154658087435,B1+coupling_state
2017-12-31,6,-0.86,-6.715711709805408,B1+coupling_state
2017-12-31,7,4.09,-7.790230898064223,B1+coupling_state
2017-12-31,8,4.17,1.4756317333773978,B1+coupling_state
2017-12-31,9,4.21,8.595399223282708,B1+coupling_state
2017-12-31,10,9.05,9.224013509206902,B1+coupling_state
2017-12-31,11,9.2,8.489799277645652,B1+coupling_state
2017-12-31,12,4.45,1.2263419708580763,B1+coupling_state
2017-12-31,13,2.04,-8.419656018822948,B1+coupling_state
2017-12-31,14,0.06,-10.657101473650432,B1+coupling_state
2017-12-31,15,0.36,-10.694361445858284,B1+coupling_state
2017-12-31,16,1.46,-2.0616099220258732,B1+coupling_state
2017-12-31,17,6.14,7.352696259588583,B1+coupling_state
2017-12-31,18,9.96,11.424651819759447,B1+coupling_state
2017-12-31,19,7.92,10.47492669515664,B1+coupling_state
2017-12-31,20,4.06,5.092428171480684,B1+coupling_state
2017-12-31,21,5.3,7.582635436695444,B1+coupling_state
2017-12-31,22,1.86,12.731416024636022,B1+coupling_state
2017-12-31,23,-0.92,3.9591076915523296,B1+coupling_state
