origin,hour,y_true,y_pred,model
2017-10-13,0,30.53,27.478315299523974,B1+coupling_split
2017-10-13,1,29.38,25.51809275461374,B1+coupling_split
2017-10-13,2,28.34,25.13729030417808,B1+coupling_split
2017-10-13,3,28.46,24.841328281007648,B1+coupling_split
2017-10-13,4,29.03,25.648634978074472,B1+coupling_split
2017-10-13,5,31.47,28.99983236103772,B1+coupling_split
2017-10-13,6,43.08,38.76066255146324,B1+coupling_split
2017-10-13,7,59.93,48.22221170497289,B1+coupling_split
2017-10-13,8,64.82,50.34139372269585,B1+coupling_split
2017-10-13,9,50.81,47.07245216813421,B1+coupling_split
2017-10-13,10,46.46,43.42623633466384,B1+coupling_split
2017-10-13,11,44.4,38.435643061102375,B1+coupling_split
2017-10-13,12,38.03,32.4292339949904,B1+coupling_split
2017-10-13,13,33.49,29.055063991045703,B1+coupling_split
2017-10-13,14,31.29,27.849843341204654,B1+coupling_split
2017-10-13,15,34.72,30.47015265615234,B1+coupling_split
2017-10-13,16,36.99,33.165867763771075,B1+coupling_split
2017-10-13,17,46.45,39.1708874327269,B1+coupling_split
2017-10-13,18,55.9,44.749446918417384,B1+coupling_split
2017-10-13,19,49.9,48.13065061774219,B1+coupling_split
2017-10-13,20,39.27,39.55721367170321,B1+coupling_split
2017-10-13,21,35.21,36.256993902855484,B1+coupling_split
2017-10-13,22,31.66,33.1590189968409,B1+coupling_split
2017-10-13,23,29.63,27.52601033304087,B1+coupling_split
2017-10-14,0,28.0,27.411626509221513,B1+coupling_split
2017-10-14,1,26.99,26.501948442624684,B1+coupling_split
2017-10-14,2,27.41,25.407935915815806,B1+coupling_split
2017-10-14,3,26.4,24.754227694497036,B1+coupling_split
2017-10-14,4,26.17,24.484867386381733,B1+coupling_split
2017-10-14,5,26.1,24.544741109846868,B1+coupling_split
2017-10-14,6,28.0,26.13224015438921,B1+coupling_split
2017-10-14,7,33.99,28.872033643449377,B1+coupling_split
2017-10-14,8,39.42,31.840005551492723,B1+coupling_split
2017-10-14,9,35.95,31.2555979534092,B1+coupling_split
2017-10-14,10,28.04,26.64990736834156,B1+coupling_split
2017-10-14,11,22.86,24.46884189656796,B1+coupling_split
2017-10-14,12,26.07,20.943794037181682,B1+coupling_split
2017-10-14,13,12.67,19.419987257026513,B1+coupling_split
2017-10-14,14,13.31,19.76334792089302,B1+coupling_split
2017-10-14,15,26.42,22.598977681834835,B1+coupling_split
2017-10-14,16,31.44,25.737186388505286,B1+coupling_split
2017-10-14,17,40.02,35.90239199827629,B1+coupling_split
2017-10-14,18,49.71,44.269767489069196,B1+coupling_split
2017-10-14,19,52.51,47.021455459376696,B1+coupling_split
2017-10-14,20,43.97,38.95056792902735,B1+coupling_split
2017-10-14,21,40.03,34.944099992962556,B1+coupling_split
2017-10-14,22,39.07,34.68405395146278,B1+coupling_split
2017-10-14,23,31.43,31.420856150811336,B1+coupling_split
2017-10-15,0,34.26,29.31748446160301,B1+coupling_split
2017-10-15,1,31.56,27.271622146248582,B1+coupling_split
2017-10-15,2,30.41,26.671118869958825,B1+coupling_split
2017-10-15,3,29.27,26.24981639385544,B1+coupling_split
2017-10-15,4,29.04,24.67522099333233,B1+coupling_split
2017-10-15,5,28.91,24.568866238366383,B1+coupling_split
2017-10-15,6,31.18,27.99174325262263,B1+coupling_split
2017-10-15,7,35.9,31.383884706862933,B1+coupling_split
2017-10-15,8,34.22,34.75071459896653,B1+coupling_split
2017-10-15,9,33.24,32.63177906073191,B1+coupling_split
2017-10-15,10,31.58,29.51738351268058,B1+coupling_split
2017-10-15,11,30.97,25.384127963123415,B1+coupling_split
2017-10-15,12,22.77,21.614587067036183,B1+coupling_split
2017-10-15,13,17.07,17.731742856280235,B1+coupling_split
2017-10-15,14,22.44,15.082463153656724,B1+coupling_split
2017-10-15,15,26.63,19.77240323715383,B1+coupling_split
2017-10-15,16,28.03,23.052779127987723,B1+coupling_split
2017-10-15,17,39.38,33.15136757439335,B1+coupling_split
2017-10-15,18,45.05,40.12067935223019,B1+coupling_split
2017-10-15,19,45.04,43.33787811963275,B1+coupling_split
2017-10-15,20,31.75,36.170417902515176,B1+coupling_split
2017-10-15,21,31.73,32.33685564337691,B1+coupling_split
2017-10-15,22,29.09,31.994688855607777,B1+coupling_split
2017-10-15,23,18.4,26.944194661852258,B1+coupling_split
2017-10-16,0,22.99,19.275080110579367,B1+coupling_split
2017-10-16,1,21.26,20.191439580102916,B1+coupling_split
2017-10-16,2,21.86,20.815501163243333,B1+coupling_split
2017-10-16,3,21.79,21.412089992391394,B1+coupling_split
2017-10-16,4,22.93,22.881537251329107,B1+coupling_split
2017-10-16,5,28.9,26.764882813349523,B1+coupling_split
2017-10-16,6,42.0,37.119829998969166,B1+coupling_split
2017-10-16,7,55.34,45.91440655787082,B1+coupling_split
2017-10-16,8,51.65,45.73057602770755,B1+coupling_split
2017-10-16,9,43.12,41.88452855799455,B1+coupling_split
2017-10-16,10,37.3,36.65453111190439,B1+coupling_split
2017-10-16,11,33.16,35.05333376528971,B1+coupling_split
2017-10-16,12,32.26,32.008211837057665,B1+coupling_split
2017-10-16,13,31.68,29.79572730056937,B1+coupling_split
2017-10-16,14,40.56,32.821833690712914,B1+coupling_split
2017-10-16,15,42.5,37.255433183502596,B1+coupling_split
2017-10-16,16,44.62,41.448275956360014,B1+coupling_split
2017-10-16,17,50.9,54.26407870390317,B1+coupling_split
2017-10-16,18,63.47,68.44714077214921,B1+coupling_split
2017-10-16,19,66.73,64.99687857298797,B1+coupling_split
2017-10-16,20,45.95,41.68594791612598,B1+coupling_split
2017-10-16,21,39.05,35.45509369269242,B1+coupling_split
2017-10-16,22,34.07,32.641663240677254,B1+coupling_split
2017-10-16,23,31.11,26.766348786955607,B1+coupling_split
2017-10-17,0,28.95,28.35170523120997,B1+coupling_split
2017-10-17,1,27.02,28.165725921256712,B1+coupling_split
2017-10-17,2,26.99,26.214000789139583,B1+coupling_split
2017-10-17,3,27.04,25.907822380923566,B1+coupling_split
2017-10-17,4,28.06,27.220717228402442,B1+coupling_split
2017-10-17,5,30.57,29.911559146254046,B1+coupling_split
2017-10-17,6,34.99,36.92293422110918,B1+coupling_split
2017-10-17,7,46.16,46.710782007472616,B1+coupling_split
2017-10-17,8,44.97,46.322636378241825,B1+coupling_split
2017-10-17,9,36.95,42.90462629973048,B1+coupling_split
2017-10-17,10,33.46,38.269186073591726,B1+coupling_split
2017-10-17,11,31.34,35.2803970641185,B1+coupling_split
2017-10-17,12,29.24,31.436573508761242,B1+coupling_split
2017-10-17,13,30.22,29.67286297452959,B1+coupling_split
2017-10-17,14,29.72,31.68821418880088,B1+coupling_split
2017-10-17,15,32.8,34.205675966210116,B1+coupling_split
2017-10-17,16,35.47,38.201284178093985,B1+coupling_split
2017-10-17,17,47.92,48.14076955568522,B1+coupling_split
2017-10-17,18,63.36,57.04868575808135,B1+coupling_split
2017-10-17,19,67.92,57.851992297708094,B1+coupling_split
2017-10-17,20,47.38,45.584268083183375,B1+coupling_split
2017-10-17,21,43.61,38.59029033317088,B1+coupling_split
2017-10-17,22,39.99,37.77991598080925,B1+coupling_split
2017-10-17,23,36.79,34.77198329102064,B1+coupling_split
2017-10-18,0,33.22,34.7847908412017,B1+coupling_split
2017-10-18,1,34.02,34.25038518304338,B1+coupling_split
2017-10-18,2,34.02,35.79833445438538,B1+coupling_split
2017-10-18,3,31.89,34.665619038161374,B1+coupling_split
2017-10-18,4,31.81,36.57926573083251,B1+coupling_split
2017-10-18,5,36.03,40.59958061912463,B1+coupling_split
2017-10-18,6,49.87,49.9576450284363,B1+coupling_split
2017-10-18,7,66.0,61.36953005276867,B1+coupling_split
2017-10-18,8,69.94,62.49778744610632,B1+coupling_split
2017-10-18,9,67.91,57.836289328137006,B1+coupling_split
2017-10-18,10,64.42,52.26112007715473,B1+coupling_split
2017-10-18,11,63.08,49.24444703752985,B1+coupling_split
2017-10-18,12,47.93,42.35753336950102,B1+coupling_split
2017-10-18,13,45.97,41.506492091178714,B1+coupling_split
2017-10-18,14,46.07,43.718255856998226,B1+coupling_split
2017-10-18,15,55.84,47.96746459210196,B1+coupling_split
2017-10-18,16,62.65,53.365423123013116,B1+coupling_split
2017-10-18,17,65.66,65.32970162628095,B1+coupling_split
2017-10-18,18,73.41,79.63873399257946,B1+coupling_split
2017-10-18,19,83.02,88.15478097482847,B1+coupling_split
2017-10-18,20,66.84,57.937790631326514,B1+coupling_split
2017-10-18,21,54.27,46.91538586558248,B1+coupling_split
2017-10-18,22,40.45,43.0122113317523,B1+coupling_split
2017-10-18,23,36.94,38.396696657420264,B1+coupling_split
2017-10-19,0,34.28,36.42748670742171,B1+coupling_split
2017-10-19,1,34.26,37.6754931943952,B1+coupling_split
2017-10-19,2,33.59,35.93241338698427,B1+coupling_split
2017-10-19,3,33.74,35.17781956893789,B1+coupling_split
2017-10-19,4,34.0,34.85448380343428,B1+coupling_split
2017-10-19,5,34.89,38.264250593895405,B1+coupling_split
2017-10-19,6,53.71,50.91524541634218,B1+coupling_split
2017-10-19,7,67.66,61.35476471381352,B1+coupling_split
2017-10-19,8,68.54,67.41288435289063,B1+coupling_split
2017-10-19,9,67.82,58.66588540925158,B1+coupling_split
2017-10-19,10,62.07,50.85342080536316,B1+coupling_split
2017-10-19,11,49.97,45.7522822913103,B1+coupling_split
2017-10-19,12,46.57,39.57840831223978,B1+coupling_split
2017-10-19,13,41.55,38.81025230768836,B1+coupling_split
2017-10-19,14,40.53,38.74350368690198,B1+coupling_split
2017-10-19,15,43.63,43.94686126238786,B1+coupling_split
2017-10-19,16,49.91,46.69189189740872,B1+coupling_split
2017-10-19,17,58.01,55.29221131768362,B1+coupling_split
2017-10-19,18,61.27,60.418814584011685,B1+coupling_split
2017-10-19,19,54.3,59.92844721531526,B1+coupling_split
2017-10-19,20,41.55,43.4531131474058,B1+coupling_split
2017-10-19,21,34.6,36.63182688334461,B1+coupling_split
2017-10-19,22,34.87,34.60973179215444,B1+coupling_split
2017-10-19,23,31.04,30.185981384488862,B1+coupling_split
2017-10-20,0,29.62,28.998027027109806,B1+coupling_split
2017-10-20,1,29.02,28.717408079801977,B1+coupling_split
2017-10-20,2,29.06,27.65409373139259,B1+coupling_split
2017-10-20,3,29.88,27.278794467766588,B1+coupling_split
2017-10-20,4,30.0,28.78105831598595,B1+coupling_split
2017-10-20,5,31.01,30.253414339946666,B1+coupling_split
2017-10-20,6,39.91,39.180217116329615,B1+coupling_split
2017-10-20,7,47.05,46.9094175759135,B1+coupling_split
2017-10-20,8,51.28,49.8119308667293,B1+coupling_split
2017-10-20,9,47.0,46.28970656962045,B1+coupling_split
2017-10-20,10,43.14,42.814363691904184,B1+coupling_split
2017-10-20,11,41.28,40.70431732144328,B1+coupling_split
2017-10-20,12,37.59,36.848557223354305,B1+coupling_split
2017-10-20,13,33.06,34.497669430826754,B1+coupling_split
2017-10-20,14,32.89,34.31076688331687,B1+coupling_split
2017-10-20,15,32.61,36.88977096280409,B1+coupling_split
2017-10-20,16,33.04,39.087005944842545,B1+coupling_split
2017-10-20,17,44.61,46.100943861193485,B1+coupling_split
2017-10-20,18,47.86,50.13714394179232,B1+coupling_split
2017-10-20,19,46.94,49.29751981123354,B1+coupling_split
2017-10-20,20,38.98,40.56352999254877,B1+coupling_split
2017-10-20,21,41.84,36.190382472089055,B1+coupling_split
2017-10-20,22,35.86,34.69957340967325,B1+coupling_split
2017-10-20,23,32.74,30.78597538999837,B1+coupling_split
2017-10-21,0,35.0,30.782515491862245,B1+coupling_split
2017-10-21,1,32.52,29.34089878815938,B1+coupling_split
2017-10-21,2,32.05,29.87072888961418,B1+coupling_split
2017-10-21,3,30.84,29.475120750141137,B1+coupling_split
2017-10-21,4,29.35,29.13696886526789,B1+coupling_split
2017-10-21,5,30.3,30.320769245995923,B1+coupling_split
2017-10-21,6,31.16,33.12769417095615,B1+coupling_split
2017-10-21,7,35.88,35.8376503631832,B1+coupling_split
2017-10-21,8,41.91,40.878474344711485,B1+coupling_split
2017-10-21,9,46.07,41.88815653966255,B1+coupling_split
2017-10-21,10,47.71,42.604392300211806,B1+coupling_split
2017-10-21,11,45.98,42.38052113535616,B1+coupling_split
2017-10-21,12,35.0,41.34072772818359,B1+coupling_split
2017-10-21,13,31.02,34.56696599101225,B1+coupling_split
2017-10-21,14,32.09,33.238459767981006,B1+coupling_split
2017-10-21,15,32.0,33.27573425662792,B1+coupling_split
2017-10-21,16,32.09,33.808336904048026,B1+coupling_split
2017-10-21,17,36.56,38.48641592143192,B1+coupling_split
2017-10-21,18,40.2,44.61143285514847,B1+coupling_split
2017-10-21,19,40.71,43.40126098625931,B1+coupling_split
2017-10-21,20,31.75,36.313603915616866,B1+coupling_split
2017-10-21,21,28.59,32.57191830397203,B1+coupling_split
2017-10-21,22,27.5,30.884026725817506,B1+coupling_split
2017-10-21,23,15.48,26.71205579328756,B1+coupling_split
2017-10-22,0,19.1,18.543729042018406,B1+coupling_split
2017-10-22,1,19.03,16.219803452611743,B1+coupling_split
2017-10-22,2,16.9,14.94189818022886,B1+coupling_split
2017-10-22,3,12.98,12.657093449364877,B1+coupling_split
2017-10-22,4,9.24,11.462532096070785,B1+coupling_split
2017-10-22,5,5.23,13.178224787491867,B1+coupling_split
2017-10-22,6,9.86,8.977194513502265,B1+coupling_split
2017-10-22,7,9.85,12.970073324007672,B1+coupling_split
2017-10-22,8,13.04,15.666850766612477,B1+coupling_split
2017-10-22,9,12.9,17.079366829183822,B1+coupling_split
2017-10-22,10,13.09,16.6431869373332,B1+coupling_split
2017-10-22,11,14.3,19.845075727149784,B1+coupling_split
2017-10-22,12,13.58,21.278489321163132,B1+coupling_split
2017-10-22,13,13.44,18.503297627520595,B1+coupling_split
2017-10-22,14,13.5,22.3795264199697,B1+coupling_split
2017-10-22,15,23.39,24.259775750039054,B1+coupling_split
2017-10-22,16,28.65,26.949890583846905,B1+coupling_split
2017-10-22,17,34.45,35.31393781309205,B1+coupling_split
2017-10-22,18,49.9,41.798629253907436,B1+coupling_split
2017-10-22,19,49.97,44.019838268641614,B1+coupling_split
2017-10-22,20,44.92,35.325027421706146,B1+coupling_split
2017-10-22,21,35.88,32.50944607407362,B1+coupling_split
2017-10-22,22,32.24,31.51255799476144,B1+coupling_split
2017-10-22,23,29.05,27.7527977202366,B1+coupling_split
2017-10-23,0,28.61,27.205556947124247,B1+coupling_split
2017-10-23,1,27.86,25.84728534142664,B1+coupling_split
2017-10-23,2,26.43,25.33776284232504,B1+coupling_split
2017-10-23,3,23.07,23.816814603304614,B1+coupling_split
2017-10-23,4,22.22,24.441052659672227,B1+coupling_split
2017-10-23,5,30.33,27.177281507024983,B1+coupling_split
2017-10-23,6,42.36,38.45864526247064,B1+coupling_split
2017-10-23,7,50.21,48.74884270896776,B1+coupling_split
2017-10-23,8,50.0,48.57250352050431,B1+coupling_split
2017-10-23,9,45.39,46.886483747585785,B1+coupling_split
2017-10-23,10,46.02,45.1424847942632,B1+coupling_split
2017-10-23,11,46.1,47.402864920570934,B1+coupling_split
2017-10-23,12,43.16,45.650699278166044,B1+coupling_split
2017-10-23,13,46.34,43.529569842368424,B1+coupling_split
2017-10-23,14,46.74,45.39767205432562,B1+coupling_split
2017-10-23,15,46.01,46.89316535008794,B1+coupling_split
2017-10-23,16,46.08,47.45132099782584,B1+coupling_split
2017-10-23,17,49.66,55.10698715129339,B1+coupling_split
2017-10-23,18,54.2,61.33430265051426,B1+coupling_split
2017-10-23,19,53.91,60.63279328199195,B1+coupling_split
2017-10-23,20,50.12,50.1122559053713,B1+coupling_split
2017-10-23,21,45.48,42.31961139183879,B1+coupling_split
2017-10-23,22,37.7,37.924710190597125,B1+coupling_split
2017-10-23,23,36.0,33.86779294902855,B1+coupling_split
2017-10-24,0,31.68,34.55589524323107,B1+coupling_split
2017-10-24,1,32.41,34.24370104694124,B1+coupling_split
2017-10-24,2,32.09,33.63007505635322,B1+coupling_split
2017-10-24,3,31.67,33.076694445991386,B1+coupling_split
2017-10-24,4,32.07,33.845898031136294,B1+coupling_split
2017-10-24,5,34.3,36.12479802447402,B1+coupling_split
2017-10-24,6,43.56,43.56791438252818,B1+coupling_split
2017-10-24,7,46.59,51.4191246973232,B1+coupling_split
2017-10-24,8,53.91,56.3718772122505,B1+coupling_split
2017-10-24,9,48.42,56.14528140147569,B1+coupling_split
2017-10-24,10,49.08,56.97584503045837,B1+coupling_split
2017-10-24,11,45.39,57.784943509382586,B1+coupling_split
2017-10-24,12,38.58,50.74258119906216,B1+coupling_split
2017-10-24,13,38.23,48.25820152776493,B1+coupling_split
2017-10-24,14,36.99,45.55018117128167,B1+coupling_split
2017-10-24,15,36.99,44.63123681540632,B1+coupling_split
2017-10-24,16,36.1,43.05004632251672,B1+coupling_split
2017-10-24,17,39.68,46.14170705008666,B1+coupling_split
2017-10-24,18,44.9,50.26459161806265,B1+coupling_split
2017-10-24,19,39.56,47.177054624024194,B1+coupling_split
2017-10-24,20,33.0,39.12318621292555,B1+coupling_split
2017-10-24,21,32.6,33.361795433428235,B1+coupling_split
2017-10-24,22,30.18,29.3444598177066,B1+coupling_split
2017-10-24,23,27.02,24.90590949621352,B1+coupling_split
2017-10-25,0,15.78,25.466395777183926,B1+coupling_split
2017-10-25,1,15.05,24.02446189142381,B1+coupling_split
2017-10-25,2,12.79,23.814566360357542,B1+coupling_split
2017-10-25,3,13.99,23.735742799203276,B1+coupling_split
2017-10-25,4,17.03,25.42947770829794,B1+coupling_split
2017-10-25,5,26.35,27.826460195775276,B1+coupling_split
2017-10-25,6,34.67,34.84571969641062,B1+coupling_split
2017-10-25,7,44.84,41.50325898644034,B1+coupling_split
2017-10-25,8,45.0,43.89054317307441,B1+coupling_split
2017-10-25,9,43.94,40.211354237115536,B1+coupling_split
2017-10-25,10,37.11,37.464507977143306,B1+coupling_split
2017-10-25,11,31.57,35.890375119262565,B1+coupling_split
2017-10-25,12,29.79,31.2333802729845,B1+coupling_split
2017-10-25,13,29.66,29.149545209678088,B1+coupling_split
2017-10-25,14,30.0,29.65558774257013,B1+coupling_split
2017-10-25,15,31.05,32.40253321047889,B1+coupling_split
2017-10-25,16,34.03,34.11335499249708,B1+coupling_split
2017-10-25,17,44.74,42.53209045058355,B1+coupling_split
2017-10-25,18,50.56,49.0665930113085,B1+coupling_split
2017-10-25,19,56.85,50.41886371064426,B1+coupling_split
2017-10-25,20,46.19,41.38755513512305,B1+coupling_split
2017-10-25,21,45.92,37.43561676143282,B1+coupling_split
2017-10-25,22,40.58,35.52850021090688,B1+coupling_split
2017-10-25,23,33.09,32.01341931367689,B1+coupling_split
2017-10-26,0,31.67,30.490931259612324,B1+coupling_split
2017-10-26,1,32.18,28.535527451561027,B1+coupling_split
2017-10-26,2,32.21,27.935232265097955,B1+coupling_split
2017-10-26,3,32.25,27.969387688144426,B1+coupling_split
2017-10-26,4,32.25,29.37720510039818,B1+coupling_split
2017-10-26,5,35.36,32.83051894109092,B1+coupling_split
2017-10-26,6,45.25,44.11076403754018,B1+coupling_split
2017-10-26,7,55.93,53.81916165602341,B1+coupling_split
2017-10-26,8,56.93,57.572973715747516,B1+coupling_split
2017-10-26,9,51.9,55.716659462394134,B1+coupling_split
2017-10-26,10,46.01,51.483518012887025,B1+coupling_split
2017-10-26,11,43.25,45.746297879148926,B1+coupling_split
2017-10-26,12,38.3,37.95795695625159,B1+coupling_split
2017-10-26,13,32.38,35.93522987728501,B1+coupling_split
2017-10-26,14,33.07,34.87402722895167,B1+coupling_split
2017-10-26,15,36.97,37.94728486730593,B1+coupling_split
2017-10-26,16,45.42,40.6534113113744,B1+coupling_split
2017-10-26,17,48.91,46.7042317366686,B1+coupling_split
2017-10-26,18,50.03,51.98395463506743,B1+coupling_split
2017-10-26,19,50.93,50.22708421062532,B1+coupling_split
2017-10-26,20,40.99,41.44018218745539,B1+coupling_split
2017-10-26,21,34.97,36.60038398434278,B1+coupling_split
2017-10-26,22,32.34,33.253055317082776,B1+coupling_split
2017-10-26,23,30.92,27.929542015140843,B1+coupling_split
2017-10-27,0,22.48,26.883404401161457,B1+coupling_split
2017-10-27,1,21.71,25.158192330071625,B1+coupling_split
2017-10-27,2,12.9,23.75002679921087,B1+coupling_split
2017-10-27,3,12.81,22.46231286053115,B1+coupling_split
2017-10-27,4,19.04,23.045841563189867,B1+coupling_split
2017-10-27,5,24.01,25.81563106152103,B1+coupling_split
2017-10-27,6,32.0,32.30515724670183,B1+coupling_split
2017-10-27,7,36.79,39.159461759872364,B1+coupling_split
2017-10-27,8,38.91,40.8528235076506,B1+coupling_split
2017-10-27,9,38.69,39.230490725390155,B1+coupling_split
2017-10-27,10,38.36,35.499083504257264,B1+coupling_split
2017-10-27,11,33.52,31.610454408433608,B1+coupling_split
2017-10-27,12,28.51,26.789042590342216,B1+coupling_split
2017-10-27,13,25.97,23.941674640131893,B1+coupling_split
2017-10-27,14,27.09,24.184359181003686,B1+coupling_split
2017-10-27,15,26.99,27.629665678003285,B1+coupling_split
2017-10-27,16,30.01,31.377158227345245,B1+coupling_split
2017-10-27,17,37.8,38.25597621727647,B1+coupling_split
2017-10-27,18,44.93,44.851295377513786,B1+coupling_split
2017-10-27,19,46.93,44.58979874347671,B1+coupling_split
2017-10-27,20,44.18,37.921797767088705,B1+coupling_split
2017-10-27,21,35.99,34.370656585040784,B1+coupling_split
2017-10-27,22,32.04,31.446673414509178,B1+coupling_split
2017-10-27,23,19.17,29.024369107055104,B1+coupling_split
2017-10-28,0,16.04,18.826386055335178,B1+coupling_split
2017-10-28,1,9.41,16.08039503932141,B1+coupling_split
2017-10-28,2,0.03,14.340649568181037,B1+coupling_split
2017-10-28,3,-9.69,12.889329160204843,B1+coupling_split
2017-10-28,4,-13.02,12.817392835376703,B1+coupling_split
2017-10-28,5,-15.01,15.749371087042038,B1+coupling_split
2017-10-28,6,-9.6,19.599729050955226,B1+coupling_split
2017-10-28,7,0.12,22.53109556450614,B1+coupling_split
2017-10-28,8,0.12,29.09302192853611,B1+coupling_split
2017-10-28,9,5.41,28.11138484904717,B1+coupling_split
2017-10-28,10,0.27,23.495441751268565,B1+coupling_split
2017-10-28,11,0.11,21.910299526304975,B1+coupling_split
2017-10-28,12,-0.1,18.033955881627406,B1+coupling_split
2017-10-28,13,-13.38,12.708261586985117,B1+coupling_split
2017-10-28,14,-31.42,13.361956999103974,B1+coupling_split
2017-10-28,15,-17.03,15.50439087641153,B1+coupling_split
2017-10-28,16,-4.02,19.725743795781707,B1+coupling_split
2017-10-28,17,0.08,23.4165601702989,B1+coupling_split
2017-10-28,18,7.56,26.510084351587622,B1+coupling_split
2017-10-28,19,8.89,27.444342332420543,B1+coupling_split
2017-10-28,20,0.23,21.6111739696851,B1+coupling_split
2017-10-28,21,-38.19,17.623800361620187,B1+coupling_split
2017-10-28,22,-49.98,2.967684579151122,B1+coupling_split
2017-10-28,23,-70.09,-6.6856269359553515,B1+coupling_split
2017-10-29,0,-79.94,-58.564361399922404,B1+coupling_split
2017-10-29,1,-83.0,-87.50890006498872,B1+coupling_split
2017-10-29,2,-83.03,-94.17007417400465,B1+coupling_split
2017-10-29,3,-83.03,-81.9835092837796,B1+coupling_split
2017-10-29,4,-83.04,-71.74939211824397,B1+coupling_split
2017-10-29,5,-83.02,-51.74637658040065,B1+coupling_split
2017-10-29,6,-83.01,-14.866650769764554,B1+coupling_split
2017-10-29,7,-80.0,-29.9456688716662,B1+coupling_split
2017-10-29,8,-79.96,-30.79696291529961,B1+coupling_split
2017-10-29,9,-76.02,-26.350477999517963,B1+coupling_split
2017-10-29,10,-67.08,-15.2094102997754,B1+coupling_split
2017-10-29,11,-81.95,-14.849154132987891,B1+coupling_split
2017-10-29,12,-67.07,-18.170883380813635,B1+coupling_split
2017-10-29,13,-80.07,-24.436489611557047,B1+coupling_split
2017-10-29,14,-79.95,-22.53880911976242,B1+coupling_split
2017-10-29,15,-76.06,-5.122067941126307,B1+coupling_split
2017-10-29,16,-0.92,3.163761626722099,B1+coupling_split
2017-10-29,17,8.51,17.81728888344337,B1+coupling_split
2017-10-29,18,27.62,32.61563914547718,B1+coupling_split
2017-10-29,19,29.77,33.51226259270529,B1+coupling_split
2017-10-29,20,22.06,28.028958376684425,B1+coupling_split
2017-10-29,21,17.0,22.143752018017906,B1+coupling_split
2017-10-29,22,12.44,25.141951993902676,B1+coupling_split
2017-10-29,23,-70.05,18.4037869443997,B1+coupling_split
2017-10-30,0,0.75,-23.246379204809045,B1+coupling_split
2017-10-30,1,0.01,-30.67738035972784,B1+coupling_split
2017-10-30,2,0.08,-31.610889029855862,B1+coupling_split
2017-10-30,3,4.05,-29.454575866494537,B1+coupling_split
2017-10-30,4,2.95,-14.532157950993376,B1+coupling_split
2017-10-30,5,18.09,3.726518988232648,B1+coupling_split
2017-10-30,6,28.42,23.227963600757803,B1+coupling_split
2017-10-30,7,36.43,31.524518123410047,B1+coupling_split
2017-10-30,8,33.48,32.38524404649325,B1+coupling_split
2017-10-30,9,30.38,26.2285391151257,B1+coupling_split
2017-10-30,10,29.74,20.345479649585883,B1+coupling_split
2017-10-30,11,29.46,19.035308264165103,B1+coupling_split
2017-10-30,12,29.7,14.546344739444375,B1+coupling_split
2017-10-30,13,29.98,14.196219201776751,B1+coupling_split
2017-10-30,14,36.36,19.099820370104524,B1+coupling_split
2017-10-30,15,43.99,24.290932277642618,B1+coupling_split
2017-10-30,16,46.34,28.099666113690017,B1+coupling_split
2017-10-30,17,61.0,38.09108044980164,B1+coupling_split
2017-10-30,18,70.09,44.441830231930886,B1+coupling_split
2017-10-30,19,51.98,43.77788773793845,B1+coupling_split
2017-10-30,20,48.13,37.679072648472705,B1+coupling_split
2017-10-30,21,47.18,32.845252363248946,B1+coupling_split
2017-10-30,22,46.05,28.381046563076257,B1+coupling_split
2017-10-30,23,41.97,22.166348703813526,B1+coupling_split
2017-10-31,0,30.08,37.3495010728674,B1+coupling_split
2017-10-31,1,30.89,35.98062381025559,B1+coupling_split
2017-10-31,2,30.01,34.46165243493152,B1+coupling_split
2017-10-31,3,29.09,34.2752815477041,B1+coupling_split
2017-10-31,4,30.29,35.693526509718886,B1+coupling_split
2017-10-31,5,32.24,34.57499412896897,B1+coupling_split
2017-10-31,6,38.94,39.30409330898296,B1+coupling_split
2017-10-31,7,37.9,43.97642959473247,B1+coupling_split
2017-10-31,8,41.09,45.77933709911717,B1+coupling_split
2017-10-31,9,39.92,41.56739674716031,B1+coupling_split
2017-10-31,10,37.98,39.34444281549135,B1+coupling_split
2017-10-31,11,39.97,37.94517088080368,B1+coupling_split
2017-10-31,12,36.95,37.60858468597896,B1+coupling_split
2017-10-31,13,34.14,36.25820984984277,B1+coupling_split
2017-10-31,14,35.65,37.62630285725375,B1+coupling_split
2017-10-31,15,38.99,40.21580172878233,B1+coupling_split
2017-10-31,16,42.45,40.13716780013151,B1+coupling_split
2017-10-31,17,46.92,47.042282040951015,B1+coupling_split
2017-10-31,18,47.36,50.66972707101678,B1+coupling_split
2017-10-31,19,44.31,46.04657317774403,B1+coupling_split
2017-10-31,20,39.0,39.37272967914036,B1+coupling_split
2017-10-31,21,37.1,34.931278770390904,B1+coupling_split
2017-10-31,22,34.98,33.120687448094685,B1+coupling_split
2017-10-31,23,30.82,28.913856094964473,B1+coupling_split
2017-11-01,0,26.91,27.13049288803718,B1+coupling_split
2017-11-01,1,23.06,25.18394586912846,B1+coupling_split
2017-11-01,2,22.27,23.964371397324445,B1+coupling_split
2017-11-01,3,22.97,22.71167005937264,B1+coupling_split
2017-11-01,4,26.66,23.570811378988616,B1+coupling_split
2017-11-01,5,27.03,25.9568982264326,B1+coupling_split
2017-11-01,6,29.07,27.99807183871938,B1+coupling_split
2017-11-01,7,31.0,31.39633471555851,B1+coupling_split
2017-11-01,8,36.06,32.63340098094638,B1+coupling_split
2017-11-01,9,35.16,33.52203827655646,B1+coupling_split
2017-11-01,10,32.37,31.025279965352624,B1+coupling_split
2017-11-01,11,33.08,31.254340281120026,B1+coupling_split
2017-11-01,12,29.79,26.84135518675541,B1+coupling_split
2017-11-01,13,29.06,26.76667263709567,B1+coupling_split
2017-11-01,14,29.18,28.265563052521312,B1+coupling_split
2017-11-01,15,30.01,31.286211105282817,B1+coupling_split
2017-11-01,16,36.93,34.41335580384356,B1+coupling_split
2017-11-01,17,42.49,41.259395409420776,B1+coupling_split
2017-11-01,18,43.93,42.95571208148104,B1+coupling_split
2017-11-01,19,41.97,39.24077095705169,B1+coupling_split
2017-11-01,20,36.52,33.80046971198479,B1+coupling_split
2017-11-01,21,30.07,32.68467837161628,B1+coupling_split
2017-11-01,22,27.02,30.63436204938711,B1+coupling_split
2017-11-01,23,18.97,24.12440864826352,B1+coupling_split
2017-11-02,0,20.18,21.15856947721234,B1+coupling_split
2017-11-02,1,12.62,18.85623468487376,B1+coupling_split
2017-11-02,2,12.61,16.21099184162287,B1+coupling_split
2017-11-02,3,10.96,15.882880443243558,B1+coupling_split
2017-11-02,4,14.04,17.45505542146935,B1+coupling_split
2017-11-02,5,25.97,22.50858465922431,B1+coupling_split
2017-11-02,6,35.05,33.17324993865363,B1+coupling_split
2017-11-02,7,45.9,42.64844235468403,B1+coupling_split
2017-11-02,8,43.83,43.27650548194894,B1+coupling_split
2017-11-02,9,35.59,39.57218402877069,B1+coupling_split
2017-11-02,10,32.33,35.437588393510275,B1+coupling_split
2017-11-02,11,32.36,32.36312991362283,B1+coupling_split
2017-11-02,12,31.32,31.636609000174865,B1+coupling_split
2017-11-02,13,32.49,31.995682583597876,B1+coupling_split
2017-11-02,14,33.94,33.56446213823428,B1+coupling_split
2017-11-02,15,39.1,38.24856805568817,B1+coupling_split
2017-11-02,16,45.95,43.725922014921494,B1+coupling_split
2017-11-02,17,51.91,60.48865241734188,B1+coupling_split
2017-11-02,18,51.92,61.227637093744335,B1+coupling_split
2017-11-02,19,50.07,55.91631999287014,B1+coupling_split
2017-11-02,20,46.01,48.151419484014454,B1+coupling_split
2017-11-02,21,42.06,40.86078173617923,B1+coupling_split
2017-11-02,22,36.12,38.92681701561801,B1+coupling_split
2017-11-02,23,35.45,34.27536078946094,B1+coupling_split
2017-11-03,0,36.07,35.10793753745129,B1+coupling_split
2017-11-03,1,36.09,33.72913435603229,B1+coupling_split
2017-11-03,2,36.13,33.60056561238077,B1+coupling_split
2017-11-03,3,36.09,33.49479350233475,B1+coupling_split
2017-11-03,4,38.24,35.57013651251868,B1+coupling_split
2017-11-03,5,40.66,38.129160586894955,B1+coupling_split
2017-11-03,6,52.97,47.95015089397699,B1+coupling_split
2017-11-03,7,61.74,57.311973802395826,B1+coupling_split
2017-11-03,8,65.8,60.98289048212695,B1+coupling_split
2017-11-03,9,62.18,59.45265676460644,B1+coupling_split
2017-11-03,10,58.69,59.55460934090912,B1+coupling_split
2017-11-03,11,58.67,54.17460963258127,B1+coupling_split
2017-11-03,12,54.55,51.08190182941583,B1+coupling_split
2017-11-03,13,51.5,49.05337653004652,B1+coupling_split
2017-11-03,14,51.17,50.084437696063546,B1+coupling_split
2017-11-03,15,56.64,53.60455510162352,B1+coupling_split
2017-11-03,16,60.88,56.96391674997014,B1+coupling_split
2017-11-03,17,66.0,63.13468823481056,B1+coupling_split
2017-11-03,18,68.68,61.46714291593733,B1+coupling_split
2017-11-03,19,58.63,53.44762787443898,B1+coupling_split
2017-11-03,20,49.01,45.056684022432876,B1+coupling_split
2017-11-03,21,39.01,40.30718210630596,B1+coupling_split
2017-11-03,22,36.11,37.77744612902562,B1+coupling_split
2017-11-03,23,34.97,34.08827695613145,B1+coupling_split
2017-11-04,0,36.16,31.156117611584143,B1+coupling_split
2017-11-04,1,35.06,30.743010312969467,B1+coupling_split
2017-11-04,2,34.42,30.985136766703917,B1+coupling_split
2017-11-04,3,33.61,29.91130281047579,B1+coupling_split
2017-11-04,4,33.4,30.2386025835677,B1+coupling_split
2017-11-04,5,33.22,31.113455047720294,B1+coupling_split
2017-11-04,6,33.73,32.14209795461559,B1+coupling_split
2017-11-04,7,37.63,36.49284924492485,B1+coupling_split
2017-11-04,8,42.99,38.81821845294384,B1+coupling_split
2017-11-04,9,40.39,39.1999800545602,B1+coupling_split
2017-11-04,10,39.84,36.32241028274967,B1+coupling_split
2017-11-04,11,37.02,35.85746823900939,B1+coupling_split
2017-11-04,12,36.1,32.55274852528621,B1+coupling_split
2017-11-04,13,34.33,29.870798036455735,B1+coupling_split
2017-11-04,14,34.34,28.644786268053256,B1+coupling_split
2017-11-04,15,35.04,31.055497476493223,B1+coupling_split
2017-11-04,16,37.03,33.151522212898676,B1+coupling_split
2017-11-04,17,43.94,38.37573109324627,B1+coupling_split
2017-11-04,18,35.51,39.43770867604915,B1+coupling_split
2017-11-04,19,32.25,34.948694751867706,B1+coupling_split
2017-11-04,20,28.83,30.0000051547711,B1+coupling_split
2017-11-04,21,26.77,25.596507420558034,B1+coupling_split
2017-11-04,22,26.53,27.05781019440205,B1+coupling_split
2017-11-04,23,20.65,23.941032128134687,B1+coupling_split
2017-11-05,0,13.2,18.2206130366951,B1+coupling_split
2017-11-05,1,13.2,19.251606643305262,B1+coupling_split
2017-11-05,2,14.64,19.78175848610421,B1+coupling_split
2017-11-05,3,11.68,19.551206189381563,B1+coupling_split
2017-11-05,4,13.93,20.886551948160307,B1+coupling_split
2017-11-05,5,20.01,22.29001630523866,B1+coupling_split
2017-11-05,6,21.87,22.282561724359084,B1+coupling_split
2017-11-05,7,24.6,23.19520869386033,B1+coupling_split
2017-11-05,8,31.47,27.022492091298364,B1+coupling_split
2017-11-05,9,33.92,28.81809272028031,B1+coupling_split
2017-11-05,10,36.54,30.385223851244838,B1+coupling_split
2017-11-05,11,38.9,32.76083923976933,B1+coupling_split
2017-11-05,12,36.11,30.790753069907524,B1+coupling_split
2017-11-05,13,36.2,27.446125339840563,B1+coupling_split
2017-11-05,14,33.78,26.159364338197303,B1+coupling_split
2017-11-05,15,33.96,27.916741075423214,B1+coupling_split
2017-11-05,16,35.0,30.804843338092653,B1+coupling_split
2017-11-05,17,41.82,36.349609485397906,B1+coupling_split
2017-11-05,18,41.74,39.87995547346515,B1+coupling_split
2017-11-05,19,42.82,39.32654469005704,B1+coupling_split
2017-11-05,20,40.91,34.69758182632474,B1+coupling_split
2017-11-05,21,39.59,31.2723445068651,B1+coupling_split
2017-11-05,22,38.87,30.91404543736498,B1+coupling_split
2017-11-05,23,35.0,26.509778630192066,B1+coupling_split
2017-11-06,0,31.74,31.13257338060242,B1+coupling_split
2017-11-06,1,33.73,30.31041716585907,B1+coupling_split
2017-11-06,2,33.02,29.734712984779854,B1+coupling_split
2017-11-06,3,27.61,28.936189373250127,B1+coupling_split
2017-11-06,4,28.1,28.71089159670994,B1+coupling_split
2017-11-06,5,32.99,32.325922211203306,B1+coupling_split
2017-11-06,6,44.83,46.48510870841359,B1+coupling_split
2017-11-06,7,54.96,59.057289329925936,B1+coupling_split
2017-11-06,8,60.38,58.44329295437769,B1+coupling_split
2017-11-06,9,55.38,57.4086297936738,B1+coupling_split
2017-11-06,10,54.95,56.681718700137864,B1+coupling_split
2017-11-06,11,54.97,57.75093808909872,B1+coupling_split
2017-11-06,12,54.93,58.13799985019968,B1+coupling_split
2017-11-06,13,55.91,62.962874577671016,B1+coupling_split
2017-11-06,14,55.93,67.93565699319711,B1+coupling_split
2017-11-06,15,57.85,75.72175316438897,B1+coupling_split
2017-11-06,16,62.56,76.91670830425709,B1+coupling_split
2017-11-06,17,78.28,83.90829523738122,B1+coupling_split
2017-11-06,18,89.93,83.31014170434194,B1+coupling_split
2017-11-06,19,74.51,75.23438592792169,B1+coupling_split
2017-11-06,20,55.02,58.124296013851406,B1+coupling_split
2017-11-06,21,50.61,48.02409583445333,B1+coupling_split
2017-11-06,22,39.11,42.67996700555157,B1+coupling_split
2017-11-06,23,37.1,37.11494485757851,B1+coupling_split
2017-11-07,0,36.63,37.985263197449854,B1+coupling_split
2017-11-07,1,35.05,37.78846362481237,B1+coupling_split
2017-11-07,2,36.87,35.7994773307154,B1+coupling_split
2017-11-07,3,36.02,33.540521095708066,B1+coupling_split
2017-11-07,4,37.04,33.64778266470808,B1+coupling_split
2017-11-07,5,34.43,36.252201749312704,B1+coupling_split
2017-11-07,6,49.77,44.85352253126495,B1+coupling_split
2017-11-07,7,59.26,53.40842079780996,B1+coupling_split
2017-11-07,8,64.37,57.83235606257527,B1+coupling_split
2017-11-07,9,55.07,54.31736466115228,B1+coupling_split
2017-11-07,10,54.94,51.46767262878335,B1+coupling_split
2017-11-07,11,54.92,50.59131095510243,B1+coupling_split
2017-11-07,12,53.93,50.14593475840135,B1+coupling_split
2017-11-07,13,54.94,53.80233152264118,B1+coupling_split
2017-11-07,14,56.93,55.152968582395104,B1+coupling_split
2017-11-07,15,66.75,60.304503048328016,B1+coupling_split
2017-11-07,16,65.58,59.763931168966714,B1+coupling_split
2017-11-07,17,81.56,67.83944768147657,B1+coupling_split
2017-11-07,18,82.3,66.36764545913653,B1+coupling_split
2017-11-07,19,64.2,58.406231237186574,B1+coupling_split
2017-11-07,20,53.94,48.82710733981108,B1+coupling_split
2017-11-07,21,46.94,43.49433593818927,B1+coupling_split
2017-11-07,22,41.7,40.243045282884935,B1+coupling_split
2017-11-07,23,37.86,36.82116047176246,B1+coupling_split
2017-11-08,0,33.7,38.72176348270423,B1+coupling_split
2017-11-08,1,33.62,40.21965459714677,B1+coupling_split
2017-11-08,2,33.64,40.534923702348166,B1+coupling_split
2017-11-08,3,33.62,39.75375380087263,B1+coupling_split
2017-11-08,4,35.53,41.52589828912387,B1+coupling_split
2017-11-08,5,36.15,43.06604945296728,B1+coupling_split
2017-11-08,6,54.07,49.42304639112909,B1+coupling_split
2017-11-08,7,75.76,65.6371756625689,B1+coupling_split
2017-11-08,8,79.28,70.62720549554149,B1+coupling_split
2017-11-08,9,77.07,69.99530311644168,B1+coupling_split
2017-11-08,10,84.22,67.64042278806212,B1+coupling_split
2017-11-08,11,84.98,72.59638759070539,B1+coupling_split
2017-11-08,12,83.8,79.84972597924425,B1+coupling_split
2017-11-08,13,88.19,79.70088511232603,B1+coupling_split
2017-11-08,14,89.9,74.92346183691703,B1+coupling_split
2017-11-08,15,81.89,71.47945895918639,B1+coupling_split
2017-11-08,16,88.2,74.97240571791811,B1+coupling_split
2017-11-08,17,111.4,90.0655713342087,B1+coupling_split
2017-11-08,18,120.0,78.37263524975425,B1+coupling_split
2017-11-08,19,89.93,73.18471156875106,B1+coupling_split
2017-11-08,20,60.1,59.17928414761141,B1+coupling_split
2017-11-08,21,52.32,51.06550436398223,B1+coupling_split
2017-11-08,22,48.05,47.42172104072619,B1+coupling_split
2017-11-08,23,38.57,38.76115863161076,B1+coupling_split
2017-11-09,0,38.61,38.46609301543263,B1+coupling_split
2017-11-09,1,39.3,36.88392880116284,B1+coupling_split
2017-11-09,2,38.48,36.987346965317,B1+coupling_split
2017-11-09,3,40.53,36.23474651657007,B1+coupling_split
2017-11-09,4,39.9,38.50443663400441,B1+coupling_split
2017-11-09,5,43.95,39.7635849523248,B1+coupling_split
2017-11-09,6,58.65,53.89920629166591,B1+coupling_split
2017-11-09,7,72.1,74.18849583016429,B1+coupling_split
2017-11-09,8,84.73,80.30471083285107,B1+coupling_split
2017-11-09,9,61.99,74.73089255835927,B1+coupling_split
2017-11-09,10,61.37,67.75177530367647,B1+coupling_split
2017-11-09,11,60.69,66.5845531780048,B1+coupling_split
2017-11-09,12,55.12,58.35520222876338,B1+coupling_split
2017-11-09,13,53.99,55.83251793560122,B1+coupling_split
2017-11-09,14,54.91,55.079581693444005,B1+coupling_split
2017-11-09,15,55.0,57.05176844764794,B1+coupling_split
2017-11-09,16,55.92,55.24159969381243,B1+coupling_split
2017-11-09,17,56.94,73.10724196533847,B1+coupling_split
2017-11-09,18,55.93,65.32755719469984,B1+coupling_split
2017-11-09,19,55.0,57.3908414059177,B1+coupling_split
2017-11-09,20,40.3,43.264421940104775,B1+coupling_split
2017-11-09,21,42.81,37.81626489503674,B1+coupling_split
2017-11-09,22,36.78,34.449114530434514,B1+coupling_split
2017-11-09,23,33.61,28.614573541232524,B1+coupling_split
2017-11-10,0,26.41,31.217508654786403,B1+coupling_split
2017-11-10,1,25.35,29.31474717875399,B1+coupling_split
2017-11-10,2,26.6,27.569955029939845,B1+coupling_split
2017-11-10,3,27.31,26.7640440968174,B1+coupling_split
2017-11-10,4,27.1,27.694045371287203,B1+coupling_split
2017-11-10,5,28.92,30.47468988691601,B1+coupling_split
2017-11-10,6,40.15,38.61610586640803,B1+coupling_split
2017-11-10,7,51.2,46.54274188794865,B1+coupling_split
2017-11-10,8,47.41,46.76244409445648,B1+coupling_split
2017-11-10,9,38.61,41.576296820776264,B1+coupling_split
2017-11-10,10,38.89,39.49732744525437,B1+coupling_split
2017-11-10,11,38.79,37.955175191863056,B1+coupling_split
2017-11-10,12,35.25,34.863156358118246,B1+coupling_split
2017-11-10,13,31.16,31.309397781401966,B1+coupling_split
2017-11-10,14,30.16,30.07775045333413,B1+coupling_split
2017-11-10,15,30.12,30.941069299343937,B1+coupling_split
2017-11-10,16,31.02,33.070573344908496,B1+coupling_split
2017-11-10,17,36.19,38.515907670308785,B1+coupling_split
2017-11-10,18,36.02,38.9171730922434,B1+coupling_split
2017-11-10,19,31.08,38.162126194602656,B1+coupling_split
2017-11-10,20,29.39,33.58244297324322,B1+coupling_split
2017-11-10,21,22.26,30.284047217715738,B1+coupling_split
2017-11-10,22,15.51,27.363748679839546,B1+coupling_split
2017-11-10,23,11.46,22.903470711357663,B1+coupling_split
2017-11-11,0,9.2,11.522600532332486,B1+coupling_split
2017-11-11,1,2.03,6.271357244961578,B1+coupling_split
2017-11-11,2,0.08,5.626173224943461,B1+coupling_split
2017-11-11,3,6.47,6.219312193509367,B1+coupling_split
2017-11-11,4,11.27,11.49646817078282,B1+coupling_split
2017-11-11,5,12.59,12.848616230734866,B1+coupling_split
2017-11-11,6,9.63,15.306628774178915,B1+coupling_split
2017-11-11,7,13.55,20.406458862310384,B1+coupling_split
2017-11-11,8,20.1,25.23098802225875,B1+coupling_split
2017-11-11,9,24.66,26.99488707437917,B1+coupling_split
2017-11-11,10,21.47,24.776845120388963,B1+coupling_split
2017-11-11,11,18.9,25.318105621730602,B1+coupling_split
2017-11-11,12,21.03,26.478418117354742,B1+coupling_split
2017-11-11,13,22.86,25.774818278027148,B1+coupling_split
2017-11-11,14,28.2,27.133945499990705,B1+coupling_split
2017-11-11,15,30.48,29.000595999765476,B1+coupling_split
2017-11-11,16,35.81,32.546982132514714,B1+coupling_split
2017-11-11,17,44.49,39.97532707140204,B1+coupling_split
2017-11-11,18,46.76,41.80992249854864,B1+coupling_split
2017-11-11,19,41.03,39.033209214693656,B1+coupling_split
2017-11-11,20,35.92,35.49655767092116,B1+coupling_split
2017-11-11,21,35.82,31.954458634516577,B1+coupling_split
2017-11-11,22,37.06,30.856152101675214,B1+coupling_split
2017-11-11,23,28.29,26.116264684710274,B1+coupling_split
2017-11-12,0,14.07,24.484028164058422,B1+coupling_split
2017-11-12,1,15.99,22.95757406265242,B1+coupling_split
2017-11-12,2,13.8,21.792619474836513,B1+coupling_split
2017-11-12,3,13.53,20.698787088684576,B1+coupling_split
2017-11-12,4,15.25,20.824538741742657,B1+coupling_split
2017-11-12,5,21.86,21.78980113224239,B1+coupling_split
2017-11-12,6,22.52,22.992993906385458,B1+coupling_split
2017-11-12,7,27.06,26.740244656193823,B1+coupling_split
2017-11-12,8,30.94,32.90521780165861,B1+coupling_split
2017-11-12,9,33.03,34.77007282940801,B1+coupling_split
2017-11-12,10,42.79,36.827491269970594,B1+coupling_split
2017-11-12,11,47.65,40.018362496881274,B1+coupling_split
2017-11-12,12,48.13,38.51336994116963,B1+coupling_split
2017-11-12,13,44.28,36.417731923201025,B1+coupling_split
2017-11-12,14,38.43,34.261525947557836,B1+coupling_split
2017-11-12,15,37.8,34.72074474006362,B1+coupling_split
2017-11-12,16,40.82,36.44384216579694,B1+coupling_split
2017-11-12,17,53.91,42.51932719847704,B1+coupling_split
2017-11-12,18,53.94,43.36117650236471,B1+coupling_split
2017-11-12,19,46.54,41.79780755894862,B1+coupling_split
2017-11-12,20,39.59,36.73899105579915,B1+coupling_split
2017-11-12,21,33.11,34.65258302642307,B1+coupling_split
2017-11-12,22,33.17,34.35904244757541,B1+coupling_split
2017-11-12,23,29.73,28.54981302088672,B1+coupling_split
2017-11-13,0,31.06,29.05734337297021,B1+coupling_split
2017-11-13,1,30.41,27.54198059371988,B1+coupling_split
2017-11-13,2,29.64,27.736010154042997,B1+coupling_split
2017-11-13,3,29.66,25.295370272957687,B1+coupling_split
2017-11-13,4,29.79,26.54222619128164,B1+coupling_split
2017-11-13,5,31.68,31.5400291581891,B1+coupling_split
2017-11-13,6,42.76,41.89338477369205,B1+coupling_split
2017-11-13,7,54.9,53.629163431235085,B1+coupling_split
2017-11-13,8,54.33,55.13889221332616,B1+coupling_split
2017-11-13,9,48.15,50.062966359225015,B1+coupling_split
2017-11-13,10,45.83,47.96136690552798,B1+coupling_split
2017-11-13,11,46.61,49.75878773598667,B1+coupling_split
2017-11-13,12,41.48,46.791759116257545,B1+coupling_split
2017-11-13,13,48.08,48.950144030468074,B1+coupling_split
2017-11-13,14,50.81,52.14439774285397,B1+coupling_split
2017-11-13,15,54.93,55.95660659935423,B1+coupling_split
2017-11-13,16,55.92,61.09865910967933,B1+coupling_split
2017-11-13,17,70.08,75.79362919639456,B1+coupling_split
2017-11-13,18,62.3,72.09479429016493,B1+coupling_split
2017-11-13,19,57.73,60.656145920555815,B1+coupling_split
2017-11-13,20,54.94,50.02234354049273,B1+coupling_split
2017-11-13,21,49.0,43.94089392052936,B1+coupling_split
2017-11-13,22,41.0,40.95646128649523,B1+coupling_split
2017-11-13,23,36.55,36.52853532905688,B1+coupling_split
2017-11-14,0,37.83,37.7198430436364,B1+coupling_split
2017-11-14,1,36.01,36.40163729511543,B1+coupling_split
2017-11-14,2,34.03,34.002879791807146,B1+coupling_split
2017-11-14,3,33.54,32.187264522504826,B1+coupling_split
2017-11-14,4,33.9,31.475385076849307,B1+coupling_split
2017-11-14,5,34.04,33.677233373740435,B1+coupling_split
2017-11-14,6,38.12,41.421986325613894,B1+coupling_split
2017-11-14,7,43.52,50.81567564498269,B1+coupling_split
2017-11-14,8,49.58,49.679207892428906,B1+coupling_split
2017-11-14,9,37.2,44.91258948896949,B1+coupling_split
2017-11-14,10,36.56,41.18377361656209,B1+coupling_split
2017-11-14,11,36.19,39.58482387760274,B1+coupling_split
2017-11-14,12,36.88,36.77574834049875,B1+coupling_split
2017-11-14,13,36.6,37.90192731741825,B1+coupling_split
2017-11-14,14,36.86,38.97350313832418,B1+coupling_split
2017-11-14,15,40.07,43.672039384189134,B1+coupling_split
2017-11-14,16,49.06,48.09397967362953,B1+coupling_split
2017-11-14,17,51.71,56.5183599050369,B1+coupling_split
2017-11-14,18,52.94,55.3031633502962,B1+coupling_split
2017-11-14,19,51.25,51.50198199546463,B1+coupling_split
2017-11-14,20,44.92,45.29091383007572,B1+coupling_split
2017-11-14,21,39.44,39.71281443456633,B1+coupling_split
2017-11-14,22,37.6,37.77940584402154,B1+coupling_split
2017-11-14,23,36.36,32.643747214859516,B1+coupling_split
2017-11-15,0,33.5,35.68304482591809,B1+coupling_split
2017-11-15,1,34.06,36.904549063004424,B1+coupling_split
2017-11-15,2,33.42,38.62917291299955,B1+coupling_split
2017-11-15,3,35.62,36.65209499967068,B1+coupling_split
2017-11-15,4,33.74,39.05126084455467,B1+coupling_split
2017-11-15,5,37.0,42.2448309834552,B1+coupling_split
2017-11-15,6,58.5,49.26798419257912,B1+coupling_split
2017-11-15,7,77.4,61.6392196927752,B1+coupling_split
2017-11-15,8,78.01,63.12322657194336,B1+coupling_split
2017-11-15,9,68.87,59.40833638407221,B1+coupling_split
2017-11-15,10,61.65,58.48117966109221,B1+coupling_split
2017-11-15,11,71.76,61.06194305474395,B1+coupling_split
2017-11-15,12,64.1,56.137488944058916,B1+coupling_split
2017-11-15,13,70.77,58.90506339216654,B1+coupling_split
2017-11-15,14,72.81,63.742837196057245,B1+coupling_split
2017-11-15,15,79.18,69.43904436393284,B1+coupling_split
2017-11-15,16,89.95,75.62364694923052,B1+coupling_split
2017-11-15,17,112.09,89.85978727867983,B1+coupling_split
2017-11-15,18,124.29,78.11068715243965,B1+coupling_split
2017-11-15,19,86.34,66.74776125750441,B1+coupling_split
2017-11-15,20,76.13,54.17394699609906,B1+coupling_split
2017-11-15,21,62.01,46.984022901147725,B1+coupling_split
2017-11-15,22,51.91,42.38486434596515,B1+coupling_split
2017-11-15,23,39.03,38.21193138296516,B1+coupling_split
2017-11-16,0,37.04,41.84809154480732,B1+coupling_split
2017-11-16,1,37.06,41.52499006222589,B1+coupling_split
2017-11-16,2,36.13,38.8464228787534,B1+coupling_split
2017-11-16,3,36.59,39.10945948913606,B1+coupling_split
2017-11-16,4,37.04,38.4586157527866,B1+coupling_split
2017-11-16,5,36.87,42.159286703845815,B1+coupling_split
2017-11-16,6,51.61,50.69424182587122,B1+coupling_split
2017-11-16,7,61.89,61.82805050799301,B1+coupling_split
2017-11-16,8,68.63,64.23216005848978,B1+coupling_split
2017-11-16,9,57.02,61.74883551686929,B1+coupling_split
2017-11-16,10,55.93,55.31293973236261,B1+coupling_split
2017-11-16,11,53.96,53.32626891325907,B1+coupling_split
2017-11-16,12,49.01,50.33715332859906,B1+coupling_split
2017-11-16,13,49.31,50.60942516370952,B1+coupling_split
2017-11-16,14,54.0,55.572650817132505,B1+coupling_split
2017-11-16,15,57.94,61.95735131621046,B1+coupling_split
2017-11-16,16,56.16,61.443486418689716,B1+coupling_split
2017-11-16,17,56.42,67.59593688461118,B1+coupling_split
2017-11-16,18,53.93,61.0408735127308,B1+coupling_split
2017-11-16,19,46.3,55.58902539449569,B1+coupling_split
2017-11-16,20,37.03,45.86718612577543,B1+coupling_split
2017-11-16,21,38.03,43.29866764710919,B1+coupling_split
2017-11-16,22,38.15,40.98770644451599,B1+coupling_split
2017-11-16,23,35.07,37.88984252420336,B1+coupling_split
2017-11-17,0,33.15,30.398137877729415,B1+coupling_split
2017-11-17,1,32.72,30.330009628491776,B1+coupling_split
2017-11-17,2,33.16,28.52931990865171,B1+coupling_split
2017-11-17,3,34.06,30.736555769622374,B1+coupling_split
2017-11-17,4,34.05,33.54700231951752,B1+coupling_split
2017-11-17,5,36.09,35.99620252446597,B1+coupling_split
2017-11-17,6,46.83,43.75547971737921,B1+coupling_split
2017-11-17,7,49.99,56.17442826125496,B1+coupling_split
2017-11-17,8,53.93,59.90123366997632,B1+coupling_split
2017-11-17,9,49.99,56.571551338283676,B1+coupling_split
2017-11-17,10,49.97,55.44289608104857,B1+coupling_split
2017-11-17,11,49.97,53.707333448383636,B1+coupling_split
2017-11-17,12,49.09,50.094523921439276,B1+coupling_split
2017-11-17,13,46.55,50.64550484650792,B1+coupling_split
2017-11-17,14,42.3,50.6259803513217,B1+coupling_split
2017-11-17,15,49.95,51.55769779799551,B1+coupling_split
2017-11-17,16,49.9,57.45759151239417,B1+coupling_split
2017-11-17,17,49.91,62.19997661077932,B1+coupling_split
2017-11-17,18,48.18,54.61736143958713,B1+coupling_split
2017-11-17,19,42.97,48.70076824685573,B1+coupling_split
2017-11-17,20,38.35,42.08036689776941,B1+coupling_split
2017-11-17,21,39.8,37.23569204112701,B1+coupling_split
2017-11-17,22,36.15,35.29612492108201,B1+coupling_split
2017-11-17,23,32.41,30.02185448237991,B1+coupling_split
2017-11-18,0,27.78,29.650059297734828,B1+coupling_split
2017-11-18,1,23.56,26.886757672094927,B1+coupling_split
2017-11-18,2,20.04,24.337795753727875,B1+coupling_split
2017-11-18,3,17.63,24.070114024949255,B1+coupling_split
2017-11-18,4,13.33,24.106870251183246,B1+coupling_split
2017-11-18,5,12.87,24.708984074614,B1+coupling_split
2017-11-18,6,16.12,26.349331420267617,B1+coupling_split
2017-11-18,7,19.38,27.76260897138834,B1+coupling_split
2017-11-18,8,27.97,30.73270719366468,B1+coupling_split
2017-11-18,9,28.61,29.59234874802118,B1+coupling_split
2017-11-18,10,28.08,27.1469722134693,B1+coupling_split
2017-11-18,11,14.97,24.988512392797617,B1+coupling_split
2017-11-18,12,18.19,22.80400342547845,B1+coupling_split
2017-11-18,13,13.01,20.232999410316747,B1+coupling_split
2017-11-18,14,18.46,22.56262111386172,B1+coupling_split
2017-11-18,15,24.84,25.264731980271584,B1+coupling_split
2017-11-18,16,28.33,29.528807837211918,B1+coupling_split
2017-11-18,17,29.77,36.03805355127752,B1+coupling_split
2017-11-18,18,29.7,36.69406269058817,B1+coupling_split
2017-11-18,19,24.03,34.20553929830529,B1+coupling_split
2017-11-18,20,13.06,30.394243558314052,B1+coupling_split
2017-11-18,21,12.69,26.880131450878263,B1+coupling_split
2017-11-18,22,11.38,24.52628550739177,B1+coupling_split
2017-11-18,23,0.41,20.04714330724684,B1+coupling_split
2017-11-19,0,0.37,5.7534870072814,B1+coupling_split
2017-11-19,1,4.33,-0.380652264603917,B1+coupling_split
2017-11-19,2,2.91,-9.626478872089486,B1+coupling_split
2017-11-19,3,2.17,-5.534830085451016,B1+coupling_split
2017-11-19,4,2.14,-4.491640237986132,B1+coupling_split
2017-11-19,5,0.03,-7.748624985253901,B1+coupling_split
2017-11-19,6,-0.03,-8.899608584066922,B1+coupling_split
2017-11-19,7,0.04,-4.0793217172009975,B1+coupling_split
2017-11-19,8,5.08,3.158513638897304,B1+coupling_split
2017-11-19,9,23.49,3.6164069710665743,B1+coupling_split
2017-11-19,10,12.77,7.760181102095196,B1+coupling_split
2017-11-19,11,21.94,8.763990101470867,B1+coupling_split
2017-11-19,12,12.5,7.303586161782764,B1+coupling_split
2017-11-19,13,9.09,5.00173871027587,B1+coupling_split
2017-11-19,14,5.09,6.6141394025635805,B1+coupling_split
2017-11-19,15,9.63,11.457960485078434,B1+coupling_split
2017-11-19,16,5.99,19.344723316277012,B1+coupling_split
2017-11-19,17,23.14,28.867893278945278,B1+coupling_split
2017-11-19,18,21.94,32.46217234254726,B1+coupling_split
2017-11-19,19,13.3,27.911167410477702,B1+coupling_split
2017-11-19,20,12.62,22.42360393306857,B1+coupling_split
2017-11-19,21,11.38,24.175015067422336,B1+coupling_split
2017-11-19,22,13.95,23.89525544975877,B1+coupling_split
2017-11-19,23,12.21,20.17738088897448,B1+coupling_split
2017-11-20,0,12.59,14.468279152278662,B1+coupling_split
2017-11-20,1,12.51,13.681371274663956,B1+coupling_split
2017-11-20,2,10.49,12.06845511775236,B1+coupling_split
2017-11-20,3,11.0,13.548481030253747,B1+coupling_split
2017-11-20,4,14.96,15.514352586578303,B1+coupling_split
2017-11-20,5,23.81,21.657243403934082,B1+coupling_split
2017-11-20,6,39.94,31.28685099176001,B1+coupling_split
2017-11-20,7,41.99,40.10186211437411,B1+coupling_split
2017-11-20,8,43.92,41.91989564691285,B1+coupling_split
2017-11-20,9,43.91,40.759847130097725,B1+coupling_split
2017-11-20,10,43.68,40.4564113601475,B1+coupling_split
2017-11-20,11,43.94,40.84909454565134,B1+coupling_split
2017-11-20,12,44.36,39.385472598641115,B1+coupling_split
2017-11-20,13,49.05,39.12059050355424,B1+coupling_split
2017-11-20,14,53.46,39.81266099230607,B1+coupling_split
2017-11-20,15,50.99,41.61127127052469,B1+coupling_split
2017-11-20,16,59.3,41.50684522304861,B1+coupling_split
2017-11-20,17,66.02,47.02842952422512,B1+coupling_split
2017-11-20,18,53.38,48.30776491177422,B1+coupling_split
2017-11-20,19,47.93,45.25836099728857,B1+coupling_split
2017-11-20,20,43.95,40.572007717445906,B1+coupling_split
2017-11-20,21,38.63,36.63793951175157,B1+coupling_split
2017-11-20,22,38.76,34.6669420875606,B1+coupling_split
2017-11-20,23,34.97,29.71137803323365,B1+coupling_split
2017-11-21,0,36.03,32.79077347457109,B1+coupling_split
2017-11-21,1,35.46,32.930512309563255,B1+coupling_split
2017-11-21,2,35.63,31.985720910056134,B1+coupling_split
2017-11-21,3,35.73,32.695044351740016,B1+coupling_split
2017-11-21,4,35.42,34.46672972512409,B1+coupling_split
2017-11-21,5,37.92,36.65246232964178,B1+coupling_split
2017-11-21,6,46.51,42.32322535286816,B1+coupling_split
2017-11-21,7,67.86,49.86706565938921,B1+coupling_split
2017-11-21,8,72.63,54.27888433736129,B1+coupling_split
2017-11-21,9,54.99,54.8025501270344,B1+coupling_split
2017-11-21,10,54.26,58.91713791329617,B1+coupling_split
2017-11-21,11,64.03,58.59347178073905,B1+coupling_split
2017-11-21,12,55.27,54.62353418535999,B1+coupling_split
2017-11-21,13,64.91,56.058123477378324,B1+coupling_split
2017-11-21,14,62.65,52.801716160197856,B1+coupling_split
2017-11-21,15,62.65,49.85419938993297,B1+coupling_split
2017-11-21,16,62.65,52.07619079141929,B1+coupling_split
2017-11-21,17,68.05,53.45888689220699,B1+coupling_split
2017-11-21,18,57.46,50.520524911516176,B1+coupling_split
2017-11-21,19,43.99,46.042941302852576,B1+coupling_split
2017-11-21,20,35.42,38.40765700427774,B1+coupling_split
2017-11-21,21,32.64,33.94229457576954,B1+coupling_split
2017-11-21,22,31.31,31.738727158842764,B1+coupling_split
2017-11-21,23,29.69,27.69629769607458,B1+coupling_split
2017-11-22,0,27.15,26.810316518199716,B1+coupling_split
2017-11-22,1,15.7,25.385703904288277,B1+coupling_split
2017-11-22,2,10.7,23.01445816934065,B1+coupling_split
2017-11-22,3,10.96,22.91755064383175,B1+coupling_split
2017-11-22,4,10.75,23.405796570724274,B1+coupling_split
2017-11-22,5,20.24,25.657735450996547,B1+coupling_split
2017-11-22,6,29.92,33.11293609584,B1+coupling_split
2017-11-22,7,37.37,41.1420751029366,B1+coupling_split
2017-11-22,8,35.72,41.64870511586088,B1+coupling_split
2017-11-22,9,32.49,38.91617925596755,B1+coupling_split
2017-11-22,10,31.98,36.28596494450086,B1+coupling_split
2017-11-22,11,31.8,35.699893119487555,B1+coupling_split
2017-11-22,12,31.03,32.77374657336089,B1+coupling_split
2017-11-22,13,31.3,32.7973608196175,B1+coupling_split
2017-11-22,14,32.56,33.93297841861503,B1+coupling_split
2017-11-22,15,41.43,38.75703836658641,B1+coupling_split
2017-11-22,16,50.06,42.29764112558208,B1+coupling_split
2017-11-22,17,61.26,47.920549579529585,B1+coupling_split
2017-11-22,18,50.93,46.23721109069263,B1+coupling_split
2017-11-22,19,43.97,41.44709345357169,B1+coupling_split
2017-11-22,20,39.99,35.513599842181264,B1+coupling_split
2017-11-22,21,33.7,30.125245967909,B1+coupling_split
2017-11-22,22,29.56,25.211267916069083,B1+coupling_split
2017-11-22,23,20.6,19.207650077610673,B1+coupling_split
2017-11-23,0,9.67,20.741488663622324,B1+coupling_split
2017-11-23,1,12.76,18.520411153446673,B1+coupling_split
2017-11-23,2,9.64,16.211847398192646,B1+coupling_split
2017-11-23,3,9.47,14.693864756770566,B1+coupling_split
2017-11-23,4,9.46,15.505588816583264,B1+coupling_split
2017-11-23,5,12.77,18.979408221417376,B1+coupling_split
2017-11-23,6,17.1,27.649666462401825,B1+coupling_split
2017-11-23,7,32.93,36.22596728135757,B1+coupling_split
2017-11-23,8,31.09,36.47466046786629,B1+coupling_split
2017-11-23,9,29.96,33.070923354205455,B1+coupling_split
2017-11-23,10,24.03,28.044461930971888,B1+coupling_split
2017-11-23,11,16.24,26.001125730538757,B1+coupling_split
2017-11-23,12,12.75,24.45313411930959,B1+coupling_split
2017-11-23,13,16.63,24.75822123496422,B1+coupling_split
2017-11-23,14,26.23,25.474209321021185,B1+coupling_split
2017-11-23,15,30.76,29.189739203431902,B1+coupling_split
2017-11-23,16,31.95,32.62470758429851,B1+coupling_split
2017-11-23,17,37.97,42.5864689364233,B1+coupling_split
2017-11-23,18,37.57,39.67355616706414,B1+coupling_split
2017-11-23,19,36.98,36.094364375558214,B1+coupling_split
2017-11-23,20,33.94,31.86970465087306,B1+coupling_split
2017-11-23,21,29.34,30.247815298813283,B1+coupling_split
2017-11-23,22,27.41,27.96378645776877,B1+coupling_split
2017-11-23,23,24.05,25.031864645738192,B1+coupling_split
2017-11-24,0,26.93,23.77376072049833,B1+coupling_split
2017-11-24,1,27.75,22.57926660356596,B1+coupling_split
2017-11-24,2,28.04,21.45583766539256,B1+coupling_split
2017-11-24,3,27.1,22.51782216316078,B1+coupling_split
2017-11-24,4,28.22,23.691304947574785,B1+coupling_split
2017-11-24,5,35.66,27.194099144064335,B1+coupling_split
2017-11-24,6,49.01,35.4650187444655,B1+coupling_split
2017-11-24,7,49.07,42.58996923804543,B1+coupling_split
2017-11-24,8,48.0,45.35603698800491,B1+coupling_split
2017-11-24,9,46.92,44.373742351458546,B1+coupling_split
2017-11-24,10,45.43,43.441376750030884,B1+coupling_split
2017-11-24,11,46.5,44.71236797259618,B1+coupling_split
2017-11-24,12,39.57,41.60065410157363,B1+coupling_split
2017-11-24,13,41.13,41.78280350176739,B1+coupling_split
2017-11-24,14,43.13,43.34319506946597,B1+coupling_split
2017-11-24,15,44.91,45.384494073915384,B1+coupling_split
2017-11-24,16,46.94,49.47792132459013,B1+coupling_split
2017-11-24,17,53.97,57.713455842710886,B1+coupling_split
2017-11-24,18,56.24,54.67958560405699,B1+coupling_split
2017-11-24,19,55.97,48.869574925709266,B1+coupling_split
2017-11-24,20,48.0,44.072009631026575,B1+coupling_split
2017-11-24,21,47.98,42.116620131007906,B1+coupling_split
2017-11-24,22,47.98,43.65210249606895,B1+coupling_split
2017-11-24,23,40.99,40.29964715146272,B1+coupling_split
2017-11-25,0,39.89,40.320454824090035,B1+coupling_split
2017-11-25,1,36.19,39.244876782963736,B1+coupling_split
2017-11-25,2,34.49,42.85700110537767,B1+coupling_split
2017-11-25,3,36.2,37.82469088433733,B1+coupling_split
2017-11-25,4,38.0,37.61307093643644,B1+coupling_split
2017-11-25,5,35.86,36.7086678801005,B1+coupling_split
2017-11-25,6,35.03,37.55992864530781,B1+coupling_split
2017-11-25,7,42.37,39.047153078418035,B1+coupling_split
2017-11-25,8,49.95,44.029282968403436,B1+coupling_split
2017-11-25,9,49.94,46.363100550796446,B1+coupling_split
2017-11-25,10,51.97,47.84591837156678,B1+coupling_split
2017-11-25,11,53.51,47.98702939915687,B1+coupling_split
2017-11-25,12,49.96,45.57490797371888,B1+coupling_split
2017-11-25,13,46.98,40.25809086757279,B1+coupling_split
2017-11-25,14,38.98,40.2025888333329,B1+coupling_split
2017-11-25,15,35.29,40.46019847669019,B1+coupling_split
2017-11-25,16,39.56,45.21334149581344,B1+coupling_split
2017-11-25,17,44.26,47.805495178185474,B1+coupling_split
2017-11-25,18,38.41,46.27891766059343,B1+coupling_split
2017-11-25,19,37.93,42.370869517031885,B1+coupling_split
2017-11-25,20,36.12,36.86675186623393,B1+coupling_split
2017-11-25,21,32.12,33.02462062261733,B1+coupling_split
2017-11-25,22,30.09,32.324229179444075,B1+coupling_split
2017-11-25,23,27.58,28.036439337426316,B1+coupling_split
2017-11-26,0,19.21,23.029031570595286,B1+coupling_split
2017-11-26,1,12.59,19.250311890459354,B1+coupling_split
2017-11-26,2,11.56,18.093293344139354,B1+coupling_split
2017-11-26,3,11.45,16.18692692755667,B1+coupling_split
2017-11-26,4,15.74,16.490665121558344,B1+coupling_split
2017-11-26,5,12.85,15.347573056662647,B1+coupling_split
2017-11-26,6,11.41,12.85738514336219,B1+coupling_split
2017-11-26,7,9.77,13.756934608129345,B1+coupling_split
2017-11-26,8,19.36,17.558984221338854,B1+coupling_split
2017-11-26,9,11.58,17.39046287844067,B1+coupling_split
2017-11-26,10,19.95,14.82483717524503,B1+coupling_split
2017-11-26,11,21.6,13.723997849048803,B1+coupling_split
2017-11-26,12,11.48,12.681928783321048,B1+coupling_split
2017-11-26,13,11.49,13.02696536658577,B1+coupling_split
2017-11-26,14,15.75,12.572637844598987,B1+coupling_split
2017-11-26,15,15.55,17.648376580371302,B1+coupling_split
2017-11-26,16,23.6,22.35645931622581,B1+coupling_split
2017-11-26,17,29.17,29.9956647503528,B1+coupling_split
2017-11-26,18,29.43,28.56558249701886,B1+coupling_split
2017-11-26,19,29.51,26.18671150062988,B1+coupling_split
2017-11-26,20,29.07,26.109731818883983,B1+coupling_split
2017-11-26,21,29.01,21.22434616436383,B1+coupling_split
2017-11-26,22,28.37,19.592689170412996,B1+coupling_split
2017-11-26,23,21.94,14.416069022675604,B1+coupling_split
2017-11-27,0,11.47,19.552693216022845,B1+coupling_split
2017-11-27,1,14.95,17.48478536616368,B1+coupling_split
2017-11-27,2,17.06,15.68838085365543,B1+coupling_split
2017-11-27,3,13.06,14.81700426022592,B1+coupling_split
2017-11-27,4,10.02,16.12303078841522,B1+coupling_split
2017-11-27,5,20.96,19.896330056276202,B1+coupling_split
2017-11-27,6,40.1,32.79879870193664,B1+coupling_split
2017-11-27,7,36.12,41.88074708438493,B1+coupling_split
2017-11-27,8,40.06,43.11448280237977,B1+coupling_split
2017-11-27,9,36.04,39.361876870048,B1+coupling_split
2017-11-27,10,34.06,36.60200299979341,B1+coupling_split
2017-11-27,11,34.73,35.582515693056294,B1+coupling_split
2017-11-27,12,31.1,32.21994072081578,B1+coupling_split
2017-11-27,13,32.38,30.99966868543893,B1+coupling_split
2017-11-27,14,33.33,30.702195385934566,B1+coupling_split
2017-11-27,15,34.82,32.79359612095502,B1+coupling_split
2017-11-27,16,35.7,34.70860728075505,B1+coupling_split
2017-11-27,17,40.32,40.18747582239112,B1+coupling_split
2017-11-27,18,36.7,39.320464868858615,B1+coupling_split
2017-11-27,19,35.26,37.920276050120194,B1+coupling_split
2017-11-27,20,35.95,34.59861976381464,B1+coupling_split
2017-11-27,21,30.93,30.231103855297317,B1+coupling_split
2017-11-27,22,30.0,27.701850288545437,B1+coupling_split
2017-11-27,23,15.87,21.760968080087753,B1+coupling_split
2017-11-28,0,22.5,16.863718024236054,B1+coupling_split
2017-11-28,1,16.07,14.926292745693948,B1+coupling_split
2017-11-28,2,15.46,11.3533227984404,B1+coupling_split
2017-11-28,3,16.29,13.009746606977904,B1+coupling_split
2017-11-28,4,22.04,16.289610475482167,B1+coupling_split
2017-11-28,5,24.7,21.14200260218858,B1+coupling_split
2017-11-28,6,34.01,29.051634937872812,B1+coupling_split
2017-11-28,7,40.13,36.59662928449674,B1+coupling_split
2017-11-28,8,37.78,38.03002500480745,B1+coupling_split
2017-11-28,9,36.39,37.84905295043412,B1+coupling_split
2017-11-28,10,35.84,36.41261037094369,B1+coupling_split
2017-11-28,11,36.05,32.344803760452905,B1+coupling_split
2017-11-28,12,39.91,33.2964884526986,B1+coupling_split
2017-11-28,13,45.07,35.2724106705709,B1+coupling_split
2017-11-28,14,48.59,36.874672949971355,B1+coupling_split
2017-11-28,15,52.94,42.6670159833664,B1+coupling_split
2017-11-28,16,51.97,49.09976009722496,B1+coupling_split
2017-11-28,17,59.7,56.43789752653138,B1+coupling_split
2017-11-28,18,52.98,53.69398271275826,B1+coupling_split
2017-11-28,19,51.32,49.372133828069835,B1+coupling_split
2017-11-28,20,49.99,43.389600604302025,B1+coupling_split
2017-11-28,21,36.59,41.44633928018033,B1+coupling_split
2017-11-28,22,36.64,39.81679442981846,B1+coupling_split
2017-11-28,23,35.01,35.23500523255738,B1+coupling_split
2017-11-29,0,36.56,34.23243598399001,B1+coupling_split
2017-11-29,1,36.79,34.271924197354004,B1+coupling_split
2017-11-29,2,35.56,34.60444417396944,B1+coupling_split
2017-11-29,3,35.06,33.92511639465306,B1+coupling_split
2017-11-29,4,36.17,35.102829331229714,B1+coupling_split
2017-11-29,5,38.97,37.722019135269264,B1+coupling_split
2017-11-29,6,57.72,46.27576142617568,B1+coupling_split
2017-11-29,7,84.97,58.81314051435585,B1+coupling_split
2017-11-29,8,88.52,63.377846103511885,B1+coupling_split
2017-11-29,9,90.1,63.781523149009686,B1+coupling_split
2017-11-29,10,88.33,65.7441290372213,B1+coupling_split
2017-11-29,11,86.0,67.69831218551963,B1+coupling_split
2017-11-29,12,82.18,68.88432783811511,B1+coupling_split
2017-11-29,13,82.4,73.37089132764743,B1+coupling_split
2017-11-29,14,89.21,73.30276364329588,B1+coupling_split
2017-11-29,15,90.4,79.51067169546515,B1+coupling_split
2017-11-29,16,97.8,86.13297628527657,B1+coupling_split
2017-11-29,17,118.49,90.86158933545056,B1+coupling_split
2017-11-29,18,110.36,72.62626010445716,B1+coupling_split
2017-11-29,19,85.56,69.0439842076944,B1+coupling_split
2017-11-29,20,77.34,57.06945166261775,B1+coupling_split
2017-11-29,21,64.27,46.663861802602185,B1+coupling_split
2017-11-29,22,55.57,43.68094608975697,B1+coupling_split
2017-11-29,23,47.71,38.67640310752857,B1+coupling_split
2017-11-30,0,45.94,47.717241323265604,B1+coupling_split
2017-11-30,1,38.2,49.301142888902106,B1+coupling_split
2017-11-30,2,36.97,43.224134872628,B1+coupling_split
2017-11-30,3,36.1,44.73005367955281,B1+coupling_split
2017-11-30,4,38.47,43.69952370204196,B1+coupling_split
2017-11-30,5,42.72,42.39276192930599,B1+coupling_split
2017-11-30,6,53.99,49.27618630031631,B1+coupling_split
2017-11-30,7,83.75,67.31481068948797,B1+coupling_split
2017-11-30,8,88.16,72.93423683627327,B1+coupling_split
2017-11-30,9,85.25,71.94531282371257,B1+coupling_split
2017-11-30,10,86.79,69.26564508761278,B1+coupling_split
2017-11-30,11,86.7,67.64983521715749,B1+coupling_split
2017-11-30,12,84.07,64.5091477214732,B1+coupling_split
2017-11-30,13,83.34,68.4885922894562,B1+coupling_split
2017-11-30,14,82.81,70.62448969288177,B1+coupling_split
2017-11-30,15,84.22,73.1679421203049,B1+coupling_split
2017-11-30,16,86.06,75.61509496156691,B1+coupling_split
2017-11-30,17,100.12,81.79849096833146,B1+coupling_split
2017-11-30,18,95.1,70.39390577273323,B1+coupling_split
2017-11-30,19,87.24,62.425096346524185,B1+coupling_split
2017-11-30,20,68.5,50.525336464254366,B1+coupling_split
2017-11-30,21,51.96,43.82432525625717,B1+coupling_split
2017-11-30,22,38.45,41.70875678305794,B1+coupling_split
2017-11-30,23,36.67,38.08427046800875,B1+coupling_split
2017-12-01,0,35.82,38.47901746234578,B1+coupling_split
2017-12-01,1,38.59,37.76463034222067,B1+coupling_split
2017-12-01,2,37.18,38.80097840131569,B1+coupling_split
2017-12-01,3,37.0,36.54360571928427,B1+coupling_split
2017-12-01,4,37.42,36.850419080979215,B1+coupling_split
2017-12-01,5,36.14,40.233429876850465,B1+coupling_split
2017-12-01,6,55.97,53.1636248549957,B1+coupling_split
2017-12-01,7,81.69,68.54638012570216,B1+coupling_split
2017-12-01,8,75.01,72.87735225596063,B1+coupling_split
2017-12-01,9,72.89,68.3265584217439,B1+coupling_split
2017-12-01,10,70.38,63.47838224023202,B1+coupling_split
2017-12-01,11,74.87,63.72813507146954,B1+coupling_split
2017-12-01,12,74.91,60.34020647116414,B1+coupling_split
2017-12-01,13,73.18,59.996872202853964,B1+coupling_split
2017-12-01,14,72.5,63.909371291194105,B1+coupling_split
2017-12-01,15,74.42,70.2773471151553,B1+coupling_split
2017-12-01,16,76.6,75.82991542127024,B1+coupling_split
2017-12-01,17,85.69,81.85472311225419,B1+coupling_split
2017-12-01,18,82.57,75.14665279419225,B1+coupling_split
2017-12-01,19,77.38,73.2431705388297,B1+coupling_split
2017-12-01,20,61.95,58.98533564671215,B1+coupling_split
2017-12-01,21,52.93,49.524533450053305,B1+coupling_split
2017-12-01,22,41.58,44.70601409526581,B1+coupling_split
2017-12-01,23,37.94,40.99312367004144,B1+coupling_split
2017-12-02,0,39.9,40.25882001005916,B1+coupling_split
2017-12-02,1,39.02,38.400120473764034,B1+coupling_split
2017-12-02,2,37.89,37.9499665884032,B1+coupling_split
2017-12-02,3,37.82,36.565909879411166,B1+coupling_split
2017-12-02,4,34.7,35.7365466370098,B1+coupling_split
2017-12-02,5,36.75,35.119829220637726,B1+coupling_split
2017-12-02,6,34.07,37.68908962604111,B1+coupling_split
2017-12-02,7,37.01,44.44134575784863,B1+coupling_split
2017-12-02,8,46.17,49.87950286839474,B1+coupling_split
2017-12-02,9,46.1,51.98217462886235,B1+coupling_split
2017-12-02,10,42.33,49.29859523916268,B1+coupling_split
2017-12-02,11,44.02,49.26182556090297,B1+coupling_split
2017-12-02,12,40.0,45.416758727053356,B1+coupling_split
2017-12-02,13,37.28,42.906943673797436,B1+coupling_split
2017-12-02,14,38.21,45.69202444841338,B1+coupling_split
2017-12-02,15,46.13,47.343548304243804,B1+coupling_split
2017-12-02,16,47.96,53.51623654112717,B1+coupling_split
2017-12-02,17,47.95,62.811601016844946,B1+coupling_split
2017-12-02,18,42.99,56.17645602332759,B1+coupling_split
2017-12-02,19,39.37,50.60208830777694,B1+coupling_split
2017-12-02,20,36.79,42.20929648077502,B1+coupling_split
2017-12-02,21,38.52,37.04266979212086,B1+coupling_split
2017-12-02,22,39.92,35.91992918667985,B1+coupling_split
2017-12-02,23,35.68,31.635087609807226,B1+coupling_split
2017-12-03,0,33.17,30.466628884563228,B1+coupling_split
2017-12-03,1,31.93,28.74963823602492,B1+coupling_split
2017-12-03,2,30.43,28.767195074173063,B1+coupling_split
2017-12-03,3,28.3,27.18146396683571,B1+coupling_split
2017-12-03,4,30.44,26.97955647164423,B1+coupling_split
2017-12-03,5,29.87,27.262878106335272,B1+coupling_split
2017-12-03,6,29.81,26.91325088854019,B1+coupling_split
2017-12-03,7,27.72,28.368123806627764,B1+coupling_split
2017-12-03,8,29.95,31.643657081544486,B1+coupling_split
2017-12-03,9,33.08,31.96719982536665,B1+coupling_split
2017-12-03,10,34.85,32.98623210690837,B1+coupling_split
2017-12-03,11,36.91,34.77473272608188,B1+coupling_split
2017-12-03,12,37.0,33.18440199308619,B1+coupling_split
2017-12-03,13,32.92,31.098522570470237,B1+coupling_split
2017-12-03,14,34.06,30.701215007718453,B1+coupling_split
2017-12-03,15,34.29,31.33509046320718,B1+coupling_split
2017-12-03,16,36.97,35.55471454945554,B1+coupling_split
2017-12-03,17,39.36,39.88252830570084,B1+coupling_split
2017-12-03,18,39.0,40.10625465206783,B1+coupling_split
2017-12-03,19,37.06,38.446675528672344,B1+coupling_split
2017-12-03,20,36.03,35.174891758728734,B1+coupling_split
2017-12-03,21,33.95,32.86461250372402,B1+coupling_split
2017-12-03,22,33.98,33.41541463400841,B1+coupling_split
2017-12-03,23,28.25,27.680975200751565,B1+coupling_split
2017-12-04,0,12.05,25.218291541777738,B1+coupling_split
2017-12-04,1,17.69,23.5677580425066,B1+coupling_split
2017-12-04,2,15.31,21.941202609214805,B1+coupling_split
2017-12-04,3,12.75,20.621754371767754,B1+coupling_split
2017-12-04,4,17.18,21.409081708677363,B1+coupling_split
2017-12-04,5,25.05,25.765161385265632,B1+coupling_split
2017-12-04,6,33.19,37.38466908679138,B1+coupling_split
2017-12-04,7,38.56,45.43412090191981,B1+coupling_split
2017-12-04,8,42.9,47.05479977364108,B1+coupling_split
2017-12-04,9,38.29,45.42714840098793,B1+coupling_split
2017-12-04,10,37.06,43.851153015621534,B1+coupling_split
2017-12-04,11,38.94,45.009675392772166,B1+coupling_split
2017-12-04,12,36.36,42.4902146562271,B1+coupling_split
2017-12-04,13,39.45,44.497743334153725,B1+coupling_split
2017-12-04,14,43.97,50.78247234031522,B1+coupling_split
2017-12-04,15,46.14,52.7498933096501,B1+coupling_split
2017-12-04,16,50.96,56.81257599755939,B1+coupling_split
2017-12-04,17,51.04,63.3955106689777,B1+coupling_split
2017-12-04,18,48.85,54.737810014928854,B1+coupling_split
2017-12-04,19,45.6,50.164437548010035,B1+coupling_split
2017-12-04,20,42.38,45.2959710783492,B1+coupling_split
2017-12-04,21,39.83,38.79628811506801,B1+coupling_split
2017-12-04,22,33.53,35.49512734511818,B1+coupling_split
2017-12-04,23,30.03,30.188979143341808,B1+coupling_split
2017-12-05,0,28.69,25.943838931478776,B1+coupling_split
2017-12-05,1,28.01,24.12000312823153,B1+coupling_split
2017-12-05,2,26.88,21.655554860049218,B1+coupling_split
2017-12-05,3,27.93,21.334974548072204,B1+coupling_split
2017-12-05,4,28.23,22.826059694176475,B1+coupling_split
2017-12-05,5,30.73,25.36849376704576,B1+coupling_split
2017-12-05,6,35.39,35.502508069789,B1+coupling_split
2017-12-05,7,39.69,42.922406249394925,B1+coupling_split
2017-12-05,8,40.05,45.72958605232741,B1+coupling_split
2017-12-05,9,40.36,43.70086432080713,B1+coupling_split
2017-12-05,10,47.59,44.088183831365455,B1+coupling_split
2017-12-05,11,46.78,43.0562254421047,B1+coupling_split
2017-12-05,12,44.07,39.6817370727388,B1+coupling_split
2017-12-05,13,42.45,39.879640610824154,B1+coupling_split
2017-12-05,14,39.97,39.31958117015665,B1+coupling_split
2017-12-05,15,39.05,40.42596480442117,B1+coupling_split
2017-12-05,16,39.05,42.46073091340111,B1+coupling_split
2017-12-05,17,43.96,46.18507051756022,B1+coupling_split
2017-12-05,18,40.04,41.608897765064576,B1+coupling_split
2017-12-05,19,46.04,39.48310012498903,B1+coupling_split
2017-12-05,20,35.35,34.90890006239189,B1+coupling_split
2017-12-05,21,30.03,30.674478706725797,B1+coupling_split
2017-12-05,22,28.06,26.6852437380874,B1+coupling_split
2017-12-05,23,13.45,22.035314780280654,B1+coupling_split
2017-12-06,0,14.34,17.31915947968686,B1+coupling_split
2017-12-06,1,12.34,15.243195532391944,B1+coupling_split
2017-12-06,2,9.71,12.571813757065332,B1+coupling_split
2017-12-06,3,12.7,13.890798820022964,B1+coupling_split
2017-12-06,4,14.04,15.64248244882556,B1+coupling_split
2017-12-06,5,13.27,20.45570333173386,B1+coupling_split
2017-12-06,6,29.57,30.212961257229985,B1+coupling_split
2017-12-06,7,38.24,40.022780853109744,B1+coupling_split
2017-12-06,8,37.59,41.42016315437076,B1+coupling_split
2017-12-06,9,39.13,39.51504297531273,B1+coupling_split
2017-12-06,10,38.22,39.52248926445857,B1+coupling_split
2017-12-06,11,34.6,38.986309186801584,B1+coupling_split
2017-12-06,12,34.59,36.992564937099665,B1+coupling_split
2017-12-06,13,36.48,35.66659858615227,B1+coupling_split
2017-12-06,14,39.81,36.39916611042684,B1+coupling_split
2017-12-06,15,39.0,38.40738858424626,B1+coupling_split
2017-12-06,16,40.9,42.12070254103139,B1+coupling_split
2017-12-06,17,45.69,47.44110213638559,B1+coupling_split
2017-12-06,18,41.96,46.178231566228945,B1+coupling_split
2017-12-06,19,39.95,43.75589037152687,B1+coupling_split
2017-12-06,20,39.01,38.74452514276805,B1+coupling_split
2017-12-06,21,38.98,34.08618365903155,B1+coupling_split
2017-12-06,22,31.97,30.686516348839312,B1+coupling_split
2017-12-06,23,27.95,24.163375460085565,B1+coupling_split
2017-12-07,0,30.47,26.16291085461706,B1+coupling_split
2017-12-07,1,29.43,24.47170397030492,B1+coupling_split
2017-12-07,2,26.57,21.59439069241402,B1+coupling_split
2017-12-07,3,27.36,21.704695349185855,B1+coupling_split
2017-12-07,4,30.01,21.67652677283898,B1+coupling_split
2017-12-07,5,32.07,24.938611810773875,B1+coupling_split
2017-12-07,6,44.72,33.13750634034015,B1+coupling_split
2017-12-07,7,51.98,41.17596789247867,B1+coupling_split
2017-12-07,8,48.53,42.87271115945101,B1+coupling_split
2017-12-07,9,43.85,38.97586441095153,B1+coupling_split
2017-12-07,10,38.55,36.162796257079684,B1+coupling_split
2017-12-07,11,33.1,33.670636418082566,B1+coupling_split
2017-12-07,12,30.04,30.47408401792628,B1+coupling_split
2017-12-07,13,31.06,30.683692368953153,B1+coupling_split
2017-12-07,14,32.06,29.800799255780273,B1+coupling_split
2017-12-07,15,37.23,32.58687858817962,B1+coupling_split
2017-12-07,16,38.53,34.458389215730605,B1+coupling_split
2017-12-07,17,39.73,38.70758263425534,B1+coupling_split
2017-12-07,18,37.49,35.89878191826993,B1+coupling_split
2017-12-07,19,32.07,35.995751891123405,B1+coupling_split
2017-12-07,20,28.06,33.4329150177362,B1+coupling_split
2017-12-07,21,27.5,29.574536819704417,B1+coupling_split
2017-12-07,22,26.42,25.64261377338266,B1+coupling_split
2017-12-07,23,22.61,21.260387868108985,B1+coupling_split
2017-12-08,0,13.45,22.911010020478916,B1+coupling_split
2017-12-08,1,12.2,21.03036430844373,B1+coupling_split
2017-12-08,2,10.5,18.882540552627763,B1+coupling_split
2017-12-08,3,18.93,20.48184939092395,B1+coupling_split
2017-12-08,4,24.56,22.904482968152823,B1+coupling_split
2017-12-08,5,23.05,25.97135765188352,B1+coupling_split
2017-12-08,6,35.88,34.448651734734426,B1+coupling_split
2017-12-08,7,37.7,42.95694485775122,B1+coupling_split
2017-12-08,8,46.04,45.04746537742823,B1+coupling_split
2017-12-08,9,43.93,42.67256025470803,B1+coupling_split
2017-12-08,10,37.99,40.13458947673855,B1+coupling_split
2017-12-08,11,41.51,37.34877186343164,B1+coupling_split
2017-12-08,12,34.21,33.58799143776574,B1+coupling_split
2017-12-08,13,32.1,33.37941838734435,B1+coupling_split
2017-12-08,14,32.17,34.12796890612951,B1+coupling_split
2017-12-08,15,37.98,35.22639834668218,B1+coupling_split
2017-12-08,16,41.57,37.61512662109796,B1+coupling_split
2017-12-08,17,40.73,42.28391807076129,B1+coupling_split
2017-12-08,18,39.96,39.83436604327168,B1+coupling_split
2017-12-08,19,38.57,38.5196908383036,B1+coupling_split
2017-12-08,20,32.32,35.46442122788152,B1+coupling_split
2017-12-08,21,28.0,32.55356048550729,B1+coupling_split
2017-12-08,22,23.1,29.850020983610904,B1+coupling_split
2017-12-08,23,9.29,23.65107163746091,B1+coupling_split
2017-12-09,0,15.03,16.157465447728896,B1+coupling_split
2017-12-09,1,12.51,12.778228768899552,B1+coupling_split
2017-12-09,2,10.31,8.358627028105982,B1+coupling_split
2017-12-09,3,9.26,10.917717777778192,B1+coupling_split
2017-12-09,4,9.12,11.943121075589252,B1+coupling_split
2017-12-09,5,8.92,13.66899286633232,B1+coupling_split
2017-12-09,6,10.06,13.763373001007427,B1+coupling_split
2017-12-09,7,12.15,18.287250686701476,B1+coupling_split
2017-12-09,8,12.41,26.241050745175592,B1+coupling_split
2017-12-09,9,18.07,28.14486308444079,B1+coupling_split
2017-12-09,10,18.96,25.486008231608402,B1+coupling_split
2017-12-09,11,16.25,24.787536492692666,B1+coupling_split
2017-12-09,12,15.03,22.825125827457107,B1+coupling_split
2017-12-09,13,12.39,21.81884253176176,B1+coupling_split
2017-12-09,14,12.53,23.48499016755651,B1+coupling_split
2017-12-09,15,19.41,25.398005252720452,B1+coupling_split
2017-12-09,16,26.51,27.698118603037493,B1+coupling_split
2017-12-09,17,31.67,33.681111256579705,B1+coupling_split
2017-12-09,18,28.45,31.73386114570037,B1+coupling_split
2017-12-09,19,24.56,26.212561283539795,B1+coupling_split
2017-12-09,20,15.8,22.60980938103667,B1+coupling_split
2017-12-09,21,13.01,18.47615813708987,B1+coupling_split
2017-12-09,22,15.04,17.616168134798286,B1+coupling_split
2017-12-09,23,10.16,13.281531868722347,B1+coupling_split
2017-12-10,0,14.31,13.586582556567663,B1+coupling_split
2017-12-10,1,10.92,10.76884128993903,B1+coupling_split
2017-12-10,2,10.17,5.567553654626419,B1+coupling_split
2017-12-10,3,12.09,11.746655553152248,B1+coupling_split
2017-12-10,4,15.06,13.658742522184115,B1+coupling_split
2017-12-10,5,12.23,15.37341400524768,B1+coupling_split
2017-12-10,6,12.28,14.489924368540265,B1+coupling_split
2017-12-10,7,20.68,10.421620138771981,B1+coupling_split
2017-12-10,8,27.85,20.057175138189468,B1+coupling_split
2017-12-10,9,28.56,24.933768447350523,B1+coupling_split
2017-12-10,10,29.15,28.108575148952863,B1+coupling_split
2017-12-10,11,29.57,30.630723370552392,B1+coupling_split
2017-12-10,12,29.26,30.37728351516016,B1+coupling_split
2017-12-10,13,28.24,26.290262325412133,B1+coupling_split
2017-12-10,14,25.07,24.112915269071976,B1+coupling_split
2017-12-10,15,9.12,21.38714003611338,B1+coupling_split
2017-12-10,16,9.19,24.043830980860747,B1+coupling_split
2017-12-10,17,17.42,29.433028869923994,B1+coupling_split
2017-12-10,18,15.02,26.893432790939794,B1+coupling_split
2017-12-10,19,12.05,24.466194740802006,B1+coupling_split
2017-12-10,20,12.27,24.290258487297237,B1+coupling_split
2017-12-10,21,12.16,23.010318338779815,B1+coupling_split
2017-12-10,22,14.81,24.1876412196573,B1+coupling_split
2017-12-10,23,12.13,17.933270771579267,B1+coupling_split
2017-12-11,0,15.03,14.859353432206396,B1+coupling_split
2017-12-11,1,10.87,17.26790137927099,B1+coupling_split
2017-12-11,2,12.59,19.778004395755488,B1+coupling_split
2017-12-11,3,11.75,18.431895715555534,B1+coupling_split
2017-12-11,4,12.78,20.67249622766868,B1+coupling_split
2017-12-11,5,23.22,25.721314207040795,B1+coupling_split
2017-12-11,6,47.95,38.12473968035079,B1+coupling_split
2017-12-11,7,62.0,50.08083379224017,B1+coupling_split
2017-12-11,8,63.01,52.14029760584877,B1+coupling_split
2017-12-11,9,60.2,50.20346908797502,B1+coupling_split
2017-12-11,10,62.93,50.8833779422957,B1+coupling_split
2017-12-11,11,61.95,52.507470131944714,B1+coupling_split
2017-12-11,12,64.98,47.414555093250705,B1+coupling_split
2017-12-11,13,58.23,48.120959633109294,B1+coupling_split
2017-12-11,14,53.84,46.35277079568724,B1+coupling_split
2017-12-11,15,51.91,42.99914778596939,B1+coupling_split
2017-12-11,16,53.38,41.468119019444494,B1+coupling_split
2017-12-11,17,51.87,44.276824651290354,B1+coupling_split
2017-12-11,18,47.4,41.2734649338332,B1+coupling_split
2017-12-11,19,39.68,38.21630403978066,B1+coupling_split
2017-12-11,20,40.7,35.848653916103764,B1+coupling_split
2017-12-11,21,34.43,32.45096618891357,B1+coupling_split
2017-12-11,22,31.95,30.19203636271967,B1+coupling_split
2017-12-11,23,27.35,25.90123680600629,B1+coupling_split
2017-12-12,0,24.52,23.048869191567753,B1+coupling_split
2017-12-12,1,22.21,20.182299033271473,B1+coupling_split
2017-12-12,2,14.58,13.646812977496909,B1+coupling_split
2017-12-12,3,12.31,16.065218657523165,B1+coupling_split
2017-12-12,4,14.2,18.087267520190665,B1+coupling_split
2017-12-12,5,26.14,21.610697642194477,B1+coupling_split
2017-12-12,6,30.89,27.73296915744853,B1+coupling_split
2017-12-12,7,32.32,35.52499053698743,B1+coupling_split
2017-12-12,8,35.19,37.228286707779446,B1+coupling_split
2017-12-12,9,34.7,34.624554407343716,B1+coupling_split
2017-12-12,10,34.75,33.83278206881799,B1+coupling_split
2017-12-12,11,35.75,32.98681413254658,B1+coupling_split
2017-12-12,12,36.92,32.49478534890548,B1+coupling_split
2017-12-12,13,39.9,33.82768090423165,B1+coupling_split
2017-12-12,14,43.16,34.952584495417106,B1+coupling_split
2017-12-12,15,45.0,40.139639139289855,B1+coupling_split
2017-12-12,16,46.09,45.18125146318517,B1+coupling_split
2017-12-12,17,50.95,47.823246538238,B1+coupling_split
2017-12-12,18,46.95,45.740193049223834,B1+coupling_split
2017-12-12,19,46.08,43.082823541361996,B1+coupling_split
2017-12-12,20,46.1,37.69840257340294,B1+coupling_split
2017-12-12,21,40.95,33.50963642600214,B1+coupling_split
2017-12-12,22,36.74,30.27587670901989,B1+coupling_split
2017-12-12,23,27.96,24.382408278136587,B1+coupling_split
2017-12-13,0,22.55,23.31257213634589,B1+coupling_split
2017-12-13,1,20.0,21.507141060846795,B1+coupling_split
2017-12-13,2,15.96,20.70669258554575,B1+coupling_split
2017-12-13,3,12.74,18.62777392518348,B1+coupling_split
2017-12-13,4,14.2,18.604065053001275,B1+coupling_split
2017-12-13,5,18.02,21.373207031845848,B1+coupling_split
2017-12-13,6,32.93,30.686494636265824,B1+coupling_split
2017-12-13,7,34.19,37.235481263888,B1+coupling_split
2017-12-13,8,38.27,37.036142417837,B1+coupling_split
2017-12-13,9,34.45,35.17881288576138,B1+coupling_split
2017-12-13,10,30.97,33.2485439237,B1+coupling_split
2017-12-13,11,29.83,31.242850276035245,B1+coupling_split
2017-12-13,12,29.7,29.804751182708152,B1+coupling_split
2017-12-13,13,29.98,30.17239445157114,B1+coupling_split
2017-12-13,14,32.44,31.346494278802535,B1+coupling_split
2017-12-13,15,32.91,34.98695362365003,B1+coupling_split
2017-12-13,16,34.49,37.23990956027537,B1+coupling_split
2017-12-13,17,34.46,39.96498877704288,B1+coupling_split
2017-12-13,18,33.94,35.0472323549658,B1+coupling_split
2017-12-13,19,32.75,31.754364991343255,B1+coupling_split
2017-12-13,20,29.1,31.854292466502706,B1+coupling_split
2017-12-13,21,22.62,28.258364186717156,B1+coupling_split
2017-12-13,22,20.05,21.342148213371715,B1+coupling_split
2017-12-13,23,8.45,10.557535726731249,B1+coupling_split
2017-12-14,0,8.84,13.723922031052535,B1+coupling_split
2017-12-14,1,8.8,12.206620656624942,B1+coupling_split
2017-12-14,2,8.84,10.176471001366007,B1+coupling_split
2017-12-14,3,9.01,10.769956431295647,B1+coupling_split
2017-12-14,4,10.79,13.67718108584046,B1+coupling_split
2017-12-14,5,14.44,19.275595174491638,B1+coupling_split
2017-12-14,6,32.63,27.916857846796212,B1+coupling_split
2017-12-14,7,45.94,34.93212151535034,B1+coupling_split
2017-12-14,8,42.14,36.76376692347645,B1+coupling_split
2017-12-14,9,33.84,35.532585271847566,B1+coupling_split
2017-12-14,10,32.06,32.854009075245784,B1+coupling_split
2017-12-14,11,31.82,29.985492264748324,B1+coupling_split
2017-12-14,12,31.54,28.909751585867276,B1+coupling_split
2017-12-14,13,31.46,29.860299342126453,B1+coupling_split
2017-12-14,14,32.53,31.533601570993063,B1+coupling_split
2017-12-14,15,36.43,34.105655143123315,B1+coupling_split
2017-12-14,16,38.43,37.53686512126832,B1+coupling_split
2017-12-14,17,49.94,43.614786802270245,B1+coupling_split
2017-12-14,18,51.55,45.08521488449517,B1+coupling_split
2017-12-14,19,48.06,44.949621323762926,B1+coupling_split
2017-12-14,20,41.9,40.36755307831109,B1+coupling_split
2017-12-14,21,39.31,36.997390219249766,B1+coupling_split
2017-12-14,22,34.94,36.86363050581574,B1+coupling_split
2017-12-14,23,28.96,32.55896686433101,B1+coupling_split
2017-12-15,0,32.01,28.368090720994125,B1+coupling_split
2017-12-15,1,30.93,27.43346517892388,B1+coupling_split
2017-12-15,2,29.0,26.131373364731022,B1+coupling_split
2017-12-15,3,28.97,26.490068458278035,B1+coupling_split
2017-12-15,4,29.57,27.8394328622854,B1+coupling_split
2017-12-15,5,33.17,31.64720690951254,B1+coupling_split
2017-12-15,6,46.95,41.98756888352928,B1+coupling_split
2017-12-15,7,57.17,50.73309826318848,B1+coupling_split
2017-12-15,8,54.31,54.43655538714023,B1+coupling_split
2017-12-15,9,53.93,53.91023238204346,B1+coupling_split
2017-12-15,10,52.09,54.19946423316944,B1+coupling_split
2017-12-15,11,52.51,53.87589959969692,B1+coupling_split
2017-12-15,12,48.49,52.62252541529949,B1+coupling_split
2017-12-15,13,47.92,48.75207089206073,B1+coupling_split
2017-12-15,14,48.93,51.01638283648098,B1+coupling_split
2017-12-15,15,52.94,57.18031524849701,B1+coupling_split
2017-12-15,16,60.92,60.08734474872213,B1+coupling_split
2017-12-15,17,74.54,63.53551539256165,B1+coupling_split
2017-12-15,18,59.32,58.432833363781434,B1+coupling_split
2017-12-15,19,53.91,51.5603910497844,B1+coupling_split
2017-12-15,20,50.13,44.16065797188463,B1+coupling_split
2017-12-15,21,42.23,40.63989839311277,B1+coupling_split
2017-12-15,22,37.04,38.20595770638013,B1+coupling_split
2017-12-15,23,33.23,32.6158512508983,B1+coupling_split
2017-12-16,0,35.07,35.84036665608973,B1+coupling_split
2017-12-16,1,33.08,32.95112032720864,B1+coupling_split
2017-12-16,2,32.96,32.38604277203811,B1+coupling_split
2017-12-16,3,31.96,29.98542349115861,B1+coupling_split
2017-12-16,4,32.0,29.419556277008542,B1+coupling_split
2017-12-16,5,31.76,28.510370690823642,B1+coupling_split
2017-12-16,6,31.58,30.107652357741507,B1+coupling_split
2017-12-16,7,31.39,33.92692206474379,B1+coupling_split
2017-12-16,8,34.01,37.1705557990947,B1+coupling_split
2017-12-16,9,41.56,38.21212962915878,B1+coupling_split
2017-12-16,10,44.34,37.41859620929764,B1+coupling_split
2017-12-16,11,44.03,38.163907079071144,B1+coupling_split
2017-12-16,12,41.69,35.58395139800187,B1+coupling_split
2017-12-16,13,38.1,33.150389770061054,B1+coupling_split
2017-12-16,14,36.48,33.120870922442805,B1+coupling_split
2017-12-16,15,40.0,33.359449636597056,B1+coupling_split
2017-12-16,16,46.17,36.06554415850397,B1+coupling_split
2017-12-16,17,48.93,42.079025894944756,B1+coupling_split
2017-12-16,18,46.9,40.13751142251429,B1+coupling_split
2017-12-16,19,42.0,37.7182904755349,B1+coupling_split
2017-12-16,20,39.0,32.38189657595826,B1+coupling_split
2017-12-16,21,33.62,31.327787063334483,B1+coupling_split
2017-12-16,22,33.01,31.44503566248831,B1+coupling_split
2017-12-16,23,29.02,28.533507815472927,B1+coupling_split
2017-12-17,0,28.9,26.14518001023069,B1+coupling_split
2017-12-17,1,28.2,25.15828948477789,B1+coupling_split
2017-12-17,2,28.2,25.993737037189824,B1+coupling_split
2017-12-17,3,27.94,24.450445090419056,B1+coupling_split
2017-12-17,4,28.21,25.570270619249595,B1+coupling_split
2017-12-17,5,28.38,26.184388581454456,B1+coupling_split
2017-12-17,6,28.58,26.12558446677835,B1+coupling_split
2017-12-17,7,29.4,28.388393000247724,B1+coupling_split
2017-12-17,8,31.38,33.10184362869851,B1+coupling_split
2017-12-17,9,34.78,36.373883812767566,B1+coupling_split
2017-12-17,10,38.12,36.69134608819193,B1+coupling_split
2017-12-17,11,43.64,39.653007872903075,B1+coupling_split
2017-12-17,12,41.57,36.052223942666515,B1+coupling_split
2017-12-17,13,40.02,34.19895572309728,B1+coupling_split
2017-12-17,14,39.08,33.785904844708384,B1+coupling_split
2017-12-17,15,41.5,32.563814692866856,B1+coupling_split
2017-12-17,16,45.74,35.500782086584394,B1+coupling_split
2017-12-17,17,46.96,40.3907694406649,B1+coupling_split
2017-12-17,18,45.91,39.15640707398525,B1+coupling_split
2017-12-17,19,42.91,35.460736478560314,B1+coupling_split
2017-12-17,20,36.42,32.838846081034355,B1+coupling_split
2017-12-17,21,32.92,30.764909844188686,B1+coupling_split
2017-12-17,22,30.66,31.555253135069922,B1+coupling_split
2017-12-17,23,28.59,24.922620784208107,B1+coupling_split
2017-12-18,0,30.43,28.900587276867512,B1+coupling_split
2017-12-18,1,29.9,28.043605641472578,B1+coupling_split
2017-12-18,2,28.15,28.328318202012436,B1+coupling_split
2017-12-18,3,27.39,26.55816552362167,B1+coupling_split
2017-12-18,4,28.71,28.29963394036454,B1+coupling_split
2017-12-18,5,33.73,31.65385951219533,B1+coupling_split
2017-12-18,6,46.2,47.04936201126851,B1+coupling_split
2017-12-18,7,63.95,61.910517186618264,B1+coupling_split
2017-12-18,8,64.42,63.94010807742478,B1+coupling_split
2017-12-18,9,64.08,64.41676928868976,B1+coupling_split
2017-12-18,10,64.28,65.9317683523013,B1+coupling_split
2017-12-18,11,69.65,71.73560551087886,B1+coupling_split
2017-12-18,12,68.23,72.26136624575489,B1+coupling_split
2017-12-18,13,69.97,71.81679727039278,B1+coupling_split
2017-12-18,14,69.49,76.47542182649438,B1+coupling_split
2017-12-18,15,71.32,80.07010772198463,B1+coupling_split
2017-12-18,16,73.5,82.75903949726124,B1+coupling_split
2017-12-18,17,79.72,83.48049242576352,B1+coupling_split
2017-12-18,18,75.84,72.21668820005351,B1+coupling_split
2017-12-18,19,68.87,60.64153436741715,B1+coupling_split
2017-12-18,20,63.31,55.15383734401742,B1+coupling_split
2017-12-18,21,56.58,47.105738342135005,B1+coupling_split
2017-12-18,22,45.03,43.479719939054604,B1+coupling_split
2017-12-18,23,37.29,38.45059525876101,B1+coupling_split
2017-12-19,0,44.34,43.16727569144452,B1+coupling_split
2017-12-19,1,38.07,41.37749238844529,B1+coupling_split
2017-12-19,2,37.59,42.75102175672884,B1+coupling_split
2017-12-19,3,36.5,40.494653552248536,B1+coupling_split
2017-12-19,4,38.89,43.204790370983375,B1+coupling_split
2017-12-19,5,41.01,45.85513611565059,B1+coupling_split
2017-12-19,6,53.67,56.454078267504904,B1+coupling_split
2017-12-19,7,68.17,71.83249139258864,B1+coupling_split
2017-12-19,8,76.91,78.72423121854581,B1+coupling_split
2017-12-19,9,77.06,83.74696965798168,B1+coupling_split
2017-12-19,10,75.3,95.07276862666941,B1+coupling_split
2017-12-19,11,74.0,93.57441235955773,B1+coupling_split
2017-12-19,12,70.85,92.37882170246704,B1+coupling_split
2017-12-19,13,70.57,85.0739192094701,B1+coupling_split
2017-12-19,14,70.2,87.53197816886221,B1+coupling_split
2017-12-19,15,70.32,81.79569115795255,B1+coupling_split
2017-12-19,16,75.82,83.89318228747923,B1+coupling_split
2017-12-19,17,78.28,91.43333793838657,B1+coupling_split
2017-12-19,18,75.16,83.64349315996641,B1+coupling_split
2017-12-19,19,75.06,79.68622234868477,B1+coupling_split
2017-12-19,20,66.29,60.632293929130924,B1+coupling_split
2017-12-19,21,52.01,51.62304887097893,B1+coupling_split
2017-12-19,22,48.86,48.21328218298273,B1+coupling_split
2017-12-19,23,41.18,45.36028622807424,B1+coupling_split
2017-12-20,0,44.47,42.32768310301507,B1+coupling_split
2017-12-20,1,40.1,40.97361419084315,B1+coupling_split
2017-12-20,2,37.83,40.80981727347823,B1+coupling_split
2017-12-20,3,37.27,40.783879085062,B1+coupling_split
2017-12-20,4,40.85,42.48492243795276,B1+coupling_split
2017-12-20,5,45.79,43.720340569959816,B1+coupling_split
2017-12-20,6,57.35,53.88350980702954,B1+coupling_split
2017-12-20,7,75.98,67.35458429168523,B1+coupling_split
2017-12-20,8,76.7,75.03085500051878,B1+coupling_split
2017-12-20,9,76.69,81.53686431275486,B1+coupling_split
2017-12-20,10,76.61,86.97173813283163,B1+coupling_split
2017-12-20,11,76.56,88.53850269275688,B1+coupling_split
2017-12-20,12,76.35,86.6843524559129,B1+coupling_split
2017-12-20,13,76.03,82.91251363953867,B1+coupling_split
2017-12-20,14,74.89,81.30927521756439,B1+coupling_split
2017-12-20,15,72.05,72.92938003355391,B1+coupling_split
2017-12-20,16,76.06,76.50909194810083,B1+coupling_split
2017-12-20,17,79.3,76.50971066386681,B1+coupling_split
2017-12-20,18,77.26,68.11309927432798,B1+coupling_split
2017-12-20,19,75.96,62.27326690818311,B1+coupling_split
2017-12-20,20,64.16,49.539904376479626,B1+coupling_split
2017-12-20,21,46.03,43.278514839998095,B1+coupling_split
2017-12-20,22,42.01,40.157772671311534,B1+coupling_split
2017-12-20,23,37.63,34.51435283246936,B1+coupling_split
2017-12-21,0,33.09,32.86244008170465,B1+coupling_split
2017-12-21,1,35.26,31.088083518011636,B1+coupling_split
2017-12-21,2,31.88,29.89597680469157,B1+coupling_split
2017-12-21,3,33.04,29.092931071628264,B1+coupling_split
2017-12-21,4,33.6,29.54204700339868,B1+coupling_split
2017-12-21,5,35.05,32.4548085305849,B1+coupling_split
2017-12-21,6,35.19,42.67756603770167,B1+coupling_split
2017-12-21,7,45.94,55.09206417746024,B1+coupling_split
2017-12-21,8,49.9,56.648719440437645,B1+coupling_split
2017-12-21,9,50.0,57.14399165007799,B1+coupling_split
2017-12-21,10,51.03,56.3647873754454,B1+coupling_split
2017-12-21,11,54.48,57.04353542471133,B1+coupling_split
2017-12-21,12,55.96,54.651811397247656,B1+coupling_split
2017-12-21,13,49.99,51.68178277463059,B1+coupling_split
2017-12-21,14,46.15,52.21543500375604,B1+coupling_split
2017-12-21,15,46.86,55.24877206851925,B1+coupling_split
2017-12-21,16,51.93,56.06735492692175,B1+coupling_split
2017-12-21,17,50.95,64.55882423531409,B1+coupling_split
2017-12-21,18,51.03,59.54250768972217,B1+coupling_split
2017-12-21,19,46.02,57.86977786041555,B1+coupling_split
2017-12-21,20,35.83,47.95354064183624,B1+coupling_split
2017-12-21,21,36.26,40.61080842307956,B1+coupling_split
2017-12-21,22,38.72,38.24208500874108,B1+coupling_split
2017-12-21,23,34.84,31.551256336858287,B1+coupling_split
2017-12-22,0,27.76,31.392844563878494,B1+coupling_split
2017-12-22,1,26.45,30.5039731725302,B1+coupling_split
2017-12-22,2,26.2,30.591986785517832,B1+coupling_split
2017-12-22,3,26.36,29.14465593586388,B1+coupling_split
2017-12-22,4,27.59,31.151757636403737,B1+coupling_split
2017-12-22,5,31.93,33.82131880415718,B1+coupling_split
2017-12-22,6,38.61,41.54223022046704,B1+coupling_split
2017-12-22,7,47.52,52.622692916628615,B1+coupling_split
2017-12-22,8,48.0,58.17338846182828,B1+coupling_split
2017-12-22,9,50.0,56.837701957990824,B1+coupling_split
2017-12-22,10,48.99,60.92317048273044,B1+coupling_split
2017-12-22,11,46.55,62.61523993358538,B1+coupling_split
2017-12-22,12,47.86,56.34574335669822,B1+coupling_split
2017-12-22,13,46.96,49.584097313175945,B1+coupling_split
2017-12-22,14,39.0,47.09817446228141,B1+coupling_split
2017-12-22,15,39.37,46.83231079228584,B1+coupling_split
2017-12-22,16,46.06,48.87742882253454,B1+coupling_split
2017-12-22,17,47.34,56.81555468314393,B1+coupling_split
2017-12-22,18,41.5,51.190422459067214,B1+coupling_split
2017-12-22,19,40.66,46.13574927505871,B1+coupling_split
2017-12-22,20,42.91,41.65442355021803,B1+coupling_split
2017-12-22,21,42.06,37.2843595476714,B1+coupling_split
2017-12-22,22,37.4,37.95663750467097,B1+coupling_split
2017-12-22,23,30.62,33.56992097970999,B1+coupling_split
2017-12-23,0,26.33,26.69842258973854,B1+coupling_split
2017-12-23,1,17.72,23.039666395521657,B1+coupling_split
2017-12-23,2,11.8,20.46304251091895,B1+coupling_split
2017-12-23,3,11.3,19.314400603794716,B1+coupling_split
2017-12-23,4,12.4,19.93756407173908,B1+coupling_split
2017-12-23,5,8.4,21.352008365531944,B1+coupling_split
2017-12-23,6,9.71,23.018089564249063,B1+coupling_split
2017-12-23,7,10.71,19.71821029893056,B1+coupling_split
2017-12-23,8,14.78,24.700908865101937,B1+coupling_split
2017-12-23,9,18.79,29.07587463779994,B1+coupling_split
2017-12-23,10,20.08,28.601031381176746,B1+coupling_split
2017-12-23,11,14.74,27.036668021637617,B1+coupling_split
2017-12-23,12,14.77,26.215500068153485,B1+coupling_split
2017-12-23,13,10.87,22.79280319908856,B1+coupling_split
2017-12-23,14,5.65,22.010667730383076,B1+coupling_split
2017-12-23,15,10.04,22.302587844307492,B1+coupling_split
2017-12-23,16,12.91,26.04528002559282,B1+coupling_split
2017-12-23,17,22.01,27.544988342538026,B1+coupling_split
2017-12-23,18,18.08,25.34473909619324,B1+coupling_split
2017-12-23,19,10.84,26.667939315264555,B1+coupling_split
2017-12-23,20,0.4,23.125722791513496,B1+coupling_split
2017-12-23,21,-0.03,20.811603028097718,B1+coupling_split
2017-12-23,22,-0.09,20.820393402064063,B1+coupling_split
2017-12-23,23,-12.12,8.83668867751911,B1+coupling_split
2017-12-24,0,-40.84,-13.397529492195403,B1+coupling_split
2017-12-24,1,-43.18,-24.625345828251376,B1+coupling_split
2017-12-24,2,-55.99,-24.456792923893424,B1+coupling_split
2017-12-24,3,-49.99,-19.868190842984333,B1+coupling_split
2017-12-24,4,-40.14,-11.748779730651346,B1+coupling_split
2017-12-24,5,-36.05,-12.590966909444958,B1+coupling_split
2017-12-24,6,-42.93,-11.02984487351415,B1+coupling_split
2017-12-24,7,-9.94,-13.13591865809395,B1+coupling_split
2017-12-24,8,2.13,-4.111725798697478,B1+coupling_split
2017-12-24,9,5.07,9.41663788264076,B1+coupling_split
2017-12-24,10,5.03,15.233510358580162,B1+coupling_split
2017-12-24,11,6.82,17.034333462834983,B1+coupling_split
2017-12-24,12,2.17,15.759409395717148,B1+coupling_split
2017-12-24,13,2.93,10.71548154211855,B1+coupling_split
2017-12-24,14,0.1,5.577153576289014,B1+coupling_split
2017-12-24,15,1.09,3.8311378203240984,B1+coupling_split
2017-12-24,16,6.75,9.109300614616252,B1+coupling_split
2017-12-24,17,11.08,15.768359682319772,B1+coupling_split
2017-12-24,18,2.85,16.14184525298508,B1+coupling_split
2017-12-24,19,1.8,10.930237506468334,B1+coupling_split
2017-12-24,20,-4.94,11.274365507856466,B1+coupling_split
2017-12-24,21,-6.74,15.66764063174383,B1+coupling_split
2017-12-24,22,0.08,17.381888559674458,B1+coupling_split
2017-12-24,23,0.06,7.00651810750799,B1+coupling_split
2017-12-25,0,-4.98,-3.7851235584324847,B1+coupling_split
2017-12-25,1,-32.58,-10.12609614494244,B1+coupling_split
2017-12-25,2,-19.79,-13.43359933055882,B1+coupling_split
2017-12-25,3,-11.9,-10.615679196727243,B1+coupling_split
2017-12-25,4,-4.96,-8.94908206796389,B1+coupling_split
2017-12-25,5,-4.83,0.6143185992069071,B1+coupling_split
2017-12-25,6,-61.41,3.5302057547823793,B1+coupling_split
2017-12-25,7,-4.97,1.658094374763614,B1+coupling_split
2017-12-25,8,0.07,2.730839183533277,B1+coupling_split
2017-12-25,9,9.94,14.591440844919891,B1+coupling_split
2017-12-25,10,19.9,18.763576709432662,B1+coupling_split
2017-12-25,11,22.01,18.357979660811807,B1+coupling_split
2017-12-25,12,18.35,16.88017059473877,B1+coupling_split
2017-12-25,13,15.99,15.981289922309497,B1+coupling_split
2017-12-25,14,12.97,19.027543496609802,B1+coupling_split
2017-12-25,15,17.97,21.54642885007641,B1+coupling_split
2017-12-25,16,17.99,25.2587196426255,B1+coupling_split
2017-12-25,17,26.45,29.851195571419197,B1+coupling_split
2017-12-25,18,27.41,31.880888965864237,B1+coupling_split
2017-12-25,19,27.59,27.640494393686758,B1+coupling_split
2017-12-25,20,25.64,23.34787427339336,B1+coupling_split
2017-12-25,21,22.09,23.946967087584866,B1+coupling_split
2017-12-25,22,22.17,24.26157199755727,B1+coupling_split
2017-12-25,23,22.0,16.11214426165658,B1+coupling_split
2017-12-26,0,5.06,17.50703092489875,B1+coupling_split
2017-12-26,1,5.06,10.54920514320005,B1+coupling_split
2017-12-26,2,-1.44,5.527686550664519,B1+coupling_split
2017-12-26,3,-6.94,0.7183278577664218,B1+coupling_split
2017-12-26,4,-9.65,-1.657015633076444,B1+coupling_split
2017-12-26,5,-9.89,2.3252373714514114,B1+coupling_split
2017-12-26,6,-11.88,1.4017916488000033,B1+coupling_split
2017-12-26,7,-3.24,5.973401577575078,B1+coupling_split
2017-12-26,8,-9.78,-0.2262184596850787,B1+coupling_split
2017-12-26,9,0.0,3.2316957884153723,B1+coupling_split
2017-12-26,10,-24.33,-1.8620268149040342,B1+coupling_split
2017-12-26,11,-31.69,-0.7847473366790965,B1+coupling_split
2017-12-26,12,-52.82,-2.6502841194776323,B1+coupling_split
2017-12-26,13,-53.42,-2.93401317129522,B1+coupling_split
2017-12-26,14,-18.0,3.252471417603328,B1+coupling_split
2017-12-26,15,-0.48,14.693679947204865,B1+coupling_split
2017-12-26,16,5.49,21.22726167126966,B1+coupling_split
2017-12-26,17,10.66,25.807069948467383,B1+coupling_split
2017-12-26,18,13.35,28.54350118781184,B1+coupling_split
2017-12-26,19,11.19,27.198913332844548,B1+coupling_split
2017-12-26,20,19.0,25.859265026364803,B1+coupling_split
2017-12-26,21,18.06,21.683432284450387,B1+coupling_split
2017-12-26,22,22.02,20.84981072682176,B1+coupling_split
2017-12-26,23,13.46,18.820957872179882,B1+coupling_split
2017-12-27,0,25.37,17.080776296854225,B1+coupling_split
2017-12-27,1,15.09,13.730331800655392,B1+coupling_split
2017-12-27,2,13.93,12.690392481449372,B1+coupling_split
2017-12-27,3,13.48,12.381538004644602,B1+coupling_split
2017-12-27,4,12.74,13.043631446351238,B1+coupling_split
2017-12-27,5,13.29,17.231768215997157,B1+coupling_split
2017-12-27,6,20.03,23.768793624724733,B1+coupling_split
2017-12-27,7,28.62,25.848107809436613,B1+coupling_split
2017-12-27,8,32.0,27.85876195441344,B1+coupling_split
2017-12-27,9,34.91,28.556386459350435,B1+coupling_split
2017-12-27,10,35.3,28.5576353739133,B1+coupling_split
2017-12-27,11,42.46,30.520263621318456,B1+coupling_split
2017-12-27,12,46.11,29.663084130510228,B1+coupling_split
2017-12-27,13,46.01,31.158359019835242,B1+coupling_split
2017-12-27,14,46.4,31.893858877003694,B1+coupling_split
2017-12-27,15,46.48,33.393158953835275,B1+coupling_split
2017-12-27,16,50.9,35.832570547048405,B1+coupling_split
2017-12-27,17,56.09,40.96570809392096,B1+coupling_split
2017-12-27,18,57.57,41.549023691430875,B1+coupling_split
2017-12-27,19,51.33,40.58204393131841,B1+coupling_split
2017-12-27,20,42.4,35.26571977579896,B1+coupling_split
2017-12-27,21,40.0,31.34197807628288,B1+coupling_split
2017-12-27,22,42.24,31.211355250471996,B1+coupling_split
2017-12-27,23,31.27,23.223646430879658,B1+coupling_split
2017-12-28,0,28.87,31.09846946838891,B1+coupling_split
2017-12-28,1,28.12,28.23260667110122,B1+coupling_split
2017-12-28,2,27.2,27.34276815752903,B1+coupling_split
2017-12-28,3,26.0,24.62039725556098,B1+coupling_split
2017-12-28,4,26.33,24.37182839592457,B1+coupling_split
2017-12-28,5,28.89,25.913569806005537,B1+coupling_split
2017-12-28,6,30.74,28.415837688017476,B1+coupling_split
2017-12-28,7,35.98,34.74749524704763,B1+coupling_split
2017-12-28,8,38.43,37.736747622198884,B1+coupling_split
2017-12-28,9,39.93,37.87426889987368,B1+coupling_split
2017-12-28,10,40.12,38.6417930194983,B1+coupling_split
2017-12-28,11,39.97,38.89112159524018,B1+coupling_split
2017-12-28,12,40.16,35.60218592127306,B1+coupling_split
2017-12-28,13,39.24,33.009915392170825,B1+coupling_split
2017-12-28,14,36.42,32.754905764249386,B1+coupling_split
2017-12-28,15,40.03,33.364938865934455,B1+coupling_split
2017-12-28,16,42.98,34.36201910337559,B1+coupling_split
2017-12-28,17,43.01,38.908819423813725,B1+coupling_split
2017-12-28,18,42.16,37.75708516903531,B1+coupling_split
2017-12-28,19,34.93,32.91139300808196,B1+coupling_split
2017-12-28,20,25.06,26.11354753759429,B1+coupling_split
2017-12-28,21,19.99,23.913998190922936,B1+coupling_split
2017-12-28,22,19.22,25.704737559889438,B1+coupling_split
2017-12-28,23,5.86,20.667166060929112,B1+coupling_split
2017-12-29,0,9.73,8.028411424974223,B1+coupling_split
2017-12-29,1,0.72,7.001807947645261,B1+coupling_split
2017-12-29,2,-0.93,2.999509349002441,B1+coupling_split
2017-12-29,3,1.07,4.361648080181848,B1+coupling_split
2017-12-29,4,1.0,9.269885002499315,B1+coupling_split
2017-12-29,5,2.91,13.649438749374045,B1+coupling_split
2017-12-29,6,3.6,20.27222066867077,B1+coupling_split
2017-12-29,7,15.97,27.45984429980542,B1+coupling_split
2017-12-29,8,29.69,31.962852387998293,B1+coupling_split
2017-12-29,9,30.2,32.360680040175914,B1+coupling_split
2017-12-29,10,29.83,32.18703173693416,B1+coupling_split
2017-12-29,11,29.47,31.559319508876342,B1+coupling_split
2017-12-29,12,29.2,29.42151398119787,B1+coupling_split
2017-12-29,13,29.45,29.957764936962516,B1+coupling_split
2017-12-29,14,30.02,30.972307282702282,B1+coupling_split
2017-12-29,15,31.0,32.97166768347812,B1+coupling_split
2017-12-29,16,32.98,36.63229319734034,B1+coupling_split
2017-12-29,17,34.95,42.06331006605797,B1+coupling_split
2017-12-29,18,32.79,38.66785017253856,B1+coupling_split
2017-12-29,19,30.23,32.910684642394344,B1+coupling_split
2017-12-29,20,28.49,28.30756902106244,B1+coupling_split
2017-12-29,21,26.51,27.32265083328603,B1+coupling_split
2017-12-29,22,26.9,26.78454685827008,B1+coupling_split
2017-12-29,23,15.06,22.926613665686254,B1+coupling_split
2017-12-30,0,16.4,16.89021852446332,B1+coupling_split
2017-12-30,1,13.33,13.073606794573843,B1+coupling_split
2017-12-30,2,13.25,9.987682126893088,B1+coupling_split
2017-12-30,3,12.04,9.269810459785369,B1+coupling_split
2017-12-30,4,11.45,9.539622139670506,B1+coupling_split
2017-12-30,5,8.49,10.619962727734402,B1+coupling_split
2017-12-30,6,9.83,5.525797799562088,B1+coupling_split
2017-12-30,7,12.07,11.04480120181221,B1+coupling_split
2017-12-30,8,13.41,17.96708058411279,B1+coupling_split
2017-12-30,9,16.09,25.329180150862882,B1+coupling_split
2017-12-30,10,18.8,27.668496119352476,B1+coupling_split
2017-12-30,11,17.03,26.23255491369408,B1+coupling_split
2017-12-30,12,17.67,24.27515240900765,B1+coupling_split
2017-12-30,13,15.51,21.924616680105842,B1+coupling_split
2017-12-30,14,17.61,18.14865947885381,B1+coupling_split
2017-12-30,15,13.22,14.001831303647826,B1+coupling_split
2017-12-30,16,14.02,16.742341499116286,B1+coupling_split
2017-12-30,17,16.78,21.389229421088675,B1+coupling_split
2017-12-30,18,16.01,17.808608679417848,B1+coupling_split
2017-12-30,19,16.18,7.373964199005179,B1+coupling_split
2017-12-30,20,11.13,1.3421076807136672,B1+coupling_split
2017-12-30,21,4.62,0.07169394916111571,B1+coupling_split
2017-12-30,22,4.71,3.6141631823871414,B1+coupling_split
2017-12-30,23,-0.27,-2.005589500964202,B1+coupling_split
2017-12-31,0,-2.04,-15.420204803476555,B1+coupling_split
2017-12-31,1,-4.99,-16.767924535605736,B1+coupling_split
2017-12-31,2,-0.59,-11.683722732152745,B1+coupling_split
2017-12-31,3,-3.71,-8.463762855531442,B1+coupling_split
2017-12-31,4,0.08,-3.4999899103046666,B1+coupling_split
2017-12-31,5,1.16,-2.7881221944948713,B1+coupling_split
2017-12-31,6,-0.86,-5.720479554340667,B1+coupling_split
2017-12-31,7,4.09,-5.3335227696589484,B1+coupling_split
2017-12-31,8,4.17,0.9662825589663058,B1+coupling_split
2017-12-31,9,4.21,6.715584360626401,B1+coupling_split
2017-12-31,10,9.05,6.343610546624422,B1+coupling_split
2017-12-31,11,9.2,5.960300579166308,B1+coupling_split
2017-12-31,12,4.45,-0.615080787678405,B1+coupling_split
2017-12-31,13,2.04,-11.69189971846098,B1+coupling_split
2017-12-31,14,0.06,-14.383172619828482,B1+coupling_split
2017-12-31,15,0.36,-13.3279403374422,B1+coupling_split
2017-12-31,16,1.46,-3.2162242404093107,B1+coupling_split
2017-12-31,17,6.14,8.508804757431601,B1+coupling_split
2017-12-31,18,9.96,10.285912225636785,B1+coupling_split
2017-12-31,19,7.92,8.214279263652575,B1+coupling_split
2017-12-31,20,4.06,5.457976083813975,B1+coupling_split
2017-12-31,21,5.3,10.278966208853959,B1+coupling_split
2017-12-31,22,1.86,12.56454950038863,B1+coupling_split
2017-12-31,23,-0.92,3.833704726770545,B1+coupling_split
