origin,hour,y_true,y_pred,model
2017-10-13,0,30.53,27.365243344373418,B5_reserve_margin
2017-10-13,1,29.38,25.879636307834375,B5_reserve_margin
2017-10-13,2,28.34,24.963347826733482,B5_reserve_margin
2017-10-13,3,28.46,24.095114422526134,B5_reserve_margin
2017-10-13,4,29.03,24.722214252597645,B5_reserve_margin
2017-10-13,5,31.47,27.741523017299965,B5_reserve_margin
2017-10-13,6,43.08,37.987975661674874,B5_reserve_margin
2017-10-13,7,59.93,48.18624143262166,B5_reserve_margin
2017-10-13,8,64.82,49.691556533674515,B5_reserve_margin
2017-10-13,9,50.81,46.039439866492664,B5_reserve_margin
2017-10-13,10,46.46,43.71439155468339,B5_reserve_margin
2017-10-13,11,44.4,39.43865575222881,B5_reserve_margin
2017-10-13,12,38.03,32.7944945148955,B5_reserve_margin
2017-10-13,13,33.49,30.330738028480123,B5_reserve_margin
2017-10-13,14,31.29,29.94377886422642,B5_reserve_margin
2017-10-13,15,34.72,30.240243812382875,B5_reserve_margin
2017-10-13,16,36.99,32.659137877301575,B5_reserve_margin
2017-10-13,17,46.45,38.25459328858391,B5_reserve_margin
2017-10-13,18,55.9,44.218018619917586,B5_reserve_margin
2017-10-13,19,49.9,46.10870940367097,B5_reserve_margin
2017-10-13,20,39.27,39.684925786888805,B5_reserve_margin
2017-10-13,21,35.21,35.4494509862677,B5_reserve_margin
2017-10-13,22,31.66,31.421040319515182,B5_reserve_margin
2017-10-13,23,29.63,27.367366650801,B5_reserve_margin
2017-10-14,0,28.0,27.431023491740383,B5_reserve_margin
2017-10-14,1,26.99,25.589230006562484,B5_reserve_margin
2017-10-14,2,27.41,24.528782503555796,B5_reserve_margin
2017-10-14,3,26.4,23.713824038134344,B5_reserve_margin
2017-10-14,4,26.17,23.578300860285534,B5_reserve_margin
2017-10-14,5,26.1,24.472576837674588,B5_reserve_margin
2017-10-14,6,28.0,25.376391683456585,B5_reserve_margin
2017-10-14,7,33.99,27.35126413596033,B5_reserve_margin
2017-10-14,8,39.42,29.033722072683407,B5_reserve_margin
2017-10-14,9,35.95,28.983185515558386,B5_reserve_margin
2017-10-14,10,28.04,24.04486249448461,B5_reserve_margin
2017-10-14,11,22.86,21.564213145240622,B5_reserve_margin
2017-10-14,12,26.07,17.246222209905863,B5_reserve_margin
2017-10-14,13,12.67,16.341031368077545,B5_reserve_margin
2017-10-14,14,13.31,16.670572497196346,B5_reserve_margin
2017-10-14,15,26.42,20.209405685816712,B5_reserve_margin
2017-10-14,16,31.44,24.487414910680975,B5_reserve_margin
2017-10-14,17,40.02,34.570262773119246,B5_reserve_margin
2017-10-14,18,49.71,42.16252265262239,B5_reserve_margin
2017-10-14,19,52.51,46.23620169620972,B5_reserve_margin
2017-10-14,20,43.97,38.03487007224112,B5_reserve_margin
2017-10-14,21,40.03,33.47119995241298,B5_reserve_margin
2017-10-14,22,39.07,33.82374926820148,B5_reserve_margin
2017-10-14,23,31.43,30.168591649789292,B5_reserve_margin
2017-10-15,0,34.26,29.128997074525746,B5_reserve_margin
2017-10-15,1,31.56,26.59604444422218,B5_reserve_margin
2017-10-15,2,30.41,26.148586195993115,B5_reserve_margin
2017-10-15,3,29.27,25.007313784134166,B5_reserve_margin
2017-10-15,4,29.04,24.875210899245364,B5_reserve_margin
2017-10-15,5,28.91,25.236117176919198,B5_reserve_margin
2017-10-15,6,31.18,28.405474849212286,B5_reserve_margin
2017-10-15,7,35.9,32.57639141677808,B5_reserve_margin
2017-10-15,8,34.22,35.86542399384144,B5_reserve_margin
2017-10-15,9,33.24,33.51490390880937,B5_reserve_margin
2017-10-15,10,31.58,30.533948724546168,B5_reserve_margin
2017-10-15,11,30.97,27.594738457294348,B5_reserve_margin
2017-10-15,12,22.77,24.271866318397475,B5_reserve_margin
2017-10-15,13,17.07,18.805609496818217,B5_reserve_margin
2017-10-15,14,22.44,16.856625067476045,B5_reserve_margin
2017-10-15,15,26.63,19.96477988660235,B5_reserve_margin
2017-10-15,16,28.03,23.848199414318323,B5_reserve_margin
2017-10-15,17,39.38,32.30600625679453,B5_reserve_margin
2017-10-15,18,45.05,39.168329128553886,B5_reserve_margin
2017-10-15,19,45.04,42.97066163645635,B5_reserve_margin
2017-10-15,20,31.75,36.60780177272998,B5_reserve_margin
2017-10-15,21,31.73,32.303926193670584,B5_reserve_margin
2017-10-15,22,29.09,30.881414584608557,B5_reserve_margin
2017-10-15,23,18.4,26.284424185596023,B5_reserve_margin
2017-10-16,0,22.99,20.83033634416506,B5_reserve_margin
2017-10-16,1,21.26,20.47049520745735,B5_reserve_margin
2017-10-16,2,21.86,20.358674090263253,B5_reserve_margin
2017-10-16,3,21.79,20.428360754494946,B5_reserve_margin
2017-10-16,4,22.93,21.983503341069557,B5_reserve_margin
2017-10-16,5,28.9,25.77991960737057,B5_reserve_margin
2017-10-16,6,42.0,38.02557483523406,B5_reserve_margin
2017-10-16,7,55.34,46.346965449286294,B5_reserve_margin
2017-10-16,8,51.65,47.10338647918573,B5_reserve_margin
2017-10-16,9,43.12,42.173503061953916,B5_reserve_margin
2017-10-16,10,37.3,37.56707399872646,B5_reserve_margin
2017-10-16,11,33.16,35.50148009517248,B5_reserve_margin
2017-10-16,12,32.26,32.825063461000546,B5_reserve_margin
2017-10-16,13,31.68,31.12235325428977,B5_reserve_margin
2017-10-16,14,40.56,34.16040854827668,B5_reserve_margin
2017-10-16,15,42.5,38.11295530823493,B5_reserve_margin
2017-10-16,16,44.62,43.40485850527118,B5_reserve_margin
2017-10-16,17,50.9,57.732184978480454,B5_reserve_margin
2017-10-16,18,63.47,67.03831878285537,B5_reserve_margin
2017-10-16,19,66.73,69.26710667455548,B5_reserve_margin
2017-10-16,20,45.95,45.526451739338576,B5_reserve_margin
2017-10-16,21,39.05,37.212103964011355,B5_reserve_margin
2017-10-16,22,34.07,32.452117886079265,B5_reserve_margin
2017-10-16,23,31.11,26.401005631108504,B5_reserve_margin
2017-10-17,0,28.95,29.01688118505109,B5_reserve_margin
2017-10-17,1,27.02,28.383077455435973,B5_reserve_margin
2017-10-17,2,26.99,26.91270092985272,B5_reserve_margin
2017-10-17,3,27.04,26.708341022145856,B5_reserve_margin
2017-10-17,4,28.06,27.881119817241135,B5_reserve_margin
2017-10-17,5,30.57,30.603384636786153,B5_reserve_margin
2017-10-17,6,34.99,39.299430964503905,B5_reserve_margin
2017-10-17,7,46.16,50.84111926163687,B5_reserve_margin
2017-10-17,8,44.97,52.16034063505509,B5_reserve_margin
2017-10-17,9,36.95,44.279624863768106,B5_reserve_margin
2017-10-17,10,33.46,39.89156716976725,B5_reserve_margin
2017-10-17,11,31.34,36.70478062711715,B5_reserve_margin
2017-10-17,12,29.24,31.093109295870246,B5_reserve_margin
2017-10-17,13,30.22,31.43783113104663,B5_reserve_margin
2017-10-17,14,29.72,32.45164026256383,B5_reserve_margin
2017-10-17,15,32.8,35.62554142828227,B5_reserve_margin
2017-10-17,16,35.47,39.30173246374098,B5_reserve_margin
2017-10-17,17,47.92,49.33669436328579,B5_reserve_margin
2017-10-17,18,63.36,60.53884701814977,B5_reserve_margin
2017-10-17,19,67.92,65.86762561907344,B5_reserve_margin
2017-10-17,20,47.38,48.337073726461604,B5_reserve_margin
2017-10-17,21,43.61,41.09678224199545,B5_reserve_margin
2017-10-17,22,39.99,38.17406622421336,B5_reserve_margin
2017-10-17,23,36.79,34.2946669942244,B5_reserve_margin
2017-10-18,0,33.22,35.509129249993165,B5_reserve_margin
2017-10-18,1,34.02,35.400019191080496,B5_reserve_margin
2017-10-18,2,34.02,35.959017179588784,B5_reserve_margin
2017-10-18,3,31.89,35.62918394156935,B5_reserve_margin
2017-10-18,4,31.81,37.95101834420983,B5_reserve_margin
2017-10-18,5,36.03,41.54313839637899,B5_reserve_margin
2017-10-18,6,49.87,52.111292896079554,B5_reserve_margin
2017-10-18,7,66.0,65.95478490471763,B5_reserve_margin
2017-10-18,8,69.94,65.61249428713587,B5_reserve_margin
2017-10-18,9,67.91,59.874534905521244,B5_reserve_margin
2017-10-18,10,64.42,55.69531764020168,B5_reserve_margin
2017-10-18,11,63.08,52.19928843470095,B5_reserve_margin
2017-10-18,12,47.93,46.100227645648495,B5_reserve_margin
2017-10-18,13,45.97,45.981027014299784,B5_reserve_margin
2017-10-18,14,46.07,45.41784534064627,B5_reserve_margin
2017-10-18,15,55.84,49.20170353363024,B5_reserve_margin
2017-10-18,16,62.65,53.72769898661173,B5_reserve_margin
2017-10-18,17,65.66,71.20374060344972,B5_reserve_margin
2017-10-18,18,73.41,82.12479331426323,B5_reserve_margin
2017-10-18,19,83.02,99.65066533834538,B5_reserve_margin
2017-10-18,20,66.84,65.43798572342892,B5_reserve_margin
2017-10-18,21,54.27,49.9983438320542,B5_reserve_margin
2017-10-18,22,40.45,46.2914992582884,B5_reserve_margin
2017-10-18,23,36.94,40.88495298683002,B5_reserve_margin
2017-10-19,0,34.28,36.750894611973926,B5_reserve_margin
2017-10-19,1,34.26,36.74490537348929,B5_reserve_margin
2017-10-19,2,33.59,35.30176904762552,B5_reserve_margin
2017-10-19,3,33.74,34.63511258136441,B5_reserve_margin
2017-10-19,4,34.0,34.08561898446162,B5_reserve_margin
2017-10-19,5,34.89,37.882336359241954,B5_reserve_margin
2017-10-19,6,53.71,51.261268115888065,B5_reserve_margin
2017-10-19,7,67.66,64.67313525283545,B5_reserve_margin
2017-10-19,8,68.54,69.75963299938817,B5_reserve_margin
2017-10-19,9,67.82,61.05630035013211,B5_reserve_margin
2017-10-19,10,62.07,53.82473224307897,B5_reserve_margin
2017-10-19,11,49.97,48.89844281369631,B5_reserve_margin
2017-10-19,12,46.57,41.46785260837778,B5_reserve_margin
2017-10-19,13,41.55,40.533849745430445,B5_reserve_margin
2017-10-19,14,40.53,39.71597991242713,B5_reserve_margin
2017-10-19,15,43.63,43.04842871373926,B5_reserve_margin
2017-10-19,16,49.91,45.66205732719912,B5_reserve_margin
2017-10-19,17,58.01,52.56802904408589,B5_reserve_margin
2017-10-19,18,61.27,56.52603883459419,B5_reserve_margin
2017-10-19,19,54.3,56.5854946406181,B5_reserve_margin
2017-10-19,20,41.55,42.556731774601054,B5_reserve_margin
2017-10-19,21,34.6,36.2300711011361,B5_reserve_margin
2017-10-19,22,34.87,32.84709971510994,B5_reserve_margin
2017-10-19,23,31.04,29.15607999931395,B5_reserve_margin
2017-10-20,0,29.62,29.064834475615957,B5_reserve_margin
2017-10-20,1,29.02,27.910265682701805,B5_reserve_margin
2017-10-20,2,29.06,26.66630857802615,B5_reserve_margin
2017-10-20,3,29.88,26.042574566082283,B5_reserve_margin
2017-10-20,4,30.0,27.290296313862825,B5_reserve_margin
2017-10-20,5,31.01,29.77267298956224,B5_reserve_margin
2017-10-20,6,39.91,37.724181309685044,B5_reserve_margin
2017-10-20,7,47.05,46.59524438623348,B5_reserve_margin
2017-10-20,8,51.28,49.524829046938535,B5_reserve_margin
2017-10-20,9,47.0,44.87356862122469,B5_reserve_margin
2017-10-20,10,43.14,41.94736128625167,B5_reserve_margin
2017-10-20,11,41.28,40.61232151062258,B5_reserve_margin
2017-10-20,12,37.59,36.631595058977254,B5_reserve_margin
2017-10-20,13,33.06,34.30522686813593,B5_reserve_margin
2017-10-20,14,32.89,32.99780376487267,B5_reserve_margin
2017-10-20,15,32.61,35.24067514535992,B5_reserve_margin
2017-10-20,16,33.04,37.25913045031693,B5_reserve_margin
2017-10-20,17,44.61,44.386226124460116,B5_reserve_margin
2017-10-20,18,47.86,48.33928511012635,B5_reserve_margin
2017-10-20,19,46.94,48.794709011816934,B5_reserve_margin
2017-10-20,20,38.98,40.691842252636974,B5_reserve_margin
2017-10-20,21,41.84,36.47279448560684,B5_reserve_margin
2017-10-20,22,35.86,34.45022777062494,B5_reserve_margin
2017-10-20,23,32.74,30.08357807235185,B5_reserve_margin
2017-10-21,0,35.0,31.03821563525443,B5_reserve_margin
2017-10-21,1,32.52,29.404140250551883,B5_reserve_margin
2017-10-21,2,32.05,29.168599009280737,B5_reserve_margin
2017-10-21,3,30.84,29.07893360147277,B5_reserve_margin
2017-10-21,4,29.35,29.38368329308979,B5_reserve_margin
2017-10-21,5,30.3,29.88171347086618,B5_reserve_margin
2017-10-21,6,31.16,32.92793908619271,B5_reserve_margin
2017-10-21,7,35.88,37.26934378554285,B5_reserve_margin
2017-10-21,8,41.91,41.58051393086807,B5_reserve_margin
2017-10-21,9,46.07,42.550108388037955,B5_reserve_margin
2017-10-21,10,47.71,43.25485525054592,B5_reserve_margin
2017-10-21,11,45.98,42.021063951565,B5_reserve_margin
2017-10-21,12,35.0,40.573871172971515,B5_reserve_margin
2017-10-21,13,31.02,34.7780162775887,B5_reserve_margin
2017-10-21,14,32.09,33.24397937202931,B5_reserve_margin
2017-10-21,15,32.0,33.18859320576274,B5_reserve_margin
2017-10-21,16,32.09,34.125328743516086,B5_reserve_margin
2017-10-21,17,36.56,39.741800284736144,B5_reserve_margin
2017-10-21,18,40.2,44.04892275542841,B5_reserve_margin
2017-10-21,19,40.71,43.136981240706355,B5_reserve_margin
2017-10-21,20,31.75,37.06199486330889,B5_reserve_margin
2017-10-21,21,28.59,32.77156038087942,B5_reserve_margin
2017-10-21,22,27.5,30.643483803495652,B5_reserve_margin
2017-10-21,23,15.48,27.247341530508145,B5_reserve_margin
2017-10-22,0,19.1,18.580308847926446,B5_reserve_margin
2017-10-22,1,19.03,16.201100342925194,B5_reserve_margin
2017-10-22,2,16.9,15.02073513229404,B5_reserve_margin
2017-10-22,3,12.98,13.630960707042924,B5_reserve_margin
2017-10-22,4,9.24,14.116332401523875,B5_reserve_margin
2017-10-22,5,5.23,16.024443133053587,B5_reserve_margin
2017-10-22,6,9.86,14.940235090208102,B5_reserve_margin
2017-10-22,7,9.85,15.033034628670507,B5_reserve_margin
2017-10-22,8,13.04,18.950368152733926,B5_reserve_margin
2017-10-22,9,12.9,20.37837478629279,B5_reserve_margin
2017-10-22,10,13.09,18.99371979990795,B5_reserve_margin
2017-10-22,11,14.3,21.984862164461788,B5_reserve_margin
2017-10-22,12,13.58,21.14836806675015,B5_reserve_margin
2017-10-22,13,13.44,19.67381783430892,B5_reserve_margin
2017-10-22,14,13.5,21.841088614907036,B5_reserve_margin
2017-10-22,15,23.39,23.538231344730804,B5_reserve_margin
2017-10-22,16,28.65,26.644939675195552,B5_reserve_margin
2017-10-22,17,34.45,34.37832232275522,B5_reserve_margin
2017-10-22,18,49.9,41.26381994059684,B5_reserve_margin
2017-10-22,19,49.97,44.32545101868325,B5_reserve_margin
2017-10-22,20,44.92,36.06829196138294,B5_reserve_margin
2017-10-22,21,35.88,33.32431506400084,B5_reserve_margin
2017-10-22,22,32.24,32.48266739558019,B5_reserve_margin
2017-10-22,23,29.05,27.887227501468196,B5_reserve_margin
2017-10-23,0,28.61,27.42114361158984,B5_reserve_margin
2017-10-23,1,27.86,26.10456505416533,B5_reserve_margin
2017-10-23,2,26.43,25.075674323702554,B5_reserve_margin
2017-10-23,3,23.07,23.74504582892845,B5_reserve_margin
2017-10-23,4,22.22,23.838217839940487,B5_reserve_margin
2017-10-23,5,30.33,27.83890095823979,B5_reserve_margin
2017-10-23,6,42.36,40.57142647999265,B5_reserve_margin
2017-10-23,7,50.21,48.203698730507114,B5_reserve_margin
2017-10-23,8,50.0,50.87562452034456,B5_reserve_margin
2017-10-23,9,45.39,49.98925237473619,B5_reserve_margin
2017-10-23,10,46.02,53.04382783172268,B5_reserve_margin
2017-10-23,11,46.1,55.27434818745266,B5_reserve_margin
2017-10-23,12,43.16,51.874909573166285,B5_reserve_margin
2017-10-23,13,46.34,50.10736389564778,B5_reserve_margin
2017-10-23,14,46.74,51.11097453563484,B5_reserve_margin
2017-10-23,15,46.01,52.89659089386507,B5_reserve_margin
2017-10-23,16,46.08,53.18051837065626,B5_reserve_margin
2017-10-23,17,49.66,61.03162304671892,B5_reserve_margin
2017-10-23,18,54.2,69.42123717827435,B5_reserve_margin
2017-10-23,19,53.91,69.18336405952147,B5_reserve_margin
2017-10-23,20,50.12,54.39337400757189,B5_reserve_margin
2017-10-23,21,45.48,45.1863295297279,B5_reserve_margin
2017-10-23,22,37.7,39.87587868605888,B5_reserve_margin
2017-10-23,23,36.0,36.24461649924862,B5_reserve_margin
2017-10-24,0,31.68,34.694144666889386,B5_reserve_margin
2017-10-24,1,32.41,34.405054257166206,B5_reserve_margin
2017-10-24,2,32.09,34.385782536721834,B5_reserve_margin
2017-10-24,3,31.67,33.373696714171004,B5_reserve_margin
2017-10-24,4,32.07,33.01184996201633,B5_reserve_margin
2017-10-24,5,34.3,35.05049753494327,B5_reserve_margin
2017-10-24,6,43.56,42.96073865836012,B5_reserve_margin
2017-10-24,7,46.59,51.97231664011958,B5_reserve_margin
2017-10-24,8,53.91,56.28415756818798,B5_reserve_margin
2017-10-24,9,48.42,56.21371164375539,B5_reserve_margin
2017-10-24,10,49.08,58.89464046512441,B5_reserve_margin
2017-10-24,11,45.39,57.96139738770282,B5_reserve_margin
2017-10-24,12,38.58,49.995963557884494,B5_reserve_margin
2017-10-24,13,38.23,47.477917349461876,B5_reserve_margin
2017-10-24,14,36.99,45.42238900821579,B5_reserve_margin
2017-10-24,15,36.99,43.90692884974266,B5_reserve_margin
2017-10-24,16,36.1,42.11654460428255,B5_reserve_margin
2017-10-24,17,39.68,44.63323529934935,B5_reserve_margin
2017-10-24,18,44.9,47.49746510556858,B5_reserve_margin
2017-10-24,19,39.56,46.49560715078022,B5_reserve_margin
2017-10-24,20,33.0,37.85797129090014,B5_reserve_margin
2017-10-24,21,32.6,32.045892076962225,B5_reserve_margin
2017-10-24,22,30.18,28.968794084960024,B5_reserve_margin
2017-10-24,23,27.02,25.775696809110798,B5_reserve_margin
2017-10-25,0,15.78,25.275213063675434,B5_reserve_margin
2017-10-25,1,15.05,23.731537768971336,B5_reserve_margin
2017-10-25,2,12.79,22.637408961884532,B5_reserve_margin
2017-10-25,3,13.99,22.139975194259897,B5_reserve_margin
2017-10-25,4,17.03,23.19161587944391,B5_reserve_margin
2017-10-25,5,26.35,26.03275623747131,B5_reserve_margin
2017-10-25,6,34.67,35.33656974343395,B5_reserve_margin
2017-10-25,7,44.84,43.04186427495013,B5_reserve_margin
2017-10-25,8,45.0,44.074535588808956,B5_reserve_margin
2017-10-25,9,43.94,39.158576862612065,B5_reserve_margin
2017-10-25,10,37.11,36.73154912835632,B5_reserve_margin
2017-10-25,11,31.57,34.174097611319766,B5_reserve_margin
2017-10-25,12,29.79,30.09682535721347,B5_reserve_margin
2017-10-25,13,29.66,28.46487725995441,B5_reserve_margin
2017-10-25,14,30.0,28.751813795404416,B5_reserve_margin
2017-10-25,15,31.05,30.834685026739052,B5_reserve_margin
2017-10-25,16,34.03,32.86220756361109,B5_reserve_margin
2017-10-25,17,44.74,40.05605778993136,B5_reserve_margin
2017-10-25,18,50.56,46.21082976504534,B5_reserve_margin
2017-10-25,19,56.85,47.65404224296251,B5_reserve_margin
2017-10-25,20,46.19,40.28752902019699,B5_reserve_margin
2017-10-25,21,45.92,36.72445046753405,B5_reserve_margin
2017-10-25,22,40.58,33.071238771123035,B5_reserve_margin
2017-10-25,23,33.09,28.422354654073505,B5_reserve_margin
2017-10-26,0,31.67,30.65971588476607,B5_reserve_margin
2017-10-26,1,32.18,28.130849611509184,B5_reserve_margin
2017-10-26,2,32.21,26.864110559247152,B5_reserve_margin
2017-10-26,3,32.25,27.404267602928087,B5_reserve_margin
2017-10-26,4,32.25,28.896933429272057,B5_reserve_margin
2017-10-26,5,35.36,31.471633339059714,B5_reserve_margin
2017-10-26,6,45.25,43.41189693118207,B5_reserve_margin
2017-10-26,7,55.93,52.601555478826405,B5_reserve_margin
2017-10-26,8,56.93,56.04873498018108,B5_reserve_margin
2017-10-26,9,51.9,54.42072455597017,B5_reserve_margin
2017-10-26,10,46.01,52.85987627022347,B5_reserve_margin
2017-10-26,11,43.25,47.72481194993439,B5_reserve_margin
2017-10-26,12,38.3,40.191609014468234,B5_reserve_margin
2017-10-26,13,32.38,38.33773589421843,B5_reserve_margin
2017-10-26,14,33.07,36.466050215766295,B5_reserve_margin
2017-10-26,15,36.97,38.74139213057286,B5_reserve_margin
2017-10-26,16,45.42,40.255409650887884,B5_reserve_margin
2017-10-26,17,48.91,46.70191196043112,B5_reserve_margin
2017-10-26,18,50.03,50.758084588927055,B5_reserve_margin
2017-10-26,19,50.93,48.26213965149468,B5_reserve_margin
2017-10-26,20,40.99,40.99186202173526,B5_reserve_margin
2017-10-26,21,34.97,37.10077728972229,B5_reserve_margin
2017-10-26,22,32.34,33.52905822290051,B5_reserve_margin
2017-10-26,23,30.92,28.05738284106841,B5_reserve_margin
2017-10-27,0,22.48,27.46207518167712,B5_reserve_margin
2017-10-27,1,21.71,26.07009152108105,B5_reserve_margin
2017-10-27,2,12.9,24.560120352321114,B5_reserve_margin
2017-10-27,3,12.81,23.457579142097128,B5_reserve_margin
2017-10-27,4,19.04,23.888332651205822,B5_reserve_margin
2017-10-27,5,24.01,26.62771612217956,B5_reserve_margin
2017-10-27,6,32.0,33.601324580660034,B5_reserve_margin
2017-10-27,7,36.79,40.6358169700101,B5_reserve_margin
2017-10-27,8,38.91,41.212331833811156,B5_reserve_margin
2017-10-27,9,38.69,38.90402238467896,B5_reserve_margin
2017-10-27,10,38.36,35.4930373293034,B5_reserve_margin
2017-10-27,11,33.52,32.46942905979607,B5_reserve_margin
2017-10-27,12,28.51,28.52593447218689,B5_reserve_margin
2017-10-27,13,25.97,26.089196004870423,B5_reserve_margin
2017-10-27,14,27.09,25.550508046116633,B5_reserve_margin
2017-10-27,15,26.99,28.393254427238702,B5_reserve_margin
2017-10-27,16,30.01,31.12156797711189,B5_reserve_margin
2017-10-27,17,37.8,38.30416248935318,B5_reserve_margin
2017-10-27,18,44.93,44.15654859365685,B5_reserve_margin
2017-10-27,19,46.93,44.55070075736717,B5_reserve_margin
2017-10-27,20,44.18,37.008398127038475,B5_reserve_margin
2017-10-27,21,35.99,35.44212117103863,B5_reserve_margin
2017-10-27,22,32.04,33.01980788990312,B5_reserve_margin
2017-10-27,23,19.17,28.45666009590311,B5_reserve_margin
2017-10-28,0,16.04,20.40115547152658,B5_reserve_margin
2017-10-28,1,9.41,16.613886688946195,B5_reserve_margin
2017-10-28,2,0.03,14.674008233376563,B5_reserve_margin
2017-10-28,3,-9.69,13.676643221313103,B5_reserve_margin
2017-10-28,4,-13.02,14.825299407379722,B5_reserve_margin
2017-10-28,5,-15.01,17.081414749534645,B5_reserve_margin
2017-10-28,6,-9.6,20.84556402793922,B5_reserve_margin
2017-10-28,7,0.12,21.666329157196408,B5_reserve_margin
2017-10-28,8,0.12,28.118059489081975,B5_reserve_margin
2017-10-28,9,5.41,28.092681654705352,B5_reserve_margin
2017-10-28,10,0.27,23.2695906499859,B5_reserve_margin
2017-10-28,11,0.11,21.434773785944707,B5_reserve_margin
2017-10-28,12,-0.1,18.875014468996078,B5_reserve_margin
2017-10-28,13,-13.38,13.850073764661875,B5_reserve_margin
2017-10-28,14,-31.42,13.736830059137453,B5_reserve_margin
2017-10-28,15,-17.03,16.411014408242156,B5_reserve_margin
2017-10-28,16,-4.02,20.763546982097843,B5_reserve_margin
2017-10-28,17,0.08,27.94585385397803,B5_reserve_margin
2017-10-28,18,7.56,35.11610602205,B5_reserve_margin
2017-10-28,19,8.89,35.39296642203869,B5_reserve_margin
2017-10-28,20,0.23,28.92485346191451,B5_reserve_margin
2017-10-28,21,-38.19,26.808982145816625,B5_reserve_margin
2017-10-28,22,-49.98,23.64442698679232,B5_reserve_margin
2017-10-28,23,-70.09,17.545196550579533,B5_reserve_margin
2017-10-29,0,-79.94,-48.899134307231435,B5_reserve_margin
2017-10-29,1,-83.0,-68.96885171650558,B5_reserve_margin
2017-10-29,2,-83.03,-69.41184536239791,B5_reserve_margin
2017-10-29,3,-83.03,-67.57083331604267,B5_reserve_margin
2017-10-29,4,-83.04,-68.06282089489386,B5_reserve_margin
2017-10-29,5,-83.02,-35.058097549119545,B5_reserve_margin
2017-10-29,6,-83.01,-13.904902493188281,B5_reserve_margin
2017-10-29,7,-80.0,-11.273087463033875,B5_reserve_margin
2017-10-29,8,-79.96,-16.35736136140578,B5_reserve_margin
2017-10-29,9,-76.02,-20.135402785822613,B5_reserve_margin
2017-10-29,10,-67.08,-8.410505700560549,B5_reserve_margin
2017-10-29,11,-81.95,-5.089323638219646,B5_reserve_margin
2017-10-29,12,-67.07,-13.622232664909983,B5_reserve_margin
2017-10-29,13,-80.07,-25.382092960231663,B5_reserve_margin
2017-10-29,14,-79.95,-30.965426096285128,B5_reserve_margin
2017-10-29,15,-76.06,-17.35125708127415,B5_reserve_margin
2017-10-29,16,-0.92,-5.492012535457452,B5_reserve_margin
2017-10-29,17,8.51,14.774698178175704,B5_reserve_margin
2017-10-29,18,27.62,30.302592402889875,B5_reserve_margin
2017-10-29,19,29.77,31.49488383181506,B5_reserve_margin
2017-10-29,20,22.06,23.902152272646767,B5_reserve_margin
2017-10-29,21,17.0,18.786360643971882,B5_reserve_margin
2017-10-29,22,12.44,18.952643077557564,B5_reserve_margin
2017-10-29,23,-70.05,13.360044355024893,B5_reserve_margin
2017-10-30,0,0.75,-23.623576038673733,B5_reserve_margin
2017-10-30,1,0.01,-35.58618985976729,B5_reserve_margin
2017-10-30,2,0.08,-38.09041060452364,B5_reserve_margin
2017-10-30,3,4.05,-34.87008471636996,B5_reserve_margin
2017-10-30,4,2.95,-25.705097086850813,B5_reserve_margin
2017-10-30,5,18.09,-5.121235020191104,B5_reserve_margin
2017-10-30,6,28.42,18.869968129407397,B5_reserve_margin
2017-10-30,7,36.43,26.664631614519042,B5_reserve_margin
2017-10-30,8,33.48,26.564654480607196,B5_reserve_margin
2017-10-30,9,30.38,22.924838071614627,B5_reserve_margin
2017-10-30,10,29.74,18.327923149694946,B5_reserve_margin
2017-10-30,11,29.46,16.4175063271274,B5_reserve_margin
2017-10-30,12,29.7,10.231474744411148,B5_reserve_margin
2017-10-30,13,29.98,12.697433144806269,B5_reserve_margin
2017-10-30,14,36.36,16.851356618992625,B5_reserve_margin
2017-10-30,15,43.99,23.11666431100751,B5_reserve_margin
2017-10-30,16,46.34,27.9017578839527,B5_reserve_margin
2017-10-30,17,61.0,36.31982609859189,B5_reserve_margin
2017-10-30,18,70.09,43.97134797735204,B5_reserve_margin
2017-10-30,19,51.98,41.96578853357059,B5_reserve_margin
2017-10-30,20,48.13,35.939698508420584,B5_reserve_margin
2017-10-30,21,47.18,31.011297315030063,B5_reserve_margin
2017-10-30,22,46.05,26.4734343119814,B5_reserve_margin
2017-10-30,23,41.97,20.856306555259202,B5_reserve_margin
2017-10-31,0,30.08,35.70752128465897,B5_reserve_margin
2017-10-31,1,30.89,35.11103581499455,B5_reserve_margin
2017-10-31,2,30.01,32.88700857797435,B5_reserve_margin
2017-10-31,3,29.09,32.11680264095991,B5_reserve_margin
2017-10-31,4,30.29,31.98511553223789,B5_reserve_margin
2017-10-31,5,32.24,31.932370989770273,B5_reserve_margin
2017-10-31,6,38.94,36.86541703600743,B5_reserve_margin
2017-10-31,7,37.9,40.36612612637239,B5_reserve_margin
2017-10-31,8,41.09,43.68512214566057,B5_reserve_margin
2017-10-31,9,39.92,40.23098249656218,B5_reserve_margin
2017-10-31,10,37.98,36.1639448158973,B5_reserve_margin
2017-10-31,11,39.97,34.97976234751465,B5_reserve_margin
2017-10-31,12,36.95,35.35810163345773,B5_reserve_margin
2017-10-31,13,34.14,33.56454102793736,B5_reserve_margin
2017-10-31,14,35.65,33.89004966028627,B5_reserve_margin
2017-10-31,15,38.99,36.776256729679794,B5_reserve_margin
2017-10-31,16,42.45,37.37322466711503,B5_reserve_margin
2017-10-31,17,46.92,41.903635396377155,B5_reserve_margin
2017-10-31,18,47.36,47.687436109724615,B5_reserve_margin
2017-10-31,19,44.31,41.75906049021505,B5_reserve_margin
2017-10-31,20,39.0,36.96891322888983,B5_reserve_margin
2017-10-31,21,37.1,31.890594617140895,B5_reserve_margin
2017-10-31,22,34.98,30.925983010631867,B5_reserve_margin
2017-10-31,23,30.82,28.95095121208354,B5_reserve_margin
2017-11-01,0,26.91,26.79587990871288,B5_reserve_margin
2017-11-01,1,23.06,24.651157846377732,B5_reserve_margin
2017-11-01,2,22.27,22.837448555258042,B5_reserve_margin
2017-11-01,3,22.97,21.728642350500873,B5_reserve_margin
2017-11-01,4,26.66,22.7793477823344,B5_reserve_margin
2017-11-01,5,27.03,22.927054609893386,B5_reserve_margin
2017-11-01,6,29.07,23.678554903174877,B5_reserve_margin
2017-11-01,7,31.0,31.33468126682398,B5_reserve_margin
2017-11-01,8,36.06,32.675359186690535,B5_reserve_margin
2017-11-01,9,35.16,33.421747557775014,B5_reserve_margin
2017-11-01,10,32.37,31.213839309485454,B5_reserve_margin
2017-11-01,11,33.08,27.57308304253218,B5_reserve_margin
2017-11-01,12,29.79,27.37537710084134,B5_reserve_margin
2017-11-01,13,29.06,25.125383089624343,B5_reserve_margin
2017-11-01,14,29.18,27.44009877249282,B5_reserve_margin
2017-11-01,15,30.01,30.10151943222054,B5_reserve_margin
2017-11-01,16,36.93,32.91262942025747,B5_reserve_margin
2017-11-01,17,42.49,40.73853341687421,B5_reserve_margin
2017-11-01,18,43.93,43.35287361515824,B5_reserve_margin
2017-11-01,19,41.97,39.27702907212234,B5_reserve_margin
2017-11-01,20,36.52,33.69260980029525,B5_reserve_margin
2017-11-01,21,30.07,32.173010558745375,B5_reserve_margin
2017-11-01,22,27.02,31.583444723771763,B5_reserve_margin
2017-11-01,23,18.97,24.58654526510353,B5_reserve_margin
2017-11-02,0,20.18,21.96047775214179,B5_reserve_margin
2017-11-02,1,12.62,19.363627515637322,B5_reserve_margin
2017-11-02,2,12.61,16.925835526999855,B5_reserve_margin
2017-11-02,3,10.96,16.004448588430563,B5_reserve_margin
2017-11-02,4,14.04,18.163020439237645,B5_reserve_margin
2017-11-02,5,25.97,23.256499565792684,B5_reserve_margin
2017-11-02,6,35.05,35.02650266602407,B5_reserve_margin
2017-11-02,7,45.9,43.647287292103236,B5_reserve_margin
2017-11-02,8,43.83,44.73749502302264,B5_reserve_margin
2017-11-02,9,35.59,40.40331728615115,B5_reserve_margin
2017-11-02,10,32.33,35.53420699827448,B5_reserve_margin
2017-11-02,11,32.36,32.961131337973136,B5_reserve_margin
2017-11-02,12,31.32,31.74048949743515,B5_reserve_margin
2017-11-02,13,32.49,32.65090746304494,B5_reserve_margin
2017-11-02,14,33.94,34.74528467244549,B5_reserve_margin
2017-11-02,15,39.1,40.07561175186787,B5_reserve_margin
2017-11-02,16,45.95,45.47467912334436,B5_reserve_margin
2017-11-02,17,51.91,60.20638680343503,B5_reserve_margin
2017-11-02,18,51.92,61.87467785063875,B5_reserve_margin
2017-11-02,19,50.07,54.27611589445095,B5_reserve_margin
2017-11-02,20,46.01,47.06057810799298,B5_reserve_margin
2017-11-02,21,42.06,41.056687030991554,B5_reserve_margin
2017-11-02,22,36.12,40.226064748054576,B5_reserve_margin
2017-11-02,23,35.45,35.83000628968915,B5_reserve_margin
2017-11-03,0,36.07,35.12349576193289,B5_reserve_margin
2017-11-03,1,36.09,35.29680185781712,B5_reserve_margin
2017-11-03,2,36.13,34.87337809653722,B5_reserve_margin
2017-11-03,3,36.09,34.84120321428755,B5_reserve_margin
2017-11-03,4,38.24,36.050270982662504,B5_reserve_margin
2017-11-03,5,40.66,39.403382689647685,B5_reserve_margin
2017-11-03,6,52.97,50.203405686080735,B5_reserve_margin
2017-11-03,7,61.74,57.76354491087847,B5_reserve_margin
2017-11-03,8,65.8,58.188172370913705,B5_reserve_margin
2017-11-03,9,62.18,59.62342925214295,B5_reserve_margin
2017-11-03,10,58.69,56.64915649447367,B5_reserve_margin
2017-11-03,11,58.67,53.478436710180134,B5_reserve_margin
2017-11-03,12,54.55,49.715616183457726,B5_reserve_margin
2017-11-03,13,51.5,47.19205517508202,B5_reserve_margin
2017-11-03,14,51.17,49.384550509376695,B5_reserve_margin
2017-11-03,15,56.64,54.432741764322,B5_reserve_margin
2017-11-03,16,60.88,58.56563095877128,B5_reserve_margin
2017-11-03,17,66.0,64.2176912218211,B5_reserve_margin
2017-11-03,18,68.68,60.01352560666308,B5_reserve_margin
2017-11-03,19,58.63,55.16714095400086,B5_reserve_margin
2017-11-03,20,49.01,45.82479913354757,B5_reserve_margin
2017-11-03,21,39.01,39.68823783299201,B5_reserve_margin
2017-11-03,22,36.11,38.040621778306786,B5_reserve_margin
2017-11-03,23,34.97,35.990672481658066,B5_reserve_margin
2017-11-04,0,36.16,31.24499727196381,B5_reserve_margin
2017-11-04,1,35.06,30.435468689830717,B5_reserve_margin
2017-11-04,2,34.42,30.33945398428207,B5_reserve_margin
2017-11-04,3,33.61,28.913849184667836,B5_reserve_margin
2017-11-04,4,33.4,28.825960572373962,B5_reserve_margin
2017-11-04,5,33.22,30.19545947296008,B5_reserve_margin
2017-11-04,6,33.73,32.33104762428138,B5_reserve_margin
2017-11-04,7,37.63,35.094193392594214,B5_reserve_margin
2017-11-04,8,42.99,37.90760936058668,B5_reserve_margin
2017-11-04,9,40.39,39.121419284530056,B5_reserve_margin
2017-11-04,10,39.84,37.431469566803656,B5_reserve_margin
2017-11-04,11,37.02,36.450695774578264,B5_reserve_margin
2017-11-04,12,36.1,32.81322588101351,B5_reserve_margin
2017-11-04,13,34.33,29.88729712126425,B5_reserve_margin
2017-11-04,14,34.34,28.8082307557209,B5_reserve_margin
2017-11-04,15,35.04,30.533458823987328,B5_reserve_margin
2017-11-04,16,37.03,33.064091258914566,B5_reserve_margin
2017-11-04,17,43.94,38.41076101260765,B5_reserve_margin
2017-11-04,18,35.51,37.73584026264437,B5_reserve_margin
2017-11-04,19,32.25,33.32489555434737,B5_reserve_margin
2017-11-04,20,28.83,27.276898983624626,B5_reserve_margin
2017-11-04,21,26.77,21.14481940457372,B5_reserve_margin
2017-11-04,22,26.53,25.08716791914978,B5_reserve_margin
2017-11-04,23,20.65,23.542258721476966,B5_reserve_margin
2017-11-05,0,13.2,18.93281667639186,B5_reserve_margin
2017-11-05,1,13.2,18.308336335672767,B5_reserve_margin
2017-11-05,2,14.64,18.39679779047082,B5_reserve_margin
2017-11-05,3,11.68,18.503440104311707,B5_reserve_margin
2017-11-05,4,13.93,20.320558057180826,B5_reserve_margin
2017-11-05,5,20.01,22.128719475302116,B5_reserve_margin
2017-11-05,6,21.87,23.245618619021904,B5_reserve_margin
2017-11-05,7,24.6,21.652387011621528,B5_reserve_margin
2017-11-05,8,31.47,27.490315709742315,B5_reserve_margin
2017-11-05,9,33.92,30.51669956947287,B5_reserve_margin
2017-11-05,10,36.54,32.75854714869245,B5_reserve_margin
2017-11-05,11,38.9,35.25683982960729,B5_reserve_margin
2017-11-05,12,36.11,33.14614034850447,B5_reserve_margin
2017-11-05,13,36.2,28.27026452661647,B5_reserve_margin
2017-11-05,14,33.78,28.176753693675895,B5_reserve_margin
2017-11-05,15,33.96,28.785219433294266,B5_reserve_margin
2017-11-05,16,35.0,33.42409900635906,B5_reserve_margin
2017-11-05,17,41.82,39.192426281441264,B5_reserve_margin
2017-11-05,18,41.74,42.591559445542124,B5_reserve_margin
2017-11-05,19,42.82,41.25817430055713,B5_reserve_margin
2017-11-05,20,40.91,36.1408091361679,B5_reserve_margin
2017-11-05,21,39.59,31.07098387835127,B5_reserve_margin
2017-11-05,22,38.87,31.30083598789216,B5_reserve_margin
2017-11-05,23,35.0,26.507349046592807,B5_reserve_margin
2017-11-06,0,31.74,31.33932078553863,B5_reserve_margin
2017-11-06,1,33.73,30.072344998462118,B5_reserve_margin
2017-11-06,2,33.02,28.89676932947871,B5_reserve_margin
2017-11-06,3,27.61,28.186826396608822,B5_reserve_margin
2017-11-06,4,28.1,28.627685679735027,B5_reserve_margin
2017-11-06,5,32.99,31.27868974048597,B5_reserve_margin
2017-11-06,6,44.83,48.59908471218358,B5_reserve_margin
2017-11-06,7,54.96,58.346630196042724,B5_reserve_margin
2017-11-06,8,60.38,63.23164776028142,B5_reserve_margin
2017-11-06,9,55.38,59.53807465016024,B5_reserve_margin
2017-11-06,10,54.95,61.119199110358,B5_reserve_margin
2017-11-06,11,54.97,63.30083903185424,B5_reserve_margin
2017-11-06,12,54.93,61.01678116832709,B5_reserve_margin
2017-11-06,13,55.91,65.01395830998551,B5_reserve_margin
2017-11-06,14,55.93,68.56806130298403,B5_reserve_margin
2017-11-06,15,57.85,73.75450627228346,B5_reserve_margin
2017-11-06,16,62.56,80.6354843531053,B5_reserve_margin
2017-11-06,17,78.28,90.58118339788814,B5_reserve_margin
2017-11-06,18,89.93,90.47042137438132,B5_reserve_margin
2017-11-06,19,74.51,77.41025138445718,B5_reserve_margin
2017-11-06,20,55.02,60.35416351232472,B5_reserve_margin
2017-11-06,21,50.61,48.13480913720184,B5_reserve_margin
2017-11-06,22,39.11,44.18313538071685,B5_reserve_margin
2017-11-06,23,37.1,38.96480711813864,B5_reserve_margin
2017-11-07,0,36.63,37.820656421942566,B5_reserve_margin
2017-11-07,1,35.05,37.82468853590649,B5_reserve_margin
2017-11-07,2,36.87,36.24599876786529,B5_reserve_margin
2017-11-07,3,36.02,33.9944501455386,B5_reserve_margin
2017-11-07,4,37.04,33.56309728988426,B5_reserve_margin
2017-11-07,5,34.43,39.72839932895834,B5_reserve_margin
2017-11-07,6,49.77,45.40924975038603,B5_reserve_margin
2017-11-07,7,59.26,55.38269993533919,B5_reserve_margin
2017-11-07,8,64.37,59.961656243152675,B5_reserve_margin
2017-11-07,9,55.07,57.78666684140782,B5_reserve_margin
2017-11-07,10,54.94,54.1387771412561,B5_reserve_margin
2017-11-07,11,54.92,51.676102621169754,B5_reserve_margin
2017-11-07,12,53.93,51.140328604800914,B5_reserve_margin
2017-11-07,13,54.94,53.529287737477176,B5_reserve_margin
2017-11-07,14,56.93,54.956865265497655,B5_reserve_margin
2017-11-07,15,66.75,58.024674455585334,B5_reserve_margin
2017-11-07,16,65.58,61.95370152064153,B5_reserve_margin
2017-11-07,17,81.56,72.8303580724196,B5_reserve_margin
2017-11-07,18,82.3,66.6645087299334,B5_reserve_margin
2017-11-07,19,64.2,57.944081758309515,B5_reserve_margin
2017-11-07,20,53.94,49.08332392296084,B5_reserve_margin
2017-11-07,21,46.94,42.4551103509599,B5_reserve_margin
2017-11-07,22,41.7,40.53422212371023,B5_reserve_margin
2017-11-07,23,37.86,41.40688425242119,B5_reserve_margin
2017-11-08,0,33.7,39.476997846732104,B5_reserve_margin
2017-11-08,1,33.62,41.5419599993043,B5_reserve_margin
2017-11-08,2,33.64,41.68733609239752,B5_reserve_margin
2017-11-08,3,33.62,40.40318772216595,B5_reserve_margin
2017-11-08,4,35.53,41.90835155515917,B5_reserve_margin
2017-11-08,5,36.15,44.86508016668988,B5_reserve_margin
2017-11-08,6,54.07,48.681773665794715,B5_reserve_margin
2017-11-08,7,75.76,63.50443224018744,B5_reserve_margin
2017-11-08,8,79.28,69.56080060458524,B5_reserve_margin
2017-11-08,9,77.07,70.31309027173663,B5_reserve_margin
2017-11-08,10,84.22,62.58594931209915,B5_reserve_margin
2017-11-08,11,84.98,67.22820563799196,B5_reserve_margin
2017-11-08,12,83.8,69.64258717353404,B5_reserve_margin
2017-11-08,13,88.19,66.13349118952826,B5_reserve_margin
2017-11-08,14,89.9,69.01982471677873,B5_reserve_margin
2017-11-08,15,81.89,70.0411666314977,B5_reserve_margin
2017-11-08,16,88.2,78.49642001871875,B5_reserve_margin
2017-11-08,17,111.4,86.82603217035336,B5_reserve_margin
2017-11-08,18,120.0,83.40709331734942,B5_reserve_margin
2017-11-08,19,89.93,72.70918669799107,B5_reserve_margin
2017-11-08,20,60.1,58.41484407950304,B5_reserve_margin
2017-11-08,21,52.32,49.81512660901491,B5_reserve_margin
2017-11-08,22,48.05,49.04766870803131,B5_reserve_margin
2017-11-08,23,38.57,43.320210863738794,B5_reserve_margin
2017-11-09,0,38.61,39.277882924900645,B5_reserve_margin
2017-11-09,1,39.3,38.09335572964818,B5_reserve_margin
2017-11-09,2,38.48,36.47480667486653,B5_reserve_margin
2017-11-09,3,40.53,35.446960896259625,B5_reserve_margin
2017-11-09,4,39.9,37.799744702251736,B5_reserve_margin
2017-11-09,5,43.95,37.67543579888783,B5_reserve_margin
2017-11-09,6,58.65,51.26615596264031,B5_reserve_margin
2017-11-09,7,72.1,66.17273425142699,B5_reserve_margin
2017-11-09,8,84.73,72.36014708561297,B5_reserve_margin
2017-11-09,9,61.99,70.38287255786628,B5_reserve_margin
2017-11-09,10,61.37,66.05420715979793,B5_reserve_margin
2017-11-09,11,60.69,64.5783542527988,B5_reserve_margin
2017-11-09,12,55.12,56.98805499624721,B5_reserve_margin
2017-11-09,13,53.99,58.4610774258568,B5_reserve_margin
2017-11-09,14,54.91,57.73178884590058,B5_reserve_margin
2017-11-09,15,55.0,58.65185679495769,B5_reserve_margin
2017-11-09,16,55.92,55.83672498115166,B5_reserve_margin
2017-11-09,17,56.94,71.35115514052924,B5_reserve_margin
2017-11-09,18,55.93,60.73469604712391,B5_reserve_margin
2017-11-09,19,55.0,51.200126876974906,B5_reserve_margin
2017-11-09,20,40.3,41.10374116479813,B5_reserve_margin
2017-11-09,21,42.81,36.0425532321633,B5_reserve_margin
2017-11-09,22,36.78,33.25120262134583,B5_reserve_margin
2017-11-09,23,33.61,29.300725699981296,B5_reserve_margin
2017-11-10,0,26.41,30.40362889470336,B5_reserve_margin
2017-11-10,1,25.35,28.340792480319195,B5_reserve_margin
2017-11-10,2,26.6,26.552538437093634,B5_reserve_margin
2017-11-10,3,27.31,25.750342913619832,B5_reserve_margin
2017-11-10,4,27.1,26.704564376297977,B5_reserve_margin
2017-11-10,5,28.92,29.1559665593186,B5_reserve_margin
2017-11-10,6,40.15,40.130969036688434,B5_reserve_margin
2017-11-10,7,51.2,48.54007206029162,B5_reserve_margin
2017-11-10,8,47.41,48.3962880517143,B5_reserve_margin
2017-11-10,9,38.61,42.49775374342936,B5_reserve_margin
2017-11-10,10,38.89,40.113396592059644,B5_reserve_margin
2017-11-10,11,38.79,38.25661434278802,B5_reserve_margin
2017-11-10,12,35.25,34.14589675260043,B5_reserve_margin
2017-11-10,13,31.16,32.24166259704535,B5_reserve_margin
2017-11-10,14,30.16,32.184575055023515,B5_reserve_margin
2017-11-10,15,30.12,33.04056746358584,B5_reserve_margin
2017-11-10,16,31.02,34.81334019143347,B5_reserve_margin
2017-11-10,17,36.19,41.795444589807296,B5_reserve_margin
2017-11-10,18,36.02,44.072988162270676,B5_reserve_margin
2017-11-10,19,31.08,43.09083470757876,B5_reserve_margin
2017-11-10,20,29.39,36.91162710604975,B5_reserve_margin
2017-11-10,21,22.26,33.53092217130904,B5_reserve_margin
2017-11-10,22,15.51,30.675653754082923,B5_reserve_margin
2017-11-10,23,11.46,25.49758006718115,B5_reserve_margin
2017-11-11,0,9.2,16.016098874484037,B5_reserve_margin
2017-11-11,1,2.03,11.131386596178148,B5_reserve_margin
2017-11-11,2,0.08,9.787973209246694,B5_reserve_margin
2017-11-11,3,6.47,10.272597007240527,B5_reserve_margin
2017-11-11,4,11.27,13.236459228145293,B5_reserve_margin
2017-11-11,5,12.59,11.842571840055687,B5_reserve_margin
2017-11-11,6,9.63,14.845817252910987,B5_reserve_margin
2017-11-11,7,13.55,20.04480735950097,B5_reserve_margin
2017-11-11,8,20.1,24.51354671777818,B5_reserve_margin
2017-11-11,9,24.66,26.506269724519438,B5_reserve_margin
2017-11-11,10,21.47,25.210463466825054,B5_reserve_margin
2017-11-11,11,18.9,26.35699077565781,B5_reserve_margin
2017-11-11,12,21.03,25.9105144245655,B5_reserve_margin
2017-11-11,13,22.86,25.852163550581967,B5_reserve_margin
2017-11-11,14,28.2,26.614787418011677,B5_reserve_margin
2017-11-11,15,30.48,28.888264674425184,B5_reserve_margin
2017-11-11,16,35.81,32.682751128720895,B5_reserve_margin
2017-11-11,17,44.49,41.86686895845911,B5_reserve_margin
2017-11-11,18,46.76,41.28665983414233,B5_reserve_margin
2017-11-11,19,41.03,37.986913812652304,B5_reserve_margin
2017-11-11,20,35.92,33.442918242414216,B5_reserve_margin
2017-11-11,21,35.82,31.08867433074863,B5_reserve_margin
2017-11-11,22,37.06,29.499119444705542,B5_reserve_margin
2017-11-11,23,28.29,24.588591910583858,B5_reserve_margin
2017-11-12,0,14.07,24.1874632468229,B5_reserve_margin
2017-11-12,1,15.99,21.851355490792294,B5_reserve_margin
2017-11-12,2,13.8,20.265502543259977,B5_reserve_margin
2017-11-12,3,13.53,19.39252940108434,B5_reserve_margin
2017-11-12,4,15.25,19.91937761050737,B5_reserve_margin
2017-11-12,5,21.86,22.453902347020097,B5_reserve_margin
2017-11-12,6,22.52,21.894268688767205,B5_reserve_margin
2017-11-12,7,27.06,25.07268110900516,B5_reserve_margin
2017-11-12,8,30.94,30.60489692729154,B5_reserve_margin
2017-11-12,9,33.03,35.21087961094444,B5_reserve_margin
2017-11-12,10,42.79,39.41342047820759,B5_reserve_margin
2017-11-12,11,47.65,43.81695917401758,B5_reserve_margin
2017-11-12,12,48.13,40.73735026946237,B5_reserve_margin
2017-11-12,13,44.28,38.68601238536175,B5_reserve_margin
2017-11-12,14,38.43,36.13723038548217,B5_reserve_margin
2017-11-12,15,37.8,35.56458995303531,B5_reserve_margin
2017-11-12,16,40.82,37.911527696676615,B5_reserve_margin
2017-11-12,17,53.91,44.7236122266167,B5_reserve_margin
2017-11-12,18,53.94,43.56772945641443,B5_reserve_margin
2017-11-12,19,46.54,40.01938552806945,B5_reserve_margin
2017-11-12,20,39.59,35.1434331392973,B5_reserve_margin
2017-11-12,21,33.11,33.20449573010722,B5_reserve_margin
2017-11-12,22,33.17,33.090793427260536,B5_reserve_margin
2017-11-12,23,29.73,28.23603351441496,B5_reserve_margin
2017-11-13,0,31.06,29.115533012470852,B5_reserve_margin
2017-11-13,1,30.41,27.11239161005462,B5_reserve_margin
2017-11-13,2,29.64,26.47145761053769,B5_reserve_margin
2017-11-13,3,29.66,25.330777254142454,B5_reserve_margin
2017-11-13,4,29.79,26.09415487945815,B5_reserve_margin
2017-11-13,5,31.68,32.63022090223529,B5_reserve_margin
2017-11-13,6,42.76,43.918162048976384,B5_reserve_margin
2017-11-13,7,54.9,54.06931768951102,B5_reserve_margin
2017-11-13,8,54.33,56.78464086785809,B5_reserve_margin
2017-11-13,9,48.15,52.618720536868125,B5_reserve_margin
2017-11-13,10,45.83,53.03895716892485,B5_reserve_margin
2017-11-13,11,46.61,55.801885018795886,B5_reserve_margin
2017-11-13,12,41.48,51.646008587836924,B5_reserve_margin
2017-11-13,13,48.08,53.990841352648424,B5_reserve_margin
2017-11-13,14,50.81,59.59308186183329,B5_reserve_margin
2017-11-13,15,54.93,63.90097117364586,B5_reserve_margin
2017-11-13,16,55.92,65.01238321011755,B5_reserve_margin
2017-11-13,17,70.08,84.57820732341906,B5_reserve_margin
2017-11-13,18,62.3,80.46236745072838,B5_reserve_margin
2017-11-13,19,57.73,61.54278712425738,B5_reserve_margin
2017-11-13,20,54.94,49.613576119934365,B5_reserve_margin
2017-11-13,21,49.0,43.653051665346766,B5_reserve_margin
2017-11-13,22,41.0,41.8192271142364,B5_reserve_margin
2017-11-13,23,36.55,36.58887108749369,B5_reserve_margin
2017-11-14,0,37.83,37.43107896268801,B5_reserve_margin
2017-11-14,1,36.01,35.77508960237551,B5_reserve_margin
2017-11-14,2,34.03,32.18885290880599,B5_reserve_margin
2017-11-14,3,33.54,30.30485023428832,B5_reserve_margin
2017-11-14,4,33.9,29.545305757081216,B5_reserve_margin
2017-11-14,5,34.04,31.278082567283317,B5_reserve_margin
2017-11-14,6,38.12,40.988694327011984,B5_reserve_margin
2017-11-14,7,43.52,50.58924309037113,B5_reserve_margin
2017-11-14,8,49.58,50.98311726115233,B5_reserve_margin
2017-11-14,9,37.2,45.444785288235884,B5_reserve_margin
2017-11-14,10,36.56,44.239378936581474,B5_reserve_margin
2017-11-14,11,36.19,43.53395446183137,B5_reserve_margin
2017-11-14,12,36.88,40.2953555820198,B5_reserve_margin
2017-11-14,13,36.6,41.6586043060198,B5_reserve_margin
2017-11-14,14,36.86,43.38976985285029,B5_reserve_margin
2017-11-14,15,40.07,48.52137983845307,B5_reserve_margin
2017-11-14,16,49.06,51.386029863064465,B5_reserve_margin
2017-11-14,17,51.71,60.773533179837116,B5_reserve_margin
2017-11-14,18,52.94,58.09296068025509,B5_reserve_margin
2017-11-14,19,51.25,53.459343769339085,B5_reserve_margin
2017-11-14,20,44.92,45.89712187992614,B5_reserve_margin
2017-11-14,21,39.44,39.83426666000916,B5_reserve_margin
2017-11-14,22,37.6,38.63324554503092,B5_reserve_margin
2017-11-14,23,36.36,33.91859635938056,B5_reserve_margin
2017-11-15,0,33.5,36.26520369609506,B5_reserve_margin
2017-11-15,1,34.06,36.90119107198073,B5_reserve_margin
2017-11-15,2,33.42,36.03063780997087,B5_reserve_margin
2017-11-15,3,35.62,36.32462602305543,B5_reserve_margin
2017-11-15,4,33.74,38.24782681420382,B5_reserve_margin
2017-11-15,5,37.0,39.310727830765416,B5_reserve_margin
2017-11-15,6,58.5,49.953674304638774,B5_reserve_margin
2017-11-15,7,77.4,62.59135521767136,B5_reserve_margin
2017-11-15,8,78.01,63.76253260454959,B5_reserve_margin
2017-11-15,9,68.87,60.429288612334396,B5_reserve_margin
2017-11-15,10,61.65,59.828613150786786,B5_reserve_margin
2017-11-15,11,71.76,61.69169549391206,B5_reserve_margin
2017-11-15,12,64.1,57.33441454169281,B5_reserve_margin
2017-11-15,13,70.77,60.87280429134448,B5_reserve_margin
2017-11-15,14,72.81,64.41347679599522,B5_reserve_margin
2017-11-15,15,79.18,67.69851324946939,B5_reserve_margin
2017-11-15,16,89.95,72.87067322498135,B5_reserve_margin
2017-11-15,17,112.09,84.00161117002796,B5_reserve_margin
2017-11-15,18,124.29,78.47986089459884,B5_reserve_margin
2017-11-15,19,86.34,69.25195107821003,B5_reserve_margin
2017-11-15,20,76.13,56.43125392824392,B5_reserve_margin
2017-11-15,21,62.01,46.93150470157612,B5_reserve_margin
2017-11-15,22,51.91,44.09106334909138,B5_reserve_margin
2017-11-15,23,39.03,38.57614672505985,B5_reserve_margin
2017-11-16,0,37.04,41.71373120577124,B5_reserve_margin
2017-11-16,1,37.06,40.038801756774674,B5_reserve_margin
2017-11-16,2,36.13,36.856920601084695,B5_reserve_margin
2017-11-16,3,36.59,36.79689372325829,B5_reserve_margin
2017-11-16,4,37.04,37.53291744950542,B5_reserve_margin
2017-11-16,5,36.87,37.417459315107074,B5_reserve_margin
2017-11-16,6,51.61,52.421128776976595,B5_reserve_margin
2017-11-16,7,61.89,60.49857287822576,B5_reserve_margin
2017-11-16,8,68.63,64.12137299358719,B5_reserve_margin
2017-11-16,9,57.02,60.13215929573989,B5_reserve_margin
2017-11-16,10,55.93,52.386914510942376,B5_reserve_margin
2017-11-16,11,53.96,48.928090103374835,B5_reserve_margin
2017-11-16,12,49.01,50.0606286093389,B5_reserve_margin
2017-11-16,13,49.31,50.61594453175498,B5_reserve_margin
2017-11-16,14,54.0,52.874917631552194,B5_reserve_margin
2017-11-16,15,57.94,59.152154086241,B5_reserve_margin
2017-11-16,16,56.16,62.0334466296631,B5_reserve_margin
2017-11-16,17,56.42,69.91962633145549,B5_reserve_margin
2017-11-16,18,53.93,59.154644803107274,B5_reserve_margin
2017-11-16,19,46.3,53.29581485413912,B5_reserve_margin
2017-11-16,20,37.03,45.477870419259716,B5_reserve_margin
2017-11-16,21,38.03,42.13203382612626,B5_reserve_margin
2017-11-16,22,38.15,39.87355655141407,B5_reserve_margin
2017-11-16,23,35.07,34.00891450834713,B5_reserve_margin
2017-11-17,0,33.15,30.78887565719485,B5_reserve_margin
2017-11-17,1,32.72,29.788473129181078,B5_reserve_margin
2017-11-17,2,33.16,29.273312652876267,B5_reserve_margin
2017-11-17,3,34.06,30.55059321507367,B5_reserve_margin
2017-11-17,4,34.05,33.12131739463881,B5_reserve_margin
2017-11-17,5,36.09,34.92517759687672,B5_reserve_margin
2017-11-17,6,46.83,44.218453329983866,B5_reserve_margin
2017-11-17,7,49.99,56.35177600575588,B5_reserve_margin
2017-11-17,8,53.93,60.30160850013242,B5_reserve_margin
2017-11-17,9,49.99,59.298705234185675,B5_reserve_margin
2017-11-17,10,49.97,53.601233070510986,B5_reserve_margin
2017-11-17,11,49.97,53.925162266480314,B5_reserve_margin
2017-11-17,12,49.09,48.728423602301795,B5_reserve_margin
2017-11-17,13,46.55,48.37470621940061,B5_reserve_margin
2017-11-17,14,42.3,50.410972976947605,B5_reserve_margin
2017-11-17,15,49.95,50.72549481716551,B5_reserve_margin
2017-11-17,16,49.9,54.185842842248384,B5_reserve_margin
2017-11-17,17,49.91,59.10178867716701,B5_reserve_margin
2017-11-17,18,48.18,51.466396440810485,B5_reserve_margin
2017-11-17,19,42.97,46.80348977314287,B5_reserve_margin
2017-11-17,20,38.35,40.40395290011885,B5_reserve_margin
2017-11-17,21,39.8,35.13644828321551,B5_reserve_margin
2017-11-17,22,36.15,33.96106660308714,B5_reserve_margin
2017-11-17,23,32.41,30.57964563269892,B5_reserve_margin
2017-11-18,0,27.78,29.237099846860783,B5_reserve_margin
2017-11-18,1,23.56,26.477350575629174,B5_reserve_margin
2017-11-18,2,20.04,24.29225392370663,B5_reserve_margin
2017-11-18,3,17.63,23.3435200083542,B5_reserve_margin
2017-11-18,4,13.33,23.402780415605182,B5_reserve_margin
2017-11-18,5,12.87,23.079682617442863,B5_reserve_margin
2017-11-18,6,16.12,23.54081779345477,B5_reserve_margin
2017-11-18,7,19.38,24.60311047698566,B5_reserve_margin
2017-11-18,8,27.97,27.8156918116295,B5_reserve_margin
2017-11-18,9,28.61,27.9719265517749,B5_reserve_margin
2017-11-18,10,28.08,25.59784788579237,B5_reserve_margin
2017-11-18,11,14.97,22.3019596962398,B5_reserve_margin
2017-11-18,12,18.19,20.692800106038995,B5_reserve_margin
2017-11-18,13,13.01,20.083714852488363,B5_reserve_margin
2017-11-18,14,18.46,21.88326355309617,B5_reserve_margin
2017-11-18,15,24.84,24.926588344751035,B5_reserve_margin
2017-11-18,16,28.33,29.15659503640473,B5_reserve_margin
2017-11-18,17,29.77,36.69921723970152,B5_reserve_margin
2017-11-18,18,29.7,37.97687795446916,B5_reserve_margin
2017-11-18,19,24.03,35.818349341818184,B5_reserve_margin
2017-11-18,20,13.06,30.203968198616206,B5_reserve_margin
2017-11-18,21,12.69,29.16547947168226,B5_reserve_margin
2017-11-18,22,11.38,28.167281143755034,B5_reserve_margin
2017-11-18,23,0.41,22.12691642203741,B5_reserve_margin
2017-11-19,0,0.37,2.7095708613414153,B5_reserve_margin
2017-11-19,1,4.33,-2.448419139265461,B5_reserve_margin
2017-11-19,2,2.91,-4.839148615503273,B5_reserve_margin
2017-11-19,3,2.17,-6.678216150095576,B5_reserve_margin
2017-11-19,4,2.14,-5.352379381007445,B5_reserve_margin
2017-11-19,5,0.03,-0.4275469670756351,B5_reserve_margin
2017-11-19,6,-0.03,-10.341869752053611,B5_reserve_margin
2017-11-19,7,0.04,-0.4504307134349048,B5_reserve_margin
2017-11-19,8,5.08,5.260857605568546,B5_reserve_margin
2017-11-19,9,23.49,9.500645876637435,B5_reserve_margin
2017-11-19,10,12.77,14.00232106666601,B5_reserve_margin
2017-11-19,11,21.94,16.685887080424923,B5_reserve_margin
2017-11-19,12,12.5,12.086693144538224,B5_reserve_margin
2017-11-19,13,9.09,8.713300002549786,B5_reserve_margin
2017-11-19,14,5.09,10.560657088347508,B5_reserve_margin
2017-11-19,15,9.63,12.340077987104827,B5_reserve_margin
2017-11-19,16,5.99,20.133949732130677,B5_reserve_margin
2017-11-19,17,23.14,29.118211862935357,B5_reserve_margin
2017-11-19,18,21.94,33.11644758167455,B5_reserve_margin
2017-11-19,19,13.3,29.760268303256645,B5_reserve_margin
2017-11-19,20,12.62,24.710571852998036,B5_reserve_margin
2017-11-19,21,11.38,26.00625657926915,B5_reserve_margin
2017-11-19,22,13.95,26.063196326184475,B5_reserve_margin
2017-11-19,23,12.21,21.526379579274494,B5_reserve_margin
2017-11-20,0,12.59,12.569693322951931,B5_reserve_margin
2017-11-20,1,12.51,10.342873902234748,B5_reserve_margin
2017-11-20,2,10.49,9.214737853436313,B5_reserve_margin
2017-11-20,3,11.0,9.762097745824482,B5_reserve_margin
2017-11-20,4,14.96,12.256386538288393,B5_reserve_margin
2017-11-20,5,23.81,19.79056377171329,B5_reserve_margin
2017-11-20,6,39.94,29.13749911280701,B5_reserve_margin
2017-11-20,7,41.99,36.81757764839039,B5_reserve_margin
2017-11-20,8,43.92,38.677387887115174,B5_reserve_margin
2017-11-20,9,43.91,39.176578802428224,B5_reserve_margin
2017-11-20,10,43.68,39.60482186033669,B5_reserve_margin
2017-11-20,11,43.94,39.02535589961005,B5_reserve_margin
2017-11-20,12,44.36,39.12851808535065,B5_reserve_margin
2017-11-20,13,49.05,39.9248522202712,B5_reserve_margin
2017-11-20,14,53.46,41.479862084772165,B5_reserve_margin
2017-11-20,15,50.99,41.4692325357857,B5_reserve_margin
2017-11-20,16,59.3,40.71664460041796,B5_reserve_margin
2017-11-20,17,66.02,44.198457214584664,B5_reserve_margin
2017-11-20,18,53.38,44.37913696003813,B5_reserve_margin
2017-11-20,19,47.93,41.83066425366493,B5_reserve_margin
2017-11-20,20,43.95,37.72457779921622,B5_reserve_margin
2017-11-20,21,38.63,33.00083588514607,B5_reserve_margin
2017-11-20,22,38.76,31.738064155256456,B5_reserve_margin
2017-11-20,23,34.97,27.440835239778142,B5_reserve_margin
2017-11-21,0,36.03,32.42490002419697,B5_reserve_margin
2017-11-21,1,35.46,32.031244088716264,B5_reserve_margin
2017-11-21,2,35.63,31.28104526781404,B5_reserve_margin
2017-11-21,3,35.73,30.613022761037076,B5_reserve_margin
2017-11-21,4,35.42,31.825517416998885,B5_reserve_margin
2017-11-21,5,37.92,36.228767173002055,B5_reserve_margin
2017-11-21,6,46.51,40.779288485596425,B5_reserve_margin
2017-11-21,7,67.86,47.49222499806031,B5_reserve_margin
2017-11-21,8,72.63,56.19347784171015,B5_reserve_margin
2017-11-21,9,54.99,57.225141419527404,B5_reserve_margin
2017-11-21,10,54.26,63.09669559750015,B5_reserve_margin
2017-11-21,11,64.03,68.3483036756374,B5_reserve_margin
2017-11-21,12,55.27,62.21658018713266,B5_reserve_margin
2017-11-21,13,64.91,61.9974509690282,B5_reserve_margin
2017-11-21,14,62.65,60.69671686909413,B5_reserve_margin
2017-11-21,15,62.65,54.05877432918033,B5_reserve_margin
2017-11-21,16,62.65,52.991776344570596,B5_reserve_margin
2017-11-21,17,68.05,55.30903297151979,B5_reserve_margin
2017-11-21,18,57.46,49.04311174965959,B5_reserve_margin
2017-11-21,19,43.99,43.67494216531814,B5_reserve_margin
2017-11-21,20,35.42,36.119412634592905,B5_reserve_margin
2017-11-21,21,32.64,31.604582609809086,B5_reserve_margin
2017-11-21,22,31.31,29.138385357340738,B5_reserve_margin
2017-11-21,23,29.69,26.097756004946092,B5_reserve_margin
2017-11-22,0,27.15,26.83003729516205,B5_reserve_margin
2017-11-22,1,15.7,25.545463540100894,B5_reserve_margin
2017-11-22,2,10.7,23.407784731763986,B5_reserve_margin
2017-11-22,3,10.96,23.221427728691,B5_reserve_margin
2017-11-22,4,10.75,24.261559994577773,B5_reserve_margin
2017-11-22,5,20.24,25.975911098972706,B5_reserve_margin
2017-11-22,6,29.92,34.26081077073374,B5_reserve_margin
2017-11-22,7,37.37,44.46526547564763,B5_reserve_margin
2017-11-22,8,35.72,44.14523168127331,B5_reserve_margin
2017-11-22,9,32.49,38.815436498541,B5_reserve_margin
2017-11-22,10,31.98,35.65035528878398,B5_reserve_margin
2017-11-22,11,31.8,35.06580072634352,B5_reserve_margin
2017-11-22,12,31.03,33.08455571657308,B5_reserve_margin
2017-11-22,13,31.3,34.0015236729513,B5_reserve_margin
2017-11-22,14,32.56,35.74114495502906,B5_reserve_margin
2017-11-22,15,41.43,40.57401177198408,B5_reserve_margin
2017-11-22,16,50.06,42.73374454691671,B5_reserve_margin
2017-11-22,17,61.26,51.81710877340353,B5_reserve_margin
2017-11-22,18,50.93,47.745885913666896,B5_reserve_margin
2017-11-22,19,43.97,44.342069348802845,B5_reserve_margin
2017-11-22,20,39.99,38.1733928305294,B5_reserve_margin
2017-11-22,21,33.7,33.047240550491,B5_reserve_margin
2017-11-22,22,29.56,30.312891291834042,B5_reserve_margin
2017-11-22,23,20.6,24.459897061191775,B5_reserve_margin
2017-11-23,0,9.67,20.858977487978454,B5_reserve_margin
2017-11-23,1,12.76,17.14156856105482,B5_reserve_margin
2017-11-23,2,9.64,14.651431412240902,B5_reserve_margin
2017-11-23,3,9.47,14.444103442129746,B5_reserve_margin
2017-11-23,4,9.46,16.775056346353892,B5_reserve_margin
2017-11-23,5,12.77,20.347267041188353,B5_reserve_margin
2017-11-23,6,17.1,29.438922672291337,B5_reserve_margin
2017-11-23,7,32.93,39.69862995243973,B5_reserve_margin
2017-11-23,8,31.09,40.00996774988304,B5_reserve_margin
2017-11-23,9,29.96,35.51963957930281,B5_reserve_margin
2017-11-23,10,24.03,31.430248310520998,B5_reserve_margin
2017-11-23,11,16.24,30.998177639741744,B5_reserve_margin
2017-11-23,12,12.75,27.89714480724846,B5_reserve_margin
2017-11-23,13,16.63,26.71961911061696,B5_reserve_margin
2017-11-23,14,26.23,27.1417151779055,B5_reserve_margin
2017-11-23,15,30.76,31.00483629568152,B5_reserve_margin
2017-11-23,16,31.95,35.42037375323579,B5_reserve_margin
2017-11-23,17,37.97,41.947915091153256,B5_reserve_margin
2017-11-23,18,37.57,41.69493153210716,B5_reserve_margin
2017-11-23,19,36.98,39.79834960980964,B5_reserve_margin
2017-11-23,20,33.94,34.77844727199599,B5_reserve_margin
2017-11-23,21,29.34,32.42240762427792,B5_reserve_margin
2017-11-23,22,27.41,29.78788180858523,B5_reserve_margin
2017-11-23,23,24.05,24.606586242937254,B5_reserve_margin
2017-11-24,0,26.93,22.92192573031918,B5_reserve_margin
2017-11-24,1,27.75,21.78107621970941,B5_reserve_margin
2017-11-24,2,28.04,20.272159544039955,B5_reserve_margin
2017-11-24,3,27.1,21.058438409787044,B5_reserve_margin
2017-11-24,4,28.22,21.872010304753257,B5_reserve_margin
2017-11-24,5,35.66,25.67390632085238,B5_reserve_margin
2017-11-24,6,49.01,34.73823293199563,B5_reserve_margin
2017-11-24,7,49.07,39.91376991606402,B5_reserve_margin
2017-11-24,8,48.0,43.93671999184974,B5_reserve_margin
2017-11-24,9,46.92,44.588339890657366,B5_reserve_margin
2017-11-24,10,45.43,44.012370450131215,B5_reserve_margin
2017-11-24,11,46.5,43.54417355047621,B5_reserve_margin
2017-11-24,12,39.57,41.713177298946626,B5_reserve_margin
2017-11-24,13,41.13,43.62377028108448,B5_reserve_margin
2017-11-24,14,43.13,46.189798352738634,B5_reserve_margin
2017-11-24,15,44.91,50.09042415314301,B5_reserve_margin
2017-11-24,16,46.94,52.80705407372128,B5_reserve_margin
2017-11-24,17,53.97,60.47690824494863,B5_reserve_margin
2017-11-24,18,56.24,55.5356280142084,B5_reserve_margin
2017-11-24,19,55.97,48.6622097916526,B5_reserve_margin
2017-11-24,20,48.0,43.35227493399629,B5_reserve_margin
2017-11-24,21,47.98,40.876326681973936,B5_reserve_margin
2017-11-24,22,47.98,41.91954217851922,B5_reserve_margin
2017-11-24,23,40.99,38.62285298860704,B5_reserve_margin
2017-11-25,0,39.89,41.71639802350191,B5_reserve_margin
2017-11-25,1,36.19,39.973170853262225,B5_reserve_margin
2017-11-25,2,34.49,39.43181503826991,B5_reserve_margin
2017-11-25,3,36.2,38.08254263727004,B5_reserve_margin
2017-11-25,4,38.0,36.436265995254445,B5_reserve_margin
2017-11-25,5,35.86,34.72267558500597,B5_reserve_margin
2017-11-25,6,35.03,36.9876311252717,B5_reserve_margin
2017-11-25,7,42.37,37.47075332652874,B5_reserve_margin
2017-11-25,8,49.95,43.88977574259651,B5_reserve_margin
2017-11-25,9,49.94,45.24584519048484,B5_reserve_margin
2017-11-25,10,51.97,47.09024673241825,B5_reserve_margin
2017-11-25,11,53.51,44.91355487315159,B5_reserve_margin
2017-11-25,12,49.96,42.31706913501388,B5_reserve_margin
2017-11-25,13,46.98,40.209102105433644,B5_reserve_margin
2017-11-25,14,38.98,39.100164085359,B5_reserve_margin
2017-11-25,15,35.29,39.10411876902431,B5_reserve_margin
2017-11-25,16,39.56,43.95850966097527,B5_reserve_margin
2017-11-25,17,44.26,48.67808449399561,B5_reserve_margin
2017-11-25,18,38.41,43.32456195129732,B5_reserve_margin
2017-11-25,19,37.93,40.90104968803331,B5_reserve_margin
2017-11-25,20,36.12,34.74820812981542,B5_reserve_margin
2017-11-25,21,32.12,30.264585381758202,B5_reserve_margin
2017-11-25,22,30.09,29.421099592418592,B5_reserve_margin
2017-11-25,23,27.58,25.248797711660117,B5_reserve_margin
2017-11-26,0,19.21,23.418819571942926,B5_reserve_margin
2017-11-26,1,12.59,19.989309764435433,B5_reserve_margin
2017-11-26,2,11.56,18.238290594447626,B5_reserve_margin
2017-11-26,3,11.45,16.72348843066487,B5_reserve_margin
2017-11-26,4,15.74,17.20233343967833,B5_reserve_margin
2017-11-26,5,12.85,15.48200690588737,B5_reserve_margin
2017-11-26,6,11.41,15.919440361866254,B5_reserve_margin
2017-11-26,7,9.77,15.104868331454874,B5_reserve_margin
2017-11-26,8,19.36,20.523122734380095,B5_reserve_margin
2017-11-26,9,11.58,19.148011104792854,B5_reserve_margin
2017-11-26,10,19.95,17.550814081929886,B5_reserve_margin
2017-11-26,11,21.6,20.795598146659557,B5_reserve_margin
2017-11-26,12,11.48,19.672320023178862,B5_reserve_margin
2017-11-26,13,11.49,17.00090448717613,B5_reserve_margin
2017-11-26,14,15.75,14.418409580575686,B5_reserve_margin
2017-11-26,15,15.55,18.014913747352676,B5_reserve_margin
2017-11-26,16,23.6,22.97526294957951,B5_reserve_margin
2017-11-26,17,29.17,30.55467279770359,B5_reserve_margin
2017-11-26,18,29.43,32.29491230447806,B5_reserve_margin
2017-11-26,19,29.51,30.81677843883856,B5_reserve_margin
2017-11-26,20,29.07,28.356392316363724,B5_reserve_margin
2017-11-26,21,29.01,24.244226368121467,B5_reserve_margin
2017-11-26,22,28.37,24.9625537487744,B5_reserve_margin
2017-11-26,23,21.94,19.344589463319664,B5_reserve_margin
2017-11-27,0,11.47,18.940088855016093,B5_reserve_margin
2017-11-27,1,14.95,16.045477318881332,B5_reserve_margin
2017-11-27,2,17.06,14.233156620728272,B5_reserve_margin
2017-11-27,3,13.06,12.680118630235388,B5_reserve_margin
2017-11-27,4,10.02,15.309706666024521,B5_reserve_margin
2017-11-27,5,20.96,19.187255030010885,B5_reserve_margin
2017-11-27,6,40.1,32.5739278373487,B5_reserve_margin
2017-11-27,7,36.12,42.855141648402665,B5_reserve_margin
2017-11-27,8,40.06,43.89494337599868,B5_reserve_margin
2017-11-27,9,36.04,39.445255528770836,B5_reserve_margin
2017-11-27,10,34.06,36.23828502403703,B5_reserve_margin
2017-11-27,11,34.73,35.040507586077005,B5_reserve_margin
2017-11-27,12,31.1,32.102306506199646,B5_reserve_margin
2017-11-27,13,32.38,30.635399323911788,B5_reserve_margin
2017-11-27,14,33.33,29.98186101788193,B5_reserve_margin
2017-11-27,15,34.82,32.09214958565132,B5_reserve_margin
2017-11-27,16,35.7,34.59495326436957,B5_reserve_margin
2017-11-27,17,40.32,40.044132240388755,B5_reserve_margin
2017-11-27,18,36.7,39.8296948785242,B5_reserve_margin
2017-11-27,19,35.26,38.437819880011446,B5_reserve_margin
2017-11-27,20,35.95,35.84026837210812,B5_reserve_margin
2017-11-27,21,30.93,31.948930292339178,B5_reserve_margin
2017-11-27,22,30.0,28.74456210484174,B5_reserve_margin
2017-11-27,23,15.87,23.691804391317277,B5_reserve_margin
2017-11-28,0,22.5,18.72142009938088,B5_reserve_margin
2017-11-28,1,16.07,18.115998379494147,B5_reserve_margin
2017-11-28,2,15.46,16.769232258021425,B5_reserve_margin
2017-11-28,3,16.29,16.011933057269808,B5_reserve_margin
2017-11-28,4,22.04,18.338882480803928,B5_reserve_margin
2017-11-28,5,24.7,22.04847776379202,B5_reserve_margin
2017-11-28,6,34.01,30.75857854018533,B5_reserve_margin
2017-11-28,7,40.13,36.82488308671192,B5_reserve_margin
2017-11-28,8,37.78,37.679804923981045,B5_reserve_margin
2017-11-28,9,36.39,35.73141363216265,B5_reserve_margin
2017-11-28,10,35.84,32.64651364908386,B5_reserve_margin
2017-11-28,11,36.05,31.467805425553614,B5_reserve_margin
2017-11-28,12,39.91,30.860692946952057,B5_reserve_margin
2017-11-28,13,45.07,33.630002553458255,B5_reserve_margin
2017-11-28,14,48.59,37.87790567657386,B5_reserve_margin
2017-11-28,15,52.94,44.81985395244338,B5_reserve_margin
2017-11-28,16,51.97,49.693336132446376,B5_reserve_margin
2017-11-28,17,59.7,52.87866388513139,B5_reserve_margin
2017-11-28,18,52.98,50.9613185613194,B5_reserve_margin
2017-11-28,19,51.32,47.59525191520891,B5_reserve_margin
2017-11-28,20,49.99,43.76710486684971,B5_reserve_margin
2017-11-28,21,36.59,40.67426308147752,B5_reserve_margin
2017-11-28,22,36.64,38.333277048259454,B5_reserve_margin
2017-11-28,23,35.01,34.157936293578054,B5_reserve_margin
2017-11-29,0,36.56,34.23991192995587,B5_reserve_margin
2017-11-29,1,36.79,34.250608410017804,B5_reserve_margin
2017-11-29,2,35.56,34.04943425111805,B5_reserve_margin
2017-11-29,3,35.06,34.3606976045621,B5_reserve_margin
2017-11-29,4,36.17,35.86859899504088,B5_reserve_margin
2017-11-29,5,38.97,39.55765191041191,B5_reserve_margin
2017-11-29,6,57.72,43.4913113278022,B5_reserve_margin
2017-11-29,7,84.97,62.55670704673362,B5_reserve_margin
2017-11-29,8,88.52,66.34217148907658,B5_reserve_margin
2017-11-29,9,90.1,66.41873114038322,B5_reserve_margin
2017-11-29,10,88.33,66.802716354817,B5_reserve_margin
2017-11-29,11,86.0,68.2815208860971,B5_reserve_margin
2017-11-29,12,82.18,67.65613546485748,B5_reserve_margin
2017-11-29,13,82.4,71.53084725842047,B5_reserve_margin
2017-11-29,14,89.21,68.36445847560606,B5_reserve_margin
2017-11-29,15,90.4,70.90521078887134,B5_reserve_margin
2017-11-29,16,97.8,80.66800719710596,B5_reserve_margin
2017-11-29,17,118.49,97.15249670897919,B5_reserve_margin
2017-11-29,18,110.36,71.92437780387543,B5_reserve_margin
2017-11-29,19,85.56,75.62679939400361,B5_reserve_margin
2017-11-29,20,77.34,59.32588933773537,B5_reserve_margin
2017-11-29,21,64.27,49.19437945050035,B5_reserve_margin
2017-11-29,22,55.57,45.41733688111176,B5_reserve_margin
2017-11-29,23,47.71,41.8581213214103,B5_reserve_margin
2017-11-30,0,45.94,47.21446718963375,B5_reserve_margin
2017-11-30,1,38.2,48.253444172220036,B5_reserve_margin
2017-11-30,2,36.97,47.79620563782425,B5_reserve_margin
2017-11-30,3,36.1,46.26960428226539,B5_reserve_margin
2017-11-30,4,38.47,45.57071545820787,B5_reserve_margin
2017-11-30,5,42.72,43.013732187199565,B5_reserve_margin
2017-11-30,6,53.99,50.73756437889797,B5_reserve_margin
2017-11-30,7,83.75,62.91190583424031,B5_reserve_margin
2017-11-30,8,88.16,67.5508799107686,B5_reserve_margin
2017-11-30,9,85.25,65.61582595490344,B5_reserve_margin
2017-11-30,10,86.79,63.302359874625814,B5_reserve_margin
2017-11-30,11,86.7,66.61337562359694,B5_reserve_margin
2017-11-30,12,84.07,61.004218406482735,B5_reserve_margin
2017-11-30,13,83.34,70.62470739525244,B5_reserve_margin
2017-11-30,14,82.81,67.14390182755363,B5_reserve_margin
2017-11-30,15,84.22,68.90613276965006,B5_reserve_margin
2017-11-30,16,86.06,71.26352401721932,B5_reserve_margin
2017-11-30,17,100.12,78.26338937480898,B5_reserve_margin
2017-11-30,18,95.1,65.64058217594878,B5_reserve_margin
2017-11-30,19,87.24,65.7952136746407,B5_reserve_margin
2017-11-30,20,68.5,53.05278143486577,B5_reserve_margin
2017-11-30,21,51.96,43.75471785661651,B5_reserve_margin
2017-11-30,22,38.45,44.48526865768772,B5_reserve_margin
2017-11-30,23,36.67,40.277178634612895,B5_reserve_margin
2017-12-01,0,35.82,38.71448620319583,B5_reserve_margin
2017-12-01,1,38.59,38.796003266160696,B5_reserve_margin
2017-12-01,2,37.18,38.16236518189105,B5_reserve_margin
2017-12-01,3,37.0,38.14966290210107,B5_reserve_margin
2017-12-01,4,37.42,39.62005029293516,B5_reserve_margin
2017-12-01,5,36.14,42.88789625787195,B5_reserve_margin
2017-12-01,6,55.97,55.68424634688579,B5_reserve_margin
2017-12-01,7,81.69,73.51871285935323,B5_reserve_margin
2017-12-01,8,75.01,74.4311680865899,B5_reserve_margin
2017-12-01,9,72.89,72.38923436511371,B5_reserve_margin
2017-12-01,10,70.38,67.44252325096753,B5_reserve_margin
2017-12-01,11,74.87,69.37508899897176,B5_reserve_margin
2017-12-01,12,74.91,64.69215470820772,B5_reserve_margin
2017-12-01,13,73.18,65.41012149250491,B5_reserve_margin
2017-12-01,14,72.5,70.88848047547006,B5_reserve_margin
2017-12-01,15,74.42,76.73462896707106,B5_reserve_margin
2017-12-01,16,76.6,76.61010550286726,B5_reserve_margin
2017-12-01,17,85.69,83.76867285657875,B5_reserve_margin
2017-12-01,18,82.57,75.83305586270627,B5_reserve_margin
2017-12-01,19,77.38,73.29771043453479,B5_reserve_margin
2017-12-01,20,61.95,61.77778070506672,B5_reserve_margin
2017-12-01,21,52.93,52.17725521115378,B5_reserve_margin
2017-12-01,22,41.58,46.45931777245417,B5_reserve_margin
2017-12-01,23,37.94,40.48989041514416,B5_reserve_margin
2017-12-02,0,39.9,40.60013547700249,B5_reserve_margin
2017-12-02,1,39.02,37.966241614443305,B5_reserve_margin
2017-12-02,2,37.89,36.78930293146774,B5_reserve_margin
2017-12-02,3,37.82,36.388225461933835,B5_reserve_margin
2017-12-02,4,34.7,36.083157019417385,B5_reserve_margin
2017-12-02,5,36.75,36.04150839901524,B5_reserve_margin
2017-12-02,6,34.07,38.73485909612522,B5_reserve_margin
2017-12-02,7,37.01,45.529631972774645,B5_reserve_margin
2017-12-02,8,46.17,50.671005848441176,B5_reserve_margin
2017-12-02,9,46.1,53.986697813110496,B5_reserve_margin
2017-12-02,10,42.33,52.23258870865368,B5_reserve_margin
2017-12-02,11,44.02,48.460337529101,B5_reserve_margin
2017-12-02,12,40.0,44.54008286943848,B5_reserve_margin
2017-12-02,13,37.28,41.94713480011692,B5_reserve_margin
2017-12-02,14,38.21,43.86723520173945,B5_reserve_margin
2017-12-02,15,46.13,46.387980046050785,B5_reserve_margin
2017-12-02,16,47.96,50.82937373785437,B5_reserve_margin
2017-12-02,17,47.95,61.37261427571913,B5_reserve_margin
2017-12-02,18,42.99,51.42972886576707,B5_reserve_margin
2017-12-02,19,39.37,47.246255952493414,B5_reserve_margin
2017-12-02,20,36.79,39.91730077781384,B5_reserve_margin
2017-12-02,21,38.52,35.55594797447288,B5_reserve_margin
2017-12-02,22,39.92,34.9238583679206,B5_reserve_margin
2017-12-02,23,35.68,30.35123434659134,B5_reserve_margin
2017-12-03,0,33.17,29.715971536500156,B5_reserve_margin
2017-12-03,1,31.93,27.91070587948888,B5_reserve_margin
2017-12-03,2,30.43,27.341981002445806,B5_reserve_margin
2017-12-03,3,28.3,25.741431152945268,B5_reserve_margin
2017-12-03,4,30.44,25.406662127073076,B5_reserve_margin
2017-12-03,5,29.87,26.6636075922889,B5_reserve_margin
2017-12-03,6,29.81,26.880719001372157,B5_reserve_margin
2017-12-03,7,27.72,25.735657884744043,B5_reserve_margin
2017-12-03,8,29.95,28.972123590682735,B5_reserve_margin
2017-12-03,9,33.08,29.998320292584776,B5_reserve_margin
2017-12-03,10,34.85,31.814633356310118,B5_reserve_margin
2017-12-03,11,36.91,32.39290076492954,B5_reserve_margin
2017-12-03,12,37.0,32.106506194237134,B5_reserve_margin
2017-12-03,13,32.92,30.131876404423707,B5_reserve_margin
2017-12-03,14,34.06,29.631219758091156,B5_reserve_margin
2017-12-03,15,34.29,30.47638449306271,B5_reserve_margin
2017-12-03,16,36.97,33.897926927602754,B5_reserve_margin
2017-12-03,17,39.36,38.36919765620823,B5_reserve_margin
2017-12-03,18,39.0,38.11509401506738,B5_reserve_margin
2017-12-03,19,37.06,37.06225939340913,B5_reserve_margin
2017-12-03,20,36.03,33.93282751584374,B5_reserve_margin
2017-12-03,21,33.95,30.94259578242124,B5_reserve_margin
2017-12-03,22,33.98,32.24355217620443,B5_reserve_margin
2017-12-03,23,28.25,26.92582482319416,B5_reserve_margin
2017-12-04,0,12.05,25.878058540381087,B5_reserve_margin
2017-12-04,1,17.69,24.246983011693757,B5_reserve_margin
2017-12-04,2,15.31,22.830951065346568,B5_reserve_margin
2017-12-04,3,12.75,21.925977719925665,B5_reserve_margin
2017-12-04,4,17.18,23.19975625248934,B5_reserve_margin
2017-12-04,5,25.05,27.890375978866047,B5_reserve_margin
2017-12-04,6,33.19,37.5528976187363,B5_reserve_margin
2017-12-04,7,38.56,45.26479040144994,B5_reserve_margin
2017-12-04,8,42.9,46.051239325683014,B5_reserve_margin
2017-12-04,9,38.29,45.199695835059444,B5_reserve_margin
2017-12-04,10,37.06,44.561723138928095,B5_reserve_margin
2017-12-04,11,38.94,46.72362835007811,B5_reserve_margin
2017-12-04,12,36.36,45.735553930648166,B5_reserve_margin
2017-12-04,13,39.45,48.88597973633918,B5_reserve_margin
2017-12-04,14,43.97,53.10994810631568,B5_reserve_margin
2017-12-04,15,46.14,56.85771165453894,B5_reserve_margin
2017-12-04,16,50.96,55.51556501292826,B5_reserve_margin
2017-12-04,17,51.04,58.814674976548,B5_reserve_margin
2017-12-04,18,48.85,50.054909782270634,B5_reserve_margin
2017-12-04,19,45.6,47.49479114705107,B5_reserve_margin
2017-12-04,20,42.38,43.479636210963434,B5_reserve_margin
2017-12-04,21,39.83,37.577859137992064,B5_reserve_margin
2017-12-04,22,33.53,34.25581462302256,B5_reserve_margin
2017-12-04,23,30.03,29.389903796401185,B5_reserve_margin
2017-12-05,0,28.69,26.666274307335637,B5_reserve_margin
2017-12-05,1,28.01,24.54193698906378,B5_reserve_margin
2017-12-05,2,26.88,22.862444464065778,B5_reserve_margin
2017-12-05,3,27.93,22.475992664797786,B5_reserve_margin
2017-12-05,4,28.23,23.862823338280553,B5_reserve_margin
2017-12-05,5,30.73,24.896746836238652,B5_reserve_margin
2017-12-05,6,35.39,34.94793456411299,B5_reserve_margin
2017-12-05,7,39.69,43.86628777616724,B5_reserve_margin
2017-12-05,8,40.05,46.26270195255235,B5_reserve_margin
2017-12-05,9,40.36,44.681732449298835,B5_reserve_margin
2017-12-05,10,47.59,43.78813840913592,B5_reserve_margin
2017-12-05,11,46.78,42.67133331679123,B5_reserve_margin
2017-12-05,12,44.07,40.122795582266164,B5_reserve_margin
2017-12-05,13,42.45,40.11816381099929,B5_reserve_margin
2017-12-05,14,39.97,39.374120015055105,B5_reserve_margin
2017-12-05,15,39.05,39.53442434917483,B5_reserve_margin
2017-12-05,16,39.05,41.72351613814545,B5_reserve_margin
2017-12-05,17,43.96,44.56004626659707,B5_reserve_margin
2017-12-05,18,40.04,42.585088099015,B5_reserve_margin
2017-12-05,19,46.04,41.11473508340392,B5_reserve_margin
2017-12-05,20,35.35,36.80841325593934,B5_reserve_margin
2017-12-05,21,30.03,32.80662661589719,B5_reserve_margin
2017-12-05,22,28.06,30.223079240404793,B5_reserve_margin
2017-12-05,23,13.45,26.489095139104222,B5_reserve_margin
2017-12-06,0,14.34,17.955677088434616,B5_reserve_margin
2017-12-06,1,12.34,16.136295487671873,B5_reserve_margin
2017-12-06,2,9.71,14.480789336493881,B5_reserve_margin
2017-12-06,3,12.7,14.977235391735293,B5_reserve_margin
2017-12-06,4,14.04,16.52746529453365,B5_reserve_margin
2017-12-06,5,13.27,20.537008094577743,B5_reserve_margin
2017-12-06,6,29.57,30.59199376036293,B5_reserve_margin
2017-12-06,7,38.24,41.44541606616493,B5_reserve_margin
2017-12-06,8,37.59,41.504016930609865,B5_reserve_margin
2017-12-06,9,39.13,38.44629092900658,B5_reserve_margin
2017-12-06,10,38.22,37.17057141081598,B5_reserve_margin
2017-12-06,11,34.6,36.94271628467783,B5_reserve_margin
2017-12-06,12,34.59,34.97542881844531,B5_reserve_margin
2017-12-06,13,36.48,33.22001010162331,B5_reserve_margin
2017-12-06,14,39.81,34.23904829100758,B5_reserve_margin
2017-12-06,15,39.0,36.164454489371614,B5_reserve_margin
2017-12-06,16,40.9,39.04674451350073,B5_reserve_margin
2017-12-06,17,45.69,45.61760827277818,B5_reserve_margin
2017-12-06,18,41.96,44.926393362724866,B5_reserve_margin
2017-12-06,19,39.95,43.72493240096069,B5_reserve_margin
2017-12-06,20,39.01,38.400506307550934,B5_reserve_margin
2017-12-06,21,38.98,34.24698001902438,B5_reserve_margin
2017-12-06,22,31.97,30.842117284166385,B5_reserve_margin
2017-12-06,23,27.95,24.8675702487675,B5_reserve_margin
2017-12-07,0,30.47,25.47205841112455,B5_reserve_margin
2017-12-07,1,29.43,22.75487309509044,B5_reserve_margin
2017-12-07,2,26.57,20.145007472743096,B5_reserve_margin
2017-12-07,3,27.36,20.22929531410284,B5_reserve_margin
2017-12-07,4,30.01,20.90503266446586,B5_reserve_margin
2017-12-07,5,32.07,24.55536409656774,B5_reserve_margin
2017-12-07,6,44.72,33.2963077181758,B5_reserve_margin
2017-12-07,7,51.98,40.74429658410885,B5_reserve_margin
2017-12-07,8,48.53,42.298197985389436,B5_reserve_margin
2017-12-07,9,43.85,39.10581679458809,B5_reserve_margin
2017-12-07,10,38.55,36.13087014044339,B5_reserve_margin
2017-12-07,11,33.1,33.78436973021019,B5_reserve_margin
2017-12-07,12,30.04,30.22995796288623,B5_reserve_margin
2017-12-07,13,31.06,29.904923159821237,B5_reserve_margin
2017-12-07,14,32.06,29.503556227816404,B5_reserve_margin
2017-12-07,15,37.23,31.5031491360068,B5_reserve_margin
2017-12-07,16,38.53,33.223692221158274,B5_reserve_margin
2017-12-07,17,39.73,38.36199564080758,B5_reserve_margin
2017-12-07,18,37.49,39.405090454119026,B5_reserve_margin
2017-12-07,19,32.07,38.687117926722394,B5_reserve_margin
2017-12-07,20,28.06,34.799044096034926,B5_reserve_margin
2017-12-07,21,27.5,31.157569399151928,B5_reserve_margin
2017-12-07,22,26.42,28.245665705815085,B5_reserve_margin
2017-12-07,23,22.61,21.420321903386323,B5_reserve_margin
2017-12-08,0,13.45,21.841287626591374,B5_reserve_margin
2017-12-08,1,12.2,21.124601556123007,B5_reserve_margin
2017-12-08,2,10.5,20.136502756448067,B5_reserve_margin
2017-12-08,3,18.93,20.675224161509316,B5_reserve_margin
2017-12-08,4,24.56,22.49360410739213,B5_reserve_margin
2017-12-08,5,23.05,25.50238547845523,B5_reserve_margin
2017-12-08,6,35.88,33.356934527712625,B5_reserve_margin
2017-12-08,7,37.7,42.04271369586024,B5_reserve_margin
2017-12-08,8,46.04,43.23251380841322,B5_reserve_margin
2017-12-08,9,43.93,40.506637078716814,B5_reserve_margin
2017-12-08,10,37.99,37.69563146050588,B5_reserve_margin
2017-12-08,11,41.51,35.33086148190324,B5_reserve_margin
2017-12-08,12,34.21,31.382684646457758,B5_reserve_margin
2017-12-08,13,32.1,31.870095741908315,B5_reserve_margin
2017-12-08,14,32.17,30.897146558475303,B5_reserve_margin
2017-12-08,15,37.98,33.37667861900188,B5_reserve_margin
2017-12-08,16,41.57,34.95749017385417,B5_reserve_margin
2017-12-08,17,40.73,39.70656603018182,B5_reserve_margin
2017-12-08,18,39.96,38.699973541335076,B5_reserve_margin
2017-12-08,19,38.57,37.33822168903693,B5_reserve_margin
2017-12-08,20,32.32,34.6125668068268,B5_reserve_margin
2017-12-08,21,28.0,32.63156856945195,B5_reserve_margin
2017-12-08,22,23.1,30.37314069942649,B5_reserve_margin
2017-12-08,23,9.29,25.147568452020707,B5_reserve_margin
2017-12-09,0,15.03,14.592363989037782,B5_reserve_margin
2017-12-09,1,12.51,12.19216244023307,B5_reserve_margin
2017-12-09,2,10.31,9.349862181550918,B5_reserve_margin
2017-12-09,3,9.26,11.132007064016145,B5_reserve_margin
2017-12-09,4,9.12,12.753114272015347,B5_reserve_margin
2017-12-09,5,8.92,17.080596137206488,B5_reserve_margin
2017-12-09,6,10.06,15.565753932810308,B5_reserve_margin
2017-12-09,7,12.15,24.42756553437391,B5_reserve_margin
2017-12-09,8,12.41,30.76995666785308,B5_reserve_margin
2017-12-09,9,18.07,29.988128354442786,B5_reserve_margin
2017-12-09,10,18.96,29.585843177308504,B5_reserve_margin
2017-12-09,11,16.25,24.47805285334599,B5_reserve_margin
2017-12-09,12,15.03,24.821889036021936,B5_reserve_margin
2017-12-09,13,12.39,24.371904182647665,B5_reserve_margin
2017-12-09,14,12.53,25.421268847087838,B5_reserve_margin
2017-12-09,15,19.41,26.827296002259626,B5_reserve_margin
2017-12-09,16,26.51,30.395402011065784,B5_reserve_margin
2017-12-09,17,31.67,36.56922181560148,B5_reserve_margin
2017-12-09,18,28.45,33.65009901196172,B5_reserve_margin
2017-12-09,19,24.56,29.929040134347545,B5_reserve_margin
2017-12-09,20,15.8,25.59740012707261,B5_reserve_margin
2017-12-09,21,13.01,22.4839504578914,B5_reserve_margin
2017-12-09,22,15.04,20.356484609127662,B5_reserve_margin
2017-12-09,23,10.16,15.9295397511651,B5_reserve_margin
2017-12-10,0,14.31,10.042759086492925,B5_reserve_margin
2017-12-10,1,10.92,9.346374666731425,B5_reserve_margin
2017-12-10,2,10.17,7.572682478822816,B5_reserve_margin
2017-12-10,3,12.09,7.591235419670603,B5_reserve_margin
2017-12-10,4,15.06,8.811292146273765,B5_reserve_margin
2017-12-10,5,12.23,5.850225874888057,B5_reserve_margin
2017-12-10,6,12.28,8.89396453753735,B5_reserve_margin
2017-12-10,7,20.68,3.6505530286902257,B5_reserve_margin
2017-12-10,8,27.85,10.972241579080386,B5_reserve_margin
2017-12-10,9,28.56,16.859733446127297,B5_reserve_margin
2017-12-10,10,29.15,21.55656095121784,B5_reserve_margin
2017-12-10,11,29.57,26.57958355782919,B5_reserve_margin
2017-12-10,12,29.26,25.77715675750535,B5_reserve_margin
2017-12-10,13,28.24,22.745529298424444,B5_reserve_margin
2017-12-10,14,25.07,20.864398528375773,B5_reserve_margin
2017-12-10,15,9.12,17.711864298771548,B5_reserve_margin
2017-12-10,16,9.19,20.910706986375082,B5_reserve_margin
2017-12-10,17,17.42,25.771462979093688,B5_reserve_margin
2017-12-10,18,15.02,23.400520153559206,B5_reserve_margin
2017-12-10,19,12.05,20.367517757164286,B5_reserve_margin
2017-12-10,20,12.27,19.213128905916516,B5_reserve_margin
2017-12-10,21,12.16,23.114399372325096,B5_reserve_margin
2017-12-10,22,14.81,23.02518244146585,B5_reserve_margin
2017-12-10,23,12.13,16.09197442660187,B5_reserve_margin
2017-12-11,0,15.03,12.093217666883056,B5_reserve_margin
2017-12-11,1,10.87,14.799649674524767,B5_reserve_margin
2017-12-11,2,12.59,14.231423320756525,B5_reserve_margin
2017-12-11,3,11.75,16.426830985593423,B5_reserve_margin
2017-12-11,4,12.78,18.515871156594265,B5_reserve_margin
2017-12-11,5,23.22,26.423671862937166,B5_reserve_margin
2017-12-11,6,47.95,38.817388655533115,B5_reserve_margin
2017-12-11,7,62.0,49.64081888114653,B5_reserve_margin
2017-12-11,8,63.01,54.8015182166349,B5_reserve_margin
2017-12-11,9,60.2,54.892374563242726,B5_reserve_margin
2017-12-11,10,62.93,57.754051066613876,B5_reserve_margin
2017-12-11,11,61.95,59.101967003065866,B5_reserve_margin
2017-12-11,12,64.98,55.5240115364546,B5_reserve_margin
2017-12-11,13,58.23,53.98887879702288,B5_reserve_margin
2017-12-11,14,53.84,49.47219778803483,B5_reserve_margin
2017-12-11,15,51.91,41.73083015195115,B5_reserve_margin
2017-12-11,16,53.38,41.47587932025385,B5_reserve_margin
2017-12-11,17,51.87,42.6290283477336,B5_reserve_margin
2017-12-11,18,47.4,39.38939552939961,B5_reserve_margin
2017-12-11,19,39.68,36.57290960550581,B5_reserve_margin
2017-12-11,20,40.7,34.30011291946457,B5_reserve_margin
2017-12-11,21,34.43,27.437394135429614,B5_reserve_margin
2017-12-11,22,31.95,24.26746456605209,B5_reserve_margin
2017-12-11,23,27.35,21.723684539058286,B5_reserve_margin
2017-12-12,0,24.52,24.828933433122575,B5_reserve_margin
2017-12-12,1,22.21,21.630882017074285,B5_reserve_margin
2017-12-12,2,14.58,19.55672737836643,B5_reserve_margin
2017-12-12,3,12.31,18.900811439106768,B5_reserve_margin
2017-12-12,4,14.2,21.829995837874772,B5_reserve_margin
2017-12-12,5,26.14,23.817840178108916,B5_reserve_margin
2017-12-12,6,30.89,27.887713518481082,B5_reserve_margin
2017-12-12,7,32.32,38.83444573911232,B5_reserve_margin
2017-12-12,8,35.19,41.2062804160029,B5_reserve_margin
2017-12-12,9,34.7,39.296021816788915,B5_reserve_margin
2017-12-12,10,34.75,37.11008409577146,B5_reserve_margin
2017-12-12,11,35.75,37.19827686258689,B5_reserve_margin
2017-12-12,12,36.92,36.10256995006275,B5_reserve_margin
2017-12-12,13,39.9,36.67952180271441,B5_reserve_margin
2017-12-12,14,43.16,38.13450277990263,B5_reserve_margin
2017-12-12,15,45.0,41.1337341425987,B5_reserve_margin
2017-12-12,16,46.09,47.49234789199281,B5_reserve_margin
2017-12-12,17,50.95,50.087497255242354,B5_reserve_margin
2017-12-12,18,46.95,47.688243078596734,B5_reserve_margin
2017-12-12,19,46.08,45.74858210670986,B5_reserve_margin
2017-12-12,20,46.1,39.39811181324242,B5_reserve_margin
2017-12-12,21,40.95,36.02662359144599,B5_reserve_margin
2017-12-12,22,36.74,31.94619573980603,B5_reserve_margin
2017-12-12,23,27.96,26.891655058049768,B5_reserve_margin
2017-12-13,0,22.55,23.732920325584843,B5_reserve_margin
2017-12-13,1,20.0,21.577151753806884,B5_reserve_margin
2017-12-13,2,15.96,19.896304102230694,B5_reserve_margin
2017-12-13,3,12.74,18.628298516888233,B5_reserve_margin
2017-12-13,4,14.2,19.623455643634852,B5_reserve_margin
2017-12-13,5,18.02,20.67314112304112,B5_reserve_margin
2017-12-13,6,32.93,29.405808479924325,B5_reserve_margin
2017-12-13,7,34.19,37.90056417002259,B5_reserve_margin
2017-12-13,8,38.27,36.909769752864285,B5_reserve_margin
2017-12-13,9,34.45,36.00832493906565,B5_reserve_margin
2017-12-13,10,30.97,33.125069064577076,B5_reserve_margin
2017-12-13,11,29.83,33.18533752208337,B5_reserve_margin
2017-12-13,12,29.7,29.16865036721275,B5_reserve_margin
2017-12-13,13,29.98,29.523200213656814,B5_reserve_margin
2017-12-13,14,32.44,29.288972437007086,B5_reserve_margin
2017-12-13,15,32.91,31.229867193081585,B5_reserve_margin
2017-12-13,16,34.49,32.96753060403667,B5_reserve_margin
2017-12-13,17,34.46,35.90160107111046,B5_reserve_margin
2017-12-13,18,33.94,34.83205922265225,B5_reserve_margin
2017-12-13,19,32.75,33.82888548177661,B5_reserve_margin
2017-12-13,20,29.1,33.60924432631948,B5_reserve_margin
2017-12-13,21,22.62,27.513516631120833,B5_reserve_margin
2017-12-13,22,20.05,24.634339390088254,B5_reserve_margin
2017-12-13,23,8.45,19.76305917005422,B5_reserve_margin
2017-12-14,0,8.84,13.950017062709254,B5_reserve_margin
2017-12-14,1,8.8,11.962307696620075,B5_reserve_margin
2017-12-14,2,8.84,10.463013202532007,B5_reserve_margin
2017-12-14,3,9.01,10.987210674632363,B5_reserve_margin
2017-12-14,4,10.79,13.94612179015814,B5_reserve_margin
2017-12-14,5,14.44,19.607782617787038,B5_reserve_margin
2017-12-14,6,32.63,27.8867920880411,B5_reserve_margin
2017-12-14,7,45.94,36.081226588583085,B5_reserve_margin
2017-12-14,8,42.14,36.44171104989654,B5_reserve_margin
2017-12-14,9,33.84,35.050044485779566,B5_reserve_margin
2017-12-14,10,32.06,30.84837503769377,B5_reserve_margin
2017-12-14,11,31.82,29.40620377006242,B5_reserve_margin
2017-12-14,12,31.54,26.945216162497214,B5_reserve_margin
2017-12-14,13,31.46,27.925457377394956,B5_reserve_margin
2017-12-14,14,32.53,28.056735150343275,B5_reserve_margin
2017-12-14,15,36.43,30.876626273838387,B5_reserve_margin
2017-12-14,16,38.43,34.2133808513233,B5_reserve_margin
2017-12-14,17,49.94,39.41662064545154,B5_reserve_margin
2017-12-14,18,51.55,40.32795801947001,B5_reserve_margin
2017-12-14,19,48.06,40.61099895738996,B5_reserve_margin
2017-12-14,20,41.9,37.564618919535405,B5_reserve_margin
2017-12-14,21,39.31,33.438274133628525,B5_reserve_margin
2017-12-14,22,34.94,32.66733515257144,B5_reserve_margin
2017-12-14,23,28.96,27.73778874831336,B5_reserve_margin
2017-12-15,0,32.01,28.078300405964963,B5_reserve_margin
2017-12-15,1,30.93,26.08663712637262,B5_reserve_margin
2017-12-15,2,29.0,24.443543211462377,B5_reserve_margin
2017-12-15,3,28.97,25.18651172814675,B5_reserve_margin
2017-12-15,4,29.57,26.541566007509374,B5_reserve_margin
2017-12-15,5,33.17,28.90674198519862,B5_reserve_margin
2017-12-15,6,46.95,37.833833841168925,B5_reserve_margin
2017-12-15,7,57.17,48.75077485655622,B5_reserve_margin
2017-12-15,8,54.31,51.69022102614295,B5_reserve_margin
2017-12-15,9,53.93,53.410081566259635,B5_reserve_margin
2017-12-15,10,52.09,51.002460032107436,B5_reserve_margin
2017-12-15,11,52.51,53.389678043132704,B5_reserve_margin
2017-12-15,12,48.49,52.49075893094752,B5_reserve_margin
2017-12-15,13,47.92,51.67596741736638,B5_reserve_margin
2017-12-15,14,48.93,48.58242373090694,B5_reserve_margin
2017-12-15,15,52.94,57.597026104547766,B5_reserve_margin
2017-12-15,16,60.92,57.36736575998222,B5_reserve_margin
2017-12-15,17,74.54,64.23514104861076,B5_reserve_margin
2017-12-15,18,59.32,57.535300883270835,B5_reserve_margin
2017-12-15,19,53.91,50.741593255592846,B5_reserve_margin
2017-12-15,20,50.13,44.10876189436475,B5_reserve_margin
2017-12-15,21,42.23,39.15912384051953,B5_reserve_margin
2017-12-15,22,37.04,37.65992999354171,B5_reserve_margin
2017-12-15,23,33.23,31.22879276316179,B5_reserve_margin
2017-12-16,0,35.07,36.35104437897209,B5_reserve_margin
2017-12-16,1,33.08,34.06560799274675,B5_reserve_margin
2017-12-16,2,32.96,35.0402883666965,B5_reserve_margin
2017-12-16,3,31.96,30.17159596354005,B5_reserve_margin
2017-12-16,4,32.0,29.30394700862831,B5_reserve_margin
2017-12-16,5,31.76,30.29998151227474,B5_reserve_margin
2017-12-16,6,31.58,29.08754861286121,B5_reserve_margin
2017-12-16,7,31.39,31.597092260738606,B5_reserve_margin
2017-12-16,8,34.01,35.51571687368709,B5_reserve_margin
2017-12-16,9,41.56,37.81710848725616,B5_reserve_margin
2017-12-16,10,44.34,38.154911439086106,B5_reserve_margin
2017-12-16,11,44.03,37.63090575745068,B5_reserve_margin
2017-12-16,12,41.69,35.6646346003002,B5_reserve_margin
2017-12-16,13,38.1,32.57777144173698,B5_reserve_margin
2017-12-16,14,36.48,33.61664816946931,B5_reserve_margin
2017-12-16,15,40.0,32.669908018309485,B5_reserve_margin
2017-12-16,16,46.17,37.13747043362667,B5_reserve_margin
2017-12-16,17,48.93,41.87864074903802,B5_reserve_margin
2017-12-16,18,46.9,38.92206755500438,B5_reserve_margin
2017-12-16,19,42.0,36.708508111328136,B5_reserve_margin
2017-12-16,20,39.0,31.715994424375435,B5_reserve_margin
2017-12-16,21,33.62,30.640178226710137,B5_reserve_margin
2017-12-16,22,33.01,29.251552929864154,B5_reserve_margin
2017-12-16,23,29.02,25.80775188410871,B5_reserve_margin
2017-12-17,0,28.9,25.960592016036035,B5_reserve_margin
2017-12-17,1,28.2,24.49736517016512,B5_reserve_margin
2017-12-17,2,28.2,23.871535396799768,B5_reserve_margin
2017-12-17,3,27.94,23.517052163567755,B5_reserve_margin
2017-12-17,4,28.21,24.72209126773873,B5_reserve_margin
2017-12-17,5,28.38,25.090875029631874,B5_reserve_margin
2017-12-17,6,28.58,24.550132579539607,B5_reserve_margin
2017-12-17,7,29.4,27.110545493901636,B5_reserve_margin
2017-12-17,8,31.38,31.044273692717987,B5_reserve_margin
2017-12-17,9,34.78,35.91972780328156,B5_reserve_margin
2017-12-17,10,38.12,36.282610034962175,B5_reserve_margin
2017-12-17,11,43.64,40.285135681756906,B5_reserve_margin
2017-12-17,12,41.57,37.09896026942046,B5_reserve_margin
2017-12-17,13,40.02,34.652623535355474,B5_reserve_margin
2017-12-17,14,39.08,34.11279902394491,B5_reserve_margin
2017-12-17,15,41.5,33.078593598812624,B5_reserve_margin
2017-12-17,16,45.74,36.1589120866259,B5_reserve_margin
2017-12-17,17,46.96,40.180365543622145,B5_reserve_margin
2017-12-17,18,45.91,38.03660087200364,B5_reserve_margin
2017-12-17,19,42.91,33.779847461880586,B5_reserve_margin
2017-12-17,20,36.42,31.43385427036508,B5_reserve_margin
2017-12-17,21,32.92,30.10413646284932,B5_reserve_margin
2017-12-17,22,30.66,30.154328397135355,B5_reserve_margin
2017-12-17,23,28.59,25.013705103254498,B5_reserve_margin
2017-12-18,0,30.43,28.243938132388607,B5_reserve_margin
2017-12-18,1,29.9,27.70973725941798,B5_reserve_margin
2017-12-18,2,28.15,27.337326455222012,B5_reserve_margin
2017-12-18,3,27.39,26.577459652926187,B5_reserve_margin
2017-12-18,4,28.71,28.571674164101836,B5_reserve_margin
2017-12-18,5,33.73,34.87630102634816,B5_reserve_margin
2017-12-18,6,46.2,48.56250961785079,B5_reserve_margin
2017-12-18,7,63.95,63.313121338073174,B5_reserve_margin
2017-12-18,8,64.42,67.65550296663777,B5_reserve_margin
2017-12-18,9,64.08,69.63636956340679,B5_reserve_margin
2017-12-18,10,64.28,72.94303710153902,B5_reserve_margin
2017-12-18,11,69.65,71.2946689598977,B5_reserve_margin
2017-12-18,12,68.23,76.3426780226811,B5_reserve_margin
2017-12-18,13,69.97,71.13709501003409,B5_reserve_margin
2017-12-18,14,69.49,76.15193392801427,B5_reserve_margin
2017-12-18,15,71.32,74.74294694379782,B5_reserve_margin
2017-12-18,16,73.5,83.27660551307372,B5_reserve_margin
2017-12-18,17,79.72,91.70750630608634,B5_reserve_margin
2017-12-18,18,75.84,79.22109573596063,B5_reserve_margin
2017-12-18,19,68.87,65.48553678334378,B5_reserve_margin
2017-12-18,20,63.31,55.48097057388904,B5_reserve_margin
2017-12-18,21,56.58,46.93001876711389,B5_reserve_margin
2017-12-18,22,45.03,42.23346211272859,B5_reserve_margin
2017-12-18,23,37.29,37.08903995260414,B5_reserve_margin
2017-12-19,0,44.34,41.96765190081938,B5_reserve_margin
2017-12-19,1,38.07,42.29911680382559,B5_reserve_margin
2017-12-19,2,37.59,40.309251190043,B5_reserve_margin
2017-12-19,3,36.5,39.924376500000264,B5_reserve_margin
2017-12-19,4,38.89,40.88046259639556,B5_reserve_margin
2017-12-19,5,41.01,45.54060218826906,B5_reserve_margin
2017-12-19,6,53.67,51.298252862368784,B5_reserve_margin
2017-12-19,7,68.17,70.53234063701339,B5_reserve_margin
2017-12-19,8,76.91,74.1194579859651,B5_reserve_margin
2017-12-19,9,77.06,80.50973298040594,B5_reserve_margin
2017-12-19,10,75.3,84.83009388726336,B5_reserve_margin
2017-12-19,11,74.0,82.6231076060833,B5_reserve_margin
2017-12-19,12,70.85,79.32721912054902,B5_reserve_margin
2017-12-19,13,70.57,78.91034457853189,B5_reserve_margin
2017-12-19,14,70.2,78.54970733698543,B5_reserve_margin
2017-12-19,15,70.32,78.77399719714104,B5_reserve_margin
2017-12-19,16,75.82,82.97959517626533,B5_reserve_margin
2017-12-19,17,78.28,86.6986912338271,B5_reserve_margin
2017-12-19,18,75.16,79.73528898189059,B5_reserve_margin
2017-12-19,19,75.06,73.46458522837918,B5_reserve_margin
2017-12-19,20,66.29,58.843697572114806,B5_reserve_margin
2017-12-19,21,52.01,50.97659604491238,B5_reserve_margin
2017-12-19,22,48.86,46.0855683855098,B5_reserve_margin
2017-12-19,23,41.18,41.9374111027565,B5_reserve_margin
2017-12-20,0,44.47,42.61857711666703,B5_reserve_margin
2017-12-20,1,40.1,42.20430893167374,B5_reserve_margin
2017-12-20,2,37.83,42.693713287573935,B5_reserve_margin
2017-12-20,3,37.27,40.57572851130133,B5_reserve_margin
2017-12-20,4,40.85,41.838273245698154,B5_reserve_margin
2017-12-20,5,45.79,45.84336355731908,B5_reserve_margin
2017-12-20,6,57.35,52.993855530516235,B5_reserve_margin
2017-12-20,7,75.98,67.2267673050377,B5_reserve_margin
2017-12-20,8,76.7,72.00988587982567,B5_reserve_margin
2017-12-20,9,76.69,77.47823577736185,B5_reserve_margin
2017-12-20,10,76.61,78.41838491661798,B5_reserve_margin
2017-12-20,11,76.56,77.58520060340183,B5_reserve_margin
2017-12-20,12,76.35,74.39407353021247,B5_reserve_margin
2017-12-20,13,76.03,71.63563138730223,B5_reserve_margin
2017-12-20,14,74.89,70.38152203126386,B5_reserve_margin
2017-12-20,15,72.05,67.92179521723833,B5_reserve_margin
2017-12-20,16,76.06,71.94561566080864,B5_reserve_margin
2017-12-20,17,79.3,75.04130350326952,B5_reserve_margin
2017-12-20,18,77.26,63.68587538019685,B5_reserve_margin
2017-12-20,19,75.96,57.757817973499286,B5_reserve_margin
2017-12-20,20,64.16,48.248397579373346,B5_reserve_margin
2017-12-20,21,46.03,41.82335317206108,B5_reserve_margin
2017-12-20,22,42.01,39.07275792185007,B5_reserve_margin
2017-12-20,23,37.63,33.18511968115664,B5_reserve_margin
2017-12-21,0,33.09,33.55793070864787,B5_reserve_margin
2017-12-21,1,35.26,32.08599030760973,B5_reserve_margin
2017-12-21,2,31.88,30.318957651280385,B5_reserve_margin
2017-12-21,3,33.04,29.44266185559115,B5_reserve_margin
2017-12-21,4,33.6,30.047886046758762,B5_reserve_margin
2017-12-21,5,35.05,32.464446233950895,B5_reserve_margin
2017-12-21,6,35.19,41.586516330482944,B5_reserve_margin
2017-12-21,7,45.94,55.16291569418698,B5_reserve_margin
2017-12-21,8,49.9,56.142672658003725,B5_reserve_margin
2017-12-21,9,50.0,55.726037020793285,B5_reserve_margin
2017-12-21,10,51.03,57.50628383395405,B5_reserve_margin
2017-12-21,11,54.48,57.8650251291758,B5_reserve_margin
2017-12-21,12,55.96,53.33069614174141,B5_reserve_margin
2017-12-21,13,49.99,51.82120139856162,B5_reserve_margin
2017-12-21,14,46.15,53.66104861142995,B5_reserve_margin
2017-12-21,15,46.86,56.527190635801034,B5_reserve_margin
2017-12-21,16,51.93,57.438852971123396,B5_reserve_margin
2017-12-21,17,50.95,60.41163001042548,B5_reserve_margin
2017-12-21,18,51.03,57.12073937938833,B5_reserve_margin
2017-12-21,19,46.02,53.661868157755144,B5_reserve_margin
2017-12-21,20,35.83,46.019584260302004,B5_reserve_margin
2017-12-21,21,36.26,40.272965196002616,B5_reserve_margin
2017-12-21,22,38.72,37.215923178366566,B5_reserve_margin
2017-12-21,23,34.84,31.596774161315412,B5_reserve_margin
2017-12-22,0,27.76,31.9436795239681,B5_reserve_margin
2017-12-22,1,26.45,30.54088907684816,B5_reserve_margin
2017-12-22,2,26.2,30.89259288040466,B5_reserve_margin
2017-12-22,3,26.36,29.624903477203567,B5_reserve_margin
2017-12-22,4,27.59,31.011711694897553,B5_reserve_margin
2017-12-22,5,31.93,33.8281014979938,B5_reserve_margin
2017-12-22,6,38.61,41.11140511252873,B5_reserve_margin
2017-12-22,7,47.52,52.59173781403271,B5_reserve_margin
2017-12-22,8,48.0,58.4183117134404,B5_reserve_margin
2017-12-22,9,50.0,60.24331908394617,B5_reserve_margin
2017-12-22,10,48.99,63.58360548798551,B5_reserve_margin
2017-12-22,11,46.55,64.50219749601725,B5_reserve_margin
2017-12-22,12,47.86,56.81994757932348,B5_reserve_margin
2017-12-22,13,46.96,49.68047547112053,B5_reserve_margin
2017-12-22,14,39.0,47.53439288811607,B5_reserve_margin
2017-12-22,15,39.37,47.918764441894126,B5_reserve_margin
2017-12-22,16,46.06,52.486294598513055,B5_reserve_margin
2017-12-22,17,47.34,58.85520020792761,B5_reserve_margin
2017-12-22,18,41.5,51.424654728547736,B5_reserve_margin
2017-12-22,19,40.66,47.62431717043033,B5_reserve_margin
2017-12-22,20,42.91,41.306129021279425,B5_reserve_margin
2017-12-22,21,42.06,37.10073629750867,B5_reserve_margin
2017-12-22,22,37.4,36.89871518571829,B5_reserve_margin
2017-12-22,23,30.62,32.55755342127902,B5_reserve_margin
2017-12-23,0,26.33,27.274056847681056,B5_reserve_margin
2017-12-23,1,17.72,23.18793888514481,B5_reserve_margin
2017-12-23,2,11.8,20.87531609659984,B5_reserve_margin
2017-12-23,3,11.3,19.689298894754636,B5_reserve_margin
2017-12-23,4,12.4,20.068801163447098,B5_reserve_margin
2017-12-23,5,8.4,19.698632272751553,B5_reserve_margin
2017-12-23,6,9.71,19.7392476371945,B5_reserve_margin
2017-12-23,7,10.71,19.41793403211835,B5_reserve_margin
2017-12-23,8,14.78,23.082422158176357,B5_reserve_margin
2017-12-23,9,18.79,26.973648682794696,B5_reserve_margin
2017-12-23,10,20.08,27.113512193242396,B5_reserve_margin
2017-12-23,11,14.74,24.088287817521156,B5_reserve_margin
2017-12-23,12,14.77,24.128880910042064,B5_reserve_margin
2017-12-23,13,10.87,20.328567617997066,B5_reserve_margin
2017-12-23,14,5.65,20.524117456775173,B5_reserve_margin
2017-12-23,15,10.04,22.25552437787153,B5_reserve_margin
2017-12-23,16,12.91,25.926877312398354,B5_reserve_margin
2017-12-23,17,22.01,28.795520986164874,B5_reserve_margin
2017-12-23,18,18.08,30.841485615860115,B5_reserve_margin
2017-12-23,19,10.84,30.644271201091776,B5_reserve_margin
2017-12-23,20,0.4,26.8033559075823,B5_reserve_margin
2017-12-23,21,-0.03,27.280082700404773,B5_reserve_margin
2017-12-23,22,-0.09,26.147306489069972,B5_reserve_margin
2017-12-23,23,-12.12,19.561824441764337,B5_reserve_margin
2017-12-24,0,-40.84,-9.520221718147859,B5_reserve_margin
2017-12-24,1,-43.18,-17.13491997961693,B5_reserve_margin
2017-12-24,2,-55.99,-21.73774558764986,B5_reserve_margin
2017-12-24,3,-49.99,-21.1071919925379,B5_reserve_margin
2017-12-24,4,-40.14,-19.683815104336027,B5_reserve_margin
2017-12-24,5,-36.05,-12.586252792055408,B5_reserve_margin
2017-12-24,6,-42.93,-14.812692020855728,B5_reserve_margin
2017-12-24,7,-9.94,-13.373408738089203,B5_reserve_margin
2017-12-24,8,2.13,-8.38392254381899,B5_reserve_margin
2017-12-24,9,5.07,4.299348173170877,B5_reserve_margin
2017-12-24,10,5.03,7.88467893152761,B5_reserve_margin
2017-12-24,11,6.82,10.746622282968577,B5_reserve_margin
2017-12-24,12,2.17,10.343614992912332,B5_reserve_margin
2017-12-24,13,2.93,3.8398763856107507,B5_reserve_margin
2017-12-24,14,0.1,0.8517919673279479,B5_reserve_margin
2017-12-24,15,1.09,2.5573420834737703,B5_reserve_margin
2017-12-24,16,6.75,7.041566310293646,B5_reserve_margin
2017-12-24,17,11.08,17.461318347516958,B5_reserve_margin
2017-12-24,18,2.85,19.491748781744462,B5_reserve_margin
2017-12-24,19,1.8,16.46135473223448,B5_reserve_margin
2017-12-24,20,-4.94,16.40453544227881,B5_reserve_margin
2017-12-24,21,-6.74,21.82604850723744,B5_reserve_margin
2017-12-24,22,0.08,21.278398869547736,B5_reserve_margin
2017-12-24,23,0.06,13.640674992686147,B5_reserve_margin
2017-12-25,0,-4.98,-2.3156923650650434,B5_reserve_margin
2017-12-25,1,-32.58,-7.264150262066387,B5_reserve_margin
2017-12-25,2,-19.79,-10.899433155356654,B5_reserve_margin
2017-12-25,3,-11.9,-10.778754892823883,B5_reserve_margin
2017-12-25,4,-4.96,-8.129043468398901,B5_reserve_margin
2017-12-25,5,-4.83,5.139145913450534,B5_reserve_margin
2017-12-25,6,-61.41,8.489964121815316,B5_reserve_margin
2017-12-25,7,-4.97,7.816952293225906,B5_reserve_margin
2017-12-25,8,0.07,8.954373096509563,B5_reserve_margin
2017-12-25,9,9.94,15.261306843696438,B5_reserve_margin
2017-12-25,10,19.9,21.160382096698637,B5_reserve_margin
2017-12-25,11,22.01,20.32713722309464,B5_reserve_margin
2017-12-25,12,18.35,19.85408771665947,B5_reserve_margin
2017-12-25,13,15.99,18.611666197176987,B5_reserve_margin
2017-12-25,14,12.97,19.168149048812445,B5_reserve_margin
2017-12-25,15,17.97,22.368468687947388,B5_reserve_margin
2017-12-25,16,17.99,24.565795327080583,B5_reserve_margin
2017-12-25,17,26.45,30.33163309656451,B5_reserve_margin
2017-12-25,18,27.41,30.050942854803765,B5_reserve_margin
2017-12-25,19,27.59,27.39519166797986,B5_reserve_margin
2017-12-25,20,25.64,24.806255072442738,B5_reserve_margin
2017-12-25,21,22.09,26.31798414693074,B5_reserve_margin
2017-12-25,22,22.17,25.56861146410147,B5_reserve_margin
2017-12-25,23,22.0,17.349104707176213,B5_reserve_margin
2017-12-26,0,5.06,17.10375995051756,B5_reserve_margin
2017-12-26,1,5.06,10.93459289357504,B5_reserve_margin
2017-12-26,2,-1.44,11.406288510327881,B5_reserve_margin
2017-12-26,3,-6.94,4.976655509629413,B5_reserve_margin
2017-12-26,4,-9.65,4.963475427470005,B5_reserve_margin
2017-12-26,5,-9.89,7.818011906194432,B5_reserve_margin
2017-12-26,6,-11.88,5.697585785953969,B5_reserve_margin
2017-12-26,7,-3.24,11.615989208486937,B5_reserve_margin
2017-12-26,8,-9.78,12.383913998081699,B5_reserve_margin
2017-12-26,9,0.0,9.80273741745291,B5_reserve_margin
2017-12-26,10,-24.33,5.396387096825205,B5_reserve_margin
2017-12-26,11,-31.69,9.280512817234595,B5_reserve_margin
2017-12-26,12,-52.82,4.7779847865930485,B5_reserve_margin
2017-12-26,13,-53.42,5.787633166567478,B5_reserve_margin
2017-12-26,14,-18.0,8.451709984754615,B5_reserve_margin
2017-12-26,15,-0.48,14.22999488395861,B5_reserve_margin
2017-12-26,16,5.49,20.202671973884982,B5_reserve_margin
2017-12-26,17,10.66,26.364944030645816,B5_reserve_margin
2017-12-26,18,13.35,29.690569715280457,B5_reserve_margin
2017-12-26,19,11.19,30.605962048502946,B5_reserve_margin
2017-12-26,20,19.0,29.27857463184773,B5_reserve_margin
2017-12-26,21,18.06,26.56227162046943,B5_reserve_margin
2017-12-26,22,22.02,25.422514132407557,B5_reserve_margin
2017-12-26,23,13.46,18.618828473064525,B5_reserve_margin
2017-12-27,0,25.37,14.484010027561974,B5_reserve_margin
2017-12-27,1,15.09,12.011726507015917,B5_reserve_margin
2017-12-27,2,13.93,9.828502267013508,B5_reserve_margin
2017-12-27,3,13.48,8.234540664640178,B5_reserve_margin
2017-12-27,4,12.74,10.303918157833317,B5_reserve_margin
2017-12-27,5,13.29,16.906187458674353,B5_reserve_margin
2017-12-27,6,20.03,21.34746821529815,B5_reserve_margin
2017-12-27,7,28.62,24.297605224472193,B5_reserve_margin
2017-12-27,8,32.0,25.042167908852125,B5_reserve_margin
2017-12-27,9,34.91,26.400194922519333,B5_reserve_margin
2017-12-27,10,35.3,27.33353728668316,B5_reserve_margin
2017-12-27,11,42.46,30.449385661497445,B5_reserve_margin
2017-12-27,12,46.11,30.217728538901852,B5_reserve_margin
2017-12-27,13,46.01,32.2210790148612,B5_reserve_margin
2017-12-27,14,46.4,33.9648593989578,B5_reserve_margin
2017-12-27,15,46.48,36.02812674313249,B5_reserve_margin
2017-12-27,16,50.9,38.319145413758484,B5_reserve_margin
2017-12-27,17,56.09,40.302749571327,B5_reserve_margin
2017-12-27,18,57.57,40.85520402196947,B5_reserve_margin
2017-12-27,19,51.33,38.922735576671776,B5_reserve_margin
2017-12-27,20,42.4,34.43504992264441,B5_reserve_margin
2017-12-27,21,40.0,30.74662377686005,B5_reserve_margin
2017-12-27,22,42.24,32.03934850072807,B5_reserve_margin
2017-12-27,23,31.27,26.085556726082842,B5_reserve_margin
2017-12-28,0,28.87,31.602454524282347,B5_reserve_margin
2017-12-28,1,28.12,29.56210456991809,B5_reserve_margin
2017-12-28,2,27.2,27.436821190219202,B5_reserve_margin
2017-12-28,3,26.0,25.1379255138133,B5_reserve_margin
2017-12-28,4,26.33,24.494526454582886,B5_reserve_margin
2017-12-28,5,28.89,27.873754772523426,B5_reserve_margin
2017-12-28,6,30.74,31.311210647602998,B5_reserve_margin
2017-12-28,7,35.98,34.845687247211764,B5_reserve_margin
2017-12-28,8,38.43,38.424722129371304,B5_reserve_margin
2017-12-28,9,39.93,38.31785178953937,B5_reserve_margin
2017-12-28,10,40.12,38.28371975262719,B5_reserve_margin
2017-12-28,11,39.97,37.54850615776599,B5_reserve_margin
2017-12-28,12,40.16,33.97599888804983,B5_reserve_margin
2017-12-28,13,39.24,31.730049919781763,B5_reserve_margin
2017-12-28,14,36.42,30.10423667987907,B5_reserve_margin
2017-12-28,15,40.03,30.400857012799875,B5_reserve_margin
2017-12-28,16,42.98,32.73370117446031,B5_reserve_margin
2017-12-28,17,43.01,38.44929577419933,B5_reserve_margin
2017-12-28,18,42.16,37.22824105560127,B5_reserve_margin
2017-12-28,19,34.93,32.35775717538076,B5_reserve_margin
2017-12-28,20,25.06,25.81820209547699,B5_reserve_margin
2017-12-28,21,19.99,23.535232189443164,B5_reserve_margin
2017-12-28,22,19.22,26.816483646851182,B5_reserve_margin
2017-12-28,23,5.86,22.53792235567588,B5_reserve_margin
2017-12-29,0,9.73,9.33735858854681,B5_reserve_margin
2017-12-29,1,0.72,8.549528762076154,B5_reserve_margin
2017-12-29,2,-0.93,7.856717416286784,B5_reserve_margin
2017-12-29,3,1.07,8.150006018900712,B5_reserve_margin
2017-12-29,4,1.0,11.045444358910704,B5_reserve_margin
2017-12-29,5,2.91,14.762999303547886,B5_reserve_margin
2017-12-29,6,3.6,17.177414339137435,B5_reserve_margin
2017-12-29,7,15.97,27.537842249036945,B5_reserve_margin
2017-12-29,8,29.69,30.28805299721401,B5_reserve_margin
2017-12-29,9,30.2,31.99439694701645,B5_reserve_margin
2017-12-29,10,29.83,31.596105840271484,B5_reserve_margin
2017-12-29,11,29.47,30.1456796146225,B5_reserve_margin
2017-12-29,12,29.2,27.240076910338743,B5_reserve_margin
2017-12-29,13,29.45,27.251034920985838,B5_reserve_margin
2017-12-29,14,30.02,30.13056802694885,B5_reserve_margin
2017-12-29,15,31.0,32.334383652072525,B5_reserve_margin
2017-12-29,16,32.98,34.9713194348565,B5_reserve_margin
2017-12-29,17,34.95,41.05086287823556,B5_reserve_margin
2017-12-29,18,32.79,38.77771606970304,B5_reserve_margin
2017-12-29,19,30.23,32.612375700633166,B5_reserve_margin
2017-12-29,20,28.49,28.0173443933432,B5_reserve_margin
2017-12-29,21,26.51,29.007817685989338,B5_reserve_margin
2017-12-29,22,26.9,30.022408957640458,B5_reserve_margin
2017-12-29,23,15.06,27.29041587445639,B5_reserve_margin
2017-12-30,0,16.4,17.02892725100559,B5_reserve_margin
2017-12-30,1,13.33,12.593519991529089,B5_reserve_margin
2017-12-30,2,13.25,9.234550636158351,B5_reserve_margin
2017-12-30,3,12.04,6.90897974372405,B5_reserve_margin
2017-12-30,4,11.45,6.371428434878158,B5_reserve_margin
2017-12-30,5,8.49,5.010701504912404,B5_reserve_margin
2017-12-30,6,9.83,-3.9586814701553656,B5_reserve_margin
2017-12-30,7,12.07,12.843570901056847,B5_reserve_margin
2017-12-30,8,13.41,21.520773526397058,B5_reserve_margin
2017-12-30,9,16.09,25.398047464368908,B5_reserve_margin
2017-12-30,10,18.8,26.414562436118644,B5_reserve_margin
2017-12-30,11,17.03,25.594298688546644,B5_reserve_margin
2017-12-30,12,17.67,23.375097855987704,B5_reserve_margin
2017-12-30,13,15.51,20.576119828161413,B5_reserve_margin
2017-12-30,14,17.61,18.005503993978902,B5_reserve_margin
2017-12-30,15,13.22,13.754229587952548,B5_reserve_margin
2017-12-30,16,14.02,17.550083681652225,B5_reserve_margin
2017-12-30,17,16.78,22.069746662591562,B5_reserve_margin
2017-12-30,18,16.01,19.916177831424246,B5_reserve_margin
2017-12-30,19,16.18,15.180066180636366,B5_reserve_margin
2017-12-30,20,11.13,12.193352598439688,B5_reserve_margin
2017-12-30,21,4.62,10.79283594085971,B5_reserve_margin
2017-12-30,22,4.71,15.390367820046809,B5_reserve_margin
2017-12-30,23,-0.27,9.88826961888731,B5_reserve_margin
2017-12-31,0,-2.04,-10.351829544083252,B5_reserve_margin
2017-12-31,1,-4.99,-14.860167872797753,B5_reserve_margin
2017-12-31,2,-0.59,-18.33645116164297,B5_reserve_margin
2017-12-31,3,-3.71,-13.910016315218186,B5_reserve_margin
2017-12-31,4,0.08,-12.28316966340315,B5_reserve_margin
2017-12-31,5,1.16,-8.632086263130326,B5_reserve_margin
2017-12-31,6,-0.86,-6.131814836495646,B5_reserve_margin
2017-12-31,7,4.09,-10.086247979224666,B5_reserve_margin
2017-12-31,8,4.17,-7.598619814057045,B5_reserve_margin
2017-12-31,9,4.21,1.5432877334644601,B5_reserve_margin
2017-12-31,10,9.05,1.1009230477635725,B5_reserve_margin
2017-12-31,11,9.2,2.241744902470902,B5_reserve_margin
2017-12-31,12,4.45,-1.5560161035969102,B5_reserve_margin
2017-12-31,13,2.04,-10.67210899985939,B5_reserve_margin
2017-12-31,14,0.06,-11.970876618256465,B5_reserve_margin
2017-12-31,15,0.36,-8.606603442128602,B5_reserve_margin
2017-12-31,16,1.46,-2.790114804046098,B5_reserve_margin
2017-12-31,17,6.14,11.387561293003163,B5_reserve_margin
2017-12-31,18,9.96,17.159442829078824,B5_reserve_margin
2017-12-31,19,7.92,12.190070752904589,B5_reserve_margin
2017-12-31,20,4.06,10.880780138565743,B5_reserve_margin
2017-12-31,21,5.3,13.85122261159363,B5_reserve_margin
2017-12-31,22,1.86,14.814970961979963,B5_reserve_margin
2017-12-31,23,-0.92,8.05416321939419,B5_reserve_margin
