origin,hour,y_true,y_pred,model
2017-10-13,0,30.53,27.227666656333223,B5_reserve_margin
2017-10-13,1,29.38,25.711806552547294,B5_reserve_margin
2017-10-13,2,28.34,24.88271796405965,B5_reserve_margin
2017-10-13,3,28.46,24.038178823789412,B5_reserve_margin
2017-10-13,4,29.03,24.737878564542378,B5_reserve_margin
2017-10-13,5,31.47,27.765692543181054,B5_reserve_margin
2017-10-13,6,43.08,38.06299207414384,B5_reserve_margin
2017-10-13,7,59.93,47.92031849373153,B5_reserve_margin
2017-10-13,8,64.82,49.85162771783428,B5_reserve_margin
2017-10-13,9,50.81,46.06489120536513,B5_reserve_margin
2017-10-13,10,46.46,43.476630060344526,B5_reserve_margin
2017-10-13,11,44.4,39.15153361070246,B5_reserve_margin
2017-10-13,12,38.03,32.32807390090035,B5_reserve_margin
2017-10-13,13,33.49,31.187503151961295,B5_reserve_margin
2017-10-13,14,31.29,29.934932930351906,B5_reserve_margin
2017-10-13,15,34.72,30.376180724919468,B5_reserve_margin
2017-10-13,16,36.99,32.649285111007465,B5_reserve_margin
2017-10-13,17,46.45,38.258014220715005,B5_reserve_margin
2017-10-13,18,55.9,43.99331292997732,B5_reserve_margin
2017-10-13,19,49.9,46.019073636989155,B5_reserve_margin
2017-10-13,20,39.27,39.602258134012196,B5_reserve_margin
2017-10-13,21,35.21,35.42080035037456,B5_reserve_margin
2017-10-13,22,31.66,31.405620229113676,B5_reserve_margin
2017-10-13,23,29.63,27.11963247349183,B5_reserve_margin
2017-10-14,0,28.0,27.446458561940545,B5_reserve_margin
2017-10-14,1,26.99,25.633098609932908,B5_reserve_margin
2017-10-14,2,27.41,24.57762039053299,B5_reserve_margin
2017-10-14,3,26.4,23.589203543065796,B5_reserve_margin
2017-10-14,4,26.17,23.640755182611823,B5_reserve_margin
2017-10-14,5,26.1,25.69633283897638,B5_reserve_margin
2017-10-14,6,28.0,25.483356988104173,B5_reserve_margin
2017-10-14,7,33.99,27.36375653746955,B5_reserve_margin
2017-10-14,8,39.42,29.208742478074107,B5_reserve_margin
2017-10-14,9,35.95,29.066341570891428,B5_reserve_margin
2017-10-14,10,28.04,23.980654943590835,B5_reserve_margin
2017-10-14,11,22.86,21.51840883474111,B5_reserve_margin
2017-10-14,12,26.07,17.07743220004614,B5_reserve_margin
2017-10-14,13,12.67,16.16363802625595,B5_reserve_margin
2017-10-14,14,13.31,16.99129280254288,B5_reserve_margin
2017-10-14,15,26.42,20.26150268321426,B5_reserve_margin
2017-10-14,16,31.44,24.40924635394256,B5_reserve_margin
2017-10-14,17,40.02,34.63984047402738,B5_reserve_margin
2017-10-14,18,49.71,42.21255494711921,B5_reserve_margin
2017-10-14,19,52.51,44.553954309640716,B5_reserve_margin
2017-10-14,20,43.97,37.30778373734319,B5_reserve_margin
2017-10-14,21,40.03,33.476538723340255,B5_reserve_margin
2017-10-14,22,39.07,33.68738703422969,B5_reserve_margin
2017-10-14,23,31.43,30.249500089817587,B5_reserve_margin
2017-10-15,0,34.26,29.018125229324887,B5_reserve_margin
2017-10-15,1,31.56,26.641154973539347,B5_reserve_margin
2017-10-15,2,30.41,26.131258727724834,B5_reserve_margin
2017-10-15,3,29.27,25.12786848107943,B5_reserve_margin
2017-10-15,4,29.04,24.789085834259858,B5_reserve_margin
2017-10-15,5,28.91,25.11407817968871,B5_reserve_margin
2017-10-15,6,31.18,28.680119040253835,B5_reserve_margin
2017-10-15,7,35.9,32.19070603798057,B5_reserve_margin
2017-10-15,8,34.22,35.92527149048639,B5_reserve_margin
2017-10-15,9,33.24,33.02025272949494,B5_reserve_margin
2017-10-15,10,31.58,29.677887336054653,B5_reserve_margin
2017-10-15,11,30.97,27.260444802779915,B5_reserve_margin
2017-10-15,12,22.77,23.116164845376645,B5_reserve_margin
2017-10-15,13,17.07,18.462646735461163,B5_reserve_margin
2017-10-15,14,22.44,16.904938362990745,B5_reserve_margin
2017-10-15,15,26.63,18.111914931630682,B5_reserve_margin
2017-10-15,16,28.03,23.7949640965536,B5_reserve_margin
2017-10-15,17,39.38,32.32565898871397,B5_reserve_margin
2017-10-15,18,45.05,39.73140330068348,B5_reserve_margin
2017-10-15,19,45.04,42.536041135462284,B5_reserve_margin
2017-10-15,20,31.75,36.11848612910168,B5_reserve_margin
2017-10-15,21,31.73,31.72205489690804,B5_reserve_margin
2017-10-15,22,29.09,30.50682814077239,B5_reserve_margin
2017-10-15,23,18.4,26.126806177231554,B5_reserve_margin
2017-10-16,0,22.99,20.656164640577728,B5_reserve_margin
2017-10-16,1,21.26,20.380104401701917,B5_reserve_margin
2017-10-16,2,21.86,20.245503908015817,B5_reserve_margin
2017-10-16,3,21.79,20.258470512175162,B5_reserve_margin
2017-10-16,4,22.93,21.912894884773813,B5_reserve_margin
2017-10-16,5,28.9,25.792006813758864,B5_reserve_margin
2017-10-16,6,42.0,38.07873449462186,B5_reserve_margin
2017-10-16,7,55.34,46.764958730136826,B5_reserve_margin
2017-10-16,8,51.65,47.405372401456376,B5_reserve_margin
2017-10-16,9,43.12,42.05773900259035,B5_reserve_margin
2017-10-16,10,37.3,37.8135570367763,B5_reserve_margin
2017-10-16,11,33.16,35.244671055397376,B5_reserve_margin
2017-10-16,12,32.26,32.3623040630681,B5_reserve_margin
2017-10-16,13,31.68,31.839806642253105,B5_reserve_margin
2017-10-16,14,40.56,34.04253198805132,B5_reserve_margin
2017-10-16,15,42.5,38.38546400084957,B5_reserve_margin
2017-10-16,16,44.62,43.44576699458854,B5_reserve_margin
2017-10-16,17,50.9,57.22205089084318,B5_reserve_margin
2017-10-16,18,63.47,66.0992527894056,B5_reserve_margin
2017-10-16,19,66.73,68.87992804040013,B5_reserve_margin
2017-10-16,20,45.95,45.3507114594244,B5_reserve_margin
2017-10-16,21,39.05,36.71629089088836,B5_reserve_margin
2017-10-16,22,34.07,32.36893364226932,B5_reserve_margin
2017-10-16,23,31.11,26.487094316865885,B5_reserve_margin
2017-10-17,0,28.95,29.089702988929947,B5_reserve_margin
2017-10-17,1,27.02,28.194333849120177,B5_reserve_margin
2017-10-17,2,26.99,26.856814545412746,B5_reserve_margin
2017-10-17,3,27.04,26.390589553694575,B5_reserve_margin
2017-10-17,4,28.06,29.095514052883154,B5_reserve_margin
2017-10-17,5,30.57,30.66993348885543,B5_reserve_margin
2017-10-17,6,34.99,39.33284723463838,B5_reserve_margin
2017-10-17,7,46.16,51.797345482350046,B5_reserve_margin
2017-10-17,8,44.97,52.58831946620932,B5_reserve_margin
2017-10-17,9,36.95,44.208469003788665,B5_reserve_margin
2017-10-17,10,33.46,40.48605711889079,B5_reserve_margin
2017-10-17,11,31.34,36.91360689426189,B5_reserve_margin
2017-10-17,12,29.24,32.526859080021474,B5_reserve_margin
2017-10-17,13,30.22,31.96800236430996,B5_reserve_margin
2017-10-17,14,29.72,32.45623703933721,B5_reserve_margin
2017-10-17,15,32.8,35.89153299682191,B5_reserve_margin
2017-10-17,16,35.47,39.13042711772387,B5_reserve_margin
2017-10-17,17,47.92,49.047062330473736,B5_reserve_margin
2017-10-17,18,63.36,59.863444412135976,B5_reserve_margin
2017-10-17,19,67.92,64.39119752324484,B5_reserve_margin
2017-10-17,20,47.38,48.81179789930051,B5_reserve_margin
2017-10-17,21,43.61,40.952588414437955,B5_reserve_margin
2017-10-17,22,39.99,38.28454106059939,B5_reserve_margin
2017-10-17,23,36.79,34.711567569593036,B5_reserve_margin
2017-10-18,0,33.22,35.31522398237923,B5_reserve_margin
2017-10-18,1,34.02,35.161190262331694,B5_reserve_margin
2017-10-18,2,34.02,35.98570558042495,B5_reserve_margin
2017-10-18,3,31.89,35.338982562549496,B5_reserve_margin
2017-10-18,4,31.81,38.87756074027119,B5_reserve_margin
2017-10-18,5,36.03,41.286964677009486,B5_reserve_margin
2017-10-18,6,49.87,52.36646396192939,B5_reserve_margin
2017-10-18,7,66.0,65.70733230002163,B5_reserve_margin
2017-10-18,8,69.94,65.78452061100313,B5_reserve_margin
2017-10-18,9,67.91,59.04127702904773,B5_reserve_margin
2017-10-18,10,64.42,56.2489185828209,B5_reserve_margin
2017-10-18,11,63.08,51.28696660547979,B5_reserve_margin
2017-10-18,12,47.93,46.8414420441178,B5_reserve_margin
2017-10-18,13,45.97,46.08432392714159,B5_reserve_margin
2017-10-18,14,46.07,45.03686592449061,B5_reserve_margin
2017-10-18,15,55.84,49.71366136923601,B5_reserve_margin
2017-10-18,16,62.65,52.45036747071478,B5_reserve_margin
2017-10-18,17,65.66,70.3046147377776,B5_reserve_margin
2017-10-18,18,73.41,80.95940438341486,B5_reserve_margin
2017-10-18,19,83.02,95.83317759160488,B5_reserve_margin
2017-10-18,20,66.84,63.84070851222138,B5_reserve_margin
2017-10-18,21,54.27,50.17141643107851,B5_reserve_margin
2017-10-18,22,40.45,44.590135331131236,B5_reserve_margin
2017-10-18,23,36.94,41.002613474297995,B5_reserve_margin
2017-10-19,0,34.28,36.732589869824174,B5_reserve_margin
2017-10-19,1,34.26,36.77565814880637,B5_reserve_margin
2017-10-19,2,33.59,35.44658974770053,B5_reserve_margin
2017-10-19,3,33.74,34.612023469957236,B5_reserve_margin
2017-10-19,4,34.0,34.28192148394925,B5_reserve_margin
2017-10-19,5,34.89,38.51465446554058,B5_reserve_margin
2017-10-19,6,53.71,51.27715038860992,B5_reserve_margin
2017-10-19,7,67.66,64.15737347288471,B5_reserve_margin
2017-10-19,8,68.54,68.71189997733796,B5_reserve_margin
2017-10-19,9,67.82,59.86734085597812,B5_reserve_margin
2017-10-19,10,62.07,52.32759074834995,B5_reserve_margin
2017-10-19,11,49.97,48.300960669272584,B5_reserve_margin
2017-10-19,12,46.57,42.05866115451883,B5_reserve_margin
2017-10-19,13,41.55,40.07867885984721,B5_reserve_margin
2017-10-19,14,40.53,39.536867757967016,B5_reserve_margin
2017-10-19,15,43.63,42.94918895640175,B5_reserve_margin
2017-10-19,16,49.91,45.78933551037408,B5_reserve_margin
2017-10-19,17,58.01,52.563238364608715,B5_reserve_margin
2017-10-19,18,61.27,56.04409272091044,B5_reserve_margin
2017-10-19,19,54.3,55.67195225355721,B5_reserve_margin
2017-10-19,20,41.55,42.312714515682615,B5_reserve_margin
2017-10-19,21,34.6,36.253621207635284,B5_reserve_margin
2017-10-19,22,34.87,32.622335919132745,B5_reserve_margin
2017-10-19,23,31.04,29.151583983917675,B5_reserve_margin
2017-10-20,0,29.62,28.965078959032798,B5_reserve_margin
2017-10-20,1,29.02,27.973485479156558,B5_reserve_margin
2017-10-20,2,29.06,26.69005449505458,B5_reserve_margin
2017-10-20,3,29.88,25.992069976344467,B5_reserve_margin
2017-10-20,4,30.0,27.371840132982516,B5_reserve_margin
2017-10-20,5,31.01,29.193765853856746,B5_reserve_margin
2017-10-20,6,39.91,37.63399834644383,B5_reserve_margin
2017-10-20,7,47.05,46.69725971309485,B5_reserve_margin
2017-10-20,8,51.28,49.57137410516787,B5_reserve_margin
2017-10-20,9,47.0,44.859252141148154,B5_reserve_margin
2017-10-20,10,43.14,41.625341286848474,B5_reserve_margin
2017-10-20,11,41.28,40.48587161652879,B5_reserve_margin
2017-10-20,12,37.59,36.694383781131414,B5_reserve_margin
2017-10-20,13,33.06,34.05295314651791,B5_reserve_margin
2017-10-20,14,32.89,33.287535121892155,B5_reserve_margin
2017-10-20,15,32.61,35.278813531141445,B5_reserve_margin
2017-10-20,16,33.04,37.15341649697371,B5_reserve_margin
2017-10-20,17,44.61,44.23640329077579,B5_reserve_margin
2017-10-20,18,47.86,48.2077706375069,B5_reserve_margin
2017-10-20,19,46.94,48.38023805768678,B5_reserve_margin
2017-10-20,20,38.98,40.55673152229017,B5_reserve_margin
2017-10-20,21,41.84,36.392967968382024,B5_reserve_margin
2017-10-20,22,35.86,34.90719670803805,B5_reserve_margin
2017-10-20,23,32.74,30.120481445322156,B5_reserve_margin
2017-10-21,0,35.0,30.998133663837095,B5_reserve_margin
2017-10-21,1,32.52,28.999603029089645,B5_reserve_margin
2017-10-21,2,32.05,28.314478389245632,B5_reserve_margin
2017-10-21,3,30.84,29.34043817765557,B5_reserve_margin
2017-10-21,4,29.35,29.23444618310249,B5_reserve_margin
2017-10-21,5,30.3,29.710660999200584,B5_reserve_margin
2017-10-21,6,31.16,33.04700597431871,B5_reserve_margin
2017-10-21,7,35.88,37.5047226151768,B5_reserve_margin
2017-10-21,8,41.91,41.37577721226104,B5_reserve_margin
2017-10-21,9,46.07,42.742252012794424,B5_reserve_margin
2017-10-21,10,47.71,43.90412939947661,B5_reserve_margin
2017-10-21,11,45.98,41.89319390200426,B5_reserve_margin
2017-10-21,12,35.0,40.68877916065384,B5_reserve_margin
2017-10-21,13,31.02,36.05760627331648,B5_reserve_margin
2017-10-21,14,32.09,33.05225649045727,B5_reserve_margin
2017-10-21,15,32.0,33.79378408385227,B5_reserve_margin
2017-10-21,16,32.09,33.98263526621517,B5_reserve_margin
2017-10-21,17,36.56,39.87201024531918,B5_reserve_margin
2017-10-21,18,40.2,44.030992599151844,B5_reserve_margin
2017-10-21,19,40.71,43.212758966491556,B5_reserve_margin
2017-10-21,20,31.75,37.25945770585205,B5_reserve_margin
2017-10-21,21,28.59,32.6399178064653,B5_reserve_margin
2017-10-21,22,27.5,30.70593285093257,B5_reserve_margin
2017-10-21,23,15.48,27.648128705278467,B5_reserve_margin
2017-10-22,0,19.1,18.479581672994584,B5_reserve_margin
2017-10-22,1,19.03,16.203203896689473,B5_reserve_margin
2017-10-22,2,16.9,15.419431803687058,B5_reserve_margin
2017-10-22,3,12.98,13.78609703314896,B5_reserve_margin
2017-10-22,4,9.24,13.97347590656102,B5_reserve_margin
2017-10-22,5,5.23,15.970755101565025,B5_reserve_margin
2017-10-22,6,9.86,14.823350968352283,B5_reserve_margin
2017-10-22,7,9.85,17.26655034194539,B5_reserve_margin
2017-10-22,8,13.04,19.29704617484283,B5_reserve_margin
2017-10-22,9,12.9,20.412582416284977,B5_reserve_margin
2017-10-22,10,13.09,19.001182241603942,B5_reserve_margin
2017-10-22,11,14.3,22.19648811742907,B5_reserve_margin
2017-10-22,12,13.58,22.06747106222565,B5_reserve_margin
2017-10-22,13,13.44,21.588558525699824,B5_reserve_margin
2017-10-22,14,13.5,21.873357443507924,B5_reserve_margin
2017-10-22,15,23.39,24.214675807246945,B5_reserve_margin
2017-10-22,16,28.65,26.953829879629463,B5_reserve_margin
2017-10-22,17,34.45,34.472594671452825,B5_reserve_margin
2017-10-22,18,49.9,41.11185896471686,B5_reserve_margin
2017-10-22,19,49.97,44.62647415304508,B5_reserve_margin
2017-10-22,20,44.92,36.4120855308557,B5_reserve_margin
2017-10-22,21,35.88,33.25271721407446,B5_reserve_margin
2017-10-22,22,32.24,32.17391552035429,B5_reserve_margin
2017-10-22,23,29.05,28.27053849106491,B5_reserve_margin
2017-10-23,0,28.61,27.306851082424775,B5_reserve_margin
2017-10-23,1,27.86,26.034153309488786,B5_reserve_margin
2017-10-23,2,26.43,25.35156950783516,B5_reserve_margin
2017-10-23,3,23.07,24.085123992449677,B5_reserve_margin
2017-10-23,4,22.22,23.85825527184454,B5_reserve_margin
2017-10-23,5,30.33,28.149973759864526,B5_reserve_margin
2017-10-23,6,42.36,40.286607153238045,B5_reserve_margin
2017-10-23,7,50.21,48.07977119182159,B5_reserve_margin
2017-10-23,8,50.0,51.52172427324166,B5_reserve_margin
2017-10-23,9,45.39,49.766301359432646,B5_reserve_margin
2017-10-23,10,46.02,52.66970285801112,B5_reserve_margin
2017-10-23,11,46.1,57.627839411135966,B5_reserve_margin
2017-10-23,12,43.16,51.829050401118025,B5_reserve_margin
2017-10-23,13,46.34,49.724509198309285,B5_reserve_margin
2017-10-23,14,46.74,51.195624901912495,B5_reserve_margin
2017-10-23,15,46.01,53.3209768820425,B5_reserve_margin
2017-10-23,16,46.08,53.14048150327753,B5_reserve_margin
2017-10-23,17,49.66,61.350431802697926,B5_reserve_margin
2017-10-23,18,54.2,67.27136296854397,B5_reserve_margin
2017-10-23,19,53.91,68.61504436310771,B5_reserve_margin
2017-10-23,20,50.12,54.542264106777175,B5_reserve_margin
2017-10-23,21,45.48,44.796811187612455,B5_reserve_margin
2017-10-23,22,37.7,39.21984885728434,B5_reserve_margin
2017-10-23,23,36.0,37.296772083962466,B5_reserve_margin
2017-10-24,0,31.68,34.88309504442669,B5_reserve_margin
2017-10-24,1,32.41,34.53295001640736,B5_reserve_margin
2017-10-24,2,32.09,34.00546783540897,B5_reserve_margin
2017-10-24,3,31.67,33.39332594880857,B5_reserve_margin
2017-10-24,4,32.07,33.05756268860754,B5_reserve_margin
2017-10-24,5,34.3,35.30277736079327,B5_reserve_margin
2017-10-24,6,43.56,43.11263417279483,B5_reserve_margin
2017-10-24,7,46.59,54.19393836235476,B5_reserve_margin
2017-10-24,8,53.91,56.71011591087929,B5_reserve_margin
2017-10-24,9,48.42,56.486714472927595,B5_reserve_margin
2017-10-24,10,49.08,59.21758383812094,B5_reserve_margin
2017-10-24,11,45.39,58.65966334041869,B5_reserve_margin
2017-10-24,12,38.58,50.26989019342861,B5_reserve_margin
2017-10-24,13,38.23,48.3574530842273,B5_reserve_margin
2017-10-24,14,36.99,45.41846419222132,B5_reserve_margin
2017-10-24,15,36.99,44.0212563272956,B5_reserve_margin
2017-10-24,16,36.1,41.97154781010941,B5_reserve_margin
2017-10-24,17,39.68,44.628217700917816,B5_reserve_margin
2017-10-24,18,44.9,47.72710174931641,B5_reserve_margin
2017-10-24,19,39.56,46.52188140311359,B5_reserve_margin
2017-10-24,20,33.0,37.95116461057869,B5_reserve_margin
2017-10-24,21,32.6,32.24962918872884,B5_reserve_margin
2017-10-24,22,30.18,29.023016330291004,B5_reserve_margin
2017-10-24,23,27.02,25.77590012835512,B5_reserve_margin
2017-10-25,0,15.78,25.186194745449217,B5_reserve_margin
2017-10-25,1,15.05,23.872860120361164,B5_reserve_margin
2017-10-25,2,12.79,22.39760060317665,B5_reserve_margin
2017-10-25,3,13.99,22.16310143551127,B5_reserve_margin
2017-10-25,4,17.03,23.073779261287438,B5_reserve_margin
2017-10-25,5,26.35,26.01407810925817,B5_reserve_margin
2017-10-25,6,34.67,35.27814960022889,B5_reserve_margin
2017-10-25,7,44.84,42.75967914590611,B5_reserve_margin
2017-10-25,8,45.0,43.856045684831926,B5_reserve_margin
2017-10-25,9,43.94,39.32277891076088,B5_reserve_margin
2017-10-25,10,37.11,36.55962346619501,B5_reserve_margin
2017-10-25,11,31.57,34.350733070153495,B5_reserve_margin
2017-10-25,12,29.79,30.11074801878034,B5_reserve_margin
2017-10-25,13,29.66,28.024802517322925,B5_reserve_margin
2017-10-25,14,30.0,28.808518466994833,B5_reserve_margin
2017-10-25,15,31.05,30.827728570759835,B5_reserve_margin
2017-10-25,16,34.03,32.90172562462516,B5_reserve_margin
2017-10-25,17,44.74,39.95894106667088,B5_reserve_margin
2017-10-25,18,50.56,46.27919206566999,B5_reserve_margin
2017-10-25,19,56.85,47.62506606835666,B5_reserve_margin
2017-10-25,20,46.19,41.897208791809554,B5_reserve_margin
2017-10-25,21,45.92,36.72582317733639,B5_reserve_margin
2017-10-25,22,40.58,33.7377905416516,B5_reserve_margin
2017-10-25,23,33.09,28.492044321133594,B5_reserve_margin
2017-10-26,0,31.67,30.71854009213554,B5_reserve_margin
2017-10-26,1,32.18,28.25519064018239,B5_reserve_margin
2017-10-26,2,32.21,27.1182687021709,B5_reserve_margin
2017-10-26,3,32.25,27.236050681501805,B5_reserve_margin
2017-10-26,4,32.25,28.86946011562278,B5_reserve_margin
2017-10-26,5,35.36,31.04553711842316,B5_reserve_margin
2017-10-26,6,45.25,44.28844297212037,B5_reserve_margin
2017-10-26,7,55.93,52.58734279160992,B5_reserve_margin
2017-10-26,8,56.93,56.43348774835214,B5_reserve_margin
2017-10-26,9,51.9,54.86383984139806,B5_reserve_margin
2017-10-26,10,46.01,53.00621628667045,B5_reserve_margin
2017-10-26,11,43.25,47.60939676046904,B5_reserve_margin
2017-10-26,12,38.3,41.03462350911831,B5_reserve_margin
2017-10-26,13,32.38,38.88833646468004,B5_reserve_margin
2017-10-26,14,33.07,36.67141732776885,B5_reserve_margin
2017-10-26,15,36.97,39.264709196548935,B5_reserve_margin
2017-10-26,16,45.42,40.458654286242975,B5_reserve_margin
2017-10-26,17,48.91,46.87059442706571,B5_reserve_margin
2017-10-26,18,50.03,50.79113298841126,B5_reserve_margin
2017-10-26,19,50.93,49.04736889099784,B5_reserve_margin
2017-10-26,20,40.99,41.505939423515166,B5_reserve_margin
2017-10-26,21,34.97,36.92680552800272,B5_reserve_margin
2017-10-26,22,32.34,33.643572809341045,B5_reserve_margin
2017-10-26,23,30.92,28.183441217447022,B5_reserve_margin
2017-10-27,0,22.48,27.466356118762363,B5_reserve_margin
2017-10-27,1,21.71,25.97408939978285,B5_reserve_margin
2017-10-27,2,12.9,24.474492096359896,B5_reserve_margin
2017-10-27,3,12.81,23.417423133494605,B5_reserve_margin
2017-10-27,4,19.04,23.78943653181453,B5_reserve_margin
2017-10-27,5,24.01,26.469990697892694,B5_reserve_margin
2017-10-27,6,32.0,33.69796556711405,B5_reserve_margin
2017-10-27,7,36.79,40.69505333210599,B5_reserve_margin
2017-10-27,8,38.91,41.96657754322888,B5_reserve_margin
2017-10-27,9,38.69,38.82471846513392,B5_reserve_margin
2017-10-27,10,38.36,34.70536602047923,B5_reserve_margin
2017-10-27,11,33.52,32.689978232953884,B5_reserve_margin
2017-10-27,12,28.51,28.5095601265925,B5_reserve_margin
2017-10-27,13,25.97,26.388728958390313,B5_reserve_margin
2017-10-27,14,27.09,25.4735256655954,B5_reserve_margin
2017-10-27,15,26.99,28.16779316124548,B5_reserve_margin
2017-10-27,16,30.01,30.966011975572705,B5_reserve_margin
2017-10-27,17,37.8,38.221199655435726,B5_reserve_margin
2017-10-27,18,44.93,44.065214830452526,B5_reserve_margin
2017-10-27,19,46.93,44.42006994353019,B5_reserve_margin
2017-10-27,20,44.18,38.49168310530318,B5_reserve_margin
2017-10-27,21,35.99,35.551389787315145,B5_reserve_margin
2017-10-27,22,32.04,33.1795818628907,B5_reserve_margin
2017-10-27,23,19.17,28.525311579016652,B5_reserve_margin
2017-10-28,0,16.04,20.42553186248055,B5_reserve_margin
2017-10-28,1,9.41,16.634682674491128,B5_reserve_margin
2017-10-28,2,0.03,14.77722872100604,B5_reserve_margin
2017-10-28,3,-9.69,13.72904907667102,B5_reserve_margin
2017-10-28,4,-13.02,14.945938474524379,B5_reserve_margin
2017-10-28,5,-15.01,17.110458113870486,B5_reserve_margin
2017-10-28,6,-9.6,21.07582585653614,B5_reserve_margin
2017-10-28,7,0.12,21.993215161705276,B5_reserve_margin
2017-10-28,8,0.12,27.567652452948057,B5_reserve_margin
2017-10-28,9,5.41,27.9878497710977,B5_reserve_margin
2017-10-28,10,0.27,23.30410949204288,B5_reserve_margin
2017-10-28,11,0.11,21.758184744352512,B5_reserve_margin
2017-10-28,12,-0.1,18.66066910571769,B5_reserve_margin
2017-10-28,13,-13.38,13.873207488568728,B5_reserve_margin
2017-10-28,14,-31.42,13.910288605994262,B5_reserve_margin
2017-10-28,15,-17.03,16.186285455653405,B5_reserve_margin
2017-10-28,16,-4.02,20.56750849224705,B5_reserve_margin
2017-10-28,17,0.08,27.868006156549995,B5_reserve_margin
2017-10-28,18,7.56,34.35938317125751,B5_reserve_margin
2017-10-28,19,8.89,35.22731311115916,B5_reserve_margin
2017-10-28,20,0.23,28.884612591174655,B5_reserve_margin
2017-10-28,21,-38.19,26.622404745489824,B5_reserve_margin
2017-10-28,22,-49.98,24.023419451374114,B5_reserve_margin
2017-10-28,23,-70.09,17.467813887275604,B5_reserve_margin
2017-10-29,0,-79.94,-50.64822763290286,B5_reserve_margin
2017-10-29,1,-83.0,-65.78392630674956,B5_reserve_margin
2017-10-29,2,-83.03,-68.9273115584474,B5_reserve_margin
2017-10-29,3,-83.03,-67.06656801627881,B5_reserve_margin
2017-10-29,4,-83.04,-67.3898095530135,B5_reserve_margin
2017-10-29,5,-83.02,-38.37716010598577,B5_reserve_margin
2017-10-29,6,-83.01,-11.020474515662805,B5_reserve_margin
2017-10-29,7,-80.0,-10.77989994772318,B5_reserve_margin
2017-10-29,8,-79.96,-13.343599926969219,B5_reserve_margin
2017-10-29,9,-76.02,-18.454282866370633,B5_reserve_margin
2017-10-29,10,-67.08,-8.187291873333656,B5_reserve_margin
2017-10-29,11,-81.95,-5.7299666793655675,B5_reserve_margin
2017-10-29,12,-67.07,-13.20566183496749,B5_reserve_margin
2017-10-29,13,-80.07,-24.684351408860465,B5_reserve_margin
2017-10-29,14,-79.95,-29.152501093310605,B5_reserve_margin
2017-10-29,15,-76.06,-14.424659047578594,B5_reserve_margin
2017-10-29,16,-0.92,-4.160698009252947,B5_reserve_margin
2017-10-29,17,8.51,14.48748140698816,B5_reserve_margin
2017-10-29,18,27.62,25.207706948700064,B5_reserve_margin
2017-10-29,19,29.77,31.680738388482126,B5_reserve_margin
2017-10-29,20,22.06,24.501886242208613,B5_reserve_margin
2017-10-29,21,17.0,19.18821558585976,B5_reserve_margin
2017-10-29,22,12.44,19.85704934398612,B5_reserve_margin
2017-10-29,23,-70.05,13.904683326135245,B5_reserve_margin
2017-10-30,0,0.75,-23.64682284343621,B5_reserve_margin
2017-10-30,1,0.01,-34.25882151872316,B5_reserve_margin
2017-10-30,2,0.08,-36.48728647331136,B5_reserve_margin
2017-10-30,3,4.05,-35.4547977385658,B5_reserve_margin
2017-10-30,4,2.95,-27.654824121937096,B5_reserve_margin
2017-10-30,5,18.09,-4.092610695102984,B5_reserve_margin
2017-10-30,6,28.42,18.256501031838866,B5_reserve_margin
2017-10-30,7,36.43,26.302033365724327,B5_reserve_margin
2017-10-30,8,33.48,27.785773259613137,B5_reserve_margin
2017-10-30,9,30.38,23.182073812340885,B5_reserve_margin
2017-10-30,10,29.74,19.290616104578046,B5_reserve_margin
2017-10-30,11,29.46,17.40374837925713,B5_reserve_margin
2017-10-30,12,29.7,11.525266620405954,B5_reserve_margin
2017-10-30,13,29.98,10.490327887707075,B5_reserve_margin
2017-10-30,14,36.36,17.280611832245036,B5_reserve_margin
2017-10-30,15,43.99,24.104735133918844,B5_reserve_margin
2017-10-30,16,46.34,28.45729671065467,B5_reserve_margin
2017-10-30,17,61.0,37.09117183281186,B5_reserve_margin
2017-10-30,18,70.09,43.85891881858822,B5_reserve_margin
2017-10-30,19,51.98,41.6042877897519,B5_reserve_margin
2017-10-30,20,48.13,36.41984239794507,B5_reserve_margin
2017-10-30,21,47.18,30.94984914027924,B5_reserve_margin
2017-10-30,22,46.05,26.558528787070344,B5_reserve_margin
2017-10-30,23,41.97,22.649410373812454,B5_reserve_margin
2017-10-31,0,30.08,36.02925582528032,B5_reserve_margin
2017-10-31,1,30.89,34.88629832321446,B5_reserve_margin
2017-10-31,2,30.01,33.275790583338626,B5_reserve_margin
2017-10-31,3,29.09,32.341079563651185,B5_reserve_margin
2017-10-31,4,30.29,32.01095508572021,B5_reserve_margin
2017-10-31,5,32.24,31.625851808955076,B5_reserve_margin
2017-10-31,6,38.94,36.3042704480066,B5_reserve_margin
2017-10-31,7,37.9,41.11511511005214,B5_reserve_margin
2017-10-31,8,41.09,42.692963583859644,B5_reserve_margin
2017-10-31,9,39.92,40.76561631202113,B5_reserve_margin
2017-10-31,10,37.98,36.53852628994101,B5_reserve_margin
2017-10-31,11,39.97,35.636826232491096,B5_reserve_margin
2017-10-31,12,36.95,35.60052634116239,B5_reserve_margin
2017-10-31,13,34.14,33.34770762305672,B5_reserve_margin
2017-10-31,14,35.65,33.267859429748825,B5_reserve_margin
2017-10-31,15,38.99,36.97665533127196,B5_reserve_margin
2017-10-31,16,42.45,36.499271204855894,B5_reserve_margin
2017-10-31,17,46.92,42.212668587488075,B5_reserve_margin
2017-10-31,18,47.36,46.7568954491772,B5_reserve_margin
2017-10-31,19,44.31,42.07241501673488,B5_reserve_margin
2017-10-31,20,39.0,36.60599751802422,B5_reserve_margin
2017-10-31,21,37.1,31.07273456728738,B5_reserve_margin
2017-10-31,22,34.98,30.60265030070172,B5_reserve_margin
2017-10-31,23,30.82,28.478041093107,B5_reserve_margin
2017-11-01,0,26.91,27.000689187656764,B5_reserve_margin
2017-11-01,1,23.06,25.332307279715078,B5_reserve_margin
2017-11-01,2,22.27,23.056372850445033,B5_reserve_margin
2017-11-01,3,22.97,21.811902237002347,B5_reserve_margin
2017-11-01,4,26.66,22.81583209408802,B5_reserve_margin
2017-11-01,5,27.03,23.559929613065982,B5_reserve_margin
2017-11-01,6,29.07,25.357622548387184,B5_reserve_margin
2017-11-01,7,31.0,30.736253605346377,B5_reserve_margin
2017-11-01,8,36.06,33.082262343664596,B5_reserve_margin
2017-11-01,9,35.16,31.908244222242132,B5_reserve_margin
2017-11-01,10,32.37,30.719373198915836,B5_reserve_margin
2017-11-01,11,33.08,29.64033306097423,B5_reserve_margin
2017-11-01,12,29.79,27.39020136697455,B5_reserve_margin
2017-11-01,13,29.06,24.611236060769155,B5_reserve_margin
2017-11-01,14,29.18,26.238185795823757,B5_reserve_margin
2017-11-01,15,30.01,29.99793351199697,B5_reserve_margin
2017-11-01,16,36.93,32.301268357196896,B5_reserve_margin
2017-11-01,17,42.49,40.60258918646126,B5_reserve_margin
2017-11-01,18,43.93,42.911587702672975,B5_reserve_margin
2017-11-01,19,41.97,39.71160032852214,B5_reserve_margin
2017-11-01,20,36.52,33.63179514048643,B5_reserve_margin
2017-11-01,21,30.07,32.3464363670755,B5_reserve_margin
2017-11-01,22,27.02,31.561863316764764,B5_reserve_margin
2017-11-01,23,18.97,25.275817948615114,B5_reserve_margin
2017-11-02,0,20.18,21.573859277610328,B5_reserve_margin
2017-11-02,1,12.62,19.064025274419187,B5_reserve_margin
2017-11-02,2,12.61,16.9848936882761,B5_reserve_margin
2017-11-02,3,10.96,16.019401944153564,B5_reserve_margin
2017-11-02,4,14.04,18.24976802838373,B5_reserve_margin
2017-11-02,5,25.97,24.60421127265365,B5_reserve_margin
2017-11-02,6,35.05,34.84869803267763,B5_reserve_margin
2017-11-02,7,45.9,43.80308426410372,B5_reserve_margin
2017-11-02,8,43.83,44.400558912700404,B5_reserve_margin
2017-11-02,9,35.59,40.88559997096673,B5_reserve_margin
2017-11-02,10,32.33,35.34485275764647,B5_reserve_margin
2017-11-02,11,32.36,32.88676399282667,B5_reserve_margin
2017-11-02,12,31.32,31.174421294632335,B5_reserve_margin
2017-11-02,13,32.49,32.6457478547767,B5_reserve_margin
2017-11-02,14,33.94,34.902424367686905,B5_reserve_margin
2017-11-02,15,39.1,40.42898122284772,B5_reserve_margin
2017-11-02,16,45.95,45.30204689720886,B5_reserve_margin
2017-11-02,17,51.91,61.01248308566577,B5_reserve_margin
2017-11-02,18,51.92,61.71729980551916,B5_reserve_margin
2017-11-02,19,50.07,55.76696293340541,B5_reserve_margin
2017-11-02,20,46.01,47.27302413239656,B5_reserve_margin
2017-11-02,21,42.06,41.32537631392261,B5_reserve_margin
2017-11-02,22,36.12,40.33467758611984,B5_reserve_margin
2017-11-02,23,35.45,35.36802004220936,B5_reserve_margin
2017-11-03,0,36.07,35.19685150254326,B5_reserve_margin
2017-11-03,1,36.09,34.709181536626424,B5_reserve_margin
2017-11-03,2,36.13,34.937532738770756,B5_reserve_margin
2017-11-03,3,36.09,34.829491051324595,B5_reserve_margin
2017-11-03,4,38.24,36.11298390308254,B5_reserve_margin
2017-11-03,5,40.66,38.31553696457847,B5_reserve_margin
2017-11-03,6,52.97,49.862989797803976,B5_reserve_margin
2017-11-03,7,61.74,59.257657781525154,B5_reserve_margin
2017-11-03,8,65.8,58.74170378696294,B5_reserve_margin
2017-11-03,9,62.18,59.8237387794843,B5_reserve_margin
2017-11-03,10,58.69,57.01788683982454,B5_reserve_margin
2017-11-03,11,58.67,54.03412549975741,B5_reserve_margin
2017-11-03,12,54.55,51.08757236768854,B5_reserve_margin
2017-11-03,13,51.5,47.124398894864655,B5_reserve_margin
2017-11-03,14,51.17,49.26671016638172,B5_reserve_margin
2017-11-03,15,56.64,53.78638536658925,B5_reserve_margin
2017-11-03,16,60.88,57.25061035353936,B5_reserve_margin
2017-11-03,17,66.0,63.3669387109139,B5_reserve_margin
2017-11-03,18,68.68,59.70516524435514,B5_reserve_margin
2017-11-03,19,58.63,56.15230376828755,B5_reserve_margin
2017-11-03,20,49.01,45.87478246502149,B5_reserve_margin
2017-11-03,21,39.01,39.7973228745391,B5_reserve_margin
2017-11-03,22,36.11,38.446510513319254,B5_reserve_margin
2017-11-03,23,34.97,35.66627370641509,B5_reserve_margin
2017-11-04,0,36.16,31.224154193078252,B5_reserve_margin
2017-11-04,1,35.06,30.240537582431497,B5_reserve_margin
2017-11-04,2,34.42,30.375110386750812,B5_reserve_margin
2017-11-04,3,33.61,28.989158683414523,B5_reserve_margin
2017-11-04,4,33.4,28.765677019218856,B5_reserve_margin
2017-11-04,5,33.22,30.160454839263405,B5_reserve_margin
2017-11-04,6,33.73,32.12907197718004,B5_reserve_margin
2017-11-04,7,37.63,34.47892935591411,B5_reserve_margin
2017-11-04,8,42.99,37.936457336228834,B5_reserve_margin
2017-11-04,9,40.39,39.1802965653206,B5_reserve_margin
2017-11-04,10,39.84,37.3193479473549,B5_reserve_margin
2017-11-04,11,37.02,36.504952213317665,B5_reserve_margin
2017-11-04,12,36.1,33.661414958088415,B5_reserve_margin
2017-11-04,13,34.33,29.74856721510814,B5_reserve_margin
2017-11-04,14,34.34,28.70196297036876,B5_reserve_margin
2017-11-04,15,35.04,30.195169167437356,B5_reserve_margin
2017-11-04,16,37.03,33.82075478493502,B5_reserve_margin
2017-11-04,17,43.94,38.463038458621476,B5_reserve_margin
2017-11-04,18,35.51,36.70611074770035,B5_reserve_margin
2017-11-04,19,32.25,32.620033073944754,B5_reserve_margin
2017-11-04,20,28.83,27.453660022447743,B5_reserve_margin
2017-11-04,21,26.77,21.096658631959016,B5_reserve_margin
2017-11-04,22,26.53,25.338268560262378,B5_reserve_margin
2017-11-04,23,20.65,23.246061468797915,B5_reserve_margin
2017-11-05,0,13.2,18.837407075506853,B5_reserve_margin
2017-11-05,1,13.2,18.630308329595483,B5_reserve_margin
2017-11-05,2,14.64,18.164554063249813,B5_reserve_margin
2017-11-05,3,11.68,18.387910420555407,B5_reserve_margin
2017-11-05,4,13.93,20.176761886539122,B5_reserve_margin
2017-11-05,5,20.01,21.441699232200516,B5_reserve_margin
2017-11-05,6,21.87,22.895328179350592,B5_reserve_margin
2017-11-05,7,24.6,20.393312995183834,B5_reserve_margin
2017-11-05,8,31.47,27.689015736277277,B5_reserve_margin
2017-11-05,9,33.92,30.68394870601093,B5_reserve_margin
2017-11-05,10,36.54,32.63755403185352,B5_reserve_margin
2017-11-05,11,38.9,36.72561698037815,B5_reserve_margin
2017-11-05,12,36.11,32.54027713895929,B5_reserve_margin
2017-11-05,13,36.2,28.234250013701978,B5_reserve_margin
2017-11-05,14,33.78,26.404210539012244,B5_reserve_margin
2017-11-05,15,33.96,28.79309103964484,B5_reserve_margin
2017-11-05,16,35.0,33.48830853513122,B5_reserve_margin
2017-11-05,17,41.82,39.54683098346004,B5_reserve_margin
2017-11-05,18,41.74,41.671601988653165,B5_reserve_margin
2017-11-05,19,42.82,41.2097830472013,B5_reserve_margin
2017-11-05,20,40.91,36.09194403656107,B5_reserve_margin
2017-11-05,21,39.59,31.162115879180977,B5_reserve_margin
2017-11-05,22,38.87,31.03426854823811,B5_reserve_margin
2017-11-05,23,35.0,26.09782932599934,B5_reserve_margin
2017-11-06,0,31.74,31.138899751232735,B5_reserve_margin
2017-11-06,1,33.73,29.738826015385058,B5_reserve_margin
2017-11-06,2,33.02,28.611194774719948,B5_reserve_margin
2017-11-06,3,27.61,27.854252329395326,B5_reserve_margin
2017-11-06,4,28.1,28.429781910898626,B5_reserve_margin
2017-11-06,5,32.99,30.868080318240164,B5_reserve_margin
2017-11-06,6,44.83,46.83552526453635,B5_reserve_margin
2017-11-06,7,54.96,59.09925188696013,B5_reserve_margin
2017-11-06,8,60.38,62.838586722160635,B5_reserve_margin
2017-11-06,9,55.38,59.299692848827135,B5_reserve_margin
2017-11-06,10,54.95,61.742111276219944,B5_reserve_margin
2017-11-06,11,54.97,63.64871580430048,B5_reserve_margin
2017-11-06,12,54.93,62.488263720135016,B5_reserve_margin
2017-11-06,13,55.91,65.76789620001537,B5_reserve_margin
2017-11-06,14,55.93,68.5447797558059,B5_reserve_margin
2017-11-06,15,57.85,74.00476385914604,B5_reserve_margin
2017-11-06,16,62.56,79.18469659121897,B5_reserve_margin
2017-11-06,17,78.28,90.04494838560123,B5_reserve_margin
2017-11-06,18,89.93,87.85750688247415,B5_reserve_margin
2017-11-06,19,74.51,77.01991853529694,B5_reserve_margin
2017-11-06,20,55.02,60.29228680019788,B5_reserve_margin
2017-11-06,21,50.61,47.80644826472768,B5_reserve_margin
2017-11-06,22,39.11,44.30467170523263,B5_reserve_margin
2017-11-06,23,37.1,39.12284326503536,B5_reserve_margin
2017-11-07,0,36.63,37.94788066942784,B5_reserve_margin
2017-11-07,1,35.05,38.25046383241195,B5_reserve_margin
2017-11-07,2,36.87,36.403100813561814,B5_reserve_margin
2017-11-07,3,36.02,33.866267485275756,B5_reserve_margin
2017-11-07,4,37.04,33.680417758669165,B5_reserve_margin
2017-11-07,5,34.43,41.97183470947264,B5_reserve_margin
2017-11-07,6,49.77,45.56207943933853,B5_reserve_margin
2017-11-07,7,59.26,54.277421149802386,B5_reserve_margin
2017-11-07,8,64.37,59.77904559958391,B5_reserve_margin
2017-11-07,9,55.07,57.90978226774549,B5_reserve_margin
2017-11-07,10,54.94,54.44966586435108,B5_reserve_margin
2017-11-07,11,54.92,52.61445249569451,B5_reserve_margin
2017-11-07,12,53.93,51.554721732900376,B5_reserve_margin
2017-11-07,13,54.94,53.47505412175221,B5_reserve_margin
2017-11-07,14,56.93,54.56333640294578,B5_reserve_margin
2017-11-07,15,66.75,57.67871575533747,B5_reserve_margin
2017-11-07,16,65.58,61.48677469283517,B5_reserve_margin
2017-11-07,17,81.56,73.14709363285954,B5_reserve_margin
2017-11-07,18,82.3,66.04442325574031,B5_reserve_margin
2017-11-07,19,64.2,58.86544417223266,B5_reserve_margin
2017-11-07,20,53.94,49.02202798977323,B5_reserve_margin
2017-11-07,21,46.94,42.504086667674116,B5_reserve_margin
2017-11-07,22,41.7,40.529665440356325,B5_reserve_margin
2017-11-07,23,37.86,40.415585283645214,B5_reserve_margin
2017-11-08,0,33.7,39.80230882814897,B5_reserve_margin
2017-11-08,1,33.62,41.89683748446112,B5_reserve_margin
2017-11-08,2,33.64,41.863027323210346,B5_reserve_margin
2017-11-08,3,33.62,40.54304124973332,B5_reserve_margin
2017-11-08,4,35.53,42.03139049895942,B5_reserve_margin
2017-11-08,5,36.15,44.78658008406137,B5_reserve_margin
2017-11-08,6,54.07,48.35452687027632,B5_reserve_margin
2017-11-08,7,75.76,62.8503495777726,B5_reserve_margin
2017-11-08,8,79.28,70.90534226282199,B5_reserve_margin
2017-11-08,9,77.07,70.01558403039962,B5_reserve_margin
2017-11-08,10,84.22,66.83362972049837,B5_reserve_margin
2017-11-08,11,84.98,67.15517162166455,B5_reserve_margin
2017-11-08,12,83.8,66.28734303747798,B5_reserve_margin
2017-11-08,13,88.19,64.01110486448259,B5_reserve_margin
2017-11-08,14,89.9,69.8992613479835,B5_reserve_margin
2017-11-08,15,81.89,69.88419805055892,B5_reserve_margin
2017-11-08,16,88.2,78.11285709553212,B5_reserve_margin
2017-11-08,17,111.4,87.4392175421867,B5_reserve_margin
2017-11-08,18,120.0,84.97886343915738,B5_reserve_margin
2017-11-08,19,89.93,71.98317615115675,B5_reserve_margin
2017-11-08,20,60.1,57.322325312801425,B5_reserve_margin
2017-11-08,21,52.32,49.47852927740001,B5_reserve_margin
2017-11-08,22,48.05,48.9547083458199,B5_reserve_margin
2017-11-08,23,38.57,43.1049063432836,B5_reserve_margin
2017-11-09,0,38.61,39.09681102059725,B5_reserve_margin
2017-11-09,1,39.3,37.70577007563083,B5_reserve_margin
2017-11-09,2,38.48,35.37489025964282,B5_reserve_margin
2017-11-09,3,40.53,35.12736953066117,B5_reserve_margin
2017-11-09,4,39.9,36.818514663461556,B5_reserve_margin
2017-11-09,5,43.95,37.29831856210832,B5_reserve_margin
2017-11-09,6,58.65,51.231916690135805,B5_reserve_margin
2017-11-09,7,72.1,66.70680464467347,B5_reserve_margin
2017-11-09,8,84.73,72.28353326378313,B5_reserve_margin
2017-11-09,9,61.99,70.06829996744139,B5_reserve_margin
2017-11-09,10,61.37,66.13625686996734,B5_reserve_margin
2017-11-09,11,60.69,64.87061577560908,B5_reserve_margin
2017-11-09,12,55.12,56.472102722781266,B5_reserve_margin
2017-11-09,13,53.99,58.62042094514506,B5_reserve_margin
2017-11-09,14,54.91,55.99218281678807,B5_reserve_margin
2017-11-09,15,55.0,58.831559190350276,B5_reserve_margin
2017-11-09,16,55.92,56.00569149051542,B5_reserve_margin
2017-11-09,17,56.94,70.22206909841597,B5_reserve_margin
2017-11-09,18,55.93,61.2483716732297,B5_reserve_margin
2017-11-09,19,55.0,51.676941554870176,B5_reserve_margin
2017-11-09,20,40.3,41.322183667999944,B5_reserve_margin
2017-11-09,21,42.81,36.13478665725316,B5_reserve_margin
2017-11-09,22,36.78,33.30218221145176,B5_reserve_margin
2017-11-09,23,33.61,29.18937773584403,B5_reserve_margin
2017-11-10,0,26.41,30.395294497749227,B5_reserve_margin
2017-11-10,1,25.35,28.256083462705543,B5_reserve_margin
2017-11-10,2,26.6,26.412137202544127,B5_reserve_margin
2017-11-10,3,27.31,25.75900830771805,B5_reserve_margin
2017-11-10,4,27.1,26.496311525944744,B5_reserve_margin
2017-11-10,5,28.92,29.256919791904785,B5_reserve_margin
2017-11-10,6,40.15,40.14229028674554,B5_reserve_margin
2017-11-10,7,51.2,48.34847198499455,B5_reserve_margin
2017-11-10,8,47.41,48.56591638477936,B5_reserve_margin
2017-11-10,9,38.61,42.34713126338343,B5_reserve_margin
2017-11-10,10,38.89,40.252323240925364,B5_reserve_margin
2017-11-10,11,38.79,38.33008463328887,B5_reserve_margin
2017-11-10,12,35.25,35.46185482883548,B5_reserve_margin
2017-11-10,13,31.16,31.564384001630373,B5_reserve_margin
2017-11-10,14,30.16,31.806433755723866,B5_reserve_margin
2017-11-10,15,30.12,33.021591124550035,B5_reserve_margin
2017-11-10,16,31.02,34.86870423813386,B5_reserve_margin
2017-11-10,17,36.19,42.29899379923187,B5_reserve_margin
2017-11-10,18,36.02,44.517626353558136,B5_reserve_margin
2017-11-10,19,31.08,43.48921392929317,B5_reserve_margin
2017-11-10,20,29.39,37.0648271912772,B5_reserve_margin
2017-11-10,21,22.26,33.662042449624316,B5_reserve_margin
2017-11-10,22,15.51,30.81050961847065,B5_reserve_margin
2017-11-10,23,11.46,25.694402586721075,B5_reserve_margin
2017-11-11,0,9.2,15.9643821442535,B5_reserve_margin
2017-11-11,1,2.03,10.616832673430755,B5_reserve_margin
2017-11-11,2,0.08,9.22116070170394,B5_reserve_margin
2017-11-11,3,6.47,10.608310224761624,B5_reserve_margin
2017-11-11,4,11.27,13.181897626334383,B5_reserve_margin
2017-11-11,5,12.59,11.273039436368233,B5_reserve_margin
2017-11-11,6,9.63,14.610442353609422,B5_reserve_margin
2017-11-11,7,13.55,20.032031024762414,B5_reserve_margin
2017-11-11,8,20.1,24.5664581109664,B5_reserve_margin
2017-11-11,9,24.66,26.686353200961094,B5_reserve_margin
2017-11-11,10,21.47,25.352922321687423,B5_reserve_margin
2017-11-11,11,18.9,26.24515636682424,B5_reserve_margin
2017-11-11,12,21.03,27.313083196625296,B5_reserve_margin
2017-11-11,13,22.86,25.824496962268057,B5_reserve_margin
2017-11-11,14,28.2,26.26524732538603,B5_reserve_margin
2017-11-11,15,30.48,28.84401408445522,B5_reserve_margin
2017-11-11,16,35.81,32.49085979948412,B5_reserve_margin
2017-11-11,17,44.49,41.10248761892276,B5_reserve_margin
2017-11-11,18,46.76,40.71369341456998,B5_reserve_margin
2017-11-11,19,41.03,37.47211204194099,B5_reserve_margin
2017-11-11,20,35.92,33.34819308197969,B5_reserve_margin
2017-11-11,21,35.82,30.96594249037874,B5_reserve_margin
2017-11-11,22,37.06,29.799034398958796,B5_reserve_margin
2017-11-11,23,28.29,24.462441920232845,B5_reserve_margin
2017-11-12,0,14.07,24.160018144868573,B5_reserve_margin
2017-11-12,1,15.99,21.83617053685199,B5_reserve_margin
2017-11-12,2,13.8,20.336174445463993,B5_reserve_margin
2017-11-12,3,13.53,19.350945816017706,B5_reserve_margin
2017-11-12,4,15.25,19.984747465277575,B5_reserve_margin
2017-11-12,5,21.86,22.459891333968212,B5_reserve_margin
2017-11-12,6,22.52,21.629568228218876,B5_reserve_margin
2017-11-12,7,27.06,24.253897609191533,B5_reserve_margin
2017-11-12,8,30.94,29.88225787554913,B5_reserve_margin
2017-11-12,9,33.03,35.24267175630088,B5_reserve_margin
2017-11-12,10,42.79,39.48243181787173,B5_reserve_margin
2017-11-12,11,47.65,41.95621045849337,B5_reserve_margin
2017-11-12,12,48.13,42.65643707820806,B5_reserve_margin
2017-11-12,13,44.28,36.73700914552943,B5_reserve_margin
2017-11-12,14,38.43,35.646947565797475,B5_reserve_margin
2017-11-12,15,37.8,35.726798978130184,B5_reserve_margin
2017-11-12,16,40.82,37.96015283696489,B5_reserve_margin
2017-11-12,17,53.91,44.5205191028254,B5_reserve_margin
2017-11-12,18,53.94,43.40546294511676,B5_reserve_margin
2017-11-12,19,46.54,40.25381089911464,B5_reserve_margin
2017-11-12,20,39.59,35.22444283948413,B5_reserve_margin
2017-11-12,21,33.11,33.135551794306785,B5_reserve_margin
2017-11-12,22,33.17,33.09219386875773,B5_reserve_margin
2017-11-12,23,29.73,28.171371159506744,B5_reserve_margin
2017-11-13,0,31.06,29.124035157071106,B5_reserve_margin
2017-11-13,1,30.41,27.398589679303527,B5_reserve_margin
2017-11-13,2,29.64,26.567502655503375,B5_reserve_margin
2017-11-13,3,29.66,25.26008553577401,B5_reserve_margin
2017-11-13,4,29.79,26.792776580607022,B5_reserve_margin
2017-11-13,5,31.68,32.59014231099917,B5_reserve_margin
2017-11-13,6,42.76,44.565723678102174,B5_reserve_margin
2017-11-13,7,54.9,54.18567727024142,B5_reserve_margin
2017-11-13,8,54.33,56.65500593707226,B5_reserve_margin
2017-11-13,9,48.15,52.454608719841346,B5_reserve_margin
2017-11-13,10,45.83,53.14096660650656,B5_reserve_margin
2017-11-13,11,46.61,55.07704473721592,B5_reserve_margin
2017-11-13,12,41.48,51.47037145110992,B5_reserve_margin
2017-11-13,13,48.08,55.32042113847802,B5_reserve_margin
2017-11-13,14,50.81,58.64519325356764,B5_reserve_margin
2017-11-13,15,54.93,63.48812706173464,B5_reserve_margin
2017-11-13,16,55.92,64.85670145935396,B5_reserve_margin
2017-11-13,17,70.08,83.38263639816238,B5_reserve_margin
2017-11-13,18,62.3,73.62994281857524,B5_reserve_margin
2017-11-13,19,57.73,61.49109664724939,B5_reserve_margin
2017-11-13,20,54.94,49.17967123520955,B5_reserve_margin
2017-11-13,21,49.0,43.708601529061625,B5_reserve_margin
2017-11-13,22,41.0,42.27289468008383,B5_reserve_margin
2017-11-13,23,36.55,36.28494712313516,B5_reserve_margin
2017-11-14,0,37.83,37.48177347102006,B5_reserve_margin
2017-11-14,1,36.01,35.72487768723293,B5_reserve_margin
2017-11-14,2,34.03,32.33731264185334,B5_reserve_margin
2017-11-14,3,33.54,30.312789260738178,B5_reserve_margin
2017-11-14,4,33.9,29.550426523472943,B5_reserve_margin
2017-11-14,5,34.04,31.235799309750504,B5_reserve_margin
2017-11-14,6,38.12,40.54694242917106,B5_reserve_margin
2017-11-14,7,43.52,50.378667696051934,B5_reserve_margin
2017-11-14,8,49.58,50.70884592033823,B5_reserve_margin
2017-11-14,9,37.2,45.37737307304664,B5_reserve_margin
2017-11-14,10,36.56,44.11165103614978,B5_reserve_margin
2017-11-14,11,36.19,43.3777414251166,B5_reserve_margin
2017-11-14,12,36.88,40.34539544243442,B5_reserve_margin
2017-11-14,13,36.6,41.63857761228438,B5_reserve_margin
2017-11-14,14,36.86,42.944572872961174,B5_reserve_margin
2017-11-14,15,40.07,48.498037629514016,B5_reserve_margin
2017-11-14,16,49.06,53.23124616957394,B5_reserve_margin
2017-11-14,17,51.71,60.302827592355996,B5_reserve_margin
2017-11-14,18,52.94,57.7724828153533,B5_reserve_margin
2017-11-14,19,51.25,54.61997848253664,B5_reserve_margin
2017-11-14,20,44.92,46.438238208035216,B5_reserve_margin
2017-11-14,21,39.44,39.94885126604488,B5_reserve_margin
2017-11-14,22,37.6,38.85379739655447,B5_reserve_margin
2017-11-14,23,36.36,34.11258304554781,B5_reserve_margin
2017-11-15,0,33.5,36.1878788075744,B5_reserve_margin
2017-11-15,1,34.06,36.82911805273974,B5_reserve_margin
2017-11-15,2,33.42,36.151224969512015,B5_reserve_margin
2017-11-15,3,35.62,36.193874596454165,B5_reserve_margin
2017-11-15,4,33.74,38.21301544113592,B5_reserve_margin
2017-11-15,5,37.0,39.52757314961434,B5_reserve_margin
2017-11-15,6,58.5,48.44889097601836,B5_reserve_margin
2017-11-15,7,77.4,62.14905033173888,B5_reserve_margin
2017-11-15,8,78.01,63.69909575999679,B5_reserve_margin
2017-11-15,9,68.87,60.770288775341754,B5_reserve_margin
2017-11-15,10,61.65,59.84110603488243,B5_reserve_margin
2017-11-15,11,71.76,59.32739923319312,B5_reserve_margin
2017-11-15,12,64.1,57.06993204300571,B5_reserve_margin
2017-11-15,13,70.77,58.82634868898187,B5_reserve_margin
2017-11-15,14,72.81,61.98419173967012,B5_reserve_margin
2017-11-15,15,79.18,67.23853536084951,B5_reserve_margin
2017-11-15,16,89.95,74.08861455869837,B5_reserve_margin
2017-11-15,17,112.09,84.44202627967695,B5_reserve_margin
2017-11-15,18,124.29,78.9191970065343,B5_reserve_margin
2017-11-15,19,86.34,69.83821306960084,B5_reserve_margin
2017-11-15,20,76.13,57.103521752572426,B5_reserve_margin
2017-11-15,21,62.01,46.824541189189894,B5_reserve_margin
2017-11-15,22,51.91,44.12974772085664,B5_reserve_margin
2017-11-15,23,39.03,38.17760133920923,B5_reserve_margin
2017-11-16,0,37.04,41.98134895059653,B5_reserve_margin
2017-11-16,1,37.06,40.68226740013536,B5_reserve_margin
2017-11-16,2,36.13,37.37773230620074,B5_reserve_margin
2017-11-16,3,36.59,37.87635561032339,B5_reserve_margin
2017-11-16,4,37.04,37.165836405233506,B5_reserve_margin
2017-11-16,5,36.87,37.553017915067166,B5_reserve_margin
2017-11-16,6,51.61,52.02635972973738,B5_reserve_margin
2017-11-16,7,61.89,60.184367410252435,B5_reserve_margin
2017-11-16,8,68.63,63.38125752296693,B5_reserve_margin
2017-11-16,9,57.02,60.244116126201845,B5_reserve_margin
2017-11-16,10,55.93,52.596718991283765,B5_reserve_margin
2017-11-16,11,53.96,49.060174214874806,B5_reserve_margin
2017-11-16,12,49.01,50.171147285655394,B5_reserve_margin
2017-11-16,13,49.31,50.09817301442713,B5_reserve_margin
2017-11-16,14,54.0,52.63203062796745,B5_reserve_margin
2017-11-16,15,57.94,59.024521583239725,B5_reserve_margin
2017-11-16,16,56.16,62.70285302872068,B5_reserve_margin
2017-11-16,17,56.42,70.62985716878562,B5_reserve_margin
2017-11-16,18,53.93,58.4854627101807,B5_reserve_margin
2017-11-16,19,46.3,53.32812376395117,B5_reserve_margin
2017-11-16,20,37.03,45.598619728685456,B5_reserve_margin
2017-11-16,21,38.03,42.398283733843805,B5_reserve_margin
2017-11-16,22,38.15,40.05824558528968,B5_reserve_margin
2017-11-16,23,35.07,35.460712658510666,B5_reserve_margin
2017-11-17,0,33.15,30.79303043451856,B5_reserve_margin
2017-11-17,1,32.72,30.1434259963371,B5_reserve_margin
2017-11-17,2,33.16,29.41560026911593,B5_reserve_margin
2017-11-17,3,34.06,30.808813715065746,B5_reserve_margin
2017-11-17,4,34.05,32.905259921531695,B5_reserve_margin
2017-11-17,5,36.09,35.03796383050243,B5_reserve_margin
2017-11-17,6,46.83,43.770295280958734,B5_reserve_margin
2017-11-17,7,49.99,55.79355787806948,B5_reserve_margin
2017-11-17,8,53.93,60.91476207056867,B5_reserve_margin
2017-11-17,9,49.99,59.060055641521004,B5_reserve_margin
2017-11-17,10,49.97,54.10228511388189,B5_reserve_margin
2017-11-17,11,49.97,54.22132795022908,B5_reserve_margin
2017-11-17,12,49.09,51.366319342236466,B5_reserve_margin
2017-11-17,13,46.55,48.192136937189595,B5_reserve_margin
2017-11-17,14,42.3,49.72319466114272,B5_reserve_margin
2017-11-17,15,49.95,50.133393381145055,B5_reserve_margin
2017-11-17,16,49.9,53.881668265518854,B5_reserve_margin
2017-11-17,17,49.91,59.159063648184514,B5_reserve_margin
2017-11-17,18,48.18,52.50202106022922,B5_reserve_margin
2017-11-17,19,42.97,46.72996258660905,B5_reserve_margin
2017-11-17,20,38.35,40.15668072931906,B5_reserve_margin
2017-11-17,21,39.8,35.08754195804951,B5_reserve_margin
2017-11-17,22,36.15,33.91451035634333,B5_reserve_margin
2017-11-17,23,32.41,30.168529919934816,B5_reserve_margin
2017-11-18,0,27.78,29.2258444719235,B5_reserve_margin
2017-11-18,1,23.56,26.472498663139305,B5_reserve_margin
2017-11-18,2,20.04,24.294133553428644,B5_reserve_margin
2017-11-18,3,17.63,23.159638158324615,B5_reserve_margin
2017-11-18,4,13.33,23.1727197808245,B5_reserve_margin
2017-11-18,5,12.87,22.981502570265516,B5_reserve_margin
2017-11-18,6,16.12,22.79957863907988,B5_reserve_margin
2017-11-18,7,19.38,24.693841950392923,B5_reserve_margin
2017-11-18,8,27.97,27.600296949751687,B5_reserve_margin
2017-11-18,9,28.61,27.960328208020435,B5_reserve_margin
2017-11-18,10,28.08,25.57730231100022,B5_reserve_margin
2017-11-18,11,14.97,22.50050893348756,B5_reserve_margin
2017-11-18,12,18.19,21.85120207252644,B5_reserve_margin
2017-11-18,13,13.01,18.903742562003174,B5_reserve_margin
2017-11-18,14,18.46,21.901976272381912,B5_reserve_margin
2017-11-18,15,24.84,25.0319325754817,B5_reserve_margin
2017-11-18,16,28.33,29.165633798878606,B5_reserve_margin
2017-11-18,17,29.77,35.664724103509535,B5_reserve_margin
2017-11-18,18,29.7,37.861843832805775,B5_reserve_margin
2017-11-18,19,24.03,35.74759047759441,B5_reserve_margin
2017-11-18,20,13.06,30.339032052444196,B5_reserve_margin
2017-11-18,21,12.69,29.419840221387606,B5_reserve_margin
2017-11-18,22,11.38,28.12741990393055,B5_reserve_margin
2017-11-18,23,0.41,22.432542090043903,B5_reserve_margin
2017-11-19,0,0.37,2.9525354032773308,B5_reserve_margin
2017-11-19,1,4.33,-2.5069791361979483,B5_reserve_margin
2017-11-19,2,2.91,-4.731719204399301,B5_reserve_margin
2017-11-19,3,2.17,-6.588932884046013,B5_reserve_margin
2017-11-19,4,2.14,-5.7708244297970275,B5_reserve_margin
2017-11-19,5,0.03,0.09237072318035189,B5_reserve_margin
2017-11-19,6,-0.03,-10.41398148293862,B5_reserve_margin
2017-11-19,7,0.04,0.3632320577482204,B5_reserve_margin
2017-11-19,8,5.08,4.449168632498093,B5_reserve_margin
2017-11-19,9,23.49,8.042470144089638,B5_reserve_margin
2017-11-19,10,12.77,13.929765211195718,B5_reserve_margin
2017-11-19,11,21.94,16.608775842213905,B5_reserve_margin
2017-11-19,12,12.5,14.40708955286092,B5_reserve_margin
2017-11-19,13,9.09,9.316481314945143,B5_reserve_margin
2017-11-19,14,5.09,11.100450144846945,B5_reserve_margin
2017-11-19,15,9.63,12.211509762074627,B5_reserve_margin
2017-11-19,16,5.99,20.68061631532307,B5_reserve_margin
2017-11-19,17,23.14,28.523288238021465,B5_reserve_margin
2017-11-19,18,21.94,33.32468611391609,B5_reserve_margin
2017-11-19,19,13.3,30.134234733505558,B5_reserve_margin
2017-11-19,20,12.62,24.246230837327108,B5_reserve_margin
2017-11-19,21,11.38,26.29745478466081,B5_reserve_margin
2017-11-19,22,13.95,26.035680358533817,B5_reserve_margin
2017-11-19,23,12.21,21.638792202140692,B5_reserve_margin
2017-11-20,0,12.59,12.358445455197382,B5_reserve_margin
2017-11-20,1,12.51,10.835854282397067,B5_reserve_margin
2017-11-20,2,10.49,9.186168854064563,B5_reserve_margin
2017-11-20,3,11.0,9.951450439070971,B5_reserve_margin
2017-11-20,4,14.96,12.336299935019618,B5_reserve_margin
2017-11-20,5,23.81,20.208950902305627,B5_reserve_margin
2017-11-20,6,39.94,29.1118185999203,B5_reserve_margin
2017-11-20,7,41.99,36.82426443226963,B5_reserve_margin
2017-11-20,8,43.92,38.59273911790946,B5_reserve_margin
2017-11-20,9,43.91,39.12451706177132,B5_reserve_margin
2017-11-20,10,43.68,39.62743355628538,B5_reserve_margin
2017-11-20,11,43.94,39.27491248877017,B5_reserve_margin
2017-11-20,12,44.36,38.94124009645163,B5_reserve_margin
2017-11-20,13,49.05,38.812058781574066,B5_reserve_margin
2017-11-20,14,53.46,41.27950414464908,B5_reserve_margin
2017-11-20,15,50.99,41.54926241449594,B5_reserve_margin
2017-11-20,16,59.3,40.82641407419779,B5_reserve_margin
2017-11-20,17,66.02,44.60984024499879,B5_reserve_margin
2017-11-20,18,53.38,44.547264586768634,B5_reserve_margin
2017-11-20,19,47.93,41.81843012894838,B5_reserve_margin
2017-11-20,20,43.95,38.035859634176745,B5_reserve_margin
2017-11-20,21,38.63,33.409373151882065,B5_reserve_margin
2017-11-20,22,38.76,32.718877270281666,B5_reserve_margin
2017-11-20,23,34.97,27.670770645448602,B5_reserve_margin
2017-11-21,0,36.03,32.462553383962614,B5_reserve_margin
2017-11-21,1,35.46,32.325702136423786,B5_reserve_margin
2017-11-21,2,35.63,31.12942952347447,B5_reserve_margin
2017-11-21,3,35.73,30.49290284033498,B5_reserve_margin
2017-11-21,4,35.42,31.833432008698296,B5_reserve_margin
2017-11-21,5,37.92,37.08990825592825,B5_reserve_margin
2017-11-21,6,46.51,41.4512839832978,B5_reserve_margin
2017-11-21,7,67.86,49.917951745437634,B5_reserve_margin
2017-11-21,8,72.63,56.44706938374785,B5_reserve_margin
2017-11-21,9,54.99,57.679542776595625,B5_reserve_margin
2017-11-21,10,54.26,64.08293292534276,B5_reserve_margin
2017-11-21,11,64.03,63.23006239660084,B5_reserve_margin
2017-11-21,12,55.27,59.785987854745116,B5_reserve_margin
2017-11-21,13,64.91,63.57347898199651,B5_reserve_margin
2017-11-21,14,62.65,62.01497744571293,B5_reserve_margin
2017-11-21,15,62.65,56.68117374045802,B5_reserve_margin
2017-11-21,16,62.65,54.71199413206225,B5_reserve_margin
2017-11-21,17,68.05,54.47457121543522,B5_reserve_margin
2017-11-21,18,57.46,48.75614669851902,B5_reserve_margin
2017-11-21,19,43.99,43.989096288384,B5_reserve_margin
2017-11-21,20,35.42,35.95493856043824,B5_reserve_margin
2017-11-21,21,32.64,31.86710646479787,B5_reserve_margin
2017-11-21,22,31.31,30.15336076380842,B5_reserve_margin
2017-11-21,23,29.69,26.452566253845266,B5_reserve_margin
2017-11-22,0,27.15,26.836686728823384,B5_reserve_margin
2017-11-22,1,15.7,25.428864305523234,B5_reserve_margin
2017-11-22,2,10.7,23.483502954095044,B5_reserve_margin
2017-11-22,3,10.96,23.308697206079913,B5_reserve_margin
2017-11-22,4,10.75,24.290011307049088,B5_reserve_margin
2017-11-22,5,20.24,25.77091067542982,B5_reserve_margin
2017-11-22,6,29.92,34.036206721918646,B5_reserve_margin
2017-11-22,7,37.37,44.00715072149037,B5_reserve_margin
2017-11-22,8,35.72,44.20500360020374,B5_reserve_margin
2017-11-22,9,32.49,38.87079837743693,B5_reserve_margin
2017-11-22,10,31.98,35.7134882531673,B5_reserve_margin
2017-11-22,11,31.8,34.86617273221197,B5_reserve_margin
2017-11-22,12,31.03,32.81647984962642,B5_reserve_margin
2017-11-22,13,31.3,34.10307948012297,B5_reserve_margin
2017-11-22,14,32.56,35.849780612286175,B5_reserve_margin
2017-11-22,15,41.43,40.916182169701216,B5_reserve_margin
2017-11-22,16,50.06,43.962975071695695,B5_reserve_margin
2017-11-22,17,61.26,51.27211970353578,B5_reserve_margin
2017-11-22,18,50.93,47.9417222939506,B5_reserve_margin
2017-11-22,19,43.97,44.483652473686234,B5_reserve_margin
2017-11-22,20,39.99,38.382914975058334,B5_reserve_margin
2017-11-22,21,33.7,34.8850095802254,B5_reserve_margin
2017-11-22,22,29.56,30.332494633295305,B5_reserve_margin
2017-11-22,23,20.6,24.533755920176898,B5_reserve_margin
2017-11-23,0,9.67,20.80010592300448,B5_reserve_margin
2017-11-23,1,12.76,17.29762898855119,B5_reserve_margin
2017-11-23,2,9.64,14.479759748789673,B5_reserve_margin
2017-11-23,3,9.47,14.744050382507629,B5_reserve_margin
2017-11-23,4,9.46,16.093429967730145,B5_reserve_margin
2017-11-23,5,12.77,20.12455245991035,B5_reserve_margin
2017-11-23,6,17.1,29.474894169030605,B5_reserve_margin
2017-11-23,7,32.93,39.595429482818865,B5_reserve_margin
2017-11-23,8,31.09,40.19444989116476,B5_reserve_margin
2017-11-23,9,29.96,35.60158639339777,B5_reserve_margin
2017-11-23,10,24.03,31.894453414291114,B5_reserve_margin
2017-11-23,11,16.24,31.26258359960368,B5_reserve_margin
2017-11-23,12,12.75,28.527303173551417,B5_reserve_margin
2017-11-23,13,16.63,27.248328549231566,B5_reserve_margin
2017-11-23,14,26.23,26.981553375402665,B5_reserve_margin
2017-11-23,15,30.76,30.847524499049673,B5_reserve_margin
2017-11-23,16,31.95,34.99939156347119,B5_reserve_margin
2017-11-23,17,37.97,41.975255402920084,B5_reserve_margin
2017-11-23,18,37.57,41.48624367666808,B5_reserve_margin
2017-11-23,19,36.98,39.62192944990813,B5_reserve_margin
2017-11-23,20,33.94,34.910378634101626,B5_reserve_margin
2017-11-23,21,29.34,33.15677176274599,B5_reserve_margin
2017-11-23,22,27.41,30.451225733483017,B5_reserve_margin
2017-11-23,23,24.05,24.513533084069586,B5_reserve_margin
2017-11-24,0,26.93,23.03599634173268,B5_reserve_margin
2017-11-24,1,27.75,21.820796528337755,B5_reserve_margin
2017-11-24,2,28.04,20.088917720654283,B5_reserve_margin
2017-11-24,3,27.1,21.061243246849585,B5_reserve_margin
2017-11-24,4,28.22,21.75697227199738,B5_reserve_margin
2017-11-24,5,35.66,25.7149279467277,B5_reserve_margin
2017-11-24,6,49.01,34.70361966145096,B5_reserve_margin
2017-11-24,7,49.07,40.917375476443475,B5_reserve_margin
2017-11-24,8,48.0,43.81572154904506,B5_reserve_margin
2017-11-24,9,46.92,44.862297580087144,B5_reserve_margin
2017-11-24,10,45.43,44.34689874099432,B5_reserve_margin
2017-11-24,11,46.5,43.69669917881912,B5_reserve_margin
2017-11-24,12,39.57,41.69473075666417,B5_reserve_margin
2017-11-24,13,41.13,44.07402354096948,B5_reserve_margin
2017-11-24,14,43.13,46.30666081804786,B5_reserve_margin
2017-11-24,15,44.91,49.66947739138871,B5_reserve_margin
2017-11-24,16,46.94,53.01347261251727,B5_reserve_margin
2017-11-24,17,53.97,60.70622509969133,B5_reserve_margin
2017-11-24,18,56.24,55.09180255175804,B5_reserve_margin
2017-11-24,19,55.97,48.75193897027519,B5_reserve_margin
2017-11-24,20,48.0,43.221288137431685,B5_reserve_margin
2017-11-24,21,47.98,40.75728089102334,B5_reserve_margin
2017-11-24,22,47.98,42.50921241848172,B5_reserve_margin
2017-11-24,23,40.99,38.438789849828545,B5_reserve_margin
2017-11-25,0,39.89,41.75296447729765,B5_reserve_margin
2017-11-25,1,36.19,40.06013719639044,B5_reserve_margin
2017-11-25,2,34.49,40.56234683227887,B5_reserve_margin
2017-11-25,3,36.2,38.06495305706815,B5_reserve_margin
2017-11-25,4,38.0,35.656459970580364,B5_reserve_margin
2017-11-25,5,35.86,35.14326235243206,B5_reserve_margin
2017-11-25,6,35.03,37.891131665409205,B5_reserve_margin
2017-11-25,7,42.37,38.412764094374516,B5_reserve_margin
2017-11-25,8,49.95,44.06936380431366,B5_reserve_margin
2017-11-25,9,49.94,45.30599554005397,B5_reserve_margin
2017-11-25,10,51.97,46.96263889788243,B5_reserve_margin
2017-11-25,11,53.51,44.510657717807014,B5_reserve_margin
2017-11-25,12,49.96,42.48582837868909,B5_reserve_margin
2017-11-25,13,46.98,40.49486530336893,B5_reserve_margin
2017-11-25,14,38.98,39.515044317489384,B5_reserve_margin
2017-11-25,15,35.29,39.59139044473429,B5_reserve_margin
2017-11-25,16,39.56,44.44354945725243,B5_reserve_margin
2017-11-25,17,44.26,49.56943614272981,B5_reserve_margin
2017-11-25,18,38.41,44.08307719646817,B5_reserve_margin
2017-11-25,19,37.93,39.74520972326888,B5_reserve_margin
2017-11-25,20,36.12,34.248931072644,B5_reserve_margin
2017-11-25,21,32.12,30.26535026653185,B5_reserve_margin
2017-11-25,22,30.09,30.361579851078684,B5_reserve_margin
2017-11-25,23,27.58,25.270239322665425,B5_reserve_margin
2017-11-26,0,19.21,23.42467855074723,B5_reserve_margin
2017-11-26,1,12.59,20.055271168009845,B5_reserve_margin
2017-11-26,2,11.56,18.327678296293474,B5_reserve_margin
2017-11-26,3,11.45,16.881839475445215,B5_reserve_margin
2017-11-26,4,15.74,16.99076460722607,B5_reserve_margin
2017-11-26,5,12.85,15.884922901910741,B5_reserve_margin
2017-11-26,6,11.41,16.160078658632038,B5_reserve_margin
2017-11-26,7,9.77,15.904128699394636,B5_reserve_margin
2017-11-26,8,19.36,19.900953992636925,B5_reserve_margin
2017-11-26,9,11.58,18.57206402655348,B5_reserve_margin
2017-11-26,10,19.95,16.25509753720695,B5_reserve_margin
2017-11-26,11,21.6,20.563419903068915,B5_reserve_margin
2017-11-26,12,11.48,17.41165311528659,B5_reserve_margin
2017-11-26,13,11.49,17.04270152025442,B5_reserve_margin
2017-11-26,14,15.75,14.222763990480383,B5_reserve_margin
2017-11-26,15,15.55,18.950925990807406,B5_reserve_margin
2017-11-26,16,23.6,23.475722581079914,B5_reserve_margin
2017-11-26,17,29.17,31.274351631548704,B5_reserve_margin
2017-11-26,18,29.43,33.46775995636213,B5_reserve_margin
2017-11-26,19,29.51,31.138963587954624,B5_reserve_margin
2017-11-26,20,29.07,28.20138685601232,B5_reserve_margin
2017-11-26,21,29.01,26.13353719258842,B5_reserve_margin
2017-11-26,22,28.37,24.697345966513684,B5_reserve_margin
2017-11-26,23,21.94,19.358488911058686,B5_reserve_margin
2017-11-27,0,11.47,18.780111589112074,B5_reserve_margin
2017-11-27,1,14.95,15.97377990906701,B5_reserve_margin
2017-11-27,2,17.06,14.037160948312959,B5_reserve_margin
2017-11-27,3,13.06,12.5770868802135,B5_reserve_margin
2017-11-27,4,10.02,14.929223290022815,B5_reserve_margin
2017-11-27,5,20.96,18.46596322350938,B5_reserve_margin
2017-11-27,6,40.1,32.30771821278815,B5_reserve_margin
2017-11-27,7,36.12,42.96258662251807,B5_reserve_margin
2017-11-27,8,40.06,43.65908199263324,B5_reserve_margin
2017-11-27,9,36.04,39.32425183616431,B5_reserve_margin
2017-11-27,10,34.06,36.74789103805101,B5_reserve_margin
2017-11-27,11,34.73,33.802558982456844,B5_reserve_margin
2017-11-27,12,31.1,32.166753750235095,B5_reserve_margin
2017-11-27,13,32.38,30.143690127294075,B5_reserve_margin
2017-11-27,14,33.33,29.487238337615995,B5_reserve_margin
2017-11-27,15,34.82,31.445044434098218,B5_reserve_margin
2017-11-27,16,35.7,34.06753314661984,B5_reserve_margin
2017-11-27,17,40.32,39.757834410501125,B5_reserve_margin
2017-11-27,18,36.7,39.626769784668184,B5_reserve_margin
2017-11-27,19,35.26,38.38638143395602,B5_reserve_margin
2017-11-27,20,35.95,36.05239164793283,B5_reserve_margin
2017-11-27,21,30.93,31.98243338120253,B5_reserve_margin
2017-11-27,22,30.0,27.857930282112022,B5_reserve_margin
2017-11-27,23,15.87,23.635335414590408,B5_reserve_margin
2017-11-28,0,22.5,18.688699386050082,B5_reserve_margin
2017-11-28,1,16.07,18.15301681807687,B5_reserve_margin
2017-11-28,2,15.46,16.697356635301066,B5_reserve_margin
2017-11-28,3,16.29,15.97376146048429,B5_reserve_margin
2017-11-28,4,22.04,18.46747917521876,B5_reserve_margin
2017-11-28,5,24.7,21.859812489853166,B5_reserve_margin
2017-11-28,6,34.01,30.64107078110815,B5_reserve_margin
2017-11-28,7,40.13,36.86925419083119,B5_reserve_margin
2017-11-28,8,37.78,37.98475356743786,B5_reserve_margin
2017-11-28,9,36.39,36.317475854287,B5_reserve_margin
2017-11-28,10,35.84,32.795369100093914,B5_reserve_margin
2017-11-28,11,36.05,31.64365338954323,B5_reserve_margin
2017-11-28,12,39.91,32.007782104616844,B5_reserve_margin
2017-11-28,13,45.07,34.06734218703705,B5_reserve_margin
2017-11-28,14,48.59,37.79977612913548,B5_reserve_margin
2017-11-28,15,52.94,44.55567228130869,B5_reserve_margin
2017-11-28,16,51.97,49.82263654948855,B5_reserve_margin
2017-11-28,17,59.7,52.83645558108073,B5_reserve_margin
2017-11-28,18,52.98,50.22158227157138,B5_reserve_margin
2017-11-28,19,51.32,47.442801466841615,B5_reserve_margin
2017-11-28,20,49.99,43.37827868672175,B5_reserve_margin
2017-11-28,21,36.59,40.15064485277049,B5_reserve_margin
2017-11-28,22,36.64,38.234518325852775,B5_reserve_margin
2017-11-28,23,35.01,34.22940097287566,B5_reserve_margin
2017-11-29,0,36.56,34.53172192776851,B5_reserve_margin
2017-11-29,1,36.79,34.398983276227874,B5_reserve_margin
2017-11-29,2,35.56,34.09409888811051,B5_reserve_margin
2017-11-29,3,35.06,34.55317476421679,B5_reserve_margin
2017-11-29,4,36.17,35.940243414488016,B5_reserve_margin
2017-11-29,5,38.97,38.35968566441519,B5_reserve_margin
2017-11-29,6,57.72,43.16427348321266,B5_reserve_margin
2017-11-29,7,84.97,62.26445041823445,B5_reserve_margin
2017-11-29,8,88.52,66.48181582698344,B5_reserve_margin
2017-11-29,9,90.1,67.11498229623264,B5_reserve_margin
2017-11-29,10,88.33,65.96985285586541,B5_reserve_margin
2017-11-29,11,86.0,67.83105571555734,B5_reserve_margin
2017-11-29,12,82.18,67.5640288627616,B5_reserve_margin
2017-11-29,13,82.4,71.8034645648252,B5_reserve_margin
2017-11-29,14,89.21,67.2309118030268,B5_reserve_margin
2017-11-29,15,90.4,71.30540470018605,B5_reserve_margin
2017-11-29,16,97.8,80.90547831188911,B5_reserve_margin
2017-11-29,17,118.49,97.09667506739879,B5_reserve_margin
2017-11-29,18,110.36,76.24563372833617,B5_reserve_margin
2017-11-29,19,85.56,75.48783030936613,B5_reserve_margin
2017-11-29,20,77.34,59.85286772073742,B5_reserve_margin
2017-11-29,21,64.27,45.612885195475855,B5_reserve_margin
2017-11-29,22,55.57,45.230792630329326,B5_reserve_margin
2017-11-29,23,47.71,41.14692035935267,B5_reserve_margin
2017-11-30,0,45.94,46.34709708159917,B5_reserve_margin
2017-11-30,1,38.2,47.55741080320533,B5_reserve_margin
2017-11-30,2,36.97,47.353077981449616,B5_reserve_margin
2017-11-30,3,36.1,46.59538455452612,B5_reserve_margin
2017-11-30,4,38.47,45.88713873516154,B5_reserve_margin
2017-11-30,5,42.72,43.16545144367613,B5_reserve_margin
2017-11-30,6,53.99,52.05474128598476,B5_reserve_margin
2017-11-30,7,83.75,62.736501679664514,B5_reserve_margin
2017-11-30,8,88.16,67.01853300791768,B5_reserve_margin
2017-11-30,9,85.25,64.69060075623788,B5_reserve_margin
2017-11-30,10,86.79,62.65330013543856,B5_reserve_margin
2017-11-30,11,86.7,62.90349836291419,B5_reserve_margin
2017-11-30,12,84.07,60.68382117791947,B5_reserve_margin
2017-11-30,13,83.34,67.80466434159064,B5_reserve_margin
2017-11-30,14,82.81,66.64645155747128,B5_reserve_margin
2017-11-30,15,84.22,70.5019896758491,B5_reserve_margin
2017-11-30,16,86.06,70.23680225885366,B5_reserve_margin
2017-11-30,17,100.12,78.1976603383868,B5_reserve_margin
2017-11-30,18,95.1,67.63724367009821,B5_reserve_margin
2017-11-30,19,87.24,62.82085179102373,B5_reserve_margin
2017-11-30,20,68.5,53.008163452538874,B5_reserve_margin
2017-11-30,21,51.96,43.608512656459745,B5_reserve_margin
2017-11-30,22,38.45,42.2076916631365,B5_reserve_margin
2017-11-30,23,36.67,39.41554386646287,B5_reserve_margin
2017-12-01,0,35.82,39.691289186467216,B5_reserve_margin
2017-12-01,1,38.59,39.01076037357107,B5_reserve_margin
2017-12-01,2,37.18,37.903536422562524,B5_reserve_margin
2017-12-01,3,37.0,38.276076892216885,B5_reserve_margin
2017-12-01,4,37.42,39.63166247864828,B5_reserve_margin
2017-12-01,5,36.14,43.196721290450775,B5_reserve_margin
2017-12-01,6,55.97,52.40814708282228,B5_reserve_margin
2017-12-01,7,81.69,74.46165816136117,B5_reserve_margin
2017-12-01,8,75.01,74.50821584693736,B5_reserve_margin
2017-12-01,9,72.89,73.63485886918747,B5_reserve_margin
2017-12-01,10,70.38,68.12707472299743,B5_reserve_margin
2017-12-01,11,74.87,68.44453001666918,B5_reserve_margin
2017-12-01,12,74.91,64.98232031971227,B5_reserve_margin
2017-12-01,13,73.18,65.87885017029987,B5_reserve_margin
2017-12-01,14,72.5,70.13477695375943,B5_reserve_margin
2017-12-01,15,74.42,77.20004235247882,B5_reserve_margin
2017-12-01,16,76.6,76.65877787812998,B5_reserve_margin
2017-12-01,17,85.69,82.54952164534434,B5_reserve_margin
2017-12-01,18,82.57,77.28604108847023,B5_reserve_margin
2017-12-01,19,77.38,74.9854040917244,B5_reserve_margin
2017-12-01,20,61.95,61.073341815647964,B5_reserve_margin
2017-12-01,21,52.93,52.157686992590826,B5_reserve_margin
2017-12-01,22,41.58,45.339004834949485,B5_reserve_margin
2017-12-01,23,37.94,39.83630643165037,B5_reserve_margin
2017-12-02,0,39.9,40.73056268642887,B5_reserve_margin
2017-12-02,1,39.02,38.06554884026512,B5_reserve_margin
2017-12-02,2,37.89,35.95060678983837,B5_reserve_margin
2017-12-02,3,37.82,36.47603394233637,B5_reserve_margin
2017-12-02,4,34.7,35.947000211188204,B5_reserve_margin
2017-12-02,5,36.75,34.8342546620071,B5_reserve_margin
2017-12-02,6,34.07,37.92552708205054,B5_reserve_margin
2017-12-02,7,37.01,45.65812494789848,B5_reserve_margin
2017-12-02,8,46.17,51.14450400213268,B5_reserve_margin
2017-12-02,9,46.1,53.70193516762485,B5_reserve_margin
2017-12-02,10,42.33,51.87186549943614,B5_reserve_margin
2017-12-02,11,44.02,48.17360131511775,B5_reserve_margin
2017-12-02,12,40.0,44.00173383436746,B5_reserve_margin
2017-12-02,13,37.28,42.06118200478127,B5_reserve_margin
2017-12-02,14,38.21,43.98029386889981,B5_reserve_margin
2017-12-02,15,46.13,47.22799554705098,B5_reserve_margin
2017-12-02,16,47.96,51.304235778310655,B5_reserve_margin
2017-12-02,17,47.95,61.55391924279334,B5_reserve_margin
2017-12-02,18,42.99,52.77086488557829,B5_reserve_margin
2017-12-02,19,39.37,47.181646192313984,B5_reserve_margin
2017-12-02,20,36.79,40.036485114208794,B5_reserve_margin
2017-12-02,21,38.52,35.26031041511966,B5_reserve_margin
2017-12-02,22,39.92,34.77827073853491,B5_reserve_margin
2017-12-02,23,35.68,30.26798743265547,B5_reserve_margin
2017-12-03,0,33.17,29.769180970514846,B5_reserve_margin
2017-12-03,1,31.93,27.82030974339147,B5_reserve_margin
2017-12-03,2,30.43,27.4710262623919,B5_reserve_margin
2017-12-03,3,28.3,25.59659809979447,B5_reserve_margin
2017-12-03,4,30.44,25.463229551749304,B5_reserve_margin
2017-12-03,5,29.87,26.411358265233016,B5_reserve_margin
2017-12-03,6,29.81,26.862159024473662,B5_reserve_margin
2017-12-03,7,27.72,25.47527882484008,B5_reserve_margin
2017-12-03,8,29.95,28.765832110577048,B5_reserve_margin
2017-12-03,9,33.08,29.852732563342474,B5_reserve_margin
2017-12-03,10,34.85,31.552288733734713,B5_reserve_margin
2017-12-03,11,36.91,32.458069270581966,B5_reserve_margin
2017-12-03,12,37.0,31.881276619693203,B5_reserve_margin
2017-12-03,13,32.92,30.345046546901592,B5_reserve_margin
2017-12-03,14,34.06,29.784393123169078,B5_reserve_margin
2017-12-03,15,34.29,30.25202336326532,B5_reserve_margin
2017-12-03,16,36.97,33.618296161440206,B5_reserve_margin
2017-12-03,17,39.36,38.35447069845686,B5_reserve_margin
2017-12-03,18,39.0,37.826804497573065,B5_reserve_margin
2017-12-03,19,37.06,36.915495959004645,B5_reserve_margin
2017-12-03,20,36.03,34.322070840819634,B5_reserve_margin
2017-12-03,21,33.95,30.78673808904413,B5_reserve_margin
2017-12-03,22,33.98,32.36201225549341,B5_reserve_margin
2017-12-03,23,28.25,26.889820096366304,B5_reserve_margin
2017-12-04,0,12.05,25.659601557736252,B5_reserve_margin
2017-12-04,1,17.69,24.108532065462754,B5_reserve_margin
2017-12-04,2,15.31,22.953089262792847,B5_reserve_margin
2017-12-04,3,12.75,21.76926829909231,B5_reserve_margin
2017-12-04,4,17.18,23.183334713960328,B5_reserve_margin
2017-12-04,5,25.05,27.727773043810302,B5_reserve_margin
2017-12-04,6,33.19,37.24985401461415,B5_reserve_margin
2017-12-04,7,38.56,44.79898806139262,B5_reserve_margin
2017-12-04,8,42.9,45.484222607962266,B5_reserve_margin
2017-12-04,9,38.29,44.99008203667955,B5_reserve_margin
2017-12-04,10,37.06,43.889313071453756,B5_reserve_margin
2017-12-04,11,38.94,44.532490774133,B5_reserve_margin
2017-12-04,12,36.36,45.29089429771339,B5_reserve_margin
2017-12-04,13,39.45,48.53355312976133,B5_reserve_margin
2017-12-04,14,43.97,53.94505997404438,B5_reserve_margin
2017-12-04,15,46.14,55.639060158403,B5_reserve_margin
2017-12-04,16,50.96,56.496513434562615,B5_reserve_margin
2017-12-04,17,51.04,57.743415524670105,B5_reserve_margin
2017-12-04,18,48.85,50.42769515061278,B5_reserve_margin
2017-12-04,19,45.6,47.19908107413298,B5_reserve_margin
2017-12-04,20,42.38,43.70863254121014,B5_reserve_margin
2017-12-04,21,39.83,37.61071764419418,B5_reserve_margin
2017-12-04,22,33.53,34.36067183182721,B5_reserve_margin
2017-12-04,23,30.03,29.73466976300718,B5_reserve_margin
2017-12-05,0,28.69,26.705563526826218,B5_reserve_margin
2017-12-05,1,28.01,24.560567603877313,B5_reserve_margin
2017-12-05,2,26.88,22.893110130966956,B5_reserve_margin
2017-12-05,3,27.93,22.40071666836982,B5_reserve_margin
2017-12-05,4,28.23,23.912968987131965,B5_reserve_margin
2017-12-05,5,30.73,25.01033442549753,B5_reserve_margin
2017-12-05,6,35.39,35.25088950557352,B5_reserve_margin
2017-12-05,7,39.69,44.150941493958214,B5_reserve_margin
2017-12-05,8,40.05,46.65879395294326,B5_reserve_margin
2017-12-05,9,40.36,44.57509324857461,B5_reserve_margin
2017-12-05,10,47.59,43.40741247620732,B5_reserve_margin
2017-12-05,11,46.78,42.70833813419293,B5_reserve_margin
2017-12-05,12,44.07,40.606223014038655,B5_reserve_margin
2017-12-05,13,42.45,40.179258879513995,B5_reserve_margin
2017-12-05,14,39.97,39.50303480333517,B5_reserve_margin
2017-12-05,15,39.05,39.37973508983151,B5_reserve_margin
2017-12-05,16,39.05,41.189296130041626,B5_reserve_margin
2017-12-05,17,43.96,44.29927865598896,B5_reserve_margin
2017-12-05,18,40.04,42.67355142622497,B5_reserve_margin
2017-12-05,19,46.04,41.58068897723493,B5_reserve_margin
2017-12-05,20,35.35,36.93722523505396,B5_reserve_margin
2017-12-05,21,30.03,32.60782491879574,B5_reserve_margin
2017-12-05,22,28.06,30.395051667765937,B5_reserve_margin
2017-12-05,23,13.45,26.31643920996974,B5_reserve_margin
2017-12-06,0,14.34,18.014579073635836,B5_reserve_margin
2017-12-06,1,12.34,15.988253816403368,B5_reserve_margin
2017-12-06,2,9.71,14.531136725387224,B5_reserve_margin
2017-12-06,3,12.7,15.183630082543456,B5_reserve_margin
2017-12-06,4,14.04,16.629541799829468,B5_reserve_margin
2017-12-06,5,13.27,20.36537413361074,B5_reserve_margin
2017-12-06,6,29.57,30.557221050021173,B5_reserve_margin
2017-12-06,7,38.24,41.26566751215232,B5_reserve_margin
2017-12-06,8,37.59,41.288182797815736,B5_reserve_margin
2017-12-06,9,39.13,38.49686431717371,B5_reserve_margin
2017-12-06,10,38.22,37.38742278383392,B5_reserve_margin
2017-12-06,11,34.6,36.3045390754305,B5_reserve_margin
2017-12-06,12,34.59,34.49672451475444,B5_reserve_margin
2017-12-06,13,36.48,33.01052131160172,B5_reserve_margin
2017-12-06,14,39.81,33.89362626637206,B5_reserve_margin
2017-12-06,15,39.0,35.823619377004206,B5_reserve_margin
2017-12-06,16,40.9,38.95887880856689,B5_reserve_margin
2017-12-06,17,45.69,45.83424437685406,B5_reserve_margin
2017-12-06,18,41.96,45.20893713523859,B5_reserve_margin
2017-12-06,19,39.95,43.76135212161577,B5_reserve_margin
2017-12-06,20,39.01,38.52627909077779,B5_reserve_margin
2017-12-06,21,38.98,34.390916996802964,B5_reserve_margin
2017-12-06,22,31.97,30.937334212793928,B5_reserve_margin
2017-12-06,23,27.95,24.861792180585134,B5_reserve_margin
2017-12-07,0,30.47,25.429762632727996,B5_reserve_margin
2017-12-07,1,29.43,22.786963045211692,B5_reserve_margin
2017-12-07,2,26.57,19.995198372610183,B5_reserve_margin
2017-12-07,3,27.36,20.141112495502384,B5_reserve_margin
2017-12-07,4,30.01,20.946832357812458,B5_reserve_margin
2017-12-07,5,32.07,24.159299846148894,B5_reserve_margin
2017-12-07,6,44.72,33.65104384710321,B5_reserve_margin
2017-12-07,7,51.98,40.48289187546633,B5_reserve_margin
2017-12-07,8,48.53,41.85511245227585,B5_reserve_margin
2017-12-07,9,43.85,38.759001587511754,B5_reserve_margin
2017-12-07,10,38.55,36.09973074259158,B5_reserve_margin
2017-12-07,11,33.1,33.314041300604046,B5_reserve_margin
2017-12-07,12,30.04,29.82639119010222,B5_reserve_margin
2017-12-07,13,31.06,29.542350891366056,B5_reserve_margin
2017-12-07,14,32.06,29.175219059290864,B5_reserve_margin
2017-12-07,15,37.23,31.278301409608876,B5_reserve_margin
2017-12-07,16,38.53,33.29229955169128,B5_reserve_margin
2017-12-07,17,39.73,38.25579304260151,B5_reserve_margin
2017-12-07,18,37.49,39.06452713227276,B5_reserve_margin
2017-12-07,19,32.07,38.86716277065667,B5_reserve_margin
2017-12-07,20,28.06,35.33340772006203,B5_reserve_margin
2017-12-07,21,27.5,31.4476496140187,B5_reserve_margin
2017-12-07,22,26.42,28.235359237720107,B5_reserve_margin
2017-12-07,23,22.61,21.543997043631816,B5_reserve_margin
2017-12-08,0,13.45,21.8947066805518,B5_reserve_margin
2017-12-08,1,12.2,21.20960947124436,B5_reserve_margin
2017-12-08,2,10.5,20.39770610925258,B5_reserve_margin
2017-12-08,3,18.93,20.46472494257904,B5_reserve_margin
2017-12-08,4,24.56,22.608007386028245,B5_reserve_margin
2017-12-08,5,23.05,25.655473839500296,B5_reserve_margin
2017-12-08,6,35.88,34.24668681340684,B5_reserve_margin
2017-12-08,7,37.7,41.83386143437234,B5_reserve_margin
2017-12-08,8,46.04,43.27162882455375,B5_reserve_margin
2017-12-08,9,43.93,40.54730980195021,B5_reserve_margin
2017-12-08,10,37.99,37.5635457396171,B5_reserve_margin
2017-12-08,11,41.51,35.52860575215452,B5_reserve_margin
2017-12-08,12,34.21,31.754004023642235,B5_reserve_margin
2017-12-08,13,32.1,32.10450630199183,B5_reserve_margin
2017-12-08,14,32.17,30.892611805422835,B5_reserve_margin
2017-12-08,15,37.98,33.54738856591755,B5_reserve_margin
2017-12-08,16,41.57,35.32592707351347,B5_reserve_margin
2017-12-08,17,40.73,40.036089400398616,B5_reserve_margin
2017-12-08,18,39.96,38.84903256311023,B5_reserve_margin
2017-12-08,19,38.57,36.46599028053959,B5_reserve_margin
2017-12-08,20,32.32,34.68612857671242,B5_reserve_margin
2017-12-08,21,28.0,32.575174929712176,B5_reserve_margin
2017-12-08,22,23.1,30.309066809782948,B5_reserve_margin
2017-12-08,23,9.29,25.287940922878498,B5_reserve_margin
2017-12-09,0,15.03,14.640102382513934,B5_reserve_margin
2017-12-09,1,12.51,12.517549649564344,B5_reserve_margin
2017-12-09,2,10.31,9.48707993486588,B5_reserve_margin
2017-12-09,3,9.26,11.413200921518431,B5_reserve_margin
2017-12-09,4,9.12,12.794371817926312,B5_reserve_margin
2017-12-09,5,8.92,16.943719209660205,B5_reserve_margin
2017-12-09,6,10.06,16.75299048048822,B5_reserve_margin
2017-12-09,7,12.15,24.29082538812311,B5_reserve_margin
2017-12-09,8,12.41,31.03093974052142,B5_reserve_margin
2017-12-09,9,18.07,30.335871565130525,B5_reserve_margin
2017-12-09,10,18.96,28.770497827856325,B5_reserve_margin
2017-12-09,11,16.25,25.132525102720926,B5_reserve_margin
2017-12-09,12,15.03,25.29088185572231,B5_reserve_margin
2017-12-09,13,12.39,25.259511838419133,B5_reserve_margin
2017-12-09,14,12.53,27.169066986543065,B5_reserve_margin
2017-12-09,15,19.41,25.16193815238482,B5_reserve_margin
2017-12-09,16,26.51,30.601408776998074,B5_reserve_margin
2017-12-09,17,31.67,36.826098096197704,B5_reserve_margin
2017-12-09,18,28.45,33.996562847125205,B5_reserve_margin
2017-12-09,19,24.56,30.673702539833755,B5_reserve_margin
2017-12-09,20,15.8,26.190930482443573,B5_reserve_margin
2017-12-09,21,13.01,23.35103823882023,B5_reserve_margin
2017-12-09,22,15.04,22.307056231542017,B5_reserve_margin
2017-12-09,23,10.16,17.072871451531125,B5_reserve_margin
2017-12-10,0,14.31,10.19094789117841,B5_reserve_margin
2017-12-10,1,10.92,9.35506720251716,B5_reserve_margin
2017-12-10,2,10.17,7.747303148391573,B5_reserve_margin
2017-12-10,3,12.09,7.3027117923376945,B5_reserve_margin
2017-12-10,4,15.06,8.59344414469146,B5_reserve_margin
2017-12-10,5,12.23,5.787222730547089,B5_reserve_margin
2017-12-10,6,12.28,7.350257491111787,B5_reserve_margin
2017-12-10,7,20.68,2.902287059919537,B5_reserve_margin
2017-12-10,8,27.85,7.449543591646545,B5_reserve_margin
2017-12-10,9,28.56,16.758980421712618,B5_reserve_margin
2017-12-10,10,29.15,21.35067304646826,B5_reserve_margin
2017-12-10,11,29.57,25.922643076791513,B5_reserve_margin
2017-12-10,12,29.26,26.013965829410846,B5_reserve_margin
2017-12-10,13,28.24,22.741837371387305,B5_reserve_margin
2017-12-10,14,25.07,19.825178811543225,B5_reserve_margin
2017-12-10,15,9.12,17.356112320442424,B5_reserve_margin
2017-12-10,16,9.19,21.690949997444378,B5_reserve_margin
2017-12-10,17,17.42,26.088860235500412,B5_reserve_margin
2017-12-10,18,15.02,23.056496852260057,B5_reserve_margin
2017-12-10,19,12.05,21.75576331855073,B5_reserve_margin
2017-12-10,20,12.27,20.23074430040694,B5_reserve_margin
2017-12-10,21,12.16,23.26679625083077,B5_reserve_margin
2017-12-10,22,14.81,20.762378054621053,B5_reserve_margin
2017-12-10,23,12.13,14.847555751336708,B5_reserve_margin
2017-12-11,0,15.03,11.659133882584316,B5_reserve_margin
2017-12-11,1,10.87,14.314435130573175,B5_reserve_margin
2017-12-11,2,12.59,13.848058539024295,B5_reserve_margin
2017-12-11,3,11.75,15.557661911380103,B5_reserve_margin
2017-12-11,4,12.78,18.437011949020324,B5_reserve_margin
2017-12-11,5,23.22,26.63604222395097,B5_reserve_margin
2017-12-11,6,47.95,39.10261642437045,B5_reserve_margin
2017-12-11,7,62.0,49.465295520424114,B5_reserve_margin
2017-12-11,8,63.01,55.766845184548785,B5_reserve_margin
2017-12-11,9,60.2,55.13484988776641,B5_reserve_margin
2017-12-11,10,62.93,57.89692948003744,B5_reserve_margin
2017-12-11,11,61.95,60.847496564675964,B5_reserve_margin
2017-12-11,12,64.98,55.82665052890336,B5_reserve_margin
2017-12-11,13,58.23,51.532878782257626,B5_reserve_margin
2017-12-11,14,53.84,49.41666452184954,B5_reserve_margin
2017-12-11,15,51.91,42.14632388534271,B5_reserve_margin
2017-12-11,16,53.38,41.70636947049911,B5_reserve_margin
2017-12-11,17,51.87,43.478483938028305,B5_reserve_margin
2017-12-11,18,47.4,39.79506845438459,B5_reserve_margin
2017-12-11,19,39.68,36.76760823000458,B5_reserve_margin
2017-12-11,20,40.7,35.14935923040998,B5_reserve_margin
2017-12-11,21,34.43,27.931961750583806,B5_reserve_margin
2017-12-11,22,31.95,24.92056634209179,B5_reserve_margin
2017-12-11,23,27.35,21.95919972203668,B5_reserve_margin
2017-12-12,0,24.52,23.490473850146536,B5_reserve_margin
2017-12-12,1,22.21,21.39933728377467,B5_reserve_margin
2017-12-12,2,14.58,19.29075391834829,B5_reserve_margin
2017-12-12,3,12.31,18.714191074022416,B5_reserve_margin
2017-12-12,4,14.2,21.642794709388088,B5_reserve_margin
2017-12-12,5,26.14,23.42673749302804,B5_reserve_margin
2017-12-12,6,30.89,27.486759569208342,B5_reserve_margin
2017-12-12,7,32.32,37.655392294600304,B5_reserve_margin
2017-12-12,8,35.19,41.17941901232575,B5_reserve_margin
2017-12-12,9,34.7,39.09394615054121,B5_reserve_margin
2017-12-12,10,34.75,36.92762552675107,B5_reserve_margin
2017-12-12,11,35.75,37.0492941180759,B5_reserve_margin
2017-12-12,12,36.92,36.04684241731391,B5_reserve_margin
2017-12-12,13,39.9,37.48043583440762,B5_reserve_margin
2017-12-12,14,43.16,37.691673887822574,B5_reserve_margin
2017-12-12,15,45.0,41.24438417794362,B5_reserve_margin
2017-12-12,16,46.09,47.25774088898251,B5_reserve_margin
2017-12-12,17,50.95,49.491019836054654,B5_reserve_margin
2017-12-12,18,46.95,47.55114980624629,B5_reserve_margin
2017-12-12,19,46.08,45.512838431649634,B5_reserve_margin
2017-12-12,20,46.1,39.29764218361147,B5_reserve_margin
2017-12-12,21,40.95,34.394371117115575,B5_reserve_margin
2017-12-12,22,36.74,32.080621785433976,B5_reserve_margin
2017-12-12,23,27.96,26.720494129091975,B5_reserve_margin
2017-12-13,0,22.55,24.0335210363146,B5_reserve_margin
2017-12-13,1,20.0,21.85833453010557,B5_reserve_margin
2017-12-13,2,15.96,19.99561326904857,B5_reserve_margin
2017-12-13,3,12.74,18.653417327265224,B5_reserve_margin
2017-12-13,4,14.2,19.651744868562705,B5_reserve_margin
2017-12-13,5,18.02,19.99348644732204,B5_reserve_margin
2017-12-13,6,32.93,29.42700121992371,B5_reserve_margin
2017-12-13,7,34.19,38.481758121541496,B5_reserve_margin
2017-12-13,8,38.27,38.28062271781807,B5_reserve_margin
2017-12-13,9,34.45,36.00513313894652,B5_reserve_margin
2017-12-13,10,30.97,34.01472731675459,B5_reserve_margin
2017-12-13,11,29.83,33.0698112985735,B5_reserve_margin
2017-12-13,12,29.7,28.764945137687327,B5_reserve_margin
2017-12-13,13,29.98,28.77463367087668,B5_reserve_margin
2017-12-13,14,32.44,29.48063826794341,B5_reserve_margin
2017-12-13,15,32.91,31.2363920459622,B5_reserve_margin
2017-12-13,16,34.49,33.20650268118956,B5_reserve_margin
2017-12-13,17,34.46,35.978454090838504,B5_reserve_margin
2017-12-13,18,33.94,34.57031610032064,B5_reserve_margin
2017-12-13,19,32.75,33.9128944687468,B5_reserve_margin
2017-12-13,20,29.1,33.819788954195566,B5_reserve_margin
2017-12-13,21,22.62,30.294304743924663,B5_reserve_margin
2017-12-13,22,20.05,24.460207584856914,B5_reserve_margin
2017-12-13,23,8.45,19.479338133673444,B5_reserve_margin
2017-12-14,0,8.84,12.513255176946501,B5_reserve_margin
2017-12-14,1,8.8,11.773610319463781,B5_reserve_margin
2017-12-14,2,8.84,10.550795906799934,B5_reserve_margin
2017-12-14,3,9.01,11.159817256736682,B5_reserve_margin
2017-12-14,4,10.79,13.882270870337292,B5_reserve_margin
2017-12-14,5,14.44,20.253412934843766,B5_reserve_margin
2017-12-14,6,32.63,27.89317339412758,B5_reserve_margin
2017-12-14,7,45.94,36.36472170094614,B5_reserve_margin
2017-12-14,8,42.14,36.620718374011204,B5_reserve_margin
2017-12-14,9,33.84,34.95372995862002,B5_reserve_margin
2017-12-14,10,32.06,31.167979069445998,B5_reserve_margin
2017-12-14,11,31.82,29.36972231662366,B5_reserve_margin
2017-12-14,12,31.54,27.241206350559676,B5_reserve_margin
2017-12-14,13,31.46,27.626420367360158,B5_reserve_margin
2017-12-14,14,32.53,28.673237565233563,B5_reserve_margin
2017-12-14,15,36.43,30.908561675696983,B5_reserve_margin
2017-12-14,16,38.43,34.41640470907726,B5_reserve_margin
2017-12-14,17,49.94,39.78195825152282,B5_reserve_margin
2017-12-14,18,51.55,40.507281494512924,B5_reserve_margin
2017-12-14,19,48.06,40.905599170538856,B5_reserve_margin
2017-12-14,20,41.9,37.85824699529781,B5_reserve_margin
2017-12-14,21,39.31,34.16932860640459,B5_reserve_margin
2017-12-14,22,34.94,33.15340639230123,B5_reserve_margin
2017-12-14,23,28.96,27.62441940193818,B5_reserve_margin
2017-12-15,0,32.01,28.012024176743253,B5_reserve_margin
2017-12-15,1,30.93,25.982553147287096,B5_reserve_margin
2017-12-15,2,29.0,25.054440250601072,B5_reserve_margin
2017-12-15,3,28.97,25.020377329490724,B5_reserve_margin
2017-12-15,4,29.57,26.472567809568723,B5_reserve_margin
2017-12-15,5,33.17,28.707131504908887,B5_reserve_margin
2017-12-15,6,46.95,37.39067719490385,B5_reserve_margin
2017-12-15,7,57.17,49.93926129779303,B5_reserve_margin
2017-12-15,8,54.31,52.058866235134396,B5_reserve_margin
2017-12-15,9,53.93,52.169018636830366,B5_reserve_margin
2017-12-15,10,52.09,51.825654299092236,B5_reserve_margin
2017-12-15,11,52.51,53.42483308574615,B5_reserve_margin
2017-12-15,12,48.49,47.76593861698737,B5_reserve_margin
2017-12-15,13,47.92,48.61017696575463,B5_reserve_margin
2017-12-15,14,48.93,48.56938448698485,B5_reserve_margin
2017-12-15,15,52.94,56.500463491440115,B5_reserve_margin
2017-12-15,16,60.92,57.504708011492404,B5_reserve_margin
2017-12-15,17,74.54,63.557710289676,B5_reserve_margin
2017-12-15,18,59.32,56.983618162789305,B5_reserve_margin
2017-12-15,19,53.91,50.54011182486603,B5_reserve_margin
2017-12-15,20,50.13,43.54375619202259,B5_reserve_margin
2017-12-15,21,42.23,38.68436570100036,B5_reserve_margin
2017-12-15,22,37.04,37.57731513625657,B5_reserve_margin
2017-12-15,23,33.23,31.473848422728715,B5_reserve_margin
2017-12-16,0,35.07,36.06702762327389,B5_reserve_margin
2017-12-16,1,33.08,33.83540466699732,B5_reserve_margin
2017-12-16,2,32.96,32.36947097070879,B5_reserve_margin
2017-12-16,3,31.96,29.99569954863351,B5_reserve_margin
2017-12-16,4,32.0,28.916768451665085,B5_reserve_margin
2017-12-16,5,31.76,29.89424682220547,B5_reserve_margin
2017-12-16,6,31.58,28.869797897123963,B5_reserve_margin
2017-12-16,7,31.39,31.948501150958492,B5_reserve_margin
2017-12-16,8,34.01,35.44881185137792,B5_reserve_margin
2017-12-16,9,41.56,37.74540473377626,B5_reserve_margin
2017-12-16,10,44.34,38.084890234076695,B5_reserve_margin
2017-12-16,11,44.03,37.7756945717907,B5_reserve_margin
2017-12-16,12,41.69,36.57468507636946,B5_reserve_margin
2017-12-16,13,38.1,34.049030127401686,B5_reserve_margin
2017-12-16,14,36.48,33.24577056130668,B5_reserve_margin
2017-12-16,15,40.0,33.16037258969756,B5_reserve_margin
2017-12-16,16,46.17,36.58848592172266,B5_reserve_margin
2017-12-16,17,48.93,42.210966139239176,B5_reserve_margin
2017-12-16,18,46.9,38.66135140917571,B5_reserve_margin
2017-12-16,19,42.0,36.20389743867624,B5_reserve_margin
2017-12-16,20,39.0,31.61733255072152,B5_reserve_margin
2017-12-16,21,33.62,29.077651083339624,B5_reserve_margin
2017-12-16,22,33.01,29.162193002194115,B5_reserve_margin
2017-12-16,23,29.02,26.033688958189835,B5_reserve_margin
2017-12-17,0,28.9,26.005352416986156,B5_reserve_margin
2017-12-17,1,28.2,24.407589887763184,B5_reserve_margin
2017-12-17,2,28.2,23.812233155355965,B5_reserve_margin
2017-12-17,3,27.94,23.548988102195793,B5_reserve_margin
2017-12-17,4,28.21,24.393818005507768,B5_reserve_margin
2017-12-17,5,28.38,24.859081910516736,B5_reserve_margin
2017-12-17,6,28.58,24.33284722505249,B5_reserve_margin
2017-12-17,7,29.4,26.854149273904625,B5_reserve_margin
2017-12-17,8,31.38,30.93969978899531,B5_reserve_margin
2017-12-17,9,34.78,35.66622144878436,B5_reserve_margin
2017-12-17,10,38.12,36.35095226655262,B5_reserve_margin
2017-12-17,11,43.64,40.013567137142545,B5_reserve_margin
2017-12-17,12,41.57,36.35691867203721,B5_reserve_margin
2017-12-17,13,40.02,34.55564257565231,B5_reserve_margin
2017-12-17,14,39.08,34.268456632567435,B5_reserve_margin
2017-12-17,15,41.5,33.109059387187095,B5_reserve_margin
2017-12-17,16,45.74,36.237306020722606,B5_reserve_margin
2017-12-17,17,46.96,40.46745273210629,B5_reserve_margin
2017-12-17,18,45.91,38.63177251816677,B5_reserve_margin
2017-12-17,19,42.91,34.169836436956565,B5_reserve_margin
2017-12-17,20,36.42,31.259778414596,B5_reserve_margin
2017-12-17,21,32.92,28.999525753124082,B5_reserve_margin
2017-12-17,22,30.66,30.162877857073862,B5_reserve_margin
2017-12-17,23,28.59,26.583850155945438,B5_reserve_margin
2017-12-18,0,30.43,28.045683691262532,B5_reserve_margin
2017-12-18,1,29.9,27.28164545504989,B5_reserve_margin
2017-12-18,2,28.15,26.298155610511543,B5_reserve_margin
2017-12-18,3,27.39,27.116595470713925,B5_reserve_margin
2017-12-18,4,28.71,27.600517064750978,B5_reserve_margin
2017-12-18,5,33.73,34.76136252053948,B5_reserve_margin
2017-12-18,6,46.2,47.51939894870402,B5_reserve_margin
2017-12-18,7,63.95,62.380271116826925,B5_reserve_margin
2017-12-18,8,64.42,66.92225793352151,B5_reserve_margin
2017-12-18,9,64.08,69.401575570024,B5_reserve_margin
2017-12-18,10,64.28,73.4943632720717,B5_reserve_margin
2017-12-18,11,69.65,73.14822588129722,B5_reserve_margin
2017-12-18,12,68.23,75.67765291130787,B5_reserve_margin
2017-12-18,13,69.97,71.28505917518063,B5_reserve_margin
2017-12-18,14,69.49,74.71053240789244,B5_reserve_margin
2017-12-18,15,71.32,74.57086913703685,B5_reserve_margin
2017-12-18,16,73.5,83.1212439778596,B5_reserve_margin
2017-12-18,17,79.72,91.3283198733555,B5_reserve_margin
2017-12-18,18,75.84,78.04294306852806,B5_reserve_margin
2017-12-18,19,68.87,65.00155730297702,B5_reserve_margin
2017-12-18,20,63.31,55.52008624540446,B5_reserve_margin
2017-12-18,21,56.58,46.485648087816145,B5_reserve_margin
2017-12-18,22,45.03,42.075741750958244,B5_reserve_margin
2017-12-18,23,37.29,36.766737570557,B5_reserve_margin
2017-12-19,0,44.34,41.72565111384755,B5_reserve_margin
2017-12-19,1,38.07,42.98989178630276,B5_reserve_margin
2017-12-19,2,37.59,40.03197250721817,B5_reserve_margin
2017-12-19,3,36.5,41.043072557884265,B5_reserve_margin
2017-12-19,4,38.89,41.024748204314776,B5_reserve_margin
2017-12-19,5,41.01,45.28183888108781,B5_reserve_margin
2017-12-19,6,53.67,51.38739234309966,B5_reserve_margin
2017-12-19,7,68.17,69.93316653886859,B5_reserve_margin
2017-12-19,8,76.91,74.12873230803885,B5_reserve_margin
2017-12-19,9,77.06,80.52601659008033,B5_reserve_margin
2017-12-19,10,75.3,90.70205592429812,B5_reserve_margin
2017-12-19,11,74.0,89.18033097479798,B5_reserve_margin
2017-12-19,12,70.85,80.82670537215836,B5_reserve_margin
2017-12-19,13,70.57,79.73055359517288,B5_reserve_margin
2017-12-19,14,70.2,78.75939262351403,B5_reserve_margin
2017-12-19,15,70.32,77.8623647246468,B5_reserve_margin
2017-12-19,16,75.82,82.98715665000998,B5_reserve_margin
2017-12-19,17,78.28,89.58639766750215,B5_reserve_margin
2017-12-19,18,75.16,79.94593920277637,B5_reserve_margin
2017-12-19,19,75.06,73.73963539429641,B5_reserve_margin
2017-12-19,20,66.29,58.01753065181323,B5_reserve_margin
2017-12-19,21,52.01,51.29663442002534,B5_reserve_margin
2017-12-19,22,48.86,46.61560880915746,B5_reserve_margin
2017-12-19,23,41.18,41.97812228828406,B5_reserve_margin
2017-12-20,0,44.47,42.581219467542034,B5_reserve_margin
2017-12-20,1,40.1,42.62988861185005,B5_reserve_margin
2017-12-20,2,37.83,43.24464612745164,B5_reserve_margin
2017-12-20,3,37.27,41.66924634732493,B5_reserve_margin
2017-12-20,4,40.85,42.02783832555065,B5_reserve_margin
2017-12-20,5,45.79,45.658139039248375,B5_reserve_margin
2017-12-20,6,57.35,53.24729379564437,B5_reserve_margin
2017-12-20,7,75.98,67.80145750318985,B5_reserve_margin
2017-12-20,8,76.7,72.6308222571889,B5_reserve_margin
2017-12-20,9,76.69,78.08505780804126,B5_reserve_margin
2017-12-20,10,76.61,79.82058075672978,B5_reserve_margin
2017-12-20,11,76.56,78.15506798679259,B5_reserve_margin
2017-12-20,12,76.35,75.85049268789182,B5_reserve_margin
2017-12-20,13,76.03,72.47968077498014,B5_reserve_margin
2017-12-20,14,74.89,70.36493873504139,B5_reserve_margin
2017-12-20,15,72.05,67.3852615299114,B5_reserve_margin
2017-12-20,16,76.06,71.99937278506322,B5_reserve_margin
2017-12-20,17,79.3,75.08717619648235,B5_reserve_margin
2017-12-20,18,77.26,63.571493602011316,B5_reserve_margin
2017-12-20,19,75.96,57.97763813281155,B5_reserve_margin
2017-12-20,20,64.16,48.28812854221512,B5_reserve_margin
2017-12-20,21,46.03,42.09883200287835,B5_reserve_margin
2017-12-20,22,42.01,39.15650238129196,B5_reserve_margin
2017-12-20,23,37.63,33.1030879093912,B5_reserve_margin
2017-12-21,0,33.09,33.69098622747017,B5_reserve_margin
2017-12-21,1,35.26,32.37374320708438,B5_reserve_margin
2017-12-21,2,31.88,30.39208876344138,B5_reserve_margin
2017-12-21,3,33.04,29.494116844821253,B5_reserve_margin
2017-12-21,4,33.6,29.97362992693503,B5_reserve_margin
2017-12-21,5,35.05,32.260571960773575,B5_reserve_margin
2017-12-21,6,35.19,41.408845641855564,B5_reserve_margin
2017-12-21,7,45.94,55.121176126414625,B5_reserve_margin
2017-12-21,8,49.9,56.05782104833375,B5_reserve_margin
2017-12-21,9,50.0,55.77775887955421,B5_reserve_margin
2017-12-21,10,51.03,57.108863068825535,B5_reserve_margin
2017-12-21,11,54.48,57.43901457469566,B5_reserve_margin
2017-12-21,12,55.96,53.33628396162223,B5_reserve_margin
2017-12-21,13,49.99,52.546202455099184,B5_reserve_margin
2017-12-21,14,46.15,53.30379625814757,B5_reserve_margin
2017-12-21,15,46.86,56.60291005621308,B5_reserve_margin
2017-12-21,16,51.93,57.32175542447703,B5_reserve_margin
2017-12-21,17,50.95,62.926503076635655,B5_reserve_margin
2017-12-21,18,51.03,57.95189498774464,B5_reserve_margin
2017-12-21,19,46.02,53.733000929720596,B5_reserve_margin
2017-12-21,20,35.83,46.12887249759307,B5_reserve_margin
2017-12-21,21,36.26,40.37672107204135,B5_reserve_margin
2017-12-21,22,38.72,37.19190361300262,B5_reserve_margin
2017-12-21,23,34.84,31.602988646514195,B5_reserve_margin
2017-12-22,0,27.76,32.0694163228349,B5_reserve_margin
2017-12-22,1,26.45,30.948973398758437,B5_reserve_margin
2017-12-22,2,26.2,31.073686613046423,B5_reserve_margin
2017-12-22,3,26.36,29.625232931086813,B5_reserve_margin
2017-12-22,4,27.59,31.072909726740356,B5_reserve_margin
2017-12-22,5,31.93,33.843257952856064,B5_reserve_margin
2017-12-22,6,38.61,41.022564493703186,B5_reserve_margin
2017-12-22,7,47.52,52.667231570511284,B5_reserve_margin
2017-12-22,8,48.0,58.38632476102668,B5_reserve_margin
2017-12-22,9,50.0,60.59688967324946,B5_reserve_margin
2017-12-22,10,48.99,64.02771547806616,B5_reserve_margin
2017-12-22,11,46.55,63.98261505654352,B5_reserve_margin
2017-12-22,12,47.86,56.64292219135598,B5_reserve_margin
2017-12-22,13,46.96,49.689088506584824,B5_reserve_margin
2017-12-22,14,39.0,47.44828702356699,B5_reserve_margin
2017-12-22,15,39.37,47.461697434193255,B5_reserve_margin
2017-12-22,16,46.06,52.34667223277627,B5_reserve_margin
2017-12-22,17,47.34,58.785761742128734,B5_reserve_margin
2017-12-22,18,41.5,51.487471062570464,B5_reserve_margin
2017-12-22,19,40.66,47.37753132368287,B5_reserve_margin
2017-12-22,20,42.91,41.61565867287104,B5_reserve_margin
2017-12-22,21,42.06,36.44047352816664,B5_reserve_margin
2017-12-22,22,37.4,36.90459387324757,B5_reserve_margin
2017-12-22,23,30.62,32.49314155707653,B5_reserve_margin
2017-12-23,0,26.33,27.231441345174986,B5_reserve_margin
2017-12-23,1,17.72,22.963934120242357,B5_reserve_margin
2017-12-23,2,11.8,20.834563022023143,B5_reserve_margin
2017-12-23,3,11.3,19.71707207272298,B5_reserve_margin
2017-12-23,4,12.4,19.96056793228823,B5_reserve_margin
2017-12-23,5,8.4,19.762763503072847,B5_reserve_margin
2017-12-23,6,9.71,19.37804989218442,B5_reserve_margin
2017-12-23,7,10.71,19.695846813251936,B5_reserve_margin
2017-12-23,8,14.78,23.36528161122171,B5_reserve_margin
2017-12-23,9,18.79,26.905602202590458,B5_reserve_margin
2017-12-23,10,20.08,27.530339792956074,B5_reserve_margin
2017-12-23,11,14.74,24.077447825707615,B5_reserve_margin
2017-12-23,12,14.77,23.47978956309905,B5_reserve_margin
2017-12-23,13,10.87,20.425700605757765,B5_reserve_margin
2017-12-23,14,5.65,20.368361733076153,B5_reserve_margin
2017-12-23,15,10.04,22.278464670837668,B5_reserve_margin
2017-12-23,16,12.91,25.82225615192313,B5_reserve_margin
2017-12-23,17,22.01,28.885333965942923,B5_reserve_margin
2017-12-23,18,18.08,30.912965341718312,B5_reserve_margin
2017-12-23,19,10.84,30.451147309606867,B5_reserve_margin
2017-12-23,20,0.4,26.29149758149608,B5_reserve_margin
2017-12-23,21,-0.03,27.151067541580158,B5_reserve_margin
2017-12-23,22,-0.09,26.174826127602635,B5_reserve_margin
2017-12-23,23,-12.12,19.992949126750105,B5_reserve_margin
2017-12-24,0,-40.84,-10.44892632421898,B5_reserve_margin
2017-12-24,1,-43.18,-17.068084233096176,B5_reserve_margin
2017-12-24,2,-55.99,-22.182770680285948,B5_reserve_margin
2017-12-24,3,-49.99,-22.316573635138546,B5_reserve_margin
2017-12-24,4,-40.14,-20.16055052840277,B5_reserve_margin
2017-12-24,5,-36.05,-12.686145366352669,B5_reserve_margin
2017-12-24,6,-42.93,-15.58406961823637,B5_reserve_margin
2017-12-24,7,-9.94,-15.108216555274744,B5_reserve_margin
2017-12-24,8,2.13,-8.780697693115421,B5_reserve_margin
2017-12-24,9,5.07,4.42744529789384,B5_reserve_margin
2017-12-24,10,5.03,6.900185595485304,B5_reserve_margin
2017-12-24,11,6.82,10.726000309906862,B5_reserve_margin
2017-12-24,12,2.17,9.928284826795274,B5_reserve_margin
2017-12-24,13,2.93,3.8918215665270424,B5_reserve_margin
2017-12-24,14,0.1,-0.2039686769456992,B5_reserve_margin
2017-12-24,15,1.09,2.4754485078411435,B5_reserve_margin
2017-12-24,16,6.75,6.826345937511071,B5_reserve_margin
2017-12-24,17,11.08,17.080488513728106,B5_reserve_margin
2017-12-24,18,2.85,19.95908034365858,B5_reserve_margin
2017-12-24,19,1.8,17.169853291661404,B5_reserve_margin
2017-12-24,20,-4.94,16.37286640128435,B5_reserve_margin
2017-12-24,21,-6.74,21.623708736434942,B5_reserve_margin
2017-12-24,22,0.08,21.062822849479392,B5_reserve_margin
2017-12-24,23,0.06,13.471540289492623,B5_reserve_margin
2017-12-25,0,-4.98,-2.420037271013669,B5_reserve_margin
2017-12-25,1,-32.58,-5.03240043652815,B5_reserve_margin
2017-12-25,2,-19.79,-8.316741996687732,B5_reserve_margin
2017-12-25,3,-11.9,-9.67187159926231,B5_reserve_margin
2017-12-25,4,-4.96,-7.258132764992904,B5_reserve_margin
2017-12-25,5,-4.83,5.7256676461101925,B5_reserve_margin
2017-12-25,6,-61.41,9.30740145630497,B5_reserve_margin
2017-12-25,7,-4.97,7.546517576935159,B5_reserve_margin
2017-12-25,8,0.07,8.870232380838782,B5_reserve_margin
2017-12-25,9,9.94,15.60503395053696,B5_reserve_margin
2017-12-25,10,19.9,19.1548287263719,B5_reserve_margin
2017-12-25,11,22.01,20.729465138612117,B5_reserve_margin
2017-12-25,12,18.35,19.701226916795466,B5_reserve_margin
2017-12-25,13,15.99,18.20584389207582,B5_reserve_margin
2017-12-25,14,12.97,19.10329086134405,B5_reserve_margin
2017-12-25,15,17.97,21.240279401440915,B5_reserve_margin
2017-12-25,16,17.99,24.35169068051841,B5_reserve_margin
2017-12-25,17,26.45,30.61035439697217,B5_reserve_margin
2017-12-25,18,27.41,31.537563885386277,B5_reserve_margin
2017-12-25,19,27.59,27.67357311937225,B5_reserve_margin
2017-12-25,20,25.64,25.806403294041218,B5_reserve_margin
2017-12-25,21,22.09,26.8934480789287,B5_reserve_margin
2017-12-25,22,22.17,24.667419972708366,B5_reserve_margin
2017-12-25,23,22.0,17.290442468603672,B5_reserve_margin
2017-12-26,0,5.06,16.59031973234546,B5_reserve_margin
2017-12-26,1,5.06,11.373561714917479,B5_reserve_margin
2017-12-26,2,-1.44,7.105495596762836,B5_reserve_margin
2017-12-26,3,-6.94,5.183477229159774,B5_reserve_margin
2017-12-26,4,-9.65,4.638630974364368,B5_reserve_margin
2017-12-26,5,-9.89,5.327385483400931,B5_reserve_margin
2017-12-26,6,-11.88,4.874968321890329,B5_reserve_margin
2017-12-26,7,-3.24,10.115826267729567,B5_reserve_margin
2017-12-26,8,-9.78,12.164684228974945,B5_reserve_margin
2017-12-26,9,0.0,9.507154277085586,B5_reserve_margin
2017-12-26,10,-24.33,6.568217446689999,B5_reserve_margin
2017-12-26,11,-31.69,9.066555877794752,B5_reserve_margin
2017-12-26,12,-52.82,7.645990401636176,B5_reserve_margin
2017-12-26,13,-53.42,2.0419954805923233,B5_reserve_margin
2017-12-26,14,-18.0,7.908931402074547,B5_reserve_margin
2017-12-26,15,-0.48,13.98538469751588,B5_reserve_margin
2017-12-26,16,5.49,20.05814113222886,B5_reserve_margin
2017-12-26,17,10.66,25.531523781830664,B5_reserve_margin
2017-12-26,18,13.35,30.431595156430646,B5_reserve_margin
2017-12-26,19,11.19,30.024198971326136,B5_reserve_margin
2017-12-26,20,19.0,29.00427897430995,B5_reserve_margin
2017-12-26,21,18.06,26.446690460843442,B5_reserve_margin
2017-12-26,22,22.02,24.51250986747801,B5_reserve_margin
2017-12-26,23,13.46,19.020368023924576,B5_reserve_margin
2017-12-27,0,25.37,14.396784199457516,B5_reserve_margin
2017-12-27,1,15.09,13.15391735650125,B5_reserve_margin
2017-12-27,2,13.93,11.380248245738427,B5_reserve_margin
2017-12-27,3,13.48,8.052025944538286,B5_reserve_margin
2017-12-27,4,12.74,11.554546477426522,B5_reserve_margin
2017-12-27,5,13.29,16.78593444317758,B5_reserve_margin
2017-12-27,6,20.03,21.28120327003952,B5_reserve_margin
2017-12-27,7,28.62,24.915836623039752,B5_reserve_margin
2017-12-27,8,32.0,25.323455596919025,B5_reserve_margin
2017-12-27,9,34.91,26.274607673531808,B5_reserve_margin
2017-12-27,10,35.3,27.090019651805555,B5_reserve_margin
2017-12-27,11,42.46,30.52036301393603,B5_reserve_margin
2017-12-27,12,46.11,29.94525122013434,B5_reserve_margin
2017-12-27,13,46.01,31.851488944444288,B5_reserve_margin
2017-12-27,14,46.4,33.87305454258467,B5_reserve_margin
2017-12-27,15,46.48,34.50851136628282,B5_reserve_margin
2017-12-27,16,50.9,38.0363995185004,B5_reserve_margin
2017-12-27,17,56.09,40.622887731750325,B5_reserve_margin
2017-12-27,18,57.57,40.74444675023119,B5_reserve_margin
2017-12-27,19,51.33,39.09904802362119,B5_reserve_margin
2017-12-27,20,42.4,34.20805922035441,B5_reserve_margin
2017-12-27,21,40.0,30.809238314874015,B5_reserve_margin
2017-12-27,22,42.24,31.82653175844961,B5_reserve_margin
2017-12-27,23,31.27,27.611074468660245,B5_reserve_margin
2017-12-28,0,28.87,31.533270839718956,B5_reserve_margin
2017-12-28,1,28.12,29.250080890136672,B5_reserve_margin
2017-12-28,2,27.2,27.72142925387599,B5_reserve_margin
2017-12-28,3,26.0,25.083744347639588,B5_reserve_margin
2017-12-28,4,26.33,24.585216793313528,B5_reserve_margin
2017-12-28,5,28.89,28.06254853026127,B5_reserve_margin
2017-12-28,6,30.74,31.32685903862686,B5_reserve_margin
2017-12-28,7,35.98,34.96154788013575,B5_reserve_margin
2017-12-28,8,38.43,38.16954208788327,B5_reserve_margin
2017-12-28,9,39.93,38.18537428736565,B5_reserve_margin
2017-12-28,10,40.12,38.40193745957143,B5_reserve_margin
2017-12-28,11,39.97,38.21735579954106,B5_reserve_margin
2017-12-28,12,40.16,34.72110889806181,B5_reserve_margin
2017-12-28,13,39.24,31.63873915791607,B5_reserve_margin
2017-12-28,14,36.42,30.922374528529478,B5_reserve_margin
2017-12-28,15,40.03,31.422831811634865,B5_reserve_margin
2017-12-28,16,42.98,32.772890292818666,B5_reserve_margin
2017-12-28,17,43.01,38.27409323769984,B5_reserve_margin
2017-12-28,18,42.16,37.08144677458896,B5_reserve_margin
2017-12-28,19,34.93,32.47495293600306,B5_reserve_margin
2017-12-28,20,25.06,25.53089021366091,B5_reserve_margin
2017-12-28,21,19.99,23.72311078928557,B5_reserve_margin
2017-12-28,22,19.22,25.746116427866642,B5_reserve_margin
2017-12-28,23,5.86,22.987220745943763,B5_reserve_margin
2017-12-29,0,9.73,10.67088142684782,B5_reserve_margin
2017-12-29,1,0.72,8.714387865735098,B5_reserve_margin
2017-12-29,2,-0.93,7.736903523860676,B5_reserve_margin
2017-12-29,3,1.07,8.416374910366349,B5_reserve_margin
2017-12-29,4,1.0,10.56774403251605,B5_reserve_margin
2017-12-29,5,2.91,15.105367447619768,B5_reserve_margin
2017-12-29,6,3.6,17.25710001691954,B5_reserve_margin
2017-12-29,7,15.97,27.503621535725756,B5_reserve_margin
2017-12-29,8,29.69,30.369709770520473,B5_reserve_margin
2017-12-29,9,30.2,32.08619018431937,B5_reserve_margin
2017-12-29,10,29.83,31.24317151463321,B5_reserve_margin
2017-12-29,11,29.47,31.481456558210155,B5_reserve_margin
2017-12-29,12,29.2,27.720522713825144,B5_reserve_margin
2017-12-29,13,29.45,28.299884651824605,B5_reserve_margin
2017-12-29,14,30.02,30.724933652288804,B5_reserve_margin
2017-12-29,15,31.0,33.266958621664045,B5_reserve_margin
2017-12-29,16,32.98,35.350182970795885,B5_reserve_margin
2017-12-29,17,34.95,41.36987938391445,B5_reserve_margin
2017-12-29,18,32.79,40.11165460959771,B5_reserve_margin
2017-12-29,19,30.23,33.65125206374686,B5_reserve_margin
2017-12-29,20,28.49,28.273029701618164,B5_reserve_margin
2017-12-29,21,26.51,29.551205030335428,B5_reserve_margin
2017-12-29,22,26.9,29.72353978123091,B5_reserve_margin
2017-12-29,23,15.06,27.081407883746703,B5_reserve_margin
2017-12-30,0,16.4,15.979967575109587,B5_reserve_margin
2017-12-30,1,13.33,12.437205969259292,B5_reserve_margin
2017-12-30,2,13.25,8.048890538759068,B5_reserve_margin
2017-12-30,3,12.04,6.523713732206787,B5_reserve_margin
2017-12-30,4,11.45,7.133316483754044,B5_reserve_margin
2017-12-30,5,8.49,5.646571055999768,B5_reserve_margin
2017-12-30,6,9.83,-2.5238879416406057,B5_reserve_margin
2017-12-30,7,12.07,12.797494397940454,B5_reserve_margin
2017-12-30,8,13.41,21.261638365794468,B5_reserve_margin
2017-12-30,9,16.09,25.38428150193723,B5_reserve_margin
2017-12-30,10,18.8,26.97195400393836,B5_reserve_margin
2017-12-30,11,17.03,25.76104376806432,B5_reserve_margin
2017-12-30,12,17.67,23.51690595714908,B5_reserve_margin
2017-12-30,13,15.51,20.222187045531562,B5_reserve_margin
2017-12-30,14,17.61,17.512190801303657,B5_reserve_margin
2017-12-30,15,13.22,15.02022099173792,B5_reserve_margin
2017-12-30,16,14.02,18.44794694322794,B5_reserve_margin
2017-12-30,17,16.78,22.564021541696476,B5_reserve_margin
2017-12-30,18,16.01,20.339710285779894,B5_reserve_margin
2017-12-30,19,16.18,15.91680386229357,B5_reserve_margin
2017-12-30,20,11.13,12.893963940990123,B5_reserve_margin
2017-12-30,21,4.62,9.791318899130221,B5_reserve_margin
2017-12-30,22,4.71,15.690055216598651,B5_reserve_margin
2017-12-30,23,-0.27,10.3617024429916,B5_reserve_margin
2017-12-31,0,-2.04,-10.06887532560599,B5_reserve_margin
2017-12-31,1,-4.99,-14.799481888967541,B5_reserve_margin
2017-12-31,2,-0.59,-15.000019445811574,B5_reserve_margin
2017-12-31,3,-3.71,-14.269263522110549,B5_reserve_margin
2017-12-31,4,0.08,-12.8379305776145,B5_reserve_margin
2017-12-31,5,1.16,-8.366767258867696,B5_reserve_margin
2017-12-31,6,-0.86,-6.0616441346908125,B5_reserve_margin
2017-12-31,7,4.09,-9.156626217154646,B5_reserve_margin
2017-12-31,8,4.17,-6.543770769027738,B5_reserve_margin
2017-12-31,9,4.21,1.3678953325898178,B5_reserve_margin
2017-12-31,10,9.05,2.9823359015462465,B5_reserve_margin
2017-12-31,11,9.2,1.9926553382792314,B5_reserve_margin
2017-12-31,12,4.45,-2.2933676633516384,B5_reserve_margin
2017-12-31,13,2.04,-10.134265783455774,B5_reserve_margin
2017-12-31,14,0.06,-11.858903370809255,B5_reserve_margin
2017-12-31,15,0.36,-8.412723556481765,B5_reserve_margin
2017-12-31,16,1.46,-3.2036066165738646,B5_reserve_margin
2017-12-31,17,6.14,11.010841793104838,B5_reserve_margin
2017-12-31,18,9.96,16.788102009898047,B5_reserve_margin
2017-12-31,19,7.92,11.65637628572565,B5_reserve_margin
2017-12-31,20,4.06,11.328708358278877,B5_reserve_margin
2017-12-31,21,5.3,12.984018959303345,B5_reserve_margin
2017-12-31,22,1.86,13.236694415748222,B5_reserve_margin
2017-12-31,23,-0.92,7.991679310107056,B5_reserve_margin
