origin,hour,y_true,y_pred,model
2016-01-04,0,13.78,10.130514469151104,LightGBM
2016-01-04,1,12.77,9.155709746373219,LightGBM
2016-01-04,2,10.56,6.167427393012632,LightGBM
2016-01-04,3,3.87,4.51637800053096,LightGBM
2016-01-04,4,3.2,4.475489061623844,LightGBM
2016-01-04,5,8.67,6.4913623600828485,LightGBM
2016-01-04,6,18.01,13.52440331336423,LightGBM
2016-01-04,7,28.52,17.763331502892793,LightGBM
2016-01-04,8,34.74,22.71720837684422,LightGBM
2016-01-04,9,33.46,29.27092448289284,LightGBM
2016-01-04,10,33.24,29.603225246326843,LightGBM
2016-01-04,11,35.09,30.621255681139882,LightGBM
2016-01-04,12,35.0,34.8601238455973,LightGBM
2016-01-04,13,35.0,33.74772224612262,LightGBM
2016-01-04,14,34.94,34.809224430195265,LightGBM
2016-01-04,15,34.92,33.08126026947624,LightGBM
2016-01-04,16,38.0,34.621060180292666,LightGBM
2016-01-04,17,41.21,39.85363500902899,LightGBM
2016-01-04,18,42.95,39.53673830974753,LightGBM
2016-01-04,19,41.96,38.13985960810624,LightGBM
2016-01-04,20,34.94,32.47240640876316,LightGBM
2016-01-04,21,30.66,28.60582940738766,LightGBM
2016-01-04,22,30.0,27.754772704482896,LightGBM
2016-01-04,23,23.9,21.854658730327397,LightGBM
2016-01-05,0,25.03,21.420239171905823,LightGBM
2016-01-05,1,24.42,18.94556624845268,LightGBM
2016-01-05,2,22.34,18.582773596771275,LightGBM
2016-01-05,3,21.5,15.59668134654732,LightGBM
2016-01-05,4,20.0,16.03558116984678,LightGBM
2016-01-05,5,23.53,21.185224402231057,LightGBM
2016-01-05,6,28.96,27.98555841997187,LightGBM
2016-01-05,7,38.32,39.54595734133989,LightGBM
2016-01-05,8,41.45,39.13513049958986,LightGBM
2016-01-05,9,40.72,39.997987644563196,LightGBM
2016-01-05,10,40.66,39.927121327466836,LightGBM
2016-01-05,11,40.33,39.8118820046066,LightGBM
2016-01-05,12,38.25,40.92939297758963,LightGBM
2016-01-05,13,36.98,38.49467660186111,LightGBM
2016-01-05,14,34.91,37.94979948490755,LightGBM
2016-01-05,15,33.5,39.00321418487189,LightGBM
2016-01-05,16,35.1,40.618577631494574,LightGBM
2016-01-05,17,42.44,44.54432171747346,LightGBM
2016-01-05,18,42.94,43.6952434794424,LightGBM
2016-01-05,19,41.74,40.10551870391813,LightGBM
2016-01-05,20,36.47,35.07867550226298,LightGBM
2016-01-05,21,33.01,31.085161002658403,LightGBM
2016-01-05,22,31.75,28.913311181111446,LightGBM
2016-01-05,23,26.99,22.631493951455855,LightGBM
2016-01-06,0,26.62,24.78229207425716,LightGBM
2016-01-06,1,25.58,23.59386342241787,LightGBM
2016-01-06,2,24.59,22.333522869468105,LightGBM
2016-01-06,3,22.5,21.701823468157073,LightGBM
2016-01-06,4,23.16,21.808738332036874,LightGBM
2016-01-06,5,24.99,24.855830528313177,LightGBM
2016-01-06,6,26.62,31.075044080439714,LightGBM
2016-01-06,7,28.03,42.400649741788904,LightGBM
2016-01-06,8,29.34,43.49369167060754,LightGBM
2016-01-06,9,32.94,44.100242941966535,LightGBM
2016-01-06,10,37.71,44.708508758263754,LightGBM
2016-01-06,11,40.08,44.404821093859276,LightGBM
2016-01-06,12,40.73,44.14093248556457,LightGBM
2016-01-06,13,38.26,44.14441548371679,LightGBM
2016-01-06,14,35.44,43.743533535386476,LightGBM
2016-01-06,15,36.92,43.95418205495653,LightGBM
2016-01-06,16,41.28,45.54131767092397,LightGBM
2016-01-06,17,44.95,48.61088260438702,LightGBM
2016-01-06,18,46.9,51.50965326185368,LightGBM
2016-01-06,19,43.95,46.41965825681339,LightGBM
2016-01-06,20,39.94,38.481392797080666,LightGBM
2016-01-06,21,32.4,34.13247102272619,LightGBM
2016-01-06,22,33.51,32.50934518696597,LightGBM
2016-01-06,23,30.11,27.474881662579854,LightGBM
2016-01-07,0,26.41,26.48323334461573,LightGBM
2016-01-07,1,26.05,23.161981305273795,LightGBM
2016-01-07,2,24.93,21.415380698192973,LightGBM
2016-01-07,3,22.39,19.42795773584984,LightGBM
2016-01-07,4,22.32,21.072271700348477,LightGBM
2016-01-07,5,24.2,22.980060930739818,LightGBM
2016-01-07,6,31.0,27.054049433717363,LightGBM
2016-01-07,7,42.47,38.567884380744474,LightGBM
2016-01-07,8,42.97,41.076429535531055,LightGBM
2016-01-07,9,41.93,37.87381918235439,LightGBM
2016-01-07,10,41.62,34.18413074289291,LightGBM
2016-01-07,11,41.5,34.465441329222045,LightGBM
2016-01-07,12,40.66,30.082359100503766,LightGBM
2016-01-07,13,40.33,29.243899376427027,LightGBM
2016-01-07,14,36.51,30.148713453331187,LightGBM
2016-01-07,15,33.49,31.041820705739912,LightGBM
2016-01-07,16,34.19,30.89208483699522,LightGBM
2016-01-07,17,40.66,34.72392808140632,LightGBM
2016-01-07,18,40.8,33.9315186297848,LightGBM
2016-01-07,19,37.19,32.803220998377576,LightGBM
2016-01-07,20,31.94,29.97932337737216,LightGBM
2016-01-07,21,27.01,25.83618714157372,LightGBM
2016-01-07,22,27.52,23.617414792694362,LightGBM
2016-01-07,23,23.4,15.467059867806709,LightGBM
2016-01-08,0,12.12,14.685129765927059,LightGBM
2016-01-08,1,17.23,11.375014098873924,LightGBM
2016-01-08,2,13.9,10.807399464780643,LightGBM
2016-01-08,3,12.11,12.451205198707683,LightGBM
2016-01-08,4,12.99,11.01571407844275,LightGBM
2016-01-08,5,16.98,13.30912955215193,LightGBM
2016-01-08,6,22.02,21.744020984502555,LightGBM
2016-01-08,7,28.4,28.757982072400452,LightGBM
2016-01-08,8,29.31,28.530002076326983,LightGBM
2016-01-08,9,26.6,24.635924940513576,LightGBM
2016-01-08,10,25.55,24.647935079356884,LightGBM
2016-01-08,11,25.76,24.365581391506932,LightGBM
2016-01-08,12,25.13,25.749235018665253,LightGBM
2016-01-08,13,25.58,25.56606567136732,LightGBM
2016-01-08,14,27.6,26.021584537788666,LightGBM
2016-01-08,15,32.08,28.478202963760694,LightGBM
2016-01-08,16,37.16,31.477430122545307,LightGBM
2016-01-08,17,45.0,38.8761408129498,LightGBM
2016-01-08,18,46.97,40.31075493321265,LightGBM
2016-01-08,19,40.09,37.27622517860141,LightGBM
2016-01-08,20,34.61,32.34778540836777,LightGBM
2016-01-08,21,31.52,31.46376282363755,LightGBM
2016-01-08,22,32.5,29.505245456905417,LightGBM
2016-01-08,23,26.01,26.283633977696876,LightGBM
2016-01-09,0,26.1,25.20956089351157,LightGBM
2016-01-09,1,25.1,23.571693197676545,LightGBM
2016-01-09,2,24.3,22.258700625971134,LightGBM
2016-01-09,3,23.23,20.737543094570608,LightGBM
2016-01-09,4,21.96,20.129467354608515,LightGBM
2016-01-09,5,22.45,19.374165458524168,LightGBM
2016-01-09,6,23.07,19.542611980898034,LightGBM
2016-01-09,7,25.0,22.021312753860403,LightGBM
2016-01-09,8,32.11,26.281141285771614,LightGBM
2016-01-09,9,37.12,30.680630694698465,LightGBM
2016-01-09,10,36.13,34.28820369625857,LightGBM
2016-01-09,11,35.76,36.34386451448119,LightGBM
2016-01-09,12,34.06,36.43918998957524,LightGBM
2016-01-09,13,31.54,32.12140828629219,LightGBM
2016-01-09,14,27.92,29.31821572144883,LightGBM
2016-01-09,15,27.0,31.102112816571733,LightGBM
2016-01-09,16,30.5,33.391365767225516,LightGBM
2016-01-09,17,36.99,38.87156923349083,LightGBM
2016-01-09,18,36.8,38.67604504943153,LightGBM
2016-01-09,19,35.0,38.05848610569322,LightGBM
2016-01-09,20,29.0,32.08978016134414,LightGBM
2016-01-09,21,25.01,28.256623925446675,LightGBM
2016-01-09,22,25.1,28.371428462694386,LightGBM
2016-01-09,23,22.28,23.010088096777384,LightGBM
2016-01-10,0,15.58,17.60361277768807,LightGBM
2016-01-10,1,19.05,15.833796860335664,LightGBM
2016-01-10,2,16.87,14.393285856556023,LightGBM
2016-01-10,3,12.75,10.820208691504682,LightGBM
2016-01-10,4,10.81,12.186215672736182,LightGBM
2016-01-10,5,10.85,12.044537684900243,LightGBM
2016-01-10,6,9.85,10.182628627658024,LightGBM
2016-01-10,7,11.92,11.07787090844912,LightGBM
2016-01-10,8,15.44,13.710518654773768,LightGBM
2016-01-10,9,18.99,17.41677789373429,LightGBM
2016-01-10,10,19.66,18.642621212789177,LightGBM
2016-01-10,11,21.59,21.494295963259503,LightGBM
2016-01-10,12,21.83,21.980277538093528,LightGBM
2016-01-10,13,20.82,19.365732769960943,LightGBM
2016-01-10,14,20.06,20.394199882548257,LightGBM
2016-01-10,15,21.45,22.96408583935776,LightGBM
2016-01-10,16,23.92,25.89071085555311,LightGBM
2016-01-10,17,27.93,29.936162091333376,LightGBM
2016-01-10,18,35.0,36.941756434400396,LightGBM
2016-01-10,19,33.0,34.75755800541904,LightGBM
2016-01-10,20,30.03,31.149981997870437,LightGBM
2016-01-10,21,26.06,29.36684347930667,LightGBM
2016-01-10,22,26.93,31.758328628754764,LightGBM
2016-01-10,23,23.12,26.822198490448965,LightGBM
2016-01-11,0,21.95,18.921917150992527,LightGBM
2016-01-11,1,20.04,20.02262301440612,LightGBM
2016-01-11,2,19.78,18.056680221270128,LightGBM
2016-01-11,3,19.36,16.49531395102213,LightGBM
2016-01-11,4,19.56,17.060279411317236,LightGBM
2016-01-11,5,21.67,22.27867905326068,LightGBM
2016-01-11,6,28.5,34.1993466557825,LightGBM
2016-01-11,7,41.61,43.862207818038726,LightGBM
2016-01-11,8,45.93,46.71323700722043,LightGBM
2016-01-11,9,44.0,46.05808397722732,LightGBM
2016-01-11,10,41.94,45.69326195099449,LightGBM
2016-01-11,11,41.96,46.755110787006394,LightGBM
2016-01-11,12,42.33,45.00619947162637,LightGBM
2016-01-11,13,42.1,44.800290773461874,LightGBM
2016-01-11,14,39.88,41.745089272706295,LightGBM
2016-01-11,15,37.5,43.69749323568376,LightGBM
2016-01-11,16,37.95,45.99178650508163,LightGBM
2016-01-11,17,44.69,49.19245231568724,LightGBM
2016-01-11,18,42.88,50.222207941316455,LightGBM
2016-01-11,19,40.0,43.84135124843541,LightGBM
2016-01-11,20,33.09,39.10506886513036,LightGBM
2016-01-11,21,27.93,33.02251237809112,LightGBM
2016-01-11,22,28.0,31.732159495530084,LightGBM
2016-01-11,23,24.14,27.41218623515299,LightGBM
2016-01-12,0,21.51,22.81480796054214,LightGBM
2016-01-12,1,19.81,24.626504044272043,LightGBM
2016-01-12,2,19.1,24.34144456097963,LightGBM
2016-01-12,3,15.74,23.21930560151479,LightGBM
2016-01-12,4,15.54,22.57866808019929,LightGBM
2016-01-12,5,20.19,24.569497622981842,LightGBM
2016-01-12,6,24.38,32.22928777609121,LightGBM
2016-01-12,7,35.92,42.3413773211002,LightGBM
2016-01-12,8,40.5,44.27467343694313,LightGBM
2016-01-12,9,41.0,41.73017587964391,LightGBM
2016-01-12,10,38.66,41.05392038984381,LightGBM
2016-01-12,11,36.46,41.08329209538108,LightGBM
2016-01-12,12,35.0,39.615500271381684,LightGBM
2016-01-12,13,33.3,38.51475399551601,LightGBM
2016-01-12,14,32.21,37.88463979613384,LightGBM
2016-01-12,15,33.0,39.40964811464413,LightGBM
2016-01-12,16,36.08,41.51954727377385,LightGBM
2016-01-12,17,41.94,45.89470353080392,LightGBM
2016-01-12,18,40.33,46.30324930538015,LightGBM
2016-01-12,19,29.69,39.68413180843603,LightGBM
2016-01-12,20,26.05,33.74493067977293,LightGBM
2016-01-12,21,24.76,29.204364215004617,LightGBM
2016-01-12,22,24.03,28.13765057551188,LightGBM
2016-01-12,23,21.51,24.53773015058194,LightGBM
2016-01-13,0,21.0,17.022095140953425,LightGBM
2016-01-13,1,19.66,14.537822806177223,LightGBM
2016-01-13,2,18.13,12.81008952939529,LightGBM
2016-01-13,3,15.3,12.431436236790585,LightGBM
2016-01-13,4,18.05,11.051768791638569,LightGBM
2016-01-13,5,20.83,16.96013970546396,LightGBM
2016-01-13,6,24.1,25.037217923730573,LightGBM
2016-01-13,7,27.87,34.20201857334308,LightGBM
2016-01-13,8,29.98,36.315114726027815,LightGBM
2016-01-13,9,30.73,35.58906245837578,LightGBM
2016-01-13,10,31.45,36.01813686969442,LightGBM
2016-01-13,11,33.56,35.44404753858881,LightGBM
2016-01-13,12,33.99,33.81302711874986,LightGBM
2016-01-13,13,34.09,33.783529264824764,LightGBM
2016-01-13,14,34.02,35.2849643836974,LightGBM
2016-01-13,15,37.44,39.44484053886956,LightGBM
2016-01-13,16,39.58,41.36331056534057,LightGBM
2016-01-13,17,43.0,46.842164571555394,LightGBM
2016-01-13,18,42.22,48.542273752077456,LightGBM
2016-01-13,19,38.86,45.306049701966295,LightGBM
2016-01-13,20,29.62,38.56863870675189,LightGBM
2016-01-13,21,26.97,31.845099464690502,LightGBM
2016-01-13,22,25.88,32.02473684531145,LightGBM
2016-01-13,23,23.52,29.657365145651294,LightGBM
2016-01-14,0,24.29,22.64571438349894,LightGBM
2016-01-14,1,23.06,21.95056476831283,LightGBM
2016-01-14,2,22.22,23.43616283968439,LightGBM
2016-01-14,3,22.03,22.593018736553994,LightGBM
2016-01-14,4,22.53,20.863202715503945,LightGBM
2016-01-14,5,23.9,23.277275511787657,LightGBM
2016-01-14,6,29.99,32.41891644299733,LightGBM
2016-01-14,7,44.07,41.89913144766234,LightGBM
2016-01-14,8,44.99,42.8475080082732,LightGBM
2016-01-14,9,41.39,39.74757395860634,LightGBM
2016-01-14,10,34.95,38.45004193003621,LightGBM
2016-01-14,11,33.18,37.5989725104511,LightGBM
2016-01-14,12,31.17,34.6735271768394,LightGBM
2016-01-14,13,33.52,34.50334473075001,LightGBM
2016-01-14,14,39.97,36.691515267226684,LightGBM
2016-01-14,15,42.99,40.91290356827946,LightGBM
2016-01-14,16,42.34,41.08891006547661,LightGBM
2016-01-14,17,45.5,47.55885841347709,LightGBM
2016-01-14,18,41.06,46.21163527363652,LightGBM
2016-01-14,19,40.02,40.3202508889625,LightGBM
2016-01-14,20,38.34,36.40350094553381,LightGBM
2016-01-14,21,30.86,30.738594633405082,LightGBM
2016-01-14,22,28.16,30.289211838337582,LightGBM
2016-01-14,23,25.73,27.845431864642897,LightGBM
2016-01-15,0,24.58,26.40945431520606,LightGBM
2016-01-15,1,25.03,26.435652047058685,LightGBM
2016-01-15,2,24.36,25.949427262743708,LightGBM
2016-01-15,3,23.5,26.818456456565034,LightGBM
2016-01-15,4,22.94,25.548084333906434,LightGBM
2016-01-15,5,23.17,27.263581729323974,LightGBM
2016-01-15,6,26.35,31.621118082080113,LightGBM
2016-01-15,7,40.9,45.274042722366836,LightGBM
2016-01-15,8,45.21,44.95836217098408,LightGBM
2016-01-15,9,45.46,44.80260286685354,LightGBM
2016-01-15,10,45.99,45.003004916378735,LightGBM
2016-01-15,11,46.95,44.016514913230175,LightGBM
2016-01-15,12,44.0,42.79971880224184,LightGBM
2016-01-15,13,42.05,43.326036454191325,LightGBM
2016-01-15,14,39.99,41.49437797732776,LightGBM
2016-01-15,15,37.65,43.13481905957153,LightGBM
2016-01-15,16,38.0,44.44307348698003,LightGBM
2016-01-15,17,45.26,47.82761121521222,LightGBM
2016-01-15,18,48.04,51.99480671975857,LightGBM
2016-01-15,19,44.36,47.837126454713626,LightGBM
2016-01-15,20,34.38,43.72342744643387,LightGBM
2016-01-15,21,29.34,35.94272719543391,LightGBM
2016-01-15,22,27.17,33.99029749576753,LightGBM
2016-01-15,23,25.02,30.317355910560117,LightGBM
2016-01-16,0,27.13,27.6156872694733,LightGBM
2016-01-16,1,26.37,25.403400628513968,LightGBM
2016-01-16,2,25.58,24.73612705058806,LightGBM
2016-01-16,3,24.73,23.70679640904008,LightGBM
2016-01-16,4,24.08,23.930844326118883,LightGBM
2016-01-16,5,25.32,24.495134868138795,LightGBM
2016-01-16,6,24.77,24.990784093433327,LightGBM
2016-01-16,7,25.03,27.050614916221253,LightGBM
2016-01-16,8,27.55,30.256550116660936,LightGBM
2016-01-16,9,32.4,35.14425306023242,LightGBM
2016-01-16,10,34.21,37.681507811107956,LightGBM
2016-01-16,11,33.23,37.012152645670945,LightGBM
2016-01-16,12,29.16,35.27943543882782,LightGBM
2016-01-16,13,26.31,31.841611596018065,LightGBM
2016-01-16,14,25.47,29.253162228732972,LightGBM
2016-01-16,15,25.6,28.632398112789865,LightGBM
2016-01-16,16,30.15,31.501984381572957,LightGBM
2016-01-16,17,39.77,38.4585158216917,LightGBM
2016-01-16,18,40.03,40.243818702184306,LightGBM
2016-01-16,19,30.99,38.317328645143725,LightGBM
2016-01-16,20,26.19,32.61687936570985,LightGBM
2016-01-16,21,25.9,28.915435053330754,LightGBM
2016-01-16,22,25.53,29.140040028929125,LightGBM
2016-01-16,23,24.12,26.00157998029503,LightGBM
2016-01-17,0,20.86,21.095663632408286,LightGBM
2016-01-17,1,20.25,19.888690497389053,LightGBM
2016-01-17,2,20.76,20.40568351167446,LightGBM
2016-01-17,3,20.97,18.565870253138236,LightGBM
2016-01-17,4,20.89,18.732058110483784,LightGBM
2016-01-17,5,20.94,17.096602699199952,LightGBM
2016-01-17,6,19.64,13.73704703123426,LightGBM
2016-01-17,7,22.35,17.54702835748737,LightGBM
2016-01-17,8,23.52,21.82328542647779,LightGBM
2016-01-17,9,26.54,28.55108105710008,LightGBM
2016-01-17,10,30.11,32.46521756221666,LightGBM
2016-01-17,11,36.29,36.3508089782343,LightGBM
2016-01-17,12,32.44,33.409798284090996,LightGBM
2016-01-17,13,26.93,32.177670387419354,LightGBM
2016-01-17,14,26.19,29.230104015989504,LightGBM
2016-01-17,15,27.07,29.775290275360025,LightGBM
2016-01-17,16,31.94,32.66879342879005,LightGBM
2016-01-17,17,39.49,38.778726121697304,LightGBM
2016-01-17,18,42.8,47.13537736485362,LightGBM
2016-01-17,19,39.23,43.71239431108945,LightGBM
2016-01-17,20,33.3,38.73423539857443,LightGBM
2016-01-17,21,27.04,34.72048096427878,LightGBM
2016-01-17,22,27.05,34.153950311464044,LightGBM
2016-01-17,23,24.99,31.18625848286252,LightGBM
2016-01-18,0,23.96,24.861557625699227,LightGBM
2016-01-18,1,23.47,24.804614989284875,LightGBM
2016-01-18,2,23.56,23.140678058212035,LightGBM
2016-01-18,3,23.48,22.877064225545226,LightGBM
2016-01-18,4,23.51,22.10705958323273,LightGBM
2016-01-18,5,24.25,26.25841662089107,LightGBM
2016-01-18,6,27.61,37.954971564637354,LightGBM
2016-01-18,7,46.01,45.344448162847144,LightGBM
2016-01-18,8,49.98,48.777554875594134,LightGBM
2016-01-18,9,50.54,46.4450316863745,LightGBM
2016-01-18,10,49.91,45.70648213181802,LightGBM
2016-01-18,11,48.44,47.41628123064073,LightGBM
2016-01-18,12,46.93,43.205277937856145,LightGBM
2016-01-18,13,46.32,42.75690949904093,LightGBM
2016-01-18,14,45.76,44.58110318830342,LightGBM
2016-01-18,15,49.53,46.3637559235049,LightGBM
2016-01-18,16,49.66,47.640849151628224,LightGBM
2016-01-18,17,62.55,51.63356867288794,LightGBM
2016-01-18,18,56.07,55.788549674643185,LightGBM
2016-01-18,19,47.18,48.55592052380977,LightGBM
2016-01-18,20,35.09,43.998243342471476,LightGBM
2016-01-18,21,26.95,36.63646705207452,LightGBM
2016-01-18,22,26.94,32.33121668867832,LightGBM
2016-01-18,23,25.09,28.105103225377274,LightGBM
2016-01-19,0,31.95,25.95590798576338,LightGBM
2016-01-19,1,32.16,25.506647212250158,LightGBM
2016-01-19,2,28.97,24.75900362546629,LightGBM
2016-01-19,3,30.01,24.451911322733753,LightGBM
2016-01-19,4,30.45,23.37512166227046,LightGBM
2016-01-19,5,27.01,26.687586958600058,LightGBM
2016-01-19,6,31.9,29.29927703984815,LightGBM
2016-01-19,7,54.1,42.631245098578624,LightGBM
2016-01-19,8,64.9,45.483509019819195,LightGBM
2016-01-19,9,65.35,45.04256048322786,LightGBM
2016-01-19,10,61.31,43.57450480536901,LightGBM
2016-01-19,11,61.43,43.35340427156036,LightGBM
2016-01-19,12,58.98,43.389492667792574,LightGBM
2016-01-19,13,58.53,43.14566318133897,LightGBM
2016-01-19,14,55.81,41.658352384651025,LightGBM
2016-01-19,15,55.5,44.15618764404542,LightGBM
2016-01-19,16,56.21,45.2068469944572,LightGBM
2016-01-19,17,70.07,52.206846733350645,LightGBM
2016-01-19,18,74.97,51.3310156374924,LightGBM
2016-01-19,19,57.56,44.56870734481809,LightGBM
2016-01-19,20,48.24,39.82584026167939,LightGBM
2016-01-19,21,37.98,35.000826842071845,LightGBM
2016-01-19,22,33.67,31.143900606692636,LightGBM
2016-01-19,23,29.79,28.139454028079268,LightGBM
2016-01-20,0,26.05,30.477595541383018,LightGBM
2016-01-20,1,26.17,29.008358742996023,LightGBM
2016-01-20,2,26.42,28.171074726128957,LightGBM
2016-01-20,3,25.36,28.648056688350945,LightGBM
2016-01-20,4,25.76,30.244725178613294,LightGBM
2016-01-20,5,26.54,30.468252838512086,LightGBM
2016-01-20,6,32.7,35.39908653546784,LightGBM
2016-01-20,7,55.08,48.69057191370658,LightGBM
2016-01-20,8,61.08,50.300100579236776,LightGBM
2016-01-20,9,58.43,52.37812785153132,LightGBM
2016-01-20,10,58.97,51.83492936703154,LightGBM
2016-01-20,11,56.14,54.918923439168296,LightGBM
2016-01-20,12,58.6,51.63795339062056,LightGBM
2016-01-20,13,57.58,51.880912241708586,LightGBM
2016-01-20,14,54.95,49.995356698924496,LightGBM
2016-01-20,15,52.42,51.20787716783418,LightGBM
2016-01-20,16,72.01,53.799096329533775,LightGBM
2016-01-20,17,92.75,59.88571115526642,LightGBM
2016-01-20,18,79.09,64.85776244991354,LightGBM
2016-01-20,19,70.03,57.600921071666846,LightGBM
2016-01-20,20,50.1,47.3493046272766,LightGBM
2016-01-20,21,40.06,41.04733455532556,LightGBM
2016-01-20,22,33.52,38.49984212243553,LightGBM
2016-01-20,23,29.63,31.639706764555637,LightGBM
2016-01-21,0,29.65,30.722526840657604,LightGBM
2016-01-21,1,27.82,29.60400485280269,LightGBM
2016-01-21,2,26.65,28.77973642981446,LightGBM
2016-01-21,3,26.96,28.136696467893046,LightGBM
2016-01-21,4,27.47,29.545102174003482,LightGBM
2016-01-21,5,29.09,31.773377100229645,LightGBM
2016-01-21,6,40.78,41.25146040046735,LightGBM
2016-01-21,7,70.01,57.534759224250074,LightGBM
2016-01-21,8,85.05,59.22574108484115,LightGBM
2016-01-21,9,83.54,59.17941017754291,LightGBM
2016-01-21,10,74.94,57.577376198096346,LightGBM
2016-01-21,11,70.12,57.20272451234734,LightGBM
2016-01-21,12,59.91,55.83240605452704,LightGBM
2016-01-21,13,57.69,53.285612589208405,LightGBM
2016-01-21,14,57.99,51.621921438306224,LightGBM
2016-01-21,15,61.05,51.97244917564975,LightGBM
2016-01-21,16,57.43,56.18600220665259,LightGBM
2016-01-21,17,77.13,70.87405265195234,LightGBM
2016-01-21,18,86.01,66.9215514803145,LightGBM
2016-01-21,19,60.13,59.49357488997882,LightGBM
2016-01-21,20,50.09,48.46130009270246,LightGBM
2016-01-21,21,35.47,40.23260551748541,LightGBM
2016-01-21,22,30.36,35.56122486085195,LightGBM
2016-01-21,23,26.97,30.575809143995517,LightGBM
2016-01-22,0,28.05,28.60720457522418,LightGBM
2016-01-22,1,27.92,27.64781554124645,LightGBM
2016-01-22,2,26.78,25.79684022654286,LightGBM
2016-01-22,3,26.57,25.4013341627388,LightGBM
2016-01-22,4,27.02,26.932910727421884,LightGBM
2016-01-22,5,28.07,27.200919657268507,LightGBM
2016-01-22,6,30.82,35.27496734517433,LightGBM
2016-01-22,7,48.46,51.70971445536847,LightGBM
2016-01-22,8,52.5,48.81138604400309,LightGBM
2016-01-22,9,48.66,46.73449675256798,LightGBM
2016-01-22,10,45.11,45.18658502640466,LightGBM
2016-01-22,11,44.96,43.29263703952194,LightGBM
2016-01-22,12,42.06,40.07739808068052,LightGBM
2016-01-22,13,37.02,39.12878225649321,LightGBM
2016-01-22,14,32.27,37.29975209116733,LightGBM
2016-01-22,15,32.65,39.264966623381184,LightGBM
2016-01-22,16,32.84,43.62198653689297,LightGBM
2016-01-22,17,34.83,50.91640258638792,LightGBM
2016-01-22,18,28.3,39.69606839925758,LightGBM
2016-01-22,19,26.88,36.60766069674022,LightGBM
2016-01-22,20,25.46,30.80295426605997,LightGBM
2016-01-22,21,24.88,26.59706299496911,LightGBM
2016-01-22,22,24.28,26.087427770381204,LightGBM
2016-01-22,23,22.63,20.321865701394145,LightGBM
2016-01-23,0,24.44,19.289945655873662,LightGBM
2016-01-23,1,24.02,17.01180628214477,LightGBM
2016-01-23,2,23.03,16.249221351535,LightGBM
2016-01-23,3,22.99,14.592277368857006,LightGBM
2016-01-23,4,22.68,15.665392998113767,LightGBM
2016-01-23,5,22.44,18.032882599705292,LightGBM
2016-01-23,6,21.46,18.142076179590248,LightGBM
2016-01-23,7,23.35,24.261802264378552,LightGBM
2016-01-23,8,24.68,26.34338483308947,LightGBM
2016-01-23,9,28.9,29.21335025986419,LightGBM
2016-01-23,10,31.32,31.199017918245094,LightGBM
2016-01-23,11,34.75,32.76257730519914,LightGBM
2016-01-23,12,34.39,30.751131740059662,LightGBM
2016-01-23,13,30.45,28.262128267387777,LightGBM
2016-01-23,14,28.04,30.300349203403808,LightGBM
2016-01-23,15,29.1,29.74914663208852,LightGBM
2016-01-23,16,29.7,32.41353561747571,LightGBM
2016-01-23,17,36.97,40.05178996085653,LightGBM
2016-01-23,18,42.6,40.302367078750464,LightGBM
2016-01-23,19,35.83,37.78678750596131,LightGBM
2016-01-23,20,28.84,31.268891999679298,LightGBM
2016-01-23,21,25.4,28.613976268917668,LightGBM
2016-01-23,22,26.27,28.600626482292167,LightGBM
2016-01-23,23,27.06,25.79141963290295,LightGBM
2016-01-24,0,24.08,20.960747819459623,LightGBM
2016-01-24,1,23.99,21.186767398320125,LightGBM
2016-01-24,2,24.83,19.024003995840484,LightGBM
2016-01-24,3,23.24,19.198894675659467,LightGBM
2016-01-24,4,22.54,18.910379125464626,LightGBM
2016-01-24,5,23.41,18.077328629566644,LightGBM
2016-01-24,6,21.41,15.500084914787934,LightGBM
2016-01-24,7,21.4,18.56462265549054,LightGBM
2016-01-24,8,22.12,20.755333598270028,LightGBM
2016-01-24,9,24.63,26.050405339600754,LightGBM
2016-01-24,10,27.05,29.270977711396075,LightGBM
2016-01-24,11,32.66,33.73100141041333,LightGBM
2016-01-24,12,28.94,31.287386068053035,LightGBM
2016-01-24,13,26.04,27.564516374746862,LightGBM
2016-01-24,14,24.84,26.258400148467512,LightGBM
2016-01-24,15,23.99,27.356284217466182,LightGBM
2016-01-24,16,25.04,29.35412093684107,LightGBM
2016-01-24,17,32.88,35.72863119483681,LightGBM
2016-01-24,18,36.09,36.87239131508503,LightGBM
2016-01-24,19,35.87,34.556071792549,LightGBM
2016-01-24,20,31.7,32.693990088697824,LightGBM
2016-01-24,21,26.0,28.97955712266279,LightGBM
2016-01-24,22,27.09,28.580578002308638,LightGBM
2016-01-24,23,22.44,26.043317962992898,LightGBM
2016-01-25,0,20.07,19.336361763549075,LightGBM
2016-01-25,1,19.65,19.163044665377637,LightGBM
2016-01-25,2,19.68,18.523269576574037,LightGBM
2016-01-25,3,19.98,18.456780827410242,LightGBM
2016-01-25,4,20.33,17.35906472025512,LightGBM
2016-01-25,5,21.32,22.750081145327115,LightGBM
2016-01-25,6,25.01,30.53428454774193,LightGBM
2016-01-25,7,34.94,43.4294253953898,LightGBM
2016-01-25,8,35.0,45.6729769704603,LightGBM
2016-01-25,9,36.04,41.81925714990669,LightGBM
2016-01-25,10,36.62,40.78706037749181,LightGBM
2016-01-25,11,35.6,41.37514757008568,LightGBM
2016-01-25,12,34.75,40.0981777087446,LightGBM
2016-01-25,13,32.26,41.94059618049449,LightGBM
2016-01-25,14,30.61,41.96881506468333,LightGBM
2016-01-25,15,29.73,44.74434277891199,LightGBM
2016-01-25,16,31.17,45.72250540105524,LightGBM
2016-01-25,17,34.96,54.580140261481596,LightGBM
2016-01-25,18,36.33,50.17596667487328,LightGBM
2016-01-25,19,31.96,41.43364262203087,LightGBM
2016-01-25,20,26.8,33.927442761102306,LightGBM
2016-01-25,21,25.32,27.68698137712721,LightGBM
2016-01-25,22,23.93,26.486367789063923,LightGBM
2016-01-25,23,18.11,19.200210169138902,LightGBM
2016-01-26,0,20.23,15.255216677125068,LightGBM
2016-01-26,1,18.02,13.84697625043734,LightGBM
2016-01-26,2,15.9,11.707946058653278,LightGBM
2016-01-26,3,15.91,11.938959785530699,LightGBM
2016-01-26,4,17.1,12.17256947383897,LightGBM
2016-01-26,5,21.8,16.71400964928866,LightGBM
2016-01-26,6,27.09,27.96224819062476,LightGBM
2016-01-26,7,34.13,35.333251116744506,LightGBM
2016-01-26,8,38.11,38.2772850395224,LightGBM
2016-01-26,9,32.31,36.814406395676855,LightGBM
2016-01-26,10,29.99,36.0642933902583,LightGBM
2016-01-26,11,29.55,36.27018974929937,LightGBM
2016-01-26,12,28.52,33.56368635529865,LightGBM
2016-01-26,13,29.33,34.18452553206597,LightGBM
2016-01-26,14,27.97,36.7210509189331,LightGBM
2016-01-26,15,30.09,37.689981285054834,LightGBM
2016-01-26,16,30.62,38.30793001841606,LightGBM
2016-01-26,17,32.87,42.848760578439865,LightGBM
2016-01-26,18,29.27,40.902500741937956,LightGBM
2016-01-26,19,24.94,34.47549542305746,LightGBM
2016-01-26,20,23.17,27.781108220611973,LightGBM
2016-01-26,21,21.66,22.394976674809666,LightGBM
2016-01-26,22,20.24,18.792204242696233,LightGBM
2016-01-26,23,13.43,11.544655219061195,LightGBM
2016-01-27,0,10.97,7.588784625290377,LightGBM
2016-01-27,1,3.18,6.59625309502612,LightGBM
2016-01-27,2,0.05,6.517269541987037,LightGBM
2016-01-27,3,0.13,5.674530390456685,LightGBM
2016-01-27,4,8.82,7.310992415323995,LightGBM
2016-01-27,5,13.3,13.524719574140818,LightGBM
2016-01-27,6,17.33,22.005443035136302,LightGBM
2016-01-27,7,22.97,31.969511381450896,LightGBM
2016-01-27,8,23.93,32.72896432619379,LightGBM
2016-01-27,9,28.95,27.811920247421988,LightGBM
2016-01-27,10,29.94,27.434899894007568,LightGBM
2016-01-27,11,25.55,26.70442178956725,LightGBM
2016-01-27,12,24.12,26.4141415589227,LightGBM
2016-01-27,13,22.95,24.077627489184035,LightGBM
2016-01-27,14,20.95,25.261420628263004,LightGBM
2016-01-27,15,23.91,28.718842630915766,LightGBM
2016-01-27,16,23.97,30.260553514525974,LightGBM
2016-01-27,17,28.93,34.67235862801018,LightGBM
2016-01-27,18,30.98,30.950188352899467,LightGBM
2016-01-27,19,29.07,29.048083499739196,LightGBM
2016-01-27,20,21.5,25.86716626031315,LightGBM
2016-01-27,21,19.06,20.463955737501955,LightGBM
2016-01-27,22,16.34,18.398114947093607,LightGBM
2016-01-27,23,13.96,9.512860376907767,LightGBM
2016-01-28,0,14.5,10.873410606431882,LightGBM
2016-01-28,1,12.83,6.712698732155196,LightGBM
2016-01-28,2,12.88,5.114678845448997,LightGBM
2016-01-28,3,12.14,5.122717925870156,LightGBM
2016-01-28,4,13.2,8.97168167017874,LightGBM
2016-01-28,5,17.39,13.845012818306596,LightGBM
2016-01-28,6,23.41,24.169705631058022,LightGBM
2016-01-28,7,28.49,30.588060129502143,LightGBM
2016-01-28,8,30.96,32.90286396325405,LightGBM
2016-01-28,9,29.97,30.732668837798446,LightGBM
2016-01-28,10,29.07,29.572380755006993,LightGBM
2016-01-28,11,25.21,30.508686141933985,LightGBM
2016-01-28,12,24.01,30.28565691247759,LightGBM
2016-01-28,13,25.56,28.644456433683104,LightGBM
2016-01-28,14,26.73,31.10002364902131,LightGBM
2016-01-28,15,31.02,35.217405999092975,LightGBM
2016-01-28,16,33.58,36.00433198232079,LightGBM
2016-01-28,17,39.05,43.534706459580406,LightGBM
2016-01-28,18,46.02,43.44836220976628,LightGBM
2016-01-28,19,36.56,40.93004882406947,LightGBM
2016-01-28,20,32.12,32.58630348235812,LightGBM
2016-01-28,21,27.45,29.096767857568807,LightGBM
2016-01-28,22,26.31,26.719945445089902,LightGBM
2016-01-28,23,20.79,20.618933663788557,LightGBM
2016-01-29,0,21.1,16.763652737377654,LightGBM
2016-01-29,1,19.53,13.628189904721545,LightGBM
2016-01-29,2,19.06,11.61450497536029,LightGBM
2016-01-29,3,18.08,12.148385184612222,LightGBM
2016-01-29,4,15.96,11.83522399378555,LightGBM
2016-01-29,5,18.01,16.583802412092595,LightGBM
2016-01-29,6,26.0,22.73954304968243,LightGBM
2016-01-29,7,34.89,28.738111057250677,LightGBM
2016-01-29,8,36.06,28.431509743260847,LightGBM
2016-01-29,9,34.94,25.274239680147787,LightGBM
2016-01-29,10,29.91,24.05303379534186,LightGBM
2016-01-29,11,25.43,23.314920663822317,LightGBM
2016-01-29,12,21.83,20.63238547666917,LightGBM
2016-01-29,13,20.03,19.510749851291628,LightGBM
2016-01-29,14,19.1,20.070179487731988,LightGBM
2016-01-29,15,19.39,20.08850394512019,LightGBM
2016-01-29,16,22.54,22.315496717295407,LightGBM
2016-01-29,17,27.43,25.437176318998187,LightGBM
2016-01-29,18,25.99,27.814956476351803,LightGBM
2016-01-29,19,25.18,28.82769556392544,LightGBM
2016-01-29,20,21.11,25.701932711428082,LightGBM
2016-01-29,21,17.08,20.187846311851537,LightGBM
2016-01-29,22,14.6,17.21133453415228,LightGBM
2016-01-29,23,10.29,10.31794464712082,LightGBM
2016-01-30,0,14.08,7.359341649160376,LightGBM
2016-01-30,1,8.4,3.164458920528362,LightGBM
2016-01-30,2,0.79,0.44535383323078687,LightGBM
2016-01-30,3,0.0,3.7597347918817614,LightGBM
2016-01-30,4,-0.02,7.020649373375072,LightGBM
2016-01-30,5,-0.04,8.43550444134791,LightGBM
2016-01-30,6,-2.97,8.04201618026894,LightGBM
2016-01-30,7,8.51,13.012837264985805,LightGBM
2016-01-30,8,12.42,17.075558816642058,LightGBM
2016-01-30,9,13.78,19.986736919619734,LightGBM
2016-01-30,10,14.22,18.051279983435368,LightGBM
2016-01-30,11,14.69,19.627335074220657,LightGBM
2016-01-30,12,14.27,17.387495324482586,LightGBM
2016-01-30,13,14.6,15.821959920831711,LightGBM
2016-01-30,14,14.28,16.635231153512432,LightGBM
2016-01-30,15,15.37,19.38499528352903,LightGBM
2016-01-30,16,16.03,22.68300088555437,LightGBM
2016-01-30,17,18.67,30.638109725081478,LightGBM
2016-01-30,18,27.78,33.38603473535123,LightGBM
2016-01-30,19,22.16,29.748707010201773,LightGBM
2016-01-30,20,18.53,24.79509699400961,LightGBM
2016-01-30,21,16.21,19.773974670248265,LightGBM
2016-01-30,22,15.49,17.83268446799965,LightGBM
2016-01-30,23,12.0,9.350391863659864,LightGBM
2016-01-31,0,8.43,6.5770689376407425,LightGBM
2016-01-31,1,3.04,0.983826409589727,LightGBM
2016-01-31,2,5.09,-0.21696867445496926,LightGBM
2016-01-31,3,0.85,-0.6642378906850477,LightGBM
2016-01-31,4,-0.27,-0.41305460851095005,LightGBM
2016-01-31,5,0.03,2.029777140622665,LightGBM
2016-01-31,6,0.08,-0.9256415507826431,LightGBM
2016-01-31,7,6.04,1.7815609937120744,LightGBM
2016-01-31,8,8.33,6.184518573673942,LightGBM
2016-01-31,9,10.59,10.949364605673129,LightGBM
2016-01-31,10,11.91,11.923248313412973,LightGBM
2016-01-31,11,14.68,14.231307661167342,LightGBM
2016-01-31,12,16.18,12.99974128716062,LightGBM
2016-01-31,13,12.5,9.555440997440677,LightGBM
2016-01-31,14,13.96,9.551295894579273,LightGBM
2016-01-31,15,13.89,10.224983379844588,LightGBM
2016-01-31,16,16.08,15.031934207978427,LightGBM
2016-01-31,17,21.44,22.78257257143579,LightGBM
2016-01-31,18,26.28,29.62514564749457,LightGBM
2016-01-31,19,25.48,29.521444872168775,LightGBM
2016-01-31,20,21.34,28.31895010820041,LightGBM
2016-01-31,21,18.04,23.23017459898361,LightGBM
2016-01-31,22,18.79,23.940982723985016,LightGBM
2016-01-31,23,16.45,18.43268174287574,LightGBM
2016-02-01,0,16.31,15.600256969783807,LightGBM
2016-02-01,1,14.42,13.401350527463205,LightGBM
2016-02-01,2,15.07,11.37995956778187,LightGBM
2016-02-01,3,13.27,10.466330694853779,LightGBM
2016-02-01,4,13.87,11.197484762925171,LightGBM
2016-02-01,5,14.26,13.73337118249049,LightGBM
2016-02-01,6,23.93,25.68018684783804,LightGBM
2016-02-01,7,35.9,36.53898655678509,LightGBM
2016-02-01,8,37.99,35.94447399207714,LightGBM
2016-02-01,9,36.05,29.469179216820443,LightGBM
2016-02-01,10,33.34,25.515367267492046,LightGBM
2016-02-01,11,29.24,24.289462846119815,LightGBM
2016-02-01,12,24.99,22.7384167317813,LightGBM
2016-02-01,13,21.96,21.262407496440883,LightGBM
2016-02-01,14,18.34,19.731216714723644,LightGBM
2016-02-01,15,17.97,20.213252695013246,LightGBM
2016-02-01,16,18.24,23.299795955875837,LightGBM
2016-02-01,17,23.37,26.569710503586283,LightGBM
2016-02-01,18,23.95,27.068658534661132,LightGBM
2016-02-01,19,22.65,28.41714340279634,LightGBM
2016-02-01,20,17.75,23.082253995199533,LightGBM
2016-02-01,21,14.63,16.9740658484104,LightGBM
2016-02-01,22,14.16,15.557147188270623,LightGBM
2016-02-01,23,8.44,7.861871767937744,LightGBM
2016-02-02,0,4.06,7.735716905869446,LightGBM
2016-02-02,1,0.3,3.841090602725158,LightGBM
2016-02-02,2,-2.66,0.7956838656802264,LightGBM
2016-02-02,3,-1.92,4.065596669380189,LightGBM
2016-02-02,4,0.09,7.788286470555091,LightGBM
2016-02-02,5,9.52,11.702788412241762,LightGBM
2016-02-02,6,15.68,19.79099631132931,LightGBM
2016-02-02,7,22.92,27.142559286203557,LightGBM
2016-02-02,8,22.99,29.08295688218763,LightGBM
2016-02-02,9,22.15,25.160929389266173,LightGBM
2016-02-02,10,22.16,23.46178423617469,LightGBM
2016-02-02,11,22.53,22.5499222927125,LightGBM
2016-02-02,12,22.08,19.912645295308863,LightGBM
2016-02-02,13,22.09,19.141961272112834,LightGBM
2016-02-02,14,22.19,18.41484561809982,LightGBM
2016-02-02,15,23.35,19.391835185344725,LightGBM
2016-02-02,16,23.31,21.888269251147467,LightGBM
2016-02-02,17,28.42,29.29193158106408,LightGBM
2016-02-02,18,29.99,27.930441886808456,LightGBM
2016-02-02,19,24.61,28.603984809649365,LightGBM
2016-02-02,20,22.51,25.114580135747428,LightGBM
2016-02-02,21,17.59,18.23723797892583,LightGBM
2016-02-02,22,14.18,16.79460832787028,LightGBM
2016-02-02,23,9.53,11.97095443395296,LightGBM
2016-02-03,0,13.75,10.328725131903726,LightGBM
2016-02-03,1,11.58,6.517381071428423,LightGBM
2016-02-03,2,8.09,2.9963442853596987,LightGBM
2016-02-03,3,6.93,5.17273096036988,LightGBM
2016-02-03,4,9.04,4.871813503895257,LightGBM
2016-02-03,5,13.74,11.069535870074647,LightGBM
2016-02-03,6,21.41,17.996391917354725,LightGBM
2016-02-03,7,33.25,25.452747103853092,LightGBM
2016-02-03,8,35.0,26.276660057929043,LightGBM
2016-02-03,9,33.96,23.623944613662246,LightGBM
2016-02-03,10,25.44,22.298470082412827,LightGBM
2016-02-03,11,22.93,22.333633191519883,LightGBM
2016-02-03,12,21.46,21.408799368000217,LightGBM
2016-02-03,13,20.95,22.437767463102308,LightGBM
2016-02-03,14,22.93,21.559038625450395,LightGBM
2016-02-03,15,23.02,24.20502372563627,LightGBM
2016-02-03,16,26.4,24.103065436391187,LightGBM
2016-02-03,17,32.62,29.892594138846686,LightGBM
2016-02-03,18,36.69,32.64483439764196,LightGBM
2016-02-03,19,36.19,31.97497205059436,LightGBM
2016-02-03,20,30.13,28.84686948702538,LightGBM
2016-02-03,21,23.75,24.23244945403511,LightGBM
2016-02-03,22,22.41,22.448454855848475,LightGBM
2016-02-03,23,17.13,14.797165298246723,LightGBM
2016-02-04,0,18.04,18.27787066653229,LightGBM
2016-02-04,1,16.38,16.443546647120495,LightGBM
2016-02-04,2,15.99,15.642280022072843,LightGBM
2016-02-04,3,15.29,13.949341957584874,LightGBM
2016-02-04,4,13.93,14.909288298413452,LightGBM
2016-02-04,5,17.01,16.622687709984007,LightGBM
2016-02-04,6,22.43,23.502953936938713,LightGBM
2016-02-04,7,31.96,32.17723696694032,LightGBM
2016-02-04,8,30.91,34.14237148809508,LightGBM
2016-02-04,9,27.93,30.363853905990705,LightGBM
2016-02-04,10,29.19,30.062894111535222,LightGBM
2016-02-04,11,30.22,29.70303258979783,LightGBM
2016-02-04,12,27.97,30.16058860516525,LightGBM
2016-02-04,13,26.87,31.36473253370277,LightGBM
2016-02-04,14,25.85,32.319761863071186,LightGBM
2016-02-04,15,27.94,35.42779053772264,LightGBM
2016-02-04,16,27.81,39.77943724525133,LightGBM
2016-02-04,17,35.0,45.11796397622027,LightGBM
2016-02-04,18,42.18,45.81051191250745,LightGBM
2016-02-04,19,39.01,43.5259767741368,LightGBM
2016-02-04,20,32.04,39.216343849334585,LightGBM
2016-02-04,21,26.96,33.93150961850196,LightGBM
2016-02-04,22,27.83,32.576820531573524,LightGBM
2016-02-04,23,23.98,29.366920715924184,LightGBM
2016-02-05,0,24.61,25.55085958870761,LightGBM
2016-02-05,1,23.0,24.53517037022424,LightGBM
2016-02-05,2,22.22,24.84191755938199,LightGBM
2016-02-05,3,20.1,25.676653789317346,LightGBM
2016-02-05,4,21.18,24.69801653509514,LightGBM
2016-02-05,5,21.18,27.01800407906235,LightGBM
2016-02-05,6,25.97,32.71523236695089,LightGBM
2016-02-05,7,33.92,44.15054173995354,LightGBM
2016-02-05,8,37.48,43.180803564452354,LightGBM
2016-02-05,9,35.25,41.895624683173175,LightGBM
2016-02-05,10,36.5,40.03479102237254,LightGBM
2016-02-05,11,35.94,39.60220032066408,LightGBM
2016-02-05,12,34.36,36.37806997755603,LightGBM
2016-02-05,13,31.95,35.64813032817725,LightGBM
2016-02-05,14,27.74,33.91472271941886,LightGBM
2016-02-05,15,25.33,33.777489732073526,LightGBM
2016-02-05,16,24.78,34.92221289625242,LightGBM
2016-02-05,17,29.96,39.33379206107958,LightGBM
2016-02-05,18,33.09,40.895760184082114,LightGBM
2016-02-05,19,28.01,37.75017538314277,LightGBM
2016-02-05,20,25.7,31.293154596881678,LightGBM
2016-02-05,21,23.12,27.424468648051707,LightGBM
2016-02-05,22,24.55,26.324951919821896,LightGBM
2016-02-05,23,22.71,22.992913102482497,LightGBM
2016-02-06,0,18.18,18.732630141055697,LightGBM
2016-02-06,1,15.55,17.50276073530117,LightGBM
2016-02-06,2,16.01,14.20713317298417,LightGBM
2016-02-06,3,14.33,12.931064082211376,LightGBM
2016-02-06,4,13.78,12.637013001071942,LightGBM
2016-02-06,5,13.98,13.865850493419622,LightGBM
2016-02-06,6,15.05,12.745672601274546,LightGBM
2016-02-06,7,16.08,17.797299218497567,LightGBM
2016-02-06,8,18.02,21.50072117011453,LightGBM
2016-02-06,9,19.34,21.612686234055058,LightGBM
2016-02-06,10,17.1,22.76035689901876,LightGBM
2016-02-06,11,16.5,22.411088302725688,LightGBM
2016-02-06,12,16.09,19.234573524287942,LightGBM
2016-02-06,13,15.11,18.911080442480376,LightGBM
2016-02-06,14,13.99,18.952566199829874,LightGBM
2016-02-06,15,15.29,19.683554540930267,LightGBM
2016-02-06,16,17.01,20.207465868276934,LightGBM
2016-02-06,17,19.97,25.82982226610622,LightGBM
2016-02-06,18,23.15,32.34678294446703,LightGBM
2016-02-06,19,21.02,29.720324497356682,LightGBM
2016-02-06,20,16.07,24.676590682175316,LightGBM
2016-02-06,21,12.71,19.678124392050822,LightGBM
2016-02-06,22,15.04,18.57890974394919,LightGBM
2016-02-06,23,11.74,12.622418649410033,LightGBM
2016-02-07,0,5.01,4.991285949471165,LightGBM
2016-02-07,1,5.98,1.971279724085068,LightGBM
2016-02-07,2,5.62,2.30341688711275,LightGBM
2016-02-07,3,3.05,1.6073210355323941,LightGBM
2016-02-07,4,0.93,2.427350082246202,LightGBM
2016-02-07,5,0.08,1.8201953442688532,LightGBM
2016-02-07,6,-0.92,0.7834674541450731,LightGBM
2016-02-07,7,1.13,3.2670236535099737,LightGBM
2016-02-07,8,5.74,8.183070221583623,LightGBM
2016-02-07,9,8.01,11.616715429246355,LightGBM
2016-02-07,10,12.92,13.473426041646583,LightGBM
2016-02-07,11,13.79,15.803793278922395,LightGBM
2016-02-07,12,13.84,13.595071801332725,LightGBM
2016-02-07,13,12.19,10.344733198368973,LightGBM
2016-02-07,14,11.76,9.112577010062251,LightGBM
2016-02-07,15,10.01,8.38700260136304,LightGBM
2016-02-07,16,13.32,12.629900146215657,LightGBM
2016-02-07,17,16.64,16.91661533220141,LightGBM
2016-02-07,18,22.17,23.00757793261557,LightGBM
2016-02-07,19,17.28,24.105512981178382,LightGBM
2016-02-07,20,17.88,20.560654390375362,LightGBM
2016-02-07,21,13.79,15.556271754242024,LightGBM
2016-02-07,22,15.04,14.428512572491684,LightGBM
2016-02-07,23,9.29,9.28553065693941,LightGBM
2016-02-08,0,10.02,6.2171636823878735,LightGBM
2016-02-08,1,7.99,2.054005192099737,LightGBM
2016-02-08,2,5.24,0.28280351851719127,LightGBM
2016-02-08,3,1.16,0.9863175780061331,LightGBM
2016-02-08,4,1.4,2.4150420027067976,LightGBM
2016-02-08,5,7.32,8.484144791661432,LightGBM
2016-02-08,6,12.32,19.124975637425255,LightGBM
2016-02-08,7,16.17,30.9337107496996,LightGBM
2016-02-08,8,16.55,31.304232180936303,LightGBM
2016-02-08,9,16.41,26.578313326204462,LightGBM
2016-02-08,10,16.56,25.339189221010713,LightGBM
2016-02-08,11,16.61,25.42683885077657,LightGBM
2016-02-08,12,16.35,22.357695027937925,LightGBM
2016-02-08,13,16.1,23.659693830932184,LightGBM
2016-02-08,14,16.15,20.962998318616886,LightGBM
2016-02-08,15,16.35,22.31586747849651,LightGBM
2016-02-08,16,15.94,23.570262188433517,LightGBM
2016-02-08,17,20.88,26.818389963967373,LightGBM
2016-02-08,18,27.26,28.66808274329567,LightGBM
2016-02-08,19,21.02,28.567283921582728,LightGBM
2016-02-08,20,15.24,24.929362703453382,LightGBM
2016-02-08,21,12.52,18.080680778705336,LightGBM
2016-02-08,22,12.11,18.434009388012118,LightGBM
2016-02-08,23,9.72,10.707010067315263,LightGBM
2016-02-09,0,-19.94,11.724226417604703,LightGBM
2016-02-09,1,-12.34,7.968737621368004,LightGBM
2016-02-09,2,-19.95,4.951784049911779,LightGBM
2016-02-09,3,-19.3,4.450279136406044,LightGBM
2016-02-09,4,-5.52,7.640855037875784,LightGBM
2016-02-09,5,2.79,11.111497558244302,LightGBM
2016-02-09,6,16.98,17.935583971923293,LightGBM
2016-02-09,7,19.75,25.69015103315356,LightGBM
2016-02-09,8,23.43,29.065870409602763,LightGBM
2016-02-09,9,20.99,23.649606081196982,LightGBM
2016-02-09,10,23.9,24.06754016944082,LightGBM
2016-02-09,11,24.93,24.309683814475818,LightGBM
2016-02-09,12,27.03,22.348751895592017,LightGBM
2016-02-09,13,28.69,25.46271366986901,LightGBM
2016-02-09,14,27.44,25.71058058013214,LightGBM
2016-02-09,15,26.97,27.968052025564543,LightGBM
2016-02-09,16,27.24,31.727470604583583,LightGBM
2016-02-09,17,31.01,34.76444406723821,LightGBM
2016-02-09,18,39.98,36.741530553431325,LightGBM
2016-02-09,19,34.06,34.28236410637749,LightGBM
2016-02-09,20,28.77,27.00509200971347,LightGBM
2016-02-09,21,23.97,23.806397740466224,LightGBM
2016-02-09,22,20.78,21.92730771132042,LightGBM
2016-02-09,23,15.99,15.708245633509483,LightGBM
2016-02-10,0,13.08,15.769900880095943,LightGBM
2016-02-10,1,13.68,14.815812356875153,LightGBM
2016-02-10,2,13.06,14.527893108832146,LightGBM
2016-02-10,3,13.41,14.706547727089132,LightGBM
2016-02-10,4,14.3,15.512355709435203,LightGBM
2016-02-10,5,16.2,17.651663541401177,LightGBM
2016-02-10,6,22.8,24.064398501103742,LightGBM
2016-02-10,7,30.59,33.601530439244485,LightGBM
2016-02-10,8,32.05,33.8168720288167,LightGBM
2016-02-10,9,32.42,30.410666279901093,LightGBM
2016-02-10,10,30.94,32.01248921363632,LightGBM
2016-02-10,11,29.98,32.01348528154672,LightGBM
2016-02-10,12,25.97,28.984244799810178,LightGBM
2016-02-10,13,27.74,28.722658794579964,LightGBM
2016-02-10,14,27.44,31.07577492579998,LightGBM
2016-02-10,15,27.77,31.913207359335498,LightGBM
2016-02-10,16,28.68,33.46677552086046,LightGBM
2016-02-10,17,32.1,37.463886230910845,LightGBM
2016-02-10,18,36.59,41.461891006385976,LightGBM
2016-02-10,19,29.44,39.131882053589685,LightGBM
2016-02-10,20,23.18,32.39624941644732,LightGBM
2016-02-10,21,21.66,27.25551114290302,LightGBM
2016-02-10,22,21.94,26.161766190890813,LightGBM
2016-02-10,23,18.88,23.78255569481512,LightGBM
2016-02-11,0,17.72,15.994770141251319,LightGBM
2016-02-11,1,17.46,14.17158060141646,LightGBM
2016-02-11,2,16.91,12.762516802167132,LightGBM
2016-02-11,3,16.97,12.69814057421124,LightGBM
2016-02-11,4,17.66,13.758342124113414,LightGBM
2016-02-11,5,18.55,15.795164740521484,LightGBM
2016-02-11,6,20.84,24.348984656379738,LightGBM
2016-02-11,7,30.82,31.207215349763857,LightGBM
2016-02-11,8,25.34,31.16328479674762,LightGBM
2016-02-11,9,22.84,26.19941186687831,LightGBM
2016-02-11,10,21.12,26.640563533412884,LightGBM
2016-02-11,11,24.74,25.108535788867147,LightGBM
2016-02-11,12,23.72,22.631593251380533,LightGBM
2016-02-11,13,23.01,22.733468400184993,LightGBM
2016-02-11,14,21.03,24.154144562413958,LightGBM
2016-02-11,15,30.0,27.383780198539966,LightGBM
2016-02-11,16,31.58,29.790792790193283,LightGBM
2016-02-11,17,36.0,35.13199797241561,LightGBM
2016-02-11,18,41.02,41.2648631852929,LightGBM
2016-02-11,19,41.34,40.130808273650565,LightGBM
2016-02-11,20,32.98,34.133616483886264,LightGBM
2016-02-11,21,29.96,28.216183626693876,LightGBM
2016-02-11,22,29.46,28.01678462103496,LightGBM
2016-02-11,23,26.1,26.58660639690975,LightGBM
2016-02-12,0,22.81,25.077107312752656,LightGBM
2016-02-12,1,21.59,24.92093978051319,LightGBM
2016-02-12,2,21.3,23.69538890366697,LightGBM
2016-02-12,3,19.86,23.67050651814589,LightGBM
2016-02-12,4,20.69,24.052213778530657,LightGBM
2016-02-12,5,21.64,25.929781416047508,LightGBM
2016-02-12,6,27.18,33.974761783199575,LightGBM
2016-02-12,7,36.43,43.63057648168873,LightGBM
2016-02-12,8,37.3,45.580751355359666,LightGBM
2016-02-12,9,34.97,45.85841682713498,LightGBM
2016-02-12,10,34.7,44.088307327949884,LightGBM
2016-02-12,11,33.48,41.01718148061429,LightGBM
2016-02-12,12,30.0,38.92479350977444,LightGBM
2016-02-12,13,26.93,37.44786449074385,LightGBM
2016-02-12,14,25.62,38.94755818624735,LightGBM
2016-02-12,15,25.0,39.323523779970685,LightGBM
2016-02-12,16,27.18,40.360300319852726,LightGBM
2016-02-12,17,34.56,45.186159713568564,LightGBM
2016-02-12,18,40.36,56.51372648470474,LightGBM
2016-02-12,19,35.56,51.22591354895229,LightGBM
2016-02-12,20,29.96,43.123662657580645,LightGBM
2016-02-12,21,26.45,38.55015720731673,LightGBM
2016-02-12,22,27.18,34.77288315639695,LightGBM
2016-02-12,23,25.45,29.944266584136294,LightGBM
2016-02-13,0,22.23,26.153019781496056,LightGBM
2016-02-13,1,21.1,22.410041756626214,LightGBM
2016-02-13,2,20.21,22.667830066508134,LightGBM
2016-02-13,3,19.94,20.07392154616935,LightGBM
2016-02-13,4,19.9,19.5529042023889,LightGBM
2016-02-13,5,19.98,18.66065307225887,LightGBM
2016-02-13,6,19.9,16.92553550974659,LightGBM
2016-02-13,7,21.48,19.33563389398956,LightGBM
2016-02-13,8,28.38,22.51661588746445,LightGBM
2016-02-13,9,30.36,24.184056534635076,LightGBM
2016-02-13,10,30.09,25.15648705836152,LightGBM
2016-02-13,11,29.84,24.71990598273473,LightGBM
2016-02-13,12,26.75,24.72588916631356,LightGBM
2016-02-13,13,23.93,20.69002714671751,LightGBM
2016-02-13,14,21.37,19.35030960098113,LightGBM
2016-02-13,15,21.15,19.878745647650707,LightGBM
2016-02-13,16,20.96,21.136965403110313,LightGBM
2016-02-13,17,24.69,25.69579295419079,LightGBM
2016-02-13,18,29.65,29.624393068641975,LightGBM
2016-02-13,19,24.61,26.069156341382975,LightGBM
2016-02-13,20,19.91,25.04427864099961,LightGBM
2016-02-13,21,18.7,23.789452313657616,LightGBM
2016-02-13,22,18.47,24.58094439916862,LightGBM
2016-02-13,23,16.88,21.83402443582568,LightGBM
2016-02-14,0,13.06,12.537110508008835,LightGBM
2016-02-14,1,10.28,11.209583821913117,LightGBM
2016-02-14,2,8.48,10.903965249772254,LightGBM
2016-02-14,3,5.09,8.441877275426632,LightGBM
2016-02-14,4,4.21,8.414362816099086,LightGBM
2016-02-14,5,4.75,8.607641394251456,LightGBM
2016-02-14,6,5.3,7.486486064372299,LightGBM
2016-02-14,7,8.76,9.788992016270218,LightGBM
2016-02-14,8,11.81,12.53603407495107,LightGBM
2016-02-14,9,15.03,15.812442604681715,LightGBM
2016-02-14,10,17.46,16.860994245288836,LightGBM
2016-02-14,11,18.01,16.677750150960744,LightGBM
2016-02-14,12,17.69,18.21801903240749,LightGBM
2016-02-14,13,17.34,15.274423389651403,LightGBM
2016-02-14,14,16.27,14.938330527238199,LightGBM
2016-02-14,15,15.13,14.54156118036673,LightGBM
2016-02-14,16,16.96,16.60026974987679,LightGBM
2016-02-14,17,21.21,19.921489063794894,LightGBM
2016-02-14,18,29.94,27.7817609785454,LightGBM
2016-02-14,19,30.38,27.983931394674602,LightGBM
2016-02-14,20,23.57,28.62334739002724,LightGBM
2016-02-14,21,20.21,26.475063573916664,LightGBM
2016-02-14,22,20.33,27.671449847365803,LightGBM
2016-02-14,23,17.52,24.127619104232718,LightGBM
2016-02-15,0,16.57,17.40902658305128,LightGBM
2016-02-15,1,16.0,15.31749705391274,LightGBM
2016-02-15,2,14.36,16.633272041792072,LightGBM
2016-02-15,3,13.14,13.143541647969547,LightGBM
2016-02-15,4,12.68,13.183647087456423,LightGBM
2016-02-15,5,14.65,16.5755161348872,LightGBM
2016-02-15,6,21.12,26.492081021222006,LightGBM
2016-02-15,7,32.18,38.32579544707123,LightGBM
2016-02-15,8,30.11,39.343370009741896,LightGBM
2016-02-15,9,31.72,36.10167454944701,LightGBM
2016-02-15,10,30.91,36.90483521167981,LightGBM
2016-02-15,11,29.93,36.87924106576198,LightGBM
2016-02-15,12,27.22,37.16620207770304,LightGBM
2016-02-15,13,25.39,37.49100962218416,LightGBM
2016-02-15,14,24.81,35.959683944881384,LightGBM
2016-02-15,15,24.4,34.10671068224783,LightGBM
2016-02-15,16,24.93,34.370395883069314,LightGBM
2016-02-15,17,28.45,35.77158262945122,LightGBM
2016-02-15,18,35.19,41.668437416570406,LightGBM
2016-02-15,19,32.19,41.66837638721252,LightGBM
2016-02-15,20,30.05,37.16128899588124,LightGBM
2016-02-15,21,24.39,32.14191285603541,LightGBM
2016-02-15,22,25.87,31.254208442814527,LightGBM
2016-02-15,23,22.39,27.852519493808295,LightGBM
2016-02-16,0,22.37,22.186513220683995,LightGBM
2016-02-16,1,22.32,21.0524896369446,LightGBM
2016-02-16,2,22.31,20.804627941722806,LightGBM
2016-02-16,3,22.04,21.354651248192468,LightGBM
2016-02-16,4,21.83,21.26539480147694,LightGBM
2016-02-16,5,22.74,21.60994659601524,LightGBM
2016-02-16,6,29.39,31.97903300853815,LightGBM
2016-02-16,7,40.43,39.73243277130122,LightGBM
2016-02-16,8,42.46,44.771234218210495,LightGBM
2016-02-16,9,42.42,41.38308778269701,LightGBM
2016-02-16,10,37.91,39.32742551778192,LightGBM
2016-02-16,11,35.72,39.68246413296225,LightGBM
2016-02-16,12,33.07,39.32580760325543,LightGBM
2016-02-16,13,32.77,40.57263298999028,LightGBM
2016-02-16,14,31.7,37.59347438656092,LightGBM
2016-02-16,15,32.09,37.85321539648543,LightGBM
2016-02-16,16,34.88,40.717944068232896,LightGBM
2016-02-16,17,39.81,41.00936805075516,LightGBM
2016-02-16,18,53.46,52.841721759502576,LightGBM
2016-02-16,19,49.71,48.35179448843351,LightGBM
2016-02-16,20,33.96,40.33192851878964,LightGBM
2016-02-16,21,27.0,33.66614786165477,LightGBM
2016-02-16,22,24.98,31.173733510586445,LightGBM
2016-02-16,23,21.48,27.722507566981033,LightGBM
2016-02-17,0,18.97,22.074237337549178,LightGBM
2016-02-17,1,18.86,19.6617621148063,LightGBM
2016-02-17,2,18.7,18.919500439548013,LightGBM
2016-02-17,3,18.74,17.602878963922606,LightGBM
2016-02-17,4,19.58,18.340766853780977,LightGBM
2016-02-17,5,19.0,22.59318338939612,LightGBM
2016-02-17,6,22.75,28.816954535288183,LightGBM
2016-02-17,7,30.97,39.133569355735546,LightGBM
2016-02-17,8,31.71,38.3128307899305,LightGBM
2016-02-17,9,29.95,33.77663028922227,LightGBM
2016-02-17,10,23.53,31.06168971476303,LightGBM
2016-02-17,11,24.77,28.729190506512957,LightGBM
2016-02-17,12,23.55,28.73648119592235,LightGBM
2016-02-17,13,24.72,29.36153739215209,LightGBM
2016-02-17,14,25.91,31.222704423126643,LightGBM
2016-02-17,15,29.9,35.13104763968449,LightGBM
2016-02-17,16,30.67,37.79090027501729,LightGBM
2016-02-17,17,38.06,41.35348976049343,LightGBM
2016-02-17,18,40.87,50.98704294816436,LightGBM
2016-02-17,19,33.96,48.414598666293934,LightGBM
2016-02-17,20,29.94,38.43501483363696,LightGBM
2016-02-17,21,24.05,33.550277335520406,LightGBM
2016-02-17,22,24.25,31.92463358580732,LightGBM
2016-02-17,23,22.73,28.914976815757058,LightGBM
2016-02-18,0,20.74,22.504365573328403,LightGBM
2016-02-18,1,20.57,22.833594898807878,LightGBM
2016-02-18,2,18.87,22.56560952459407,LightGBM
2016-02-18,3,19.88,23.499763009499688,LightGBM
2016-02-18,4,19.89,22.439849806726112,LightGBM
2016-02-18,5,20.33,23.023141877908934,LightGBM
2016-02-18,6,23.16,30.238946701037523,LightGBM
2016-02-18,7,35.53,41.352863801244695,LightGBM
2016-02-18,8,39.92,42.6906498326569,LightGBM
2016-02-18,9,34.97,40.60524859771979,LightGBM
2016-02-18,10,29.92,39.398658269579414,LightGBM
2016-02-18,11,25.98,38.3524913445775,LightGBM
2016-02-18,12,23.77,33.48304811429816,LightGBM
2016-02-18,13,24.53,34.94911049672081,LightGBM
2016-02-18,14,25.13,34.14731566919426,LightGBM
2016-02-18,15,29.04,37.6030362974349,LightGBM
2016-02-18,16,32.0,38.112674617449414,LightGBM
2016-02-18,17,38.74,42.69285001044059,LightGBM
2016-02-18,18,45.08,57.16910278399028,LightGBM
2016-02-18,19,38.06,50.344618780872004,LightGBM
2016-02-18,20,32.24,40.15904434952716,LightGBM
2016-02-18,21,25.95,33.73419376965045,LightGBM
2016-02-18,22,23.09,30.36980365090875,LightGBM
2016-02-18,23,21.34,27.36055875731766,LightGBM
2016-02-19,0,21.85,22.135729595662642,LightGBM
2016-02-19,1,21.44,20.541136079832462,LightGBM
2016-02-19,2,21.75,19.869051324746735,LightGBM
2016-02-19,3,22.19,20.421727809479183,LightGBM
2016-02-19,4,22.37,20.3154777365108,LightGBM
2016-02-19,5,19.46,21.890898012625644,LightGBM
2016-02-19,6,27.83,29.919340983455328,LightGBM
2016-02-19,7,34.98,40.363816170000675,LightGBM
2016-02-19,8,38.49,43.12803074293231,LightGBM
2016-02-19,9,34.95,42.50783650415547,LightGBM
2016-02-19,10,34.95,41.9847862444587,LightGBM
2016-02-19,11,37.91,42.80078718667658,LightGBM
2016-02-19,12,31.55,40.41479691808487,LightGBM
2016-02-19,13,27.93,39.213231265471784,LightGBM
2016-02-19,14,25.25,34.0909606971054,LightGBM
2016-02-19,15,25.09,35.717028913460354,LightGBM
2016-02-19,16,24.84,37.135453360561954,LightGBM
2016-02-19,17,30.04,39.04151042376943,LightGBM
2016-02-19,18,34.94,41.523977914015305,LightGBM
2016-02-19,19,27.99,37.75478172418958,LightGBM
2016-02-19,20,23.69,28.760006236000255,LightGBM
2016-02-19,21,24.93,24.20759314694878,LightGBM
2016-02-19,22,23.38,22.4020828825302,LightGBM
2016-02-19,23,18.9,19.072548107236734,LightGBM
2016-02-20,0,18.3,11.173568312138517,LightGBM
2016-02-20,1,16.82,11.620159330249775,LightGBM
2016-02-20,2,11.54,8.64265365593516,LightGBM
2016-02-20,3,9.69,8.069903355078523,LightGBM
2016-02-20,4,9.52,7.328689734477704,LightGBM
2016-02-20,5,5.01,7.841550628085463,LightGBM
2016-02-20,6,5.06,9.460896575685084,LightGBM
2016-02-20,7,9.09,11.774828720609369,LightGBM
2016-02-20,8,8.69,15.963549077973774,LightGBM
2016-02-20,9,13.43,16.43602557671471,LightGBM
2016-02-20,10,16.36,16.48213069114344,LightGBM
2016-02-20,11,17.0,17.703846360687958,LightGBM
2016-02-20,12,16.96,15.455021876813243,LightGBM
2016-02-20,13,15.94,14.386338954447682,LightGBM
2016-02-20,14,15.77,14.592428516706903,LightGBM
2016-02-20,15,16.05,15.194367278209354,LightGBM
2016-02-20,16,16.15,15.87684201546751,LightGBM
2016-02-20,17,18.99,22.96718779612647,LightGBM
2016-02-20,18,24.22,27.047819506937348,LightGBM
2016-02-20,19,23.49,25.41457795795273,LightGBM
2016-02-20,20,18.96,19.278108439434018,LightGBM
2016-02-20,21,13.92,15.77701957410104,LightGBM
2016-02-20,22,11.79,14.692978413617912,LightGBM
2016-02-20,23,7.81,8.130764198807979,LightGBM
2016-02-21,0,9.37,3.019790319932261,LightGBM
2016-02-21,1,6.52,-0.9978454836446469,LightGBM
2016-02-21,2,5.09,-1.9883416191354382,LightGBM
2016-02-21,3,3.14,-0.22418042753427622,LightGBM
2016-02-21,4,0.46,0.5781438239425127,LightGBM
2016-02-21,5,0.13,-1.253072511564371,LightGBM
2016-02-21,6,-0.05,-3.5043162623306654,LightGBM
2016-02-21,7,0.13,0.6117787791997593,LightGBM
2016-02-21,8,5.62,1.934440087286797,LightGBM
2016-02-21,9,10.81,8.594620268676072,LightGBM
2016-02-21,10,13.07,10.598959168430797,LightGBM
2016-02-21,11,14.94,12.975742571262229,LightGBM
2016-02-21,12,14.95,12.565925852976992,LightGBM
2016-02-21,13,10.6,10.60750777847302,LightGBM
2016-02-21,14,7.71,8.165601870502096,LightGBM
2016-02-21,15,4.95,7.455393573260812,LightGBM
2016-02-21,16,7.69,8.534432454286033,LightGBM
2016-02-21,17,14.34,16.289734638465067,LightGBM
2016-02-21,18,18.61,22.20882811921026,LightGBM
2016-02-21,19,18.2,18.472301351842674,LightGBM
2016-02-21,20,12.0,17.777128891788145,LightGBM
2016-02-21,21,12.64,13.847322523754732,LightGBM
2016-02-21,22,13.94,11.620954929903885,LightGBM
2016-02-21,23,9.31,5.980322813505423,LightGBM
2016-02-22,0,-4.93,5.805591580248266,LightGBM
2016-02-22,1,-4.98,1.6623558914996561,LightGBM
2016-02-22,2,-5.08,0.09757200478604035,LightGBM
2016-02-22,3,-1.02,0.5002347391219915,LightGBM
2016-02-22,4,-0.97,1.3793468969363902,LightGBM
2016-02-22,5,7.63,6.107571112013503,LightGBM
2016-02-22,6,18.05,15.95965560186233,LightGBM
2016-02-22,7,26.38,24.679578570025306,LightGBM
2016-02-22,8,27.92,25.28710910041683,LightGBM
2016-02-22,9,23.97,23.39169382821304,LightGBM
2016-02-22,10,23.11,24.74706609885576,LightGBM
2016-02-22,11,23.93,25.150032229021566,LightGBM
2016-02-22,12,24.0,25.377885326618685,LightGBM
2016-02-22,13,24.52,24.287447211055806,LightGBM
2016-02-22,14,23.98,25.93726477191815,LightGBM
2016-02-22,15,23.91,26.609768334543247,LightGBM
2016-02-22,16,23.92,28.942515611458866,LightGBM
2016-02-22,17,27.93,31.92018818579597,LightGBM
2016-02-22,18,40.13,39.356766562551115,LightGBM
2016-02-22,19,39.45,36.89870792604643,LightGBM
2016-02-22,20,29.37,30.49797651698198,LightGBM
2016-02-22,21,24.69,26.07461846859425,LightGBM
2016-02-22,22,25.08,27.242082028319235,LightGBM
2016-02-22,23,19.56,22.65009440634059,LightGBM
2016-02-23,0,17.81,17.897504175126002,LightGBM
2016-02-23,1,14.28,16.132639553119407,LightGBM
2016-02-23,2,17.23,14.45144999910379,LightGBM
2016-02-23,3,17.47,13.530903749041402,LightGBM
2016-02-23,4,17.83,12.807481180856888,LightGBM
2016-02-23,5,19.15,17.151373848743507,LightGBM
2016-02-23,6,27.32,25.90008464042874,LightGBM
2016-02-23,7,30.62,35.8102278768105,LightGBM
2016-02-23,8,31.9,35.90059423763603,LightGBM
2016-02-23,9,31.09,34.31976805744327,LightGBM
2016-02-23,10,29.19,34.415052591206496,LightGBM
2016-02-23,11,30.68,33.39977536869627,LightGBM
2016-02-23,12,25.92,30.624291248086237,LightGBM
2016-02-23,13,24.96,28.277435660033444,LightGBM
2016-02-23,14,23.9,28.892439961915198,LightGBM
2016-02-23,15,24.13,28.636332918675635,LightGBM
2016-02-23,16,24.36,30.893373949497775,LightGBM
2016-02-23,17,30.08,36.464771040714275,LightGBM
2016-02-23,18,36.75,37.88700484863581,LightGBM
2016-02-23,19,29.94,39.73916368957008,LightGBM
2016-02-23,20,22.96,31.691294571110216,LightGBM
2016-02-23,21,23.23,26.430538532035207,LightGBM
2016-02-23,22,19.76,25.43985324304092,LightGBM
2016-02-23,23,17.9,21.154956651106367,LightGBM
2016-02-24,0,18.04,14.11670897440128,LightGBM
2016-02-24,1,16.59,13.50605391734421,LightGBM
2016-02-24,2,13.61,12.250894283556573,LightGBM
2016-02-24,3,13.66,12.844628734711153,LightGBM
2016-02-24,4,17.43,11.407366177898133,LightGBM
2016-02-24,5,18.92,16.365860611388534,LightGBM
2016-02-24,6,23.15,22.552241950792183,LightGBM
2016-02-24,7,33.69,31.1292358042501,LightGBM
2016-02-24,8,30.99,29.887685652593447,LightGBM
2016-02-24,9,25.04,25.45246895098883,LightGBM
2016-02-24,10,23.41,25.033726872261052,LightGBM
2016-02-24,11,22.56,24.00221904043603,LightGBM
2016-02-24,12,22.03,22.158172337070148,LightGBM
2016-02-24,13,22.05,22.106627816990652,LightGBM
2016-02-24,14,22.56,21.24829638742914,LightGBM
2016-02-24,15,24.0,24.971965586543266,LightGBM
2016-02-24,16,25.05,26.484973744691708,LightGBM
2016-02-24,17,31.96,33.09980050435186,LightGBM
2016-02-24,18,35.68,41.493351372814836,LightGBM
2016-02-24,19,36.41,41.08158506327767,LightGBM
2016-02-24,20,30.51,33.22972811189069,LightGBM
2016-02-24,21,23.97,28.591125809061666,LightGBM
2016-02-24,22,22.96,28.991082283704028,LightGBM
2016-02-24,23,20.56,25.054787953063407,LightGBM
2016-02-25,0,24.04,20.752794842986578,LightGBM
2016-02-25,1,22.58,18.907644317756635,LightGBM
2016-02-25,2,21.26,19.533874357488795,LightGBM
2016-02-25,3,20.09,20.49201914548989,LightGBM
2016-02-25,4,19.94,19.759668968352575,LightGBM
2016-02-25,5,21.7,19.24659171247853,LightGBM
2016-02-25,6,27.19,28.768146036323344,LightGBM
2016-02-25,7,36.04,36.822374876192164,LightGBM
2016-02-25,8,38.29,36.812153105353765,LightGBM
2016-02-25,9,34.44,33.22660469676129,LightGBM
2016-02-25,10,32.12,32.150986344829306,LightGBM
2016-02-25,11,30.44,29.757217392487924,LightGBM
2016-02-25,12,26.55,26.988649625136503,LightGBM
2016-02-25,13,26.01,26.103188513243452,LightGBM
2016-02-25,14,25.0,26.315122519669604,LightGBM
2016-02-25,15,24.78,27.579710892887007,LightGBM
2016-02-25,16,25.39,31.15020429600726,LightGBM
2016-02-25,17,31.16,34.93549821171197,LightGBM
2016-02-25,18,39.91,39.7891738449,LightGBM
2016-02-25,19,36.51,40.60774759059064,LightGBM
2016-02-25,20,31.54,33.64300387712424,LightGBM
2016-02-25,21,25.2,28.136120077311126,LightGBM
2016-02-25,22,25.1,26.480975077840668,LightGBM
2016-02-25,23,23.84,23.365333821653454,LightGBM
2016-02-26,0,21.66,22.265559500084724,LightGBM
2016-02-26,1,21.69,22.387971603022265,LightGBM
2016-02-26,2,21.11,21.601568903084576,LightGBM
2016-02-26,3,20.0,21.26543481453385,LightGBM
2016-02-26,4,21.02,21.84829458632891,LightGBM
2016-02-26,5,22.07,22.40207915617137,LightGBM
2016-02-26,6,27.35,27.880878482766533,LightGBM
2016-02-26,7,32.93,35.519307450995385,LightGBM
2016-02-26,8,36.08,38.49178181118418,LightGBM
2016-02-26,9,33.48,34.94406141483664,LightGBM
2016-02-26,10,31.68,34.07447360128452,LightGBM
2016-02-26,11,29.5,30.88048447934681,LightGBM
2016-02-26,12,27.47,27.163720014363847,LightGBM
2016-02-26,13,25.06,28.255455645894763,LightGBM
2016-02-26,14,24.0,26.5586424488028,LightGBM
2016-02-26,15,25.11,29.965270667593707,LightGBM
2016-02-26,16,26.94,31.76621353321283,LightGBM
2016-02-26,17,33.98,36.850973971252884,LightGBM
2016-02-26,18,39.94,49.35531548733206,LightGBM
2016-02-26,19,37.55,45.79598054533336,LightGBM
2016-02-26,20,31.18,38.17580734030673,LightGBM
2016-02-26,21,26.35,34.49005686510065,LightGBM
2016-02-26,22,26.86,31.489948139382665,LightGBM
2016-02-26,23,25.0,28.02852151344649,LightGBM
2016-02-27,0,26.94,24.657332117462055,LightGBM
2016-02-27,1,23.02,22.76574972323931,LightGBM
2016-02-27,2,21.77,23.71433417454242,LightGBM
2016-02-27,3,19.76,21.540488111073287,LightGBM
2016-02-27,4,19.83,20.796978479118334,LightGBM
2016-02-27,5,20.16,20.660447921102623,LightGBM
2016-02-27,6,21.18,18.18242523166051,LightGBM
2016-02-27,7,22.76,21.262134973764635,LightGBM
2016-02-27,8,25.71,24.410580899321236,LightGBM
2016-02-27,9,26.79,25.731375340446107,LightGBM
2016-02-27,10,23.24,26.29880916406352,LightGBM
2016-02-27,11,21.17,25.016118454252364,LightGBM
2016-02-27,12,19.92,22.598282858171082,LightGBM
2016-02-27,13,19.49,19.737757786492132,LightGBM
2016-02-27,14,19.68,19.24967493605481,LightGBM
2016-02-27,15,19.93,19.360882048558015,LightGBM
2016-02-27,16,20.21,22.000119407567063,LightGBM
2016-02-27,17,24.97,26.937404220663645,LightGBM
2016-02-27,18,32.04,31.92207267522661,LightGBM
2016-02-27,19,31.91,30.776038933367133,LightGBM
2016-02-27,20,25.72,26.6955510544387,LightGBM
2016-02-27,21,21.74,25.870806235504652,LightGBM
2016-02-27,22,23.1,25.866806711899113,LightGBM
2016-02-27,23,20.98,24.39310002334871,LightGBM
2016-02-28,0,19.9,19.294495152223835,LightGBM
2016-02-28,1,18.39,16.846997949542622,LightGBM
2016-02-28,2,18.01,15.978749911388409,LightGBM
2016-02-28,3,17.62,15.625077986940793,LightGBM
2016-02-28,4,17.31,14.923371241621135,LightGBM
2016-02-28,5,17.46,13.477091537159328,LightGBM
2016-02-28,6,17.51,14.642069938020676,LightGBM
2016-02-28,7,17.58,14.851994075959158,LightGBM
2016-02-28,8,17.9,17.287499502179568,LightGBM
2016-02-28,9,19.02,20.845084443153375,LightGBM
2016-02-28,10,19.01,20.310461786377584,LightGBM
2016-02-28,11,19.02,21.59094286720385,LightGBM
2016-02-28,12,16.6,20.830723048173514,LightGBM
2016-02-28,13,14.06,18.092634419194034,LightGBM
2016-02-28,14,12.45,16.567673204026885,LightGBM
2016-02-28,15,12.21,14.225578512712003,LightGBM
2016-02-28,16,13.26,15.019245461002816,LightGBM
2016-02-28,17,19.11,19.644091170428318,LightGBM
2016-02-28,18,24.6,27.566872846321072,LightGBM
2016-02-28,19,26.98,28.28144692202263,LightGBM
2016-02-28,20,21.81,26.148424856821123,LightGBM
2016-02-28,21,19.9,23.24401925704788,LightGBM
2016-02-28,22,20.44,26.8394866565338,LightGBM
2016-02-28,23,19.93,23.12480686555938,LightGBM
2016-02-29,0,19.12,18.35506996835005,LightGBM
2016-02-29,1,17.77,15.118740125167669,LightGBM
2016-02-29,2,17.6,17.181470238221813,LightGBM
2016-02-29,3,16.77,14.020350072336974,LightGBM
2016-02-29,4,17.01,13.769302907186242,LightGBM
2016-02-29,5,18.49,16.9143994416941,LightGBM
2016-02-29,6,28.23,26.513467944012202,LightGBM
2016-02-29,7,34.72,36.255314578228,LightGBM
2016-02-29,8,32.96,37.52570813675715,LightGBM
2016-02-29,9,27.99,32.86603148330655,LightGBM
2016-02-29,10,24.92,30.19218368684878,LightGBM
2016-02-29,11,23.48,27.879945523525326,LightGBM
2016-02-29,12,22.77,26.824562680719264,LightGBM
2016-02-29,13,22.2,27.340336389322538,LightGBM
2016-02-29,14,22.0,25.70627352168953,LightGBM
2016-02-29,15,22.24,26.925843559703253,LightGBM
2016-02-29,16,22.57,27.201996630589278,LightGBM
2016-02-29,17,26.58,30.778942057101364,LightGBM
2016-02-29,18,34.03,35.20845040550851,LightGBM
2016-02-29,19,31.21,36.19999630211763,LightGBM
2016-02-29,20,27.14,31.2525919568556,LightGBM
2016-02-29,21,23.04,27.05271495267372,LightGBM
2016-02-29,22,22.55,25.721112955803946,LightGBM
2016-02-29,23,19.29,23.150409913469783,LightGBM
2016-03-01,0,22.48,21.557101916612073,LightGBM
2016-03-01,1,22.08,18.466992699995938,LightGBM
2016-03-01,2,19.87,18.81854506902921,LightGBM
2016-03-01,3,19.13,19.027687026318606,LightGBM
2016-03-01,4,19.33,18.956899914835063,LightGBM
2016-03-01,5,20.18,19.946381322016894,LightGBM
2016-03-01,6,25.59,29.305418597948066,LightGBM
2016-03-01,7,32.93,38.51552473522176,LightGBM
2016-03-01,8,37.86,40.360827380798554,LightGBM
2016-03-01,9,34.95,37.46716106100565,LightGBM
2016-03-01,10,31.9,35.1654230718642,LightGBM
2016-03-01,11,30.06,36.233595302142234,LightGBM
2016-03-01,12,28.8,34.08905939719883,LightGBM
2016-03-01,13,27.96,31.067643293193598,LightGBM
2016-03-01,14,25.55,28.957605333300446,LightGBM
2016-03-01,15,25.48,27.538349340733816,LightGBM
2016-03-01,16,23.97,27.64322726666324,LightGBM
2016-03-01,17,26.95,30.159198992984415,LightGBM
2016-03-01,18,26.0,33.363635105636405,LightGBM
2016-03-01,19,22.63,30.792626571300655,LightGBM
2016-03-01,20,21.26,24.166749562558504,LightGBM
2016-03-01,21,19.52,21.752912966790376,LightGBM
2016-03-01,22,18.39,20.072602167025547,LightGBM
2016-03-01,23,17.06,14.773677209971714,LightGBM
2016-03-02,0,10.58,13.890565277822038,LightGBM
2016-03-02,1,13.56,12.02695536079232,LightGBM
2016-03-02,2,12.69,12.05176778971959,LightGBM
2016-03-02,3,12.62,11.823119301060592,LightGBM
2016-03-02,4,13.27,11.595315208759118,LightGBM
2016-03-02,5,15.85,14.937057624790931,LightGBM
2016-03-02,6,21.45,21.908761617557378,LightGBM
2016-03-02,7,23.08,30.254075343340006,LightGBM
2016-03-02,8,25.96,30.12011395235094,LightGBM
2016-03-02,9,24.68,28.022444848125538,LightGBM
2016-03-02,10,26.7,27.468209886465317,LightGBM
2016-03-02,11,28.0,27.210469629500665,LightGBM
2016-03-02,12,27.43,27.898280520927095,LightGBM
2016-03-02,13,26.0,28.00619654843344,LightGBM
2016-03-02,14,25.92,27.02153162845616,LightGBM
2016-03-02,15,28.06,26.45333561755308,LightGBM
2016-03-02,16,28.56,25.65688078013848,LightGBM
2016-03-02,17,31.99,31.66185357059644,LightGBM
2016-03-02,18,40.0,36.71552651401069,LightGBM
2016-03-02,19,36.87,38.38730729454444,LightGBM
2016-03-02,20,30.99,29.93710381901676,LightGBM
2016-03-02,21,27.07,25.696325464706906,LightGBM
2016-03-02,22,24.27,25.266569221367792,LightGBM
2016-03-02,23,21.58,23.60767625941774,LightGBM
2016-03-03,0,20.02,21.406381353738656,LightGBM
2016-03-03,1,19.29,20.119801208806365,LightGBM
2016-03-03,2,18.64,19.445365967961077,LightGBM
2016-03-03,3,17.93,20.551732371254488,LightGBM
2016-03-03,4,18.26,20.464308094287084,LightGBM
2016-03-03,5,19.38,22.037404896794982,LightGBM
2016-03-03,6,24.58,28.20106495563158,LightGBM
2016-03-03,7,30.93,38.294705411926074,LightGBM
2016-03-03,8,31.04,39.98959418347405,LightGBM
2016-03-03,9,30.94,37.145206314658836,LightGBM
2016-03-03,10,30.57,38.49205307354728,LightGBM
2016-03-03,11,31.94,37.68064437415229,LightGBM
2016-03-03,12,30.07,36.75651048928951,LightGBM
2016-03-03,13,30.53,34.743184337785735,LightGBM
2016-03-03,14,30.06,33.430757664974664,LightGBM
2016-03-03,15,30.97,32.709576117702404,LightGBM
2016-03-03,16,30.96,32.67158156209538,LightGBM
2016-03-03,17,32.85,37.04361658246446,LightGBM
2016-03-03,18,42.71,48.09943406632926,LightGBM
2016-03-03,19,42.92,45.23681496408474,LightGBM
2016-03-03,20,33.98,36.58024301592703,LightGBM
2016-03-03,21,28.97,32.45850261064485,LightGBM
2016-03-03,22,25.92,27.408346093049445,LightGBM
2016-03-03,23,23.11,24.577117152600028,LightGBM
2016-03-04,0,22.15,22.992985748201566,LightGBM
2016-03-04,1,20.03,22.78961045851007,LightGBM
2016-03-04,2,19.75,22.015735908908894,LightGBM
2016-03-04,3,19.19,21.009326383407263,LightGBM
2016-03-04,4,18.99,20.68818385226919,LightGBM
2016-03-04,5,20.18,23.613826601082344,LightGBM
2016-03-04,6,26.92,29.82916101194691,LightGBM
2016-03-04,7,31.73,37.094449903255516,LightGBM
2016-03-04,8,33.97,38.32243205609649,LightGBM
2016-03-04,9,30.04,33.14458058603794,LightGBM
2016-03-04,10,26.69,29.007393662234378,LightGBM
2016-03-04,11,23.78,28.130278804491702,LightGBM
2016-03-04,12,22.48,24.88840367226656,LightGBM
2016-03-04,13,21.78,23.418191547411936,LightGBM
2016-03-04,14,21.86,22.382775264852707,LightGBM
2016-03-04,15,22.48,21.65903660551766,LightGBM
2016-03-04,16,24.17,23.94366825223056,LightGBM
2016-03-04,17,29.2,27.337858764208764,LightGBM
2016-03-04,18,33.99,32.31341844316534,LightGBM
2016-03-04,19,31.06,32.04032986902601,LightGBM
2016-03-04,20,27.9,26.19397160080367,LightGBM
2016-03-04,21,23.52,23.38340389384248,LightGBM
2016-03-04,22,23.8,23.385244486555017,LightGBM
2016-03-04,23,21.55,19.06270789623416,LightGBM
2016-03-05,0,19.15,19.67992021460488,LightGBM
2016-03-05,1,19.17,18.76072215684292,LightGBM
2016-03-05,2,19.04,16.020250647742152,LightGBM
2016-03-05,3,18.96,16.785529721949246,LightGBM
2016-03-05,4,18.88,16.083051021757306,LightGBM
2016-03-05,5,19.01,16.884696433371147,LightGBM
2016-03-05,6,19.16,16.2746883884534,LightGBM
2016-03-05,7,20.75,19.09110394439786,LightGBM
2016-03-05,8,24.55,21.02678799485684,LightGBM
2016-03-05,9,26.9,26.01226732336011,LightGBM
2016-03-05,10,24.78,28.102430090875433,LightGBM
2016-03-05,11,24.63,29.16037095101791,LightGBM
2016-03-05,12,24.25,28.46286597172333,LightGBM
2016-03-05,13,21.14,25.748492754726776,LightGBM
2016-03-05,14,20.42,23.75143191508628,LightGBM
2016-03-05,15,20.57,21.91250297960166,LightGBM
2016-03-05,16,21.25,22.48192615433077,LightGBM
2016-03-05,17,25.92,28.85762786976615,LightGBM
2016-03-05,18,34.02,33.7231829617088,LightGBM
2016-03-05,19,35.0,34.77113081358622,LightGBM
2016-03-05,20,27.86,30.847335154493678,LightGBM
2016-03-05,21,24.44,26.875667085878522,LightGBM
2016-03-05,22,25.18,26.879876592303404,LightGBM
2016-03-05,23,20.0,24.739864786298998,LightGBM
2016-03-06,0,20.69,19.452975283216347,LightGBM
2016-03-06,1,19.94,16.988670580679553,LightGBM
2016-03-06,2,19.13,15.469102146895576,LightGBM
2016-03-06,3,18.69,14.927284818525667,LightGBM
2016-03-06,4,18.58,14.354534394336596,LightGBM
2016-03-06,5,18.83,13.668324234164764,LightGBM
2016-03-06,6,18.65,13.49099691069682,LightGBM
2016-03-06,7,18.78,15.012307205034356,LightGBM
2016-03-06,8,19.28,16.763569109829437,LightGBM
2016-03-06,9,19.99,20.407682731912228,LightGBM
2016-03-06,10,20.26,21.991854929760468,LightGBM
2016-03-06,11,20.51,23.013656351205956,LightGBM
2016-03-06,12,20.02,21.297196796958527,LightGBM
2016-03-06,13,19.14,16.095064907984614,LightGBM
2016-03-06,14,18.24,16.096106861709018,LightGBM
2016-03-06,15,18.23,14.909419972038018,LightGBM
2016-03-06,16,18.73,16.448922786885046,LightGBM
2016-03-06,17,20.57,20.76849119802925,LightGBM
2016-03-06,18,28.93,28.72975263618378,LightGBM
2016-03-06,19,31.62,30.186687946501024,LightGBM
2016-03-06,20,29.17,28.87375989309035,LightGBM
2016-03-06,21,25.44,25.126920429621443,LightGBM
2016-03-06,22,27.44,26.098076939540945,LightGBM
2016-03-06,23,21.15,21.908047873804637,LightGBM
2016-03-07,0,22.04,20.866263726406185,LightGBM
2016-03-07,1,22.05,19.1092751470775,LightGBM
2016-03-07,2,20.34,17.86550574388557,LightGBM
2016-03-07,3,20.02,17.526145578219655,LightGBM
2016-03-07,4,20.09,19.47334861345505,LightGBM
2016-03-07,5,21.87,19.778094954692605,LightGBM
2016-03-07,6,32.34,29.414531199216626,LightGBM
2016-03-07,7,35.97,36.864841150322995,LightGBM
2016-03-07,8,37.79,41.52655850438695,LightGBM
2016-03-07,9,33.07,37.480601171890015,LightGBM
2016-03-07,10,31.98,33.98650480430199,LightGBM
2016-03-07,11,29.96,34.27133957726234,LightGBM
2016-03-07,12,27.98,32.26136086855644,LightGBM
2016-03-07,13,27.44,32.25496048756523,LightGBM
2016-03-07,14,27.72,30.731459473901435,LightGBM
2016-03-07,15,27.1,32.36580322356651,LightGBM
2016-03-07,16,30.07,33.80456860584369,LightGBM
2016-03-07,17,33.97,35.89016257425158,LightGBM
2016-03-07,18,48.29,44.80839810314085,LightGBM
2016-03-07,19,46.65,45.73679256004144,LightGBM
2016-03-07,20,30.03,38.76650411031636,LightGBM
2016-03-07,21,27.95,33.918547609710224,LightGBM
2016-03-07,22,26.96,31.395338460494575,LightGBM
2016-03-07,23,24.47,26.812041513487397,LightGBM
2016-03-08,0,22.39,26.443715291383857,LightGBM
2016-03-08,1,22.91,25.337956708227146,LightGBM
2016-03-08,2,22.81,25.57993910018113,LightGBM
2016-03-08,3,22.0,24.696871251916455,LightGBM
2016-03-08,4,21.67,24.14585616354575,LightGBM
2016-03-08,5,22.7,23.68952388307332,LightGBM
2016-03-08,6,27.44,30.0759399182738,LightGBM
2016-03-08,7,37.73,37.1520784166674,LightGBM
2016-03-08,8,39.08,38.115332106589065,LightGBM
2016-03-08,9,34.98,37.07331757143066,LightGBM
2016-03-08,10,28.61,32.22845895567793,LightGBM
2016-03-08,11,25.42,30.88700166278565,LightGBM
2016-03-08,12,25.1,29.971702007829524,LightGBM
2016-03-08,13,24.64,27.022306193460025,LightGBM
2016-03-08,14,24.81,26.583489011089544,LightGBM
2016-03-08,15,25.09,28.963228564409576,LightGBM
2016-03-08,16,27.92,30.74171243511635,LightGBM
2016-03-08,17,33.1,35.48320917535841,LightGBM
2016-03-08,18,44.93,46.71402424049327,LightGBM
2016-03-08,19,40.58,45.0562625529393,LightGBM
2016-03-08,20,31.94,34.359013945419896,LightGBM
2016-03-08,21,25.07,28.32275217376956,LightGBM
2016-03-08,22,27.2,25.417856654230093,LightGBM
2016-03-08,23,22.61,24.482367578938824,LightGBM
2016-03-09,0,23.8,21.974791238978096,LightGBM
2016-03-09,1,22.03,19.9541254683698,LightGBM
2016-03-09,2,20.94,17.986902332457834,LightGBM
2016-03-09,3,20.08,16.191165052223244,LightGBM
2016-03-09,4,20.01,17.80598139110484,LightGBM
2016-03-09,5,21.14,19.758430291053447,LightGBM
2016-03-09,6,24.95,25.77221830653629,LightGBM
2016-03-09,7,31.92,32.42051204912746,LightGBM
2016-03-09,8,29.91,34.03995707635878,LightGBM
2016-03-09,9,25.03,25.39710640431934,LightGBM
2016-03-09,10,23.43,22.174227721288275,LightGBM
2016-03-09,11,23.85,22.192441205342092,LightGBM
2016-03-09,12,22.28,19.779841555150938,LightGBM
2016-03-09,13,21.96,20.632474906769502,LightGBM
2016-03-09,14,22.48,21.427621170518027,LightGBM
2016-03-09,15,23.05,23.75115937808962,LightGBM
2016-03-09,16,24.83,24.594745292725516,LightGBM
2016-03-09,17,33.0,31.425442515085116,LightGBM
2016-03-09,18,38.77,38.4480466976239,LightGBM
2016-03-09,19,37.99,39.01529606684917,LightGBM
2016-03-09,20,29.81,29.003239766444523,LightGBM
2016-03-09,21,25.8,24.791936067984388,LightGBM
2016-03-09,22,27.51,24.450505965220042,LightGBM
2016-03-09,23,23.41,21.068908654453374,LightGBM
2016-03-10,0,19.72,21.56124186767596,LightGBM
2016-03-10,1,20.17,21.38184592666528,LightGBM
2016-03-10,2,20.04,21.477794790311542,LightGBM
2016-03-10,3,20.16,21.044022850582557,LightGBM
2016-03-10,4,20.94,21.265304200798315,LightGBM
2016-03-10,5,21.6,21.57356086398142,LightGBM
2016-03-10,6,28.48,27.985255759107396,LightGBM
2016-03-10,7,35.44,38.27508412326946,LightGBM
2016-03-10,8,31.99,37.85805756015749,LightGBM
2016-03-10,9,30.07,34.038152434197094,LightGBM
2016-03-10,10,25.53,31.1536719964981,LightGBM
2016-03-10,11,24.71,33.71887572561156,LightGBM
2016-03-10,12,26.35,31.785199573127176,LightGBM
2016-03-10,13,25.0,28.5265117900172,LightGBM
2016-03-10,14,25.0,29.08046906779387,LightGBM
2016-03-10,15,24.89,31.924058828892125,LightGBM
2016-03-10,16,25.03,32.72256803542142,LightGBM
2016-03-10,17,29.95,37.40195101708798,LightGBM
2016-03-10,18,35.49,44.467764884958996,LightGBM
2016-03-10,19,37.79,43.96142407553295,LightGBM
2016-03-10,20,30.02,36.97484038549241,LightGBM
2016-03-10,21,25.31,27.812863919553834,LightGBM
2016-03-10,22,22.72,27.659530162334022,LightGBM
2016-03-10,23,21.32,24.67724929254139,LightGBM
2016-03-11,0,22.03,21.608524133305256,LightGBM
2016-03-11,1,20.85,21.055835492697955,LightGBM
2016-03-11,2,21.03,20.69699327939399,LightGBM
2016-03-11,3,21.06,20.666244478599932,LightGBM
2016-03-11,4,21.75,21.186635673212724,LightGBM
2016-03-11,5,22.39,20.937941677328713,LightGBM
2016-03-11,6,28.34,28.12495846492839,LightGBM
2016-03-11,7,34.47,35.5603890159651,LightGBM
2016-03-11,8,38.34,38.5700350131224,LightGBM
2016-03-11,9,36.69,33.154529202759996,LightGBM
2016-03-11,10,32.91,32.127557172927375,LightGBM
2016-03-11,11,31.98,33.35159272225634,LightGBM
2016-03-11,12,29.81,31.33659742307429,LightGBM
2016-03-11,13,27.03,31.435837360196928,LightGBM
2016-03-11,14,25.01,28.79201417248883,LightGBM
2016-03-11,15,24.92,26.237200728542515,LightGBM
2016-03-11,16,24.88,29.449394824928483,LightGBM
2016-03-11,17,27.9,32.49136537681919,LightGBM
2016-03-11,18,32.55,41.83144533517177,LightGBM
2016-03-11,19,35.69,39.137849989791846,LightGBM
2016-03-11,20,30.33,31.97806225568782,LightGBM
2016-03-11,21,26.77,26.644263026081518,LightGBM
2016-03-11,22,28.2,25.935830645947703,LightGBM
2016-03-11,23,25.21,22.92221508613226,LightGBM
2016-03-12,0,29.01,23.640355126326178,LightGBM
2016-03-12,1,26.1,22.943643236758458,LightGBM
2016-03-12,2,25.69,21.488762417299984,LightGBM
2016-03-12,3,24.5,22.134540400245786,LightGBM
2016-03-12,4,23.26,21.936952572261973,LightGBM
2016-03-12,5,24.5,21.332699509451768,LightGBM
2016-03-12,6,25.45,20.22161619553401,LightGBM
2016-03-12,7,25.51,22.563222384503966,LightGBM
2016-03-12,8,28.91,24.52392863716151,LightGBM
2016-03-12,9,30.09,27.329122913368934,LightGBM
2016-03-12,10,29.26,25.219342598950465,LightGBM
2016-03-12,11,28.44,26.943889153621203,LightGBM
2016-03-12,12,27.6,26.47997445007652,LightGBM
2016-03-12,13,25.01,22.751948904281647,LightGBM
2016-03-12,14,23.38,20.724481174063783,LightGBM
2016-03-12,15,22.96,20.77171410336205,LightGBM
2016-03-12,16,23.67,21.204122485905845,LightGBM
2016-03-12,17,27.07,25.50175090242777,LightGBM
2016-03-12,18,34.09,33.15733570957002,LightGBM
2016-03-12,19,36.97,34.94693389522526,LightGBM
2016-03-12,20,35.0,29.342602890925992,LightGBM
2016-03-12,21,30.17,26.444594721867848,LightGBM
2016-03-12,22,30.91,25.422536174527526,LightGBM
2016-03-12,23,30.0,22.76779655991731,LightGBM
2016-03-13,0,26.51,26.19746062129619,LightGBM
2016-03-13,1,22.65,23.447555011643356,LightGBM
2016-03-13,2,21.67,21.987262978155734,LightGBM
2016-03-13,3,21.05,19.80232334983704,LightGBM
2016-03-13,4,21.12,20.077451344490928,LightGBM
2016-03-13,5,21.17,19.368431147654118,LightGBM
2016-03-13,6,21.11,20.271651867710634,LightGBM
2016-03-13,7,21.08,19.718213599590275,LightGBM
2016-03-13,8,21.31,21.7887565067479,LightGBM
2016-03-13,9,21.69,24.281980828873998,LightGBM
2016-03-13,10,21.73,23.306409502622405,LightGBM
2016-03-13,11,21.69,25.48879598476239,LightGBM
2016-03-13,12,21.07,24.219135011437,LightGBM
2016-03-13,13,19.4,20.539495803084296,LightGBM
2016-03-13,14,17.78,18.967781438280422,LightGBM
2016-03-13,15,17.46,17.397896888323586,LightGBM
2016-03-13,16,18.08,18.67455620677568,LightGBM
2016-03-13,17,20.19,21.648536337145604,LightGBM
2016-03-13,18,26.08,29.63369587720032,LightGBM
2016-03-13,19,33.55,33.142716108161075,LightGBM
2016-03-13,20,31.05,31.536518531859837,LightGBM
2016-03-13,21,27.24,29.228018000985355,LightGBM
2016-03-13,22,28.93,28.60121852379314,LightGBM
2016-03-13,23,26.63,25.991551766309694,LightGBM
2016-03-14,0,22.39,24.153864781595534,LightGBM
2016-03-14,1,20.7,21.646114625336693,LightGBM
2016-03-14,2,20.22,21.293317406204718,LightGBM
2016-03-14,3,19.99,20.235401858612374,LightGBM
2016-03-14,4,20.36,21.198344815940793,LightGBM
2016-03-14,5,21.92,24.976406570215406,LightGBM
2016-03-14,6,29.46,34.34555766097699,LightGBM
2016-03-14,7,35.43,40.96033385010421,LightGBM
2016-03-14,8,35.81,41.33801536335331,LightGBM
2016-03-14,9,31.75,38.191108284827706,LightGBM
2016-03-14,10,28.82,33.94412906235949,LightGBM
2016-03-14,11,24.33,32.53486510005699,LightGBM
2016-03-14,12,23.31,29.99329572919907,LightGBM
2016-03-14,13,22.84,30.12566664150224,LightGBM
2016-03-14,14,22.55,28.738125525035255,LightGBM
2016-03-14,15,23.04,31.977055428629296,LightGBM
2016-03-14,16,24.8,33.997247793860375,LightGBM
2016-03-14,17,30.71,36.03687651993459,LightGBM
2016-03-14,18,39.48,45.594111083205036,LightGBM
2016-03-14,19,47.92,46.275141967233424,LightGBM
2016-03-14,20,34.32,39.17044857026765,LightGBM
2016-03-14,21,29.48,34.09599429022804,LightGBM
2016-03-14,22,26.37,30.248020788719003,LightGBM
2016-03-14,23,22.91,26.492344101252034,LightGBM
2016-03-15,0,21.1,22.72880471312831,LightGBM
2016-03-15,1,20.76,20.51874972469806,LightGBM
2016-03-15,2,21.17,20.02157828107838,LightGBM
2016-03-15,3,20.74,19.831743411130734,LightGBM
2016-03-15,4,20.91,21.087862413167834,LightGBM
2016-03-15,5,22.86,23.395479190266162,LightGBM
2016-03-15,6,27.1,29.862082678463086,LightGBM
2016-03-15,7,33.69,39.91711847304993,LightGBM
2016-03-15,8,38.47,39.88514059356712,LightGBM
2016-03-15,9,35.96,37.24604572395985,LightGBM
2016-03-15,10,36.09,34.15250054199654,LightGBM
2016-03-15,11,34.31,35.70988792988076,LightGBM
2016-03-15,12,30.93,30.963264061026145,LightGBM
2016-03-15,13,27.44,29.763210311401302,LightGBM
2016-03-15,14,24.78,26.214507893457693,LightGBM
2016-03-15,15,23.71,28.14067347814644,LightGBM
2016-03-15,16,23.3,27.033502497801962,LightGBM
2016-03-15,17,25.45,30.08662766953813,LightGBM
2016-03-15,18,31.91,34.970267226718576,LightGBM
2016-03-15,19,34.13,35.6935802636923,LightGBM
2016-03-15,20,29.06,30.64808116063485,LightGBM
2016-03-15,21,24.15,27.140300512084476,LightGBM
2016-03-15,22,22.52,26.113613017873853,LightGBM
2016-03-15,23,20.95,23.781096131765146,LightGBM
2016-03-16,0,21.22,19.321022866470763,LightGBM
2016-03-16,1,20.92,18.505143839636304,LightGBM
2016-03-16,2,20.45,17.454670863274252,LightGBM
2016-03-16,3,20.06,15.043601424180745,LightGBM
2016-03-16,4,20.49,17.333196697762506,LightGBM
2016-03-16,5,21.59,19.43642153562869,LightGBM
2016-03-16,6,26.24,24.711350331842958,LightGBM
2016-03-16,7,33.94,32.2252814952839,LightGBM
2016-03-16,8,32.99,31.55628274501639,LightGBM
2016-03-16,9,24.71,26.668059666072462,LightGBM
2016-03-16,10,22.48,24.29503054807573,LightGBM
2016-03-16,11,22.43,23.337121056835908,LightGBM
2016-03-16,12,22.16,23.231733299394058,LightGBM
2016-03-16,13,21.85,22.752616981275033,LightGBM
2016-03-16,14,21.9,22.251538743535665,LightGBM
2016-03-16,15,22.28,23.925365081700516,LightGBM
2016-03-16,16,23.67,24.034951434415134,LightGBM
2016-03-16,17,29.92,29.285905570197748,LightGBM
2016-03-16,18,35.6,35.03177222422864,LightGBM
2016-03-16,19,39.2,37.54939827087016,LightGBM
2016-03-16,20,32.02,31.790313433719092,LightGBM
2016-03-16,21,27.04,27.63977186995727,LightGBM
2016-03-16,22,23.7,28.42733527883573,LightGBM
2016-03-16,23,22.97,24.46462630001573,LightGBM
2016-03-17,0,23.08,23.21721113206004,LightGBM
2016-03-17,1,22.3,21.57831577061178,LightGBM
2016-03-17,2,22.13,21.44216975193817,LightGBM
2016-03-17,3,22.27,21.517519435951968,LightGBM
2016-03-17,4,22.24,21.161061650925134,LightGBM
2016-03-17,5,23.55,22.74449425022105,LightGBM
2016-03-17,6,33.9,29.637380183440687,LightGBM
2016-03-17,7,38.16,36.65792877832182,LightGBM
2016-03-17,8,34.97,36.31441971822407,LightGBM
2016-03-17,9,25.98,31.0823465596452,LightGBM
2016-03-17,10,23.11,27.15304021321511,LightGBM
2016-03-17,11,22.96,25.530237778064414,LightGBM
2016-03-17,12,22.38,24.163020556293223,LightGBM
2016-03-17,13,22.2,22.21384302981233,LightGBM
2016-03-17,14,22.15,22.577650311805275,LightGBM
2016-03-17,15,22.43,23.287693734501026,LightGBM
2016-03-17,16,25.85,24.46236101706928,LightGBM
2016-03-17,17,31.92,28.565304770272952,LightGBM
2016-03-17,18,38.81,35.68895837330817,LightGBM
2016-03-17,19,46.69,40.13763645033411,LightGBM
2016-03-17,20,37.76,33.43174369467968,LightGBM
2016-03-17,21,30.98,27.177467543895972,LightGBM
2016-03-17,22,25.48,26.010020919442496,LightGBM
2016-03-17,23,21.84,23.117384244616826,LightGBM
2016-03-18,0,20.34,21.461916584425406,LightGBM
2016-03-18,1,19.47,18.93286471076621,LightGBM
2016-03-18,2,19.49,19.382197535888277,LightGBM
2016-03-18,3,19.67,19.116419946131746,LightGBM
2016-03-18,4,20.14,19.13945433600644,LightGBM
2016-03-18,5,21.58,21.324904681579074,LightGBM
2016-03-18,6,24.86,28.965605841878713,LightGBM
2016-03-18,7,32.69,35.58900534921423,LightGBM
2016-03-18,8,29.94,37.17142931918451,LightGBM
2016-03-18,9,23.88,31.605444659163396,LightGBM
2016-03-18,10,22.43,27.61774208415067,LightGBM
2016-03-18,11,22.92,26.58120353221503,LightGBM
2016-03-18,12,22.59,26.327429164935328,LightGBM
2016-03-18,13,22.53,25.119697747062204,LightGBM
2016-03-18,14,22.56,23.581822233885973,LightGBM
2016-03-18,15,23.46,25.47536884744161,LightGBM
2016-03-18,16,24.42,25.77244485645944,LightGBM
2016-03-18,17,27.82,31.14844962730915,LightGBM
2016-03-18,18,33.99,40.17464601535138,LightGBM
2016-03-18,19,39.3,42.49283209488404,LightGBM
2016-03-18,20,33.91,36.94228383332374,LightGBM
2016-03-18,21,27.09,33.06655239774275,LightGBM
2016-03-18,22,26.92,29.590991284496823,LightGBM
2016-03-18,23,23.78,26.48977858501327,LightGBM
2016-03-19,0,23.37,24.8529654082395,LightGBM
2016-03-19,1,21.68,22.567484073863795,LightGBM
2016-03-19,2,21.66,22.524421415999598,LightGBM
2016-03-19,3,22.6,21.43190443140291,LightGBM
2016-03-19,4,22.71,22.0126741496995,LightGBM
2016-03-19,5,22.2,22.485915190515986,LightGBM
2016-03-19,6,22.4,20.039728563952085,LightGBM
2016-03-19,7,28.93,24.719102278182415,LightGBM
2016-03-19,8,29.38,29.026539190770315,LightGBM
2016-03-19,9,28.58,30.00761317870596,LightGBM
2016-03-19,10,26.96,28.347429745607325,LightGBM
2016-03-19,11,24.79,30.437530083423788,LightGBM
2016-03-19,12,23.04,26.776326160098627,LightGBM
2016-03-19,13,22.04,22.813953765093366,LightGBM
2016-03-19,14,21.12,20.255875550282855,LightGBM
2016-03-19,15,20.93,19.717455984326,LightGBM
2016-03-19,16,21.3,19.83060207442055,LightGBM
2016-03-19,17,24.0,24.234544977955295,LightGBM
2016-03-19,18,31.21,29.763582971312758,LightGBM
2016-03-19,19,35.42,31.88740423015258,LightGBM
2016-03-19,20,26.18,27.90385071191518,LightGBM
2016-03-19,21,22.78,24.017542882545662,LightGBM
2016-03-19,22,24.69,23.700945281921037,LightGBM
2016-03-19,23,21.21,20.602765926616947,LightGBM
2016-03-20,0,17.73,17.760508239397893,LightGBM
2016-03-20,1,17.04,14.909744546699972,LightGBM
2016-03-20,2,18.63,12.297131808666265,LightGBM
2016-03-20,3,18.59,10.701659925023321,LightGBM
2016-03-20,4,18.71,11.371239609101139,LightGBM
2016-03-20,5,18.73,10.349306901177853,LightGBM
2016-03-20,6,18.51,12.341901785576463,LightGBM
2016-03-20,7,17.05,11.70760631124964,LightGBM
2016-03-20,8,16.04,13.319194215688636,LightGBM
2016-03-20,9,16.09,13.032165991646098,LightGBM
2016-03-20,10,14.33,14.37303392362619,LightGBM
2016-03-20,11,16.07,15.106131995801768,LightGBM
2016-03-20,12,13.19,14.825310270733821,LightGBM
2016-03-20,13,12.44,11.680373431866268,LightGBM
2016-03-20,14,12.0,10.698690790149705,LightGBM
2016-03-20,15,12.69,10.348922614110029,LightGBM
2016-03-20,16,13.59,12.187078775318328,LightGBM
2016-03-20,17,19.02,16.396861608021467,LightGBM
2016-03-20,18,23.54,24.419645964108632,LightGBM
2016-03-20,19,25.86,28.557964063993847,LightGBM
2016-03-20,20,22.66,26.37023223850517,LightGBM
2016-03-20,21,22.32,23.19193035125553,LightGBM
2016-03-20,22,24.03,23.383124009275043,LightGBM
2016-03-20,23,20.33,17.504036263777333,LightGBM
2016-03-21,0,20.82,18.76636039679452,LightGBM
2016-03-21,1,19.9,16.426297777507365,LightGBM
2016-03-21,2,19.79,16.092322198873674,LightGBM
2016-03-21,3,19.9,15.383336119063744,LightGBM
2016-03-21,4,20.4,15.181892375471996,LightGBM
2016-03-21,5,23.18,18.79123312643634,LightGBM
2016-03-21,6,32.01,28.243011362730467,LightGBM
2016-03-21,7,31.72,35.866419899816904,LightGBM
2016-03-21,8,30.94,35.5934763406448,LightGBM
2016-03-21,9,30.04,31.57755533977806,LightGBM
2016-03-21,10,24.9,28.751618015379197,LightGBM
2016-03-21,11,24.73,29.60297529774457,LightGBM
2016-03-21,12,26.03,25.781513814972605,LightGBM
2016-03-21,13,24.53,27.4298161052665,LightGBM
2016-03-21,14,23.75,25.963088891939684,LightGBM
2016-03-21,15,24.28,26.451588087850126,LightGBM
2016-03-21,16,23.91,27.13679699219878,LightGBM
2016-03-21,17,26.87,28.82702704906783,LightGBM
2016-03-21,18,30.1,34.903015686891884,LightGBM
2016-03-21,19,33.49,35.92219849569797,LightGBM
2016-03-21,20,29.9,29.770823692524512,LightGBM
2016-03-21,21,23.02,25.771365742886207,LightGBM
2016-03-21,22,22.11,24.535473651622528,LightGBM
2016-03-21,23,20.9,19.051659112251063,LightGBM
2016-03-22,0,20.28,18.10324981359039,LightGBM
2016-03-22,1,20.08,18.145693197393083,LightGBM
2016-03-22,2,20.05,18.345837605088217,LightGBM
2016-03-22,3,20.47,18.472068429210232,LightGBM
2016-03-22,4,21.0,17.965991721701702,LightGBM
2016-03-22,5,22.01,20.160917154109143,LightGBM
2016-03-22,6,24.07,26.74752610130937,LightGBM
2016-03-22,7,29.99,32.57362245399157,LightGBM
2016-03-22,8,31.46,34.393072090586315,LightGBM
2016-03-22,9,31.41,31.43288790964052,LightGBM
2016-03-22,10,28.9,28.82037145882377,LightGBM
2016-03-22,11,30.0,28.592536956132044,LightGBM
2016-03-22,12,28.94,28.52002599529151,LightGBM
2016-03-22,13,28.99,28.292557895724418,LightGBM
2016-03-22,14,29.0,27.436507877142837,LightGBM
2016-03-22,15,29.29,26.917428564644585,LightGBM
2016-03-22,16,30.08,27.959918848041102,LightGBM
2016-03-22,17,34.01,32.118315612385715,LightGBM
2016-03-22,18,36.73,37.53579939227618,LightGBM
2016-03-22,19,40.64,39.87621310650961,LightGBM
2016-03-22,20,38.1,32.26797868019526,LightGBM
2016-03-22,21,33.05,28.690978856259292,LightGBM
2016-03-22,22,29.86,27.378190308364122,LightGBM
2016-03-22,23,23.73,23.76064474664279,LightGBM
2016-03-23,0,21.3,25.418709939985572,LightGBM
2016-03-23,1,20.51,23.357110820161893,LightGBM
2016-03-23,2,20.26,22.483795230654415,LightGBM
2016-03-23,3,21.06,22.987386749885275,LightGBM
2016-03-23,4,21.38,23.24542841757802,LightGBM
2016-03-23,5,21.38,24.380810226885732,LightGBM
2016-03-23,6,25.88,29.617193140816173,LightGBM
2016-03-23,7,32.9,37.66287844913272,LightGBM
2016-03-23,8,32.46,38.821300374745014,LightGBM
2016-03-23,9,30.03,33.69059675756445,LightGBM
2016-03-23,10,26.53,32.53283747591924,LightGBM
2016-03-23,11,26.73,30.30772454513296,LightGBM
2016-03-23,12,25.23,28.37902769924443,LightGBM
2016-03-23,13,25.0,28.182085014084958,LightGBM
2016-03-23,14,24.03,28.316810650760264,LightGBM
2016-03-23,15,24.13,26.330152237115133,LightGBM
2016-03-23,16,24.18,28.006406468987628,LightGBM
2016-03-23,17,28.0,31.36240942605363,LightGBM
2016-03-23,18,32.44,36.45762473629779,LightGBM
2016-03-23,19,37.16,37.117610007293486,LightGBM
2016-03-23,20,34.98,34.33637242314391,LightGBM
2016-03-23,21,31.43,29.243904012357106,LightGBM
2016-03-23,22,25.02,28.490662297575586,LightGBM
2016-03-23,23,22.59,24.9842537958615,LightGBM
2016-03-24,0,22.08,22.932894387355656,LightGBM
2016-03-24,1,21.5,22.410746612522313,LightGBM
2016-03-24,2,21.11,21.985742820670296,LightGBM
2016-03-24,3,21.38,22.997607435822715,LightGBM
2016-03-24,4,21.75,22.497189240920953,LightGBM
2016-03-24,5,22.97,23.559380924248767,LightGBM
2016-03-24,6,31.49,34.12440477405045,LightGBM
2016-03-24,7,35.0,36.69198719548477,LightGBM
2016-03-24,8,34.94,38.79984466562854,LightGBM
2016-03-24,9,32.4,35.65347224512584,LightGBM
2016-03-24,10,31.69,33.09829983886311,LightGBM
2016-03-24,11,31.0,30.463594440123927,LightGBM
2016-03-24,12,28.62,30.545659018127278,LightGBM
2016-03-24,13,27.27,28.19488833750012,LightGBM
2016-03-24,14,26.5,25.973010600883487,LightGBM
2016-03-24,15,25.35,27.713597253492644,LightGBM
2016-03-24,16,26.6,29.854028974925885,LightGBM
2016-03-24,17,30.0,32.00728424089383,LightGBM
2016-03-24,18,32.47,39.754202489473506,LightGBM
2016-03-24,19,35.18,41.59970078872273,LightGBM
2016-03-24,20,33.97,36.60405447928611,LightGBM
2016-03-24,21,25.96,31.581390464042762,LightGBM
2016-03-24,22,25.06,28.088428448724763,LightGBM
2016-03-24,23,22.52,23.621081457452185,LightGBM
2016-03-25,0,23.92,20.690452963167708,LightGBM
2016-03-25,1,21.07,19.822385494377166,LightGBM
2016-03-25,2,21.0,18.112228166023424,LightGBM
2016-03-25,3,20.0,16.597944543853433,LightGBM
2016-03-25,4,20.01,17.690969771704104,LightGBM
2016-03-25,5,20.3,18.06077474023238,LightGBM
2016-03-25,6,20.26,15.88615583244237,LightGBM
2016-03-25,7,20.39,19.89480694570859,LightGBM
2016-03-25,8,21.85,20.37670940623029,LightGBM
2016-03-25,9,23.85,20.981257428397157,LightGBM
2016-03-25,10,27.26,22.65819048715431,LightGBM
2016-03-25,11,28.91,23.45830489981978,LightGBM
2016-03-25,12,27.87,22.129062306911052,LightGBM
2016-03-25,13,27.06,19.982778542523796,LightGBM
2016-03-25,14,26.01,18.872434151017075,LightGBM
2016-03-25,15,24.44,18.04961353248818,LightGBM
2016-03-25,16,23.5,19.48641143575118,LightGBM
2016-03-25,17,26.1,21.8185015692138,LightGBM
2016-03-25,18,29.44,27.80371638016574,LightGBM
2016-03-25,19,33.08,31.161583498799246,LightGBM
2016-03-25,20,32.95,28.354968419387077,LightGBM
2016-03-25,21,31.48,27.423492512650068,LightGBM
2016-03-25,22,30.12,26.751139244415683,LightGBM
2016-03-25,23,30.0,24.052140930318977,LightGBM
2016-03-26,0,28.07,26.719254976174003,LightGBM
2016-03-26,1,24.08,24.4861205459187,LightGBM
2016-03-26,2,21.11,23.208061071240145,LightGBM
2016-03-26,3,20.0,20.814864529398506,LightGBM
2016-03-26,4,20.0,20.71928647825433,LightGBM
2016-03-26,5,20.01,20.764352380656568,LightGBM
2016-03-26,6,20.01,22.383139908208875,LightGBM
2016-03-26,7,21.69,22.753217927410976,LightGBM
2016-03-26,8,22.49,26.373444268810797,LightGBM
2016-03-26,9,24.0,27.395142059678463,LightGBM
2016-03-26,10,21.6,25.745216116775616,LightGBM
2016-03-26,11,19.97,23.808727085735324,LightGBM
2016-03-26,12,19.06,22.350636857375008,LightGBM
2016-03-26,13,18.07,19.444739453562143,LightGBM
2016-03-26,14,16.28,16.218305698023325,LightGBM
2016-03-26,15,15.75,15.888494151793628,LightGBM
2016-03-26,16,15.85,18.01456062236717,LightGBM
2016-03-26,17,19.39,20.282612838892497,LightGBM
2016-03-26,18,21.32,26.28497259637945,LightGBM
2016-03-26,19,22.12,27.576299764810887,LightGBM
2016-03-26,20,20.75,24.75612006909829,LightGBM
2016-03-26,21,17.99,21.296360327461816,LightGBM
2016-03-26,22,17.91,19.883820120132686,LightGBM
2016-03-26,23,14.66,13.709187742749688,LightGBM
2016-03-27,0,7.33,8.906662125495954,LightGBM
2016-03-27,1,3.04,8.989644002455227,LightGBM
2016-03-27,2,4.57,5.542455101053882,LightGBM
2016-03-27,3,6.1,3.2873293735001585,LightGBM
2016-03-27,4,4.02,3.3498709818473418,LightGBM
2016-03-27,5,4.02,5.385630449185164,LightGBM
2016-03-27,6,0.91,5.001238014767009,LightGBM
2016-03-27,7,4.63,8.102110723670828,LightGBM
2016-03-27,8,7.5,10.123120986993396,LightGBM
2016-03-27,9,8.91,12.948349108921203,LightGBM
2016-03-27,10,10.99,13.108789943316792,LightGBM
2016-03-27,11,11.16,13.130044078838539,LightGBM
2016-03-27,12,11.49,12.81591732235128,LightGBM
2016-03-27,13,9.19,9.949170166493117,LightGBM
2016-03-27,14,6.49,8.956628473006612,LightGBM
2016-03-27,15,6.92,10.199354177038082,LightGBM
2016-03-27,16,7.47,12.013730585006833,LightGBM
2016-03-27,17,13.06,17.57200275556794,LightGBM
2016-03-27,18,14.94,25.85524400619386,LightGBM
2016-03-27,19,19.6,26.560573065455813,LightGBM
2016-03-27,20,22.86,27.093010849192314,LightGBM
2016-03-27,21,20.36,25.60106475543015,LightGBM
2016-03-27,22,19.98,26.06416895710647,LightGBM
2016-03-27,23,18.5,20.76664139908269,LightGBM
2016-03-28,0,12.88,13.314255148544438,LightGBM
2016-03-28,1,8.28,11.87080394947968,LightGBM
2016-03-28,2,7.43,9.709136555899937,LightGBM
2016-03-28,3,6.5,8.724493598491613,LightGBM
2016-03-28,4,5.27,8.505310599099516,LightGBM
2016-03-28,5,6.28,8.884655497630185,LightGBM
2016-03-28,6,5.86,10.052140170602406,LightGBM
2016-03-28,7,5.96,8.675866779900414,LightGBM
2016-03-28,8,3.99,13.973149361340818,LightGBM
2016-03-28,9,3.41,16.516254697727618,LightGBM
2016-03-28,10,2.68,14.012753469153319,LightGBM
2016-03-28,11,0.07,14.542723033024108,LightGBM
2016-03-28,12,-4.01,12.395742302851923,LightGBM
2016-03-28,13,-28.68,9.36972473880218,LightGBM
2016-03-28,14,-38.45,8.283495430938,LightGBM
2016-03-28,15,-19.92,8.060030969429233,LightGBM
2016-03-28,16,-13.82,7.3580280161458615,LightGBM
2016-03-28,17,-4.2,12.140311892606661,LightGBM
2016-03-28,18,7.45,18.387816060467404,LightGBM
2016-03-28,19,11.79,25.480389931312565,LightGBM
2016-03-28,20,17.02,23.735528310641573,LightGBM
2016-03-28,21,11.47,23.066679186003917,LightGBM
2016-03-28,22,16.29,20.978338068144666,LightGBM
2016-03-28,23,12.98,13.993343358947008,LightGBM
2016-03-29,0,11.51,9.17822286819081,LightGBM
2016-03-29,1,9.14,6.367515180823467,LightGBM
2016-03-29,2,11.95,6.794757575333137,LightGBM
2016-03-29,3,9.23,3.822232943476323,LightGBM
2016-03-29,4,8.3,6.221591664865901,LightGBM
2016-03-29,5,13.49,9.318977099005682,LightGBM
2016-03-29,6,25.35,20.64823040793251,LightGBM
2016-03-29,7,31.52,30.797048074518234,LightGBM
2016-03-29,8,31.43,31.720479777402453,LightGBM
2016-03-29,9,26.37,25.999484216581607,LightGBM
2016-03-29,10,21.76,22.6139290573598,LightGBM
2016-03-29,11,21.06,22.92785912917794,LightGBM
2016-03-29,12,20.43,20.985928818543304,LightGBM
2016-03-29,13,19.99,20.147332867254185,LightGBM
2016-03-29,14,19.08,17.750045509831818,LightGBM
2016-03-29,15,19.05,19.25662846958383,LightGBM
2016-03-29,16,19.14,21.608675584553122,LightGBM
2016-03-29,17,21.48,25.182605032364318,LightGBM
2016-03-29,18,30.07,31.14739464396733,LightGBM
2016-03-29,19,35.79,33.75850872456159,LightGBM
2016-03-29,20,39.54,34.038463696500045,LightGBM
2016-03-29,21,32.64,30.057980367686586,LightGBM
2016-03-29,22,28.56,30.550222906940085,LightGBM
2016-03-29,23,22.72,22.77836491042502,LightGBM
2016-03-30,0,24.9,20.053335237161367,LightGBM
2016-03-30,1,22.0,18.425271048495294,LightGBM
2016-03-30,2,20.87,15.724340560629496,LightGBM
2016-03-30,3,19.92,14.749454829529608,LightGBM
2016-03-30,4,20.18,17.868961170960585,LightGBM
2016-03-30,5,21.65,20.741557849124927,LightGBM
2016-03-30,6,29.6,27.223626447627844,LightGBM
2016-03-30,7,29.89,36.45748090091346,LightGBM
2016-03-30,8,27.95,36.630374166434024,LightGBM
2016-03-30,9,31.93,30.813696212349644,LightGBM
2016-03-30,10,29.65,26.41886126091512,LightGBM
2016-03-30,11,27.16,25.39696646249335,LightGBM
2016-03-30,12,26.89,23.786751468809403,LightGBM
2016-03-30,13,22.25,22.556731098992703,LightGBM
2016-03-30,14,22.3,22.202458016879664,LightGBM
2016-03-30,15,22.23,22.13846899689296,LightGBM
2016-03-30,16,25.64,23.838724682550396,LightGBM
2016-03-30,17,29.04,28.71694841574333,LightGBM
2016-03-30,18,31.9,34.49852647205188,LightGBM
2016-03-30,19,37.42,36.084640466726064,LightGBM
2016-03-30,20,37.0,38.404185971436426,LightGBM
2016-03-30,21,34.65,33.70852754333245,LightGBM
2016-03-30,22,30.38,33.307366995529165,LightGBM
2016-03-30,23,27.25,27.190633541767923,LightGBM
2016-03-31,0,23.34,26.38543435311505,LightGBM
2016-03-31,1,22.27,24.766003141867532,LightGBM
2016-03-31,2,21.5,23.76613791367624,LightGBM
2016-03-31,3,21.11,22.656019057530578,LightGBM
2016-03-31,4,21.29,23.853826914705742,LightGBM
2016-03-31,5,22.86,25.58826458536111,LightGBM
2016-03-31,6,29.08,32.02326702901157,LightGBM
2016-03-31,7,36.09,38.174698907965976,LightGBM
2016-03-31,8,40.96,43.16258417774139,LightGBM
2016-03-31,9,36.46,41.579125258117095,LightGBM
2016-03-31,10,34.64,40.4995384846575,LightGBM
2016-03-31,11,33.95,39.737279810889916,LightGBM
2016-03-31,12,30.03,36.872655868402624,LightGBM
2016-03-31,13,30.03,33.47209174320926,LightGBM
2016-03-31,14,27.92,30.105641266889375,LightGBM
2016-03-31,15,25.12,30.959778629972234,LightGBM
2016-03-31,16,24.73,30.582967576907706,LightGBM
2016-03-31,17,24.93,34.7428476074958,LightGBM
2016-03-31,18,27.44,36.72163209800767,LightGBM
2016-03-31,19,31.07,36.889117025470554,LightGBM
2016-03-31,20,31.99,33.05074935525967,LightGBM
2016-03-31,21,25.35,30.204692678717596,LightGBM
2016-03-31,22,25.23,27.981534547624168,LightGBM
2016-03-31,23,23.22,24.189150712557176,LightGBM
2016-04-01,0,21.35,22.055899940234468,LightGBM
2016-04-01,1,20.98,20.189501675267625,LightGBM
2016-04-01,2,21.19,19.87176033917862,LightGBM
2016-04-01,3,20.64,19.695552675708445,LightGBM
2016-04-01,4,21.13,20.394391722669308,LightGBM
2016-04-01,5,21.78,21.228786086580005,LightGBM
2016-04-01,6,29.73,27.410263730738468,LightGBM
2016-04-01,7,36.5,35.53550393997715,LightGBM
2016-04-01,8,40.44,37.91185332119795,LightGBM
2016-04-01,9,38.39,33.63034288905807,LightGBM
2016-04-01,10,34.57,31.41898306510161,LightGBM
2016-04-01,11,30.55,33.227940231048464,LightGBM
2016-04-01,12,25.79,30.91421799909423,LightGBM
2016-04-01,13,23.09,27.670516373099417,LightGBM
2016-04-01,14,23.13,27.649405847176983,LightGBM
2016-04-01,15,23.0,28.714118723890426,LightGBM
2016-04-01,16,22.45,28.21348414389905,LightGBM
2016-04-01,17,24.28,30.500077864164695,LightGBM
2016-04-01,18,31.91,35.859462607235244,LightGBM
2016-04-01,19,33.9,38.13684463159598,LightGBM
2016-04-01,20,35.85,36.385685876179366,LightGBM
2016-04-01,21,31.3,31.878771003710085,LightGBM
2016-04-01,22,24.33,29.646883329346476,LightGBM
2016-04-01,23,26.03,25.32851825068214,LightGBM
2016-04-02,0,21.82,22.487266360162966,LightGBM
2016-04-02,1,21.31,19.666314804751234,LightGBM
2016-04-02,2,21.1,18.34593186194134,LightGBM
2016-04-02,3,19.84,16.296767765660594,LightGBM
2016-04-02,4,19.91,15.599806378364313,LightGBM
2016-04-02,5,20.09,16.658243679416216,LightGBM
2016-04-02,6,20.19,16.983324960475315,LightGBM
2016-04-02,7,22.29,18.55383817673336,LightGBM
2016-04-02,8,22.51,21.438143421523932,LightGBM
2016-04-02,9,22.04,19.195899539447584,LightGBM
2016-04-02,10,20.81,17.58732361715012,LightGBM
2016-04-02,11,19.55,15.795437811808084,LightGBM
2016-04-02,12,18.12,14.653972468141726,LightGBM
2016-04-02,13,17.06,12.363832955335768,LightGBM
2016-04-02,14,14.06,12.480671154005028,LightGBM
2016-04-02,15,16.05,14.079965804137666,LightGBM
2016-04-02,16,18.73,14.56664689076639,LightGBM
2016-04-02,17,20.12,19.53916954858447,LightGBM
2016-04-02,18,23.41,25.918656034642417,LightGBM
2016-04-02,19,28.2,28.819721178667713,LightGBM
2016-04-02,20,30.43,27.802791515182705,LightGBM
2016-04-02,21,30.1,26.24844062801167,LightGBM
2016-04-02,22,26.79,24.729948593346023,LightGBM
2016-04-02,23,21.43,20.592443605655347,LightGBM
2016-04-03,0,19.59,16.206906709419574,LightGBM
2016-04-03,1,18.07,13.662059498364007,LightGBM
2016-04-03,2,17.5,14.744232086027464,LightGBM
2016-04-03,3,15.29,13.32256316103988,LightGBM
2016-04-03,4,15.68,10.981594085962378,LightGBM
2016-04-03,5,15.59,11.445292132756181,LightGBM
2016-04-03,6,13.32,8.402864190748678,LightGBM
2016-04-03,7,14.6,7.399323451287484,LightGBM
2016-04-03,8,17.48,11.670611241653395,LightGBM
2016-04-03,9,18.55,14.791718781650713,LightGBM
2016-04-03,10,17.36,14.019533261684812,LightGBM
2016-04-03,11,17.67,14.72189554841025,LightGBM
2016-04-03,12,15.48,14.160656935814334,LightGBM
2016-04-03,13,14.8,9.945306177541374,LightGBM
2016-04-03,14,12.75,9.717329137547566,LightGBM
2016-04-03,15,12.18,8.182436122569893,LightGBM
2016-04-03,16,13.02,12.002586316437661,LightGBM
2016-04-03,17,15.77,17.481096598266213,LightGBM
2016-04-03,18,21.19,24.079554287321606,LightGBM
2016-04-03,19,23.15,29.39134906250939,LightGBM
2016-04-03,20,25.28,31.224484536871316,LightGBM
2016-04-03,21,25.01,31.523096801343463,LightGBM
2016-04-03,22,24.32,30.59629721619206,LightGBM
2016-04-03,23,20.9,24.187589526619842,LightGBM
2016-04-04,0,21.0,16.137851226594435,LightGBM
2016-04-04,1,19.59,15.212895435093436,LightGBM
2016-04-04,2,19.15,15.989650303620925,LightGBM
2016-04-04,3,18.75,15.819774500741564,LightGBM
2016-04-04,4,18.72,14.05177409910655,LightGBM
2016-04-04,5,20.39,16.665950188904134,LightGBM
2016-04-04,6,29.1,24.230679597896195,LightGBM
2016-04-04,7,34.19,33.60987094611526,LightGBM
2016-04-04,8,35.42,35.68234950094066,LightGBM
2016-04-04,9,33.5,31.99290354489153,LightGBM
2016-04-04,10,29.62,28.955443980151657,LightGBM
2016-04-04,11,25.1,28.14402252171782,LightGBM
2016-04-04,12,23.37,28.28680742851636,LightGBM
2016-04-04,13,23.83,26.105332612307517,LightGBM
2016-04-04,14,23.93,25.157304320760428,LightGBM
2016-04-04,15,23.04,25.383575992546703,LightGBM
2016-04-04,16,27.42,26.50770614520469,LightGBM
2016-04-04,17,29.25,30.66065482123393,LightGBM
2016-04-04,18,32.96,35.608324887169324,LightGBM
2016-04-04,19,35.05,37.65533990075354,LightGBM
2016-04-04,20,36.1,35.95916020806334,LightGBM
2016-04-04,21,35.6,33.69646798782168,LightGBM
2016-04-04,22,30.3,33.177222800475185,LightGBM
2016-04-04,23,25.96,26.537144414778254,LightGBM
2016-04-05,0,21.39,26.349884841825038,LightGBM
2016-04-05,1,20.8,24.928563255685386,LightGBM
2016-04-05,2,20.76,23.360363650492143,LightGBM
2016-04-05,3,20.31,23.301274694850427,LightGBM
2016-04-05,4,20.34,22.767067716660865,LightGBM
2016-04-05,5,21.79,25.33231187445081,LightGBM
2016-04-05,6,27.84,33.15246685726278,LightGBM
2016-04-05,7,32.76,40.5039429730711,LightGBM
2016-04-05,8,35.18,42.42035368456489,LightGBM
2016-04-05,9,34.92,37.91751178431259,LightGBM
2016-04-05,10,34.1,38.339948233655825,LightGBM
2016-04-05,11,32.93,37.779632212814256,LightGBM
2016-04-05,12,29.52,32.76745147926445,LightGBM
2016-04-05,13,26.58,32.92445637948744,LightGBM
2016-04-05,14,24.74,28.13083973392007,LightGBM
2016-04-05,15,24.19,30.037044907737812,LightGBM
2016-04-05,16,23.96,27.483003002109594,LightGBM
2016-04-05,17,27.05,30.786011785469608,LightGBM
2016-04-05,18,29.79,34.59660419509064,LightGBM
2016-04-05,19,30.66,35.23826562052031,LightGBM
2016-04-05,20,30.04,34.821212430688824,LightGBM
2016-04-05,21,28.0,30.62806080317771,LightGBM
2016-04-05,22,25.32,28.638516771694622,LightGBM
2016-04-05,23,21.97,23.493641959396047,LightGBM
2016-04-06,0,20.0,18.435568806196738,LightGBM
2016-04-06,1,19.2,18.162111331899194,LightGBM
2016-04-06,2,19.06,15.741780188372834,LightGBM
2016-04-06,3,18.95,13.847196760021573,LightGBM
2016-04-06,4,19.02,14.053457482642221,LightGBM
2016-04-06,5,20.0,17.644999202763614,LightGBM
2016-04-06,6,24.33,26.4098821877359,LightGBM
2016-04-06,7,32.97,33.22124862495769,LightGBM
2016-04-06,8,34.24,34.07082424084594,LightGBM
2016-04-06,9,25.98,28.369152453558495,LightGBM
2016-04-06,10,23.24,26.92916280310711,LightGBM
2016-04-06,11,21.97,24.582218010672467,LightGBM
2016-04-06,12,21.25,23.45992569039868,LightGBM
2016-04-06,13,20.02,21.655358358816052,LightGBM
2016-04-06,14,19.75,20.30534404081554,LightGBM
2016-04-06,15,19.85,20.345892300755757,LightGBM
2016-04-06,16,20.09,20.005925304420714,LightGBM
2016-04-06,17,21.59,22.7465375330855,LightGBM
2016-04-06,18,23.1,26.094350606486575,LightGBM
2016-04-06,19,26.71,30.395561965987238,LightGBM
2016-04-06,20,28.26,26.180462446558757,LightGBM
2016-04-06,21,23.23,24.641577701393484,LightGBM
2016-04-06,22,21.06,21.64396448142611,LightGBM
2016-04-06,23,19.01,15.521946400534494,LightGBM
2016-04-07,0,16.42,14.447370677068118,LightGBM
2016-04-07,1,16.0,13.675951978748087,LightGBM
2016-04-07,2,13.46,11.666560703490138,LightGBM
2016-04-07,3,12.57,10.422939150162748,LightGBM
2016-04-07,4,13.49,10.798915114806098,LightGBM
2016-04-07,5,17.37,12.283834239015883,LightGBM
2016-04-07,6,22.62,24.077299226812602,LightGBM
2016-04-07,7,28.4,31.257694176787506,LightGBM
2016-04-07,8,31.31,31.462080023550378,LightGBM
2016-04-07,9,26.33,24.898512073639598,LightGBM
2016-04-07,10,21.55,23.318883353589044,LightGBM
2016-04-07,11,21.56,21.83518962286821,LightGBM
2016-04-07,12,22.32,20.64741275381114,LightGBM
2016-04-07,13,21.6,21.001654873319733,LightGBM
2016-04-07,14,22.57,21.609069490384222,LightGBM
2016-04-07,15,21.86,21.61388096998265,LightGBM
2016-04-07,16,21.94,22.978566160627963,LightGBM
2016-04-07,17,22.73,27.423495136598703,LightGBM
2016-04-07,18,28.59,31.837952456422848,LightGBM
2016-04-07,19,31.11,37.457050837936386,LightGBM
2016-04-07,20,32.68,34.97276708930679,LightGBM
2016-04-07,21,29.41,30.901532871999517,LightGBM
2016-04-07,22,28.27,29.662078486434574,LightGBM
2016-04-07,23,23.54,25.422948582602267,LightGBM
2016-04-08,0,23.39,23.443296748747276,LightGBM
2016-04-08,1,21.69,21.326393095238323,LightGBM
2016-04-08,2,21.18,20.54992167784631,LightGBM
2016-04-08,3,20.52,21.034493480651733,LightGBM
2016-04-08,4,21.04,21.18924676030816,LightGBM
2016-04-08,5,21.72,23.74398881548345,LightGBM
2016-04-08,6,29.12,31.00187513513001,LightGBM
2016-04-08,7,35.0,38.424577815014686,LightGBM
2016-04-08,8,38.2,40.76990019603874,LightGBM
2016-04-08,9,37.55,39.04213982208348,LightGBM
2016-04-08,10,34.22,36.902131023505454,LightGBM
2016-04-08,11,32.96,36.05576892321979,LightGBM
2016-04-08,12,29.74,32.88798938537806,LightGBM
2016-04-08,13,27.9,29.929553275732278,LightGBM
2016-04-08,14,26.36,28.522649191917573,LightGBM
2016-04-08,15,24.66,29.216637096759516,LightGBM
2016-04-08,16,23.95,28.908050254122703,LightGBM
2016-04-08,17,27.03,31.959228306043926,LightGBM
2016-04-08,18,29.58,35.93375918298085,LightGBM
2016-04-08,19,32.22,40.22337460225899,LightGBM
2016-04-08,20,31.96,37.200176035194545,LightGBM
2016-04-08,21,30.66,35.61795277451101,LightGBM
2016-04-08,22,30.68,32.32173110153755,LightGBM
2016-04-08,23,29.0,27.594935316761717,LightGBM
2016-04-09,0,28.45,27.31612035967434,LightGBM
2016-04-09,1,24.18,24.568206682405773,LightGBM
2016-04-09,2,23.28,22.73123953387089,LightGBM
2016-04-09,3,21.84,22.91373105693971,LightGBM
2016-04-09,4,21.46,23.268793915210583,LightGBM
2016-04-09,5,21.72,22.919497431702684,LightGBM
2016-04-09,6,22.42,22.396444298393558,LightGBM
2016-04-09,7,23.42,26.124959003418994,LightGBM
2016-04-09,8,27.21,27.916036026383857,LightGBM
2016-04-09,9,25.12,27.18631128216321,LightGBM
2016-04-09,10,22.76,25.190826356003036,LightGBM
2016-04-09,11,22.58,23.088812054105652,LightGBM
2016-04-09,12,21.83,22.512472530010548,LightGBM
2016-04-09,13,20.81,20.998202165452348,LightGBM
2016-04-09,14,19.94,19.87087612347367,LightGBM
2016-04-09,15,20.35,19.31579192558935,LightGBM
2016-04-09,16,20.3,19.415584670466213,LightGBM
2016-04-09,17,22.27,21.588517061448883,LightGBM
2016-04-09,18,26.91,28.215307218281247,LightGBM
2016-04-09,19,29.62,31.45917850575555,LightGBM
2016-04-09,20,31.81,30.295716297868324,LightGBM
2016-04-09,21,29.56,26.542422630479194,LightGBM
2016-04-09,22,27.44,26.45880481039985,LightGBM
2016-04-09,23,24.0,22.967669903214542,LightGBM
2016-04-10,0,21.13,21.311863999023487,LightGBM
2016-04-10,1,20.03,19.082858897188522,LightGBM
2016-04-10,2,19.25,17.234913356889095,LightGBM
2016-04-10,3,18.96,16.78590353752306,LightGBM
2016-04-10,4,19.02,15.452968688135828,LightGBM
2016-04-10,5,18.88,13.57843508461739,LightGBM
2016-04-10,6,19.15,14.255604574934614,LightGBM
2016-04-10,7,19.19,13.668801448750257,LightGBM
2016-04-10,8,20.22,17.214933694247836,LightGBM
2016-04-10,9,20.97,20.97771364055265,LightGBM
2016-04-10,10,21.0,22.02915360294275,LightGBM
2016-04-10,11,20.59,21.813440900723016,LightGBM
2016-04-10,12,19.29,20.468504848626843,LightGBM
2016-04-10,13,16.89,18.79478319639771,LightGBM
2016-04-10,14,14.25,16.35939063627861,LightGBM
2016-04-10,15,13.61,13.371066281849233,LightGBM
2016-04-10,16,12.06,13.95526578347278,LightGBM
2016-04-10,17,16.67,17.318144387865,LightGBM
2016-04-10,18,20.78,24.434152044200726,LightGBM
2016-04-10,19,22.47,26.92436610013436,LightGBM
2016-04-10,20,24.55,27.81148354771115,LightGBM
2016-04-10,21,23.0,24.34477799969969,LightGBM
2016-04-10,22,21.84,26.664810639251083,LightGBM
2016-04-10,23,19.57,21.919093454391916,LightGBM
2016-04-11,0,16.35,17.649396379079047,LightGBM
2016-04-11,1,13.7,15.275904216340342,LightGBM
2016-04-11,2,12.81,15.520435006220131,LightGBM
2016-04-11,3,10.66,13.185756929311218,LightGBM
2016-04-11,4,13.09,14.254987729483634,LightGBM
2016-04-11,5,18.55,17.048720499350086,LightGBM
2016-04-11,6,25.49,27.69500255020113,LightGBM
2016-04-11,7,32.0,35.7060127436964,LightGBM
2016-04-11,8,34.61,35.68736924989648,LightGBM
2016-04-11,9,28.98,31.00893948080246,LightGBM
2016-04-11,10,25.63,28.286309002030425,LightGBM
2016-04-11,11,23.1,25.769043189729885,LightGBM
2016-04-11,12,22.59,23.898434700855997,LightGBM
2016-04-11,13,22.51,23.258884034156477,LightGBM
2016-04-11,14,22.12,21.955590985909442,LightGBM
2016-04-11,15,21.83,23.067057411991232,LightGBM
2016-04-11,16,22.11,22.40823668882838,LightGBM
2016-04-11,17,23.68,24.590527488698413,LightGBM
2016-04-11,18,28.47,29.59824764211693,LightGBM
2016-04-11,19,31.27,32.95417861808061,LightGBM
2016-04-11,20,32.56,31.29007618858927,LightGBM
2016-04-11,21,31.49,28.137036008259734,LightGBM
2016-04-11,22,27.86,25.870469186597948,LightGBM
2016-04-11,23,24.8,19.730875260263662,LightGBM
2016-04-12,0,22.8,23.364535625246063,LightGBM
2016-04-12,1,22.2,23.023610060812448,LightGBM
2016-04-12,2,21.69,21.124676684712288,LightGBM
2016-04-12,3,21.05,19.94544344704967,LightGBM
2016-04-12,4,21.32,21.911036059800235,LightGBM
2016-04-12,5,22.15,23.518641849452813,LightGBM
2016-04-12,6,28.98,28.88328898899524,LightGBM
2016-04-12,7,36.0,35.5534593309636,LightGBM
2016-04-12,8,38.94,38.04788195104825,LightGBM
2016-04-12,9,37.6,37.08539490865502,LightGBM
2016-04-12,10,34.0,33.46334582755389,LightGBM
2016-04-12,11,31.02,33.17343450281368,LightGBM
2016-04-12,12,27.97,31.214917113804024,LightGBM
2016-04-12,13,26.41,30.448901781120416,LightGBM
2016-04-12,14,24.59,28.096095642292106,LightGBM
2016-04-12,15,24.18,28.34963781582829,LightGBM
2016-04-12,16,25.13,27.328708023144017,LightGBM
2016-04-12,17,27.26,31.806985956805978,LightGBM
2016-04-12,18,31.32,34.279272943197626,LightGBM
2016-04-12,19,34.62,38.171703906670594,LightGBM
2016-04-12,20,34.95,36.40921739012742,LightGBM
2016-04-12,21,32.24,31.789986619746948,LightGBM
2016-04-12,22,30.0,29.116681531965604,LightGBM
2016-04-12,23,24.1,26.53253164133292,LightGBM
2016-04-13,0,22.93,25.668616878570077,LightGBM
2016-04-13,1,21.68,23.194894830912958,LightGBM
2016-04-13,2,21.68,23.178784140660536,LightGBM
2016-04-13,3,21.41,21.700078969287866,LightGBM
2016-04-13,4,21.71,21.789921098656414,LightGBM
2016-04-13,5,22.77,24.0364186919697,LightGBM
2016-04-13,6,31.35,29.97979801441813,LightGBM
2016-04-13,7,34.99,36.536290216332354,LightGBM
2016-04-13,8,39.41,39.924861772079936,LightGBM
2016-04-13,9,35.06,36.05642902648794,LightGBM
2016-04-13,10,33.23,33.56188631922478,LightGBM
2016-04-13,11,31.94,30.932477820360788,LightGBM
2016-04-13,12,28.9,29.511769659232883,LightGBM
2016-04-13,13,27.01,28.587813022037903,LightGBM
2016-04-13,14,25.96,27.559333245280207,LightGBM
2016-04-13,15,26.0,26.619565419130925,LightGBM
2016-04-13,16,26.33,26.95294140081239,LightGBM
2016-04-13,17,29.0,29.08515741547345,LightGBM
2016-04-13,18,32.37,33.7998364212511,LightGBM
2016-04-13,19,33.86,34.76342883478788,LightGBM
2016-04-13,20,34.42,35.07834179201207,LightGBM
2016-04-13,21,31.31,31.767999930698082,LightGBM
2016-04-13,22,28.0,27.927349360755667,LightGBM
2016-04-13,23,23.59,25.819466163863186,LightGBM
2016-04-14,0,23.35,24.643439126762033,LightGBM
2016-04-14,1,21.93,22.598432471780793,LightGBM
2016-04-14,2,21.18,20.992718727519904,LightGBM
2016-04-14,3,20.94,22.754302903896654,LightGBM
2016-04-14,4,21.06,22.048024357673935,LightGBM
2016-04-14,5,21.74,23.682995923355243,LightGBM
2016-04-14,6,27.0,31.790308800361633,LightGBM
2016-04-14,7,32.03,38.24453501626954,LightGBM
2016-04-14,8,37.28,42.03933347494008,LightGBM
2016-04-14,9,34.59,36.1394722760968,LightGBM
2016-04-14,10,30.91,33.010498213435085,LightGBM
2016-04-14,11,28.08,32.316796392096336,LightGBM
2016-04-14,12,26.4,28.648819024309642,LightGBM
2016-04-14,13,25.05,25.66507262345352,LightGBM
2016-04-14,14,23.83,26.188498616002335,LightGBM
2016-04-14,15,23.44,26.120215705226492,LightGBM
2016-04-14,16,23.22,25.61853088968499,LightGBM
2016-04-14,17,24.2,28.630521209899168,LightGBM
2016-04-14,18,27.25,35.21125578628401,LightGBM
2016-04-14,19,32.51,36.66191366999669,LightGBM
2016-04-14,20,31.98,35.812774576342356,LightGBM
2016-04-14,21,31.53,34.197591310452225,LightGBM
2016-04-14,22,28.33,29.899821989553082,LightGBM
2016-04-14,23,23.9,27.114695558241316,LightGBM
2016-04-15,0,22.1,24.40399799668259,LightGBM
2016-04-15,1,21.31,21.679935063589056,LightGBM
2016-04-15,2,20.45,20.55084074159573,LightGBM
2016-04-15,3,20.14,19.817931226587696,LightGBM
2016-04-15,4,20.34,20.28189536599391,LightGBM
2016-04-15,5,21.08,22.50972240584421,LightGBM
2016-04-15,6,25.0,29.148144119400772,LightGBM
2016-04-15,7,31.69,34.93417458174399,LightGBM
2016-04-15,8,34.7,38.08252288450131,LightGBM
2016-04-15,9,33.02,36.142117573387424,LightGBM
2016-04-15,10,30.98,32.18787875153643,LightGBM
2016-04-15,11,29.94,32.489407272603955,LightGBM
2016-04-15,12,28.0,28.081209726975807,LightGBM
2016-04-15,13,23.82,26.56821633078048,LightGBM
2016-04-15,14,22.81,25.619004413394066,LightGBM
2016-04-15,15,21.36,23.55692549029859,LightGBM
2016-04-15,16,21.32,22.891055425224533,LightGBM
2016-04-15,17,22.51,25.504442904925742,LightGBM
2016-04-15,18,23.94,29.518078474951533,LightGBM
2016-04-15,19,26.34,32.28744665009649,LightGBM
2016-04-15,20,28.08,31.052280542905127,LightGBM
2016-04-15,21,27.08,28.147650399976992,LightGBM
2016-04-15,22,25.0,27.16464484596705,LightGBM
2016-04-15,23,24.69,24.23578090662405,LightGBM
2016-04-16,0,21.3,20.25982250863663,LightGBM
2016-04-16,1,19.7,18.2092479411453,LightGBM
2016-04-16,2,19.24,16.630803565249487,LightGBM
2016-04-16,3,18.28,15.516707932963824,LightGBM
2016-04-16,4,17.19,16.255474830025076,LightGBM
2016-04-16,5,18.76,15.30821587856793,LightGBM
2016-04-16,6,19.46,16.211491588320587,LightGBM
2016-04-16,7,19.54,17.552508036184165,LightGBM
2016-04-16,8,21.14,18.56847919715071,LightGBM
2016-04-16,9,21.64,17.685034734142793,LightGBM
2016-04-16,10,19.8,16.37685977960811,LightGBM
2016-04-16,11,19.06,16.25044851234314,LightGBM
2016-04-16,12,18.05,14.226723887078178,LightGBM
2016-04-16,13,14.06,12.30271152141744,LightGBM
2016-04-16,14,13.77,11.379231672450505,LightGBM
2016-04-16,15,13.19,11.906650659492247,LightGBM
2016-04-16,16,12.69,12.136988993221332,LightGBM
2016-04-16,17,14.08,15.82241659228112,LightGBM
2016-04-16,18,17.69,20.190717045254612,LightGBM
2016-04-16,19,22.05,24.78163331676434,LightGBM
2016-04-16,20,23.7,26.041277568596126,LightGBM
2016-04-16,21,24.31,25.540081496519324,LightGBM
2016-04-16,22,23.94,24.614649410646845,LightGBM
2016-04-16,23,20.83,21.878596606671625,LightGBM
2016-04-17,0,19.33,18.355548840020397,LightGBM
2016-04-17,1,17.74,15.138770298134574,LightGBM
2016-04-17,2,15.85,16.261927125452203,LightGBM
2016-04-17,3,15.13,15.895604273008106,LightGBM
2016-04-17,4,15.15,14.070361593926178,LightGBM
2016-04-17,5,14.57,12.985019767281152,LightGBM
2016-04-17,6,14.82,11.683864931866665,LightGBM
2016-04-17,7,14.57,13.00084466755146,LightGBM
2016-04-17,8,16.48,14.359458309390792,LightGBM
2016-04-17,9,18.69,15.351255100179001,LightGBM
2016-04-17,10,18.69,14.653228221769053,LightGBM
2016-04-17,11,18.94,14.35579122190925,LightGBM
2016-04-17,12,18.16,12.65515459920219,LightGBM
2016-04-17,13,16.16,10.11117470989045,LightGBM
2016-04-17,14,13.82,8.365212635084106,LightGBM
2016-04-17,15,12.52,7.840689145072385,LightGBM
2016-04-17,16,13.52,9.89190634045817,LightGBM
2016-04-17,17,16.16,13.915849629391262,LightGBM
2016-04-17,18,19.35,20.35219113278519,LightGBM
2016-04-17,19,21.19,23.320602908075063,LightGBM
2016-04-17,20,26.4,24.21246210537207,LightGBM
2016-04-17,21,29.65,24.031839089676524,LightGBM
2016-04-17,22,30.16,24.695780021500248,LightGBM
2016-04-17,23,27.25,20.679613971833952,LightGBM
2016-04-18,0,20.92,22.470499394429073,LightGBM
2016-04-18,1,20.9,18.7781650570701,LightGBM
2016-04-18,2,19.7,18.48516808697051,LightGBM
2016-04-18,3,18.9,15.89330700589999,LightGBM
2016-04-18,4,19.0,15.137066621534066,LightGBM
2016-04-18,5,20.6,20.355468473095822,LightGBM
2016-04-18,6,30.0,29.421916147480427,LightGBM
2016-04-18,7,37.06,35.3495527049902,LightGBM
2016-04-18,8,38.79,38.078779581517495,LightGBM
2016-04-18,9,29.27,30.827658733456712,LightGBM
2016-04-18,10,24.09,26.5896871290844,LightGBM
2016-04-18,11,23.28,25.48737666375482,LightGBM
2016-04-18,12,21.14,23.080720814079218,LightGBM
2016-04-18,13,20.7,21.000334987355135,LightGBM
2016-04-18,14,20.65,20.57038284612195,LightGBM
2016-04-18,15,20.49,19.716657354691183,LightGBM
2016-04-18,16,20.31,20.52417813265777,LightGBM
2016-04-18,17,20.94,21.761078354953845,LightGBM
2016-04-18,18,23.19,26.51063285195803,LightGBM
2016-04-18,19,25.62,28.93085928778942,LightGBM
2016-04-18,20,27.92,30.113702277918975,LightGBM
2016-04-18,21,29.03,28.11412909839229,LightGBM
2016-04-18,22,22.55,25.372905071697236,LightGBM
2016-04-18,23,19.31,18.009895724570015,LightGBM
2016-04-19,0,19.32,16.336558998198775,LightGBM
2016-04-19,1,18.69,16.425265658576322,LightGBM
2016-04-19,2,18.04,14.498837287546463,LightGBM
2016-04-19,3,17.49,12.685025727446387,LightGBM
2016-04-19,4,18.44,13.17931832593686,LightGBM
2016-04-19,5,19.8,16.50162149607557,LightGBM
2016-04-19,6,26.93,23.753065084527243,LightGBM
2016-04-19,7,29.99,30.121045268025313,LightGBM
2016-04-19,8,29.68,32.77231166367704,LightGBM
2016-04-19,9,21.96,28.727448666662923,LightGBM
2016-04-19,10,20.94,22.606530212292004,LightGBM
2016-04-19,11,20.42,21.33983038144484,LightGBM
2016-04-19,12,17.79,20.222512999112084,LightGBM
2016-04-19,13,15.62,17.76399282977532,LightGBM
2016-04-19,14,13.6,18.063882734712863,LightGBM
2016-04-19,15,13.68,16.22480474887662,LightGBM
2016-04-19,16,15.02,16.94740297712761,LightGBM
2016-04-19,17,19.24,18.91745333596852,LightGBM
2016-04-19,18,20.76,23.778659908622675,LightGBM
2016-04-19,19,23.99,27.722245299464017,LightGBM
2016-04-19,20,25.95,28.995035766607966,LightGBM
2016-04-19,21,24.87,26.47849758901326,LightGBM
2016-04-19,22,21.42,23.994542842783364,LightGBM
2016-04-19,23,19.33,18.80116333331236,LightGBM
2016-04-20,0,19.14,17.686057438940875,LightGBM
2016-04-20,1,18.85,15.908181621398965,LightGBM
2016-04-20,2,16.5,14.947239867487028,LightGBM
2016-04-20,3,17.49,13.301112335031378,LightGBM
2016-04-20,4,18.63,15.13795358996732,LightGBM
2016-04-20,5,20.0,19.54664197154304,LightGBM
2016-04-20,6,25.76,24.863537792240344,LightGBM
2016-04-20,7,30.55,32.682823282105986,LightGBM
2016-04-20,8,31.91,32.141045925320185,LightGBM
2016-04-20,9,26.44,28.16766510840909,LightGBM
2016-04-20,10,23.02,25.85043508208771,LightGBM
2016-04-20,11,22.43,24.030439373604498,LightGBM
2016-04-20,12,21.51,22.774698011272175,LightGBM
2016-04-20,13,20.49,22.54396818458469,LightGBM
2016-04-20,14,20.89,22.45843319377838,LightGBM
2016-04-20,15,21.57,22.548239058099515,LightGBM
2016-04-20,16,21.59,23.34438652874384,LightGBM
2016-04-20,17,22.89,27.725800255414683,LightGBM
2016-04-20,18,27.24,30.676656854643646,LightGBM
2016-04-20,19,31.09,35.82199811814972,LightGBM
2016-04-20,20,32.16,35.69173688539896,LightGBM
2016-04-20,21,30.66,34.65307963469623,LightGBM
2016-04-20,22,28.52,33.029457866315866,LightGBM
2016-04-20,23,24.5,27.6706760522395,LightGBM
2016-04-21,0,22.51,23.947698393992788,LightGBM
2016-04-21,1,20.5,23.007205252306438,LightGBM
2016-04-21,2,19.93,22.503693363827825,LightGBM
2016-04-21,3,19.58,22.128963074261595,LightGBM
2016-04-21,4,19.84,21.440477411772974,LightGBM
2016-04-21,5,21.11,22.448453591799726,LightGBM
2016-04-21,6,29.1,29.0211618484664,LightGBM
2016-04-21,7,34.58,34.590691971277664,LightGBM
2016-04-21,8,35.38,35.18141666198272,LightGBM
2016-04-21,9,32.92,29.626386786756534,LightGBM
2016-04-21,10,28.91,25.874891276818126,LightGBM
2016-04-21,11,26.12,25.312689775496192,LightGBM
2016-04-21,12,23.59,22.760535699049992,LightGBM
2016-04-21,13,23.43,21.517004980443822,LightGBM
2016-04-21,14,23.47,21.13891044201974,LightGBM
2016-04-21,15,23.93,20.568700967700376,LightGBM
2016-04-21,16,23.95,21.509560350663758,LightGBM
2016-04-21,17,27.61,25.380339514470606,LightGBM
2016-04-21,18,30.74,29.92313092219642,LightGBM
2016-04-21,19,32.33,32.13275857436817,LightGBM
2016-04-21,20,32.34,31.282729681751455,LightGBM
2016-04-21,21,32.02,29.780971860198882,LightGBM
2016-04-21,22,29.19,27.37312561645138,LightGBM
2016-04-21,23,25.0,23.860725396388304,LightGBM
2016-04-22,0,21.95,22.463382754486343,LightGBM
2016-04-22,1,20.7,21.234340843783354,LightGBM
2016-04-22,2,19.59,20.687340600131936,LightGBM
2016-04-22,3,19.32,19.309669853394634,LightGBM
2016-04-22,4,19.85,19.431678960904144,LightGBM
2016-04-22,5,22.94,21.460943776050904,LightGBM
2016-04-22,6,28.0,27.71743361454927,LightGBM
2016-04-22,7,33.14,32.97071133987486,LightGBM
2016-04-22,8,34.61,34.021528573881,LightGBM
2016-04-22,9,31.59,30.8063086630735,LightGBM
2016-04-22,10,28.69,26.987872399616926,LightGBM
2016-04-22,11,25.22,25.854797886130914,LightGBM
2016-04-22,12,23.98,24.231038805469097,LightGBM
2016-04-22,13,22.95,23.973413489167694,LightGBM
2016-04-22,14,22.24,24.11907923281591,LightGBM
2016-04-22,15,22.32,22.653935985033588,LightGBM
2016-04-22,16,22.89,23.972973348880835,LightGBM
2016-04-22,17,24.75,27.926608622656445,LightGBM
2016-04-22,18,28.99,30.917708910952786,LightGBM
2016-04-22,19,30.93,32.30931462858444,LightGBM
2016-04-22,20,30.94,32.37575184686109,LightGBM
2016-04-22,21,29.33,29.701071777261593,LightGBM
2016-04-22,22,27.94,28.4793506731122,LightGBM
2016-04-22,23,25.04,24.573639234058756,LightGBM
2016-04-23,0,27.72,22.545117910205853,LightGBM
2016-04-23,1,22.45,20.89309107364978,LightGBM
2016-04-23,2,21.47,20.56948927990125,LightGBM
2016-04-23,3,20.99,19.217860458684886,LightGBM
2016-04-23,4,20.99,18.739143390267603,LightGBM
2016-04-23,5,20.9,18.933247340256393,LightGBM
2016-04-23,6,21.05,19.148725224758923,LightGBM
2016-04-23,7,21.48,20.328589151793448,LightGBM
2016-04-23,8,23.62,23.526871265544813,LightGBM
2016-04-23,9,27.29,23.091192232751837,LightGBM
2016-04-23,10,26.91,22.667653275654065,LightGBM
2016-04-23,11,25.76,20.272327245371926,LightGBM
2016-04-23,12,23.4,18.318853855567514,LightGBM
2016-04-23,13,21.36,17.25638381751407,LightGBM
2016-04-23,14,20.42,15.556742906563029,LightGBM
2016-04-23,15,18.29,15.739671679198585,LightGBM
2016-04-23,16,16.27,14.71759315123002,LightGBM
2016-04-23,17,19.13,17.967172209239063,LightGBM
2016-04-23,18,21.07,22.067663982825085,LightGBM
2016-04-23,19,22.46,23.759013107710633,LightGBM
2016-04-23,20,25.0,25.135200809889504,LightGBM
2016-04-23,21,27.19,24.48612583833317,LightGBM
2016-04-23,22,25.05,25.456400956775187,LightGBM
2016-04-23,23,22.1,20.991012830031256,LightGBM
2016-04-24,0,18.21,17.41551822930988,LightGBM
2016-04-24,1,15.07,15.138531457629528,LightGBM
2016-04-24,2,14.31,14.796502185367018,LightGBM
2016-04-24,3,12.59,13.648341234132802,LightGBM
2016-04-24,4,12.79,13.265680859131884,LightGBM
2016-04-24,5,13.62,12.479150491006392,LightGBM
2016-04-24,6,12.76,12.713568782719337,LightGBM
2016-04-24,7,12.2,12.995045660763278,LightGBM
2016-04-24,8,13.75,14.383105020434497,LightGBM
2016-04-24,9,12.57,14.645243029145904,LightGBM
2016-04-24,10,12.54,14.187521536723834,LightGBM
2016-04-24,11,13.79,14.7693972338341,LightGBM
2016-04-24,12,14.19,13.141887190918835,LightGBM
2016-04-24,13,11.88,11.977445033212597,LightGBM
2016-04-24,14,9.44,9.299591679419214,LightGBM
2016-04-24,15,9.5,10.074588394482701,LightGBM
2016-04-24,16,8.47,10.166458343302434,LightGBM
2016-04-24,17,13.04,14.508058305696828,LightGBM
2016-04-24,18,20.28,20.653381694641894,LightGBM
2016-04-24,19,21.96,24.060690024008956,LightGBM
2016-04-24,20,23.94,27.136530749954808,LightGBM
2016-04-24,21,24.37,27.76709193082823,LightGBM
2016-04-24,22,27.87,29.032608492023137,LightGBM
2016-04-24,23,24.04,24.019126003063263,LightGBM
2016-04-25,0,22.56,20.46563461907359,LightGBM
2016-04-25,1,21.46,19.771375294626008,LightGBM
2016-04-25,2,20.82,18.748600825970488,LightGBM
2016-04-25,3,20.23,16.834351884915637,LightGBM
2016-04-25,4,20.26,15.677463847708362,LightGBM
2016-04-25,5,21.1,20.35463723475025,LightGBM
2016-04-25,6,29.02,29.897888979512985,LightGBM
2016-04-25,7,32.97,36.36693888038221,LightGBM
2016-04-25,8,34.48,36.215124541790935,LightGBM
2016-04-25,9,30.03,31.74111245159921,LightGBM
2016-04-25,10,28.95,26.567696576639136,LightGBM
2016-04-25,11,27.94,26.10226059993708,LightGBM
2016-04-25,12,28.31,23.645781822567166,LightGBM
2016-04-25,13,27.37,22.770570874437162,LightGBM
2016-04-25,14,24.39,23.040842310000393,LightGBM
2016-04-25,15,23.75,22.464898615960433,LightGBM
2016-04-25,16,23.78,22.72436854189527,LightGBM
2016-04-25,17,25.95,23.43304019636859,LightGBM
2016-04-25,18,28.41,27.712082164668296,LightGBM
2016-04-25,19,31.19,30.372570005378773,LightGBM
2016-04-25,20,31.46,30.00130010108031,LightGBM
2016-04-25,21,30.15,28.440773249433732,LightGBM
2016-04-25,22,28.14,25.65020161257103,LightGBM
2016-04-25,23,22.97,21.17482247675761,LightGBM
2016-04-26,0,21.81,20.8377876795726,LightGBM
2016-04-26,1,20.9,20.348415995110795,LightGBM
2016-04-26,2,20.96,19.114725965594907,LightGBM
2016-04-26,3,20.62,18.88527165952555,LightGBM
2016-04-26,4,21.07,19.295201183223238,LightGBM
2016-04-26,5,22.73,22.40476573989907,LightGBM
2016-04-26,6,29.91,28.20593782310775,LightGBM
2016-04-26,7,34.07,34.56525500544754,LightGBM
2016-04-26,8,35.14,34.802617693880876,LightGBM
2016-04-26,9,32.7,32.317244952989,LightGBM
2016-04-26,10,30.36,28.930938508410474,LightGBM
2016-04-26,11,29.78,27.815199397286857,LightGBM
2016-04-26,12,26.95,26.02250967332535,LightGBM
2016-04-26,13,25.65,24.31927014822644,LightGBM
2016-04-26,14,25.29,24.103072508204868,LightGBM
2016-04-26,15,25.23,22.995389656390905,LightGBM
2016-04-26,16,24.73,23.316694076617118,LightGBM
2016-04-26,17,25.29,24.682476090605896,LightGBM
2016-04-26,18,28.92,28.24179780874796,LightGBM
2016-04-26,19,31.11,30.00644941581063,LightGBM
2016-04-26,20,31.61,31.136145785112195,LightGBM
2016-04-26,21,31.07,28.62080020144482,LightGBM
2016-04-26,22,27.98,26.222450238264084,LightGBM
2016-04-26,23,23.99,23.259323100515473,LightGBM
2016-04-27,0,23.01,22.169645288150235,LightGBM
2016-04-27,1,22.42,20.10798838391923,LightGBM
2016-04-27,2,22.53,20.070324513839072,LightGBM
2016-04-27,3,22.04,18.969009282919377,LightGBM
2016-04-27,4,22.17,18.873346918734477,LightGBM
2016-04-27,5,23.77,20.871976985453827,LightGBM
2016-04-27,6,28.6,27.060027043480765,LightGBM
2016-04-27,7,31.47,34.26734500968571,LightGBM
2016-04-27,8,30.27,34.53317719972147,LightGBM
2016-04-27,9,28.85,29.880356638344768,LightGBM
2016-04-27,10,25.65,25.859382280921025,LightGBM
2016-04-27,11,24.91,25.088215599873514,LightGBM
2016-04-27,12,24.21,23.59256953717565,LightGBM
2016-04-27,13,24.14,21.98478377542796,LightGBM
2016-04-27,14,23.56,21.501509303197487,LightGBM
2016-04-27,15,23.42,21.02934534330953,LightGBM
2016-04-27,16,23.53,20.99111345304006,LightGBM
2016-04-27,17,24.03,22.738057119450445,LightGBM
2016-04-27,18,28.95,27.93869771427429,LightGBM
2016-04-27,19,30.27,30.707416773746818,LightGBM
2016-04-27,20,33.0,30.30804165248247,LightGBM
2016-04-27,21,31.95,30.31990610200323,LightGBM
2016-04-27,22,27.93,27.963106063364314,LightGBM
2016-04-27,23,25.51,23.742856587487296,LightGBM
2016-04-28,0,23.0,23.169959652220104,LightGBM
2016-04-28,1,23.46,21.629350533430046,LightGBM
2016-04-28,2,24.55,21.59979269941025,LightGBM
2016-04-28,3,23.28,21.658069337018677,LightGBM
2016-04-28,4,23.73,22.73254356650694,LightGBM
2016-04-28,5,25.59,23.56577305343017,LightGBM
2016-04-28,6,31.12,28.795059776698924,LightGBM
2016-04-28,7,37.99,34.43607896995118,LightGBM
2016-04-28,8,37.99,33.96824778340088,LightGBM
2016-04-28,9,34.1,30.387130583980884,LightGBM
2016-04-28,10,29.93,26.763387090707003,LightGBM
2016-04-28,11,29.39,27.033287752499987,LightGBM
2016-04-28,12,26.16,24.6695007829275,LightGBM
2016-04-28,13,24.98,24.44571478838218,LightGBM
2016-04-28,14,27.39,23.90560654138324,LightGBM
2016-04-28,15,26.96,23.663561210230174,LightGBM
2016-04-28,16,26.5,24.377915757009735,LightGBM
2016-04-28,17,30.0,27.50197638481665,LightGBM
2016-04-28,18,34.79,31.93172661936214,LightGBM
2016-04-28,19,38.43,34.914912999385145,LightGBM
2016-04-28,20,35.75,36.408733094685076,LightGBM
2016-04-28,21,37.19,36.529545597896394,LightGBM
2016-04-28,22,34.92,33.53748757985612,LightGBM
2016-04-28,23,30.3,28.876657963989913,LightGBM
2016-04-29,0,26.41,26.94896667514558,LightGBM
2016-04-29,1,25.01,24.46988144178077,LightGBM
2016-04-29,2,23.99,25.128795972828993,LightGBM
2016-04-29,3,22.46,23.301691331151506,LightGBM
2016-04-29,4,22.35,22.66349755095204,LightGBM
2016-04-29,5,23.47,24.739195395488338,LightGBM
2016-04-29,6,26.8,29.923509323256848,LightGBM
2016-04-29,7,30.68,35.93100640210789,LightGBM
2016-04-29,8,28.51,35.244576088933805,LightGBM
2016-04-29,9,22.39,30.687807375102,LightGBM
2016-04-29,10,20.69,24.475044607070604,LightGBM
2016-04-29,11,20.05,24.22821052514459,LightGBM
2016-04-29,12,19.09,21.53136855322527,LightGBM
2016-04-29,13,20.14,21.285205308550633,LightGBM
2016-04-29,14,20.86,21.676836638717475,LightGBM
2016-04-29,15,22.01,20.880849845876256,LightGBM
2016-04-29,16,22.59,22.460555048934253,LightGBM
2016-04-29,17,26.01,24.811759531860957,LightGBM
2016-04-29,18,30.82,29.81748560704983,LightGBM
2016-04-29,19,34.83,34.10172273729601,LightGBM
2016-04-29,20,35.18,32.94437507202281,LightGBM
2016-04-29,21,33.08,32.604460482319375,LightGBM
2016-04-29,22,30.93,31.044653704572614,LightGBM
2016-04-29,23,27.35,27.631688303047284,LightGBM
2016-04-30,0,24.17,25.511652339027805,LightGBM
2016-04-30,1,24.25,23.597682197228202,LightGBM
2016-04-30,2,24.54,22.897324868163476,LightGBM
2016-04-30,3,25.04,21.87316135479314,LightGBM
2016-04-30,4,24.0,22.56229352767348,LightGBM
2016-04-30,5,24.0,20.980887209783067,LightGBM
2016-04-30,6,24.22,20.656346441984756,LightGBM
2016-04-30,7,25.45,23.049851589281374,LightGBM
2016-04-30,8,26.81,25.30998512985635,LightGBM
2016-04-30,9,28.69,26.87595769738523,LightGBM
2016-04-30,10,25.7,25.33846448561218,LightGBM
2016-04-30,11,24.05,23.986318925556713,LightGBM
2016-04-30,12,22.44,22.324426470742186,LightGBM
2016-04-30,13,22.01,21.70887079773307,LightGBM
2016-04-30,14,21.48,18.853550059513196,LightGBM
2016-04-30,15,21.17,19.524453183057076,LightGBM
2016-04-30,16,21.54,18.731619072496358,LightGBM
2016-04-30,17,22.34,21.796226820783065,LightGBM
2016-04-30,18,25.02,28.11304653557995,LightGBM
2016-04-30,19,25.51,30.901167918422285,LightGBM
2016-04-30,20,25.61,29.444431788124323,LightGBM
2016-04-30,21,28.53,27.59936108961229,LightGBM
2016-04-30,22,27.92,28.613962161242103,LightGBM
2016-04-30,23,24.03,24.87284013288878,LightGBM
2016-05-01,0,20.1,17.61290884101503,LightGBM
2016-05-01,1,19.81,15.114907664047237,LightGBM
2016-05-01,2,18.72,14.773913922741023,LightGBM
2016-05-01,3,17.03,13.606825287026991,LightGBM
2016-05-01,4,17.17,13.02673104730552,LightGBM
2016-05-01,5,17.92,13.49023543059939,LightGBM
2016-05-01,6,17.64,11.356576330508286,LightGBM
2016-05-01,7,17.04,12.088135677299768,LightGBM
2016-05-01,8,16.82,13.367903905673714,LightGBM
2016-05-01,9,17.42,15.414523210465921,LightGBM
2016-05-01,10,16.77,14.752126773650986,LightGBM
2016-05-01,11,16.97,15.650859737311308,LightGBM
2016-05-01,12,15.16,14.638031456617824,LightGBM
2016-05-01,13,13.73,10.643786944919063,LightGBM
2016-05-01,14,14.29,11.819978634492397,LightGBM
2016-05-01,15,13.54,10.377359444219834,LightGBM
2016-05-01,16,14.25,11.130802302822802,LightGBM
2016-05-01,17,16.21,14.825560815081198,LightGBM
2016-05-01,18,21.35,21.00678954768406,LightGBM
2016-05-01,19,23.57,25.71840588426893,LightGBM
2016-05-01,20,25.08,26.70367456967179,LightGBM
2016-05-01,21,25.74,27.76320655712193,LightGBM
2016-05-01,22,26.35,29.55478012422258,LightGBM
2016-05-01,23,24.48,25.000707815197522,LightGBM
2016-05-02,0,21.45,23.847695722617775,LightGBM
2016-05-02,1,20.23,22.80395626603521,LightGBM
2016-05-02,2,20.03,20.577662968171634,LightGBM
2016-05-02,3,19.94,19.81685298181769,LightGBM
2016-05-02,4,20.08,19.708692204935197,LightGBM
2016-05-02,5,23.47,22.155217343199865,LightGBM
2016-05-02,6,31.12,29.820705402452177,LightGBM
2016-05-02,7,35.53,36.3055579406359,LightGBM
2016-05-02,8,34.96,36.88591680273039,LightGBM
2016-05-02,9,31.35,33.09442598084771,LightGBM
2016-05-02,10,28.29,26.825451711893997,LightGBM
2016-05-02,11,26.91,28.033109912475794,LightGBM
2016-05-02,12,25.29,28.167544281252923,LightGBM
2016-05-02,13,25.07,26.817448784880177,LightGBM
2016-05-02,14,25.02,27.188791126729292,LightGBM
2016-05-02,15,25.53,26.663096916336098,LightGBM
2016-05-02,16,26.94,27.49159300931828,LightGBM
2016-05-02,17,29.06,31.53966646944223,LightGBM
2016-05-02,18,33.0,35.5039413807338,LightGBM
2016-05-02,19,35.79,39.35992732953633,LightGBM
2016-05-02,20,35.76,36.2628347687245,LightGBM
2016-05-02,21,34.08,35.01492462804051,LightGBM
2016-05-02,22,31.93,32.08274983853657,LightGBM
2016-05-02,23,27.05,26.96502270918585,LightGBM
2016-05-03,0,23.91,25.225812001287803,LightGBM
2016-05-03,1,22.32,23.622653028204446,LightGBM
2016-05-03,2,21.84,24.15679959718915,LightGBM
2016-05-03,3,21.37,22.61133908562513,LightGBM
2016-05-03,4,21.85,23.678414635828258,LightGBM
2016-05-03,5,23.26,24.4115703143807,LightGBM
2016-05-03,6,30.39,32.62954600225553,LightGBM
2016-05-03,7,33.9,39.0797541251603,LightGBM
2016-05-03,8,36.48,40.89704063044892,LightGBM
2016-05-03,9,35.95,37.66310326997156,LightGBM
2016-05-03,10,35.58,35.036380323599545,LightGBM
2016-05-03,11,34.9,34.12095298909826,LightGBM
2016-05-03,12,31.55,30.96207190240268,LightGBM
2016-05-03,13,26.59,28.80303262436571,LightGBM
2016-05-03,14,24.9,27.59191209390292,LightGBM
2016-05-03,15,24.1,25.818549398148814,LightGBM
2016-05-03,16,23.91,24.545179979914753,LightGBM
2016-05-03,17,25.17,26.369702292841364,LightGBM
2016-05-03,18,28.51,29.126987096941118,LightGBM
2016-05-03,19,31.69,31.752807289308965,LightGBM
2016-05-03,20,32.1,31.291908547219943,LightGBM
2016-05-03,21,32.8,31.77065852204621,LightGBM
2016-05-03,22,30.92,28.78693810771595,LightGBM
2016-05-03,23,24.59,25.394519284451775,LightGBM
2016-05-04,0,22.94,23.397054181819854,LightGBM
2016-05-04,1,21.98,21.48416178506249,LightGBM
2016-05-04,2,21.95,21.748788517344316,LightGBM
2016-05-04,3,21.69,20.67900037192033,LightGBM
2016-05-04,4,22.14,21.083240812381653,LightGBM
2016-05-04,5,23.59,22.48628265646368,LightGBM
2016-05-04,6,31.47,26.853078682630905,LightGBM
2016-05-04,7,35.05,31.57583919297565,LightGBM
2016-05-04,8,35.97,33.6772997361445,LightGBM
2016-05-04,9,32.46,30.99916786809131,LightGBM
2016-05-04,10,28.51,26.50959512595563,LightGBM
2016-05-04,11,27.14,25.18632091333069,LightGBM
2016-05-04,12,25.43,24.22901073631787,LightGBM
2016-05-04,13,24.37,22.93113905525385,LightGBM
2016-05-04,14,24.01,23.22636714511747,LightGBM
2016-05-04,15,23.64,23.951371255070097,LightGBM
2016-05-04,16,23.88,24.990471838048784,LightGBM
2016-05-04,17,25.1,28.47596361381023,LightGBM
2016-05-04,18,28.96,34.99872460486613,LightGBM
2016-05-04,19,31.73,36.228636606261816,LightGBM
2016-05-04,20,32.0,35.34424142606639,LightGBM
2016-05-04,21,32.9,35.80855212387483,LightGBM
2016-05-04,22,31.93,33.75294800606649,LightGBM
2016-05-04,23,27.8,28.265152209272994,LightGBM
2016-05-05,0,23.69,25.382686709241476,LightGBM
2016-05-05,1,21.86,22.164174685134412,LightGBM
2016-05-05,2,21.26,20.573665773905436,LightGBM
2016-05-05,3,20.26,19.727159888727424,LightGBM
2016-05-05,4,19.79,20.389839704416378,LightGBM
2016-05-05,5,19.79,20.241096327013384,LightGBM
2016-05-05,6,19.95,21.332146849294148,LightGBM
2016-05-05,7,20.07,21.647557397327343,LightGBM
2016-05-05,8,20.0,21.805657953199855,LightGBM
2016-05-05,9,19.57,22.270633802943166,LightGBM
2016-05-05,10,19.01,20.95747813999691,LightGBM
2016-05-05,11,17.76,19.897718791155622,LightGBM
2016-05-05,12,16.97,17.00609225752288,LightGBM
2016-05-05,13,13.42,14.965506108622954,LightGBM
2016-05-05,14,10.85,13.154479707289026,LightGBM
2016-05-05,15,10.49,14.34421705555813,LightGBM
2016-05-05,16,13.06,14.513500152643317,LightGBM
2016-05-05,17,17.77,20.947382937438654,LightGBM
2016-05-05,18,20.67,25.824725290053028,LightGBM
2016-05-05,19,24.2,29.550512316611645,LightGBM
2016-05-05,20,24.08,30.070862286470362,LightGBM
2016-05-05,21,24.87,28.158423885350263,LightGBM
2016-05-05,22,25.79,28.76874436592337,LightGBM
2016-05-05,23,21.62,23.874207616122032,LightGBM
2016-05-06,0,20.73,19.01859793146727,LightGBM
2016-05-06,1,19.08,16.12646273530552,LightGBM
2016-05-06,2,18.46,16.032778538757015,LightGBM
2016-05-06,3,17.87,14.268102150110403,LightGBM
2016-05-06,4,19.11,14.847060015074504,LightGBM
2016-05-06,5,20.0,16.929928423040124,LightGBM
2016-05-06,6,24.44,18.80160051127965,LightGBM
2016-05-06,7,30.33,24.338498000187197,LightGBM
2016-05-06,8,30.99,27.770896959443583,LightGBM
2016-05-06,9,29.98,22.51428126166489,LightGBM
2016-05-06,10,24.28,18.935082503400373,LightGBM
2016-05-06,11,22.58,18.934182396394625,LightGBM
2016-05-06,12,19.66,17.11765462489343,LightGBM
2016-05-06,13,14.24,14.255345247127511,LightGBM
2016-05-06,14,11.92,13.99093180466277,LightGBM
2016-05-06,15,14.96,12.866898660716588,LightGBM
2016-05-06,16,17.93,13.753552399455257,LightGBM
2016-05-06,17,21.85,16.657450110043158,LightGBM
2016-05-06,18,27.99,24.04925959401739,LightGBM
2016-05-06,19,30.94,25.911773917269024,LightGBM
2016-05-06,20,28.8,26.818891511908173,LightGBM
2016-05-06,21,27.86,27.0507670146859,LightGBM
2016-05-06,22,25.43,24.01470798545074,LightGBM
2016-05-06,23,21.42,19.972621192028722,LightGBM
2016-05-07,0,19.73,17.80403998607623,LightGBM
2016-05-07,1,16.9,15.920427250317005,LightGBM
2016-05-07,2,14.95,15.203168940876598,LightGBM
2016-05-07,3,14.64,14.485448132407042,LightGBM
2016-05-07,4,14.96,13.964970858959715,LightGBM
2016-05-07,5,15.2,13.515420393033294,LightGBM
2016-05-07,6,16.27,14.880729676666817,LightGBM
2016-05-07,7,19.32,17.014453663205174,LightGBM
2016-05-07,8,19.94,19.251406256965623,LightGBM
2016-05-07,9,19.41,18.9175460159449,LightGBM
2016-05-07,10,13.1,15.061024911927948,LightGBM
2016-05-07,11,10.54,15.128594449933185,LightGBM
2016-05-07,12,6.12,13.70448294198033,LightGBM
2016-05-07,13,5.32,11.44867652866545,LightGBM
2016-05-07,14,3.05,8.334137551408817,LightGBM
2016-05-07,15,3.84,10.657156909192407,LightGBM
2016-05-07,16,8.67,11.118952768174042,LightGBM
2016-05-07,17,13.49,14.554105329444685,LightGBM
2016-05-07,18,19.92,18.778120624449055,LightGBM
2016-05-07,19,21.43,21.199755208578658,LightGBM
2016-05-07,20,19.93,23.730401521056674,LightGBM
2016-05-07,21,19.81,23.461146739105143,LightGBM
2016-05-07,22,19.72,20.97589173536349,LightGBM
2016-05-07,23,18.22,16.27596370269292,LightGBM
2016-05-08,0,14.2,12.293692655168792,LightGBM
2016-05-08,1,10.01,10.397974750840286,LightGBM
2016-05-08,2,7.98,9.631172811579797,LightGBM
2016-05-08,3,5.07,9.703889005431982,LightGBM
2016-05-08,4,4.0,7.895344150354413,LightGBM
2016-05-08,5,3.0,7.544566621733324,LightGBM
2016-05-08,6,2.91,5.891279803648577,LightGBM
2016-05-08,7,2.79,7.926290666207277,LightGBM
2016-05-08,8,4.0,8.76246445800016,LightGBM
2016-05-08,9,2.35,10.256692035741937,LightGBM
2016-05-08,10,-1.63,9.41061463333281,LightGBM
2016-05-08,11,-7.09,10.069238280486749,LightGBM
2016-05-08,12,-76.09,7.840155709039978,LightGBM
2016-05-08,13,-100.06,6.322879953517967,LightGBM
2016-05-08,14,-130.09,2.7473198764245996,LightGBM
2016-05-08,15,-82.06,3.5480089674858952,LightGBM
2016-05-08,16,-76.0,5.069418446163371,LightGBM
2016-05-08,17,-0.6,9.574244866013911,LightGBM
2016-05-08,18,10.4,14.980103877331977,LightGBM
2016-05-08,19,19.35,19.2752361855247,LightGBM
2016-05-08,20,19.4,21.208117786989853,LightGBM
2016-05-08,21,20.02,21.091268148072615,LightGBM
2016-05-08,22,20.12,19.66590643690163,LightGBM
2016-05-08,23,18.66,16.780085659860422,LightGBM
2016-05-09,0,14.28,14.946177494753577,LightGBM
2016-05-09,1,12.68,13.693870691057608,LightGBM
2016-05-09,2,12.09,11.238381664888225,LightGBM
2016-05-09,3,9.57,12.081476831079685,LightGBM
2016-05-09,4,11.0,11.450550905739092,LightGBM
2016-05-09,5,14.18,13.347847126207563,LightGBM
2016-05-09,6,28.57,21.56948613185117,LightGBM
2016-05-09,7,32.95,29.798731147794143,LightGBM
2016-05-09,8,34.69,32.27561783125603,LightGBM
2016-05-09,9,31.24,26.234220756353437,LightGBM
2016-05-09,10,24.23,21.374753065450275,LightGBM
2016-05-09,11,22.15,21.638995703252906,LightGBM
2016-05-09,12,17.08,19.63137288710941,LightGBM
2016-05-09,13,12.01,18.237563354955835,LightGBM
2016-05-09,14,10.85,16.55531703489645,LightGBM
2016-05-09,15,18.63,15.749333344923386,LightGBM
2016-05-09,16,21.0,16.541252086617046,LightGBM
2016-05-09,17,23.71,19.317557310945073,LightGBM
2016-05-09,18,27.12,25.488805703400967,LightGBM
2016-05-09,19,31.46,29.803195583251526,LightGBM
2016-05-09,20,31.28,30.202385033031433,LightGBM
2016-05-09,21,30.0,29.66793097550766,LightGBM
2016-05-09,22,24.92,27.01645880411216,LightGBM
2016-05-09,23,21.83,21.370747545628888,LightGBM
2016-05-10,0,22.55,20.304257449050958,LightGBM
2016-05-10,1,21.09,17.02304242836428,LightGBM
2016-05-10,2,19.61,16.293726270007507,LightGBM
2016-05-10,3,19.33,15.698139514976168,LightGBM
2016-05-10,4,19.87,16.870328096284574,LightGBM
2016-05-10,5,21.56,19.955694291430827,LightGBM
2016-05-10,6,28.5,27.727477239113007,LightGBM
2016-05-10,7,31.87,31.839306918657776,LightGBM
2016-05-10,8,36.66,33.64048794666407,LightGBM
2016-05-10,9,34.61,31.081924629821064,LightGBM
2016-05-10,10,29.96,26.632342715736897,LightGBM
2016-05-10,11,25.54,25.24743527299023,LightGBM
2016-05-10,12,23.46,25.14598269159864,LightGBM
2016-05-10,13,23.34,22.49770189572844,LightGBM
2016-05-10,14,23.41,21.615280311874493,LightGBM
2016-05-10,15,27.6,23.139541925282465,LightGBM
2016-05-10,16,28.21,25.461401490327653,LightGBM
2016-05-10,17,30.69,27.755449422071806,LightGBM
2016-05-10,18,31.93,30.955852281927214,LightGBM
2016-05-10,19,32.5,33.373312669441205,LightGBM
2016-05-10,20,32.25,32.64115179521137,LightGBM
2016-05-10,21,31.99,31.8329565562175,LightGBM
2016-05-10,22,29.96,28.734589153025436,LightGBM
2016-05-10,23,22.34,25.213348026364006,LightGBM
2016-05-11,0,22.4,20.73726885218985,LightGBM
2016-05-11,1,20.54,19.50091673920626,LightGBM
2016-05-11,2,19.92,17.498701581384836,LightGBM
2016-05-11,3,19.11,17.14916501053379,LightGBM
2016-05-11,4,19.87,18.3655994730389,LightGBM
2016-05-11,5,21.84,19.973657444244523,LightGBM
2016-05-11,6,28.96,28.143738465469905,LightGBM
2016-05-11,7,35.27,33.47680535729645,LightGBM
2016-05-11,8,39.6,35.85933324729757,LightGBM
2016-05-11,9,34.94,30.99216043938432,LightGBM
2016-05-11,10,29.41,26.865008101151346,LightGBM
2016-05-11,11,24.58,23.824017279201566,LightGBM
2016-05-11,12,22.19,21.04597219834011,LightGBM
2016-05-11,13,20.87,19.421047490654086,LightGBM
2016-05-11,14,20.74,18.186044917846548,LightGBM
2016-05-11,15,21.73,18.780469196778714,LightGBM
2016-05-11,16,22.54,19.683695562587648,LightGBM
2016-05-11,17,23.36,22.81064934036609,LightGBM
2016-05-11,18,25.87,25.479863702153818,LightGBM
2016-05-11,19,31.32,29.004486417113412,LightGBM
2016-05-11,20,29.94,28.50069730813599,LightGBM
2016-05-11,21,25.09,26.58173150019206,LightGBM
2016-05-11,22,22.23,22.52324003126537,LightGBM
2016-05-11,23,19.44,19.072498653186283,LightGBM
2016-05-12,0,19.5,17.459617995946182,LightGBM
2016-05-12,1,17.81,15.386895578780061,LightGBM
2016-05-12,2,14.67,14.585300000326884,LightGBM
2016-05-12,3,14.0,13.374821616571118,LightGBM
2016-05-12,4,13.02,14.938436775283414,LightGBM
2016-05-12,5,18.08,15.128026259735087,LightGBM
2016-05-12,6,24.08,22.531492599465544,LightGBM
2016-05-12,7,30.93,28.486376173627878,LightGBM
2016-05-12,8,34.05,30.7366597711542,LightGBM
2016-05-12,9,30.96,26.95936916713871,LightGBM
2016-05-12,10,28.93,22.865467563256807,LightGBM
2016-05-12,11,26.95,21.23430535690478,LightGBM
2016-05-12,12,25.24,21.161640859529808,LightGBM
2016-05-12,13,24.15,18.879633558307166,LightGBM
2016-05-12,14,24.75,18.82885503851508,LightGBM
2016-05-12,15,25.07,21.34299488724651,LightGBM
2016-05-12,16,25.14,20.02704204221215,LightGBM
2016-05-12,17,27.47,22.253598665295584,LightGBM
2016-05-12,18,29.79,25.71249692475711,LightGBM
2016-05-12,19,32.91,28.356776893081573,LightGBM
2016-05-12,20,32.85,30.034912189215152,LightGBM
2016-05-12,21,31.84,28.342679381446487,LightGBM
2016-05-12,22,29.98,26.7047649261443,LightGBM
2016-05-12,23,25.14,23.06398678939562,LightGBM
2016-05-13,0,23.07,24.334865297565035,LightGBM
2016-05-13,1,21.41,22.662518875025416,LightGBM
2016-05-13,2,21.04,20.723774309903142,LightGBM
2016-05-13,3,20.55,19.582838474845637,LightGBM
2016-05-13,4,21.13,19.980438337548847,LightGBM
2016-05-13,5,23.0,23.167085475047156,LightGBM
2016-05-13,6,28.07,30.818911614247106,LightGBM
2016-05-13,7,36.14,36.477850186434864,LightGBM
2016-05-13,8,40.21,38.98996829470659,LightGBM
2016-05-13,9,38.23,36.163713282535056,LightGBM
2016-05-13,10,35.37,31.97497944681572,LightGBM
2016-05-13,11,35.45,31.135349218915245,LightGBM
2016-05-13,12,30.94,26.48059080655386,LightGBM
2016-05-13,13,27.99,25.32950458169565,LightGBM
2016-05-13,14,25.28,23.766180485002405,LightGBM
2016-05-13,15,23.8,22.38141941785686,LightGBM
2016-05-13,16,23.53,23.094211805104322,LightGBM
2016-05-13,17,24.01,24.134486583379726,LightGBM
2016-05-13,18,26.37,27.172087655821947,LightGBM
2016-05-13,19,29.0,28.748169757859465,LightGBM
2016-05-13,20,27.1,27.94951167765857,LightGBM
2016-05-13,21,25.03,27.26746492522723,LightGBM
2016-05-13,22,26.96,26.685853560558133,LightGBM
2016-05-13,23,23.02,21.376256875148883,LightGBM
2016-05-14,0,13.76,17.61276979449941,LightGBM
2016-05-14,1,13.1,15.547076130458237,LightGBM
2016-05-14,2,11.51,15.045814467958916,LightGBM
2016-05-14,3,9.71,12.063134129241847,LightGBM
2016-05-14,4,10.37,12.106420969446555,LightGBM
2016-05-14,5,10.21,11.687841400712404,LightGBM
2016-05-14,6,9.91,12.437725683769438,LightGBM
2016-05-14,7,11.24,12.52721251650438,LightGBM
2016-05-14,8,15.57,16.230185934099726,LightGBM
2016-05-14,9,14.86,15.712096929843872,LightGBM
2016-05-14,10,11.99,14.445129891662726,LightGBM
2016-05-14,11,11.37,14.331039151099265,LightGBM
2016-05-14,12,10.27,11.200040719969195,LightGBM
2016-05-14,13,8.14,10.19698144775522,LightGBM
2016-05-14,14,7.01,7.599836680259132,LightGBM
2016-05-14,15,4.95,7.658601459341047,LightGBM
2016-05-14,16,4.92,8.982097643617964,LightGBM
2016-05-14,17,9.91,13.58646114989805,LightGBM
2016-05-14,18,15.01,17.696297726921276,LightGBM
2016-05-14,19,20.71,22.625692347157297,LightGBM
2016-05-14,20,20.46,23.06653822027254,LightGBM
2016-05-14,21,19.3,21.901244637002854,LightGBM
2016-05-14,22,23.6,20.78998703587127,LightGBM
2016-05-14,23,20.52,17.704820239521624,LightGBM
2016-05-15,0,20.0,13.91406481839009,LightGBM
2016-05-15,1,12.98,9.763587686771848,LightGBM
2016-05-15,2,11.94,8.846569041367928,LightGBM
2016-05-15,3,9.13,7.300871491816211,LightGBM
2016-05-15,4,9.19,5.99419719822394,LightGBM
2016-05-15,5,9.56,3.799901411451899,LightGBM
2016-05-15,6,7.1,1.89568705263689,LightGBM
2016-05-15,7,5.63,1.195725489904608,LightGBM
2016-05-15,8,5.5,7.154108058837828,LightGBM
2016-05-15,9,4.57,9.306713991755487,LightGBM
2016-05-15,10,3.5,7.055685515377457,LightGBM
2016-05-15,11,3.63,8.793167039432381,LightGBM
2016-05-15,12,0.73,6.293171338943384,LightGBM
2016-05-15,13,-9.25,4.815758046456624,LightGBM
2016-05-15,14,-35.02,2.6780525021944417,LightGBM
2016-05-15,15,-8.24,1.6375862863003428,LightGBM
2016-05-15,16,-2.97,3.9013300258677845,LightGBM
2016-05-15,17,2.49,8.871405503494165,LightGBM
2016-05-15,18,14.45,16.284426882377993,LightGBM
2016-05-15,19,21.41,20.393883884763397,LightGBM
2016-05-15,20,21.69,21.84275356613357,LightGBM
2016-05-15,21,22.95,22.776227963813128,LightGBM
2016-05-15,22,24.28,24.806628534509862,LightGBM
2016-05-15,23,22.36,21.372745538620677,LightGBM
2016-05-16,0,17.85,19.239900127390403,LightGBM
2016-05-16,1,16.86,15.676450176997262,LightGBM
2016-05-16,2,16.06,14.399066921850181,LightGBM
2016-05-16,3,15.04,12.015765501993776,LightGBM
2016-05-16,4,14.06,12.916211512866685,LightGBM
2016-05-16,5,15.93,12.023138522504736,LightGBM
2016-05-16,6,16.42,12.833120810529195,LightGBM
2016-05-16,7,19.43,12.718253371540053,LightGBM
2016-05-16,8,22.54,16.122696477654838,LightGBM
2016-05-16,9,22.91,17.497265507256703,LightGBM
2016-05-16,10,23.11,16.371648522694738,LightGBM
2016-05-16,11,23.35,16.247217192959845,LightGBM
2016-05-16,12,22.9,12.669433470908587,LightGBM
2016-05-16,13,18.23,12.239405493678865,LightGBM
2016-05-16,14,16.09,11.27047316648865,LightGBM
2016-05-16,15,16.26,11.154625533526957,LightGBM
2016-05-16,16,17.15,13.620570021014602,LightGBM
2016-05-16,17,18.27,18.396176157839278,LightGBM
2016-05-16,18,24.0,24.06806213846945,LightGBM
2016-05-16,19,27.16,26.233436748039964,LightGBM
2016-05-16,20,28.37,26.32389204318077,LightGBM
2016-05-16,21,31.93,30.16736638107606,LightGBM
2016-05-16,22,29.99,28.699579739603724,LightGBM
2016-05-16,23,24.99,25.147003633032842,LightGBM
2016-05-17,0,30.0,22.04512752088075,LightGBM
2016-05-17,1,24.0,19.785842048193487,LightGBM
2016-05-17,2,22.82,17.863868803447637,LightGBM
2016-05-17,3,21.6,16.19849378163662,LightGBM
2016-05-17,4,21.73,17.07358073400244,LightGBM
2016-05-17,5,22.91,20.074868521596724,LightGBM
2016-05-17,6,29.95,29.495539784795298,LightGBM
2016-05-17,7,36.36,33.04971458699434,LightGBM
2016-05-17,8,38.0,37.05190398365302,LightGBM
2016-05-17,9,30.93,34.506962089945816,LightGBM
2016-05-17,10,28.99,28.19898248798012,LightGBM
2016-05-17,11,32.22,27.213352679764522,LightGBM
2016-05-17,12,31.61,24.822040570429447,LightGBM
2016-05-17,13,30.08,24.373986193823676,LightGBM
2016-05-17,14,29.93,24.796643895740168,LightGBM
2016-05-17,15,30.0,25.501321666874688,LightGBM
2016-05-17,16,30.02,28.164713835235265,LightGBM
2016-05-17,17,30.14,30.782304342550663,LightGBM
2016-05-17,18,34.64,34.87420030472158,LightGBM
2016-05-17,19,34.92,38.09105030681667,LightGBM
2016-05-17,20,36.76,37.588756583069845,LightGBM
2016-05-17,21,37.44,37.928312377923184,LightGBM
2016-05-17,22,33.22,34.691861056723816,LightGBM
2016-05-17,23,29.0,29.546029989673777,LightGBM
2016-05-18,0,24.91,27.478745760156492,LightGBM
2016-05-18,1,24.29,25.43308264496058,LightGBM
2016-05-18,2,23.89,24.50429682996964,LightGBM
2016-05-18,3,22.92,23.033293330739614,LightGBM
2016-05-18,4,23.31,23.35507127606538,LightGBM
2016-05-18,5,24.57,25.708929559935015,LightGBM
2016-05-18,6,31.12,31.40735657366422,LightGBM
2016-05-18,7,37.06,38.63366026218948,LightGBM
2016-05-18,8,39.48,39.735785995307765,LightGBM
2016-05-18,9,35.31,35.934685141847254,LightGBM
2016-05-18,10,32.58,35.381083209600256,LightGBM
2016-05-18,11,30.98,35.3558093537953,LightGBM
2016-05-18,12,31.12,32.79865940679067,LightGBM
2016-05-18,13,30.9,30.954483569050062,LightGBM
2016-05-18,14,30.87,32.889587884947694,LightGBM
2016-05-18,15,30.85,31.12094274185031,LightGBM
2016-05-18,16,31.32,31.983715240421844,LightGBM
2016-05-18,17,31.69,34.15098863326786,LightGBM
2016-05-18,18,33.08,37.407484681536026,LightGBM
2016-05-18,19,34.94,38.57765682372298,LightGBM
2016-05-18,20,34.64,39.53324482865309,LightGBM
2016-05-18,21,34.95,37.93440476679361,LightGBM
2016-05-18,22,33.09,35.89659093281005,LightGBM
2016-05-18,23,27.2,29.169648518725655,LightGBM
2016-05-19,0,24.88,26.33041551218317,LightGBM
2016-05-19,1,22.91,24.972405103617362,LightGBM
2016-05-19,2,22.23,24.190547455821033,LightGBM
2016-05-19,3,21.85,23.376333861745277,LightGBM
2016-05-19,4,22.29,23.715929904522017,LightGBM
2016-05-19,5,23.9,25.054141998628946,LightGBM
2016-05-19,6,31.58,33.30033427798246,LightGBM
2016-05-19,7,39.4,39.7558580993871,LightGBM
2016-05-19,8,46.0,41.748860530697456,LightGBM
2016-05-19,9,44.13,38.00268436997015,LightGBM
2016-05-19,10,45.0,39.29698546292262,LightGBM
2016-05-19,11,44.91,37.70719684259547,LightGBM
2016-05-19,12,40.07,36.07011448071723,LightGBM
2016-05-19,13,38.96,32.36245045728516,LightGBM
2016-05-19,14,35.0,31.72215325037367,LightGBM
2016-05-19,15,33.06,30.939016610249936,LightGBM
2016-05-19,16,31.91,30.140356444134973,LightGBM
2016-05-19,17,32.35,33.402109224657046,LightGBM
2016-05-19,18,34.0,37.56668132372648,LightGBM
2016-05-19,19,36.08,36.721960686374494,LightGBM
2016-05-19,20,34.96,37.16006198123607,LightGBM
2016-05-19,21,33.85,36.71277945944189,LightGBM
2016-05-19,22,32.08,35.838419171009264,LightGBM
2016-05-19,23,29.14,29.620782920677918,LightGBM
2016-05-20,0,24.73,26.23708715119964,LightGBM
2016-05-20,1,23.42,24.216572014672213,LightGBM
2016-05-20,2,21.5,22.333849066626147,LightGBM
2016-05-20,3,21.34,20.089313211959944,LightGBM
2016-05-20,4,21.52,21.01196990402786,LightGBM
2016-05-20,5,23.23,22.34965903707495,LightGBM
2016-05-20,6,27.71,30.096113937170173,LightGBM
2016-05-20,7,33.07,36.59774920737452,LightGBM
2016-05-20,8,34.97,38.82806322463857,LightGBM
2016-05-20,9,31.91,34.66403400153654,LightGBM
2016-05-20,10,27.5,29.998834461282502,LightGBM
2016-05-20,11,26.27,28.96750711001051,LightGBM
2016-05-20,12,24.99,27.818370592370677,LightGBM
2016-05-20,13,24.3,28.11682142047605,LightGBM
2016-05-20,14,24.22,27.70304305794071,LightGBM
2016-05-20,15,24.2,27.353981284656363,LightGBM
2016-05-20,16,24.57,28.569591601064424,LightGBM
2016-05-20,17,28.9,30.206278399693385,LightGBM
2016-05-20,18,32.69,34.31994729443401,LightGBM
2016-05-20,19,33.92,35.95130699130231,LightGBM
2016-05-20,20,34.06,36.22069076582867,LightGBM
2016-05-20,21,33.21,35.175419583599826,LightGBM
2016-05-20,22,33.66,35.18440428930034,LightGBM
2016-05-20,23,27.98,29.414042248878317,LightGBM
2016-05-21,0,24.36,23.529345008188315,LightGBM
2016-05-21,1,23.49,21.210202396468016,LightGBM
2016-05-21,2,22.6,18.92858059216819,LightGBM
2016-05-21,3,21.75,18.4933623002844,LightGBM
2016-05-21,4,21.26,17.7902504659713,LightGBM
2016-05-21,5,20.5,17.287433235036854,LightGBM
2016-05-21,6,20.66,17.413016328866878,LightGBM
2016-05-21,7,22.88,18.56396948963447,LightGBM
2016-05-21,8,23.06,21.78429137904549,LightGBM
2016-05-21,9,22.55,22.800514764882884,LightGBM
2016-05-21,10,20.32,21.18895963307379,LightGBM
2016-05-21,11,18.95,19.16226887329613,LightGBM
2016-05-21,12,16.19,16.92337187607919,LightGBM
2016-05-21,13,15.24,15.090322303480939,LightGBM
2016-05-21,14,15.09,13.331267340626997,LightGBM
2016-05-21,15,13.29,13.712093135418629,LightGBM
2016-05-21,16,17.42,15.118273605221653,LightGBM
2016-05-21,17,19.06,19.74631074817699,LightGBM
2016-05-21,18,23.9,25.277056561800816,LightGBM
2016-05-21,19,26.28,28.950754744987666,LightGBM
2016-05-21,20,30.94,29.582599536712607,LightGBM
2016-05-21,21,31.49,30.048653077758132,LightGBM
2016-05-21,22,28.94,31.22992874616272,LightGBM
2016-05-21,23,23.42,25.60258755397858,LightGBM
2016-05-22,0,17.79,17.017113711103832,LightGBM
2016-05-22,1,10.38,13.928578096649616,LightGBM
2016-05-22,2,7.62,13.085237278023312,LightGBM
2016-05-22,3,4.6,13.0347898532263,LightGBM
2016-05-22,4,2.81,11.91874289059066,LightGBM
2016-05-22,5,0.13,9.895482548510179,LightGBM
2016-05-22,6,-1.0,8.443199316425591,LightGBM
2016-05-22,7,0.5,9.90681317194472,LightGBM
2016-05-22,8,2.59,12.387067035626842,LightGBM
2016-05-22,9,-0.94,11.558531355589192,LightGBM
2016-05-22,10,-1.11,11.084838217104627,LightGBM
2016-05-22,11,-0.9,12.249742855267307,LightGBM
2016-05-22,12,-5.68,9.307201542442263,LightGBM
2016-05-22,13,-25.72,6.534681894349553,LightGBM
2016-05-22,14,-10.97,3.4279766713007986,LightGBM
2016-05-22,15,-7.82,5.7215671667005825,LightGBM
2016-05-22,16,-5.19,8.847468623155212,LightGBM
2016-05-22,17,2.02,12.511856386213429,LightGBM
2016-05-22,18,21.33,18.207364341373047,LightGBM
2016-05-22,19,23.65,24.50143792448015,LightGBM
2016-05-22,20,25.32,27.248752546413105,LightGBM
2016-05-22,21,26.11,30.024027632784335,LightGBM
2016-05-22,22,27.22,30.394903242132376,LightGBM
2016-05-22,23,22.9,25.165288698297086,LightGBM
2016-05-23,0,22.61,21.165323324603385,LightGBM
2016-05-23,1,20.89,18.639293608076393,LightGBM
2016-05-23,2,19.51,16.66612343133958,LightGBM
2016-05-23,3,18.91,16.17970547609766,LightGBM
2016-05-23,4,19.46,15.676144233925527,LightGBM
2016-05-23,5,20.69,18.155638569299956,LightGBM
2016-05-23,6,28.05,27.506182822386805,LightGBM
2016-05-23,7,34.51,35.23646142460877,LightGBM
2016-05-23,8,35.93,37.70299158660382,LightGBM
2016-05-23,9,33.99,33.87499564221796,LightGBM
2016-05-23,10,36.0,33.553345767593015,LightGBM
2016-05-23,11,35.94,34.33693700084814,LightGBM
2016-05-23,12,33.91,32.046777341215,LightGBM
2016-05-23,13,33.54,31.908002955608744,LightGBM
2016-05-23,14,32.5,26.951668026083087,LightGBM
2016-05-23,15,32.78,26.323861059326667,LightGBM
2016-05-23,16,31.96,27.66675792292874,LightGBM
2016-05-23,17,31.68,29.282236888472646,LightGBM
2016-05-23,18,32.49,31.882837738172938,LightGBM
2016-05-23,19,33.09,32.212725928860955,LightGBM
2016-05-23,20,33.97,32.09633153696986,LightGBM
2016-05-23,21,31.97,29.634292702347135,LightGBM
2016-05-23,22,24.47,26.2317435022841,LightGBM
2016-05-23,23,22.71,22.318192354708742,LightGBM
2016-05-24,0,21.99,20.892922498350448,LightGBM
2016-05-24,1,21.75,20.014634333743345,LightGBM
2016-05-24,2,20.48,19.93211086369601,LightGBM
2016-05-24,3,20.0,19.15107354994597,LightGBM
2016-05-24,4,20.72,20.37759118336261,LightGBM
2016-05-24,5,22.61,22.60114057173503,LightGBM
2016-05-24,6,26.13,29.901869108897237,LightGBM
2016-05-24,7,34.38,35.75987979768739,LightGBM
2016-05-24,8,37.09,39.12619453120598,LightGBM
2016-05-24,9,36.19,39.27359731384823,LightGBM
2016-05-24,10,36.94,40.036316780110035,LightGBM
2016-05-24,11,36.06,40.39266093132926,LightGBM
2016-05-24,12,33.09,39.4123952501315,LightGBM
2016-05-24,13,33.0,39.35632067856771,LightGBM
2016-05-24,14,32.69,37.50555306602987,LightGBM
2016-05-24,15,30.92,37.507027485304235,LightGBM
2016-05-24,16,29.12,35.967694041882424,LightGBM
2016-05-24,17,29.8,36.81742978824861,LightGBM
2016-05-24,18,31.25,37.555258391103166,LightGBM
2016-05-24,19,32.2,38.46780472850078,LightGBM
2016-05-24,20,31.64,37.92163285683346,LightGBM
2016-05-24,21,32.38,35.950832471645285,LightGBM
2016-05-24,22,30.43,34.150076450652065,LightGBM
2016-05-24,23,24.98,29.309826392483195,LightGBM
2016-05-25,0,22.97,25.132493082977316,LightGBM
2016-05-25,1,22.57,23.70828279727563,LightGBM
2016-05-25,2,21.57,21.109453727353422,LightGBM
2016-05-25,3,21.0,22.69844364768782,LightGBM
2016-05-25,4,21.63,22.027643178521547,LightGBM
2016-05-25,5,22.99,24.267887558957362,LightGBM
2016-05-25,6,30.92,31.107703920140548,LightGBM
2016-05-25,7,35.8,37.82802211658984,LightGBM
2016-05-25,8,39.2,41.84505397278325,LightGBM
2016-05-25,9,34.99,39.534485815273165,LightGBM
2016-05-25,10,34.16,37.870699657568366,LightGBM
2016-05-25,11,33.07,37.656579523712615,LightGBM
2016-05-25,12,31.02,35.93598247828053,LightGBM
2016-05-25,13,28.95,34.07034862047381,LightGBM
2016-05-25,14,30.13,31.304931805783678,LightGBM
2016-05-25,15,30.12,29.734906313833218,LightGBM
2016-05-25,16,30.9,31.026554395178074,LightGBM
2016-05-25,17,32.92,33.962942864602105,LightGBM
2016-05-25,18,35.8,35.43533565054257,LightGBM
2016-05-25,19,36.61,37.06241166333254,LightGBM
2016-05-25,20,36.76,37.22970360009769,LightGBM
2016-05-25,21,35.49,35.70682089512312,LightGBM
2016-05-25,22,34.92,32.1833392430935,LightGBM
2016-05-25,23,28.06,28.662041650293844,LightGBM
2016-05-26,0,25.74,26.782367053387564,LightGBM
2016-05-26,1,24.16,24.580823512091218,LightGBM
2016-05-26,2,23.42,23.166751518256103,LightGBM
2016-05-26,3,23.27,22.69252504815981,LightGBM
2016-05-26,4,23.33,21.946094176297454,LightGBM
2016-05-26,5,23.79,21.40117881671425,LightGBM
2016-05-26,6,26.15,23.02873938530352,LightGBM
2016-05-26,7,30.96,28.177921462312682,LightGBM
2016-05-26,8,30.97,29.140926712989483,LightGBM
2016-05-26,9,27.94,28.075850208385333,LightGBM
2016-05-26,10,25.57,24.89563748876188,LightGBM
2016-05-26,11,24.79,26.328486411154604,LightGBM
2016-05-26,12,25.46,23.325383335147986,LightGBM
2016-05-26,13,24.71,19.215863037420064,LightGBM
2016-05-26,14,24.69,18.290291560364377,LightGBM
2016-05-26,15,25.16,20.4527730091703,LightGBM
2016-05-26,16,25.76,22.87518367100558,LightGBM
2016-05-26,17,28.07,27.305283219180165,LightGBM
2016-05-26,18,34.0,31.41306595652826,LightGBM
2016-05-26,19,35.27,32.969699812450074,LightGBM
2016-05-26,20,34.95,36.42559315932066,LightGBM
2016-05-26,21,32.94,35.278419742060436,LightGBM
2016-05-26,22,33.1,32.903053810323414,LightGBM
2016-05-26,23,26.94,28.918346864471374,LightGBM
2016-05-27,0,24.43,25.33931460863438,LightGBM
2016-05-27,1,23.42,24.1696424417655,LightGBM
2016-05-27,2,21.95,22.47350581848279,LightGBM
2016-05-27,3,20.61,21.501906381284797,LightGBM
2016-05-27,4,21.69,21.422867994135036,LightGBM
2016-05-27,5,23.45,23.545560388496153,LightGBM
2016-05-27,6,27.88,25.41213782447048,LightGBM
2016-05-27,7,32.99,27.882011961909974,LightGBM
2016-05-27,8,35.48,32.63401229896654,LightGBM
2016-05-27,9,34.26,31.547058330763022,LightGBM
2016-05-27,10,32.95,31.247164014686167,LightGBM
2016-05-27,11,32.91,30.729129912053377,LightGBM
2016-05-27,12,30.37,30.79367015388009,LightGBM
2016-05-27,13,27.2,30.01163047281667,LightGBM
2016-05-27,14,26.64,26.415387119998677,LightGBM
2016-05-27,15,26.86,25.607465480060405,LightGBM
2016-05-27,16,27.68,26.44350409137935,LightGBM
2016-05-27,17,30.96,28.70240586879363,LightGBM
2016-05-27,18,32.91,35.619108549307384,LightGBM
2016-05-27,19,33.2,34.445570761558336,LightGBM
2016-05-27,20,32.19,34.89817139856494,LightGBM
2016-05-27,21,31.85,32.82909445811591,LightGBM
2016-05-27,22,30.23,32.87458938621875,LightGBM
2016-05-27,23,25.99,28.430140356652153,LightGBM
2016-05-28,0,28.92,24.08007854042116,LightGBM
2016-05-28,1,24.38,21.63406424550423,LightGBM
2016-05-28,2,22.79,19.812669461000265,LightGBM
2016-05-28,3,22.14,19.211704555685323,LightGBM
2016-05-28,4,21.69,18.514797382350647,LightGBM
2016-05-28,5,21.91,18.677165011615333,LightGBM
2016-05-28,6,22.56,18.23539692422661,LightGBM
2016-05-28,7,24.02,21.07242674922948,LightGBM
2016-05-28,8,26.57,23.45678704437916,LightGBM
2016-05-28,9,26.95,24.35365116691434,LightGBM
2016-05-28,10,24.46,23.50206115893776,LightGBM
2016-05-28,11,23.49,23.723523252654733,LightGBM
2016-05-28,12,22.87,21.32613183931782,LightGBM
2016-05-28,13,22.06,18.61829795842044,LightGBM
2016-05-28,14,21.47,17.195844730829748,LightGBM
2016-05-28,15,20.42,16.786386759883772,LightGBM
2016-05-28,16,20.0,18.30505203453249,LightGBM
2016-05-28,17,22.01,20.902348481875013,LightGBM
2016-05-28,18,25.57,24.77869394772204,LightGBM
2016-05-28,19,26.42,26.599594844827983,LightGBM
2016-05-28,20,27.1,26.56186941988753,LightGBM
2016-05-28,21,25.69,26.805398458295475,LightGBM
2016-05-28,22,23.37,26.86426734188595,LightGBM
2016-05-28,23,22.31,23.803458843025492,LightGBM
2016-05-29,0,18.03,17.535285776863887,LightGBM
2016-05-29,1,13.15,15.13194932448276,LightGBM
2016-05-29,2,12.97,14.160060236914907,LightGBM
2016-05-29,3,13.17,14.388108077272513,LightGBM
2016-05-29,4,8.9,13.052741554523518,LightGBM
2016-05-29,5,6.16,11.46587999296656,LightGBM
2016-05-29,6,10.58,9.249928050155768,LightGBM
2016-05-29,7,13.87,10.966719858052025,LightGBM
2016-05-29,8,14.67,12.360555018647057,LightGBM
2016-05-29,9,15.23,13.794661105168661,LightGBM
2016-05-29,10,12.87,13.485240661722234,LightGBM
2016-05-29,11,14.03,14.351232060173663,LightGBM
2016-05-29,12,10.46,11.20496706770181,LightGBM
2016-05-29,13,8.57,8.466406877715075,LightGBM
2016-05-29,14,4.6,8.403901080255105,LightGBM
2016-05-29,15,3.78,6.685763761158681,LightGBM
2016-05-29,16,5.32,9.54752413332919,LightGBM
2016-05-29,17,8.42,12.833077268942466,LightGBM
2016-05-29,18,18.08,17.643025902220863,LightGBM
2016-05-29,19,21.88,21.305902684142794,LightGBM
2016-05-29,20,22.77,21.914845113826505,LightGBM
2016-05-29,21,23.04,22.26661077176101,LightGBM
2016-05-29,22,23.1,23.018469658704916,LightGBM
2016-05-29,23,19.73,17.83164031390918,LightGBM
2016-05-30,0,18.07,16.9449688080928,LightGBM
2016-05-30,1,13.87,15.841501337235622,LightGBM
2016-05-30,2,12.27,14.854209067443792,LightGBM
2016-05-30,3,11.28,13.741488354907025,LightGBM
2016-05-30,4,11.86,13.681916623412299,LightGBM
2016-05-30,5,18.01,16.742990912847407,LightGBM
2016-05-30,6,26.16,24.034215924403505,LightGBM
2016-05-30,7,34.94,31.649183492513405,LightGBM
2016-05-30,8,35.25,34.631564139679874,LightGBM
2016-05-30,9,35.43,30.996041859508754,LightGBM
2016-05-30,10,34.79,28.079198560604027,LightGBM
2016-05-30,11,34.25,28.137308894177274,LightGBM
2016-05-30,12,29.0,25.759838786015845,LightGBM
2016-05-30,13,26.33,24.57592603573157,LightGBM
2016-05-30,14,25.08,24.30081843498273,LightGBM
2016-05-30,15,24.67,24.87037192275218,LightGBM
2016-05-30,16,25.06,26.057784600501826,LightGBM
2016-05-30,17,25.47,27.487108014199386,LightGBM
2016-05-30,18,28.74,29.214201797264188,LightGBM
2016-05-30,19,28.99,31.846628041773567,LightGBM
2016-05-30,20,25.48,30.724113477598678,LightGBM
2016-05-30,21,24.68,29.3879926643213,LightGBM
2016-05-30,22,23.9,26.430758981071854,LightGBM
2016-05-30,23,21.94,20.13000604537262,LightGBM
2016-05-31,0,21.17,20.72764453729937,LightGBM
2016-05-31,1,19.25,19.15865118176314,LightGBM
2016-05-31,2,16.44,18.33418139885449,LightGBM
2016-05-31,3,16.09,17.698921415527202,LightGBM
2016-05-31,4,17.31,18.231555080731702,LightGBM
2016-05-31,5,20.98,19.843943918966563,LightGBM
2016-05-31,6,24.52,26.60685624843008,LightGBM
2016-05-31,7,32.93,33.20834067069016,LightGBM
2016-05-31,8,35.81,35.677100422060995,LightGBM
2016-05-31,9,35.47,34.61099707980046,LightGBM
2016-05-31,10,34.94,33.284332126780214,LightGBM
2016-05-31,11,35.8,34.75181531014447,LightGBM
2016-05-31,12,32.78,32.92796880016363,LightGBM
2016-05-31,13,30.94,31.826730372069324,LightGBM
2016-05-31,14,30.57,31.735840965934916,LightGBM
2016-05-31,15,28.82,31.56013854511628,LightGBM
2016-05-31,16,29.26,31.340838493404384,LightGBM
2016-05-31,17,32.37,33.579784241667845,LightGBM
2016-05-31,18,34.94,35.76120220040833,LightGBM
2016-05-31,19,35.92,36.91353294015965,LightGBM
2016-05-31,20,32.95,35.52923448749623,LightGBM
2016-05-31,21,31.98,33.692968295203094,LightGBM
2016-05-31,22,30.78,32.74795300200918,LightGBM
2016-05-31,23,26.15,26.86241047647446,LightGBM
2016-06-01,0,24.0,23.57489266829652,LightGBM
2016-06-01,1,22.23,20.93874050330665,LightGBM
2016-06-01,2,21.07,19.196503714405225,LightGBM
2016-06-01,3,20.08,17.976027107696993,LightGBM
2016-06-01,4,20.18,18.952752048887536,LightGBM
2016-06-01,5,23.1,22.261076607038675,LightGBM
2016-06-01,6,29.9,28.16407196734632,LightGBM
2016-06-01,7,37.49,34.46617851900788,LightGBM
2016-06-01,8,40.87,38.569620988915716,LightGBM
2016-06-01,9,41.0,38.060310369224624,LightGBM
2016-06-01,10,40.44,35.407029251004,LightGBM
2016-06-01,11,40.51,35.64650945082561,LightGBM
2016-06-01,12,36.64,30.886087867756157,LightGBM
2016-06-01,13,32.11,29.8607618927615,LightGBM
2016-06-01,14,30.9,29.12346331785061,LightGBM
2016-06-01,15,28.96,26.523414768727047,LightGBM
2016-06-01,16,28.12,28.435759095278858,LightGBM
2016-06-01,17,30.11,28.928381733934437,LightGBM
2016-06-01,18,32.66,32.52767593504823,LightGBM
2016-06-01,19,32.92,34.70274030597378,LightGBM
2016-06-01,20,30.95,31.05360726488174,LightGBM
2016-06-01,21,29.57,29.9467251619196,LightGBM
2016-06-01,22,30.9,27.408222653301443,LightGBM
2016-06-01,23,26.64,25.054866748711735,LightGBM
2016-06-02,0,21.96,23.474132869759153,LightGBM
2016-06-02,1,20.75,22.37019898564401,LightGBM
2016-06-02,2,20.06,21.431664768709574,LightGBM
2016-06-02,3,20.0,19.987488696879268,LightGBM
2016-06-02,4,20.0,20.04309336686558,LightGBM
2016-06-02,5,22.37,21.71003049661694,LightGBM
2016-06-02,6,29.03,28.925810848214983,LightGBM
2016-06-02,7,37.97,35.36107839706769,LightGBM
2016-06-02,8,39.54,39.08136720241866,LightGBM
2016-06-02,9,37.98,37.32167310808238,LightGBM
2016-06-02,10,37.09,33.5782837506231,LightGBM
2016-06-02,11,36.37,34.06263467223149,LightGBM
2016-06-02,12,32.08,31.778920583878467,LightGBM
2016-06-02,13,28.67,30.216676098727383,LightGBM
2016-06-02,14,26.68,28.175974882939556,LightGBM
2016-06-02,15,25.95,27.42650495391844,LightGBM
2016-06-02,16,25.92,27.492600948124707,LightGBM
2016-06-02,17,28.22,31.16974477261683,LightGBM
2016-06-02,18,31.84,33.6245136534769,LightGBM
2016-06-02,19,32.96,33.86640783829293,LightGBM
2016-06-02,20,31.96,33.208382384492,LightGBM
2016-06-02,21,29.46,31.586626296136544,LightGBM
2016-06-02,22,29.16,31.989790822010793,LightGBM
2016-06-02,23,24.59,27.198941633620013,LightGBM
2016-06-03,0,24.1,22.85071571263596,LightGBM
2016-06-03,1,21.68,20.480505462601325,LightGBM
2016-06-03,2,21.22,19.765678331609692,LightGBM
2016-06-03,3,20.64,20.02400020840628,LightGBM
2016-06-03,4,20.9,19.724361068712387,LightGBM
2016-06-03,5,22.5,21.539987104668302,LightGBM
2016-06-03,6,27.46,28.03031666010645,LightGBM
2016-06-03,7,35.45,36.08431085386998,LightGBM
2016-06-03,8,40.08,37.129291690530906,LightGBM
2016-06-03,9,39.93,37.039313394713844,LightGBM
2016-06-03,10,36.44,33.94896434105166,LightGBM
2016-06-03,11,35.64,34.36417224354837,LightGBM
2016-06-03,12,30.92,29.593531867663042,LightGBM
2016-06-03,13,27.77,27.46625080822593,LightGBM
2016-06-03,14,25.28,27.127286724412173,LightGBM
2016-06-03,15,25.26,25.911409553905184,LightGBM
2016-06-03,16,25.49,26.140719127536762,LightGBM
2016-06-03,17,28.0,29.7608350737154,LightGBM
2016-06-03,18,31.82,31.563640315046463,LightGBM
2016-06-03,19,33.61,32.94498163490988,LightGBM
2016-06-03,20,31.98,31.724553317929523,LightGBM
2016-06-03,21,30.66,30.020441084473486,LightGBM
2016-06-03,22,32.16,29.842439472772348,LightGBM
2016-06-03,23,28.94,26.047041719972093,LightGBM
2016-06-04,0,23.72,27.747792170991236,LightGBM
2016-06-04,1,23.21,22.92506180612594,LightGBM
2016-06-04,2,21.63,22.53039934140806,LightGBM
2016-06-04,3,21.29,22.036357168287378,LightGBM
2016-06-04,4,21.26,21.363421634020458,LightGBM
2016-06-04,5,21.3,19.844800049061227,LightGBM
2016-06-04,6,21.53,21.73338293815039,LightGBM
2016-06-04,7,23.5,24.510373175027343,LightGBM
2016-06-04,8,27.49,25.824642084335846,LightGBM
2016-06-04,9,28.98,26.33520387407834,LightGBM
2016-06-04,10,26.56,25.598125770521328,LightGBM
2016-06-04,11,26.91,23.941570661037485,LightGBM
2016-06-04,12,25.73,22.093452553215222,LightGBM
2016-06-04,13,22.78,21.09543983538316,LightGBM
2016-06-04,14,21.58,19.415891793390692,LightGBM
2016-06-04,15,21.41,19.268982300506725,LightGBM
2016-06-04,16,21.53,19.281955014279845,LightGBM
2016-06-04,17,25.29,22.13196490910753,LightGBM
2016-06-04,18,28.19,25.837174620419667,LightGBM
2016-06-04,19,30.07,28.403862477255146,LightGBM
2016-06-04,20,29.87,30.005218448351027,LightGBM
2016-06-04,21,29.88,29.512619493309074,LightGBM
2016-06-04,22,30.99,29.597414664970383,LightGBM
2016-06-04,23,28.88,26.86181381622061,LightGBM
2016-06-05,0,24.43,24.056442597253657,LightGBM
2016-06-05,1,22.0,19.75120839171284,LightGBM
2016-06-05,2,20.08,18.881938509369622,LightGBM
2016-06-05,3,19.08,17.185898446925645,LightGBM
2016-06-05,4,18.03,17.053482063356242,LightGBM
2016-06-05,5,16.61,15.670463909918336,LightGBM
2016-06-05,6,16.09,15.342484941253494,LightGBM
2016-06-05,7,17.78,16.88628368103258,LightGBM
2016-06-05,8,17.89,16.898268847744035,LightGBM
2016-06-05,9,17.08,17.11490795932768,LightGBM
2016-06-05,10,17.84,16.5394894870334,LightGBM
2016-06-05,11,18.48,14.683311452461044,LightGBM
2016-06-05,12,17.94,13.104017740260362,LightGBM
2016-06-05,13,15.15,11.80452903143168,LightGBM
2016-06-05,14,14.47,10.929857586071456,LightGBM
2016-06-05,15,14.03,11.90776289518497,LightGBM
2016-06-05,16,14.54,12.894762446753987,LightGBM
2016-06-05,17,18.62,15.437068622179597,LightGBM
2016-06-05,18,23.91,21.912734939544006,LightGBM
2016-06-05,19,26.92,27.485249429881122,LightGBM
2016-06-05,20,28.85,26.691161498692644,LightGBM
2016-06-05,21,29.14,28.69148099129126,LightGBM
2016-06-05,22,30.74,29.690582903745252,LightGBM
2016-06-05,23,27.93,25.83124474061093,LightGBM
2016-06-06,0,24.59,24.6624780218164,LightGBM
2016-06-06,1,22.76,22.065607222796253,LightGBM
2016-06-06,2,21.87,19.66775727867636,LightGBM
2016-06-06,3,21.19,18.804975811928696,LightGBM
2016-06-06,4,21.15,18.972949444397518,LightGBM
2016-06-06,5,22.71,21.767630594443595,LightGBM
2016-06-06,6,29.98,29.662961152875898,LightGBM
2016-06-06,7,36.16,36.93976411586559,LightGBM
2016-06-06,8,37.82,38.1192790809813,LightGBM
2016-06-06,9,34.94,33.27979929408707,LightGBM
2016-06-06,10,32.57,29.971473986370782,LightGBM
2016-06-06,11,31.93,30.60773850313588,LightGBM
2016-06-06,12,28.63,26.787493912453023,LightGBM
2016-06-06,13,28.08,25.87072606834218,LightGBM
2016-06-06,14,28.78,25.020199801223733,LightGBM
2016-06-06,15,29.63,25.557590212150053,LightGBM
2016-06-06,16,30.99,28.075359766219336,LightGBM
2016-06-06,17,34.68,30.8660857533787,LightGBM
2016-06-06,18,38.76,34.43932259251015,LightGBM
2016-06-06,19,41.06,34.64889717986666,LightGBM
2016-06-06,20,37.31,33.93135663360734,LightGBM
2016-06-06,21,34.2,33.030126256675736,LightGBM
2016-06-06,22,33.81,31.19552487066638,LightGBM
2016-06-06,23,28.79,27.146285488205997,LightGBM
2016-06-07,0,24.85,27.32596439529215,LightGBM
2016-06-07,1,23.34,25.238845248641727,LightGBM
2016-06-07,2,22.59,24.653268245646952,LightGBM
2016-06-07,3,21.58,22.23447436466624,LightGBM
2016-06-07,4,21.67,23.378070712253333,LightGBM
2016-06-07,5,22.09,24.94718846694708,LightGBM
2016-06-07,6,29.68,31.301632913885044,LightGBM
2016-06-07,7,35.82,39.00837544554658,LightGBM
2016-06-07,8,39.48,41.564970349112166,LightGBM
2016-06-07,9,34.49,37.78346681530087,LightGBM
2016-06-07,10,29.15,33.20060844502709,LightGBM
2016-06-07,11,28.8,33.52514824885641,LightGBM
2016-06-07,12,25.94,31.870111305612674,LightGBM
2016-06-07,13,25.59,30.583951661914117,LightGBM
2016-06-07,14,25.18,30.41701668153728,LightGBM
2016-06-07,15,26.41,31.202698379484367,LightGBM
2016-06-07,16,27.53,31.755712768898867,LightGBM
2016-06-07,17,32.13,37.14691871679907,LightGBM
2016-06-07,18,36.02,38.52458694041167,LightGBM
2016-06-07,19,38.48,41.308828737934135,LightGBM
2016-06-07,20,34.9,39.679542129402755,LightGBM
2016-06-07,21,32.97,37.34162570468511,LightGBM
2016-06-07,22,32.59,37.86205413603628,LightGBM
2016-06-07,23,27.54,31.009782101213933,LightGBM
2016-06-08,0,25.98,25.00983334299876,LightGBM
2016-06-08,1,23.89,23.228526768534085,LightGBM
2016-06-08,2,22.83,21.87742249147783,LightGBM
2016-06-08,3,21.68,21.076882449942822,LightGBM
2016-06-08,4,21.54,20.363330420533487,LightGBM
2016-06-08,5,23.38,23.8278176392865,LightGBM
2016-06-08,6,28.21,31.400408808995866,LightGBM
2016-06-08,7,35.07,38.20005431952066,LightGBM
2016-06-08,8,41.31,40.58539475454092,LightGBM
2016-06-08,9,37.33,38.10291587722872,LightGBM
2016-06-08,10,34.25,32.85454472265178,LightGBM
2016-06-08,11,32.99,30.45269299478091,LightGBM
2016-06-08,12,28.52,26.994423780026484,LightGBM
2016-06-08,13,27.6,25.33241273781848,LightGBM
2016-06-08,14,27.18,23.635358255413546,LightGBM
2016-06-08,15,26.37,24.926756275893045,LightGBM
2016-06-08,16,26.0,24.74615391611623,LightGBM
2016-06-08,17,28.24,28.034855777869137,LightGBM
2016-06-08,18,30.68,31.083608434006067,LightGBM
2016-06-08,19,32.9,33.04408593765658,LightGBM
2016-06-08,20,32.12,31.329791272011235,LightGBM
2016-06-08,21,32.55,31.515912289629913,LightGBM
2016-06-08,22,30.9,30.184926586333845,LightGBM
2016-06-08,23,26.5,24.617722355746384,LightGBM
2016-06-09,0,23.67,24.824535884635292,LightGBM
2016-06-09,1,21.87,22.98272243493358,LightGBM
2016-06-09,2,20.81,22.15526405935644,LightGBM
2016-06-09,3,20.58,21.66293067928146,LightGBM
2016-06-09,4,21.11,23.278164015849413,LightGBM
2016-06-09,5,23.06,23.934648171359136,LightGBM
2016-06-09,6,28.03,30.92035469968954,LightGBM
2016-06-09,7,33.97,39.29186595619758,LightGBM
2016-06-09,8,43.08,41.61408018741036,LightGBM
2016-06-09,9,44.0,41.856804690359624,LightGBM
2016-06-09,10,42.89,39.31796958939204,LightGBM
2016-06-09,11,41.4,37.54330825635404,LightGBM
2016-06-09,12,34.99,34.70254379241531,LightGBM
2016-06-09,13,33.93,32.86030579135698,LightGBM
2016-06-09,14,30.2,29.93566624449864,LightGBM
2016-06-09,15,27.34,26.95649632835006,LightGBM
2016-06-09,16,27.01,27.697932599082133,LightGBM
2016-06-09,17,28.84,29.159907206781547,LightGBM
2016-06-09,18,32.95,32.50199995469557,LightGBM
2016-06-09,19,34.94,33.604738215018735,LightGBM
2016-06-09,20,33.7,34.587421214248685,LightGBM
2016-06-09,21,31.51,31.827339504614745,LightGBM
2016-06-09,22,30.49,33.2501291003073,LightGBM
2016-06-09,23,25.89,28.148613003272335,LightGBM
2016-06-10,0,23.55,23.37775525557659,LightGBM
2016-06-10,1,21.57,20.66029177702676,LightGBM
2016-06-10,2,21.03,18.98424192457109,LightGBM
2016-06-10,3,19.91,18.301667088533797,LightGBM
2016-06-10,4,19.16,19.026679591088875,LightGBM
2016-06-10,5,20.97,21.121537312718825,LightGBM
2016-06-10,6,27.25,26.823789083854855,LightGBM
2016-06-10,7,33.94,34.53336268972657,LightGBM
2016-06-10,8,35.95,36.99921445959483,LightGBM
2016-06-10,9,30.97,31.919304942625267,LightGBM
2016-06-10,10,24.68,26.80554124234172,LightGBM
2016-06-10,11,24.47,25.528008746601678,LightGBM
2016-06-10,12,22.52,21.918992659832885,LightGBM
2016-06-10,13,21.37,21.084545702845595,LightGBM
2016-06-10,14,21.06,20.433917603480875,LightGBM
2016-06-10,15,21.8,22.20589413497095,LightGBM
2016-06-10,16,23.09,22.322647467913765,LightGBM
2016-06-10,17,26.29,25.112361806916592,LightGBM
2016-06-10,18,30.01,30.53957330125688,LightGBM
2016-06-10,19,32.85,33.37109995347582,LightGBM
2016-06-10,20,32.06,32.76735385966818,LightGBM
2016-06-10,21,31.67,33.51833244685185,LightGBM
2016-06-10,22,32.86,34.64967267066332,LightGBM
2016-06-10,23,29.45,28.964755608842417,LightGBM
2016-06-11,0,26.14,27.316703781042552,LightGBM
2016-06-11,1,24.2,24.05545095274683,LightGBM
2016-06-11,2,23.01,22.210283658925437,LightGBM
2016-06-11,3,21.57,22.228373592187676,LightGBM
2016-06-11,4,21.71,21.891309354177356,LightGBM
2016-06-11,5,21.25,21.757673165019536,LightGBM
2016-06-11,6,21.82,21.81532944585855,LightGBM
2016-06-11,7,22.85,24.238537012121583,LightGBM
2016-06-11,8,26.06,26.523057809586778,LightGBM
2016-06-11,9,29.47,28.515761069537415,LightGBM
2016-06-11,10,29.46,27.5480075290772,LightGBM
2016-06-11,11,30.03,27.060363583645596,LightGBM
2016-06-11,12,28.49,27.45405048884159,LightGBM
2016-06-11,13,25.69,24.964166022606484,LightGBM
2016-06-11,14,23.85,23.57991703181171,LightGBM
2016-06-11,15,23.8,22.93513423890409,LightGBM
2016-06-11,16,24.06,23.05158216019155,LightGBM
2016-06-11,17,27.92,24.676870357063734,LightGBM
2016-06-11,18,30.23,28.536261494636683,LightGBM
2016-06-11,19,31.47,30.11488889893323,LightGBM
2016-06-11,20,31.85,30.875218635693262,LightGBM
2016-06-11,21,29.47,31.404961391927753,LightGBM
2016-06-11,22,30.94,30.824832546146837,LightGBM
2016-06-11,23,27.73,27.001392571108557,LightGBM
2016-06-12,0,22.74,23.780628160300193,LightGBM
2016-06-12,1,18.6,20.327124174015484,LightGBM
2016-06-12,2,18.58,19.70122277445879,LightGBM
2016-06-12,3,18.58,18.19549620453121,LightGBM
2016-06-12,4,18.54,18.048841087995264,LightGBM
2016-06-12,5,17.5,16.513227967099315,LightGBM
2016-06-12,6,17.58,17.387506678603742,LightGBM
2016-06-12,7,19.16,18.112854464155358,LightGBM
2016-06-12,8,21.57,18.92088175260655,LightGBM
2016-06-12,9,22.91,21.089499889804078,LightGBM
2016-06-12,10,21.19,22.18678578061183,LightGBM
2016-06-12,11,25.3,24.087103100641134,LightGBM
2016-06-12,12,22.94,23.358354996950432,LightGBM
2016-06-12,13,19.16,19.64540085310019,LightGBM
2016-06-12,14,18.53,18.14868759289458,LightGBM
2016-06-12,15,19.07,17.385319816749966,LightGBM
2016-06-12,16,21.06,17.104789694101626,LightGBM
2016-06-12,17,23.93,18.87931729441378,LightGBM
2016-06-12,18,27.52,25.303313496609068,LightGBM
2016-06-12,19,29.78,26.733739067217428,LightGBM
2016-06-12,20,31.33,28.367751993857876,LightGBM
2016-06-12,21,29.4,28.417089519267957,LightGBM
2016-06-12,22,29.81,28.510636266815307,LightGBM
2016-06-12,23,23.24,25.103435431422167,LightGBM
2016-06-13,0,21.34,22.188032910317645,LightGBM
2016-06-13,1,19.46,20.603370142957445,LightGBM
2016-06-13,2,17.63,19.208482897073456,LightGBM
2016-06-13,3,18.37,18.278035772530195,LightGBM
2016-06-13,4,18.57,18.760568284972592,LightGBM
2016-06-13,5,21.03,21.717870000668025,LightGBM
2016-06-13,6,27.31,30.007360309637097,LightGBM
2016-06-13,7,33.49,38.06071945704945,LightGBM
2016-06-13,8,37.13,41.71460608422947,LightGBM
2016-06-13,9,39.91,39.614698023167,LightGBM
2016-06-13,10,38.17,38.363864801404546,LightGBM
2016-06-13,11,39.09,40.733014695459445,LightGBM
2016-06-13,12,34.23,39.05960861351728,LightGBM
2016-06-13,13,32.32,35.84633949829025,LightGBM
2016-06-13,14,31.68,35.40931419598048,LightGBM
2016-06-13,15,30.89,35.053058352275364,LightGBM
2016-06-13,16,29.38,34.48378281325973,LightGBM
2016-06-13,17,30.45,36.0569428792496,LightGBM
2016-06-13,18,31.75,36.558217141506155,LightGBM
2016-06-13,19,32.97,37.56634448962668,LightGBM
2016-06-13,20,32.58,35.78010325643294,LightGBM
2016-06-13,21,29.98,33.78299551077725,LightGBM
2016-06-13,22,29.31,31.69583725628353,LightGBM
2016-06-13,23,26.14,26.9769580327223,LightGBM
2016-06-14,0,24.82,23.870352061759004,LightGBM
2016-06-14,1,22.76,22.30581035142582,LightGBM
2016-06-14,2,21.88,20.462510033126176,LightGBM
2016-06-14,3,21.64,20.08961687270104,LightGBM
2016-06-14,4,22.04,20.845888455427694,LightGBM
2016-06-14,5,23.0,23.138797900422357,LightGBM
2016-06-14,6,27.4,29.537833814756,LightGBM
2016-06-14,7,35.29,35.72723677487341,LightGBM
2016-06-14,8,38.39,40.344710973811175,LightGBM
2016-06-14,9,38.44,38.17526849859999,LightGBM
2016-06-14,10,37.25,40.04185975687504,LightGBM
2016-06-14,11,35.83,38.11759137973154,LightGBM
2016-06-14,12,32.0,34.54846428629597,LightGBM
2016-06-14,13,29.37,33.44152932776916,LightGBM
2016-06-14,14,27.55,31.58105831177849,LightGBM
2016-06-14,15,27.38,31.53366652286459,LightGBM
2016-06-14,16,28.64,29.392306872288998,LightGBM
2016-06-14,17,32.51,31.524849329103365,LightGBM
2016-06-14,18,35.08,33.84877307514431,LightGBM
2016-06-14,19,37.5,35.487283726646204,LightGBM
2016-06-14,20,36.0,34.1464949738435,LightGBM
2016-06-14,21,32.01,33.375357481073486,LightGBM
2016-06-14,22,30.1,32.507892561234634,LightGBM
2016-06-14,23,26.59,28.142913724057777,LightGBM
2016-06-15,0,26.19,24.665545903055005,LightGBM
2016-06-15,1,25.34,23.268119678813225,LightGBM
2016-06-15,2,24.32,22.831461798428823,LightGBM
2016-06-15,3,23.73,22.79678938895585,LightGBM
2016-06-15,4,23.52,22.28625794965062,LightGBM
2016-06-15,5,25.31,23.603035855381407,LightGBM
2016-06-15,6,28.37,30.411836500283073,LightGBM
2016-06-15,7,35.91,35.57224870280952,LightGBM
2016-06-15,8,38.79,40.84819323030593,LightGBM
2016-06-15,9,36.2,37.63543765369026,LightGBM
2016-06-15,10,35.91,37.26966905305353,LightGBM
2016-06-15,11,35.51,37.27505496059331,LightGBM
2016-06-15,12,30.21,33.26758851605971,LightGBM
2016-06-15,13,28.29,31.08412881729696,LightGBM
2016-06-15,14,27.99,28.371164521708536,LightGBM
2016-06-15,15,27.73,27.555311693535455,LightGBM
2016-06-15,16,29.12,28.856228983129043,LightGBM
2016-06-15,17,31.0,30.86798259450648,LightGBM
2016-06-15,18,34.53,34.87837372017001,LightGBM
2016-06-15,19,36.91,36.169068227678785,LightGBM
2016-06-15,20,35.49,34.634470596553015,LightGBM
2016-06-15,21,33.25,33.01682153056737,LightGBM
2016-06-15,22,33.02,31.37263750048221,LightGBM
2016-06-15,23,27.33,28.85251137378189,LightGBM
2016-06-16,0,26.46,26.13687874970501,LightGBM
2016-06-16,1,25.64,24.395820221257825,LightGBM
2016-06-16,2,24.6,23.71633682149212,LightGBM
2016-06-16,3,23.61,22.972344987698918,LightGBM
2016-06-16,4,23.99,23.511539616806957,LightGBM
2016-06-16,5,24.95,24.697694303326948,LightGBM
2016-06-16,6,29.84,30.849176671153856,LightGBM
2016-06-16,7,37.82,36.99133599104127,LightGBM
2016-06-16,8,39.74,40.40105493122783,LightGBM
2016-06-16,9,35.43,37.679725202443684,LightGBM
2016-06-16,10,34.88,33.57052056024005,LightGBM
2016-06-16,11,33.76,34.568332465979694,LightGBM
2016-06-16,12,29.71,30.871710417293432,LightGBM
2016-06-16,13,26.98,29.09682684495629,LightGBM
2016-06-16,14,27.44,28.884150059546965,LightGBM
2016-06-16,15,28.47,30.13136771902719,LightGBM
2016-06-16,16,31.75,30.55359730685485,LightGBM
2016-06-16,17,33.03,33.85587069922946,LightGBM
2016-06-16,18,34.71,35.2572494813789,LightGBM
2016-06-16,19,35.2,37.95497261522163,LightGBM
2016-06-16,20,35.28,34.92116956842645,LightGBM
2016-06-16,21,33.02,33.161609010094224,LightGBM
2016-06-16,22,31.05,32.22710777118496,LightGBM
2016-06-16,23,26.62,27.564418634220498,LightGBM
2016-06-17,0,25.9,26.196636330501274,LightGBM
2016-06-17,1,23.73,24.303963597588062,LightGBM
2016-06-17,2,22.16,24.112829438643118,LightGBM
2016-06-17,3,21.37,22.80147098456998,LightGBM
2016-06-17,4,21.72,22.91916833222192,LightGBM
2016-06-17,5,22.45,24.545837528972996,LightGBM
2016-06-17,6,27.85,30.38184837230196,LightGBM
2016-06-17,7,35.3,38.56443247043743,LightGBM
2016-06-17,8,39.7,41.676431516218216,LightGBM
2016-06-17,9,37.5,36.7429688208366,LightGBM
2016-06-17,10,34.94,36.100518696141016,LightGBM
2016-06-17,11,33.25,34.27526718289843,LightGBM
2016-06-17,12,28.81,28.910210749089742,LightGBM
2016-06-17,13,24.97,27.347632586594806,LightGBM
2016-06-17,14,23.92,24.540200273127354,LightGBM
2016-06-17,15,23.01,24.458744044566767,LightGBM
2016-06-17,16,23.06,25.48379991414723,LightGBM
2016-06-17,17,26.55,27.120858302360432,LightGBM
2016-06-17,18,30.72,31.500052944413746,LightGBM
2016-06-17,19,32.15,32.69053624899794,LightGBM
2016-06-17,20,30.59,32.08847798603975,LightGBM
2016-06-17,21,28.16,31.127164947785698,LightGBM
2016-06-17,22,29.08,30.256031125265242,LightGBM
2016-06-17,23,26.07,26.701164209481718,LightGBM
2016-06-18,0,23.06,22.823086649191755,LightGBM
2016-06-18,1,22.45,19.754117168009966,LightGBM
2016-06-18,2,21.02,18.4586936334912,LightGBM
2016-06-18,3,20.09,18.917167832119596,LightGBM
2016-06-18,4,20.06,18.170527197298586,LightGBM
2016-06-18,5,18.75,18.312345493369826,LightGBM
2016-06-18,6,20.73,18.14248683640129,LightGBM
2016-06-18,7,22.75,20.331254257054653,LightGBM
2016-06-18,8,24.47,21.612556539051795,LightGBM
2016-06-18,9,23.0,22.167185281170887,LightGBM
2016-06-18,10,21.64,19.620112169964194,LightGBM
2016-06-18,11,21.08,19.440447267845695,LightGBM
2016-06-18,12,16.04,17.46353513450832,LightGBM
2016-06-18,13,12.85,15.554617100967647,LightGBM
2016-06-18,14,15.93,15.3289163055026,LightGBM
2016-06-18,15,18.67,16.081056204642863,LightGBM
2016-06-18,16,21.49,16.929408575209486,LightGBM
2016-06-18,17,23.38,21.251327927941485,LightGBM
2016-06-18,18,26.53,27.373262406710523,LightGBM
2016-06-18,19,27.28,29.51255206455595,LightGBM
2016-06-18,20,26.83,30.489360454173035,LightGBM
2016-06-18,21,26.97,29.762725529106827,LightGBM
2016-06-18,22,28.0,31.664878027360093,LightGBM
2016-06-18,23,24.48,27.173168686283528,LightGBM
2016-06-19,0,20.64,21.40108426945037,LightGBM
2016-06-19,1,15.16,18.38351822506617,LightGBM
2016-06-19,2,13.04,17.47678203731009,LightGBM
2016-06-19,3,10.88,18.09252626793501,LightGBM
2016-06-19,4,15.04,15.530747083442847,LightGBM
2016-06-19,5,13.1,15.237687998091218,LightGBM
2016-06-19,6,10.16,14.777894864648113,LightGBM
2016-06-19,7,10.13,14.534115318334512,LightGBM
2016-06-19,8,14.29,14.577643325097773,LightGBM
2016-06-19,9,16.98,16.933010898124714,LightGBM
2016-06-19,10,17.55,16.672530237254353,LightGBM
2016-06-19,11,19.08,19.316021614617842,LightGBM
2016-06-19,12,17.12,17.414624658192725,LightGBM
2016-06-19,13,11.63,14.334762297600603,LightGBM
2016-06-19,14,9.04,12.583574166533582,LightGBM
2016-06-19,15,8.9,12.725565885314893,LightGBM
2016-06-19,16,11.79,13.37844382490859,LightGBM
2016-06-19,17,19.04,15.983326761451934,LightGBM
2016-06-19,18,22.97,23.938731986351936,LightGBM
2016-06-19,19,26.95,27.041331840626587,LightGBM
2016-06-19,20,27.8,28.724081494900847,LightGBM
2016-06-19,21,29.88,28.6984624006487,LightGBM
2016-06-19,22,29.26,29.994206316823366,LightGBM
2016-06-19,23,27.14,26.91158881306452,LightGBM
2016-06-20,0,24.92,23.42840879883759,LightGBM
2016-06-20,1,21.6,20.786477902858174,LightGBM
2016-06-20,2,20.4,18.157662226953896,LightGBM
2016-06-20,3,17.45,16.723870159636242,LightGBM
2016-06-20,4,17.05,15.884288638576708,LightGBM
2016-06-20,5,19.99,19.623323791437507,LightGBM
2016-06-20,6,28.97,26.887068315044267,LightGBM
2016-06-20,7,34.42,34.493545955309656,LightGBM
2016-06-20,8,34.94,37.16952605189247,LightGBM
2016-06-20,9,29.44,32.263873034698726,LightGBM
2016-06-20,10,26.84,29.140703239296833,LightGBM
2016-06-20,11,26.95,27.880682951872817,LightGBM
2016-06-20,12,25.51,25.973872351078622,LightGBM
2016-06-20,13,25.24,26.292478131068876,LightGBM
2016-06-20,14,25.44,23.88403293713371,LightGBM
2016-06-20,15,25.49,24.916466054990618,LightGBM
2016-06-20,16,25.19,25.147010374238494,LightGBM
2016-06-20,17,27.74,27.358851394800766,LightGBM
2016-06-20,18,32.97,30.68279308040852,LightGBM
2016-06-20,19,34.96,31.70439999959985,LightGBM
2016-06-20,20,33.57,31.272019206394127,LightGBM
2016-06-20,21,31.76,30.845883366343738,LightGBM
2016-06-20,22,30.74,29.662661205953686,LightGBM
2016-06-20,23,25.38,23.003121315925533,LightGBM
2016-06-21,0,24.23,23.72975004775159,LightGBM
2016-06-21,1,23.37,22.999882540416195,LightGBM
2016-06-21,2,22.34,21.306903970272913,LightGBM
2016-06-21,3,21.23,20.491581249248117,LightGBM
2016-06-21,4,21.89,21.031635253212052,LightGBM
2016-06-21,5,23.93,23.196966596890462,LightGBM
2016-06-21,6,29.54,28.996137319047406,LightGBM
2016-06-21,7,38.73,36.15381664788613,LightGBM
2016-06-21,8,40.78,40.37811951847492,LightGBM
2016-06-21,9,42.59,41.5305703195535,LightGBM
2016-06-21,10,41.79,40.96281049008557,LightGBM
2016-06-21,11,43.73,41.674547316560805,LightGBM
2016-06-21,12,39.59,39.76249705725569,LightGBM
2016-06-21,13,37.64,39.559122487417646,LightGBM
2016-06-21,14,35.84,36.25331474853397,LightGBM
2016-06-21,15,34.16,34.99627084955429,LightGBM
2016-06-21,16,32.45,32.068064228781324,LightGBM
2016-06-21,17,33.05,35.37515393099628,LightGBM
2016-06-21,18,34.94,36.113906140581285,LightGBM
2016-06-21,19,35.91,37.26254545413207,LightGBM
2016-06-21,20,37.44,35.74406080605652,LightGBM
2016-06-21,21,34.98,33.52069289311873,LightGBM
2016-06-21,22,33.93,32.56229067219036,LightGBM
2016-06-21,23,30.0,28.289700669905557,LightGBM
2016-06-22,0,28.06,28.12254867222629,LightGBM
2016-06-22,1,24.95,25.29398037165008,LightGBM
2016-06-22,2,23.95,24.733481896717247,LightGBM
2016-06-22,3,23.14,23.573507493897218,LightGBM
2016-06-22,4,22.97,24.110652426925043,LightGBM
2016-06-22,5,24.06,25.40927658021048,LightGBM
2016-06-22,6,29.98,30.07150085654835,LightGBM
2016-06-22,7,40.0,36.95738108856315,LightGBM
2016-06-22,8,42.0,40.695967019496535,LightGBM
2016-06-22,9,40.0,37.09780897570993,LightGBM
2016-06-22,10,37.27,37.14074288884123,LightGBM
2016-06-22,11,36.62,35.704170535146496,LightGBM
2016-06-22,12,33.6,32.69969863099195,LightGBM
2016-06-22,13,30.29,32.12888471888089,LightGBM
2016-06-22,14,28.94,30.091820484442582,LightGBM
2016-06-22,15,28.93,28.243343401555798,LightGBM
2016-06-22,16,30.31,28.73051679075283,LightGBM
2016-06-22,17,33.7,29.57968523818007,LightGBM
2016-06-22,18,38.12,35.03268559119021,LightGBM
2016-06-22,19,39.8,36.90835431070533,LightGBM
2016-06-22,20,38.3,36.14751330662078,LightGBM
2016-06-22,21,37.39,34.59825614516794,LightGBM
2016-06-22,22,35.98,33.808506353780885,LightGBM
2016-06-22,23,30.35,29.39420003773334,LightGBM
2016-06-23,0,28.09,28.133209636556206,LightGBM
2016-06-23,1,25.64,26.676226185021473,LightGBM
2016-06-23,2,24.38,24.42705133700518,LightGBM
2016-06-23,3,23.3,21.89289970680928,LightGBM
2016-06-23,4,23.24,22.07064931992045,LightGBM
2016-06-23,5,24.14,24.358937101036517,LightGBM
2016-06-23,6,28.16,29.481021089442823,LightGBM
2016-06-23,7,35.91,35.39157986893448,LightGBM
2016-06-23,8,35.91,37.64598118782464,LightGBM
2016-06-23,9,34.97,32.003261791240575,LightGBM
2016-06-23,10,29.78,28.909994220101176,LightGBM
2016-06-23,11,27.95,28.545152371067314,LightGBM
2016-06-23,12,25.62,24.632696648792578,LightGBM
2016-06-23,13,25.08,24.477017845155267,LightGBM
2016-06-23,14,25.37,23.920711334765492,LightGBM
2016-06-23,15,25.71,24.55745904394631,LightGBM
2016-06-23,16,27.31,26.017302000041308,LightGBM
2016-06-23,17,30.83,29.309866283512022,LightGBM
2016-06-23,18,35.92,33.364308332887354,LightGBM
2016-06-23,19,40.06,36.37557887275393,LightGBM
2016-06-23,20,38.04,35.328688287372316,LightGBM
2016-06-23,21,32.72,34.568988472149975,LightGBM
2016-06-23,22,30.77,31.111478144493198,LightGBM
2016-06-23,23,26.99,27.705323500128983,LightGBM
2016-06-24,0,26.03,23.661682335667535,LightGBM
2016-06-24,1,24.56,23.295237810386386,LightGBM
2016-06-24,2,24.08,22.168059481927138,LightGBM
2016-06-24,3,23.36,22.004228079390895,LightGBM
2016-06-24,4,23.91,22.729869375085613,LightGBM
2016-06-24,5,26.43,24.257674129478506,LightGBM
2016-06-24,6,31.86,29.600862102228813,LightGBM
2016-06-24,7,37.03,35.68954409706106,LightGBM
2016-06-24,8,38.84,38.03956451477676,LightGBM
2016-06-24,9,34.46,35.714950663418776,LightGBM
2016-06-24,10,31.96,31.57915799603917,LightGBM
2016-06-24,11,30.01,29.988629916733753,LightGBM
2016-06-24,12,29.93,27.26737000167791,LightGBM
2016-06-24,13,28.27,26.728076778952563,LightGBM
2016-06-24,14,28.66,24.38713350912184,LightGBM
2016-06-24,15,28.38,25.575076282489892,LightGBM
2016-06-24,16,29.63,26.079612633326093,LightGBM
2016-06-24,17,31.65,30.65709019957555,LightGBM
2016-06-24,18,34.98,34.75518878143539,LightGBM
2016-06-24,19,35.53,37.65929311186516,LightGBM
2016-06-24,20,34.95,36.73687241261016,LightGBM
2016-06-24,21,33.28,35.05155195456572,LightGBM
2016-06-24,22,34.12,34.84984446212043,LightGBM
2016-06-24,23,32.04,30.685980965758397,LightGBM
2016-06-25,0,30.14,28.897415801093267,LightGBM
2016-06-25,1,28.97,26.07665112614746,LightGBM
2016-06-25,2,26.64,25.708796102638143,LightGBM
2016-06-25,3,24.28,24.20019201846807,LightGBM
2016-06-25,4,23.35,24.099929829144546,LightGBM
2016-06-25,5,23.0,23.912916648792546,LightGBM
2016-06-25,6,24.0,24.240697057339315,LightGBM
2016-06-25,7,26.93,24.77906966018863,LightGBM
2016-06-25,8,30.25,29.338567039571988,LightGBM
2016-06-25,9,32.96,29.957842269013277,LightGBM
2016-06-25,10,33.86,29.939220120263197,LightGBM
2016-06-25,11,32.95,29.410405182258266,LightGBM
2016-06-25,12,30.06,28.469196896295614,LightGBM
2016-06-25,13,27.81,26.093916217274685,LightGBM
2016-06-25,14,25.08,23.67181769740449,LightGBM
2016-06-25,15,24.43,22.736504449942093,LightGBM
2016-06-25,16,24.43,23.027407609262955,LightGBM
2016-06-25,17,27.31,25.639582660912875,LightGBM
2016-06-25,18,29.42,28.374095983416268,LightGBM
2016-06-25,19,30.53,29.89921750515228,LightGBM
2016-06-25,20,29.8,29.798364436651624,LightGBM
2016-06-25,21,28.81,30.73244045100905,LightGBM
2016-06-25,22,29.61,32.48686751252887,LightGBM
2016-06-25,23,27.02,28.137285356211347,LightGBM
2016-06-26,0,17.29,19.90376802973195,LightGBM
2016-06-26,1,12.78,15.953660778939398,LightGBM
2016-06-26,2,14.25,15.580822128128622,LightGBM
2016-06-26,3,13.35,14.136676931906212,LightGBM
2016-06-26,4,13.08,13.723356140310509,LightGBM
2016-06-26,5,12.43,12.54894508912763,LightGBM
2016-06-26,6,11.53,10.845675251022307,LightGBM
2016-06-26,7,12.63,13.145943705366642,LightGBM
2016-06-26,8,13.46,14.466215542931437,LightGBM
2016-06-26,9,13.51,14.047569678200263,LightGBM
2016-06-26,10,9.79,13.716057184208362,LightGBM
2016-06-26,11,12.86,14.56114843130451,LightGBM
2016-06-26,12,12.08,12.341158989988104,LightGBM
2016-06-26,13,9.29,10.92644920977026,LightGBM
2016-06-26,14,8.05,9.80952689285138,LightGBM
2016-06-26,15,9.19,10.721865970488047,LightGBM
2016-06-26,16,11.67,12.613495244190563,LightGBM
2016-06-26,17,15.79,16.781018255251382,LightGBM
2016-06-26,18,23.76,23.18371381067953,LightGBM
2016-06-26,19,26.79,28.457777035396475,LightGBM
2016-06-26,20,29.97,28.62220217693257,LightGBM
2016-06-26,21,28.46,28.399577738044126,LightGBM
2016-06-26,22,31.91,30.380248125639064,LightGBM
2016-06-26,23,28.12,26.360437495856402,LightGBM
2016-06-27,0,24.1,24.000946268224276,LightGBM
2016-06-27,1,20.99,20.01397279593428,LightGBM
2016-06-27,2,19.04,18.55328015637662,LightGBM
2016-06-27,3,16.29,17.464259493777693,LightGBM
2016-06-27,4,16.12,16.834577251318677,LightGBM
2016-06-27,5,19.02,20.695600903906364,LightGBM
2016-06-27,6,27.75,31.086630314065182,LightGBM
2016-06-27,7,33.07,36.619664157502335,LightGBM
2016-06-27,8,34.26,36.09140038139156,LightGBM
2016-06-27,9,31.02,32.93381972567967,LightGBM
2016-06-27,10,26.57,31.202741439005756,LightGBM
2016-06-27,11,26.29,30.923156774424726,LightGBM
2016-06-27,12,24.82,27.81550369837688,LightGBM
2016-06-27,13,25.38,27.335168080610003,LightGBM
2016-06-27,14,24.87,25.41064023372746,LightGBM
2016-06-27,15,25.95,25.83954784274127,LightGBM
2016-06-27,16,25.92,28.18219142386745,LightGBM
2016-06-27,17,28.08,29.75076789222376,LightGBM
2016-06-27,18,34.98,34.13010563014699,LightGBM
2016-06-27,19,39.05,37.38261653902022,LightGBM
2016-06-27,20,38.31,36.57703548753598,LightGBM
2016-06-27,21,36.52,35.64157986401161,LightGBM
2016-06-27,22,36.4,35.036564966060276,LightGBM
2016-06-27,23,31.69,29.120146743973645,LightGBM
2016-06-28,0,26.84,27.633027729952236,LightGBM
2016-06-28,1,24.4,26.02980551517982,LightGBM
2016-06-28,2,24.09,25.129160898457116,LightGBM
2016-06-28,3,23.13,24.028997702243252,LightGBM
2016-06-28,4,22.76,25.165168873101763,LightGBM
2016-06-28,5,24.19,26.244902672387305,LightGBM
2016-06-28,6,30.0,32.37514451456611,LightGBM
2016-06-28,7,40.08,40.51391158091894,LightGBM
2016-06-28,8,41.91,41.04209861595397,LightGBM
2016-06-28,9,41.98,42.674552875159826,LightGBM
2016-06-28,10,38.94,42.32004138180662,LightGBM
2016-06-28,11,37.88,41.579488892087255,LightGBM
2016-06-28,12,35.36,37.937964031444906,LightGBM
2016-06-28,13,34.08,35.7902521680833,LightGBM
2016-06-28,14,32.62,33.87078917569438,LightGBM
2016-06-28,15,31.37,33.87675617343174,LightGBM
2016-06-28,16,30.89,32.68443993222685,LightGBM
2016-06-28,17,36.04,37.47771097689996,LightGBM
2016-06-28,18,39.85,37.90141744210265,LightGBM
2016-06-28,19,41.74,40.02894668832919,LightGBM
2016-06-28,20,38.99,39.73930715628435,LightGBM
2016-06-28,21,34.56,35.906290044154424,LightGBM
2016-06-28,22,33.84,36.3361455886628,LightGBM
2016-06-28,23,28.34,30.09299697186773,LightGBM
2016-06-29,0,24.03,26.087909863974435,LightGBM
2016-06-29,1,22.14,25.01203924524126,LightGBM
2016-06-29,2,20.64,22.167700833907766,LightGBM
2016-06-29,3,19.91,20.395654993908977,LightGBM
2016-06-29,4,19.17,19.95619281141901,LightGBM
2016-06-29,5,19.99,23.379478285795244,LightGBM
2016-06-29,6,24.58,28.020012057788772,LightGBM
2016-06-29,7,32.91,35.867952669062475,LightGBM
2016-06-29,8,34.94,36.667017877665074,LightGBM
2016-06-29,9,31.82,32.55270237030303,LightGBM
2016-06-29,10,26.05,28.93578188243765,LightGBM
2016-06-29,11,24.71,27.610935878684973,LightGBM
2016-06-29,12,23.92,26.78295628911189,LightGBM
2016-06-29,13,23.6,25.109425695952094,LightGBM
2016-06-29,14,23.4,25.148897818374493,LightGBM
2016-06-29,15,23.96,25.627392628297663,LightGBM
2016-06-29,16,23.71,24.826179101198818,LightGBM
2016-06-29,17,26.54,30.256023170876944,LightGBM
2016-06-29,18,33.46,34.55343754450388,LightGBM
2016-06-29,19,38.99,39.086299393818585,LightGBM
2016-06-29,20,37.49,38.49468488254851,LightGBM
2016-06-29,21,34.98,36.02240598726423,LightGBM
2016-06-29,22,34.94,35.999894013663585,LightGBM
2016-06-29,23,29.96,29.766704668440116,LightGBM
2016-06-30,0,25.16,26.65775813853886,LightGBM
2016-06-30,1,23.34,24.479136499368693,LightGBM
2016-06-30,2,22.08,22.961319780150617,LightGBM
2016-06-30,3,20.11,21.75481532886363,LightGBM
2016-06-30,4,19.82,23.012481921299095,LightGBM
2016-06-30,5,21.58,25.215557430823917,LightGBM
2016-06-30,6,26.61,31.87633071341849,LightGBM
2016-06-30,7,34.94,40.1779782356864,LightGBM
2016-06-30,8,39.86,40.65584037780308,LightGBM
2016-06-30,9,38.24,39.3636746180078,LightGBM
2016-06-30,10,38.49,37.43884386858759,LightGBM
2016-06-30,11,36.0,36.07200343298572,LightGBM
2016-06-30,12,30.69,33.107328456150775,LightGBM
2016-06-30,13,27.63,31.088270259114488,LightGBM
2016-06-30,14,25.8,29.78694689169911,LightGBM
2016-06-30,15,26.17,29.756279828963965,LightGBM
2016-06-30,16,26.28,30.06455618364972,LightGBM
2016-06-30,17,29.77,33.3977757486613,LightGBM
2016-06-30,18,34.23,35.98003725743625,LightGBM
2016-06-30,19,38.28,38.77554462777733,LightGBM
2016-06-30,20,34.91,37.11835551745227,LightGBM
2016-06-30,21,31.11,35.1643172513898,LightGBM
2016-06-30,22,32.38,35.90785789598759,LightGBM
2016-06-30,23,27.72,30.204648944603633,LightGBM
2016-07-01,0,29.36,24.661843909210234,LightGBM
2016-07-01,1,24.69,22.229904882542442,LightGBM
2016-07-01,2,23.42,21.375679565059556,LightGBM
2016-07-01,3,21.91,19.909583241266503,LightGBM
2016-07-01,4,20.19,20.694718864334266,LightGBM
2016-07-01,5,22.44,23.38589280174049,LightGBM
2016-07-01,6,26.84,29.755622994627092,LightGBM
2016-07-01,7,33.58,35.910366409028946,LightGBM
2016-07-01,8,35.78,36.30607284244249,LightGBM
2016-07-01,9,29.8,31.67976443652577,LightGBM
2016-07-01,10,24.0,28.50559922130245,LightGBM
2016-07-01,11,23.26,26.48692228251417,LightGBM
2016-07-01,12,22.56,23.797492441052473,LightGBM
2016-07-01,13,22.09,23.74227821024261,LightGBM
2016-07-01,14,22.09,22.272943626280398,LightGBM
2016-07-01,15,24.22,23.646385303441395,LightGBM
2016-07-01,16,27.0,24.77269795656529,LightGBM
2016-07-01,17,28.75,29.150787716316167,LightGBM
2016-07-01,18,32.43,33.17225695681028,LightGBM
2016-07-01,19,33.95,36.094954748572675,LightGBM
2016-07-01,20,32.67,34.0608949345178,LightGBM
2016-07-01,21,30.07,34.55029240137896,LightGBM
2016-07-01,22,31.91,34.47301040318835,LightGBM
2016-07-01,23,27.59,28.359569860490677,LightGBM
2016-07-02,0,22.03,23.323876758751044,LightGBM
2016-07-02,1,20.38,20.761041522974477,LightGBM
2016-07-02,2,19.4,18.29085188968791,LightGBM
2016-07-02,3,17.09,17.996956136719984,LightGBM
2016-07-02,4,16.79,17.42105556248415,LightGBM
2016-07-02,5,16.58,17.024971502771884,LightGBM
2016-07-02,6,17.99,18.01863188076239,LightGBM
2016-07-02,7,20.05,18.78124455768213,LightGBM
2016-07-02,8,21.41,23.28523011333369,LightGBM
2016-07-02,9,23.71,23.483945121729924,LightGBM
2016-07-02,10,22.04,20.75364101240924,LightGBM
2016-07-02,11,22.03,20.166920511206673,LightGBM
2016-07-02,12,21.87,18.10278672625924,LightGBM
2016-07-02,13,20.86,16.26400706586179,LightGBM
2016-07-02,14,19.4,16.651688531425,LightGBM
2016-07-02,15,18.52,16.51531207385007,LightGBM
2016-07-02,16,17.95,17.198899390636647,LightGBM
2016-07-02,17,19.96,21.58456085080066,LightGBM
2016-07-02,18,23.11,26.898326827485118,LightGBM
2016-07-02,19,25.33,27.180107881665283,LightGBM
2016-07-02,20,25.48,28.727102834304848,LightGBM
2016-07-02,21,25.03,28.131751618109043,LightGBM
2016-07-02,22,25.97,30.677442653008114,LightGBM
2016-07-02,23,22.4,25.957937225101528,LightGBM
2016-07-03,0,18.07,16.47232617449861,LightGBM
2016-07-03,1,9.32,12.497408380140024,LightGBM
2016-07-03,2,7.88,12.800813867734428,LightGBM
2016-07-03,3,6.97,11.962581496956076,LightGBM
2016-07-03,4,8.82,11.431449799476615,LightGBM
2016-07-03,5,7.77,8.742037275790453,LightGBM
2016-07-03,6,8.14,8.245582594202569,LightGBM
2016-07-03,7,8.82,9.610093529703567,LightGBM
2016-07-03,8,12.2,10.171655395533072,LightGBM
2016-07-03,9,9.92,11.808247105595186,LightGBM
2016-07-03,10,8.92,10.724404851049007,LightGBM
2016-07-03,11,8.86,11.671917859277562,LightGBM
2016-07-03,12,8.92,8.940434141934364,LightGBM
2016-07-03,13,7.09,6.710363484356102,LightGBM
2016-07-03,14,6.98,3.8706193342210224,LightGBM
2016-07-03,15,7.14,5.644950996462897,LightGBM
2016-07-03,16,8.97,7.780498865604694,LightGBM
2016-07-03,17,18.08,12.552328145298148,LightGBM
2016-07-03,18,22.02,21.26013286558476,LightGBM
2016-07-03,19,26.76,23.91029288602243,LightGBM
2016-07-03,20,27.97,26.317682457566505,LightGBM
2016-07-03,21,30.49,27.247354634831716,LightGBM
2016-07-03,22,32.35,30.62564713907378,LightGBM
2016-07-03,23,29.37,26.391529224719115,LightGBM
2016-07-04,0,25.73,25.685850276572545,LightGBM
2016-07-04,1,22.73,22.323714324212396,LightGBM
2016-07-04,2,22.26,20.13157223349886,LightGBM
2016-07-04,3,21.65,18.011263278264394,LightGBM
2016-07-04,4,21.69,18.553387213901132,LightGBM
2016-07-04,5,23.37,21.781955635793736,LightGBM
2016-07-04,6,31.93,31.09590277805076,LightGBM
2016-07-04,7,35.19,38.894983326367345,LightGBM
2016-07-04,8,37.93,41.886502695682715,LightGBM
2016-07-04,9,33.54,37.52823066251989,LightGBM
2016-07-04,10,32.91,36.565094012458076,LightGBM
2016-07-04,11,31.68,36.03697924433559,LightGBM
2016-07-04,12,29.98,32.77222276594891,LightGBM
2016-07-04,13,29.33,31.363826286411914,LightGBM
2016-07-04,14,29.75,29.986665301218846,LightGBM
2016-07-04,15,29.26,29.34086580674392,LightGBM
2016-07-04,16,30.47,28.928831009014598,LightGBM
2016-07-04,17,32.9,32.484988234501984,LightGBM
2016-07-04,18,35.98,36.02980944613548,LightGBM
2016-07-04,19,38.41,38.85184003164489,LightGBM
2016-07-04,20,38.65,38.345142481218176,LightGBM
2016-07-04,21,35.56,37.95714563476147,LightGBM
2016-07-04,22,34.96,36.80849535714305,LightGBM
2016-07-04,23,33.98,32.32906389156063,LightGBM
2016-07-05,0,29.93,27.636428264589988,LightGBM
2016-07-05,1,27.0,25.407328882358524,LightGBM
2016-07-05,2,25.46,25.91673041833645,LightGBM
2016-07-05,3,23.88,23.581527093601455,LightGBM
2016-07-05,4,23.43,24.11728257389002,LightGBM
2016-07-05,5,25.31,24.9712802451037,LightGBM
2016-07-05,6,30.28,31.17904614407935,LightGBM
2016-07-05,7,34.94,38.907355273657856,LightGBM
2016-07-05,8,36.46,41.53239986921146,LightGBM
2016-07-05,9,35.05,39.86594961842617,LightGBM
2016-07-05,10,32.54,34.81805219955582,LightGBM
2016-07-05,11,31.46,31.744724121346035,LightGBM
2016-07-05,12,28.6,28.55032145918675,LightGBM
2016-07-05,13,26.52,25.08775633562955,LightGBM
2016-07-05,14,24.34,23.331673644486056,LightGBM
2016-07-05,15,22.28,23.254206840385574,LightGBM
2016-07-05,16,22.14,23.315381925599567,LightGBM
2016-07-05,17,23.01,26.907530314826776,LightGBM
2016-07-05,18,24.6,28.563987166510053,LightGBM
2016-07-05,19,27.57,30.269150684737287,LightGBM
2016-07-05,20,26.9,30.73127148615467,LightGBM
2016-07-05,21,23.95,27.963971864802012,LightGBM
2016-07-05,22,22.89,26.58111057269908,LightGBM
2016-07-05,23,18.96,21.61562712585944,LightGBM
2016-07-06,0,8.18,11.415423958776918,LightGBM
2016-07-06,1,9.26,12.401513386521533,LightGBM
2016-07-06,2,8.17,9.112040361315163,LightGBM
2016-07-06,3,5.84,10.336699577041584,LightGBM
2016-07-06,4,4.9,7.832090118621706,LightGBM
2016-07-06,5,10.72,10.559337644271919,LightGBM
2016-07-06,6,20.09,17.669606843306084,LightGBM
2016-07-06,7,24.54,24.927603747505227,LightGBM
2016-07-06,8,24.15,26.225671067410886,LightGBM
2016-07-06,9,20.12,24.958695703264667,LightGBM
2016-07-06,10,13.19,21.872330356223287,LightGBM
2016-07-06,11,13.15,20.720069350034652,LightGBM
2016-07-06,12,9.36,17.994249543872517,LightGBM
2016-07-06,13,8.17,16.185189210987772,LightGBM
2016-07-06,14,2.55,14.573205385210175,LightGBM
2016-07-06,15,9.23,15.4642294366717,LightGBM
2016-07-06,16,11.6,15.561059966515279,LightGBM
2016-07-06,17,14.73,20.170183216968137,LightGBM
2016-07-06,18,23.32,23.015570976005872,LightGBM
2016-07-06,19,28.27,28.8661862527914,LightGBM
2016-07-06,20,29.32,27.585134850588098,LightGBM
2016-07-06,21,29.6,27.21950615634239,LightGBM
2016-07-06,22,31.75,24.274837435162354,LightGBM
2016-07-06,23,28.84,20.73187554529651,LightGBM
2016-07-07,0,29.09,25.428799410386198,LightGBM
2016-07-07,1,25.56,21.201728511318148,LightGBM
2016-07-07,2,24.21,20.750904623587598,LightGBM
2016-07-07,3,22.11,18.384875356222437,LightGBM
2016-07-07,4,22.98,19.237451009773917,LightGBM
2016-07-07,5,23.74,21.559593684101184,LightGBM
2016-07-07,6,30.6,28.312191325618645,LightGBM
2016-07-07,7,34.28,34.61855354165267,LightGBM
2016-07-07,8,35.71,37.525717703733086,LightGBM
2016-07-07,9,31.51,32.80368316687055,LightGBM
2016-07-07,10,28.83,28.254478511301063,LightGBM
2016-07-07,11,28.79,25.6741317568474,LightGBM
2016-07-07,12,26.91,24.3109387216151,LightGBM
2016-07-07,13,25.97,23.890200962541638,LightGBM
2016-07-07,14,24.66,23.64099867508394,LightGBM
2016-07-07,15,25.41,24.08313318958506,LightGBM
2016-07-07,16,27.01,24.0106840760556,LightGBM
2016-07-07,17,30.42,26.470336925296838,LightGBM
2016-07-07,18,34.68,31.63069658767783,LightGBM
2016-07-07,19,37.77,35.482932815866825,LightGBM
2016-07-07,20,37.91,35.785149604761806,LightGBM
2016-07-07,21,32.49,33.86395128697278,LightGBM
2016-07-07,22,36.53,35.52282476498722,LightGBM
2016-07-07,23,32.8,29.566812366625847,LightGBM
2016-07-08,0,28.62,28.296499399665397,LightGBM
2016-07-08,1,26.52,26.12318442472741,LightGBM
2016-07-08,2,25.04,25.507267287438047,LightGBM
2016-07-08,3,23.46,23.741384811064805,LightGBM
2016-07-08,4,23.18,24.02852542973176,LightGBM
2016-07-08,5,25.02,25.569955650942415,LightGBM
2016-07-08,6,30.0,30.73006366173017,LightGBM
2016-07-08,7,34.99,36.77581993343885,LightGBM
2016-07-08,8,38.62,39.19793871694973,LightGBM
2016-07-08,9,35.26,36.8762751110755,LightGBM
2016-07-08,10,33.36,32.685492651134616,LightGBM
2016-07-08,11,32.93,32.07811759213374,LightGBM
2016-07-08,12,30.15,30.22990725672593,LightGBM
2016-07-08,13,27.91,27.123798554251753,LightGBM
2016-07-08,14,26.53,25.88896458870869,LightGBM
2016-07-08,15,25.91,25.81170942416768,LightGBM
2016-07-08,16,26.94,25.699322832440824,LightGBM
2016-07-08,17,27.38,26.79556759119257,LightGBM
2016-07-08,18,28.54,29.11904003072929,LightGBM
2016-07-08,19,29.79,31.80702358444146,LightGBM
2016-07-08,20,28.1,30.374636206016007,LightGBM
2016-07-08,21,26.91,28.909648551156636,LightGBM
2016-07-08,22,28.08,28.685135366813324,LightGBM
2016-07-08,23,24.61,24.17065241403809,LightGBM
2016-07-09,0,20.7,19.674173424511807,LightGBM
2016-07-09,1,18.61,16.801704083071545,LightGBM
2016-07-09,2,17.39,15.188881630699282,LightGBM
2016-07-09,3,19.0,14.375714151172314,LightGBM
2016-07-09,4,17.1,15.019446805669407,LightGBM
2016-07-09,5,17.01,14.45814176263379,LightGBM
2016-07-09,6,18.12,14.861145387999784,LightGBM
2016-07-09,7,22.32,16.301805349059656,LightGBM
2016-07-09,8,21.99,20.570805967620373,LightGBM
2016-07-09,9,21.78,19.552199429378785,LightGBM
2016-07-09,10,16.99,17.04330426298921,LightGBM
2016-07-09,11,16.99,17.002066383806635,LightGBM
2016-07-09,12,15.32,15.749069791024526,LightGBM
2016-07-09,13,8.98,14.24108116997578,LightGBM
2016-07-09,14,11.64,12.82395594345459,LightGBM
2016-07-09,15,11.25,15.739011313066571,LightGBM
2016-07-09,16,16.9,16.185143432576314,LightGBM
2016-07-09,17,22.0,20.731433204299748,LightGBM
2016-07-09,18,27.92,27.312674081549464,LightGBM
2016-07-09,19,30.63,27.648939744119378,LightGBM
2016-07-09,20,30.25,29.47217157616628,LightGBM
2016-07-09,21,29.86,32.27457401401994,LightGBM
2016-07-09,22,30.61,33.44502007431107,LightGBM
2016-07-09,23,28.0,28.38176561184871,LightGBM
2016-07-10,0,23.17,20.247545559180754,LightGBM
2016-07-10,1,18.54,15.214558419992887,LightGBM
2016-07-10,2,15.04,14.250489022189326,LightGBM
2016-07-10,3,11.96,13.080223582801747,LightGBM
2016-07-10,4,11.17,11.58410712790631,LightGBM
2016-07-10,5,9.91,9.869837321494511,LightGBM
2016-07-10,6,10.63,9.65823018479678,LightGBM
2016-07-10,7,10.1,8.38999188741034,LightGBM
2016-07-10,8,12.36,12.03149641035579,LightGBM
2016-07-10,9,10.64,12.141470828596566,LightGBM
2016-07-10,10,7.62,11.282972595456167,LightGBM
2016-07-10,11,9.12,12.064864147469727,LightGBM
2016-07-10,12,6.88,9.405343915943252,LightGBM
2016-07-10,13,-0.08,6.206779705995742,LightGBM
2016-07-10,14,-0.9,4.572024823306965,LightGBM
2016-07-10,15,3.96,4.056371170352442,LightGBM
2016-07-10,16,10.14,7.59121532201251,LightGBM
2016-07-10,17,19.5,12.307783307465588,LightGBM
2016-07-10,18,24.18,20.26134206156588,LightGBM
2016-07-10,19,29.93,24.548983323701986,LightGBM
2016-07-10,20,30.91,27.811321779262077,LightGBM
2016-07-10,21,30.92,28.771356537941614,LightGBM
2016-07-10,22,31.49,30.41427861829134,LightGBM
2016-07-10,23,29.81,26.77186233173848,LightGBM
2016-07-11,0,20.6,24.05540715331516,LightGBM
2016-07-11,1,20.56,21.145595891528075,LightGBM
2016-07-11,2,21.08,18.411489099646484,LightGBM
2016-07-11,3,19.96,16.972861257920666,LightGBM
2016-07-11,4,19.77,17.844564436323573,LightGBM
2016-07-11,5,22.1,21.43947786598167,LightGBM
2016-07-11,6,27.67,30.933784483206058,LightGBM
2016-07-11,7,32.03,35.90287964653892,LightGBM
2016-07-11,8,32.94,38.75077904916718,LightGBM
2016-07-11,9,29.95,33.762855662342254,LightGBM
2016-07-11,10,26.28,29.184638779651443,LightGBM
2016-07-11,11,24.91,26.231555879001053,LightGBM
2016-07-11,12,22.09,23.7729982425739,LightGBM
2016-07-11,13,20.4,21.63412645541664,LightGBM
2016-07-11,14,20.08,17.369956049359104,LightGBM
2016-07-11,15,20.34,18.18275001648493,LightGBM
2016-07-11,16,22.23,17.357078153682604,LightGBM
2016-07-11,17,25.45,21.83996609989076,LightGBM
2016-07-11,18,28.8,24.67365061713407,LightGBM
2016-07-11,19,31.25,31.316021095199382,LightGBM
2016-07-11,20,31.48,32.50978211758609,LightGBM
2016-07-11,21,30.02,29.588588385567633,LightGBM
2016-07-11,22,28.5,28.094765573334016,LightGBM
2016-07-11,23,26.97,22.51427174240964,LightGBM
2016-07-12,0,25.09,23.047568796926015,LightGBM
2016-07-12,1,23.98,22.65715375135487,LightGBM
2016-07-12,2,22.39,22.398221445714718,LightGBM
2016-07-12,3,22.59,20.514248578494495,LightGBM
2016-07-12,4,22.58,22.11833653072889,LightGBM
2016-07-12,5,24.51,24.44145502618095,LightGBM
2016-07-12,6,28.53,29.963058705445757,LightGBM
2016-07-12,7,33.63,34.8845744685954,LightGBM
2016-07-12,8,34.94,36.28763992078672,LightGBM
2016-07-12,9,31.98,35.03105718844416,LightGBM
2016-07-12,10,31.96,32.48573217943636,LightGBM
2016-07-12,11,32.7,30.778992768960308,LightGBM
2016-07-12,12,31.44,32.05402656700171,LightGBM
2016-07-12,13,29.99,29.01604613825766,LightGBM
2016-07-12,14,30.22,29.815750515704746,LightGBM
2016-07-12,15,30.42,31.08761908906633,LightGBM
2016-07-12,16,30.32,30.18500937199649,LightGBM
2016-07-12,17,31.91,31.146841357160515,LightGBM
2016-07-12,18,33.03,35.711723411784185,LightGBM
2016-07-12,19,33.61,36.78680644522945,LightGBM
2016-07-12,20,33.06,36.21730595560644,LightGBM
2016-07-12,21,33.67,36.451941458359826,LightGBM
2016-07-12,22,33.38,36.75579277161983,LightGBM
2016-07-12,23,30.84,30.839405779691745,LightGBM
2016-07-13,0,27.95,27.847900477508578,LightGBM
2016-07-13,1,27.16,25.765534230758725,LightGBM
2016-07-13,2,26.05,25.317028667535286,LightGBM
2016-07-13,3,25.0,24.40290861345052,LightGBM
2016-07-13,4,25.1,23.828194512793615,LightGBM
2016-07-13,5,26.18,25.441815016416278,LightGBM
2016-07-13,6,31.85,32.72132617658959,LightGBM
2016-07-13,7,34.94,39.8720082483946,LightGBM
2016-07-13,8,40.42,42.105567143586924,LightGBM
2016-07-13,9,40.62,38.7998035250943,LightGBM
2016-07-13,10,39.36,39.24551983036253,LightGBM
2016-07-13,11,39.66,39.041792418961,LightGBM
2016-07-13,12,36.03,35.737016534822416,LightGBM
2016-07-13,13,36.05,34.30968934631841,LightGBM
2016-07-13,14,35.36,32.45511000208063,LightGBM
2016-07-13,15,32.87,30.392214040405797,LightGBM
2016-07-13,16,31.94,31.598775246795398,LightGBM
2016-07-13,17,32.94,32.360950431274915,LightGBM
2016-07-13,18,34.22,33.58800828463647,LightGBM
2016-07-13,19,35.06,35.23822709145804,LightGBM
2016-07-13,20,33.01,35.33226999052563,LightGBM
2016-07-13,21,30.81,32.74257831395697,LightGBM
2016-07-13,22,31.4,33.64248465465324,LightGBM
2016-07-13,23,27.86,29.328656150026276,LightGBM
2016-07-14,0,23.46,26.09780357137764,LightGBM
2016-07-14,1,23.24,24.07760105517816,LightGBM
2016-07-14,2,22.1,23.089308449805838,LightGBM
2016-07-14,3,21.83,21.8229059163,LightGBM
2016-07-14,4,21.06,22.170189284451972,LightGBM
2016-07-14,5,22.05,23.27043532086006,LightGBM
2016-07-14,6,24.06,28.294596569386712,LightGBM
2016-07-14,7,29.42,34.29501665696291,LightGBM
2016-07-14,8,32.05,35.31691936765099,LightGBM
2016-07-14,9,31.02,32.33725385370997,LightGBM
2016-07-14,10,29.8,28.240841522022052,LightGBM
2016-07-14,11,30.43,28.00649770074184,LightGBM
2016-07-14,12,27.58,26.597238689686147,LightGBM
2016-07-14,13,25.06,25.102376361371515,LightGBM
2016-07-14,14,22.54,24.411799376731317,LightGBM
2016-07-14,15,20.65,22.759628029148175,LightGBM
2016-07-14,16,20.66,23.79656261919424,LightGBM
2016-07-14,17,22.09,22.947024632502796,LightGBM
2016-07-14,18,25.74,26.001707125549455,LightGBM
2016-07-14,19,28.95,30.56244838338784,LightGBM
2016-07-14,20,27.93,29.566801002167878,LightGBM
2016-07-14,21,25.65,27.671477580502025,LightGBM
2016-07-14,22,25.56,27.114149458804878,LightGBM
2016-07-14,23,21.85,21.60876038251486,LightGBM
2016-07-15,0,18.92,19.00343096151834,LightGBM
2016-07-15,1,19.87,16.613525951142673,LightGBM
2016-07-15,2,17.02,15.886386901848917,LightGBM
2016-07-15,3,13.16,14.516874306741943,LightGBM
2016-07-15,4,15.06,14.411265350852007,LightGBM
2016-07-15,5,18.88,16.580996863822477,LightGBM
2016-07-15,6,23.44,24.049547572832015,LightGBM
2016-07-15,7,29.08,29.8195493914248,LightGBM
2016-07-15,8,30.08,33.03878520320556,LightGBM
2016-07-15,9,31.82,28.702261429564906,LightGBM
2016-07-15,10,29.94,25.712443734955826,LightGBM
2016-07-15,11,29.73,25.830657333072438,LightGBM
2016-07-15,12,27.39,23.669539493404095,LightGBM
2016-07-15,13,23.8,21.726939312429305,LightGBM
2016-07-15,14,22.93,21.10290843652684,LightGBM
2016-07-15,15,22.02,22.6129492913192,LightGBM
2016-07-15,16,22.82,22.49359116526713,LightGBM
2016-07-15,17,27.71,26.028356962695266,LightGBM
2016-07-15,18,31.92,30.425388331733988,LightGBM
2016-07-15,19,34.67,33.115487775539115,LightGBM
2016-07-15,20,32.73,33.89172375596482,LightGBM
2016-07-15,21,32.25,32.614594616336795,LightGBM
2016-07-15,22,34.94,33.15115661065052,LightGBM
2016-07-15,23,33.78,28.335609284433975,LightGBM
2016-07-16,0,27.53,27.20204691339841,LightGBM
2016-07-16,1,23.82,23.931248800118556,LightGBM
2016-07-16,2,23.0,22.89521982645569,LightGBM
2016-07-16,3,22.0,19.921688747017924,LightGBM
2016-07-16,4,21.91,21.129820046169876,LightGBM
2016-07-16,5,21.79,20.372567665740853,LightGBM
2016-07-16,6,22.01,18.61459991985629,LightGBM
2016-07-16,7,22.47,20.205946710926337,LightGBM
2016-07-16,8,23.34,22.11033869991844,LightGBM
2016-07-16,9,22.96,23.560701837478618,LightGBM
2016-07-16,10,21.99,22.607562110945786,LightGBM
2016-07-16,11,21.93,23.857326997256042,LightGBM
2016-07-16,12,22.89,21.36583361916261,LightGBM
2016-07-16,13,21.98,19.51817347135948,LightGBM
2016-07-16,14,21.93,19.29183307865902,LightGBM
2016-07-16,15,22.21,18.24521705819791,LightGBM
2016-07-16,16,23.36,19.12489606369872,LightGBM
2016-07-16,17,25.38,22.881938288613384,LightGBM
2016-07-16,18,30.3,26.248788154071985,LightGBM
2016-07-16,19,31.92,29.0636350043969,LightGBM
2016-07-16,20,30.61,29.864580007689728,LightGBM
2016-07-16,21,30.99,31.522034749815553,LightGBM
2016-07-16,22,32.16,32.64180300429681,LightGBM
2016-07-16,23,27.78,28.600356143436684,LightGBM
2016-07-17,0,24.53,23.614968532574338,LightGBM
2016-07-17,1,21.04,19.60692400307621,LightGBM
2016-07-17,2,21.03,17.909552777351315,LightGBM
2016-07-17,3,20.17,17.104445932949947,LightGBM
2016-07-17,4,19.57,16.191649419567963,LightGBM
2016-07-17,5,19.4,15.12519258319548,LightGBM
2016-07-17,6,19.01,14.857520641144774,LightGBM
2016-07-17,7,20.96,16.839535507993098,LightGBM
2016-07-17,8,21.13,18.283536565619755,LightGBM
2016-07-17,9,22.3,20.308129345667595,LightGBM
2016-07-17,10,20.77,20.3931190044317,LightGBM
2016-07-17,11,21.99,21.03872460124431,LightGBM
2016-07-17,12,21.03,18.533778127286478,LightGBM
2016-07-17,13,16.19,15.55385992517958,LightGBM
2016-07-17,14,13.06,13.014565562046437,LightGBM
2016-07-17,15,13.06,10.525219919601872,LightGBM
2016-07-17,16,13.02,13.056563301625411,LightGBM
2016-07-17,17,20.03,16.872208775577686,LightGBM
2016-07-17,18,22.4,22.76150684080669,LightGBM
2016-07-17,19,27.37,25.825936655334115,LightGBM
2016-07-17,20,28.07,28.040323328565133,LightGBM
2016-07-17,21,30.09,29.42042803279878,LightGBM
2016-07-17,22,30.57,31.60832001836095,LightGBM
2016-07-17,23,29.0,26.769724684338996,LightGBM
2016-07-18,0,26.03,25.05852948482058,LightGBM
2016-07-18,1,24.05,22.94483658752663,LightGBM
2016-07-18,2,23.31,21.408372540883104,LightGBM
2016-07-18,3,22.58,19.435450268108863,LightGBM
2016-07-18,4,23.02,20.32889324235844,LightGBM
2016-07-18,5,23.81,22.783126580819008,LightGBM
2016-07-18,6,28.82,30.994250079658038,LightGBM
2016-07-18,7,33.09,37.38145832694734,LightGBM
2016-07-18,8,35.39,39.24051798836082,LightGBM
2016-07-18,9,32.98,33.07479159131315,LightGBM
2016-07-18,10,30.53,28.63746807915954,LightGBM
2016-07-18,11,30.22,28.666881736838693,LightGBM
2016-07-18,12,27.17,26.218867616609938,LightGBM
2016-07-18,13,27.92,25.68053015311981,LightGBM
2016-07-18,14,26.4,26.31210169107732,LightGBM
2016-07-18,15,26.51,27.726877899310608,LightGBM
2016-07-18,16,26.76,26.246829955524362,LightGBM
2016-07-18,17,29.95,30.11403661725978,LightGBM
2016-07-18,18,33.0,33.721824206792526,LightGBM
2016-07-18,19,39.39,35.46909391898813,LightGBM
2016-07-18,20,40.0,37.38351162413117,LightGBM
2016-07-18,21,38.61,35.160525307974844,LightGBM
2016-07-18,22,35.9,35.24980446077303,LightGBM
2016-07-18,23,30.45,29.87382388778535,LightGBM
2016-07-19,0,27.59,28.628930859355993,LightGBM
2016-07-19,1,27.09,26.562934295001046,LightGBM
2016-07-19,2,26.41,26.590804882358185,LightGBM
2016-07-19,3,25.89,25.786431068886106,LightGBM
2016-07-19,4,25.61,26.494284255042995,LightGBM
2016-07-19,5,26.14,28.09446554849801,LightGBM
2016-07-19,6,31.0,32.353544809388445,LightGBM
2016-07-19,7,36.99,38.60152514682592,LightGBM
2016-07-19,8,40.01,39.76149511948984,LightGBM
2016-07-19,9,35.7,36.17307862254934,LightGBM
2016-07-19,10,32.99,34.27442698434906,LightGBM
2016-07-19,11,32.91,34.77458583732272,LightGBM
2016-07-19,12,31.38,31.067046256914036,LightGBM
2016-07-19,13,30.91,31.317014009037237,LightGBM
2016-07-19,14,30.08,29.80874288139486,LightGBM
2016-07-19,15,31.28,28.94757282994826,LightGBM
2016-07-19,16,32.4,30.154424317615,LightGBM
2016-07-19,17,35.25,32.73496942549265,LightGBM
2016-07-19,18,39.91,35.788957710538675,LightGBM
2016-07-19,19,44.0,39.18560226914489,LightGBM
2016-07-19,20,37.03,38.37837830324089,LightGBM
2016-07-19,21,37.0,35.09930104038449,LightGBM
2016-07-19,22,32.92,36.694563304288216,LightGBM
2016-07-19,23,27.91,31.616276036822832,LightGBM
2016-07-20,0,28.01,26.426509070971438,LightGBM
2016-07-20,1,26.32,25.416191983000356,LightGBM
2016-07-20,2,25.1,24.0869284718221,LightGBM
2016-07-20,3,24.79,23.207048635301984,LightGBM
2016-07-20,4,24.83,24.14150688595667,LightGBM
2016-07-20,5,25.85,25.16598878700606,LightGBM
2016-07-20,6,29.35,28.85012631448612,LightGBM
2016-07-20,7,33.52,38.18488882404786,LightGBM
2016-07-20,8,36.79,37.59017017821642,LightGBM
2016-07-20,9,34.1,33.21432334462622,LightGBM
2016-07-20,10,32.39,30.341847461771522,LightGBM
2016-07-20,11,31.43,29.12505752991174,LightGBM
2016-07-20,12,28.02,26.621012879106683,LightGBM
2016-07-20,13,26.63,25.11714852576085,LightGBM
2016-07-20,14,25.93,24.976342282534507,LightGBM
2016-07-20,15,26.43,25.176953514004342,LightGBM
2016-07-20,16,28.08,24.296016057523545,LightGBM
2016-07-20,17,31.66,28.064470453489303,LightGBM
2016-07-20,18,33.3,32.185045755083,LightGBM
2016-07-20,19,34.48,34.992263958150595,LightGBM
2016-07-20,20,33.41,32.99757311168501,LightGBM
2016-07-20,21,31.96,30.02023154545875,LightGBM
2016-07-20,22,28.94,28.674503327195225,LightGBM
2016-07-20,23,25.35,24.118080716012745,LightGBM
2016-07-21,0,26.43,23.39944539952259,LightGBM
2016-07-21,1,26.46,23.31343298331219,LightGBM
2016-07-21,2,25.9,23.035647857586643,LightGBM
2016-07-21,3,25.52,23.104342729131492,LightGBM
2016-07-21,4,25.55,24.51791748115269,LightGBM
2016-07-21,5,27.49,24.819551784148633,LightGBM
2016-07-21,6,32.84,30.623458581342195,LightGBM
2016-07-21,7,36.61,37.38598101331752,LightGBM
2016-07-21,8,39.16,40.830596260935565,LightGBM
2016-07-21,9,36.04,41.16757583520151,LightGBM
2016-07-21,10,37.02,38.30861706675511,LightGBM
2016-07-21,11,36.01,37.722951441590006,LightGBM
2016-07-21,12,35.04,33.98318007772095,LightGBM
2016-07-21,13,34.24,31.223589188612472,LightGBM
2016-07-21,14,32.94,30.277600096342937,LightGBM
2016-07-21,15,33.0,29.45022657114633,LightGBM
2016-07-21,16,33.31,30.90948354047318,LightGBM
2016-07-21,17,34.37,32.190228872512506,LightGBM
2016-07-21,18,34.76,35.82950059165106,LightGBM
2016-07-21,19,38.38,38.25326845037969,LightGBM
2016-07-21,20,35.95,36.97419899102053,LightGBM
2016-07-21,21,35.7,34.78744770419401,LightGBM
2016-07-21,22,32.92,33.567697885175726,LightGBM
2016-07-21,23,31.01,30.48101787509776,LightGBM
2016-07-22,0,29.26,29.53281912400488,LightGBM
2016-07-22,1,27.24,27.559187419240246,LightGBM
2016-07-22,2,27.1,26.85204874043276,LightGBM
2016-07-22,3,26.56,26.66441732600872,LightGBM
2016-07-22,4,26.5,26.150864921739693,LightGBM
2016-07-22,5,28.06,27.038971831128094,LightGBM
2016-07-22,6,32.36,32.68611387380889,LightGBM
2016-07-22,7,35.99,38.62063007852396,LightGBM
2016-07-22,8,36.81,40.24899482944931,LightGBM
2016-07-22,9,36.0,37.13621493975824,LightGBM
2016-07-22,10,35.16,33.74309958429627,LightGBM
2016-07-22,11,34.41,33.38350535998885,LightGBM
2016-07-22,12,32.15,29.902130358320683,LightGBM
2016-07-22,13,30.78,28.131112490570374,LightGBM
2016-07-22,14,30.68,28.148415027006124,LightGBM
2016-07-22,15,31.19,27.20543343657775,LightGBM
2016-07-22,16,31.62,29.71286350238168,LightGBM
2016-07-22,17,32.93,30.682180681309678,LightGBM
2016-07-22,18,34.91,35.02795154802116,LightGBM
2016-07-22,19,35.96,36.05630980218366,LightGBM
2016-07-22,20,33.26,35.80281484583122,LightGBM
2016-07-22,21,31.97,33.412230215895725,LightGBM
2016-07-22,22,31.96,33.18678462130227,LightGBM
2016-07-22,23,29.0,29.35382929272864,LightGBM
2016-07-23,0,31.8,27.544916896909054,LightGBM
2016-07-23,1,30.83,25.08160619196497,LightGBM
2016-07-23,2,29.1,24.095407552592285,LightGBM
2016-07-23,3,27.02,22.68143168332669,LightGBM
2016-07-23,4,25.77,23.581467073815244,LightGBM
2016-07-23,5,25.65,22.74622810777504,LightGBM
2016-07-23,6,26.22,23.191436677064978,LightGBM
2016-07-23,7,30.32,25.16308779345912,LightGBM
2016-07-23,8,31.96,28.212888490129828,LightGBM
2016-07-23,9,32.53,28.369970358112052,LightGBM
2016-07-23,10,32.26,27.87554596892206,LightGBM
2016-07-23,11,31.97,26.143016538738664,LightGBM
2016-07-23,12,29.02,24.90384636730057,LightGBM
2016-07-23,13,25.25,23.307423119147913,LightGBM
2016-07-23,14,24.52,21.661776263549605,LightGBM
2016-07-23,15,24.97,22.594325887026773,LightGBM
2016-07-23,16,27.72,23.207254755484456,LightGBM
2016-07-23,17,30.57,26.888644022802037,LightGBM
2016-07-23,18,31.86,29.849125299722623,LightGBM
2016-07-23,19,33.62,31.854659464074082,LightGBM
2016-07-23,20,32.9,33.755623767074596,LightGBM
2016-07-23,21,32.38,31.882009305370467,LightGBM
2016-07-23,22,32.14,31.323520783361165,LightGBM
2016-07-23,23,29.07,28.34035588391018,LightGBM
2016-07-24,0,30.11,27.242793672655957,LightGBM
2016-07-24,1,28.11,23.073734601535634,LightGBM
2016-07-24,2,25.99,21.695531961811998,LightGBM
2016-07-24,3,24.93,20.854724496904375,LightGBM
2016-07-24,4,24.25,20.18561487408481,LightGBM
2016-07-24,5,23.98,19.244673011491194,LightGBM
2016-07-24,6,23.92,18.829059130726332,LightGBM
2016-07-24,7,24.79,21.16938587234222,LightGBM
2016-07-24,8,25.67,22.47378036214014,LightGBM
2016-07-24,9,25.95,22.05437234473064,LightGBM
2016-07-24,10,24.87,20.995953931119143,LightGBM
2016-07-24,11,25.13,21.562944911363903,LightGBM
2016-07-24,12,23.47,19.812133518168437,LightGBM
2016-07-24,13,23.82,17.89332568246807,LightGBM
2016-07-24,14,23.3,15.239757968197505,LightGBM
2016-07-24,15,23.48,17.42673561579554,LightGBM
2016-07-24,16,24.76,18.633822200734148,LightGBM
2016-07-24,17,26.42,24.333317062039193,LightGBM
2016-07-24,18,29.91,28.841959655740364,LightGBM
2016-07-24,19,31.94,31.983656755791547,LightGBM
2016-07-24,20,32.95,33.751799045594005,LightGBM
2016-07-24,21,33.22,32.50685399718431,LightGBM
2016-07-24,22,35.93,33.14506879775578,LightGBM
2016-07-24,23,33.3,30.87363445094434,LightGBM
2016-07-25,0,29.8,29.21331723820032,LightGBM
2016-07-25,1,27.32,27.10459066442821,LightGBM
2016-07-25,2,26.32,26.485402012111496,LightGBM
2016-07-25,3,25.93,26.350685489595886,LightGBM
2016-07-25,4,25.92,25.47227173185051,LightGBM
2016-07-25,5,27.8,27.191921838564262,LightGBM
2016-07-25,6,35.0,35.32259729029306,LightGBM
2016-07-25,7,38.08,39.07548491026779,LightGBM
2016-07-25,8,39.52,42.47944133867516,LightGBM
2016-07-25,9,37.94,40.281264140099246,LightGBM
2016-07-25,10,36.47,39.950444607566276,LightGBM
2016-07-25,11,36.05,38.98127081728583,LightGBM
2016-07-25,12,33.64,35.511843418837316,LightGBM
2016-07-25,13,32.95,33.80580969007946,LightGBM
2016-07-25,14,32.35,32.862684156464674,LightGBM
2016-07-25,15,32.6,32.88475915402724,LightGBM
2016-07-25,16,33.32,32.474612767206615,LightGBM
2016-07-25,17,35.18,34.89317709842066,LightGBM
2016-07-25,18,35.99,36.36935838716449,LightGBM
2016-07-25,19,36.59,39.83541021289169,LightGBM
2016-07-25,20,36.47,38.9347274553186,LightGBM
2016-07-25,21,36.08,37.710473929553224,LightGBM
2016-07-25,22,35.47,37.22080664499111,LightGBM
2016-07-25,23,30.4,32.544165926043775,LightGBM
2016-07-26,0,27.98,29.475492606820083,LightGBM
2016-07-26,1,27.5,28.08157276885661,LightGBM
2016-07-26,2,26.38,27.631884098286235,LightGBM
2016-07-26,3,25.88,26.926358430296403,LightGBM
2016-07-26,4,25.91,27.37548339250286,LightGBM
2016-07-26,5,26.53,28.244080736625044,LightGBM
2016-07-26,6,30.97,32.754050448444325,LightGBM
2016-07-26,7,35.9,38.79992567615307,LightGBM
2016-07-26,8,39.16,42.192345624028334,LightGBM
2016-07-26,9,37.45,39.67936725020332,LightGBM
2016-07-26,10,36.46,40.8721715335646,LightGBM
2016-07-26,11,37.01,41.07622712609167,LightGBM
2016-07-26,12,33.13,37.73996375329482,LightGBM
2016-07-26,13,32.91,37.30632381874245,LightGBM
2016-07-26,14,31.8,36.74841379450107,LightGBM
2016-07-26,15,32.92,35.1768101860536,LightGBM
2016-07-26,16,32.26,33.82273336685666,LightGBM
2016-07-26,17,34.07,35.187872871826805,LightGBM
2016-07-26,18,37.13,37.09397692185559,LightGBM
2016-07-26,19,39.3,39.37396255354953,LightGBM
2016-07-26,20,37.28,38.42283801048108,LightGBM
2016-07-26,21,36.54,37.69720365776026,LightGBM
2016-07-26,22,35.81,37.0426594052124,LightGBM
2016-07-26,23,30.2,32.787721677588586,LightGBM
2016-07-27,0,28.12,28.899827883959837,LightGBM
2016-07-27,1,27.61,27.98232488273315,LightGBM
2016-07-27,2,26.53,26.805451755551125,LightGBM
2016-07-27,3,25.87,26.023696326401925,LightGBM
2016-07-27,4,26.0,26.399372601252168,LightGBM
2016-07-27,5,26.63,27.4927062945801,LightGBM
2016-07-27,6,31.53,33.27263527099816,LightGBM
2016-07-27,7,36.43,38.40660037338688,LightGBM
2016-07-27,8,39.11,40.271186121918056,LightGBM
2016-07-27,9,40.67,38.67966313057509,LightGBM
2016-07-27,10,40.92,38.67549961853712,LightGBM
2016-07-27,11,41.25,36.25554681961604,LightGBM
2016-07-27,12,37.09,34.57482534880361,LightGBM
2016-07-27,13,36.53,35.40337369706758,LightGBM
2016-07-27,14,33.19,32.56392708031082,LightGBM
2016-07-27,15,32.6,29.551686141335296,LightGBM
2016-07-27,16,32.7,31.131151541982007,LightGBM
2016-07-27,17,33.15,33.17944562699899,LightGBM
2016-07-27,18,35.97,35.093779169945805,LightGBM
2016-07-27,19,36.61,37.682814851903814,LightGBM
2016-07-27,20,36.37,36.51493934716401,LightGBM
2016-07-27,21,35.56,35.605411474109665,LightGBM
2016-07-27,22,34.04,35.7454548097002,LightGBM
2016-07-27,23,29.94,31.3945911432641,LightGBM
2016-07-28,0,26.9,28.599040984545905,LightGBM
2016-07-28,1,26.39,26.555397381432403,LightGBM
2016-07-28,2,25.8,25.57938422089686,LightGBM
2016-07-28,3,25.29,25.445901176265444,LightGBM
2016-07-28,4,25.26,25.741275488855816,LightGBM
2016-07-28,5,26.39,27.206576322958856,LightGBM
2016-07-28,6,29.92,32.991110797577576,LightGBM
2016-07-28,7,34.91,38.95125355214732,LightGBM
2016-07-28,8,36.94,41.20067621903485,LightGBM
2016-07-28,9,35.79,38.94002584971361,LightGBM
2016-07-28,10,33.93,37.30632478926419,LightGBM
2016-07-28,11,33.75,37.54475452808768,LightGBM
2016-07-28,12,33.81,35.17723642841532,LightGBM
2016-07-28,13,31.79,33.71677309232953,LightGBM
2016-07-28,14,30.97,32.945349315906476,LightGBM
2016-07-28,15,31.43,31.879675911657696,LightGBM
2016-07-28,16,31.43,32.60008325638395,LightGBM
2016-07-28,17,32.98,34.92655139244508,LightGBM
2016-07-28,18,34.97,36.91859752602965,LightGBM
2016-07-28,19,36.72,38.262375023257206,LightGBM
2016-07-28,20,35.5,39.074543004257755,LightGBM
2016-07-28,21,34.04,38.10586691971979,LightGBM
2016-07-28,22,33.93,35.62711877866624,LightGBM
2016-07-28,23,29.92,30.39270067032606,LightGBM
2016-07-29,0,28.21,27.87813048843761,LightGBM
2016-07-29,1,27.04,25.38896577056207,LightGBM
2016-07-29,2,26.03,24.074337558285528,LightGBM
2016-07-29,3,24.58,22.417128013994578,LightGBM
2016-07-29,4,24.84,23.427330520134166,LightGBM
2016-07-29,5,25.95,24.47070179646504,LightGBM
2016-07-29,6,29.68,29.274827351420605,LightGBM
2016-07-29,7,33.99,34.57991826059474,LightGBM
2016-07-29,8,36.13,37.20707536450512,LightGBM
2016-07-29,9,36.09,36.45630858466897,LightGBM
2016-07-29,10,33.75,31.50670452210294,LightGBM
2016-07-29,11,33.21,32.06447510595546,LightGBM
2016-07-29,12,31.67,29.325526842123296,LightGBM
2016-07-29,13,29.5,26.570056211739665,LightGBM
2016-07-29,14,27.94,26.271534244269635,LightGBM
2016-07-29,15,27.37,25.885865329347272,LightGBM
2016-07-29,16,28.09,27.11910400583663,LightGBM
2016-07-29,17,29.11,30.868815420920225,LightGBM
2016-07-29,18,31.5,33.62106277559588,LightGBM
2016-07-29,19,34.13,35.370093045657136,LightGBM
2016-07-29,20,32.98,32.79888460551449,LightGBM
2016-07-29,21,30.86,33.12167348156446,LightGBM
2016-07-29,22,29.81,31.380208098609806,LightGBM
2016-07-29,23,28.87,27.187848356333287,LightGBM
2016-07-30,0,31.07,25.710761309354375,LightGBM
2016-07-30,1,26.51,22.741340495681875,LightGBM
2016-07-30,2,25.59,21.043166961237265,LightGBM
2016-07-30,3,24.56,21.691066540233813,LightGBM
2016-07-30,4,24.17,21.578774995186855,LightGBM
2016-07-30,5,24.39,20.660215021137365,LightGBM
2016-07-30,6,24.72,18.34258451994676,LightGBM
2016-07-30,7,25.46,21.40183575453769,LightGBM
2016-07-30,8,26.74,23.281646435025515,LightGBM
2016-07-30,9,28.97,25.559378140375337,LightGBM
2016-07-30,10,28.38,23.20772097883831,LightGBM
2016-07-30,11,27.93,22.22993174250985,LightGBM
2016-07-30,12,26.33,21.112724560105775,LightGBM
2016-07-30,13,24.79,18.68976280156884,LightGBM
2016-07-30,14,23.99,19.228324621980814,LightGBM
2016-07-30,15,24.04,19.534192430462486,LightGBM
2016-07-30,16,25.04,19.25021023026644,LightGBM
2016-07-30,17,26.1,25.45175143326571,LightGBM
2016-07-30,18,30.51,31.114928722783112,LightGBM
2016-07-30,19,31.92,33.388938620988256,LightGBM
2016-07-30,20,32.55,33.54993970854107,LightGBM
2016-07-30,21,32.09,34.05655404001789,LightGBM
2016-07-30,22,36.02,35.16651662204824,LightGBM
2016-07-30,23,32.96,30.53349728510394,LightGBM
2016-07-31,0,28.08,28.24281218905305,LightGBM
2016-07-31,1,25.36,23.929144760996905,LightGBM
2016-07-31,2,23.8,23.225369487929274,LightGBM
2016-07-31,3,22.56,22.578081555229694,LightGBM
2016-07-31,4,22.14,21.695290140425186,LightGBM
2016-07-31,5,21.65,20.743066046181557,LightGBM
2016-07-31,6,20.98,20.110743712888862,LightGBM
2016-07-31,7,21.99,19.836920977184004,LightGBM
2016-07-31,8,23.8,21.838555047445926,LightGBM
2016-07-31,9,25.12,24.485778443571355,LightGBM
2016-07-31,10,25.28,24.07439122901961,LightGBM
2016-07-31,11,26.77,26.10384353290513,LightGBM
2016-07-31,12,26.34,25.050642032851858,LightGBM
2016-07-31,13,25.56,20.51114058879784,LightGBM
2016-07-31,14,24.35,20.184044310644396,LightGBM
2016-07-31,15,23.32,17.408935867601823,LightGBM
2016-07-31,16,22.78,20.442415623968134,LightGBM
2016-07-31,17,25.25,23.306904162932867,LightGBM
2016-07-31,18,25.09,27.504085010031126,LightGBM
2016-07-31,19,28.23,30.953468706927318,LightGBM
2016-07-31,20,28.92,31.631411568926787,LightGBM
2016-07-31,21,30.19,31.597535388532435,LightGBM
2016-07-31,22,31.39,32.988135457468694,LightGBM
2016-07-31,23,27.78,28.829801944261327,LightGBM
2016-08-01,0,24.91,24.517767831090985,LightGBM
2016-08-01,1,23.79,21.088132129395717,LightGBM
2016-08-01,2,22.55,19.99933478215524,LightGBM
2016-08-01,3,22.14,19.224585495553548,LightGBM
2016-08-01,4,22.42,18.44984726787106,LightGBM
2016-08-01,5,23.93,21.74003425764192,LightGBM
2016-08-01,6,29.06,30.72229512180469,LightGBM
2016-08-01,7,32.17,35.09025113643504,LightGBM
2016-08-01,8,35.0,37.56123298335218,LightGBM
2016-08-01,9,33.21,33.40150159546806,LightGBM
2016-08-01,10,30.13,29.982396195120963,LightGBM
2016-08-01,11,29.8,30.355830006500117,LightGBM
2016-08-01,12,27.92,26.878954876972134,LightGBM
2016-08-01,13,25.93,26.172496164680222,LightGBM
2016-08-01,14,27.03,26.327003521967455,LightGBM
2016-08-01,15,27.01,26.475872420813882,LightGBM
2016-08-01,16,28.48,28.19135417664773,LightGBM
2016-08-01,17,32.05,33.57956459910158,LightGBM
2016-08-01,18,35.97,36.34630042358279,LightGBM
2016-08-01,19,37.15,39.64115367254823,LightGBM
2016-08-01,20,38.33,36.8524609363797,LightGBM
2016-08-01,21,36.95,37.3405257512421,LightGBM
2016-08-01,22,35.99,35.70251156316664,LightGBM
2016-08-01,23,31.63,30.3732641396745,LightGBM
2016-08-02,0,27.56,28.057324252387684,LightGBM
2016-08-02,1,25.79,27.389294585470243,LightGBM
2016-08-02,2,25.35,25.929090932409533,LightGBM
2016-08-02,3,24.7,24.768057552929484,LightGBM
2016-08-02,4,24.27,25.454878579133336,LightGBM
2016-08-02,5,25.9,26.676181352848907,LightGBM
2016-08-02,6,30.43,31.793680852719607,LightGBM
2016-08-02,7,34.87,37.6790656255796,LightGBM
2016-08-02,8,36.87,41.52095488919474,LightGBM
2016-08-02,9,36.92,41.55763166069502,LightGBM
2016-08-02,10,36.97,41.99554034927724,LightGBM
2016-08-02,11,38.09,45.11380430260635,LightGBM
2016-08-02,12,37.83,40.520593735451115,LightGBM
2016-08-02,13,36.85,39.8457470471132,LightGBM
2016-08-02,14,35.98,36.42864692618818,LightGBM
2016-08-02,15,35.73,36.12323922078997,LightGBM
2016-08-02,16,34.92,34.35187822678033,LightGBM
2016-08-02,17,35.94,37.981556844965354,LightGBM
2016-08-02,18,35.92,37.67254819051866,LightGBM
2016-08-02,19,34.95,37.64772569273169,LightGBM
2016-08-02,20,32.83,35.979649960278444,LightGBM
2016-08-02,21,32.4,34.493929868884415,LightGBM
2016-08-02,22,31.19,33.42781605515833,LightGBM
2016-08-02,23,28.98,28.575807409977674,LightGBM
2016-08-03,0,26.03,25.346554684569956,LightGBM
2016-08-03,1,24.53,23.425117326284152,LightGBM
2016-08-03,2,23.74,22.99409135107584,LightGBM
2016-08-03,3,22.69,21.170470184691307,LightGBM
2016-08-03,4,22.48,22.326948576092427,LightGBM
2016-08-03,5,23.66,23.858550005818252,LightGBM
2016-08-03,6,27.06,28.252915487775805,LightGBM
2016-08-03,7,31.82,34.733020734855586,LightGBM
2016-08-03,8,33.95,38.638117616988445,LightGBM
2016-08-03,9,34.97,36.297423796076416,LightGBM
2016-08-03,10,35.02,33.46521245715974,LightGBM
2016-08-03,11,34.95,34.13302067433673,LightGBM
2016-08-03,12,33.57,31.232777559779635,LightGBM
2016-08-03,13,30.04,30.09283349695142,LightGBM
2016-08-03,14,28.13,29.04040115015737,LightGBM
2016-08-03,15,28.38,27.662530671739493,LightGBM
2016-08-03,16,28.45,27.582476232538212,LightGBM
2016-08-03,17,29.95,30.25844185136138,LightGBM
2016-08-03,18,32.52,31.508159055989665,LightGBM
2016-08-03,19,33.0,32.09072701604198,LightGBM
2016-08-03,20,31.25,29.725889015011713,LightGBM
2016-08-03,21,30.33,28.446921004249173,LightGBM
2016-08-03,22,28.99,28.275713858538136,LightGBM
2016-08-03,23,26.91,23.220991422051068,LightGBM
2016-08-04,0,23.55,22.254323641081694,LightGBM
2016-08-04,1,22.43,20.315699734006287,LightGBM
2016-08-04,2,20.05,19.181961383326385,LightGBM
2016-08-04,3,19.42,16.89130383371458,LightGBM
2016-08-04,4,19.83,18.57677511054276,LightGBM
2016-08-04,5,22.42,22.503693463479554,LightGBM
2016-08-04,6,25.49,26.210363479938152,LightGBM
2016-08-04,7,30.01,33.21901070270081,LightGBM
2016-08-04,8,33.05,34.54831875049435,LightGBM
2016-08-04,9,32.03,31.51701454169818,LightGBM
2016-08-04,10,29.01,28.174740820064077,LightGBM
2016-08-04,11,27.98,27.023036965654544,LightGBM
2016-08-04,12,25.45,25.074516236895377,LightGBM
2016-08-04,13,23.58,23.48928994535154,LightGBM
2016-08-04,14,23.97,23.513023605908216,LightGBM
2016-08-04,15,27.02,24.76698858030325,LightGBM
2016-08-04,16,29.29,27.88797348560201,LightGBM
2016-08-04,17,32.98,31.232659169046965,LightGBM
2016-08-04,18,34.58,34.68383967157584,LightGBM
2016-08-04,19,34.9,36.79439844365327,LightGBM
2016-08-04,20,34.58,34.90537673434537,LightGBM
2016-08-04,21,34.46,33.57910859998386,LightGBM
2016-08-04,22,33.91,34.12952314541968,LightGBM
2016-08-04,23,29.37,29.366382307915845,LightGBM
2016-08-05,0,28.13,27.66853549828114,LightGBM
2016-08-05,1,26.83,26.093562724895225,LightGBM
2016-08-05,2,25.12,24.550189807918862,LightGBM
2016-08-05,3,23.95,24.469786392649638,LightGBM
2016-08-05,4,24.07,23.433845799457433,LightGBM
2016-08-05,5,26.24,25.427166943520156,LightGBM
2016-08-05,6,30.45,31.510493651568286,LightGBM
2016-08-05,7,34.01,38.00590932864075,LightGBM
2016-08-05,8,37.19,40.2915886362483,LightGBM
2016-08-05,9,38.69,40.275428101296434,LightGBM
2016-08-05,10,38.54,40.16351357775894,LightGBM
2016-08-05,11,38.0,38.122340062986744,LightGBM
2016-08-05,12,36.0,35.33536469146859,LightGBM
2016-08-05,13,33.96,32.9596126804981,LightGBM
2016-08-05,14,31.39,30.530368144402523,LightGBM
2016-08-05,15,28.23,30.501368681897556,LightGBM
2016-08-05,16,28.46,30.12816648463023,LightGBM
2016-08-05,17,31.29,33.644580482344885,LightGBM
2016-08-05,18,33.89,35.32466613725801,LightGBM
2016-08-05,19,34.4,35.757638896398944,LightGBM
2016-08-05,20,34.15,33.732983187158595,LightGBM
2016-08-05,21,33.02,32.71168007602225,LightGBM
2016-08-05,22,32.3,32.23324830952898,LightGBM
2016-08-05,23,28.84,27.892164911038282,LightGBM
2016-08-06,0,29.58,26.322861725477033,LightGBM
2016-08-06,1,26.68,23.39315044746879,LightGBM
2016-08-06,2,25.34,22.082685985483124,LightGBM
2016-08-06,3,23.77,21.5385215471102,LightGBM
2016-08-06,4,22.4,20.242798390554906,LightGBM
2016-08-06,5,22.01,19.81943515557304,LightGBM
2016-08-06,6,22.97,17.220203311836563,LightGBM
2016-08-06,7,25.02,20.110371540156205,LightGBM
2016-08-06,8,26.36,23.090154960486696,LightGBM
2016-08-06,9,26.47,22.94411529033609,LightGBM
2016-08-06,10,24.94,21.242394196301056,LightGBM
2016-08-06,11,23.71,20.749220274394126,LightGBM
2016-08-06,12,22.07,18.77149063081652,LightGBM
2016-08-06,13,19.81,15.765561054337585,LightGBM
2016-08-06,14,18.38,13.904976260316225,LightGBM
2016-08-06,15,17.83,14.933152645791806,LightGBM
2016-08-06,16,17.18,15.829894325474777,LightGBM
2016-08-06,17,22.03,19.842016454518735,LightGBM
2016-08-06,18,26.32,25.394422539743633,LightGBM
2016-08-06,19,28.96,27.5991198041976,LightGBM
2016-08-06,20,28.92,27.569861463170806,LightGBM
2016-08-06,21,30.32,28.69203451783567,LightGBM
2016-08-06,22,30.44,29.501603591985038,LightGBM
2016-08-06,23,28.12,26.30654882082893,LightGBM
2016-08-07,0,24.6,22.21301355576562,LightGBM
2016-08-07,1,20.05,18.62492026683271,LightGBM
2016-08-07,2,17.99,17.122213726706057,LightGBM
2016-08-07,3,12.86,16.405476613187552,LightGBM
2016-08-07,4,12.38,15.642041328365076,LightGBM
2016-08-07,5,12.35,14.66107583836693,LightGBM
2016-08-07,6,12.51,14.61120977177766,LightGBM
2016-08-07,7,11.93,12.809461604528352,LightGBM
2016-08-07,8,12.25,14.127372386529766,LightGBM
2016-08-07,9,12.79,13.797973900639443,LightGBM
2016-08-07,10,9.95,11.332086245936381,LightGBM
2016-08-07,11,8.83,13.606132761989038,LightGBM
2016-08-07,12,5.93,12.383403429755834,LightGBM
2016-08-07,13,0.02,9.096759525336038,LightGBM
2016-08-07,14,0.04,8.365105593018624,LightGBM
2016-08-07,15,2.35,8.450079860394125,LightGBM
2016-08-07,16,5.67,10.753128089709826,LightGBM
2016-08-07,17,12.84,15.81481039745761,LightGBM
2016-08-07,18,24.7,22.444286837418844,LightGBM
2016-08-07,19,27.77,25.79056594689078,LightGBM
2016-08-07,20,30.48,27.136639371069386,LightGBM
2016-08-07,21,32.37,27.7391925082221,LightGBM
2016-08-07,22,32.65,26.873215243573696,LightGBM
2016-08-07,23,26.33,23.530588713028603,LightGBM
2016-08-08,0,20.62,21.588199401668806,LightGBM
2016-08-08,1,16.44,18.97059934647173,LightGBM
2016-08-08,2,12.91,16.197083037030232,LightGBM
2016-08-08,3,8.16,11.967758581920975,LightGBM
2016-08-08,4,8.12,12.231279279681468,LightGBM
2016-08-08,5,8.94,15.926540408085659,LightGBM
2016-08-08,6,17.85,23.745448537647306,LightGBM
2016-08-08,7,23.71,30.40824578078233,LightGBM
2016-08-08,8,26.29,31.912866476290358,LightGBM
2016-08-08,9,24.02,25.154270639656602,LightGBM
2016-08-08,10,20.26,21.570404797090035,LightGBM
2016-08-08,11,18.73,21.07110698498816,LightGBM
2016-08-08,12,14.28,17.142109402322053,LightGBM
2016-08-08,13,13.41,16.708018296126316,LightGBM
2016-08-08,14,12.89,13.45464663624095,LightGBM
2016-08-08,15,17.92,16.790604439951014,LightGBM
2016-08-08,16,20.82,17.713517759248237,LightGBM
2016-08-08,17,26.52,21.24631153411411,LightGBM
2016-08-08,18,31.29,27.625828685627752,LightGBM
2016-08-08,19,34.39,31.193197400849705,LightGBM
2016-08-08,20,33.23,33.441875294064566,LightGBM
2016-08-08,21,34.0,33.260332997331,LightGBM
2016-08-08,22,33.93,32.67567698111708,LightGBM
2016-08-08,23,31.75,27.81236402431651,LightGBM
2016-08-09,0,23.88,26.680557838406983,LightGBM
2016-08-09,1,23.06,23.78085025630491,LightGBM
2016-08-09,2,22.6,22.039417741565458,LightGBM
2016-08-09,3,20.32,20.425619887751008,LightGBM
2016-08-09,4,19.94,20.511668134605618,LightGBM
2016-08-09,5,22.97,24.1452517124764,LightGBM
2016-08-09,6,28.33,29.863108433011266,LightGBM
2016-08-09,7,32.86,35.08201319037665,LightGBM
2016-08-09,8,34.83,37.68488895435029,LightGBM
2016-08-09,9,35.03,38.73766938256664,LightGBM
2016-08-09,10,34.6,36.1324112382193,LightGBM
2016-08-09,11,34.26,34.685123717669406,LightGBM
2016-08-09,12,33.6,32.906507881894136,LightGBM
2016-08-09,13,32.78,30.621142771196887,LightGBM
2016-08-09,14,30.22,28.834408814809777,LightGBM
2016-08-09,15,27.84,29.019261992036977,LightGBM
2016-08-09,16,25.97,27.39494087837956,LightGBM
2016-08-09,17,28.12,29.60118101760638,LightGBM
2016-08-09,18,30.35,32.59212653760402,LightGBM
2016-08-09,19,32.02,34.60223062290593,LightGBM
2016-08-09,20,30.91,31.785647140706097,LightGBM
2016-08-09,21,30.47,32.575803215025736,LightGBM
2016-08-09,22,29.1,30.59160504620659,LightGBM
2016-08-09,23,26.45,26.221826610613682,LightGBM
2016-08-10,0,23.35,23.25195215214938,LightGBM
2016-08-10,1,23.11,21.835872388822327,LightGBM
2016-08-10,2,22.0,20.192666945778285,LightGBM
2016-08-10,3,19.99,19.038840127331177,LightGBM
2016-08-10,4,20.19,19.351225060648126,LightGBM
2016-08-10,5,23.18,21.865494644109244,LightGBM
2016-08-10,6,27.59,27.01335425189625,LightGBM
2016-08-10,7,32.21,32.93599745944293,LightGBM
2016-08-10,8,33.95,35.80356437051693,LightGBM
2016-08-10,9,33.5,34.71077173978635,LightGBM
2016-08-10,10,32.01,29.61403609979772,LightGBM
2016-08-10,11,31.87,29.455132176804565,LightGBM
2016-08-10,12,29.66,27.692400588258305,LightGBM
2016-08-10,13,26.91,26.88580125322168,LightGBM
2016-08-10,14,25.43,26.160406715532623,LightGBM
2016-08-10,15,24.51,26.004518868725253,LightGBM
2016-08-10,16,24.31,26.59549403434827,LightGBM
2016-08-10,17,27.33,30.021234098944447,LightGBM
2016-08-10,18,31.48,33.13048875601953,LightGBM
2016-08-10,19,33.68,33.95712988940339,LightGBM
2016-08-10,20,33.72,32.87385830125363,LightGBM
2016-08-10,21,33.93,33.691774746684246,LightGBM
2016-08-10,22,32.93,33.23454204024841,LightGBM
2016-08-10,23,28.65,28.656440259312635,LightGBM
2016-08-11,0,24.23,26.583179048792214,LightGBM
2016-08-11,1,23.01,24.122962200205443,LightGBM
2016-08-11,2,22.72,22.336612044499613,LightGBM
2016-08-11,3,20.49,20.80037830010405,LightGBM
2016-08-11,4,21.48,21.12020685732272,LightGBM
2016-08-11,5,22.77,23.17053324963601,LightGBM
2016-08-11,6,27.97,29.218785306873247,LightGBM
2016-08-11,7,34.09,34.9643362925259,LightGBM
2016-08-11,8,35.67,37.161908686093646,LightGBM
2016-08-11,9,33.07,31.963615369808107,LightGBM
2016-08-11,10,30.86,28.922249499965893,LightGBM
2016-08-11,11,30.48,27.54201437427825,LightGBM
2016-08-11,12,28.57,24.65780495753188,LightGBM
2016-08-11,13,27.17,23.1902212315401,LightGBM
2016-08-11,14,24.99,21.775221354838806,LightGBM
2016-08-11,15,25.62,23.600003386738464,LightGBM
2016-08-11,16,25.69,23.60804709948618,LightGBM
2016-08-11,17,31.4,26.467498119372706,LightGBM
2016-08-11,18,34.37,29.53122821356217,LightGBM
2016-08-11,19,34.95,31.80600172506973,LightGBM
2016-08-11,20,35.11,30.60126788553756,LightGBM
2016-08-11,21,34.82,30.68699310292239,LightGBM
2016-08-11,22,33.87,28.98883413038465,LightGBM
2016-08-11,23,28.82,23.508221041098267,LightGBM
2016-08-12,0,24.07,25.78307206144716,LightGBM
2016-08-12,1,22.97,24.50851163817471,LightGBM
2016-08-12,2,21.05,23.40710316590687,LightGBM
2016-08-12,3,19.9,20.97529083050387,LightGBM
2016-08-12,4,20.05,21.49010033965086,LightGBM
2016-08-12,5,22.98,25.039242421277308,LightGBM
2016-08-12,6,27.93,28.8787787866948,LightGBM
2016-08-12,7,32.55,35.13292003408431,LightGBM
2016-08-12,8,33.8,38.91411594436876,LightGBM
2016-08-12,9,34.04,40.313060742538205,LightGBM
2016-08-12,10,34.91,40.83146501367475,LightGBM
2016-08-12,11,35.25,42.09633618073844,LightGBM
2016-08-12,12,34.95,37.64608021255411,LightGBM
2016-08-12,13,32.1,37.16657736418079,LightGBM
2016-08-12,14,29.5,33.35394344667891,LightGBM
2016-08-12,15,27.12,30.087206478163836,LightGBM
2016-08-12,16,24.2,28.52440155554623,LightGBM
2016-08-12,17,26.9,30.623290012134827,LightGBM
2016-08-12,18,28.09,32.64104065003958,LightGBM
2016-08-12,19,29.06,33.30415004040911,LightGBM
2016-08-12,20,29.13,31.395720873521846,LightGBM
2016-08-12,21,28.99,29.768042948355887,LightGBM
2016-08-12,22,28.34,28.358152972778424,LightGBM
2016-08-12,23,24.7,24.714481752976607,LightGBM
2016-08-13,0,21.7,21.54796853246377,LightGBM
2016-08-13,1,19.97,17.888128703211283,LightGBM
2016-08-13,2,18.09,17.3686981608341,LightGBM
2016-08-13,3,16.89,15.883705032479835,LightGBM
2016-08-13,4,16.1,15.826932995970852,LightGBM
2016-08-13,5,14.46,15.164470334926826,LightGBM
2016-08-13,6,16.08,16.51892156164593,LightGBM
2016-08-13,7,18.05,16.66044162886412,LightGBM
2016-08-13,8,20.06,19.893174866657798,LightGBM
2016-08-13,9,20.06,19.089865833044176,LightGBM
2016-08-13,10,18.06,15.019872984682774,LightGBM
2016-08-13,11,15.85,14.722812089790642,LightGBM
2016-08-13,12,13.64,13.4560681660983,LightGBM
2016-08-13,13,9.07,9.749246234809544,LightGBM
2016-08-13,14,9.11,7.251908822968991,LightGBM
2016-08-13,15,10.54,9.326356405269173,LightGBM
2016-08-13,16,12.52,9.743335095013412,LightGBM
2016-08-13,17,18.77,14.613946043779762,LightGBM
2016-08-13,18,24.72,22.4118461880234,LightGBM
2016-08-13,19,26.88,25.159149980687236,LightGBM
2016-08-13,20,27.7,26.571972190056762,LightGBM
2016-08-13,21,29.08,25.689585516261868,LightGBM
2016-08-13,22,28.31,28.19817657829226,LightGBM
2016-08-13,23,25.73,26.109436335476392,LightGBM
2016-08-14,0,23.44,21.828463458594353,LightGBM
2016-08-14,1,21.18,16.744217670367597,LightGBM
2016-08-14,2,19.61,15.37150921527852,LightGBM
2016-08-14,3,19.03,13.982075820834236,LightGBM
2016-08-14,4,18.05,13.254344631243534,LightGBM
2016-08-14,5,18.08,13.116295852445202,LightGBM
2016-08-14,6,18.06,11.416408236700905,LightGBM
2016-08-14,7,19.14,11.18025345411098,LightGBM
2016-08-14,8,19.9,12.837452957510218,LightGBM
2016-08-14,9,18.99,14.598041157600704,LightGBM
2016-08-14,10,19.74,12.99218146364658,LightGBM
2016-08-14,11,20.46,13.76986042840677,LightGBM
2016-08-14,12,19.1,13.48384754596404,LightGBM
2016-08-14,13,17.41,8.185707470188163,LightGBM
2016-08-14,14,15.99,7.458149081743982,LightGBM
2016-08-14,15,16.57,8.665784318178263,LightGBM
2016-08-14,16,16.89,11.879004137531554,LightGBM
2016-08-14,17,20.13,16.344692218514613,LightGBM
2016-08-14,18,26.75,22.638626652153285,LightGBM
2016-08-14,19,29.57,27.07513762401132,LightGBM
2016-08-14,20,31.56,29.156546581081837,LightGBM
2016-08-14,21,32.3,31.41561037934113,LightGBM
2016-08-14,22,31.56,31.53314770387412,LightGBM
2016-08-14,23,28.5,29.010211434272385,LightGBM
2016-08-15,0,25.15,26.426343754827013,LightGBM
2016-08-15,1,22.94,24.569255399952876,LightGBM
2016-08-15,2,21.61,22.528095759828524,LightGBM
2016-08-15,3,21.01,21.43645953068443,LightGBM
2016-08-15,4,21.5,22.052424078174926,LightGBM
2016-08-15,5,23.29,23.150893779090733,LightGBM
2016-08-15,6,27.21,29.713472183552856,LightGBM
2016-08-15,7,30.82,34.44633300754376,LightGBM
2016-08-15,8,32.0,36.18811028829857,LightGBM
2016-08-15,9,30.59,34.79933086569719,LightGBM
2016-08-15,10,28.65,32.22916998448462,LightGBM
2016-08-15,11,28.32,33.00029808948102,LightGBM
2016-08-15,12,27.02,31.336475823495228,LightGBM
2016-08-15,13,25.0,28.80744363478712,LightGBM
2016-08-15,14,23.9,28.943490325232748,LightGBM
2016-08-15,15,24.1,28.27841699836707,LightGBM
2016-08-15,16,25.54,29.941948108099357,LightGBM
2016-08-15,17,30.62,32.681825424521726,LightGBM
2016-08-15,18,33.98,35.98011959331524,LightGBM
2016-08-15,19,35.88,36.64165024897269,LightGBM
2016-08-15,20,34.32,37.80435757434597,LightGBM
2016-08-15,21,34.47,36.35059567410879,LightGBM
2016-08-15,22,33.22,33.96240213655398,LightGBM
2016-08-15,23,30.42,29.938314821174842,LightGBM
2016-08-16,0,26.26,27.363729576776052,LightGBM
2016-08-16,1,23.99,25.102709301723745,LightGBM
2016-08-16,2,22.94,24.371776067682422,LightGBM
2016-08-16,3,22.03,23.830225885092503,LightGBM
2016-08-16,4,22.1,23.686450900348216,LightGBM
2016-08-16,5,24.1,24.270840820473484,LightGBM
2016-08-16,6,28.71,30.59294778832586,LightGBM
2016-08-16,7,33.63,36.85280892637871,LightGBM
2016-08-16,8,34.14,37.675357940597664,LightGBM
2016-08-16,9,33.9,35.9048725360532,LightGBM
2016-08-16,10,31.73,33.84230416529086,LightGBM
2016-08-16,11,30.13,32.67632601081141,LightGBM
2016-08-16,12,29.09,30.395358281561382,LightGBM
2016-08-16,13,28.93,28.44652193485374,LightGBM
2016-08-16,14,28.94,28.481165287570704,LightGBM
2016-08-16,15,29.29,28.052531316372864,LightGBM
2016-08-16,16,30.58,29.066530249492374,LightGBM
2016-08-16,17,33.12,32.486632392646,LightGBM
2016-08-16,18,34.33,34.11782887656116,LightGBM
2016-08-16,19,35.79,35.04624165311064,LightGBM
2016-08-16,20,34.81,33.34293228385483,LightGBM
2016-08-16,21,34.36,34.36329554779935,LightGBM
2016-08-16,22,31.25,32.20361684985206,LightGBM
2016-08-16,23,27.74,27.86854743209414,LightGBM
2016-08-17,0,25.03,25.96134571005346,LightGBM
2016-08-17,1,24.01,24.321087206461744,LightGBM
2016-08-17,2,23.51,23.283643062451517,LightGBM
2016-08-17,3,21.9,22.44408499429397,LightGBM
2016-08-17,4,22.56,22.210063242811685,LightGBM
2016-08-17,5,25.05,24.06122028571123,LightGBM
2016-08-17,6,29.74,31.417474652616423,LightGBM
2016-08-17,7,34.75,35.93892946893905,LightGBM
2016-08-17,8,36.1,38.030878263080105,LightGBM
2016-08-17,9,33.0,34.09321334392558,LightGBM
2016-08-17,10,28.54,31.59056379991778,LightGBM
2016-08-17,11,28.03,30.96801117680534,LightGBM
2016-08-17,12,27.79,28.920149560394165,LightGBM
2016-08-17,13,27.72,27.651826512056513,LightGBM
2016-08-17,14,27.05,25.357311759293367,LightGBM
2016-08-17,15,28.41,26.29211189694697,LightGBM
2016-08-17,16,30.47,28.47777147725865,LightGBM
2016-08-17,17,35.08,32.60486847316439,LightGBM
2016-08-17,18,35.67,34.434535323670644,LightGBM
2016-08-17,19,37.07,36.18956898655119,LightGBM
2016-08-17,20,36.45,35.10207258108476,LightGBM
2016-08-17,21,35.48,34.43291897165884,LightGBM
2016-08-17,22,32.42,32.665127621416204,LightGBM
2016-08-17,23,28.82,28.734348799380765,LightGBM
2016-08-18,0,25.16,27.048456007512133,LightGBM
2016-08-18,1,24.12,24.956969456198266,LightGBM
2016-08-18,2,23.34,25.08047568442098,LightGBM
2016-08-18,3,21.83,23.388619485204632,LightGBM
2016-08-18,4,22.49,24.399290113222875,LightGBM
2016-08-18,5,25.05,25.985897547805067,LightGBM
2016-08-18,6,30.26,31.434951512131416,LightGBM
2016-08-18,7,33.79,36.376948581079546,LightGBM
2016-08-18,8,35.67,37.62915066070306,LightGBM
2016-08-18,9,35.33,34.95329247016077,LightGBM
2016-08-18,10,33.38,33.29560618503794,LightGBM
2016-08-18,11,30.84,33.24408772150081,LightGBM
2016-08-18,12,29.15,29.18731036047811,LightGBM
2016-08-18,13,29.44,28.302535101158988,LightGBM
2016-08-18,14,29.08,26.37695594285777,LightGBM
2016-08-18,15,29.51,29.228211509685508,LightGBM
2016-08-18,16,32.78,30.956934884407218,LightGBM
2016-08-18,17,35.01,33.69516410208318,LightGBM
2016-08-18,18,36.05,37.019372701589866,LightGBM
2016-08-18,19,37.34,38.03809717719195,LightGBM
2016-08-18,20,36.85,37.1549745880689,LightGBM
2016-08-18,21,36.01,36.49825306860296,LightGBM
2016-08-18,22,32.74,35.11131219328654,LightGBM
2016-08-18,23,28.92,30.782381469941996,LightGBM
2016-08-19,0,27.71,27.75882908633106,LightGBM
2016-08-19,1,26.62,26.002874518499382,LightGBM
2016-08-19,2,25.0,24.80180214342463,LightGBM
2016-08-19,3,23.91,24.75766259730164,LightGBM
2016-08-19,4,24.96,25.03058584038442,LightGBM
2016-08-19,5,26.08,26.913348113570013,LightGBM
2016-08-19,6,32.25,31.118624786663133,LightGBM
2016-08-19,7,36.25,35.660902764883055,LightGBM
2016-08-19,8,37.27,39.11658272722075,LightGBM
2016-08-19,9,36.45,35.80369794868264,LightGBM
2016-08-19,10,34.48,31.575768146938028,LightGBM
2016-08-19,11,31.56,29.48314887917706,LightGBM
2016-08-19,12,26.95,26.948917848405785,LightGBM
2016-08-19,13,26.01,25.97988139577879,LightGBM
2016-08-19,14,25.78,26.311622395126417,LightGBM
2016-08-19,15,27.48,26.96276944003826,LightGBM
2016-08-19,16,31.76,29.95791275667223,LightGBM
2016-08-19,17,34.09,33.251582981290845,LightGBM
2016-08-19,18,36.09,35.30550881328231,LightGBM
2016-08-19,19,36.46,34.98557895700823,LightGBM
2016-08-19,20,34.99,34.36096683474346,LightGBM
2016-08-19,21,34.32,31.506931934620198,LightGBM
2016-08-19,22,32.22,29.799795213242923,LightGBM
2016-08-19,23,28.87,25.219086491865056,LightGBM
2016-08-20,0,26.54,26.485542374335257,LightGBM
2016-08-20,1,25.04,23.488824328134534,LightGBM
2016-08-20,2,23.31,22.733875340797283,LightGBM
2016-08-20,3,22.81,20.579442070194684,LightGBM
2016-08-20,4,22.32,19.58367544193608,LightGBM
2016-08-20,5,22.02,20.25701303777974,LightGBM
2016-08-20,6,22.44,21.55637001148872,LightGBM
2016-08-20,7,23.08,23.393671065532217,LightGBM
2016-08-20,8,26.94,25.99480378638626,LightGBM
2016-08-20,9,29.03,26.062519547063626,LightGBM
2016-08-20,10,25.79,24.992805986367134,LightGBM
2016-08-20,11,24.22,23.604170760231476,LightGBM
2016-08-20,12,23.12,21.600345157381724,LightGBM
2016-08-20,13,22.09,19.75612287683819,LightGBM
2016-08-20,14,21.71,18.663192486073548,LightGBM
2016-08-20,15,22.0,20.61410324462801,LightGBM
2016-08-20,16,20.95,21.780130899701614,LightGBM
2016-08-20,17,22.73,26.043615986825753,LightGBM
2016-08-20,18,26.99,30.094419040275653,LightGBM
2016-08-20,19,29.34,31.173190715743463,LightGBM
2016-08-20,20,30.0,31.22610280568457,LightGBM
2016-08-20,21,30.38,31.306822016656447,LightGBM
2016-08-20,22,29.11,30.658452366517583,LightGBM
2016-08-20,23,25.03,26.82751646547611,LightGBM
2016-08-21,0,18.51,21.18831044300443,LightGBM
2016-08-21,1,15.01,18.187003409655265,LightGBM
2016-08-21,2,12.13,16.702856412352475,LightGBM
2016-08-21,3,9.72,15.139143521244174,LightGBM
2016-08-21,4,9.83,14.511558442557925,LightGBM
2016-08-21,5,9.74,15.052207964463053,LightGBM
2016-08-21,6,9.62,13.717316814456728,LightGBM
2016-08-21,7,9.13,14.343364704101768,LightGBM
2016-08-21,8,11.34,14.841454237870495,LightGBM
2016-08-21,9,11.55,15.2077874555562,LightGBM
2016-08-21,10,11.59,13.540471562102374,LightGBM
2016-08-21,11,11.6,14.307473560381741,LightGBM
2016-08-21,12,11.45,13.625830284373876,LightGBM
2016-08-21,13,9.09,9.827912951583048,LightGBM
2016-08-21,14,7.19,9.285881278518103,LightGBM
2016-08-21,15,7.88,9.876457579054293,LightGBM
2016-08-21,16,8.94,10.883324135857482,LightGBM
2016-08-21,17,10.86,16.909584856141695,LightGBM
2016-08-21,18,22.04,25.013117137804006,LightGBM
2016-08-21,19,28.13,27.591698887093496,LightGBM
2016-08-21,20,30.74,28.1946297949028,LightGBM
2016-08-21,21,31.9,29.235616119735102,LightGBM
2016-08-21,22,30.59,29.947575475008822,LightGBM
2016-08-21,23,23.54,25.548492474933447,LightGBM
2016-08-22,0,20.68,20.852111243283066,LightGBM
2016-08-22,1,19.04,18.41435751023468,LightGBM
2016-08-22,2,18.78,16.69793147530676,LightGBM
2016-08-22,3,17.5,16.78951397355474,LightGBM
2016-08-22,4,18.07,16.22414801937044,LightGBM
2016-08-22,5,20.81,19.59471725309422,LightGBM
2016-08-22,6,26.82,27.193024408300786,LightGBM
2016-08-22,7,31.42,33.09574452860864,LightGBM
2016-08-22,8,34.41,35.73013836072347,LightGBM
2016-08-22,9,35.0,35.53732490299189,LightGBM
2016-08-22,10,31.66,33.45380141103884,LightGBM
2016-08-22,11,29.06,31.99546426110339,LightGBM
2016-08-22,12,27.25,29.768265268168832,LightGBM
2016-08-22,13,27.19,28.334977672673393,LightGBM
2016-08-22,14,27.3,26.943549632558984,LightGBM
2016-08-22,15,27.81,27.646062098719653,LightGBM
2016-08-22,16,28.49,29.643169302040274,LightGBM
2016-08-22,17,32.9,31.199578587446638,LightGBM
2016-08-22,18,36.59,35.011463363678814,LightGBM
2016-08-22,19,37.71,37.33602688717129,LightGBM
2016-08-22,20,37.64,36.56271482271286,LightGBM
2016-08-22,21,35.02,34.90258037366406,LightGBM
2016-08-22,22,30.99,32.9475906344582,LightGBM
2016-08-22,23,27.92,29.53361715499862,LightGBM
2016-08-23,0,23.68,24.73021069791689,LightGBM
2016-08-23,1,22.35,23.634508111742072,LightGBM
2016-08-23,2,21.62,22.42588928432532,LightGBM
2016-08-23,3,20.29,21.911916618277083,LightGBM
2016-08-23,4,22.01,21.992260069997656,LightGBM
2016-08-23,5,23.52,24.663494324556225,LightGBM
2016-08-23,6,30.56,29.686558914078198,LightGBM
2016-08-23,7,35.24,36.25196268644963,LightGBM
2016-08-23,8,37.31,38.182517463785935,LightGBM
2016-08-23,9,37.95,36.882563910673696,LightGBM
2016-08-23,10,34.94,33.28202773738282,LightGBM
2016-08-23,11,32.36,33.2077124354949,LightGBM
2016-08-23,12,28.78,30.34233202251116,LightGBM
2016-08-23,13,28.07,29.606168497888966,LightGBM
2016-08-23,14,27.95,30.82241548834068,LightGBM
2016-08-23,15,30.2,30.311507927565817,LightGBM
2016-08-23,16,34.63,30.902357536810644,LightGBM
2016-08-23,17,37.96,35.08633392121908,LightGBM
2016-08-23,18,40.2,37.948650514320995,LightGBM
2016-08-23,19,41.6,40.75909430318156,LightGBM
2016-08-23,20,42.0,39.873378210973044,LightGBM
2016-08-23,21,38.92,37.11348941378566,LightGBM
2016-08-23,22,33.38,34.99142343981167,LightGBM
2016-08-23,23,27.57,30.310596054181826,LightGBM
2016-08-24,0,26.19,26.265570069417606,LightGBM
2016-08-24,1,23.9,24.109639397954066,LightGBM
2016-08-24,2,22.82,23.741232004585402,LightGBM
2016-08-24,3,22.24,22.998586778263896,LightGBM
2016-08-24,4,22.25,23.17663653974414,LightGBM
2016-08-24,5,24.23,25.84259304329568,LightGBM
2016-08-24,6,30.85,31.47321511428668,LightGBM
2016-08-24,7,34.9,38.75607120254132,LightGBM
2016-08-24,8,36.02,40.606231996065134,LightGBM
2016-08-24,9,34.93,35.41990239392051,LightGBM
2016-08-24,10,29.96,32.079098283659384,LightGBM
2016-08-24,11,27.56,28.917037482305993,LightGBM
2016-08-24,12,26.83,26.98382883682145,LightGBM
2016-08-24,13,26.24,24.502852841514006,LightGBM
2016-08-24,14,26.0,25.63043340039558,LightGBM
2016-08-24,15,30.48,26.579367687369118,LightGBM
2016-08-24,16,32.97,28.835946174055962,LightGBM
2016-08-24,17,34.95,32.90651067232485,LightGBM
2016-08-24,18,37.69,38.03206134292176,LightGBM
2016-08-24,19,38.44,39.0555086561951,LightGBM
2016-08-24,20,37.99,38.15845406762589,LightGBM
2016-08-24,21,34.01,35.15132961854945,LightGBM
2016-08-24,22,28.61,30.271349888262677,LightGBM
2016-08-24,23,24.49,26.600794600737217,LightGBM
2016-08-25,0,21.96,22.390975273604635,LightGBM
2016-08-25,1,21.86,20.939874218230866,LightGBM
2016-08-25,2,20.97,20.907481482197955,LightGBM
2016-08-25,3,21.16,19.76111413174686,LightGBM
2016-08-25,4,21.45,19.83621233653515,LightGBM
2016-08-25,5,23.3,23.27629280444586,LightGBM
2016-08-25,6,30.33,29.53270560947152,LightGBM
2016-08-25,7,34.2,35.01579495422394,LightGBM
2016-08-25,8,35.7,36.314067211106654,LightGBM
2016-08-25,9,34.91,33.59071306668822,LightGBM
2016-08-25,10,29.26,30.18059445699266,LightGBM
2016-08-25,11,27.78,27.703654887397423,LightGBM
2016-08-25,12,26.81,26.098752844853554,LightGBM
2016-08-25,13,25.42,25.766157597136786,LightGBM
2016-08-25,14,24.98,25.93303833026592,LightGBM
2016-08-25,15,27.26,26.941575223231848,LightGBM
2016-08-25,16,30.17,27.970715180530572,LightGBM
2016-08-25,17,34.0,34.31836816532701,LightGBM
2016-08-25,18,36.65,38.01004370865625,LightGBM
2016-08-25,19,38.78,39.4511101104188,LightGBM
2016-08-25,20,37.96,37.04223239592482,LightGBM
2016-08-25,21,34.16,34.13959952206107,LightGBM
2016-08-25,22,27.98,30.233841019596397,LightGBM
2016-08-25,23,24.26,25.543341037108142,LightGBM
2016-08-26,0,22.1,22.62696489039588,LightGBM
2016-08-26,1,20.34,21.56369974104171,LightGBM
2016-08-26,2,20.31,20.502633518860268,LightGBM
2016-08-26,3,20.23,20.581528623492627,LightGBM
2016-08-26,4,21.25,21.732691255495116,LightGBM
2016-08-26,5,23.1,23.140014033721215,LightGBM
2016-08-26,6,29.0,30.269977615159682,LightGBM
2016-08-26,7,34.47,34.38421943393947,LightGBM
2016-08-26,8,35.9,35.859900426658356,LightGBM
2016-08-26,9,34.92,34.11346963931362,LightGBM
2016-08-26,10,32.55,30.14786239982741,LightGBM
2016-08-26,11,28.87,29.14812402529542,LightGBM
2016-08-26,12,26.67,26.263781033933654,LightGBM
2016-08-26,13,25.13,25.540752557172897,LightGBM
2016-08-26,14,24.49,24.02557693270676,LightGBM
2016-08-26,15,26.68,27.069747840773676,LightGBM
2016-08-26,16,29.73,29.92446966929129,LightGBM
2016-08-26,17,34.92,34.77711818735895,LightGBM
2016-08-26,18,38.45,38.01138374393154,LightGBM
2016-08-26,19,41.99,38.685776674304684,LightGBM
2016-08-26,20,39.01,36.63168313484074,LightGBM
2016-08-26,21,37.06,36.76447897688718,LightGBM
2016-08-26,22,32.09,32.61801805980842,LightGBM
2016-08-26,23,27.22,29.008135618929234,LightGBM
2016-08-27,0,25.93,27.1451768950466,LightGBM
2016-08-27,1,24.05,24.76737925596389,LightGBM
2016-08-27,2,23.0,24.494928204555997,LightGBM
2016-08-27,3,23.07,23.383447804563733,LightGBM
2016-08-27,4,23.28,22.880538470217815,LightGBM
2016-08-27,5,23.18,24.092894661007964,LightGBM
2016-08-27,6,25.28,25.867595784266864,LightGBM
2016-08-27,7,26.84,25.216187216449406,LightGBM
2016-08-27,8,29.5,28.586592405861843,LightGBM
2016-08-27,9,29.56,28.607076954523286,LightGBM
2016-08-27,10,25.14,24.558580831604363,LightGBM
2016-08-27,11,23.02,22.917443194582116,LightGBM
2016-08-27,12,21.93,21.431174392231224,LightGBM
2016-08-27,13,20.03,19.411048660801047,LightGBM
2016-08-27,14,19.96,18.829886573666823,LightGBM
2016-08-27,15,20.76,20.102964591710215,LightGBM
2016-08-27,16,23.03,21.453798823343625,LightGBM
2016-08-27,17,28.41,27.328954266020116,LightGBM
2016-08-27,18,34.94,31.212009245118384,LightGBM
2016-08-27,19,35.36,33.028792173764955,LightGBM
2016-08-27,20,34.95,33.67746359042987,LightGBM
2016-08-27,21,33.61,31.415916016909925,LightGBM
2016-08-27,22,29.92,29.765908539173864,LightGBM
2016-08-27,23,24.73,25.912444998458867,LightGBM
2016-08-28,0,23.14,18.88993766003879,LightGBM
2016-08-28,1,20.98,15.97154911698072,LightGBM
2016-08-28,2,21.01,15.084508849596268,LightGBM
2016-08-28,3,21.29,14.361082463131547,LightGBM
2016-08-28,4,19.85,13.437352006489347,LightGBM
2016-08-28,5,19.83,12.520649538848815,LightGBM
2016-08-28,6,20.48,12.319831994783351,LightGBM
2016-08-28,7,20.18,14.506411303859561,LightGBM
2016-08-28,8,22.07,13.73994166194092,LightGBM
2016-08-28,9,23.19,13.717003701254388,LightGBM
2016-08-28,10,20.07,12.357613123363073,LightGBM
2016-08-28,11,20.09,13.180900707873944,LightGBM
2016-08-28,12,13.38,10.70527883037149,LightGBM
2016-08-28,13,10.05,7.896515347313678,LightGBM
2016-08-28,14,8.99,6.5541256755672865,LightGBM
2016-08-28,15,13.51,6.5783428140690585,LightGBM
2016-08-28,16,18.15,8.752475176725406,LightGBM
2016-08-28,17,22.26,15.244499903988713,LightGBM
2016-08-28,18,29.01,22.293865693104827,LightGBM
2016-08-28,19,32.95,26.21383221332419,LightGBM
2016-08-28,20,33.92,26.40164045555293,LightGBM
2016-08-28,21,33.25,26.568279756840056,LightGBM
2016-08-28,22,29.97,25.726405188146,LightGBM
2016-08-28,23,23.3,20.340938314326696,LightGBM
2016-08-29,0,22.16,21.48048616481271,LightGBM
2016-08-29,1,23.02,19.379591335289508,LightGBM
2016-08-29,2,22.09,18.10997801789538,LightGBM
2016-08-29,3,22.09,18.218489329638118,LightGBM
2016-08-29,4,22.61,18.549316059043292,LightGBM
2016-08-29,5,24.52,20.758707529442415,LightGBM
2016-08-29,6,34.95,28.963847914390158,LightGBM
2016-08-29,7,40.26,35.93123214080118,LightGBM
2016-08-29,8,41.69,37.61788665340497,LightGBM
2016-08-29,9,35.32,32.56435761895797,LightGBM
2016-08-29,10,30.98,29.789067765220565,LightGBM
2016-08-29,11,28.96,28.767256087989576,LightGBM
2016-08-29,12,26.33,25.126585965865267,LightGBM
2016-08-29,13,24.95,24.195235746288855,LightGBM
2016-08-29,14,22.98,23.595596522906042,LightGBM
2016-08-29,15,23.02,25.088485209684585,LightGBM
2016-08-29,16,22.99,25.563964919022325,LightGBM
2016-08-29,17,30.0,28.305598124748343,LightGBM
2016-08-29,18,34.01,33.081907713018545,LightGBM
2016-08-29,19,36.64,37.26978436271956,LightGBM
2016-08-29,20,37.55,35.31024697258829,LightGBM
2016-08-29,21,34.09,34.839877759195865,LightGBM
2016-08-29,22,29.29,31.31198790875678,LightGBM
2016-08-29,23,24.19,27.032462103877908,LightGBM
2016-08-30,0,24.85,24.718458409620645,LightGBM
2016-08-30,1,24.15,23.60706984123888,LightGBM
2016-08-30,2,23.74,23.507416343704648,LightGBM
2016-08-30,3,23.35,23.57027451585604,LightGBM
2016-08-30,4,22.74,23.12731082661984,LightGBM
2016-08-30,5,24.14,25.67203986917241,LightGBM
2016-08-30,6,32.65,32.405394238168356,LightGBM
2016-08-30,7,40.59,37.85312294738069,LightGBM
2016-08-30,8,43.82,40.21991889696163,LightGBM
2016-08-30,9,38.03,38.44743685603506,LightGBM
2016-08-30,10,32.0,33.600922676285606,LightGBM
2016-08-30,11,30.06,32.02357272783039,LightGBM
2016-08-30,12,27.07,29.93789414667192,LightGBM
2016-08-30,13,26.97,29.024838869316024,LightGBM
2016-08-30,14,26.86,27.968396736581415,LightGBM
2016-08-30,15,28.96,28.739423899236943,LightGBM
2016-08-30,16,33.33,31.604241241356004,LightGBM
2016-08-30,17,37.77,34.831933566756796,LightGBM
2016-08-30,18,40.6,37.958705999358216,LightGBM
2016-08-30,19,43.71,40.5798869902296,LightGBM
2016-08-30,20,44.83,40.74226971810107,LightGBM
2016-08-30,21,40.83,38.45677144267863,LightGBM
2016-08-30,22,32.96,34.72570293663108,LightGBM
2016-08-30,23,26.64,29.22239541890699,LightGBM
2016-08-31,0,25.6,26.832042499548624,LightGBM
2016-08-31,1,24.02,25.65791975138346,LightGBM
2016-08-31,2,23.48,24.844432416422983,LightGBM
2016-08-31,3,22.77,24.271546001597773,LightGBM
2016-08-31,4,22.79,24.817915501923235,LightGBM
2016-08-31,5,25.34,26.90479711069708,LightGBM
2016-08-31,6,32.98,34.54557215243924,LightGBM
2016-08-31,7,40.46,41.21829835005655,LightGBM
2016-08-31,8,42.04,40.91884688810608,LightGBM
2016-08-31,9,36.13,36.42647809663652,LightGBM
2016-08-31,10,29.59,31.680823672824935,LightGBM
2016-08-31,11,28.19,29.460466441126027,LightGBM
2016-08-31,12,26.78,28.377285392840996,LightGBM
2016-08-31,13,27.06,27.11613619347486,LightGBM
2016-08-31,14,26.91,27.92407565876989,LightGBM
2016-08-31,15,27.05,30.37687903640198,LightGBM
2016-08-31,16,30.79,32.00042121567466,LightGBM
2016-08-31,17,35.94,36.60666844557556,LightGBM
2016-08-31,18,38.96,40.04422696096251,LightGBM
2016-08-31,19,40.94,42.45779876382683,LightGBM
2016-08-31,20,39.61,40.77545351288106,LightGBM
2016-08-31,21,35.96,38.53993074017657,LightGBM
2016-08-31,22,28.38,33.14310541191403,LightGBM
2016-08-31,23,24.2,27.360028881025688,LightGBM
2016-09-01,0,24.34,24.730242012980305,LightGBM
2016-09-01,1,23.73,24.81721988506381,LightGBM
2016-09-01,2,23.37,23.582956772331904,LightGBM
2016-09-01,3,22.98,23.04701699519149,LightGBM
2016-09-01,4,23.59,23.90523664166113,LightGBM
2016-09-01,5,25.1,25.793046900476973,LightGBM
2016-09-01,6,32.95,33.042440705939185,LightGBM
2016-09-01,7,37.97,39.18831223723305,LightGBM
2016-09-01,8,41.08,42.21742882471847,LightGBM
2016-09-01,9,38.24,37.896908692051504,LightGBM
2016-09-01,10,34.92,33.4573904295277,LightGBM
2016-09-01,11,32.98,31.546741522640694,LightGBM
2016-09-01,12,29.93,28.60645626529017,LightGBM
2016-09-01,13,28.68,27.27239527273527,LightGBM
2016-09-01,14,27.87,27.954776289319103,LightGBM
2016-09-01,15,27.88,27.69630847483028,LightGBM
2016-09-01,16,28.96,30.227802927423816,LightGBM
2016-09-01,17,34.06,35.30062389284445,LightGBM
2016-09-01,18,36.82,37.198861800390304,LightGBM
2016-09-01,19,38.96,40.61523908282718,LightGBM
2016-09-01,20,40.44,39.54900891191059,LightGBM
2016-09-01,21,37.93,37.83338602534619,LightGBM
2016-09-01,22,30.43,31.796843567887215,LightGBM
2016-09-01,23,26.93,27.620979830223582,LightGBM
2016-09-02,0,25.64,26.724163694728613,LightGBM
2016-09-02,1,23.89,25.235901480867405,LightGBM
2016-09-02,2,23.76,24.18021573034292,LightGBM
2016-09-02,3,22.91,24.85571959297467,LightGBM
2016-09-02,4,23.1,24.51201359306549,LightGBM
2016-09-02,5,25.97,26.442211693519823,LightGBM
2016-09-02,6,33.08,33.65054502515963,LightGBM
2016-09-02,7,38.41,40.38259654729971,LightGBM
2016-09-02,8,40.5,40.83337345234835,LightGBM
2016-09-02,9,37.91,37.573555244280094,LightGBM
2016-09-02,10,32.84,33.26086753816608,LightGBM
2016-09-02,11,29.59,31.746841612676498,LightGBM
2016-09-02,12,26.81,28.712709110337034,LightGBM
2016-09-02,13,25.69,26.937944733097325,LightGBM
2016-09-02,14,25.85,25.282416986261488,LightGBM
2016-09-02,15,27.94,27.05609998946564,LightGBM
2016-09-02,16,29.17,29.411783370927438,LightGBM
2016-09-02,17,34.01,35.08420602700523,LightGBM
2016-09-02,18,37.56,36.379026904405116,LightGBM
2016-09-02,19,37.98,38.62919503059495,LightGBM
2016-09-02,20,38.79,38.31011729976838,LightGBM
2016-09-02,21,34.99,35.50237309621571,LightGBM
2016-09-02,22,29.09,31.66332136784046,LightGBM
2016-09-02,23,27.61,27.06048736823135,LightGBM
2016-09-03,0,31.41,25.727983404933063,LightGBM
2016-09-03,1,28.04,23.845323095722115,LightGBM
2016-09-03,2,25.37,23.908075491154317,LightGBM
2016-09-03,3,24.88,23.361640142975304,LightGBM
2016-09-03,4,24.02,23.303997025267286,LightGBM
2016-09-03,5,24.92,23.521111478213395,LightGBM
2016-09-03,6,25.65,25.020092565115426,LightGBM
2016-09-03,7,29.44,27.787098028785984,LightGBM
2016-09-03,8,31.55,31.576818188328804,LightGBM
2016-09-03,9,32.95,29.567002137833235,LightGBM
2016-09-03,10,30.35,27.32934381553704,LightGBM
2016-09-03,11,29.06,25.182767830935894,LightGBM
2016-09-03,12,27.16,23.38425764290295,LightGBM
2016-09-03,13,25.09,19.81646632085271,LightGBM
2016-09-03,14,25.11,20.118310145810245,LightGBM
2016-09-03,15,25.36,20.139408351216268,LightGBM
2016-09-03,16,26.85,22.56534914031341,LightGBM
2016-09-03,17,30.44,27.408262949011082,LightGBM
2016-09-03,18,34.27,31.501699616947587,LightGBM
2016-09-03,19,37.56,34.21720331485497,LightGBM
2016-09-03,20,38.56,36.52923466407569,LightGBM
2016-09-03,21,37.67,33.68931072217529,LightGBM
2016-09-03,22,33.01,30.954295494171255,LightGBM
2016-09-03,23,28.93,26.94678118299152,LightGBM
2016-09-04,0,27.7,25.537903585627696,LightGBM
2016-09-04,1,25.02,21.97109791305061,LightGBM
2016-09-04,2,23.09,20.04591926122869,LightGBM
2016-09-04,3,22.04,18.508101327446262,LightGBM
2016-09-04,4,20.81,18.751024333792795,LightGBM
2016-09-04,5,20.09,17.7646434339666,LightGBM
2016-09-04,6,20.03,17.20807782070748,LightGBM
2016-09-04,7,22.02,18.17338028409872,LightGBM
2016-09-04,8,22.38,20.08105966579604,LightGBM
2016-09-04,9,23.5,20.994908551995557,LightGBM
2016-09-04,10,23.58,20.245164102926854,LightGBM
2016-09-04,11,24.99,20.808244193130403,LightGBM
2016-09-04,12,24.85,19.49296424048064,LightGBM
2016-09-04,13,23.49,16.4113942807592,LightGBM
2016-09-04,14,20.79,14.063748258245447,LightGBM
2016-09-04,15,20.52,13.653985385600217,LightGBM
2016-09-04,16,21.26,15.463915224007707,LightGBM
2016-09-04,17,22.94,20.291384419414012,LightGBM
2016-09-04,18,26.94,25.11440026453885,LightGBM
2016-09-04,19,30.31,29.19629253400249,LightGBM
2016-09-04,20,33.83,30.114935737448256,LightGBM
2016-09-04,21,31.79,29.431048490028644,LightGBM
2016-09-04,22,29.53,27.363946943302324,LightGBM
2016-09-04,23,25.06,23.87805811140408,LightGBM
2016-09-05,0,23.18,23.4390614727249,LightGBM
2016-09-05,1,22.3,21.64938155467506,LightGBM
2016-09-05,2,22.42,21.44361086445817,LightGBM
2016-09-05,3,21.73,20.857478409973716,LightGBM
2016-09-05,4,22.96,21.145978225952174,LightGBM
2016-09-05,5,24.96,24.69280689154885,LightGBM
2016-09-05,6,33.6,35.78214682784971,LightGBM
2016-09-05,7,42.98,42.641981978608115,LightGBM
2016-09-05,8,44.42,44.32193482695007,LightGBM
2016-09-05,9,43.31,40.9155117273258,LightGBM
2016-09-05,10,44.97,39.21939741689074,LightGBM
2016-09-05,11,48.01,39.00599503206101,LightGBM
2016-09-05,12,45.98,36.154465108645226,LightGBM
2016-09-05,13,44.22,35.443653527368724,LightGBM
2016-09-05,14,42.58,33.917340421182374,LightGBM
2016-09-05,15,43.03,33.13908234048457,LightGBM
2016-09-05,16,41.9,33.82981075355292,LightGBM
2016-09-05,17,41.98,35.48411813607637,LightGBM
2016-09-05,18,39.92,40.879352028120735,LightGBM
2016-09-05,19,43.12,44.77786846506979,LightGBM
2016-09-05,20,44.08,42.89899746853023,LightGBM
2016-09-05,21,40.0,40.57785148081101,LightGBM
2016-09-05,22,32.96,35.43706647202901,LightGBM
2016-09-05,23,28.07,29.816863708644394,LightGBM
2016-09-06,0,27.68,28.28453368625658,LightGBM
2016-09-06,1,25.98,27.288770243349447,LightGBM
2016-09-06,2,24.84,26.68727089738118,LightGBM
2016-09-06,3,23.76,26.460529170090247,LightGBM
2016-09-06,4,23.92,26.169899163712117,LightGBM
2016-09-06,5,26.43,28.181917642244443,LightGBM
2016-09-06,6,34.37,36.73225938350849,LightGBM
2016-09-06,7,42.97,43.04480889408878,LightGBM
2016-09-06,8,44.63,44.240774349344974,LightGBM
2016-09-06,9,41.96,42.247041261354454,LightGBM
2016-09-06,10,35.9,37.98895370894455,LightGBM
2016-09-06,11,33.76,35.321383415598596,LightGBM
2016-09-06,12,28.48,32.61497373098964,LightGBM
2016-09-06,13,27.98,30.762017956360346,LightGBM
2016-09-06,14,28.59,30.813048385790083,LightGBM
2016-09-06,15,29.02,31.08139607279944,LightGBM
2016-09-06,16,31.46,34.217509699422614,LightGBM
2016-09-06,17,37.95,38.42894108490843,LightGBM
2016-09-06,18,42.01,41.01011186913188,LightGBM
2016-09-06,19,45.16,43.920642874671465,LightGBM
2016-09-06,20,43.92,45.33222211709276,LightGBM
2016-09-06,21,38.55,40.80075771288091,LightGBM
2016-09-06,22,28.0,34.030718598661245,LightGBM
2016-09-06,23,26.82,28.53534579381405,LightGBM
2016-09-07,0,24.8,25.951626303688187,LightGBM
2016-09-07,1,23.64,26.055766381364855,LightGBM
2016-09-07,2,23.32,24.28127027381912,LightGBM
2016-09-07,3,23.16,24.085699822630403,LightGBM
2016-09-07,4,23.18,23.835283743478655,LightGBM
2016-09-07,5,25.11,26.788372103723056,LightGBM
2016-09-07,6,32.42,33.657843096110824,LightGBM
2016-09-07,7,37.97,43.444261023765705,LightGBM
2016-09-07,8,38.13,43.71972784600836,LightGBM
2016-09-07,9,34.07,38.29541602909706,LightGBM
2016-09-07,10,29.95,32.37329957772158,LightGBM
2016-09-07,11,28.92,29.509747143016018,LightGBM
2016-09-07,12,26.92,27.458846644412326,LightGBM
2016-09-07,13,26.41,26.740204353880305,LightGBM
2016-09-07,14,27.25,26.94297999986983,LightGBM
2016-09-07,15,27.92,28.71486802238572,LightGBM
2016-09-07,16,28.93,29.790091875240886,LightGBM
2016-09-07,17,36.93,35.617088001606206,LightGBM
2016-09-07,18,40.7,39.30285173995813,LightGBM
2016-09-07,19,44.35,44.41252578147041,LightGBM
2016-09-07,20,41.9,43.57921692684354,LightGBM
2016-09-07,21,36.94,38.55899374020093,LightGBM
2016-09-07,22,28.85,31.613947506176252,LightGBM
2016-09-07,23,26.59,25.721772519822544,LightGBM
2016-09-08,0,25.59,25.649172367342118,LightGBM
2016-09-08,1,24.07,24.176104428911916,LightGBM
2016-09-08,2,23.5,23.89719155350481,LightGBM
2016-09-08,3,23.08,22.80820230609671,LightGBM
2016-09-08,4,23.1,22.970132450871834,LightGBM
2016-09-08,5,24.24,25.740025232005934,LightGBM
2016-09-08,6,31.91,33.8355198430436,LightGBM
2016-09-08,7,38.71,40.33486441745162,LightGBM
2016-09-08,8,39.62,42.11157754162116,LightGBM
2016-09-08,9,38.31,37.06701129340523,LightGBM
2016-09-08,10,32.92,31.82088963419974,LightGBM
2016-09-08,11,28.67,28.598021268014758,LightGBM
2016-09-08,12,27.48,25.683805614831833,LightGBM
2016-09-08,13,26.28,25.867823080502827,LightGBM
2016-09-08,14,26.85,25.83367742050477,LightGBM
2016-09-08,15,27.7,27.79830754290905,LightGBM
2016-09-08,16,29.51,29.42267235075322,LightGBM
2016-09-08,17,35.92,34.825039500673455,LightGBM
2016-09-08,18,40.41,39.54538648606107,LightGBM
2016-09-08,19,42.59,44.1506258969413,LightGBM
2016-09-08,20,41.3,43.773043636594814,LightGBM
2016-09-08,21,36.91,38.72541449937457,LightGBM
2016-09-08,22,28.65,31.69334189978813,LightGBM
2016-09-08,23,25.99,27.979699801133393,LightGBM
2016-09-09,0,25.08,25.279081173344444,LightGBM
2016-09-09,1,23.81,24.325552698313484,LightGBM
2016-09-09,2,23.49,23.986347375240236,LightGBM
2016-09-09,3,22.97,23.659633117948808,LightGBM
2016-09-09,4,23.26,23.801478228322782,LightGBM
2016-09-09,5,24.82,25.931434740171103,LightGBM
2016-09-09,6,33.77,34.92700089617173,LightGBM
2016-09-09,7,40.22,40.61929444163872,LightGBM
2016-09-09,8,41.94,41.35600398284535,LightGBM
2016-09-09,9,40.99,38.77408257832062,LightGBM
2016-09-09,10,36.88,33.728529299861286,LightGBM
2016-09-09,11,34.06,31.21223700005927,LightGBM
2016-09-09,12,31.8,29.14120739297279,LightGBM
2016-09-09,13,29.04,28.165869730961884,LightGBM
2016-09-09,14,27.86,28.071539392317877,LightGBM
2016-09-09,15,29.49,28.93743437611299,LightGBM
2016-09-09,16,30.29,31.031548914364116,LightGBM
2016-09-09,17,35.89,37.6844696519821,LightGBM
2016-09-09,18,39.77,41.575337232060264,LightGBM
2016-09-09,19,41.92,43.821649901496244,LightGBM
2016-09-09,20,41.42,42.92909744166512,LightGBM
2016-09-09,21,38.27,40.3803540069406,LightGBM
2016-09-09,22,30.73,34.092344692007885,LightGBM
2016-09-09,23,28.01,28.66230187020043,LightGBM
2016-09-10,0,33.02,27.767240377955435,LightGBM
2016-09-10,1,27.11,26.172412112723137,LightGBM
2016-09-10,2,27.42,25.257636769786316,LightGBM
2016-09-10,3,24.25,24.623464678816514,LightGBM
2016-09-10,4,23.75,24.70358962561234,LightGBM
2016-09-10,5,24.2,25.453113847701125,LightGBM
2016-09-10,6,25.51,28.338397569153212,LightGBM
2016-09-10,7,29.04,28.990705001437586,LightGBM
2016-09-10,8,29.75,31.804521176712772,LightGBM
2016-09-10,9,29.94,30.10276921505054,LightGBM
2016-09-10,10,25.22,26.220276323515158,LightGBM
2016-09-10,11,23.69,23.348670399243087,LightGBM
2016-09-10,12,23.08,21.550597708038712,LightGBM
2016-09-10,13,23.06,20.017866478152694,LightGBM
2016-09-10,14,23.06,19.303023371134987,LightGBM
2016-09-10,15,25.61,20.784940324407298,LightGBM
2016-09-10,16,28.65,23.961866275869987,LightGBM
2016-09-10,17,31.99,27.79943598800498,LightGBM
2016-09-10,18,34.05,34.18955666194412,LightGBM
2016-09-10,19,38.7,35.9077815658045,LightGBM
2016-09-10,20,38.98,38.10546973890938,LightGBM
2016-09-10,21,34.08,32.976972339550265,LightGBM
2016-09-10,22,30.65,29.12967065390156,LightGBM
2016-09-10,23,26.76,25.540746232177955,LightGBM
2016-09-11,0,24.05,24.630941376616754,LightGBM
2016-09-11,1,22.87,21.630281303243404,LightGBM
2016-09-11,2,22.51,22.024869620719752,LightGBM
2016-09-11,3,21.73,20.529193245898274,LightGBM
2016-09-11,4,21.1,20.148266803830868,LightGBM
2016-09-11,5,22.09,19.968112289455163,LightGBM
2016-09-11,6,22.94,20.18001169838155,LightGBM
2016-09-11,7,22.93,21.784507208038725,LightGBM
2016-09-11,8,24.07,23.29415094182171,LightGBM
2016-09-11,9,25.11,24.855669978462846,LightGBM
2016-09-11,10,24.96,23.49762835005228,LightGBM
2016-09-11,11,25.48,24.65636682858531,LightGBM
2016-09-11,12,25.16,22.902899882124043,LightGBM
2016-09-11,13,24.54,21.108004771386383,LightGBM
2016-09-11,14,23.48,19.54256076620212,LightGBM
2016-09-11,15,23.42,20.38633065035695,LightGBM
2016-09-11,16,24.01,21.890218369884938,LightGBM
2016-09-11,17,28.73,27.072035391173262,LightGBM
2016-09-11,18,36.36,31.07292591829109,LightGBM
2016-09-11,19,39.85,37.513265011326276,LightGBM
2016-09-11,20,42.57,37.784509162424364,LightGBM
2016-09-11,21,38.93,35.87624848975111,LightGBM
2016-09-11,22,35.94,32.442452215075214,LightGBM
2016-09-11,23,31.27,29.726132559879915,LightGBM
2016-09-12,0,24.06,27.835546126300343,LightGBM
2016-09-12,1,23.45,26.462691692406374,LightGBM
2016-09-12,2,22.88,24.94252308120202,LightGBM
2016-09-12,3,22.15,23.04067892953904,LightGBM
2016-09-12,4,22.75,22.93564285426413,LightGBM
2016-09-12,5,24.12,26.87124472224496,LightGBM
2016-09-12,6,36.69,39.299107766028754,LightGBM
2016-09-12,7,43.0,46.962863730519864,LightGBM
2016-09-12,8,42.53,46.91721093303944,LightGBM
2016-09-12,9,39.43,42.25985224462744,LightGBM
2016-09-12,10,33.5,36.702610779276114,LightGBM
2016-09-12,11,30.71,34.12746681122701,LightGBM
2016-09-12,12,30.16,30.85355275779511,LightGBM
2016-09-12,13,29.61,30.58291475288398,LightGBM
2016-09-12,14,31.15,32.15516599035791,LightGBM
2016-09-12,15,32.69,33.97762730957273,LightGBM
2016-09-12,16,36.66,35.60482696244969,LightGBM
2016-09-12,17,41.81,41.02589146082214,LightGBM
2016-09-12,18,42.97,42.888656549142084,LightGBM
2016-09-12,19,46.73,47.09873932605277,LightGBM
2016-09-12,20,42.83,46.83156759657655,LightGBM
2016-09-12,21,37.93,39.96643255675363,LightGBM
2016-09-12,22,30.65,34.56778697308505,LightGBM
2016-09-12,23,26.59,28.449384181699482,LightGBM
2016-09-13,0,26.64,26.372132031115623,LightGBM
2016-09-13,1,24.8,25.529704233061153,LightGBM
2016-09-13,2,24.01,24.73111456868607,LightGBM
2016-09-13,3,23.52,24.39402912107444,LightGBM
2016-09-13,4,23.55,23.90797056115458,LightGBM
2016-09-13,5,26.39,26.66062157647187,LightGBM
2016-09-13,6,37.48,35.85557944475265,LightGBM
2016-09-13,7,44.44,42.84114649259024,LightGBM
2016-09-13,8,42.76,44.97232145260579,LightGBM
2016-09-13,9,38.92,41.16429192219018,LightGBM
2016-09-13,10,35.91,35.649239284693856,LightGBM
2016-09-13,11,32.74,31.462884098305192,LightGBM
2016-09-13,12,28.13,28.552444753074607,LightGBM
2016-09-13,13,27.62,29.234467863127165,LightGBM
2016-09-13,14,28.73,27.54528296985398,LightGBM
2016-09-13,15,28.25,29.63007726223764,LightGBM
2016-09-13,16,30.23,31.873789863185518,LightGBM
2016-09-13,17,37.42,36.30180243457329,LightGBM
2016-09-13,18,40.42,40.90144092603582,LightGBM
2016-09-13,19,41.93,44.41406568673128,LightGBM
2016-09-13,20,38.94,39.50439152924419,LightGBM
2016-09-13,21,33.52,34.065576727583796,LightGBM
2016-09-13,22,25.76,28.658801204259397,LightGBM
2016-09-13,23,24.27,23.609562161921342,LightGBM
2016-09-14,0,23.0,22.75974011716272,LightGBM
2016-09-14,1,22.17,23.128106525632646,LightGBM
2016-09-14,2,21.34,22.526523496005332,LightGBM
2016-09-14,3,21.85,22.340794287057477,LightGBM
2016-09-14,4,22.74,21.74543668199399,LightGBM
2016-09-14,5,23.31,24.604312557470205,LightGBM
2016-09-14,6,33.22,31.89111633702281,LightGBM
2016-09-14,7,38.98,38.150981769980795,LightGBM
2016-09-14,8,39.9,38.6147675082156,LightGBM
2016-09-14,9,34.95,34.95081582890215,LightGBM
2016-09-14,10,31.8,31.412790627449663,LightGBM
2016-09-14,11,31.9,28.797015173420586,LightGBM
2016-09-14,12,27.03,25.387507195935,LightGBM
2016-09-14,13,25.23,25.094234664463215,LightGBM
2016-09-14,14,26.22,23.558636789644144,LightGBM
2016-09-14,15,26.95,25.244683288492183,LightGBM
2016-09-14,16,28.55,27.067069052680377,LightGBM
2016-09-14,17,35.69,31.58252454199283,LightGBM
2016-09-14,18,37.66,35.380086061378584,LightGBM
2016-09-14,19,37.44,38.662109722288534,LightGBM
2016-09-14,20,34.1,34.48180269087752,LightGBM
2016-09-14,21,26.84,31.560567483718938,LightGBM
2016-09-14,22,24.27,25.974551942892248,LightGBM
2016-09-14,23,22.96,20.472860723404825,LightGBM
2016-09-15,0,22.93,20.48996291919576,LightGBM
2016-09-15,1,21.88,20.05868438512616,LightGBM
2016-09-15,2,21.42,19.068643303240883,LightGBM
2016-09-15,3,21.13,19.620716850124555,LightGBM
2016-09-15,4,21.35,20.608522126433932,LightGBM
2016-09-15,5,23.05,22.869038864522377,LightGBM
2016-09-15,6,27.01,30.895019750284185,LightGBM
2016-09-15,7,37.08,38.58949364709002,LightGBM
2016-09-15,8,37.01,38.24436448176424,LightGBM
2016-09-15,9,33.71,32.69197526742239,LightGBM
2016-09-15,10,27.96,28.94611097747015,LightGBM
2016-09-15,11,26.83,27.634199175760507,LightGBM
2016-09-15,12,24.79,25.2665847371452,LightGBM
2016-09-15,13,24.71,23.493282962837196,LightGBM
2016-09-15,14,23.99,23.109797287891055,LightGBM
2016-09-15,15,26.63,25.512350734606134,LightGBM
2016-09-15,16,26.99,28.292079387672718,LightGBM
2016-09-15,17,32.15,33.595490930818116,LightGBM
2016-09-15,18,37.22,37.771034458120596,LightGBM
2016-09-15,19,38.86,39.477603883430504,LightGBM
2016-09-15,20,37.41,37.37981149059654,LightGBM
2016-09-15,21,29.0,32.50054913711598,LightGBM
2016-09-15,22,25.06,28.697837050124157,LightGBM
2016-09-15,23,23.02,24.927972198066495,LightGBM
2016-09-16,0,22.26,21.544774113575183,LightGBM
2016-09-16,1,21.24,20.8701357378596,LightGBM
2016-09-16,2,21.22,21.43076175968528,LightGBM
2016-09-16,3,21.29,21.16932859815347,LightGBM
2016-09-16,4,20.35,21.95753854172054,LightGBM
2016-09-16,5,22.59,24.736410048643656,LightGBM
2016-09-16,6,31.47,34.13775750757052,LightGBM
2016-09-16,7,39.96,41.024022606179386,LightGBM
2016-09-16,8,40.7,41.42409613084354,LightGBM
2016-09-16,9,39.98,39.290872715449225,LightGBM
2016-09-16,10,38.98,37.74464441261444,LightGBM
2016-09-16,11,37.81,37.269428638547694,LightGBM
2016-09-16,12,36.0,35.09262957391315,LightGBM
2016-09-16,13,31.95,32.89899402818528,LightGBM
2016-09-16,14,29.84,32.666012783251816,LightGBM
2016-09-16,15,33.99,32.63101698521218,LightGBM
2016-09-16,16,35.61,34.199191192393485,LightGBM
2016-09-16,17,38.28,38.831791213201726,LightGBM
2016-09-16,18,40.1,42.82820221874089,LightGBM
2016-09-16,19,41.75,45.70991180573103,LightGBM
2016-09-16,20,40.99,42.47503846999527,LightGBM
2016-09-16,21,36.5,37.61947922002263,LightGBM
2016-09-16,22,30.74,32.52020686109005,LightGBM
2016-09-16,23,25.16,27.44442852350717,LightGBM
2016-09-17,0,29.84,27.027093967159367,LightGBM
2016-09-17,1,26.32,24.198659513164156,LightGBM
2016-09-17,2,24.08,23.508883449307756,LightGBM
2016-09-17,3,22.81,23.236988920106192,LightGBM
2016-09-17,4,22.25,23.09455854858309,LightGBM
2016-09-17,5,22.91,24.32788895552127,LightGBM
2016-09-17,6,24.91,26.035533815833208,LightGBM
2016-09-17,7,27.92,27.423760291526268,LightGBM
2016-09-17,8,31.41,29.715391854480988,LightGBM
2016-09-17,9,36.93,30.82987451789065,LightGBM
2016-09-17,10,36.91,32.94671408191427,LightGBM
2016-09-17,11,36.08,31.1257355373034,LightGBM
2016-09-17,12,30.53,29.450330106826726,LightGBM
2016-09-17,13,25.1,26.068648427415898,LightGBM
2016-09-17,14,24.79,22.9708826768737,LightGBM
2016-09-17,15,24.14,22.599187206379593,LightGBM
2016-09-17,16,24.93,24.188479567541698,LightGBM
2016-09-17,17,27.85,27.566228978445462,LightGBM
2016-09-17,18,27.03,30.393865337843504,LightGBM
2016-09-17,19,32.52,30.89508661313196,LightGBM
2016-09-17,20,31.98,28.53851017124615,LightGBM
2016-09-17,21,24.57,25.63159893935654,LightGBM
2016-09-17,22,23.51,24.223374284787756,LightGBM
2016-09-17,23,23.19,20.561963138056452,LightGBM
2016-09-18,0,21.22,17.515254120573907,LightGBM
2016-09-18,1,22.39,16.746694888664916,LightGBM
2016-09-18,2,21.22,16.708854840956192,LightGBM
2016-09-18,3,20.0,15.687445933545506,LightGBM
2016-09-18,4,18.43,14.928628256186315,LightGBM
2016-09-18,5,19.53,14.704113013601058,LightGBM
2016-09-18,6,20.43,13.935860700623323,LightGBM
2016-09-18,7,20.73,15.566331966491074,LightGBM
2016-09-18,8,22.77,17.481282641181586,LightGBM
2016-09-18,9,24.78,19.128276350583302,LightGBM
2016-09-18,10,24.56,18.21009638105355,LightGBM
2016-09-18,11,24.98,19.551680917854725,LightGBM
2016-09-18,12,24.0,19.992585710880398,LightGBM
2016-09-18,13,24.1,17.141264542919462,LightGBM
2016-09-18,14,23.15,15.012217201193291,LightGBM
2016-09-18,15,22.93,15.70110599058105,LightGBM
2016-09-18,16,23.2,17.72943105907355,LightGBM
2016-09-18,17,27.16,21.58330065345465,LightGBM
2016-09-18,18,32.54,27.351249989398685,LightGBM
2016-09-18,19,36.11,34.00306051122349,LightGBM
2016-09-18,20,34.94,34.031063669808084,LightGBM
2016-09-18,21,31.1,30.318074881134027,LightGBM
2016-09-18,22,27.94,30.568738997541793,LightGBM
2016-09-18,23,25.46,25.935554669934895,LightGBM
2016-09-19,0,24.56,24.794528608724566,LightGBM
2016-09-19,1,24.15,22.88125126418305,LightGBM
2016-09-19,2,23.78,22.770822173602365,LightGBM
2016-09-19,3,22.44,21.4842868750166,LightGBM
2016-09-19,4,22.05,21.5016103367161,LightGBM
2016-09-19,5,23.91,24.089632456829403,LightGBM
2016-09-19,6,36.06,38.45922900499489,LightGBM
2016-09-19,7,42.31,46.28726099333409,LightGBM
2016-09-19,8,44.6,47.91482934829484,LightGBM
2016-09-19,9,43.91,47.104880317049464,LightGBM
2016-09-19,10,43.95,44.988584558589,LightGBM
2016-09-19,11,43.97,44.43268346313053,LightGBM
2016-09-19,12,41.27,42.75045582658692,LightGBM
2016-09-19,13,39.31,42.58749932693149,LightGBM
2016-09-19,14,37.68,41.62838694923095,LightGBM
2016-09-19,15,37.93,41.75093351881117,LightGBM
2016-09-19,16,37.78,41.27055014962993,LightGBM
2016-09-19,17,39.22,45.83911105046293,LightGBM
2016-09-19,18,39.9,46.17654998037879,LightGBM
2016-09-19,19,41.99,50.410994607024584,LightGBM
2016-09-19,20,40.1,46.55947168580361,LightGBM
2016-09-19,21,30.0,39.967526670896326,LightGBM
2016-09-19,22,28.01,33.386389949538916,LightGBM
2016-09-19,23,26.02,27.14569884911995,LightGBM
2016-09-20,0,24.79,26.511187802730944,LightGBM
2016-09-20,1,24.83,25.546363580047124,LightGBM
2016-09-20,2,23.51,24.834871228976727,LightGBM
2016-09-20,3,23.06,23.91352675709768,LightGBM
2016-09-20,4,23.44,24.699965741432578,LightGBM
2016-09-20,5,25.24,27.1384873426916,LightGBM
2016-09-20,6,32.73,37.32860123830795,LightGBM
2016-09-20,7,42.96,45.33844614353586,LightGBM
2016-09-20,8,43.88,47.564875776334006,LightGBM
2016-09-20,9,42.77,45.67644946777747,LightGBM
2016-09-20,10,42.18,41.94099196942623,LightGBM
2016-09-20,11,41.17,40.93368892527211,LightGBM
2016-09-20,12,38.21,39.65140286665545,LightGBM
2016-09-20,13,35.6,37.755390066251536,LightGBM
2016-09-20,14,34.22,35.16421021240379,LightGBM
2016-09-20,15,34.55,36.44710836081874,LightGBM
2016-09-20,16,36.08,37.54621132616014,LightGBM
2016-09-20,17,39.13,39.535133960249055,LightGBM
2016-09-20,18,42.07,44.65449099067313,LightGBM
2016-09-20,19,46.8,48.54990710016722,LightGBM
2016-09-20,20,41.95,45.20456411965627,LightGBM
2016-09-20,21,35.06,40.32315596019488,LightGBM
2016-09-20,22,28.54,32.06535405271051,LightGBM
2016-09-20,23,26.03,27.756151646903078,LightGBM
2016-09-21,0,25.43,26.611505983869975,LightGBM
2016-09-21,1,24.94,26.277184327028888,LightGBM
2016-09-21,2,24.11,25.018625335594376,LightGBM
2016-09-21,3,24.13,24.57420101539966,LightGBM
2016-09-21,4,24.09,24.522855313194835,LightGBM
2016-09-21,5,25.71,27.334029914896966,LightGBM
2016-09-21,6,36.97,34.89143720291942,LightGBM
2016-09-21,7,48.19,42.93510503446692,LightGBM
2016-09-21,8,49.71,44.40867377109535,LightGBM
2016-09-21,9,44.5,42.41165387235125,LightGBM
2016-09-21,10,39.98,36.073323642145056,LightGBM
2016-09-21,11,36.03,35.969017146564596,LightGBM
2016-09-21,12,32.15,32.96158051614986,LightGBM
2016-09-21,13,31.92,32.108033841918186,LightGBM
2016-09-21,14,30.7,31.40719748333199,LightGBM
2016-09-21,15,32.81,33.07672597263908,LightGBM
2016-09-21,16,35.36,33.70473218316511,LightGBM
2016-09-21,17,42.7,37.721631738565264,LightGBM
2016-09-21,18,45.0,43.10932629870464,LightGBM
2016-09-21,19,48.75,47.8584647616449,LightGBM
2016-09-21,20,43.87,42.960045728831425,LightGBM
2016-09-21,21,37.96,38.86161311564894,LightGBM
2016-09-21,22,28.49,31.34143950733025,LightGBM
2016-09-21,23,27.09,26.131903498086867,LightGBM
2016-09-22,0,25.86,26.882589062531842,LightGBM
2016-09-22,1,25.09,26.51658223995377,LightGBM
2016-09-22,2,24.73,25.639982837564663,LightGBM
2016-09-22,3,24.26,25.148038738086985,LightGBM
2016-09-22,4,24.24,25.745570935043713,LightGBM
2016-09-22,5,26.84,27.694884379572017,LightGBM
2016-09-22,6,38.19,35.52080036074465,LightGBM
2016-09-22,7,43.34,44.23892034902478,LightGBM
2016-09-22,8,42.2,44.41238136240532,LightGBM
2016-09-22,9,35.77,42.35858428225472,LightGBM
2016-09-22,10,28.79,35.95745361536613,LightGBM
2016-09-22,11,27.75,33.3928951918451,LightGBM
2016-09-22,12,27.11,29.926570893189375,LightGBM
2016-09-22,13,27.06,31.288304666831085,LightGBM
2016-09-22,14,27.29,29.300780961056983,LightGBM
2016-09-22,15,28.61,31.94692812260564,LightGBM
2016-09-22,16,31.87,36.47184856932127,LightGBM
2016-09-22,17,39.93,40.93220173071552,LightGBM
2016-09-22,18,43.06,46.16888717325867,LightGBM
2016-09-22,19,49.06,49.84045249290735,LightGBM
2016-09-22,20,45.82,44.34475715643361,LightGBM
2016-09-22,21,38.95,40.02458860842565,LightGBM
2016-09-22,22,29.97,32.76458713456568,LightGBM
2016-09-22,23,26.47,29.064811294749532,LightGBM
2016-09-23,0,25.84,27.291961851386034,LightGBM
2016-09-23,1,25.03,26.024487224217193,LightGBM
2016-09-23,2,24.68,24.462468223255783,LightGBM
2016-09-23,3,24.78,23.65640139947854,LightGBM
2016-09-23,4,25.14,24.05966966659448,LightGBM
2016-09-23,5,26.47,26.548518765884875,LightGBM
2016-09-23,6,36.06,36.301042739328835,LightGBM
2016-09-23,7,43.04,43.20204003306389,LightGBM
2016-09-23,8,43.01,44.66465667512948,LightGBM
2016-09-23,9,38.94,41.841479577703744,LightGBM
2016-09-23,10,33.83,37.10921699132046,LightGBM
2016-09-23,11,28.77,33.69951821074621,LightGBM
2016-09-23,12,27.69,28.830027835686217,LightGBM
2016-09-23,13,27.54,27.15929432950276,LightGBM
2016-09-23,14,26.6,27.903732428861893,LightGBM
2016-09-23,15,27.66,28.524119206880727,LightGBM
2016-09-23,16,27.68,30.747015151182943,LightGBM
2016-09-23,17,31.06,39.08476178686235,LightGBM
2016-09-23,18,35.91,42.03575184598179,LightGBM
2016-09-23,19,41.83,44.95986938211,LightGBM
2016-09-23,20,39.98,42.96113587032266,LightGBM
2016-09-23,21,30.36,37.38945623730754,LightGBM
2016-09-23,22,27.7,30.576621231468465,LightGBM
2016-09-23,23,26.79,27.126139436408142,LightGBM
2016-09-24,0,26.27,25.399128914378135,LightGBM
2016-09-24,1,24.68,24.013827052466137,LightGBM
2016-09-24,2,24.39,23.285445677099297,LightGBM
2016-09-24,3,25.15,23.140963111380668,LightGBM
2016-09-24,4,24.65,23.267670057729365,LightGBM
2016-09-24,5,24.59,23.25375442312392,LightGBM
2016-09-24,6,27.31,24.686697686052295,LightGBM
2016-09-24,7,31.15,28.167362520253235,LightGBM
2016-09-24,8,34.63,30.310660897879576,LightGBM
2016-09-24,9,34.04,28.880472375009273,LightGBM
2016-09-24,10,29.0,27.030013941613802,LightGBM
2016-09-24,11,25.43,22.791837878551313,LightGBM
2016-09-24,12,24.32,21.667271405552917,LightGBM
2016-09-24,13,24.26,20.86722576563176,LightGBM
2016-09-24,14,24.4,18.241997923292477,LightGBM
2016-09-24,15,24.93,19.926048651344836,LightGBM
2016-09-24,16,28.01,21.855479905849943,LightGBM
2016-09-24,17,34.58,27.278838936927524,LightGBM
2016-09-24,18,38.08,32.55233266451676,LightGBM
2016-09-24,19,42.63,38.09859793287728,LightGBM
2016-09-24,20,40.99,37.27202486608126,LightGBM
2016-09-24,21,34.53,31.164562202403086,LightGBM
2016-09-24,22,31.15,27.77215519350186,LightGBM
2016-09-24,23,25.46,25.270737164855205,LightGBM
2016-09-25,0,24.46,23.225989116016716,LightGBM
2016-09-25,1,22.06,20.74561782188673,LightGBM
2016-09-25,2,20.55,19.95300099240011,LightGBM
2016-09-25,3,17.84,19.44280740904574,LightGBM
2016-09-25,4,17.7,18.501760888715044,LightGBM
2016-09-25,5,19.68,18.629285141341843,LightGBM
2016-09-25,6,20.09,19.10670211139249,LightGBM
2016-09-25,7,21.47,18.824360591868828,LightGBM
2016-09-25,8,22.45,19.99742402800967,LightGBM
2016-09-25,9,22.95,19.834682259504262,LightGBM
2016-09-25,10,21.09,18.699753612973115,LightGBM
2016-09-25,11,21.09,17.90860770576908,LightGBM
2016-09-25,12,15.97,15.978971173483083,LightGBM
2016-09-25,13,10.93,12.962180705340643,LightGBM
2016-09-25,14,11.49,12.762389217605623,LightGBM
2016-09-25,15,12.89,14.522362412556772,LightGBM
2016-09-25,16,19.76,16.695509372372115,LightGBM
2016-09-25,17,26.55,23.757457251463492,LightGBM
2016-09-25,18,35.09,28.749884837041183,LightGBM
2016-09-25,19,40.95,35.000993569299474,LightGBM
2016-09-25,20,40.94,36.27031139600922,LightGBM
2016-09-25,21,33.53,31.818052673513336,LightGBM
2016-09-25,22,29.57,29.806495259551358,LightGBM
2016-09-25,23,24.52,25.599863027913734,LightGBM
2016-09-26,0,24.27,23.818106928027767,LightGBM
2016-09-26,1,24.2,22.57615109797306,LightGBM
2016-09-26,2,23.42,22.262972774685256,LightGBM
2016-09-26,3,23.28,21.0775690707635,LightGBM
2016-09-26,4,23.49,21.434101733844972,LightGBM
2016-09-26,5,25.46,24.117711505852515,LightGBM
2016-09-26,6,39.24,38.39850669600891,LightGBM
2016-09-26,7,46.53,43.64864282943749,LightGBM
2016-09-26,8,49.0,45.13515673163881,LightGBM
2016-09-26,9,46.84,43.239352841913615,LightGBM
2016-09-26,10,39.97,40.19401345882071,LightGBM
2016-09-26,11,37.39,38.76529822255681,LightGBM
2016-09-26,12,34.94,35.03556443588709,LightGBM
2016-09-26,13,33.95,34.44772784242084,LightGBM
2016-09-26,14,32.44,34.150912045773644,LightGBM
2016-09-26,15,35.0,35.33710916544584,LightGBM
2016-09-26,16,39.87,37.862376978459146,LightGBM
2016-09-26,17,44.65,41.93142044811494,LightGBM
2016-09-26,18,49.55,47.732254743974714,LightGBM
2016-09-26,19,54.12,49.996753303945844,LightGBM
2016-09-26,20,51.23,46.994995168384754,LightGBM
2016-09-26,21,37.93,39.77037909679265,LightGBM
2016-09-26,22,30.52,32.365690242794074,LightGBM
2016-09-26,23,28.4,27.686655250066508,LightGBM
2016-09-27,0,31.33,28.451415096689868,LightGBM
2016-09-27,1,30.74,27.994956104945366,LightGBM
2016-09-27,2,29.75,26.777183948839376,LightGBM
2016-09-27,3,28.73,25.156571080557864,LightGBM
2016-09-27,4,27.84,25.826246919780154,LightGBM
2016-09-27,5,29.56,28.12116287911428,LightGBM
2016-09-27,6,41.53,38.38601510940909,LightGBM
2016-09-27,7,49.0,47.67717938306196,LightGBM
2016-09-27,8,50.0,49.11830145463212,LightGBM
2016-09-27,9,44.98,44.69882486256122,LightGBM
2016-09-27,10,40.22,38.853585461806986,LightGBM
2016-09-27,11,33.93,36.43633033354844,LightGBM
2016-09-27,12,29.17,31.65938089756676,LightGBM
2016-09-27,13,28.28,29.541032902753297,LightGBM
2016-09-27,14,27.91,29.96219068079449,LightGBM
2016-09-27,15,28.29,30.801694177771598,LightGBM
2016-09-27,16,29.33,32.68287789702277,LightGBM
2016-09-27,17,38.91,37.597698909458394,LightGBM
2016-09-27,18,45.2,44.780831858383884,LightGBM
2016-09-27,19,48.97,44.97288249053622,LightGBM
2016-09-27,20,41.91,41.972077992148584,LightGBM
2016-09-27,21,29.94,32.41093275564744,LightGBM
2016-09-27,22,27.82,27.0361369141523,LightGBM
2016-09-27,23,24.36,24.274764179679064,LightGBM
2016-09-28,0,24.01,22.473008630798546,LightGBM
2016-09-28,1,21.03,20.59602810607606,LightGBM
2016-09-28,2,16.19,16.40054007743861,LightGBM
2016-09-28,3,14.66,15.36028601073927,LightGBM
2016-09-28,4,14.91,15.713357750303228,LightGBM
2016-09-28,5,19.89,18.89051881920182,LightGBM
2016-09-28,6,28.52,29.361568214671493,LightGBM
2016-09-28,7,37.94,33.75378943013615,LightGBM
2016-09-28,8,38.1,36.00618870117946,LightGBM
2016-09-28,9,32.22,29.913660318411786,LightGBM
2016-09-28,10,26.0,25.041855282309058,LightGBM
2016-09-28,11,23.06,22.736847070499415,LightGBM
2016-09-28,12,19.79,20.00418753679452,LightGBM
2016-09-28,13,12.94,19.101497298011477,LightGBM
2016-09-28,14,12.95,18.8441641939273,LightGBM
2016-09-28,15,16.84,20.675345311284097,LightGBM
2016-09-28,16,22.67,19.972611987344635,LightGBM
2016-09-28,17,26.45,25.498800996786866,LightGBM
2016-09-28,18,33.53,30.34523384639616,LightGBM
2016-09-28,19,39.59,33.90368732253305,LightGBM
2016-09-28,20,34.36,32.17451049811202,LightGBM
2016-09-28,21,28.14,27.705591493984265,LightGBM
2016-09-28,22,24.41,23.560057260234196,LightGBM
2016-09-28,23,22.02,17.531171385691067,LightGBM
2016-09-29,0,19.93,19.65698975404684,LightGBM
2016-09-29,1,16.1,16.202952121745167,LightGBM
2016-09-29,2,18.63,14.85399537108261,LightGBM
2016-09-29,3,14.57,13.919901557405897,LightGBM
2016-09-29,4,14.15,14.253996779252923,LightGBM
2016-09-29,5,21.08,16.941292436231368,LightGBM
2016-09-29,6,28.93,29.88819460096786,LightGBM
2016-09-29,7,37.97,37.501002284507784,LightGBM
2016-09-29,8,37.84,35.40038140247083,LightGBM
2016-09-29,9,28.42,28.867777726446384,LightGBM
2016-09-29,10,23.59,24.327902692001484,LightGBM
2016-09-29,11,21.71,22.7697352411319,LightGBM
2016-09-29,12,15.84,19.318018653373574,LightGBM
2016-09-29,13,12.65,17.27780264842238,LightGBM
2016-09-29,14,11.43,15.4009008906548,LightGBM
2016-09-29,15,12.66,17.55437875594327,LightGBM
2016-09-29,16,14.78,18.94484228074906,LightGBM
2016-09-29,17,24.61,24.52664689798262,LightGBM
2016-09-29,18,29.1,28.076747937565152,LightGBM
2016-09-29,19,37.91,34.63169980733656,LightGBM
2016-09-29,20,32.05,33.1475084761779,LightGBM
2016-09-29,21,25.03,27.415249932002933,LightGBM
2016-09-29,22,22.69,20.260355764188457,LightGBM
2016-09-29,23,16.85,13.828949124488023,LightGBM
2016-09-30,0,23.79,17.538374085233347,LightGBM
2016-09-30,1,23.32,15.641611309909575,LightGBM
2016-09-30,2,23.81,16.02864082676168,LightGBM
2016-09-30,3,23.09,15.486500081175135,LightGBM
2016-09-30,4,24.02,16.201694222877805,LightGBM
2016-09-30,5,25.73,20.528911257699637,LightGBM
2016-09-30,6,39.68,30.625317745756703,LightGBM
2016-09-30,7,49.66,36.15275864238518,LightGBM
2016-09-30,8,49.97,38.59557995390178,LightGBM
2016-09-30,9,43.91,34.27398004225391,LightGBM
2016-09-30,10,39.96,33.8114143746401,LightGBM
2016-09-30,11,39.6,31.97960843905048,LightGBM
2016-09-30,12,37.9,30.543353705699364,LightGBM
2016-09-30,13,29.65,27.40957633899595,LightGBM
2016-09-30,14,29.37,26.251739642049678,LightGBM
2016-09-30,15,31.96,27.348393551349613,LightGBM
2016-09-30,16,31.19,27.70666088343995,LightGBM
2016-09-30,17,31.48,32.1219634624192,LightGBM
2016-09-30,18,37.99,37.68022499322748,LightGBM
2016-09-30,19,42.91,42.08713836017828,LightGBM
2016-09-30,20,38.97,41.768288143357864,LightGBM
2016-09-30,21,31.9,34.419603922358704,LightGBM
2016-09-30,22,30.93,34.848684989564994,LightGBM
2016-09-30,23,28.43,28.7714114281067,LightGBM
2016-10-01,0,29.18,27.57815003676306,LightGBM
2016-10-01,1,31.06,26.07157586420077,LightGBM
2016-10-01,2,26.0,25.171933731119235,LightGBM
2016-10-01,3,29.02,23.53050533914523,LightGBM
2016-10-01,4,25.94,23.722216450364048,LightGBM
2016-10-01,5,29.13,23.953498608644257,LightGBM
2016-10-01,6,32.55,27.308083539355273,LightGBM
2016-10-01,7,31.3,30.2051432658968,LightGBM
2016-10-01,8,38.38,34.3350558487427,LightGBM
2016-10-01,9,38.96,34.16519002865507,LightGBM
2016-10-01,10,39.94,34.39863836873421,LightGBM
2016-10-01,11,39.21,34.64912316730984,LightGBM
2016-10-01,12,34.07,31.342129470410466,LightGBM
2016-10-01,13,30.53,28.403801143590265,LightGBM
2016-10-01,14,29.63,26.340115238972423,LightGBM
2016-10-01,15,29.18,27.447008261537555,LightGBM
2016-10-01,16,29.44,28.448317151190672,LightGBM
2016-10-01,17,34.63,31.271726147361257,LightGBM
2016-10-01,18,39.93,36.894388465110666,LightGBM
2016-10-01,19,45.03,40.62657545923539,LightGBM
2016-10-01,20,40.06,36.78510452862459,LightGBM
2016-10-01,21,30.74,32.27658100934154,LightGBM
2016-10-01,22,28.84,29.969856859459494,LightGBM
2016-10-01,23,32.47,27.17367120527891,LightGBM
2016-10-02,0,32.68,25.950393773227184,LightGBM
2016-10-02,1,27.04,22.276356485197123,LightGBM
2016-10-02,2,26.28,22.243653822325257,LightGBM
2016-10-02,3,25.13,20.797269457561217,LightGBM
2016-10-02,4,24.9,19.343817905663514,LightGBM
2016-10-02,5,25.03,20.72457505537164,LightGBM
2016-10-02,6,25.43,19.591335737980366,LightGBM
2016-10-02,7,26.09,20.11231272750315,LightGBM
2016-10-02,8,29.7,21.825922592200254,LightGBM
2016-10-02,9,30.99,22.901229430842562,LightGBM
2016-10-02,10,29.88,21.06991417963244,LightGBM
2016-10-02,11,32.38,20.865704734714402,LightGBM
2016-10-02,12,29.11,19.29723322675521,LightGBM
2016-10-02,13,26.64,17.591366511158053,LightGBM
2016-10-02,14,25.01,18.9326495590299,LightGBM
2016-10-02,15,24.65,18.933012350345404,LightGBM
2016-10-02,16,25.06,21.16971813579755,LightGBM
2016-10-02,17,31.65,24.70194768015312,LightGBM
2016-10-02,18,41.22,29.068578215075483,LightGBM
2016-10-02,19,49.35,34.092535150568466,LightGBM
2016-10-02,20,42.4,31.523239229028793,LightGBM
2016-10-02,21,34.78,27.388664916872024,LightGBM
2016-10-02,22,29.94,26.770334308116777,LightGBM
2016-10-02,23,25.19,24.010784735693136,LightGBM
2016-10-03,0,30.81,24.68544328271181,LightGBM
2016-10-03,1,26.11,22.55694687032944,LightGBM
2016-10-03,2,25.09,22.83688554876931,LightGBM
2016-10-03,3,24.54,21.0030245939242,LightGBM
2016-10-03,4,24.59,21.495477058904672,LightGBM
2016-10-03,5,25.78,22.126432189411187,LightGBM
2016-10-03,6,36.12,27.033485141937977,LightGBM
2016-10-03,7,40.96,28.405488115453853,LightGBM
2016-10-03,8,38.19,31.112820062572034,LightGBM
2016-10-03,9,39.76,32.413631735718354,LightGBM
2016-10-03,10,32.6,29.104116594358036,LightGBM
2016-10-03,11,33.17,30.467932696175495,LightGBM
2016-10-03,12,26.19,27.06687795717568,LightGBM
2016-10-03,13,25.33,24.489445180966428,LightGBM
2016-10-03,14,24.59,23.097412110719137,LightGBM
2016-10-03,15,29.39,23.82679927591418,LightGBM
2016-10-03,16,31.04,26.29493079884402,LightGBM
2016-10-03,17,33.37,34.06036723259245,LightGBM
2016-10-03,18,37.1,39.302564216991506,LightGBM
2016-10-03,19,37.74,42.189379561275324,LightGBM
2016-10-03,20,32.63,39.54940243934567,LightGBM
2016-10-03,21,28.42,31.883974234913012,LightGBM
2016-10-03,22,25.74,30.18285238903585,LightGBM
2016-10-03,23,24.6,26.16663130203219,LightGBM
2016-10-04,0,25.96,21.830308504161646,LightGBM
2016-10-04,1,25.28,20.057105207020932,LightGBM
2016-10-04,2,24.05,19.630764150830487,LightGBM
2016-10-04,3,22.03,19.04435930764445,LightGBM
2016-10-04,4,23.25,18.387627313920785,LightGBM
2016-10-04,5,25.54,22.699756261207394,LightGBM
2016-10-04,6,30.04,31.68855654842801,LightGBM
2016-10-04,7,37.1,37.56399362357302,LightGBM
2016-10-04,8,40.38,39.03851086309085,LightGBM
2016-10-04,9,36.78,34.986214616222476,LightGBM
2016-10-04,10,32.37,31.486230053256083,LightGBM
2016-10-04,11,28.71,32.28632435641176,LightGBM
2016-10-04,12,31.29,29.340755964603208,LightGBM
2016-10-04,13,32.08,28.031630265274618,LightGBM
2016-10-04,14,31.99,27.050386854466325,LightGBM
2016-10-04,15,31.87,28.12126862806324,LightGBM
2016-10-04,16,30.49,30.245081169103926,LightGBM
2016-10-04,17,35.7,33.26275427362938,LightGBM
2016-10-04,18,37.88,38.602732059706945,LightGBM
2016-10-04,19,39.09,36.66609969281021,LightGBM
2016-10-04,20,30.21,33.364838423539595,LightGBM
2016-10-04,21,26.08,29.834130443882504,LightGBM
2016-10-04,22,24.78,25.22069992852805,LightGBM
2016-10-04,23,24.93,21.167132426931232,LightGBM
2016-10-05,0,25.06,22.25200629800593,LightGBM
2016-10-05,1,23.67,20.93870415661244,LightGBM
2016-10-05,2,22.45,20.640747314829586,LightGBM
2016-10-05,3,22.23,21.434405083196346,LightGBM
2016-10-05,4,22.71,21.7559303184386,LightGBM
2016-10-05,5,24.3,22.307222947571205,LightGBM
2016-10-05,6,31.17,30.159272149606405,LightGBM
2016-10-05,7,42.45,37.524798393519994,LightGBM
2016-10-05,8,41.97,36.68985362496871,LightGBM
2016-10-05,9,30.14,33.051442430750654,LightGBM
2016-10-05,10,27.58,29.640056538848484,LightGBM
2016-10-05,11,27.51,27.601573129887864,LightGBM
2016-10-05,12,26.33,26.93506512522076,LightGBM
2016-10-05,13,26.98,26.01159014128487,LightGBM
2016-10-05,14,28.17,26.695073152672272,LightGBM
2016-10-05,15,28.18,27.447267384620513,LightGBM
2016-10-05,16,29.99,27.71134597495101,LightGBM
2016-10-05,17,35.0,31.277912033193473,LightGBM
2016-10-05,18,42.2,33.47070235794097,LightGBM
2016-10-05,19,41.08,37.02057224187506,LightGBM
2016-10-05,20,33.37,31.756183169406764,LightGBM
2016-10-05,21,27.67,27.808547443752715,LightGBM
2016-10-05,22,26.98,25.57255521980037,LightGBM
2016-10-05,23,25.02,20.289369303216983,LightGBM
2016-10-06,0,13.65,22.108204054964922,LightGBM
2016-10-06,1,17.1,21.466002074182658,LightGBM
2016-10-06,2,16.05,20.63279603977238,LightGBM
2016-10-06,3,12.3,20.229411019297387,LightGBM
2016-10-06,4,19.55,18.933189051173436,LightGBM
2016-10-06,5,24.06,22.527753840259585,LightGBM
2016-10-06,6,27.63,29.30501226813901,LightGBM
2016-10-06,7,33.19,36.70703488564804,LightGBM
2016-10-06,8,32.57,37.4259710857776,LightGBM
2016-10-06,9,36.19,33.66791893662616,LightGBM
2016-10-06,10,36.45,33.89577248928741,LightGBM
2016-10-06,11,36.77,33.94989843147622,LightGBM
2016-10-06,12,36.97,31.987066224224396,LightGBM
2016-10-06,13,36.44,31.574438191117537,LightGBM
2016-10-06,14,34.18,30.45535806376851,LightGBM
2016-10-06,15,34.06,31.231577619896314,LightGBM
2016-10-06,16,33.42,32.5907020019294,LightGBM
2016-10-06,17,42.42,35.03575182077149,LightGBM
2016-10-06,18,42.47,39.22936751522265,LightGBM
2016-10-06,19,49.69,39.98812253242882,LightGBM
2016-10-06,20,40.02,34.852403455554075,LightGBM
2016-10-06,21,34.23,30.299455818594684,LightGBM
2016-10-06,22,30.68,29.68630699118489,LightGBM
2016-10-06,23,28.43,27.035017467088874,LightGBM
2016-10-07,0,28.87,27.303344081150836,LightGBM
2016-10-07,1,26.9,26.340943234939203,LightGBM
2016-10-07,2,26.98,24.856532604796673,LightGBM
2016-10-07,3,27.59,23.516470814730084,LightGBM
2016-10-07,4,27.96,24.644997572371278,LightGBM
2016-10-07,5,29.93,27.174846408774247,LightGBM
2016-10-07,6,42.28,35.579357334635,LightGBM
2016-10-07,7,42.0,45.01496313518193,LightGBM
2016-10-07,8,45.58,48.336575067097506,LightGBM
2016-10-07,9,45.05,47.756044797683685,LightGBM
2016-10-07,10,46.53,43.704648622659676,LightGBM
2016-10-07,11,52.32,41.25963463228681,LightGBM
2016-10-07,12,53.07,40.77718626917761,LightGBM
2016-10-07,13,47.11,39.371683848205954,LightGBM
2016-10-07,14,44.06,37.37128831623812,LightGBM
2016-10-07,15,42.47,37.51517253750291,LightGBM
2016-10-07,16,41.98,38.6320442889094,LightGBM
2016-10-07,17,38.49,43.66116149642117,LightGBM
2016-10-07,18,41.94,45.253978357905595,LightGBM
2016-10-07,19,42.46,45.432994377421096,LightGBM
2016-10-07,20,33.1,42.74938923355652,LightGBM
2016-10-07,21,30.53,35.53244129832271,LightGBM
2016-10-07,22,31.12,32.700207464422995,LightGBM
2016-10-07,23,32.97,29.017242590448262,LightGBM
2016-10-08,0,31.04,30.08643946563621,LightGBM
2016-10-08,1,28.78,27.80476100897096,LightGBM
2016-10-08,2,29.97,27.22840605187105,LightGBM
2016-10-08,3,29.7,25.11824522567969,LightGBM
2016-10-08,4,29.99,24.44835970254493,LightGBM
2016-10-08,5,29.56,25.17872882959945,LightGBM
2016-10-08,6,31.59,26.699448087434902,LightGBM
2016-10-08,7,33.39,30.223760962076636,LightGBM
2016-10-08,8,40.04,31.947715193200786,LightGBM
2016-10-08,9,43.41,34.935664076816835,LightGBM
2016-10-08,10,44.94,34.79705391471692,LightGBM
2016-10-08,11,42.08,33.16344901543176,LightGBM
2016-10-08,12,33.58,32.2307753897072,LightGBM
2016-10-08,13,32.48,29.39882708570589,LightGBM
2016-10-08,14,33.03,27.944845568043398,LightGBM
2016-10-08,15,32.44,29.213909148271156,LightGBM
2016-10-08,16,37.02,31.5023139988606,LightGBM
2016-10-08,17,42.69,33.46427946012059,LightGBM
2016-10-08,18,46.0,38.236320696584556,LightGBM
2016-10-08,19,52.75,42.97829217709456,LightGBM
2016-10-08,20,42.92,38.29286567405805,LightGBM
2016-10-08,21,35.0,33.80071827871988,LightGBM
2016-10-08,22,32.44,32.768530329785385,LightGBM
2016-10-08,23,31.12,29.48067445116034,LightGBM
2016-10-09,0,28.71,29.714704683788742,LightGBM
2016-10-09,1,28.45,27.834154174242805,LightGBM
2016-10-09,2,29.25,26.617767746444986,LightGBM
2016-10-09,3,28.79,25.663144975050592,LightGBM
2016-10-09,4,28.72,24.22751472884233,LightGBM
2016-10-09,5,28.09,24.998042186345828,LightGBM
2016-10-09,6,28.55,25.80874622009184,LightGBM
2016-10-09,7,29.11,27.251452878701464,LightGBM
2016-10-09,8,31.87,29.67185489370253,LightGBM
2016-10-09,9,33.68,32.43959429683211,LightGBM
2016-10-09,10,33.34,31.633532675441696,LightGBM
2016-10-09,11,34.13,31.469365701274274,LightGBM
2016-10-09,12,32.06,29.93450196932943,LightGBM
2016-10-09,13,28.81,29.469233207234574,LightGBM
2016-10-09,14,28.23,29.238040081079664,LightGBM
2016-10-09,15,28.21,26.84254556586567,LightGBM
2016-10-09,16,28.8,30.45952636219582,LightGBM
2016-10-09,17,32.95,35.07931037842327,LightGBM
2016-10-09,18,41.29,43.7748521900678,LightGBM
2016-10-09,19,50.52,47.43903081008482,LightGBM
2016-10-09,20,45.29,44.70635104419708,LightGBM
2016-10-09,21,43.45,38.266530141853586,LightGBM
2016-10-09,22,42.24,38.15477551777353,LightGBM
2016-10-09,23,34.39,31.944150787062693,LightGBM
2016-10-10,0,29.58,30.722831535436697,LightGBM
2016-10-10,1,31.87,29.543407862396773,LightGBM
2016-10-10,2,33.49,28.33148602312128,LightGBM
2016-10-10,3,30.66,27.35784275836024,LightGBM
2016-10-10,4,30.19,26.836107446513353,LightGBM
2016-10-10,5,31.28,28.46796860483737,LightGBM
2016-10-10,6,48.85,39.39352720672124,LightGBM
2016-10-10,7,69.24,46.28934691574322,LightGBM
2016-10-10,8,75.0,46.87985177027956,LightGBM
2016-10-10,9,70.16,47.03779559918002,LightGBM
2016-10-10,10,60.13,44.06287911734515,LightGBM
2016-10-10,11,55.66,43.05473666067324,LightGBM
2016-10-10,12,51.99,42.160419531205754,LightGBM
2016-10-10,13,53.21,39.96405969192924,LightGBM
2016-10-10,14,52.65,38.65118725229795,LightGBM
2016-10-10,15,51.91,39.341731063218425,LightGBM
2016-10-10,16,55.0,41.07450647112316,LightGBM
2016-10-10,17,57.24,46.21777773937004,LightGBM
2016-10-10,18,69.94,48.47654753182562,LightGBM
2016-10-10,19,81.93,53.46555790113488,LightGBM
2016-10-10,20,57.1,46.447356068924826,LightGBM
2016-10-10,21,43.41,40.099991747425726,LightGBM
2016-10-10,22,33.48,36.442860702658066,LightGBM
2016-10-10,23,30.53,30.049705684808472,LightGBM
2016-10-11,0,32.34,30.82716781411688,LightGBM
2016-10-11,1,30.23,30.394521311501578,LightGBM
2016-10-11,2,29.08,28.85196555812293,LightGBM
2016-10-11,3,29.16,29.059264558934338,LightGBM
2016-10-11,4,30.18,29.218037139829512,LightGBM
2016-10-11,5,31.91,30.433917407369528,LightGBM
2016-10-11,6,36.91,38.02005798666364,LightGBM
2016-10-11,7,45.93,47.61335742497054,LightGBM
2016-10-11,8,49.39,53.007751910580126,LightGBM
2016-10-11,9,49.35,48.74696108740029,LightGBM
2016-10-11,10,47.58,44.95651138243632,LightGBM
2016-10-11,11,45.08,43.661026830901,LightGBM
2016-10-11,12,40.08,39.12272122249324,LightGBM
2016-10-11,13,39.91,38.72149561226498,LightGBM
2016-10-11,14,37.88,39.1024752174312,LightGBM
2016-10-11,15,39.25,39.95539327322365,LightGBM
2016-10-11,16,39.96,40.677363289116414,LightGBM
2016-10-11,17,42.67,44.08787651050828,LightGBM
2016-10-11,18,44.97,47.211141412994905,LightGBM
2016-10-11,19,44.54,48.77060334060254,LightGBM
2016-10-11,20,35.45,39.98214091579364,LightGBM
2016-10-11,21,34.23,35.10350929614357,LightGBM
2016-10-11,22,33.03,31.632635191254174,LightGBM
2016-10-11,23,30.41,29.00308751005935,LightGBM
2016-10-12,0,28.17,28.35301799967532,LightGBM
2016-10-12,1,27.93,27.641977658410468,LightGBM
2016-10-12,2,28.09,25.86040526487242,LightGBM
2016-10-12,3,28.01,25.806043476197573,LightGBM
2016-10-12,4,28.16,26.020142958525867,LightGBM
2016-10-12,5,29.99,28.163112918767528,LightGBM
2016-10-12,6,32.93,34.91091141649476,LightGBM
2016-10-12,7,45.07,45.16388553031352,LightGBM
2016-10-12,8,46.99,46.751576966888976,LightGBM
2016-10-12,9,45.95,44.609936271029554,LightGBM
2016-10-12,10,41.59,44.93634688779604,LightGBM
2016-10-12,11,44.94,44.5154631647619,LightGBM
2016-10-12,12,40.54,40.57349847904586,LightGBM
2016-10-12,13,36.77,38.400880778087085,LightGBM
2016-10-12,14,34.93,39.792727666863684,LightGBM
2016-10-12,15,33.87,40.13286166186343,LightGBM
2016-10-12,16,37.44,39.23919476374595,LightGBM
2016-10-12,17,44.02,42.66603107516867,LightGBM
2016-10-12,18,45.68,46.34634061509702,LightGBM
2016-10-12,19,47.82,48.56672379748937,LightGBM
2016-10-12,20,38.26,41.065810501499705,LightGBM
2016-10-12,21,33.57,34.334711828841364,LightGBM
2016-10-12,22,33.99,34.52237778875759,LightGBM
2016-10-12,23,30.1,29.347252322812423,LightGBM
2016-10-13,0,28.21,27.23302438260213,LightGBM
2016-10-13,1,28.15,25.68357912352385,LightGBM
2016-10-13,2,28.08,24.079617551821062,LightGBM
2016-10-13,3,28.14,23.843272484457806,LightGBM
2016-10-13,4,28.12,23.912426703706252,LightGBM
2016-10-13,5,28.23,27.88052840263414,LightGBM
2016-10-13,6,36.66,32.81801229105804,LightGBM
2016-10-13,7,47.91,42.75139407998072,LightGBM
2016-10-13,8,49.64,44.96574156178076,LightGBM
2016-10-13,9,44.98,38.921193680485516,LightGBM
2016-10-13,10,40.02,33.384937716443574,LightGBM
2016-10-13,11,37.64,32.48166939072339,LightGBM
2016-10-13,12,31.39,30.321865091340186,LightGBM
2016-10-13,13,31.06,27.94207922891621,LightGBM
2016-10-13,14,30.12,27.101751030610167,LightGBM
2016-10-13,15,32.06,27.4275532074747,LightGBM
2016-10-13,16,31.63,29.822998267113697,LightGBM
2016-10-13,17,38.13,33.20413238672353,LightGBM
2016-10-13,18,42.76,35.93912685369789,LightGBM
2016-10-13,19,39.96,37.87700347575878,LightGBM
2016-10-13,20,30.58,31.82027550574069,LightGBM
2016-10-13,21,28.7,25.78766962897135,LightGBM
2016-10-13,22,28.2,26.037744365310502,LightGBM
2016-10-13,23,27.42,15.873988222731803,LightGBM
2016-10-14,0,20.8,21.547963441070824,LightGBM
2016-10-14,1,20.02,20.05254240691196,LightGBM
2016-10-14,2,14.98,18.718801382067703,LightGBM
2016-10-14,3,20.07,17.630916662239017,LightGBM
2016-10-14,4,21.72,17.26326704371561,LightGBM
2016-10-14,5,25.2,22.295082646061687,LightGBM
2016-10-14,6,30.29,29.855945319034156,LightGBM
2016-10-14,7,40.53,35.82265752267771,LightGBM
2016-10-14,8,40.08,37.09042092031094,LightGBM
2016-10-14,9,40.1,34.20826987980406,LightGBM
2016-10-14,10,34.13,31.006105848313194,LightGBM
2016-10-14,11,29.55,29.769814438657978,LightGBM
2016-10-14,12,28.17,28.383073258461014,LightGBM
2016-10-14,13,28.1,27.19286233779816,LightGBM
2016-10-14,14,28.2,27.21350691995423,LightGBM
2016-10-14,15,30.01,28.805737330798724,LightGBM
2016-10-14,16,29.0,30.57274528347766,LightGBM
2016-10-14,17,37.07,38.53804780480852,LightGBM
2016-10-14,18,38.27,39.889907422198135,LightGBM
2016-10-14,19,38.52,38.69678115648663,LightGBM
2016-10-14,20,32.32,32.178339586852886,LightGBM
2016-10-14,21,29.57,30.9813470654297,LightGBM
2016-10-14,22,28.2,29.54003720041492,LightGBM
2016-10-14,23,28.01,24.479265666492886,LightGBM
2016-10-15,0,15.53,23.227985894726917,LightGBM
2016-10-15,1,13.1,21.309042585577135,LightGBM
2016-10-15,2,13.66,20.227412169391332,LightGBM
2016-10-15,3,13.62,19.894946080432774,LightGBM
2016-10-15,4,17.99,21.750727712571244,LightGBM
2016-10-15,5,15.5,21.378060991325214,LightGBM
2016-10-15,6,15.79,19.67350862067145,LightGBM
2016-10-15,7,27.62,22.3452089737686,LightGBM
2016-10-15,8,30.59,28.55161763458213,LightGBM
2016-10-15,9,31.62,32.08154026325127,LightGBM
2016-10-15,10,31.89,31.409278021717327,LightGBM
2016-10-15,11,33.34,30.94680389823759,LightGBM
2016-10-15,12,31.39,31.321563118573064,LightGBM
2016-10-15,13,31.36,29.03680191153274,LightGBM
2016-10-15,14,32.24,30.054597603117294,LightGBM
2016-10-15,15,36.05,31.351152016401148,LightGBM
2016-10-15,16,38.03,33.32925034814492,LightGBM
2016-10-15,17,42.86,40.11778374726089,LightGBM
2016-10-15,18,49.92,44.984698181965086,LightGBM
2016-10-15,19,57.05,47.50254295195844,LightGBM
2016-10-15,20,48.93,39.30661409710342,LightGBM
2016-10-15,21,44.38,37.10609239170778,LightGBM
2016-10-15,22,40.02,36.67306266581018,LightGBM
2016-10-15,23,32.96,31.70901124837979,LightGBM
2016-10-16,0,33.08,30.013131797378364,LightGBM
2016-10-16,1,31.1,27.948493286157273,LightGBM
2016-10-16,2,31.6,27.150753548286133,LightGBM
2016-10-16,3,30.59,24.931508139823475,LightGBM
2016-10-16,4,30.66,24.56966970003257,LightGBM
2016-10-16,5,30.61,25.86602331868057,LightGBM
2016-10-16,6,30.91,26.732433819566292,LightGBM
2016-10-16,7,31.51,30.752673425287163,LightGBM
2016-10-16,8,36.63,32.48890566415719,LightGBM
2016-10-16,9,38.48,34.33135343001205,LightGBM
2016-10-16,10,37.39,36.664595462400825,LightGBM
2016-10-16,11,34.57,33.315276839896114,LightGBM
2016-10-16,12,33.1,31.85827425965771,LightGBM
2016-10-16,13,31.54,28.50798259796356,LightGBM
2016-10-16,14,30.08,25.29438070117918,LightGBM
2016-10-16,15,30.44,26.61001709696419,LightGBM
2016-10-16,16,31.05,28.901839541185485,LightGBM
2016-10-16,17,36.06,36.65367754793415,LightGBM
2016-10-16,18,45.85,42.019241441762404,LightGBM
2016-10-16,19,48.93,47.47915196351366,LightGBM
2016-10-16,20,34.15,38.54197434152041,LightGBM
2016-10-16,21,31.06,32.566317993371285,LightGBM
2016-10-16,22,30.57,31.812372190055427,LightGBM
2016-10-16,23,28.84,27.117116470171673,LightGBM
2016-10-17,0,30.6,26.608511236049665,LightGBM
2016-10-17,1,29.56,26.093810692690894,LightGBM
2016-10-17,2,29.17,24.21697069950724,LightGBM
2016-10-17,3,28.44,22.17715642518153,LightGBM
2016-10-17,4,28.53,21.54745625102438,LightGBM
2016-10-17,5,30.46,27.556249126804595,LightGBM
2016-10-17,6,41.75,37.58786563907443,LightGBM
2016-10-17,7,45.11,48.13483294734712,LightGBM
2016-10-17,8,48.34,50.25607509576645,LightGBM
2016-10-17,9,46.42,49.39325285345755,LightGBM
2016-10-17,10,46.48,45.970242229431065,LightGBM
2016-10-17,11,46.02,44.78805298621461,LightGBM
2016-10-17,12,41.9,43.56974677869673,LightGBM
2016-10-17,13,45.21,43.66610367844547,LightGBM
2016-10-17,14,48.97,43.9731992355012,LightGBM
2016-10-17,15,52.42,48.369180584720894,LightGBM
2016-10-17,16,53.97,47.80166208369716,LightGBM
2016-10-17,17,50.05,54.70798302832371,LightGBM
2016-10-17,18,55.56,63.06305005373628,LightGBM
2016-10-17,19,56.08,59.6279813328194,LightGBM
2016-10-17,20,46.44,49.101976603665534,LightGBM
2016-10-17,21,35.74,41.07125518774329,LightGBM
2016-10-17,22,36.87,36.47213459814455,LightGBM
2016-10-17,23,32.57,31.71807729337339,LightGBM
2016-10-18,0,31.5,31.74243412708689,LightGBM
2016-10-18,1,30.82,31.336685216618744,LightGBM
2016-10-18,2,30.46,30.618146563806697,LightGBM
2016-10-18,3,30.5,28.87507791161369,LightGBM
2016-10-18,4,31.11,29.99484514695479,LightGBM
2016-10-18,5,32.96,30.944288802537816,LightGBM
2016-10-18,6,41.79,39.93820636745412,LightGBM
2016-10-18,7,51.33,51.19211638453677,LightGBM
2016-10-18,8,54.95,53.46653241732274,LightGBM
2016-10-18,9,51.93,53.09053253168808,LightGBM
2016-10-18,10,50.35,51.44821402734695,LightGBM
2016-10-18,11,50.81,48.244635510375936,LightGBM
2016-10-18,12,46.49,45.77120276799654,LightGBM
2016-10-18,13,41.16,43.41765738909573,LightGBM
2016-10-18,14,35.38,40.86691279802405,LightGBM
2016-10-18,15,35.76,43.33303753436754,LightGBM
2016-10-18,16,36.8,44.23206758370587,LightGBM
2016-10-18,17,44.9,47.08070809615726,LightGBM
2016-10-18,18,48.91,50.91846345910562,LightGBM
2016-10-18,19,47.47,49.84953392003809,LightGBM
2016-10-18,20,37.63,40.49870255228974,LightGBM
2016-10-18,21,34.44,34.61494656385673,LightGBM
2016-10-18,22,32.7,34.17076786705404,LightGBM
2016-10-18,23,30.49,30.45423838492582,LightGBM
2016-10-19,0,30.27,28.71687413153812,LightGBM
2016-10-19,1,28.99,28.131273390982546,LightGBM
2016-10-19,2,28.95,26.834930027135087,LightGBM
2016-10-19,3,29.08,27.116625324593315,LightGBM
2016-10-19,4,30.32,27.87200883919647,LightGBM
2016-10-19,5,30.85,29.992576188619736,LightGBM
2016-10-19,6,36.66,38.39304752660686,LightGBM
2016-10-19,7,47.5,48.25645673071847,LightGBM
2016-10-19,8,48.68,49.159162714728836,LightGBM
2016-10-19,9,48.47,47.90634018252956,LightGBM
2016-10-19,10,49.29,46.46414070048212,LightGBM
2016-10-19,11,49.29,45.874741745820614,LightGBM
2016-10-19,12,47.99,41.756161169821134,LightGBM
2016-10-19,13,45.92,42.36614157139369,LightGBM
2016-10-19,14,42.01,38.987575168468965,LightGBM
2016-10-19,15,41.27,40.418348224861354,LightGBM
2016-10-19,16,42.12,41.290786711773215,LightGBM
2016-10-19,17,48.32,45.67208434394932,LightGBM
2016-10-19,18,48.95,49.54044142553482,LightGBM
2016-10-19,19,49.0,51.32545874521197,LightGBM
2016-10-19,20,44.49,44.4873927294737,LightGBM
2016-10-19,21,35.2,38.22464734649162,LightGBM
2016-10-19,22,34.99,36.31191753294605,LightGBM
2016-10-19,23,31.26,30.941612445439755,LightGBM
2016-10-20,0,30.36,30.465474082299167,LightGBM
2016-10-20,1,29.99,29.110436038387988,LightGBM
2016-10-20,2,29.97,28.574037598101302,LightGBM
2016-10-20,3,30.03,28.17411258729712,LightGBM
2016-10-20,4,30.02,29.22519053270658,LightGBM
2016-10-20,5,30.83,30.679278670451584,LightGBM
2016-10-20,6,35.35,38.971035338111,LightGBM
2016-10-20,7,41.84,49.72478299191988,LightGBM
2016-10-20,8,46.95,51.850931503222434,LightGBM
2016-10-20,9,47.98,49.94502342178907,LightGBM
2016-10-20,10,47.06,47.87693569529294,LightGBM
2016-10-20,11,47.16,47.11322508524864,LightGBM
2016-10-20,12,44.93,46.40799017991161,LightGBM
2016-10-20,13,44.71,43.20314537943712,LightGBM
2016-10-20,14,42.6,44.67855108968441,LightGBM
2016-10-20,15,43.6,44.75060582066554,LightGBM
2016-10-20,16,44.98,43.96401878927254,LightGBM
2016-10-20,17,48.91,47.537917666275156,LightGBM
2016-10-20,18,48.96,55.23609996501249,LightGBM
2016-10-20,19,56.01,56.35166530753142,LightGBM
2016-10-20,20,46.45,47.78294202973816,LightGBM
2016-10-20,21,36.11,40.10415196447424,LightGBM
2016-10-20,22,34.67,37.517790836428375,LightGBM
2016-10-20,23,32.87,32.56109337176232,LightGBM
2016-10-21,0,32.65,31.49368482816004,LightGBM
2016-10-21,1,31.94,30.633481597955644,LightGBM
2016-10-21,2,31.39,29.394436201173093,LightGBM
2016-10-21,3,31.17,30.0387341003,LightGBM
2016-10-21,4,32.55,29.871580703372377,LightGBM
2016-10-21,5,32.84,31.052597100300257,LightGBM
2016-10-21,6,35.9,37.67375186013851,LightGBM
2016-10-21,7,46.87,48.5343689803099,LightGBM
2016-10-21,8,48.98,48.361060142030276,LightGBM
2016-10-21,9,48.45,48.626091241613466,LightGBM
2016-10-21,10,48.42,47.370768340612486,LightGBM
2016-10-21,11,47.82,48.05774487338205,LightGBM
2016-10-21,12,46.49,44.86768070670127,LightGBM
2016-10-21,13,41.84,41.55558387732769,LightGBM
2016-10-21,14,38.31,38.54722784105419,LightGBM
2016-10-21,15,37.41,36.6930986939795,LightGBM
2016-10-21,16,37.96,38.490012216909456,LightGBM
2016-10-21,17,42.06,43.52440126561214,LightGBM
2016-10-21,18,46.44,47.49258666031396,LightGBM
2016-10-21,19,45.95,46.81133700132432,LightGBM
2016-10-21,20,39.49,41.81489883582842,LightGBM
2016-10-21,21,36.09,34.99880525286769,LightGBM
2016-10-21,22,34.98,34.00297715956817,LightGBM
2016-10-21,23,33.9,31.08846177649365,LightGBM
2016-10-22,0,38.45,30.88167796885451,LightGBM
2016-10-22,1,34.55,29.787512093164793,LightGBM
2016-10-22,2,33.96,27.97193615335752,LightGBM
2016-10-22,3,34.11,28.343460828085377,LightGBM
2016-10-22,4,35.18,28.449429062942922,LightGBM
2016-10-22,5,35.61,27.798616672409036,LightGBM
2016-10-22,6,34.55,29.482960046465458,LightGBM
2016-10-22,7,36.89,31.38357563285155,LightGBM
2016-10-22,8,35.21,33.31078230865956,LightGBM
2016-10-22,9,38.07,40.33790000873351,LightGBM
2016-10-22,10,37.87,40.64131245088064,LightGBM
2016-10-22,11,37.28,40.02831450216859,LightGBM
2016-10-22,12,39.96,41.39309291210523,LightGBM
2016-10-22,13,35.02,35.90874988690826,LightGBM
2016-10-22,14,34.31,35.37488172492438,LightGBM
2016-10-22,15,34.17,34.60704945524442,LightGBM
2016-10-22,16,35.19,36.99536264938294,LightGBM
2016-10-22,17,46.76,44.15603818244022,LightGBM
2016-10-22,18,49.96,49.16068164687044,LightGBM
2016-10-22,19,49.99,49.75358268507427,LightGBM
2016-10-22,20,44.11,42.55339013613043,LightGBM
2016-10-22,21,35.88,37.07056930161183,LightGBM
2016-10-22,22,34.53,36.682672005355265,LightGBM
2016-10-22,23,34.51,32.6394635362114,LightGBM
2016-10-23,0,33.09,32.7032310807663,LightGBM
2016-10-23,1,32.69,30.930650747181105,LightGBM
2016-10-23,2,32.41,30.96691887618964,LightGBM
2016-10-23,3,31.85,28.359124864760087,LightGBM
2016-10-23,4,32.03,27.343338262796298,LightGBM
2016-10-23,5,31.9,27.60621170627755,LightGBM
2016-10-23,6,32.52,28.040833974847466,LightGBM
2016-10-23,7,33.04,30.519935661942956,LightGBM
2016-10-23,8,33.75,33.97197182268922,LightGBM
2016-10-23,9,35.22,36.38247704696222,LightGBM
2016-10-23,10,34.84,36.658390026991796,LightGBM
2016-10-23,11,33.91,35.92849349422768,LightGBM
2016-10-23,12,32.63,33.3882980713427,LightGBM
2016-10-23,13,32.86,29.78166566007055,LightGBM
2016-10-23,14,31.95,30.196256468879973,LightGBM
2016-10-23,15,32.66,31.060946773944803,LightGBM
2016-10-23,16,34.44,34.063572924373005,LightGBM
2016-10-23,17,37.24,39.964269489005986,LightGBM
2016-10-23,18,42.01,47.67091071623757,LightGBM
2016-10-23,19,47.02,51.5902301046048,LightGBM
2016-10-23,20,39.77,41.92171575518509,LightGBM
2016-10-23,21,36.86,35.7913694765541,LightGBM
2016-10-23,22,34.75,36.19679027637777,LightGBM
2016-10-23,23,33.6,32.37998614354674,LightGBM
2016-10-24,0,31.44,30.99516013937582,LightGBM
2016-10-24,1,31.08,30.39248217809144,LightGBM
2016-10-24,2,31.53,29.836061800051358,LightGBM
2016-10-24,3,30.9,29.85787443119534,LightGBM
2016-10-24,4,31.24,29.343589902379108,LightGBM
2016-10-24,5,31.68,31.61425789394881,LightGBM
2016-10-24,6,43.5,43.53145829089859,LightGBM
2016-10-24,7,49.92,53.70126757214374,LightGBM
2016-10-24,8,49.92,55.971026455152696,LightGBM
2016-10-24,9,49.9,52.506973378227485,LightGBM
2016-10-24,10,49.98,52.29918346150956,LightGBM
2016-10-24,11,49.97,51.60894627695125,LightGBM
2016-10-24,12,49.07,49.15597345271248,LightGBM
2016-10-24,13,46.07,47.93390747308367,LightGBM
2016-10-24,14,44.73,48.161134900051835,LightGBM
2016-10-24,15,46.09,49.55308316132765,LightGBM
2016-10-24,16,46.47,48.66355236549291,LightGBM
2016-10-24,17,48.21,55.5049235552996,LightGBM
2016-10-24,18,48.49,54.25049257605243,LightGBM
2016-10-24,19,48.35,51.13916744112234,LightGBM
2016-10-24,20,42.32,42.980541151374446,LightGBM
2016-10-24,21,36.35,35.79201157703454,LightGBM
2016-10-24,22,35.82,35.10398416481099,LightGBM
2016-10-24,23,33.07,32.65055389802944,LightGBM
2016-10-25,0,35.38,31.466909875225614,LightGBM
2016-10-25,1,34.58,30.89997801480648,LightGBM
2016-10-25,2,34.64,30.57674311121044,LightGBM
2016-10-25,3,35.02,30.97646749143681,LightGBM
2016-10-25,4,34.97,32.02821635471596,LightGBM
2016-10-25,5,37.01,32.785431583760904,LightGBM
2016-10-25,6,43.3,41.94289872154464,LightGBM
2016-10-25,7,68.1,54.02963462905412,LightGBM
2016-10-25,8,68.02,57.912813702984266,LightGBM
2016-10-25,9,67.28,58.18875756446822,LightGBM
2016-10-25,10,73.07,57.26863277103473,LightGBM
2016-10-25,11,74.23,57.44721046272312,LightGBM
2016-10-25,12,67.61,54.41699819480403,LightGBM
2016-10-25,13,66.01,52.324330717183926,LightGBM
2016-10-25,14,57.97,52.31998892141203,LightGBM
2016-10-25,15,56.38,53.960934882190735,LightGBM
2016-10-25,16,56.0,53.6412878692097,LightGBM
2016-10-25,17,67.71,61.321787548218616,LightGBM
2016-10-25,18,67.18,66.0164802126435,LightGBM
2016-10-25,19,60.39,62.26277435589526,LightGBM
2016-10-25,20,51.98,52.44758457672019,LightGBM
2016-10-25,21,39.76,45.7703589762583,LightGBM
2016-10-25,22,37.38,42.49708118115529,LightGBM
2016-10-25,23,34.7,34.90349822253824,LightGBM
2016-10-26,0,35.81,33.341105459884126,LightGBM
2016-10-26,1,34.6,32.11047938284901,LightGBM
2016-10-26,2,34.71,32.04459858031626,LightGBM
2016-10-26,3,35.03,31.623784585714095,LightGBM
2016-10-26,4,35.03,32.127952369318905,LightGBM
2016-10-26,5,36.17,34.1458481823745,LightGBM
2016-10-26,6,41.2,44.260513762421986,LightGBM
2016-10-26,7,52.3,54.892244151982354,LightGBM
2016-10-26,8,55.66,60.1265229806561,LightGBM
2016-10-26,9,58.21,57.411077523248714,LightGBM
2016-10-26,10,58.01,58.21000437303155,LightGBM
2016-10-26,11,55.68,56.92772174428433,LightGBM
2016-10-26,12,52.15,55.15603496984124,LightGBM
2016-10-26,13,49.88,50.77174458422731,LightGBM
2016-10-26,14,45.67,49.01131218843878,LightGBM
2016-10-26,15,46.81,48.41511501086968,LightGBM
2016-10-26,16,47.92,49.95952300590468,LightGBM
2016-10-26,17,50.27,57.983007829822405,LightGBM
2016-10-26,18,53.84,55.7233836132346,LightGBM
2016-10-26,19,52.49,57.13037977622096,LightGBM
2016-10-26,20,41.28,46.16193382314567,LightGBM
2016-10-26,21,39.99,37.50439049310984,LightGBM
2016-10-26,22,37.37,34.70087635992026,LightGBM
2016-10-26,23,34.1,32.35980881481554,LightGBM
2016-10-27,0,32.84,30.819585614902568,LightGBM
2016-10-27,1,32.26,30.578156257983316,LightGBM
2016-10-27,2,31.87,29.907477818818617,LightGBM
2016-10-27,3,31.25,28.82493133523386,LightGBM
2016-10-27,4,32.34,30.355967009152437,LightGBM
2016-10-27,5,33.58,30.969544421419926,LightGBM
2016-10-27,6,38.12,37.018606263883626,LightGBM
2016-10-27,7,47.94,48.589184262889304,LightGBM
2016-10-27,8,48.99,49.04906307246917,LightGBM
2016-10-27,9,47.42,48.05230863792194,LightGBM
2016-10-27,10,47.94,47.23213488769695,LightGBM
2016-10-27,11,45.69,46.36804537291027,LightGBM
2016-10-27,12,44.11,43.12121192221551,LightGBM
2016-10-27,13,41.77,40.58924007800552,LightGBM
2016-10-27,14,38.68,39.13027410960898,LightGBM
2016-10-27,15,39.51,40.28776677662012,LightGBM
2016-10-27,16,40.91,39.91346775641517,LightGBM
2016-10-27,17,44.69,44.95947193658969,LightGBM
2016-10-27,18,48.73,44.06118140784979,LightGBM
2016-10-27,19,42.0,39.57198604011413,LightGBM
2016-10-27,20,38.02,33.34040157242988,LightGBM
2016-10-27,21,36.76,30.430868461730167,LightGBM
2016-10-27,22,33.82,30.8619252892062,LightGBM
2016-10-27,23,31.05,26.366086083700452,LightGBM
2016-10-28,0,29.06,27.607948184239987,LightGBM
2016-10-28,1,26.87,24.45774940406471,LightGBM
2016-10-28,2,23.43,22.332425028221753,LightGBM
2016-10-28,3,23.65,20.576853841153394,LightGBM
2016-10-28,4,23.92,21.977616892037574,LightGBM
2016-10-28,5,29.1,24.79519357301484,LightGBM
2016-10-28,6,31.08,31.816567739287077,LightGBM
2016-10-28,7,37.04,37.05354188485022,LightGBM
2016-10-28,8,39.3,39.41074383078699,LightGBM
2016-10-28,9,37.72,38.753511089479716,LightGBM
2016-10-28,10,37.76,36.49255413034987,LightGBM
2016-10-28,11,38.89,36.12554817392105,LightGBM
2016-10-28,12,37.17,34.79873012578714,LightGBM
2016-10-28,13,36.82,33.03558223150661,LightGBM
2016-10-28,14,36.31,33.10392907789045,LightGBM
2016-10-28,15,37.23,34.0586949923747,LightGBM
2016-10-28,16,37.99,36.32928460784915,LightGBM
2016-10-28,17,43.74,40.577526379839675,LightGBM
2016-10-28,18,50.5,47.324093307792225,LightGBM
2016-10-28,19,47.62,45.33120841725054,LightGBM
2016-10-28,20,41.97,39.58370705190469,LightGBM
2016-10-28,21,42.82,35.25317058528618,LightGBM
2016-10-28,22,39.93,34.48138398105674,LightGBM
2016-10-28,23,33.1,30.856147405991095,LightGBM
2016-10-29,0,31.05,29.589951742970957,LightGBM
2016-10-29,1,29.85,28.188285384247802,LightGBM
2016-10-29,2,29.04,26.33873211663146,LightGBM
2016-10-29,3,28.65,25.83552987027748,LightGBM
2016-10-29,4,28.77,26.29023365287109,LightGBM
2016-10-29,5,28.84,26.853120424533536,LightGBM
2016-10-29,6,30.77,28.427508728962806,LightGBM
2016-10-29,7,32.5,29.02532769389367,LightGBM
2016-10-29,8,35.06,34.46826709129594,LightGBM
2016-10-29,9,41.76,36.69483915725393,LightGBM
2016-10-29,10,41.54,37.03120036094395,LightGBM
2016-10-29,11,36.19,35.30939558794628,LightGBM
2016-10-29,12,33.79,31.78359201847001,LightGBM
2016-10-29,13,31.54,29.04239527030024,LightGBM
2016-10-29,14,30.03,25.497613660955192,LightGBM
2016-10-29,15,31.41,27.411473981295075,LightGBM
2016-10-29,16,32.7,29.740156449111073,LightGBM
2016-10-29,17,37.93,38.05258108981689,LightGBM
2016-10-29,18,45.92,45.34022398983197,LightGBM
2016-10-29,19,44.27,45.03479251468546,LightGBM
2016-10-29,20,39.44,36.86368067474066,LightGBM
2016-10-29,21,35.24,34.383364202934594,LightGBM
2016-10-29,22,35.12,32.22726215534733,LightGBM
2016-10-29,23,33.81,29.665344022737337,LightGBM
2016-10-30,0,32.57,29.080101043540928,LightGBM
2016-10-30,1,32.15,28.230458316435836,LightGBM
2016-10-30,2,31.55,27.560779784051185,LightGBM
2016-10-30,3,31.4,26.163883803341722,LightGBM
2016-10-30,4,31.45,25.560995035218806,LightGBM
2016-10-30,5,32.03,26.926181708532223,LightGBM
2016-10-30,6,32.55,25.156376574378147,LightGBM
2016-10-30,7,33.35,25.553911001607954,LightGBM
2016-10-30,8,35.02,31.005102730198676,LightGBM
2016-10-30,9,36.49,34.63455670287288,LightGBM
2016-10-30,10,36.99,33.19773141532047,LightGBM
2016-10-30,11,38.33,36.548215341261,LightGBM
2016-10-30,12,37.2,34.196141481881284,LightGBM
2016-10-30,13,33.9,34.24278694394347,LightGBM
2016-10-30,14,32.48,35.11759005227557,LightGBM
2016-10-30,15,33.09,37.40130341396132,LightGBM
2016-10-30,16,34.64,37.800668975569174,LightGBM
2016-10-30,17,49.2,46.94586978860293,LightGBM
2016-10-30,18,52.48,52.335439028133145,LightGBM
2016-10-30,19,48.28,51.37301263720205,LightGBM
2016-10-30,20,40.3,45.12772746213974,LightGBM
2016-10-30,21,39.0,39.49875352830936,LightGBM
2016-10-30,22,39.0,39.63503391162108,LightGBM
2016-10-30,23,37.64,34.59143358114892,LightGBM
2016-10-31,0,35.36,32.98283085366364,LightGBM
2016-10-31,1,34.94,31.756740365709483,LightGBM
2016-10-31,2,34.66,31.11633626755278,LightGBM
2016-10-31,3,33.92,30.576895620532483,LightGBM
2016-10-31,4,34.39,30.726226877791966,LightGBM
2016-10-31,5,40.03,31.78290399983342,LightGBM
2016-10-31,6,45.29,41.189889240617404,LightGBM
2016-10-31,7,51.68,51.25177268928647,LightGBM
2016-10-31,8,50.47,54.031058490611926,LightGBM
2016-10-31,9,47.38,53.58846352299157,LightGBM
2016-10-31,10,45.1,48.098910075278546,LightGBM
2016-10-31,11,44.0,47.44586533125055,LightGBM
2016-10-31,12,39.0,48.032749671637504,LightGBM
2016-10-31,13,38.08,47.619909919874566,LightGBM
2016-10-31,14,38.64,47.65276682207514,LightGBM
2016-10-31,15,46.04,51.41074680946673,LightGBM
2016-10-31,16,49.73,52.191071938437794,LightGBM
2016-10-31,17,59.2,58.60671606533017,LightGBM
2016-10-31,18,55.98,61.93728804190081,LightGBM
2016-10-31,19,48.96,54.942572675051395,LightGBM
2016-10-31,20,44.13,46.93321219027417,LightGBM
2016-10-31,21,40.26,40.86906925874532,LightGBM
2016-10-31,22,38.62,40.59885461824019,LightGBM
2016-10-31,23,37.68,33.5461439890638,LightGBM
2016-11-01,0,33.31,33.13099613900959,LightGBM
2016-11-01,1,33.68,32.27994122642386,LightGBM
2016-11-01,2,33.31,30.186350251634053,LightGBM
2016-11-01,3,32.52,30.034490696030527,LightGBM
2016-11-01,4,32.99,29.701628219734577,LightGBM
2016-11-01,5,33.31,29.62113761432341,LightGBM
2016-11-01,6,36.98,31.025750675415704,LightGBM
2016-11-01,7,41.93,36.12774667724087,LightGBM
2016-11-01,8,41.09,36.80573804831229,LightGBM
2016-11-01,9,33.77,37.50121645788451,LightGBM
2016-11-01,10,31.27,33.348198400454194,LightGBM
2016-11-01,11,30.9,31.43266074919697,LightGBM
2016-11-01,12,30.75,28.30080123993336,LightGBM
2016-11-01,13,30.03,24.57063314352841,LightGBM
2016-11-01,14,31.58,28.049381236294966,LightGBM
2016-11-01,15,33.28,29.345987532442805,LightGBM
2016-11-01,16,39.34,36.88015777733748,LightGBM
2016-11-01,17,47.51,40.32052859518743,LightGBM
2016-11-01,18,49.99,41.287655610636094,LightGBM
2016-11-01,19,45.97,35.758767606494615,LightGBM
2016-11-01,20,35.94,30.263153434857667,LightGBM
2016-11-01,21,29.59,30.546092136608628,LightGBM
2016-11-01,22,28.86,31.74629965898196,LightGBM
2016-11-01,23,16.02,28.489297264974212,LightGBM
2016-11-02,0,27.11,18.69862541193461,LightGBM
2016-11-02,1,15.12,18.92750313267036,LightGBM
2016-11-02,2,13.2,12.865193823355975,LightGBM
2016-11-02,3,12.26,15.001902153531825,LightGBM
2016-11-02,4,13.16,15.203484950866878,LightGBM
2016-11-02,5,21.01,19.711442528746193,LightGBM
2016-11-02,6,33.85,30.322449070131416,LightGBM
2016-11-02,7,39.04,34.892331089078276,LightGBM
2016-11-02,8,36.54,37.500131786576915,LightGBM
2016-11-02,9,36.72,35.77261958759272,LightGBM
2016-11-02,10,33.19,32.169972073129045,LightGBM
2016-11-02,11,34.07,30.55469253628283,LightGBM
2016-11-02,12,32.93,31.62555761112193,LightGBM
2016-11-02,13,33.18,29.872234937662554,LightGBM
2016-11-02,14,33.06,32.05867274688581,LightGBM
2016-11-02,15,33.99,33.68257553253349,LightGBM
2016-11-02,16,39.16,36.4209125846342,LightGBM
2016-11-02,17,52.91,43.24257837760132,LightGBM
2016-11-02,18,52.46,47.5328014933592,LightGBM
2016-11-02,19,51.46,45.51553993925994,LightGBM
2016-11-02,20,39.98,39.712481260784365,LightGBM
2016-11-02,21,37.52,37.630012491104985,LightGBM
2016-11-02,22,35.18,36.8420274121774,LightGBM
2016-11-02,23,35.67,31.34776850922965,LightGBM
2016-11-03,0,35.05,31.526966600431695,LightGBM
2016-11-03,1,35.07,29.853750605643754,LightGBM
2016-11-03,2,34.74,28.78303627311183,LightGBM
2016-11-03,3,35.87,29.055032021825575,LightGBM
2016-11-03,4,36.74,30.506327108448797,LightGBM
2016-11-03,5,38.95,31.837766053367144,LightGBM
2016-11-03,6,47.23,42.908610558810686,LightGBM
2016-11-03,7,53.41,52.374206163612094,LightGBM
2016-11-03,8,56.06,54.3782316548167,LightGBM
2016-11-03,9,50.11,53.86563333483573,LightGBM
2016-11-03,10,46.86,52.67228018706027,LightGBM
2016-11-03,11,47.63,51.213317444229865,LightGBM
2016-11-03,12,48.0,48.03370816643339,LightGBM
2016-11-03,13,48.95,48.40948132391203,LightGBM
2016-11-03,14,48.96,48.290006661825664,LightGBM
2016-11-03,15,59.6,52.451293395714806,LightGBM
2016-11-03,16,56.35,52.523054162772674,LightGBM
2016-11-03,17,59.99,61.53291294972472,LightGBM
2016-11-03,18,56.03,66.11084133078876,LightGBM
2016-11-03,19,48.88,57.11563821691565,LightGBM
2016-11-03,20,42.41,48.751416315574886,LightGBM
2016-11-03,21,37.27,38.919591046897224,LightGBM
2016-11-03,22,36.24,37.748544368163564,LightGBM
2016-11-03,23,33.98,33.52498360106797,LightGBM
2016-11-04,0,32.4,31.207942322654187,LightGBM
2016-11-04,1,32.42,29.192856431303518,LightGBM
2016-11-04,2,30.96,26.896222227254327,LightGBM
2016-11-04,3,30.8,27.222188437007183,LightGBM
2016-11-04,4,31.98,27.21291446921865,LightGBM
2016-11-04,5,34.13,28.919411764119452,LightGBM
2016-11-04,6,36.98,34.31990621066974,LightGBM
2016-11-04,7,46.78,43.58026563868388,LightGBM
2016-11-04,8,48.69,45.57144907560968,LightGBM
2016-11-04,9,47.94,40.059340262924195,LightGBM
2016-11-04,10,40.86,37.663935987988346,LightGBM
2016-11-04,11,42.83,40.56155380341133,LightGBM
2016-11-04,12,38.05,36.77049871016684,LightGBM
2016-11-04,13,40.49,38.03534115654834,LightGBM
2016-11-04,14,43.15,39.47444791548874,LightGBM
2016-11-04,15,49.91,41.204628145324016,LightGBM
2016-11-04,16,48.73,44.55417317110939,LightGBM
2016-11-04,17,52.19,50.678678488822996,LightGBM
2016-11-04,18,49.6,50.87567884035046,LightGBM
2016-11-04,19,40.15,48.90513242443362,LightGBM
2016-11-04,20,39.23,40.45797114879452,LightGBM
2016-11-04,21,38.31,36.96263011020751,LightGBM
2016-11-04,22,37.02,35.528784392647644,LightGBM
2016-11-04,23,34.9,33.62485563695864,LightGBM
2016-11-05,0,37.05,33.4297626537138,LightGBM
2016-11-05,1,37.07,31.54859539523864,LightGBM
2016-11-05,2,36.77,31.480770885361146,LightGBM
2016-11-05,3,35.97,30.44090572522788,LightGBM
2016-11-05,4,35.54,31.096096009621263,LightGBM
2016-11-05,5,35.93,29.044465067593297,LightGBM
2016-11-05,6,36.5,30.177384595728665,LightGBM
2016-11-05,7,37.02,31.30334815737532,LightGBM
2016-11-05,8,38.96,36.52175867022257,LightGBM
2016-11-05,9,39.89,40.117804006738105,LightGBM
2016-11-05,10,41.16,41.676649796628126,LightGBM
2016-11-05,11,44.79,44.5096408326532,LightGBM
2016-11-05,12,46.54,43.30931526423189,LightGBM
2016-11-05,13,40.8,39.68908525868061,LightGBM
2016-11-05,14,39.35,39.60488954713457,LightGBM
2016-11-05,15,38.88,37.414197609691435,LightGBM
2016-11-05,16,42.65,38.63801414417235,LightGBM
2016-11-05,17,48.1,46.116309331647535,LightGBM
2016-11-05,18,44.78,42.95662034937028,LightGBM
2016-11-05,19,40.91,40.45409952970839,LightGBM
2016-11-05,20,37.07,34.56443095911898,LightGBM
2016-11-05,21,34.32,32.53488189062196,LightGBM
2016-11-05,22,32.71,32.98155772830603,LightGBM
2016-11-05,23,29.94,28.919035865300295,LightGBM
2016-11-06,0,32.23,29.094604676123172,LightGBM
2016-11-06,1,27.78,26.538714434113828,LightGBM
2016-11-06,2,27.95,26.632985293124147,LightGBM
2016-11-06,3,25.03,25.38694779932391,LightGBM
2016-11-06,4,30.1,26.584389062507185,LightGBM
2016-11-06,5,29.82,27.264691307783785,LightGBM
2016-11-06,6,30.89,27.314230550279202,LightGBM
2016-11-06,7,30.88,28.602438434925162,LightGBM
2016-11-06,8,33.81,31.756215044385605,LightGBM
2016-11-06,9,37.02,32.18487376361028,LightGBM
2016-11-06,10,37.93,33.87399366301595,LightGBM
2016-11-06,11,41.58,36.46775274047014,LightGBM
2016-11-06,12,38.94,33.86519309122772,LightGBM
2016-11-06,13,37.07,33.40371959903758,LightGBM
2016-11-06,14,37.09,34.838672075023986,LightGBM
2016-11-06,15,37.0,35.103557617902084,LightGBM
2016-11-06,16,39.5,37.83809747004295,LightGBM
2016-11-06,17,48.51,45.60124255807527,LightGBM
2016-11-06,18,47.96,46.93276394939855,LightGBM
2016-11-06,19,43.27,44.39711343632584,LightGBM
2016-11-06,20,37.05,37.90907499244954,LightGBM
2016-11-06,21,36.0,35.7782244742148,LightGBM
2016-11-06,22,33.33,35.614697314028945,LightGBM
2016-11-06,23,30.23,31.56943100806861,LightGBM
2016-11-07,0,10.72,30.212984996894164,LightGBM
2016-11-07,1,13.61,28.237237285791807,LightGBM
2016-11-07,2,13.69,26.547341937395554,LightGBM
2016-11-07,3,12.6,25.53469011389862,LightGBM
2016-11-07,4,11.94,27.349576419478247,LightGBM
2016-11-07,5,15.82,30.201094511288208,LightGBM
2016-11-07,6,33.02,38.338023493247455,LightGBM
2016-11-07,7,40.81,48.5405724339858,LightGBM
2016-11-07,8,38.01,47.07894742609231,LightGBM
2016-11-07,9,38.07,47.05401753568948,LightGBM
2016-11-07,10,39.93,45.53916092690275,LightGBM
2016-11-07,11,39.98,45.16748959528789,LightGBM
2016-11-07,12,41.76,45.87600019496618,LightGBM
2016-11-07,13,42.67,45.55431281201795,LightGBM
2016-11-07,14,46.9,46.3296262976514,LightGBM
2016-11-07,15,53.03,50.06344093587736,LightGBM
2016-11-07,16,58.45,51.92238748586412,LightGBM
2016-11-07,17,69.83,60.01603586555359,LightGBM
2016-11-07,18,65.94,61.09699445684829,LightGBM
2016-11-07,19,59.93,54.301742393198936,LightGBM
2016-11-07,20,49.99,47.219185330193746,LightGBM
2016-11-07,21,37.85,41.78813472455696,LightGBM
2016-11-07,22,39.7,38.01387541377693,LightGBM
2016-11-07,23,38.05,34.58216041728459,LightGBM
2016-11-08,0,37.47,33.11103556462683,LightGBM
2016-11-08,1,36.65,31.56316316299991,LightGBM
2016-11-08,2,36.09,30.312906143744062,LightGBM
2016-11-08,3,36.17,29.21487185472827,LightGBM
2016-11-08,4,37.13,30.528604641787002,LightGBM
2016-11-08,5,37.17,32.503512922699144,LightGBM
2016-11-08,6,46.77,42.392857902647044,LightGBM
2016-11-08,7,61.65,51.779443774899676,LightGBM
2016-11-08,8,64.64,55.57107968856285,LightGBM
2016-11-08,9,63.89,54.765550407696615,LightGBM
2016-11-08,10,58.97,53.276416984180905,LightGBM
2016-11-08,11,58.99,53.21877810086128,LightGBM
2016-11-08,12,58.47,51.52866431785751,LightGBM
2016-11-08,13,58.94,50.608157885934126,LightGBM
2016-11-08,14,62.13,51.01800753282424,LightGBM
2016-11-08,15,67.91,54.242479145196235,LightGBM
2016-11-08,16,84.92,54.68741037961112,LightGBM
2016-11-08,17,104.96,69.12829511416292,LightGBM
2016-11-08,18,70.03,65.80155618499191,LightGBM
2016-11-08,19,56.43,58.0376909601936,LightGBM
2016-11-08,20,44.15,49.47319359768039,LightGBM
2016-11-08,21,42.45,41.76006842311891,LightGBM
2016-11-08,22,40.0,37.956402449331414,LightGBM
2016-11-08,23,35.98,32.449888256146814,LightGBM
2016-11-09,0,35.6,33.48474055264877,LightGBM
2016-11-09,1,33.38,32.140732953028134,LightGBM
2016-11-09,2,31.46,31.6106053468079,LightGBM
2016-11-09,3,31.48,30.489151355103274,LightGBM
2016-11-09,4,34.23,31.181515291608623,LightGBM
2016-11-09,5,35.77,32.33348880225674,LightGBM
2016-11-09,6,39.77,40.1510827724814,LightGBM
2016-11-09,7,55.2,50.621078188297915,LightGBM
2016-11-09,8,55.2,50.8969986318699,LightGBM
2016-11-09,9,54.96,49.45748906019913,LightGBM
2016-11-09,10,49.72,48.970361072711164,LightGBM
2016-11-09,11,56.92,50.83507896961175,LightGBM
2016-11-09,12,55.82,47.840001731595954,LightGBM
2016-11-09,13,55.58,50.98399152434643,LightGBM
2016-11-09,14,54.28,50.05580183176763,LightGBM
2016-11-09,15,55.08,51.00396197902357,LightGBM
2016-11-09,16,62.21,56.22359990016483,LightGBM
2016-11-09,17,78.44,66.270815624061,LightGBM
2016-11-09,18,60.93,58.362502756125124,LightGBM
2016-11-09,19,58.5,50.41040275503994,LightGBM
2016-11-09,20,48.22,43.74842822856275,LightGBM
2016-11-09,21,40.85,39.154028090619875,LightGBM
2016-11-09,22,39.5,36.096798515965475,LightGBM
2016-11-09,23,36.1,33.957337039649474,LightGBM
2016-11-10,0,33.53,34.16019686339406,LightGBM
2016-11-10,1,32.95,33.11538705394277,LightGBM
2016-11-10,2,31.69,32.07625479954836,LightGBM
2016-11-10,3,33.2,31.87685770197528,LightGBM
2016-11-10,4,33.53,33.22978868383634,LightGBM
2016-11-10,5,35.0,34.63929344289776,LightGBM
2016-11-10,6,41.48,43.76071915256494,LightGBM
2016-11-10,7,50.37,57.60754057874301,LightGBM
2016-11-10,8,58.91,61.43677562591146,LightGBM
2016-11-10,9,59.98,61.82669113774214,LightGBM
2016-11-10,10,58.52,60.77394208314214,LightGBM
2016-11-10,11,59.93,61.60408443248342,LightGBM
2016-11-10,12,61.1,59.362122690266055,LightGBM
2016-11-10,13,65.01,58.17132575466009,LightGBM
2016-11-10,14,63.24,57.07385417964581,LightGBM
2016-11-10,15,65.08,57.74548003177261,LightGBM
2016-11-10,16,63.08,62.21301419482253,LightGBM
2016-11-10,17,98.15,81.2049228518163,LightGBM
2016-11-10,18,67.87,72.80000474955358,LightGBM
2016-11-10,19,60.24,61.5124859327063,LightGBM
2016-11-10,20,50.39,52.29011113414372,LightGBM
2016-11-10,21,41.96,44.7921871091396,LightGBM
2016-11-10,22,39.72,41.840373039436486,LightGBM
2016-11-10,23,37.76,35.03397203479686,LightGBM
2016-11-11,0,37.07,34.94493476457448,LightGBM
2016-11-11,1,36.22,33.524759780681414,LightGBM
2016-11-11,2,34.9,32.259923570399515,LightGBM
2016-11-11,3,34.46,32.21051252043731,LightGBM
2016-11-11,4,36.46,33.48292155596649,LightGBM
2016-11-11,5,35.45,35.00983094256616,LightGBM
2016-11-11,6,37.6,41.347819767132854,LightGBM
2016-11-11,7,48.46,54.44488750247699,LightGBM
2016-11-11,8,54.97,59.972068026101034,LightGBM
2016-11-11,9,54.92,60.11869667053026,LightGBM
2016-11-11,10,55.9,58.262274059123044,LightGBM
2016-11-11,11,55.93,59.495488412214335,LightGBM
2016-11-11,12,54.93,59.42937445931131,LightGBM
2016-11-11,13,54.42,57.94201247254285,LightGBM
2016-11-11,14,51.7,55.58373294249727,LightGBM
2016-11-11,15,51.71,56.96734230730971,LightGBM
2016-11-11,16,57.91,61.38190863501321,LightGBM
2016-11-11,17,64.92,74.25945928174596,LightGBM
2016-11-11,18,56.94,66.92643655441402,LightGBM
2016-11-11,19,56.25,58.34852556670092,LightGBM
2016-11-11,20,45.79,50.45069435419351,LightGBM
2016-11-11,21,42.09,43.05488554255619,LightGBM
2016-11-11,22,43.48,43.53303954984784,LightGBM
2016-11-11,23,41.27,36.549881035895574,LightGBM
2016-11-12,0,40.21,36.46720958653709,LightGBM
2016-11-12,1,38.31,34.85468595939319,LightGBM
2016-11-12,2,36.78,33.166527787658836,LightGBM
2016-11-12,3,36.09,32.36057369766911,LightGBM
2016-11-12,4,36.05,33.34710479763409,LightGBM
2016-11-12,5,36.09,33.336183759178695,LightGBM
2016-11-12,6,36.33,33.46670527477957,LightGBM
2016-11-12,7,38.38,36.61994798976649,LightGBM
2016-11-12,8,42.21,40.073260761771735,LightGBM
2016-11-12,9,45.77,42.48310988968221,LightGBM
2016-11-12,10,46.52,42.57322113364914,LightGBM
2016-11-12,11,43.34,43.63307305757418,LightGBM
2016-11-12,12,39.94,42.52523079040968,LightGBM
2016-11-12,13,40.86,39.48049821854183,LightGBM
2016-11-12,14,36.09,39.347793989356944,LightGBM
2016-11-12,15,38.06,41.15811873179555,LightGBM
2016-11-12,16,45.9,42.72326128655896,LightGBM
2016-11-12,17,51.17,52.44589206633798,LightGBM
2016-11-12,18,48.32,49.35748412680851,LightGBM
2016-11-12,19,39.15,42.615636207216,LightGBM
2016-11-12,20,36.1,37.29572748716521,LightGBM
2016-11-12,21,34.77,36.0211028196942,LightGBM
2016-11-12,22,34.99,36.55429143671748,LightGBM
2016-11-12,23,34.34,35.097565558748364,LightGBM
2016-11-13,0,32.99,32.2479545339802,LightGBM
2016-11-13,1,34.15,29.962390412372432,LightGBM
2016-11-13,2,32.95,29.78570369065415,LightGBM
2016-11-13,3,31.76,27.322933874014343,LightGBM
2016-11-13,4,31.46,28.715919589464438,LightGBM
2016-11-13,5,31.43,28.16776629374041,LightGBM
2016-11-13,6,31.63,27.441762027815848,LightGBM
2016-11-13,7,31.46,28.65396667109391,LightGBM
2016-11-13,8,35.07,31.466588568215826,LightGBM
2016-11-13,9,36.02,33.44142437183011,LightGBM
2016-11-13,10,35.57,35.9921929757677,LightGBM
2016-11-13,11,36.37,37.624533003593115,LightGBM
2016-11-13,12,36.1,37.856647551329864,LightGBM
2016-11-13,13,36.05,34.99194267371807,LightGBM
2016-11-13,14,36.28,35.32870083350841,LightGBM
2016-11-13,15,39.37,37.02507433998612,LightGBM
2016-11-13,16,44.74,40.97057133377181,LightGBM
2016-11-13,17,48.82,47.546046302523834,LightGBM
2016-11-13,18,48.29,49.15021354527023,LightGBM
2016-11-13,19,46.07,46.127645249445315,LightGBM
2016-11-13,20,40.9,39.09290035812738,LightGBM
2016-11-13,21,38.06,36.108409380886336,LightGBM
2016-11-13,22,37.44,36.76247349472276,LightGBM
2016-11-13,23,35.91,33.720613051585715,LightGBM
2016-11-14,0,32.56,32.43652979870767,LightGBM
2016-11-14,1,31.61,29.760127711333602,LightGBM
2016-11-14,2,31.79,29.48525702997864,LightGBM
2016-11-14,3,31.68,28.52103669634818,LightGBM
2016-11-14,4,31.68,29.49770119261519,LightGBM
2016-11-14,5,32.69,31.746209281213293,LightGBM
2016-11-14,6,43.92,37.48957030384954,LightGBM
2016-11-14,7,54.92,49.26631026689534,LightGBM
2016-11-14,8,51.19,47.592511230813514,LightGBM
2016-11-14,9,38.49,44.29172001192217,LightGBM
2016-11-14,10,37.07,39.8619060666632,LightGBM
2016-11-14,11,36.94,42.64773516728028,LightGBM
2016-11-14,12,39.51,39.35700173658035,LightGBM
2016-11-14,13,37.84,38.1631108639495,LightGBM
2016-11-14,14,42.03,41.0091864228541,LightGBM
2016-11-14,15,51.19,46.320768965602234,LightGBM
2016-11-14,16,49.95,48.39848431282848,LightGBM
2016-11-14,17,56.09,53.74950623607444,LightGBM
2016-11-14,18,46.98,51.68170047953978,LightGBM
2016-11-14,19,38.58,42.939832357814126,LightGBM
2016-11-14,20,40.07,35.65981833566738,LightGBM
2016-11-14,21,35.36,30.92049549837873,LightGBM
2016-11-14,22,32.67,31.474480979749046,LightGBM
2016-11-14,23,31.72,26.775642260796644,LightGBM
2016-11-15,0,30.08,30.34877842737431,LightGBM
2016-11-15,1,30.18,28.064084449270226,LightGBM
2016-11-15,2,27.68,25.377528616972953,LightGBM
2016-11-15,3,26.58,24.442912060438264,LightGBM
2016-11-15,4,30.07,26.58576844023342,LightGBM
2016-11-15,5,31.67,30.134671023708233,LightGBM
2016-11-15,6,36.6,34.649074779522955,LightGBM
2016-11-15,7,44.65,44.02892758893405,LightGBM
2016-11-15,8,43.94,48.04404105030514,LightGBM
2016-11-15,9,43.96,44.89776294549095,LightGBM
2016-11-15,10,43.96,41.42903417503951,LightGBM
2016-11-15,11,44.65,45.456006204272256,LightGBM
2016-11-15,12,43.08,42.93281612614155,LightGBM
2016-11-15,13,43.58,40.53784450115153,LightGBM
2016-11-15,14,43.97,42.21019093483442,LightGBM
2016-11-15,15,44.01,47.145119183745074,LightGBM
2016-11-15,16,44.97,49.643350558348835,LightGBM
2016-11-15,17,51.98,57.348572371249716,LightGBM
2016-11-15,18,48.02,50.01918725854376,LightGBM
2016-11-15,19,52.91,44.463759257514276,LightGBM
2016-11-15,20,44.74,39.719485233663164,LightGBM
2016-11-15,21,38.22,35.74336879153319,LightGBM
2016-11-15,22,38.42,34.83591949197165,LightGBM
2016-11-15,23,35.4,32.46087007521749,LightGBM
2016-11-16,0,35.55,31.25623545717297,LightGBM
2016-11-16,1,34.14,30.435999528273868,LightGBM
2016-11-16,2,33.4,29.746082078251156,LightGBM
2016-11-16,3,33.45,28.002694578456868,LightGBM
2016-11-16,4,33.05,29.673782361200768,LightGBM
2016-11-16,5,38.59,31.615211400448903,LightGBM
2016-11-16,6,46.99,39.00665068515315,LightGBM
2016-11-16,7,51.92,50.01691264798084,LightGBM
2016-11-16,8,55.96,51.37165379632206,LightGBM
2016-11-16,9,57.81,46.64628905735641,LightGBM
2016-11-16,10,56.36,45.352090914435834,LightGBM
2016-11-16,11,53.96,41.65163235882008,LightGBM
2016-11-16,12,46.9,38.88766621619207,LightGBM
2016-11-16,13,45.36,38.724798984012274,LightGBM
2016-11-16,14,40.94,38.51405880168599,LightGBM
2016-11-16,15,40.11,38.778337078237385,LightGBM
2016-11-16,16,40.83,41.1231005735236,LightGBM
2016-11-16,17,48.91,43.740919201398704,LightGBM
2016-11-16,18,46.95,39.502755670783536,LightGBM
2016-11-16,19,46.95,39.43518936580869,LightGBM
2016-11-16,20,40.58,35.76491480868796,LightGBM
2016-11-16,21,36.12,31.657834701753515,LightGBM
2016-11-16,22,36.13,31.043690069567052,LightGBM
2016-11-16,23,31.73,25.393157029911904,LightGBM
2016-11-17,0,27.1,28.108717715396303,LightGBM
2016-11-17,1,26.44,27.432337447291506,LightGBM
2016-11-17,2,22.38,24.93117321270245,LightGBM
2016-11-17,3,24.99,24.439776472847026,LightGBM
2016-11-17,4,28.16,26.646750304806456,LightGBM
2016-11-17,5,30.85,28.41529170974327,LightGBM
2016-11-17,6,38.54,35.316834170996614,LightGBM
2016-11-17,7,47.94,44.45301487420051,LightGBM
2016-11-17,8,48.93,45.61025090080814,LightGBM
2016-11-17,9,43.14,41.715362052479136,LightGBM
2016-11-17,10,42.93,39.223240912275564,LightGBM
2016-11-17,11,43.91,39.472292092568516,LightGBM
2016-11-17,12,43.65,37.04777947208042,LightGBM
2016-11-17,13,41.66,37.681060799483866,LightGBM
2016-11-17,14,37.13,37.552257302649785,LightGBM
2016-11-17,15,37.36,38.658420629119796,LightGBM
2016-11-17,16,37.91,41.21333865985838,LightGBM
2016-11-17,17,37.99,48.594621285043296,LightGBM
2016-11-17,18,37.47,39.234505915897074,LightGBM
2016-11-17,19,35.62,37.249652932411216,LightGBM
2016-11-17,20,32.08,31.10416288158894,LightGBM
2016-11-17,21,26.92,28.220237439764755,LightGBM
2016-11-17,22,13.72,27.651289294765814,LightGBM
2016-11-17,23,8.26,21.728156023580933,LightGBM
2016-11-18,0,0.1,6.886446650068882,LightGBM
2016-11-18,1,-12.1,6.378850650227681,LightGBM
2016-11-18,2,-10.0,1.5601973746982387,LightGBM
2016-11-18,3,-0.01,5.191656665385812,LightGBM
2016-11-18,4,8.86,9.744716962966928,LightGBM
2016-11-18,5,13.22,16.970644244278468,LightGBM
2016-11-18,6,29.83,25.422486786600725,LightGBM
2016-11-18,7,37.88,34.57614056617284,LightGBM
2016-11-18,8,34.74,34.225408212064735,LightGBM
2016-11-18,9,34.65,30.41727671339857,LightGBM
2016-11-18,10,33.86,29.975550400837264,LightGBM
2016-11-18,11,33.13,30.902806706178385,LightGBM
2016-11-18,12,31.04,29.666072894364778,LightGBM
2016-11-18,13,31.06,29.390159195571,LightGBM
2016-11-18,14,31.79,31.059998949547655,LightGBM
2016-11-18,15,35.99,31.89890707809433,LightGBM
2016-11-18,16,39.96,31.098371686724605,LightGBM
2016-11-18,17,39.98,38.403970339142724,LightGBM
2016-11-18,18,39.02,36.60034288493286,LightGBM
2016-11-18,19,34.06,35.038937656240876,LightGBM
2016-11-18,20,34.02,30.68387411978228,LightGBM
2016-11-18,21,27.66,28.961175847580567,LightGBM
2016-11-18,22,17.88,26.31544737850413,LightGBM
2016-11-18,23,13.57,17.930772960559718,LightGBM
2016-11-19,0,13.79,13.340002110605994,LightGBM
2016-11-19,1,12.69,10.358892119219682,LightGBM
2016-11-19,2,12.85,10.998347467064892,LightGBM
2016-11-19,3,15.18,9.148131205915123,LightGBM
2016-11-19,4,20.56,12.741492442857115,LightGBM
2016-11-19,5,18.58,13.355092031673816,LightGBM
2016-11-19,6,20.2,19.18056390802388,LightGBM
2016-11-19,7,33.36,23.71076023472764,LightGBM
2016-11-19,8,37.01,27.685735155546496,LightGBM
2016-11-19,9,41.08,29.497143234709792,LightGBM
2016-11-19,10,41.0,29.29976906738399,LightGBM
2016-11-19,11,40.1,32.278950434060505,LightGBM
2016-11-19,12,39.24,31.060151147463717,LightGBM
2016-11-19,13,36.97,28.88630298343535,LightGBM
2016-11-19,14,36.96,29.846739260654985,LightGBM
2016-11-19,15,39.96,31.304672866345733,LightGBM
2016-11-19,16,46.9,34.837480645769055,LightGBM
2016-11-19,17,46.95,41.628962437405676,LightGBM
2016-11-19,18,42.96,42.56924238356737,LightGBM
2016-11-19,19,39.97,36.96210402955156,LightGBM
2016-11-19,20,33.8,31.629751857828182,LightGBM
2016-11-19,21,33.08,28.143201072769916,LightGBM
2016-11-19,22,32.14,27.790782373224832,LightGBM
2016-11-19,23,22.09,20.813517595193694,LightGBM
2016-11-20,0,13.66,21.403780829527925,LightGBM
2016-11-20,1,13.62,16.54603374883382,LightGBM
2016-11-20,2,14.66,15.999799550691739,LightGBM
2016-11-20,3,13.61,13.38562673771105,LightGBM
2016-11-20,4,13.64,14.178966792679743,LightGBM
2016-11-20,5,5.68,14.69932810997642,LightGBM
2016-11-20,6,1.0,13.366471593187486,LightGBM
2016-11-20,7,-0.01,16.998883181757545,LightGBM
2016-11-20,8,8.04,19.69830267782212,LightGBM
2016-11-20,9,5.68,23.165550050813135,LightGBM
2016-11-20,10,-0.44,20.43965527649024,LightGBM
2016-11-20,11,-0.04,19.386451569851435,LightGBM
2016-11-20,12,-9.94,15.839453116125137,LightGBM
2016-11-20,13,-22.17,14.144779275178397,LightGBM
2016-11-20,14,-30.41,14.040791899596496,LightGBM
2016-11-20,15,-15.68,17.114995528822803,LightGBM
2016-11-20,16,-29.04,21.614606567342776,LightGBM
2016-11-20,17,9.9,28.973133889572857,LightGBM
2016-11-20,18,8.06,26.671315779776016,LightGBM
2016-11-20,19,8.99,24.97156321989499,LightGBM
2016-11-20,20,-1.58,21.6119147737093,LightGBM
2016-11-20,21,-3.35,17.621669243633136,LightGBM
2016-11-20,22,3.45,17.495418230294753,LightGBM
2016-11-20,23,-14.91,8.143971145493028,LightGBM
2016-11-21,0,13.56,8.147362651405283,LightGBM
2016-11-21,1,8.81,3.3900936290443147,LightGBM
2016-11-21,2,9.79,3.6503967100267705,LightGBM
2016-11-21,3,11.01,5.558646440362772,LightGBM
2016-11-21,4,10.88,7.395652824001322,LightGBM
2016-11-21,5,20.0,12.63062669360146,LightGBM
2016-11-21,6,38.71,27.28161106692576,LightGBM
2016-11-21,7,49.86,35.38010764514941,LightGBM
2016-11-21,8,49.4,36.50268007748947,LightGBM
2016-11-21,9,46.25,33.13712208961069,LightGBM
2016-11-21,10,41.15,30.20659465818832,LightGBM
2016-11-21,11,41.61,33.182615594203966,LightGBM
2016-11-21,12,41.75,32.51255675552957,LightGBM
2016-11-21,13,45.74,33.23056169685001,LightGBM
2016-11-21,14,46.91,35.07513363581288,LightGBM
2016-11-21,15,48.0,36.125393871999954,LightGBM
2016-11-21,16,44.72,37.083106600074885,LightGBM
2016-11-21,17,45.56,41.84406211911255,LightGBM
2016-11-21,18,38.71,42.56843571622435,LightGBM
2016-11-21,19,36.3,38.49670622502366,LightGBM
2016-11-21,20,35.75,32.21194014189316,LightGBM
2016-11-21,21,32.84,30.30991962466538,LightGBM
2016-11-21,22,32.46,26.487798976193275,LightGBM
2016-11-21,23,22.07,19.4280642738304,LightGBM
2016-11-22,0,24.1,22.75737975390343,LightGBM
2016-11-22,1,27.11,21.765446572793444,LightGBM
2016-11-22,2,21.49,20.895127793387957,LightGBM
2016-11-22,3,21.0,21.960441232466703,LightGBM
2016-11-22,4,19.99,22.120147026274008,LightGBM
2016-11-22,5,29.38,25.14253880948854,LightGBM
2016-11-22,6,33.89,32.714697507559755,LightGBM
2016-11-22,7,40.89,42.60206289444743,LightGBM
2016-11-22,8,39.43,42.886881015874465,LightGBM
2016-11-22,9,37.16,41.3196931130202,LightGBM
2016-11-22,10,35.85,37.68259371806847,LightGBM
2016-11-22,11,36.35,39.57818869663216,LightGBM
2016-11-22,12,37.0,40.01353170179647,LightGBM
2016-11-22,13,38.46,41.47236950963767,LightGBM
2016-11-22,14,46.02,42.96448302566159,LightGBM
2016-11-22,15,51.94,48.589912542899874,LightGBM
2016-11-22,16,51.51,51.09823733447014,LightGBM
2016-11-22,17,64.2,56.48005398326279,LightGBM
2016-11-22,18,54.67,56.132731636719896,LightGBM
2016-11-22,19,51.99,53.39393864053315,LightGBM
2016-11-22,20,46.98,46.60774910627568,LightGBM
2016-11-22,21,38.77,41.56052426654192,LightGBM
2016-11-22,22,37.17,38.58456064343369,LightGBM
2016-11-22,23,34.8,31.707945399130484,LightGBM
2016-11-23,0,34.61,31.137403166374664,LightGBM
2016-11-23,1,33.65,31.539639567830577,LightGBM
2016-11-23,2,33.46,30.399336213315266,LightGBM
2016-11-23,3,32.08,30.144012650157634,LightGBM
2016-11-23,4,33.54,31.093789898917958,LightGBM
2016-11-23,5,35.38,32.20282263481257,LightGBM
2016-11-23,6,46.34,42.86628572167628,LightGBM
2016-11-23,7,48.81,54.78769291335291,LightGBM
2016-11-23,8,51.1,58.44350922188589,LightGBM
2016-11-23,9,53.94,56.705921914644975,LightGBM
2016-11-23,10,51.0,55.90533077685019,LightGBM
2016-11-23,11,51.95,54.387270750153334,LightGBM
2016-11-23,12,49.99,51.85003176065637,LightGBM
2016-11-23,13,51.92,53.87580945445079,LightGBM
2016-11-23,14,54.98,53.690415152066016,LightGBM
2016-11-23,15,58.48,52.7391603852388,LightGBM
2016-11-23,16,55.01,55.47312797933306,LightGBM
2016-11-23,17,62.0,63.16524769707784,LightGBM
2016-11-23,18,52.92,65.02279962105986,LightGBM
2016-11-23,19,50.0,56.1031874870505,LightGBM
2016-11-23,20,39.13,47.76002860803336,LightGBM
2016-11-23,21,37.21,41.1246743435346,LightGBM
2016-11-23,22,37.79,38.121199365942616,LightGBM
2016-11-23,23,33.99,32.699169596115745,LightGBM
2016-11-24,0,32.66,32.902556463988155,LightGBM
2016-11-24,1,31.61,31.860185752551228,LightGBM
2016-11-24,2,30.8,31.079381486798052,LightGBM
2016-11-24,3,29.58,30.64764501177994,LightGBM
2016-11-24,4,29.76,31.138865373844517,LightGBM
2016-11-24,5,32.44,31.512532967471053,LightGBM
2016-11-24,6,36.5,36.76492614280984,LightGBM
2016-11-24,7,43.12,48.381600559136494,LightGBM
2016-11-24,8,45.97,50.03499140880609,LightGBM
2016-11-24,9,44.96,48.81053127107248,LightGBM
2016-11-24,10,43.69,46.63548129822744,LightGBM
2016-11-24,11,44.25,47.64147852645175,LightGBM
2016-11-24,12,42.87,44.61913340767801,LightGBM
2016-11-24,13,42.91,47.49861642743427,LightGBM
2016-11-24,14,42.77,46.74462192961373,LightGBM
2016-11-24,15,44.59,49.864167145981405,LightGBM
2016-11-24,16,49.36,52.030982347098224,LightGBM
2016-11-24,17,50.97,55.978364870413884,LightGBM
2016-11-24,18,45.23,51.467922386217026,LightGBM
2016-11-24,19,44.1,48.68514620517067,LightGBM
2016-11-24,20,38.07,41.14810758209342,LightGBM
2016-11-24,21,37.71,35.78505900997951,LightGBM
2016-11-24,22,35.88,36.28722978149901,LightGBM
2016-11-24,23,33.62,33.338019046812626,LightGBM
2016-11-25,0,35.23,30.99521891476798,LightGBM
2016-11-25,1,32.99,30.997124960993407,LightGBM
2016-11-25,2,32.02,29.28598398460544,LightGBM
2016-11-25,3,31.05,29.054221111394735,LightGBM
2016-11-25,4,31.18,31.14149504229773,LightGBM
2016-11-25,5,34.85,31.994131948940556,LightGBM
2016-11-25,6,37.98,37.76151393794348,LightGBM
2016-11-25,7,47.1,49.82740913647665,LightGBM
2016-11-25,8,48.49,50.610117698679375,LightGBM
2016-11-25,9,47.97,50.29292442809844,LightGBM
2016-11-25,10,47.42,48.89141479665827,LightGBM
2016-11-25,11,48.25,51.023368469049636,LightGBM
2016-11-25,12,47.95,50.189760908821235,LightGBM
2016-11-25,13,47.95,50.028250780261665,LightGBM
2016-11-25,14,47.92,48.359565839863514,LightGBM
2016-11-25,15,48.81,49.867405324585626,LightGBM
2016-11-25,16,49.96,52.11929329873907,LightGBM
2016-11-25,17,54.75,58.0441517303397,LightGBM
2016-11-25,18,48.29,54.65520169689449,LightGBM
2016-11-25,19,48.94,53.31495943287824,LightGBM
2016-11-25,20,43.52,44.34942421589993,LightGBM
2016-11-25,21,38.92,39.88089119350319,LightGBM
2016-11-25,22,38.67,39.632909798132374,LightGBM
2016-11-25,23,35.24,34.45014214644518,LightGBM
2016-11-26,0,32.5,33.89698070143007,LightGBM
2016-11-26,1,31.93,32.7171365943878,LightGBM
2016-11-26,2,31.82,31.826617818493293,LightGBM
2016-11-26,3,31.84,31.283991073081044,LightGBM
2016-11-26,4,32.07,32.37272514444631,LightGBM
2016-11-26,5,32.35,31.602587708892635,LightGBM
2016-11-26,6,33.36,33.03450711405234,LightGBM
2016-11-26,7,42.22,35.54131059159262,LightGBM
2016-11-26,8,44.1,43.15411672651188,LightGBM
2016-11-26,9,46.76,44.367785304120765,LightGBM
2016-11-26,10,48.92,44.70591159154868,LightGBM
2016-11-26,11,48.56,45.09118688725468,LightGBM
2016-11-26,12,47.91,43.55927265700109,LightGBM
2016-11-26,13,43.97,40.726783303338195,LightGBM
2016-11-26,14,38.24,38.7493171300081,LightGBM
2016-11-26,15,40.44,36.530687846646245,LightGBM
2016-11-26,16,45.3,38.59709771757779,LightGBM
2016-11-26,17,47.96,48.01911427306962,LightGBM
2016-11-26,18,43.95,42.78141045793357,LightGBM
2016-11-26,19,37.5,35.10017838638058,LightGBM
2016-11-26,20,32.91,30.34097471961374,LightGBM
2016-11-26,21,32.75,28.62236823464684,LightGBM
2016-11-26,22,31.72,29.200326523760502,LightGBM
2016-11-26,23,28.25,26.304934684823497,LightGBM
2016-11-27,0,22.92,26.146195321952707,LightGBM
2016-11-27,1,21.14,23.856227303115897,LightGBM
2016-11-27,2,20.25,22.94657619744457,LightGBM
2016-11-27,3,20.28,21.174161504766577,LightGBM
2016-11-27,4,20.95,22.45998656212133,LightGBM
2016-11-27,5,27.0,22.249092690190523,LightGBM
2016-11-27,6,28.02,17.66399743948578,LightGBM
2016-11-27,7,28.93,21.6530188415388,LightGBM
2016-11-27,8,31.35,25.892565636704074,LightGBM
2016-11-27,9,33.19,29.513626858372273,LightGBM
2016-11-27,10,34.24,31.588057543616447,LightGBM
2016-11-27,11,38.13,34.013762442462465,LightGBM
2016-11-27,12,35.69,33.52473590689774,LightGBM
2016-11-27,13,33.44,32.622490548466004,LightGBM
2016-11-27,14,33.53,32.19966495770628,LightGBM
2016-11-27,15,34.2,30.451284682202164,LightGBM
2016-11-27,16,37.48,32.58415338889091,LightGBM
2016-11-27,17,41.07,37.92286617717081,LightGBM
2016-11-27,18,41.05,40.1139725068441,LightGBM
2016-11-27,19,36.08,35.955235587490655,LightGBM
2016-11-27,20,34.69,32.537171937840824,LightGBM
2016-11-27,21,32.69,31.293687171589163,LightGBM
2016-11-27,22,32.16,32.3512516701336,LightGBM
2016-11-27,23,28.43,27.30060427291197,LightGBM
2016-11-28,0,27.06,25.476038530319485,LightGBM
2016-11-28,1,28.24,24.51456507845884,LightGBM
2016-11-28,2,24.31,22.388438695525913,LightGBM
2016-11-28,3,24.03,22.09697377739683,LightGBM
2016-11-28,4,26.81,24.13307071901233,LightGBM
2016-11-28,5,31.96,27.824181390358795,LightGBM
2016-11-28,6,37.94,36.54522497071911,LightGBM
2016-11-28,7,47.88,47.90241520126639,LightGBM
2016-11-28,8,46.99,49.12043247614787,LightGBM
2016-11-28,9,44.42,45.81406954444626,LightGBM
2016-11-28,10,37.92,42.169700845000975,LightGBM
2016-11-28,11,43.53,41.71891686632164,LightGBM
2016-11-28,12,37.38,41.590120090510936,LightGBM
2016-11-28,13,44.81,42.33487427875227,LightGBM
2016-11-28,14,45.77,46.68206242091284,LightGBM
2016-11-28,15,51.38,52.78704609235557,LightGBM
2016-11-28,16,57.21,53.090174364749934,LightGBM
2016-11-28,17,65.11,58.555133366259376,LightGBM
2016-11-28,18,51.42,59.7521637699766,LightGBM
2016-11-28,19,48.5,56.17128138422433,LightGBM
2016-11-28,20,45.97,50.1651027800189,LightGBM
2016-11-28,21,39.29,42.82109396230468,LightGBM
2016-11-28,22,36.14,39.268086016049324,LightGBM
2016-11-28,23,34.59,33.30751740922316,LightGBM
2016-11-29,0,36.92,32.20057783447908,LightGBM
2016-11-29,1,35.78,31.382542719928942,LightGBM
2016-11-29,2,34.81,30.48278414912603,LightGBM
2016-11-29,3,34.43,30.50506175651317,LightGBM
2016-11-29,4,34.89,31.277715057734035,LightGBM
2016-11-29,5,36.75,32.529994063958064,LightGBM
2016-11-29,6,44.68,39.40825528495759,LightGBM
2016-11-29,7,54.95,51.17535996377988,LightGBM
2016-11-29,8,52.65,51.303994812248625,LightGBM
2016-11-29,9,48.5,44.74657921825458,LightGBM
2016-11-29,10,43.69,41.01544353918969,LightGBM
2016-11-29,11,42.2,37.76467732754808,LightGBM
2016-11-29,12,40.42,36.50158215544275,LightGBM
2016-11-29,13,41.75,38.76577568103813,LightGBM
2016-11-29,14,43.12,41.887715927004066,LightGBM
2016-11-29,15,50.94,44.349058233952306,LightGBM
2016-11-29,16,55.58,48.79464194548018,LightGBM
2016-11-29,17,55.66,54.784868612359205,LightGBM
2016-11-29,18,52.61,48.49958327748702,LightGBM
2016-11-29,19,47.94,40.27302235666221,LightGBM
2016-11-29,20,39.97,37.06831623296254,LightGBM
2016-11-29,21,35.9,31.76199523147449,LightGBM
2016-11-29,22,32.9,29.795647860462484,LightGBM
2016-11-29,23,30.38,26.538960581563227,LightGBM
2016-11-30,0,27.75,27.494801085279992,LightGBM
2016-11-30,1,27.36,26.192285044978625,LightGBM
2016-11-30,2,27.02,22.845011982203314,LightGBM
2016-11-30,3,25.3,21.490685184974488,LightGBM
2016-11-30,4,28.04,23.563732643758126,LightGBM
2016-11-30,5,29.93,25.822899150809164,LightGBM
2016-11-30,6,34.13,32.31017423250979,LightGBM
2016-11-30,7,47.92,40.02340613747139,LightGBM
2016-11-30,8,47.91,38.30628425092485,LightGBM
2016-11-30,9,44.47,38.68489549150502,LightGBM
2016-11-30,10,37.49,35.58814962408331,LightGBM
2016-11-30,11,37.91,34.92771959040487,LightGBM
2016-11-30,12,37.42,34.465676604419926,LightGBM
2016-11-30,13,35.98,35.85782339039037,LightGBM
2016-11-30,14,39.33,36.23424798040924,LightGBM
2016-11-30,15,38.74,38.29356260002612,LightGBM
2016-11-30,16,44.75,39.4804626560528,LightGBM
2016-11-30,17,46.93,45.47042619113981,LightGBM
2016-11-30,18,39.95,40.31550140382495,LightGBM
2016-11-30,19,39.47,37.83463370725281,LightGBM
2016-11-30,20,35.08,30.78794326486675,LightGBM
2016-11-30,21,32.58,27.93466317922231,LightGBM
2016-11-30,22,31.86,26.492634297811158,LightGBM
2016-11-30,23,27.0,19.759328031607836,LightGBM
2016-12-01,0,26.79,23.2907606795446,LightGBM
2016-12-01,1,14.95,19.51712850460698,LightGBM
2016-12-01,2,11.95,15.208822660866746,LightGBM
2016-12-01,3,10.27,15.20233915666571,LightGBM
2016-12-01,4,11.29,18.315486252333027,LightGBM
2016-12-01,5,21.93,22.687600046151477,LightGBM
2016-12-01,6,32.06,29.248986022111524,LightGBM
2016-12-01,7,35.39,37.86158242999234,LightGBM
2016-12-01,8,34.36,37.984657829651034,LightGBM
2016-12-01,9,37.01,35.37143120213178,LightGBM
2016-12-01,10,38.79,31.846893279760852,LightGBM
2016-12-01,11,36.36,30.967966910634605,LightGBM
2016-12-01,12,33.99,28.925894416069514,LightGBM
2016-12-01,13,32.29,28.854530459607517,LightGBM
2016-12-01,14,31.37,29.755735988633123,LightGBM
2016-12-01,15,31.38,30.53865823007027,LightGBM
2016-12-01,16,32.38,33.07750682320251,LightGBM
2016-12-01,17,35.73,37.13477629314434,LightGBM
2016-12-01,18,32.94,32.55509205011049,LightGBM
2016-12-01,19,33.86,30.050788968755157,LightGBM
2016-12-01,20,31.32,28.590624255204197,LightGBM
2016-12-01,21,28.01,24.777637904484106,LightGBM
2016-12-01,22,19.66,24.442352652254982,LightGBM
2016-12-01,23,8.94,16.29500511910345,LightGBM
2016-12-02,0,7.23,10.123790943000348,LightGBM
2016-12-02,1,7.2,5.4998728857154635,LightGBM
2016-12-02,2,6.07,3.1108656240413572,LightGBM
2016-12-02,3,8.79,6.556398739784976,LightGBM
2016-12-02,4,19.83,11.285753508524724,LightGBM
2016-12-02,5,26.88,17.607439556736804,LightGBM
2016-12-02,6,31.87,29.283437917487074,LightGBM
2016-12-02,7,46.06,35.510965835399396,LightGBM
2016-12-02,8,46.94,38.55502328925333,LightGBM
2016-12-02,9,44.71,37.13657462214393,LightGBM
2016-12-02,10,43.5,41.10658984545422,LightGBM
2016-12-02,11,46.9,42.105531047533006,LightGBM
2016-12-02,12,46.93,43.11570871411271,LightGBM
2016-12-02,13,47.97,43.19284559783048,LightGBM
2016-12-02,14,49.54,44.610464275423745,LightGBM
2016-12-02,15,51.11,47.49488660978713,LightGBM
2016-12-02,16,49.99,49.520860710546756,LightGBM
2016-12-02,17,56.85,55.74321375197378,LightGBM
2016-12-02,18,58.1,56.26439702769923,LightGBM
2016-12-02,19,50.03,50.025905021126256,LightGBM
2016-12-02,20,52.07,46.300239064033086,LightGBM
2016-12-02,21,47.91,39.79252261451744,LightGBM
2016-12-02,22,44.02,40.14411787809715,LightGBM
2016-12-02,23,36.03,35.98586653768426,LightGBM
2016-12-03,0,32.9,34.497178982753944,LightGBM
2016-12-03,1,33.11,33.48512612627454,LightGBM
2016-12-03,2,33.71,32.58909828604387,LightGBM
2016-12-03,3,33.49,31.841367810428615,LightGBM
2016-12-03,4,33.63,31.998605800937945,LightGBM
2016-12-03,5,33.21,32.497729843585915,LightGBM
2016-12-03,6,36.69,37.86690159947705,LightGBM
2016-12-03,7,36.0,41.86299194192351,LightGBM
2016-12-03,8,39.0,45.77060068298133,LightGBM
2016-12-03,9,45.96,50.34064196731009,LightGBM
2016-12-03,10,40.13,49.28883078745322,LightGBM
2016-12-03,11,38.22,47.740447408638424,LightGBM
2016-12-03,12,37.32,45.830347337411645,LightGBM
2016-12-03,13,36.18,43.5900758316394,LightGBM
2016-12-03,14,39.69,43.93543420977693,LightGBM
2016-12-03,15,47.94,44.86383834584706,LightGBM
2016-12-03,16,52.0,48.61409420517961,LightGBM
2016-12-03,17,64.6,57.88156925079474,LightGBM
2016-12-03,18,58.94,57.18647164481202,LightGBM
2016-12-03,19,48.9,50.32311904692122,LightGBM
2016-12-03,20,44.97,46.19381166042813,LightGBM
2016-12-03,21,40.73,41.03562235260528,LightGBM
2016-12-03,22,41.9,37.96780284790697,LightGBM
2016-12-03,23,34.42,32.78768307687909,LightGBM
2016-12-04,0,35.6,33.003471227970955,LightGBM
2016-12-04,1,33.9,31.05142850306719,LightGBM
2016-12-04,2,34.22,30.392085930336496,LightGBM
2016-12-04,3,34.28,29.933567263301367,LightGBM
2016-12-04,4,33.75,30.09087190542669,LightGBM
2016-12-04,5,33.75,31.2667954862934,LightGBM
2016-12-04,6,33.85,30.49719483077557,LightGBM
2016-12-04,7,33.1,32.224351794992955,LightGBM
2016-12-04,8,35.08,36.31888465139394,LightGBM
2016-12-04,9,36.28,39.3846299553604,LightGBM
2016-12-04,10,35.88,39.5752189783948,LightGBM
2016-12-04,11,36.33,40.53726751125073,LightGBM
2016-12-04,12,34.42,38.93224328562179,LightGBM
2016-12-04,13,34.02,36.331189394679114,LightGBM
2016-12-04,14,34.2,36.88598216547218,LightGBM
2016-12-04,15,35.68,40.03352883921729,LightGBM
2016-12-04,16,44.0,44.30919248700133,LightGBM
2016-12-04,17,47.98,50.09495757413285,LightGBM
2016-12-04,18,48.96,50.011311782515904,LightGBM
2016-12-04,19,49.9,46.27782847634337,LightGBM
2016-12-04,20,46.95,42.050603869062584,LightGBM
2016-12-04,21,43.91,36.2549364682016,LightGBM
2016-12-04,22,46.34,35.56997264714758,LightGBM
2016-12-04,23,35.75,31.154271718560274,LightGBM
2016-12-05,0,35.77,34.06738830219183,LightGBM
2016-12-05,1,35.03,32.19072626864649,LightGBM
2016-12-05,2,33.56,31.96435725626126,LightGBM
2016-12-05,3,33.27,31.09802635154011,LightGBM
2016-12-05,4,34.93,32.159123205880675,LightGBM
2016-12-05,5,37.44,34.22360575377865,LightGBM
2016-12-05,6,50.38,43.40560315210287,LightGBM
2016-12-05,7,62.55,55.244453629186445,LightGBM
2016-12-05,8,64.79,55.70138218618367,LightGBM
2016-12-05,9,56.45,53.56629930534229,LightGBM
2016-12-05,10,47.93,50.183557960784015,LightGBM
2016-12-05,11,46.98,47.8173394935845,LightGBM
2016-12-05,12,39.65,48.725626377456784,LightGBM
2016-12-05,13,54.45,49.83445828532025,LightGBM
2016-12-05,14,62.36,52.15254997828914,LightGBM
2016-12-05,15,62.36,55.10933495118559,LightGBM
2016-12-05,16,63.45,57.13057722482307,LightGBM
2016-12-05,17,78.39,65.34006576018177,LightGBM
2016-12-05,18,58.42,63.030535115040514,LightGBM
2016-12-05,19,56.96,57.892045197506604,LightGBM
2016-12-05,20,48.9,48.79866020707306,LightGBM
2016-12-05,21,40.99,42.91297524886948,LightGBM
2016-12-05,22,33.94,38.22359030622544,LightGBM
2016-12-05,23,33.51,34.76782209345015,LightGBM
2016-12-06,0,38.02,34.30972577481441,LightGBM
2016-12-06,1,41.58,33.310136778401464,LightGBM
2016-12-06,2,36.53,32.991384689866535,LightGBM
2016-12-06,3,38.15,33.219756791604276,LightGBM
2016-12-06,4,42.93,34.58998734105555,LightGBM
2016-12-06,5,46.66,35.11179475366578,LightGBM
2016-12-06,6,49.5,45.71216012628117,LightGBM
2016-12-06,7,74.73,58.99934510837376,LightGBM
2016-12-06,8,80.09,64.0458027456904,LightGBM
2016-12-06,9,76.0,63.76206828700425,LightGBM
2016-12-06,10,66.39,60.090324344447296,LightGBM
2016-12-06,11,58.99,59.60509806493989,LightGBM
2016-12-06,12,56.77,58.53815874113523,LightGBM
2016-12-06,13,58.12,61.07373528095943,LightGBM
2016-12-06,14,63.61,59.78042919195727,LightGBM
2016-12-06,15,66.31,62.670435258228636,LightGBM
2016-12-06,16,72.97,64.57985668191382,LightGBM
2016-12-06,17,89.25,76.89921152262312,LightGBM
2016-12-06,18,82.71,68.81840822068669,LightGBM
2016-12-06,19,75.39,62.97503984740362,LightGBM
2016-12-06,20,62.76,52.45422131613452,LightGBM
2016-12-06,21,46.98,45.50807235744891,LightGBM
2016-12-06,22,39.47,42.90023769768466,LightGBM
2016-12-06,23,36.08,36.266775299892,LightGBM
2016-12-07,0,33.09,34.37428380236017,LightGBM
2016-12-07,1,32.77,32.57393059221242,LightGBM
2016-12-07,2,31.91,32.269549821593884,LightGBM
2016-12-07,3,31.41,30.983099625599888,LightGBM
2016-12-07,4,31.07,32.35563453070062,LightGBM
2016-12-07,5,32.43,33.44656357020049,LightGBM
2016-12-07,6,38.0,39.0422002672523,LightGBM
2016-12-07,7,45.28,54.00723092098075,LightGBM
2016-12-07,8,47.96,55.943312327543396,LightGBM
2016-12-07,9,46.95,51.898275366895696,LightGBM
2016-12-07,10,46.98,48.48243439657864,LightGBM
2016-12-07,11,44.89,47.90442762636102,LightGBM
2016-12-07,12,40.0,46.972050787573295,LightGBM
2016-12-07,13,39.13,45.672923504864094,LightGBM
2016-12-07,14,39.11,46.573679556753085,LightGBM
2016-12-07,15,41.12,47.7283982391381,LightGBM
2016-12-07,16,44.47,48.322983288297344,LightGBM
2016-12-07,17,45.28,54.802001144016835,LightGBM
2016-12-07,18,38.39,43.76389698333953,LightGBM
2016-12-07,19,36.03,42.56889162018877,LightGBM
2016-12-07,20,34.14,34.613589225014536,LightGBM
2016-12-07,21,32.03,31.722334027636478,LightGBM
2016-12-07,22,30.85,29.808127242394796,LightGBM
2016-12-07,23,27.03,22.390506693402504,LightGBM
2016-12-08,0,22.46,22.201420679492312,LightGBM
2016-12-08,1,13.7,20.71677389773995,LightGBM
2016-12-08,2,11.57,17.375850059874974,LightGBM
2016-12-08,3,11.79,13.99532871356674,LightGBM
2016-12-08,4,13.33,16.22030197636224,LightGBM
2016-12-08,5,17.94,22.234205790874974,LightGBM
2016-12-08,6,29.36,27.657522961119117,LightGBM
2016-12-08,7,33.56,35.405904927670406,LightGBM
2016-12-08,8,36.01,35.598504723793006,LightGBM
2016-12-08,9,36.34,33.883111649294925,LightGBM
2016-12-08,10,32.88,33.90812799025033,LightGBM
2016-12-08,11,31.97,33.24990403509832,LightGBM
2016-12-08,12,30.83,34.39893070801307,LightGBM
2016-12-08,13,32.46,33.125457328047574,LightGBM
2016-12-08,14,36.33,34.223887756420986,LightGBM
2016-12-08,15,42.33,34.67272564188858,LightGBM
2016-12-08,16,43.97,37.196944802081084,LightGBM
2016-12-08,17,46.99,41.53404807506258,LightGBM
2016-12-08,18,43.41,39.51561467027301,LightGBM
2016-12-08,19,39.96,37.7744909457695,LightGBM
2016-12-08,20,35.0,32.14196887269114,LightGBM
2016-12-08,21,30.7,30.059370662832027,LightGBM
2016-12-08,22,29.9,27.91411333624444,LightGBM
2016-12-08,23,27.27,19.937092502742694,LightGBM
2016-12-09,0,27.59,24.372510995049073,LightGBM
2016-12-09,1,25.56,22.00906629998028,LightGBM
2016-12-09,2,25.12,19.94853821370512,LightGBM
2016-12-09,3,25.52,20.482118322150377,LightGBM
2016-12-09,4,27.46,23.59061201548674,LightGBM
2016-12-09,5,27.55,26.924680058565485,LightGBM
2016-12-09,6,31.57,31.63855262148508,LightGBM
2016-12-09,7,44.47,41.264807923506005,LightGBM
2016-12-09,8,46.99,43.39639580340751,LightGBM
2016-12-09,9,43.68,38.85532475324799,LightGBM
2016-12-09,10,45.93,38.68895589317807,LightGBM
2016-12-09,11,42.51,38.74198778448923,LightGBM
2016-12-09,12,39.02,36.352228733286054,LightGBM
2016-12-09,13,37.5,36.069269196913325,LightGBM
2016-12-09,14,37.44,36.433442981585,LightGBM
2016-12-09,15,40.82,41.6408812496348,LightGBM
2016-12-09,16,41.91,42.86864640138227,LightGBM
2016-12-09,17,41.96,46.83212502967859,LightGBM
2016-12-09,18,39.15,47.08570685521076,LightGBM
2016-12-09,19,40.86,42.63201484170666,LightGBM
2016-12-09,20,35.0,36.578667230776475,LightGBM
2016-12-09,21,32.46,32.940562797414664,LightGBM
2016-12-09,22,31.24,30.335285399846715,LightGBM
2016-12-09,23,29.0,25.436437354547135,LightGBM
2016-12-10,0,25.98,21.95844021059119,LightGBM
2016-12-10,1,24.02,20.840904971153023,LightGBM
2016-12-10,2,23.95,18.47909228658974,LightGBM
2016-12-10,3,20.3,17.863133735654802,LightGBM
2016-12-10,4,20.55,21.120807061455658,LightGBM
2016-12-10,5,23.25,20.4789547631793,LightGBM
2016-12-10,6,23.08,22.690600568178084,LightGBM
2016-12-10,7,24.13,25.45942379286289,LightGBM
2016-12-10,8,28.49,30.256622218741125,LightGBM
2016-12-10,9,31.08,30.95347320594712,LightGBM
2016-12-10,10,31.86,29.039547659196653,LightGBM
2016-12-10,11,33.77,29.922290013892532,LightGBM
2016-12-10,12,33.0,28.34087816786452,LightGBM
2016-12-10,13,32.35,28.17684362309697,LightGBM
2016-12-10,14,35.02,30.017762268741297,LightGBM
2016-12-10,15,41.92,33.465141924808655,LightGBM
2016-12-10,16,43.67,36.07893886568977,LightGBM
2016-12-10,17,50.03,44.684925617104426,LightGBM
2016-12-10,18,45.12,44.57594839523381,LightGBM
2016-12-10,19,40.17,41.12987361108135,LightGBM
2016-12-10,20,39.94,33.78314506582403,LightGBM
2016-12-10,21,34.72,32.448084318548425,LightGBM
2016-12-10,22,34.94,32.30682274633533,LightGBM
2016-12-10,23,31.4,27.554160537981712,LightGBM
2016-12-11,0,30.58,26.87320686061315,LightGBM
2016-12-11,1,28.44,24.868424315828346,LightGBM
2016-12-11,2,28.95,22.250664365734092,LightGBM
2016-12-11,3,28.08,19.792303640225704,LightGBM
2016-12-11,4,27.56,20.723475928512407,LightGBM
2016-12-11,5,27.94,20.592844778952912,LightGBM
2016-12-11,6,26.16,21.279578416139625,LightGBM
2016-12-11,7,26.51,22.730581245762547,LightGBM
2016-12-11,8,26.84,26.703727553592074,LightGBM
2016-12-11,9,29.51,27.431715345314462,LightGBM
2016-12-11,10,29.75,28.882542358157565,LightGBM
2016-12-11,11,30.42,27.6414390956586,LightGBM
2016-12-11,12,29.03,25.484066098167897,LightGBM
2016-12-11,13,25.1,24.748035907115764,LightGBM
2016-12-11,14,24.01,24.073964198089705,LightGBM
2016-12-11,15,24.7,23.75530476738432,LightGBM
2016-12-11,16,34.57,29.19274872452258,LightGBM
2016-12-11,17,32.83,35.95220114906319,LightGBM
2016-12-11,18,34.07,33.18080610860201,LightGBM
2016-12-11,19,32.9,31.94483523053586,LightGBM
2016-12-11,20,32.01,27.890162504407204,LightGBM
2016-12-11,21,29.09,25.505550274452215,LightGBM
2016-12-11,22,30.44,26.66298894711668,LightGBM
2016-12-11,23,25.92,16.494423582344684,LightGBM
2016-12-12,0,23.98,22.48688071882698,LightGBM
2016-12-12,1,28.82,23.403961672615,LightGBM
2016-12-12,2,28.24,21.189767777263366,LightGBM
2016-12-12,3,27.49,22.490084143698716,LightGBM
2016-12-12,4,26.6,24.447446223036522,LightGBM
2016-12-12,5,28.78,27.616482150355385,LightGBM
2016-12-12,6,43.7,38.00416920289015,LightGBM
2016-12-12,7,57.36,47.08546391483317,LightGBM
2016-12-12,8,47.93,51.04812995510699,LightGBM
2016-12-12,9,50.09,51.67102273747311,LightGBM
2016-12-12,10,52.32,51.9950538743668,LightGBM
2016-12-12,11,59.54,53.362636284682196,LightGBM
2016-12-12,12,53.91,52.086569696946796,LightGBM
2016-12-12,13,63.67,50.35148370766641,LightGBM
2016-12-12,14,63.81,53.40596006548995,LightGBM
2016-12-12,15,56.29,52.82734557724664,LightGBM
2016-12-12,16,70.25,53.98753428611564,LightGBM
2016-12-12,17,80.62,63.5430263906454,LightGBM
2016-12-12,18,65.2,63.31045888623085,LightGBM
2016-12-12,19,57.18,57.157221335534075,LightGBM
2016-12-12,20,46.96,49.57813585731293,LightGBM
2016-12-12,21,37.73,40.9732599687318,LightGBM
2016-12-12,22,35.07,38.70077173425391,LightGBM
2016-12-12,23,33.33,33.642471341120604,LightGBM
2016-12-13,0,35.88,32.19980849129034,LightGBM
2016-12-13,1,33.04,31.94013135897296,LightGBM
2016-12-13,2,33.04,31.590231228844942,LightGBM
2016-12-13,3,33.02,31.142517543915492,LightGBM
2016-12-13,4,34.97,31.71439566146559,LightGBM
2016-12-13,5,32.84,32.74227481280577,LightGBM
2016-12-13,6,47.41,42.71551746901192,LightGBM
2016-12-13,7,49.9,55.324796967158484,LightGBM
2016-12-13,8,54.39,59.258618199301424,LightGBM
2016-12-13,9,58.12,57.654862666877584,LightGBM
2016-12-13,10,62.76,56.55904904232538,LightGBM
2016-12-13,11,60.09,56.23390934305675,LightGBM
2016-12-13,12,58.0,53.225391685884006,LightGBM
2016-12-13,13,59.39,52.130206158310536,LightGBM
2016-12-13,14,59.6,51.54133756594105,LightGBM
2016-12-13,15,61.6,52.86620385363479,LightGBM
2016-12-13,16,63.02,54.49007925703315,LightGBM
2016-12-13,17,70.42,63.77693116113213,LightGBM
2016-12-13,18,60.09,61.928146179831934,LightGBM
2016-12-13,19,57.76,55.03612157533267,LightGBM
2016-12-13,20,45.66,46.56099636306351,LightGBM
2016-12-13,21,40.19,37.75204713372794,LightGBM
2016-12-13,22,37.02,36.44411709232533,LightGBM
2016-12-13,23,32.53,32.01313879688646,LightGBM
2016-12-14,0,33.09,33.75240558290238,LightGBM
2016-12-14,1,33.28,33.08862627912668,LightGBM
2016-12-14,2,33.0,31.93515341989113,LightGBM
2016-12-14,3,32.64,32.26642133129897,LightGBM
2016-12-14,4,32.66,33.19948049639833,LightGBM
2016-12-14,5,36.9,34.88383235044514,LightGBM
2016-12-14,6,49.91,42.44854090088664,LightGBM
2016-12-14,7,75.06,53.04062287821978,LightGBM
2016-12-14,8,82.26,59.427180014652684,LightGBM
2016-12-14,9,78.58,61.08185637178719,LightGBM
2016-12-14,10,77.17,60.214270515093936,LightGBM
2016-12-14,11,75.94,60.519302363674996,LightGBM
2016-12-14,12,70.55,58.76964774849738,LightGBM
2016-12-14,13,69.91,57.67199351652563,LightGBM
2016-12-14,14,69.69,56.83736706308763,LightGBM
2016-12-14,15,72.52,55.8334850504501,LightGBM
2016-12-14,16,75.15,58.380327436045796,LightGBM
2016-12-14,17,91.81,69.86488678810399,LightGBM
2016-12-14,18,79.9,66.32844395717778,LightGBM
2016-12-14,19,78.62,58.93514091088495,LightGBM
2016-12-14,20,67.54,49.22158351406474,LightGBM
2016-12-14,21,47.94,43.66064237410866,LightGBM
2016-12-14,22,41.71,41.412903022972806,LightGBM
2016-12-14,23,35.57,35.24906947990353,LightGBM
2016-12-15,0,35.05,33.637440364459266,LightGBM
2016-12-15,1,33.31,33.02593644631514,LightGBM
2016-12-15,2,34.2,32.34048390592076,LightGBM
2016-12-15,3,33.51,30.53898141564919,LightGBM
2016-12-15,4,34.53,31.052427429356886,LightGBM
2016-12-15,5,35.61,32.78042990822863,LightGBM
2016-12-15,6,49.55,40.43565881922195,LightGBM
2016-12-15,7,67.91,52.692311708478734,LightGBM
2016-12-15,8,67.07,53.1752506200519,LightGBM
2016-12-15,9,62.27,51.127647571684804,LightGBM
2016-12-15,10,59.13,48.21716614255525,LightGBM
2016-12-15,11,57.69,47.95253224654254,LightGBM
2016-12-15,12,53.72,47.168518876626074,LightGBM
2016-12-15,13,54.95,45.34052307225874,LightGBM
2016-12-15,14,55.0,44.2099985363492,LightGBM
2016-12-15,15,60.24,47.45280384189943,LightGBM
2016-12-15,16,62.05,48.105074210062746,LightGBM
2016-12-15,17,70.03,52.241256035659234,LightGBM
2016-12-15,18,58.95,45.74460613386064,LightGBM
2016-12-15,19,54.65,42.718622040702925,LightGBM
2016-12-15,20,45.37,36.308670615308266,LightGBM
2016-12-15,21,40.0,34.13839275159318,LightGBM
2016-12-15,22,37.53,32.95589227785762,LightGBM
2016-12-15,23,33.98,30.86626435271524,LightGBM
2016-12-16,0,34.25,33.035981075724024,LightGBM
2016-12-16,1,33.29,32.52746820402235,LightGBM
2016-12-16,2,32.0,31.296235503725907,LightGBM
2016-12-16,3,31.92,32.33769773168239,LightGBM
2016-12-16,4,33.15,32.69232219813455,LightGBM
2016-12-16,5,35.51,34.8837051850877,LightGBM
2016-12-16,6,46.76,38.60192227147848,LightGBM
2016-12-16,7,58.99,51.940010620406106,LightGBM
2016-12-16,8,62.65,53.59332662661979,LightGBM
2016-12-16,9,59.99,53.29104189848529,LightGBM
2016-12-16,10,59.04,51.99957652511472,LightGBM
2016-12-16,11,59.56,51.971947735988024,LightGBM
2016-12-16,12,56.96,49.65453748837893,LightGBM
2016-12-16,13,57.98,49.389619555923346,LightGBM
2016-12-16,14,64.88,50.83887341011142,LightGBM
2016-12-16,15,65.1,53.82843808815827,LightGBM
2016-12-16,16,69.46,56.31703171473717,LightGBM
2016-12-16,17,80.99,61.78531348159694,LightGBM
2016-12-16,18,68.0,60.26516732407999,LightGBM
2016-12-16,19,71.71,57.08940910704217,LightGBM
2016-12-16,20,63.6,48.55382707416683,LightGBM
2016-12-16,21,48.09,43.48248650940851,LightGBM
2016-12-16,22,42.49,41.22137188216115,LightGBM
2016-12-16,23,37.06,36.58816260276346,LightGBM
2016-12-17,0,42.1,36.38207352614303,LightGBM
2016-12-17,1,39.44,34.41336246554082,LightGBM
2016-12-17,2,38.36,33.991448636621996,LightGBM
2016-12-17,3,38.28,33.18173966782634,LightGBM
2016-12-17,4,39.07,34.0401668202177,LightGBM
2016-12-17,5,39.01,34.71337758558367,LightGBM
2016-12-17,6,36.0,35.01194357386324,LightGBM
2016-12-17,7,39.01,40.556266099123285,LightGBM
2016-12-17,8,47.84,46.41226638331741,LightGBM
2016-12-17,9,54.97,50.96060339999749,LightGBM
2016-12-17,10,54.91,49.94721793506544,LightGBM
2016-12-17,11,54.35,51.89577297225219,LightGBM
2016-12-17,12,50.1,48.96907251032597,LightGBM
2016-12-17,13,47.65,45.54228403446926,LightGBM
2016-12-17,14,49.68,45.07556440032982,LightGBM
2016-12-17,15,50.68,45.43514690011909,LightGBM
2016-12-17,16,54.8,47.2364290292399,LightGBM
2016-12-17,17,61.01,62.67330599186026,LightGBM
2016-12-17,18,63.53,57.95939570977333,LightGBM
2016-12-17,19,54.98,53.4468190692464,LightGBM
2016-12-17,20,46.22,42.28295387900001,LightGBM
2016-12-17,21,40.93,36.68122582261991,LightGBM
2016-12-17,22,40.98,36.45828809317713,LightGBM
2016-12-17,23,39.1,34.22727807565589,LightGBM
2016-12-18,0,35.78,34.13390050771012,LightGBM
2016-12-18,1,35.23,32.98690373060477,LightGBM
2016-12-18,2,33.96,31.468675209729444,LightGBM
2016-12-18,3,34.32,29.484856466191676,LightGBM
2016-12-18,4,33.96,30.79228034796378,LightGBM
2016-12-18,5,33.93,31.604773199974787,LightGBM
2016-12-18,6,34.36,29.306584141539528,LightGBM
2016-12-18,7,38.37,28.043517964079577,LightGBM
2016-12-18,8,36.88,33.214182461609745,LightGBM
2016-12-18,9,44.72,35.8304286767402,LightGBM
2016-12-18,10,45.94,38.05345075499894,LightGBM
2016-12-18,11,52.29,40.947679222050525,LightGBM
2016-12-18,12,52.0,40.26251748422146,LightGBM
2016-12-18,13,49.78,38.372696282200145,LightGBM
2016-12-18,14,45.82,36.78814375829944,LightGBM
2016-12-18,15,47.43,37.86090959657604,LightGBM
2016-12-18,16,49.98,40.85735523137229,LightGBM
2016-12-18,17,54.92,47.10623002169402,LightGBM
2016-12-18,18,53.98,48.93439656669826,LightGBM
2016-12-18,19,50.13,49.683852318516735,LightGBM
2016-12-18,20,49.92,44.706398705174124,LightGBM
2016-12-18,21,45.73,40.261195410635544,LightGBM
2016-12-18,22,47.14,41.37014468161275,LightGBM
2016-12-18,23,42.06,36.24844545136883,LightGBM
2016-12-19,0,39.9,38.16272108127962,LightGBM
2016-12-19,1,39.08,35.925435014010375,LightGBM
2016-12-19,2,39.02,34.548215961624656,LightGBM
2016-12-19,3,38.56,34.012560627702314,LightGBM
2016-12-19,4,39.01,34.61400271595541,LightGBM
2016-12-19,5,39.05,36.39716681526596,LightGBM
2016-12-19,6,54.11,45.664621488187684,LightGBM
2016-12-19,7,66.7,56.34236932546306,LightGBM
2016-12-19,8,65.38,60.11376257321936,LightGBM
2016-12-19,9,75.1,58.96498077113698,LightGBM
2016-12-19,10,74.99,58.74498650275877,LightGBM
2016-12-19,11,72.19,55.75454851412605,LightGBM
2016-12-19,12,70.8,54.4307482062912,LightGBM
2016-12-19,13,71.48,53.471395078250204,LightGBM
2016-12-19,14,70.82,52.74878693144329,LightGBM
2016-12-19,15,72.99,55.043536319657576,LightGBM
2016-12-19,16,69.24,56.1845256496181,LightGBM
2016-12-19,17,79.46,62.02375056260207,LightGBM
2016-12-19,18,66.0,62.594446146993825,LightGBM
2016-12-19,19,67.0,56.72480729281144,LightGBM
2016-12-19,20,50.94,50.338106481309644,LightGBM
2016-12-19,21,40.16,42.83329411553315,LightGBM
2016-12-19,22,40.05,40.99567129343709,LightGBM
2016-12-19,23,35.74,36.514148587042136,LightGBM
2016-12-20,0,37.49,34.720131130870776,LightGBM
2016-12-20,1,37.06,35.08084080870876,LightGBM
2016-12-20,2,37.06,33.86912480701546,LightGBM
2016-12-20,3,34.96,33.35863525659715,LightGBM
2016-12-20,4,37.0,34.55107751562779,LightGBM
2016-12-20,5,38.14,35.178467245289184,LightGBM
2016-12-20,6,43.27,43.508942128322154,LightGBM
2016-12-20,7,55.94,56.13065563583962,LightGBM
2016-12-20,8,55.95,58.51873994209562,LightGBM
2016-12-20,9,58.13,56.26890604299178,LightGBM
2016-12-20,10,54.97,53.83508565648026,LightGBM
2016-12-20,11,58.92,53.82288238980094,LightGBM
2016-12-20,12,54.91,51.11162316063975,LightGBM
2016-12-20,13,58.53,50.996125417924645,LightGBM
2016-12-20,14,58.17,50.26696659967022,LightGBM
2016-12-20,15,54.97,51.212956757877734,LightGBM
2016-12-20,16,57.82,55.81031887174724,LightGBM
2016-12-20,17,66.33,62.24667388561996,LightGBM
2016-12-20,18,58.91,55.44935246182038,LightGBM
2016-12-20,19,55.09,53.276748437776064,LightGBM
2016-12-20,20,43.53,43.71175758938929,LightGBM
2016-12-20,21,39.27,36.77882240309317,LightGBM
2016-12-20,22,39.04,36.62254616570275,LightGBM
2016-12-20,23,36.34,34.79227770359743,LightGBM
2016-12-21,0,31.88,33.55917441375782,LightGBM
2016-12-21,1,31.35,32.76216323151816,LightGBM
2016-12-21,2,31.74,30.74870866473517,LightGBM
2016-12-21,3,31.35,30.056087933533487,LightGBM
2016-12-21,4,31.34,31.516368990695895,LightGBM
2016-12-21,5,31.34,32.979555675873534,LightGBM
2016-12-21,6,36.09,36.48901744427679,LightGBM
2016-12-21,7,46.97,44.917173272490196,LightGBM
2016-12-21,8,49.97,45.75253292593856,LightGBM
2016-12-21,9,46.27,45.555645023630014,LightGBM
2016-12-21,10,46.9,44.56943922343513,LightGBM
2016-12-21,11,43.96,44.90546794603115,LightGBM
2016-12-21,12,39.53,43.57145088468271,LightGBM
2016-12-21,13,39.38,43.391609633126556,LightGBM
2016-12-21,14,41.97,42.59330250540282,LightGBM
2016-12-21,15,47.95,43.470108673791884,LightGBM
2016-12-21,16,47.95,47.00143114462802,LightGBM
2016-12-21,17,48.95,51.01921808072345,LightGBM
2016-12-21,18,47.0,44.68843713266627,LightGBM
2016-12-21,19,44.62,43.80823737302116,LightGBM
2016-12-21,20,39.05,37.72364315434558,LightGBM
2016-12-21,21,37.22,35.86748669214938,LightGBM
2016-12-21,22,34.57,34.83922239895412,LightGBM
2016-12-21,23,33.94,30.83066170054317,LightGBM
2016-12-22,0,34.34,32.61178258220503,LightGBM
2016-12-22,1,32.72,31.429817565403294,LightGBM
2016-12-22,2,33.34,29.243038232083926,LightGBM
2016-12-22,3,34.42,30.17579705814664,LightGBM
2016-12-22,4,34.9,32.056656734010645,LightGBM
2016-12-22,5,36.03,31.990489820052268,LightGBM
2016-12-22,6,41.88,37.85227136147637,LightGBM
2016-12-22,7,51.84,47.01971662654824,LightGBM
2016-12-22,8,51.78,49.03610970993081,LightGBM
2016-12-22,9,50.99,48.976917999122065,LightGBM
2016-12-22,10,55.62,48.59663979384229,LightGBM
2016-12-22,11,54.26,50.908638697566516,LightGBM
2016-12-22,12,51.4,46.987662975364586,LightGBM
2016-12-22,13,50.94,45.945656235034164,LightGBM
2016-12-22,14,50.93,46.04015416749781,LightGBM
2016-12-22,15,51.97,48.17640878375557,LightGBM
2016-12-22,16,56.7,49.332701378924035,LightGBM
2016-12-22,17,54.46,55.67340401057726,LightGBM
2016-12-22,18,54.92,55.37848274200102,LightGBM
2016-12-22,19,51.0,48.177531891090624,LightGBM
2016-12-22,20,39.94,42.43609909522495,LightGBM
2016-12-22,21,37.66,36.460732219932446,LightGBM
2016-12-22,22,38.62,37.05619801538623,LightGBM
2016-12-22,23,34.95,33.62887264592412,LightGBM
2016-12-23,0,29.02,31.765373037383586,LightGBM
2016-12-23,1,29.58,30.72144355972617,LightGBM
2016-12-23,2,27.58,28.26097491508473,LightGBM
2016-12-23,3,26.78,28.017475901325465,LightGBM
2016-12-23,4,29.02,31.13109975601174,LightGBM
2016-12-23,5,30.0,31.413465685912097,LightGBM
2016-12-23,6,36.3,35.57126403091092,LightGBM
2016-12-23,7,45.91,42.819103421836395,LightGBM
2016-12-23,8,50.91,47.298199904341445,LightGBM
2016-12-23,9,51.15,46.66006951452631,LightGBM
2016-12-23,10,50.98,47.90474428893214,LightGBM
2016-12-23,11,48.89,47.69219031117073,LightGBM
2016-12-23,12,45.91,44.62000973292292,LightGBM
2016-12-23,13,45.12,42.82733669487361,LightGBM
2016-12-23,14,44.95,41.44144315095137,LightGBM
2016-12-23,15,44.96,43.56790886293598,LightGBM
2016-12-23,16,46.96,44.30776295756581,LightGBM
2016-12-23,17,48.39,45.037948328679086,LightGBM
2016-12-23,18,40.84,42.54930807560744,LightGBM
2016-12-23,19,38.15,36.33615028094554,LightGBM
2016-12-23,20,36.28,30.204962923424812,LightGBM
2016-12-23,21,33.0,28.808293865571194,LightGBM
2016-12-23,22,27.57,29.360944504537425,LightGBM
2016-12-23,23,7.82,23.51568973190007,LightGBM
2016-12-24,0,10.38,12.13503942420837,LightGBM
2016-12-24,1,3.71,6.270660126396154,LightGBM
2016-12-24,2,-7.62,3.965771077353745,LightGBM
2016-12-24,3,-2.57,7.378122322033112,LightGBM
2016-12-24,4,8.47,7.987589941575128,LightGBM
2016-12-24,5,8.59,12.845701507650938,LightGBM
2016-12-24,6,3.97,18.197154609187578,LightGBM
2016-12-24,7,8.69,24.61110242736847,LightGBM
2016-12-24,8,15.99,29.367161107056,LightGBM
2016-12-24,9,20.36,29.37663852396833,LightGBM
2016-12-24,10,21.0,27.330011466639302,LightGBM
2016-12-24,11,20.02,28.809013513304095,LightGBM
2016-12-24,12,18.04,23.263105785565955,LightGBM
2016-12-24,13,15.3,21.72462955238861,LightGBM
2016-12-24,14,10.41,18.274438203462378,LightGBM
2016-12-24,15,10.51,20.06187455491846,LightGBM
2016-12-24,16,13.79,25.44726568845385,LightGBM
2016-12-24,17,13.69,31.56480752914553,LightGBM
2016-12-24,18,8.67,31.695113852876062,LightGBM
2016-12-24,19,2.16,28.86464177531088,LightGBM
2016-12-24,20,2.93,26.74221628877169,LightGBM
2016-12-24,21,0.11,21.452619534340915,LightGBM
2016-12-24,22,8.31,19.496879355335412,LightGBM
2016-12-24,23,-12.05,12.220221600084676,LightGBM
2016-12-25,0,-18.07,3.8989889941093847,LightGBM
2016-12-25,1,-36.1,-3.470616344965592,LightGBM
2016-12-25,2,-38.78,-2.1898609622589364,LightGBM
2016-12-25,3,-26.87,-2.3029217690684183,LightGBM
2016-12-25,4,-15.06,0.9248833888525488,LightGBM
2016-12-25,5,-12.1,3.054808213196309,LightGBM
2016-12-25,6,-30.07,5.869659988602127,LightGBM
2016-12-25,7,-4.02,12.031253848611417,LightGBM
2016-12-25,8,0.1,13.091482944202838,LightGBM
2016-12-25,9,10.6,14.790038465740036,LightGBM
2016-12-25,10,13.49,15.255748037245471,LightGBM
2016-12-25,11,13.67,15.73880329952391,LightGBM
2016-12-25,12,8.76,12.315541178793355,LightGBM
2016-12-25,13,0.13,10.256994814259288,LightGBM
2016-12-25,14,-0.1,8.905102004363288,LightGBM
2016-12-25,15,0.08,10.988373647066746,LightGBM
2016-12-25,16,8.67,12.472582969075127,LightGBM
2016-12-25,17,13.63,20.388247838439575,LightGBM
2016-12-25,18,10.7,23.420385203504864,LightGBM
2016-12-25,19,8.98,24.90828079673963,LightGBM
2016-12-25,20,10.67,22.320855911211744,LightGBM
2016-12-25,21,9.94,22.58816967074799,LightGBM
2016-12-25,22,10.02,17.141838449042044,LightGBM
2016-12-25,23,-2.95,7.155387523699438,LightGBM
2016-12-26,0,0.04,2.4710959073498664,LightGBM
2016-12-26,1,-9.92,-2.445083963709186,LightGBM
2016-12-26,2,-14.9,-3.3318730004593915,LightGBM
2016-12-26,3,-16.09,-3.245454565105746,LightGBM
2016-12-26,4,-15.05,0.5146415432176896,LightGBM
2016-12-26,5,-51.49,3.004464456441317,LightGBM
2016-12-26,6,-67.07,7.354457467830852,LightGBM
2016-12-26,7,-67.09,11.617796423626338,LightGBM
2016-12-26,8,-54.2,16.14799112089703,LightGBM
2016-12-26,9,-3.08,14.507577009865347,LightGBM
2016-12-26,10,0.11,15.522301167257622,LightGBM
2016-12-26,11,5.87,16.272658210645808,LightGBM
2016-12-26,12,1.05,13.181289529402546,LightGBM
2016-12-26,13,-6.71,11.881809281468259,LightGBM
2016-12-26,14,-13.31,10.14499100109278,LightGBM
2016-12-26,15,-6.74,11.668875840738272,LightGBM
2016-12-26,16,-2.98,14.904666066791995,LightGBM
2016-12-26,17,8.78,20.69678685076855,LightGBM
2016-12-26,18,9.68,24.74381074006938,LightGBM
2016-12-26,19,10.69,22.911301741481655,LightGBM
2016-12-26,20,8.32,20.68379175673535,LightGBM
2016-12-26,21,-0.91,18.76141773802711,LightGBM
2016-12-26,22,4.39,16.926263364807376,LightGBM
2016-12-26,23,-13.34,5.259923713246463,LightGBM
2016-12-27,0,-13.0,1.3977420097284137,LightGBM
2016-12-27,1,-24.92,-3.603084553669364,LightGBM
2016-12-27,2,-49.98,-4.59452329332532,LightGBM
2016-12-27,3,-53.62,-3.7857856753919488,LightGBM
2016-12-27,4,-50.19,-2.223755848664284,LightGBM
2016-12-27,5,-23.36,3.4447629595766434,LightGBM
2016-12-27,6,-12.15,8.093532357487438,LightGBM
2016-12-27,7,8.77,14.266610046415673,LightGBM
2016-12-27,8,13.7,17.84258268315709,LightGBM
2016-12-27,9,12.17,16.234619935045405,LightGBM
2016-12-27,10,10.63,17.224720227065337,LightGBM
2016-12-27,11,10.64,16.128526101778082,LightGBM
2016-12-27,12,10.68,14.8005567792604,LightGBM
2016-12-27,13,13.75,12.980388821180041,LightGBM
2016-12-27,14,13.76,13.68149160245214,LightGBM
2016-12-27,15,21.04,16.28811561871606,LightGBM
2016-12-27,16,29.58,20.086429094238273,LightGBM
2016-12-27,17,29.76,26.535775860323817,LightGBM
2016-12-27,18,29.69,27.458236845709024,LightGBM
2016-12-27,19,29.45,27.0484166482434,LightGBM
2016-12-27,20,31.91,26.571020160535383,LightGBM
2016-12-27,21,28.5,22.891866878099695,LightGBM
2016-12-27,22,27.01,21.56134360982958,LightGBM
2016-12-27,23,13.71,13.782837744873497,LightGBM
2016-12-28,0,21.8,14.673384594610017,LightGBM
2016-12-28,1,21.28,12.579393923531589,LightGBM
2016-12-28,2,22.1,11.867969557762956,LightGBM
2016-12-28,3,20.28,10.215733704657122,LightGBM
2016-12-28,4,23.01,11.272842218298402,LightGBM
2016-12-28,5,28.09,15.954858886896194,LightGBM
2016-12-28,6,30.0,20.871404312078912,LightGBM
2016-12-28,7,32.07,21.3703399623602,LightGBM
2016-12-28,8,40.06,26.03154242352424,LightGBM
2016-12-28,9,45.57,31.59220821510239,LightGBM
2016-12-28,10,45.46,32.976841931314105,LightGBM
2016-12-28,11,43.93,35.55089490566311,LightGBM
2016-12-28,12,44.4,35.30984551870912,LightGBM
2016-12-28,13,45.82,33.99287137107498,LightGBM
2016-12-28,14,50.77,35.7700815258654,LightGBM
2016-12-28,15,51.6,39.70566416682418,LightGBM
2016-12-28,16,55.2,42.13623798301249,LightGBM
2016-12-28,17,62.8,50.47582223157138,LightGBM
2016-12-28,18,63.7,48.336359947570806,LightGBM
2016-12-28,19,59.82,44.6571113259807,LightGBM
2016-12-28,20,49.95,41.33103416193732,LightGBM
2016-12-28,21,50.0,38.45994403554628,LightGBM
2016-12-28,22,45.64,36.57978072455512,LightGBM
2016-12-28,23,37.92,30.16244505722226,LightGBM
2016-12-29,0,42.28,33.01645689172891,LightGBM
2016-12-29,1,39.3,31.440151147246475,LightGBM
2016-12-29,2,36.83,31.281313744590573,LightGBM
2016-12-29,3,34.11,29.746412187053874,LightGBM
2016-12-29,4,34.99,29.76016967433583,LightGBM
2016-12-29,5,37.64,31.0510174407415,LightGBM
2016-12-29,6,41.05,38.89789721982633,LightGBM
2016-12-29,7,49.3,40.53311507863308,LightGBM
2016-12-29,8,53.38,43.59166430450277,LightGBM
2016-12-29,9,54.01,43.42878212391619,LightGBM
2016-12-29,10,51.14,43.185618952101734,LightGBM
2016-12-29,11,50.96,42.53228738813631,LightGBM
2016-12-29,12,47.09,40.91853558319336,LightGBM
2016-12-29,13,46.62,38.93938035781302,LightGBM
2016-12-29,14,49.6,40.01925539397891,LightGBM
2016-12-29,15,51.63,43.36533271880878,LightGBM
2016-12-29,16,54.43,46.06370255915802,LightGBM
2016-12-29,17,63.95,54.89867948935541,LightGBM
2016-12-29,18,57.2,52.55315948996443,LightGBM
2016-12-29,19,54.02,48.00494359581163,LightGBM
2016-12-29,20,47.98,38.94724843026969,LightGBM
2016-12-29,21,42.93,35.75173290771143,LightGBM
2016-12-29,22,38.04,35.3444734591058,LightGBM
2016-12-29,23,36.03,31.737392914602214,LightGBM
2016-12-30,0,36.01,33.28217301559042,LightGBM
2016-12-30,1,35.96,32.68911560566368,LightGBM
2016-12-30,2,32.06,30.87133869930238,LightGBM
2016-12-30,3,32.54,28.890767786543638,LightGBM
2016-12-30,4,33.09,29.74862078222169,LightGBM
2016-12-30,5,33.09,31.520686578668595,LightGBM
2016-12-30,6,33.94,32.55577688750382,LightGBM
2016-12-30,7,46.0,37.5697115888803,LightGBM
2016-12-30,8,49.96,42.1960829849707,LightGBM
2016-12-30,9,47.19,40.94537186579593,LightGBM
2016-12-30,10,43.0,39.675149836684554,LightGBM
2016-12-30,11,37.27,39.87544590531468,LightGBM
2016-12-30,12,36.3,36.63390638759693,LightGBM
2016-12-30,13,36.72,37.76566973587753,LightGBM
2016-12-30,14,47.19,37.558754097322776,LightGBM
2016-12-30,15,52.78,39.924738150215724,LightGBM
2016-12-30,16,54.99,44.59141443066843,LightGBM
2016-12-30,17,56.04,46.70578007082452,LightGBM
2016-12-30,18,52.92,46.18551851004899,LightGBM
2016-12-30,19,52.82,41.43131220270949,LightGBM
2016-12-30,20,43.32,38.813362112236724,LightGBM
2016-12-30,21,41.03,35.59853000035932,LightGBM
2016-12-30,22,40.55,34.75658171489192,LightGBM
2016-12-30,23,33.06,31.184483228801678,LightGBM
2016-12-31,0,36.1,30.968898763063393,LightGBM
2016-12-31,1,33.04,28.479506635377845,LightGBM
2016-12-31,2,29.9,26.164500394614304,LightGBM
2016-12-31,3,27.63,24.721714841672842,LightGBM
2016-12-31,4,27.52,23.61594083425502,LightGBM
2016-12-31,5,27.28,26.229116706048107,LightGBM
2016-12-31,6,21.43,22.49760514095427,LightGBM
2016-12-31,7,31.68,26.488848145082653,LightGBM
2016-12-31,8,35.02,27.707411555005056,LightGBM
2016-12-31,9,41.88,33.64627402561074,LightGBM
2016-12-31,10,39.94,28.957588211067993,LightGBM
2016-12-31,11,39.96,28.784696741517763,LightGBM
2016-12-31,12,38.86,27.36603130071522,LightGBM
2016-12-31,13,35.04,26.074483414838067,LightGBM
2016-12-31,14,37.5,29.25908242297873,LightGBM
2016-12-31,15,43.81,29.120901333099958,LightGBM
2016-12-31,16,49.76,31.66375762598205,LightGBM
2016-12-31,17,53.98,36.117392415108775,LightGBM
2016-12-31,18,49.76,35.392838725004495,LightGBM
2016-12-31,19,40.84,34.25969694326434,LightGBM
2016-12-31,20,35.05,31.578317642576508,LightGBM
2016-12-31,21,33.02,28.178867135294023,LightGBM
2016-12-31,22,33.71,31.383844234056014,LightGBM
2016-12-31,23,27.95,26.558835197749705,LightGBM
2017-01-01,0,20.96,24.717359917098115,LightGBM
2017-01-01,1,20.9,20.16325516835318,LightGBM
2017-01-01,2,18.13,18.479152242537545,LightGBM
2017-01-01,3,16.03,16.658209527144635,LightGBM
2017-01-01,4,16.43,17.543693858755287,LightGBM
2017-01-01,5,13.75,18.87426738104129,LightGBM
2017-01-01,6,11.1,14.693350341179054,LightGBM
2017-01-01,7,15.47,20.65848076144283,LightGBM
2017-01-01,8,16.88,23.959143750006962,LightGBM
2017-01-01,9,21.81,25.579245628396414,LightGBM
2017-01-01,10,26.24,26.178249543111512,LightGBM
2017-01-01,11,26.42,26.345013373452293,LightGBM
2017-01-01,12,27.66,25.90449645082106,LightGBM
2017-01-01,13,28.7,24.556169036514184,LightGBM
2017-01-01,14,29.66,27.439239056390377,LightGBM
2017-01-01,15,35.33,28.749420106836993,LightGBM
2017-01-01,16,44.12,31.953861428206782,LightGBM
2017-01-01,17,51.59,38.004609175582026,LightGBM
2017-01-01,18,53.95,36.43449870099375,LightGBM
2017-01-01,19,50.97,35.95796144034574,LightGBM
2017-01-01,20,44.93,33.19941773882344,LightGBM
2017-01-01,21,38.83,31.15143602872434,LightGBM
2017-01-01,22,42.17,32.98521928253646,LightGBM
2017-01-01,23,33.06,26.80882078377008,LightGBM
2017-01-02,0,30.54,27.899799678765586,LightGBM
2017-01-02,1,28.91,27.22524329366826,LightGBM
2017-01-02,2,28.11,24.07371280699218,LightGBM
2017-01-02,3,27.89,22.136810882820612,LightGBM
2017-01-02,4,27.73,22.29266088907885,LightGBM
2017-01-02,5,31.18,24.974007047350778,LightGBM
2017-01-02,6,37.99,28.895454217910583,LightGBM
2017-01-02,7,50.98,38.11747965066764,LightGBM
2017-01-02,8,53.88,40.484872779642366,LightGBM
2017-01-02,9,53.94,40.09738192200747,LightGBM
2017-01-02,10,53.54,41.136283799974976,LightGBM
2017-01-02,11,54.91,42.19333266832146,LightGBM
2017-01-02,12,54.08,39.09232872645229,LightGBM
2017-01-02,13,55.67,39.59522626247665,LightGBM
2017-01-02,14,55.98,38.788236886959815,LightGBM
2017-01-02,15,56.0,39.167142529730505,LightGBM
2017-01-02,16,57.77,41.44709951832025,LightGBM
2017-01-02,17,67.66,47.518054609288406,LightGBM
2017-01-02,18,55.1,47.08989456038265,LightGBM
2017-01-02,19,53.92,44.949575986898395,LightGBM
2017-01-02,20,49.07,38.14242028222666,LightGBM
2017-01-02,21,40.25,36.252831229606564,LightGBM
2017-01-02,22,45.92,35.031166761906945,LightGBM
2017-01-02,23,38.88,28.40578375517556,LightGBM
2017-01-03,0,36.02,30.79627699154249,LightGBM
2017-01-03,1,34.98,27.153377300869874,LightGBM
2017-01-03,2,33.64,25.03484178536007,LightGBM
2017-01-03,3,33.89,22.43840909466574,LightGBM
2017-01-03,4,33.5,22.474993771865527,LightGBM
2017-01-03,5,33.91,22.597245701408024,LightGBM
2017-01-03,6,48.13,29.321116832911365,LightGBM
2017-01-03,7,54.61,36.763851051881254,LightGBM
2017-01-03,8,57.93,38.42877717900864,LightGBM
2017-01-03,9,57.18,39.70512756309613,LightGBM
2017-01-03,10,52.27,36.09496695040196,LightGBM
2017-01-03,11,49.94,35.73373233724305,LightGBM
2017-01-03,12,46.3,32.08277063729432,LightGBM
2017-01-03,13,41.51,31.547021486336188,LightGBM
2017-01-03,14,37.08,29.86146461150413,LightGBM
2017-01-03,15,37.03,31.365475690313144,LightGBM
2017-01-03,16,39.08,33.77825435403401,LightGBM
2017-01-03,17,42.14,36.497431614572896,LightGBM
2017-01-03,18,36.67,36.81273751899634,LightGBM
2017-01-03,19,36.03,34.09249305896202,LightGBM
2017-01-03,20,33.55,30.005065836876714,LightGBM
2017-01-03,21,24.56,27.474788629563307,LightGBM
2017-01-03,22,17.77,27.80332679478918,LightGBM
2017-01-03,23,9.49,18.42943022286157,LightGBM
2017-01-04,0,8.5,8.259859162916694,LightGBM
2017-01-04,1,-0.05,6.256222887497431,LightGBM
2017-01-04,2,-6.27,4.884476100918543,LightGBM
2017-01-04,3,-5.09,3.281182581430765,LightGBM
2017-01-04,4,0.06,8.720738540743454,LightGBM
2017-01-04,5,10.55,14.413150029807593,LightGBM
2017-01-04,6,10.98,23.005197566787444,LightGBM
2017-01-04,7,31.63,32.69364028384183,LightGBM
2017-01-04,8,34.94,33.512746268649316,LightGBM
2017-01-04,9,33.27,30.382046120213342,LightGBM
2017-01-04,10,33.52,29.802112363697344,LightGBM
2017-01-04,11,34.81,29.054673232752567,LightGBM
2017-01-04,12,35.08,27.09261356630823,LightGBM
2017-01-04,13,35.88,27.310300643941762,LightGBM
2017-01-04,14,36.03,29.07541650848876,LightGBM
2017-01-04,15,36.17,28.519948312550493,LightGBM
2017-01-04,16,36.58,31.453592219285447,LightGBM
2017-01-04,17,46.95,35.65555436353375,LightGBM
2017-01-04,18,49.45,35.21119829220363,LightGBM
2017-01-04,19,48.37,36.816961454419236,LightGBM
2017-01-04,20,38.02,34.77375927332664,LightGBM
2017-01-04,21,34.55,30.89391801411986,LightGBM
2017-01-04,22,33.33,28.65742688663566,LightGBM
2017-01-04,23,32.05,21.642935263880084,LightGBM
2017-01-05,0,36.07,30.018086919512033,LightGBM
2017-01-05,1,36.32,28.455679447627254,LightGBM
2017-01-05,2,30.99,27.914048829409186,LightGBM
2017-01-05,3,30.97,27.759224331953085,LightGBM
2017-01-05,4,35.64,27.067161549899964,LightGBM
2017-01-05,5,35.73,29.687223941266748,LightGBM
2017-01-05,6,39.03,37.92850906944507,LightGBM
2017-01-05,7,51.7,47.89212805027651,LightGBM
2017-01-05,8,57.98,48.7893109569062,LightGBM
2017-01-05,9,54.11,49.63352323997413,LightGBM
2017-01-05,10,53.13,48.05150294639255,LightGBM
2017-01-05,11,50.06,48.27626790840787,LightGBM
2017-01-05,12,49.97,46.23344756445108,LightGBM
2017-01-05,13,48.84,44.4900277145364,LightGBM
2017-01-05,14,50.99,44.94092339947028,LightGBM
2017-01-05,15,57.48,48.25946529331365,LightGBM
2017-01-05,16,69.7,50.593393791054886,LightGBM
2017-01-05,17,73.92,55.30613552703642,LightGBM
2017-01-05,18,73.76,57.826277640331256,LightGBM
2017-01-05,19,65.15,55.518608401002986,LightGBM
2017-01-05,20,64.24,47.547387867701325,LightGBM
2017-01-05,21,43.09,42.369438421800126,LightGBM
2017-01-05,22,53.11,40.23812071332551,LightGBM
2017-01-05,23,37.08,34.87070865732218,LightGBM
2017-01-06,0,40.84,36.5090399744524,LightGBM
2017-01-06,1,41.15,34.92348875294223,LightGBM
2017-01-06,2,43.77,34.14957312506988,LightGBM
2017-01-06,3,39.97,35.370668385865436,LightGBM
2017-01-06,4,40.81,35.462161626554106,LightGBM
2017-01-06,5,43.04,36.285981697457636,LightGBM
2017-01-06,6,45.37,45.37054795741665,LightGBM
2017-01-06,7,49.49,57.08166412403343,LightGBM
2017-01-06,8,59.92,60.26081380177933,LightGBM
2017-01-06,9,60.0,58.445910719679155,LightGBM
2017-01-06,10,60.04,57.78119246963921,LightGBM
2017-01-06,11,57.7,56.4931754325133,LightGBM
2017-01-06,12,52.86,54.71066158515306,LightGBM
2017-01-06,13,50.05,52.909281229657026,LightGBM
2017-01-06,14,50.94,51.4253761302493,LightGBM
2017-01-06,15,54.04,56.30305845758351,LightGBM
2017-01-06,16,57.52,57.03900210538478,LightGBM
2017-01-06,17,64.91,69.87321976608438,LightGBM
2017-01-06,18,59.92,59.935046618384334,LightGBM
2017-01-06,19,57.99,53.933904354198035,LightGBM
2017-01-06,20,43.68,46.51457524067259,LightGBM
2017-01-06,21,38.46,39.71336629148733,LightGBM
2017-01-06,22,40.94,39.05030903693431,LightGBM
2017-01-06,23,35.89,35.0393642391011,LightGBM
2017-01-07,0,36.83,34.22054534595368,LightGBM
2017-01-07,1,34.37,33.244107280990704,LightGBM
2017-01-07,2,33.84,31.405040587907898,LightGBM
2017-01-07,3,33.83,29.2759758337172,LightGBM
2017-01-07,4,33.62,30.68196754656618,LightGBM
2017-01-07,5,32.96,31.135135027128605,LightGBM
2017-01-07,6,30.07,31.664624478311776,LightGBM
2017-01-07,7,33.58,37.395676880576175,LightGBM
2017-01-07,8,36.02,41.05456121282287,LightGBM
2017-01-07,9,36.86,44.30486201016879,LightGBM
2017-01-07,10,36.43,42.02718656756217,LightGBM
2017-01-07,11,39.01,43.34882341106082,LightGBM
2017-01-07,12,39.5,40.63271173848255,LightGBM
2017-01-07,13,39.02,40.814920562312196,LightGBM
2017-01-07,14,38.6,41.634629069207755,LightGBM
2017-01-07,15,39.28,41.301968303590506,LightGBM
2017-01-07,16,46.95,45.3967241091545,LightGBM
2017-01-07,17,57.01,49.39702513966456,LightGBM
2017-01-07,18,54.02,47.44803210974917,LightGBM
2017-01-07,19,46.92,42.7953714204353,LightGBM
2017-01-07,20,38.12,36.47672420325689,LightGBM
2017-01-07,21,35.09,36.149445638213734,LightGBM
2017-01-07,22,38.1,37.18583080436315,LightGBM
2017-01-07,23,34.53,32.418292504427974,LightGBM
2017-01-08,0,33.86,32.889915931692606,LightGBM
2017-01-08,1,34.14,32.07543615631972,LightGBM
2017-01-08,2,33.96,31.21517038344457,LightGBM
2017-01-08,3,35.01,31.439523265193447,LightGBM
2017-01-08,4,36.07,31.443961766797422,LightGBM
2017-01-08,5,36.07,30.552720391639884,LightGBM
2017-01-08,6,36.01,28.701071726242436,LightGBM
2017-01-08,7,35.37,31.354787203427776,LightGBM
2017-01-08,8,37.29,33.67340091420582,LightGBM
2017-01-08,9,39.15,40.676528969108986,LightGBM
2017-01-08,10,41.25,45.97237566726663,LightGBM
2017-01-08,11,51.93,48.16526986750646,LightGBM
2017-01-08,12,45.37,45.71645544493955,LightGBM
2017-01-08,13,40.53,41.542324523170315,LightGBM
2017-01-08,14,39.73,42.92015442410484,LightGBM
2017-01-08,15,42.75,43.29504202877725,LightGBM
2017-01-08,16,53.87,48.509715125642536,LightGBM
2017-01-08,17,60.95,57.465700725259225,LightGBM
2017-01-08,18,64.93,56.77100351380604,LightGBM
2017-01-08,19,58.91,53.78332806196092,LightGBM
2017-01-08,20,50.03,47.69804550713798,LightGBM
2017-01-08,21,39.06,40.57350234613192,LightGBM
2017-01-08,22,40.06,42.398387224909264,LightGBM
2017-01-08,23,37.09,36.97077916986983,LightGBM
2017-01-09,0,40.0,35.45524787694822,LightGBM
2017-01-09,1,39.05,34.61584776103659,LightGBM
2017-01-09,2,39.21,34.463095865975575,LightGBM
2017-01-09,3,39.24,33.79256710494327,LightGBM
2017-01-09,4,40.26,34.5693206990754,LightGBM
2017-01-09,5,43.84,35.33844663781777,LightGBM
2017-01-09,6,58.99,44.06788083237953,LightGBM
2017-01-09,7,74.04,55.589411050112204,LightGBM
2017-01-09,8,75.49,56.19748023162036,LightGBM
2017-01-09,9,74.63,55.076243279207695,LightGBM
2017-01-09,10,73.97,54.32535475652926,LightGBM
2017-01-09,11,72.0,55.820846981137485,LightGBM
2017-01-09,12,72.12,52.86288461635343,LightGBM
2017-01-09,13,70.09,51.987111881900326,LightGBM
2017-01-09,14,67.41,50.4032127476655,LightGBM
2017-01-09,15,65.21,51.26816718341446,LightGBM
2017-01-09,16,65.09,52.913893920058634,LightGBM
2017-01-09,17,74.72,56.89392829276218,LightGBM
2017-01-09,18,59.94,50.087395172181104,LightGBM
2017-01-09,19,52.2,44.804991837015585,LightGBM
2017-01-09,20,39.1,39.06481411938093,LightGBM
2017-01-09,21,36.62,36.05020024236441,LightGBM
2017-01-09,22,36.08,35.93176975609689,LightGBM
2017-01-09,23,32.76,32.05788908692655,LightGBM
2017-01-10,0,32.45,33.21971741695777,LightGBM
2017-01-10,1,31.52,32.318586034587476,LightGBM
2017-01-10,2,29.08,30.539778757692876,LightGBM
2017-01-10,3,28.92,30.843368716477293,LightGBM
2017-01-10,4,31.49,31.80664788037359,LightGBM
2017-01-10,5,33.06,35.058563655134705,LightGBM
2017-01-10,6,36.26,36.46682109170235,LightGBM
2017-01-10,7,46.0,48.14167539847981,LightGBM
2017-01-10,8,59.89,51.826538408596505,LightGBM
2017-01-10,9,59.96,51.97663420709654,LightGBM
2017-01-10,10,62.69,53.140457883341206,LightGBM
2017-01-10,11,66.82,54.160582686980185,LightGBM
2017-01-10,12,71.42,53.68602693416521,LightGBM
2017-01-10,13,72.33,55.05477370081095,LightGBM
2017-01-10,14,69.5,56.11605276441174,LightGBM
2017-01-10,15,70.64,55.92553431592638,LightGBM
2017-01-10,16,66.96,58.34421116469675,LightGBM
2017-01-10,17,88.38,66.840590117761,LightGBM
2017-01-10,18,98.93,56.99006564812175,LightGBM
2017-01-10,19,69.65,53.176484094813475,LightGBM
2017-01-10,20,58.82,44.93194836135349,LightGBM
2017-01-10,21,47.63,40.41012628581299,LightGBM
2017-01-10,22,40.08,38.87443955533019,LightGBM
2017-01-10,23,38.06,36.37446068335485,LightGBM
2017-01-11,0,38.99,31.580646235224105,LightGBM
2017-01-11,1,37.2,29.860759642195738,LightGBM
2017-01-11,2,34.03,26.884904666825104,LightGBM
2017-01-11,3,34.78,26.72222918094819,LightGBM
2017-01-11,4,32.7,25.554867440982115,LightGBM
2017-01-11,5,31.21,27.0771494308397,LightGBM
2017-01-11,6,37.2,32.21887866553632,LightGBM
2017-01-11,7,49.97,43.021424555390894,LightGBM
2017-01-11,8,46.98,43.36094375891677,LightGBM
2017-01-11,9,44.7,43.05450284530169,LightGBM
2017-01-11,10,44.41,40.077769278619165,LightGBM
2017-01-11,11,41.06,36.763832663454494,LightGBM
2017-01-11,12,36.94,34.3640645726616,LightGBM
2017-01-11,13,34.09,34.928625599802366,LightGBM
2017-01-11,14,33.68,34.779186080472456,LightGBM
2017-01-11,15,33.64,38.589191807364685,LightGBM
2017-01-11,16,33.66,38.018000444478275,LightGBM
2017-01-11,17,38.53,44.661271330722336,LightGBM
2017-01-11,18,37.4,37.89927905276384,LightGBM
2017-01-11,19,37.07,37.463258714124606,LightGBM
2017-01-11,20,34.0,32.87320330600091,LightGBM
2017-01-11,21,31.83,28.309521663763732,LightGBM
2017-01-11,22,26.27,26.995899887360537,LightGBM
2017-01-11,23,11.68,17.65529454920918,LightGBM
2017-01-12,0,12.12,13.250799683941448,LightGBM
2017-01-12,1,9.83,7.519068906430343,LightGBM
2017-01-12,2,9.02,5.615575803489285,LightGBM
2017-01-12,3,9.27,7.394990540556926,LightGBM
2017-01-12,4,9.84,12.229919544420378,LightGBM
2017-01-12,5,10.55,20.407390621108984,LightGBM
2017-01-12,6,28.29,29.302410541694705,LightGBM
2017-01-12,7,40.02,37.64756847256727,LightGBM
2017-01-12,8,40.07,38.3579488536589,LightGBM
2017-01-12,9,38.2,34.590460095627115,LightGBM
2017-01-12,10,38.61,34.35720502048469,LightGBM
2017-01-12,11,38.43,32.66290194453844,LightGBM
2017-01-12,12,36.7,35.725484121386515,LightGBM
2017-01-12,13,39.61,34.64161923539051,LightGBM
2017-01-12,14,40.05,36.704311216233165,LightGBM
2017-01-12,15,45.32,37.47938956692809,LightGBM
2017-01-12,16,46.98,40.45306966095265,LightGBM
2017-01-12,17,57.09,43.863615243162236,LightGBM
2017-01-12,18,57.13,45.83932048042982,LightGBM
2017-01-12,19,57.05,42.75147109691402,LightGBM
2017-01-12,20,45.01,40.665568499555675,LightGBM
2017-01-12,21,40.09,37.96114363501519,LightGBM
2017-01-12,22,37.89,34.58523487172043,LightGBM
2017-01-12,23,33.07,28.57841598243263,LightGBM
2017-01-13,0,35.19,31.5092205502442,LightGBM
2017-01-13,1,33.44,28.868680826519622,LightGBM
2017-01-13,2,32.44,29.206546536961906,LightGBM
2017-01-13,3,29.8,27.30533083461609,LightGBM
2017-01-13,4,29.25,27.505539818684927,LightGBM
2017-01-13,5,30.64,31.09589944714676,LightGBM
2017-01-13,6,37.27,36.367794411127946,LightGBM
2017-01-13,7,46.98,43.038145557588805,LightGBM
2017-01-13,8,45.5,45.34607253460494,LightGBM
2017-01-13,9,45.48,42.0741700542673,LightGBM
2017-01-13,10,46.96,39.43345023630904,LightGBM
2017-01-13,11,46.7,38.127152253866406,LightGBM
2017-01-13,12,43.07,36.0212059523479,LightGBM
2017-01-13,13,42.06,35.5598961965448,LightGBM
2017-01-13,14,41.98,33.12987310304044,LightGBM
2017-01-13,15,43.03,36.61616481675602,LightGBM
2017-01-13,16,44.87,37.84922769264456,LightGBM
2017-01-13,17,48.72,43.129379651818944,LightGBM
2017-01-13,18,45.17,38.295378985887936,LightGBM
2017-01-13,19,44.94,38.11138652608958,LightGBM
2017-01-13,20,39.94,35.73343942868211,LightGBM
2017-01-13,21,36.7,31.17535999217795,LightGBM
2017-01-13,22,33.99,29.1323148391504,LightGBM
2017-01-13,23,30.99,20.463085431632916,LightGBM
2017-01-14,0,29.82,30.12388614117337,LightGBM
2017-01-14,1,28.98,29.250758578629448,LightGBM
2017-01-14,2,28.64,27.531776227850706,LightGBM
2017-01-14,3,28.5,26.634842097882984,LightGBM
2017-01-14,4,28.61,25.88989860728751,LightGBM
2017-01-14,5,28.05,27.465765929256076,LightGBM
2017-01-14,6,29.49,27.476368721471275,LightGBM
2017-01-14,7,28.97,28.093124703380987,LightGBM
2017-01-14,8,33.19,34.21394882690052,LightGBM
2017-01-14,9,36.78,35.271917978029016,LightGBM
2017-01-14,10,39.81,34.95759157519986,LightGBM
2017-01-14,11,40.05,34.58402613583818,LightGBM
2017-01-14,12,36.47,31.940130056248044,LightGBM
2017-01-14,13,34.76,30.55775570162156,LightGBM
2017-01-14,14,33.37,31.60552743807916,LightGBM
2017-01-14,15,34.29,32.869930002142844,LightGBM
2017-01-14,16,38.54,37.737142580833805,LightGBM
2017-01-14,17,41.97,39.25892285047153,LightGBM
2017-01-14,18,39.64,41.06836806239019,LightGBM
2017-01-14,19,37.01,37.49069231507385,LightGBM
2017-01-14,20,32.52,32.66735577506485,LightGBM
2017-01-14,21,30.66,31.57335490651258,LightGBM
2017-01-14,22,30.25,34.82453971292252,LightGBM
2017-01-14,23,29.55,28.825418861661593,LightGBM
2017-01-15,0,28.75,25.438798767720712,LightGBM
2017-01-15,1,28.11,23.23899655938042,LightGBM
2017-01-15,2,26.03,21.643495151804764,LightGBM
2017-01-15,3,19.96,23.289806814819375,LightGBM
2017-01-15,4,22.93,24.69613958953489,LightGBM
2017-01-15,5,22.8,25.31558360453247,LightGBM
2017-01-15,6,14.91,24.957978057742256,LightGBM
2017-01-15,7,20.37,27.174299642544153,LightGBM
2017-01-15,8,33.28,29.448878885339052,LightGBM
2017-01-15,9,33.96,34.344259863458035,LightGBM
2017-01-15,10,35.98,36.52995708434533,LightGBM
2017-01-15,11,44.65,39.89207479382252,LightGBM
2017-01-15,12,41.68,38.150830464286834,LightGBM
2017-01-15,13,36.66,36.79329486043435,LightGBM
2017-01-15,14,35.72,38.62731605686432,LightGBM
2017-01-15,15,36.35,39.662991947369434,LightGBM
2017-01-15,16,38.71,42.68343601278528,LightGBM
2017-01-15,17,54.35,49.39972960029084,LightGBM
2017-01-15,18,58.02,50.41276573396079,LightGBM
2017-01-15,19,55.12,47.48722467589201,LightGBM
2017-01-15,20,47.91,42.120739321431905,LightGBM
2017-01-15,21,36.92,38.335396677864395,LightGBM
2017-01-15,22,43.0,38.1294972924113,LightGBM
2017-01-15,23,38.64,33.264711137741934,LightGBM
2017-01-16,0,45.07,36.24202570680791,LightGBM
2017-01-16,1,43.25,34.85900338681571,LightGBM
2017-01-16,2,39.08,33.81193254667855,LightGBM
2017-01-16,3,37.57,32.75745561243337,LightGBM
2017-01-16,4,38.24,32.59752755320075,LightGBM
2017-01-16,5,39.06,35.21756962435059,LightGBM
2017-01-16,6,64.8,47.63199020255191,LightGBM
2017-01-16,7,94.43,59.48681976778416,LightGBM
2017-01-16,8,99.76,60.99399552562323,LightGBM
2017-01-16,9,100.88,60.17802662993219,LightGBM
2017-01-16,10,99.97,59.46391501632968,LightGBM
2017-01-16,11,99.56,58.52466137111354,LightGBM
2017-01-16,12,98.56,56.33967319538372,LightGBM
2017-01-16,13,98.92,57.40263255235055,LightGBM
2017-01-16,14,100.26,57.67654443886483,LightGBM
2017-01-16,15,103.84,58.31839864267927,LightGBM
2017-01-16,16,102.06,61.82584895641001,LightGBM
2017-01-16,17,120.0,70.13902799011572,LightGBM
2017-01-16,18,124.83,70.16635261028624,LightGBM
2017-01-16,19,113.69,61.632994819992795,LightGBM
2017-01-16,20,88.98,51.52561066863385,LightGBM
2017-01-16,21,73.59,43.55205618971108,LightGBM
2017-01-16,22,55.19,41.88508035582962,LightGBM
2017-01-16,23,45.06,36.25845851930897,LightGBM
2017-01-17,0,45.83,37.94499559344657,LightGBM
2017-01-17,1,41.64,35.71495131153846,LightGBM
2017-01-17,2,34.61,34.88513325309745,LightGBM
2017-01-17,3,36.28,34.44469614240228,LightGBM
2017-01-17,4,35.25,35.066315473955534,LightGBM
2017-01-17,5,39.94,37.30625043118799,LightGBM
2017-01-17,6,58.29,48.09235528991243,LightGBM
2017-01-17,7,111.04,63.22273389594849,LightGBM
2017-01-17,8,121.67,66.86187933920361,LightGBM
2017-01-17,9,125.61,67.448347179494,LightGBM
2017-01-17,10,121.49,63.98425379828063,LightGBM
2017-01-17,11,117.34,65.48232567135378,LightGBM
2017-01-17,12,106.15,62.31567389337135,LightGBM
2017-01-17,13,101.91,63.4797841536005,LightGBM
2017-01-17,14,100.03,64.3179940430516,LightGBM
2017-01-17,15,103.42,61.375603742194286,LightGBM
2017-01-17,16,110.91,64.3449545473129,LightGBM
2017-01-17,17,142.78,75.14881566293505,LightGBM
2017-01-17,18,143.09,70.7680386454347,LightGBM
2017-01-17,19,124.94,66.7827832456861,LightGBM
2017-01-17,20,84.97,54.44398130843176,LightGBM
2017-01-17,21,55.08,47.874795110724236,LightGBM
2017-01-17,22,48.95,45.24605289336173,LightGBM
2017-01-17,23,37.74,36.50619302927804,LightGBM
2017-01-18,0,38.28,37.64644892249089,LightGBM
2017-01-18,1,37.74,36.10561566459708,LightGBM
2017-01-18,2,35.09,34.75861008779113,LightGBM
2017-01-18,3,35.07,34.2827297481569,LightGBM
2017-01-18,4,35.07,34.60688948561541,LightGBM
2017-01-18,5,36.62,36.408974961559906,LightGBM
2017-01-18,6,55.08,45.707420097050914,LightGBM
2017-01-18,7,89.64,60.17454395486686,LightGBM
2017-01-18,8,91.75,64.01806654325601,LightGBM
2017-01-18,9,84.92,63.50038946117908,LightGBM
2017-01-18,10,82.93,62.095583595065364,LightGBM
2017-01-18,11,85.97,61.036789454410766,LightGBM
2017-01-18,12,86.03,59.58012018438948,LightGBM
2017-01-18,13,91.02,60.35237219504768,LightGBM
2017-01-18,14,89.92,59.15969030197854,LightGBM
2017-01-18,15,86.7,60.27808929077581,LightGBM
2017-01-18,16,92.45,59.945383071933556,LightGBM
2017-01-18,17,115.7,71.24931860187115,LightGBM
2017-01-18,18,91.25,62.58123610618273,LightGBM
2017-01-18,19,83.91,62.18108015015297,LightGBM
2017-01-18,20,79.73,49.55078134542936,LightGBM
2017-01-18,21,55.03,47.46014869368749,LightGBM
2017-01-18,22,48.86,43.05489642851632,LightGBM
2017-01-18,23,44.9,37.45828171456879,LightGBM
2017-01-19,0,38.53,40.129301101033676,LightGBM
2017-01-19,1,37.88,37.851497919983395,LightGBM
2017-01-19,2,36.61,36.120750445663916,LightGBM
2017-01-19,3,36.32,35.52316323752509,LightGBM
2017-01-19,4,36.45,36.313826038043146,LightGBM
2017-01-19,5,38.67,37.23058687681039,LightGBM
2017-01-19,6,50.04,45.14421401765294,LightGBM
2017-01-19,7,82.9,63.32805969491872,LightGBM
2017-01-19,8,89.95,66.18484115492319,LightGBM
2017-01-19,9,82.14,66.21112922070704,LightGBM
2017-01-19,10,80.0,65.19558015284441,LightGBM
2017-01-19,11,79.92,64.47319612140112,LightGBM
2017-01-19,12,79.97,62.12252549801958,LightGBM
2017-01-19,13,79.92,61.94574587363307,LightGBM
2017-01-19,14,73.95,61.230936370226516,LightGBM
2017-01-19,15,73.91,61.41807367777404,LightGBM
2017-01-19,16,74.62,60.859049844627016,LightGBM
2017-01-19,17,100.1,71.29667597857338,LightGBM
2017-01-19,18,114.92,67.72161815774977,LightGBM
2017-01-19,19,90.75,66.89826002079843,LightGBM
2017-01-19,20,74.99,53.218394856000494,LightGBM
2017-01-19,21,56.17,47.21163582515438,LightGBM
2017-01-19,22,50.05,43.644653717910586,LightGBM
2017-01-19,23,45.83,38.0739101352428,LightGBM
2017-01-20,0,45.09,39.81270733928272,LightGBM
2017-01-20,1,39.51,38.62999276773729,LightGBM
2017-01-20,2,38.03,36.62834562923817,LightGBM
2017-01-20,3,36.85,36.247647281148616,LightGBM
2017-01-20,4,38.06,37.03979606171987,LightGBM
2017-01-20,5,38.73,37.870090455906144,LightGBM
2017-01-20,6,55.63,47.69028124027049,LightGBM
2017-01-20,7,69.99,62.84797589736195,LightGBM
2017-01-20,8,87.42,66.8564124336847,LightGBM
2017-01-20,9,87.61,68.31789480936685,LightGBM
2017-01-20,10,79.86,67.91544287768676,LightGBM
2017-01-20,11,77.84,67.54915368158254,LightGBM
2017-01-20,12,70.44,65.28041488174131,LightGBM
2017-01-20,13,72.8,64.93256464426497,LightGBM
2017-01-20,14,65.93,63.846423643381264,LightGBM
2017-01-20,15,72.93,64.14598831712013,LightGBM
2017-01-20,16,77.34,66.4629366631206,LightGBM
2017-01-20,17,90.07,77.356110067827,LightGBM
2017-01-20,18,87.95,71.61273216565725,LightGBM
2017-01-20,19,76.94,70.02837261144434,LightGBM
2017-01-20,20,62.98,54.89134012708761,LightGBM
2017-01-20,21,47.1,49.62759029357514,LightGBM
2017-01-20,22,45.02,47.50019030177641,LightGBM
2017-01-20,23,45.09,40.562664509454905,LightGBM
2017-01-21,0,45.9,39.636065764057896,LightGBM
2017-01-21,1,39.34,38.00195281895564,LightGBM
2017-01-21,2,40.99,36.79425349480194,LightGBM
2017-01-21,3,44.04,36.72552753454413,LightGBM
2017-01-21,4,43.07,36.7455198686204,LightGBM
2017-01-21,5,41.56,37.11673379357415,LightGBM
2017-01-21,6,40.62,39.460232605238495,LightGBM
2017-01-21,7,43.93,45.295131246067,LightGBM
2017-01-21,8,50.99,54.33579382776341,LightGBM
2017-01-21,9,54.98,58.39467776483194,LightGBM
2017-01-21,10,53.05,59.28619273842024,LightGBM
2017-01-21,11,48.34,59.495210379705185,LightGBM
2017-01-21,12,45.89,57.39268386372412,LightGBM
2017-01-21,13,43.3,55.837100489841866,LightGBM
2017-01-21,14,44.0,54.03759341037727,LightGBM
2017-01-21,15,47.56,55.62797592327009,LightGBM
2017-01-21,16,61.94,60.60148552382597,LightGBM
2017-01-21,17,65.91,72.5998012984467,LightGBM
2017-01-21,18,65.01,65.09564329051939,LightGBM
2017-01-21,19,62.92,64.16639332400788,LightGBM
2017-01-21,20,47.01,50.044943631235874,LightGBM
2017-01-21,21,44.03,43.088517710102536,LightGBM
2017-01-21,22,44.33,43.29392477736311,LightGBM
2017-01-21,23,39.54,40.3449391293272,LightGBM
2017-01-22,0,38.6,38.994254695215986,LightGBM
2017-01-22,1,38.22,37.639778783241866,LightGBM
2017-01-22,2,38.6,36.30172106152701,LightGBM
2017-01-22,3,37.43,35.90426680885659,LightGBM
2017-01-22,4,38.27,35.57534867577428,LightGBM
2017-01-22,5,37.83,35.5756724734506,LightGBM
2017-01-22,6,35.97,35.65639939011358,LightGBM
2017-01-22,7,39.24,38.967861630179456,LightGBM
2017-01-22,8,37.76,43.71779518205164,LightGBM
2017-01-22,9,39.26,45.731449998281484,LightGBM
2017-01-22,10,38.03,46.75058788047267,LightGBM
2017-01-22,11,38.16,51.29032323956047,LightGBM
2017-01-22,12,37.07,46.154014445857825,LightGBM
2017-01-22,13,36.03,45.76527061007472,LightGBM
2017-01-22,14,37.32,44.90976152817373,LightGBM
2017-01-22,15,38.29,46.36615246909799,LightGBM
2017-01-22,16,44.06,52.91199315307896,LightGBM
2017-01-22,17,61.92,57.9562930818794,LightGBM
2017-01-22,18,57.72,58.84399496365248,LightGBM
2017-01-22,19,57.38,54.579859506196684,LightGBM
2017-01-22,20,46.0,46.341409959270635,LightGBM
2017-01-22,21,39.39,40.65293451867737,LightGBM
2017-01-22,22,44.05,40.42729874976374,LightGBM
2017-01-22,23,35.93,38.34450320603269,LightGBM
2017-01-23,0,39.1,36.01387582023579,LightGBM
2017-01-23,1,38.28,37.47902770264088,LightGBM
2017-01-23,2,39.43,37.32724237829572,LightGBM
2017-01-23,3,37.29,36.04343743805733,LightGBM
2017-01-23,4,36.65,36.8444562076608,LightGBM
2017-01-23,5,44.84,37.31907166898062,LightGBM
2017-01-23,6,69.97,46.95478438438298,LightGBM
2017-01-23,7,98.45,59.162445482363665,LightGBM
2017-01-23,8,95.83,60.56524266229667,LightGBM
2017-01-23,9,99.99,58.227195964277385,LightGBM
2017-01-23,10,99.36,56.92821572359718,LightGBM
2017-01-23,11,87.42,58.21241977185881,LightGBM
2017-01-23,12,83.43,57.36878746523946,LightGBM
2017-01-23,13,81.81,57.62561427754101,LightGBM
2017-01-23,14,85.1,58.26078688143919,LightGBM
2017-01-23,15,82.84,59.14330579089837,LightGBM
2017-01-23,16,91.14,60.97338241880657,LightGBM
2017-01-23,17,109.98,71.03541556990324,LightGBM
2017-01-23,18,128.4,64.43203595739465,LightGBM
2017-01-23,19,103.87,62.71755396794951,LightGBM
2017-01-23,20,84.55,50.616388236665586,LightGBM
2017-01-23,21,69.4,41.72965378466545,LightGBM
2017-01-23,22,65.06,41.31282027565269,LightGBM
2017-01-23,23,43.08,37.59506206456534,LightGBM
2017-01-24,0,57.01,39.36317011789564,LightGBM
2017-01-24,1,51.04,37.40993928418498,LightGBM
2017-01-24,2,53.05,35.780075488207494,LightGBM
2017-01-24,3,48.82,35.344428879745635,LightGBM
2017-01-24,4,51.52,36.1199655266834,LightGBM
2017-01-24,5,56.06,38.429912054859955,LightGBM
2017-01-24,6,91.21,49.03601131851334,LightGBM
2017-01-24,7,163.52,66.90394032009209,LightGBM
2017-01-24,8,153.67,70.07844955098808,LightGBM
2017-01-24,9,150.1,68.94276252241634,LightGBM
2017-01-24,10,151.07,68.76192903806032,LightGBM
2017-01-24,11,135.0,67.1237135240672,LightGBM
2017-01-24,12,121.58,63.773767982350904,LightGBM
2017-01-24,13,117.68,65.4881086979578,LightGBM
2017-01-24,14,112.21,65.16878280368321,LightGBM
2017-01-24,15,117.18,64.90463404811716,LightGBM
2017-01-24,16,120.0,67.90318584085516,LightGBM
2017-01-24,17,131.01,78.03875298472819,LightGBM
2017-01-24,18,138.91,74.37527802254719,LightGBM
2017-01-24,19,113.8,72.23981523346364,LightGBM
2017-01-24,20,109.92,56.91890764728496,LightGBM
2017-01-24,21,78.98,49.28527331442806,LightGBM
2017-01-24,22,66.17,45.72700685545841,LightGBM
2017-01-24,23,56.61,39.584679173156815,LightGBM
2017-01-25,0,54.69,40.71906787605904,LightGBM
2017-01-25,1,46.58,38.343699013274374,LightGBM
2017-01-25,2,42.39,36.74180747486476,LightGBM
2017-01-25,3,40.94,35.76472742490242,LightGBM
2017-01-25,4,43.25,36.75470264353416,LightGBM
2017-01-25,5,48.03,38.34836199762517,LightGBM
2017-01-25,6,67.35,49.641496172221245,LightGBM
2017-01-25,7,100.24,68.20676996899684,LightGBM
2017-01-25,8,105.04,71.38039251725957,LightGBM
2017-01-25,9,109.63,70.47442631794826,LightGBM
2017-01-25,10,109.93,70.62069311052251,LightGBM
2017-01-25,11,119.98,68.06254396921857,LightGBM
2017-01-25,12,114.1,65.86302691920748,LightGBM
2017-01-25,13,101.63,65.49423985223004,LightGBM
2017-01-25,14,107.75,66.96559671733263,LightGBM
2017-01-25,15,111.65,68.36064152804366,LightGBM
2017-01-25,16,119.63,70.15454090383327,LightGBM
2017-01-25,17,122.9,81.63526195193683,LightGBM
2017-01-25,18,133.18,75.3133147077782,LightGBM
2017-01-25,19,109.96,71.66639359472556,LightGBM
2017-01-25,20,89.96,54.588628367132884,LightGBM
2017-01-25,21,62.34,48.52034182037371,LightGBM
2017-01-25,22,57.8,46.91581595069324,LightGBM
2017-01-25,23,45.23,40.53758486120964,LightGBM
2017-01-26,0,43.85,40.785251766829404,LightGBM
2017-01-26,1,42.06,38.71342624312359,LightGBM
2017-01-26,2,40.02,37.63198272960792,LightGBM
2017-01-26,3,37.85,36.28402278613798,LightGBM
2017-01-26,4,38.23,36.638479644721464,LightGBM
2017-01-26,5,41.1,37.83431224269481,LightGBM
2017-01-26,6,44.28,47.61095588215408,LightGBM
2017-01-26,7,58.51,65.16887824761484,LightGBM
2017-01-26,8,65.05,68.53839721215867,LightGBM
2017-01-26,9,60.94,64.3109845097532,LightGBM
2017-01-26,10,58.13,61.87991698813255,LightGBM
2017-01-26,11,59.61,62.40158217142851,LightGBM
2017-01-26,12,59.45,58.536441634498416,LightGBM
2017-01-26,13,53.51,57.52889491834239,LightGBM
2017-01-26,14,57.5,59.22568090331647,LightGBM
2017-01-26,15,54.97,62.8370029196772,LightGBM
2017-01-26,16,55.72,65.41613971072395,LightGBM
2017-01-26,17,54.01,75.09447079139484,LightGBM
2017-01-26,18,53.35,58.48767289417263,LightGBM
2017-01-26,19,44.98,59.39162473652404,LightGBM
2017-01-26,20,36.08,46.70843321531738,LightGBM
2017-01-26,21,37.87,43.05588373847528,LightGBM
2017-01-26,22,41.4,42.06855545259485,LightGBM
2017-01-26,23,36.7,38.66189423172976,LightGBM
2017-01-27,0,35.08,35.97585271376513,LightGBM
2017-01-27,1,34.31,33.87442451182916,LightGBM
2017-01-27,2,34.05,34.65918805823585,LightGBM
2017-01-27,3,33.97,33.071857506420486,LightGBM
2017-01-27,4,34.03,34.75259144622922,LightGBM
2017-01-27,5,34.06,36.5423251699712,LightGBM
2017-01-27,6,35.8,38.13570089958232,LightGBM
2017-01-27,7,46.39,52.29711930530062,LightGBM
2017-01-27,8,47.4,55.42304544172482,LightGBM
2017-01-27,9,45.04,51.801302842241,LightGBM
2017-01-27,10,43.47,52.789835908880185,LightGBM
2017-01-27,11,44.14,55.76344467233425,LightGBM
2017-01-27,12,44.36,53.78437648784589,LightGBM
2017-01-27,13,45.18,54.61232100798038,LightGBM
2017-01-27,14,48.46,55.255194903543654,LightGBM
2017-01-27,15,52.92,55.790107280465655,LightGBM
2017-01-27,16,55.25,59.37808150948964,LightGBM
2017-01-27,17,60.36,62.89872873578518,LightGBM
2017-01-27,18,56.59,58.637471394152584,LightGBM
2017-01-27,19,54.61,57.17572491440632,LightGBM
2017-01-27,20,47.65,45.99500921701241,LightGBM
2017-01-27,21,39.9,40.5290827064459,LightGBM
2017-01-27,22,39.9,41.751956772486984,LightGBM
2017-01-27,23,38.03,38.74949972016407,LightGBM
2017-01-28,0,39.67,37.3659944996841,LightGBM
2017-01-28,1,40.0,35.339080678529186,LightGBM
2017-01-28,2,36.0,35.91382730659686,LightGBM
2017-01-28,3,39.0,35.83642740035643,LightGBM
2017-01-28,4,37.39,34.61830272715135,LightGBM
2017-01-28,5,37.78,34.748063491501405,LightGBM
2017-01-28,6,37.38,36.650507367685876,LightGBM
2017-01-28,7,39.65,41.40001463078792,LightGBM
2017-01-28,8,47.34,43.69140149175473,LightGBM
2017-01-28,9,44.9,45.223810266031656,LightGBM
2017-01-28,10,40.09,48.15136765989405,LightGBM
2017-01-28,11,43.6,46.92104104951141,LightGBM
2017-01-28,12,38.4,43.69441707759858,LightGBM
2017-01-28,13,37.74,43.61849947783637,LightGBM
2017-01-28,14,41.01,44.89554908617165,LightGBM
2017-01-28,15,49.92,48.22685351552561,LightGBM
2017-01-28,16,54.15,52.22996748890831,LightGBM
2017-01-28,17,60.59,57.43274514290504,LightGBM
2017-01-28,18,55.2,55.36955367634243,LightGBM
2017-01-28,19,48.08,48.429725835781824,LightGBM
2017-01-28,20,40.57,41.30282991257681,LightGBM
2017-01-28,21,38.0,37.68244416901699,LightGBM
2017-01-28,22,37.2,37.962343223140444,LightGBM
2017-01-28,23,33.74,34.26500331382021,LightGBM
2017-01-29,0,36.04,33.82972010287653,LightGBM
2017-01-29,1,32.95,33.59143190783404,LightGBM
2017-01-29,2,32.94,31.183650299148724,LightGBM
2017-01-29,3,31.75,29.668817866355482,LightGBM
2017-01-29,4,34.65,31.52623571490103,LightGBM
2017-01-29,5,32.89,30.674914737720687,LightGBM
2017-01-29,6,32.96,30.430693382520648,LightGBM
2017-01-29,7,35.01,34.63562610632861,LightGBM
2017-01-29,8,35.0,35.066122469158465,LightGBM
2017-01-29,9,33.05,37.221564044584916,LightGBM
2017-01-29,10,33.07,34.50856265858372,LightGBM
2017-01-29,11,33.07,33.125768798252174,LightGBM
2017-01-29,12,33.04,33.00108557990641,LightGBM
2017-01-29,13,32.91,31.833960889914806,LightGBM
2017-01-29,14,34.64,31.722911690826773,LightGBM
2017-01-29,15,37.05,35.990474842951244,LightGBM
2017-01-29,16,45.58,41.84842360206018,LightGBM
2017-01-29,17,53.93,47.981780501551064,LightGBM
2017-01-29,18,55.25,47.669613738016004,LightGBM
2017-01-29,19,50.58,45.32638411270815,LightGBM
2017-01-29,20,39.84,40.23160333181082,LightGBM
2017-01-29,21,37.08,35.68345245739704,LightGBM
2017-01-29,22,44.21,36.24923607666073,LightGBM
2017-01-29,23,36.09,33.38874685581827,LightGBM
2017-01-30,0,36.51,34.676999227918486,LightGBM
2017-01-30,1,36.49,33.3271485707943,LightGBM
2017-01-30,2,36.62,31.86688117194158,LightGBM
2017-01-30,3,36.05,32.09055114923266,LightGBM
2017-01-30,4,35.11,32.2738817175205,LightGBM
2017-01-30,5,36.68,35.179942073864446,LightGBM
2017-01-30,6,47.14,42.449263597362595,LightGBM
2017-01-30,7,59.13,52.832559852695276,LightGBM
2017-01-30,8,65.06,55.672111492216004,LightGBM
2017-01-30,9,65.02,51.72781669180128,LightGBM
2017-01-30,10,68.77,50.357250946367344,LightGBM
2017-01-30,11,69.91,49.05135190823558,LightGBM
2017-01-30,12,60.16,50.8525276244318,LightGBM
2017-01-30,13,63.72,52.09870628749075,LightGBM
2017-01-30,14,61.32,51.393973566188144,LightGBM
2017-01-30,15,55.98,50.422622154405616,LightGBM
2017-01-30,16,55.94,53.79060099697295,LightGBM
2017-01-30,17,68.48,58.65553926734756,LightGBM
2017-01-30,18,59.98,54.24753867069545,LightGBM
2017-01-30,19,56.0,54.075038372122975,LightGBM
2017-01-30,20,47.87,44.94126797261542,LightGBM
2017-01-30,21,41.93,39.69678348191007,LightGBM
2017-01-30,22,45.6,40.18242369477344,LightGBM
2017-01-30,23,36.59,35.6258664520216,LightGBM
2017-01-31,0,33.06,38.220353924570404,LightGBM
2017-01-31,1,34.38,36.38113479802829,LightGBM
2017-01-31,2,34.38,34.23399699478161,LightGBM
2017-01-31,3,35.57,34.25740336085795,LightGBM
2017-01-31,4,37.33,35.83386584189705,LightGBM
2017-01-31,5,38.95,38.64132051476472,LightGBM
2017-01-31,6,56.95,46.48896848189459,LightGBM
2017-01-31,7,81.62,61.93150888973524,LightGBM
2017-01-31,8,81.82,68.06566530552497,LightGBM
2017-01-31,9,82.02,67.89733356370276,LightGBM
2017-01-31,10,89.8,67.59709113563525,LightGBM
2017-01-31,11,89.82,65.38871331479355,LightGBM
2017-01-31,12,82.36,65.94718794204127,LightGBM
2017-01-31,13,82.02,65.71655220111498,LightGBM
2017-01-31,14,90.36,65.24917957259397,LightGBM
2017-01-31,15,89.75,65.2545640783294,LightGBM
2017-01-31,16,90.2,66.63463601913558,LightGBM
2017-01-31,17,95.0,81.1340195415255,LightGBM
2017-01-31,18,104.33,75.79886828476,LightGBM
2017-01-31,19,90.0,67.36908429045197,LightGBM
2017-01-31,20,84.15,56.30278177272474,LightGBM
2017-01-31,21,60.92,47.72771133913249,LightGBM
2017-01-31,22,54.9,45.520146251366086,LightGBM
2017-01-31,23,40.69,38.677178691033156,LightGBM
2017-02-01,0,44.91,41.93961008562523,LightGBM
2017-02-01,1,42.25,37.955997531313734,LightGBM
2017-02-01,2,39.8,35.228735410687584,LightGBM
2017-02-01,3,38.15,34.86448482921484,LightGBM
2017-02-01,4,38.38,35.19233836524454,LightGBM
2017-02-01,5,41.09,38.36067192923095,LightGBM
2017-02-01,6,47.86,47.65465930726916,LightGBM
2017-02-01,7,65.96,62.41500586014214,LightGBM
2017-02-01,8,72.93,66.49033131318932,LightGBM
2017-02-01,9,65.91,63.64557645567244,LightGBM
2017-02-01,10,65.02,60.98841526086565,LightGBM
2017-02-01,11,62.91,62.75035093383695,LightGBM
2017-02-01,12,56.99,58.50851181763074,LightGBM
2017-02-01,13,54.18,57.639217127065464,LightGBM
2017-02-01,14,50.49,59.644374845341545,LightGBM
2017-02-01,15,52.35,58.24719453317279,LightGBM
2017-02-01,16,57.0,56.603838975261326,LightGBM
2017-02-01,17,62.58,70.81883757939866,LightGBM
2017-02-01,18,56.99,56.807359426360165,LightGBM
2017-02-01,19,49.74,56.71403394674495,LightGBM
2017-02-01,20,41.04,45.05720896478812,LightGBM
2017-02-01,21,44.2,41.77831416122516,LightGBM
2017-02-01,22,42.38,41.21266111044532,LightGBM
2017-02-01,23,38.06,36.724433799677236,LightGBM
2017-02-02,0,31.05,36.299500875899014,LightGBM
2017-02-02,1,29.8,35.211446440910834,LightGBM
2017-02-02,2,32.66,34.34112881597317,LightGBM
2017-02-02,3,32.3,34.34016053734213,LightGBM
2017-02-02,4,31.05,34.7697053198891,LightGBM
2017-02-02,5,32.66,36.29827754914401,LightGBM
2017-02-02,6,39.91,40.43765552038344,LightGBM
2017-02-02,7,55.58,53.3769785287392,LightGBM
2017-02-02,8,57.19,58.4803613335339,LightGBM
2017-02-02,9,59.1,57.56632677627047,LightGBM
2017-02-02,10,58.55,58.26640753564187,LightGBM
2017-02-02,11,57.66,55.836536636097144,LightGBM
2017-02-02,12,57.66,53.64748215630538,LightGBM
2017-02-02,13,54.44,54.283353898288226,LightGBM
2017-02-02,14,50.9,53.456339309685255,LightGBM
2017-02-02,15,47.1,52.57521601495359,LightGBM
2017-02-02,16,45.98,55.945078796778574,LightGBM
2017-02-02,17,48.8,61.05715315597262,LightGBM
2017-02-02,18,53.3,55.341195328962954,LightGBM
2017-02-02,19,48.84,50.595324246946255,LightGBM
2017-02-02,20,39.97,43.004802091897204,LightGBM
2017-02-02,21,39.04,40.12932906996176,LightGBM
2017-02-02,22,38.78,39.765328460953235,LightGBM
2017-02-02,23,34.82,35.47102155878168,LightGBM
2017-02-03,0,39.5,34.2026108753852,LightGBM
2017-02-03,1,34.92,33.79827625153824,LightGBM
2017-02-03,2,34.26,32.68382303690718,LightGBM
2017-02-03,3,32.55,33.6509822357133,LightGBM
2017-02-03,4,32.49,34.38065196727983,LightGBM
2017-02-03,5,35.85,34.858576251278485,LightGBM
2017-02-03,6,43.02,40.58776868681415,LightGBM
2017-02-03,7,56.32,53.61896519747344,LightGBM
2017-02-03,8,60.0,55.97159119344976,LightGBM
2017-02-03,9,58.0,54.05597452659289,LightGBM
2017-02-03,10,56.67,56.58095062796328,LightGBM
2017-02-03,11,55.97,55.776880635098486,LightGBM
2017-02-03,12,54.37,55.76220367827398,LightGBM
2017-02-03,13,53.67,54.851074354406755,LightGBM
2017-02-03,14,51.96,52.87161321119059,LightGBM
2017-02-03,15,48.47,55.234518296972,LightGBM
2017-02-03,16,53.33,55.559152482179506,LightGBM
2017-02-03,17,60.36,64.11079627697224,LightGBM
2017-02-03,18,55.79,63.96571894102155,LightGBM
2017-02-03,19,59.29,54.0279779984993,LightGBM
2017-02-03,20,53.68,45.835900405134616,LightGBM
2017-02-03,21,44.9,38.825527071716294,LightGBM
2017-02-03,22,44.25,39.329433116240956,LightGBM
2017-02-03,23,36.08,34.74542351649388,LightGBM
2017-02-04,0,37.04,35.83870125727222,LightGBM
2017-02-04,1,34.96,34.63266414552725,LightGBM
2017-02-04,2,34.01,33.4958748338675,LightGBM
2017-02-04,3,31.93,33.38910661933014,LightGBM
2017-02-04,4,31.89,34.319549433329904,LightGBM
2017-02-04,5,32.09,35.04790296524581,LightGBM
2017-02-04,6,33.82,36.34463000357735,LightGBM
2017-02-04,7,37.04,44.02515548703863,LightGBM
2017-02-04,8,42.32,49.26568037871359,LightGBM
2017-02-04,9,49.58,48.83754090165308,LightGBM
2017-02-04,10,51.97,47.40981060631088,LightGBM
2017-02-04,11,50.0,47.087545458067154,LightGBM
2017-02-04,12,50.0,44.35160072346149,LightGBM
2017-02-04,13,49.12,44.140161421221194,LightGBM
2017-02-04,14,47.22,43.505802322729366,LightGBM
2017-02-04,15,45.22,48.188812589572876,LightGBM
2017-02-04,16,46.26,50.681131377085,LightGBM
2017-02-04,17,56.37,57.631149182127494,LightGBM
2017-02-04,18,66.18,55.89336115759869,LightGBM
2017-02-04,19,61.61,50.39211555308055,LightGBM
2017-02-04,20,55.49,43.68526507430939,LightGBM
2017-02-04,21,50.0,39.04313384759868,LightGBM
2017-02-04,22,50.0,40.611907577366715,LightGBM
2017-02-04,23,43.06,35.48217774074417,LightGBM
2017-02-05,0,35.81,40.22255626938848,LightGBM
2017-02-05,1,37.3,37.16353027412135,LightGBM
2017-02-05,2,37.73,35.806573178107506,LightGBM
2017-02-05,3,36.65,35.529547705262424,LightGBM
2017-02-05,4,33.15,35.099070169932865,LightGBM
2017-02-05,5,34.55,36.22551188214305,LightGBM
2017-02-05,6,31.66,37.905866263296836,LightGBM
2017-02-05,7,36.93,38.258720206366604,LightGBM
2017-02-05,8,37.52,41.866220261002574,LightGBM
2017-02-05,9,40.81,43.25338605157491,LightGBM
2017-02-05,10,44.02,44.74283186735928,LightGBM
2017-02-05,11,50.06,45.738887490540506,LightGBM
2017-02-05,12,46.05,45.10546459379784,LightGBM
2017-02-05,13,41.45,42.77699892192375,LightGBM
2017-02-05,14,40.88,41.62155489529208,LightGBM
2017-02-05,15,39.97,46.46511225277057,LightGBM
2017-02-05,16,40.81,50.377440384095166,LightGBM
2017-02-05,17,48.24,60.00664589166157,LightGBM
2017-02-05,18,65.07,63.14984205475526,LightGBM
2017-02-05,19,60.86,58.462043335031716,LightGBM
2017-02-05,20,57.91,48.308275858021304,LightGBM
2017-02-05,21,47.88,45.13851573447843,LightGBM
2017-02-05,22,51.0,45.68975148241414,LightGBM
2017-02-05,23,48.0,39.10153955495645,LightGBM
2017-02-06,0,43.31,40.2162871656093,LightGBM
2017-02-06,1,41.4,37.52008954852009,LightGBM
2017-02-06,2,38.27,36.5533803098456,LightGBM
2017-02-06,3,35.1,35.474785499558394,LightGBM
2017-02-06,4,36.3,35.62602787082325,LightGBM
2017-02-06,5,39.5,37.99161786863971,LightGBM
2017-02-06,6,55.21,50.34756395405581,LightGBM
2017-02-06,7,74.95,66.78861068639229,LightGBM
2017-02-06,8,82.06,66.08135195803851,LightGBM
2017-02-06,9,84.01,63.680201097401984,LightGBM
2017-02-06,10,80.44,61.95710320519085,LightGBM
2017-02-06,11,79.61,62.8915954000935,LightGBM
2017-02-06,12,80.37,60.90424087836317,LightGBM
2017-02-06,13,77.75,62.88127864105067,LightGBM
2017-02-06,14,72.93,59.0508271119887,LightGBM
2017-02-06,15,69.5,59.357043001576805,LightGBM
2017-02-06,16,67.04,59.87966342523573,LightGBM
2017-02-06,17,69.94,67.82935593218174,LightGBM
2017-02-06,18,86.37,66.39826683078988,LightGBM
2017-02-06,19,77.29,61.57255735332593,LightGBM
2017-02-06,20,64.69,50.628827762358384,LightGBM
2017-02-06,21,44.63,43.04371575224372,LightGBM
2017-02-06,22,43.27,43.52862513889895,LightGBM
2017-02-06,23,38.93,38.809560481341556,LightGBM
2017-02-07,0,42.01,39.23107773090895,LightGBM
2017-02-07,1,40.4,36.04233618328484,LightGBM
2017-02-07,2,39.01,34.326463950466085,LightGBM
2017-02-07,3,37.78,34.398561124191986,LightGBM
2017-02-07,4,38.03,35.08784698710419,LightGBM
2017-02-07,5,38.09,37.49305910940362,LightGBM
2017-02-07,6,46.82,43.69554051569782,LightGBM
2017-02-07,7,64.9,58.990470131210984,LightGBM
2017-02-07,8,63.0,64.21791468274726,LightGBM
2017-02-07,9,62.92,61.8030652035378,LightGBM
2017-02-07,10,64.55,60.38259567861127,LightGBM
2017-02-07,11,65.91,60.878760219138336,LightGBM
2017-02-07,12,63.39,59.101326272729374,LightGBM
2017-02-07,13,61.3,56.72209775445262,LightGBM
2017-02-07,14,60.49,56.14807606908229,LightGBM
2017-02-07,15,59.79,56.46777262491392,LightGBM
2017-02-07,16,62.41,58.108747838023035,LightGBM
2017-02-07,17,67.14,64.4737790896454,LightGBM
2017-02-07,18,66.97,59.87511094102055,LightGBM
2017-02-07,19,64.01,59.166472188523755,LightGBM
2017-02-07,20,45.07,46.44958061596646,LightGBM
2017-02-07,21,43.1,41.69719652484164,LightGBM
2017-02-07,22,45.02,40.01802559324764,LightGBM
2017-02-07,23,39.89,36.139704273420854,LightGBM
2017-02-08,0,34.51,40.021196805407,LightGBM
2017-02-08,1,34.59,38.22809105768212,LightGBM
2017-02-08,2,34.35,35.78040124125074,LightGBM
2017-02-08,3,33.73,34.53155543831211,LightGBM
2017-02-08,4,35.06,35.017204439849465,LightGBM
2017-02-08,5,35.9,36.88759827283066,LightGBM
2017-02-08,6,50.07,43.724305540926814,LightGBM
2017-02-08,7,69.92,57.43211755392145,LightGBM
2017-02-08,8,71.1,59.9783790025208,LightGBM
2017-02-08,9,70.9,60.28441154702485,LightGBM
2017-02-08,10,72.5,59.17645690635632,LightGBM
2017-02-08,11,71.49,60.81876419345378,LightGBM
2017-02-08,12,70.34,59.07666228172191,LightGBM
2017-02-08,13,66.94,59.8271153958967,LightGBM
2017-02-08,14,67.43,57.843019396479804,LightGBM
2017-02-08,15,68.96,60.15783836189787,LightGBM
2017-02-08,16,69.13,61.88323021551802,LightGBM
2017-02-08,17,73.85,71.21791420779333,LightGBM
2017-02-08,18,88.18,68.70796709802289,LightGBM
2017-02-08,19,84.04,64.95691693053163,LightGBM
2017-02-08,20,72.6,52.34345670773922,LightGBM
2017-02-08,21,62.5,46.48051548869876,LightGBM
2017-02-08,22,47.98,45.56496283929199,LightGBM
2017-02-08,23,45.82,39.994969055781816,LightGBM
2017-02-09,0,48.1,42.41973352516437,LightGBM
2017-02-09,1,48.05,38.89762579459072,LightGBM
2017-02-09,2,44.96,37.74163333131109,LightGBM
2017-02-09,3,42.5,36.21740672805023,LightGBM
2017-02-09,4,41.66,37.06824054626296,LightGBM
2017-02-09,5,47.2,39.486690612896666,LightGBM
2017-02-09,6,54.58,49.788280383341984,LightGBM
2017-02-09,7,74.14,64.37323421759089,LightGBM
2017-02-09,8,70.0,69.9191698292358,LightGBM
2017-02-09,9,72.79,66.55188509640367,LightGBM
2017-02-09,10,70.97,64.97856645909097,LightGBM
2017-02-09,11,68.97,68.03583057854792,LightGBM
2017-02-09,12,66.91,64.23610711476555,LightGBM
2017-02-09,13,65.64,60.98393940020471,LightGBM
2017-02-09,14,65.0,58.27478128395248,LightGBM
2017-02-09,15,65.0,58.7851977725899,LightGBM
2017-02-09,16,65.76,62.36332821066063,LightGBM
2017-02-09,17,70.43,62.534950051400976,LightGBM
2017-02-09,18,72.91,67.09462261394582,LightGBM
2017-02-09,19,64.54,66.10471586723239,LightGBM
2017-02-09,20,50.09,51.84210653325642,LightGBM
2017-02-09,21,39.48,46.320042222085874,LightGBM
2017-02-09,22,42.1,43.777180931423175,LightGBM
2017-02-09,23,38.35,40.75984745934298,LightGBM
2017-02-10,0,36.67,38.29304077525909,LightGBM
2017-02-10,1,34.31,35.43942906405692,LightGBM
2017-02-10,2,33.46,33.62121935182204,LightGBM
2017-02-10,3,33.1,33.28390170285512,LightGBM
2017-02-10,4,32.55,33.9371672230242,LightGBM
2017-02-10,5,34.74,34.65792311117406,LightGBM
2017-02-10,6,39.17,40.277461716555436,LightGBM
2017-02-10,7,57.0,57.951930710751704,LightGBM
2017-02-10,8,63.08,59.77146869318485,LightGBM
2017-02-10,9,63.09,55.9452634118629,LightGBM
2017-02-10,10,61.93,55.46273952725184,LightGBM
2017-02-10,11,59.04,54.3507166704177,LightGBM
2017-02-10,12,54.91,53.360160003962214,LightGBM
2017-02-10,13,45.08,52.50169325330794,LightGBM
2017-02-10,14,42.02,51.94167646128883,LightGBM
2017-02-10,15,44.97,52.0906351631203,LightGBM
2017-02-10,16,49.07,51.581022762401986,LightGBM
2017-02-10,17,52.73,57.53254988045813,LightGBM
2017-02-10,18,45.06,53.677218194196456,LightGBM
2017-02-10,19,46.2,54.893367303239934,LightGBM
2017-02-10,20,39.11,42.547099473616115,LightGBM
2017-02-10,21,37.08,41.04086497723932,LightGBM
2017-02-10,22,38.04,41.0112047345529,LightGBM
2017-02-10,23,34.21,36.09939876546467,LightGBM
2017-02-11,0,39.0,35.16654578646402,LightGBM
2017-02-11,1,36.69,33.25777665580344,LightGBM
2017-02-11,2,35.05,32.146371411165134,LightGBM
2017-02-11,3,36.61,31.851827552726377,LightGBM
2017-02-11,4,32.9,31.262942396135934,LightGBM
2017-02-11,5,37.5,32.2101488206678,LightGBM
2017-02-11,6,33.0,34.05934954739981,LightGBM
2017-02-11,7,44.15,40.43504123656466,LightGBM
2017-02-11,8,48.48,45.94008610737023,LightGBM
2017-02-11,9,50.78,48.11262483062933,LightGBM
2017-02-11,10,49.57,46.69850152519667,LightGBM
2017-02-11,11,44.0,46.10203000493467,LightGBM
2017-02-11,12,37.93,40.64184863611101,LightGBM
2017-02-11,13,35.08,40.0283003097418,LightGBM
2017-02-11,14,34.0,39.13965494935882,LightGBM
2017-02-11,15,34.1,43.720545878909945,LightGBM
2017-02-11,16,35.09,43.93787727489795,LightGBM
2017-02-11,17,41.56,47.552667663118406,LightGBM
2017-02-11,18,43.01,46.34258029790001,LightGBM
2017-02-11,19,40.86,44.83614548833449,LightGBM
2017-02-11,20,36.09,37.85274566276566,LightGBM
2017-02-11,21,33.93,36.67395729237403,LightGBM
2017-02-11,22,33.92,38.87147587935633,LightGBM
2017-02-11,23,31.86,34.8153669674097,LightGBM
2017-02-12,0,31.43,31.49413788640667,LightGBM
2017-02-12,1,31.06,28.142583373555635,LightGBM
2017-02-12,2,31.15,26.762651424910562,LightGBM
2017-02-12,3,31.08,26.565248507831217,LightGBM
2017-02-12,4,29.78,28.291657061115483,LightGBM
2017-02-12,5,29.88,28.779896146688237,LightGBM
2017-02-12,6,30.36,25.166500690772825,LightGBM
2017-02-12,7,30.36,30.083942616254483,LightGBM
2017-02-12,8,32.33,29.024934891626657,LightGBM
2017-02-12,9,33.21,32.477088779604955,LightGBM
2017-02-12,10,34.26,34.57755010449422,LightGBM
2017-02-12,11,35.03,34.458512305734764,LightGBM
2017-02-12,12,31.4,33.36097545899053,LightGBM
2017-02-12,13,30.89,32.25831873950865,LightGBM
2017-02-12,14,30.02,32.425577687306586,LightGBM
2017-02-12,15,30.81,30.570568965085627,LightGBM
2017-02-12,16,32.19,33.60420126862622,LightGBM
2017-02-12,17,36.0,40.47624226483378,LightGBM
2017-02-12,18,42.59,43.93509457253143,LightGBM
2017-02-12,19,41.1,39.47676427431754,LightGBM
2017-02-12,20,40.44,33.512842955072095,LightGBM
2017-02-12,21,32.63,35.09899762099625,LightGBM
2017-02-12,22,34.9,37.5852146266841,LightGBM
2017-02-12,23,32.12,32.511674299618264,LightGBM
2017-02-13,0,28.83,30.93541427189529,LightGBM
2017-02-13,1,29.68,30.201322787192694,LightGBM
2017-02-13,2,31.12,29.15176986758083,LightGBM
2017-02-13,3,29.85,29.419903965628112,LightGBM
2017-02-13,4,30.76,30.200642446423515,LightGBM
2017-02-13,5,33.01,31.922150405862094,LightGBM
2017-02-13,6,39.77,40.45223370486155,LightGBM
2017-02-13,7,56.98,50.66719950583238,LightGBM
2017-02-13,8,59.13,51.54900114536499,LightGBM
2017-02-13,9,57.9,44.41215157937889,LightGBM
2017-02-13,10,53.97,42.2517253582035,LightGBM
2017-02-13,11,45.2,42.24047833329205,LightGBM
2017-02-13,12,37.24,41.174237897327956,LightGBM
2017-02-13,13,35.06,39.67585660344648,LightGBM
2017-02-13,14,38.23,40.16383073428159,LightGBM
2017-02-13,15,43.52,42.903497672717094,LightGBM
2017-02-13,16,49.17,43.655371198705815,LightGBM
2017-02-13,17,53.84,48.61148682450629,LightGBM
2017-02-13,18,56.25,51.07497185500581,LightGBM
2017-02-13,19,50.08,50.03915624164833,LightGBM
2017-02-13,20,44.94,40.880901504863296,LightGBM
2017-02-13,21,38.14,37.05595050402575,LightGBM
2017-02-13,22,39.77,37.78590807998302,LightGBM
2017-02-13,23,33.57,33.06021867233376,LightGBM
2017-02-14,0,32.35,33.959043331135376,LightGBM
2017-02-14,1,31.68,33.01204497553509,LightGBM
2017-02-14,2,32.11,31.625569235856585,LightGBM
2017-02-14,3,32.56,32.59775542901344,LightGBM
2017-02-14,4,33.34,33.15101616876668,LightGBM
2017-02-14,5,32.84,35.15947958471263,LightGBM
2017-02-14,6,42.09,42.285683781366444,LightGBM
2017-02-14,7,47.98,53.00938057005557,LightGBM
2017-02-14,8,50.63,54.97556223182829,LightGBM
2017-02-14,9,46.89,49.040092368192816,LightGBM
2017-02-14,10,38.39,47.89563616533809,LightGBM
2017-02-14,11,36.64,45.025216139282435,LightGBM
2017-02-14,12,35.86,43.6853241149793,LightGBM
2017-02-14,13,38.33,44.25442600661678,LightGBM
2017-02-14,14,37.31,44.610215852233424,LightGBM
2017-02-14,15,41.88,45.26324110000201,LightGBM
2017-02-14,16,54.4,47.37138764489771,LightGBM
2017-02-14,17,61.03,56.887663958940756,LightGBM
2017-02-14,18,66.22,63.19068120551974,LightGBM
2017-02-14,19,57.97,61.30869885088644,LightGBM
2017-02-14,20,54.68,49.41742566542241,LightGBM
2017-02-14,21,42.26,41.610773896440314,LightGBM
2017-02-14,22,43.47,41.048969424047215,LightGBM
2017-02-14,23,40.64,36.08426197432577,LightGBM
2017-02-15,0,37.39,38.598463991610146,LightGBM
2017-02-15,1,38.18,36.5825863138021,LightGBM
2017-02-15,2,37.13,35.71712314224671,LightGBM
2017-02-15,3,35.72,34.87930094087031,LightGBM
2017-02-15,4,36.51,35.201090809549925,LightGBM
2017-02-15,5,37.87,37.85767525625842,LightGBM
2017-02-15,6,48.2,49.302106278658954,LightGBM
2017-02-15,7,61.48,60.42843613405996,LightGBM
2017-02-15,8,63.32,62.41990288403795,LightGBM
2017-02-15,9,60.76,58.87060552994589,LightGBM
2017-02-15,10,55.69,55.02884913906661,LightGBM
2017-02-15,11,39.66,53.790346958527174,LightGBM
2017-02-15,12,37.35,49.427447338088605,LightGBM
2017-02-15,13,38.08,48.33649794465259,LightGBM
2017-02-15,14,45.22,50.819507817135964,LightGBM
2017-02-15,15,50.85,53.18790689704808,LightGBM
2017-02-15,16,54.43,55.80632773729466,LightGBM
2017-02-15,17,59.16,63.2986906135938,LightGBM
2017-02-15,18,64.48,69.13407783803632,LightGBM
2017-02-15,19,63.07,62.228250560723566,LightGBM
2017-02-15,20,54.77,50.92307384851526,LightGBM
2017-02-15,21,44.92,42.409807899725536,LightGBM
2017-02-15,22,37.98,40.50637838134554,LightGBM
2017-02-15,23,33.47,37.048895966113115,LightGBM
2017-02-16,0,33.27,33.89082030046964,LightGBM
2017-02-16,1,34.93,33.3829290934865,LightGBM
2017-02-16,2,32.09,31.99611789410702,LightGBM
2017-02-16,3,32.0,29.94583638358996,LightGBM
2017-02-16,4,32.06,32.29843563368794,LightGBM
2017-02-16,5,33.28,33.86511473637567,LightGBM
2017-02-16,6,38.01,41.516081230163735,LightGBM
2017-02-16,7,50.99,53.43555511444335,LightGBM
2017-02-16,8,50.31,52.88533189431098,LightGBM
2017-02-16,9,43.72,49.87439157189132,LightGBM
2017-02-16,10,38.0,46.351405880762144,LightGBM
2017-02-16,11,37.09,42.17521272183024,LightGBM
2017-02-16,12,37.91,39.30211583715045,LightGBM
2017-02-16,13,37.19,39.773763452181484,LightGBM
2017-02-16,14,38.05,42.56121490963847,LightGBM
2017-02-16,15,43.79,44.034135184087305,LightGBM
2017-02-16,16,50.82,50.16470130802299,LightGBM
2017-02-16,17,53.3,56.77138441453403,LightGBM
2017-02-16,18,54.98,57.970664551219414,LightGBM
2017-02-16,19,50.92,54.85698005071583,LightGBM
2017-02-16,20,42.06,45.915876942226426,LightGBM
2017-02-16,21,38.95,39.636575656423716,LightGBM
2017-02-16,22,37.98,38.69538309257251,LightGBM
2017-02-16,23,33.3,34.936911432516304,LightGBM
2017-02-17,0,32.52,34.15858405798701,LightGBM
2017-02-17,1,31.69,33.98178176768223,LightGBM
2017-02-17,2,31.13,33.350217458278486,LightGBM
2017-02-17,3,31.35,32.722091502519866,LightGBM
2017-02-17,4,31.69,32.218555841247266,LightGBM
2017-02-17,5,32.5,34.72261032217549,LightGBM
2017-02-17,6,36.96,42.05942196703059,LightGBM
2017-02-17,7,47.95,51.948645548614785,LightGBM
2017-02-17,8,45.01,53.66098812557356,LightGBM
2017-02-17,9,44.05,52.95885944772698,LightGBM
2017-02-17,10,48.98,48.66839967542262,LightGBM
2017-02-17,11,49.9,46.5847361302597,LightGBM
2017-02-17,12,48.98,42.093426742117565,LightGBM
2017-02-17,13,40.0,39.91467936418081,LightGBM
2017-02-17,14,42.92,42.72152101802041,LightGBM
2017-02-17,15,48.53,44.963419774297115,LightGBM
2017-02-17,16,48.81,49.96963469151303,LightGBM
2017-02-17,17,50.92,55.062458362561976,LightGBM
2017-02-17,18,53.04,57.994820816503506,LightGBM
2017-02-17,19,51.14,55.01341971209456,LightGBM
2017-02-17,20,49.77,50.45793412322797,LightGBM
2017-02-17,21,49.52,42.8121912680508,LightGBM
2017-02-17,22,46.34,41.72781192116353,LightGBM
2017-02-17,23,38.82,37.20619481095819,LightGBM
2017-02-18,0,35.1,37.858723395590225,LightGBM
2017-02-18,1,33.09,36.9593410418526,LightGBM
2017-02-18,2,35.08,36.439251439975884,LightGBM
2017-02-18,3,34.3,36.21876700936431,LightGBM
2017-02-18,4,34.3,35.5188628568895,LightGBM
2017-02-18,5,35.36,36.95180026527481,LightGBM
2017-02-18,6,38.81,41.75423892594906,LightGBM
2017-02-18,7,42.08,46.65886134107123,LightGBM
2017-02-18,8,46.81,51.6514426000682,LightGBM
2017-02-18,9,50.0,53.55523667544329,LightGBM
2017-02-18,10,49.85,54.657760676120084,LightGBM
2017-02-18,11,48.24,52.48424687895497,LightGBM
2017-02-18,12,42.25,52.38600103991498,LightGBM
2017-02-18,13,36.64,47.32562378323898,LightGBM
2017-02-18,14,35.64,46.26377849681006,LightGBM
2017-02-18,15,37.35,45.137186984445265,LightGBM
2017-02-18,16,42.04,49.666036854668654,LightGBM
2017-02-18,17,47.94,53.979093253156755,LightGBM
2017-02-18,18,53.94,56.489232514575704,LightGBM
2017-02-18,19,48.46,51.91106762866264,LightGBM
2017-02-18,20,39.01,44.96148831836405,LightGBM
2017-02-18,21,35.0,40.03186323162188,LightGBM
2017-02-18,22,33.03,39.00934019859317,LightGBM
2017-02-18,23,30.29,37.06313204353935,LightGBM
2017-02-19,0,30.81,29.03551401373032,LightGBM
2017-02-19,1,21.68,29.02529637255761,LightGBM
2017-02-19,2,12.44,25.72210943174445,LightGBM
2017-02-19,3,9.93,25.737383195364757,LightGBM
2017-02-19,4,9.53,27.674195244519492,LightGBM
2017-02-19,5,10.13,27.116029952491363,LightGBM
2017-02-19,6,10.3,26.25352823451138,LightGBM
2017-02-19,7,18.12,25.399376834218536,LightGBM
2017-02-19,8,25.47,29.463426303941308,LightGBM
2017-02-19,9,29.59,31.597227692746728,LightGBM
2017-02-19,10,29.82,28.95926993364308,LightGBM
2017-02-19,11,32.09,29.103234317907695,LightGBM
2017-02-19,12,30.17,28.007461030778163,LightGBM
2017-02-19,13,31.07,27.557127458825924,LightGBM
2017-02-19,14,31.41,26.55108115576873,LightGBM
2017-02-19,15,30.34,28.992671272098818,LightGBM
2017-02-19,16,31.99,33.23723915285867,LightGBM
2017-02-19,17,41.37,40.2528964151633,LightGBM
2017-02-19,18,53.65,44.06902501768068,LightGBM
2017-02-19,19,52.8,39.104072501131185,LightGBM
2017-02-19,20,39.28,34.91523715086817,LightGBM
2017-02-19,21,33.95,33.21375036035061,LightGBM
2017-02-19,22,35.05,34.05723690200766,LightGBM
2017-02-19,23,31.01,30.007098941713096,LightGBM
2017-02-20,0,30.75,28.227084403387884,LightGBM
2017-02-20,1,27.22,25.333415965816414,LightGBM
2017-02-20,2,26.5,23.822460978050458,LightGBM
2017-02-20,3,25.04,22.3514560085079,LightGBM
2017-02-20,4,20.95,22.777754109280686,LightGBM
2017-02-20,5,21.93,25.137594514934044,LightGBM
2017-02-20,6,38.49,33.287326202766344,LightGBM
2017-02-20,7,48.35,43.11558469668303,LightGBM
2017-02-20,8,45.82,40.63701661218136,LightGBM
2017-02-20,9,38.92,37.09842374263285,LightGBM
2017-02-20,10,37.92,34.61292652817912,LightGBM
2017-02-20,11,39.38,33.84470926137384,LightGBM
2017-02-20,12,39.18,30.734597992776855,LightGBM
2017-02-20,13,36.08,28.32947970466787,LightGBM
2017-02-20,14,33.03,27.465999844206504,LightGBM
2017-02-20,15,31.87,27.282571881447407,LightGBM
2017-02-20,16,31.63,26.087736249426182,LightGBM
2017-02-20,17,34.92,33.244620085608126,LightGBM
2017-02-20,18,37.94,36.71061549288746,LightGBM
2017-02-20,19,34.27,35.56774970088002,LightGBM
2017-02-20,20,29.92,31.156805328202022,LightGBM
2017-02-20,21,19.22,25.441355218586878,LightGBM
2017-02-20,22,9.94,23.456545713595613,LightGBM
2017-02-20,23,9.48,15.518145692471977,LightGBM
2017-02-21,0,12.54,6.93413847144514,LightGBM
2017-02-21,1,10.19,3.1688650863809755,LightGBM
2017-02-21,2,10.06,-0.943318303668299,LightGBM
2017-02-21,3,11.12,2.1686242608509803,LightGBM
2017-02-21,4,12.56,8.74507193172963,LightGBM
2017-02-21,5,25.16,13.680942246631005,LightGBM
2017-02-21,6,33.0,28.030926387913887,LightGBM
2017-02-21,7,38.96,35.08222212859573,LightGBM
2017-02-21,8,38.94,35.44277046827874,LightGBM
2017-02-21,9,38.94,32.40967870822273,LightGBM
2017-02-21,10,38.95,31.400271342197343,LightGBM
2017-02-21,11,38.95,31.07612690231825,LightGBM
2017-02-21,12,36.63,29.672125008217428,LightGBM
2017-02-21,13,36.65,28.470140853117268,LightGBM
2017-02-21,14,36.41,30.479299457223753,LightGBM
2017-02-21,15,36.68,34.37709432894835,LightGBM
2017-02-21,16,34.98,35.033771047690784,LightGBM
2017-02-21,17,39.9,42.44816269970059,LightGBM
2017-02-21,18,57.42,47.64581329118395,LightGBM
2017-02-21,19,45.8,45.72081925490519,LightGBM
2017-02-21,20,46.14,38.19655128547889,LightGBM
2017-02-21,21,40.0,32.607793286262975,LightGBM
2017-02-21,22,34.25,30.024929589636606,LightGBM
2017-02-21,23,30.03,22.960545126218147,LightGBM
2017-02-22,0,22.92,25.785446287866932,LightGBM
2017-02-22,1,10.26,19.737466843186986,LightGBM
2017-02-22,2,9.5,18.138840135846927,LightGBM
2017-02-22,3,7.66,17.138184820295407,LightGBM
2017-02-22,4,5.03,18.221003929317543,LightGBM
2017-02-22,5,7.68,23.588510894741503,LightGBM
2017-02-22,6,21.52,31.903432126004972,LightGBM
2017-02-22,7,31.86,41.23165753071683,LightGBM
2017-02-22,8,32.51,37.32145897808837,LightGBM
2017-02-22,9,32.51,35.008399945076306,LightGBM
2017-02-22,10,32.29,33.6003943812742,LightGBM
2017-02-22,11,32.96,30.759001433231553,LightGBM
2017-02-22,12,32.01,26.58404898624262,LightGBM
2017-02-22,13,30.94,25.819935399015836,LightGBM
2017-02-22,14,29.94,26.589200161836708,LightGBM
2017-02-22,15,31.28,27.996628764451426,LightGBM
2017-02-22,16,31.24,27.96002837309373,LightGBM
2017-02-22,17,32.48,31.72270553452981,LightGBM
2017-02-22,18,35.93,36.46129214065606,LightGBM
2017-02-22,19,34.05,34.43787489273925,LightGBM
2017-02-22,20,31.65,30.046250443309294,LightGBM
2017-02-22,21,23.45,25.3891559018699,LightGBM
2017-02-22,22,10.26,22.344391351200063,LightGBM
2017-02-22,23,9.47,13.880793922744303,LightGBM
2017-02-23,0,-6.58,9.794103483049156,LightGBM
2017-02-23,1,-5.03,7.243693704525797,LightGBM
2017-02-23,2,0.01,4.217205184939522,LightGBM
2017-02-23,3,7.03,7.790094076601862,LightGBM
2017-02-23,4,9.44,15.486614253152982,LightGBM
2017-02-23,5,25.53,19.39250296743409,LightGBM
2017-02-23,6,35.0,27.546207797033762,LightGBM
2017-02-23,7,46.01,36.73988157126318,LightGBM
2017-02-23,8,48.5,38.21459579126867,LightGBM
2017-02-23,9,46.41,36.20455672879551,LightGBM
2017-02-23,10,43.36,35.52714106286867,LightGBM
2017-02-23,11,40.61,33.30168778561079,LightGBM
2017-02-23,12,32.91,32.69343980009571,LightGBM
2017-02-23,13,32.4,29.944967505847096,LightGBM
2017-02-23,14,31.24,29.029969814144373,LightGBM
2017-02-23,15,27.68,28.88684470427523,LightGBM
2017-02-23,16,27.64,26.866668970728185,LightGBM
2017-02-23,17,32.03,30.57671161813036,LightGBM
2017-02-23,18,32.93,32.14146115920264,LightGBM
2017-02-23,19,32.09,30.480224029417844,LightGBM
2017-02-23,20,29.79,27.002061852872213,LightGBM
2017-02-23,21,24.07,23.050102721885747,LightGBM
2017-02-23,22,12.03,18.20643037188661,LightGBM
2017-02-23,23,9.27,9.51002367105291,LightGBM
2017-02-24,0,6.93,6.774051037185502,LightGBM
2017-02-24,1,-4.99,2.1931810221391124,LightGBM
2017-02-24,2,-27.08,1.1457451593592884,LightGBM
2017-02-24,3,-0.9,3.888850513077235,LightGBM
2017-02-24,4,7.0,6.311477994274611,LightGBM
2017-02-24,5,9.49,14.379698243974104,LightGBM
2017-02-24,6,30.04,24.21864545434775,LightGBM
2017-02-24,7,33.44,32.09153042808455,LightGBM
2017-02-24,8,34.3,31.672882505723386,LightGBM
2017-02-24,9,33.91,32.40634059496191,LightGBM
2017-02-24,10,33.48,28.856939900931078,LightGBM
2017-02-24,11,33.18,29.072875029576178,LightGBM
2017-02-24,12,32.49,27.56723920478271,LightGBM
2017-02-24,13,32.41,26.601727426059544,LightGBM
2017-02-24,14,32.24,27.40189537895833,LightGBM
2017-02-24,15,34.9,31.206279407636377,LightGBM
2017-02-24,16,44.92,32.43818789914787,LightGBM
2017-02-24,17,50.1,39.75818729644557,LightGBM
2017-02-24,18,57.52,46.358773955761215,LightGBM
2017-02-24,19,58.19,44.27113208479914,LightGBM
2017-02-24,20,43.94,40.61807778759031,LightGBM
2017-02-24,21,38.06,35.00657351454966,LightGBM
2017-02-24,22,39.68,32.07717702898555,LightGBM
2017-02-24,23,36.66,27.343899346286307,LightGBM
2017-02-25,0,29.28,31.34328897339093,LightGBM
2017-02-25,1,29.09,30.259183155781532,LightGBM
2017-02-25,2,28.94,30.53507538223366,LightGBM
2017-02-25,3,29.45,28.28197485997217,LightGBM
2017-02-25,4,29.93,26.380287095735646,LightGBM
2017-02-25,5,29.53,27.173644805229447,LightGBM
2017-02-25,6,32.87,31.951288499344294,LightGBM
2017-02-25,7,41.48,35.27780959938945,LightGBM
2017-02-25,8,41.99,37.63586119133758,LightGBM
2017-02-25,9,40.44,37.90756976732366,LightGBM
2017-02-25,10,37.13,35.92729636441249,LightGBM
2017-02-25,11,32.04,31.968695797719096,LightGBM
2017-02-25,12,29.46,26.97944091110484,LightGBM
2017-02-25,13,28.01,25.233491867800183,LightGBM
2017-02-25,14,22.86,25.765279475928867,LightGBM
2017-02-25,15,28.88,26.91666688418754,LightGBM
2017-02-25,16,30.16,31.688036187516932,LightGBM
2017-02-25,17,38.0,35.43253921326309,LightGBM
2017-02-25,18,39.57,34.60212960475676,LightGBM
2017-02-25,19,34.65,33.84573650029741,LightGBM
2017-02-25,20,26.01,25.540550410732298,LightGBM
2017-02-25,21,12.94,20.074538121648587,LightGBM
2017-02-25,22,11.91,18.36489252853588,LightGBM
2017-02-25,23,8.8,11.931928215740939,LightGBM
2017-02-26,0,7.83,5.51578243433009,LightGBM
2017-02-26,1,3.0,-0.22364021934784933,LightGBM
2017-02-26,2,4.65,-0.6651339970887357,LightGBM
2017-02-26,3,7.74,2.49749210569116,LightGBM
2017-02-26,4,8.02,4.363713714760145,LightGBM
2017-02-26,5,8.95,3.6091613132651923,LightGBM
2017-02-26,6,7.83,6.217679848197288,LightGBM
2017-02-26,7,7.84,8.55275330155408,LightGBM
2017-02-26,8,9.63,14.007445352798486,LightGBM
2017-02-26,9,10.36,15.987537019432958,LightGBM
2017-02-26,10,12.91,15.748975149228878,LightGBM
2017-02-26,11,12.98,17.1519244815893,LightGBM
2017-02-26,12,9.92,16.97650470338098,LightGBM
2017-02-26,13,9.75,14.747017354569705,LightGBM
2017-02-26,14,9.98,15.407617095316597,LightGBM
2017-02-26,15,10.4,18.041888660773242,LightGBM
2017-02-26,16,12.78,21.8407362502371,LightGBM
2017-02-26,17,28.0,29.422208741029845,LightGBM
2017-02-26,18,31.76,35.35847027313518,LightGBM
2017-02-26,19,30.96,32.304460918056456,LightGBM
2017-02-26,20,25.34,26.197130678881074,LightGBM
2017-02-26,21,23.86,21.466363891408832,LightGBM
2017-02-26,22,20.86,21.890671003156598,LightGBM
2017-02-26,23,10.35,15.98478492933278,LightGBM
2017-02-27,0,22.01,10.033765534098945,LightGBM
2017-02-27,1,15.48,6.843228839551509,LightGBM
2017-02-27,2,12.54,5.629504707862205,LightGBM
2017-02-27,3,15.59,6.8150514740675145,LightGBM
2017-02-27,4,18.84,6.323299534482648,LightGBM
2017-02-27,5,30.11,11.725914200923919,LightGBM
2017-02-27,6,38.66,25.487322492568328,LightGBM
2017-02-27,7,47.29,33.09868353705109,LightGBM
2017-02-27,8,47.52,34.93222177548366,LightGBM
2017-02-27,9,39.94,31.84467244052992,LightGBM
2017-02-27,10,36.87,29.320865013716404,LightGBM
2017-02-27,11,36.6,28.073940776944386,LightGBM
2017-02-27,12,30.91,24.49760271117787,LightGBM
2017-02-27,13,30.58,23.549986180109812,LightGBM
2017-02-27,14,30.59,21.684029445752778,LightGBM
2017-02-27,15,30.83,23.30985986532942,LightGBM
2017-02-27,16,32.15,26.13840517591149,LightGBM
2017-02-27,17,32.89,32.919269794241124,LightGBM
2017-02-27,18,34.44,31.15319556133382,LightGBM
2017-02-27,19,32.46,29.05476647111702,LightGBM
2017-02-27,20,30.62,26.571712624141714,LightGBM
2017-02-27,21,27.05,17.723329376346317,LightGBM
2017-02-27,22,12.96,16.3170408845299,LightGBM
2017-02-27,23,7.95,9.87149670288133,LightGBM
2017-02-28,0,7.81,8.66036204585135,LightGBM
2017-02-28,1,7.89,1.1299437945443283,LightGBM
2017-02-28,2,7.86,-0.5037779057511623,LightGBM
2017-02-28,3,8.56,2.7310418178560085,LightGBM
2017-02-28,4,9.79,7.5551698622092385,LightGBM
2017-02-28,5,10.34,13.58953341613533,LightGBM
2017-02-28,6,28.99,21.960297589028226,LightGBM
2017-02-28,7,32.86,29.900989644985394,LightGBM
2017-02-28,8,33.2,30.781116321256448,LightGBM
2017-02-28,9,31.02,28.407870685151035,LightGBM
2017-02-28,10,30.76,26.523111148283384,LightGBM
2017-02-28,11,30.57,26.51895817709385,LightGBM
2017-02-28,12,32.42,24.882332643469795,LightGBM
2017-02-28,13,39.8,26.20750970339904,LightGBM
2017-02-28,14,39.86,28.022160287528322,LightGBM
2017-02-28,15,39.17,30.826453349666238,LightGBM
2017-02-28,16,39.52,32.13825858558346,LightGBM
2017-02-28,17,40.13,38.3398855903382,LightGBM
2017-02-28,18,49.2,44.02951173634227,LightGBM
2017-02-28,19,53.12,40.44554580796679,LightGBM
2017-02-28,20,39.11,33.585622111195235,LightGBM
2017-02-28,21,38.78,28.96160903537728,LightGBM
2017-02-28,22,31.4,27.723314594131153,LightGBM
2017-02-28,23,30.06,19.448687071840734,LightGBM
2017-03-01,0,31.05,27.414857548027094,LightGBM
2017-03-01,1,29.57,25.435520762880238,LightGBM
2017-03-01,2,28.61,23.302823355399646,LightGBM
2017-03-01,3,25.52,23.00004968905646,LightGBM
2017-03-01,4,28.65,21.210496704600654,LightGBM
2017-03-01,5,29.98,23.441210587639628,LightGBM
2017-03-01,6,32.4,31.367170152070724,LightGBM
2017-03-01,7,41.96,40.13083857569383,LightGBM
2017-03-01,8,42.08,39.959926791426845,LightGBM
2017-03-01,9,39.99,37.93374065830203,LightGBM
2017-03-01,10,39.9,35.2427406969148,LightGBM
2017-03-01,11,36.92,32.46073757293264,LightGBM
2017-03-01,12,31.22,31.95690269176148,LightGBM
2017-03-01,13,30.74,30.778109597178165,LightGBM
2017-03-01,14,30.83,30.238553676763196,LightGBM
2017-03-01,15,32.16,32.06016283507527,LightGBM
2017-03-01,16,38.63,33.43224960478866,LightGBM
2017-03-01,17,46.82,37.73646466666351,LightGBM
2017-03-01,18,51.99,38.82653177828023,LightGBM
2017-03-01,19,49.68,38.99915025619632,LightGBM
2017-03-01,20,39.93,32.86415035280069,LightGBM
2017-03-01,21,34.9,27.872151593485704,LightGBM
2017-03-01,22,31.93,25.775049500158772,LightGBM
2017-03-01,23,29.7,21.832341740033424,LightGBM
2017-03-02,0,29.73,27.318585140037403,LightGBM
2017-03-02,1,29.49,25.195286148732116,LightGBM
2017-03-02,2,25.99,21.865351868822877,LightGBM
2017-03-02,3,26.0,21.67500338693181,LightGBM
2017-03-02,4,26.17,20.562071371255673,LightGBM
2017-03-02,5,26.04,22.234969684293652,LightGBM
2017-03-02,6,31.04,30.9418910317829,LightGBM
2017-03-02,7,33.57,36.93016734034679,LightGBM
2017-03-02,8,34.19,34.57020414577211,LightGBM
2017-03-02,9,30.85,33.83224362171449,LightGBM
2017-03-02,10,26.0,30.89289138540156,LightGBM
2017-03-02,11,25.08,29.043859340287753,LightGBM
2017-03-02,12,12.63,25.944419404595052,LightGBM
2017-03-02,13,10.45,25.54671279994939,LightGBM
2017-03-02,14,10.48,23.500224090560494,LightGBM
2017-03-02,15,25.01,26.463656774961578,LightGBM
2017-03-02,16,25.92,28.07140515894931,LightGBM
2017-03-02,17,32.17,36.0563086223022,LightGBM
2017-03-02,18,39.9,35.83498760793616,LightGBM
2017-03-02,19,38.91,34.149001593903016,LightGBM
2017-03-02,20,31.95,30.40077519709212,LightGBM
2017-03-02,21,30.47,22.71495611489112,LightGBM
2017-03-02,22,29.25,18.486352386090598,LightGBM
2017-03-02,23,25.07,13.593208525639758,LightGBM
2017-03-03,0,27.02,26.052186370190487,LightGBM
2017-03-03,1,26.47,21.99691505518895,LightGBM
2017-03-03,2,26.03,22.39159487062449,LightGBM
2017-03-03,3,28.99,21.390570646968044,LightGBM
2017-03-03,4,30.91,21.390097879296025,LightGBM
2017-03-03,5,32.36,25.324459894980645,LightGBM
2017-03-03,6,41.91,33.30457810428482,LightGBM
2017-03-03,7,48.0,40.45797756101421,LightGBM
2017-03-03,8,47.57,38.89103436518296,LightGBM
2017-03-03,9,46.5,35.66683845675948,LightGBM
2017-03-03,10,43.49,34.245705108205314,LightGBM
2017-03-03,11,43.47,31.542204147735134,LightGBM
2017-03-03,12,41.02,30.093024490537072,LightGBM
2017-03-03,13,39.83,29.569834213220766,LightGBM
2017-03-03,14,39.1,28.409906987207794,LightGBM
2017-03-03,15,38.6,30.54147892301948,LightGBM
2017-03-03,16,40.97,34.34003567220052,LightGBM
2017-03-03,17,41.91,39.124628365870144,LightGBM
2017-03-03,18,42.18,47.521575694720276,LightGBM
2017-03-03,19,44.95,42.213961723677514,LightGBM
2017-03-03,20,41.01,36.286147431377245,LightGBM
2017-03-03,21,35.29,31.958528925186844,LightGBM
2017-03-03,22,36.25,31.593234032421503,LightGBM
2017-03-03,23,34.56,24.57506362549496,LightGBM
2017-03-04,0,31.6,31.950136035734353,LightGBM
2017-03-04,1,30.25,30.190818802338534,LightGBM
2017-03-04,2,30.04,29.583141093678737,LightGBM
2017-03-04,3,28.44,29.154114134894545,LightGBM
2017-03-04,4,28.26,29.178996343599536,LightGBM
2017-03-04,5,29.22,29.54694779939158,LightGBM
2017-03-04,6,28.16,28.459516525352274,LightGBM
2017-03-04,7,30.0,35.99986134279147,LightGBM
2017-03-04,8,33.96,33.71114176306838,LightGBM
2017-03-04,9,39.34,34.774739604631144,LightGBM
2017-03-04,10,36.73,33.31985702483115,LightGBM
2017-03-04,11,36.69,33.53164970915678,LightGBM
2017-03-04,12,33.76,30.60794788917971,LightGBM
2017-03-04,13,31.44,31.269635868472797,LightGBM
2017-03-04,14,31.81,30.618681922955734,LightGBM
2017-03-04,15,33.67,32.46265799146724,LightGBM
2017-03-04,16,34.9,34.58573645849304,LightGBM
2017-03-04,17,40.44,42.618229630260416,LightGBM
2017-03-04,18,44.69,43.42254287308237,LightGBM
2017-03-04,19,47.25,42.0346145149073,LightGBM
2017-03-04,20,42.01,33.7124600534667,LightGBM
2017-03-04,21,35.07,28.60638306838565,LightGBM
2017-03-04,22,31.87,28.368941733885297,LightGBM
2017-03-04,23,22.68,25.907623488424566,LightGBM
2017-03-05,0,21.11,22.89533573254219,LightGBM
2017-03-05,1,15.44,21.475798904698262,LightGBM
2017-03-05,2,11.56,20.33194795078576,LightGBM
2017-03-05,3,10.6,18.132236826580407,LightGBM
2017-03-05,4,9.84,17.894636948509525,LightGBM
2017-03-05,5,8.06,18.598338563137094,LightGBM
2017-03-05,6,9.83,16.003265030928354,LightGBM
2017-03-05,7,9.13,17.864128407843427,LightGBM
2017-03-05,8,9.88,20.219675785999584,LightGBM
2017-03-05,9,11.32,22.46070133600012,LightGBM
2017-03-05,10,9.97,21.644845528823257,LightGBM
2017-03-05,11,10.0,21.46723719713301,LightGBM
2017-03-05,12,10.8,19.691495816865405,LightGBM
2017-03-05,13,9.96,17.380306366257358,LightGBM
2017-03-05,14,9.4,19.95275309165302,LightGBM
2017-03-05,15,9.96,22.02410621296995,LightGBM
2017-03-05,16,17.22,25.417954734235664,LightGBM
2017-03-05,17,30.03,33.55325192031576,LightGBM
2017-03-05,18,33.69,40.91941656154025,LightGBM
2017-03-05,19,37.95,40.519467035168674,LightGBM
2017-03-05,20,35.02,33.675180145944246,LightGBM
2017-03-05,21,32.85,29.329873880319344,LightGBM
2017-03-05,22,32.92,29.150388758853502,LightGBM
2017-03-05,23,31.67,25.236847662789952,LightGBM
2017-03-06,0,31.24,28.13811864933124,LightGBM
2017-03-06,1,29.04,26.614367867846802,LightGBM
2017-03-06,2,27.99,25.42666428652505,LightGBM
2017-03-06,3,25.35,24.046026916948225,LightGBM
2017-03-06,4,27.3,24.656832370929244,LightGBM
2017-03-06,5,29.07,27.971830819077105,LightGBM
2017-03-06,6,34.98,41.15906015941167,LightGBM
2017-03-06,7,42.4,47.41693720403501,LightGBM
2017-03-06,8,44.28,48.26595316627732,LightGBM
2017-03-06,9,47.03,43.944330719659035,LightGBM
2017-03-06,10,46.58,42.86617777358159,LightGBM
2017-03-06,11,46.36,41.8563282872885,LightGBM
2017-03-06,12,43.92,38.295692639448255,LightGBM
2017-03-06,13,39.9,37.71275568024901,LightGBM
2017-03-06,14,36.07,36.98785497424971,LightGBM
2017-03-06,15,39.9,37.41053070444519,LightGBM
2017-03-06,16,42.91,41.541858010664114,LightGBM
2017-03-06,17,46.15,43.51748705666455,LightGBM
2017-03-06,18,49.59,48.02777962779499,LightGBM
2017-03-06,19,51.66,49.994293994592994,LightGBM
2017-03-06,20,46.05,41.71826404412094,LightGBM
2017-03-06,21,37.4,37.403156757064735,LightGBM
2017-03-06,22,35.0,36.01610341263949,LightGBM
2017-03-06,23,31.93,31.24142530621962,LightGBM
2017-03-07,0,31.07,31.355120911590905,LightGBM
2017-03-07,1,30.01,30.526809883490404,LightGBM
2017-03-07,2,29.99,29.653116418966636,LightGBM
2017-03-07,3,29.64,28.055693105309086,LightGBM
2017-03-07,4,30.6,29.717210459401716,LightGBM
2017-03-07,5,32.98,31.457150296376664,LightGBM
2017-03-07,6,36.0,41.09318771749609,LightGBM
2017-03-07,7,50.19,55.874001858382016,LightGBM
2017-03-07,8,54.25,54.28931695458046,LightGBM
2017-03-07,9,54.1,54.64696761444942,LightGBM
2017-03-07,10,53.93,51.447387482192944,LightGBM
2017-03-07,11,51.54,53.2082544758106,LightGBM
2017-03-07,12,49.9,49.59588803975578,LightGBM
2017-03-07,13,49.07,48.88773788485065,LightGBM
2017-03-07,14,48.69,47.00352732335644,LightGBM
2017-03-07,15,47.75,48.09568806501159,LightGBM
2017-03-07,16,48.0,50.81170575683855,LightGBM
2017-03-07,17,50.31,55.930581061022735,LightGBM
2017-03-07,18,57.52,61.06312647353319,LightGBM
2017-03-07,19,61.05,62.099620511944224,LightGBM
2017-03-07,20,51.93,50.92381567053148,LightGBM
2017-03-07,21,43.93,42.90206673494234,LightGBM
2017-03-07,22,41.94,42.08362978914286,LightGBM
2017-03-07,23,33.73,35.35706813708305,LightGBM
2017-03-08,0,33.98,31.1127357460792,LightGBM
2017-03-08,1,32.76,30.53157007823191,LightGBM
2017-03-08,2,32.0,28.84029974316356,LightGBM
2017-03-08,3,31.38,27.722660131934997,LightGBM
2017-03-08,4,31.2,28.32501566388179,LightGBM
2017-03-08,5,32.06,30.083667841570172,LightGBM
2017-03-08,6,41.04,37.9095786360891,LightGBM
2017-03-08,7,49.61,47.51237741623428,LightGBM
2017-03-08,8,49.93,47.492158858750535,LightGBM
2017-03-08,9,43.44,42.42605834121032,LightGBM
2017-03-08,10,41.0,36.772560279138716,LightGBM
2017-03-08,11,38.1,36.55265032216686,LightGBM
2017-03-08,12,34.16,30.87293553902211,LightGBM
2017-03-08,13,33.65,29.34929594738166,LightGBM
2017-03-08,14,35.01,29.446302385156294,LightGBM
2017-03-08,15,33.7,29.50951971889623,LightGBM
2017-03-08,16,34.03,32.233997308835455,LightGBM
2017-03-08,17,35.74,38.754412569542254,LightGBM
2017-03-08,18,42.05,39.35229247272944,LightGBM
2017-03-08,19,42.0,41.714436927609405,LightGBM
2017-03-08,20,34.15,33.74616170234532,LightGBM
2017-03-08,21,31.85,31.3285537973607,LightGBM
2017-03-08,22,32.14,29.334050022692008,LightGBM
2017-03-08,23,28.97,24.476642240862127,LightGBM
2017-03-09,0,30.66,27.458810546354027,LightGBM
2017-03-09,1,30.56,27.34397816540757,LightGBM
2017-03-09,2,29.78,26.9919826227194,LightGBM
2017-03-09,3,29.3,26.301207718888417,LightGBM
2017-03-09,4,29.28,26.90341791895823,LightGBM
2017-03-09,5,31.12,28.17554111662704,LightGBM
2017-03-09,6,41.59,35.78116087180709,LightGBM
2017-03-09,7,48.67,43.168724538357395,LightGBM
2017-03-09,8,50.02,43.78682587507059,LightGBM
2017-03-09,9,49.02,43.804893008451316,LightGBM
2017-03-09,10,48.62,43.27631257386799,LightGBM
2017-03-09,11,47.16,42.51811348257397,LightGBM
2017-03-09,12,43.82,39.21917592398838,LightGBM
2017-03-09,13,41.85,37.98365364389555,LightGBM
2017-03-09,14,38.09,36.6403976777217,LightGBM
2017-03-09,15,36.69,35.40216554056065,LightGBM
2017-03-09,16,35.3,35.3918858049665,LightGBM
2017-03-09,17,41.47,39.12922157557204,LightGBM
2017-03-09,18,44.82,41.40949980343332,LightGBM
2017-03-09,19,42.84,43.19007653306455,LightGBM
2017-03-09,20,33.34,35.24937126084659,LightGBM
2017-03-09,21,33.02,31.369319025430684,LightGBM
2017-03-09,22,31.51,29.802998333500508,LightGBM
2017-03-09,23,28.82,25.846460502182204,LightGBM
2017-03-10,0,20.82,24.054764957255166,LightGBM
2017-03-10,1,18.18,21.682427714521957,LightGBM
2017-03-10,2,12.01,19.263305736542666,LightGBM
2017-03-10,3,18.09,19.433540077171962,LightGBM
2017-03-10,4,26.96,20.982496129540017,LightGBM
2017-03-10,5,28.59,24.697681435881744,LightGBM
2017-03-10,6,31.9,31.08273651724003,LightGBM
2017-03-10,7,41.98,36.968916554608185,LightGBM
2017-03-10,8,41.93,37.64681531104216,LightGBM
2017-03-10,9,36.96,33.74013847235371,LightGBM
2017-03-10,10,33.02,31.77072130622662,LightGBM
2017-03-10,11,32.09,31.649930701696977,LightGBM
2017-03-10,12,31.51,30.08177513373018,LightGBM
2017-03-10,13,31.31,28.927034352006267,LightGBM
2017-03-10,14,31.26,29.534578200080528,LightGBM
2017-03-10,15,32.11,34.210128522822075,LightGBM
2017-03-10,16,36.07,34.848277269455195,LightGBM
2017-03-10,17,40.37,41.11993756526049,LightGBM
2017-03-10,18,49.17,50.914604763618065,LightGBM
2017-03-10,19,53.56,52.84001867021738,LightGBM
2017-03-10,20,45.88,47.92174942856045,LightGBM
2017-03-10,21,39.67,41.632958025366534,LightGBM
2017-03-10,22,37.71,40.70040517489423,LightGBM
2017-03-10,23,34.25,35.74432896054109,LightGBM
2017-03-11,0,33.02,32.5771472619089,LightGBM
2017-03-11,1,31.24,31.833089376514234,LightGBM
2017-03-11,2,30.13,31.839079693764308,LightGBM
2017-03-11,3,29.64,31.529490933629233,LightGBM
2017-03-11,4,29.07,31.92242713890651,LightGBM
2017-03-11,5,30.0,32.33638826261906,LightGBM
2017-03-11,6,31.77,33.56796834078416,LightGBM
2017-03-11,7,32.4,34.17880984063739,LightGBM
2017-03-11,8,35.0,39.51206234924132,LightGBM
2017-03-11,9,35.05,40.40658817738988,LightGBM
2017-03-11,10,33.0,38.93668495792201,LightGBM
2017-03-11,11,31.41,38.48032410561478,LightGBM
2017-03-11,12,31.07,34.25650636649622,LightGBM
2017-03-11,13,30.19,33.48125866191877,LightGBM
2017-03-11,14,29.85,31.836541519348557,LightGBM
2017-03-11,15,29.98,32.801890194386594,LightGBM
2017-03-11,16,30.81,34.82853593973256,LightGBM
2017-03-11,17,34.66,41.579082820668354,LightGBM
2017-03-11,18,43.97,48.56083697722273,LightGBM
2017-03-11,19,45.91,46.58368835737435,LightGBM
2017-03-11,20,38.1,35.98635950852635,LightGBM
2017-03-11,21,32.26,32.39074102235059,LightGBM
2017-03-11,22,32.11,31.884867708306256,LightGBM
2017-03-11,23,30.05,29.2765859156209,LightGBM
2017-03-12,0,27.9,25.77667642961324,LightGBM
2017-03-12,1,25.4,23.478356998946953,LightGBM
2017-03-12,2,20.36,21.645317277345583,LightGBM
2017-03-12,3,13.92,21.087490058138094,LightGBM
2017-03-12,4,10.88,20.143692792423877,LightGBM
2017-03-12,5,11.95,22.23757852939193,LightGBM
2017-03-12,6,13.92,18.859453297584782,LightGBM
2017-03-12,7,11.21,21.306421679954013,LightGBM
2017-03-12,8,10.97,21.502539561533187,LightGBM
2017-03-12,9,13.28,22.211997795646333,LightGBM
2017-03-12,10,10.18,20.75193339146048,LightGBM
2017-03-12,11,15.63,20.652702894618518,LightGBM
2017-03-12,12,9.6,19.618931193350022,LightGBM
2017-03-12,13,12.21,16.416585066676102,LightGBM
2017-03-12,14,9.55,15.995566535004253,LightGBM
2017-03-12,15,11.93,17.023060726251956,LightGBM
2017-03-12,16,11.0,21.271990532125187,LightGBM
2017-03-12,17,26.9,25.705850792304002,LightGBM
2017-03-12,18,31.15,35.024987890305724,LightGBM
2017-03-12,19,31.35,36.926754277234714,LightGBM
2017-03-12,20,30.69,32.290056768888675,LightGBM
2017-03-12,21,30.62,29.913298873711284,LightGBM
2017-03-12,22,30.4,29.771380861385392,LightGBM
2017-03-12,23,29.34,25.239000807423157,LightGBM
2017-03-13,0,27.04,25.95982491272671,LightGBM
2017-03-13,1,26.82,24.640179559289955,LightGBM
2017-03-13,2,26.9,23.68261957099561,LightGBM
2017-03-13,3,27.02,22.0978452120528,LightGBM
2017-03-13,4,27.77,23.16838974306577,LightGBM
2017-03-13,5,29.64,26.48038466589446,LightGBM
2017-03-13,6,33.83,39.692251869768874,LightGBM
2017-03-13,7,41.0,48.07290488664632,LightGBM
2017-03-13,8,42.86,47.44965690998297,LightGBM
2017-03-13,9,40.0,42.03473594125922,LightGBM
2017-03-13,10,34.57,38.24608466823885,LightGBM
2017-03-13,11,32.89,38.740904531502714,LightGBM
2017-03-13,12,31.97,36.003994311502524,LightGBM
2017-03-13,13,32.2,35.62902637488334,LightGBM
2017-03-13,14,31.7,35.58808581056868,LightGBM
2017-03-13,15,32.0,40.04807619184536,LightGBM
2017-03-13,16,36.61,43.90772628945163,LightGBM
2017-03-13,17,41.82,47.805482493134456,LightGBM
2017-03-13,18,49.9,55.597762951509914,LightGBM
2017-03-13,19,56.99,57.2673508528408,LightGBM
2017-03-13,20,49.51,49.607455045650774,LightGBM
2017-03-13,21,44.94,41.67225210401774,LightGBM
2017-03-13,22,39.96,38.898406941213636,LightGBM
2017-03-13,23,33.55,32.07443094924537,LightGBM
2017-03-14,0,29.58,30.823444001983823,LightGBM
2017-03-14,1,28.61,30.562635902518377,LightGBM
2017-03-14,2,27.73,29.86436771788494,LightGBM
2017-03-14,3,27.75,29.294797903218964,LightGBM
2017-03-14,4,28.43,28.81799548292212,LightGBM
2017-03-14,5,29.49,31.384589887854947,LightGBM
2017-03-14,6,37.72,39.91546160169336,LightGBM
2017-03-14,7,44.92,47.456599433744564,LightGBM
2017-03-14,8,47.1,49.12829433839518,LightGBM
2017-03-14,9,43.97,42.656128187836,LightGBM
2017-03-14,10,41.93,37.470073344831064,LightGBM
2017-03-14,11,37.19,33.55101660270997,LightGBM
2017-03-14,12,31.08,29.63816087961263,LightGBM
2017-03-14,13,30.08,28.25368023604202,LightGBM
2017-03-14,14,30.08,28.935901454662734,LightGBM
2017-03-14,15,30.16,29.915718625517588,LightGBM
2017-03-14,16,35.0,31.1292488578718,LightGBM
2017-03-14,17,41.15,35.96687749789181,LightGBM
2017-03-14,18,45.58,42.133042187601056,LightGBM
2017-03-14,19,45.46,42.90345064759091,LightGBM
2017-03-14,20,35.85,33.98781115693531,LightGBM
2017-03-14,21,28.99,31.294549007154,LightGBM
2017-03-14,22,28.08,28.00498900257144,LightGBM
2017-03-14,23,23.44,24.084067085990835,LightGBM
2017-03-15,0,22.21,22.40089323911072,LightGBM
2017-03-15,1,21.14,21.91900904654927,LightGBM
2017-03-15,2,18.65,19.361255328757323,LightGBM
2017-03-15,3,20.16,20.622694509353877,LightGBM
2017-03-15,4,24.03,21.461368449655826,LightGBM
2017-03-15,5,28.05,26.00605765939436,LightGBM
2017-03-15,6,34.96,33.263458609170996,LightGBM
2017-03-15,7,40.98,38.50030476201755,LightGBM
2017-03-15,8,40.97,38.52462887409488,LightGBM
2017-03-15,9,38.99,35.64954480491694,LightGBM
2017-03-15,10,34.94,32.37133807324271,LightGBM
2017-03-15,11,33.07,30.201033994524437,LightGBM
2017-03-15,12,32.14,28.53867175119056,LightGBM
2017-03-15,13,31.5,28.204089362196022,LightGBM
2017-03-15,14,31.42,29.33414017238171,LightGBM
2017-03-15,15,32.4,30.979805090642017,LightGBM
2017-03-15,16,33.06,33.64007984550204,LightGBM
2017-03-15,17,41.0,41.101015388722104,LightGBM
2017-03-15,18,47.97,48.46435188316067,LightGBM
2017-03-15,19,52.09,49.99130063160672,LightGBM
2017-03-15,20,43.9,41.08987485204683,LightGBM
2017-03-15,21,38.1,36.86426691743675,LightGBM
2017-03-15,22,34.82,34.864297797441616,LightGBM
2017-03-15,23,31.59,30.841435917156613,LightGBM
2017-03-16,0,29.99,30.685972787549858,LightGBM
2017-03-16,1,29.84,29.856839862383374,LightGBM
2017-03-16,2,28.14,27.629577013050312,LightGBM
2017-03-16,3,28.29,27.530415516845274,LightGBM
2017-03-16,4,29.37,29.05226368043714,LightGBM
2017-03-16,5,30.0,30.646320775831406,LightGBM
2017-03-16,6,38.48,37.92532074668819,LightGBM
2017-03-16,7,45.18,44.97541024939477,LightGBM
2017-03-16,8,40.95,43.02455270045261,LightGBM
2017-03-16,9,36.15,39.55303597051617,LightGBM
2017-03-16,10,32.94,34.75692664622899,LightGBM
2017-03-16,11,31.87,34.394201539051366,LightGBM
2017-03-16,12,30.49,32.83413173688658,LightGBM
2017-03-16,13,30.45,30.26026728788435,LightGBM
2017-03-16,14,30.19,30.96704988377926,LightGBM
2017-03-16,15,30.28,33.56987981690818,LightGBM
2017-03-16,16,33.5,36.16124920606264,LightGBM
2017-03-16,17,39.9,41.49975969046939,LightGBM
2017-03-16,18,45.59,46.88339840984038,LightGBM
2017-03-16,19,50.1,48.48625704628997,LightGBM
2017-03-16,20,42.92,39.28381869555096,LightGBM
2017-03-16,21,34.81,34.89778581536973,LightGBM
2017-03-16,22,30.19,31.851746913221703,LightGBM
2017-03-16,23,26.36,27.996410157757055,LightGBM
2017-03-17,0,21.63,24.14325534704098,LightGBM
2017-03-17,1,18.76,23.90845609644648,LightGBM
2017-03-17,2,18.53,20.9399525348349,LightGBM
2017-03-17,3,20.93,22.472510686247215,LightGBM
2017-03-17,4,24.11,22.348528441878685,LightGBM
2017-03-17,5,28.0,25.223898547723504,LightGBM
2017-03-17,6,39.97,33.064677079530185,LightGBM
2017-03-17,7,40.91,37.822504436916695,LightGBM
2017-03-17,8,40.45,37.01353369503644,LightGBM
2017-03-17,9,33.97,31.490650982780185,LightGBM
2017-03-17,10,32.17,29.5339049250761,LightGBM
2017-03-17,11,29.71,27.612338995322705,LightGBM
2017-03-17,12,27.83,24.369228483881873,LightGBM
2017-03-17,13,25.44,23.814371031578336,LightGBM
2017-03-17,14,22.1,22.380502829587797,LightGBM
2017-03-17,15,22.78,22.15797117765931,LightGBM
2017-03-17,16,26.48,23.718789983519994,LightGBM
2017-03-17,17,30.96,29.477647337588795,LightGBM
2017-03-17,18,38.1,32.47690774245935,LightGBM
2017-03-17,19,40.45,36.74019424805791,LightGBM
2017-03-17,20,32.99,31.49555432226579,LightGBM
2017-03-17,21,27.91,27.461635402300203,LightGBM
2017-03-17,22,24.5,24.600100064037097,LightGBM
2017-03-17,23,14.96,17.18777386353314,LightGBM
2017-03-18,0,11.73,14.951559522455348,LightGBM
2017-03-18,1,9.42,9.56211207262672,LightGBM
2017-03-18,2,9.39,6.880737697663565,LightGBM
2017-03-18,3,8.46,6.815152309202405,LightGBM
2017-03-18,4,8.3,8.896585470599126,LightGBM
2017-03-18,5,9.37,13.08699086200641,LightGBM
2017-03-18,6,10.35,16.7558817353733,LightGBM
2017-03-18,7,11.25,24.978922748316094,LightGBM
2017-03-18,8,16.93,26.58603238433738,LightGBM
2017-03-18,9,28.18,28.089195614925927,LightGBM
2017-03-18,10,25.6,25.885915609739882,LightGBM
2017-03-18,11,26.83,23.90212573597697,LightGBM
2017-03-18,12,25.69,21.971526981686672,LightGBM
2017-03-18,13,17.01,22.170923089497798,LightGBM
2017-03-18,14,9.75,21.730392252276516,LightGBM
2017-03-18,15,14.36,22.88980826865979,LightGBM
2017-03-18,16,9.99,24.86997406763522,LightGBM
2017-03-18,17,27.44,31.376063801513354,LightGBM
2017-03-18,18,32.31,37.30266558737599,LightGBM
2017-03-18,19,37.94,40.60675685747841,LightGBM
2017-03-18,20,31.27,36.49657662793014,LightGBM
2017-03-18,21,30.74,32.52445621287236,LightGBM
2017-03-18,22,30.75,31.032643515685518,LightGBM
2017-03-18,23,29.06,26.26995687063047,LightGBM
2017-03-19,0,16.62,26.15358128021579,LightGBM
2017-03-19,1,15.79,21.452524199091854,LightGBM
2017-03-19,2,16.12,21.910487658226312,LightGBM
2017-03-19,3,12.67,20.478775430057144,LightGBM
2017-03-19,4,13.43,20.821792185295052,LightGBM
2017-03-19,5,12.47,18.71745041746486,LightGBM
2017-03-19,6,11.62,18.2242531969672,LightGBM
2017-03-19,7,9.64,19.457139779227685,LightGBM
2017-03-19,8,13.73,19.05946106665441,LightGBM
2017-03-19,9,18.44,19.59690717968794,LightGBM
2017-03-19,10,21.06,20.18864854152309,LightGBM
2017-03-19,11,17.63,19.76902597716527,LightGBM
2017-03-19,12,18.05,15.856343586509432,LightGBM
2017-03-19,13,11.35,14.046212456614795,LightGBM
2017-03-19,14,10.12,10.045155917586474,LightGBM
2017-03-19,15,9.44,9.6431608160123,LightGBM
2017-03-19,16,9.42,11.2857268139075,LightGBM
2017-03-19,17,10.15,15.898412243098065,LightGBM
2017-03-19,18,17.09,20.54516866342761,LightGBM
2017-03-19,19,16.72,22.289275491483817,LightGBM
2017-03-19,20,11.96,19.426201596230104,LightGBM
2017-03-19,21,9.47,15.075942958386719,LightGBM
2017-03-19,22,12.51,14.148408069820487,LightGBM
2017-03-19,23,10.12,6.978893416131247,LightGBM
2017-03-20,0,10.59,5.487824900699086,LightGBM
2017-03-20,1,13.87,3.3946465527001113,LightGBM
2017-03-20,2,10.07,3.347358183376286,LightGBM
2017-03-20,3,16.36,5.795422983861348,LightGBM
2017-03-20,4,22.06,8.140377667295231,LightGBM
2017-03-20,5,26.08,12.702173104557756,LightGBM
2017-03-20,6,36.3,25.2272682364882,LightGBM
2017-03-20,7,40.98,36.58992114812654,LightGBM
2017-03-20,8,42.31,37.09119313577286,LightGBM
2017-03-20,9,39.34,30.464662955898497,LightGBM
2017-03-20,10,38.96,28.76971083698951,LightGBM
2017-03-20,11,36.94,27.214063249509394,LightGBM
2017-03-20,12,35.0,24.853589134465167,LightGBM
2017-03-20,13,32.74,23.830506826633155,LightGBM
2017-03-20,14,31.16,23.11042035375467,LightGBM
2017-03-20,15,30.82,22.341350134245275,LightGBM
2017-03-20,16,30.56,23.59943030287248,LightGBM
2017-03-20,17,32.0,28.134958756381415,LightGBM
2017-03-20,18,38.38,30.476159038542733,LightGBM
2017-03-20,19,36.94,28.02841731346908,LightGBM
2017-03-20,20,32.42,28.97805954055709,LightGBM
2017-03-20,21,27.6,19.846218437813594,LightGBM
2017-03-20,22,25.2,15.270356365877996,LightGBM
2017-03-20,23,10.75,10.147158987401044,LightGBM
2017-03-21,0,18.76,11.008972024558444,LightGBM
2017-03-21,1,17.48,10.034196513777815,LightGBM
2017-03-21,2,15.92,8.593110103198416,LightGBM
2017-03-21,3,18.02,9.442925733095707,LightGBM
2017-03-21,4,22.6,12.876342955204361,LightGBM
2017-03-21,5,23.99,15.739247645310208,LightGBM
2017-03-21,6,31.01,26.124454638338584,LightGBM
2017-03-21,7,35.96,32.77578738685059,LightGBM
2017-03-21,8,35.31,33.815555475745704,LightGBM
2017-03-21,9,30.84,26.771213896641424,LightGBM
2017-03-21,10,29.97,25.16604337959636,LightGBM
2017-03-21,11,29.69,24.24469991168931,LightGBM
2017-03-21,12,29.08,23.68904763488759,LightGBM
2017-03-21,13,28.86,23.61975334050319,LightGBM
2017-03-21,14,28.94,25.244482063982545,LightGBM
2017-03-21,15,29.37,26.365892602901656,LightGBM
2017-03-21,16,30.1,28.55378733250522,LightGBM
2017-03-21,17,36.65,33.65534335452728,LightGBM
2017-03-21,18,42.98,39.485563078729484,LightGBM
2017-03-21,19,47.25,39.78769338237475,LightGBM
2017-03-21,20,41.77,38.71486497353516,LightGBM
2017-03-21,21,37.75,34.10497138836312,LightGBM
2017-03-21,22,34.99,31.97565066361742,LightGBM
2017-03-21,23,33.96,25.90528793847449,LightGBM
2017-03-22,0,30.45,30.865272922035125,LightGBM
2017-03-22,1,29.98,28.480129924172946,LightGBM
2017-03-22,2,29.2,27.149950186749674,LightGBM
2017-03-22,3,29.05,27.76500030782655,LightGBM
2017-03-22,4,29.05,27.361364746558326,LightGBM
2017-03-22,5,30.41,29.78483315259131,LightGBM
2017-03-22,6,35.19,36.83846016367973,LightGBM
2017-03-22,7,40.19,45.99904118855645,LightGBM
2017-03-22,8,43.02,44.239151114033334,LightGBM
2017-03-22,9,41.74,41.09708666170614,LightGBM
2017-03-22,10,37.54,37.90603243763912,LightGBM
2017-03-22,11,36.69,37.870739764532395,LightGBM
2017-03-22,12,36.25,35.15218545301268,LightGBM
2017-03-22,13,35.95,35.38655881273616,LightGBM
2017-03-22,14,35.02,33.532215949541055,LightGBM
2017-03-22,15,36.35,37.49423324939841,LightGBM
2017-03-22,16,36.9,37.30831051967181,LightGBM
2017-03-22,17,39.6,40.15503612725233,LightGBM
2017-03-22,18,42.4,46.109763404791224,LightGBM
2017-03-22,19,45.0,48.12747079079248,LightGBM
2017-03-22,20,38.98,41.6599263192562,LightGBM
2017-03-22,21,32.18,36.566408995113946,LightGBM
2017-03-22,22,31.65,35.19798921013959,LightGBM
2017-03-22,23,29.17,28.71106406372569,LightGBM
2017-03-23,0,29.45,27.941326206944872,LightGBM
2017-03-23,1,29.1,26.563597604938952,LightGBM
2017-03-23,2,28.91,27.167105253350158,LightGBM
2017-03-23,3,28.65,26.505440781808964,LightGBM
2017-03-23,4,28.53,27.22729887041413,LightGBM
2017-03-23,5,30.72,28.13265139616467,LightGBM
2017-03-23,6,32.38,33.32614464969506,LightGBM
2017-03-23,7,39.61,42.19351744454334,LightGBM
2017-03-23,8,40.5,41.981946290237794,LightGBM
2017-03-23,9,38.91,39.115691931839315,LightGBM
2017-03-23,10,37.1,34.80172545549614,LightGBM
2017-03-23,11,36.44,33.567096385470066,LightGBM
2017-03-23,12,31.54,31.488853573156035,LightGBM
2017-03-23,13,32.03,31.452568950521954,LightGBM
2017-03-23,14,32.05,32.134994999930186,LightGBM
2017-03-23,15,32.72,32.449411225156005,LightGBM
2017-03-23,16,33.24,32.4757840572383,LightGBM
2017-03-23,17,37.92,38.137919214017124,LightGBM
2017-03-23,18,40.0,44.52213548400983,LightGBM
2017-03-23,19,42.77,50.1471019267895,LightGBM
2017-03-23,20,38.9,41.93319872331182,LightGBM
2017-03-23,21,34.97,36.290092621950215,LightGBM
2017-03-23,22,32.89,33.05315161214974,LightGBM
2017-03-23,23,30.63,30.27801969091106,LightGBM
2017-03-24,0,29.04,29.327886549861052,LightGBM
2017-03-24,1,28.99,28.712457785883817,LightGBM
2017-03-24,2,29.21,27.398553657636675,LightGBM
2017-03-24,3,28.87,28.029671584779564,LightGBM
2017-03-24,4,29.0,28.978521605095843,LightGBM
2017-03-24,5,30.14,29.72836802420999,LightGBM
2017-03-24,6,37.91,34.51687847736606,LightGBM
2017-03-24,7,41.69,42.302259771837534,LightGBM
2017-03-24,8,43.79,42.10191461268335,LightGBM
2017-03-24,9,41.09,37.385070625604286,LightGBM
2017-03-24,10,35.71,34.25996426393404,LightGBM
2017-03-24,11,33.07,33.322436201963676,LightGBM
2017-03-24,12,32.09,30.511268024217163,LightGBM
2017-03-24,13,30.29,30.521066543299533,LightGBM
2017-03-24,14,29.9,29.83847356265634,LightGBM
2017-03-24,15,30.07,30.925731467410895,LightGBM
2017-03-24,16,31.2,32.52954911340958,LightGBM
2017-03-24,17,36.63,36.9255499661288,LightGBM
2017-03-24,18,40.59,42.20342536147444,LightGBM
2017-03-24,19,42.96,46.60240181058648,LightGBM
2017-03-24,20,38.92,41.0466543715333,LightGBM
2017-03-24,21,34.85,36.15595883878874,LightGBM
2017-03-24,22,34.37,35.865090374378205,LightGBM
2017-03-24,23,32.48,32.45869855762285,LightGBM
2017-03-25,0,32.64,29.11772141044303,LightGBM
2017-03-25,1,29.14,27.982080200816135,LightGBM
2017-03-25,2,28.32,26.084339379702474,LightGBM
2017-03-25,3,27.13,26.228348550202583,LightGBM
2017-03-25,4,27.02,26.159675577872534,LightGBM
2017-03-25,5,27.56,25.080457328980405,LightGBM
2017-03-25,6,28.55,25.674717175183073,LightGBM
2017-03-25,7,29.92,25.571929923457592,LightGBM
2017-03-25,8,30.21,26.971883628522672,LightGBM
2017-03-25,9,29.0,26.243777876637978,LightGBM
2017-03-25,10,28.19,25.42896457421169,LightGBM
2017-03-25,11,25.39,23.105316288496393,LightGBM
2017-03-25,12,22.91,21.026062375849392,LightGBM
2017-03-25,13,21.09,18.30498763194085,LightGBM
2017-03-25,14,15.97,18.488903766902386,LightGBM
2017-03-25,15,20.07,20.60883991566002,LightGBM
2017-03-25,16,23.47,22.751938647490363,LightGBM
2017-03-25,17,28.04,28.744122715119136,LightGBM
2017-03-25,18,33.85,35.58825782425867,LightGBM
2017-03-25,19,39.17,39.633860320808054,LightGBM
2017-03-25,20,37.6,35.69310607397747,LightGBM
2017-03-25,21,33.31,31.501839055047096,LightGBM
2017-03-25,22,32.94,32.14112876062471,LightGBM
2017-03-25,23,29.0,30.489987200210532,LightGBM
2017-03-26,0,28.74,27.12475062750213,LightGBM
2017-03-26,1,27.94,25.148078188538435,LightGBM
2017-03-26,2,27.46,24.180874576397386,LightGBM
2017-03-26,3,26.97,23.610965831646784,LightGBM
2017-03-26,4,26.62,24.502341651214,LightGBM
2017-03-26,5,24.65,23.25982311958975,LightGBM
2017-03-26,6,26.87,21.9373929017972,LightGBM
2017-03-26,7,27.67,22.407294806957367,LightGBM
2017-03-26,8,28.24,23.996177144686797,LightGBM
2017-03-26,9,28.58,25.027158768437204,LightGBM
2017-03-26,10,26.06,23.82863298792166,LightGBM
2017-03-26,11,24.93,22.72913464192571,LightGBM
2017-03-26,12,25.82,21.193093937246502,LightGBM
2017-03-26,13,22.06,17.85226655449761,LightGBM
2017-03-26,14,18.46,15.480098481080027,LightGBM
2017-03-26,15,16.97,15.921200449977876,LightGBM
2017-03-26,16,17.65,18.38774334847059,LightGBM
2017-03-26,17,22.22,25.013084068552395,LightGBM
2017-03-26,18,30.31,31.017603028961133,LightGBM
2017-03-26,19,35.82,37.67501299874773,LightGBM
2017-03-26,20,40.07,38.20707037385884,LightGBM
2017-03-26,21,39.64,36.38790863015994,LightGBM
2017-03-26,22,38.79,36.07520909331418,LightGBM
2017-03-26,23,38.06,30.69081678267417,LightGBM
2017-03-27,0,28.25,31.887777587494437,LightGBM
2017-03-27,1,28.27,29.382455982808505,LightGBM
2017-03-27,2,28.3,28.430076273707652,LightGBM
2017-03-27,3,26.88,28.380662223403334,LightGBM
2017-03-27,4,27.06,28.867796832445077,LightGBM
2017-03-27,5,30.1,30.444892185553307,LightGBM
2017-03-27,6,39.31,43.359923363679826,LightGBM
2017-03-27,7,48.0,49.47182397246138,LightGBM
2017-03-27,8,48.16,49.655740323491514,LightGBM
2017-03-27,9,40.91,43.89743303896522,LightGBM
2017-03-27,10,36.56,37.81667802467392,LightGBM
2017-03-27,11,33.24,33.74110733315008,LightGBM
2017-03-27,12,30.48,30.628256054737832,LightGBM
2017-03-27,13,29.67,30.169753670488042,LightGBM
2017-03-27,14,29.11,29.30551708336446,LightGBM
2017-03-27,15,28.92,32.68214252659463,LightGBM
2017-03-27,16,29.9,34.435409541825074,LightGBM
2017-03-27,17,32.35,40.438540643795996,LightGBM
2017-03-27,18,40.0,46.72876990563489,LightGBM
2017-03-27,19,46.99,50.39566954143926,LightGBM
2017-03-27,20,46.27,48.49068021924289,LightGBM
2017-03-27,21,39.98,44.01575429511315,LightGBM
2017-03-27,22,37.94,39.936544454013834,LightGBM
2017-03-27,23,32.4,33.142813457865074,LightGBM
2017-03-28,0,28.71,30.3480157778667,LightGBM
2017-03-28,1,28.07,29.111302623428077,LightGBM
2017-03-28,2,27.43,29.130012852685073,LightGBM
2017-03-28,3,27.24,28.489341400267886,LightGBM
2017-03-28,4,27.72,29.629016581581748,LightGBM
2017-03-28,5,29.06,31.68695001373704,LightGBM
2017-03-28,6,38.91,40.03453242303234,LightGBM
2017-03-28,7,46.13,49.182947628518235,LightGBM
2017-03-28,8,50.0,49.894465040138776,LightGBM
2017-03-28,9,43.03,41.81135222102737,LightGBM
2017-03-28,10,39.94,38.28343310145796,LightGBM
2017-03-28,11,37.4,34.61691001588235,LightGBM
2017-03-28,12,32.29,29.870318189301887,LightGBM
2017-03-28,13,30.71,30.542544771901138,LightGBM
2017-03-28,14,29.98,28.308209087686986,LightGBM
2017-03-28,15,30.0,29.83621773167552,LightGBM
2017-03-28,16,30.05,32.117889244622944,LightGBM
2017-03-28,17,32.16,35.269719522621926,LightGBM
2017-03-28,18,37.46,41.79394122612884,LightGBM
2017-03-28,19,41.41,45.64424079477911,LightGBM
2017-03-28,20,41.01,45.5589543598763,LightGBM
2017-03-28,21,36.4,38.33597134392013,LightGBM
2017-03-28,22,33.56,35.46729105462343,LightGBM
2017-03-28,23,28.9,29.334964353494986,LightGBM
2017-03-29,0,28.06,26.889678736476913,LightGBM
2017-03-29,1,26.71,24.786378774875267,LightGBM
2017-03-29,2,26.68,21.262588575854156,LightGBM
2017-03-29,3,26.07,20.437197832147024,LightGBM
2017-03-29,4,26.09,18.783795365296005,LightGBM
2017-03-29,5,26.95,22.152086094088602,LightGBM
2017-03-29,6,34.16,32.18249984453815,LightGBM
2017-03-29,7,39.56,36.73952362414026,LightGBM
2017-03-29,8,39.78,37.74831745824965,LightGBM
2017-03-29,9,30.88,30.5341338901719,LightGBM
2017-03-29,10,27.66,28.38500358590926,LightGBM
2017-03-29,11,26.55,24.95977931897125,LightGBM
2017-03-29,12,27.25,25.03614633244685,LightGBM
2017-03-29,13,26.05,22.00882833953534,LightGBM
2017-03-29,14,26.09,21.94168971296486,LightGBM
2017-03-29,15,28.05,23.885593470964732,LightGBM
2017-03-29,16,30.65,24.29653065282081,LightGBM
2017-03-29,17,31.23,30.91197548604814,LightGBM
2017-03-29,18,35.19,39.791171657265856,LightGBM
2017-03-29,19,40.47,45.47536466406058,LightGBM
2017-03-29,20,41.81,42.45362755919814,LightGBM
2017-03-29,21,37.66,39.1402669298077,LightGBM
2017-03-29,22,35.07,36.76075112620394,LightGBM
2017-03-29,23,30.72,31.65021964337451,LightGBM
2017-03-30,0,28.73,30.109903919551886,LightGBM
2017-03-30,1,28.02,29.70071026318676,LightGBM
2017-03-30,2,27.3,29.421930370558236,LightGBM
2017-03-30,3,26.38,28.278487675631258,LightGBM
2017-03-30,4,26.78,28.824738234446567,LightGBM
2017-03-30,5,28.53,30.787794808300518,LightGBM
2017-03-30,6,36.0,39.1575660710922,LightGBM
2017-03-30,7,43.06,45.54945505933096,LightGBM
2017-03-30,8,46.01,47.61046763266375,LightGBM
2017-03-30,9,42.86,44.619519372582054,LightGBM
2017-03-30,10,39.93,41.023496666729116,LightGBM
2017-03-30,11,38.42,39.3416945793228,LightGBM
2017-03-30,12,33.01,36.68574388420094,LightGBM
2017-03-30,13,30.98,33.55367397568774,LightGBM
2017-03-30,14,29.58,32.89540442423651,LightGBM
2017-03-30,15,29.07,31.361431975796,LightGBM
2017-03-30,16,28.93,33.69455745640625,LightGBM
2017-03-30,17,30.43,35.37147912672473,LightGBM
2017-03-30,18,35.93,38.001155711148236,LightGBM
2017-03-30,19,40.46,41.89192098728581,LightGBM
2017-03-30,20,40.07,38.44721357942134,LightGBM
2017-03-30,21,35.0,34.342122146097736,LightGBM
2017-03-30,22,32.47,31.926802665517148,LightGBM
2017-03-30,23,28.94,27.413705269836537,LightGBM
2017-03-31,0,26.91,27.128953311247212,LightGBM
2017-03-31,1,24.77,25.803149108137248,LightGBM
2017-03-31,2,24.45,23.83790320102724,LightGBM
2017-03-31,3,23.05,23.63476496225908,LightGBM
2017-03-31,4,23.45,24.14419860798162,LightGBM
2017-03-31,5,27.24,26.34786660152664,LightGBM
2017-03-31,6,33.09,33.33843120196839,LightGBM
2017-03-31,7,37.95,39.49457901378068,LightGBM
2017-03-31,8,38.99,39.42785870927695,LightGBM
2017-03-31,9,37.97,32.58361794616617,LightGBM
2017-03-31,10,35.93,28.940271240781495,LightGBM
2017-03-31,11,33.32,27.405568485927112,LightGBM
2017-03-31,12,30.02,25.722925258858282,LightGBM
2017-03-31,13,28.09,24.30453567822707,LightGBM
2017-03-31,14,27.63,24.125380153701308,LightGBM
2017-03-31,15,28.29,25.589095472130555,LightGBM
2017-03-31,16,28.36,26.426857298780458,LightGBM
2017-03-31,17,30.43,29.797339980273016,LightGBM
2017-03-31,18,34.67,35.90434281176614,LightGBM
2017-03-31,19,38.98,41.483897563794315,LightGBM
2017-03-31,20,39.96,40.78852889976545,LightGBM
2017-03-31,21,37.91,35.87287629002268,LightGBM
2017-03-31,22,35.95,35.04579248983605,LightGBM
2017-03-31,23,32.02,29.77513281561449,LightGBM
2017-04-01,0,27.08,29.41075431007337,LightGBM
2017-04-01,1,28.07,28.20868023210401,LightGBM
2017-04-01,2,28.08,28.038887894682496,LightGBM
2017-04-01,3,26.9,27.789404997961892,LightGBM
2017-04-01,4,27.0,27.245092104135235,LightGBM
2017-04-01,5,27.98,28.708686747669887,LightGBM
2017-04-01,6,29.87,28.598328472868907,LightGBM
2017-04-01,7,32.09,29.91834626050715,LightGBM
2017-04-01,8,34.42,33.25015255213004,LightGBM
2017-04-01,9,35.1,34.08552311285518,LightGBM
2017-04-01,10,28.9,32.12080867872537,LightGBM
2017-04-01,11,27.09,29.494374531149568,LightGBM
2017-04-01,12,25.99,27.583856070194066,LightGBM
2017-04-01,13,26.07,26.309943703274765,LightGBM
2017-04-01,14,25.29,25.883566465331928,LightGBM
2017-04-01,15,24.81,24.947867011220193,LightGBM
2017-04-01,16,25.65,26.12415101718703,LightGBM
2017-04-01,17,27.99,30.54757711147264,LightGBM
2017-04-01,18,33.66,35.40121299052885,LightGBM
2017-04-01,19,38.7,39.68524727872338,LightGBM
2017-04-01,20,39.6,40.95559116632057,LightGBM
2017-04-01,21,38.98,38.16391282824095,LightGBM
2017-04-01,22,37.96,36.5768738451731,LightGBM
2017-04-01,23,31.86,31.822307860788847,LightGBM
2017-04-02,0,32.92,28.411865796657455,LightGBM
2017-04-02,1,27.5,25.893509391874634,LightGBM
2017-04-02,2,26.77,25.07745966782511,LightGBM
2017-04-02,3,26.67,23.97980692130976,LightGBM
2017-04-02,4,26.49,23.943962508016046,LightGBM
2017-04-02,5,26.42,23.64658600529497,LightGBM
2017-04-02,6,26.65,23.568123218257206,LightGBM
2017-04-02,7,27.14,23.14151815695413,LightGBM
2017-04-02,8,29.06,26.159668389733444,LightGBM
2017-04-02,9,29.56,24.572715208786992,LightGBM
2017-04-02,10,28.54,22.850758865154294,LightGBM
2017-04-02,11,28.2,21.839120144252874,LightGBM
2017-04-02,12,27.22,20.281122464963296,LightGBM
2017-04-02,13,26.02,17.75035665001135,LightGBM
2017-04-02,14,21.05,16.141373817635458,LightGBM
2017-04-02,15,20.57,13.261191681916273,LightGBM
2017-04-02,16,23.31,15.26612783194282,LightGBM
2017-04-02,17,26.0,21.91891205995657,LightGBM
2017-04-02,18,29.6,27.948777813947544,LightGBM
2017-04-02,19,39.1,32.58878916866151,LightGBM
2017-04-02,20,42.22,34.70830895115956,LightGBM
2017-04-02,21,39.92,32.70824616701926,LightGBM
2017-04-02,22,40.51,33.6072224257849,LightGBM
2017-04-02,23,37.78,29.621766151824026,LightGBM
2017-04-03,0,34.38,30.867393144618884,LightGBM
2017-04-03,1,31.95,28.05823656608602,LightGBM
2017-04-03,2,29.88,28.479458866821588,LightGBM
2017-04-03,3,28.75,27.329065691170513,LightGBM
2017-04-03,4,28.44,27.861845168895325,LightGBM
2017-04-03,5,31.64,29.533777781229166,LightGBM
2017-04-03,6,41.77,43.063767241947104,LightGBM
2017-04-03,7,49.28,48.56496713716737,LightGBM
2017-04-03,8,54.02,52.16223520795414,LightGBM
2017-04-03,9,50.0,47.62337555048195,LightGBM
2017-04-03,10,48.43,46.79579013179638,LightGBM
2017-04-03,11,44.95,46.494624453001066,LightGBM
2017-04-03,12,38.93,44.28095074708039,LightGBM
2017-04-03,13,36.68,41.78745737450658,LightGBM
2017-04-03,14,32.94,40.82346367098456,LightGBM
2017-04-03,15,30.91,38.40798491867734,LightGBM
2017-04-03,16,31.72,37.08932760652847,LightGBM
2017-04-03,17,32.19,40.87675905143525,LightGBM
2017-04-03,18,37.46,45.379055056285516,LightGBM
2017-04-03,19,41.78,49.981511090419495,LightGBM
2017-04-03,20,43.59,47.13018447062686,LightGBM
2017-04-03,21,38.97,42.17557305874388,LightGBM
2017-04-03,22,35.18,40.51591815076831,LightGBM
2017-04-03,23,31.08,33.43808232547468,LightGBM
2017-04-04,0,31.57,29.85836019247572,LightGBM
2017-04-04,1,30.13,28.821981745356215,LightGBM
2017-04-04,2,29.29,28.19140485686456,LightGBM
2017-04-04,3,29.47,27.658449162329298,LightGBM
2017-04-04,4,29.8,29.018065562461175,LightGBM
2017-04-04,5,31.83,30.610821967415017,LightGBM
2017-04-04,6,41.17,38.33156429628725,LightGBM
2017-04-04,7,51.01,47.59844712641704,LightGBM
2017-04-04,8,52.39,50.51333534702276,LightGBM
2017-04-04,9,50.94,43.687409213743756,LightGBM
2017-04-04,10,43.3,40.403501193052975,LightGBM
2017-04-04,11,42.33,38.08216766234918,LightGBM
2017-04-04,12,39.16,34.65490109609407,LightGBM
2017-04-04,13,37.72,33.506967414523594,LightGBM
2017-04-04,14,34.6,34.9545949050876,LightGBM
2017-04-04,15,34.45,34.02289818845836,LightGBM
2017-04-04,16,34.45,33.896283285740466,LightGBM
2017-04-04,17,37.49,36.584268482485875,LightGBM
2017-04-04,18,41.59,39.78415447814227,LightGBM
2017-04-04,19,45.26,47.17962454667307,LightGBM
2017-04-04,20,47.57,46.03901830479878,LightGBM
2017-04-04,21,40.07,41.48862828405494,LightGBM
2017-04-04,22,38.91,38.44957754033698,LightGBM
2017-04-04,23,33.04,32.32131959480794,LightGBM
2017-04-05,0,30.0,30.277200076996913,LightGBM
2017-04-05,1,29.64,28.58030992425934,LightGBM
2017-04-05,2,28.39,27.5481025793042,LightGBM
2017-04-05,3,27.94,27.65029818100228,LightGBM
2017-04-05,4,27.49,28.43589177845023,LightGBM
2017-04-05,5,29.65,30.065207304291775,LightGBM
2017-04-05,6,37.1,37.41054483643539,LightGBM
2017-04-05,7,44.2,47.11786310056647,LightGBM
2017-04-05,8,48.1,48.45764612217258,LightGBM
2017-04-05,9,44.03,39.6667521877696,LightGBM
2017-04-05,10,39.02,36.63286148672945,LightGBM
2017-04-05,11,36.98,35.350605595066995,LightGBM
2017-04-05,12,34.03,28.938697067134246,LightGBM
2017-04-05,13,32.89,28.49777540790176,LightGBM
2017-04-05,14,30.06,27.70035868319931,LightGBM
2017-04-05,15,29.53,24.099789975545725,LightGBM
2017-04-05,16,30.01,24.570941746558947,LightGBM
2017-04-05,17,30.06,25.357167327337184,LightGBM
2017-04-05,18,29.9,30.083988565749085,LightGBM
2017-04-05,19,32.69,33.60195696051577,LightGBM
2017-04-05,20,35.0,31.048231576231363,LightGBM
2017-04-05,21,29.93,26.46505644670919,LightGBM
2017-04-05,22,27.87,25.05139064850771,LightGBM
2017-04-05,23,20.0,15.624302989587042,LightGBM
2017-04-06,0,12.48,16.079922317731352,LightGBM
2017-04-06,1,9.87,15.042059518425187,LightGBM
2017-04-06,2,9.04,12.507200333144729,LightGBM
2017-04-06,3,14.9,12.51612711994049,LightGBM
2017-04-06,4,22.0,16.179966582004663,LightGBM
2017-04-06,5,24.55,20.598906574660123,LightGBM
2017-04-06,6,35.96,30.820977597714954,LightGBM
2017-04-06,7,40.97,39.67227953377744,LightGBM
2017-04-06,8,40.81,41.57942928557582,LightGBM
2017-04-06,9,38.26,37.509120092004544,LightGBM
2017-04-06,10,37.59,32.84841896304256,LightGBM
2017-04-06,11,35.46,30.899225310691303,LightGBM
2017-04-06,12,31.07,28.96621923509417,LightGBM
2017-04-06,13,30.08,26.07149408363627,LightGBM
2017-04-06,14,28.33,26.518599339271955,LightGBM
2017-04-06,15,28.19,26.770250446340334,LightGBM
2017-04-06,16,28.08,27.074488641193934,LightGBM
2017-04-06,17,32.12,29.024008072025023,LightGBM
2017-04-06,18,38.05,34.28250101474028,LightGBM
2017-04-06,19,40.98,39.051842101060714,LightGBM
2017-04-06,20,40.87,36.17459658062002,LightGBM
2017-04-06,21,38.04,33.79396911645082,LightGBM
2017-04-06,22,34.27,29.712508535596147,LightGBM
2017-04-06,23,27.79,25.068080080149013,LightGBM
2017-04-07,0,24.99,24.132376422692683,LightGBM
2017-04-07,1,23.02,21.636948151600656,LightGBM
2017-04-07,2,18.31,20.35598392765232,LightGBM
2017-04-07,3,19.17,19.955649444417368,LightGBM
2017-04-07,4,20.87,22.471763782794728,LightGBM
2017-04-07,5,27.07,25.820996700442546,LightGBM
2017-04-07,6,32.05,31.280029027070853,LightGBM
2017-04-07,7,39.97,37.47448358160918,LightGBM
2017-04-07,8,41.57,38.976030536422265,LightGBM
2017-04-07,9,40.94,36.28741062512154,LightGBM
2017-04-07,10,39.98,32.35808717717881,LightGBM
2017-04-07,11,40.02,31.771072239770355,LightGBM
2017-04-07,12,38.14,29.335661715252076,LightGBM
2017-04-07,13,35.29,28.364753970145838,LightGBM
2017-04-07,14,32.67,27.368981018952013,LightGBM
2017-04-07,15,32.97,27.82808903099201,LightGBM
2017-04-07,16,32.98,27.639120980342923,LightGBM
2017-04-07,17,36.09,30.277753691617246,LightGBM
2017-04-07,18,39.12,35.51031177547823,LightGBM
2017-04-07,19,39.91,41.54299275162909,LightGBM
2017-04-07,20,39.96,40.398481710512236,LightGBM
2017-04-07,21,39.31,38.49759796437203,LightGBM
2017-04-07,22,39.61,35.40565627256949,LightGBM
2017-04-07,23,37.93,30.32676193182292,LightGBM
2017-04-08,0,32.71,31.820816106120812,LightGBM
2017-04-08,1,32.28,29.555708896361963,LightGBM
2017-04-08,2,32.81,28.784179041760325,LightGBM
2017-04-08,3,31.5,27.99909136445564,LightGBM
2017-04-08,4,30.44,28.50721699626419,LightGBM
2017-04-08,5,31.7,28.65684323533549,LightGBM
2017-04-08,6,34.72,28.324615822833355,LightGBM
2017-04-08,7,37.91,30.66535915887482,LightGBM
2017-04-08,8,39.43,34.17620310319663,LightGBM
2017-04-08,9,38.99,35.16702216089737,LightGBM
2017-04-08,10,36.5,35.26615923516222,LightGBM
2017-04-08,11,34.94,32.43460948476216,LightGBM
2017-04-08,12,30.66,31.481576921770714,LightGBM
2017-04-08,13,29.5,29.822443483337842,LightGBM
2017-04-08,14,27.81,28.945649776083638,LightGBM
2017-04-08,15,27.53,27.519245312864292,LightGBM
2017-04-08,16,28.28,28.26323581932494,LightGBM
2017-04-08,17,30.02,31.610754030666985,LightGBM
2017-04-08,18,35.85,34.916150144299266,LightGBM
2017-04-08,19,39.3,38.51518218083749,LightGBM
2017-04-08,20,41.88,37.82812375591373,LightGBM
2017-04-08,21,41.58,37.269381244543176,LightGBM
2017-04-08,22,42.07,37.307131386834,LightGBM
2017-04-08,23,39.02,32.66769842309712,LightGBM
2017-04-09,0,33.98,35.318976862441346,LightGBM
2017-04-09,1,31.06,31.053038893504866,LightGBM
2017-04-09,2,31.04,29.965656181636053,LightGBM
2017-04-09,3,27.54,28.640416065350774,LightGBM
2017-04-09,4,28.46,28.04303937342954,LightGBM
2017-04-09,5,27.79,28.699617263197158,LightGBM
2017-04-09,6,28.48,28.72227495367867,LightGBM
2017-04-09,7,30.52,28.44274750011938,LightGBM
2017-04-09,8,30.63,29.667280425663186,LightGBM
2017-04-09,9,29.44,29.10096683628802,LightGBM
2017-04-09,10,27.78,24.3817243462608,LightGBM
2017-04-09,11,26.4,25.100680275967985,LightGBM
2017-04-09,12,24.04,22.352532879190065,LightGBM
2017-04-09,13,20.79,18.744634276279328,LightGBM
2017-04-09,14,12.98,17.389512608080597,LightGBM
2017-04-09,15,15.0,18.253676500069123,LightGBM
2017-04-09,16,20.07,21.044325211478288,LightGBM
2017-04-09,17,24.44,26.177469090868414,LightGBM
2017-04-09,18,32.4,31.379418287271108,LightGBM
2017-04-09,19,38.24,34.67093390541332,LightGBM
2017-04-09,20,39.53,38.49149069740324,LightGBM
2017-04-09,21,37.57,34.86179817299013,LightGBM
2017-04-09,22,35.2,33.76322036128084,LightGBM
2017-04-09,23,24.08,28.991331428760763,LightGBM
2017-04-10,0,26.03,23.879701492698878,LightGBM
2017-04-10,1,23.02,19.063515341180395,LightGBM
2017-04-10,2,20.36,19.119034100943765,LightGBM
2017-04-10,3,12.26,15.41739437345909,LightGBM
2017-04-10,4,19.95,16.013008102361155,LightGBM
2017-04-10,5,26.08,21.21694948042159,LightGBM
2017-04-10,6,38.93,32.44956522774998,LightGBM
2017-04-10,7,38.93,39.30093666116423,LightGBM
2017-04-10,8,38.09,39.107938006661406,LightGBM
2017-04-10,9,35.25,32.08473176386286,LightGBM
2017-04-10,10,30.89,28.446078915707066,LightGBM
2017-04-10,11,27.57,26.242027830944078,LightGBM
2017-04-10,12,24.01,22.047596671657946,LightGBM
2017-04-10,13,17.91,19.74984534136835,LightGBM
2017-04-10,14,9.37,17.72913547512889,LightGBM
2017-04-10,15,17.92,17.652635932633967,LightGBM
2017-04-10,16,21.63,19.128075859039466,LightGBM
2017-04-10,17,26.2,23.122033702100293,LightGBM
2017-04-10,18,32.26,27.410731875951036,LightGBM
2017-04-10,19,38.32,34.53488441047132,LightGBM
2017-04-10,20,38.74,31.81904629090781,LightGBM
2017-04-10,21,37.95,28.77080350555456,LightGBM
2017-04-10,22,31.29,26.93351229675184,LightGBM
2017-04-10,23,24.02,22.552529043055408,LightGBM
2017-04-11,0,24.83,23.63717964830492,LightGBM
2017-04-11,1,23.52,23.664985437729598,LightGBM
2017-04-11,2,23.55,20.44507551835783,LightGBM
2017-04-11,3,23.53,18.826472273495035,LightGBM
2017-04-11,4,25.63,20.621399898493408,LightGBM
2017-04-11,5,28.12,25.40134736807828,LightGBM
2017-04-11,6,37.91,35.33686123715418,LightGBM
2017-04-11,7,41.52,42.33557099917875,LightGBM
2017-04-11,8,43.5,41.30822845515586,LightGBM
2017-04-11,9,40.93,35.512169164264726,LightGBM
2017-04-11,10,37.45,31.638652371582218,LightGBM
2017-04-11,11,34.16,29.866538694399008,LightGBM
2017-04-11,12,31.0,27.57571041295719,LightGBM
2017-04-11,13,29.66,25.253426348403895,LightGBM
2017-04-11,14,29.98,23.870207716845258,LightGBM
2017-04-11,15,31.9,24.08584728224133,LightGBM
2017-04-11,16,31.83,24.969553681379416,LightGBM
2017-04-11,17,35.3,27.886459679820504,LightGBM
2017-04-11,18,37.95,34.82977902785019,LightGBM
2017-04-11,19,43.1,43.43438139958652,LightGBM
2017-04-11,20,43.27,39.615143142446605,LightGBM
2017-04-11,21,38.38,36.49756586900532,LightGBM
2017-04-11,22,37.08,33.079170963820395,LightGBM
2017-04-11,23,30.17,28.494732880703882,LightGBM
2017-04-12,0,25.99,26.76485804837874,LightGBM
2017-04-12,1,24.42,25.884842177047727,LightGBM
2017-04-12,2,23.02,21.763238391240545,LightGBM
2017-04-12,3,20.5,21.722279791234183,LightGBM
2017-04-12,4,23.01,21.42563479244984,LightGBM
2017-04-12,5,23.09,22.7139434165416,LightGBM
2017-04-12,6,31.02,32.30414543792797,LightGBM
2017-04-12,7,36.44,34.69586638794348,LightGBM
2017-04-12,8,37.95,34.7702050900967,LightGBM
2017-04-12,9,34.02,30.610359433049673,LightGBM
2017-04-12,10,29.29,30.030714705933573,LightGBM
2017-04-12,11,27.35,28.014432484512547,LightGBM
2017-04-12,12,23.65,24.017982961032512,LightGBM
2017-04-12,13,23.06,24.093886290074174,LightGBM
2017-04-12,14,23.4,19.991548359675846,LightGBM
2017-04-12,15,23.05,22.29776542985782,LightGBM
2017-04-12,16,26.06,24.249370451022614,LightGBM
2017-04-12,17,27.56,28.013287971850282,LightGBM
2017-04-12,18,31.34,32.388119964874654,LightGBM
2017-04-12,19,33.78,36.916259128305015,LightGBM
2017-04-12,20,34.11,34.373417493389724,LightGBM
2017-04-12,21,31.95,30.210372429922224,LightGBM
2017-04-12,22,27.32,26.535780203941417,LightGBM
2017-04-12,23,23.05,18.742379382601488,LightGBM
2017-04-13,0,18.01,20.79409085051941,LightGBM
2017-04-13,1,16.01,18.49493462832461,LightGBM
2017-04-13,2,17.95,18.22639707078409,LightGBM
2017-04-13,3,19.8,15.851806525381212,LightGBM
2017-04-13,4,20.02,17.68247627213189,LightGBM
2017-04-13,5,26.76,20.849651388629052,LightGBM
2017-04-13,6,31.95,30.043527117087358,LightGBM
2017-04-13,7,35.95,34.74734023546737,LightGBM
2017-04-13,8,35.99,34.481451362280296,LightGBM
2017-04-13,9,33.48,30.658693897539575,LightGBM
2017-04-13,10,31.06,27.62852054331105,LightGBM
2017-04-13,11,28.96,26.765649263758224,LightGBM
2017-04-13,12,27.01,22.142790192218854,LightGBM
2017-04-13,13,24.45,20.130756378550537,LightGBM
2017-04-13,14,24.02,18.337773460223282,LightGBM
2017-04-13,15,26.57,20.413154407559457,LightGBM
2017-04-13,16,27.59,21.27553307155428,LightGBM
2017-04-13,17,30.03,25.015581274876606,LightGBM
2017-04-13,18,35.93,30.691257709713035,LightGBM
2017-04-13,19,40.0,35.20791987686496,LightGBM
2017-04-13,20,42.24,36.1005866811769,LightGBM
2017-04-13,21,38.91,34.67093097028836,LightGBM
2017-04-13,22,36.82,32.19072466644222,LightGBM
2017-04-13,23,32.97,27.34506474792765,LightGBM
2017-04-14,0,30.66,29.361882762898144,LightGBM
2017-04-14,1,26.78,27.024845968604865,LightGBM
2017-04-14,2,26.96,27.02289390021762,LightGBM
2017-04-14,3,26.87,24.854499441246297,LightGBM
2017-04-14,4,26.69,24.294771485823723,LightGBM
2017-04-14,5,26.76,25.287084373704182,LightGBM
2017-04-14,6,26.93,26.46242561500286,LightGBM
2017-04-14,7,27.7,28.900234090093548,LightGBM
2017-04-14,8,28.73,28.31046144509947,LightGBM
2017-04-14,9,28.23,27.506173714258875,LightGBM
2017-04-14,10,27.82,24.885107971091415,LightGBM
2017-04-14,11,27.88,25.17866967319326,LightGBM
2017-04-14,12,25.95,24.616763018437034,LightGBM
2017-04-14,13,27.69,23.068377185500708,LightGBM
2017-04-14,14,27.65,21.662499217327902,LightGBM
2017-04-14,15,27.79,22.178829039442437,LightGBM
2017-04-14,16,28.34,24.80862539913957,LightGBM
2017-04-14,17,30.66,28.125086020662966,LightGBM
2017-04-14,18,36.9,32.01657091637103,LightGBM
2017-04-14,19,38.74,36.54102322024891,LightGBM
2017-04-14,20,38.37,36.869897632809185,LightGBM
2017-04-14,21,38.55,34.93928871680441,LightGBM
2017-04-14,22,37.45,35.90496838307396,LightGBM
2017-04-14,23,36.95,30.479295663614508,LightGBM
2017-04-15,0,33.88,28.1193582883413,LightGBM
2017-04-15,1,30.51,24.501401536835548,LightGBM
2017-04-15,2,28.82,24.26393596869992,LightGBM
2017-04-15,3,25.98,21.640348475166448,LightGBM
2017-04-15,4,20.04,21.392501083805623,LightGBM
2017-04-15,5,19.1,22.514105708641445,LightGBM
2017-04-15,6,17.67,20.29422220838697,LightGBM
2017-04-15,7,17.97,23.665842604789752,LightGBM
2017-04-15,8,20.1,24.972699154728232,LightGBM
2017-04-15,9,19.08,25.461682988407016,LightGBM
2017-04-15,10,13.94,19.90986108378237,LightGBM
2017-04-15,11,9.43,19.34969944585058,LightGBM
2017-04-15,12,13.36,15.68846072170836,LightGBM
2017-04-15,13,7.56,11.542609974562955,LightGBM
2017-04-15,14,0.25,9.798684732583094,LightGBM
2017-04-15,15,-1.08,11.919691654183183,LightGBM
2017-04-15,16,-3.23,13.845165789802689,LightGBM
2017-04-15,17,7.68,19.551540225337195,LightGBM
2017-04-15,18,10.03,24.197633785500717,LightGBM
2017-04-15,19,14.03,26.674588916296763,LightGBM
2017-04-15,20,13.03,25.551946793601058,LightGBM
2017-04-15,21,12.04,23.278938359917426,LightGBM
2017-04-15,22,11.07,21.940562973796585,LightGBM
2017-04-15,23,9.23,17.613517310602965,LightGBM
2017-04-16,0,3.94,5.448056194494791,LightGBM
2017-04-16,1,7.55,2.548936502400936,LightGBM
2017-04-16,2,5.14,2.787262521660837,LightGBM
2017-04-16,3,1.91,3.6799100167489542,LightGBM
2017-04-16,4,7.55,5.418013819834574,LightGBM
2017-04-16,5,14.03,7.976813491734509,LightGBM
2017-04-16,6,9.2,8.234757090014408,LightGBM
2017-04-16,7,14.07,12.66334558604198,LightGBM
2017-04-16,8,15.96,15.960796425508407,LightGBM
2017-04-16,9,19.01,16.961305589164038,LightGBM
2017-04-16,10,19.01,18.545902094078418,LightGBM
2017-04-16,11,28.74,20.80716511997185,LightGBM
2017-04-16,12,24.03,18.743545383918335,LightGBM
2017-04-16,13,15.03,16.66722987554905,LightGBM
2017-04-16,14,16.0,12.996688481118094,LightGBM
2017-04-16,15,15.31,12.036536829828535,LightGBM
2017-04-16,16,15.06,14.823377338450793,LightGBM
2017-04-16,17,23.03,20.05667786787339,LightGBM
2017-04-16,18,31.07,25.815666681237502,LightGBM
2017-04-16,19,31.07,29.330043306644566,LightGBM
2017-04-16,20,33.95,31.445096112394566,LightGBM
2017-04-16,21,32.55,31.902057392574473,LightGBM
2017-04-16,22,31.91,33.02597918597043,LightGBM
2017-04-16,23,30.46,27.040810125715645,LightGBM
2017-04-17,0,28.5,26.619700213565576,LightGBM
2017-04-17,1,24.01,23.826267546759595,LightGBM
2017-04-17,2,22.07,22.559802665141756,LightGBM
2017-04-17,3,21.08,19.82305949023546,LightGBM
2017-04-17,4,22.0,20.272096241151196,LightGBM
2017-04-17,5,27.95,21.431306474248018,LightGBM
2017-04-17,6,28.21,25.78796880690167,LightGBM
2017-04-17,7,27.44,26.416617164132543,LightGBM
2017-04-17,8,29.9,27.52115993636827,LightGBM
2017-04-17,9,30.17,30.729831245335212,LightGBM
2017-04-17,10,29.6,27.885351060763426,LightGBM
2017-04-17,11,29.0,27.959520558492095,LightGBM
2017-04-17,12,25.01,24.481366685970876,LightGBM
2017-04-17,13,19.57,22.419574644600978,LightGBM
2017-04-17,14,15.93,20.117387144557597,LightGBM
2017-04-17,15,9.28,19.42563557509099,LightGBM
2017-04-17,16,9.36,18.380526246660732,LightGBM
2017-04-17,17,17.8,24.69176426112591,LightGBM
2017-04-17,18,25.36,29.011707341679656,LightGBM
2017-04-17,19,32.15,30.49205491010555,LightGBM
2017-04-17,20,33.91,35.94049952851088,LightGBM
2017-04-17,21,33.95,32.793346379329165,LightGBM
2017-04-17,22,33.93,32.47524341482848,LightGBM
2017-04-17,23,30.95,28.230484499345454,LightGBM
2017-04-18,0,29.54,26.700186925902212,LightGBM
2017-04-18,1,28.36,24.197139775881677,LightGBM
2017-04-18,2,27.77,23.751062211549947,LightGBM
2017-04-18,3,27.26,22.93290497009552,LightGBM
2017-04-18,4,26.97,22.695598446536504,LightGBM
2017-04-18,5,30.91,25.584181869858877,LightGBM
2017-04-18,6,39.94,34.37994322418358,LightGBM
2017-04-18,7,43.35,38.692411106199266,LightGBM
2017-04-18,8,45.39,40.16478888911328,LightGBM
2017-04-18,9,41.05,37.00867097648956,LightGBM
2017-04-18,10,39.88,33.68443522141886,LightGBM
2017-04-18,11,37.97,31.676796377618114,LightGBM
2017-04-18,12,35.9,27.922876063511033,LightGBM
2017-04-18,13,33.83,27.20953413238069,LightGBM
2017-04-18,14,31.04,24.93783161445751,LightGBM
2017-04-18,15,30.43,25.211300921153697,LightGBM
2017-04-18,16,30.1,25.43365950240094,LightGBM
2017-04-18,17,30.85,25.77112865257706,LightGBM
2017-04-18,18,33.92,29.80374539022747,LightGBM
2017-04-18,19,37.95,33.92667602286652,LightGBM
2017-04-18,20,38.0,33.9426286617806,LightGBM
2017-04-18,21,37.71,33.20449896649159,LightGBM
2017-04-18,22,34.08,31.203591064663097,LightGBM
2017-04-18,23,31.07,26.588952906561108,LightGBM
2017-04-19,0,30.35,29.4125603853413,LightGBM
2017-04-19,1,30.02,28.360604656331873,LightGBM
2017-04-19,2,29.94,27.498526915701575,LightGBM
2017-04-19,3,30.25,26.162286886615163,LightGBM
2017-04-19,4,30.83,27.866062889851083,LightGBM
2017-04-19,5,31.81,29.21132623716045,LightGBM
2017-04-19,6,38.9,35.13103516629408,LightGBM
2017-04-19,7,46.88,40.393937331325844,LightGBM
2017-04-19,8,48.38,42.313930052881645,LightGBM
2017-04-19,9,43.67,39.05944563203772,LightGBM
2017-04-19,10,38.97,35.38998959254767,LightGBM
2017-04-19,11,37.4,34.690463166936105,LightGBM
2017-04-19,12,37.1,31.84336407918589,LightGBM
2017-04-19,13,36.61,32.66937970081129,LightGBM
2017-04-19,14,34.47,31.564071565042134,LightGBM
2017-04-19,15,33.07,30.746254515038935,LightGBM
2017-04-19,16,33.73,32.079382220992315,LightGBM
2017-04-19,17,36.89,34.3821282410003,LightGBM
2017-04-19,18,38.92,39.05128710818388,LightGBM
2017-04-19,19,41.19,41.93658068069682,LightGBM
2017-04-19,20,44.01,40.90117593782051,LightGBM
2017-04-19,21,43.06,40.1631593599505,LightGBM
2017-04-19,22,38.05,38.86116791058436,LightGBM
2017-04-19,23,34.16,33.513082669624175,LightGBM
2017-04-20,0,32.03,30.88862215683444,LightGBM
2017-04-20,1,32.95,29.80226094862117,LightGBM
2017-04-20,2,31.43,30.13907937232428,LightGBM
2017-04-20,3,31.62,29.91765774983563,LightGBM
2017-04-20,4,31.71,30.187186640178812,LightGBM
2017-04-20,5,33.2,31.526155189044548,LightGBM
2017-04-20,6,42.03,37.74654312519046,LightGBM
2017-04-20,7,48.41,44.93490912661551,LightGBM
2017-04-20,8,52.0,47.84434482585763,LightGBM
2017-04-20,9,43.87,43.19525428634469,LightGBM
2017-04-20,10,38.47,40.57964768948235,LightGBM
2017-04-20,11,36.32,39.76028520300147,LightGBM
2017-04-20,12,33.86,36.248677448572984,LightGBM
2017-04-20,13,32.4,35.11688515570026,LightGBM
2017-04-20,14,31.07,32.428377865427024,LightGBM
2017-04-20,15,31.09,32.216588454985214,LightGBM
2017-04-20,16,33.01,31.980063891169884,LightGBM
2017-04-20,17,36.89,35.67432871031543,LightGBM
2017-04-20,18,39.94,38.435034518165665,LightGBM
2017-04-20,19,45.01,42.16085416435386,LightGBM
2017-04-20,20,46.61,42.580737673489196,LightGBM
2017-04-20,21,44.06,40.09600097176009,LightGBM
2017-04-20,22,35.23,36.663786132601814,LightGBM
2017-04-20,23,29.22,32.411445601760924,LightGBM
2017-04-21,0,29.3,26.955423821119737,LightGBM
2017-04-21,1,25.05,26.263790125831374,LightGBM
2017-04-21,2,26.52,24.743937801814344,LightGBM
2017-04-21,3,25.25,23.603705935189616,LightGBM
2017-04-21,4,24.05,25.285299051685204,LightGBM
2017-04-21,5,28.25,27.04265079575009,LightGBM
2017-04-21,6,40.02,31.99504791219443,LightGBM
2017-04-21,7,42.5,38.53535118580979,LightGBM
2017-04-21,8,42.61,38.60648857332733,LightGBM
2017-04-21,9,38.95,35.999593832873266,LightGBM
2017-04-21,10,34.47,32.55023939854198,LightGBM
2017-04-21,11,31.97,30.24476827259638,LightGBM
2017-04-21,12,28.08,26.468326646078175,LightGBM
2017-04-21,13,21.15,24.038971547425216,LightGBM
2017-04-21,14,20.79,20.022769197601807,LightGBM
2017-04-21,15,19.84,18.799685158462502,LightGBM
2017-04-21,16,24.04,21.597712658287943,LightGBM
2017-04-21,17,27.08,25.980229903626153,LightGBM
2017-04-21,18,29.14,29.82310436625526,LightGBM
2017-04-21,19,31.02,30.994951232956186,LightGBM
2017-04-21,20,30.64,30.672310819848,LightGBM
2017-04-21,21,24.01,27.753672229972583,LightGBM
2017-04-21,22,16.26,22.8971748785134,LightGBM
2017-04-21,23,3.55,14.376315124258811,LightGBM
2017-04-22,0,0.88,5.4720155131583486,LightGBM
2017-04-22,1,8.0,5.064259820763616,LightGBM
2017-04-22,2,8.22,2.411950875790322,LightGBM
2017-04-22,3,8.03,5.843750219672964,LightGBM
2017-04-22,4,9.08,9.091982279473731,LightGBM
2017-04-22,5,9.18,11.780550118163786,LightGBM
2017-04-22,6,9.19,11.262561525643735,LightGBM
2017-04-22,7,10.72,15.75313079280672,LightGBM
2017-04-22,8,13.09,19.76517668061315,LightGBM
2017-04-22,9,13.47,19.863985099531867,LightGBM
2017-04-22,10,9.54,17.949515158197485,LightGBM
2017-04-22,11,9.12,16.159180365340525,LightGBM
2017-04-22,12,9.04,13.21672982725898,LightGBM
2017-04-22,13,8.1,9.966662566769127,LightGBM
2017-04-22,14,5.02,10.222758308617536,LightGBM
2017-04-22,15,7.11,11.251245513302019,LightGBM
2017-04-22,16,9.05,13.287697619122186,LightGBM
2017-04-22,17,10.72,20.096125735427403,LightGBM
2017-04-22,18,20.79,26.108651472478545,LightGBM
2017-04-22,19,23.01,29.33475882169342,LightGBM
2017-04-22,20,24.5,29.111777363567874,LightGBM
2017-04-22,21,24.2,24.245162020895172,LightGBM
2017-04-22,22,24.15,23.92694657844205,LightGBM
2017-04-22,23,20.2,19.37939525940932,LightGBM
2017-04-23,0,9.04,15.525257050582297,LightGBM
2017-04-23,1,8.97,12.379576380050967,LightGBM
2017-04-23,2,8.31,12.656800770412643,LightGBM
2017-04-23,3,8.94,9.67913715414981,LightGBM
2017-04-23,4,10.05,7.979163550707594,LightGBM
2017-04-23,5,9.04,7.882705127682198,LightGBM
2017-04-23,6,9.02,4.3410253742334355,LightGBM
2017-04-23,7,8.04,6.146726886043546,LightGBM
2017-04-23,8,8.89,8.636162395637006,LightGBM
2017-04-23,9,8.86,9.65893933633798,LightGBM
2017-04-23,10,2.96,9.932832030101137,LightGBM
2017-04-23,11,6.54,10.847321719934238,LightGBM
2017-04-23,12,3.72,7.998407800139155,LightGBM
2017-04-23,13,-7.65,5.621237300459527,LightGBM
2017-04-23,14,-15.03,2.1340218115880663,LightGBM
2017-04-23,15,-9.18,4.265021923831915,LightGBM
2017-04-23,16,-0.15,5.2553280000402465,LightGBM
2017-04-23,17,7.6,13.418740080520784,LightGBM
2017-04-23,18,21.08,18.49269568540821,LightGBM
2017-04-23,19,30.63,26.66187007524487,LightGBM
2017-04-23,20,34.54,30.15755728113292,LightGBM
2017-04-23,21,36.65,29.50818880633693,LightGBM
2017-04-23,22,37.1,30.362528674103658,LightGBM
2017-04-23,23,29.95,26.712949947781016,LightGBM
2017-04-24,0,29.19,26.086312940592737,LightGBM
2017-04-24,1,27.65,21.972046376110793,LightGBM
2017-04-24,2,27.42,21.95655356038579,LightGBM
2017-04-24,3,26.48,19.780822678236852,LightGBM
2017-04-24,4,27.46,19.74614062104507,LightGBM
2017-04-24,5,30.26,20.293500171466025,LightGBM
2017-04-24,6,38.83,30.059266699228885,LightGBM
2017-04-24,7,40.89,34.46954926080023,LightGBM
2017-04-24,8,40.86,34.93482947589058,LightGBM
2017-04-24,9,31.8,29.556665631132628,LightGBM
2017-04-24,10,24.06,24.116476994833867,LightGBM
2017-04-24,11,12.82,22.35167809472468,LightGBM
2017-04-24,12,9.07,17.567189287106405,LightGBM
2017-04-24,13,20.01,15.682702846205336,LightGBM
2017-04-24,14,22.44,12.088865061999897,LightGBM
2017-04-24,15,24.9,16.91520128728523,LightGBM
2017-04-24,16,27.71,17.676192789590935,LightGBM
2017-04-24,17,32.19,22.235745419084857,LightGBM
2017-04-24,18,38.35,29.56523550356875,LightGBM
2017-04-24,19,43.3,36.7008369251921,LightGBM
2017-04-24,20,43.59,37.70754192033745,LightGBM
2017-04-24,21,44.51,38.68120300315432,LightGBM
2017-04-24,22,44.38,35.497806973003605,LightGBM
2017-04-24,23,38.55,31.990796606166164,LightGBM
2017-04-25,0,34.01,33.69714873603647,LightGBM
2017-04-25,1,31.07,30.665754809565843,LightGBM
2017-04-25,2,31.2,30.108627314792308,LightGBM
2017-04-25,3,29.98,28.49381309571121,LightGBM
2017-04-25,4,29.97,29.508912929370428,LightGBM
2017-04-25,5,30.5,31.745504374344684,LightGBM
2017-04-25,6,37.03,40.75259028874526,LightGBM
2017-04-25,7,41.17,48.930844869554576,LightGBM
2017-04-25,8,43.0,51.05417707201109,LightGBM
2017-04-25,9,41.94,44.50602121191067,LightGBM
2017-04-25,10,39.81,40.7574455041923,LightGBM
2017-04-25,11,38.1,38.56404242995184,LightGBM
2017-04-25,12,35.09,36.938568760105234,LightGBM
2017-04-25,13,33.91,34.11667442719443,LightGBM
2017-04-25,14,31.72,32.809873183325216,LightGBM
2017-04-25,15,31.59,31.94574268666557,LightGBM
2017-04-25,16,32.46,31.160365447631726,LightGBM
2017-04-25,17,36.55,33.43248778847673,LightGBM
2017-04-25,18,39.93,39.44833720335183,LightGBM
2017-04-25,19,42.95,42.07997584433711,LightGBM
2017-04-25,20,42.94,44.76080226530288,LightGBM
2017-04-25,21,41.98,41.498155643678544,LightGBM
2017-04-25,22,38.42,39.6550016966334,LightGBM
2017-04-25,23,33.4,32.50858816653318,LightGBM
2017-04-26,0,30.54,31.422977544486976,LightGBM
2017-04-26,1,30.99,30.415569495392425,LightGBM
2017-04-26,2,30.95,29.621963694112345,LightGBM
2017-04-26,3,30.54,29.646720640568297,LightGBM
2017-04-26,4,30.44,30.90568987662006,LightGBM
2017-04-26,5,33.1,32.88017409995233,LightGBM
2017-04-26,6,42.3,41.88714372054789,LightGBM
2017-04-26,7,46.95,50.15866955083018,LightGBM
2017-04-26,8,53.47,53.436901577807895,LightGBM
2017-04-26,9,46.98,48.60279754469528,LightGBM
2017-04-26,10,45.61,48.07055095327745,LightGBM
2017-04-26,11,44.75,44.04278259607964,LightGBM
2017-04-26,12,44.01,42.430394995826965,LightGBM
2017-04-26,13,42.0,40.5846077848103,LightGBM
2017-04-26,14,39.11,39.84649140533965,LightGBM
2017-04-26,15,38.64,39.28080072589927,LightGBM
2017-04-26,16,38.61,38.96369583600871,LightGBM
2017-04-26,17,41.92,39.83109309186795,LightGBM
2017-04-26,18,43.86,44.692425687738776,LightGBM
2017-04-26,19,44.09,47.49820124995917,LightGBM
2017-04-26,20,44.34,45.667818110223834,LightGBM
2017-04-26,21,42.93,43.34102645917057,LightGBM
2017-04-26,22,39.1,40.95405519024149,LightGBM
2017-04-26,23,32.58,33.852536474678104,LightGBM
2017-04-27,0,32.19,31.065704184478502,LightGBM
2017-04-27,1,31.46,29.93896906566461,LightGBM
2017-04-27,2,31.06,29.72172725880627,LightGBM
2017-04-27,3,31.04,28.720386159220617,LightGBM
2017-04-27,4,31.52,29.606609797092418,LightGBM
2017-04-27,5,32.48,31.749302422780328,LightGBM
2017-04-27,6,41.19,40.993563864034655,LightGBM
2017-04-27,7,44.97,47.69686708319576,LightGBM
2017-04-27,8,45.93,49.733552776155086,LightGBM
2017-04-27,9,43.67,43.985490983212905,LightGBM
2017-04-27,10,42.92,40.73249974010085,LightGBM
2017-04-27,11,40.95,40.15023862213505,LightGBM
2017-04-27,12,35.83,37.81117031752472,LightGBM
2017-04-27,13,34.99,36.94247174339546,LightGBM
2017-04-27,14,32.01,35.326074770181485,LightGBM
2017-04-27,15,32.9,35.61955135394746,LightGBM
2017-04-27,16,32.89,35.117344620581534,LightGBM
2017-04-27,17,35.05,40.21851749670616,LightGBM
2017-04-27,18,37.96,41.950775464074326,LightGBM
2017-04-27,19,41.97,45.34211824775156,LightGBM
2017-04-27,20,41.91,45.48828666041683,LightGBM
2017-04-27,21,41.08,40.236813686670686,LightGBM
2017-04-27,22,34.87,39.64289262736102,LightGBM
2017-04-27,23,32.0,33.67895651681482,LightGBM
2017-04-28,0,31.38,31.369364314953895,LightGBM
2017-04-28,1,31.23,29.33630117847545,LightGBM
2017-04-28,2,30.61,29.406228793098816,LightGBM
2017-04-28,3,30.92,29.52893467270569,LightGBM
2017-04-28,4,31.41,29.976104248632947,LightGBM
2017-04-28,5,33.52,31.97863189738709,LightGBM
2017-04-28,6,37.14,39.17392235804453,LightGBM
2017-04-28,7,45.4,44.69695597076664,LightGBM
2017-04-28,8,46.94,48.154397442287554,LightGBM
2017-04-28,9,44.99,46.82337406640638,LightGBM
2017-04-28,10,42.9,44.22390241970766,LightGBM
2017-04-28,11,41.9,45.034090092982154,LightGBM
2017-04-28,12,38.99,40.77905919496064,LightGBM
2017-04-28,13,35.46,39.09574711041386,LightGBM
2017-04-28,14,33.62,36.64954459763891,LightGBM
2017-04-28,15,33.05,35.25363504035154,LightGBM
2017-04-28,16,32.76,36.61048909975973,LightGBM
2017-04-28,17,33.78,37.132272568510025,LightGBM
2017-04-28,18,40.29,40.730536177059506,LightGBM
2017-04-28,19,43.91,42.28220757083896,LightGBM
2017-04-28,20,42.99,44.67875320620908,LightGBM
2017-04-28,21,37.97,42.92268738637511,LightGBM
2017-04-28,22,32.65,38.680875992373394,LightGBM
2017-04-28,23,31.08,33.69980982540077,LightGBM
2017-04-29,0,33.61,29.342564968182508,LightGBM
2017-04-29,1,28.44,27.506772106833854,LightGBM
2017-04-29,2,29.88,26.680735197394792,LightGBM
2017-04-29,3,29.86,26.919772777938785,LightGBM
2017-04-29,4,30.16,27.146527706807596,LightGBM
2017-04-29,5,30.58,28.227751902896056,LightGBM
2017-04-29,6,32.46,27.216761366282565,LightGBM
2017-04-29,7,33.72,30.174527499803503,LightGBM
2017-04-29,8,32.69,30.47745976716269,LightGBM
2017-04-29,9,32.56,30.266336208124358,LightGBM
2017-04-29,10,28.81,28.84287243473135,LightGBM
2017-04-29,11,26.82,26.666442240660036,LightGBM
2017-04-29,12,25.43,27.895044940547987,LightGBM
2017-04-29,13,23.09,24.784680669513495,LightGBM
2017-04-29,14,25.24,24.53155920718299,LightGBM
2017-04-29,15,25.04,24.833699221553804,LightGBM
2017-04-29,16,27.46,24.86178306170768,LightGBM
2017-04-29,17,29.19,27.478572613404015,LightGBM
2017-04-29,18,32.54,34.09170924277728,LightGBM
2017-04-29,19,34.93,38.82601607447468,LightGBM
2017-04-29,20,34.79,40.76000019122172,LightGBM
2017-04-29,21,34.9,39.05904234264183,LightGBM
2017-04-29,22,32.93,36.25045694578721,LightGBM
2017-04-29,23,30.47,31.473992906808004,LightGBM
2017-04-30,0,29.29,24.655131549025683,LightGBM
2017-04-30,1,26.02,20.821386383080956,LightGBM
2017-04-30,2,22.06,20.62055607792561,LightGBM
2017-04-30,3,13.13,19.580190165007554,LightGBM
2017-04-30,4,9.63,19.10888005545411,LightGBM
2017-04-30,5,10.06,17.674207636235273,LightGBM
2017-04-30,6,16.8,15.614005264011764,LightGBM
2017-04-30,7,9.6,16.26748346103095,LightGBM
2017-04-30,8,9.56,17.390050583100773,LightGBM
2017-04-30,9,8.71,17.211341581326604,LightGBM
2017-04-30,10,3.23,14.521900226910537,LightGBM
2017-04-30,11,-1.9,13.882661240607913,LightGBM
2017-04-30,12,-1.18,10.681538496480504,LightGBM
2017-04-30,13,-70.01,5.407038220271655,LightGBM
2017-04-30,14,-74.92,2.8073459915888703,LightGBM
2017-04-30,15,-71.96,4.377366457978509,LightGBM
2017-04-30,16,-49.97,7.424343289252705,LightGBM
2017-04-30,17,-6.0,14.402437499413267,LightGBM
2017-04-30,18,-1.21,17.6256620193105,LightGBM
2017-04-30,19,8.86,25.236544345350875,LightGBM
2017-04-30,20,10.08,24.45277325237698,LightGBM
2017-04-30,21,8.87,19.482571505275484,LightGBM
2017-04-30,22,-0.54,18.43528361622844,LightGBM
2017-04-30,23,-70.01,9.885411775233282,LightGBM
2017-05-01,0,-26.94,1.7146240414843852,LightGBM
2017-05-01,1,-25.0,-2.5499673754335275,LightGBM
2017-05-01,2,-30.11,-2.1357340235991953,LightGBM
2017-05-01,3,-30.03,0.011367579438747354,LightGBM
2017-05-01,4,-24.9,2.033119022999428,LightGBM
2017-05-01,5,-30.05,6.751205959448707,LightGBM
2017-05-01,6,-62.95,11.856575520739998,LightGBM
2017-05-01,7,-53.85,11.947554668528484,LightGBM
2017-05-01,8,-67.02,14.419720870008952,LightGBM
2017-05-01,9,-65.0,14.43275821993038,LightGBM
2017-05-01,10,-67.08,15.410598320347106,LightGBM
2017-05-01,11,-66.85,17.516949225400914,LightGBM
2017-05-01,12,-60.39,14.034770786660069,LightGBM
2017-05-01,13,-61.14,12.223608061495472,LightGBM
2017-05-01,14,-27.22,12.022027754847825,LightGBM
2017-05-01,15,-12.01,14.053675334282214,LightGBM
2017-05-01,16,-1.2,12.798276717098085,LightGBM
2017-05-01,17,7.42,19.628057712063704,LightGBM
2017-05-01,18,14.01,26.36154333722285,LightGBM
2017-05-01,19,25.78,31.42204515645984,LightGBM
2017-05-01,20,24.9,32.15427029415431,LightGBM
2017-05-01,21,22.98,31.372818346626165,LightGBM
2017-05-01,22,22.09,30.141086076177473,LightGBM
2017-05-01,23,12.05,22.951445629294163,LightGBM
2017-05-02,0,13.47,13.461610280374328,LightGBM
2017-05-02,1,12.01,11.206151843448865,LightGBM
2017-05-02,2,10.41,10.239139797744068,LightGBM
2017-05-02,3,12.03,8.183395398705088,LightGBM
2017-05-02,4,9.69,9.933036177589507,LightGBM
2017-05-02,5,25.03,15.318483758756324,LightGBM
2017-05-02,6,33.95,28.944744891501866,LightGBM
2017-05-02,7,38.97,37.32231735199685,LightGBM
2017-05-02,8,39.98,38.465582552104216,LightGBM
2017-05-02,9,35.84,34.229469364675005,LightGBM
2017-05-02,10,34.85,33.441235124979734,LightGBM
2017-05-02,11,33.47,33.04404400164088,LightGBM
2017-05-02,12,31.04,31.007533885933686,LightGBM
2017-05-02,13,30.78,29.182149620600203,LightGBM
2017-05-02,14,30.4,26.652873864258222,LightGBM
2017-05-02,15,30.41,27.09127014573471,LightGBM
2017-05-02,16,30.43,28.000863201980422,LightGBM
2017-05-02,17,31.02,30.293771912717247,LightGBM
2017-05-02,18,34.97,35.44315437910151,LightGBM
2017-05-02,19,38.52,37.835635947655675,LightGBM
2017-05-02,20,38.57,37.10774275851166,LightGBM
2017-05-02,21,35.23,32.865107488713804,LightGBM
2017-05-02,22,33.34,31.180172813156084,LightGBM
2017-05-02,23,28.46,22.476601003955164,LightGBM
2017-05-03,0,28.59,26.924677400860872,LightGBM
2017-05-03,1,27.43,25.99759708409445,LightGBM
2017-05-03,2,27.48,23.266613603630454,LightGBM
2017-05-03,3,28.5,22.24456290891797,LightGBM
2017-05-03,4,30.35,23.866607758501832,LightGBM
2017-05-03,5,31.95,24.972136571148145,LightGBM
2017-05-03,6,39.51,31.722889162788313,LightGBM
2017-05-03,7,44.99,38.4657045243843,LightGBM
2017-05-03,8,45.0,40.079791802110364,LightGBM
2017-05-03,9,39.73,34.66306102283552,LightGBM
2017-05-03,10,38.97,31.832645882919987,LightGBM
2017-05-03,11,38.48,31.326298017001907,LightGBM
2017-05-03,12,34.27,29.4473376255413,LightGBM
2017-05-03,13,33.94,27.585306122676375,LightGBM
2017-05-03,14,34.01,27.38091114918969,LightGBM
2017-05-03,15,32.83,27.326236172700483,LightGBM
2017-05-03,16,31.79,29.019149791702766,LightGBM
2017-05-03,17,32.43,33.01906751639007,LightGBM
2017-05-03,18,34.9,34.73983589449706,LightGBM
2017-05-03,19,37.66,37.91340922799896,LightGBM
2017-05-03,20,38.94,35.21054577380614,LightGBM
2017-05-03,21,36.97,33.796310801626134,LightGBM
2017-05-03,22,30.52,30.39357934191368,LightGBM
2017-05-03,23,28.6,25.417976124275963,LightGBM
2017-05-04,0,26.91,25.058768997009462,LightGBM
2017-05-04,1,26.26,23.795279637348504,LightGBM
2017-05-04,2,24.57,21.38640800660867,LightGBM
2017-05-04,3,24.82,21.55243460397038,LightGBM
2017-05-04,4,25.8,22.71850053072246,LightGBM
2017-05-04,5,27.57,26.987401234601627,LightGBM
2017-05-04,6,33.23,32.168382716324395,LightGBM
2017-05-04,7,38.94,37.60000254401029,LightGBM
2017-05-04,8,39.91,38.648055238396246,LightGBM
2017-05-04,9,39.14,34.18360148975448,LightGBM
2017-05-04,10,38.94,32.99445629899133,LightGBM
2017-05-04,11,38.95,31.53675158334741,LightGBM
2017-05-04,12,34.17,30.257207831961313,LightGBM
2017-05-04,13,31.94,28.617516151552863,LightGBM
2017-05-04,14,30.46,29.34418585261359,LightGBM
2017-05-04,15,30.4,26.998944686751948,LightGBM
2017-05-04,16,29.79,29.182611931176723,LightGBM
2017-05-04,17,34.4,31.378065188236114,LightGBM
2017-05-04,18,36.97,35.43547901309098,LightGBM
2017-05-04,19,38.97,37.717531263421506,LightGBM
2017-05-04,20,38.95,37.53092486237666,LightGBM
2017-05-04,21,36.54,35.15045651760806,LightGBM
2017-05-04,22,32.23,30.6393461821492,LightGBM
2017-05-04,23,26.97,25.58345856393117,LightGBM
2017-05-05,0,28.97,26.78321556345105,LightGBM
2017-05-05,1,28.82,26.937642918524386,LightGBM
2017-05-05,2,28.42,26.135053345885456,LightGBM
2017-05-05,3,28.61,25.199817384507373,LightGBM
2017-05-05,4,29.4,26.75034991422157,LightGBM
2017-05-05,5,30.99,28.111034294430233,LightGBM
2017-05-05,6,37.17,34.98108811633431,LightGBM
2017-05-05,7,43.82,42.09215906852242,LightGBM
2017-05-05,8,48.98,45.668594370304916,LightGBM
2017-05-05,9,49.91,43.517897352155735,LightGBM
2017-05-05,10,47.9,42.04689626600363,LightGBM
2017-05-05,11,46.38,41.96608185497986,LightGBM
2017-05-05,12,42.0,39.097691791818235,LightGBM
2017-05-05,13,40.09,36.559934529836404,LightGBM
2017-05-05,14,36.97,35.08973686202772,LightGBM
2017-05-05,15,35.37,35.8807755691852,LightGBM
2017-05-05,16,34.9,36.81066165192245,LightGBM
2017-05-05,17,37.67,40.83800140034915,LightGBM
2017-05-05,18,40.33,41.05784110125793,LightGBM
2017-05-05,19,42.09,45.637936252112254,LightGBM
2017-05-05,20,41.16,44.150724964659425,LightGBM
2017-05-05,21,38.98,39.747492194450416,LightGBM
2017-05-05,22,39.27,39.35419427185628,LightGBM
2017-05-05,23,34.9,33.29439271022487,LightGBM
2017-05-06,0,37.04,31.89680368641752,LightGBM
2017-05-06,1,32.47,30.63804213339638,LightGBM
2017-05-06,2,31.04,30.640864888432684,LightGBM
2017-05-06,3,30.71,29.998243309347277,LightGBM
2017-05-06,4,30.57,29.678955637980845,LightGBM
2017-05-06,5,30.86,29.758160665719476,LightGBM
2017-05-06,6,30.92,30.932713272121777,LightGBM
2017-05-06,7,31.14,30.405875432005192,LightGBM
2017-05-06,8,33.92,35.814972647918395,LightGBM
2017-05-06,9,33.06,35.08941095617552,LightGBM
2017-05-06,10,31.53,33.18501752581956,LightGBM
2017-05-06,11,30.64,31.794409966349587,LightGBM
2017-05-06,12,30.79,29.92299174881826,LightGBM
2017-05-06,13,30.1,27.353507026133396,LightGBM
2017-05-06,14,29.6,26.609257878922868,LightGBM
2017-05-06,15,28.93,26.857664367102466,LightGBM
2017-05-06,16,28.28,26.78991278570487,LightGBM
2017-05-06,17,31.02,29.91233212215899,LightGBM
2017-05-06,18,33.82,33.53676436714527,LightGBM
2017-05-06,19,37.94,37.54797480065986,LightGBM
2017-05-06,20,39.9,38.51783741786562,LightGBM
2017-05-06,21,39.5,34.97155324836742,LightGBM
2017-05-06,22,38.92,34.86188264854982,LightGBM
2017-05-06,23,33.93,29.624383607199288,LightGBM
2017-05-07,0,28.31,31.37644699275959,LightGBM
2017-05-07,1,26.73,28.889102655983248,LightGBM
2017-05-07,2,26.48,28.527850974331987,LightGBM
2017-05-07,3,26.17,27.870653116179174,LightGBM
2017-05-07,4,26.83,28.328917834551447,LightGBM
2017-05-07,5,26.25,27.148705676915682,LightGBM
2017-05-07,6,25.43,26.32615409488311,LightGBM
2017-05-07,7,26.66,26.80461438328772,LightGBM
2017-05-07,8,28.66,29.235019268372408,LightGBM
2017-05-07,9,30.06,32.43907900801977,LightGBM
2017-05-07,10,30.33,32.977119186173766,LightGBM
2017-05-07,11,30.18,33.683469785122504,LightGBM
2017-05-07,12,29.5,30.646382802258376,LightGBM
2017-05-07,13,27.06,27.776173142890233,LightGBM
2017-05-07,14,24.0,25.196106596845684,LightGBM
2017-05-07,15,24.15,24.86208996971007,LightGBM
2017-05-07,16,25.51,24.708568684569645,LightGBM
2017-05-07,17,27.4,27.566678691122423,LightGBM
2017-05-07,18,29.8,31.214109371987014,LightGBM
2017-05-07,19,31.18,35.5565720246157,LightGBM
2017-05-07,20,32.13,37.507425615243754,LightGBM
2017-05-07,21,32.01,36.50523221459106,LightGBM
2017-05-07,22,31.26,36.15690045848554,LightGBM
2017-05-07,23,27.0,29.92715866625316,LightGBM
2017-05-08,0,27.48,24.898442588812227,LightGBM
2017-05-08,1,26.1,22.443297725673254,LightGBM
2017-05-08,2,25.81,22.35597333279332,LightGBM
2017-05-08,3,24.73,21.172844475864093,LightGBM
2017-05-08,4,25.14,21.17581118964667,LightGBM
2017-05-08,5,27.91,22.38214309159343,LightGBM
2017-05-08,6,32.0,31.583592148047313,LightGBM
2017-05-08,7,36.06,38.06794771758857,LightGBM
2017-05-08,8,40.02,38.603645382719336,LightGBM
2017-05-08,9,39.93,34.86504306310316,LightGBM
2017-05-08,10,38.97,32.56184713407983,LightGBM
2017-05-08,11,39.98,32.082670053007085,LightGBM
2017-05-08,12,40.55,27.653323721735887,LightGBM
2017-05-08,13,36.74,27.30015562932448,LightGBM
2017-05-08,14,32.06,25.288162810969876,LightGBM
2017-05-08,15,31.44,26.041330153826944,LightGBM
2017-05-08,16,31.05,28.277806314941575,LightGBM
2017-05-08,17,32.41,27.89331578853143,LightGBM
2017-05-08,18,34.0,31.57429764341758,LightGBM
2017-05-08,19,38.8,35.5384194688735,LightGBM
2017-05-08,20,37.62,34.42837252370013,LightGBM
2017-05-08,21,37.99,32.61308389787622,LightGBM
2017-05-08,22,35.07,32.376370189586176,LightGBM
2017-05-08,23,32.44,28.415590618494868,LightGBM
2017-05-09,0,30.81,30.107732333935953,LightGBM
2017-05-09,1,30.56,28.78322657278865,LightGBM
2017-05-09,2,29.5,28.280629669525617,LightGBM
2017-05-09,3,28.94,28.150220080226575,LightGBM
2017-05-09,4,29.9,28.59343142363244,LightGBM
2017-05-09,5,32.07,30.283144675038105,LightGBM
2017-05-09,6,42.83,36.936040163678,LightGBM
2017-05-09,7,50.45,45.60310374664164,LightGBM
2017-05-09,8,54.99,48.9839096402687,LightGBM
2017-05-09,9,48.65,43.6922064392392,LightGBM
2017-05-09,10,44.75,42.251225153867296,LightGBM
2017-05-09,11,43.83,41.680012637352156,LightGBM
2017-05-09,12,40.63,37.2969335352122,LightGBM
2017-05-09,13,38.0,35.856324071105895,LightGBM
2017-05-09,14,35.57,34.344383068958216,LightGBM
2017-05-09,15,36.2,34.4861233910436,LightGBM
2017-05-09,16,34.44,35.18293847284518,LightGBM
2017-05-09,17,39.64,35.14473004426941,LightGBM
2017-05-09,18,44.9,38.47665465503702,LightGBM
2017-05-09,19,47.45,43.181561764202094,LightGBM
2017-05-09,20,49.12,42.61779622031585,LightGBM
2017-05-09,21,46.93,39.59264431287801,LightGBM
2017-05-09,22,39.9,36.92005673337154,LightGBM
2017-05-09,23,34.06,33.10642675104652,LightGBM
2017-05-10,0,32.06,31.348655453704385,LightGBM
2017-05-10,1,30.99,30.608679875469875,LightGBM
2017-05-10,2,30.75,29.18912505434939,LightGBM
2017-05-10,3,30.72,29.12363880198914,LightGBM
2017-05-10,4,31.03,28.687337534332183,LightGBM
2017-05-10,5,33.11,31.053991225080402,LightGBM
2017-05-10,6,42.04,39.024706870094754,LightGBM
2017-05-10,7,49.98,45.80808892910844,LightGBM
2017-05-10,8,49.07,47.53753631473997,LightGBM
2017-05-10,9,43.86,42.02728128848203,LightGBM
2017-05-10,10,39.16,37.445337099995726,LightGBM
2017-05-10,11,39.22,35.77427214514231,LightGBM
2017-05-10,12,36.13,35.118601520836776,LightGBM
2017-05-10,13,36.12,33.448276418071806,LightGBM
2017-05-10,14,34.52,31.744686952119647,LightGBM
2017-05-10,15,34.12,33.53223327192716,LightGBM
2017-05-10,16,35.01,35.677294366971026,LightGBM
2017-05-10,17,41.08,40.390934860446045,LightGBM
2017-05-10,18,44.01,44.8219843805474,LightGBM
2017-05-10,19,48.04,48.62735003213179,LightGBM
2017-05-10,20,47.35,50.50369493163426,LightGBM
2017-05-10,21,48.04,44.916232547773774,LightGBM
2017-05-10,22,42.94,41.84458341867111,LightGBM
2017-05-10,23,32.6,35.277261556463785,LightGBM
2017-05-11,0,31.16,32.534225386959925,LightGBM
2017-05-11,1,30.41,31.68788475259788,LightGBM
2017-05-11,2,29.5,31.111629850574435,LightGBM
2017-05-11,3,29.17,30.857835894553933,LightGBM
2017-05-11,4,29.59,30.615097325779786,LightGBM
2017-05-11,5,30.89,32.98343678643496,LightGBM
2017-05-11,6,34.91,40.424071240796,LightGBM
2017-05-11,7,43.1,47.514917146869685,LightGBM
2017-05-11,8,44.49,49.87899932646701,LightGBM
2017-05-11,9,41.93,43.99976694089851,LightGBM
2017-05-11,10,38.54,41.47581396759427,LightGBM
2017-05-11,11,37.47,39.2457571315376,LightGBM
2017-05-11,12,35.32,36.01414464714385,LightGBM
2017-05-11,13,34.38,34.16444709176961,LightGBM
2017-05-11,14,32.64,33.197712730342126,LightGBM
2017-05-11,15,33.82,33.90948278288819,LightGBM
2017-05-11,16,33.19,33.80003647224558,LightGBM
2017-05-11,17,34.8,39.59165955928336,LightGBM
2017-05-11,18,35.75,42.4325996516913,LightGBM
2017-05-11,19,34.94,40.87313249900607,LightGBM
2017-05-11,20,33.11,38.54450142216891,LightGBM
2017-05-11,21,31.5,36.41580991080232,LightGBM
2017-05-11,22,27.6,34.992664774073425,LightGBM
2017-05-11,23,26.01,28.401391661915895,LightGBM
2017-05-12,0,26.05,22.991669091276403,LightGBM
2017-05-12,1,27.23,22.551135340975947,LightGBM
2017-05-12,2,27.29,20.55135467415856,LightGBM
2017-05-12,3,27.27,21.003625178553744,LightGBM
2017-05-12,4,27.08,23.047709086723067,LightGBM
2017-05-12,5,29.0,26.43061174937236,LightGBM
2017-05-12,6,34.37,33.41089343246771,LightGBM
2017-05-12,7,41.95,40.901113219457244,LightGBM
2017-05-12,8,43.91,42.49391413685616,LightGBM
2017-05-12,9,42.0,39.41013169764963,LightGBM
2017-05-12,10,42.95,36.39046929810965,LightGBM
2017-05-12,11,42.02,36.799191450658256,LightGBM
2017-05-12,12,36.03,34.35049931570267,LightGBM
2017-05-12,13,31.62,33.30395082301751,LightGBM
2017-05-12,14,30.86,31.75750234484575,LightGBM
2017-05-12,15,30.45,32.92731968369601,LightGBM
2017-05-12,16,31.38,33.603041329315296,LightGBM
2017-05-12,17,36.46,37.219751984186075,LightGBM
2017-05-12,18,40.65,40.9360581820999,LightGBM
2017-05-12,19,42.0,42.40192705511659,LightGBM
2017-05-12,20,42.62,40.909081674802515,LightGBM
2017-05-12,21,42.93,38.001360977199255,LightGBM
2017-05-12,22,42.93,35.62349352506491,LightGBM
2017-05-12,23,35.91,31.515911684935293,LightGBM
2017-05-13,0,29.9,32.556390587233345,LightGBM
2017-05-13,1,29.66,30.60417039524818,LightGBM
2017-05-13,2,29.05,29.71694894478369,LightGBM
2017-05-13,3,28.52,29.156288565323134,LightGBM
2017-05-13,4,28.12,30.048135072307222,LightGBM
2017-05-13,5,28.73,30.27193559328082,LightGBM
2017-05-13,6,29.05,29.914706627827382,LightGBM
2017-05-13,7,30.91,32.09538392002269,LightGBM
2017-05-13,8,35.02,33.84502331080486,LightGBM
2017-05-13,9,35.45,33.830668807135176,LightGBM
2017-05-13,10,32.0,32.43170696243178,LightGBM
2017-05-13,11,31.04,30.582814583777836,LightGBM
2017-05-13,12,30.28,30.347597142368652,LightGBM
2017-05-13,13,28.75,28.13875509318744,LightGBM
2017-05-13,14,27.09,26.748248655904057,LightGBM
2017-05-13,15,27.07,26.598294974622995,LightGBM
2017-05-13,16,27.44,26.558677394740908,LightGBM
2017-05-13,17,29.9,30.437459103424906,LightGBM
2017-05-13,18,34.79,37.14306194164586,LightGBM
2017-05-13,19,40.0,39.32490837095235,LightGBM
2017-05-13,20,41.91,39.377239764383525,LightGBM
2017-05-13,21,41.88,40.554329349178055,LightGBM
2017-05-13,22,40.0,40.06824816599041,LightGBM
2017-05-13,23,31.08,33.922254505933196,LightGBM
2017-05-14,0,27.66,29.581703817513894,LightGBM
2017-05-14,1,26.54,27.732320329767372,LightGBM
2017-05-14,2,25.65,26.782736136920317,LightGBM
2017-05-14,3,25.63,26.70399191512678,LightGBM
2017-05-14,4,25.2,25.4056239141215,LightGBM
2017-05-14,5,25.0,24.358724393616853,LightGBM
2017-05-14,6,25.56,23.613152632625027,LightGBM
2017-05-14,7,25.46,25.349544171296888,LightGBM
2017-05-14,8,25.34,27.157625099769508,LightGBM
2017-05-14,9,26.04,27.273654144467976,LightGBM
2017-05-14,10,25.04,25.935820567192547,LightGBM
2017-05-14,11,26.48,25.980713864294405,LightGBM
2017-05-14,12,27.02,25.070401773286555,LightGBM
2017-05-14,13,24.3,23.037390441801904,LightGBM
2017-05-14,14,21.06,20.1822601488425,LightGBM
2017-05-14,15,20.99,18.447543882417246,LightGBM
2017-05-14,16,23.9,22.093479579962914,LightGBM
2017-05-14,17,27.63,26.586905242474014,LightGBM
2017-05-14,18,32.07,31.598224711007084,LightGBM
2017-05-14,19,35.96,35.33080039424917,LightGBM
2017-05-14,20,39.55,37.09166587299867,LightGBM
2017-05-14,21,40.99,37.31024691268545,LightGBM
2017-05-14,22,38.17,37.13020391252978,LightGBM
2017-05-14,23,31.46,32.66295878701789,LightGBM
2017-05-15,0,30.32,29.495643799441662,LightGBM
2017-05-15,1,27.43,27.12284260138436,LightGBM
2017-05-15,2,27.18,25.77085665239832,LightGBM
2017-05-15,3,26.7,24.983065065228796,LightGBM
2017-05-15,4,27.16,25.408881026528213,LightGBM
2017-05-15,5,29.77,29.15272142291089,LightGBM
2017-05-15,6,35.38,37.68738229074014,LightGBM
2017-05-15,7,44.02,44.8494914235287,LightGBM
2017-05-15,8,46.1,45.60813554189548,LightGBM
2017-05-15,9,43.95,42.50651627281648,LightGBM
2017-05-15,10,41.94,39.45800094219267,LightGBM
2017-05-15,11,40.07,37.3604734607179,LightGBM
2017-05-15,12,35.66,35.63236102018158,LightGBM
2017-05-15,13,35.04,33.79693146540988,LightGBM
2017-05-15,14,33.48,34.59145535340069,LightGBM
2017-05-15,15,32.98,34.070460791467234,LightGBM
2017-05-15,16,33.14,34.39818255449741,LightGBM
2017-05-15,17,37.74,37.42257365850145,LightGBM
2017-05-15,18,42.82,41.74317375627635,LightGBM
2017-05-15,19,45.73,44.77959296853888,LightGBM
2017-05-15,20,44.2,43.45909627384184,LightGBM
2017-05-15,21,42.29,42.05904674820532,LightGBM
2017-05-15,22,40.22,39.595071126130286,LightGBM
2017-05-15,23,31.08,33.588431997786344,LightGBM
2017-05-16,0,29.5,30.17768041675425,LightGBM
2017-05-16,1,28.01,29.557987555137256,LightGBM
2017-05-16,2,26.7,28.579640225512314,LightGBM
2017-05-16,3,26.53,28.13794443193446,LightGBM
2017-05-16,4,26.38,28.623347572597968,LightGBM
2017-05-16,5,27.93,29.935258520927327,LightGBM
2017-05-16,6,31.81,38.53107205000938,LightGBM
2017-05-16,7,39.96,45.906080312823605,LightGBM
2017-05-16,8,41.35,47.81652970345991,LightGBM
2017-05-16,9,38.42,45.35962650160058,LightGBM
2017-05-16,10,34.53,43.477993865850074,LightGBM
2017-05-16,11,34.84,41.31928841822419,LightGBM
2017-05-16,12,31.88,37.73278645202329,LightGBM
2017-05-16,13,31.06,35.5182549363757,LightGBM
2017-05-16,14,31.58,35.13691114350411,LightGBM
2017-05-16,15,32.33,34.84077230370049,LightGBM
2017-05-16,16,34.52,34.620441776370946,LightGBM
2017-05-16,17,37.04,37.106817545969314,LightGBM
2017-05-16,18,41.0,41.58360835035535,LightGBM
2017-05-16,19,42.94,43.71007391880568,LightGBM
2017-05-16,20,42.77,43.26444253822272,LightGBM
2017-05-16,21,41.5,39.68889951798609,LightGBM
2017-05-16,22,37.01,35.865249480655,LightGBM
2017-05-16,23,31.92,31.086889019144206,LightGBM
2017-05-17,0,29.66,29.797184069712078,LightGBM
2017-05-17,1,27.7,29.633725060919414,LightGBM
2017-05-17,2,27.17,28.933584862363038,LightGBM
2017-05-17,3,26.45,27.590205921672943,LightGBM
2017-05-17,4,26.49,27.869834050358,LightGBM
2017-05-17,5,27.58,30.24363497274297,LightGBM
2017-05-17,6,36.19,39.108349257610705,LightGBM
2017-05-17,7,41.0,45.70673662360533,LightGBM
2017-05-17,8,41.0,46.699377931161656,LightGBM
2017-05-17,9,38.95,42.47479355773285,LightGBM
2017-05-17,10,33.54,38.331125282352836,LightGBM
2017-05-17,11,32.94,36.46737841502628,LightGBM
2017-05-17,12,31.03,32.3878296661457,LightGBM
2017-05-17,13,30.21,31.01445484987517,LightGBM
2017-05-17,14,29.14,29.613691736032166,LightGBM
2017-05-17,15,28.22,30.362505562889,LightGBM
2017-05-17,16,29.48,29.954806986582152,LightGBM
2017-05-17,17,34.77,33.33807683159007,LightGBM
2017-05-17,18,38.34,38.138862730150755,LightGBM
2017-05-17,19,40.98,39.509626820885984,LightGBM
2017-05-17,20,37.9,37.358105471162325,LightGBM
2017-05-17,21,34.02,34.630862456527495,LightGBM
2017-05-17,22,31.01,29.577408682780035,LightGBM
2017-05-17,23,26.68,26.21526099712956,LightGBM
2017-05-18,0,26.04,24.36702831839996,LightGBM
2017-05-18,1,24.31,23.69166116328458,LightGBM
2017-05-18,2,22.43,20.822177809894516,LightGBM
2017-05-18,3,20.68,21.540710264966222,LightGBM
2017-05-18,4,22.46,23.141663779767203,LightGBM
2017-05-18,5,26.06,27.20079360076549,LightGBM
2017-05-18,6,32.68,33.52424787796386,LightGBM
2017-05-18,7,40.4,39.096613080863776,LightGBM
2017-05-18,8,42.98,39.189017189659396,LightGBM
2017-05-18,9,37.93,36.65187449944223,LightGBM
2017-05-18,10,33.14,33.93696041517937,LightGBM
2017-05-18,11,31.75,33.30773870595374,LightGBM
2017-05-18,12,31.02,30.68143361580688,LightGBM
2017-05-18,13,29.99,30.88586517499872,LightGBM
2017-05-18,14,31.0,31.83441109572571,LightGBM
2017-05-18,15,30.78,31.745758002813464,LightGBM
2017-05-18,16,36.1,35.49904037415569,LightGBM
2017-05-18,17,37.98,39.015748244900394,LightGBM
2017-05-18,18,39.45,43.98029389155171,LightGBM
2017-05-18,19,39.54,48.163782567349145,LightGBM
2017-05-18,20,39.91,45.1785249102071,LightGBM
2017-05-18,21,38.95,42.21452476984438,LightGBM
2017-05-18,22,37.86,40.11322813829954,LightGBM
2017-05-18,23,32.26,34.300098268232524,LightGBM
2017-05-19,0,30.0,31.42617614539909,LightGBM
2017-05-19,1,28.6,29.599900110721162,LightGBM
2017-05-19,2,26.67,29.245732816190486,LightGBM
2017-05-19,3,26.31,28.19703107634946,LightGBM
2017-05-19,4,25.97,28.20340145599965,LightGBM
2017-05-19,5,27.6,29.591648640264037,LightGBM
2017-05-19,6,30.9,36.24789965128236,LightGBM
2017-05-19,7,39.91,42.792906775254025,LightGBM
2017-05-19,8,41.55,45.508852645723366,LightGBM
2017-05-19,9,39.9,41.620867699840566,LightGBM
2017-05-19,10,38.95,39.70757434740803,LightGBM
2017-05-19,11,39.8,39.28161268726854,LightGBM
2017-05-19,12,37.72,36.02900292267423,LightGBM
2017-05-19,13,36.38,35.63372956250903,LightGBM
2017-05-19,14,35.05,32.2861430127676,LightGBM
2017-05-19,15,34.59,33.12265518438932,LightGBM
2017-05-19,16,31.06,32.15980356078416,LightGBM
2017-05-19,17,36.01,36.89898350174438,LightGBM
2017-05-19,18,38.5,39.361998723244966,LightGBM
2017-05-19,19,38.97,40.081624619828936,LightGBM
2017-05-19,20,36.04,39.576215861921156,LightGBM
2017-05-19,21,37.0,35.44666446781439,LightGBM
2017-05-19,22,36.98,33.9013574254648,LightGBM
2017-05-19,23,32.76,30.083419371446837,LightGBM
2017-05-20,0,24.02,30.126767791812274,LightGBM
2017-05-20,1,24.26,28.653291673689548,LightGBM
2017-05-20,2,24.74,27.786035053076375,LightGBM
2017-05-20,3,26.71,26.40889897110188,LightGBM
2017-05-20,4,25.93,25.306008183355424,LightGBM
2017-05-20,5,24.08,26.06316622199864,LightGBM
2017-05-20,6,26.5,25.683675211916213,LightGBM
2017-05-20,7,26.06,26.78487136333866,LightGBM
2017-05-20,8,27.0,30.530516132537038,LightGBM
2017-05-20,9,25.3,30.800610943068364,LightGBM
2017-05-20,10,23.99,29.066986100576486,LightGBM
2017-05-20,11,24.11,30.04866572828952,LightGBM
2017-05-20,12,23.83,29.470884691388658,LightGBM
2017-05-20,13,22.83,28.861290575800925,LightGBM
2017-05-20,14,21.44,28.069227877740968,LightGBM
2017-05-20,15,21.73,27.59898753044313,LightGBM
2017-05-20,16,23.92,28.521724112356615,LightGBM
2017-05-20,17,25.64,30.249778823907402,LightGBM
2017-05-20,18,29.0,35.196581151596554,LightGBM
2017-05-20,19,33.34,38.289685709063015,LightGBM
2017-05-20,20,33.5,37.65969878270318,LightGBM
2017-05-20,21,33.08,38.083839993149,LightGBM
2017-05-20,22,34.12,38.435353260105444,LightGBM
2017-05-20,23,30.05,32.66994161891142,LightGBM
2017-05-21,0,23.66,26.17566614792273,LightGBM
2017-05-21,1,18.12,22.823002283980163,LightGBM
2017-05-21,2,14.12,22.0632937997367,LightGBM
2017-05-21,3,12.18,20.469958195949147,LightGBM
2017-05-21,4,11.65,19.52216931551251,LightGBM
2017-05-21,5,11.52,19.241852000164844,LightGBM
2017-05-21,6,11.98,18.009992965719167,LightGBM
2017-05-21,7,12.36,19.58438340345006,LightGBM
2017-05-21,8,13.7,18.47523165042471,LightGBM
2017-05-21,9,12.07,19.99126301527166,LightGBM
2017-05-21,10,10.02,19.33875433283125,LightGBM
2017-05-21,11,11.86,19.8071555010331,LightGBM
2017-05-21,12,12.29,20.119084023236933,LightGBM
2017-05-21,13,11.93,16.44329484323218,LightGBM
2017-05-21,14,10.28,14.376895870671378,LightGBM
2017-05-21,15,11.93,15.128754147228172,LightGBM
2017-05-21,16,16.92,17.092510136736607,LightGBM
2017-05-21,17,23.05,22.365722779551547,LightGBM
2017-05-21,18,28.12,29.14390961187891,LightGBM
2017-05-21,19,32.91,33.655953269192366,LightGBM
2017-05-21,20,35.07,36.10140718843578,LightGBM
2017-05-21,21,35.32,35.78583438982139,LightGBM
2017-05-21,22,36.11,35.76622417313405,LightGBM
2017-05-21,23,33.43,30.66475978679149,LightGBM
2017-05-22,0,29.84,28.324211118088428,LightGBM
2017-05-22,1,28.01,25.43398756470831,LightGBM
2017-05-22,2,26.9,22.860506759382574,LightGBM
2017-05-22,3,26.01,22.835129850503996,LightGBM
2017-05-22,4,26.86,22.568996707660833,LightGBM
2017-05-22,5,27.38,26.088630891190004,LightGBM
2017-05-22,6,35.49,35.880317121848755,LightGBM
2017-05-22,7,40.0,42.86745723046694,LightGBM
2017-05-22,8,42.2,42.1862488560217,LightGBM
2017-05-22,9,38.82,38.53961426165073,LightGBM
2017-05-22,10,37.02,37.20667503536109,LightGBM
2017-05-22,11,36.99,36.59568195211142,LightGBM
2017-05-22,12,36.96,36.28768975019399,LightGBM
2017-05-22,13,37.91,34.86287451950238,LightGBM
2017-05-22,14,36.93,33.377905512442915,LightGBM
2017-05-22,15,36.94,33.67676285922368,LightGBM
2017-05-22,16,36.2,33.7489714993804,LightGBM
2017-05-22,17,38.71,38.752853285662255,LightGBM
2017-05-22,18,43.65,41.10994208850796,LightGBM
2017-05-22,19,44.36,42.6441904559266,LightGBM
2017-05-22,20,41.95,42.27990627113625,LightGBM
2017-05-22,21,41.21,39.2219465940031,LightGBM
2017-05-22,22,40.84,37.20123484802352,LightGBM
2017-05-22,23,34.07,31.36462147840849,LightGBM
2017-05-23,0,32.24,30.2310229983275,LightGBM
2017-05-23,1,32.17,28.34937921754458,LightGBM
2017-05-23,2,29.72,28.04009134941526,LightGBM
2017-05-23,3,28.05,27.247705556826602,LightGBM
2017-05-23,4,28.04,26.221135689842647,LightGBM
2017-05-23,5,29.71,27.97838246190526,LightGBM
2017-05-23,6,36.99,34.5774479302291,LightGBM
2017-05-23,7,41.78,42.195438232838455,LightGBM
2017-05-23,8,41.4,42.94685955855952,LightGBM
2017-05-23,9,41.89,39.0972275001037,LightGBM
2017-05-23,10,38.05,37.83920948345378,LightGBM
2017-05-23,11,36.94,36.60081690962724,LightGBM
2017-05-23,12,33.97,32.384366490475145,LightGBM
2017-05-23,13,30.5,31.473788196250073,LightGBM
2017-05-23,14,31.01,29.49689190128097,LightGBM
2017-05-23,15,29.1,29.19899637590032,LightGBM
2017-05-23,16,29.06,28.73175782567291,LightGBM
2017-05-23,17,31.84,30.837920859226788,LightGBM
2017-05-23,18,33.75,33.778544955358484,LightGBM
2017-05-23,19,37.11,35.57430154733126,LightGBM
2017-05-23,20,35.64,35.901848258564904,LightGBM
2017-05-23,21,35.0,35.25309827309134,LightGBM
2017-05-23,22,30.99,32.16164704794395,LightGBM
2017-05-23,23,28.41,27.20392448754205,LightGBM
2017-05-24,0,27.15,25.911936118856598,LightGBM
2017-05-24,1,24.45,24.628727827188914,LightGBM
2017-05-24,2,20.09,22.546199579341703,LightGBM
2017-05-24,3,20.13,21.152322472906622,LightGBM
2017-05-24,4,21.56,22.44187792929408,LightGBM
2017-05-24,5,26.03,24.179557512043765,LightGBM
2017-05-24,6,30.1,30.391741104957365,LightGBM
2017-05-24,7,36.93,36.090884051110095,LightGBM
2017-05-24,8,37.55,37.71140691598605,LightGBM
2017-05-24,9,34.97,35.81558088032498,LightGBM
2017-05-24,10,31.98,32.97272037887298,LightGBM
2017-05-24,11,32.35,30.405812298105136,LightGBM
2017-05-24,12,30.09,28.90852670157811,LightGBM
2017-05-24,13,28.8,27.310057481867222,LightGBM
2017-05-24,14,29.79,27.60614089432591,LightGBM
2017-05-24,15,32.96,28.02653900265301,LightGBM
2017-05-24,16,32.13,29.15579467959988,LightGBM
2017-05-24,17,36.91,33.93820380723313,LightGBM
2017-05-24,18,39.92,37.289102696393215,LightGBM
2017-05-24,19,40.57,40.71402759213775,LightGBM
2017-05-24,20,40.84,40.51502197182906,LightGBM
2017-05-24,21,40.06,40.106339332089576,LightGBM
2017-05-24,22,40.98,37.83569348842606,LightGBM
2017-05-24,23,36.91,32.3254901065718,LightGBM
2017-05-25,0,33.41,31.179667009017777,LightGBM
2017-05-25,1,31.98,28.972972370125,LightGBM
2017-05-25,2,28.07,27.551428338095693,LightGBM
2017-05-25,3,28.0,27.634465203893093,LightGBM
2017-05-25,4,27.97,27.125226844985775,LightGBM
2017-05-25,5,26.97,27.375410447559418,LightGBM
2017-05-25,6,24.59,29.111952223708638,LightGBM
2017-05-25,7,24.93,29.27421590839313,LightGBM
2017-05-25,8,25.85,28.593541796137192,LightGBM
2017-05-25,9,25.79,27.75594074552323,LightGBM
2017-05-25,10,25.59,27.78404868021773,LightGBM
2017-05-25,11,26.02,26.552913390118807,LightGBM
2017-05-25,12,25.16,23.43866324546854,LightGBM
2017-05-25,13,21.74,23.044640872577908,LightGBM
2017-05-25,14,19.97,21.265475422988665,LightGBM
2017-05-25,15,19.99,22.464082082268465,LightGBM
2017-05-25,16,21.12,24.75770196657051,LightGBM
2017-05-25,17,27.08,28.51174329693443,LightGBM
2017-05-25,18,29.9,31.42843380686377,LightGBM
2017-05-25,19,33.92,34.639169505786555,LightGBM
2017-05-25,20,36.7,36.82628990142421,LightGBM
2017-05-25,21,36.69,36.694958547490025,LightGBM
2017-05-25,22,36.98,36.072901237822286,LightGBM
2017-05-25,23,31.08,32.64574958936079,LightGBM
2017-05-26,0,28.12,29.96132850528056,LightGBM
2017-05-26,1,25.38,27.04459428412255,LightGBM
2017-05-26,2,24.06,27.004952106219232,LightGBM
2017-05-26,3,23.51,26.58059901066945,LightGBM
2017-05-26,4,24.27,26.461283841205752,LightGBM
2017-05-26,5,26.39,28.564691570994153,LightGBM
2017-05-26,6,33.94,35.031816883933764,LightGBM
2017-05-26,7,37.93,41.44544370904031,LightGBM
2017-05-26,8,38.3,43.39340545732916,LightGBM
2017-05-26,9,36.48,40.23394097733796,LightGBM
2017-05-26,10,34.01,37.6565763999685,LightGBM
2017-05-26,11,33.08,35.26538810073185,LightGBM
2017-05-26,12,30.86,34.51452883533829,LightGBM
2017-05-26,13,28.32,33.16500194758336,LightGBM
2017-05-26,14,27.12,32.032049913503826,LightGBM
2017-05-26,15,27.53,32.68638799307294,LightGBM
2017-05-26,16,28.63,33.07238080298904,LightGBM
2017-05-26,17,34.64,38.026264835478614,LightGBM
2017-05-26,18,38.85,41.3599744223256,LightGBM
2017-05-26,19,41.97,44.50687374864331,LightGBM
2017-05-26,20,41.95,41.25260211091275,LightGBM
2017-05-26,21,39.99,40.224772068130335,LightGBM
2017-05-26,22,39.96,40.21071945319527,LightGBM
2017-05-26,23,35.2,32.90916425100522,LightGBM
2017-05-27,0,35.91,29.794374527448234,LightGBM
2017-05-27,1,31.03,28.06192953322404,LightGBM
2017-05-27,2,27.6,25.560737293892714,LightGBM
2017-05-27,3,26.0,24.83625634040583,LightGBM
2017-05-27,4,24.58,23.82298728008647,LightGBM
2017-05-27,5,24.4,24.480857412771158,LightGBM
2017-05-27,6,26.1,23.522824301456094,LightGBM
2017-05-27,7,29.14,26.439031205534945,LightGBM
2017-05-27,8,30.13,27.469051091603575,LightGBM
2017-05-27,9,29.36,25.936567580494817,LightGBM
2017-05-27,10,26.1,23.340094936564615,LightGBM
2017-05-27,11,24.69,21.16014500643947,LightGBM
2017-05-27,12,22.04,19.2658191207881,LightGBM
2017-05-27,13,15.27,16.563742842196554,LightGBM
2017-05-27,14,13.38,14.582723851405738,LightGBM
2017-05-27,15,14.9,16.046056295814903,LightGBM
2017-05-27,16,20.09,17.842379455429654,LightGBM
2017-05-27,17,27.31,21.943170115472732,LightGBM
2017-05-27,18,34.3,26.01398202879846,LightGBM
2017-05-27,19,37.13,29.841695149091407,LightGBM
2017-05-27,20,35.97,30.18791849191942,LightGBM
2017-05-27,21,34.34,27.70742251525156,LightGBM
2017-05-27,22,33.98,26.46008225213399,LightGBM
2017-05-27,23,24.68,22.518247505993834,LightGBM
2017-05-28,0,20.72,23.176339078064306,LightGBM
2017-05-28,1,16.08,19.83541323197568,LightGBM
2017-05-28,2,18.66,18.479637440590405,LightGBM
2017-05-28,3,16.58,16.670958519837132,LightGBM
2017-05-28,4,14.25,17.523784328281945,LightGBM
2017-05-28,5,9.91,15.927077132116175,LightGBM
2017-05-28,6,14.36,17.92953060695722,LightGBM
2017-05-28,7,18.27,18.601884093563235,LightGBM
2017-05-28,8,19.04,18.137119867644184,LightGBM
2017-05-28,9,17.18,18.912302039398796,LightGBM
2017-05-28,10,11.65,17.358083676343185,LightGBM
2017-05-28,11,11.63,16.280655444322058,LightGBM
2017-05-28,12,15.07,14.468169192252944,LightGBM
2017-05-28,13,10.18,10.470034899326938,LightGBM
2017-05-28,14,10.08,9.806276809272708,LightGBM
2017-05-28,15,10.14,10.569689321681961,LightGBM
2017-05-28,16,10.08,14.321058345166533,LightGBM
2017-05-28,17,21.95,19.798905959496274,LightGBM
2017-05-28,18,31.05,27.367908287026427,LightGBM
2017-05-28,19,36.95,31.369159054588277,LightGBM
2017-05-28,20,38.66,34.82881068684373,LightGBM
2017-05-28,21,38.65,35.13070378274154,LightGBM
2017-05-28,22,40.66,36.94719142715173,LightGBM
2017-05-28,23,36.92,32.03852180117933,LightGBM
2017-05-29,0,29.02,29.597212166878663,LightGBM
2017-05-29,1,28.3,26.45797751791367,LightGBM
2017-05-29,2,26.27,26.258945010018238,LightGBM
2017-05-29,3,25.6,25.857304934971403,LightGBM
2017-05-29,4,25.6,24.705497342503236,LightGBM
2017-05-29,5,26.4,27.955667902395476,LightGBM
2017-05-29,6,35.97,37.459885993785846,LightGBM
2017-05-29,7,42.7,43.46138791961799,LightGBM
2017-05-29,8,43.06,44.098331319859724,LightGBM
2017-05-29,9,42.71,41.15829559738221,LightGBM
2017-05-29,10,41.82,36.88340254284927,LightGBM
2017-05-29,11,41.32,36.05301265394196,LightGBM
2017-05-29,12,37.99,34.39581480216771,LightGBM
2017-05-29,13,37.41,32.77579242903972,LightGBM
2017-05-29,14,35.58,31.023437737958,LightGBM
2017-05-29,15,36.32,32.31084991517171,LightGBM
2017-05-29,16,37.91,33.15167508166824,LightGBM
2017-05-29,17,42.18,37.87502011029659,LightGBM
2017-05-29,18,44.08,40.5418808747148,LightGBM
2017-05-29,19,46.15,46.04519856521264,LightGBM
2017-05-29,20,43.76,44.92052199745478,LightGBM
2017-05-29,21,42.02,40.545555728436646,LightGBM
2017-05-29,22,40.91,39.996258672867455,LightGBM
2017-05-29,23,32.69,32.22017977599903,LightGBM
2017-05-30,0,35.81,31.017750380087072,LightGBM
2017-05-30,1,32.55,29.773406473881195,LightGBM
2017-05-30,2,30.93,28.808565125528713,LightGBM
2017-05-30,3,28.77,27.494856577388028,LightGBM
2017-05-30,4,28.41,27.25952369780987,LightGBM
2017-05-30,5,31.3,30.149304839972373,LightGBM
2017-05-30,6,38.05,36.821994241590886,LightGBM
2017-05-30,7,49.6,43.85883768601055,LightGBM
2017-05-30,8,52.23,45.04458841436426,LightGBM
2017-05-30,9,50.08,41.695129384646435,LightGBM
2017-05-30,10,45.02,39.44454225061151,LightGBM
2017-05-30,11,43.26,36.94052651890075,LightGBM
2017-05-30,12,35.0,33.07412422476692,LightGBM
2017-05-30,13,31.09,30.64267627226513,LightGBM
2017-05-30,14,30.3,30.685096817151056,LightGBM
2017-05-30,15,30.95,30.18201060995691,LightGBM
2017-05-30,16,31.57,30.371431858236946,LightGBM
2017-05-30,17,35.1,35.03652920243998,LightGBM
2017-05-30,18,39.91,38.46221127552184,LightGBM
2017-05-30,19,41.96,39.86923185625505,LightGBM
2017-05-30,20,40.06,40.265756178248324,LightGBM
2017-05-30,21,39.21,37.790253528815825,LightGBM
2017-05-30,22,34.44,33.91739610556337,LightGBM
2017-05-30,23,28.44,29.235953168921444,LightGBM
2017-05-31,0,28.68,27.2252254536087,LightGBM
2017-05-31,1,28.38,26.057459006174966,LightGBM
2017-05-31,2,27.28,24.9985977968678,LightGBM
2017-05-31,3,27.09,24.444462967989015,LightGBM
2017-05-31,4,27.37,23.852917722660298,LightGBM
2017-05-31,5,28.33,26.569625954953278,LightGBM
2017-05-31,6,32.09,34.1956359759056,LightGBM
2017-05-31,7,39.07,40.51264021833044,LightGBM
2017-05-31,8,39.94,39.69747267240269,LightGBM
2017-05-31,9,35.13,34.86840860452499,LightGBM
2017-05-31,10,30.08,29.560552819019016,LightGBM
2017-05-31,11,29.61,28.72355689388117,LightGBM
2017-05-31,12,29.75,24.967934862160007,LightGBM
2017-05-31,13,28.7,23.201676719435916,LightGBM
2017-05-31,14,28.37,21.067435732425643,LightGBM
2017-05-31,15,29.98,23.4714197375499,LightGBM
2017-05-31,16,29.9,25.625017361665545,LightGBM
2017-05-31,17,35.29,29.56727993893364,LightGBM
2017-05-31,18,38.95,35.34863814342723,LightGBM
2017-05-31,19,42.11,41.33747486090878,LightGBM
2017-05-31,20,41.45,40.42773902608094,LightGBM
2017-05-31,21,41.75,39.36914158760566,LightGBM
2017-05-31,22,40.51,37.42702332540077,LightGBM
2017-05-31,23,31.2,32.81272718624918,LightGBM
2017-06-01,0,30.51,30.70591809694367,LightGBM
2017-06-01,1,28.85,29.30505414196048,LightGBM
2017-06-01,2,28.94,28.97689733761503,LightGBM
2017-06-01,3,29.1,28.819321123581567,LightGBM
2017-06-01,4,28.8,28.291597297146275,LightGBM
2017-06-01,5,28.81,28.031748581246088,LightGBM
2017-06-01,6,34.43,33.517032557755876,LightGBM
2017-06-01,7,39.35,40.74614893916122,LightGBM
2017-06-01,8,41.28,42.89877420376635,LightGBM
2017-06-01,9,38.03,36.96445809470837,LightGBM
2017-06-01,10,33.24,34.35319704822055,LightGBM
2017-06-01,11,33.0,32.19609276243238,LightGBM
2017-06-01,12,31.01,30.639020222664875,LightGBM
2017-06-01,13,31.86,28.20608365753257,LightGBM
2017-06-01,14,31.34,28.160128255109257,LightGBM
2017-06-01,15,34.08,29.35378620568803,LightGBM
2017-06-01,16,35.08,30.756891471659753,LightGBM
2017-06-01,17,40.96,35.99842332566245,LightGBM
2017-06-01,18,44.92,39.73758136968733,LightGBM
2017-06-01,19,50.0,42.43398357162934,LightGBM
2017-06-01,20,46.88,44.05045935550928,LightGBM
2017-06-01,21,44.91,42.789886156791376,LightGBM
2017-06-01,22,44.95,41.29615664233979,LightGBM
2017-06-01,23,39.94,35.12137024778625,LightGBM
2017-06-02,0,30.41,34.481684216782995,LightGBM
2017-06-02,1,29.32,33.27402623960969,LightGBM
2017-06-02,2,28.38,32.022775222436024,LightGBM
2017-06-02,3,28.04,30.690328785240613,LightGBM
2017-06-02,4,28.32,30.86807661638677,LightGBM
2017-06-02,5,28.36,31.554656576463973,LightGBM
2017-06-02,6,35.33,38.645384277013335,LightGBM
2017-06-02,7,40.24,43.81790465869312,LightGBM
2017-06-02,8,41.5,45.65110498105467,LightGBM
2017-06-02,9,39.96,42.47801864506511,LightGBM
2017-06-02,10,38.67,40.4740866153559,LightGBM
2017-06-02,11,37.89,37.772475674442205,LightGBM
2017-06-02,12,37.34,35.985815112466994,LightGBM
2017-06-02,13,35.08,34.28715328640787,LightGBM
2017-06-02,14,33.62,32.345376885590156,LightGBM
2017-06-02,15,34.82,32.47712088292506,LightGBM
2017-06-02,16,35.96,34.21171798750627,LightGBM
2017-06-02,17,39.7,39.88958682288403,LightGBM
2017-06-02,18,42.78,43.586122227665975,LightGBM
2017-06-02,19,44.9,44.27862898468602,LightGBM
2017-06-02,20,43.52,43.961803878991304,LightGBM
2017-06-02,21,41.98,42.16286194194147,LightGBM
2017-06-02,22,41.96,41.13839969951455,LightGBM
2017-06-02,23,36.64,34.54017946595507,LightGBM
2017-06-03,0,30.08,32.64216382726419,LightGBM
2017-06-03,1,30.76,30.474636691509602,LightGBM
2017-06-03,2,28.74,29.214463354656722,LightGBM
2017-06-03,3,27.06,28.587070182460835,LightGBM
2017-06-03,4,26.49,27.5188864703327,LightGBM
2017-06-03,5,25.0,28.01108658069964,LightGBM
2017-06-03,6,26.51,28.252822465118754,LightGBM
2017-06-03,7,26.89,30.510372869016457,LightGBM
2017-06-03,8,30.79,32.20421540008736,LightGBM
2017-06-03,9,31.25,35.01566896229451,LightGBM
2017-06-03,10,28.31,31.558474506858612,LightGBM
2017-06-03,11,27.03,30.584455978510228,LightGBM
2017-06-03,12,26.49,29.30834417502018,LightGBM
2017-06-03,13,26.93,28.73827440438155,LightGBM
2017-06-03,14,26.71,25.86657571525869,LightGBM
2017-06-03,15,26.97,27.458899803732404,LightGBM
2017-06-03,16,28.29,27.62933558033242,LightGBM
2017-06-03,17,33.94,32.9798569582776,LightGBM
2017-06-03,18,37.3,38.1661582936675,LightGBM
2017-06-03,19,38.16,38.945561958376196,LightGBM
2017-06-03,20,36.96,40.48561392564791,LightGBM
2017-06-03,21,36.97,38.27518441560229,LightGBM
2017-06-03,22,38.57,37.16107174763234,LightGBM
2017-06-03,23,35.91,32.20686063169472,LightGBM
2017-06-04,0,29.93,29.010710908380354,LightGBM
2017-06-04,1,26.93,26.487895455474273,LightGBM
2017-06-04,2,23.24,25.00986058255081,LightGBM
2017-06-04,3,22.54,22.949924307745036,LightGBM
2017-06-04,4,21.58,22.475174794654876,LightGBM
2017-06-04,5,19.5,20.548144594717577,LightGBM
2017-06-04,6,19.85,20.615390012327904,LightGBM
2017-06-04,7,20.33,21.58873906631415,LightGBM
2017-06-04,8,22.55,22.966021335989126,LightGBM
2017-06-04,9,23.79,23.071423463432772,LightGBM
2017-06-04,10,22.99,23.04680509525821,LightGBM
2017-06-04,11,23.06,24.063440758786808,LightGBM
2017-06-04,12,19.34,21.891569279777848,LightGBM
2017-06-04,13,15.08,15.716653013364418,LightGBM
2017-06-04,14,9.98,14.743770881670205,LightGBM
2017-06-04,15,10.41,13.960814023798847,LightGBM
2017-06-04,16,3.43,15.917070473035283,LightGBM
2017-06-04,17,10.23,21.4041452508558,LightGBM
2017-06-04,18,25.76,27.882935337500076,LightGBM
2017-06-04,19,31.06,31.673862057324737,LightGBM
2017-06-04,20,34.91,33.50626729220395,LightGBM
2017-06-04,21,34.99,35.88832033321134,LightGBM
2017-06-04,22,39.91,37.76613166287762,LightGBM
2017-06-04,23,34.9,31.629865061731625,LightGBM
2017-06-05,0,28.92,28.921944178704972,LightGBM
2017-06-05,1,24.72,25.144343972535708,LightGBM
2017-06-05,2,23.09,23.360016116915613,LightGBM
2017-06-05,3,22.22,22.313945318874957,LightGBM
2017-06-05,4,22.19,21.70794843814196,LightGBM
2017-06-05,5,23.09,22.761993018863016,LightGBM
2017-06-05,6,24.1,25.893690318362296,LightGBM
2017-06-05,7,24.62,26.739565975625833,LightGBM
2017-06-05,8,27.02,26.616185867704836,LightGBM
2017-06-05,9,27.12,25.27237045093456,LightGBM
2017-06-05,10,24.35,25.210269726347974,LightGBM
2017-06-05,11,25.31,25.76794313017553,LightGBM
2017-06-05,12,24.52,24.734764920098826,LightGBM
2017-06-05,13,24.11,21.645958982054,LightGBM
2017-06-05,14,23.08,22.30721083837348,LightGBM
2017-06-05,15,23.84,21.283185314393187,LightGBM
2017-06-05,16,26.86,25.424551650907215,LightGBM
2017-06-05,17,30.02,30.439451269047986,LightGBM
2017-06-05,18,35.94,37.11761856033541,LightGBM
2017-06-05,19,39.01,40.63992594372646,LightGBM
2017-06-05,20,39.65,39.797819155096164,LightGBM
2017-06-05,21,38.61,38.02692199467904,LightGBM
2017-06-05,22,38.42,39.07232226538238,LightGBM
2017-06-05,23,30.14,32.4220777490203,LightGBM
2017-06-06,0,24.22,28.065810743979164,LightGBM
2017-06-06,1,19.3,25.525137758433473,LightGBM
2017-06-06,2,14.49,24.434081532827395,LightGBM
2017-06-06,3,10.54,20.933634923849766,LightGBM
2017-06-06,4,10.22,20.944847156481263,LightGBM
2017-06-06,5,13.38,25.767989773859924,LightGBM
2017-06-06,6,29.22,34.30911506112294,LightGBM
2017-06-06,7,30.36,41.4754168079406,LightGBM
2017-06-06,8,36.08,40.615900261861924,LightGBM
2017-06-06,9,30.11,38.65440919744019,LightGBM
2017-06-06,10,28.09,35.93367047586769,LightGBM
2017-06-06,11,27.27,31.892285777785165,LightGBM
2017-06-06,12,25.95,28.338442084684235,LightGBM
2017-06-06,13,23.45,23.95137492256771,LightGBM
2017-06-06,14,22.67,22.99649695765066,LightGBM
2017-06-06,15,19.94,22.49842813234522,LightGBM
2017-06-06,16,18.62,23.016793786921728,LightGBM
2017-06-06,17,20.04,26.606089113492114,LightGBM
2017-06-06,18,22.72,28.543586735583,LightGBM
2017-06-06,19,23.08,30.345911821718996,LightGBM
2017-06-06,20,21.92,30.380707336206704,LightGBM
2017-06-06,21,20.44,30.268462447037898,LightGBM
2017-06-06,22,20.23,27.63856375700863,LightGBM
2017-06-06,23,4.39,19.726989274927167,LightGBM
2017-06-07,0,10.67,5.6401593878063,LightGBM
2017-06-07,1,8.8,0.9585657383146292,LightGBM
2017-06-07,2,6.82,-0.49583189812010925,LightGBM
2017-06-07,3,2.1,0.30167100783419176,LightGBM
2017-06-07,4,1.74,3.988984347622315,LightGBM
2017-06-07,5,5.26,10.052168704013402,LightGBM
2017-06-07,6,12.33,19.433685510193005,LightGBM
2017-06-07,7,23.07,25.15164171528971,LightGBM
2017-06-07,8,18.06,26.50935630818481,LightGBM
2017-06-07,9,10.05,23.88627797529051,LightGBM
2017-06-07,10,9.66,23.496181733139604,LightGBM
2017-06-07,11,10.3,24.9277018983184,LightGBM
2017-06-07,12,9.65,20.742120231128776,LightGBM
2017-06-07,13,10.19,19.810861063781537,LightGBM
2017-06-07,14,8.97,17.25664716326789,LightGBM
2017-06-07,15,9.71,18.48981925692252,LightGBM
2017-06-07,16,10.17,18.441588374976302,LightGBM
2017-06-07,17,11.79,23.347413354369525,LightGBM
2017-06-07,18,20.37,27.152105080076684,LightGBM
2017-06-07,19,25.78,29.10349292815322,LightGBM
2017-06-07,20,24.08,27.309060946515537,LightGBM
2017-06-07,21,25.56,25.33433744205927,LightGBM
2017-06-07,22,25.45,23.44457578782161,LightGBM
2017-06-07,23,18.93,16.304915528860082,LightGBM
2017-06-08,0,14.09,17.754911602075644,LightGBM
2017-06-08,1,10.2,15.165072964379842,LightGBM
2017-06-08,2,9.91,14.098734429046852,LightGBM
2017-06-08,3,9.86,14.84612335716682,LightGBM
2017-06-08,4,9.92,14.105012845156292,LightGBM
2017-06-08,5,19.06,18.565289892118102,LightGBM
2017-06-08,6,32.77,28.12549872998885,LightGBM
2017-06-08,7,35.51,36.42204519137975,LightGBM
2017-06-08,8,35.51,38.239507858231555,LightGBM
2017-06-08,9,33.65,33.789560772648805,LightGBM
2017-06-08,10,32.25,30.488159526894894,LightGBM
2017-06-08,11,32.45,29.073639344665263,LightGBM
2017-06-08,12,31.13,28.771456637425274,LightGBM
2017-06-08,13,30.0,27.194051926300716,LightGBM
2017-06-08,14,29.88,26.698067909671593,LightGBM
2017-06-08,15,30.02,27.549334369628077,LightGBM
2017-06-08,16,31.65,28.892763872126395,LightGBM
2017-06-08,17,34.79,31.988911446172512,LightGBM
2017-06-08,18,38.01,37.634325195790936,LightGBM
2017-06-08,19,43.91,43.29333903483696,LightGBM
2017-06-08,20,41.87,43.656513866366005,LightGBM
2017-06-08,21,37.6,37.974000555173895,LightGBM
2017-06-08,22,36.13,36.45473649019018,LightGBM
2017-06-08,23,30.75,30.859734704561852,LightGBM
2017-06-09,0,28.18,28.796208693395382,LightGBM
2017-06-09,1,27.92,26.99529676194245,LightGBM
2017-06-09,2,25.88,26.12085595747177,LightGBM
2017-06-09,3,24.63,24.751460701766227,LightGBM
2017-06-09,4,24.9,25.476787627262894,LightGBM
2017-06-09,5,28.21,28.08967585910358,LightGBM
2017-06-09,6,33.29,31.88875691998256,LightGBM
2017-06-09,7,39.38,38.624145907063465,LightGBM
2017-06-09,8,42.59,39.13086853509165,LightGBM
2017-06-09,9,40.59,36.13769914619377,LightGBM
2017-06-09,10,40.22,34.989968918150076,LightGBM
2017-06-09,11,40.81,33.51682214048453,LightGBM
2017-06-09,12,36.38,30.311567912071485,LightGBM
2017-06-09,13,33.83,28.045482103033848,LightGBM
2017-06-09,14,31.05,27.522428113791225,LightGBM
2017-06-09,15,29.09,27.969611704972305,LightGBM
2017-06-09,16,29.69,28.74733386995664,LightGBM
2017-06-09,17,31.44,32.354616270436665,LightGBM
2017-06-09,18,33.2,34.38204237465802,LightGBM
2017-06-09,19,35.07,38.12544984858079,LightGBM
2017-06-09,20,34.97,37.97198797235884,LightGBM
2017-06-09,21,35.9,35.550137475515925,LightGBM
2017-06-09,22,37.86,34.82679991875698,LightGBM
2017-06-09,23,36.01,29.569552544791776,LightGBM
2017-06-10,0,34.65,30.102320684429976,LightGBM
2017-06-10,1,31.92,28.50475198696789,LightGBM
2017-06-10,2,28.9,27.185020439358375,LightGBM
2017-06-10,3,27.68,26.42771468580489,LightGBM
2017-06-10,4,27.06,25.554597160527283,LightGBM
2017-06-10,5,27.05,24.908503088762924,LightGBM
2017-06-10,6,27.79,25.396257968483333,LightGBM
2017-06-10,7,29.71,26.904136831105195,LightGBM
2017-06-10,8,30.9,28.09009082484543,LightGBM
2017-06-10,9,31.94,27.835010577970223,LightGBM
2017-06-10,10,29.9,26.51823222056638,LightGBM
2017-06-10,11,29.94,23.782621717291768,LightGBM
2017-06-10,12,28.35,23.408606106593368,LightGBM
2017-06-10,13,25.86,21.515258756054056,LightGBM
2017-06-10,14,25.01,20.048375361723682,LightGBM
2017-06-10,15,25.03,21.731629889768303,LightGBM
2017-06-10,16,26.6,23.619219792236983,LightGBM
2017-06-10,17,29.1,29.59175738591028,LightGBM
2017-06-10,18,35.41,34.27180740242066,LightGBM
2017-06-10,19,38.24,37.55659459801551,LightGBM
2017-06-10,20,38.78,38.0612483396479,LightGBM
2017-06-10,21,38.28,37.35480554836088,LightGBM
2017-06-10,22,39.68,39.06822500343838,LightGBM
2017-06-10,23,36.94,32.82750809423149,LightGBM
2017-06-11,0,29.1,28.852149708934668,LightGBM
2017-06-11,1,25.12,26.3884799989887,LightGBM
2017-06-11,2,21.78,24.823741637247043,LightGBM
2017-06-11,3,18.0,22.988269699259043,LightGBM
2017-06-11,4,15.39,21.6159230005169,LightGBM
2017-06-11,5,12.6,20.299327084251807,LightGBM
2017-06-11,6,12.84,18.79855863152464,LightGBM
2017-06-11,7,16.49,20.647772613453558,LightGBM
2017-06-11,8,18.0,19.57866571931865,LightGBM
2017-06-11,9,18.75,19.945419242866514,LightGBM
2017-06-11,10,18.95,18.363677755804545,LightGBM
2017-06-11,11,20.58,18.416513790811447,LightGBM
2017-06-11,12,10.19,19.030596681368294,LightGBM
2017-06-11,13,8.35,15.031321089820633,LightGBM
2017-06-11,14,10.34,13.122101611965725,LightGBM
2017-06-11,15,10.18,11.77367260765543,LightGBM
2017-06-11,16,18.87,15.419779820084443,LightGBM
2017-06-11,17,23.58,21.01579968352705,LightGBM
2017-06-11,18,30.36,26.937441328096217,LightGBM
2017-06-11,19,33.13,30.100394962360383,LightGBM
2017-06-11,20,33.62,32.94716426186998,LightGBM
2017-06-11,21,33.4,32.786005177124444,LightGBM
2017-06-11,22,33.7,33.79899006540775,LightGBM
2017-06-11,23,28.61,26.945235587797594,LightGBM
2017-06-12,0,25.02,23.71450368521414,LightGBM
2017-06-12,1,20.66,21.44069088206602,LightGBM
2017-06-12,2,18.15,19.112002281554624,LightGBM
2017-06-12,3,14.6,16.528067880231685,LightGBM
2017-06-12,4,15.66,17.368304998148293,LightGBM
2017-06-12,5,20.37,18.126271765940615,LightGBM
2017-06-12,6,30.08,26.96482569197553,LightGBM
2017-06-12,7,36.04,33.670960829231056,LightGBM
2017-06-12,8,36.45,33.72912354129162,LightGBM
2017-06-12,9,34.49,28.443552414335308,LightGBM
2017-06-12,10,28.81,23.245217333027025,LightGBM
2017-06-12,11,26.83,20.809678285198082,LightGBM
2017-06-12,12,18.51,18.04769743622128,LightGBM
2017-06-12,13,11.31,15.943960919115561,LightGBM
2017-06-12,14,10.92,13.93101430284209,LightGBM
2017-06-12,15,11.72,16.711131404218982,LightGBM
2017-06-12,16,10.01,17.643889723737967,LightGBM
2017-06-12,17,19.77,20.061046811383036,LightGBM
2017-06-12,18,28.98,26.626743321644714,LightGBM
2017-06-12,19,35.91,30.474701492587958,LightGBM
2017-06-12,20,35.91,30.120692574579998,LightGBM
2017-06-12,21,35.43,28.161080933805668,LightGBM
2017-06-12,22,36.99,26.248574187844515,LightGBM
2017-06-12,23,29.97,20.490042764900533,LightGBM
2017-06-13,0,28.06,27.558090246913967,LightGBM
2017-06-13,1,27.0,26.15478724727673,LightGBM
2017-06-13,2,24.63,25.6056222897855,LightGBM
2017-06-13,3,23.47,23.446297839292637,LightGBM
2017-06-13,4,23.95,24.206524119203493,LightGBM
2017-06-13,5,25.5,24.92909373800155,LightGBM
2017-06-13,6,33.12,33.22052844618988,LightGBM
2017-06-13,7,39.47,36.78515626282982,LightGBM
2017-06-13,8,40.0,37.933607816311145,LightGBM
2017-06-13,9,33.9,33.67305479485463,LightGBM
2017-06-13,10,29.92,29.268265692478263,LightGBM
2017-06-13,11,29.65,26.393000377485237,LightGBM
2017-06-13,12,28.07,25.65169201615994,LightGBM
2017-06-13,13,28.43,25.87042261995234,LightGBM
2017-06-13,14,28.46,22.622634114478878,LightGBM
2017-06-13,15,29.17,24.22678907062948,LightGBM
2017-06-13,16,33.98,25.706358160146046,LightGBM
2017-06-13,17,36.9,27.601401263034596,LightGBM
2017-06-13,18,38.52,34.91919741735843,LightGBM
2017-06-13,19,42.92,39.54705837061568,LightGBM
2017-06-13,20,41.95,38.57416389818606,LightGBM
2017-06-13,21,40.96,38.782408732233414,LightGBM
2017-06-13,22,41.12,38.63315817447236,LightGBM
2017-06-13,23,36.9,33.82507730035696,LightGBM
2017-06-14,0,32.21,31.240414660529723,LightGBM
2017-06-14,1,29.18,28.553065892831164,LightGBM
2017-06-14,2,28.95,28.312852965150377,LightGBM
2017-06-14,3,27.86,26.297211512652844,LightGBM
2017-06-14,4,27.5,27.227960653260883,LightGBM
2017-06-14,5,28.98,28.07057472560451,LightGBM
2017-06-14,6,34.4,34.082824406245315,LightGBM
2017-06-14,7,41.26,39.95483106698365,LightGBM
2017-06-14,8,43.76,41.73578910825347,LightGBM
2017-06-14,9,41.63,37.78850887280821,LightGBM
2017-06-14,10,41.12,34.44888886015942,LightGBM
2017-06-14,11,39.93,32.89521374890428,LightGBM
2017-06-14,12,36.94,30.3426324886379,LightGBM
2017-06-14,13,35.99,30.47838019875592,LightGBM
2017-06-14,14,35.92,30.649919418796575,LightGBM
2017-06-14,15,35.02,30.56703180394194,LightGBM
2017-06-14,16,35.85,32.79737180474204,LightGBM
2017-06-14,17,40.53,34.352825081606014,LightGBM
2017-06-14,18,45.26,37.213363454214814,LightGBM
2017-06-14,19,49.95,40.280416054428564,LightGBM
2017-06-14,20,44.64,40.47317538127796,LightGBM
2017-06-14,21,42.91,41.32766694212157,LightGBM
2017-06-14,22,42.8,38.928945908592375,LightGBM
2017-06-14,23,35.44,34.72388656087316,LightGBM
2017-06-15,0,33.0,31.5444149966921,LightGBM
2017-06-15,1,31.04,30.03155391587994,LightGBM
2017-06-15,2,30.97,28.26608562589364,LightGBM
2017-06-15,3,29.39,27.06020193449181,LightGBM
2017-06-15,4,28.8,26.356032326479767,LightGBM
2017-06-15,5,28.88,27.006259962742988,LightGBM
2017-06-15,6,32.02,28.740629124762243,LightGBM
2017-06-15,7,37.81,29.622172229320434,LightGBM
2017-06-15,8,38.0,30.539736297768933,LightGBM
2017-06-15,9,35.49,29.286533212274904,LightGBM
2017-06-15,10,29.95,27.478967663609865,LightGBM
2017-06-15,11,31.97,26.4083276987635,LightGBM
2017-06-15,12,28.44,24.553849110574145,LightGBM
2017-06-15,13,27.73,22.58385907242771,LightGBM
2017-06-15,14,28.55,20.534414784559107,LightGBM
2017-06-15,15,27.16,21.41920122271167,LightGBM
2017-06-15,16,29.51,25.778875810461642,LightGBM
2017-06-15,17,33.81,29.386210135991657,LightGBM
2017-06-15,18,36.9,37.413120793800054,LightGBM
2017-06-15,19,37.01,40.434737516663354,LightGBM
2017-06-15,20,36.62,39.24723529232098,LightGBM
2017-06-15,21,35.02,37.62930081422015,LightGBM
2017-06-15,22,34.58,36.88797106820759,LightGBM
2017-06-15,23,30.0,30.42397055041166,LightGBM
2017-06-16,0,28.5,26.73823045787882,LightGBM
2017-06-16,1,23.93,24.99963625710694,LightGBM
2017-06-16,2,22.0,22.18038104580961,LightGBM
2017-06-16,3,21.07,19.062112203221304,LightGBM
2017-06-16,4,21.05,18.449531920776643,LightGBM
2017-06-16,5,22.41,21.87525623461023,LightGBM
2017-06-16,6,28.69,29.347070947886543,LightGBM
2017-06-16,7,33.53,33.21194500813147,LightGBM
2017-06-16,8,28.66,34.94273566394832,LightGBM
2017-06-16,9,27.32,30.402754103495162,LightGBM
2017-06-16,10,21.97,26.52752929543332,LightGBM
2017-06-16,11,18.84,25.539450604334444,LightGBM
2017-06-16,12,9.82,21.80320375583799,LightGBM
2017-06-16,13,7.53,17.432064012560485,LightGBM
2017-06-16,14,0.88,14.920344136702063,LightGBM
2017-06-16,15,1.52,17.083227026213006,LightGBM
2017-06-16,16,7.51,16.87604329564807,LightGBM
2017-06-16,17,10.1,22.00990531307023,LightGBM
2017-06-16,18,20.73,26.642727045746167,LightGBM
2017-06-16,19,25.08,30.40459920754118,LightGBM
2017-06-16,20,26.49,28.398353306309392,LightGBM
2017-06-16,21,26.56,26.588856806082653,LightGBM
2017-06-16,22,28.67,28.364357484850714,LightGBM
2017-06-16,23,21.83,22.686803906220586,LightGBM
2017-06-17,0,19.81,17.933706505742535,LightGBM
2017-06-17,1,14.97,16.87343761016513,LightGBM
2017-06-17,2,17.08,15.816510534511789,LightGBM
2017-06-17,3,19.49,13.03350358625094,LightGBM
2017-06-17,4,18.46,14.874677987642382,LightGBM
2017-06-17,5,19.77,16.477999724102407,LightGBM
2017-06-17,6,19.14,17.433246275682812,LightGBM
2017-06-17,7,21.0,19.52171770627032,LightGBM
2017-06-17,8,23.01,21.158345387971604,LightGBM
2017-06-17,9,23.49,22.177944214443496,LightGBM
2017-06-17,10,22.76,19.013685088603683,LightGBM
2017-06-17,11,22.35,19.58560033802116,LightGBM
2017-06-17,12,21.03,17.272214104675207,LightGBM
2017-06-17,13,21.08,15.153328654673023,LightGBM
2017-06-17,14,20.16,15.10111505843471,LightGBM
2017-06-17,15,20.1,16.260651839669176,LightGBM
2017-06-17,16,22.68,17.80072599019499,LightGBM
2017-06-17,17,27.62,23.85023438336946,LightGBM
2017-06-17,18,31.63,29.86531937245531,LightGBM
2017-06-17,19,35.1,34.39975593577362,LightGBM
2017-06-17,20,35.83,37.56535337226561,LightGBM
2017-06-17,21,36.97,37.52853491110168,LightGBM
2017-06-17,22,38.0,38.04562660349507,LightGBM
2017-06-17,23,35.85,33.55318626997672,LightGBM
2017-06-18,0,35.99,28.046286725617104,LightGBM
2017-06-18,1,30.08,25.41680588530548,LightGBM
2017-06-18,2,28.53,23.2866379936796,LightGBM
2017-06-18,3,26.81,22.45325805381745,LightGBM
2017-06-18,4,25.11,21.6681557901175,LightGBM
2017-06-18,5,24.29,20.593608728326377,LightGBM
2017-06-18,6,24.33,20.218009429815883,LightGBM
2017-06-18,7,25.68,21.13670378280262,LightGBM
2017-06-18,8,25.54,21.217668436590383,LightGBM
2017-06-18,9,24.4,20.521186280004986,LightGBM
2017-06-18,10,24.34,20.545730005667192,LightGBM
2017-06-18,11,24.24,21.17072714821133,LightGBM
2017-06-18,12,24.13,20.308996805525155,LightGBM
2017-06-18,13,23.53,16.509661189418342,LightGBM
2017-06-18,14,21.98,15.46173807526727,LightGBM
2017-06-18,15,22.9,14.214916716420202,LightGBM
2017-06-18,16,23.6,16.780946920713124,LightGBM
2017-06-18,17,27.18,23.71076702097074,LightGBM
2017-06-18,18,33.52,28.32288585872094,LightGBM
2017-06-18,19,37.48,32.95402836260142,LightGBM
2017-06-18,20,38.98,33.49519495779873,LightGBM
2017-06-18,21,39.09,35.44968909117777,LightGBM
2017-06-18,22,41.22,37.109470273232105,LightGBM
2017-06-18,23,37.08,32.882202558837754,LightGBM
2017-06-19,0,33.88,30.16621089140678,LightGBM
2017-06-19,1,30.2,27.586767483687787,LightGBM
2017-06-19,2,29.1,26.404587209375926,LightGBM
2017-06-19,3,28.67,25.70916730616454,LightGBM
2017-06-19,4,28.57,26.30425192691943,LightGBM
2017-06-19,5,29.1,28.585185308773813,LightGBM
2017-06-19,6,38.3,37.11424049476369,LightGBM
2017-06-19,7,42.97,40.85191424692373,LightGBM
2017-06-19,8,44.03,44.09850916354066,LightGBM
2017-06-19,9,40.98,40.05124300569642,LightGBM
2017-06-19,10,38.24,34.8367900187282,LightGBM
2017-06-19,11,38.49,34.46077096280358,LightGBM
2017-06-19,12,34.96,30.30386650370093,LightGBM
2017-06-19,13,35.06,29.91509225656866,LightGBM
2017-06-19,14,35.88,30.25168674300805,LightGBM
2017-06-19,15,38.33,30.289910137771447,LightGBM
2017-06-19,16,39.51,32.555003864339845,LightGBM
2017-06-19,17,42.1,33.8748591771113,LightGBM
2017-06-19,18,45.6,40.3607601711674,LightGBM
2017-06-19,19,49.99,42.73370422616558,LightGBM
2017-06-19,20,45.4,42.6792556595536,LightGBM
2017-06-19,21,44.13,41.213335548069686,LightGBM
2017-06-19,22,43.68,40.059782461182685,LightGBM
2017-06-19,23,36.66,34.335666519799574,LightGBM
2017-06-20,0,32.39,31.692411023354357,LightGBM
2017-06-20,1,32.1,30.99269015035821,LightGBM
2017-06-20,2,30.15,29.480240347009882,LightGBM
2017-06-20,3,28.74,30.004501704227486,LightGBM
2017-06-20,4,28.47,28.33533155119888,LightGBM
2017-06-20,5,30.47,30.78264724494885,LightGBM
2017-06-20,6,36.81,37.02550401805746,LightGBM
2017-06-20,7,43.36,44.77162290977518,LightGBM
2017-06-20,8,44.02,44.2790896499655,LightGBM
2017-06-20,9,42.3,42.566692074301656,LightGBM
2017-06-20,10,39.66,38.47667837968402,LightGBM
2017-06-20,11,36.99,39.06429898834801,LightGBM
2017-06-20,12,32.75,35.19744114988042,LightGBM
2017-06-20,13,32.0,31.563974111815565,LightGBM
2017-06-20,14,31.84,30.301081938449585,LightGBM
2017-06-20,15,31.86,30.650444655465186,LightGBM
2017-06-20,16,31.99,31.360355299502583,LightGBM
2017-06-20,17,37.34,35.88434731073056,LightGBM
2017-06-20,18,38.08,40.41382749974903,LightGBM
2017-06-20,19,39.71,41.966247497402215,LightGBM
2017-06-20,20,39.95,40.63863340915972,LightGBM
2017-06-20,21,38.9,39.865983041655376,LightGBM
2017-06-20,22,38.57,37.63673820148587,LightGBM
2017-06-20,23,34.91,31.45996723630977,LightGBM
2017-06-21,0,32.05,31.30207607720754,LightGBM
2017-06-21,1,31.94,31.019429114606638,LightGBM
2017-06-21,2,31.34,29.737656755506123,LightGBM
2017-06-21,3,30.87,29.856255609907617,LightGBM
2017-06-21,4,30.68,30.6173108447105,LightGBM
2017-06-21,5,30.92,31.538744665106815,LightGBM
2017-06-21,6,38.41,37.5932152957433,LightGBM
2017-06-21,7,44.02,45.58927112922352,LightGBM
2017-06-21,8,44.65,47.74659826046237,LightGBM
2017-06-21,9,43.24,42.0558525715565,LightGBM
2017-06-21,10,40.06,38.96256792004057,LightGBM
2017-06-21,11,39.54,37.67113441822883,LightGBM
2017-06-21,12,37.64,35.79150560520383,LightGBM
2017-06-21,13,36.09,33.91538075334087,LightGBM
2017-06-21,14,33.65,34.252737321963394,LightGBM
2017-06-21,15,34.69,34.672991503620004,LightGBM
2017-06-21,16,38.2,37.12446214396657,LightGBM
2017-06-21,17,45.64,40.41889215870809,LightGBM
2017-06-21,18,50.94,45.16627768043673,LightGBM
2017-06-21,19,56.95,47.1843426865128,LightGBM
2017-06-21,20,51.03,47.81716501766884,LightGBM
2017-06-21,21,45.44,45.325688297347995,LightGBM
2017-06-21,22,44.05,43.40118620773678,LightGBM
2017-06-21,23,36.68,36.0488066247936,LightGBM
2017-06-22,0,35.94,33.222024215381886,LightGBM
2017-06-22,1,34.45,31.653685450886364,LightGBM
2017-06-22,2,32.04,31.07170249168065,LightGBM
2017-06-22,3,30.96,30.695387307431854,LightGBM
2017-06-22,4,29.2,30.01177368370865,LightGBM
2017-06-22,5,30.2,31.062891187937595,LightGBM
2017-06-22,6,36.46,37.185226158327616,LightGBM
2017-06-22,7,42.39,46.0301378951724,LightGBM
2017-06-22,8,44.8,46.82196137251785,LightGBM
2017-06-22,9,40.88,43.01690304313458,LightGBM
2017-06-22,10,38.91,39.18378609901589,LightGBM
2017-06-22,11,37.15,37.634422175773004,LightGBM
2017-06-22,12,34.96,35.44032400449728,LightGBM
2017-06-22,13,31.71,31.082236823343724,LightGBM
2017-06-22,14,30.29,28.95158965216794,LightGBM
2017-06-22,15,30.37,29.04304734746392,LightGBM
2017-06-22,16,30.17,31.002702799777115,LightGBM
2017-06-22,17,37.43,35.55716169066521,LightGBM
2017-06-22,18,39.9,38.768372841190896,LightGBM
2017-06-22,19,41.91,43.58859841663343,LightGBM
2017-06-22,20,38.99,40.55875117574719,LightGBM
2017-06-22,21,37.56,38.591618506987075,LightGBM
2017-06-22,22,36.07,36.207900800318626,LightGBM
2017-06-22,23,30.95,32.32445098874152,LightGBM
2017-06-23,0,25.33,28.475249443996066,LightGBM
2017-06-23,1,23.55,27.86019169487005,LightGBM
2017-06-23,2,22.43,27.238723653261246,LightGBM
2017-06-23,3,21.41,26.10186016988813,LightGBM
2017-06-23,4,21.59,25.760349813112615,LightGBM
2017-06-23,5,23.34,28.707931445969606,LightGBM
2017-06-23,6,28.09,32.19318126471095,LightGBM
2017-06-23,7,36.26,40.20744266335402,LightGBM
2017-06-23,8,38.28,40.10738900639184,LightGBM
2017-06-23,9,34.09,36.097570412727094,LightGBM
2017-06-23,10,30.45,31.132900692214314,LightGBM
2017-06-23,11,29.05,31.27160482654497,LightGBM
2017-06-23,12,27.77,28.7302439348038,LightGBM
2017-06-23,13,26.1,25.209820071548837,LightGBM
2017-06-23,14,25.07,24.362048321161737,LightGBM
2017-06-23,15,24.98,26.168496651669283,LightGBM
2017-06-23,16,25.01,28.958179723061143,LightGBM
2017-06-23,17,29.06,34.829818004010384,LightGBM
2017-06-23,18,36.46,36.52941817961664,LightGBM
2017-06-23,19,38.42,41.5148900876303,LightGBM
2017-06-23,20,38.44,40.199118204570205,LightGBM
2017-06-23,21,37.98,39.899912365031845,LightGBM
2017-06-23,22,39.23,40.0460616363033,LightGBM
2017-06-23,23,36.43,35.54046947943992,LightGBM
2017-06-24,0,29.33,30.63371162325985,LightGBM
2017-06-24,1,28.01,28.07981383954349,LightGBM
2017-06-24,2,24.01,26.296738455390813,LightGBM
2017-06-24,3,23.02,25.399956293570835,LightGBM
2017-06-24,4,20.6,22.435398230786653,LightGBM
2017-06-24,5,19.99,23.27147249596668,LightGBM
2017-06-24,6,22.09,23.290370249788353,LightGBM
2017-06-24,7,24.53,24.147944616598366,LightGBM
2017-06-24,8,25.66,25.273195879080127,LightGBM
2017-06-24,9,24.8,22.6415928291328,LightGBM
2017-06-24,10,22.0,20.34022691552764,LightGBM
2017-06-24,11,11.82,18.563077490285583,LightGBM
2017-06-24,12,11.79,15.676558501060715,LightGBM
2017-06-24,13,10.32,13.22951292747699,LightGBM
2017-06-24,14,7.38,11.443344484841246,LightGBM
2017-06-24,15,9.77,11.977141453552719,LightGBM
2017-06-24,16,12.64,15.002252357479005,LightGBM
2017-06-24,17,20.31,19.27047740752968,LightGBM
2017-06-24,18,29.59,27.52670803250566,LightGBM
2017-06-24,19,31.07,31.917241993365877,LightGBM
2017-06-24,20,29.82,33.829064457017076,LightGBM
2017-06-24,21,31.38,35.74379330897121,LightGBM
2017-06-24,22,31.94,35.064066557156394,LightGBM
2017-06-24,23,29.75,32.21634052810955,LightGBM
2017-06-25,0,28.06,23.944275354940427,LightGBM
2017-06-25,1,23.59,21.09867893867076,LightGBM
2017-06-25,2,20.79,18.644178564257825,LightGBM
2017-06-25,3,18.25,16.60807775071862,LightGBM
2017-06-25,4,14.45,14.755109536905477,LightGBM
2017-06-25,5,10.25,14.612380380953153,LightGBM
2017-06-25,6,10.26,15.76981810403073,LightGBM
2017-06-25,7,17.69,14.990758329208793,LightGBM
2017-06-25,8,17.77,17.697126515198935,LightGBM
2017-06-25,9,16.11,16.57417787782239,LightGBM
2017-06-25,10,13.29,13.302097041266297,LightGBM
2017-06-25,11,13.61,14.159929903434296,LightGBM
2017-06-25,12,11.27,13.681671309596204,LightGBM
2017-06-25,13,7.32,9.06454811878257,LightGBM
2017-06-25,14,0.65,6.696936257487836,LightGBM
2017-06-25,15,3.3,7.3629448346288955,LightGBM
2017-06-25,16,8.17,9.99370985900956,LightGBM
2017-06-25,17,17.01,16.448802516433336,LightGBM
2017-06-25,18,21.69,23.005857942850323,LightGBM
2017-06-25,19,29.21,26.874087823275836,LightGBM
2017-06-25,20,33.94,30.916695123144315,LightGBM
2017-06-25,21,35.21,31.142152310499558,LightGBM
2017-06-25,22,38.91,31.148970545459086,LightGBM
2017-06-25,23,36.21,28.14081940516896,LightGBM
2017-06-26,0,33.29,28.613920003299143,LightGBM
2017-06-26,1,30.8,25.46315766644067,LightGBM
2017-06-26,2,28.03,25.201606328968822,LightGBM
2017-06-26,3,26.16,23.70402319853579,LightGBM
2017-06-26,4,23.96,22.021104964978118,LightGBM
2017-06-26,5,26.21,25.73729163844208,LightGBM
2017-06-26,6,37.12,33.301707133895526,LightGBM
2017-06-26,7,39.43,39.33927278199639,LightGBM
2017-06-26,8,38.98,40.30993375755258,LightGBM
2017-06-26,9,34.43,36.507488176065806,LightGBM
2017-06-26,10,28.85,33.32552522739651,LightGBM
2017-06-26,11,28.09,32.41188317613251,LightGBM
2017-06-26,12,27.49,30.796761849899028,LightGBM
2017-06-26,13,27.35,28.127248856457207,LightGBM
2017-06-26,14,26.2,27.48057066695143,LightGBM
2017-06-26,15,27.2,27.536510005714263,LightGBM
2017-06-26,16,28.03,28.246175461686605,LightGBM
2017-06-26,17,35.38,32.43400200223401,LightGBM
2017-06-26,18,39.9,37.217041364238995,LightGBM
2017-06-26,19,42.91,43.45484059896523,LightGBM
2017-06-26,20,41.58,42.5863047426461,LightGBM
2017-06-26,21,40.55,40.6006197561713,LightGBM
2017-06-26,22,42.4,41.270719894550936,LightGBM
2017-06-26,23,38.46,34.37181164719772,LightGBM
2017-06-27,0,31.07,33.85148120733452,LightGBM
2017-06-27,1,30.07,31.74623193703972,LightGBM
2017-06-27,2,29.09,31.172014594112,LightGBM
2017-06-27,3,29.04,30.45194970803667,LightGBM
2017-06-27,4,28.69,28.734290106118895,LightGBM
2017-06-27,5,29.41,31.290854292288518,LightGBM
2017-06-27,6,37.94,38.9452281137789,LightGBM
2017-06-27,7,43.55,44.839393159738655,LightGBM
2017-06-27,8,46.66,46.49449654433814,LightGBM
2017-06-27,9,46.3,44.68156189347971,LightGBM
2017-06-27,10,46.69,42.461375926930536,LightGBM
2017-06-27,11,48.04,42.264070026570415,LightGBM
2017-06-27,12,45.95,39.35414809470432,LightGBM
2017-06-27,13,44.45,36.671032293360526,LightGBM
2017-06-27,14,44.1,35.53992936739754,LightGBM
2017-06-27,15,40.15,34.678139132535556,LightGBM
2017-06-27,16,42.53,35.13396257237979,LightGBM
2017-06-27,17,42.6,39.31382715207177,LightGBM
2017-06-27,18,43.93,40.804885147256776,LightGBM
2017-06-27,19,43.95,43.16091098242945,LightGBM
2017-06-27,20,40.24,41.93380277713757,LightGBM
2017-06-27,21,37.98,39.68589933255666,LightGBM
2017-06-27,22,32.62,36.79620914321808,LightGBM
2017-06-27,23,27.3,33.06461309287112,LightGBM
2017-06-28,0,28.77,27.56837224138045,LightGBM
2017-06-28,1,27.35,26.184243797758995,LightGBM
2017-06-28,2,26.38,24.10365025703299,LightGBM
2017-06-28,3,26.02,23.131808928051466,LightGBM
2017-06-28,4,25.96,23.502346700753062,LightGBM
2017-06-28,5,27.96,28.082491949002563,LightGBM
2017-06-28,6,32.76,33.32514589366069,LightGBM
2017-06-28,7,38.64,39.894299842277164,LightGBM
2017-06-28,8,41.51,42.176586327726675,LightGBM
2017-06-28,9,41.99,39.26264111054656,LightGBM
2017-06-28,10,41.95,35.38424755394279,LightGBM
2017-06-28,11,42.7,34.67415732032023,LightGBM
2017-06-28,12,41.45,34.03634567637726,LightGBM
2017-06-28,13,38.97,32.423336520205304,LightGBM
2017-06-28,14,36.57,31.774193675564703,LightGBM
2017-06-28,15,33.79,32.373352783877905,LightGBM
2017-06-28,16,34.9,34.389448838967176,LightGBM
2017-06-28,17,38.4,39.115010358240895,LightGBM
2017-06-28,18,38.97,42.61854669787276,LightGBM
2017-06-28,19,40.0,45.633178707605175,LightGBM
2017-06-28,20,38.95,41.032059103293065,LightGBM
2017-06-28,21,35.61,39.6505692099075,LightGBM
2017-06-28,22,35.92,37.57542771003261,LightGBM
2017-06-28,23,31.24,31.299818665548887,LightGBM
2017-06-29,0,32.42,31.05701285957193,LightGBM
2017-06-29,1,30.59,30.234127279072677,LightGBM
2017-06-29,2,29.94,29.362814791144718,LightGBM
2017-06-29,3,29.03,29.671231541382156,LightGBM
2017-06-29,4,29.05,28.797492846386056,LightGBM
2017-06-29,5,30.12,29.47321960130738,LightGBM
2017-06-29,6,33.95,36.27221901226127,LightGBM
2017-06-29,7,41.9,43.99016011417171,LightGBM
2017-06-29,8,46.96,47.82155416339407,LightGBM
2017-06-29,9,47.53,48.42759344974056,LightGBM
2017-06-29,10,47.53,47.69120586275461,LightGBM
2017-06-29,11,47.81,48.397955795398204,LightGBM
2017-06-29,12,45.99,45.15350102176958,LightGBM
2017-06-29,13,45.2,41.93798211541914,LightGBM
2017-06-29,14,41.71,37.97983949677343,LightGBM
2017-06-29,15,39.17,37.56372436940022,LightGBM
2017-06-29,16,38.28,37.10594062183726,LightGBM
2017-06-29,17,38.23,39.69909064246409,LightGBM
2017-06-29,18,38.94,42.554725165309,LightGBM
2017-06-29,19,39.01,44.57795463270015,LightGBM
2017-06-29,20,35.52,41.418024857210945,LightGBM
2017-06-29,21,34.99,37.840342273284975,LightGBM
2017-06-29,22,36.48,35.48091325856277,LightGBM
2017-06-29,23,33.5,31.95388388682556,LightGBM
2017-06-30,0,29.29,29.555879149144594,LightGBM
2017-06-30,1,29.01,28.413661906307976,LightGBM
2017-06-30,2,28.06,25.2143784844427,LightGBM
2017-06-30,3,27.0,23.949373544452357,LightGBM
2017-06-30,4,25.58,24.80408842043851,LightGBM
2017-06-30,5,28.0,26.675440343866317,LightGBM
2017-06-30,6,31.96,31.82014129287106,LightGBM
2017-06-30,7,37.93,39.003721736274855,LightGBM
2017-06-30,8,38.91,39.218909906869996,LightGBM
2017-06-30,9,35.99,37.21052421476433,LightGBM
2017-06-30,10,35.51,34.25240588021575,LightGBM
2017-06-30,11,32.24,35.52745453665178,LightGBM
2017-06-30,12,29.33,32.56520698950905,LightGBM
2017-06-30,13,27.29,30.976236038223604,LightGBM
2017-06-30,14,25.08,28.14438581194136,LightGBM
2017-06-30,15,25.09,29.168958136701228,LightGBM
2017-06-30,16,27.29,27.71253984237578,LightGBM
2017-06-30,17,30.51,30.547675334595507,LightGBM
2017-06-30,18,36.36,34.43754231848914,LightGBM
2017-06-30,19,38.92,37.82279442264074,LightGBM
2017-06-30,20,38.71,35.961477785191455,LightGBM
2017-06-30,21,36.61,35.733957309387186,LightGBM
2017-06-30,22,38.95,34.505078443447275,LightGBM
2017-06-30,23,34.07,29.64103081046713,LightGBM
2017-07-01,0,32.17,30.6202301874633,LightGBM
2017-07-01,1,29.04,29.014539205641256,LightGBM
2017-07-01,2,26.96,26.930125450949017,LightGBM
2017-07-01,3,26.08,26.331726718637956,LightGBM
2017-07-01,4,26.04,23.838878581986354,LightGBM
2017-07-01,5,25.59,23.181229956256946,LightGBM
2017-07-01,6,25.56,23.316977709280216,LightGBM
2017-07-01,7,26.77,24.584607667173408,LightGBM
2017-07-01,8,28.82,26.92945365790133,LightGBM
2017-07-01,9,32.4,28.048046532344635,LightGBM
2017-07-01,10,33.35,26.298040604360263,LightGBM
2017-07-01,11,33.15,26.15741929083321,LightGBM
2017-07-01,12,29.1,23.3184170259802,LightGBM
2017-07-01,13,26.07,21.52831298978967,LightGBM
2017-07-01,14,26.33,19.6791459611529,LightGBM
2017-07-01,15,26.04,19.817150274617283,LightGBM
2017-07-01,16,26.09,19.351420084676793,LightGBM
2017-07-01,17,29.01,24.764633592496125,LightGBM
2017-07-01,18,29.34,29.491180142198115,LightGBM
2017-07-01,19,29.89,30.904588896094342,LightGBM
2017-07-01,20,30.12,32.06925646549918,LightGBM
2017-07-01,21,29.63,32.40623049269349,LightGBM
2017-07-01,22,28.87,32.603482623096994,LightGBM
2017-07-01,23,26.26,29.44056691159366,LightGBM
2017-07-02,0,24.36,22.65584634110026,LightGBM
2017-07-02,1,23.12,21.18217539619405,LightGBM
2017-07-02,2,22.73,18.862837514742754,LightGBM
2017-07-02,3,22.63,18.17341122034387,LightGBM
2017-07-02,4,20.27,18.142250690321983,LightGBM
2017-07-02,5,20.59,15.487166377060882,LightGBM
2017-07-02,6,21.3,14.671689098434106,LightGBM
2017-07-02,7,23.07,16.99792357715119,LightGBM
2017-07-02,8,24.76,19.040262225483147,LightGBM
2017-07-02,9,25.56,18.765469264580034,LightGBM
2017-07-02,10,20.71,18.863873390602066,LightGBM
2017-07-02,11,23.32,18.82194106164699,LightGBM
2017-07-02,12,21.36,16.749645056889435,LightGBM
2017-07-02,13,19.08,14.651183195228146,LightGBM
2017-07-02,14,10.47,12.218204149819433,LightGBM
2017-07-02,15,9.96,12.24970888897578,LightGBM
2017-07-02,16,17.31,13.634549896413006,LightGBM
2017-07-02,17,19.72,20.593475480746072,LightGBM
2017-07-02,18,28.63,24.65776182521229,LightGBM
2017-07-02,19,32.9,29.151364698058998,LightGBM
2017-07-02,20,35.37,32.40908568689026,LightGBM
2017-07-02,21,37.0,31.88172846287129,LightGBM
2017-07-02,22,38.92,33.71080537398965,LightGBM
2017-07-02,23,37.06,30.517267733016464,LightGBM
2017-07-03,0,26.04,29.705309890846753,LightGBM
2017-07-03,1,23.51,27.874390999395033,LightGBM
2017-07-03,2,22.86,26.615252410901384,LightGBM
2017-07-03,3,22.56,25.625690922845894,LightGBM
2017-07-03,4,24.86,25.031803253056452,LightGBM
2017-07-03,5,26.78,27.090064880226,LightGBM
2017-07-03,6,34.93,35.673183584408974,LightGBM
2017-07-03,7,41.25,40.279626514977444,LightGBM
2017-07-03,8,41.61,42.27087226249764,LightGBM
2017-07-03,9,38.94,37.09293951979937,LightGBM
2017-07-03,10,35.35,33.19467141987832,LightGBM
2017-07-03,11,32.92,31.3298287137906,LightGBM
2017-07-03,12,28.68,28.92058320277436,LightGBM
2017-07-03,13,28.17,25.0502450023545,LightGBM
2017-07-03,14,26.91,22.774848437269707,LightGBM
2017-07-03,15,28.02,23.493482560808616,LightGBM
2017-07-03,16,28.59,24.054377062386386,LightGBM
2017-07-03,17,32.18,27.486007594012822,LightGBM
2017-07-03,18,38.94,33.52588851915345,LightGBM
2017-07-03,19,42.78,38.23892940893403,LightGBM
2017-07-03,20,40.91,38.66144182606249,LightGBM
2017-07-03,21,39.37,37.323852009417344,LightGBM
2017-07-03,22,39.91,35.877581355775256,LightGBM
2017-07-03,23,32.04,30.560004754847352,LightGBM
2017-07-04,0,28.83,29.226418796171487,LightGBM
2017-07-04,1,28.63,29.04229865512591,LightGBM
2017-07-04,2,28.49,28.015085119608326,LightGBM
2017-07-04,3,28.43,28.419942441564576,LightGBM
2017-07-04,4,27.99,27.83601583461955,LightGBM
2017-07-04,5,28.44,29.427996564343903,LightGBM
2017-07-04,6,35.81,35.15691978157851,LightGBM
2017-07-04,7,41.63,40.07155199497648,LightGBM
2017-07-04,8,41.79,43.53034738417143,LightGBM
2017-07-04,9,36.0,39.77736806458745,LightGBM
2017-07-04,10,34.74,36.94467914682481,LightGBM
2017-07-04,11,32.97,32.655028716422706,LightGBM
2017-07-04,12,31.93,30.608562489681646,LightGBM
2017-07-04,13,31.93,32.050204171055746,LightGBM
2017-07-04,14,30.55,31.26831345961257,LightGBM
2017-07-04,15,32.6,32.172710080606045,LightGBM
2017-07-04,16,32.93,32.61298673394081,LightGBM
2017-07-04,17,36.95,37.01166496844066,LightGBM
2017-07-04,18,40.0,40.70055202182853,LightGBM
2017-07-04,19,44.04,46.58380637408091,LightGBM
2017-07-04,20,43.1,46.29076479427963,LightGBM
2017-07-04,21,41.68,43.253660089572435,LightGBM
2017-07-04,22,40.54,41.539094548968,LightGBM
2017-07-04,23,37.29,34.6164327393185,LightGBM
2017-07-05,0,34.99,32.50308885122157,LightGBM
2017-07-05,1,32.51,31.84729777640068,LightGBM
2017-07-05,2,31.02,30.774730067206747,LightGBM
2017-07-05,3,29.07,30.436538010625142,LightGBM
2017-07-05,4,29.54,30.062736346820785,LightGBM
2017-07-05,5,31.89,31.77029362617277,LightGBM
2017-07-05,6,38.02,38.1617123983297,LightGBM
2017-07-05,7,43.92,45.334742144942936,LightGBM
2017-07-05,8,46.01,47.211964243037215,LightGBM
2017-07-05,9,44.18,43.2356949591258,LightGBM
2017-07-05,10,43.71,39.68139318629758,LightGBM
2017-07-05,11,42.06,39.6018688112842,LightGBM
2017-07-05,12,38.93,36.95938498479175,LightGBM
2017-07-05,13,38.09,36.097765272138126,LightGBM
2017-07-05,14,37.44,35.114848660541234,LightGBM
2017-07-05,15,37.38,34.9597125205998,LightGBM
2017-07-05,16,38.9,36.23333182127114,LightGBM
2017-07-05,17,41.51,40.67471685607666,LightGBM
2017-07-05,18,42.52,44.47140971011074,LightGBM
2017-07-05,19,44.55,46.62638393651461,LightGBM
2017-07-05,20,44.15,45.479411612237406,LightGBM
2017-07-05,21,43.93,44.2394287351477,LightGBM
2017-07-05,22,41.66,41.4509973997284,LightGBM
2017-07-05,23,36.07,34.498685994954656,LightGBM
2017-07-06,0,33.03,32.239494643981764,LightGBM
2017-07-06,1,32.21,31.90503148742994,LightGBM
2017-07-06,2,30.62,31.309165332773198,LightGBM
2017-07-06,3,30.11,30.390320196349005,LightGBM
2017-07-06,4,29.19,31.10471796491872,LightGBM
2017-07-06,5,32.06,31.88576347050464,LightGBM
2017-07-06,6,36.94,39.82837388238183,LightGBM
2017-07-06,7,42.29,44.48396597174337,LightGBM
2017-07-06,8,48.24,45.35729503014968,LightGBM
2017-07-06,9,43.08,41.74510404279482,LightGBM
2017-07-06,10,41.86,39.44115859179917,LightGBM
2017-07-06,11,40.03,37.43978294859553,LightGBM
2017-07-06,12,35.71,35.26855558962119,LightGBM
2017-07-06,13,35.75,34.47377409608234,LightGBM
2017-07-06,14,35.54,33.69338017753095,LightGBM
2017-07-06,15,39.52,35.48543196478414,LightGBM
2017-07-06,16,40.6,36.010405074778795,LightGBM
2017-07-06,17,44.31,41.59153491317973,LightGBM
2017-07-06,18,45.87,41.17420221818105,LightGBM
2017-07-06,19,53.71,43.28101653002511,LightGBM
2017-07-06,20,49.56,44.78253099092909,LightGBM
2017-07-06,21,46.03,42.06322185496662,LightGBM
2017-07-06,22,42.71,40.20983457175882,LightGBM
2017-07-06,23,35.61,34.761530548456506,LightGBM
2017-07-07,0,34.16,32.97745801191046,LightGBM
2017-07-07,1,32.07,32.213256019995775,LightGBM
2017-07-07,2,30.8,31.34607830206231,LightGBM
2017-07-07,3,30.69,30.438194987664165,LightGBM
2017-07-07,4,29.64,30.185598290544714,LightGBM
2017-07-07,5,30.84,31.83362320255253,LightGBM
2017-07-07,6,35.87,36.92183071432997,LightGBM
2017-07-07,7,41.88,44.668834872804545,LightGBM
2017-07-07,8,45.54,45.75786573199115,LightGBM
2017-07-07,9,45.58,43.99762055667737,LightGBM
2017-07-07,10,44.61,41.7296253970794,LightGBM
2017-07-07,11,43.31,39.36075878153452,LightGBM
2017-07-07,12,39.65,36.405298918605176,LightGBM
2017-07-07,13,34.43,33.882502498288346,LightGBM
2017-07-07,14,32.05,31.479551809537924,LightGBM
2017-07-07,15,31.84,32.92436485530546,LightGBM
2017-07-07,16,32.4,33.283129656233626,LightGBM
2017-07-07,17,37.87,37.99081361566897,LightGBM
2017-07-07,18,40.58,39.330835419385906,LightGBM
2017-07-07,19,42.74,42.05090151448133,LightGBM
2017-07-07,20,41.8,41.90056408191554,LightGBM
2017-07-07,21,40.46,41.93382781075903,LightGBM
2017-07-07,22,40.99,40.704752178340996,LightGBM
2017-07-07,23,35.91,34.99902721739444,LightGBM
2017-07-08,0,37.08,33.22017289989816,LightGBM
2017-07-08,1,34.64,31.490302741365742,LightGBM
2017-07-08,2,32.05,29.800648477270645,LightGBM
2017-07-08,3,30.68,30.211925206865516,LightGBM
2017-07-08,4,29.87,29.435491388337283,LightGBM
2017-07-08,5,29.09,28.95027954760824,LightGBM
2017-07-08,6,30.0,27.975242792635644,LightGBM
2017-07-08,7,32.02,29.53834134867915,LightGBM
2017-07-08,8,34.58,30.006498052211615,LightGBM
2017-07-08,9,36.71,32.48030685569373,LightGBM
2017-07-08,10,35.89,30.576941580655063,LightGBM
2017-07-08,11,35.37,28.687779764335634,LightGBM
2017-07-08,12,33.22,26.829448984839903,LightGBM
2017-07-08,13,31.41,24.059004991946004,LightGBM
2017-07-08,14,30.18,22.05218350073653,LightGBM
2017-07-08,15,30.05,23.96089039828048,LightGBM
2017-07-08,16,31.4,25.515116030775367,LightGBM
2017-07-08,17,33.18,28.654371370893013,LightGBM
2017-07-08,18,36.98,33.5304379677901,LightGBM
2017-07-08,19,40.04,36.75093501429271,LightGBM
2017-07-08,20,39.63,38.91519316072627,LightGBM
2017-07-08,21,39.82,38.63231247297406,LightGBM
2017-07-08,22,42.09,39.53559171395776,LightGBM
2017-07-08,23,39.67,33.72177868787127,LightGBM
2017-07-09,0,32.21,33.158824131195054,LightGBM
2017-07-09,1,31.08,31.35791427726872,LightGBM
2017-07-09,2,29.84,28.961163082764376,LightGBM
2017-07-09,3,29.2,28.497693132813275,LightGBM
2017-07-09,4,29.62,26.80941073057959,LightGBM
2017-07-09,5,29.46,26.160981038618928,LightGBM
2017-07-09,6,29.49,25.85500051805462,LightGBM
2017-07-09,7,29.83,26.64352577717378,LightGBM
2017-07-09,8,30.03,28.254671594264572,LightGBM
2017-07-09,9,31.26,28.5828296018501,LightGBM
2017-07-09,10,31.26,29.013019709032065,LightGBM
2017-07-09,11,32.4,28.80354569835903,LightGBM
2017-07-09,12,32.07,27.011713713131503,LightGBM
2017-07-09,13,31.0,25.556366491138935,LightGBM
2017-07-09,14,29.88,23.477110990936144,LightGBM
2017-07-09,15,30.69,24.193961383565167,LightGBM
2017-07-09,16,31.28,25.758272372278146,LightGBM
2017-07-09,17,33.8,30.810844918784866,LightGBM
2017-07-09,18,36.75,34.68909332926608,LightGBM
2017-07-09,19,40.53,38.1233684841186,LightGBM
2017-07-09,20,40.53,40.360547314687516,LightGBM
2017-07-09,21,40.59,40.09364902811155,LightGBM
2017-07-09,22,42.28,40.703554735240196,LightGBM
2017-07-09,23,40.08,36.3183240057512,LightGBM
2017-07-10,0,32.76,34.54288957329966,LightGBM
2017-07-10,1,29.92,32.56686408554234,LightGBM
2017-07-10,2,29.44,30.68929159438792,LightGBM
2017-07-10,3,29.59,29.485398591311114,LightGBM
2017-07-10,4,29.31,30.025105827676526,LightGBM
2017-07-10,5,30.6,31.804949071667316,LightGBM
2017-07-10,6,38.03,41.386890194946574,LightGBM
2017-07-10,7,44.03,47.721232681574584,LightGBM
2017-07-10,8,50.07,51.17441859455645,LightGBM
2017-07-10,9,50.0,49.182040685850616,LightGBM
2017-07-10,10,48.73,48.667663568269376,LightGBM
2017-07-10,11,48.72,47.84875591150483,LightGBM
2017-07-10,12,47.69,44.00385156101108,LightGBM
2017-07-10,13,46.65,41.914801358777616,LightGBM
2017-07-10,14,44.18,38.45480855994619,LightGBM
2017-07-10,15,42.93,40.26630251716091,LightGBM
2017-07-10,16,40.65,38.702903984281086,LightGBM
2017-07-10,17,40.95,42.113699298211834,LightGBM
2017-07-10,18,41.62,44.526434372173476,LightGBM
2017-07-10,19,42.97,46.60248645770826,LightGBM
2017-07-10,20,40.21,43.44866864470942,LightGBM
2017-07-10,21,38.86,40.7891896172456,LightGBM
2017-07-10,22,39.92,39.80955435114205,LightGBM
2017-07-10,23,33.45,35.68793178288078,LightGBM
2017-07-11,0,30.93,32.29896600093481,LightGBM
2017-07-11,1,30.28,31.643545447286282,LightGBM
2017-07-11,2,29.63,30.41295187705825,LightGBM
2017-07-11,3,28.96,29.773116876631956,LightGBM
2017-07-11,4,28.95,30.395991698669526,LightGBM
2017-07-11,5,30.08,31.205986325096003,LightGBM
2017-07-11,6,34.51,37.62556520813648,LightGBM
2017-07-11,7,41.44,44.6939446115852,LightGBM
2017-07-11,8,44.22,47.81990948509106,LightGBM
2017-07-11,9,43.43,45.56512401984884,LightGBM
2017-07-11,10,42.03,43.396016233073,LightGBM
2017-07-11,11,41.45,43.40911541351115,LightGBM
2017-07-11,12,39.42,38.682062793558345,LightGBM
2017-07-11,13,36.01,36.304521470368464,LightGBM
2017-07-11,14,34.21,34.47473946527505,LightGBM
2017-07-11,15,34.42,36.20385978283609,LightGBM
2017-07-11,16,35.39,36.65662208492739,LightGBM
2017-07-11,17,37.62,41.4040068264252,LightGBM
2017-07-11,18,39.99,39.65360110820996,LightGBM
2017-07-11,19,41.58,44.08029874473899,LightGBM
2017-07-11,20,40.7,42.310791014871114,LightGBM
2017-07-11,21,38.94,40.30969941063814,LightGBM
2017-07-11,22,39.36,40.69770471820182,LightGBM
2017-07-11,23,34.25,35.53336298110778,LightGBM
2017-07-12,0,32.29,32.423656168665374,LightGBM
2017-07-12,1,30.14,31.3682811500195,LightGBM
2017-07-12,2,29.1,29.563969306012968,LightGBM
2017-07-12,3,28.52,28.397078780217587,LightGBM
2017-07-12,4,28.43,28.522331557276036,LightGBM
2017-07-12,5,29.3,30.155233469382647,LightGBM
2017-07-12,6,34.77,35.9732720626139,LightGBM
2017-07-12,7,39.94,43.37980647494083,LightGBM
2017-07-12,8,44.01,46.788084170886584,LightGBM
2017-07-12,9,44.31,44.15987087888508,LightGBM
2017-07-12,10,44.16,44.81872026680821,LightGBM
2017-07-12,11,43.9,42.201979814789176,LightGBM
2017-07-12,12,41.07,39.17849915706778,LightGBM
2017-07-12,13,39.9,37.111617198369316,LightGBM
2017-07-12,14,37.27,34.373200701941926,LightGBM
2017-07-12,15,33.93,32.68062944607501,LightGBM
2017-07-12,16,32.19,32.19886705013931,LightGBM
2017-07-12,17,33.29,33.30332775593691,LightGBM
2017-07-12,18,32.95,32.13662093922653,LightGBM
2017-07-12,19,32.91,34.476455076150074,LightGBM
2017-07-12,20,30.5,31.497680944997903,LightGBM
2017-07-12,21,30.6,30.19356981973881,LightGBM
2017-07-12,22,30.09,28.824508042021453,LightGBM
2017-07-12,23,27.82,22.21456743222606,LightGBM
2017-07-13,0,26.02,23.064571125550973,LightGBM
2017-07-13,1,24.37,21.78566627072565,LightGBM
2017-07-13,2,23.04,20.504010384783022,LightGBM
2017-07-13,3,24.76,18.980504144822742,LightGBM
2017-07-13,4,26.45,21.382466400442958,LightGBM
2017-07-13,5,28.09,25.166804092078927,LightGBM
2017-07-13,6,31.06,32.28586681318207,LightGBM
2017-07-13,7,38.12,39.83518954903723,LightGBM
2017-07-13,8,36.73,40.09745383667422,LightGBM
2017-07-13,9,36.07,37.54373656923364,LightGBM
2017-07-13,10,35.52,35.11184665457048,LightGBM
2017-07-13,11,34.96,34.638682923579964,LightGBM
2017-07-13,12,30.26,33.268533790212366,LightGBM
2017-07-13,13,30.04,31.11094220169204,LightGBM
2017-07-13,14,29.07,29.59761042107121,LightGBM
2017-07-13,15,30.27,30.82432146392043,LightGBM
2017-07-13,16,33.46,32.57543663551264,LightGBM
2017-07-13,17,38.08,38.80938522758962,LightGBM
2017-07-13,18,41.35,43.60516922108464,LightGBM
2017-07-13,19,46.82,47.446447679456746,LightGBM
2017-07-13,20,45.09,43.3624639161528,LightGBM
2017-07-13,21,42.93,42.72407860461916,LightGBM
2017-07-13,22,42.13,41.47857492149025,LightGBM
2017-07-13,23,38.12,35.92714768499891,LightGBM
2017-07-14,0,34.4,33.62248514677583,LightGBM
2017-07-14,1,32.34,32.74764198044965,LightGBM
2017-07-14,2,30.36,30.76986161803339,LightGBM
2017-07-14,3,29.08,30.473684764362865,LightGBM
2017-07-14,4,29.55,30.373535807281918,LightGBM
2017-07-14,5,30.41,30.793678160710325,LightGBM
2017-07-14,6,39.94,37.308682439686784,LightGBM
2017-07-14,7,44.99,44.05923366045202,LightGBM
2017-07-14,8,46.0,46.2252811768262,LightGBM
2017-07-14,9,43.32,44.76571513621034,LightGBM
2017-07-14,10,41.62,42.118588443163105,LightGBM
2017-07-14,11,38.94,40.822842886576026,LightGBM
2017-07-14,12,37.1,38.442522604800665,LightGBM
2017-07-14,13,35.97,36.632391391212096,LightGBM
2017-07-14,14,31.91,35.600224079262475,LightGBM
2017-07-14,15,30.34,35.227414360984255,LightGBM
2017-07-14,16,31.29,35.25623094495482,LightGBM
2017-07-14,17,36.92,37.4391935189592,LightGBM
2017-07-14,18,40.93,38.87674611086304,LightGBM
2017-07-14,19,42.96,40.15915115396304,LightGBM
2017-07-14,20,39.69,38.663267114388496,LightGBM
2017-07-14,21,39.1,38.66104786319696,LightGBM
2017-07-14,22,39.71,37.53085154213368,LightGBM
2017-07-14,23,36.65,34.036515209542195,LightGBM
2017-07-15,0,34.57,33.40995286578505,LightGBM
2017-07-15,1,31.08,32.183405859121606,LightGBM
2017-07-15,2,30.82,30.95809046193187,LightGBM
2017-07-15,3,30.01,30.13710347102346,LightGBM
2017-07-15,4,29.4,29.954569202820718,LightGBM
2017-07-15,5,29.17,30.126054681676372,LightGBM
2017-07-15,6,30.46,31.555471565037255,LightGBM
2017-07-15,7,30.82,31.509304592004487,LightGBM
2017-07-15,8,31.94,33.637240623924,LightGBM
2017-07-15,9,33.81,35.77215696212495,LightGBM
2017-07-15,10,33.43,30.984807795354516,LightGBM
2017-07-15,11,33.06,30.60127770856662,LightGBM
2017-07-15,12,32.22,31.767137541233108,LightGBM
2017-07-15,13,30.76,30.76094780930066,LightGBM
2017-07-15,14,29.07,30.305870811557345,LightGBM
2017-07-15,15,28.64,30.025804045975942,LightGBM
2017-07-15,16,29.04,29.585810161871038,LightGBM
2017-07-15,17,30.98,35.51346055861279,LightGBM
2017-07-15,18,35.21,38.29559050820222,LightGBM
2017-07-15,19,37.54,40.78541813757972,LightGBM
2017-07-15,20,37.0,40.8333388631418,LightGBM
2017-07-15,21,36.9,40.13610961762577,LightGBM
2017-07-15,22,37.98,41.15024252677076,LightGBM
2017-07-15,23,36.01,36.53582315217356,LightGBM
2017-07-16,0,34.65,31.476892306883215,LightGBM
2017-07-16,1,30.05,29.514233435581946,LightGBM
2017-07-16,2,28.68,28.090920537955004,LightGBM
2017-07-16,3,27.78,27.609281549115057,LightGBM
2017-07-16,4,27.72,26.878394705511823,LightGBM
2017-07-16,5,27.4,24.08837742356466,LightGBM
2017-07-16,6,27.53,22.50015100681807,LightGBM
2017-07-16,7,27.6,22.634611278081746,LightGBM
2017-07-16,8,27.4,24.94607392814459,LightGBM
2017-07-16,9,28.49,26.014704904042148,LightGBM
2017-07-16,10,28.99,26.599950684583334,LightGBM
2017-07-16,11,28.99,26.6522846444565,LightGBM
2017-07-16,12,29.76,26.784265245040743,LightGBM
2017-07-16,13,26.95,24.78852715594813,LightGBM
2017-07-16,14,25.99,24.368149887382394,LightGBM
2017-07-16,15,25.22,23.164776622936994,LightGBM
2017-07-16,16,27.55,25.68611950820544,LightGBM
2017-07-16,17,28.57,29.802124148718374,LightGBM
2017-07-16,18,31.79,32.73875280756113,LightGBM
2017-07-16,19,35.41,36.260830770227656,LightGBM
2017-07-16,20,36.65,36.43247218372551,LightGBM
2017-07-16,21,37.14,36.4718668244668,LightGBM
2017-07-16,22,41.02,39.91035750240446,LightGBM
2017-07-16,23,38.79,33.913944697793895,LightGBM
2017-07-17,0,31.47,32.41833249710935,LightGBM
2017-07-17,1,30.11,29.502102296714448,LightGBM
2017-07-17,2,29.32,28.246163149321386,LightGBM
2017-07-17,3,27.57,27.881798597759747,LightGBM
2017-07-17,4,27.92,28.40144654913139,LightGBM
2017-07-17,5,29.21,30.45334500063296,LightGBM
2017-07-17,6,36.89,37.824498174372444,LightGBM
2017-07-17,7,42.83,45.12928207579013,LightGBM
2017-07-17,8,42.97,47.236943981464215,LightGBM
2017-07-17,9,42.3,46.71632062329878,LightGBM
2017-07-17,10,42.4,44.22701145543831,LightGBM
2017-07-17,11,42.74,42.185235864077754,LightGBM
2017-07-17,12,40.85,39.517277948663285,LightGBM
2017-07-17,13,36.95,37.948429262844535,LightGBM
2017-07-17,14,35.98,36.41944673715156,LightGBM
2017-07-17,15,35.3,35.72866146925842,LightGBM
2017-07-17,16,35.94,38.56850546329033,LightGBM
2017-07-17,17,39.94,42.392906048435876,LightGBM
2017-07-17,18,42.05,43.500587639364404,LightGBM
2017-07-17,19,44.95,47.347518293640945,LightGBM
2017-07-17,20,43.79,45.75695931963189,LightGBM
2017-07-17,21,40.98,42.406782070127704,LightGBM
2017-07-17,22,40.95,43.31365132570004,LightGBM
2017-07-17,23,35.4,37.77174363613609,LightGBM
2017-07-18,0,33.69,33.073630724164616,LightGBM
2017-07-18,1,31.18,31.664963004528598,LightGBM
2017-07-18,2,29.85,30.20602365914955,LightGBM
2017-07-18,3,29.56,29.925415606455292,LightGBM
2017-07-18,4,30.28,29.601668608483124,LightGBM
2017-07-18,5,32.01,30.887617065037436,LightGBM
2017-07-18,6,37.72,37.714171333624016,LightGBM
2017-07-18,7,40.91,44.87537203370358,LightGBM
2017-07-18,8,42.88,46.84334570978175,LightGBM
2017-07-18,9,42.43,44.1417392042466,LightGBM
2017-07-18,10,41.75,42.57640150897932,LightGBM
2017-07-18,11,38.92,42.03383169180624,LightGBM
2017-07-18,12,34.17,37.88308494053954,LightGBM
2017-07-18,13,34.12,36.117093499022616,LightGBM
2017-07-18,14,33.69,34.100576883412515,LightGBM
2017-07-18,15,34.62,33.95636103823718,LightGBM
2017-07-18,16,38.57,36.612826716621875,LightGBM
2017-07-18,17,42.97,40.3872072646981,LightGBM
2017-07-18,18,45.79,41.69044040452773,LightGBM
2017-07-18,19,46.89,45.278510583494906,LightGBM
2017-07-18,20,43.97,42.050061526196075,LightGBM
2017-07-18,21,42.99,41.30424923507556,LightGBM
2017-07-18,22,40.83,40.22726543272429,LightGBM
2017-07-18,23,33.95,35.107999113853914,LightGBM
2017-07-19,0,30.93,32.363054882213206,LightGBM
2017-07-19,1,29.59,31.079273255623765,LightGBM
2017-07-19,2,28.62,30.18943998566916,LightGBM
2017-07-19,3,27.3,30.072964430452295,LightGBM
2017-07-19,4,27.63,30.13596429952712,LightGBM
2017-07-19,5,29.03,31.545466118521716,LightGBM
2017-07-19,6,37.96,36.229327761805564,LightGBM
2017-07-19,7,42.16,42.06311754146967,LightGBM
2017-07-19,8,42.91,43.325659317473615,LightGBM
2017-07-19,9,40.08,41.61117511530106,LightGBM
2017-07-19,10,37.93,39.23466027733299,LightGBM
2017-07-19,11,34.55,37.03227218928235,LightGBM
2017-07-19,12,31.7,34.8919243234893,LightGBM
2017-07-19,13,31.71,33.639431688769,LightGBM
2017-07-19,14,32.9,32.8390982480815,LightGBM
2017-07-19,15,36.54,31.851205873220632,LightGBM
2017-07-19,16,38.03,33.370214580630446,LightGBM
2017-07-19,17,40.52,38.42088340175191,LightGBM
2017-07-19,18,42.97,42.30401047536297,LightGBM
2017-07-19,19,44.0,41.89626977611734,LightGBM
2017-07-19,20,42.16,39.92001552724075,LightGBM
2017-07-19,21,40.58,38.22053445082416,LightGBM
2017-07-19,22,39.09,36.60966516546642,LightGBM
2017-07-19,23,32.97,31.11311466255552,LightGBM
2017-07-20,0,30.54,30.77772078000298,LightGBM
2017-07-20,1,31.46,30.112925977309594,LightGBM
2017-07-20,2,29.6,29.43666957521529,LightGBM
2017-07-20,3,28.1,29.33274534331882,LightGBM
2017-07-20,4,28.52,29.823093106767924,LightGBM
2017-07-20,5,30.32,30.995714261736772,LightGBM
2017-07-20,6,38.27,35.93134786713287,LightGBM
2017-07-20,7,47.26,43.862222864947015,LightGBM
2017-07-20,8,43.26,45.73982055062381,LightGBM
2017-07-20,9,43.25,45.376366208527784,LightGBM
2017-07-20,10,41.73,42.44832894125868,LightGBM
2017-07-20,11,41.93,41.51575128046881,LightGBM
2017-07-20,12,40.0,38.6104727767109,LightGBM
2017-07-20,13,38.36,37.04987178112691,LightGBM
2017-07-20,14,36.9,36.316177036076446,LightGBM
2017-07-20,15,35.74,36.709583319097746,LightGBM
2017-07-20,16,34.48,37.6469980813033,LightGBM
2017-07-20,17,36.97,39.85397769184755,LightGBM
2017-07-20,18,39.77,41.807945784927746,LightGBM
2017-07-20,19,41.93,44.79876043977226,LightGBM
2017-07-20,20,41.05,43.23635204740865,LightGBM
2017-07-20,21,40.11,40.4469474829047,LightGBM
2017-07-20,22,39.74,39.45855523718219,LightGBM
2017-07-20,23,34.29,34.87138300703204,LightGBM
2017-07-21,0,29.65,31.856147938397466,LightGBM
2017-07-21,1,29.1,31.244491144425293,LightGBM
2017-07-21,2,28.42,30.372876322863466,LightGBM
2017-07-21,3,27.07,29.802299533674585,LightGBM
2017-07-21,4,27.32,29.12438829162262,LightGBM
2017-07-21,5,29.99,30.97400506042693,LightGBM
2017-07-21,6,36.8,37.110394165456036,LightGBM
2017-07-21,7,40.06,42.06660242969829,LightGBM
2017-07-21,8,41.83,43.977924822830346,LightGBM
2017-07-21,9,40.87,41.4159543195875,LightGBM
2017-07-21,10,38.44,39.99298332279453,LightGBM
2017-07-21,11,39.04,39.571424768062954,LightGBM
2017-07-21,12,35.98,36.63476225594904,LightGBM
2017-07-21,13,32.94,34.59732126545219,LightGBM
2017-07-21,14,32.87,32.71035506222678,LightGBM
2017-07-21,15,32.9,32.80903850066392,LightGBM
2017-07-21,16,35.11,34.59294612286136,LightGBM
2017-07-21,17,39.01,38.51782784401236,LightGBM
2017-07-21,18,41.42,41.94597099192142,LightGBM
2017-07-21,19,42.63,43.39603918774282,LightGBM
2017-07-21,20,42.01,42.32994684578101,LightGBM
2017-07-21,21,40.57,41.337515344056705,LightGBM
2017-07-21,22,41.38,40.319203666053724,LightGBM
2017-07-21,23,36.79,35.25141436823464,LightGBM
2017-07-22,0,32.2,33.509246043814514,LightGBM
2017-07-22,1,31.57,31.98152340941345,LightGBM
2017-07-22,2,29.92,29.412047679556366,LightGBM
2017-07-22,3,28.74,29.302249294468545,LightGBM
2017-07-22,4,28.75,27.763320220265772,LightGBM
2017-07-22,5,28.54,28.366249675361928,LightGBM
2017-07-22,6,29.7,27.183246368265323,LightGBM
2017-07-22,7,30.92,26.69785160988084,LightGBM
2017-07-22,8,34.96,30.157573588987628,LightGBM
2017-07-22,9,36.47,31.207477323901923,LightGBM
2017-07-22,10,35.69,30.438262259640787,LightGBM
2017-07-22,11,34.66,29.245795474711205,LightGBM
2017-07-22,12,32.25,28.75257264152932,LightGBM
2017-07-22,13,30.02,27.210131351411484,LightGBM
2017-07-22,14,29.48,25.4176265116916,LightGBM
2017-07-22,15,29.9,23.83265071206437,LightGBM
2017-07-22,16,30.55,25.700486517691907,LightGBM
2017-07-22,17,33.25,29.98280220019808,LightGBM
2017-07-22,18,38.52,34.20194547098632,LightGBM
2017-07-22,19,39.89,36.005809912722874,LightGBM
2017-07-22,20,39.0,36.51702951779229,LightGBM
2017-07-22,21,38.09,36.382740410694275,LightGBM
2017-07-22,22,40.0,37.48176770015986,LightGBM
2017-07-22,23,36.67,33.78454084660102,LightGBM
2017-07-23,0,32.99,32.04587395741182,LightGBM
2017-07-23,1,28.78,29.653020736298117,LightGBM
2017-07-23,2,26.69,27.9891960224125,LightGBM
2017-07-23,3,24.68,27.093685989670185,LightGBM
2017-07-23,4,23.07,25.70032111489938,LightGBM
2017-07-23,5,23.96,24.420601020896232,LightGBM
2017-07-23,6,23.9,24.087124724323957,LightGBM
2017-07-23,7,25.17,25.2753326087443,LightGBM
2017-07-23,8,25.78,26.9672099025118,LightGBM
2017-07-23,9,26.67,26.315515420504962,LightGBM
2017-07-23,10,26.87,25.085894254318283,LightGBM
2017-07-23,11,27.18,26.46219275207926,LightGBM
2017-07-23,12,27.89,24.37407977680782,LightGBM
2017-07-23,13,26.3,19.249067868351563,LightGBM
2017-07-23,14,22.76,16.71435066197171,LightGBM
2017-07-23,15,20.34,16.462347896562488,LightGBM
2017-07-23,16,23.07,21.355365011989413,LightGBM
2017-07-23,17,27.05,25.885540379961082,LightGBM
2017-07-23,18,29.62,31.70654340677473,LightGBM
2017-07-23,19,37.05,35.86789499957928,LightGBM
2017-07-23,20,38.51,38.41751570851788,LightGBM
2017-07-23,21,39.42,39.52979751136356,LightGBM
2017-07-23,22,42.85,42.02186868669138,LightGBM
2017-07-23,23,39.82,37.138572993170584,LightGBM
2017-07-24,0,39.65,33.71888925984957,LightGBM
2017-07-24,1,35.62,30.53442353291394,LightGBM
2017-07-24,2,32.7,29.459341070778372,LightGBM
2017-07-24,3,31.28,27.793834808673743,LightGBM
2017-07-24,4,30.46,28.34987276019162,LightGBM
2017-07-24,5,33.24,29.387494874662867,LightGBM
2017-07-24,6,41.9,39.76461830541534,LightGBM
2017-07-24,7,44.18,46.70238794862146,LightGBM
2017-07-24,8,44.12,49.08105013222528,LightGBM
2017-07-24,9,48.23,47.7483890016885,LightGBM
2017-07-24,10,48.45,47.68112642385281,LightGBM
2017-07-24,11,47.77,47.67863966133014,LightGBM
2017-07-24,12,46.47,46.20458254179155,LightGBM
2017-07-24,13,44.91,45.26543055190983,LightGBM
2017-07-24,14,42.29,41.85853961230929,LightGBM
2017-07-24,15,40.94,42.38169595282288,LightGBM
2017-07-24,16,39.2,43.24555277731653,LightGBM
2017-07-24,17,39.7,44.779695039606054,LightGBM
2017-07-24,18,38.18,45.452595675940344,LightGBM
2017-07-24,19,38.66,45.632614259701285,LightGBM
2017-07-24,20,36.43,42.69695707431086,LightGBM
2017-07-24,21,34.73,41.0399459368861,LightGBM
2017-07-24,22,34.59,41.50322687632581,LightGBM
2017-07-24,23,30.39,34.75010636163462,LightGBM
2017-07-25,0,31.01,30.789466906455857,LightGBM
2017-07-25,1,28.96,28.57621211774589,LightGBM
2017-07-25,2,27.09,28.748146124093694,LightGBM
2017-07-25,3,27.47,26.77955955734689,LightGBM
2017-07-25,4,26.04,28.551111624156636,LightGBM
2017-07-25,5,26.21,29.306909771061477,LightGBM
2017-07-25,6,31.63,34.25292872088041,LightGBM
2017-07-25,7,37.96,41.467067256021735,LightGBM
2017-07-25,8,39.48,43.84812010026499,LightGBM
2017-07-25,9,40.06,44.29111769698113,LightGBM
2017-07-25,10,40.37,45.08555699908655,LightGBM
2017-07-25,11,40.8,44.792675191579406,LightGBM
2017-07-25,12,39.75,42.499396527166496,LightGBM
2017-07-25,13,38.94,40.01311170303723,LightGBM
2017-07-25,14,36.98,38.3821238151373,LightGBM
2017-07-25,15,36.43,36.11075336971328,LightGBM
2017-07-25,16,34.97,37.26816258294509,LightGBM
2017-07-25,17,34.99,40.095362236611614,LightGBM
2017-07-25,18,36.95,40.69020912870668,LightGBM
2017-07-25,19,35.4,40.239892537999374,LightGBM
2017-07-25,20,33.78,39.375134254877054,LightGBM
2017-07-25,21,32.96,37.54453385657569,LightGBM
2017-07-25,22,32.21,35.797305694896,LightGBM
2017-07-25,23,29.01,32.91457561676504,LightGBM
2017-07-26,0,25.74,27.54676984560213,LightGBM
2017-07-26,1,25.24,26.295318798266038,LightGBM
2017-07-26,2,22.64,25.01210313950986,LightGBM
2017-07-26,3,21.12,23.54241000312534,LightGBM
2017-07-26,4,21.23,25.184336869960163,LightGBM
2017-07-26,5,26.16,27.474648928971153,LightGBM
2017-07-26,6,29.08,32.92794588989463,LightGBM
2017-07-26,7,34.49,39.00087475064596,LightGBM
2017-07-26,8,37.78,39.72510148431401,LightGBM
2017-07-26,9,37.92,41.37676811494681,LightGBM
2017-07-26,10,37.96,38.232150038584365,LightGBM
2017-07-26,11,38.08,41.35047758583589,LightGBM
2017-07-26,12,37.96,35.9533730585502,LightGBM
2017-07-26,13,37.73,36.76560294422271,LightGBM
2017-07-26,14,36.08,35.025952006710305,LightGBM
2017-07-26,15,35.23,35.26935022343934,LightGBM
2017-07-26,16,34.38,36.749075525606536,LightGBM
2017-07-26,17,35.27,39.031005647294315,LightGBM
2017-07-26,18,36.39,41.631102478457336,LightGBM
2017-07-26,19,37.94,43.20080960067598,LightGBM
2017-07-26,20,36.93,42.2394747712463,LightGBM
2017-07-26,21,35.93,39.04824577113369,LightGBM
2017-07-26,22,35.75,38.61139576774552,LightGBM
2017-07-26,23,30.07,33.041481326955775,LightGBM
2017-07-27,0,28.75,30.022056319253352,LightGBM
2017-07-27,1,26.7,28.5979668122968,LightGBM
2017-07-27,2,24.85,27.73135328173725,LightGBM
2017-07-27,3,23.69,26.61379768532076,LightGBM
2017-07-27,4,24.48,28.071390538346282,LightGBM
2017-07-27,5,27.02,28.970086467307862,LightGBM
2017-07-27,6,29.19,36.29381352263921,LightGBM
2017-07-27,7,35.31,41.633132001064666,LightGBM
2017-07-27,8,37.91,44.804471911144134,LightGBM
2017-07-27,9,37.89,43.07937711261481,LightGBM
2017-07-27,10,38.05,40.81550261115303,LightGBM
2017-07-27,11,38.48,40.80320007295931,LightGBM
2017-07-27,12,38.5,37.85687653599469,LightGBM
2017-07-27,13,38.03,37.169656121927524,LightGBM
2017-07-27,14,36.0,35.41079658959691,LightGBM
2017-07-27,15,34.52,36.21214891256096,LightGBM
2017-07-27,16,35.29,37.15810177793597,LightGBM
2017-07-27,17,35.74,38.891696599215564,LightGBM
2017-07-27,18,37.32,42.621364541136984,LightGBM
2017-07-27,19,38.98,44.15277928492603,LightGBM
2017-07-27,20,38.06,43.17165150648816,LightGBM
2017-07-27,21,36.87,40.01828434620752,LightGBM
2017-07-27,22,36.55,38.668619980697954,LightGBM
2017-07-27,23,31.62,34.6871350240914,LightGBM
2017-07-28,0,33.86,29.543331980902884,LightGBM
2017-07-28,1,29.04,28.71364314267056,LightGBM
2017-07-28,2,28.1,27.074256505398576,LightGBM
2017-07-28,3,26.8,26.418806980672198,LightGBM
2017-07-28,4,26.46,26.220813433969735,LightGBM
2017-07-28,5,27.48,26.992645810359196,LightGBM
2017-07-28,6,32.13,32.755918065769905,LightGBM
2017-07-28,7,38.0,38.017398896329624,LightGBM
2017-07-28,8,38.8,38.497888038754596,LightGBM
2017-07-28,9,37.05,34.8565318644872,LightGBM
2017-07-28,10,35.5,32.92762816867068,LightGBM
2017-07-28,11,31.0,31.80686524673305,LightGBM
2017-07-28,12,27.51,28.466255331006955,LightGBM
2017-07-28,13,25.17,26.610397836588938,LightGBM
2017-07-28,14,23.69,23.535326274256892,LightGBM
2017-07-28,15,24.34,23.165335912206817,LightGBM
2017-07-28,16,26.31,25.25977460805529,LightGBM
2017-07-28,17,28.87,27.20646855207332,LightGBM
2017-07-28,18,34.15,31.552201559642757,LightGBM
2017-07-28,19,36.96,34.38047766361121,LightGBM
2017-07-28,20,36.94,34.54211447738716,LightGBM
2017-07-28,21,36.3,35.398274637603016,LightGBM
2017-07-28,22,35.95,34.34362723305632,LightGBM
2017-07-28,23,32.24,30.758556322563155,LightGBM
2017-07-29,0,27.77,29.610837182369973,LightGBM
2017-07-29,1,23.35,27.086845909373576,LightGBM
2017-07-29,2,18.99,25.467065628606417,LightGBM
2017-07-29,3,14.17,23.064500831585796,LightGBM
2017-07-29,4,10.04,21.533605679588444,LightGBM
2017-07-29,5,11.89,21.31353836217625,LightGBM
2017-07-29,6,14.41,22.211491050471977,LightGBM
2017-07-29,7,17.11,23.667610832969338,LightGBM
2017-07-29,8,19.78,24.88977286767235,LightGBM
2017-07-29,9,18.05,22.51629368039415,LightGBM
2017-07-29,10,9.93,17.44637140896346,LightGBM
2017-07-29,11,15.78,17.749224581817717,LightGBM
2017-07-29,12,10.17,16.02924638934462,LightGBM
2017-07-29,13,9.92,15.628402588363906,LightGBM
2017-07-29,14,9.27,14.058870124408559,LightGBM
2017-07-29,15,14.05,16.891371182827363,LightGBM
2017-07-29,16,19.26,20.414382367314474,LightGBM
2017-07-29,17,25.47,25.262945886590437,LightGBM
2017-07-29,18,30.13,30.745425406506946,LightGBM
2017-07-29,19,34.45,35.97866984995162,LightGBM
2017-07-29,20,35.43,35.153705689631934,LightGBM
2017-07-29,21,35.65,37.25027200663743,LightGBM
2017-07-29,22,34.76,38.74364920097114,LightGBM
2017-07-29,23,30.6,35.577005173419636,LightGBM
2017-07-30,0,26.92,27.764292880768682,LightGBM
2017-07-30,1,21.16,21.61096363290374,LightGBM
2017-07-30,2,16.22,20.596487436232103,LightGBM
2017-07-30,3,12.79,16.91805605464847,LightGBM
2017-07-30,4,10.73,15.793130557839321,LightGBM
2017-07-30,5,10.03,12.852150756471257,LightGBM
2017-07-30,6,8.44,13.89026188672954,LightGBM
2017-07-30,7,7.67,13.8695979083373,LightGBM
2017-07-30,8,2.05,15.681864597914165,LightGBM
2017-07-30,9,1.94,14.803157553253964,LightGBM
2017-07-30,10,-5.15,12.565008736018862,LightGBM
2017-07-30,11,-0.02,9.751265520195716,LightGBM
2017-07-30,12,-45.42,7.117503993274502,LightGBM
2017-07-30,13,-67.05,4.3899939618921735,LightGBM
2017-07-30,14,-64.9,0.20975373673164077,LightGBM
2017-07-30,15,-14.23,4.6145632504817655,LightGBM
2017-07-30,16,-0.91,8.396588233725717,LightGBM
2017-07-30,17,5.01,17.351750251502057,LightGBM
2017-07-30,18,22.54,25.297315568140988,LightGBM
2017-07-30,19,31.77,30.980073930765446,LightGBM
2017-07-30,20,34.52,32.594425990846744,LightGBM
2017-07-30,21,35.93,35.35236942379112,LightGBM
2017-07-30,22,37.67,36.45488866867189,LightGBM
2017-07-30,23,35.87,33.021425278310005,LightGBM
2017-07-31,0,32.0,29.347672704765422,LightGBM
2017-07-31,1,26.55,26.56449679202595,LightGBM
2017-07-31,2,26.11,26.085578853809725,LightGBM
2017-07-31,3,24.65,25.66207253012752,LightGBM
2017-07-31,4,24.64,25.995141262814656,LightGBM
2017-07-31,5,26.57,27.760808921242297,LightGBM
2017-07-31,6,32.15,36.0328712332212,LightGBM
2017-07-31,7,36.92,41.652151183983094,LightGBM
2017-07-31,8,36.92,42.002631182460334,LightGBM
2017-07-31,9,35.45,37.20912859398439,LightGBM
2017-07-31,10,33.29,35.22522434617533,LightGBM
2017-07-31,11,33.89,34.27930498461475,LightGBM
2017-07-31,12,29.03,31.393814793094887,LightGBM
2017-07-31,13,28.07,31.538994427800173,LightGBM
2017-07-31,14,28.02,32.23588881065502,LightGBM
2017-07-31,15,28.71,31.589824363462583,LightGBM
2017-07-31,16,30.05,33.04263558153361,LightGBM
2017-07-31,17,35.51,39.23344457957251,LightGBM
2017-07-31,18,37.91,43.29095662930849,LightGBM
2017-07-31,19,38.9,46.78687058252077,LightGBM
2017-07-31,20,38.9,46.100429360308674,LightGBM
2017-07-31,21,38.07,41.5799200392762,LightGBM
2017-07-31,22,37.84,40.93931399261059,LightGBM
2017-07-31,23,32.91,35.558514047094256,LightGBM
2017-08-01,0,30.57,29.775946612442027,LightGBM
2017-08-01,1,28.01,29.235952013218174,LightGBM
2017-08-01,2,27.3,27.879750241501654,LightGBM
2017-08-01,3,26.79,26.683868891017358,LightGBM
2017-08-01,4,26.81,26.49723879071796,LightGBM
2017-08-01,5,27.54,28.929440967104956,LightGBM
2017-08-01,6,32.66,34.03420298918313,LightGBM
2017-08-01,7,37.0,39.41061020187152,LightGBM
2017-08-01,8,38.94,43.08137012642275,LightGBM
2017-08-01,9,38.09,41.20398096588245,LightGBM
2017-08-01,10,37.9,39.075819581492965,LightGBM
2017-08-01,11,37.08,38.210574710749086,LightGBM
2017-08-01,12,36.45,35.55044491082736,LightGBM
2017-08-01,13,35.93,34.34239391071292,LightGBM
2017-08-01,14,35.91,32.9087519519752,LightGBM
2017-08-01,15,36.0,34.22946124868638,LightGBM
2017-08-01,16,36.61,34.93785933349315,LightGBM
2017-08-01,17,38.47,37.94956157660269,LightGBM
2017-08-01,18,40.94,41.213865875305075,LightGBM
2017-08-01,19,41.06,40.722052730856916,LightGBM
2017-08-01,20,38.96,40.04569897580174,LightGBM
2017-08-01,21,37.04,39.27403201400862,LightGBM
2017-08-01,22,35.94,37.30066647018077,LightGBM
2017-08-01,23,31.69,31.06388508841708,LightGBM
2017-08-02,0,27.62,29.473141815609445,LightGBM
2017-08-02,1,26.59,28.291507860355864,LightGBM
2017-08-02,2,26.2,27.42616159306042,LightGBM
2017-08-02,3,25.09,26.45632596162739,LightGBM
2017-08-02,4,25.78,26.519203401769474,LightGBM
2017-08-02,5,27.25,28.33282155144976,LightGBM
2017-08-02,6,30.26,33.0122521739577,LightGBM
2017-08-02,7,35.05,39.101973908760364,LightGBM
2017-08-02,8,36.57,40.69560610311493,LightGBM
2017-08-02,9,36.47,38.73372765887939,LightGBM
2017-08-02,10,35.96,37.04370709576561,LightGBM
2017-08-02,11,35.14,35.31923905815615,LightGBM
2017-08-02,12,33.07,31.987768913905807,LightGBM
2017-08-02,13,29.9,32.58578990727578,LightGBM
2017-08-02,14,30.07,31.900198610282327,LightGBM
2017-08-02,15,31.69,32.438026616183734,LightGBM
2017-08-02,16,34.9,34.74852722814047,LightGBM
2017-08-02,17,35.99,37.81932460507211,LightGBM
2017-08-02,18,39.23,40.888969461234495,LightGBM
2017-08-02,19,40.94,40.03511551657266,LightGBM
2017-08-02,20,39.27,40.24677089277137,LightGBM
2017-08-02,21,38.15,38.55760399629531,LightGBM
2017-08-02,22,37.53,38.33624861532225,LightGBM
2017-08-02,23,34.46,32.29027247594084,LightGBM
2017-08-03,0,28.1,29.365165853928882,LightGBM
2017-08-03,1,26.47,27.949471189292275,LightGBM
2017-08-03,2,24.76,26.19191189077302,LightGBM
2017-08-03,3,23.36,24.816673145169172,LightGBM
2017-08-03,4,23.39,25.557477664009973,LightGBM
2017-08-03,5,25.08,26.194518170044226,LightGBM
2017-08-03,6,28.58,29.839368873342817,LightGBM
2017-08-03,7,34.94,35.17770545213503,LightGBM
2017-08-03,8,35.98,36.342494254084414,LightGBM
2017-08-03,9,35.98,33.131167320040525,LightGBM
2017-08-03,10,35.89,31.25823617514645,LightGBM
2017-08-03,11,34.72,30.2200295040659,LightGBM
2017-08-03,12,30.57,24.627947444374,LightGBM
2017-08-03,13,27.13,20.562123559038156,LightGBM
2017-08-03,14,22.03,18.783612277241865,LightGBM
2017-08-03,15,20.28,17.35107648182342,LightGBM
2017-08-03,16,18.09,18.466077650402678,LightGBM
2017-08-03,17,23.99,21.213523871244888,LightGBM
2017-08-03,18,26.82,25.595946684228867,LightGBM
2017-08-03,19,29.76,31.315350605823003,LightGBM
2017-08-03,20,30.76,29.639637016805754,LightGBM
2017-08-03,21,31.85,30.76504701912172,LightGBM
2017-08-03,22,29.69,29.772429374697033,LightGBM
2017-08-03,23,25.52,24.282144581870398,LightGBM
2017-08-04,0,25.16,23.491137768992104,LightGBM
2017-08-04,1,22.7,20.600704633595182,LightGBM
2017-08-04,2,21.3,19.503604012136673,LightGBM
2017-08-04,3,19.03,18.798680292170584,LightGBM
2017-08-04,4,18.95,18.16932005104224,LightGBM
2017-08-04,5,21.48,22.518080454941597,LightGBM
2017-08-04,6,30.5,29.307533084469156,LightGBM
2017-08-04,7,34.99,34.998432540603424,LightGBM
2017-08-04,8,35.02,31.606219260788013,LightGBM
2017-08-04,9,33.59,28.41647321271074,LightGBM
2017-08-04,10,28.42,25.202881581466134,LightGBM
2017-08-04,11,21.62,25.253425927884855,LightGBM
2017-08-04,12,17.05,19.310034956164962,LightGBM
2017-08-04,13,10.35,17.841850883271473,LightGBM
2017-08-04,14,9.58,15.700231204697934,LightGBM
2017-08-04,15,10.36,17.56209820341542,LightGBM
2017-08-04,16,10.32,17.464205090449195,LightGBM
2017-08-04,17,20.04,19.61754981326917,LightGBM
2017-08-04,18,28.46,26.20740877930937,LightGBM
2017-08-04,19,35.01,31.942919066072815,LightGBM
2017-08-04,20,34.48,31.185958596641157,LightGBM
2017-08-04,21,34.93,33.52828082043625,LightGBM
2017-08-04,22,34.96,34.1760012514553,LightGBM
2017-08-04,23,31.06,29.35721541640799,LightGBM
2017-08-05,0,24.97,27.920097124461286,LightGBM
2017-08-05,1,24.97,24.452358783519355,LightGBM
2017-08-05,2,25.05,23.406943188137916,LightGBM
2017-08-05,3,24.02,23.208037425620624,LightGBM
2017-08-05,4,23.1,23.001697499098057,LightGBM
2017-08-05,5,24.74,21.29697731430003,LightGBM
2017-08-05,6,24.17,21.96228305648192,LightGBM
2017-08-05,7,27.68,23.896952190243415,LightGBM
2017-08-05,8,31.0,25.22536184113519,LightGBM
2017-08-05,9,32.82,25.956726822520384,LightGBM
2017-08-05,10,31.88,25.315371378163096,LightGBM
2017-08-05,11,27.21,23.25919813817369,LightGBM
2017-08-05,12,25.06,21.633974888261214,LightGBM
2017-08-05,13,23.37,20.574945183367213,LightGBM
2017-08-05,14,23.43,20.035162607182485,LightGBM
2017-08-05,15,24.55,19.47105951450426,LightGBM
2017-08-05,16,25.33,20.455587548913215,LightGBM
2017-08-05,17,27.98,22.475826056708666,LightGBM
2017-08-05,18,32.09,28.820980378654333,LightGBM
2017-08-05,19,33.96,31.743077402679184,LightGBM
2017-08-05,20,33.63,33.726542216527896,LightGBM
2017-08-05,21,33.8,33.812631466130455,LightGBM
2017-08-05,22,34.3,36.42242659570712,LightGBM
2017-08-05,23,32.74,31.794189370997074,LightGBM
2017-08-06,0,25.73,26.654264133516413,LightGBM
2017-08-06,1,20.57,23.513900865061377,LightGBM
2017-08-06,2,18.03,22.326104592982638,LightGBM
2017-08-06,3,16.59,20.842584007244074,LightGBM
2017-08-06,4,13.69,18.8240861347887,LightGBM
2017-08-06,5,10.87,18.766424158214377,LightGBM
2017-08-06,6,10.75,18.542434587696935,LightGBM
2017-08-06,7,12.6,18.21751816823528,LightGBM
2017-08-06,8,16.32,19.734360383904495,LightGBM
2017-08-06,9,18.0,20.205941559362707,LightGBM
2017-08-06,10,10.46,19.165629873218936,LightGBM
2017-08-06,11,13.33,20.83730888600408,LightGBM
2017-08-06,12,14.13,17.610218526896038,LightGBM
2017-08-06,13,10.83,16.06069334718781,LightGBM
2017-08-06,14,10.41,13.949900182544054,LightGBM
2017-08-06,15,10.32,13.558118626496395,LightGBM
2017-08-06,16,13.01,16.84197341054893,LightGBM
2017-08-06,17,19.57,22.41581392148305,LightGBM
2017-08-06,18,28.66,25.964627525580937,LightGBM
2017-08-06,19,32.94,31.945541437666147,LightGBM
2017-08-06,20,34.95,33.79929917066434,LightGBM
2017-08-06,21,36.05,36.22766241911335,LightGBM
2017-08-06,22,36.07,37.810636663558505,LightGBM
2017-08-06,23,34.94,33.736780610624024,LightGBM
2017-08-07,0,31.1,28.49894415170567,LightGBM
2017-08-07,1,28.0,25.477164926549474,LightGBM
2017-08-07,2,26.11,24.3033844098847,LightGBM
2017-08-07,3,24.8,22.76845369852763,LightGBM
2017-08-07,4,25.47,24.156354650046914,LightGBM
2017-08-07,5,28.28,25.519067488051206,LightGBM
2017-08-07,6,35.18,32.82477406671818,LightGBM
2017-08-07,7,37.93,37.62803001021107,LightGBM
2017-08-07,8,37.85,38.02940725783246,LightGBM
2017-08-07,9,36.42,35.134026649270055,LightGBM
2017-08-07,10,34.08,32.987868657549576,LightGBM
2017-08-07,11,33.14,31.867820018678298,LightGBM
2017-08-07,12,29.03,28.630560098451586,LightGBM
2017-08-07,13,26.87,27.978259190888643,LightGBM
2017-08-07,14,27.47,27.448076484110185,LightGBM
2017-08-07,15,29.04,28.4994891768321,LightGBM
2017-08-07,16,32.65,29.837023289784202,LightGBM
2017-08-07,17,36.95,32.51470900249921,LightGBM
2017-08-07,18,42.16,38.21498246820939,LightGBM
2017-08-07,19,45.11,40.18503401768502,LightGBM
2017-08-07,20,44.9,38.618347520910625,LightGBM
2017-08-07,21,39.94,38.43449512266053,LightGBM
2017-08-07,22,35.92,36.61910813077339,LightGBM
2017-08-07,23,29.94,31.18590602028023,LightGBM
2017-08-08,0,28.09,28.0346204501077,LightGBM
2017-08-08,1,26.86,27.13971121405213,LightGBM
2017-08-08,2,25.34,27.03335604599339,LightGBM
2017-08-08,3,24.59,25.1712619716227,LightGBM
2017-08-08,4,24.64,25.45399496077797,LightGBM
2017-08-08,5,26.96,27.15937800114867,LightGBM
2017-08-08,6,31.0,33.7514181525797,LightGBM
2017-08-08,7,35.0,39.28677498727608,LightGBM
2017-08-08,8,36.51,38.9885871324853,LightGBM
2017-08-08,9,37.06,36.59521408119317,LightGBM
2017-08-08,10,36.2,34.372404814307124,LightGBM
2017-08-08,11,36.38,32.68528431048479,LightGBM
2017-08-08,12,34.74,29.903088254123276,LightGBM
2017-08-08,13,31.51,28.140457519173435,LightGBM
2017-08-08,14,29.56,27.45946849019478,LightGBM
2017-08-08,15,30.95,27.236976630631855,LightGBM
2017-08-08,16,31.33,28.83822946646273,LightGBM
2017-08-08,17,32.36,32.45315707567972,LightGBM
2017-08-08,18,33.9,34.23969146153526,LightGBM
2017-08-08,19,33.91,37.22175999647624,LightGBM
2017-08-08,20,33.03,35.39919891157095,LightGBM
2017-08-08,21,32.07,33.224702850054285,LightGBM
2017-08-08,22,31.06,30.800041151542878,LightGBM
2017-08-08,23,27.97,26.67832692020311,LightGBM
2017-08-09,0,25.0,25.0036489134317,LightGBM
2017-08-09,1,23.63,24.21808677905189,LightGBM
2017-08-09,2,21.13,21.851392296242995,LightGBM
2017-08-09,3,19.08,22.044737484231543,LightGBM
2017-08-09,4,19.09,22.32464409149626,LightGBM
2017-08-09,5,24.57,25.210673703014553,LightGBM
2017-08-09,6,27.8,30.379113591790055,LightGBM
2017-08-09,7,31.57,36.600058339267555,LightGBM
2017-08-09,8,34.85,37.564049977687844,LightGBM
2017-08-09,9,33.15,35.15346132129508,LightGBM
2017-08-09,10,31.49,32.07224937423699,LightGBM
2017-08-09,11,31.34,30.124407543274685,LightGBM
2017-08-09,12,27.74,28.654420190136292,LightGBM
2017-08-09,13,26.56,27.782632585698895,LightGBM
2017-08-09,14,27.75,26.438672616581567,LightGBM
2017-08-09,15,29.96,27.538167834638923,LightGBM
2017-08-09,16,31.25,30.155921914976183,LightGBM
2017-08-09,17,34.92,33.859813185184066,LightGBM
2017-08-09,18,35.96,38.3708955341811,LightGBM
2017-08-09,19,40.1,40.98632860833827,LightGBM
2017-08-09,20,38.33,37.87028596325904,LightGBM
2017-08-09,21,39.42,39.67015674142239,LightGBM
2017-08-09,22,37.35,38.15890651875532,LightGBM
2017-08-09,23,34.51,33.392538114760065,LightGBM
2017-08-10,0,29.91,31.219708806915445,LightGBM
2017-08-10,1,28.24,30.702769766572427,LightGBM
2017-08-10,2,27.79,29.41319517749698,LightGBM
2017-08-10,3,26.6,28.31271389701112,LightGBM
2017-08-10,4,26.02,28.497027684510662,LightGBM
2017-08-10,5,28.44,29.928167793993293,LightGBM
2017-08-10,6,33.81,35.021704936534455,LightGBM
2017-08-10,7,36.81,41.761868340222954,LightGBM
2017-08-10,8,40.88,46.880171504877794,LightGBM
2017-08-10,9,41.95,44.72807655406629,LightGBM
2017-08-10,10,41.95,44.11041950651477,LightGBM
2017-08-10,11,41.93,44.1388750422439,LightGBM
2017-08-10,12,41.63,41.240627182006634,LightGBM
2017-08-10,13,40.95,41.89727255812579,LightGBM
2017-08-10,14,39.2,37.88258039080205,LightGBM
2017-08-10,15,37.88,37.066588018192,LightGBM
2017-08-10,16,36.24,36.62961137376087,LightGBM
2017-08-10,17,37.05,38.1873338267914,LightGBM
2017-08-10,18,38.0,38.909606353640605,LightGBM
2017-08-10,19,39.61,42.36226476668727,LightGBM
2017-08-10,20,35.99,39.76266711865177,LightGBM
2017-08-10,21,35.56,38.40585201536306,LightGBM
2017-08-10,22,34.78,37.74175324778197,LightGBM
2017-08-10,23,30.97,31.44241192804775,LightGBM
2017-08-11,0,28.99,29.978367785962828,LightGBM
2017-08-11,1,28.13,28.11896686578131,LightGBM
2017-08-11,2,27.03,27.389005773764737,LightGBM
2017-08-11,3,26.29,26.557386081493007,LightGBM
2017-08-11,4,26.12,27.24874513353393,LightGBM
2017-08-11,5,28.11,28.104695848532877,LightGBM
2017-08-11,6,31.79,33.422106120822974,LightGBM
2017-08-11,7,40.75,39.8300349007394,LightGBM
2017-08-11,8,46.98,43.612680700369594,LightGBM
2017-08-11,9,49.68,43.62085015194863,LightGBM
2017-08-11,10,51.18,46.56793409687712,LightGBM
2017-08-11,11,61.36,46.776545376304476,LightGBM
2017-08-11,12,52.65,47.771954182751394,LightGBM
2017-08-11,13,46.8,43.60661264570461,LightGBM
2017-08-11,14,39.09,39.14641756405596,LightGBM
2017-08-11,15,39.01,36.78561666589225,LightGBM
2017-08-11,16,36.88,37.39168425369365,LightGBM
2017-08-11,17,37.42,37.63182009203415,LightGBM
2017-08-11,18,38.08,37.99787083754849,LightGBM
2017-08-11,19,36.21,37.60778466625997,LightGBM
2017-08-11,20,34.32,35.929205201464974,LightGBM
2017-08-11,21,34.61,35.20816286201755,LightGBM
2017-08-11,22,33.36,35.62377211062416,LightGBM
2017-08-11,23,30.71,31.05626423997169,LightGBM
2017-08-12,0,25.63,28.386630624980054,LightGBM
2017-08-12,1,23.05,26.025544855670137,LightGBM
2017-08-12,2,20.72,23.929615548108956,LightGBM
2017-08-12,3,20.06,22.865138681298113,LightGBM
2017-08-12,4,18.85,21.246853693139844,LightGBM
2017-08-12,5,17.03,22.326718900363982,LightGBM
2017-08-12,6,19.59,22.275280168466804,LightGBM
2017-08-12,7,20.91,25.069353132201687,LightGBM
2017-08-12,8,24.37,26.852777990329947,LightGBM
2017-08-12,9,25.84,29.70602209173927,LightGBM
2017-08-12,10,25.36,32.009731275541064,LightGBM
2017-08-12,11,25.5,31.53680030638506,LightGBM
2017-08-12,12,24.49,29.249551092746188,LightGBM
2017-08-12,13,19.01,26.92300514088197,LightGBM
2017-08-12,14,15.23,23.788350057131897,LightGBM
2017-08-12,15,16.41,22.97744445486412,LightGBM
2017-08-12,16,15.99,24.22310554648391,LightGBM
2017-08-12,17,18.77,27.20531537682205,LightGBM
2017-08-12,18,24.81,28.02142951482165,LightGBM
2017-08-12,19,25.44,28.16878134438393,LightGBM
2017-08-12,20,25.67,29.4860529404225,LightGBM
2017-08-12,21,25.54,27.340164358776057,LightGBM
2017-08-12,22,24.02,27.64490794655671,LightGBM
2017-08-12,23,17.93,23.48285840490986,LightGBM
2017-08-13,0,15.74,14.968629008040024,LightGBM
2017-08-13,1,15.42,13.681175141546811,LightGBM
2017-08-13,2,12.93,11.386261103274256,LightGBM
2017-08-13,3,11.64,12.351900314695955,LightGBM
2017-08-13,4,13.34,12.093062679596969,LightGBM
2017-08-13,5,11.95,10.769811950749538,LightGBM
2017-08-13,6,11.77,12.795653734584226,LightGBM
2017-08-13,7,16.07,13.704881489003085,LightGBM
2017-08-13,8,19.0,15.102590121313826,LightGBM
2017-08-13,9,21.02,17.55732418208822,LightGBM
2017-08-13,10,19.69,19.053509519891257,LightGBM
2017-08-13,11,21.09,19.399576106469684,LightGBM
2017-08-13,12,19.33,18.524521454032236,LightGBM
2017-08-13,13,16.07,14.938633422294297,LightGBM
2017-08-13,14,13.24,15.470567218556441,LightGBM
2017-08-13,15,11.8,14.050693765354286,LightGBM
2017-08-13,16,10.8,13.969493744633002,LightGBM
2017-08-13,17,21.89,19.511726668714637,LightGBM
2017-08-13,18,28.39,26.646222250772684,LightGBM
2017-08-13,19,33.0,30.624385533781346,LightGBM
2017-08-13,20,34.98,32.68260443435317,LightGBM
2017-08-13,21,36.47,33.896462607267196,LightGBM
2017-08-13,22,35.8,34.150069766494425,LightGBM
2017-08-13,23,32.0,30.68181841083546,LightGBM
2017-08-14,0,28.69,27.859690759752915,LightGBM
2017-08-14,1,26.37,25.219087231738094,LightGBM
2017-08-14,2,25.24,23.91332101690205,LightGBM
2017-08-14,3,25.17,23.555742851259858,LightGBM
2017-08-14,4,25.28,22.994194661566638,LightGBM
2017-08-14,5,27.64,24.420849656244137,LightGBM
2017-08-14,6,32.9,35.840231806894685,LightGBM
2017-08-14,7,37.9,39.43660887495557,LightGBM
2017-08-14,8,38.44,41.134564303487885,LightGBM
2017-08-14,9,36.64,39.57345038010032,LightGBM
2017-08-14,10,35.04,36.42195817732345,LightGBM
2017-08-14,11,34.96,33.62564307270739,LightGBM
2017-08-14,12,33.4,32.44120787927491,LightGBM
2017-08-14,13,31.93,30.334636198330724,LightGBM
2017-08-14,14,31.87,29.57866498492536,LightGBM
2017-08-14,15,33.0,30.072332059898635,LightGBM
2017-08-14,16,34.87,30.503958412015418,LightGBM
2017-08-14,17,37.07,34.70391970466953,LightGBM
2017-08-14,18,39.64,38.67162736273919,LightGBM
2017-08-14,19,41.96,38.910933167880614,LightGBM
2017-08-14,20,38.39,36.74185242433879,LightGBM
2017-08-14,21,37.76,34.41083778319562,LightGBM
2017-08-14,22,32.96,30.423510445622455,LightGBM
2017-08-14,23,26.82,25.08080374292132,LightGBM
2017-08-15,0,23.9,26.362420249485805,LightGBM
2017-08-15,1,23.05,25.865085680846498,LightGBM
2017-08-15,2,22.07,23.580836388236097,LightGBM
2017-08-15,3,19.3,22.652978952706015,LightGBM
2017-08-15,4,19.25,23.54796393722022,LightGBM
2017-08-15,5,21.47,26.02678818263374,LightGBM
2017-08-15,6,26.23,30.25794502206148,LightGBM
2017-08-15,7,26.96,37.35863714864795,LightGBM
2017-08-15,8,27.96,37.11530923273368,LightGBM
2017-08-15,9,26.84,36.06231875987636,LightGBM
2017-08-15,10,26.08,33.683664706832026,LightGBM
2017-08-15,11,26.69,33.99323165404858,LightGBM
2017-08-15,12,25.38,30.62320649011677,LightGBM
2017-08-15,13,23.07,28.33544643613356,LightGBM
2017-08-15,14,21.26,28.84263966749788,LightGBM
2017-08-15,15,25.18,29.2487280883447,LightGBM
2017-08-15,16,26.08,29.017773700598926,LightGBM
2017-08-15,17,31.34,32.61617135860574,LightGBM
2017-08-15,18,35.24,37.42939511695963,LightGBM
2017-08-15,19,35.3,38.98669950843987,LightGBM
2017-08-15,20,35.36,36.33328048068462,LightGBM
2017-08-15,21,34.95,37.6854182492237,LightGBM
2017-08-15,22,29.04,34.19394424339423,LightGBM
2017-08-15,23,27.1,29.206345407166097,LightGBM
2017-08-16,0,28.93,24.19585415347934,LightGBM
2017-08-16,1,27.99,23.06821752185649,LightGBM
2017-08-16,2,27.11,21.57997848330568,LightGBM
2017-08-16,3,26.79,20.73252157167026,LightGBM
2017-08-16,4,27.64,21.512247687453925,LightGBM
2017-08-16,5,28.72,24.022269067584762,LightGBM
2017-08-16,6,34.98,30.847999180722915,LightGBM
2017-08-16,7,37.61,38.372811626157905,LightGBM
2017-08-16,8,42.0,37.743336078400056,LightGBM
2017-08-16,9,41.91,37.647439809964304,LightGBM
2017-08-16,10,40.92,35.50122276232688,LightGBM
2017-08-16,11,40.91,33.4163571576356,LightGBM
2017-08-16,12,38.44,29.96734034846802,LightGBM
2017-08-16,13,36.07,28.892110441561524,LightGBM
2017-08-16,14,35.56,29.1314958158417,LightGBM
2017-08-16,15,34.31,29.529433467131042,LightGBM
2017-08-16,16,36.27,31.21279425322454,LightGBM
2017-08-16,17,39.94,35.16499629537312,LightGBM
2017-08-16,18,41.93,38.403724256057174,LightGBM
2017-08-16,19,43.15,39.91930014786811,LightGBM
2017-08-16,20,41.95,38.58236834906259,LightGBM
2017-08-16,21,40.1,38.18600728889534,LightGBM
2017-08-16,22,36.02,34.71914912184571,LightGBM
2017-08-16,23,32.0,29.922879861616217,LightGBM
2017-08-17,0,29.82,30.386435868401144,LightGBM
2017-08-17,1,28.44,29.388899518639214,LightGBM
2017-08-17,2,26.96,28.131903053748342,LightGBM
2017-08-17,3,26.83,27.279043990706555,LightGBM
2017-08-17,4,26.96,27.22441013782376,LightGBM
2017-08-17,5,28.57,28.61085926164129,LightGBM
2017-08-17,6,33.94,33.36062017317619,LightGBM
2017-08-17,7,36.9,38.176715293409906,LightGBM
2017-08-17,8,40.14,40.8989245772199,LightGBM
2017-08-17,9,39.24,38.18381108031882,LightGBM
2017-08-17,10,36.47,35.965514151100365,LightGBM
2017-08-17,11,36.02,34.6649970761037,LightGBM
2017-08-17,12,33.39,31.149393485306927,LightGBM
2017-08-17,13,31.64,29.80611092117293,LightGBM
2017-08-17,14,30.0,29.29153913193847,LightGBM
2017-08-17,15,30.19,29.17985405717664,LightGBM
2017-08-17,16,31.68,30.44030237940339,LightGBM
2017-08-17,17,35.32,34.813392428575966,LightGBM
2017-08-17,18,37.42,37.66842390924995,LightGBM
2017-08-17,19,38.97,40.620024701748044,LightGBM
2017-08-17,20,38.35,38.922041100325494,LightGBM
2017-08-17,21,37.62,35.44312567787928,LightGBM
2017-08-17,22,36.87,33.55796060469009,LightGBM
2017-08-17,23,31.7,29.807592540800428,LightGBM
2017-08-18,0,29.21,29.017705249178206,LightGBM
2017-08-18,1,28.29,28.09051184041487,LightGBM
2017-08-18,2,27.28,26.74954903426687,LightGBM
2017-08-18,3,26.35,26.663620236311413,LightGBM
2017-08-18,4,27.7,26.068942608419096,LightGBM
2017-08-18,5,28.61,28.36251274892958,LightGBM
2017-08-18,6,33.63,32.9216309027341,LightGBM
2017-08-18,7,38.48,40.194302705151486,LightGBM
2017-08-18,8,42.25,41.1834565321261,LightGBM
2017-08-18,9,38.88,40.31330868558681,LightGBM
2017-08-18,10,36.1,35.281776204440426,LightGBM
2017-08-18,11,36.85,34.832140506561096,LightGBM
2017-08-18,12,36.29,32.88729669944878,LightGBM
2017-08-18,13,33.17,30.95354066515408,LightGBM
2017-08-18,14,31.1,30.693509927134983,LightGBM
2017-08-18,15,31.56,30.982162390131876,LightGBM
2017-08-18,16,32.4,32.62665823398448,LightGBM
2017-08-18,17,35.71,35.75759537958835,LightGBM
2017-08-18,18,37.43,38.871369864252564,LightGBM
2017-08-18,19,38.7,39.64783458162373,LightGBM
2017-08-18,20,36.99,37.11906015486416,LightGBM
2017-08-18,21,37.02,35.00023673015026,LightGBM
2017-08-18,22,34.95,34.36308371904674,LightGBM
2017-08-18,23,29.45,29.63122490036854,LightGBM
2017-08-19,0,22.22,27.6092322505614,LightGBM
2017-08-19,1,22.01,25.735666490112443,LightGBM
2017-08-19,2,13.11,23.524478789976012,LightGBM
2017-08-19,3,10.93,21.29803027624472,LightGBM
2017-08-19,4,10.47,19.111714384583923,LightGBM
2017-08-19,5,10.93,18.331662306825177,LightGBM
2017-08-19,6,11.0,20.24580850850803,LightGBM
2017-08-19,7,15.93,22.014020190212435,LightGBM
2017-08-19,8,20.74,24.505787739716414,LightGBM
2017-08-19,9,18.96,23.36241708871947,LightGBM
2017-08-19,10,14.62,18.068682094969656,LightGBM
2017-08-19,11,12.42,16.671992493507695,LightGBM
2017-08-19,12,7.13,13.283096320476261,LightGBM
2017-08-19,13,-0.07,11.14067995124788,LightGBM
2017-08-19,14,-4.0,8.1084194216629,LightGBM
2017-08-19,15,-0.22,9.218381925152048,LightGBM
2017-08-19,16,8.16,15.806330136265881,LightGBM
2017-08-19,17,11.33,19.810036840690177,LightGBM
2017-08-19,18,22.03,27.21898171756771,LightGBM
2017-08-19,19,26.63,30.081129904339168,LightGBM
2017-08-19,20,26.63,29.833958024766254,LightGBM
2017-08-19,21,27.0,29.11705816731218,LightGBM
2017-08-19,22,25.33,29.87726758781721,LightGBM
2017-08-19,23,20.05,25.445598250293607,LightGBM
2017-08-20,0,10.84,15.598466839779494,LightGBM
2017-08-20,1,10.1,13.148920813458462,LightGBM
2017-08-20,2,9.77,11.29425298521009,LightGBM
2017-08-20,3,9.01,10.421888147136057,LightGBM
2017-08-20,4,5.18,8.497763188918215,LightGBM
2017-08-20,5,8.51,9.400041448324362,LightGBM
2017-08-20,6,8.17,10.45635845583095,LightGBM
2017-08-20,7,5.06,9.792294352616633,LightGBM
2017-08-20,8,9.65,12.910859728447933,LightGBM
2017-08-20,9,5.59,14.009676000022894,LightGBM
2017-08-20,10,2.66,11.85849928591739,LightGBM
2017-08-20,11,2.1,13.090762362703229,LightGBM
2017-08-20,12,-0.01,10.183993666117981,LightGBM
2017-08-20,13,-14.35,6.009193435704626,LightGBM
2017-08-20,14,-12.93,2.1859888936711,LightGBM
2017-08-20,15,-6.37,2.7626451659348663,LightGBM
2017-08-20,16,-3.57,7.243983779935322,LightGBM
2017-08-20,17,7.53,14.0855135898941,LightGBM
2017-08-20,18,14.13,22.92083342357024,LightGBM
2017-08-20,19,26.5,26.922617921000693,LightGBM
2017-08-20,20,28.5,30.809137374130035,LightGBM
2017-08-20,21,30.57,30.937326925344628,LightGBM
2017-08-20,22,29.06,31.92127500275949,LightGBM
2017-08-20,23,23.18,27.455227072468176,LightGBM
2017-08-21,0,19.55,21.703380208252682,LightGBM
2017-08-21,1,12.34,19.415255378544668,LightGBM
2017-08-21,2,10.96,19.144149154824106,LightGBM
2017-08-21,3,9.74,17.41651479130966,LightGBM
2017-08-21,4,9.96,17.61142075555011,LightGBM
2017-08-21,5,20.34,21.825041513213563,LightGBM
2017-08-21,6,29.93,32.294638075945414,LightGBM
2017-08-21,7,35.17,36.20171684776384,LightGBM
2017-08-21,8,36.8,38.076642648948166,LightGBM
2017-08-21,9,35.54,34.832248247414995,LightGBM
2017-08-21,10,33.77,30.620495615799204,LightGBM
2017-08-21,11,31.16,30.920696486081578,LightGBM
2017-08-21,12,30.96,29.138714519502944,LightGBM
2017-08-21,13,29.62,27.991179831164285,LightGBM
2017-08-21,14,27.93,28.801711226336938,LightGBM
2017-08-21,15,29.87,28.92364808711247,LightGBM
2017-08-21,16,32.06,28.908270874492473,LightGBM
2017-08-21,17,34.71,33.1488330134036,LightGBM
2017-08-21,18,39.8,37.075111007288356,LightGBM
2017-08-21,19,41.86,40.64211443829385,LightGBM
2017-08-21,20,41.01,42.50001131211853,LightGBM
2017-08-21,21,40.31,39.66247618680839,LightGBM
2017-08-21,22,37.71,36.30402321078441,LightGBM
2017-08-21,23,32.0,31.729624106706027,LightGBM
2017-08-22,0,32.77,28.91948477076731,LightGBM
2017-08-22,1,30.0,27.759615832898344,LightGBM
2017-08-22,2,29.53,25.956748075376762,LightGBM
2017-08-22,3,27.9,25.61100731896543,LightGBM
2017-08-22,4,27.78,24.973762888325954,LightGBM
2017-08-22,5,31.78,27.376650827941226,LightGBM
2017-08-22,6,37.71,33.125316719434274,LightGBM
2017-08-22,7,42.24,39.224356469647574,LightGBM
2017-08-22,8,42.42,41.32756665494235,LightGBM
2017-08-22,9,39.99,36.91179964817685,LightGBM
2017-08-22,10,37.76,33.95323621447625,LightGBM
2017-08-22,11,36.91,33.851992826436046,LightGBM
2017-08-22,12,35.57,32.222707568138475,LightGBM
2017-08-22,13,35.36,29.597109457064533,LightGBM
2017-08-22,14,35.08,28.594073831628794,LightGBM
2017-08-22,15,36.06,30.885121096675192,LightGBM
2017-08-22,16,37.39,31.89091004559275,LightGBM
2017-08-22,17,42.02,34.54131249868618,LightGBM
2017-08-22,18,44.71,38.64760004042097,LightGBM
2017-08-22,19,48.17,41.08968846517577,LightGBM
2017-08-22,20,45.07,40.29733927135366,LightGBM
2017-08-22,21,43.38,39.66536636014088,LightGBM
2017-08-22,22,38.81,34.92405766918885,LightGBM
2017-08-22,23,34.85,29.213130322808194,LightGBM
2017-08-23,0,30.97,31.859563578189345,LightGBM
2017-08-23,1,30.93,30.603159512254642,LightGBM
2017-08-23,2,29.63,29.89075572285918,LightGBM
2017-08-23,3,28.4,28.764874691564987,LightGBM
2017-08-23,4,28.06,28.86569913195403,LightGBM
2017-08-23,5,29.76,30.269669270189365,LightGBM
2017-08-23,6,36.93,37.62330278187852,LightGBM
2017-08-23,7,40.92,44.980503357372456,LightGBM
2017-08-23,8,43.36,46.40036408901692,LightGBM
2017-08-23,9,40.72,42.48309666251144,LightGBM
2017-08-23,10,38.24,38.8752592481719,LightGBM
2017-08-23,11,37.5,36.913769094847204,LightGBM
2017-08-23,12,36.25,34.3287431419869,LightGBM
2017-08-23,13,34.0,32.20248274046039,LightGBM
2017-08-23,14,32.5,32.517691033769125,LightGBM
2017-08-23,15,34.1,34.557604101494185,LightGBM
2017-08-23,16,37.06,35.201933916743535,LightGBM
2017-08-23,17,40.24,38.29502854100155,LightGBM
2017-08-23,18,45.94,43.1015048184133,LightGBM
2017-08-23,19,48.05,43.02556206660184,LightGBM
2017-08-23,20,44.9,42.484526378090415,LightGBM
2017-08-23,21,41.92,38.592502799487356,LightGBM
2017-08-23,22,35.96,34.09240206342076,LightGBM
2017-08-23,23,31.29,29.28146096366046,LightGBM
2017-08-24,0,29.99,29.644901222979016,LightGBM
2017-08-24,1,29.48,28.821839880012725,LightGBM
2017-08-24,2,28.1,27.275012218960725,LightGBM
2017-08-24,3,27.73,27.1499767972586,LightGBM
2017-08-24,4,28.0,27.284409265868344,LightGBM
2017-08-24,5,30.27,29.365401295001003,LightGBM
2017-08-24,6,36.45,36.206144261306314,LightGBM
2017-08-24,7,39.42,42.574213806592724,LightGBM
2017-08-24,8,42.14,43.54148747913236,LightGBM
2017-08-24,9,42.09,41.19908079457143,LightGBM
2017-08-24,10,40.7,38.67976553151926,LightGBM
2017-08-24,11,39.94,37.25699786338859,LightGBM
2017-08-24,12,32.38,31.96399394748914,LightGBM
2017-08-24,13,29.63,31.093518751600378,LightGBM
2017-08-24,14,29.69,29.249386107445552,LightGBM
2017-08-24,15,29.8,30.40168003103204,LightGBM
2017-08-24,16,31.76,30.94463894852771,LightGBM
2017-08-24,17,39.7,36.91626013451212,LightGBM
2017-08-24,18,42.75,39.198789307050355,LightGBM
2017-08-24,19,44.89,42.65158112568327,LightGBM
2017-08-24,20,44.55,41.38252513122789,LightGBM
2017-08-24,21,42.91,39.80299376189451,LightGBM
2017-08-24,22,39.22,37.94883291686393,LightGBM
2017-08-24,23,33.96,32.65250991166509,LightGBM
2017-08-25,0,33.43,31.129849863447514,LightGBM
2017-08-25,1,31.31,30.359418001935378,LightGBM
2017-08-25,2,30.13,29.354814252976585,LightGBM
2017-08-25,3,29.51,28.765923155134004,LightGBM
2017-08-25,4,29.94,29.266400112726245,LightGBM
2017-08-25,5,32.28,30.921542377712683,LightGBM
2017-08-25,6,38.05,37.807001617641035,LightGBM
2017-08-25,7,42.97,44.529359510465106,LightGBM
2017-08-25,8,44.9,44.963014701369865,LightGBM
2017-08-25,9,44.67,42.73645573584938,LightGBM
2017-08-25,10,41.77,39.03657529913547,LightGBM
2017-08-25,11,39.87,38.608304049268355,LightGBM
2017-08-25,12,37.92,34.77731006667589,LightGBM
2017-08-25,13,34.98,32.7794072324356,LightGBM
2017-08-25,14,33.09,32.3910678216851,LightGBM
2017-08-25,15,33.99,32.67253274395106,LightGBM
2017-08-25,16,36.04,35.26487001209439,LightGBM
2017-08-25,17,40.41,39.87453664615788,LightGBM
2017-08-25,18,43.98,43.54994726422111,LightGBM
2017-08-25,19,45.7,46.18650820330506,LightGBM
2017-08-25,20,45.4,44.05899901560028,LightGBM
2017-08-25,21,42.91,43.85262771187298,LightGBM
2017-08-25,22,39.7,42.47799914698908,LightGBM
2017-08-25,23,35.43,35.107691008030244,LightGBM
2017-08-26,0,34.75,32.0406774201989,LightGBM
2017-08-26,1,32.21,30.442204560307854,LightGBM
2017-08-26,2,31.38,29.362886330995654,LightGBM
2017-08-26,3,30.89,28.83333233081669,LightGBM
2017-08-26,4,30.61,28.879935564518707,LightGBM
2017-08-26,5,30.29,28.723081951245494,LightGBM
2017-08-26,6,30.47,29.326473348313574,LightGBM
2017-08-26,7,31.04,31.862337818572204,LightGBM
2017-08-26,8,34.82,34.251043345373745,LightGBM
2017-08-26,9,35.96,35.82074885468446,LightGBM
2017-08-26,10,35.65,32.8946988580531,LightGBM
2017-08-26,11,34.99,30.144136957693924,LightGBM
2017-08-26,12,31.52,29.63630554839103,LightGBM
2017-08-26,13,30.78,27.039599619038018,LightGBM
2017-08-26,14,30.23,26.476171295277382,LightGBM
2017-08-26,15,31.92,27.329600330396634,LightGBM
2017-08-26,16,32.17,28.685274582673944,LightGBM
2017-08-26,17,36.82,33.28277590263316,LightGBM
2017-08-26,18,39.67,37.08216761131746,LightGBM
2017-08-26,19,42.0,40.18467956839741,LightGBM
2017-08-26,20,42.38,42.199123810542105,LightGBM
2017-08-26,21,39.97,39.64882258099202,LightGBM
2017-08-26,22,38.44,37.59363945316548,LightGBM
2017-08-26,23,34.9,32.96479718237342,LightGBM
2017-08-27,0,34.95,31.553576958360186,LightGBM
2017-08-27,1,31.88,29.00590574411212,LightGBM
2017-08-27,2,30.01,28.137332240212125,LightGBM
2017-08-27,3,28.71,27.859030261824735,LightGBM
2017-08-27,4,29.32,27.546908914422012,LightGBM
2017-08-27,5,28.82,25.703018855800504,LightGBM
2017-08-27,6,29.67,25.94080976633206,LightGBM
2017-08-27,7,28.46,26.161540725123004,LightGBM
2017-08-27,8,29.44,25.564351283182173,LightGBM
2017-08-27,9,26.04,28.334384709685217,LightGBM
2017-08-27,10,22.18,27.010058470359382,LightGBM
2017-08-27,11,22.06,26.98211906837451,LightGBM
2017-08-27,12,20.74,25.9723064077557,LightGBM
2017-08-27,13,25.42,22.47149603927439,LightGBM
2017-08-27,14,23.89,21.702234145652135,LightGBM
2017-08-27,15,27.0,22.751957859277613,LightGBM
2017-08-27,16,28.74,25.757114074129277,LightGBM
2017-08-27,17,30.63,27.85115245354622,LightGBM
2017-08-27,18,35.2,34.13390676366261,LightGBM
2017-08-27,19,38.96,37.33501737809635,LightGBM
2017-08-27,20,42.21,41.243530271312814,LightGBM
2017-08-27,21,42.43,39.885917388697585,LightGBM
2017-08-27,22,38.0,38.23926523566163,LightGBM
2017-08-27,23,35.98,33.64502213051633,LightGBM
2017-08-28,0,33.54,31.097983966940525,LightGBM
2017-08-28,1,30.94,30.101974572927155,LightGBM
2017-08-28,2,30.64,29.066286670961322,LightGBM
2017-08-28,3,30.4,27.709003136186848,LightGBM
2017-08-28,4,30.42,28.816181317964077,LightGBM
2017-08-28,5,31.99,29.9578253134039,LightGBM
2017-08-28,6,41.99,39.02482696420084,LightGBM
2017-08-28,7,43.98,45.610826156607295,LightGBM
2017-08-28,8,45.56,47.77224496034051,LightGBM
2017-08-28,9,44.97,44.43227372919838,LightGBM
2017-08-28,10,43.5,40.04722661650665,LightGBM
2017-08-28,11,40.06,39.152641292833756,LightGBM
2017-08-28,12,35.63,37.27363394398126,LightGBM
2017-08-28,13,32.4,35.98248454849339,LightGBM
2017-08-28,14,31.5,35.358900649318834,LightGBM
2017-08-28,15,36.95,38.18260131226617,LightGBM
2017-08-28,16,39.51,37.21108063867329,LightGBM
2017-08-28,17,44.53,43.070716217240395,LightGBM
2017-08-28,18,46.6,44.07427362116817,LightGBM
2017-08-28,19,50.0,46.06473434187733,LightGBM
2017-08-28,20,47.59,44.07215230530361,LightGBM
2017-08-28,21,44.26,43.002006527261514,LightGBM
2017-08-28,22,38.99,39.0289893311082,LightGBM
2017-08-28,23,32.0,33.24790541780433,LightGBM
2017-08-29,0,30.86,31.465711420536394,LightGBM
2017-08-29,1,30.2,30.34011164518364,LightGBM
2017-08-29,2,29.96,29.890365540956896,LightGBM
2017-08-29,3,29.31,28.796604187119755,LightGBM
2017-08-29,4,29.38,28.82666317271553,LightGBM
2017-08-29,5,30.77,30.503320537114323,LightGBM
2017-08-29,6,35.0,37.17197499876779,LightGBM
2017-08-29,7,42.07,43.32827890358264,LightGBM
2017-08-29,8,45.54,43.9662931149719,LightGBM
2017-08-29,9,42.99,42.31372404523504,LightGBM
2017-08-29,10,38.97,39.270658239283755,LightGBM
2017-08-29,11,35.58,37.03783659731429,LightGBM
2017-08-29,12,31.32,33.67662587818036,LightGBM
2017-08-29,13,32.1,30.608032052010806,LightGBM
2017-08-29,14,32.49,31.271628237204023,LightGBM
2017-08-29,15,33.0,32.99383051669631,LightGBM
2017-08-29,16,37.68,35.98779196936327,LightGBM
2017-08-29,17,45.47,40.0495071321518,LightGBM
2017-08-29,18,49.01,44.79279703608748,LightGBM
2017-08-29,19,52.47,48.15138783878386,LightGBM
2017-08-29,20,49.98,45.67007399083702,LightGBM
2017-08-29,21,45.87,42.47628707301059,LightGBM
2017-08-29,22,40.04,39.4392675619499,LightGBM
2017-08-29,23,32.82,34.091139039520876,LightGBM
2017-08-30,0,32.98,31.286147938388474,LightGBM
2017-08-30,1,30.26,31.1114794733371,LightGBM
2017-08-30,2,29.83,29.71300689990621,LightGBM
2017-08-30,3,29.56,28.85600184723314,LightGBM
2017-08-30,4,29.6,28.77193861567177,LightGBM
2017-08-30,5,30.82,30.0735194329557,LightGBM
2017-08-30,6,36.51,38.99832665036756,LightGBM
2017-08-30,7,42.0,46.48674450659205,LightGBM
2017-08-30,8,44.43,47.23988673220135,LightGBM
2017-08-30,9,43.97,44.33087007405418,LightGBM
2017-08-30,10,43.39,40.58203335080352,LightGBM
2017-08-30,11,39.91,39.42401904680947,LightGBM
2017-08-30,12,33.0,34.067821137873516,LightGBM
2017-08-30,13,32.75,32.116408283341755,LightGBM
2017-08-30,14,32.83,32.26028474556661,LightGBM
2017-08-30,15,32.14,31.64808745976351,LightGBM
2017-08-30,16,37.4,33.42006426654294,LightGBM
2017-08-30,17,40.56,40.096939567694804,LightGBM
2017-08-30,18,42.39,43.89855897220079,LightGBM
2017-08-30,19,42.4,42.81023205370032,LightGBM
2017-08-30,20,41.39,40.42874917644848,LightGBM
2017-08-30,21,37.04,37.59712946620875,LightGBM
2017-08-30,22,32.48,33.266499990766434,LightGBM
2017-08-30,23,30.89,29.072489103765232,LightGBM
2017-08-31,0,31.0,29.555967585924893,LightGBM
2017-08-31,1,29.97,28.85076132760987,LightGBM
2017-08-31,2,29.75,28.190293566778003,LightGBM
2017-08-31,3,28.83,28.417528411812786,LightGBM
2017-08-31,4,28.89,28.468027550610973,LightGBM
2017-08-31,5,30.06,30.35699428919995,LightGBM
2017-08-31,6,34.15,37.510182860851195,LightGBM
2017-08-31,7,39.92,44.96281181849226,LightGBM
2017-08-31,8,43.28,44.92156071375348,LightGBM
2017-08-31,9,44.92,43.853201432940054,LightGBM
2017-08-31,10,44.08,39.377780620333546,LightGBM
2017-08-31,11,44.8,39.80696409136259,LightGBM
2017-08-31,12,42.98,36.45425938294928,LightGBM
2017-08-31,13,41.97,33.933399557782806,LightGBM
2017-08-31,14,40.06,32.583911388100454,LightGBM
2017-08-31,15,41.97,33.32941492216997,LightGBM
2017-08-31,16,41.94,34.99570530219611,LightGBM
2017-08-31,17,42.05,39.41376238808538,LightGBM
2017-08-31,18,43.6,42.63212873141808,LightGBM
2017-08-31,19,43.8,45.61461547362484,LightGBM
2017-08-31,20,44.09,44.07343081169763,LightGBM
2017-08-31,21,41.92,39.8775913782442,LightGBM
2017-08-31,22,35.59,39.49380161826425,LightGBM
2017-08-31,23,33.41,34.48868740948111,LightGBM
2017-09-01,0,33.09,32.33147270842873,LightGBM
2017-09-01,1,31.07,31.382682864265597,LightGBM
2017-09-01,2,29.89,30.441806742196164,LightGBM
2017-09-01,3,29.64,29.76123774838789,LightGBM
2017-09-01,4,29.65,30.433357212327884,LightGBM
2017-09-01,5,31.71,32.338883190335125,LightGBM
2017-09-01,6,36.04,40.97589005827237,LightGBM
2017-09-01,7,43.46,48.717423142490524,LightGBM
2017-09-01,8,45.83,50.607318185097824,LightGBM
2017-09-01,9,45.12,49.44763734762345,LightGBM
2017-09-01,10,44.9,50.09233559058168,LightGBM
2017-09-01,11,45.02,49.86132222789493,LightGBM
2017-09-01,12,44.87,46.67011268385992,LightGBM
2017-09-01,13,43.09,44.78454823584472,LightGBM
2017-09-01,14,39.91,42.278523143942714,LightGBM
2017-09-01,15,38.93,42.671222026548016,LightGBM
2017-09-01,16,38.56,43.32154798365165,LightGBM
2017-09-01,17,40.36,46.244109580221505,LightGBM
2017-09-01,18,42.2,48.629078419810924,LightGBM
2017-09-01,19,43.74,48.00746870175293,LightGBM
2017-09-01,20,43.95,46.52134858832029,LightGBM
2017-09-01,21,39.4,43.05225843195258,LightGBM
2017-09-01,22,36.21,41.43118665759019,LightGBM
2017-09-01,23,34.51,35.86638142796188,LightGBM
2017-09-02,0,32.22,32.488725452738386,LightGBM
2017-09-02,1,31.73,32.09212142331479,LightGBM
2017-09-02,2,30.06,30.612085988072263,LightGBM
2017-09-02,3,29.64,30.107996716599683,LightGBM
2017-09-02,4,29.48,30.23109729412638,LightGBM
2017-09-02,5,29.99,30.117840819175427,LightGBM
2017-09-02,6,31.1,31.60472731497868,LightGBM
2017-09-02,7,32.39,31.29461768662027,LightGBM
2017-09-02,8,35.1,35.35435026813719,LightGBM
2017-09-02,9,38.0,36.27021207800256,LightGBM
2017-09-02,10,38.15,36.71917837802145,LightGBM
2017-09-02,11,38.03,34.480950342773255,LightGBM
2017-09-02,12,35.37,33.13316945760089,LightGBM
2017-09-02,13,33.0,31.82780840525078,LightGBM
2017-09-02,14,31.78,30.733947753150616,LightGBM
2017-09-02,15,30.97,31.156383148707075,LightGBM
2017-09-02,16,31.5,33.415893021067454,LightGBM
2017-09-02,17,32.99,34.816686767523876,LightGBM
2017-09-02,18,37.25,38.95027363588532,LightGBM
2017-09-02,19,40.32,41.75382688137826,LightGBM
2017-09-02,20,40.52,41.23779945848803,LightGBM
2017-09-02,21,38.02,37.6309811928707,LightGBM
2017-09-02,22,35.65,36.8239666389342,LightGBM
2017-09-02,23,31.02,33.81329462081161,LightGBM
2017-09-03,0,32.85,30.268833219906057,LightGBM
2017-09-03,1,27.84,28.611658341270928,LightGBM
2017-09-03,2,29.8,28.28874933898041,LightGBM
2017-09-03,3,28.12,27.961672074602657,LightGBM
2017-09-03,4,27.6,26.902734239292688,LightGBM
2017-09-03,5,27.64,26.784387534166687,LightGBM
2017-09-03,6,28.08,25.982084295673417,LightGBM
2017-09-03,7,27.63,26.051129269134613,LightGBM
2017-09-03,8,29.45,28.92145057389712,LightGBM
2017-09-03,9,30.25,27.945435207126557,LightGBM
2017-09-03,10,29.32,27.390703279877386,LightGBM
2017-09-03,11,30.09,28.558263303076117,LightGBM
2017-09-03,12,30.7,27.561513557848535,LightGBM
2017-09-03,13,26.26,26.53178194737869,LightGBM
2017-09-03,14,25.95,24.309073308877903,LightGBM
2017-09-03,15,25.0,23.315110791659176,LightGBM
2017-09-03,16,26.46,24.050022558220576,LightGBM
2017-09-03,17,29.73,29.194827569084573,LightGBM
2017-09-03,18,34.15,33.90149035511169,LightGBM
2017-09-03,19,38.88,39.5624271463623,LightGBM
2017-09-03,20,42.27,41.15948859080424,LightGBM
2017-09-03,21,39.91,39.490916850276136,LightGBM
2017-09-03,22,38.42,37.251950935543704,LightGBM
2017-09-03,23,33.43,34.77343026477219,LightGBM
2017-09-04,0,31.03,30.21167082906701,LightGBM
2017-09-04,1,29.72,29.039136273678825,LightGBM
2017-09-04,2,29.41,28.845883164754188,LightGBM
2017-09-04,3,27.77,27.00727746856324,LightGBM
2017-09-04,4,28.09,27.07753016105314,LightGBM
2017-09-04,5,30.4,29.64025512424507,LightGBM
2017-09-04,6,39.67,41.452873503927954,LightGBM
2017-09-04,7,43.92,46.0000259844233,LightGBM
2017-09-04,8,42.95,46.092464188025566,LightGBM
2017-09-04,9,42.04,43.02803183025264,LightGBM
2017-09-04,10,38.85,37.8803027383257,LightGBM
2017-09-04,11,35.17,36.25736568544846,LightGBM
2017-09-04,12,32.36,32.45917735331123,LightGBM
2017-09-04,13,32.95,32.217632017159325,LightGBM
2017-09-04,14,33.23,32.15521010939321,LightGBM
2017-09-04,15,35.26,34.07636948540897,LightGBM
2017-09-04,16,36.6,37.32070405327161,LightGBM
2017-09-04,17,39.23,42.09770657104473,LightGBM
2017-09-04,18,42.91,46.065315096328405,LightGBM
2017-09-04,19,45.48,48.306275695959194,LightGBM
2017-09-04,20,45.71,46.612391893629244,LightGBM
2017-09-04,21,42.3,43.63328606493398,LightGBM
2017-09-04,22,38.93,36.99404882565066,LightGBM
2017-09-04,23,33.22,32.84302048683658,LightGBM
2017-09-05,0,31.92,31.69762169857491,LightGBM
2017-09-05,1,29.93,30.590322485239792,LightGBM
2017-09-05,2,29.7,30.31666129335372,LightGBM
2017-09-05,3,29.62,29.52412171519752,LightGBM
2017-09-05,4,29.68,29.573059700947297,LightGBM
2017-09-05,5,31.02,30.701834577984805,LightGBM
2017-09-05,6,36.37,38.782557953031784,LightGBM
2017-09-05,7,42.39,45.147013065546155,LightGBM
2017-09-05,8,44.05,46.06518654226841,LightGBM
2017-09-05,9,42.93,43.10536851898952,LightGBM
2017-09-05,10,41.26,40.32486381583652,LightGBM
2017-09-05,11,41.76,38.626569290747284,LightGBM
2017-09-05,12,38.49,35.577059247168194,LightGBM
2017-09-05,13,37.25,34.7444728056775,LightGBM
2017-09-05,14,36.67,34.352239259896585,LightGBM
2017-09-05,15,38.43,35.811781567956,LightGBM
2017-09-05,16,39.05,37.69625957007325,LightGBM
2017-09-05,17,40.56,41.19019582800154,LightGBM
2017-09-05,18,43.04,43.74552147855107,LightGBM
2017-09-05,19,44.22,48.6475405556084,LightGBM
2017-09-05,20,44.97,46.1825094158992,LightGBM
2017-09-05,21,40.4,41.023729468532025,LightGBM
2017-09-05,22,37.25,37.589353407210126,LightGBM
2017-09-05,23,32.97,33.53790865180184,LightGBM
2017-09-06,0,29.47,30.995095001803946,LightGBM
2017-09-06,1,29.06,29.42065528075624,LightGBM
2017-09-06,2,27.83,28.458488643233505,LightGBM
2017-09-06,3,26.19,28.774956343498555,LightGBM
2017-09-06,4,26.42,28.144365009431922,LightGBM
2017-09-06,5,29.19,29.792497956738256,LightGBM
2017-09-06,6,36.32,35.917585673631976,LightGBM
2017-09-06,7,42.02,41.55134810885904,LightGBM
2017-09-06,8,43.73,43.617195198473375,LightGBM
2017-09-06,9,43.0,42.20508036177983,LightGBM
2017-09-06,10,41.0,40.551951288083984,LightGBM
2017-09-06,11,40.07,38.3109498580242,LightGBM
2017-09-06,12,35.92,34.622903151869444,LightGBM
2017-09-06,13,29.88,32.905799856295324,LightGBM
2017-09-06,14,27.9,32.075421594991646,LightGBM
2017-09-06,15,23.81,29.9043540623523,LightGBM
2017-09-06,16,22.06,29.490802880556608,LightGBM
2017-09-06,17,26.81,31.539050314395755,LightGBM
2017-09-06,18,29.65,34.47532798743238,LightGBM
2017-09-06,19,35.92,35.77603068312973,LightGBM
2017-09-06,20,35.96,34.653590620636066,LightGBM
2017-09-06,21,30.96,34.16610830615572,LightGBM
2017-09-06,22,29.67,30.001594571645455,LightGBM
2017-09-06,23,22.07,25.95638429190161,LightGBM
2017-09-07,0,21.54,21.869822503079114,LightGBM
2017-09-07,1,14.96,19.250440084957503,LightGBM
2017-09-07,2,13.12,16.76862490716779,LightGBM
2017-09-07,3,11.76,16.675193252397513,LightGBM
2017-09-07,4,13.82,19.708111122166994,LightGBM
2017-09-07,5,22.01,23.84759451014018,LightGBM
2017-09-07,6,34.63,31.73151584456796,LightGBM
2017-09-07,7,40.68,38.95771024247979,LightGBM
2017-09-07,8,39.94,40.143846015413075,LightGBM
2017-09-07,9,39.95,38.22589440350455,LightGBM
2017-09-07,10,37.48,37.131711278938184,LightGBM
2017-09-07,11,38.98,33.76299207326223,LightGBM
2017-09-07,12,37.41,31.673315936438673,LightGBM
2017-09-07,13,36.8,29.459355731357245,LightGBM
2017-09-07,14,36.11,30.063746072674775,LightGBM
2017-09-07,15,36.73,28.69584815002008,LightGBM
2017-09-07,16,37.71,31.887724167384047,LightGBM
2017-09-07,17,40.37,37.7852064361966,LightGBM
2017-09-07,18,42.67,41.30040788684345,LightGBM
2017-09-07,19,45.22,44.34802195833121,LightGBM
2017-09-07,20,45.99,41.99435113011143,LightGBM
2017-09-07,21,41.02,40.18640765673284,LightGBM
2017-09-07,22,38.78,37.75224320480425,LightGBM
2017-09-07,23,33.99,33.74513774804658,LightGBM
2017-09-08,0,29.92,29.20033708792948,LightGBM
2017-09-08,1,27.01,28.14633736769264,LightGBM
2017-09-08,2,23.95,26.062227390290655,LightGBM
2017-09-08,3,19.0,23.463171397496986,LightGBM
2017-09-08,4,14.09,22.641278001645464,LightGBM
2017-09-08,5,22.24,25.11100693920384,LightGBM
2017-09-08,6,32.96,32.48856377439199,LightGBM
2017-09-08,7,35.93,38.92757104293372,LightGBM
2017-09-08,8,35.14,37.701187073449574,LightGBM
2017-09-08,9,31.02,35.50690675539579,LightGBM
2017-09-08,10,29.91,33.255065072614094,LightGBM
2017-09-08,11,22.88,29.666579080473905,LightGBM
2017-09-08,12,19.04,24.95265929385729,LightGBM
2017-09-08,13,17.99,23.153064201510137,LightGBM
2017-09-08,14,15.03,19.836209527995567,LightGBM
2017-09-08,15,22.05,22.077357179298165,LightGBM
2017-09-08,16,24.3,24.549652122030313,LightGBM
2017-09-08,17,30.36,31.444068412051337,LightGBM
2017-09-08,18,33.98,36.571351242288785,LightGBM
2017-09-08,19,35.97,37.77166731713922,LightGBM
2017-09-08,20,37.31,36.76469133026668,LightGBM
2017-09-08,21,34.0,34.88293786926295,LightGBM
2017-09-08,22,30.86,30.930924227260824,LightGBM
2017-09-08,23,28.87,27.582838464763853,LightGBM
2017-09-09,0,27.95,25.95951160031673,LightGBM
2017-09-09,1,21.85,24.71798216524269,LightGBM
2017-09-09,2,21.09,23.34564808561192,LightGBM
2017-09-09,3,21.03,21.666361172448788,LightGBM
2017-09-09,4,21.08,21.80789228418888,LightGBM
2017-09-09,5,25.23,22.825367318997493,LightGBM
2017-09-09,6,27.45,25.238565760025043,LightGBM
2017-09-09,7,29.93,27.08179976339624,LightGBM
2017-09-09,8,34.1,29.06587215660132,LightGBM
2017-09-09,9,37.08,29.925361045533304,LightGBM
2017-09-09,10,37.17,30.13570084262446,LightGBM
2017-09-09,11,38.68,28.328080346015916,LightGBM
2017-09-09,12,36.26,28.03569810460785,LightGBM
2017-09-09,13,33.1,24.775543337216032,LightGBM
2017-09-09,14,29.88,25.846819287562592,LightGBM
2017-09-09,15,30.85,24.96201192556737,LightGBM
2017-09-09,16,32.87,26.695591700967693,LightGBM
2017-09-09,17,34.54,30.452563367716287,LightGBM
2017-09-09,18,36.21,36.722384295259154,LightGBM
2017-09-09,19,39.08,39.053108216159806,LightGBM
2017-09-09,20,41.53,38.29346539766328,LightGBM
2017-09-09,21,38.99,36.501440230454044,LightGBM
2017-09-09,22,38.94,35.61548240078519,LightGBM
2017-09-09,23,36.81,31.574113158315317,LightGBM
2017-09-10,0,31.06,32.30064347550724,LightGBM
2017-09-10,1,29.56,29.147324990006602,LightGBM
2017-09-10,2,28.23,27.052878161895954,LightGBM
2017-09-10,3,25.9,24.79057335994305,LightGBM
2017-09-10,4,23.73,22.57651059820518,LightGBM
2017-09-10,5,23.17,23.72748467817818,LightGBM
2017-09-10,6,25.92,25.2289489949234,LightGBM
2017-09-10,7,26.08,25.70192387895744,LightGBM
2017-09-10,8,29.89,28.390364261547756,LightGBM
2017-09-10,9,30.28,27.86969087118318,LightGBM
2017-09-10,10,29.8,27.381056906015644,LightGBM
2017-09-10,11,29.42,27.211266110212932,LightGBM
2017-09-10,12,24.8,24.96793734382224,LightGBM
2017-09-10,13,17.24,21.915181939436923,LightGBM
2017-09-10,14,8.93,19.449515582693145,LightGBM
2017-09-10,15,9.85,18.995844924641016,LightGBM
2017-09-10,16,10.51,20.669313522177756,LightGBM
2017-09-10,17,13.21,22.775029627511536,LightGBM
2017-09-10,18,23.28,25.993897957231713,LightGBM
2017-09-10,19,30.63,30.243833252371925,LightGBM
2017-09-10,20,29.7,27.784512611122334,LightGBM
2017-09-10,21,22.56,27.099075208733872,LightGBM
2017-09-10,22,18.05,24.912901305820885,LightGBM
2017-09-10,23,9.4,20.048633967432952,LightGBM
2017-09-11,0,0.43,4.891117656900642,LightGBM
2017-09-11,1,0.0,3.531152173783234,LightGBM
2017-09-11,2,-0.07,0.9759017264729344,LightGBM
2017-09-11,3,-2.32,0.5164294663741386,LightGBM
2017-09-11,4,-2.77,2.613052674812832,LightGBM
2017-09-11,5,4.23,8.191761088542277,LightGBM
2017-09-11,6,23.29,19.25464775802905,LightGBM
2017-09-11,7,32.9,25.64144290719745,LightGBM
2017-09-11,8,36.33,28.7629633641427,LightGBM
2017-09-11,9,36.02,27.00595213632793,LightGBM
2017-09-11,10,31.49,24.677466480582982,LightGBM
2017-09-11,11,33.0,25.13818814028364,LightGBM
2017-09-11,12,30.07,21.539666412870602,LightGBM
2017-09-11,13,23.78,19.7971747091281,LightGBM
2017-09-11,14,23.06,20.144249008128444,LightGBM
2017-09-11,15,21.98,20.242354783617955,LightGBM
2017-09-11,16,27.52,19.69055224809419,LightGBM
2017-09-11,17,30.63,24.61204027265823,LightGBM
2017-09-11,18,33.94,30.266944118772066,LightGBM
2017-09-11,19,37.75,30.90508987909628,LightGBM
2017-09-11,20,34.69,31.08345056946906,LightGBM
2017-09-11,21,30.04,24.780603857157942,LightGBM
2017-09-11,22,19.93,20.982152862603204,LightGBM
2017-09-11,23,9.36,11.6199734558629,LightGBM
2017-09-12,0,10.75,8.996736822594427,LightGBM
2017-09-12,1,9.03,5.216604915473064,LightGBM
2017-09-12,2,6.49,3.4097830000672626,LightGBM
2017-09-12,3,5.33,7.1228757487347,LightGBM
2017-09-12,4,8.71,7.935860567050412,LightGBM
2017-09-12,5,14.9,14.780611415385463,LightGBM
2017-09-12,6,34.91,25.19836180476149,LightGBM
2017-09-12,7,40.0,34.86595682074804,LightGBM
2017-09-12,8,42.46,37.00532079429571,LightGBM
2017-09-12,9,39.98,32.24060937974879,LightGBM
2017-09-12,10,37.05,30.664117462101817,LightGBM
2017-09-12,11,36.65,30.129565567075122,LightGBM
2017-09-12,12,33.45,27.04494598434911,LightGBM
2017-09-12,13,30.49,24.219356004133612,LightGBM
2017-09-12,14,28.58,24.497144686783358,LightGBM
2017-09-12,15,29.62,24.201306433525303,LightGBM
2017-09-12,16,30.69,25.68667398530404,LightGBM
2017-09-12,17,35.25,28.821184224416637,LightGBM
2017-09-12,18,41.49,34.0339737092333,LightGBM
2017-09-12,19,45.89,39.239615503663856,LightGBM
2017-09-12,20,45.52,37.13218566069695,LightGBM
2017-09-12,21,36.94,33.003335535821854,LightGBM
2017-09-12,22,34.11,30.172979522828783,LightGBM
2017-09-12,23,28.1,23.749287656947622,LightGBM
2017-09-13,0,19.02,24.140698565725312,LightGBM
2017-09-13,1,12.08,21.422917114467158,LightGBM
2017-09-13,2,10.71,18.03600968297737,LightGBM
2017-09-13,3,5.48,15.222399082868142,LightGBM
2017-09-13,4,8.33,14.302217783270407,LightGBM
2017-09-13,5,14.01,17.71290783296324,LightGBM
2017-09-13,6,23.01,25.876891815600704,LightGBM
2017-09-13,7,28.72,33.03618768639946,LightGBM
2017-09-13,8,23.07,32.00480204402869,LightGBM
2017-09-13,9,15.92,27.786545563200832,LightGBM
2017-09-13,10,13.41,23.99258249374951,LightGBM
2017-09-13,11,12.73,22.340062378305596,LightGBM
2017-09-13,12,10.74,18.609053743454123,LightGBM
2017-09-13,13,12.06,17.911828431246256,LightGBM
2017-09-13,14,10.1,16.169715321787514,LightGBM
2017-09-13,15,9.18,18.493877907957348,LightGBM
2017-09-13,16,9.16,19.784303185836574,LightGBM
2017-09-13,17,9.12,23.66404720686646,LightGBM
2017-09-13,18,16.24,28.25650351046968,LightGBM
2017-09-13,19,16.03,30.10160305511023,LightGBM
2017-09-13,20,16.07,27.89585815825378,LightGBM
2017-09-13,21,12.06,23.332402781542104,LightGBM
2017-09-13,22,10.67,19.332704951125038,LightGBM
2017-09-13,23,8.6,10.40401058103356,LightGBM
2017-09-14,0,-11.04,4.889493976014047,LightGBM
2017-09-14,1,-4.92,-1.9342813157833127,LightGBM
2017-09-14,2,-7.91,-1.6062087654095487,LightGBM
2017-09-14,3,-7.1,-1.399597447705127,LightGBM
2017-09-14,4,-1.7,0.7798222855050294,LightGBM
2017-09-14,5,9.42,7.228955074249416,LightGBM
2017-09-14,6,31.08,19.146026097776904,LightGBM
2017-09-14,7,35.47,25.67576843864297,LightGBM
2017-09-14,8,36.98,28.418001191281963,LightGBM
2017-09-14,9,35.03,25.932570497925315,LightGBM
2017-09-14,10,34.46,24.859146332905095,LightGBM
2017-09-14,11,34.37,21.781948893352634,LightGBM
2017-09-14,12,30.55,20.471469685316812,LightGBM
2017-09-14,13,29.73,17.749681293160037,LightGBM
2017-09-14,14,25.86,17.274671318343206,LightGBM
2017-09-14,15,27.27,18.399495074651966,LightGBM
2017-09-14,16,27.94,18.63229599022659,LightGBM
2017-09-14,17,32.14,24.20159700604213,LightGBM
2017-09-14,18,34.91,28.941480732865074,LightGBM
2017-09-14,19,35.88,30.987930836920786,LightGBM
2017-09-14,20,36.09,27.567535648124377,LightGBM
2017-09-14,21,34.45,23.203306766923994,LightGBM
2017-09-14,22,26.66,18.869880901059773,LightGBM
2017-09-14,23,19.03,11.019478019204168,LightGBM
2017-09-15,0,20.53,16.882387808692144,LightGBM
2017-09-15,1,12.28,15.713234506385454,LightGBM
2017-09-15,2,14.0,14.751782501965263,LightGBM
2017-09-15,3,16.69,15.170797438449606,LightGBM
2017-09-15,4,22.07,16.623149818626363,LightGBM
2017-09-15,5,29.6,21.004728587819336,LightGBM
2017-09-15,6,40.24,28.569368946525096,LightGBM
2017-09-15,7,44.3,36.80456598312202,LightGBM
2017-09-15,8,44.8,38.35288641091063,LightGBM
2017-09-15,9,40.96,36.464452295144916,LightGBM
2017-09-15,10,39.98,34.179389527131256,LightGBM
2017-09-15,11,38.96,31.718612378510215,LightGBM
2017-09-15,12,36.69,29.785901950370313,LightGBM
2017-09-15,13,33.05,28.952792757255725,LightGBM
2017-09-15,14,36.4,29.17991859777095,LightGBM
2017-09-15,15,36.13,28.86769536592961,LightGBM
2017-09-15,16,38.65,30.45306938380794,LightGBM
2017-09-15,17,42.51,34.86452548596348,LightGBM
2017-09-15,18,45.47,40.18898406175149,LightGBM
2017-09-15,19,48.0,41.40558450747992,LightGBM
2017-09-15,20,47.95,40.299145569341306,LightGBM
2017-09-15,21,42.05,36.48271465368809,LightGBM
2017-09-15,22,37.91,34.26570678506733,LightGBM
2017-09-15,23,31.4,29.881350643099935,LightGBM
2017-09-16,0,33.95,30.300248987855106,LightGBM
2017-09-16,1,32.0,28.703786803170214,LightGBM
2017-09-16,2,31.57,28.306849398747318,LightGBM
2017-09-16,3,31.01,27.099367549061952,LightGBM
2017-09-16,4,30.82,26.216536107629437,LightGBM
2017-09-16,5,31.44,28.212535981174423,LightGBM
2017-09-16,6,31.94,29.96174436747944,LightGBM
2017-09-16,7,34.7,33.04222421487531,LightGBM
2017-09-16,8,40.38,36.2795991339812,LightGBM
2017-09-16,9,40.92,37.555065914641204,LightGBM
2017-09-16,10,40.63,34.92785220554954,LightGBM
2017-09-16,11,35.45,35.14258604895441,LightGBM
2017-09-16,12,37.93,30.521575168022917,LightGBM
2017-09-16,13,35.29,30.754705980153165,LightGBM
2017-09-16,14,32.99,29.397630270528758,LightGBM
2017-09-16,15,33.9,32.09156886261249,LightGBM
2017-09-16,16,35.5,32.69973472483538,LightGBM
2017-09-16,17,40.03,36.49223539334327,LightGBM
2017-09-16,18,44.64,42.497821263410124,LightGBM
2017-09-16,19,48.01,47.59635026229263,LightGBM
2017-09-16,20,46.7,43.07986406415246,LightGBM
2017-09-16,21,43.54,39.87015547355302,LightGBM
2017-09-16,22,40.33,38.02692147178171,LightGBM
2017-09-16,23,35.01,33.49170983823063,LightGBM
2017-09-17,0,32.27,32.951378778799565,LightGBM
2017-09-17,1,30.4,31.134121508080714,LightGBM
2017-09-17,2,30.06,30.4681947775888,LightGBM
2017-09-17,3,29.43,28.847632061956862,LightGBM
2017-09-17,4,29.18,28.48993756199591,LightGBM
2017-09-17,5,29.38,28.388158025055052,LightGBM
2017-09-17,6,29.98,29.92469702616505,LightGBM
2017-09-17,7,30.09,28.635051958669894,LightGBM
2017-09-17,8,32.04,32.31311530511902,LightGBM
2017-09-17,9,32.59,31.567458133899606,LightGBM
2017-09-17,10,32.16,32.01295846339961,LightGBM
2017-09-17,11,32.65,31.622213494208243,LightGBM
2017-09-17,12,32.05,31.495571312827956,LightGBM
2017-09-17,13,30.31,31.093333122024124,LightGBM
2017-09-17,14,30.01,29.151284120458225,LightGBM
2017-09-17,15,29.72,30.088602017157655,LightGBM
2017-09-17,16,30.05,30.187428645657672,LightGBM
2017-09-17,17,32.15,33.946560899138746,LightGBM
2017-09-17,18,41.0,40.38390168200154,LightGBM
2017-09-17,19,45.09,46.32372981265279,LightGBM
2017-09-17,20,46.95,44.516523908646114,LightGBM
2017-09-17,21,42.38,41.62863361019572,LightGBM
2017-09-17,22,38.27,38.95815961612164,LightGBM
2017-09-17,23,33.09,33.99775853096311,LightGBM
2017-09-18,0,32.77,32.073778471086236,LightGBM
2017-09-18,1,32.08,30.013367337495552,LightGBM
2017-09-18,2,32.1,28.873740283709,LightGBM
2017-09-18,3,31.42,28.366475258437323,LightGBM
2017-09-18,4,32.0,28.830583567467436,LightGBM
2017-09-18,5,32.6,30.67635679702496,LightGBM
2017-09-18,6,43.89,39.43803712659853,LightGBM
2017-09-18,7,51.06,45.56064101461247,LightGBM
2017-09-18,8,53.23,47.54193913415959,LightGBM
2017-09-18,9,51.71,45.36311629993069,LightGBM
2017-09-18,10,51.59,43.395114345318575,LightGBM
2017-09-18,11,45.04,41.086987847589576,LightGBM
2017-09-18,12,41.09,37.146999568915895,LightGBM
2017-09-18,13,37.91,36.506664805501195,LightGBM
2017-09-18,14,36.09,34.15414800400047,LightGBM
2017-09-18,15,41.88,37.39581344496002,LightGBM
2017-09-18,16,43.92,39.65885125296859,LightGBM
2017-09-18,17,45.61,40.3105532563523,LightGBM
2017-09-18,18,49.41,45.00607982477037,LightGBM
2017-09-18,19,52.89,50.99217850822074,LightGBM
2017-09-18,20,53.14,48.6300380505773,LightGBM
2017-09-18,21,44.58,43.463468683474154,LightGBM
2017-09-18,22,40.55,37.13186626201686,LightGBM
2017-09-18,23,33.2,33.19347397109913,LightGBM
2017-09-19,0,33.1,32.75388740752716,LightGBM
2017-09-19,1,32.13,31.616669113902475,LightGBM
2017-09-19,2,31.28,31.06888696338232,LightGBM
2017-09-19,3,30.8,30.571624069283786,LightGBM
2017-09-19,4,31.07,31.48027630071602,LightGBM
2017-09-19,5,33.22,32.77275639846675,LightGBM
2017-09-19,6,40.0,42.491375841600636,LightGBM
2017-09-19,7,50.02,51.75974371646255,LightGBM
2017-09-19,8,53.76,55.35944626133744,LightGBM
2017-09-19,9,51.1,52.9876645155711,LightGBM
2017-09-19,10,49.99,49.23865632260205,LightGBM
2017-09-19,11,49.37,48.891103086036935,LightGBM
2017-09-19,12,44.9,44.74699341644491,LightGBM
2017-09-19,13,43.9,42.07568854353702,LightGBM
2017-09-19,14,39.8,39.66730274310117,LightGBM
2017-09-19,15,38.36,42.06048510392944,LightGBM
2017-09-19,16,38.94,42.32296996595902,LightGBM
2017-09-19,17,42.98,44.568905992200946,LightGBM
2017-09-19,18,46.26,47.487305938009186,LightGBM
2017-09-19,19,50.01,54.130993102061055,LightGBM
2017-09-19,20,47.96,49.132174106401955,LightGBM
2017-09-19,21,40.0,43.449523269348695,LightGBM
2017-09-19,22,37.34,37.523007384374345,LightGBM
2017-09-19,23,35.74,33.117967333863554,LightGBM
2017-09-20,0,29.97,32.7612112381833,LightGBM
2017-09-20,1,29.49,31.108372441152003,LightGBM
2017-09-20,2,28.47,30.616916915288034,LightGBM
2017-09-20,3,25.99,30.09523486712567,LightGBM
2017-09-20,4,26.56,30.265843946456712,LightGBM
2017-09-20,5,31.05,32.10883585767549,LightGBM
2017-09-20,6,39.49,36.78135296986393,LightGBM
2017-09-20,7,46.99,45.890167985069915,LightGBM
2017-09-20,8,47.93,47.62722211653241,LightGBM
2017-09-20,9,44.99,45.065125883802196,LightGBM
2017-09-20,10,46.84,42.8795191120756,LightGBM
2017-09-20,11,43.88,41.16057826489089,LightGBM
2017-09-20,12,37.0,37.54593294500598,LightGBM
2017-09-20,13,35.47,38.37490445483422,LightGBM
2017-09-20,14,37.51,37.04925187309142,LightGBM
2017-09-20,15,34.07,38.15741404410608,LightGBM
2017-09-20,16,40.0,38.70463619583425,LightGBM
2017-09-20,17,43.94,43.443963009442676,LightGBM
2017-09-20,18,48.93,47.2635746439413,LightGBM
2017-09-20,19,52.02,49.535087309755454,LightGBM
2017-09-20,20,51.03,48.11759099214484,LightGBM
2017-09-20,21,43.91,41.817709841118784,LightGBM
2017-09-20,22,39.44,38.89737042462994,LightGBM
2017-09-20,23,34.61,34.916362044253425,LightGBM
2017-09-21,0,32.61,33.07501456900354,LightGBM
2017-09-21,1,30.8,31.918152644948883,LightGBM
2017-09-21,2,29.66,30.158846324070826,LightGBM
2017-09-21,3,29.49,30.028885646279722,LightGBM
2017-09-21,4,29.98,30.543993260365852,LightGBM
2017-09-21,5,32.11,32.57767924978765,LightGBM
2017-09-21,6,40.0,40.14153721786356,LightGBM
2017-09-21,7,47.97,51.076301450189696,LightGBM
2017-09-21,8,50.97,52.75884597920651,LightGBM
2017-09-21,9,47.03,48.66136305722318,LightGBM
2017-09-21,10,43.47,46.99483562322999,LightGBM
2017-09-21,11,39.48,44.18131610316681,LightGBM
2017-09-21,12,35.9,38.29290763138504,LightGBM
2017-09-21,13,35.27,38.00891926166684,LightGBM
2017-09-21,14,34.55,36.231393475824405,LightGBM
2017-09-21,15,34.4,36.44072595453171,LightGBM
2017-09-21,16,37.52,38.3693611383188,LightGBM
2017-09-21,17,43.48,44.2185525455198,LightGBM
2017-09-21,18,48.73,49.6312551052735,LightGBM
2017-09-21,19,52.77,54.60507495595311,LightGBM
2017-09-21,20,50.75,48.93347739327625,LightGBM
2017-09-21,21,42.2,43.72500981716691,LightGBM
2017-09-21,22,38.33,40.30640838312596,LightGBM
2017-09-21,23,34.73,35.01518040508054,LightGBM
2017-09-22,0,32.24,32.96935881434722,LightGBM
2017-09-22,1,31.67,31.512715621966418,LightGBM
2017-09-22,2,30.4,30.286337261896506,LightGBM
2017-09-22,3,30.02,30.259946823302222,LightGBM
2017-09-22,4,30.3,30.76182228729462,LightGBM
2017-09-22,5,31.9,32.51908270993556,LightGBM
2017-09-22,6,40.06,42.72027383711716,LightGBM
2017-09-22,7,48.18,50.95265579760613,LightGBM
2017-09-22,8,49.8,52.100855005210434,LightGBM
2017-09-22,9,49.71,47.667122262334146,LightGBM
2017-09-22,10,47.17,44.757397043060266,LightGBM
2017-09-22,11,45.34,43.30671208553649,LightGBM
2017-09-22,12,40.34,37.99313858845482,LightGBM
2017-09-22,13,38.07,37.12551837340516,LightGBM
2017-09-22,14,36.58,36.606455105153984,LightGBM
2017-09-22,15,36.57,37.32548630788094,LightGBM
2017-09-22,16,37.31,37.9660346601137,LightGBM
2017-09-22,17,43.27,43.45394287600687,LightGBM
2017-09-22,18,45.92,48.31870961030751,LightGBM
2017-09-22,19,48.92,53.22889015657452,LightGBM
2017-09-22,20,47.21,48.84995599323045,LightGBM
2017-09-22,21,43.3,42.321529478952044,LightGBM
2017-09-22,22,39.51,39.06029042591529,LightGBM
2017-09-22,23,37.95,33.89623788795521,LightGBM
2017-09-23,0,34.67,34.49817528968933,LightGBM
2017-09-23,1,31.99,33.0752167131965,LightGBM
2017-09-23,2,31.94,31.853512642540586,LightGBM
2017-09-23,3,31.91,31.05999822892318,LightGBM
2017-09-23,4,31.43,31.147901916148932,LightGBM
2017-09-23,5,31.81,31.530661047204763,LightGBM
2017-09-23,6,33.4,34.33565063901491,LightGBM
2017-09-23,7,39.03,35.14249298720519,LightGBM
2017-09-23,8,41.54,38.538935555285455,LightGBM
2017-09-23,9,42.93,38.66564615239024,LightGBM
2017-09-23,10,41.91,38.81075753806619,LightGBM
2017-09-23,11,39.9,36.75217084279149,LightGBM
2017-09-23,12,31.91,32.6179692657457,LightGBM
2017-09-23,13,32.17,31.071360528149114,LightGBM
2017-09-23,14,32.12,30.964547983480617,LightGBM
2017-09-23,15,32.0,32.56476420737254,LightGBM
2017-09-23,16,32.77,33.29802169738423,LightGBM
2017-09-23,17,37.22,36.139740233286936,LightGBM
2017-09-23,18,42.44,41.565063845655125,LightGBM
2017-09-23,19,45.2,47.97202926440375,LightGBM
2017-09-23,20,44.93,45.02911182430974,LightGBM
2017-09-23,21,39.08,39.68389983570946,LightGBM
2017-09-23,22,35.79,37.36314919963953,LightGBM
2017-09-23,23,31.72,32.53783630594222,LightGBM
2017-09-24,0,31.76,30.676579342296158,LightGBM
2017-09-24,1,30.51,29.59269657712497,LightGBM
2017-09-24,2,31.03,29.85383700734067,LightGBM
2017-09-24,3,30.77,29.377402090238746,LightGBM
2017-09-24,4,30.55,29.337856236936698,LightGBM
2017-09-24,5,31.06,29.756976741778978,LightGBM
2017-09-24,6,31.82,30.406905445979596,LightGBM
2017-09-24,7,32.09,30.275697226645097,LightGBM
2017-09-24,8,34.9,33.287174702669105,LightGBM
2017-09-24,9,35.57,35.72665016809022,LightGBM
2017-09-24,10,35.25,35.300682080279685,LightGBM
2017-09-24,11,35.61,34.60736463960559,LightGBM
2017-09-24,12,35.21,35.06988447174006,LightGBM
2017-09-24,13,32.71,31.894927253077494,LightGBM
2017-09-24,14,31.52,30.92979366335569,LightGBM
2017-09-24,15,31.37,28.679700760194542,LightGBM
2017-09-24,16,31.62,28.469813197292932,LightGBM
2017-09-24,17,35.34,32.90634015269176,LightGBM
2017-09-24,18,42.39,40.09263098285189,LightGBM
2017-09-24,19,46.94,45.52604953602017,LightGBM
2017-09-24,20,44.99,42.284830014939736,LightGBM
2017-09-24,21,42.2,37.07379877069341,LightGBM
2017-09-24,22,41.08,35.39056605547201,LightGBM
2017-09-24,23,32.45,31.484809190409305,LightGBM
2017-09-25,0,32.97,31.79477655478485,LightGBM
2017-09-25,1,31.69,30.569118199835856,LightGBM
2017-09-25,2,31.1,30.697583145597896,LightGBM
2017-09-25,3,31.02,29.604910301528605,LightGBM
2017-09-25,4,30.5,30.20462429247849,LightGBM
2017-09-25,5,32.49,32.628804472863635,LightGBM
2017-09-25,6,44.42,43.67416180478578,LightGBM
2017-09-25,7,52.44,52.03331150073252,LightGBM
2017-09-25,8,53.77,52.48294616505752,LightGBM
2017-09-25,9,52.4,49.78988070540183,LightGBM
2017-09-25,10,51.1,46.126927123636335,LightGBM
2017-09-25,11,48.95,43.44133613218114,LightGBM
2017-09-25,12,44.93,39.32263972781287,LightGBM
2017-09-25,13,42.4,37.877129386530484,LightGBM
2017-09-25,14,40.51,38.96820801010952,LightGBM
2017-09-25,15,42.01,39.038213447219114,LightGBM
2017-09-25,16,43.93,40.673440451213764,LightGBM
2017-09-25,17,46.13,45.50040034566646,LightGBM
2017-09-25,18,49.81,47.757712112276465,LightGBM
2017-09-25,19,52.0,48.71636757863289,LightGBM
2017-09-25,20,50.44,43.48431233045899,LightGBM
2017-09-25,21,41.96,36.5368431045596,LightGBM
2017-09-25,22,34.9,32.4766817264448,LightGBM
2017-09-25,23,34.85,30.520529029359505,LightGBM
2017-09-26,0,35.37,33.046972493115824,LightGBM
2017-09-26,1,32.42,32.23167543575473,LightGBM
2017-09-26,2,31.36,31.48608886302018,LightGBM
2017-09-26,3,31.33,31.46154259160001,LightGBM
2017-09-26,4,31.88,31.41817203238091,LightGBM
2017-09-26,5,33.61,33.23878408385728,LightGBM
2017-09-26,6,42.52,42.14166914745345,LightGBM
2017-09-26,7,51.78,51.12971641751873,LightGBM
2017-09-26,8,55.2,51.83001548401179,LightGBM
2017-09-26,9,50.81,49.237785556237604,LightGBM
2017-09-26,10,46.03,45.69830304931318,LightGBM
2017-09-26,11,41.1,42.60803472341689,LightGBM
2017-09-26,12,36.09,37.48345651895638,LightGBM
2017-09-26,13,35.13,37.09883239542035,LightGBM
2017-09-26,14,34.83,36.98962742048069,LightGBM
2017-09-26,15,35.9,36.6498424528909,LightGBM
2017-09-26,16,39.53,38.92222649781241,LightGBM
2017-09-26,17,46.05,43.89609772153879,LightGBM
2017-09-26,18,49.93,47.65650848402526,LightGBM
2017-09-26,19,54.66,50.09561624167246,LightGBM
2017-09-26,20,49.42,43.61002126887312,LightGBM
2017-09-26,21,36.34,36.79426679837661,LightGBM
2017-09-26,22,33.93,34.178495166314256,LightGBM
2017-09-26,23,35.43,32.803495681131864,LightGBM
2017-09-27,0,33.41,33.05216959991201,LightGBM
2017-09-27,1,32.12,31.714236759620253,LightGBM
2017-09-27,2,32.03,30.949608811144998,LightGBM
2017-09-27,3,31.56,30.33711215955957,LightGBM
2017-09-27,4,32.14,30.807598664029484,LightGBM
2017-09-27,5,33.7,32.397641640846125,LightGBM
2017-09-27,6,45.07,40.153226382264094,LightGBM
2017-09-27,7,54.4,48.45914020657478,LightGBM
2017-09-27,8,57.0,50.924067595342386,LightGBM
2017-09-27,9,51.59,45.25518430784445,LightGBM
2017-09-27,10,46.1,41.33342080197436,LightGBM
2017-09-27,11,41.16,39.32311660330622,LightGBM
2017-09-27,12,34.43,35.92313233095781,LightGBM
2017-09-27,13,34.9,34.332223154598886,LightGBM
2017-09-27,14,34.42,35.56903248163279,LightGBM
2017-09-27,15,35.96,35.50968948871096,LightGBM
2017-09-27,16,38.94,38.26915115835206,LightGBM
2017-09-27,17,45.08,44.10205080655134,LightGBM
2017-09-27,18,49.99,48.18565472339371,LightGBM
2017-09-27,19,54.86,48.70584166862818,LightGBM
2017-09-27,20,47.99,42.87199910815021,LightGBM
2017-09-27,21,42.95,38.020587067940866,LightGBM
2017-09-27,22,38.43,35.113792765731304,LightGBM
2017-09-27,23,32.94,32.50890701802185,LightGBM
2017-09-28,0,32.08,31.63291430397217,LightGBM
2017-09-28,1,31.77,30.98316858878414,LightGBM
2017-09-28,2,31.58,31.09865326203073,LightGBM
2017-09-28,3,31.01,30.136038018380553,LightGBM
2017-09-28,4,31.05,30.488771400779797,LightGBM
2017-09-28,5,33.4,33.49043354796623,LightGBM
2017-09-28,6,40.2,41.40281589736483,LightGBM
2017-09-28,7,49.21,50.379667660692576,LightGBM
2017-09-28,8,49.43,52.44273108368457,LightGBM
2017-09-28,9,47.08,47.67574706257184,LightGBM
2017-09-28,10,45.27,46.466603783715634,LightGBM
2017-09-28,11,44.35,42.18787333458113,LightGBM
2017-09-28,12,39.2,38.90722728737464,LightGBM
2017-09-28,13,39.2,37.31946022588975,LightGBM
2017-09-28,14,38.45,38.21080832043187,LightGBM
2017-09-28,15,41.67,39.86991645626077,LightGBM
2017-09-28,16,44.12,39.05807545905771,LightGBM
2017-09-28,17,46.93,46.36142565050737,LightGBM
2017-09-28,18,47.51,51.696669486602005,LightGBM
2017-09-28,19,49.78,54.58252602017177,LightGBM
2017-09-28,20,47.49,46.45356445073106,LightGBM
2017-09-28,21,38.5,40.60779706953901,LightGBM
2017-09-28,22,34.96,37.82414199466101,LightGBM
2017-09-28,23,32.96,34.20536980060272,LightGBM
2017-09-29,0,33.85,32.327322651987856,LightGBM
2017-09-29,1,32.88,31.0865099280101,LightGBM
2017-09-29,2,31.5,30.896453102111664,LightGBM
2017-09-29,3,31.1,30.81140496378477,LightGBM
2017-09-29,4,30.97,31.16145517532,LightGBM
2017-09-29,5,31.91,32.10183010561345,LightGBM
2017-09-29,6,40.67,40.04690554439309,LightGBM
2017-09-29,7,49.91,47.97280231940027,LightGBM
2017-09-29,8,51.2,48.230309270654345,LightGBM
2017-09-29,9,49.99,46.48515658776252,LightGBM
2017-09-29,10,47.99,43.288088015527066,LightGBM
2017-09-29,11,47.08,42.25833006902081,LightGBM
2017-09-29,12,38.65,35.73586273854972,LightGBM
2017-09-29,13,39.13,34.596020070796804,LightGBM
2017-09-29,14,36.86,34.94097601380119,LightGBM
2017-09-29,15,38.45,34.8097072902944,LightGBM
2017-09-29,16,41.23,37.78049331578828,LightGBM
2017-09-29,17,45.17,41.41300045647763,LightGBM
2017-09-29,18,47.93,44.980370955188086,LightGBM
2017-09-29,19,47.99,44.4017224965093,LightGBM
2017-09-29,20,39.1,39.051368872693835,LightGBM
2017-09-29,21,32.21,33.970706476520846,LightGBM
2017-09-29,22,36.94,30.04364659993943,LightGBM
2017-09-29,23,30.6,29.362336646017837,LightGBM
2017-09-30,0,23.88,30.814280868249362,LightGBM
2017-09-30,1,26.09,29.34179489820687,LightGBM
2017-09-30,2,26.65,28.83016165782539,LightGBM
2017-09-30,3,28.73,27.878234161274126,LightGBM
2017-09-30,4,29.03,29.957484093574163,LightGBM
2017-09-30,5,30.02,30.415732936594814,LightGBM
2017-09-30,6,31.96,31.774880415596492,LightGBM
2017-09-30,7,38.6,33.61415886398966,LightGBM
2017-09-30,8,39.0,37.38284340119225,LightGBM
2017-09-30,9,42.49,41.620593141753865,LightGBM
2017-09-30,10,42.57,38.985497180864236,LightGBM
2017-09-30,11,43.2,38.52690859018854,LightGBM
2017-09-30,12,38.75,33.19898586635711,LightGBM
2017-09-30,13,32.82,32.52929019414318,LightGBM
2017-09-30,14,31.84,32.93685608426805,LightGBM
2017-09-30,15,33.0,33.999145355293436,LightGBM
2017-09-30,16,37.52,35.68840772629775,LightGBM
2017-09-30,17,41.77,38.914973649683425,LightGBM
2017-09-30,18,45.06,45.24518042071373,LightGBM
2017-09-30,19,48.25,44.33434267800707,LightGBM
2017-09-30,20,45.01,37.46516522732123,LightGBM
2017-09-30,21,37.49,34.123427821233655,LightGBM
2017-09-30,22,32.18,33.26379263885257,LightGBM
2017-09-30,23,29.06,31.54607121341058,LightGBM
2017-10-01,0,12.95,28.47590982914008,LightGBM
2017-10-01,1,14.84,27.542442361662896,LightGBM
2017-10-01,2,19.05,26.656978943073334,LightGBM
2017-10-01,3,22.15,26.090880389856714,LightGBM
2017-10-01,4,22.9,26.121900814473697,LightGBM
2017-10-01,5,23.1,27.06249326453214,LightGBM
2017-10-01,6,25.66,30.016341759790983,LightGBM
2017-10-01,7,27.4,28.774732705163427,LightGBM
2017-10-01,8,32.71,33.48610526366109,LightGBM
2017-10-01,9,38.11,35.111316005069604,LightGBM
2017-10-01,10,38.39,36.822732455219324,LightGBM
2017-10-01,11,38.58,34.752587582302155,LightGBM
2017-10-01,12,38.29,33.39952137552593,LightGBM
2017-10-01,13,29.68,30.085724551857922,LightGBM
2017-10-01,14,26.09,26.869025315226274,LightGBM
2017-10-01,15,26.64,25.32386345172589,LightGBM
2017-10-01,16,27.84,26.647048347785788,LightGBM
2017-10-01,17,37.0,35.01747966957887,LightGBM
2017-10-01,18,46.13,38.17356815820617,LightGBM
2017-10-01,19,49.9,39.86571081301997,LightGBM
2017-10-01,20,45.98,33.177071905640126,LightGBM
2017-10-01,21,31.95,28.319195879704285,LightGBM
2017-10-01,22,26.08,27.85809537819087,LightGBM
2017-10-01,23,13.94,22.553768277225345,LightGBM
2017-10-02,0,18.64,12.507106465592036,LightGBM
2017-10-02,1,12.9,10.95788221177041,LightGBM
2017-10-02,2,5.72,7.207426239169508,LightGBM
2017-10-02,3,0.34,7.219966477006074,LightGBM
2017-10-02,4,2.9,6.781228193221007,LightGBM
2017-10-02,5,9.37,10.56387473988558,LightGBM
2017-10-02,6,13.98,27.133698012904038,LightGBM
2017-10-02,7,21.32,34.48586038251646,LightGBM
2017-10-02,8,21.38,35.08913119746365,LightGBM
2017-10-02,9,21.38,33.078758326747,LightGBM
2017-10-02,10,20.29,28.91877506187255,LightGBM
2017-10-02,11,25.29,27.84937944987394,LightGBM
2017-10-02,12,22.1,26.264332787557585,LightGBM
2017-10-02,13,14.82,26.21588357104412,LightGBM
2017-10-02,14,14.6,24.209268659471086,LightGBM
2017-10-02,15,19.3,23.924152397081883,LightGBM
2017-10-02,16,19.9,24.7777685361188,LightGBM
2017-10-02,17,31.29,31.826287422096236,LightGBM
2017-10-02,18,31.23,33.953795393209916,LightGBM
2017-10-02,19,36.04,36.24500127829833,LightGBM
2017-10-02,20,29.28,33.01970393488815,LightGBM
2017-10-02,21,22.68,26.595213856631883,LightGBM
2017-10-02,22,15.18,21.792569894883023,LightGBM
2017-10-02,23,9.39,13.66044688765779,LightGBM
2017-10-03,0,13.26,10.765970351031134,LightGBM
2017-10-03,1,13.95,8.402783926802476,LightGBM
2017-10-03,2,12.31,7.719100089105824,LightGBM
2017-10-03,3,15.09,8.62545732029118,LightGBM
2017-10-03,4,19.51,8.502009365585424,LightGBM
2017-10-03,5,21.58,10.703571764313756,LightGBM
2017-10-03,6,28.28,16.585577011174877,LightGBM
2017-10-03,7,31.41,19.35624790054416,LightGBM
2017-10-03,8,35.95,22.873085662016134,LightGBM
2017-10-03,9,34.9,22.320702406023614,LightGBM
2017-10-03,10,32.03,18.032981966430413,LightGBM
2017-10-03,11,32.69,19.666937227551838,LightGBM
2017-10-03,12,24.87,16.81652050865062,LightGBM
2017-10-03,13,17.91,12.835501085115656,LightGBM
2017-10-03,14,11.09,12.646866837732693,LightGBM
2017-10-03,15,12.47,13.943807068849011,LightGBM
2017-10-03,16,16.63,16.560166221375983,LightGBM
2017-10-03,17,27.62,21.054442071323173,LightGBM
2017-10-03,18,33.06,30.331723849019554,LightGBM
2017-10-03,19,39.54,31.78236885120838,LightGBM
2017-10-03,20,30.63,31.61407556332864,LightGBM
2017-10-03,21,30.66,27.305193771783394,LightGBM
2017-10-03,22,30.09,25.328192034416343,LightGBM
2017-10-03,23,22.08,17.67320034666795,LightGBM
2017-10-04,0,18.09,17.837880401663572,LightGBM
2017-10-04,1,18.65,15.27676932925907,LightGBM
2017-10-04,2,20.88,14.244235727457788,LightGBM
2017-10-04,3,18.06,11.214984569156396,LightGBM
2017-10-04,4,22.63,13.315245780669546,LightGBM
2017-10-04,5,30.0,17.022634717133013,LightGBM
2017-10-04,6,45.22,31.567490478627697,LightGBM
2017-10-04,7,54.61,37.31983224238199,LightGBM
2017-10-04,8,55.93,36.546239381992656,LightGBM
2017-10-04,9,44.2,29.665736801073454,LightGBM
2017-10-04,10,35.34,27.317063210427126,LightGBM
2017-10-04,11,31.17,24.175092177715236,LightGBM
2017-10-04,12,22.8,18.19357881544314,LightGBM
2017-10-04,13,19.96,16.7032333329734,LightGBM
2017-10-04,14,22.77,15.262185591926924,LightGBM
2017-10-04,15,25.0,16.82840577881901,LightGBM
2017-10-04,16,25.06,18.476763631930886,LightGBM
2017-10-04,17,33.06,22.32887837132643,LightGBM
2017-10-04,18,33.8,25.719965530242884,LightGBM
2017-10-04,19,35.93,29.375043798248175,LightGBM
2017-10-04,20,30.26,26.150132737655387,LightGBM
2017-10-04,21,22.1,20.720201236203916,LightGBM
2017-10-04,22,20.62,15.896903903279696,LightGBM
2017-10-04,23,0.49,7.424833349263981,LightGBM
2017-10-05,0,4.09,8.723221370019292,LightGBM
2017-10-05,1,2.09,2.870241249847767,LightGBM
2017-10-05,2,1.8,0.3987137440714977,LightGBM
2017-10-05,3,8.91,0.7667758025507122,LightGBM
2017-10-05,4,12.46,5.110871861818674,LightGBM
2017-10-05,5,16.98,11.188690801836715,LightGBM
2017-10-05,6,31.31,24.708996176326266,LightGBM
2017-10-05,7,35.84,31.90621806123121,LightGBM
2017-10-05,8,41.92,31.540595017259974,LightGBM
2017-10-05,9,31.04,28.80667754861203,LightGBM
2017-10-05,10,24.98,26.231572172096982,LightGBM
2017-10-05,11,20.44,24.49685832700718,LightGBM
2017-10-05,12,9.71,18.217128133878646,LightGBM
2017-10-05,13,12.18,17.764115998364417,LightGBM
2017-10-05,14,10.81,18.688186312484905,LightGBM
2017-10-05,15,10.84,20.75447910749837,LightGBM
2017-10-05,16,10.89,20.509378481352176,LightGBM
2017-10-05,17,14.68,24.600080508948867,LightGBM
2017-10-05,18,25.0,28.139857643891204,LightGBM
2017-10-05,19,29.96,31.439990836422645,LightGBM
2017-10-05,20,26.08,29.577360987631824,LightGBM
2017-10-05,21,27.96,24.5427882837328,LightGBM
2017-10-05,22,10.84,17.027514780056833,LightGBM
2017-10-05,23,11.81,8.743739435776325,LightGBM
2017-10-06,0,0.95,8.022326738221793,LightGBM
2017-10-06,1,9.88,3.126286494704415,LightGBM
2017-10-06,2,3.23,0.5334484683108491,LightGBM
2017-10-06,3,0.43,2.6483299019901154,LightGBM
2017-10-06,4,4.46,5.307247053301892,LightGBM
2017-10-06,5,10.78,12.155537063400647,LightGBM
2017-10-06,6,31.08,25.188173916628262,LightGBM
2017-10-06,7,37.87,31.18787528008317,LightGBM
2017-10-06,8,34.94,32.613427820604535,LightGBM
2017-10-06,9,33.98,31.05436125509738,LightGBM
2017-10-06,10,32.95,26.717819940465233,LightGBM
2017-10-06,11,32.95,28.752923210872467,LightGBM
2017-10-06,12,32.13,24.07733533815369,LightGBM
2017-10-06,13,30.35,23.50742894302596,LightGBM
2017-10-06,14,29.45,24.532257135805946,LightGBM
2017-10-06,15,29.28,23.274688435251427,LightGBM
2017-10-06,16,32.41,25.64180284652601,LightGBM
2017-10-06,17,36.9,30.45995880858359,LightGBM
2017-10-06,18,46.92,34.11545220725856,LightGBM
2017-10-06,19,48.52,38.31695665850202,LightGBM
2017-10-06,20,42.04,35.28038146932325,LightGBM
2017-10-06,21,35.1,33.184448027319824,LightGBM
2017-10-06,22,30.6,32.12225788324878,LightGBM
2017-10-06,23,26.87,21.972794015497772,LightGBM
2017-10-07,0,13.85,23.979480312792823,LightGBM
2017-10-07,1,11.85,20.053531433348095,LightGBM
2017-10-07,2,10.72,19.223945536073362,LightGBM
2017-10-07,3,11.04,19.05864313809389,LightGBM
2017-10-07,4,9.0,19.43388638148795,LightGBM
2017-10-07,5,8.94,18.63461241261499,LightGBM
2017-10-07,6,10.94,20.50588724990282,LightGBM
2017-10-07,7,12.21,25.63653629094966,LightGBM
2017-10-07,8,24.92,29.732645673505132,LightGBM
2017-10-07,9,17.39,28.718328968247857,LightGBM
2017-10-07,10,10.77,27.034967522273487,LightGBM
2017-10-07,11,11.21,23.294430446444228,LightGBM
2017-10-07,12,3.57,18.99972257264441,LightGBM
2017-10-07,13,0.0,15.422078380002551,LightGBM
2017-10-07,14,-0.95,12.792334818261834,LightGBM
2017-10-07,15,-1.35,13.799659387087038,LightGBM
2017-10-07,16,-0.94,15.479592363905518,LightGBM
2017-10-07,17,0.89,21.575768698303328,LightGBM
2017-10-07,18,8.3,23.626568994598898,LightGBM
2017-10-07,19,10.12,23.313059944565246,LightGBM
2017-10-07,20,2.53,18.93346098734056,LightGBM
2017-10-07,21,3.08,14.300494601111252,LightGBM
2017-10-07,22,2.59,12.921821018295933,LightGBM
2017-10-07,23,0.47,5.726681778208137,LightGBM
2017-10-08,0,-0.96,3.3141778068557053,LightGBM
2017-10-08,1,-2.37,0.9096911940650694,LightGBM
2017-10-08,2,-0.03,1.881912541349847,LightGBM
2017-10-08,3,-0.96,1.675015191709241,LightGBM
2017-10-08,4,-0.08,5.195962674904344,LightGBM
2017-10-08,5,8.76,9.04960121653576,LightGBM
2017-10-08,6,2.52,8.817877720204008,LightGBM
2017-10-08,7,12.19,15.497712680942646,LightGBM
2017-10-08,8,27.97,17.248952267696662,LightGBM
2017-10-08,9,29.67,20.316514416595332,LightGBM
2017-10-08,10,32.48,23.8528300237458,LightGBM
2017-10-08,11,38.28,24.219257427703372,LightGBM
2017-10-08,12,30.21,23.770965235376604,LightGBM
2017-10-08,13,28.03,19.488687366968673,LightGBM
2017-10-08,14,26.26,19.579540327340077,LightGBM
2017-10-08,15,21.85,17.597604711649065,LightGBM
2017-10-08,16,27.44,20.510231990925856,LightGBM
2017-10-08,17,32.46,26.73873150754809,LightGBM
2017-10-08,18,40.05,34.458176500760445,LightGBM
2017-10-08,19,47.97,36.37684394638742,LightGBM
2017-10-08,20,43.92,33.02316382693032,LightGBM
2017-10-08,21,40.94,32.11709708323405,LightGBM
2017-10-08,22,40.95,31.16042589128866,LightGBM
2017-10-08,23,35.25,26.269363590322587,LightGBM
2017-10-09,0,32.06,29.945889911353074,LightGBM
2017-10-09,1,30.64,27.66153620194118,LightGBM
2017-10-09,2,30.02,25.83196066250747,LightGBM
2017-10-09,3,30.09,24.029846695004473,LightGBM
2017-10-09,4,30.01,24.761177778711257,LightGBM
2017-10-09,5,32.0,28.74526804563283,LightGBM
2017-10-09,6,42.98,36.29964266191344,LightGBM
2017-10-09,7,51.48,43.473449755739246,LightGBM
2017-10-09,8,54.75,46.10911518140441,LightGBM
2017-10-09,9,51.14,42.494182374207696,LightGBM
2017-10-09,10,51.14,41.029746896783905,LightGBM
2017-10-09,11,47.12,40.357690797391115,LightGBM
2017-10-09,12,41.21,37.14152091851774,LightGBM
2017-10-09,13,39.94,34.46486725015564,LightGBM
2017-10-09,14,40.06,32.390242659096735,LightGBM
2017-10-09,15,41.41,34.495119989654924,LightGBM
2017-10-09,16,43.79,35.04450908403059,LightGBM
2017-10-09,17,50.52,37.15186007920063,LightGBM
2017-10-09,18,59.83,44.442619587886306,LightGBM
2017-10-09,19,62.01,47.27760589817069,LightGBM
2017-10-09,20,46.36,43.187308005153135,LightGBM
2017-10-09,21,38.58,36.15567630006815,LightGBM
2017-10-09,22,37.22,34.70624372433095,LightGBM
2017-10-09,23,32.93,29.56431189945874,LightGBM
2017-10-10,0,30.22,31.06660294449773,LightGBM
2017-10-10,1,29.96,31.060294403246637,LightGBM
2017-10-10,2,30.19,29.632217036401425,LightGBM
2017-10-10,3,30.0,28.73148911793352,LightGBM
2017-10-10,4,30.74,29.4591797351191,LightGBM
2017-10-10,5,31.79,29.836083538986177,LightGBM
2017-10-10,6,37.78,33.74363553715697,LightGBM
2017-10-10,7,48.85,45.395786279638266,LightGBM
2017-10-10,8,56.94,46.739077935231606,LightGBM
2017-10-10,9,55.61,44.529758802562775,LightGBM
2017-10-10,10,43.07,38.67401797612709,LightGBM
2017-10-10,11,42.36,39.040252354824474,LightGBM
2017-10-10,12,40.0,35.47897677782042,LightGBM
2017-10-10,13,38.3,34.95564483134367,LightGBM
2017-10-10,14,37.24,32.603490822706,LightGBM
2017-10-10,15,35.89,33.90426769768468,LightGBM
2017-10-10,16,35.37,34.35869957844218,LightGBM
2017-10-10,17,36.82,38.727320192511854,LightGBM
2017-10-10,18,39.9,40.99151360792242,LightGBM
2017-10-10,19,42.92,39.42238895715395,LightGBM
2017-10-10,20,35.46,34.75454857721195,LightGBM
2017-10-10,21,33.03,32.13584775153851,LightGBM
2017-10-10,22,30.51,30.254079113373958,LightGBM
2017-10-10,23,22.76,26.887049703446873,LightGBM
2017-10-11,0,22.04,23.13814525728922,LightGBM
2017-10-11,1,21.31,21.91997890705652,LightGBM
2017-10-11,2,22.79,17.9217501976543,LightGBM
2017-10-11,3,23.09,17.845639993604333,LightGBM
2017-10-11,4,27.05,19.967815506034228,LightGBM
2017-10-11,5,29.83,25.96347811871115,LightGBM
2017-10-11,6,38.93,33.00269798696492,LightGBM
2017-10-11,7,47.0,40.831694592007196,LightGBM
2017-10-11,8,49.93,39.81586331339805,LightGBM
2017-10-11,9,43.81,38.99518701705287,LightGBM
2017-10-11,10,41.0,36.437704412383006,LightGBM
2017-10-11,11,38.91,35.38374621848232,LightGBM
2017-10-11,12,31.89,33.278511436192126,LightGBM
2017-10-11,13,31.81,32.124045850301854,LightGBM
2017-10-11,14,30.54,31.53509779113385,LightGBM
2017-10-11,15,31.7,32.285248565321375,LightGBM
2017-10-11,16,36.35,34.002778630520446,LightGBM
2017-10-11,17,41.18,38.603758543925764,LightGBM
2017-10-11,18,42.98,40.24323400712774,LightGBM
2017-10-11,19,46.49,43.023005088862675,LightGBM
2017-10-11,20,39.9,36.13108113493008,LightGBM
2017-10-11,21,31.93,31.364510069972447,LightGBM
2017-10-11,22,29.58,27.055228229525596,LightGBM
2017-10-11,23,22.09,20.30835122554888,LightGBM
2017-10-12,0,13.32,18.326753390343303,LightGBM
2017-10-12,1,12.66,16.065070117267826,LightGBM
2017-10-12,2,12.67,12.50558705530061,LightGBM
2017-10-12,3,9.7,12.340378529870693,LightGBM
2017-10-12,4,10.28,12.900477043852808,LightGBM
2017-10-12,5,11.17,18.970780941465012,LightGBM
2017-10-12,6,28.04,28.649840218614248,LightGBM
2017-10-12,7,38.09,35.338231400695136,LightGBM
2017-10-12,8,36.99,33.53527002300547,LightGBM
2017-10-12,9,30.54,31.718405010921998,LightGBM
2017-10-12,10,21.49,29.103282670975737,LightGBM
2017-10-12,11,17.52,26.126855460415154,LightGBM
2017-10-12,12,12.78,21.446027752267042,LightGBM
2017-10-12,13,13.54,19.968041372194442,LightGBM
2017-10-12,14,15.12,19.235212473196057,LightGBM
2017-10-12,15,21.62,22.195437570211563,LightGBM
2017-10-12,16,26.04,24.85321274251073,LightGBM
2017-10-12,17,34.93,32.97920350423459,LightGBM
2017-10-12,18,42.05,36.72540592256942,LightGBM
2017-10-12,19,46.32,41.124683207553744,LightGBM
2017-10-12,20,40.98,39.1721579519236,LightGBM
2017-10-12,21,42.94,34.96198767509186,LightGBM
2017-10-12,22,38.96,31.830728758721,LightGBM
2017-10-12,23,31.37,30.99994534173471,LightGBM
2017-10-13,0,30.53,29.759633208906433,LightGBM
2017-10-13,1,29.38,28.668825070215735,LightGBM
2017-10-13,2,28.34,28.17778277734494,LightGBM
2017-10-13,3,28.46,28.12528556525287,LightGBM
2017-10-13,4,29.03,27.778462734745396,LightGBM
2017-10-13,5,31.47,30.069713062506125,LightGBM
2017-10-13,6,43.08,37.80482683274475,LightGBM
2017-10-13,7,59.93,47.102426165940344,LightGBM
2017-10-13,8,64.82,46.76319777027126,LightGBM
2017-10-13,9,50.81,45.53176308309014,LightGBM
2017-10-13,10,46.46,42.36973947125661,LightGBM
2017-10-13,11,44.4,39.99870243905928,LightGBM
2017-10-13,12,38.03,37.101479045796346,LightGBM
2017-10-13,13,33.49,35.05339014141778,LightGBM
2017-10-13,14,31.29,34.131596359491,LightGBM
2017-10-13,15,34.72,33.06155111034766,LightGBM
2017-10-13,16,36.99,36.75013484985194,LightGBM
2017-10-13,17,46.45,40.03687816193596,LightGBM
2017-10-13,18,55.9,43.67437090333253,LightGBM
2017-10-13,19,49.9,44.04866488301486,LightGBM
2017-10-13,20,39.27,41.67860413996065,LightGBM
2017-10-13,21,35.21,36.3496533722841,LightGBM
2017-10-13,22,31.66,32.993718173567736,LightGBM
2017-10-13,23,29.63,29.528895727610955,LightGBM
2017-10-14,0,28.0,27.956702128789622,LightGBM
2017-10-14,1,26.99,27.13002345003052,LightGBM
2017-10-14,2,27.41,25.313746614969617,LightGBM
2017-10-14,3,26.4,23.854521988144686,LightGBM
2017-10-14,4,26.17,24.945443595344834,LightGBM
2017-10-14,5,26.1,23.38543575571933,LightGBM
2017-10-14,6,28.0,23.715202048572948,LightGBM
2017-10-14,7,33.99,28.943137972091357,LightGBM
2017-10-14,8,39.42,31.676046760902782,LightGBM
2017-10-14,9,35.95,31.763883891610398,LightGBM
2017-10-14,10,28.04,26.565933153438916,LightGBM
2017-10-14,11,22.86,25.451240421181893,LightGBM
2017-10-14,12,26.07,22.310349447553442,LightGBM
2017-10-14,13,12.67,21.856377899638936,LightGBM
2017-10-14,14,13.31,21.988667430246323,LightGBM
2017-10-14,15,26.42,24.88979647696377,LightGBM
2017-10-14,16,31.44,28.771802308150747,LightGBM
2017-10-14,17,40.02,35.95571260188303,LightGBM
2017-10-14,18,49.71,43.60524348915931,LightGBM
2017-10-14,19,52.51,41.68291496808738,LightGBM
2017-10-14,20,43.97,38.082136316131994,LightGBM
2017-10-14,21,40.03,33.897713192295534,LightGBM
2017-10-14,22,39.07,32.92822918904321,LightGBM
2017-10-14,23,31.43,30.15468830821826,LightGBM
2017-10-15,0,34.26,29.4839992318449,LightGBM
2017-10-15,1,31.56,27.184847704403218,LightGBM
2017-10-15,2,30.41,26.436925023266557,LightGBM
2017-10-15,3,29.27,24.383185779926634,LightGBM
2017-10-15,4,29.04,24.75711737452856,LightGBM
2017-10-15,5,28.91,25.563026588753594,LightGBM
2017-10-15,6,31.18,28.4410887154973,LightGBM
2017-10-15,7,35.9,29.00549259245603,LightGBM
2017-10-15,8,34.22,30.88600054520239,LightGBM
2017-10-15,9,33.24,31.824042588407938,LightGBM
2017-10-15,10,31.58,28.53899641174085,LightGBM
2017-10-15,11,30.97,27.56031662629432,LightGBM
2017-10-15,12,22.77,24.806940598294624,LightGBM
2017-10-15,13,17.07,22.31688967576767,LightGBM
2017-10-15,14,22.44,19.781427319793625,LightGBM
2017-10-15,15,26.63,20.19607657766007,LightGBM
2017-10-15,16,28.03,23.038920807810925,LightGBM
2017-10-15,17,39.38,32.138308204472835,LightGBM
2017-10-15,18,45.05,37.053423882675254,LightGBM
2017-10-15,19,45.04,38.76836256613011,LightGBM
2017-10-15,20,31.75,34.29479120382484,LightGBM
2017-10-15,21,31.73,30.46371673217455,LightGBM
2017-10-15,22,29.09,29.233053308436055,LightGBM
2017-10-15,23,18.4,24.57206422301341,LightGBM
2017-10-16,0,22.99,20.47431487516358,LightGBM
2017-10-16,1,21.26,18.64853496600437,LightGBM
2017-10-16,2,21.86,16.81314897126373,LightGBM
2017-10-16,3,21.79,17.864298111534318,LightGBM
2017-10-16,4,22.93,18.864101953906935,LightGBM
2017-10-16,5,28.9,23.441327713101114,LightGBM
2017-10-16,6,42.0,36.6022950795666,LightGBM
2017-10-16,7,55.34,43.84939670021821,LightGBM
2017-10-16,8,51.65,41.9786765253205,LightGBM
2017-10-16,9,43.12,38.76053034510179,LightGBM
2017-10-16,10,37.3,35.036378052928995,LightGBM
2017-10-16,11,33.16,33.327416082285175,LightGBM
2017-10-16,12,32.26,32.24237855814571,LightGBM
2017-10-16,13,31.68,30.729809229164598,LightGBM
2017-10-16,14,40.56,32.97400373682823,LightGBM
2017-10-16,15,42.5,34.9793987000925,LightGBM
2017-10-16,16,44.62,39.15238303822602,LightGBM
2017-10-16,17,50.9,48.14393505494092,LightGBM
2017-10-16,18,63.47,51.73764829540099,LightGBM
2017-10-16,19,66.73,53.32987712196239,LightGBM
2017-10-16,20,45.95,42.20090595177404,LightGBM
2017-10-16,21,39.05,34.183944893495735,LightGBM
2017-10-16,22,34.07,32.82693607869404,LightGBM
2017-10-16,23,31.11,26.581711674812077,LightGBM
2017-10-17,0,28.95,30.495408995223528,LightGBM
2017-10-17,1,27.02,29.98336619312973,LightGBM
2017-10-17,2,26.99,29.367426595772844,LightGBM
2017-10-17,3,27.04,28.825115131692716,LightGBM
2017-10-17,4,28.06,29.38835733872552,LightGBM
2017-10-17,5,30.57,31.849904147281933,LightGBM
2017-10-17,6,34.99,38.90322237090895,LightGBM
2017-10-17,7,46.16,47.042909962199,LightGBM
2017-10-17,8,44.97,44.913831605938746,LightGBM
2017-10-17,9,36.95,41.426466044554,LightGBM
2017-10-17,10,33.46,37.36000133936837,LightGBM
2017-10-17,11,31.34,33.969567040497196,LightGBM
2017-10-17,12,29.24,32.04531476224976,LightGBM
2017-10-17,13,30.22,31.0472076176704,LightGBM
2017-10-17,14,29.72,32.18813253104502,LightGBM
2017-10-17,15,32.8,34.62065064335164,LightGBM
2017-10-17,16,35.47,38.90187501205659,LightGBM
2017-10-17,17,47.92,45.25922434446083,LightGBM
2017-10-17,18,63.36,51.59369252124681,LightGBM
2017-10-17,19,67.92,53.948324711066576,LightGBM
2017-10-17,20,47.38,44.98289412785672,LightGBM
2017-10-17,21,43.61,39.69893033161418,LightGBM
2017-10-17,22,39.99,35.48114819563015,LightGBM
2017-10-17,23,36.79,32.47738248260866,LightGBM
2017-10-18,0,33.22,33.21204586057375,LightGBM
2017-10-18,1,34.02,32.381217170951516,LightGBM
2017-10-18,2,34.02,31.983086332205254,LightGBM
2017-10-18,3,31.89,31.604032254207187,LightGBM
2017-10-18,4,31.81,31.578939946903038,LightGBM
2017-10-18,5,36.03,33.93520487376172,LightGBM
2017-10-18,6,49.87,43.77337527247487,LightGBM
2017-10-18,7,66.0,53.84186112819627,LightGBM
2017-10-18,8,69.94,54.871336478255095,LightGBM
2017-10-18,9,67.91,49.526117871338,LightGBM
2017-10-18,10,64.42,48.090875695334674,LightGBM
2017-10-18,11,63.08,45.013240693427925,LightGBM
2017-10-18,12,47.93,40.56675033071521,LightGBM
2017-10-18,13,45.97,40.425867085908486,LightGBM
2017-10-18,14,46.07,40.84570687541383,LightGBM
2017-10-18,15,55.84,42.67379000667543,LightGBM
2017-10-18,16,62.65,44.308200471719296,LightGBM
2017-10-18,17,65.66,47.99527823455105,LightGBM
2017-10-18,18,73.41,57.62332225075106,LightGBM
2017-10-18,19,83.02,59.81288354756488,LightGBM
2017-10-18,20,66.84,51.80352935569046,LightGBM
2017-10-18,21,54.27,44.76516876178505,LightGBM
2017-10-18,22,40.45,40.76429524112282,LightGBM
2017-10-18,23,36.94,34.913359802981006,LightGBM
2017-10-19,0,34.28,34.64582708518678,LightGBM
2017-10-19,1,34.26,32.771556449683686,LightGBM
2017-10-19,2,33.59,32.01600931363125,LightGBM
2017-10-19,3,33.74,30.957837686441774,LightGBM
2017-10-19,4,34.0,32.51184674342102,LightGBM
2017-10-19,5,34.89,33.945303856957054,LightGBM
2017-10-19,6,53.71,44.96749924800111,LightGBM
2017-10-19,7,67.66,57.064866326058095,LightGBM
2017-10-19,8,68.54,60.886882981818175,LightGBM
2017-10-19,9,67.82,54.16689936438907,LightGBM
2017-10-19,10,62.07,49.85852274154953,LightGBM
2017-10-19,11,49.97,47.48151584344505,LightGBM
2017-10-19,12,46.57,42.106610096247074,LightGBM
2017-10-19,13,41.55,42.76730572468451,LightGBM
2017-10-19,14,40.53,41.289053179985785,LightGBM
2017-10-19,15,43.63,41.60983698199631,LightGBM
2017-10-19,16,49.91,45.14321896216193,LightGBM
2017-10-19,17,58.01,50.160847844253986,LightGBM
2017-10-19,18,61.27,52.77432409452556,LightGBM
2017-10-19,19,54.3,52.06853600943304,LightGBM
2017-10-19,20,41.55,40.59384321633331,LightGBM
2017-10-19,21,34.6,37.71147589024413,LightGBM
2017-10-19,22,34.87,36.02560963955897,LightGBM
2017-10-19,23,31.04,30.25042737126314,LightGBM
2017-10-20,0,29.62,29.588553332743054,LightGBM
2017-10-20,1,29.02,28.969570621257294,LightGBM
2017-10-20,2,29.06,27.595622397315715,LightGBM
2017-10-20,3,29.88,27.296259084238404,LightGBM
2017-10-20,4,30.0,28.340369373023165,LightGBM
2017-10-20,5,31.01,30.394494946391067,LightGBM
2017-10-20,6,39.91,35.41276787650134,LightGBM
2017-10-20,7,47.05,45.22309625008717,LightGBM
2017-10-20,8,51.28,48.23825665438836,LightGBM
2017-10-20,9,47.0,45.144838744439205,LightGBM
2017-10-20,10,43.14,42.01784884040172,LightGBM
2017-10-20,11,41.28,39.585337113266306,LightGBM
2017-10-20,12,37.59,36.378843297808686,LightGBM
2017-10-20,13,33.06,33.645738818450305,LightGBM
2017-10-20,14,32.89,34.686230371726204,LightGBM
2017-10-20,15,32.61,36.05982424209568,LightGBM
2017-10-20,16,33.04,39.94495358078439,LightGBM
2017-10-20,17,44.61,45.0108041725491,LightGBM
2017-10-20,18,47.86,47.34995471894843,LightGBM
2017-10-20,19,46.94,46.977437397715654,LightGBM
2017-10-20,20,38.98,40.768597174555914,LightGBM
2017-10-20,21,41.84,36.448825026109915,LightGBM
2017-10-20,22,35.86,35.49966459959593,LightGBM
2017-10-20,23,32.74,31.347727168216622,LightGBM
2017-10-21,0,35.0,31.875197006688882,LightGBM
2017-10-21,1,32.52,31.17528765268641,LightGBM
2017-10-21,2,32.05,31.4515334720155,LightGBM
2017-10-21,3,30.84,32.09866509843176,LightGBM
2017-10-21,4,29.35,30.47001348792114,LightGBM
2017-10-21,5,30.3,30.72721297615595,LightGBM
2017-10-21,6,31.16,29.93059405143357,LightGBM
2017-10-21,7,35.88,33.15511812457397,LightGBM
2017-10-21,8,41.91,36.61355457927089,LightGBM
2017-10-21,9,46.07,40.271588971291784,LightGBM
2017-10-21,10,47.71,40.9487349905803,LightGBM
2017-10-21,11,45.98,37.75262959722296,LightGBM
2017-10-21,12,35.0,35.97915365975261,LightGBM
2017-10-21,13,31.02,31.100208238064205,LightGBM
2017-10-21,14,32.09,31.465504143595847,LightGBM
2017-10-21,15,32.0,29.31068029463258,LightGBM
2017-10-21,16,32.09,31.102785082462667,LightGBM
2017-10-21,17,36.56,39.484250196504284,LightGBM
2017-10-21,18,40.2,45.946743548783,LightGBM
2017-10-21,19,40.71,41.63079952106038,LightGBM
2017-10-21,20,31.75,35.904565083597966,LightGBM
2017-10-21,21,28.59,30.5113216379025,LightGBM
2017-10-21,22,27.5,31.20678573088441,LightGBM
2017-10-21,23,15.48,27.297243148138737,LightGBM
2017-10-22,0,19.1,15.305159161145243,LightGBM
2017-10-22,1,19.03,11.732420509438274,LightGBM
2017-10-22,2,16.9,11.119691833980154,LightGBM
2017-10-22,3,12.98,10.77082319431217,LightGBM
2017-10-22,4,9.24,11.495561488655571,LightGBM
2017-10-22,5,5.23,13.579844864274184,LightGBM
2017-10-22,6,9.86,14.705340831448721,LightGBM
2017-10-22,7,9.85,18.241990158442558,LightGBM
2017-10-22,8,13.04,21.708924974384605,LightGBM
2017-10-22,9,12.9,22.696118744497856,LightGBM
2017-10-22,10,13.09,21.186980279959414,LightGBM
2017-10-22,11,14.3,24.319941930834357,LightGBM
2017-10-22,12,13.58,22.634183463906123,LightGBM
2017-10-22,13,13.44,18.280348083809887,LightGBM
2017-10-22,14,13.5,18.327239528594497,LightGBM
2017-10-22,15,23.39,19.610190722896363,LightGBM
2017-10-22,16,28.65,24.387009395169432,LightGBM
2017-10-22,17,34.45,30.40074312989116,LightGBM
2017-10-22,18,49.9,37.372784036370206,LightGBM
2017-10-22,19,49.97,38.65564741654525,LightGBM
2017-10-22,20,44.92,33.35998268007362,LightGBM
2017-10-22,21,35.88,30.622230539975543,LightGBM
2017-10-22,22,32.24,31.814917881318795,LightGBM
2017-10-22,23,29.05,25.983967468089464,LightGBM
2017-10-23,0,28.61,27.673983743578567,LightGBM
2017-10-23,1,27.86,26.561113579469936,LightGBM
2017-10-23,2,26.43,25.248194099105014,LightGBM
2017-10-23,3,23.07,22.945590778347054,LightGBM
2017-10-23,4,22.22,25.42907575372574,LightGBM
2017-10-23,5,30.33,28.54403851745543,LightGBM
2017-10-23,6,42.36,39.98972888022121,LightGBM
2017-10-23,7,50.21,48.22948542841851,LightGBM
2017-10-23,8,50.0,48.791286017191666,LightGBM
2017-10-23,9,45.39,45.50583251829787,LightGBM
2017-10-23,10,46.02,43.092750931687114,LightGBM
2017-10-23,11,46.1,41.75284816451397,LightGBM
2017-10-23,12,43.16,38.21697576315242,LightGBM
2017-10-23,13,46.34,38.389863115938184,LightGBM
2017-10-23,14,46.74,38.730753063036396,LightGBM
2017-10-23,15,46.01,41.22596489866946,LightGBM
2017-10-23,16,46.08,44.93536645042557,LightGBM
2017-10-23,17,49.66,49.2219684751576,LightGBM
2017-10-23,18,54.2,55.690345004471205,LightGBM
2017-10-23,19,53.91,54.860772977800764,LightGBM
2017-10-23,20,50.12,49.237943046724574,LightGBM
2017-10-23,21,45.48,41.20226237614148,LightGBM
2017-10-23,22,37.7,36.11170793742609,LightGBM
2017-10-23,23,36.0,33.18477627776284,LightGBM
2017-10-24,0,31.68,33.43513457363562,LightGBM
2017-10-24,1,32.41,32.35403757298954,LightGBM
2017-10-24,2,32.09,30.71003072471196,LightGBM
2017-10-24,3,31.67,30.507239927055103,LightGBM
2017-10-24,4,32.07,30.903412317297942,LightGBM
2017-10-24,5,34.3,32.467177573521056,LightGBM
2017-10-24,6,43.56,41.54880964895322,LightGBM
2017-10-24,7,46.59,50.6941552058584,LightGBM
2017-10-24,8,53.91,53.08866740574481,LightGBM
2017-10-24,9,48.42,52.99246436131845,LightGBM
2017-10-24,10,49.08,50.80025104443642,LightGBM
2017-10-24,11,45.39,51.090963778321715,LightGBM
2017-10-24,12,38.58,47.18677599152612,LightGBM
2017-10-24,13,38.23,44.76891933545859,LightGBM
2017-10-24,14,36.99,40.987137120164626,LightGBM
2017-10-24,15,36.99,43.227026137833306,LightGBM
2017-10-24,16,36.1,42.831082603903894,LightGBM
2017-10-24,17,39.68,46.26908032032361,LightGBM
2017-10-24,18,44.9,49.05582739532466,LightGBM
2017-10-24,19,39.56,45.480112966063075,LightGBM
2017-10-24,20,33.0,37.486637572714905,LightGBM
2017-10-24,21,32.6,33.31930677881347,LightGBM
2017-10-24,22,30.18,29.221934773846318,LightGBM
2017-10-24,23,27.02,26.217891768576244,LightGBM
2017-10-25,0,15.78,23.730803406378655,LightGBM
2017-10-25,1,15.05,21.665379683486574,LightGBM
2017-10-25,2,12.79,19.80802397620004,LightGBM
2017-10-25,3,13.99,17.99219805540888,LightGBM
2017-10-25,4,17.03,21.88735937788871,LightGBM
2017-10-25,5,26.35,26.109695521914073,LightGBM
2017-10-25,6,34.67,33.15646627119386,LightGBM
2017-10-25,7,44.84,40.930394948901025,LightGBM
2017-10-25,8,45.0,41.81248709933446,LightGBM
2017-10-25,9,43.94,35.56556332167823,LightGBM
2017-10-25,10,37.11,34.73383448027145,LightGBM
2017-10-25,11,31.57,33.10715583470894,LightGBM
2017-10-25,12,29.79,32.27621163280818,LightGBM
2017-10-25,13,29.66,31.161438372850668,LightGBM
2017-10-25,14,30.0,32.25815228175741,LightGBM
2017-10-25,15,31.05,33.5700098956946,LightGBM
2017-10-25,16,34.03,35.638454354990806,LightGBM
2017-10-25,17,44.74,38.12483755835647,LightGBM
2017-10-25,18,50.56,45.02057277111074,LightGBM
2017-10-25,19,56.85,47.845828349796506,LightGBM
2017-10-25,20,46.19,42.40408208374697,LightGBM
2017-10-25,21,45.92,37.76588000146423,LightGBM
2017-10-25,22,40.58,34.94238817266059,LightGBM
2017-10-25,23,33.09,30.673411707536914,LightGBM
2017-10-26,0,31.67,32.11285391546593,LightGBM
2017-10-26,1,32.18,31.486629870538213,LightGBM
2017-10-26,2,32.21,30.093442122721275,LightGBM
2017-10-26,3,32.25,29.85424893580275,LightGBM
2017-10-26,4,32.25,30.12576154435356,LightGBM
2017-10-26,5,35.36,31.729790028483528,LightGBM
2017-10-26,6,45.25,41.617618094598015,LightGBM
2017-10-26,7,55.93,51.70150238433706,LightGBM
2017-10-26,8,56.93,50.29009667156373,LightGBM
2017-10-26,9,51.9,47.664010702812504,LightGBM
2017-10-26,10,46.01,45.2118145119942,LightGBM
2017-10-26,11,43.25,41.186329226571075,LightGBM
2017-10-26,12,38.3,38.93382663374647,LightGBM
2017-10-26,13,32.38,35.533325769576734,LightGBM
2017-10-26,14,33.07,35.01147019330151,LightGBM
2017-10-26,15,36.97,36.70759148106861,LightGBM
2017-10-26,16,45.42,38.97887893126163,LightGBM
2017-10-26,17,48.91,45.31642617769078,LightGBM
2017-10-26,18,50.03,49.2478169296069,LightGBM
2017-10-26,19,50.93,49.1819459766948,LightGBM
2017-10-26,20,40.99,40.69122510652805,LightGBM
2017-10-26,21,34.97,36.83871935274442,LightGBM
2017-10-26,22,32.34,33.83484609444208,LightGBM
2017-10-26,23,30.92,29.41762670515602,LightGBM
2017-10-27,0,22.48,27.581414573751793,LightGBM
2017-10-27,1,21.71,23.946524539982743,LightGBM
2017-10-27,2,12.9,21.83132518276008,LightGBM
2017-10-27,3,12.81,21.70405593843535,LightGBM
2017-10-27,4,19.04,24.475433276859135,LightGBM
2017-10-27,5,24.01,24.662900273802343,LightGBM
2017-10-27,6,32.0,33.15353056998107,LightGBM
2017-10-27,7,36.79,39.111578780240386,LightGBM
2017-10-27,8,38.91,39.34931880586051,LightGBM
2017-10-27,9,38.69,38.39491322882877,LightGBM
2017-10-27,10,38.36,32.82411772211639,LightGBM
2017-10-27,11,33.52,30.66644596566746,LightGBM
2017-10-27,12,28.51,28.416879704032464,LightGBM
2017-10-27,13,25.97,26.360043030156753,LightGBM
2017-10-27,14,27.09,25.422959273234873,LightGBM
2017-10-27,15,26.99,28.793995893635664,LightGBM
2017-10-27,16,30.01,31.37057018994802,LightGBM
2017-10-27,17,37.8,35.52500435623896,LightGBM
2017-10-27,18,44.93,44.67834833014869,LightGBM
2017-10-27,19,46.93,45.02315376516287,LightGBM
2017-10-27,20,44.18,38.39290491184343,LightGBM
2017-10-27,21,35.99,37.17559065318559,LightGBM
2017-10-27,22,32.04,32.651203129722234,LightGBM
2017-10-27,23,19.17,29.554529722217367,LightGBM
2017-10-28,0,16.04,16.153352495894975,LightGBM
2017-10-28,1,9.41,14.726344128124186,LightGBM
2017-10-28,2,0.03,13.242905683787166,LightGBM
2017-10-28,3,-9.69,9.717966246695541,LightGBM
2017-10-28,4,-13.02,11.001428496986286,LightGBM
2017-10-28,5,-15.01,14.044050570110182,LightGBM
2017-10-28,6,-9.6,15.210590358381193,LightGBM
2017-10-28,7,0.12,16.780738241219353,LightGBM
2017-10-28,8,0.12,20.034583003919753,LightGBM
2017-10-28,9,5.41,24.83219574587713,LightGBM
2017-10-28,10,0.27,21.54583484374707,LightGBM
2017-10-28,11,0.11,19.193627944338154,LightGBM
2017-10-28,12,-0.1,14.982738560168983,LightGBM
2017-10-28,13,-13.38,10.743784286749039,LightGBM
2017-10-28,14,-31.42,10.316558976909306,LightGBM
2017-10-28,15,-17.03,14.740531372025648,LightGBM
2017-10-28,16,-4.02,17.49042551500621,LightGBM
2017-10-28,17,0.08,22.759145096116686,LightGBM
2017-10-28,18,7.56,26.141406783921646,LightGBM
2017-10-28,19,8.89,24.608332958862103,LightGBM
2017-10-28,20,0.23,20.35797803074432,LightGBM
2017-10-28,21,-38.19,17.446533748082672,LightGBM
2017-10-28,22,-49.98,16.057785966893658,LightGBM
2017-10-28,23,-70.09,5.420995892606189,LightGBM
2017-10-29,0,-79.94,-1.0348095811739906,LightGBM
2017-10-29,1,-83.0,-4.349182254602626,LightGBM
2017-10-29,2,-83.03,-4.855175751232487,LightGBM
2017-10-29,3,-83.03,-3.7146774039112183,LightGBM
2017-10-29,4,-83.04,-3.4397017224033783,LightGBM
2017-10-29,5,-83.02,1.0022296467214584,LightGBM
2017-10-29,6,-83.01,-0.3737347840234713,LightGBM
2017-10-29,7,-80.0,2.705598857040294,LightGBM
2017-10-29,8,-79.96,6.987049307053794,LightGBM
2017-10-29,9,-76.02,10.15282738014221,LightGBM
2017-10-29,10,-67.08,8.926381022394368,LightGBM
2017-10-29,11,-81.95,9.587482996526784,LightGBM
2017-10-29,12,-67.07,4.53699633607079,LightGBM
2017-10-29,13,-80.07,0.2578948249720006,LightGBM
2017-10-29,14,-79.95,-2.9566824990213383,LightGBM
2017-10-29,15,-76.06,-0.8257371751604041,LightGBM
2017-10-29,16,-0.92,4.5538146470592595,LightGBM
2017-10-29,17,8.51,14.894843109830015,LightGBM
2017-10-29,18,27.62,21.37693109300753,LightGBM
2017-10-29,19,29.77,23.975297190126504,LightGBM
2017-10-29,20,22.06,22.788446055651253,LightGBM
2017-10-29,21,17.0,16.77318078497989,LightGBM
2017-10-29,22,12.44,14.725654377033186,LightGBM
2017-10-29,23,-70.05,9.811916820743779,LightGBM
2017-10-30,0,0.75,4.629665767583972,LightGBM
2017-10-30,1,0.01,-0.1087036948914217,LightGBM
2017-10-30,2,0.08,-0.3860459177741998,LightGBM
2017-10-30,3,4.05,0.47689451596018984,LightGBM
2017-10-30,4,2.95,2.4527129779790364,LightGBM
2017-10-30,5,18.09,12.534632839309277,LightGBM
2017-10-30,6,28.42,21.695799576921537,LightGBM
2017-10-30,7,36.43,31.0256927219951,LightGBM
2017-10-30,8,33.48,30.801131103106616,LightGBM
2017-10-30,9,30.38,29.350038907413413,LightGBM
2017-10-30,10,29.74,25.47109611054311,LightGBM
2017-10-30,11,29.46,26.190161150612703,LightGBM
2017-10-30,12,29.7,24.912732414848882,LightGBM
2017-10-30,13,29.98,26.458811947564154,LightGBM
2017-10-30,14,36.36,26.566511003073167,LightGBM
2017-10-30,15,43.99,29.843835465284577,LightGBM
2017-10-30,16,46.34,33.70529803759668,LightGBM
2017-10-30,17,61.0,41.075560160714154,LightGBM
2017-10-30,18,70.09,43.77072150213115,LightGBM
2017-10-30,19,51.98,44.467693902648165,LightGBM
2017-10-30,20,48.13,39.1669149568331,LightGBM
2017-10-30,21,47.18,33.594724785056464,LightGBM
2017-10-30,22,46.05,33.28754099288056,LightGBM
2017-10-30,23,41.97,25.165605740551612,LightGBM
2017-10-31,0,30.08,35.37346072722092,LightGBM
2017-10-31,1,30.89,31.784115413792243,LightGBM
2017-10-31,2,30.01,30.84672659054538,LightGBM
2017-10-31,3,29.09,28.612104561446316,LightGBM
2017-10-31,4,30.29,28.695633945384042,LightGBM
2017-10-31,5,32.24,29.709959449170988,LightGBM
2017-10-31,6,38.94,34.21777745541038,LightGBM
2017-10-31,7,37.9,41.22445798547457,LightGBM
2017-10-31,8,41.09,42.72251037457994,LightGBM
2017-10-31,9,39.92,42.09446010905578,LightGBM
2017-10-31,10,37.98,39.06388322961373,LightGBM
2017-10-31,11,39.97,39.6383368971096,LightGBM
2017-10-31,12,36.95,36.903540309421096,LightGBM
2017-10-31,13,34.14,33.78185659565253,LightGBM
2017-10-31,14,35.65,34.64977201635796,LightGBM
2017-10-31,15,38.99,35.49802993185284,LightGBM
2017-10-31,16,42.45,37.731019686751715,LightGBM
2017-10-31,17,46.92,44.1969970237562,LightGBM
2017-10-31,18,47.36,44.885541775208175,LightGBM
2017-10-31,19,44.31,40.0912028378316,LightGBM
2017-10-31,20,39.0,36.83741980732628,LightGBM
2017-10-31,21,37.1,33.69498829909871,LightGBM
2017-10-31,22,34.98,31.28135934086012,LightGBM
2017-10-31,23,30.82,25.395732233955325,LightGBM
2017-11-01,0,26.91,27.708287201664206,LightGBM
2017-11-01,1,23.06,25.28538819093884,LightGBM
2017-11-01,2,22.27,26.07767689249169,LightGBM
2017-11-01,3,22.97,24.15114767119926,LightGBM
2017-11-01,4,26.66,22.428493162897375,LightGBM
2017-11-01,5,27.03,24.643378688064047,LightGBM
2017-11-01,6,29.07,27.521792173264025,LightGBM
2017-11-01,7,31.0,26.05595608624677,LightGBM
2017-11-01,8,36.06,29.067442390138414,LightGBM
2017-11-01,9,35.16,32.644656708894054,LightGBM
2017-11-01,10,32.37,30.864671205070003,LightGBM
2017-11-01,11,33.08,31.27095353827532,LightGBM
2017-11-01,12,29.79,29.310648705844248,LightGBM
2017-11-01,13,29.06,27.690862381693808,LightGBM
2017-11-01,14,29.18,28.283929492052927,LightGBM
2017-11-01,15,30.01,29.27932467308067,LightGBM
2017-11-01,16,36.93,33.23664143048482,LightGBM
2017-11-01,17,42.49,35.973714617705895,LightGBM
2017-11-01,18,43.93,40.185934934151085,LightGBM
2017-11-01,19,41.97,38.76368083132306,LightGBM
2017-11-01,20,36.52,34.13869513440875,LightGBM
2017-11-01,21,30.07,30.340401674221592,LightGBM
2017-11-01,22,27.02,30.1930978109015,LightGBM
2017-11-01,23,18.97,22.338551106389342,LightGBM
2017-11-02,0,20.18,16.670466947655434,LightGBM
2017-11-02,1,12.62,15.325698388721547,LightGBM
2017-11-02,2,12.61,12.98890065353541,LightGBM
2017-11-02,3,10.96,13.290992193831892,LightGBM
2017-11-02,4,14.04,16.02641007831326,LightGBM
2017-11-02,5,25.97,21.987829253271624,LightGBM
2017-11-02,6,35.05,33.83200483053536,LightGBM
2017-11-02,7,45.9,43.390585463669545,LightGBM
2017-11-02,8,43.83,41.697863941963085,LightGBM
2017-11-02,9,35.59,37.01863673083276,LightGBM
2017-11-02,10,32.33,35.59952667038223,LightGBM
2017-11-02,11,32.36,36.139501775423554,LightGBM
2017-11-02,12,31.32,34.079810108613984,LightGBM
2017-11-02,13,32.49,33.40765195053452,LightGBM
2017-11-02,14,33.94,34.82935042633773,LightGBM
2017-11-02,15,39.1,37.40035283229191,LightGBM
2017-11-02,16,45.95,43.263285091311396,LightGBM
2017-11-02,17,51.91,48.058036790423486,LightGBM
2017-11-02,18,51.92,51.24270366135726,LightGBM
2017-11-02,19,50.07,51.65605030698811,LightGBM
2017-11-02,20,46.01,44.76354279966476,LightGBM
2017-11-02,21,42.06,39.39050621735514,LightGBM
2017-11-02,22,36.12,37.05969133083711,LightGBM
2017-11-02,23,35.45,33.06895662991374,LightGBM
2017-11-03,0,36.07,32.7761338233892,LightGBM
2017-11-03,1,36.09,32.75171495290422,LightGBM
2017-11-03,2,36.13,31.979631900317603,LightGBM
2017-11-03,3,36.09,31.137676678709745,LightGBM
2017-11-03,4,38.24,31.3312710216559,LightGBM
2017-11-03,5,40.66,34.22023524070904,LightGBM
2017-11-03,6,52.97,42.62663091407406,LightGBM
2017-11-03,7,61.74,50.22902030380578,LightGBM
2017-11-03,8,65.8,53.3247689360332,LightGBM
2017-11-03,9,62.18,53.157036201489355,LightGBM
2017-11-03,10,58.69,51.82499684241694,LightGBM
2017-11-03,11,58.67,50.263766799669824,LightGBM
2017-11-03,12,54.55,47.736653366130646,LightGBM
2017-11-03,13,51.5,46.88512076624445,LightGBM
2017-11-03,14,51.17,44.820047692732516,LightGBM
2017-11-03,15,56.64,47.553174490941146,LightGBM
2017-11-03,16,60.88,47.84678866157244,LightGBM
2017-11-03,17,66.0,55.31992956459123,LightGBM
2017-11-03,18,68.68,55.886495832890866,LightGBM
2017-11-03,19,58.63,52.73471036595663,LightGBM
2017-11-03,20,49.01,43.88741621114581,LightGBM
2017-11-03,21,39.01,38.72876387849272,LightGBM
2017-11-03,22,36.11,36.37651407644235,LightGBM
2017-11-03,23,34.97,33.496923403066226,LightGBM
2017-11-04,0,36.16,32.610630379769624,LightGBM
2017-11-04,1,35.06,31.918231264599953,LightGBM
2017-11-04,2,34.42,30.851906417579297,LightGBM
2017-11-04,3,33.61,30.762566630314296,LightGBM
2017-11-04,4,33.4,30.088071256397,LightGBM
2017-11-04,5,33.22,30.907012399564426,LightGBM
2017-11-04,6,33.73,30.767038471989373,LightGBM
2017-11-04,7,37.63,36.72754529533792,LightGBM
2017-11-04,8,42.99,42.66520098615071,LightGBM
2017-11-04,9,40.39,43.86630997835218,LightGBM
2017-11-04,10,39.84,42.00594327805873,LightGBM
2017-11-04,11,37.02,39.336601026656616,LightGBM
2017-11-04,12,36.1,37.13143355735284,LightGBM
2017-11-04,13,34.33,33.73153215326234,LightGBM
2017-11-04,14,34.34,32.59984584456954,LightGBM
2017-11-04,15,35.04,33.908605517614525,LightGBM
2017-11-04,16,37.03,40.411523980145056,LightGBM
2017-11-04,17,43.94,44.00529919719143,LightGBM
2017-11-04,18,35.51,40.07342548405571,LightGBM
2017-11-04,19,32.25,37.32528094455913,LightGBM
2017-11-04,20,28.83,30.557682337534025,LightGBM
2017-11-04,21,26.77,28.796308080191558,LightGBM
2017-11-04,22,26.53,28.23440372903079,LightGBM
2017-11-04,23,20.65,22.18120806883973,LightGBM
2017-11-05,0,13.2,22.06741752108179,LightGBM
2017-11-05,1,13.2,20.99921054504575,LightGBM
2017-11-05,2,14.64,20.72903145846213,LightGBM
2017-11-05,3,11.68,22.42204760875271,LightGBM
2017-11-05,4,13.93,23.855514668495797,LightGBM
2017-11-05,5,20.01,25.382256370676128,LightGBM
2017-11-05,6,21.87,22.33118790821927,LightGBM
2017-11-05,7,24.6,25.65426359811758,LightGBM
2017-11-05,8,31.47,26.996378253593225,LightGBM
2017-11-05,9,33.92,30.035666777372782,LightGBM
2017-11-05,10,36.54,30.034015834394726,LightGBM
2017-11-05,11,38.9,35.90202834840667,LightGBM
2017-11-05,12,36.11,35.020404343899024,LightGBM
2017-11-05,13,36.2,31.9290405015057,LightGBM
2017-11-05,14,33.78,32.48273405873986,LightGBM
2017-11-05,15,33.96,34.34083125963403,LightGBM
2017-11-05,16,35.0,37.22126986900412,LightGBM
2017-11-05,17,41.82,42.75444646417393,LightGBM
2017-11-05,18,41.74,42.5256591606318,LightGBM
2017-11-05,19,42.82,40.4400331072901,LightGBM
2017-11-05,20,40.91,36.521849352591495,LightGBM
2017-11-05,21,39.59,34.03209150238847,LightGBM
2017-11-05,22,38.87,36.196902392085896,LightGBM
2017-11-05,23,35.0,33.07017132173848,LightGBM
2017-11-06,0,31.74,32.456972652883906,LightGBM
2017-11-06,1,33.73,30.782166072665085,LightGBM
2017-11-06,2,33.02,31.102010652598747,LightGBM
2017-11-06,3,27.61,29.83009211968098,LightGBM
2017-11-06,4,28.1,29.6940043412704,LightGBM
2017-11-06,5,32.99,32.630244136901894,LightGBM
2017-11-06,6,44.83,40.71722318047018,LightGBM
2017-11-06,7,54.96,50.384966604513515,LightGBM
2017-11-06,8,60.38,51.58226215342858,LightGBM
2017-11-06,9,55.38,50.88606133106415,LightGBM
2017-11-06,10,54.95,49.02634824351227,LightGBM
2017-11-06,11,54.97,49.66983479588786,LightGBM
2017-11-06,12,54.93,48.34584408457253,LightGBM
2017-11-06,13,55.91,49.07289203841339,LightGBM
2017-11-06,14,55.93,50.283396447283565,LightGBM
2017-11-06,15,57.85,51.44087187914246,LightGBM
2017-11-06,16,62.56,53.84333179618686,LightGBM
2017-11-06,17,78.28,60.64483793250826,LightGBM
2017-11-06,18,89.93,62.61459571426616,LightGBM
2017-11-06,19,74.51,57.63329272141831,LightGBM
2017-11-06,20,55.02,49.82354385218361,LightGBM
2017-11-06,21,50.61,41.82956380514945,LightGBM
2017-11-06,22,39.11,41.504494303376475,LightGBM
2017-11-06,23,37.1,35.99343217856323,LightGBM
2017-11-07,0,36.63,36.82322855018575,LightGBM
2017-11-07,1,35.05,34.833357121842575,LightGBM
2017-11-07,2,36.87,33.77446044685378,LightGBM
2017-11-07,3,36.02,33.698539651742315,LightGBM
2017-11-07,4,37.04,34.53340196146026,LightGBM
2017-11-07,5,34.43,35.54316749623797,LightGBM
2017-11-07,6,49.77,42.42320548121685,LightGBM
2017-11-07,7,59.26,52.798261738501814,LightGBM
2017-11-07,8,64.37,57.01875176986675,LightGBM
2017-11-07,9,55.07,55.18361886358268,LightGBM
2017-11-07,10,54.94,52.86106781147701,LightGBM
2017-11-07,11,54.92,53.93447297459277,LightGBM
2017-11-07,12,53.93,51.361756837905666,LightGBM
2017-11-07,13,54.94,47.57888062762806,LightGBM
2017-11-07,14,56.93,50.13892313589842,LightGBM
2017-11-07,15,66.75,52.6663378174554,LightGBM
2017-11-07,16,65.58,52.07715329747021,LightGBM
2017-11-07,17,81.56,59.50529950660182,LightGBM
2017-11-07,18,82.3,58.05061357566614,LightGBM
2017-11-07,19,64.2,53.488790347929196,LightGBM
2017-11-07,20,53.94,43.12521666753953,LightGBM
2017-11-07,21,46.94,38.317537583567855,LightGBM
2017-11-07,22,41.7,38.323624891952676,LightGBM
2017-11-07,23,37.86,35.09527625354518,LightGBM
2017-11-08,0,33.7,36.8126819887483,LightGBM
2017-11-08,1,33.62,35.50232212813355,LightGBM
2017-11-08,2,33.64,34.07902501468269,LightGBM
2017-11-08,3,33.62,34.946488069655544,LightGBM
2017-11-08,4,35.53,35.155927036497175,LightGBM
2017-11-08,5,36.15,36.6753949327008,LightGBM
2017-11-08,6,54.07,43.27892220595454,LightGBM
2017-11-08,7,75.76,55.12611324140449,LightGBM
2017-11-08,8,79.28,61.563368581878485,LightGBM
2017-11-08,9,77.07,61.39566836750134,LightGBM
2017-11-08,10,84.22,58.23228977277268,LightGBM
2017-11-08,11,84.98,58.14223056737538,LightGBM
2017-11-08,12,83.8,57.431279530259744,LightGBM
2017-11-08,13,88.19,56.07312983941559,LightGBM
2017-11-08,14,89.9,53.79582556698185,LightGBM
2017-11-08,15,81.89,55.6318354989141,LightGBM
2017-11-08,16,88.2,60.82852484777949,LightGBM
2017-11-08,17,111.4,73.98022316093086,LightGBM
2017-11-08,18,120.0,67.2612462611805,LightGBM
2017-11-08,19,89.93,64.72875243810925,LightGBM
2017-11-08,20,60.1,52.83920683801113,LightGBM
2017-11-08,21,52.32,46.27093558450193,LightGBM
2017-11-08,22,48.05,43.86793420310828,LightGBM
2017-11-08,23,38.57,37.611478969064436,LightGBM
2017-11-09,0,38.61,39.43810260136591,LightGBM
2017-11-09,1,39.3,36.001498827102544,LightGBM
2017-11-09,2,38.48,35.476790693946846,LightGBM
2017-11-09,3,40.53,35.40279995610782,LightGBM
2017-11-09,4,39.9,36.0427372110128,LightGBM
2017-11-09,5,43.95,37.00592197952724,LightGBM
2017-11-09,6,58.65,48.293725684500345,LightGBM
2017-11-09,7,72.1,66.00358798981675,LightGBM
2017-11-09,8,84.73,66.16294731575877,LightGBM
2017-11-09,9,61.99,63.21503001244948,LightGBM
2017-11-09,10,61.37,62.16889570803254,LightGBM
2017-11-09,11,60.69,59.73294007385852,LightGBM
2017-11-09,12,55.12,55.671403063620126,LightGBM
2017-11-09,13,53.99,54.49573939128399,LightGBM
2017-11-09,14,54.91,53.872228367014294,LightGBM
2017-11-09,15,55.0,53.12198972278102,LightGBM
2017-11-09,16,55.92,57.164088555499646,LightGBM
2017-11-09,17,56.94,60.78180886693913,LightGBM
2017-11-09,18,55.93,57.050628472367535,LightGBM
2017-11-09,19,55.0,53.335966859049876,LightGBM
2017-11-09,20,40.3,40.94089713055501,LightGBM
2017-11-09,21,42.81,39.99878147126092,LightGBM
2017-11-09,22,36.78,39.32586164113308,LightGBM
2017-11-09,23,33.61,34.39111844390668,LightGBM
2017-11-10,0,26.41,31.221936031089655,LightGBM
2017-11-10,1,25.35,27.968961059880023,LightGBM
2017-11-10,2,26.6,27.474897259500462,LightGBM
2017-11-10,3,27.31,25.17444567585411,LightGBM
2017-11-10,4,27.1,27.325412021144427,LightGBM
2017-11-10,5,28.92,27.67032709512091,LightGBM
2017-11-10,6,40.15,34.366468800642686,LightGBM
2017-11-10,7,51.2,43.20178955575405,LightGBM
2017-11-10,8,47.41,45.564538307871736,LightGBM
2017-11-10,9,38.61,42.05029560667923,LightGBM
2017-11-10,10,38.89,40.32259464343881,LightGBM
2017-11-10,11,38.79,40.46134445693487,LightGBM
2017-11-10,12,35.25,37.43692935560947,LightGBM
2017-11-10,13,31.16,34.30170601440805,LightGBM
2017-11-10,14,30.16,31.60202467581925,LightGBM
2017-11-10,15,30.12,33.71938410232305,LightGBM
2017-11-10,16,31.02,33.54903823575491,LightGBM
2017-11-10,17,36.19,36.30233809169696,LightGBM
2017-11-10,18,36.02,34.12877643686474,LightGBM
2017-11-10,19,31.08,35.389116982176795,LightGBM
2017-11-10,20,29.39,30.136944054077816,LightGBM
2017-11-10,21,22.26,28.180812920655583,LightGBM
2017-11-10,22,15.51,23.715440345604158,LightGBM
2017-11-10,23,11.46,16.05418747081323,LightGBM
2017-11-11,0,9.2,9.736493031501931,LightGBM
2017-11-11,1,2.03,7.686196783646123,LightGBM
2017-11-11,2,0.08,6.23184081391984,LightGBM
2017-11-11,3,6.47,6.128660956160362,LightGBM
2017-11-11,4,11.27,6.489188083681291,LightGBM
2017-11-11,5,12.59,9.289366380558251,LightGBM
2017-11-11,6,9.63,13.394402090631395,LightGBM
2017-11-11,7,13.55,17.294523493763197,LightGBM
2017-11-11,8,20.1,24.71559488737888,LightGBM
2017-11-11,9,24.66,24.2270803509327,LightGBM
2017-11-11,10,21.47,23.737545217733523,LightGBM
2017-11-11,11,18.9,22.077081640368252,LightGBM
2017-11-11,12,21.03,21.881096494489515,LightGBM
2017-11-11,13,22.86,22.684821547128,LightGBM
2017-11-11,14,28.2,23.511390988929385,LightGBM
2017-11-11,15,30.48,29.503083583359796,LightGBM
2017-11-11,16,35.81,30.340302754262677,LightGBM
2017-11-11,17,44.49,34.49349589937994,LightGBM
2017-11-11,18,46.76,37.37726333054187,LightGBM
2017-11-11,19,41.03,37.60229904088859,LightGBM
2017-11-11,20,35.92,34.54712614965939,LightGBM
2017-11-11,21,35.82,31.11754361176128,LightGBM
2017-11-11,22,37.06,31.142274979681527,LightGBM
2017-11-11,23,28.29,27.730252559499736,LightGBM
2017-11-12,0,14.07,28.275331834973827,LightGBM
2017-11-12,1,15.99,25.8909748632525,LightGBM
2017-11-12,2,13.8,24.70451285533147,LightGBM
2017-11-12,3,13.53,22.236544246515848,LightGBM
2017-11-12,4,15.25,22.02823145399417,LightGBM
2017-11-12,5,21.86,23.04064423279635,LightGBM
2017-11-12,6,22.52,19.820512159399023,LightGBM
2017-11-12,7,27.06,25.55132341784657,LightGBM
2017-11-12,8,30.94,27.322733468887055,LightGBM
2017-11-12,9,33.03,33.42606215331692,LightGBM
2017-11-12,10,42.79,34.78061862961421,LightGBM
2017-11-12,11,47.65,39.81751327683166,LightGBM
2017-11-12,12,48.13,39.15799884786815,LightGBM
2017-11-12,13,44.28,33.15602742282043,LightGBM
2017-11-12,14,38.43,32.44462257701264,LightGBM
2017-11-12,15,37.8,32.247217903934974,LightGBM
2017-11-12,16,40.82,34.407799442056266,LightGBM
2017-11-12,17,53.91,41.33206512653776,LightGBM
2017-11-12,18,53.94,46.69224701469183,LightGBM
2017-11-12,19,46.54,40.04025121329265,LightGBM
2017-11-12,20,39.59,36.44282648043955,LightGBM
2017-11-12,21,33.11,32.249705000598844,LightGBM
2017-11-12,22,33.17,31.95853486756767,LightGBM
2017-11-12,23,29.73,27.93499510188229,LightGBM
2017-11-13,0,31.06,27.82605679736526,LightGBM
2017-11-13,1,30.41,27.6741075295705,LightGBM
2017-11-13,2,29.64,26.221271104804522,LightGBM
2017-11-13,3,29.66,25.50119143974068,LightGBM
2017-11-13,4,29.79,26.772030096473983,LightGBM
2017-11-13,5,31.68,29.15373171273477,LightGBM
2017-11-13,6,42.76,39.171380077898974,LightGBM
2017-11-13,7,54.9,48.79913525977655,LightGBM
2017-11-13,8,54.33,49.239339582542144,LightGBM
2017-11-13,9,48.15,46.50821019648756,LightGBM
2017-11-13,10,45.83,45.35800507299217,LightGBM
2017-11-13,11,46.61,46.577615425522076,LightGBM
2017-11-13,12,41.48,44.11105150897675,LightGBM
2017-11-13,13,48.08,45.91638713470664,LightGBM
2017-11-13,14,50.81,46.763979032632726,LightGBM
2017-11-13,15,54.93,51.543756490855806,LightGBM
2017-11-13,16,55.92,54.13635027445498,LightGBM
2017-11-13,17,70.08,61.183537479432914,LightGBM
2017-11-13,18,62.3,59.52588815747576,LightGBM
2017-11-13,19,57.73,55.455779690383935,LightGBM
2017-11-13,20,54.94,46.29819765000552,LightGBM
2017-11-13,21,49.0,39.20482467321242,LightGBM
2017-11-13,22,41.0,38.124781551144636,LightGBM
2017-11-13,23,36.55,33.15884349071734,LightGBM
2017-11-14,0,37.83,33.70452437088402,LightGBM
2017-11-14,1,36.01,33.11094980809927,LightGBM
2017-11-14,2,34.03,31.418902880595425,LightGBM
2017-11-14,3,33.54,31.66738002276598,LightGBM
2017-11-14,4,33.9,31.72542352906992,LightGBM
2017-11-14,5,34.04,33.18250096263821,LightGBM
2017-11-14,6,38.12,41.41937329960269,LightGBM
2017-11-14,7,43.52,52.156977015757704,LightGBM
2017-11-14,8,49.58,50.89950302033472,LightGBM
2017-11-14,9,37.2,47.257761112860486,LightGBM
2017-11-14,10,36.56,42.83227133262897,LightGBM
2017-11-14,11,36.19,43.248730811837405,LightGBM
2017-11-14,12,36.88,38.220128040387266,LightGBM
2017-11-14,13,36.6,40.437162442954694,LightGBM
2017-11-14,14,36.86,41.40524742722298,LightGBM
2017-11-14,15,40.07,46.115715698684696,LightGBM
2017-11-14,16,49.06,49.28917222359792,LightGBM
2017-11-14,17,51.71,59.52095907158345,LightGBM
2017-11-14,18,52.94,55.123170986851946,LightGBM
2017-11-14,19,51.25,54.67610220411442,LightGBM
2017-11-14,20,44.92,45.99079648101884,LightGBM
2017-11-14,21,39.44,40.810368616882336,LightGBM
2017-11-14,22,37.6,37.99731605908009,LightGBM
2017-11-14,23,36.36,32.83144803690781,LightGBM
2017-11-15,0,33.5,34.209399076975416,LightGBM
2017-11-15,1,34.06,35.13282653117049,LightGBM
2017-11-15,2,33.42,34.30817323835685,LightGBM
2017-11-15,3,35.62,34.132661139153626,LightGBM
2017-11-15,4,33.74,34.53828437274665,LightGBM
2017-11-15,5,37.0,36.54530126721982,LightGBM
2017-11-15,6,58.5,47.356840033448876,LightGBM
2017-11-15,7,77.4,59.42017945007071,LightGBM
2017-11-15,8,78.01,61.47373315084058,LightGBM
2017-11-15,9,68.87,58.82554910205236,LightGBM
2017-11-15,10,61.65,56.900113026079,LightGBM
2017-11-15,11,71.76,55.638659104760414,LightGBM
2017-11-15,12,64.1,54.10923491903295,LightGBM
2017-11-15,13,70.77,56.89698775263165,LightGBM
2017-11-15,14,72.81,57.377928268093285,LightGBM
2017-11-15,15,79.18,59.54622791428043,LightGBM
2017-11-15,16,89.95,59.29330758343801,LightGBM
2017-11-15,17,112.09,71.0082775354991,LightGBM
2017-11-15,18,124.29,68.76594541469251,LightGBM
2017-11-15,19,86.34,63.888282616902565,LightGBM
2017-11-15,20,76.13,53.691776784760926,LightGBM
2017-11-15,21,62.01,46.106621978345125,LightGBM
2017-11-15,22,51.91,43.75884611995669,LightGBM
2017-11-15,23,39.03,37.80285011494169,LightGBM
2017-11-16,0,37.04,39.72531515670101,LightGBM
2017-11-16,1,37.06,37.03917600012926,LightGBM
2017-11-16,2,36.13,36.663815225475375,LightGBM
2017-11-16,3,36.59,35.65117456982295,LightGBM
2017-11-16,4,37.04,36.109810324323014,LightGBM
2017-11-16,5,36.87,37.46162392156779,LightGBM
2017-11-16,6,51.61,48.21913560861791,LightGBM
2017-11-16,7,61.89,65.63778467696511,LightGBM
2017-11-16,8,68.63,65.6906361145615,LightGBM
2017-11-16,9,57.02,59.80778353365339,LightGBM
2017-11-16,10,55.93,58.32403604728595,LightGBM
2017-11-16,11,53.96,59.699839645719905,LightGBM
2017-11-16,12,49.01,55.156327225480595,LightGBM
2017-11-16,13,49.31,52.10658079937272,LightGBM
2017-11-16,14,54.0,54.49390994471844,LightGBM
2017-11-16,15,57.94,56.97247638089942,LightGBM
2017-11-16,16,56.16,63.508412173758515,LightGBM
2017-11-16,17,56.42,64.41486891749247,LightGBM
2017-11-16,18,53.93,64.16426557436716,LightGBM
2017-11-16,19,46.3,59.12775778533055,LightGBM
2017-11-16,20,37.03,46.45636730751182,LightGBM
2017-11-16,21,38.03,44.21939764349865,LightGBM
2017-11-16,22,38.15,41.12971960725026,LightGBM
2017-11-16,23,35.07,37.13582776660919,LightGBM
2017-11-17,0,33.15,33.37385589606228,LightGBM
2017-11-17,1,32.72,32.54144994705191,LightGBM
2017-11-17,2,33.16,31.508006949320816,LightGBM
2017-11-17,3,34.06,30.83861784937061,LightGBM
2017-11-17,4,34.05,32.300758294884155,LightGBM
2017-11-17,5,36.09,33.03519003313797,LightGBM
2017-11-17,6,46.83,41.69690842759698,LightGBM
2017-11-17,7,49.99,51.66772935694086,LightGBM
2017-11-17,8,53.93,56.16771592484053,LightGBM
2017-11-17,9,49.99,54.21409215353674,LightGBM
2017-11-17,10,49.97,53.776782044980166,LightGBM
2017-11-17,11,49.97,53.952455197501415,LightGBM
2017-11-17,12,49.09,52.64183021951823,LightGBM
2017-11-17,13,46.55,49.96674038119826,LightGBM
2017-11-17,14,42.3,48.80411237996332,LightGBM
2017-11-17,15,49.95,51.57441308615606,LightGBM
2017-11-17,16,49.9,50.98030000850012,LightGBM
2017-11-17,17,49.91,53.31326253072307,LightGBM
2017-11-17,18,48.18,52.903394544604744,LightGBM
2017-11-17,19,42.97,49.28633664097181,LightGBM
2017-11-17,20,38.35,41.39458171835449,LightGBM
2017-11-17,21,39.8,38.27559654380907,LightGBM
2017-11-17,22,36.15,35.704337905011485,LightGBM
2017-11-17,23,32.41,33.14662474004624,LightGBM
2017-11-18,0,27.78,31.013125571521474,LightGBM
2017-11-18,1,23.56,27.119862020763108,LightGBM
2017-11-18,2,20.04,27.645354956346075,LightGBM
2017-11-18,3,17.63,27.350012393805233,LightGBM
2017-11-18,4,13.33,24.70748078559441,LightGBM
2017-11-18,5,12.87,23.724795597417156,LightGBM
2017-11-18,6,16.12,23.08070475025608,LightGBM
2017-11-18,7,19.38,25.53022438410337,LightGBM
2017-11-18,8,27.97,27.79233156029245,LightGBM
2017-11-18,9,28.61,27.931591184998172,LightGBM
2017-11-18,10,28.08,28.610801243973576,LightGBM
2017-11-18,11,14.97,26.319880694175062,LightGBM
2017-11-18,12,18.19,22.939246992555752,LightGBM
2017-11-18,13,13.01,19.969830084341655,LightGBM
2017-11-18,14,18.46,21.936933831674885,LightGBM
2017-11-18,15,24.84,21.77840307473975,LightGBM
2017-11-18,16,28.33,27.48033940249435,LightGBM
2017-11-18,17,29.77,29.834342845015097,LightGBM
2017-11-18,18,29.7,30.677700256999323,LightGBM
2017-11-18,19,24.03,29.1036307943774,LightGBM
2017-11-18,20,13.06,26.953035916583588,LightGBM
2017-11-18,21,12.69,21.12791895870889,LightGBM
2017-11-18,22,11.38,19.812291111490907,LightGBM
2017-11-18,23,0.41,8.360833487461269,LightGBM
2017-11-19,0,0.37,-0.42606294131924766,LightGBM
2017-11-19,1,4.33,-3.902268325772185,LightGBM
2017-11-19,2,2.91,-3.5602145976106314,LightGBM
2017-11-19,3,2.17,-2.708048900475171,LightGBM
2017-11-19,4,2.14,-3.9222684735167586,LightGBM
2017-11-19,5,0.03,0.8696569532616987,LightGBM
2017-11-19,6,-0.03,-3.636179603476284,LightGBM
2017-11-19,7,0.04,4.601630516189906,LightGBM
2017-11-19,8,5.08,5.75973654641276,LightGBM
2017-11-19,9,23.49,10.173112931593332,LightGBM
2017-11-19,10,12.77,11.851779336095953,LightGBM
2017-11-19,11,21.94,9.097159110239954,LightGBM
2017-11-19,12,12.5,7.644069389526854,LightGBM
2017-11-19,13,9.09,3.0489626141137287,LightGBM
2017-11-19,14,5.09,5.11876311262421,LightGBM
2017-11-19,15,9.63,7.902691098895426,LightGBM
2017-11-19,16,5.99,9.434387674183727,LightGBM
2017-11-19,17,23.14,19.07343982253642,LightGBM
2017-11-19,18,21.94,25.208417825871205,LightGBM
2017-11-19,19,13.3,21.486555092785558,LightGBM
2017-11-19,20,12.62,15.832360044898962,LightGBM
2017-11-19,21,11.38,14.584399250566968,LightGBM
2017-11-19,22,13.95,14.228886472473578,LightGBM
2017-11-19,23,12.21,3.4448475992524012,LightGBM
2017-11-20,0,12.59,8.050581350572878,LightGBM
2017-11-20,1,12.51,6.077112246569189,LightGBM
2017-11-20,2,10.49,5.612857217769477,LightGBM
2017-11-20,3,11.0,9.320959795748855,LightGBM
2017-11-20,4,14.96,7.535810404288506,LightGBM
2017-11-20,5,23.81,18.21668727691697,LightGBM
2017-11-20,6,39.94,30.902687367421656,LightGBM
2017-11-20,7,41.99,40.26119333896676,LightGBM
2017-11-20,8,43.92,43.216364221901614,LightGBM
2017-11-20,9,43.91,40.333158888524736,LightGBM
2017-11-20,10,43.68,40.342210282001645,LightGBM
2017-11-20,11,43.94,40.97766631422372,LightGBM
2017-11-20,12,44.36,39.519773236167865,LightGBM
2017-11-20,13,49.05,39.29367442597523,LightGBM
2017-11-20,14,53.46,38.94385724586709,LightGBM
2017-11-20,15,50.99,38.03945879019124,LightGBM
2017-11-20,16,59.3,40.92423026850636,LightGBM
2017-11-20,17,66.02,45.78438399523844,LightGBM
2017-11-20,18,53.38,48.435343944003876,LightGBM
2017-11-20,19,47.93,45.36596307451077,LightGBM
2017-11-20,20,43.95,43.089202072938335,LightGBM
2017-11-20,21,38.63,36.284526795686844,LightGBM
2017-11-20,22,38.76,34.62258872813442,LightGBM
2017-11-20,23,34.97,28.58310960174811,LightGBM
2017-11-21,0,36.03,31.971203939683217,LightGBM
2017-11-21,1,35.46,32.45241569878103,LightGBM
2017-11-21,2,35.63,31.14080868320902,LightGBM
2017-11-21,3,35.73,30.558731281493333,LightGBM
2017-11-21,4,35.42,30.786097913418196,LightGBM
2017-11-21,5,37.92,32.86955881441663,LightGBM
2017-11-21,6,46.51,39.38957927829961,LightGBM
2017-11-21,7,67.86,47.19957786118123,LightGBM
2017-11-21,8,72.63,49.848916002515,LightGBM
2017-11-21,9,54.99,50.71804827357019,LightGBM
2017-11-21,10,54.26,50.00187653569514,LightGBM
2017-11-21,11,64.03,51.32745714720646,LightGBM
2017-11-21,12,55.27,49.48810999863418,LightGBM
2017-11-21,13,64.91,52.07990074420129,LightGBM
2017-11-21,14,62.65,49.64896576598375,LightGBM
2017-11-21,15,62.65,49.90419046823788,LightGBM
2017-11-21,16,62.65,50.41071797808109,LightGBM
2017-11-21,17,68.05,54.652688951543716,LightGBM
2017-11-21,18,57.46,48.79733959160797,LightGBM
2017-11-21,19,43.99,43.60363053881646,LightGBM
2017-11-21,20,35.42,36.671776221251925,LightGBM
2017-11-21,21,32.64,31.464253890585088,LightGBM
2017-11-21,22,31.31,29.72566856069882,LightGBM
2017-11-21,23,29.69,25.408597086297778,LightGBM
2017-11-22,0,27.15,22.660371531762486,LightGBM
2017-11-22,1,15.7,18.220848688775412,LightGBM
2017-11-22,2,10.7,15.395376268818179,LightGBM
2017-11-22,3,10.96,15.47752815595366,LightGBM
2017-11-22,4,10.75,16.976503581762707,LightGBM
2017-11-22,5,20.24,22.93212063278693,LightGBM
2017-11-22,6,29.92,28.393549049423502,LightGBM
2017-11-22,7,37.37,39.57064351270391,LightGBM
2017-11-22,8,35.72,39.71507039711061,LightGBM
2017-11-22,9,32.49,39.95457860766827,LightGBM
2017-11-22,10,31.98,39.923574085403594,LightGBM
2017-11-22,11,31.8,37.82861770762163,LightGBM
2017-11-22,12,31.03,37.68054732240766,LightGBM
2017-11-22,13,31.3,39.58558078498102,LightGBM
2017-11-22,14,32.56,43.15487965662434,LightGBM
2017-11-22,15,41.43,44.35555829122662,LightGBM
2017-11-22,16,50.06,46.50444640328164,LightGBM
2017-11-22,17,61.26,51.886588484736315,LightGBM
2017-11-22,18,50.93,44.15477374987323,LightGBM
2017-11-22,19,43.97,41.0112794080896,LightGBM
2017-11-22,20,39.99,34.20789414369144,LightGBM
2017-11-22,21,33.7,28.42569566773015,LightGBM
2017-11-22,22,29.56,24.714424088464447,LightGBM
2017-11-22,23,20.6,14.974749003141957,LightGBM
2017-11-23,0,9.67,19.41799045809356,LightGBM
2017-11-23,1,12.76,13.074535102737771,LightGBM
2017-11-23,2,9.64,10.685904503351852,LightGBM
2017-11-23,3,9.47,11.29241677383802,LightGBM
2017-11-23,4,9.46,13.514681135178533,LightGBM
2017-11-23,5,12.77,21.321662551676404,LightGBM
2017-11-23,6,17.1,30.36902952884589,LightGBM
2017-11-23,7,32.93,37.53606475132611,LightGBM
2017-11-23,8,31.09,37.31548183935996,LightGBM
2017-11-23,9,29.96,34.787241072206555,LightGBM
2017-11-23,10,24.03,32.5465393386829,LightGBM
2017-11-23,11,16.24,29.426278453163256,LightGBM
2017-11-23,12,12.75,26.32712431595774,LightGBM
2017-11-23,13,16.63,24.30662541473003,LightGBM
2017-11-23,14,26.23,26.47902103837186,LightGBM
2017-11-23,15,30.76,29.395749996776416,LightGBM
2017-11-23,16,31.95,31.033908683954543,LightGBM
2017-11-23,17,37.97,36.58749480728182,LightGBM
2017-11-23,18,37.57,35.79733976706428,LightGBM
2017-11-23,19,36.98,31.97760194617934,LightGBM
2017-11-23,20,33.94,31.10321031981052,LightGBM
2017-11-23,21,29.34,24.63983123661014,LightGBM
2017-11-23,22,27.41,19.87474989219168,LightGBM
2017-11-23,23,24.05,14.9886503793355,LightGBM
2017-11-24,0,26.93,24.817909298939053,LightGBM
2017-11-24,1,27.75,25.09281118627357,LightGBM
2017-11-24,2,28.04,24.75848193230121,LightGBM
2017-11-24,3,27.1,25.173620676460036,LightGBM
2017-11-24,4,28.22,24.448878338343796,LightGBM
2017-11-24,5,35.66,28.717740136925947,LightGBM
2017-11-24,6,49.01,37.193048786208486,LightGBM
2017-11-24,7,49.07,46.61848939452853,LightGBM
2017-11-24,8,48.0,46.02519204380672,LightGBM
2017-11-24,9,46.92,44.23635272776879,LightGBM
2017-11-24,10,45.43,42.59820670239523,LightGBM
2017-11-24,11,46.5,42.81650291017994,LightGBM
2017-11-24,12,39.57,40.36610387773808,LightGBM
2017-11-24,13,41.13,39.09665369889598,LightGBM
2017-11-24,14,43.13,40.41200185553273,LightGBM
2017-11-24,15,44.91,42.470141827596166,LightGBM
2017-11-24,16,46.94,46.039561827770584,LightGBM
2017-11-24,17,53.97,52.46704157783527,LightGBM
2017-11-24,18,56.24,54.76780606870402,LightGBM
2017-11-24,19,55.97,51.26657229782725,LightGBM
2017-11-24,20,48.0,47.34519301867006,LightGBM
2017-11-24,21,47.98,41.986231767016704,LightGBM
2017-11-24,22,47.98,39.679401465046446,LightGBM
2017-11-24,23,40.99,34.63670135264293,LightGBM
2017-11-25,0,39.89,36.290913853601495,LightGBM
2017-11-25,1,36.19,35.65052417888234,LightGBM
2017-11-25,2,34.49,33.79845898055905,LightGBM
2017-11-25,3,36.2,32.15122034001303,LightGBM
2017-11-25,4,38.0,31.71215491773313,LightGBM
2017-11-25,5,35.86,33.858354069633414,LightGBM
2017-11-25,6,35.03,36.00374216718449,LightGBM
2017-11-25,7,42.37,38.512587578681796,LightGBM
2017-11-25,8,49.95,46.23531108282971,LightGBM
2017-11-25,9,49.94,47.13795287299001,LightGBM
2017-11-25,10,51.97,47.430638933391144,LightGBM
2017-11-25,11,53.51,45.8118159191504,LightGBM
2017-11-25,12,49.96,45.4233541637674,LightGBM
2017-11-25,13,46.98,40.94740090502402,LightGBM
2017-11-25,14,38.98,36.43102404097893,LightGBM
2017-11-25,15,35.29,38.04657650919494,LightGBM
2017-11-25,16,39.56,40.462932222823376,LightGBM
2017-11-25,17,44.26,46.67997228888455,LightGBM
2017-11-25,18,38.41,46.20436895769502,LightGBM
2017-11-25,19,37.93,41.28823082601639,LightGBM
2017-11-25,20,36.12,33.835598763067,LightGBM
2017-11-25,21,32.12,30.789947924240188,LightGBM
2017-11-25,22,30.09,30.251088112801376,LightGBM
2017-11-25,23,27.58,24.613924986823633,LightGBM
2017-11-26,0,19.21,22.171770751649134,LightGBM
2017-11-26,1,12.59,19.12537311299614,LightGBM
2017-11-26,2,11.56,15.324788590059011,LightGBM
2017-11-26,3,11.45,14.454161409993073,LightGBM
2017-11-26,4,15.74,13.03409782894089,LightGBM
2017-11-26,5,12.85,12.740507084227973,LightGBM
2017-11-26,6,11.41,13.979237026859845,LightGBM
2017-11-26,7,9.77,16.782579621054186,LightGBM
2017-11-26,8,19.36,18.2323611848768,LightGBM
2017-11-26,9,11.58,21.71065574688151,LightGBM
2017-11-26,10,19.95,21.355296579534194,LightGBM
2017-11-26,11,21.6,21.583590667309757,LightGBM
2017-11-26,12,11.48,20.271951675896073,LightGBM
2017-11-26,13,11.49,17.420763490115178,LightGBM
2017-11-26,14,15.75,15.902694331273564,LightGBM
2017-11-26,15,15.55,17.673721033833743,LightGBM
2017-11-26,16,23.6,25.507551862674525,LightGBM
2017-11-26,17,29.17,32.025729065118036,LightGBM
2017-11-26,18,29.43,29.033336206558527,LightGBM
2017-11-26,19,29.51,30.355832319213576,LightGBM
2017-11-26,20,29.07,24.60509052143003,LightGBM
2017-11-26,21,29.01,21.039472643807247,LightGBM
2017-11-26,22,28.37,23.37608485426104,LightGBM
2017-11-26,23,21.94,12.568735626328932,LightGBM
2017-11-27,0,11.47,14.940369829443494,LightGBM
2017-11-27,1,14.95,9.198722654971398,LightGBM
2017-11-27,2,17.06,9.290966397978272,LightGBM
2017-11-27,3,13.06,7.6852647826310685,LightGBM
2017-11-27,4,10.02,8.994085252616982,LightGBM
2017-11-27,5,20.96,15.276292578550988,LightGBM
2017-11-27,6,40.1,27.995742433506017,LightGBM
2017-11-27,7,36.12,35.655118299434875,LightGBM
2017-11-27,8,40.06,35.403603270762325,LightGBM
2017-11-27,9,36.04,32.21241257729058,LightGBM
2017-11-27,10,34.06,29.077733340151525,LightGBM
2017-11-27,11,34.73,30.424513734331256,LightGBM
2017-11-27,12,31.1,26.81611384269417,LightGBM
2017-11-27,13,32.38,24.783293144569033,LightGBM
2017-11-27,14,33.33,26.954652181707242,LightGBM
2017-11-27,15,34.82,26.91121637740348,LightGBM
2017-11-27,16,35.7,27.074214107764455,LightGBM
2017-11-27,17,40.32,34.664891533831,LightGBM
2017-11-27,18,36.7,32.373002602503526,LightGBM
2017-11-27,19,35.26,30.85210997260518,LightGBM
2017-11-27,20,35.95,30.25647802131397,LightGBM
2017-11-27,21,30.93,24.18184892401276,LightGBM
2017-11-27,22,30.0,18.633419195564734,LightGBM
2017-11-27,23,15.87,8.98073410624427,LightGBM
2017-11-28,0,22.5,16.820888258354074,LightGBM
2017-11-28,1,16.07,13.147444590191622,LightGBM
2017-11-28,2,15.46,10.253071927453684,LightGBM
2017-11-28,3,16.29,10.872136022135702,LightGBM
2017-11-28,4,22.04,13.422641065715966,LightGBM
2017-11-28,5,24.7,19.07835318236086,LightGBM
2017-11-28,6,34.01,31.472502548164766,LightGBM
2017-11-28,7,40.13,36.70180829904364,LightGBM
2017-11-28,8,37.78,39.076640123157446,LightGBM
2017-11-28,9,36.39,36.588743079307626,LightGBM
2017-11-28,10,35.84,34.65357632844352,LightGBM
2017-11-28,11,36.05,35.80484192798417,LightGBM
2017-11-28,12,39.91,36.15513006642728,LightGBM
2017-11-28,13,45.07,36.59135917098306,LightGBM
2017-11-28,14,48.59,41.56760294493202,LightGBM
2017-11-28,15,52.94,42.82174725322985,LightGBM
2017-11-28,16,51.97,47.73984716688794,LightGBM
2017-11-28,17,59.7,51.56102280800463,LightGBM
2017-11-28,18,52.98,52.76848595873957,LightGBM
2017-11-28,19,51.32,49.265317354260716,LightGBM
2017-11-28,20,49.99,46.09875887760579,LightGBM
2017-11-28,21,36.59,39.812855271330974,LightGBM
2017-11-28,22,36.64,37.35216491174874,LightGBM
2017-11-28,23,35.01,34.128332804294814,LightGBM
2017-11-29,0,36.56,32.66497160868521,LightGBM
2017-11-29,1,36.79,32.443822526844386,LightGBM
2017-11-29,2,35.56,32.229131722326706,LightGBM
2017-11-29,3,35.06,31.28362170953655,LightGBM
2017-11-29,4,36.17,31.503379677799156,LightGBM
2017-11-29,5,38.97,33.47352614557216,LightGBM
2017-11-29,6,57.72,41.67653928760458,LightGBM
2017-11-29,7,84.97,55.65659517766137,LightGBM
2017-11-29,8,88.52,58.707150276883965,LightGBM
2017-11-29,9,90.1,57.509341120317124,LightGBM
2017-11-29,10,88.33,56.04296607090604,LightGBM
2017-11-29,11,86.0,56.17298816483859,LightGBM
2017-11-29,12,82.18,53.48253238970021,LightGBM
2017-11-29,13,82.4,54.40108493769944,LightGBM
2017-11-29,14,89.21,54.240307771910814,LightGBM
2017-11-29,15,90.4,56.691312638860715,LightGBM
2017-11-29,16,97.8,59.95149508620859,LightGBM
2017-11-29,17,118.49,69.32585898912541,LightGBM
2017-11-29,18,110.36,66.72730014859597,LightGBM
2017-11-29,19,85.56,57.31964161557484,LightGBM
2017-11-29,20,77.34,49.269584699457084,LightGBM
2017-11-29,21,64.27,42.519876847587575,LightGBM
2017-11-29,22,55.57,40.49355912286725,LightGBM
2017-11-29,23,47.71,34.2773651536433,LightGBM
2017-11-30,0,45.94,40.01203837151148,LightGBM
2017-11-30,1,38.2,37.899543475645956,LightGBM
2017-11-30,2,36.97,35.49422988748814,LightGBM
2017-11-30,3,36.1,35.14130106620277,LightGBM
2017-11-30,4,38.47,34.9254486882299,LightGBM
2017-11-30,5,42.72,38.29712956038307,LightGBM
2017-11-30,6,53.99,49.151045946108674,LightGBM
2017-11-30,7,83.75,65.5846867596831,LightGBM
2017-11-30,8,88.16,75.07504741488151,LightGBM
2017-11-30,9,85.25,71.96706866638128,LightGBM
2017-11-30,10,86.79,68.97924927995277,LightGBM
2017-11-30,11,86.7,69.03529964823814,LightGBM
2017-11-30,12,84.07,66.05774382504933,LightGBM
2017-11-30,13,83.34,65.38499474871412,LightGBM
2017-11-30,14,82.81,64.66506625231283,LightGBM
2017-11-30,15,84.22,59.24453953234839,LightGBM
2017-11-30,16,86.06,65.35852358902517,LightGBM
2017-11-30,17,100.12,75.78265120725543,LightGBM
2017-11-30,18,95.1,75.29744272481872,LightGBM
2017-11-30,19,87.24,66.60001733183138,LightGBM
2017-11-30,20,68.5,55.51950175926361,LightGBM
2017-11-30,21,51.96,48.522471772565126,LightGBM
2017-11-30,22,38.45,44.828674942276635,LightGBM
2017-11-30,23,36.67,37.30811818203548,LightGBM
2017-12-01,0,35.82,36.784914585690075,LightGBM
2017-12-01,1,38.59,35.037536340841754,LightGBM
2017-12-01,2,37.18,34.81436385339619,LightGBM
2017-12-01,3,37.0,34.232592942803194,LightGBM
2017-12-01,4,37.42,35.12954226496064,LightGBM
2017-12-01,5,36.14,37.06791138950123,LightGBM
2017-12-01,6,55.97,51.720354949824426,LightGBM
2017-12-01,7,81.69,71.26140602498853,LightGBM
2017-12-01,8,75.01,78.82564399568096,LightGBM
2017-12-01,9,72.89,70.39438369104629,LightGBM
2017-12-01,10,70.38,69.18942686725475,LightGBM
2017-12-01,11,74.87,65.49222410204176,LightGBM
2017-12-01,12,74.91,66.24234286919648,LightGBM
2017-12-01,13,73.18,66.47055448133663,LightGBM
2017-12-01,14,72.5,64.70480227706189,LightGBM
2017-12-01,15,74.42,67.88993766945444,LightGBM
2017-12-01,16,76.6,67.87306600470087,LightGBM
2017-12-01,17,85.69,81.14125537053087,LightGBM
2017-12-01,18,82.57,75.77041140074984,LightGBM
2017-12-01,19,77.38,72.76683244791313,LightGBM
2017-12-01,20,61.95,57.16087264095093,LightGBM
2017-12-01,21,52.93,49.32279645672073,LightGBM
2017-12-01,22,41.58,45.86411385762792,LightGBM
2017-12-01,23,37.94,38.9112365866292,LightGBM
2017-12-02,0,39.9,40.24781494934285,LightGBM
2017-12-02,1,39.02,37.81472503326029,LightGBM
2017-12-02,2,37.89,38.05567139192916,LightGBM
2017-12-02,3,37.82,37.35070880529659,LightGBM
2017-12-02,4,34.7,39.120741629170645,LightGBM
2017-12-02,5,36.75,38.2664009698053,LightGBM
2017-12-02,6,34.07,42.50884298815131,LightGBM
2017-12-02,7,37.01,50.588242304527235,LightGBM
2017-12-02,8,46.17,59.96331613403426,LightGBM
2017-12-02,9,46.1,57.5582239204261,LightGBM
2017-12-02,10,42.33,57.18419392141128,LightGBM
2017-12-02,11,44.02,53.448151094010996,LightGBM
2017-12-02,12,40.0,50.99881028191553,LightGBM
2017-12-02,13,37.28,49.542061507638635,LightGBM
2017-12-02,14,38.21,51.54229757235623,LightGBM
2017-12-02,15,46.13,51.34881636768131,LightGBM
2017-12-02,16,47.96,55.74067073425483,LightGBM
2017-12-02,17,47.95,64.693603742624,LightGBM
2017-12-02,18,42.99,59.2390159748962,LightGBM
2017-12-02,19,39.37,51.71890312210309,LightGBM
2017-12-02,20,36.79,40.92621259755089,LightGBM
2017-12-02,21,38.52,37.71885250259451,LightGBM
2017-12-02,22,39.92,38.00814192655672,LightGBM
2017-12-02,23,35.68,35.47594245191129,LightGBM
2017-12-03,0,33.17,33.01558482055572,LightGBM
2017-12-03,1,31.93,32.381406453907545,LightGBM
2017-12-03,2,30.43,31.70588249581243,LightGBM
2017-12-03,3,28.3,30.59370032826753,LightGBM
2017-12-03,4,30.44,29.986035607839888,LightGBM
2017-12-03,5,29.87,29.471063542358944,LightGBM
2017-12-03,6,29.81,28.034822739246525,LightGBM
2017-12-03,7,27.72,28.97164896467499,LightGBM
2017-12-03,8,29.95,28.13307936677332,LightGBM
2017-12-03,9,33.08,31.052702853838888,LightGBM
2017-12-03,10,34.85,33.49604256657752,LightGBM
2017-12-03,11,36.91,35.381146533806806,LightGBM
2017-12-03,12,37.0,33.01360438350946,LightGBM
2017-12-03,13,32.92,31.635529755996863,LightGBM
2017-12-03,14,34.06,31.348523666450653,LightGBM
2017-12-03,15,34.29,35.34064275878045,LightGBM
2017-12-03,16,36.97,35.810514967606764,LightGBM
2017-12-03,17,39.36,35.226862087693135,LightGBM
2017-12-03,18,39.0,37.667676362583016,LightGBM
2017-12-03,19,37.06,34.29317720854131,LightGBM
2017-12-03,20,36.03,32.35787564605541,LightGBM
2017-12-03,21,33.95,33.32884799326522,LightGBM
2017-12-03,22,33.98,32.76854869286924,LightGBM
2017-12-03,23,28.25,27.139428875113556,LightGBM
2017-12-04,0,12.05,26.72417115184899,LightGBM
2017-12-04,1,17.69,21.88996572704533,LightGBM
2017-12-04,2,15.31,21.525920799852074,LightGBM
2017-12-04,3,12.75,17.603351750291658,LightGBM
2017-12-04,4,17.18,17.593896698224594,LightGBM
2017-12-04,5,25.05,24.95420973556029,LightGBM
2017-12-04,6,33.19,34.88848819896814,LightGBM
2017-12-04,7,38.56,42.235997031936364,LightGBM
2017-12-04,8,42.9,47.922030272253956,LightGBM
2017-12-04,9,38.29,42.18748722068909,LightGBM
2017-12-04,10,37.06,39.660502780292774,LightGBM
2017-12-04,11,38.94,39.96483570943599,LightGBM
2017-12-04,12,36.36,40.53257089290638,LightGBM
2017-12-04,13,39.45,39.59539663887193,LightGBM
2017-12-04,14,43.97,42.182171898112124,LightGBM
2017-12-04,15,46.14,47.16573410515408,LightGBM
2017-12-04,16,50.96,46.85508415112266,LightGBM
2017-12-04,17,51.04,51.62147773055988,LightGBM
2017-12-04,18,48.85,50.30397724357031,LightGBM
2017-12-04,19,45.6,46.41172365996815,LightGBM
2017-12-04,20,42.38,41.81885639782949,LightGBM
2017-12-04,21,39.83,36.45941232440353,LightGBM
2017-12-04,22,33.53,36.13501896267015,LightGBM
2017-12-04,23,30.03,32.080271052911556,LightGBM
2017-12-05,0,28.69,27.321387441885246,LightGBM
2017-12-05,1,28.01,26.86003508008798,LightGBM
2017-12-05,2,26.88,22.979540884670136,LightGBM
2017-12-05,3,27.93,21.522270724169335,LightGBM
2017-12-05,4,28.23,23.105353210238476,LightGBM
2017-12-05,5,30.73,28.546327441769808,LightGBM
2017-12-05,6,35.39,34.85445498226393,LightGBM
2017-12-05,7,39.69,43.72692591700747,LightGBM
2017-12-05,8,40.05,45.399665925246474,LightGBM
2017-12-05,9,40.36,43.57825174926066,LightGBM
2017-12-05,10,47.59,43.30462198879728,LightGBM
2017-12-05,11,46.78,41.94730223421015,LightGBM
2017-12-05,12,44.07,39.5395511883238,LightGBM
2017-12-05,13,42.45,37.94793164520022,LightGBM
2017-12-05,14,39.97,38.104235116510424,LightGBM
2017-12-05,15,39.05,37.48232311490595,LightGBM
2017-12-05,16,39.05,43.69708682770046,LightGBM
2017-12-05,17,43.96,43.706040985023606,LightGBM
2017-12-05,18,40.04,38.94274825900833,LightGBM
2017-12-05,19,46.04,36.54834357121626,LightGBM
2017-12-05,20,35.35,33.44985234539405,LightGBM
2017-12-05,21,30.03,25.27153899753151,LightGBM
2017-12-05,22,28.06,23.891864136857208,LightGBM
2017-12-05,23,13.45,12.12090141009322,LightGBM
2017-12-06,0,14.34,16.702176133426615,LightGBM
2017-12-06,1,12.34,9.082558630240284,LightGBM
2017-12-06,2,9.71,6.607553368779971,LightGBM
2017-12-06,3,12.7,8.164982192276334,LightGBM
2017-12-06,4,14.04,11.264946165650713,LightGBM
2017-12-06,5,13.27,17.846874936886294,LightGBM
2017-12-06,6,29.57,30.957076394887487,LightGBM
2017-12-06,7,38.24,36.775552092475955,LightGBM
2017-12-06,8,37.59,34.46900527832071,LightGBM
2017-12-06,9,39.13,34.46488814211289,LightGBM
2017-12-06,10,38.22,35.04224581432708,LightGBM
2017-12-06,11,34.6,35.202928418546215,LightGBM
2017-12-06,12,34.59,33.011061598361295,LightGBM
2017-12-06,13,36.48,33.52692225713872,LightGBM
2017-12-06,14,39.81,35.043168630611,LightGBM
2017-12-06,15,39.0,34.919478066532186,LightGBM
2017-12-06,16,40.9,37.9457564355981,LightGBM
2017-12-06,17,45.69,41.13356497833358,LightGBM
2017-12-06,18,41.96,40.92563028668405,LightGBM
2017-12-06,19,39.95,38.10902834157762,LightGBM
2017-12-06,20,39.01,35.86382685265264,LightGBM
2017-12-06,21,38.98,30.838552719057944,LightGBM
2017-12-06,22,31.97,24.558184943136546,LightGBM
2017-12-06,23,27.95,14.381539941952475,LightGBM
2017-12-07,0,30.47,22.837014652560946,LightGBM
2017-12-07,1,29.43,18.83538778098273,LightGBM
2017-12-07,2,26.57,15.663397627062647,LightGBM
2017-12-07,3,27.36,15.191881447572829,LightGBM
2017-12-07,4,30.01,17.331495246038767,LightGBM
2017-12-07,5,32.07,21.126666396051522,LightGBM
2017-12-07,6,44.72,30.601955984711893,LightGBM
2017-12-07,7,51.98,37.03956012243946,LightGBM
2017-12-07,8,48.53,35.7168970286404,LightGBM
2017-12-07,9,43.85,34.06803315935507,LightGBM
2017-12-07,10,38.55,31.384117403345098,LightGBM
2017-12-07,11,33.1,29.79461692579782,LightGBM
2017-12-07,12,30.04,28.38086777944538,LightGBM
2017-12-07,13,31.06,26.065132645023287,LightGBM
2017-12-07,14,32.06,26.713586245810255,LightGBM
2017-12-07,15,37.23,29.149479721337585,LightGBM
2017-12-07,16,38.53,30.63047473534754,LightGBM
2017-12-07,17,39.73,32.64569298829562,LightGBM
2017-12-07,18,37.49,34.92256961834223,LightGBM
2017-12-07,19,32.07,31.896837608528177,LightGBM
2017-12-07,20,28.06,31.655786361494357,LightGBM
2017-12-07,21,27.5,27.081899839584416,LightGBM
2017-12-07,22,26.42,19.931203478301075,LightGBM
2017-12-07,23,22.61,11.882534238937767,LightGBM
2017-12-08,0,13.45,17.30071792483654,LightGBM
2017-12-08,1,12.2,12.372747712338034,LightGBM
2017-12-08,2,10.5,10.958413195677606,LightGBM
2017-12-08,3,18.93,12.746953908971479,LightGBM
2017-12-08,4,24.56,16.78418847477565,LightGBM
2017-12-08,5,23.05,20.58752729816071,LightGBM
2017-12-08,6,35.88,34.29044099066951,LightGBM
2017-12-08,7,37.7,40.10761655628007,LightGBM
2017-12-08,8,46.04,40.60949089357303,LightGBM
2017-12-08,9,43.93,38.1659614185743,LightGBM
2017-12-08,10,37.99,36.58282388208987,LightGBM
2017-12-08,11,41.51,33.93735502471925,LightGBM
2017-12-08,12,34.21,33.137605266154004,LightGBM
2017-12-08,13,32.1,35.879846762487425,LightGBM
2017-12-08,14,32.17,35.42821685787081,LightGBM
2017-12-08,15,37.98,35.054508822576594,LightGBM
2017-12-08,16,41.57,36.979683043028885,LightGBM
2017-12-08,17,40.73,41.29907624026979,LightGBM
2017-12-08,18,39.96,39.82598300686537,LightGBM
2017-12-08,19,38.57,34.753135845747046,LightGBM
2017-12-08,20,32.32,34.431001023775686,LightGBM
2017-12-08,21,28.0,29.14021091303106,LightGBM
2017-12-08,22,23.1,22.141450161337435,LightGBM
2017-12-08,23,9.29,14.938554809841248,LightGBM
2017-12-09,0,15.03,9.260228817928832,LightGBM
2017-12-09,1,12.51,5.999339998502646,LightGBM
2017-12-09,2,10.31,3.036481966581962,LightGBM
2017-12-09,3,9.26,5.488234984023817,LightGBM
2017-12-09,4,9.12,8.625197844464665,LightGBM
2017-12-09,5,8.92,11.392499627499005,LightGBM
2017-12-09,6,10.06,17.090634227188353,LightGBM
2017-12-09,7,12.15,25.551927672765817,LightGBM
2017-12-09,8,12.41,26.655515923676763,LightGBM
2017-12-09,9,18.07,28.935902211200982,LightGBM
2017-12-09,10,18.96,28.163467135714274,LightGBM
2017-12-09,11,16.25,25.8203963003202,LightGBM
2017-12-09,12,15.03,26.871362487474585,LightGBM
2017-12-09,13,12.39,23.728275554030592,LightGBM
2017-12-09,14,12.53,24.396486694279655,LightGBM
2017-12-09,15,19.41,24.5288751274194,LightGBM
2017-12-09,16,26.51,27.772052904383226,LightGBM
2017-12-09,17,31.67,32.90247446315424,LightGBM
2017-12-09,18,28.45,30.059574937128655,LightGBM
2017-12-09,19,24.56,26.728667648922112,LightGBM
2017-12-09,20,15.8,23.82030824036275,LightGBM
2017-12-09,21,13.01,17.995165007692325,LightGBM
2017-12-09,22,15.04,13.77659498543475,LightGBM
2017-12-09,23,10.16,9.050572329230166,LightGBM
2017-12-10,0,14.31,6.476247961131632,LightGBM
2017-12-10,1,10.92,4.487724880516155,LightGBM
2017-12-10,2,10.17,2.9065791737714175,LightGBM
2017-12-10,3,12.09,3.038727376421028,LightGBM
2017-12-10,4,15.06,3.4091101188310793,LightGBM
2017-12-10,5,12.23,8.689316121875823,LightGBM
2017-12-10,6,12.28,7.79844569895832,LightGBM
2017-12-10,7,20.68,12.05686617854605,LightGBM
2017-12-10,8,27.85,17.06874815879578,LightGBM
2017-12-10,9,28.56,21.69188999460048,LightGBM
2017-12-10,10,29.15,22.023126591102766,LightGBM
2017-12-10,11,29.57,23.64323251073818,LightGBM
2017-12-10,12,29.26,21.347041884592816,LightGBM
2017-12-10,13,28.24,19.59766320862499,LightGBM
2017-12-10,14,25.07,18.71406989931939,LightGBM
2017-12-10,15,9.12,17.85905898941525,LightGBM
2017-12-10,16,9.19,18.369718263886043,LightGBM
2017-12-10,17,17.42,24.729339288026686,LightGBM
2017-12-10,18,15.02,25.802218737293774,LightGBM
2017-12-10,19,12.05,21.941560997066457,LightGBM
2017-12-10,20,12.27,16.610401342288835,LightGBM
2017-12-10,21,12.16,13.18917995128056,LightGBM
2017-12-10,22,14.81,11.77308215515715,LightGBM
2017-12-10,23,12.13,4.689402349295817,LightGBM
2017-12-11,0,15.03,11.138956803042003,LightGBM
2017-12-11,1,10.87,10.199578793782024,LightGBM
2017-12-11,2,12.59,10.714697101685177,LightGBM
2017-12-11,3,11.75,12.785153798723643,LightGBM
2017-12-11,4,12.78,14.798721599573458,LightGBM
2017-12-11,5,23.22,19.071332292556153,LightGBM
2017-12-11,6,47.95,30.28132049388056,LightGBM
2017-12-11,7,62.0,41.15114431388888,LightGBM
2017-12-11,8,63.01,45.69128825390095,LightGBM
2017-12-11,9,60.2,46.531389959469095,LightGBM
2017-12-11,10,62.93,45.847960033135614,LightGBM
2017-12-11,11,61.95,46.840484311781616,LightGBM
2017-12-11,12,64.98,45.2570119223771,LightGBM
2017-12-11,13,58.23,44.70759139734313,LightGBM
2017-12-11,14,53.84,44.48399244139534,LightGBM
2017-12-11,15,51.91,41.45448190160234,LightGBM
2017-12-11,16,53.38,41.55789719653182,LightGBM
2017-12-11,17,51.87,43.69607025791451,LightGBM
2017-12-11,18,47.4,43.04911836924291,LightGBM
2017-12-11,19,39.68,38.12248329245276,LightGBM
2017-12-11,20,40.7,32.62883464779758,LightGBM
2017-12-11,21,34.43,27.84191540366306,LightGBM
2017-12-11,22,31.95,27.2373850608996,LightGBM
2017-12-11,23,27.35,20.430725369569508,LightGBM
2017-12-12,0,24.52,24.18633319369471,LightGBM
2017-12-12,1,22.21,18.835875606044205,LightGBM
2017-12-12,2,14.58,17.07098418254804,LightGBM
2017-12-12,3,12.31,15.154946860627433,LightGBM
2017-12-12,4,14.2,15.756871752097846,LightGBM
2017-12-12,5,26.14,19.36119599397763,LightGBM
2017-12-12,6,30.89,28.646328371809094,LightGBM
2017-12-12,7,32.32,35.28274751548399,LightGBM
2017-12-12,8,35.19,36.10949529679063,LightGBM
2017-12-12,9,34.7,36.703720580639285,LightGBM
2017-12-12,10,34.75,36.39393873058055,LightGBM
2017-12-12,11,35.75,34.792791467304625,LightGBM
2017-12-12,12,36.92,34.48389180788893,LightGBM
2017-12-12,13,39.9,34.35453357876686,LightGBM
2017-12-12,14,43.16,35.77095657611984,LightGBM
2017-12-12,15,45.0,38.41062711424937,LightGBM
2017-12-12,16,46.09,41.67413450402007,LightGBM
2017-12-12,17,50.95,46.37174291202497,LightGBM
2017-12-12,18,46.95,45.13659590598203,LightGBM
2017-12-12,19,46.08,40.7083232610338,LightGBM
2017-12-12,20,46.1,38.152408599162676,LightGBM
2017-12-12,21,40.95,36.03909881397876,LightGBM
2017-12-12,22,36.74,31.160678181913347,LightGBM
2017-12-12,23,27.96,27.55913106830655,LightGBM
2017-12-13,0,22.55,24.77329675177256,LightGBM
2017-12-13,1,20.0,22.471917024310404,LightGBM
2017-12-13,2,15.96,19.210505487662452,LightGBM
2017-12-13,3,12.74,18.77820796619993,LightGBM
2017-12-13,4,14.2,17.89183255463739,LightGBM
2017-12-13,5,18.02,24.37575068743904,LightGBM
2017-12-13,6,32.93,29.68103364711096,LightGBM
2017-12-13,7,34.19,37.14047436176934,LightGBM
2017-12-13,8,38.27,38.555883294175906,LightGBM
2017-12-13,9,34.45,34.867628913626,LightGBM
2017-12-13,10,30.97,34.23225248792957,LightGBM
2017-12-13,11,29.83,31.97898953309667,LightGBM
2017-12-13,12,29.7,27.179304924724974,LightGBM
2017-12-13,13,29.98,27.08363626087832,LightGBM
2017-12-13,14,32.44,28.42222808207125,LightGBM
2017-12-13,15,32.91,31.839152835078703,LightGBM
2017-12-13,16,34.49,32.115424704752385,LightGBM
2017-12-13,17,34.46,36.494674940144044,LightGBM
2017-12-13,18,33.94,33.080559939749165,LightGBM
2017-12-13,19,32.75,33.29928122423361,LightGBM
2017-12-13,20,29.1,28.349961190465,LightGBM
2017-12-13,21,22.62,26.97298650288548,LightGBM
2017-12-13,22,20.05,19.692957341125172,LightGBM
2017-12-13,23,8.45,15.140691829473774,LightGBM
2017-12-14,0,8.84,11.296057774955749,LightGBM
2017-12-14,1,8.8,6.983666557902411,LightGBM
2017-12-14,2,8.84,4.629543130032261,LightGBM
2017-12-14,3,9.01,5.719960049497201,LightGBM
2017-12-14,4,10.79,8.237772434321107,LightGBM
2017-12-14,5,14.44,16.037232860381,LightGBM
2017-12-14,6,32.63,29.33614342161061,LightGBM
2017-12-14,7,45.94,34.50903151722471,LightGBM
2017-12-14,8,42.14,36.56999190865461,LightGBM
2017-12-14,9,33.84,34.23702530780041,LightGBM
2017-12-14,10,32.06,31.872831823196197,LightGBM
2017-12-14,11,31.82,29.363051800317102,LightGBM
2017-12-14,12,31.54,29.68949728097477,LightGBM
2017-12-14,13,31.46,30.999556834105352,LightGBM
2017-12-14,14,32.53,31.93784402325144,LightGBM
2017-12-14,15,36.43,34.4292019174254,LightGBM
2017-12-14,16,38.43,37.57341341926189,LightGBM
2017-12-14,17,49.94,41.054776647817114,LightGBM
2017-12-14,18,51.55,42.80714573954923,LightGBM
2017-12-14,19,48.06,43.91011620815641,LightGBM
2017-12-14,20,41.9,41.65042486749947,LightGBM
2017-12-14,21,39.31,37.385856426338634,LightGBM
2017-12-14,22,34.94,36.285236362632425,LightGBM
2017-12-14,23,28.96,32.384360783070335,LightGBM
2017-12-15,0,32.01,32.71826579502734,LightGBM
2017-12-15,1,30.93,30.940272507268812,LightGBM
2017-12-15,2,29.0,30.126837728466473,LightGBM
2017-12-15,3,28.97,29.11905923696592,LightGBM
2017-12-15,4,29.57,29.681064323899342,LightGBM
2017-12-15,5,33.17,31.67769005967517,LightGBM
2017-12-15,6,46.95,39.311532931745596,LightGBM
2017-12-15,7,57.17,50.36405502322417,LightGBM
2017-12-15,8,54.31,51.08054438912465,LightGBM
2017-12-15,9,53.93,51.02859309587167,LightGBM
2017-12-15,10,52.09,49.493558078155175,LightGBM
2017-12-15,11,52.51,48.97040993996204,LightGBM
2017-12-15,12,48.49,47.41005119328293,LightGBM
2017-12-15,13,47.92,47.316032951968296,LightGBM
2017-12-15,14,48.93,47.15001688043583,LightGBM
2017-12-15,15,52.94,50.11123030824532,LightGBM
2017-12-15,16,60.92,51.75990674199911,LightGBM
2017-12-15,17,74.54,57.46909876974344,LightGBM
2017-12-15,18,59.32,55.78227382277958,LightGBM
2017-12-15,19,53.91,50.600063764162215,LightGBM
2017-12-15,20,50.13,42.519754813157434,LightGBM
2017-12-15,21,42.23,38.22755458179375,LightGBM
2017-12-15,22,37.04,37.43800270403894,LightGBM
2017-12-15,23,33.23,31.084204021519078,LightGBM
2017-12-16,0,35.07,33.675996823267184,LightGBM
2017-12-16,1,33.08,31.92496188276032,LightGBM
2017-12-16,2,32.96,32.543018085658126,LightGBM
2017-12-16,3,31.96,31.222910809550232,LightGBM
2017-12-16,4,32.0,31.676905050565303,LightGBM
2017-12-16,5,31.76,30.593756333793486,LightGBM
2017-12-16,6,31.58,33.231862867412914,LightGBM
2017-12-16,7,31.39,33.997665745222555,LightGBM
2017-12-16,8,34.01,40.54695569657014,LightGBM
2017-12-16,9,41.56,40.63629018728312,LightGBM
2017-12-16,10,44.34,42.03729400071584,LightGBM
2017-12-16,11,44.03,38.71351263760569,LightGBM
2017-12-16,12,41.69,36.15992706980342,LightGBM
2017-12-16,13,38.1,35.70857820223435,LightGBM
2017-12-16,14,36.48,34.31252435698238,LightGBM
2017-12-16,15,40.0,34.21493190468309,LightGBM
2017-12-16,16,46.17,36.602590553903205,LightGBM
2017-12-16,17,48.93,46.376324766166626,LightGBM
2017-12-16,18,46.9,42.56444705222385,LightGBM
2017-12-16,19,42.0,38.444852335129696,LightGBM
2017-12-16,20,39.0,31.876208185230382,LightGBM
2017-12-16,21,33.62,29.716830052999498,LightGBM
2017-12-16,22,33.01,29.428718800918766,LightGBM
2017-12-16,23,29.02,26.273701329492244,LightGBM
2017-12-17,0,28.9,29.11567708083891,LightGBM
2017-12-17,1,28.2,26.232410580966004,LightGBM
2017-12-17,2,28.2,27.025831823066735,LightGBM
2017-12-17,3,27.94,25.78780608464815,LightGBM
2017-12-17,4,28.21,26.44278448872644,LightGBM
2017-12-17,5,28.38,28.466896541964854,LightGBM
2017-12-17,6,28.58,25.165253965748686,LightGBM
2017-12-17,7,29.4,25.599607821612075,LightGBM
2017-12-17,8,31.38,29.82962530241454,LightGBM
2017-12-17,9,34.78,34.72150155162882,LightGBM
2017-12-17,10,38.12,38.36048450421791,LightGBM
2017-12-17,11,43.64,41.64791242970414,LightGBM
2017-12-17,12,41.57,39.54587579851229,LightGBM
2017-12-17,13,40.02,36.10865088133648,LightGBM
2017-12-17,14,39.08,35.234027260685885,LightGBM
2017-12-17,15,41.5,34.26108840630379,LightGBM
2017-12-17,16,45.74,38.12879491324851,LightGBM
2017-12-17,17,46.96,43.24893293080387,LightGBM
2017-12-17,18,45.91,42.69178525941974,LightGBM
2017-12-17,19,42.91,38.118907673176594,LightGBM
2017-12-17,20,36.42,33.9453344732657,LightGBM
2017-12-17,21,32.92,31.985368201907114,LightGBM
2017-12-17,22,30.66,31.76954925460407,LightGBM
2017-12-17,23,28.59,27.073771996229524,LightGBM
2017-12-18,0,30.43,27.89152774499245,LightGBM
2017-12-18,1,29.9,28.324679611826298,LightGBM
2017-12-18,2,28.15,26.60616811807573,LightGBM
2017-12-18,3,27.39,25.88731765084898,LightGBM
2017-12-18,4,28.71,27.96731607549943,LightGBM
2017-12-18,5,33.73,32.12065815168122,LightGBM
2017-12-18,6,46.2,42.55076221440549,LightGBM
2017-12-18,7,63.95,57.44435762534828,LightGBM
2017-12-18,8,64.42,56.58276051070703,LightGBM
2017-12-18,9,64.08,54.66145196423813,LightGBM
2017-12-18,10,64.28,52.59202194374021,LightGBM
2017-12-18,11,69.65,55.675876075942845,LightGBM
2017-12-18,12,68.23,51.182438167809366,LightGBM
2017-12-18,13,69.97,55.97303212613799,LightGBM
2017-12-18,14,69.49,54.15763712775304,LightGBM
2017-12-18,15,71.32,56.35096844591668,LightGBM
2017-12-18,16,73.5,57.90558550828899,LightGBM
2017-12-18,17,79.72,62.73613581764694,LightGBM
2017-12-18,18,75.84,59.375786622239964,LightGBM
2017-12-18,19,68.87,56.61209663350861,LightGBM
2017-12-18,20,63.31,50.300867998353034,LightGBM
2017-12-18,21,56.58,38.92241053506226,LightGBM
2017-12-18,22,45.03,37.441633877244456,LightGBM
2017-12-18,23,37.29,33.61583245904518,LightGBM
2017-12-19,0,44.34,37.56547698293728,LightGBM
2017-12-19,1,38.07,35.909333183286925,LightGBM
2017-12-19,2,37.59,35.04136401602683,LightGBM
2017-12-19,3,36.5,34.27522201625995,LightGBM
2017-12-19,4,38.89,35.94909539558826,LightGBM
2017-12-19,5,41.01,37.19808232501838,LightGBM
2017-12-19,6,53.67,49.347059770918825,LightGBM
2017-12-19,7,68.17,70.31562974643055,LightGBM
2017-12-19,8,76.91,73.18558576884584,LightGBM
2017-12-19,9,77.06,69.26657895184054,LightGBM
2017-12-19,10,75.3,70.33057637406762,LightGBM
2017-12-19,11,74.0,69.54888198052035,LightGBM
2017-12-19,12,70.85,65.50131304058144,LightGBM
2017-12-19,13,70.57,66.55179031284749,LightGBM
2017-12-19,14,70.2,64.49419295742663,LightGBM
2017-12-19,15,70.32,64.24983562667224,LightGBM
2017-12-19,16,75.82,66.42324596701263,LightGBM
2017-12-19,17,78.28,75.3870669555758,LightGBM
2017-12-19,18,75.16,77.19187822240356,LightGBM
2017-12-19,19,75.06,68.20746354614923,LightGBM
2017-12-19,20,66.29,56.64046332542288,LightGBM
2017-12-19,21,52.01,48.53215021118349,LightGBM
2017-12-19,22,48.86,43.67353089157449,LightGBM
2017-12-19,23,41.18,37.531481076849055,LightGBM
2017-12-20,0,44.47,42.583861008247226,LightGBM
2017-12-20,1,40.1,39.08063134650366,LightGBM
2017-12-20,2,37.83,36.469026676978494,LightGBM
2017-12-20,3,37.27,35.78378659142808,LightGBM
2017-12-20,4,40.85,36.79235006015457,LightGBM
2017-12-20,5,45.79,39.77996608738045,LightGBM
2017-12-20,6,57.35,52.71713986577187,LightGBM
2017-12-20,7,75.98,71.00654506392871,LightGBM
2017-12-20,8,76.7,73.45269152671527,LightGBM
2017-12-20,9,76.69,75.96199353544874,LightGBM
2017-12-20,10,76.61,72.84282288476975,LightGBM
2017-12-20,11,76.56,74.71453400654377,LightGBM
2017-12-20,12,76.35,69.08446287807027,LightGBM
2017-12-20,13,76.03,66.80734541661784,LightGBM
2017-12-20,14,74.89,68.46065092590628,LightGBM
2017-12-20,15,72.05,67.87736994594368,LightGBM
2017-12-20,16,76.06,70.11884507573674,LightGBM
2017-12-20,17,79.3,80.08761209213895,LightGBM
2017-12-20,18,77.26,77.84538377083855,LightGBM
2017-12-20,19,75.96,69.41629389102445,LightGBM
2017-12-20,20,64.16,56.08414344681303,LightGBM
2017-12-20,21,46.03,48.06988612935375,LightGBM
2017-12-20,22,42.01,42.355654806066106,LightGBM
2017-12-20,23,37.63,37.777239643957515,LightGBM
2017-12-21,0,33.09,38.37525829321444,LightGBM
2017-12-21,1,35.26,36.843025417046995,LightGBM
2017-12-21,2,31.88,36.36530849583971,LightGBM
2017-12-21,3,33.04,34.90724443889469,LightGBM
2017-12-21,4,33.6,35.89593362238443,LightGBM
2017-12-21,5,35.05,37.36928173454701,LightGBM
2017-12-21,6,35.19,46.06746493159582,LightGBM
2017-12-21,7,45.94,63.285812311376986,LightGBM
2017-12-21,8,49.9,63.20979435304896,LightGBM
2017-12-21,9,50.0,62.06808569617811,LightGBM
2017-12-21,10,51.03,60.48939961650511,LightGBM
2017-12-21,11,54.48,60.19327892941956,LightGBM
2017-12-21,12,55.96,55.90730857244284,LightGBM
2017-12-21,13,49.99,55.50398163953796,LightGBM
2017-12-21,14,46.15,56.084896465829615,LightGBM
2017-12-21,15,46.86,56.961867872784,LightGBM
2017-12-21,16,51.93,60.31502956199724,LightGBM
2017-12-21,17,50.95,63.4945090144442,LightGBM
2017-12-21,18,51.03,60.05021188587225,LightGBM
2017-12-21,19,46.02,57.5224317195917,LightGBM
2017-12-21,20,35.83,47.70002369111337,LightGBM
2017-12-21,21,36.26,42.87509161875844,LightGBM
2017-12-21,22,38.72,40.83805613545765,LightGBM
2017-12-21,23,34.84,36.33175562284549,LightGBM
2017-12-22,0,27.76,35.79266827243535,LightGBM
2017-12-22,1,26.45,34.71154825830538,LightGBM
2017-12-22,2,26.2,34.38964555098786,LightGBM
2017-12-22,3,26.36,33.27950756875273,LightGBM
2017-12-22,4,27.59,33.278017403568846,LightGBM
2017-12-22,5,31.93,34.15158040585288,LightGBM
2017-12-22,6,38.61,41.37342116599429,LightGBM
2017-12-22,7,47.52,53.618449423486375,LightGBM
2017-12-22,8,48.0,53.964782183422784,LightGBM
2017-12-22,9,50.0,56.09876106821099,LightGBM
2017-12-22,10,48.99,55.36997687277951,LightGBM
2017-12-22,11,46.55,53.57648681854357,LightGBM
2017-12-22,12,47.86,51.608879318314344,LightGBM
2017-12-22,13,46.96,50.82958016280618,LightGBM
2017-12-22,14,39.0,47.81858844560752,LightGBM
2017-12-22,15,39.37,50.2810403117139,LightGBM
2017-12-22,16,46.06,52.0257237250214,LightGBM
2017-12-22,17,47.34,57.506297447533385,LightGBM
2017-12-22,18,41.5,53.09566248735831,LightGBM
2017-12-22,19,40.66,49.82558798623084,LightGBM
2017-12-22,20,42.91,42.057605124357664,LightGBM
2017-12-22,21,42.06,38.9481050587117,LightGBM
2017-12-22,22,37.4,38.066514398586364,LightGBM
2017-12-22,23,30.62,34.995410488556175,LightGBM
2017-12-23,0,26.33,27.157027789787048,LightGBM
2017-12-23,1,17.72,22.91091292491629,LightGBM
2017-12-23,2,11.8,20.275521586966125,LightGBM
2017-12-23,3,11.3,17.660583664259946,LightGBM
2017-12-23,4,12.4,16.88157135047643,LightGBM
2017-12-23,5,8.4,17.726553609155353,LightGBM
2017-12-23,6,9.71,17.23456098303087,LightGBM
2017-12-23,7,10.71,18.538620986326375,LightGBM
2017-12-23,8,14.78,21.16543597219877,LightGBM
2017-12-23,9,18.79,27.034732229460687,LightGBM
2017-12-23,10,20.08,25.210631584616863,LightGBM
2017-12-23,11,14.74,23.50664668831081,LightGBM
2017-12-23,12,14.77,21.289829735478033,LightGBM
2017-12-23,13,10.87,20.891560042074104,LightGBM
2017-12-23,14,5.65,18.7506883368138,LightGBM
2017-12-23,15,10.04,16.36943545591241,LightGBM
2017-12-23,16,12.91,20.435724715035175,LightGBM
2017-12-23,17,22.01,24.921735356067067,LightGBM
2017-12-23,18,18.08,25.37386778850733,LightGBM
2017-12-23,19,10.84,24.362038263008102,LightGBM
2017-12-23,20,0.4,20.963916923502794,LightGBM
2017-12-23,21,-0.03,16.694394387230556,LightGBM
2017-12-23,22,-0.09,15.020434673916256,LightGBM
2017-12-23,23,-12.12,5.0551904422549265,LightGBM
2017-12-24,0,-40.84,-3.20544732721098,LightGBM
2017-12-24,1,-43.18,-3.701169384101361,LightGBM
2017-12-24,2,-55.99,-7.030608589260354,LightGBM
2017-12-24,3,-49.99,-5.330151012270723,LightGBM
2017-12-24,4,-40.14,-3.583682164152822,LightGBM
2017-12-24,5,-36.05,-1.0319522362930023,LightGBM
2017-12-24,6,-42.93,-4.330722874887136,LightGBM
2017-12-24,7,-9.94,-1.4674130106769439,LightGBM
2017-12-24,8,2.13,4.4622957553653775,LightGBM
2017-12-24,9,5.07,10.50542483637743,LightGBM
2017-12-24,10,5.03,9.289194898660849,LightGBM
2017-12-24,11,6.82,13.736910500020258,LightGBM
2017-12-24,12,2.17,10.007930115359581,LightGBM
2017-12-24,13,2.93,6.270281100137938,LightGBM
2017-12-24,14,0.1,2.70090378748079,LightGBM
2017-12-24,15,1.09,2.792420052652051,LightGBM
2017-12-24,16,6.75,5.835215833257285,LightGBM
2017-12-24,17,11.08,14.599050543827316,LightGBM
2017-12-24,18,2.85,19.021060383589152,LightGBM
2017-12-24,19,1.8,17.64765405239748,LightGBM
2017-12-24,20,-4.94,14.985459076224618,LightGBM
2017-12-24,21,-6.74,11.015839645628281,LightGBM
2017-12-24,22,0.08,9.689327981413081,LightGBM
2017-12-24,23,0.06,1.7134287185204766,LightGBM
2017-12-25,0,-4.98,-1.130374691776015,LightGBM
2017-12-25,1,-32.58,-4.566068947844569,LightGBM
2017-12-25,2,-19.79,-9.118955246921685,LightGBM
2017-12-25,3,-11.9,-3.624366802591305,LightGBM
2017-12-25,4,-4.96,-0.7627918426282827,LightGBM
2017-12-25,5,-4.83,7.137767521316761,LightGBM
2017-12-25,6,-61.41,7.30661298737852,LightGBM
2017-12-25,7,-4.97,13.184982455754087,LightGBM
2017-12-25,8,0.07,14.610670264336832,LightGBM
2017-12-25,9,9.94,16.29792820370895,LightGBM
2017-12-25,10,19.9,16.99941503572466,LightGBM
2017-12-25,11,22.01,17.169286935697667,LightGBM
2017-12-25,12,18.35,16.275612793810666,LightGBM
2017-12-25,13,15.99,15.394664740550658,LightGBM
2017-12-25,14,12.97,17.080197390940526,LightGBM
2017-12-25,15,17.97,17.256662335575747,LightGBM
2017-12-25,16,17.99,22.88261471663614,LightGBM
2017-12-25,17,26.45,26.638535087701104,LightGBM
2017-12-25,18,27.41,31.298710224993222,LightGBM
2017-12-25,19,27.59,31.87484082566407,LightGBM
2017-12-25,20,25.64,30.609108163652923,LightGBM
2017-12-25,21,22.09,26.768323922125287,LightGBM
2017-12-25,22,22.17,26.387200415687015,LightGBM
2017-12-25,23,22.0,14.440935822198908,LightGBM
2017-12-26,0,5.06,9.164761789390967,LightGBM
2017-12-26,1,5.06,3.059752389981688,LightGBM
2017-12-26,2,-1.44,-0.7764171967909689,LightGBM
2017-12-26,3,-6.94,1.24263847676236,LightGBM
2017-12-26,4,-9.65,-0.8104376507106635,LightGBM
2017-12-26,5,-9.89,0.6693947352469328,LightGBM
2017-12-26,6,-11.88,6.766444526459066,LightGBM
2017-12-26,7,-3.24,5.62294931253816,LightGBM
2017-12-26,8,-9.78,9.366630836767387,LightGBM
2017-12-26,9,0.0,11.692420601399924,LightGBM
2017-12-26,10,-24.33,12.249265079357272,LightGBM
2017-12-26,11,-31.69,9.722959455825634,LightGBM
2017-12-26,12,-52.82,5.130098813475671,LightGBM
2017-12-26,13,-53.42,6.335885297186633,LightGBM
2017-12-26,14,-18.0,2.0931874757787905,LightGBM
2017-12-26,15,-0.48,8.665208713676884,LightGBM
2017-12-26,16,5.49,10.816353721416043,LightGBM
2017-12-26,17,10.66,18.58541486838296,LightGBM
2017-12-26,18,13.35,20.396580431113865,LightGBM
2017-12-26,19,11.19,22.540963070819647,LightGBM
2017-12-26,20,19.0,20.49930003455588,LightGBM
2017-12-26,21,18.06,19.468878335900996,LightGBM
2017-12-26,22,22.02,19.965235155164798,LightGBM
2017-12-26,23,13.46,14.73845683701139,LightGBM
2017-12-27,0,25.37,11.594352140004963,LightGBM
2017-12-27,1,15.09,9.517033125355804,LightGBM
2017-12-27,2,13.93,7.813764325487571,LightGBM
2017-12-27,3,13.48,7.295839853157673,LightGBM
2017-12-27,4,12.74,6.629539015719664,LightGBM
2017-12-27,5,13.29,13.08852988774805,LightGBM
2017-12-27,6,20.03,17.82469449720724,LightGBM
2017-12-27,7,28.62,22.251528615575126,LightGBM
2017-12-27,8,32.0,29.36353971760574,LightGBM
2017-12-27,9,34.91,27.358000518569998,LightGBM
2017-12-27,10,35.3,28.991094150895602,LightGBM
2017-12-27,11,42.46,31.915259926683962,LightGBM
2017-12-27,12,46.11,31.148391953677248,LightGBM
2017-12-27,13,46.01,32.6471618084801,LightGBM
2017-12-27,14,46.4,32.79954339635575,LightGBM
2017-12-27,15,46.48,35.569759382361056,LightGBM
2017-12-27,16,50.9,41.02099793580365,LightGBM
2017-12-27,17,56.09,42.82429072177084,LightGBM
2017-12-27,18,57.57,43.83845595901441,LightGBM
2017-12-27,19,51.33,41.32412290503993,LightGBM
2017-12-27,20,42.4,39.90755400076284,LightGBM
2017-12-27,21,40.0,35.85496588132571,LightGBM
2017-12-27,22,42.24,35.562730345787145,LightGBM
2017-12-27,23,31.27,25.680431301796254,LightGBM
2017-12-28,0,28.87,29.211870946568805,LightGBM
2017-12-28,1,28.12,28.878157724750743,LightGBM
2017-12-28,2,27.2,27.392879522527707,LightGBM
2017-12-28,3,26.0,26.710704410131733,LightGBM
2017-12-28,4,26.33,27.172783394552535,LightGBM
2017-12-28,5,28.89,28.782535887580256,LightGBM
2017-12-28,6,30.74,33.15480604000436,LightGBM
2017-12-28,7,35.98,37.371983557121155,LightGBM
2017-12-28,8,38.43,42.59015737255783,LightGBM
2017-12-28,9,39.93,41.940327106375165,LightGBM
2017-12-28,10,40.12,39.13413913720039,LightGBM
2017-12-28,11,39.97,38.47912350637193,LightGBM
2017-12-28,12,40.16,34.51000354808463,LightGBM
2017-12-28,13,39.24,32.06454942957679,LightGBM
2017-12-28,14,36.42,33.53811712707229,LightGBM
2017-12-28,15,40.03,33.85100205027602,LightGBM
2017-12-28,16,42.98,37.6114564535725,LightGBM
2017-12-28,17,43.01,41.67541203829007,LightGBM
2017-12-28,18,42.16,36.611270462836366,LightGBM
2017-12-28,19,34.93,32.59440536191434,LightGBM
2017-12-28,20,25.06,28.806700831493842,LightGBM
2017-12-28,21,19.99,26.079016880816102,LightGBM
2017-12-28,22,19.22,24.582230921546746,LightGBM
2017-12-28,23,5.86,17.568039483320895,LightGBM
2017-12-29,0,9.73,7.741497034123809,LightGBM
2017-12-29,1,0.72,4.929806533797005,LightGBM
2017-12-29,2,-0.93,3.346578001719993,LightGBM
2017-12-29,3,1.07,3.6813069333155974,LightGBM
2017-12-29,4,1.0,7.888136480385275,LightGBM
2017-12-29,5,2.91,10.662125007276451,LightGBM
2017-12-29,6,3.6,16.163929818093766,LightGBM
2017-12-29,7,15.97,20.02792524845156,LightGBM
2017-12-29,8,29.69,25.20801713346506,LightGBM
2017-12-29,9,30.2,27.452689101182663,LightGBM
2017-12-29,10,29.83,29.877930539837628,LightGBM
2017-12-29,11,29.47,28.929703702484023,LightGBM
2017-12-29,12,29.2,28.351554916807025,LightGBM
2017-12-29,13,29.45,27.76777074385408,LightGBM
2017-12-29,14,30.02,29.003388644610887,LightGBM
2017-12-29,15,31.0,30.36205681700629,LightGBM
2017-12-29,16,32.98,35.228527254373724,LightGBM
2017-12-29,17,34.95,40.64186583189978,LightGBM
2017-12-29,18,32.79,36.506310730339564,LightGBM
2017-12-29,19,30.23,30.840109810231887,LightGBM
2017-12-29,20,28.49,25.650607126034128,LightGBM
2017-12-29,21,26.51,24.539093063809826,LightGBM
2017-12-29,22,26.9,23.433565098059738,LightGBM
2017-12-29,23,15.06,15.914045887896338,LightGBM
2017-12-30,0,16.4,12.087793841351083,LightGBM
2017-12-30,1,13.33,9.139293216984518,LightGBM
2017-12-30,2,13.25,8.557362740293923,LightGBM
2017-12-30,3,12.04,7.268010671166753,LightGBM
2017-12-30,4,11.45,6.600547758559046,LightGBM
2017-12-30,5,8.49,6.293695719252723,LightGBM
2017-12-30,6,9.83,4.986100844045657,LightGBM
2017-12-30,7,12.07,6.355814344151977,LightGBM
2017-12-30,8,13.41,13.23007220659697,LightGBM
2017-12-30,9,16.09,16.293601148564758,LightGBM
2017-12-30,10,18.8,18.398027420801103,LightGBM
2017-12-30,11,17.03,18.34255129602432,LightGBM
2017-12-30,12,17.67,16.94925559877884,LightGBM
2017-12-30,13,15.51,14.336824600419936,LightGBM
2017-12-30,14,17.61,10.456207020728485,LightGBM
2017-12-30,15,13.22,7.748340168498022,LightGBM
2017-12-30,16,14.02,12.60355643637125,LightGBM
2017-12-30,17,16.78,19.420891148200838,LightGBM
2017-12-30,18,16.01,21.141962887073156,LightGBM
2017-12-30,19,16.18,18.085505559137736,LightGBM
2017-12-30,20,11.13,16.719738830893977,LightGBM
2017-12-30,21,4.62,12.063326484908362,LightGBM
2017-12-30,22,4.71,12.674738739866882,LightGBM
2017-12-30,23,-0.27,4.792018535916017,LightGBM
2017-12-31,0,-2.04,-1.132704911912285,LightGBM
2017-12-31,1,-4.99,-6.030076708983648,LightGBM
2017-12-31,2,-0.59,-5.291430039979277,LightGBM
2017-12-31,3,-3.71,-2.9029257762301586,LightGBM
2017-12-31,4,0.08,-1.3445088374356646,LightGBM
2017-12-31,5,1.16,-1.0631328774837172,LightGBM
2017-12-31,6,-0.86,-5.263495801584621,LightGBM
2017-12-31,7,4.09,-0.3489623967193501,LightGBM
2017-12-31,8,4.17,4.515727910096227,LightGBM
2017-12-31,9,4.21,6.045647306468737,LightGBM
2017-12-31,10,9.05,6.082524021761183,LightGBM
2017-12-31,11,9.2,6.206158832042907,LightGBM
2017-12-31,12,4.45,4.048134049341533,LightGBM
2017-12-31,13,2.04,0.6121509360372079,LightGBM
2017-12-31,14,0.06,-4.652397577702388,LightGBM
2017-12-31,15,0.36,-3.189847580660424,LightGBM
2017-12-31,16,1.46,2.3762582632771996,LightGBM
2017-12-31,17,6.14,8.18764928913795,LightGBM
2017-12-31,18,9.96,16.713741808108352,LightGBM
2017-12-31,19,7.92,15.636286914807993,LightGBM
2017-12-31,20,4.06,14.61529589730561,LightGBM
2017-12-31,21,5.3,10.130265635887516,LightGBM
2017-12-31,22,1.86,9.258516386197003,LightGBM
2017-12-31,23,-0.92,6.043156039486036,LightGBM
