origin,hour,y_true,y_pred,model
2016-01-04,0,13.78,7.722212,LSTM
2016-01-04,1,12.77,4.556387,LSTM
2016-01-04,2,10.56,2.6004105,LSTM
2016-01-04,3,3.87,1.6142025,LSTM
2016-01-04,4,3.2,2.7135048,LSTM
2016-01-04,5,8.67,9.406128,LSTM
2016-01-04,6,18.01,23.686155,LSTM
2016-01-04,7,28.52,30.7527,LSTM
2016-01-04,8,34.74,32.355743,LSTM
2016-01-04,9,33.46,31.818699,LSTM
2016-01-04,10,33.24,32.555977,LSTM
2016-01-04,11,35.09,31.748772,LSTM
2016-01-04,12,35.0,32.071857,LSTM
2016-01-04,13,35.0,32.560883,LSTM
2016-01-04,14,34.94,34.923874,LSTM
2016-01-04,15,34.92,37.998398,LSTM
2016-01-04,16,38.0,39.242245,LSTM
2016-01-04,17,41.21,48.877357,LSTM
2016-01-04,18,42.95,48.226738,LSTM
2016-01-04,19,41.96,46.2066,LSTM
2016-01-04,20,34.94,37.873817,LSTM
2016-01-04,21,30.66,35.28797,LSTM
2016-01-04,22,30.0,33.23622,LSTM
2016-01-04,23,23.9,24.551846,LSTM
2016-01-05,0,25.03,21.16517,LSTM
2016-01-05,1,24.42,17.95037,LSTM
2016-01-05,2,22.34,17.229063,LSTM
2016-01-05,3,21.5,16.676884,LSTM
2016-01-05,4,20.0,17.221395,LSTM
2016-01-05,5,23.53,18.967628,LSTM
2016-01-05,6,28.96,26.35579,LSTM
2016-01-05,7,38.32,33.17549,LSTM
2016-01-05,8,41.45,37.446053,LSTM
2016-01-05,9,40.72,37.147606,LSTM
2016-01-05,10,40.66,35.46053,LSTM
2016-01-05,11,40.33,35.392693,LSTM
2016-01-05,12,38.25,35.9859,LSTM
2016-01-05,13,36.98,33.874672,LSTM
2016-01-05,14,34.91,33.857254,LSTM
2016-01-05,15,33.5,35.934067,LSTM
2016-01-05,16,35.1,38.16348,LSTM
2016-01-05,17,42.44,43.171238,LSTM
2016-01-05,18,42.94,42.40185,LSTM
2016-01-05,19,41.74,37.816704,LSTM
2016-01-05,20,36.47,33.31407,LSTM
2016-01-05,21,33.01,30.317228,LSTM
2016-01-05,22,31.75,30.046734,LSTM
2016-01-05,23,26.99,24.217186,LSTM
2016-01-06,0,26.62,24.275166,LSTM
2016-01-06,1,25.58,22.588572,LSTM
2016-01-06,2,24.59,21.740908,LSTM
2016-01-06,3,22.5,21.058395,LSTM
2016-01-06,4,23.16,21.918028,LSTM
2016-01-06,5,24.99,24.30693,LSTM
2016-01-06,6,26.62,32.220295,LSTM
2016-01-06,7,28.03,40.818626,LSTM
2016-01-06,8,29.34,41.17354,LSTM
2016-01-06,9,32.94,40.969524,LSTM
2016-01-06,10,37.71,39.892616,LSTM
2016-01-06,11,40.08,40.54315,LSTM
2016-01-06,12,40.73,39.97836,LSTM
2016-01-06,13,38.26,40.528816,LSTM
2016-01-06,14,35.44,40.80246,LSTM
2016-01-06,15,36.92,41.82044,LSTM
2016-01-06,16,41.28,42.175774,LSTM
2016-01-06,17,44.95,47.763393,LSTM
2016-01-06,18,46.9,48.584602,LSTM
2016-01-06,19,43.95,43.738167,LSTM
2016-01-06,20,39.94,37.634342,LSTM
2016-01-06,21,32.4,34.784103,LSTM
2016-01-06,22,33.51,33.82873,LSTM
2016-01-06,23,30.11,28.1029,LSTM
2016-01-07,0,26.41,27.35301,LSTM
2016-01-07,1,26.05,23.682053,LSTM
2016-01-07,2,24.93,23.343632,LSTM
2016-01-07,3,22.39,20.724848,LSTM
2016-01-07,4,22.32,21.82748,LSTM
2016-01-07,5,24.2,21.486902,LSTM
2016-01-07,6,31.0,29.453907,LSTM
2016-01-07,7,42.47,34.728737,LSTM
2016-01-07,8,42.97,36.76623,LSTM
2016-01-07,9,41.93,34.446304,LSTM
2016-01-07,10,41.62,33.649586,LSTM
2016-01-07,11,41.5,31.786064,LSTM
2016-01-07,12,40.66,30.725788,LSTM
2016-01-07,13,40.33,31.331326,LSTM
2016-01-07,14,36.51,29.775177,LSTM
2016-01-07,15,33.49,31.189978,LSTM
2016-01-07,16,34.19,31.183582,LSTM
2016-01-07,17,40.66,31.811678,LSTM
2016-01-07,18,40.8,32.9121,LSTM
2016-01-07,19,37.19,34.250244,LSTM
2016-01-07,20,31.94,29.727959,LSTM
2016-01-07,21,27.01,26.660954,LSTM
2016-01-07,22,27.52,24.89046,LSTM
2016-01-07,23,23.4,17.626923,LSTM
2016-01-08,0,12.12,15.164925,LSTM
2016-01-08,1,17.23,13.816621,LSTM
2016-01-08,2,13.9,11.709093,LSTM
2016-01-08,3,12.11,12.263843,LSTM
2016-01-08,4,12.99,13.15499,LSTM
2016-01-08,5,16.98,16.07348,LSTM
2016-01-08,6,22.02,21.873577,LSTM
2016-01-08,7,28.4,29.575375,LSTM
2016-01-08,8,29.31,30.854774,LSTM
2016-01-08,9,26.6,29.303135,LSTM
2016-01-08,10,25.55,25.663673,LSTM
2016-01-08,11,25.76,27.358713,LSTM
2016-01-08,12,25.13,27.9465,LSTM
2016-01-08,13,25.58,27.37381,LSTM
2016-01-08,14,27.6,27.541891,LSTM
2016-01-08,15,32.08,31.942709,LSTM
2016-01-08,16,37.16,34.58672,LSTM
2016-01-08,17,45.0,44.51206,LSTM
2016-01-08,18,46.97,47.899323,LSTM
2016-01-08,19,40.09,39.75998,LSTM
2016-01-08,20,34.61,37.407585,LSTM
2016-01-08,21,31.52,34.072365,LSTM
2016-01-08,22,32.5,35.023754,LSTM
2016-01-08,23,26.01,30.938026,LSTM
2016-01-09,0,26.1,29.160313,LSTM
2016-01-09,1,25.1,25.463367,LSTM
2016-01-09,2,24.3,28.076822,LSTM
2016-01-09,3,23.23,25.889154,LSTM
2016-01-09,4,21.96,25.442118,LSTM
2016-01-09,5,22.45,22.627577,LSTM
2016-01-09,6,23.07,20.490055,LSTM
2016-01-09,7,25.0,21.595776,LSTM
2016-01-09,8,32.11,29.284832,LSTM
2016-01-09,9,37.12,33.720337,LSTM
2016-01-09,10,36.13,36.62643,LSTM
2016-01-09,11,35.76,36.95806,LSTM
2016-01-09,12,34.06,36.26953,LSTM
2016-01-09,13,31.54,33.494354,LSTM
2016-01-09,14,27.92,28.026382,LSTM
2016-01-09,15,27.0,32.187824,LSTM
2016-01-09,16,30.5,31.606567,LSTM
2016-01-09,17,36.99,35.64063,LSTM
2016-01-09,18,36.8,39.45251,LSTM
2016-01-09,19,35.0,33.31842,LSTM
2016-01-09,20,29.0,29.503136,LSTM
2016-01-09,21,25.01,26.899105,LSTM
2016-01-09,22,25.1,25.54993,LSTM
2016-01-09,23,22.28,22.308641,LSTM
2016-01-10,0,15.58,17.354073,LSTM
2016-01-10,1,19.05,13.323166,LSTM
2016-01-10,2,16.87,12.147715,LSTM
2016-01-10,3,12.75,11.19333,LSTM
2016-01-10,4,10.81,11.542286,LSTM
2016-01-10,5,10.85,11.020099,LSTM
2016-01-10,6,9.85,12.214518,LSTM
2016-01-10,7,11.92,12.459101,LSTM
2016-01-10,8,15.44,16.096745,LSTM
2016-01-10,9,18.99,17.379889,LSTM
2016-01-10,10,19.66,16.932718,LSTM
2016-01-10,11,21.59,19.411947,LSTM
2016-01-10,12,21.83,19.289782,LSTM
2016-01-10,13,20.82,19.702904,LSTM
2016-01-10,14,20.06,16.65922,LSTM
2016-01-10,15,21.45,24.24873,LSTM
2016-01-10,16,23.92,27.392982,LSTM
2016-01-10,17,27.93,32.661484,LSTM
2016-01-10,18,35.0,38.83805,LSTM
2016-01-10,19,33.0,36.631573,LSTM
2016-01-10,20,30.03,32.515656,LSTM
2016-01-10,21,26.06,29.657892,LSTM
2016-01-10,22,26.93,31.615484,LSTM
2016-01-10,23,23.12,26.450212,LSTM
2016-01-11,0,21.95,21.529558,LSTM
2016-01-11,1,20.04,18.886677,LSTM
2016-01-11,2,19.78,18.659477,LSTM
2016-01-11,3,19.36,17.740822,LSTM
2016-01-11,4,19.56,17.923504,LSTM
2016-01-11,5,21.67,23.635231,LSTM
2016-01-11,6,28.5,33.299335,LSTM
2016-01-11,7,41.61,42.337017,LSTM
2016-01-11,8,45.93,42.75307,LSTM
2016-01-11,9,44.0,42.696953,LSTM
2016-01-11,10,41.94,44.686707,LSTM
2016-01-11,11,41.96,47.470814,LSTM
2016-01-11,12,42.33,44.809006,LSTM
2016-01-11,13,42.1,43.252373,LSTM
2016-01-11,14,39.88,41.950848,LSTM
2016-01-11,15,37.5,40.408085,LSTM
2016-01-11,16,37.95,43.381714,LSTM
2016-01-11,17,44.69,43.20004,LSTM
2016-01-11,18,42.88,41.31341,LSTM
2016-01-11,19,40.0,41.216244,LSTM
2016-01-11,20,33.09,35.8468,LSTM
2016-01-11,21,27.93,30.97739,LSTM
2016-01-11,22,28.0,29.87145,LSTM
2016-01-11,23,24.14,23.719532,LSTM
2016-01-12,0,21.51,25.610477,LSTM
2016-01-12,1,19.81,23.154083,LSTM
2016-01-12,2,19.1,23.989138,LSTM
2016-01-12,3,15.74,22.513466,LSTM
2016-01-12,4,15.54,23.614656,LSTM
2016-01-12,5,20.19,26.072859,LSTM
2016-01-12,6,24.38,33.09833,LSTM
2016-01-12,7,35.92,44.004128,LSTM
2016-01-12,8,40.5,43.69901,LSTM
2016-01-12,9,41.0,41.531876,LSTM
2016-01-12,10,38.66,42.124077,LSTM
2016-01-12,11,36.46,42.225132,LSTM
2016-01-12,12,35.0,40.57042,LSTM
2016-01-12,13,33.3,39.683197,LSTM
2016-01-12,14,32.21,38.39246,LSTM
2016-01-12,15,33.0,40.936707,LSTM
2016-01-12,16,36.08,41.265396,LSTM
2016-01-12,17,41.94,42.538906,LSTM
2016-01-12,18,40.33,42.53555,LSTM
2016-01-12,19,29.69,40.161556,LSTM
2016-01-12,20,26.05,33.31418,LSTM
2016-01-12,21,24.76,30.96703,LSTM
2016-01-12,22,24.03,28.660706,LSTM
2016-01-12,23,21.51,24.986454,LSTM
2016-01-13,0,21.0,17.717434,LSTM
2016-01-13,1,19.66,14.7198715,LSTM
2016-01-13,2,18.13,13.395465,LSTM
2016-01-13,3,15.3,12.132551,LSTM
2016-01-13,4,18.05,14.186619,LSTM
2016-01-13,5,20.83,17.492708,LSTM
2016-01-13,6,24.1,25.953125,LSTM
2016-01-13,7,27.87,34.86143,LSTM
2016-01-13,8,29.98,34.86584,LSTM
2016-01-13,9,30.73,33.59368,LSTM
2016-01-13,10,31.45,34.58201,LSTM
2016-01-13,11,33.56,33.334328,LSTM
2016-01-13,12,33.99,33.477573,LSTM
2016-01-13,13,34.09,33.39881,LSTM
2016-01-13,14,34.02,35.36904,LSTM
2016-01-13,15,37.44,37.23999,LSTM
2016-01-13,16,39.58,38.77438,LSTM
2016-01-13,17,43.0,42.94082,LSTM
2016-01-13,18,42.22,43.48122,LSTM
2016-01-13,19,38.86,41.376205,LSTM
2016-01-13,20,29.62,35.63697,LSTM
2016-01-13,21,26.97,32.886497,LSTM
2016-01-13,22,25.88,31.416262,LSTM
2016-01-13,23,23.52,26.844658,LSTM
2016-01-14,0,24.29,24.357122,LSTM
2016-01-14,1,23.06,22.582932,LSTM
2016-01-14,2,22.22,21.444439,LSTM
2016-01-14,3,22.03,20.776367,LSTM
2016-01-14,4,22.53,21.066141,LSTM
2016-01-14,5,23.9,23.671457,LSTM
2016-01-14,6,29.99,30.36428,LSTM
2016-01-14,7,44.07,38.95817,LSTM
2016-01-14,8,44.99,37.572613,LSTM
2016-01-14,9,41.39,37.431824,LSTM
2016-01-14,10,34.95,34.945263,LSTM
2016-01-14,11,33.18,37.16642,LSTM
2016-01-14,12,31.17,36.37993,LSTM
2016-01-14,13,33.52,36.14201,LSTM
2016-01-14,14,39.97,36.331135,LSTM
2016-01-14,15,42.99,38.111275,LSTM
2016-01-14,16,42.34,40.667294,LSTM
2016-01-14,17,45.5,43.94363,LSTM
2016-01-14,18,41.06,43.451523,LSTM
2016-01-14,19,40.02,39.827965,LSTM
2016-01-14,20,38.34,35.81892,LSTM
2016-01-14,21,30.86,31.367958,LSTM
2016-01-14,22,28.16,30.96126,LSTM
2016-01-14,23,25.73,27.165934,LSTM
2016-01-15,0,24.58,27.498205,LSTM
2016-01-15,1,25.03,25.467878,LSTM
2016-01-15,2,24.36,24.595016,LSTM
2016-01-15,3,23.5,24.153112,LSTM
2016-01-15,4,22.94,24.939537,LSTM
2016-01-15,5,23.17,26.966936,LSTM
2016-01-15,6,26.35,33.484097,LSTM
2016-01-15,7,40.9,42.336998,LSTM
2016-01-15,8,45.21,43.46301,LSTM
2016-01-15,9,45.46,44.25281,LSTM
2016-01-15,10,45.99,43.37473,LSTM
2016-01-15,11,46.95,43.57372,LSTM
2016-01-15,12,44.0,41.58212,LSTM
2016-01-15,13,42.05,38.793484,LSTM
2016-01-15,14,39.99,38.05026,LSTM
2016-01-15,15,37.65,39.01342,LSTM
2016-01-15,16,38.0,40.661957,LSTM
2016-01-15,17,45.26,43.86648,LSTM
2016-01-15,18,48.04,44.562744,LSTM
2016-01-15,19,44.36,42.772568,LSTM
2016-01-15,20,34.38,38.67438,LSTM
2016-01-15,21,29.34,34.869526,LSTM
2016-01-15,22,27.17,35.07694,LSTM
2016-01-15,23,25.02,30.39785,LSTM
2016-01-16,0,27.13,31.268965,LSTM
2016-01-16,1,26.37,28.51957,LSTM
2016-01-16,2,25.58,27.24987,LSTM
2016-01-16,3,24.73,27.621859,LSTM
2016-01-16,4,24.08,26.61722,LSTM
2016-01-16,5,25.32,25.171068,LSTM
2016-01-16,6,24.77,25.442677,LSTM
2016-01-16,7,25.03,32.216534,LSTM
2016-01-16,8,27.55,36.04854,LSTM
2016-01-16,9,32.4,37.176926,LSTM
2016-01-16,10,34.21,36.212982,LSTM
2016-01-16,11,33.23,35.179867,LSTM
2016-01-16,12,29.16,34.19273,LSTM
2016-01-16,13,26.31,31.811049,LSTM
2016-01-16,14,25.47,29.997723,LSTM
2016-01-16,15,25.6,32.96713,LSTM
2016-01-16,16,30.15,33.25946,LSTM
2016-01-16,17,39.77,38.516026,LSTM
2016-01-16,18,40.03,39.33784,LSTM
2016-01-16,19,30.99,36.59497,LSTM
2016-01-16,20,26.19,30.033451,LSTM
2016-01-16,21,25.9,28.49172,LSTM
2016-01-16,22,25.53,27.534115,LSTM
2016-01-16,23,24.12,25.450594,LSTM
2016-01-17,0,20.86,20.701221,LSTM
2016-01-17,1,20.25,17.577858,LSTM
2016-01-17,2,20.76,16.861311,LSTM
2016-01-17,3,20.97,15.122234,LSTM
2016-01-17,4,20.89,14.837524,LSTM
2016-01-17,5,20.94,15.834666,LSTM
2016-01-17,6,19.64,14.745689,LSTM
2016-01-17,7,22.35,19.964087,LSTM
2016-01-17,8,23.52,19.601301,LSTM
2016-01-17,9,26.54,29.305662,LSTM
2016-01-17,10,30.11,28.62389,LSTM
2016-01-17,11,36.29,32.480076,LSTM
2016-01-17,12,32.44,35.011314,LSTM
2016-01-17,13,26.93,31.095648,LSTM
2016-01-17,14,26.19,29.771034,LSTM
2016-01-17,15,27.07,29.4673,LSTM
2016-01-17,16,31.94,32.38159,LSTM
2016-01-17,17,39.49,35.820053,LSTM
2016-01-17,18,42.8,41.510777,LSTM
2016-01-17,19,39.23,38.245956,LSTM
2016-01-17,20,33.3,38.525063,LSTM
2016-01-17,21,27.04,33.072334,LSTM
2016-01-17,22,27.05,34.91341,LSTM
2016-01-17,23,24.99,31.638765,LSTM
2016-01-18,0,23.96,26.949007,LSTM
2016-01-18,1,23.47,24.294233,LSTM
2016-01-18,2,23.56,23.252844,LSTM
2016-01-18,3,23.48,23.266724,LSTM
2016-01-18,4,23.51,22.501932,LSTM
2016-01-18,5,24.25,25.585417,LSTM
2016-01-18,6,27.61,36.89684,LSTM
2016-01-18,7,46.01,49.435143,LSTM
2016-01-18,8,49.98,47.534336,LSTM
2016-01-18,9,50.54,47.75213,LSTM
2016-01-18,10,49.91,45.84523,LSTM
2016-01-18,11,48.44,43.898827,LSTM
2016-01-18,12,46.93,42.699764,LSTM
2016-01-18,13,46.32,43.94706,LSTM
2016-01-18,14,45.76,42.37229,LSTM
2016-01-18,15,49.53,46.42882,LSTM
2016-01-18,16,49.66,47.13382,LSTM
2016-01-18,17,62.55,52.117867,LSTM
2016-01-18,18,56.07,54.908546,LSTM
2016-01-18,19,47.18,53.760704,LSTM
2016-01-18,20,35.09,44.601833,LSTM
2016-01-18,21,26.95,37.592075,LSTM
2016-01-18,22,26.94,33.567417,LSTM
2016-01-18,23,25.09,28.062656,LSTM
2016-01-19,0,31.95,28.26082,LSTM
2016-01-19,1,32.16,25.173874,LSTM
2016-01-19,2,28.97,25.827559,LSTM
2016-01-19,3,30.01,24.192728,LSTM
2016-01-19,4,30.45,24.353783,LSTM
2016-01-19,5,27.01,25.524357,LSTM
2016-01-19,6,31.9,33.110954,LSTM
2016-01-19,7,54.1,45.945488,LSTM
2016-01-19,8,64.9,47.465313,LSTM
2016-01-19,9,65.35,48.160637,LSTM
2016-01-19,10,61.31,44.69973,LSTM
2016-01-19,11,61.43,42.990833,LSTM
2016-01-19,12,58.98,43.073204,LSTM
2016-01-19,13,58.53,41.959393,LSTM
2016-01-19,14,55.81,42.413033,LSTM
2016-01-19,15,55.5,45.230343,LSTM
2016-01-19,16,56.21,44.778484,LSTM
2016-01-19,17,70.07,49.24402,LSTM
2016-01-19,18,74.97,52.280693,LSTM
2016-01-19,19,57.56,49.025715,LSTM
2016-01-19,20,48.24,41.585384,LSTM
2016-01-19,21,37.98,36.892372,LSTM
2016-01-19,22,33.67,33.994255,LSTM
2016-01-19,23,29.79,29.591082,LSTM
2016-01-20,0,26.05,31.429672,LSTM
2016-01-20,1,26.17,30.760118,LSTM
2016-01-20,2,26.42,28.254528,LSTM
2016-01-20,3,25.36,28.350554,LSTM
2016-01-20,4,25.76,28.407314,LSTM
2016-01-20,5,26.54,30.445797,LSTM
2016-01-20,6,32.7,37.89515,LSTM
2016-01-20,7,55.08,52.858875,LSTM
2016-01-20,8,61.08,55.33531,LSTM
2016-01-20,9,58.43,57.839157,LSTM
2016-01-20,10,58.97,54.91976,LSTM
2016-01-20,11,56.14,56.103592,LSTM
2016-01-20,12,58.6,54.810112,LSTM
2016-01-20,13,57.58,54.021072,LSTM
2016-01-20,14,54.95,53.40229,LSTM
2016-01-20,15,52.42,52.270943,LSTM
2016-01-20,16,72.01,55.059395,LSTM
2016-01-20,17,92.75,62.046944,LSTM
2016-01-20,18,79.09,62.968616,LSTM
2016-01-20,19,70.03,58.904446,LSTM
2016-01-20,20,50.1,51.307587,LSTM
2016-01-20,21,40.06,42.886997,LSTM
2016-01-20,22,33.52,40.9255,LSTM
2016-01-20,23,29.63,33.056953,LSTM
2016-01-21,0,29.65,33.18232,LSTM
2016-01-21,1,27.82,33.03052,LSTM
2016-01-21,2,26.65,30.142885,LSTM
2016-01-21,3,26.96,31.918741,LSTM
2016-01-21,4,27.47,32.80033,LSTM
2016-01-21,5,29.09,34.86374,LSTM
2016-01-21,6,40.78,44.4555,LSTM
2016-01-21,7,70.01,61.59108,LSTM
2016-01-21,8,85.05,66.22463,LSTM
2016-01-21,9,83.54,66.99815,LSTM
2016-01-21,10,74.94,64.22266,LSTM
2016-01-21,11,70.12,63.417168,LSTM
2016-01-21,12,59.91,61.691284,LSTM
2016-01-21,13,57.69,59.246994,LSTM
2016-01-21,14,57.99,60.017532,LSTM
2016-01-21,15,61.05,59.190052,LSTM
2016-01-21,16,57.43,61.0813,LSTM
2016-01-21,17,77.13,70.309875,LSTM
2016-01-21,18,86.01,71.45342,LSTM
2016-01-21,19,60.13,67.627625,LSTM
2016-01-21,20,50.09,55.041286,LSTM
2016-01-21,21,35.47,46.316425,LSTM
2016-01-21,22,30.36,43.173996,LSTM
2016-01-21,23,26.97,32.368828,LSTM
2016-01-22,0,28.05,29.94431,LSTM
2016-01-22,1,27.92,28.177341,LSTM
2016-01-22,2,26.78,29.122335,LSTM
2016-01-22,3,26.57,26.84737,LSTM
2016-01-22,4,27.02,28.565859,LSTM
2016-01-22,5,28.07,29.849188,LSTM
2016-01-22,6,30.82,37.67789,LSTM
2016-01-22,7,48.46,50.043,LSTM
2016-01-22,8,52.5,50.97439,LSTM
2016-01-22,9,48.66,49.40639,LSTM
2016-01-22,10,45.11,45.5847,LSTM
2016-01-22,11,44.96,39.2737,LSTM
2016-01-22,12,42.06,37.85337,LSTM
2016-01-22,13,37.02,36.45166,LSTM
2016-01-22,14,32.27,34.38036,LSTM
2016-01-22,15,32.65,35.609222,LSTM
2016-01-22,16,32.84,36.641632,LSTM
2016-01-22,17,34.83,40.408455,LSTM
2016-01-22,18,28.3,41.652866,LSTM
2016-01-22,19,26.88,37.662624,LSTM
2016-01-22,20,25.46,31.420612,LSTM
2016-01-22,21,24.88,27.15074,LSTM
2016-01-22,22,24.28,24.32516,LSTM
2016-01-22,23,22.63,20.586912,LSTM
2016-01-23,0,24.44,16.391418,LSTM
2016-01-23,1,24.02,13.381046,LSTM
2016-01-23,2,23.03,14.08389,LSTM
2016-01-23,3,22.99,12.99069,LSTM
2016-01-23,4,22.68,12.449373,LSTM
2016-01-23,5,22.44,13.824995,LSTM
2016-01-23,6,21.46,14.933838,LSTM
2016-01-23,7,23.35,21.251957,LSTM
2016-01-23,8,24.68,26.252804,LSTM
2016-01-23,9,28.9,32.230854,LSTM
2016-01-23,10,31.32,29.418701,LSTM
2016-01-23,11,34.75,31.895868,LSTM
2016-01-23,12,34.39,33.362644,LSTM
2016-01-23,13,30.45,30.641111,LSTM
2016-01-23,14,28.04,28.109936,LSTM
2016-01-23,15,29.1,30.24233,LSTM
2016-01-23,16,29.7,33.37236,LSTM
2016-01-23,17,36.97,40.00977,LSTM
2016-01-23,18,42.6,43.39388,LSTM
2016-01-23,19,35.83,38.13394,LSTM
2016-01-23,20,28.84,31.652376,LSTM
2016-01-23,21,25.4,26.181332,LSTM
2016-01-23,22,26.27,26.427134,LSTM
2016-01-23,23,27.06,22.900824,LSTM
2016-01-24,0,24.08,21.592115,LSTM
2016-01-24,1,23.99,19.269558,LSTM
2016-01-24,2,24.83,18.085613,LSTM
2016-01-24,3,23.24,18.248695,LSTM
2016-01-24,4,22.54,17.743221,LSTM
2016-01-24,5,23.41,18.075949,LSTM
2016-01-24,6,21.41,18.27665,LSTM
2016-01-24,7,21.4,23.300503,LSTM
2016-01-24,8,22.12,24.510824,LSTM
2016-01-24,9,24.63,32.359726,LSTM
2016-01-24,10,27.05,32.30191,LSTM
2016-01-24,11,32.66,35.190914,LSTM
2016-01-24,12,28.94,33.674557,LSTM
2016-01-24,13,26.04,31.03872,LSTM
2016-01-24,14,24.84,30.55576,LSTM
2016-01-24,15,23.99,29.246107,LSTM
2016-01-24,16,25.04,31.885794,LSTM
2016-01-24,17,32.88,37.29839,LSTM
2016-01-24,18,36.09,38.077164,LSTM
2016-01-24,19,35.87,38.43611,LSTM
2016-01-24,20,31.7,33.00826,LSTM
2016-01-24,21,26.0,28.571804,LSTM
2016-01-24,22,27.09,28.408886,LSTM
2016-01-24,23,22.44,22.714428,LSTM
2016-01-25,0,20.07,20.068525,LSTM
2016-01-25,1,19.65,16.31601,LSTM
2016-01-25,2,19.68,15.682126,LSTM
2016-01-25,3,19.98,15.455674,LSTM
2016-01-25,4,20.33,16.328907,LSTM
2016-01-25,5,21.32,21.809834,LSTM
2016-01-25,6,25.01,32.499653,LSTM
2016-01-25,7,34.94,42.43135,LSTM
2016-01-25,8,35.0,43.63336,LSTM
2016-01-25,9,36.04,40.94131,LSTM
2016-01-25,10,36.62,41.08565,LSTM
2016-01-25,11,35.6,40.817528,LSTM
2016-01-25,12,34.75,39.76871,LSTM
2016-01-25,13,32.26,37.570133,LSTM
2016-01-25,14,30.61,39.600956,LSTM
2016-01-25,15,29.73,39.891228,LSTM
2016-01-25,16,31.17,43.093166,LSTM
2016-01-25,17,34.96,47.505165,LSTM
2016-01-25,18,36.33,42.23063,LSTM
2016-01-25,19,31.96,38.800014,LSTM
2016-01-25,20,26.8,31.414288,LSTM
2016-01-25,21,25.32,25.124844,LSTM
2016-01-25,22,23.93,23.152328,LSTM
2016-01-25,23,18.11,18.494059,LSTM
2016-01-26,0,20.23,16.383066,LSTM
2016-01-26,1,18.02,13.274792,LSTM
2016-01-26,2,15.9,11.890352,LSTM
2016-01-26,3,15.91,13.019611,LSTM
2016-01-26,4,17.1,13.047294,LSTM
2016-01-26,5,21.8,19.689049,LSTM
2016-01-26,6,27.09,28.006771,LSTM
2016-01-26,7,34.13,37.130222,LSTM
2016-01-26,8,38.11,38.315456,LSTM
2016-01-26,9,32.31,34.66656,LSTM
2016-01-26,10,29.99,35.726204,LSTM
2016-01-26,11,29.55,32.15905,LSTM
2016-01-26,12,28.52,34.342358,LSTM
2016-01-26,13,29.33,31.631227,LSTM
2016-01-26,14,27.97,32.799404,LSTM
2016-01-26,15,30.09,33.681675,LSTM
2016-01-26,16,30.62,33.70172,LSTM
2016-01-26,17,32.87,37.28338,LSTM
2016-01-26,18,29.27,30.80502,LSTM
2016-01-26,19,24.94,30.070068,LSTM
2016-01-26,20,23.17,22.783554,LSTM
2016-01-26,21,21.66,17.586826,LSTM
2016-01-26,22,20.24,14.775742,LSTM
2016-01-26,23,13.43,7.445593,LSTM
2016-01-27,0,10.97,10.332285,LSTM
2016-01-27,1,3.18,7.979973,LSTM
2016-01-27,2,0.05,4.698168,LSTM
2016-01-27,3,0.13,4.903284,LSTM
2016-01-27,4,8.82,6.4467325,LSTM
2016-01-27,5,13.3,12.572015,LSTM
2016-01-27,6,17.33,22.110954,LSTM
2016-01-27,7,22.97,28.338371,LSTM
2016-01-27,8,23.93,27.6107,LSTM
2016-01-27,9,28.95,24.171318,LSTM
2016-01-27,10,29.94,25.51308,LSTM
2016-01-27,11,25.55,26.1554,LSTM
2016-01-27,12,24.12,25.56378,LSTM
2016-01-27,13,22.95,26.710304,LSTM
2016-01-27,14,20.95,25.462141,LSTM
2016-01-27,15,23.91,23.723663,LSTM
2016-01-27,16,23.97,26.86282,LSTM
2016-01-27,17,28.93,29.066025,LSTM
2016-01-27,18,30.98,27.935774,LSTM
2016-01-27,19,29.07,25.858007,LSTM
2016-01-27,20,21.5,24.507328,LSTM
2016-01-27,21,19.06,18.08115,LSTM
2016-01-27,22,16.34,16.135193,LSTM
2016-01-27,23,13.96,8.726736,LSTM
2016-01-28,0,14.5,9.438787,LSTM
2016-01-28,1,12.83,10.9385605,LSTM
2016-01-28,2,12.88,6.3754597,LSTM
2016-01-28,3,12.14,8.838802,LSTM
2016-01-28,4,13.2,11.567094,LSTM
2016-01-28,5,17.39,17.470133,LSTM
2016-01-28,6,23.41,25.617527,LSTM
2016-01-28,7,28.49,30.443678,LSTM
2016-01-28,8,30.96,27.279953,LSTM
2016-01-28,9,29.97,22.874926,LSTM
2016-01-28,10,29.07,27.761082,LSTM
2016-01-28,11,25.21,30.675665,LSTM
2016-01-28,12,24.01,26.650599,LSTM
2016-01-28,13,25.56,30.049501,LSTM
2016-01-28,14,26.73,33.800945,LSTM
2016-01-28,15,31.02,33.063427,LSTM
2016-01-28,16,33.58,37.44985,LSTM
2016-01-28,17,39.05,44.67461,LSTM
2016-01-28,18,46.02,40.644978,LSTM
2016-01-28,19,36.56,41.39255,LSTM
2016-01-28,20,32.12,34.324413,LSTM
2016-01-28,21,27.45,26.660133,LSTM
2016-01-28,22,26.31,25.046818,LSTM
2016-01-28,23,20.79,18.348312,LSTM
2016-01-29,0,21.1,20.794903,LSTM
2016-01-29,1,19.53,18.293873,LSTM
2016-01-29,2,19.06,12.9267235,LSTM
2016-01-29,3,18.08,14.696833,LSTM
2016-01-29,4,15.96,13.566578,LSTM
2016-01-29,5,18.01,15.694183,LSTM
2016-01-29,6,26.0,21.303928,LSTM
2016-01-29,7,34.89,27.70398,LSTM
2016-01-29,8,36.06,28.60506,LSTM
2016-01-29,9,34.94,24.901785,LSTM
2016-01-29,10,29.91,21.020824,LSTM
2016-01-29,11,25.43,19.957146,LSTM
2016-01-29,12,21.83,18.657526,LSTM
2016-01-29,13,20.03,18.364916,LSTM
2016-01-29,14,19.1,13.211943,LSTM
2016-01-29,15,19.39,15.6697445,LSTM
2016-01-29,16,22.54,16.556475,LSTM
2016-01-29,17,27.43,22.697289,LSTM
2016-01-29,18,25.99,24.246841,LSTM
2016-01-29,19,25.18,19.761478,LSTM
2016-01-29,20,21.11,19.04907,LSTM
2016-01-29,21,17.08,12.681408,LSTM
2016-01-29,22,14.6,11.948355,LSTM
2016-01-29,23,10.29,5.5152645,LSTM
2016-01-30,0,14.08,5.9873753,LSTM
2016-01-30,1,8.4,4.2138577,LSTM
2016-01-30,2,0.79,-0.23230171,LSTM
2016-01-30,3,0.0,0.11668968,LSTM
2016-01-30,4,-0.02,1.1661854,LSTM
2016-01-30,5,-0.04,4.215233,LSTM
2016-01-30,6,-2.97,2.836359,LSTM
2016-01-30,7,8.51,6.5956345,LSTM
2016-01-30,8,12.42,7.408863,LSTM
2016-01-30,9,13.78,10.908859,LSTM
2016-01-30,10,14.22,11.265451,LSTM
2016-01-30,11,14.69,12.808165,LSTM
2016-01-30,12,14.27,15.318176,LSTM
2016-01-30,13,14.6,14.62233,LSTM
2016-01-30,14,14.28,15.188944,LSTM
2016-01-30,15,15.37,13.918375,LSTM
2016-01-30,16,16.03,16.035706,LSTM
2016-01-30,17,18.67,25.00896,LSTM
2016-01-30,18,27.78,27.937061,LSTM
2016-01-30,19,22.16,21.776392,LSTM
2016-01-30,20,18.53,18.035795,LSTM
2016-01-30,21,16.21,16.714653,LSTM
2016-01-30,22,15.49,17.474089,LSTM
2016-01-30,23,12.0,10.817619,LSTM
2016-01-31,0,8.43,6.990429,LSTM
2016-01-31,1,3.04,5.1906166,LSTM
2016-01-31,2,5.09,0.8835468,LSTM
2016-01-31,3,0.85,1.7821045,LSTM
2016-01-31,4,-0.27,2.3592796,LSTM
2016-01-31,5,0.03,3.0398216,LSTM
2016-01-31,6,0.08,-0.14366722,LSTM
2016-01-31,7,6.04,-2.4570694,LSTM
2016-01-31,8,8.33,1.0258751,LSTM
2016-01-31,9,10.59,4.1968384,LSTM
2016-01-31,10,11.91,7.72007,LSTM
2016-01-31,11,14.68,11.1785965,LSTM
2016-01-31,12,16.18,10.71571,LSTM
2016-01-31,13,12.5,11.634933,LSTM
2016-01-31,14,13.96,8.994783,LSTM
2016-01-31,15,13.89,11.563929,LSTM
2016-01-31,16,16.08,13.097834,LSTM
2016-01-31,17,21.44,21.378578,LSTM
2016-01-31,18,26.28,27.380188,LSTM
2016-01-31,19,25.48,26.549337,LSTM
2016-01-31,20,21.34,25.292927,LSTM
2016-01-31,21,18.04,26.398281,LSTM
2016-01-31,22,18.79,27.151464,LSTM
2016-01-31,23,16.45,21.560081,LSTM
2016-02-01,0,16.31,23.966576,LSTM
2016-02-01,1,14.42,22.884829,LSTM
2016-02-01,2,15.07,18.469013,LSTM
2016-02-01,3,13.27,19.319668,LSTM
2016-02-01,4,13.87,16.856934,LSTM
2016-02-01,5,14.26,20.622046,LSTM
2016-02-01,6,23.93,34.094494,LSTM
2016-02-01,7,35.9,39.780975,LSTM
2016-02-01,8,37.99,43.664032,LSTM
2016-02-01,9,36.05,38.74867,LSTM
2016-02-01,10,33.34,32.80753,LSTM
2016-02-01,11,29.24,29.479713,LSTM
2016-02-01,12,24.99,24.332153,LSTM
2016-02-01,13,21.96,23.154465,LSTM
2016-02-01,14,18.34,16.997618,LSTM
2016-02-01,15,17.97,15.602142,LSTM
2016-02-01,16,18.24,15.892689,LSTM
2016-02-01,17,23.37,20.62893,LSTM
2016-02-01,18,23.95,16.851643,LSTM
2016-02-01,19,22.65,23.2669,LSTM
2016-02-01,20,17.75,16.201149,LSTM
2016-02-01,21,14.63,10.599371,LSTM
2016-02-01,22,14.16,4.9294434,LSTM
2016-02-01,23,8.44,-3.6718044,LSTM
2016-02-02,0,4.06,2.252924,LSTM
2016-02-02,1,0.3,-1.524622,LSTM
2016-02-02,2,-2.66,-3.1430283,LSTM
2016-02-02,3,-1.92,-2.817896,LSTM
2016-02-02,4,0.09,-0.926672,LSTM
2016-02-02,5,9.52,4.290924,LSTM
2016-02-02,6,15.68,17.860249,LSTM
2016-02-02,7,22.92,23.493877,LSTM
2016-02-02,8,22.99,24.06898,LSTM
2016-02-02,9,22.15,22.866146,LSTM
2016-02-02,10,22.16,18.059496,LSTM
2016-02-02,11,22.53,19.006609,LSTM
2016-02-02,12,22.08,19.616882,LSTM
2016-02-02,13,22.09,19.305723,LSTM
2016-02-02,14,22.19,22.412819,LSTM
2016-02-02,15,23.35,20.599192,LSTM
2016-02-02,16,23.31,24.588623,LSTM
2016-02-02,17,28.42,29.860023,LSTM
2016-02-02,18,29.99,28.643381,LSTM
2016-02-02,19,24.61,27.993282,LSTM
2016-02-02,20,22.51,21.911207,LSTM
2016-02-02,21,17.59,15.19578,LSTM
2016-02-02,22,14.18,16.794191,LSTM
2016-02-02,23,9.53,10.573681,LSTM
2016-02-03,0,13.75,13.965044,LSTM
2016-02-03,1,11.58,11.322879,LSTM
2016-02-03,2,8.09,10.541205,LSTM
2016-02-03,3,6.93,9.579306,LSTM
2016-02-03,4,9.04,12.223603,LSTM
2016-02-03,5,13.74,14.968054,LSTM
2016-02-03,6,21.41,24.031637,LSTM
2016-02-03,7,33.25,30.20618,LSTM
2016-02-03,8,35.0,25.776127,LSTM
2016-02-03,9,33.96,25.431541,LSTM
2016-02-03,10,25.44,20.37419,LSTM
2016-02-03,11,22.93,22.354408,LSTM
2016-02-03,12,21.46,21.240501,LSTM
2016-02-03,13,20.95,19.88155,LSTM
2016-02-03,14,22.93,24.400082,LSTM
2016-02-03,15,23.02,22.369297,LSTM
2016-02-03,16,26.4,27.727764,LSTM
2016-02-03,17,32.62,33.211437,LSTM
2016-02-03,18,36.69,34.521564,LSTM
2016-02-03,19,36.19,33.65134,LSTM
2016-02-03,20,30.13,29.810427,LSTM
2016-02-03,21,23.75,22.343136,LSTM
2016-02-03,22,22.41,22.362736,LSTM
2016-02-03,23,17.13,17.586868,LSTM
2016-02-04,0,18.04,17.11588,LSTM
2016-02-04,1,16.38,16.767195,LSTM
2016-02-04,2,15.99,13.766858,LSTM
2016-02-04,3,15.29,15.986511,LSTM
2016-02-04,4,13.93,17.992477,LSTM
2016-02-04,5,17.01,20.78619,LSTM
2016-02-04,6,22.43,25.19973,LSTM
2016-02-04,7,31.96,29.472229,LSTM
2016-02-04,8,30.91,28.351028,LSTM
2016-02-04,9,27.93,28.49662,LSTM
2016-02-04,10,29.19,25.117931,LSTM
2016-02-04,11,30.22,25.817041,LSTM
2016-02-04,12,27.97,27.349268,LSTM
2016-02-04,13,26.87,26.822048,LSTM
2016-02-04,14,25.85,29.894094,LSTM
2016-02-04,15,27.94,29.853567,LSTM
2016-02-04,16,27.81,34.388508,LSTM
2016-02-04,17,35.0,41.17238,LSTM
2016-02-04,18,42.18,42.64586,LSTM
2016-02-04,19,39.01,38.95619,LSTM
2016-02-04,20,32.04,34.95873,LSTM
2016-02-04,21,26.96,31.25488,LSTM
2016-02-04,22,27.83,33.543858,LSTM
2016-02-04,23,23.98,28.469639,LSTM
2016-02-05,0,24.61,28.683216,LSTM
2016-02-05,1,23.0,28.091024,LSTM
2016-02-05,2,22.22,23.670683,LSTM
2016-02-05,3,20.1,26.95525,LSTM
2016-02-05,4,21.18,26.073679,LSTM
2016-02-05,5,21.18,27.19082,LSTM
2016-02-05,6,25.97,34.57097,LSTM
2016-02-05,7,33.92,41.961666,LSTM
2016-02-05,8,37.48,43.721798,LSTM
2016-02-05,9,35.25,42.016483,LSTM
2016-02-05,10,36.5,39.814102,LSTM
2016-02-05,11,35.94,39.193737,LSTM
2016-02-05,12,34.36,33.563385,LSTM
2016-02-05,13,31.95,33.767834,LSTM
2016-02-05,14,27.74,27.184347,LSTM
2016-02-05,15,25.33,29.941116,LSTM
2016-02-05,16,24.78,28.39119,LSTM
2016-02-05,17,29.96,30.260227,LSTM
2016-02-05,18,33.09,32.626144,LSTM
2016-02-05,19,28.01,34.38894,LSTM
2016-02-05,20,25.7,29.898544,LSTM
2016-02-05,21,23.12,27.598341,LSTM
2016-02-05,22,24.55,25.359543,LSTM
2016-02-05,23,22.71,22.427246,LSTM
2016-02-06,0,18.18,21.650496,LSTM
2016-02-06,1,15.55,17.547913,LSTM
2016-02-06,2,16.01,17.170565,LSTM
2016-02-06,3,14.33,16.47485,LSTM
2016-02-06,4,13.78,17.981579,LSTM
2016-02-06,5,13.98,17.189907,LSTM
2016-02-06,6,15.05,17.677422,LSTM
2016-02-06,7,16.08,20.31516,LSTM
2016-02-06,8,18.02,22.062435,LSTM
2016-02-06,9,19.34,23.716642,LSTM
2016-02-06,10,17.1,22.446804,LSTM
2016-02-06,11,16.5,18.794983,LSTM
2016-02-06,12,16.09,21.070488,LSTM
2016-02-06,13,15.11,16.48889,LSTM
2016-02-06,14,13.99,15.746521,LSTM
2016-02-06,15,15.29,18.257244,LSTM
2016-02-06,16,17.01,20.66127,LSTM
2016-02-06,17,19.97,25.029896,LSTM
2016-02-06,18,23.15,28.408356,LSTM
2016-02-06,19,21.02,24.681574,LSTM
2016-02-06,20,16.07,21.427567,LSTM
2016-02-06,21,12.71,14.745331,LSTM
2016-02-06,22,15.04,14.666027,LSTM
2016-02-06,23,11.74,9.334881,LSTM
2016-02-07,0,5.01,5.179863,LSTM
2016-02-07,1,5.98,0.526886,LSTM
2016-02-07,2,5.62,0.50954247,LSTM
2016-02-07,3,3.05,-0.88069534,LSTM
2016-02-07,4,0.93,0.3050232,LSTM
2016-02-07,5,0.08,0.3690014,LSTM
2016-02-07,6,-0.92,-1.6963882,LSTM
2016-02-07,7,1.13,-0.42446518,LSTM
2016-02-07,8,5.74,0.7260246,LSTM
2016-02-07,9,8.01,6.357876,LSTM
2016-02-07,10,12.92,7.314621,LSTM
2016-02-07,11,13.79,8.2888775,LSTM
2016-02-07,12,13.84,9.178381,LSTM
2016-02-07,13,12.19,4.9614677,LSTM
2016-02-07,14,11.76,4.9180927,LSTM
2016-02-07,15,10.01,5.878729,LSTM
2016-02-07,16,13.32,9.0286255,LSTM
2016-02-07,17,16.64,14.23365,LSTM
2016-02-07,18,22.17,19.648191,LSTM
2016-02-07,19,17.28,20.287483,LSTM
2016-02-07,20,17.88,17.614157,LSTM
2016-02-07,21,13.79,9.533852,LSTM
2016-02-07,22,15.04,8.915533,LSTM
2016-02-07,23,9.29,4.6235046,LSTM
2016-02-08,0,10.02,5.189991,LSTM
2016-02-08,1,7.99,-2.0947113,LSTM
2016-02-08,2,5.24,-3.1088905,LSTM
2016-02-08,3,1.16,-5.970646,LSTM
2016-02-08,4,1.4,-3.1412506,LSTM
2016-02-08,5,7.32,0.6612129,LSTM
2016-02-08,6,12.32,14.127008,LSTM
2016-02-08,7,16.17,16.174002,LSTM
2016-02-08,8,16.55,26.749744,LSTM
2016-02-08,9,16.41,20.849571,LSTM
2016-02-08,10,16.56,19.807116,LSTM
2016-02-08,11,16.61,19.14795,LSTM
2016-02-08,12,16.35,19.513283,LSTM
2016-02-08,13,16.1,18.671104,LSTM
2016-02-08,14,16.15,15.2585335,LSTM
2016-02-08,15,16.35,23.366005,LSTM
2016-02-08,16,15.94,19.030258,LSTM
2016-02-08,17,20.88,21.756264,LSTM
2016-02-08,18,27.26,25.700804,LSTM
2016-02-08,19,21.02,25.956123,LSTM
2016-02-08,20,15.24,16.69639,LSTM
2016-02-08,21,12.52,15.319443,LSTM
2016-02-08,22,12.11,12.260832,LSTM
2016-02-08,23,9.72,3.388857,LSTM
2016-02-09,0,-19.94,6.7927933,LSTM
2016-02-09,1,-12.34,5.432411,LSTM
2016-02-09,2,-19.95,2.820242,LSTM
2016-02-09,3,-19.3,2.2892742,LSTM
2016-02-09,4,-5.52,4.2944927,LSTM
2016-02-09,5,2.79,10.133114,LSTM
2016-02-09,6,16.98,16.8416,LSTM
2016-02-09,7,19.75,24.677046,LSTM
2016-02-09,8,23.43,25.823387,LSTM
2016-02-09,9,20.99,24.17472,LSTM
2016-02-09,10,23.9,26.313477,LSTM
2016-02-09,11,24.93,28.226753,LSTM
2016-02-09,12,27.03,27.963474,LSTM
2016-02-09,13,28.69,27.609055,LSTM
2016-02-09,14,27.44,29.933079,LSTM
2016-02-09,15,26.97,33.64282,LSTM
2016-02-09,16,27.24,34.64065,LSTM
2016-02-09,17,31.01,43.32511,LSTM
2016-02-09,18,39.98,39.539463,LSTM
2016-02-09,19,34.06,33.43943,LSTM
2016-02-09,20,28.77,28.183178,LSTM
2016-02-09,21,23.97,26.289818,LSTM
2016-02-09,22,20.78,24.001144,LSTM
2016-02-09,23,15.99,17.651344,LSTM
2016-02-10,0,13.08,19.187414,LSTM
2016-02-10,1,13.68,18.379353,LSTM
2016-02-10,2,13.06,15.384403,LSTM
2016-02-10,3,13.41,14.796242,LSTM
2016-02-10,4,14.3,14.564699,LSTM
2016-02-10,5,16.2,17.408731,LSTM
2016-02-10,6,22.8,23.056469,LSTM
2016-02-10,7,30.59,28.770409,LSTM
2016-02-10,8,32.05,28.646952,LSTM
2016-02-10,9,32.42,28.256336,LSTM
2016-02-10,10,30.94,26.900867,LSTM
2016-02-10,11,29.98,28.238802,LSTM
2016-02-10,12,25.97,28.157825,LSTM
2016-02-10,13,27.74,27.82601,LSTM
2016-02-10,14,27.44,28.881002,LSTM
2016-02-10,15,27.77,30.983536,LSTM
2016-02-10,16,28.68,30.529472,LSTM
2016-02-10,17,32.1,37.37134,LSTM
2016-02-10,18,36.59,33.70946,LSTM
2016-02-10,19,29.44,33.146603,LSTM
2016-02-10,20,23.18,29.782429,LSTM
2016-02-10,21,21.66,25.681808,LSTM
2016-02-10,22,21.94,23.907257,LSTM
2016-02-10,23,18.88,17.596432,LSTM
2016-02-11,0,17.72,20.784327,LSTM
2016-02-11,1,17.46,19.137917,LSTM
2016-02-11,2,16.91,17.435875,LSTM
2016-02-11,3,16.97,16.259937,LSTM
2016-02-11,4,17.66,18.426268,LSTM
2016-02-11,5,18.55,19.67894,LSTM
2016-02-11,6,20.84,24.568464,LSTM
2016-02-11,7,30.82,30.58624,LSTM
2016-02-11,8,25.34,26.408245,LSTM
2016-02-11,9,22.84,25.25764,LSTM
2016-02-11,10,21.12,25.075655,LSTM
2016-02-11,11,24.74,24.356483,LSTM
2016-02-11,12,23.72,24.594,LSTM
2016-02-11,13,23.01,25.864445,LSTM
2016-02-11,14,21.03,29.17541,LSTM
2016-02-11,15,30.0,30.587292,LSTM
2016-02-11,16,31.58,32.047176,LSTM
2016-02-11,17,36.0,36.95063,LSTM
2016-02-11,18,41.02,37.131718,LSTM
2016-02-11,19,41.34,35.680946,LSTM
2016-02-11,20,32.98,31.747883,LSTM
2016-02-11,21,29.96,26.905157,LSTM
2016-02-11,22,29.46,26.534885,LSTM
2016-02-11,23,26.1,21.11407,LSTM
2016-02-12,0,22.81,27.212257,LSTM
2016-02-12,1,21.59,26.192316,LSTM
2016-02-12,2,21.3,24.107365,LSTM
2016-02-12,3,19.86,25.945002,LSTM
2016-02-12,4,20.69,24.783825,LSTM
2016-02-12,5,21.64,26.679583,LSTM
2016-02-12,6,27.18,33.22418,LSTM
2016-02-12,7,36.43,41.203552,LSTM
2016-02-12,8,37.3,43.29189,LSTM
2016-02-12,9,34.97,41.11193,LSTM
2016-02-12,10,34.7,38.70035,LSTM
2016-02-12,11,33.48,37.753666,LSTM
2016-02-12,12,30.0,35.288647,LSTM
2016-02-12,13,26.93,34.518074,LSTM
2016-02-12,14,25.62,32.78547,LSTM
2016-02-12,15,25.0,36.915047,LSTM
2016-02-12,16,27.18,36.52653,LSTM
2016-02-12,17,34.56,42.692078,LSTM
2016-02-12,18,40.36,47.33138,LSTM
2016-02-12,19,35.56,48.066807,LSTM
2016-02-12,20,29.96,39.389446,LSTM
2016-02-12,21,26.45,36.219757,LSTM
2016-02-12,22,27.18,34.012676,LSTM
2016-02-12,23,25.45,29.1905,LSTM
2016-02-13,0,22.23,28.301508,LSTM
2016-02-13,1,21.1,25.827888,LSTM
2016-02-13,2,20.21,21.603235,LSTM
2016-02-13,3,19.94,22.140476,LSTM
2016-02-13,4,19.9,21.018578,LSTM
2016-02-13,5,19.98,18.795807,LSTM
2016-02-13,6,19.9,18.083675,LSTM
2016-02-13,7,21.48,19.064396,LSTM
2016-02-13,8,28.38,25.513657,LSTM
2016-02-13,9,30.36,26.614777,LSTM
2016-02-13,10,30.09,25.493454,LSTM
2016-02-13,11,29.84,23.991568,LSTM
2016-02-13,12,26.75,22.35976,LSTM
2016-02-13,13,23.93,21.591324,LSTM
2016-02-13,14,21.37,17.533674,LSTM
2016-02-13,15,21.15,21.145441,LSTM
2016-02-13,16,20.96,22.21632,LSTM
2016-02-13,17,24.69,29.116695,LSTM
2016-02-13,18,29.65,29.886932,LSTM
2016-02-13,19,24.61,25.806196,LSTM
2016-02-13,20,19.91,23.61703,LSTM
2016-02-13,21,18.7,21.68446,LSTM
2016-02-13,22,18.47,21.217918,LSTM
2016-02-13,23,16.88,18.425798,LSTM
2016-02-14,0,13.06,10.183891,LSTM
2016-02-14,1,10.28,4.4440346,LSTM
2016-02-14,2,8.48,2.1266232,LSTM
2016-02-14,3,5.09,-0.5906143,LSTM
2016-02-14,4,4.21,-0.18156433,LSTM
2016-02-14,5,4.75,-2.3372955,LSTM
2016-02-14,6,5.3,-5.6257915,LSTM
2016-02-14,7,8.76,-8.872162,LSTM
2016-02-14,8,11.81,0.7177429,LSTM
2016-02-14,9,15.03,9.442104,LSTM
2016-02-14,10,17.46,8.277819,LSTM
2016-02-14,11,18.01,14.601841,LSTM
2016-02-14,12,17.69,14.586821,LSTM
2016-02-14,13,17.34,12.483366,LSTM
2016-02-14,14,16.27,7.502863,LSTM
2016-02-14,15,15.13,13.042601,LSTM
2016-02-14,16,16.96,14.80076,LSTM
2016-02-14,17,21.21,20.619959,LSTM
2016-02-14,18,29.94,31.290745,LSTM
2016-02-14,19,30.38,25.60813,LSTM
2016-02-14,20,23.57,24.832949,LSTM
2016-02-14,21,20.21,24.18089,LSTM
2016-02-14,22,20.33,26.444738,LSTM
2016-02-14,23,17.52,25.09904,LSTM
2016-02-15,0,16.57,19.39407,LSTM
2016-02-15,1,16.0,18.606998,LSTM
2016-02-15,2,14.36,15.614502,LSTM
2016-02-15,3,13.14,18.966331,LSTM
2016-02-15,4,12.68,16.792793,LSTM
2016-02-15,5,14.65,20.96318,LSTM
2016-02-15,6,21.12,27.421274,LSTM
2016-02-15,7,32.18,31.954391,LSTM
2016-02-15,8,30.11,35.22725,LSTM
2016-02-15,9,31.72,36.970806,LSTM
2016-02-15,10,30.91,35.40012,LSTM
2016-02-15,11,29.93,38.288826,LSTM
2016-02-15,12,27.22,36.74057,LSTM
2016-02-15,13,25.39,34.16168,LSTM
2016-02-15,14,24.81,31.810696,LSTM
2016-02-15,15,24.4,32.462994,LSTM
2016-02-15,16,24.93,31.942465,LSTM
2016-02-15,17,28.45,38.20482,LSTM
2016-02-15,18,35.19,37.674587,LSTM
2016-02-15,19,32.19,34.6699,LSTM
2016-02-15,20,30.05,30.585667,LSTM
2016-02-15,21,24.39,27.952007,LSTM
2016-02-15,22,25.87,27.478642,LSTM
2016-02-15,23,22.39,24.649574,LSTM
2016-02-16,0,22.37,26.58963,LSTM
2016-02-16,1,22.32,24.509474,LSTM
2016-02-16,2,22.31,23.372328,LSTM
2016-02-16,3,22.04,25.578777,LSTM
2016-02-16,4,21.83,25.001453,LSTM
2016-02-16,5,22.74,24.992245,LSTM
2016-02-16,6,29.39,27.853706,LSTM
2016-02-16,7,40.43,37.42118,LSTM
2016-02-16,8,42.46,38.5696,LSTM
2016-02-16,9,42.42,38.568554,LSTM
2016-02-16,10,37.91,32.472397,LSTM
2016-02-16,11,35.72,29.803267,LSTM
2016-02-16,12,33.07,31.29752,LSTM
2016-02-16,13,32.77,28.256842,LSTM
2016-02-16,14,31.7,30.017094,LSTM
2016-02-16,15,32.09,32.936844,LSTM
2016-02-16,16,34.88,34.691063,LSTM
2016-02-16,17,39.81,41.416286,LSTM
2016-02-16,18,53.46,42.444824,LSTM
2016-02-16,19,49.71,39.3544,LSTM
2016-02-16,20,33.96,32.4348,LSTM
2016-02-16,21,27.0,28.83225,LSTM
2016-02-16,22,24.98,29.326351,LSTM
2016-02-16,23,21.48,26.346018,LSTM
2016-02-17,0,18.97,24.860315,LSTM
2016-02-17,1,18.86,22.921211,LSTM
2016-02-17,2,18.7,19.96912,LSTM
2016-02-17,3,18.74,22.181808,LSTM
2016-02-17,4,19.58,22.144053,LSTM
2016-02-17,5,19.0,22.77418,LSTM
2016-02-17,6,22.75,27.610336,LSTM
2016-02-17,7,30.97,36.252197,LSTM
2016-02-17,8,31.71,34.474747,LSTM
2016-02-17,9,29.95,33.022545,LSTM
2016-02-17,10,23.53,29.598022,LSTM
2016-02-17,11,24.77,28.799294,LSTM
2016-02-17,12,23.55,28.238472,LSTM
2016-02-17,13,24.72,28.905516,LSTM
2016-02-17,14,25.91,29.353886,LSTM
2016-02-17,15,29.9,34.59088,LSTM
2016-02-17,16,30.67,34.693977,LSTM
2016-02-17,17,38.06,39.318394,LSTM
2016-02-17,18,40.87,42.252495,LSTM
2016-02-17,19,33.96,40.31479,LSTM
2016-02-17,20,29.94,33.099426,LSTM
2016-02-17,21,24.05,29.284615,LSTM
2016-02-17,22,24.25,29.69646,LSTM
2016-02-17,23,22.73,26.859446,LSTM
2016-02-18,0,20.74,26.35591,LSTM
2016-02-18,1,20.57,24.283463,LSTM
2016-02-18,2,18.87,23.620665,LSTM
2016-02-18,3,19.88,25.564941,LSTM
2016-02-18,4,19.89,24.047049,LSTM
2016-02-18,5,20.33,24.904549,LSTM
2016-02-18,6,23.16,28.903505,LSTM
2016-02-18,7,35.53,39.43058,LSTM
2016-02-18,8,39.92,39.291336,LSTM
2016-02-18,9,34.97,38.98807,LSTM
2016-02-18,10,29.92,32.818016,LSTM
2016-02-18,11,25.98,31.106186,LSTM
2016-02-18,12,23.77,30.687689,LSTM
2016-02-18,13,24.53,27.965939,LSTM
2016-02-18,14,25.13,28.194107,LSTM
2016-02-18,15,29.04,32.020275,LSTM
2016-02-18,16,32.0,33.65843,LSTM
2016-02-18,17,38.74,40.32745,LSTM
2016-02-18,18,45.08,43.344296,LSTM
2016-02-18,19,38.06,41.197735,LSTM
2016-02-18,20,32.24,34.2113,LSTM
2016-02-18,21,25.95,29.96815,LSTM
2016-02-18,22,23.09,29.299997,LSTM
2016-02-18,23,21.34,27.02865,LSTM
2016-02-19,0,21.85,26.680307,LSTM
2016-02-19,1,21.44,25.58425,LSTM
2016-02-19,2,21.75,21.497107,LSTM
2016-02-19,3,22.19,25.147675,LSTM
2016-02-19,4,22.37,22.545559,LSTM
2016-02-19,5,19.46,25.599817,LSTM
2016-02-19,6,27.83,33.716885,LSTM
2016-02-19,7,34.98,46.07812,LSTM
2016-02-19,8,38.49,45.56856,LSTM
2016-02-19,9,34.95,43.777363,LSTM
2016-02-19,10,34.95,39.02138,LSTM
2016-02-19,11,37.91,34.49882,LSTM
2016-02-19,12,31.55,32.024223,LSTM
2016-02-19,13,27.93,32.620384,LSTM
2016-02-19,14,25.25,26.911953,LSTM
2016-02-19,15,25.09,31.426153,LSTM
2016-02-19,16,24.84,30.006628,LSTM
2016-02-19,17,30.04,34.425827,LSTM
2016-02-19,18,34.94,32.532295,LSTM
2016-02-19,19,27.99,33.38439,LSTM
2016-02-19,20,23.69,27.412498,LSTM
2016-02-19,21,24.93,24.4973,LSTM
2016-02-19,22,23.38,21.858994,LSTM
2016-02-19,23,18.9,18.968927,LSTM
2016-02-20,0,18.3,11.806893,LSTM
2016-02-20,1,16.82,6.1567707,LSTM
2016-02-20,2,11.54,-0.3244152,LSTM
2016-02-20,3,9.69,0.6711941,LSTM
2016-02-20,4,9.52,-0.4958973,LSTM
2016-02-20,5,5.01,-0.15743828,LSTM
2016-02-20,6,5.06,1.4542065,LSTM
2016-02-20,7,9.09,5.122616,LSTM
2016-02-20,8,8.69,9.236341,LSTM
2016-02-20,9,13.43,10.755484,LSTM
2016-02-20,10,16.36,8.132168,LSTM
2016-02-20,11,17.0,8.915735,LSTM
2016-02-20,12,16.96,9.146986,LSTM
2016-02-20,13,15.94,11.235308,LSTM
2016-02-20,14,15.77,4.7151165,LSTM
2016-02-20,15,16.05,10.282522,LSTM
2016-02-20,16,16.15,9.893116,LSTM
2016-02-20,17,18.99,13.366095,LSTM
2016-02-20,18,24.22,21.04465,LSTM
2016-02-20,19,23.49,18.424143,LSTM
2016-02-20,20,18.96,11.84683,LSTM
2016-02-20,21,13.92,8.947973,LSTM
2016-02-20,22,11.79,8.95385,LSTM
2016-02-20,23,7.81,3.4446068,LSTM
2016-02-21,0,9.37,7.640707,LSTM
2016-02-21,1,6.52,4.7785892,LSTM
2016-02-21,2,5.09,1.3589516,LSTM
2016-02-21,3,3.14,-0.053518295,LSTM
2016-02-21,4,0.46,-0.19581795,LSTM
2016-02-21,5,0.13,1.007927,LSTM
2016-02-21,6,-0.05,-0.88705254,LSTM
2016-02-21,7,0.13,-0.15007019,LSTM
2016-02-21,8,5.62,6.7607,LSTM
2016-02-21,9,10.81,11.211512,LSTM
2016-02-21,10,13.07,14.490694,LSTM
2016-02-21,11,14.94,17.1212,LSTM
2016-02-21,12,14.95,15.768732,LSTM
2016-02-21,13,10.6,13.0242405,LSTM
2016-02-21,14,7.71,9.489416,LSTM
2016-02-21,15,4.95,6.0895004,LSTM
2016-02-21,16,7.69,7.569401,LSTM
2016-02-21,17,14.34,12.719717,LSTM
2016-02-21,18,18.61,18.205444,LSTM
2016-02-21,19,18.2,19.417753,LSTM
2016-02-21,20,12.0,16.3902,LSTM
2016-02-21,21,12.64,12.900211,LSTM
2016-02-21,22,13.94,10.903933,LSTM
2016-02-21,23,9.31,5.1281395,LSTM
2016-02-22,0,-4.93,4.6913986,LSTM
2016-02-22,1,-4.98,2.1252766,LSTM
2016-02-22,2,-5.08,-0.65696526,LSTM
2016-02-22,3,-1.02,-0.64585686,LSTM
2016-02-22,4,-0.97,2.9273129,LSTM
2016-02-22,5,7.63,8.453564,LSTM
2016-02-22,6,18.05,20.504251,LSTM
2016-02-22,7,26.38,30.30037,LSTM
2016-02-22,8,27.92,31.648163,LSTM
2016-02-22,9,23.97,29.69244,LSTM
2016-02-22,10,23.11,31.019854,LSTM
2016-02-22,11,23.93,28.545086,LSTM
2016-02-22,12,24.0,29.268717,LSTM
2016-02-22,13,24.52,26.271881,LSTM
2016-02-22,14,23.98,29.556046,LSTM
2016-02-22,15,23.91,33.52924,LSTM
2016-02-22,16,23.92,28.790344,LSTM
2016-02-22,17,27.93,38.630817,LSTM
2016-02-22,18,40.13,41.995415,LSTM
2016-02-22,19,39.45,37.289127,LSTM
2016-02-22,20,29.37,34.02076,LSTM
2016-02-22,21,24.69,33.23367,LSTM
2016-02-22,22,25.08,30.225628,LSTM
2016-02-22,23,19.56,26.232168,LSTM
2016-02-23,0,17.81,19.784773,LSTM
2016-02-23,1,14.28,19.732567,LSTM
2016-02-23,2,17.23,14.844301,LSTM
2016-02-23,3,17.47,17.20248,LSTM
2016-02-23,4,17.83,16.630032,LSTM
2016-02-23,5,19.15,20.59063,LSTM
2016-02-23,6,27.32,30.108747,LSTM
2016-02-23,7,30.62,37.740757,LSTM
2016-02-23,8,31.9,36.359043,LSTM
2016-02-23,9,31.09,33.32435,LSTM
2016-02-23,10,29.19,31.184467,LSTM
2016-02-23,11,30.68,31.837772,LSTM
2016-02-23,12,25.92,28.78033,LSTM
2016-02-23,13,24.96,29.3784,LSTM
2016-02-23,14,23.9,28.500868,LSTM
2016-02-23,15,24.13,29.598154,LSTM
2016-02-23,16,24.36,29.93556,LSTM
2016-02-23,17,30.08,34.268982,LSTM
2016-02-23,18,36.75,34.193756,LSTM
2016-02-23,19,29.94,36.24202,LSTM
2016-02-23,20,22.96,32.198067,LSTM
2016-02-23,21,23.23,25.381931,LSTM
2016-02-23,22,19.76,23.335258,LSTM
2016-02-23,23,17.9,19.005808,LSTM
2016-02-24,0,18.04,19.672861,LSTM
2016-02-24,1,16.59,17.923723,LSTM
2016-02-24,2,13.61,14.759283,LSTM
2016-02-24,3,13.66,15.911398,LSTM
2016-02-24,4,17.43,17.08784,LSTM
2016-02-24,5,18.92,19.576225,LSTM
2016-02-24,6,23.15,28.515978,LSTM
2016-02-24,7,33.69,39.011974,LSTM
2016-02-24,8,30.99,36.00922,LSTM
2016-02-24,9,25.04,31.63407,LSTM
2016-02-24,10,23.41,29.009216,LSTM
2016-02-24,11,22.56,26.430058,LSTM
2016-02-24,12,22.03,24.451357,LSTM
2016-02-24,13,22.05,25.934792,LSTM
2016-02-24,14,22.56,26.865767,LSTM
2016-02-24,15,24.0,30.394407,LSTM
2016-02-24,16,25.05,31.246195,LSTM
2016-02-24,17,31.96,38.12359,LSTM
2016-02-24,18,35.68,41.049423,LSTM
2016-02-24,19,36.41,40.64628,LSTM
2016-02-24,20,30.51,34.459206,LSTM
2016-02-24,21,23.97,30.421482,LSTM
2016-02-24,22,22.96,28.596199,LSTM
2016-02-24,23,20.56,25.494226,LSTM
2016-02-25,0,24.04,24.896252,LSTM
2016-02-25,1,22.58,23.94362,LSTM
2016-02-25,2,21.26,20.344355,LSTM
2016-02-25,3,20.09,22.056726,LSTM
2016-02-25,4,19.94,22.398058,LSTM
2016-02-25,5,21.7,24.498945,LSTM
2016-02-25,6,27.19,32.110504,LSTM
2016-02-25,7,36.04,43.287983,LSTM
2016-02-25,8,38.29,40.94019,LSTM
2016-02-25,9,34.44,35.379948,LSTM
2016-02-25,10,32.12,32.59109,LSTM
2016-02-25,11,30.44,30.213686,LSTM
2016-02-25,12,26.55,26.784142,LSTM
2016-02-25,13,26.01,26.756985,LSTM
2016-02-25,14,25.0,27.42225,LSTM
2016-02-25,15,24.78,28.724796,LSTM
2016-02-25,16,25.39,30.391466,LSTM
2016-02-25,17,31.16,36.658165,LSTM
2016-02-25,18,39.91,38.382763,LSTM
2016-02-25,19,36.51,36.639057,LSTM
2016-02-25,20,31.54,32.064606,LSTM
2016-02-25,21,25.2,27.404371,LSTM
2016-02-25,22,25.1,24.786991,LSTM
2016-02-25,23,23.84,21.99924,LSTM
2016-02-26,0,21.66,24.488949,LSTM
2016-02-26,1,21.69,22.384478,LSTM
2016-02-26,2,21.11,20.177284,LSTM
2016-02-26,3,20.0,21.280512,LSTM
2016-02-26,4,21.02,20.556456,LSTM
2016-02-26,5,22.07,23.170067,LSTM
2016-02-26,6,27.35,31.060118,LSTM
2016-02-26,7,32.93,40.666813,LSTM
2016-02-26,8,36.08,38.867558,LSTM
2016-02-26,9,33.48,34.40263,LSTM
2016-02-26,10,31.68,30.152298,LSTM
2016-02-26,11,29.5,28.22439,LSTM
2016-02-26,12,27.47,26.242363,LSTM
2016-02-26,13,25.06,27.343807,LSTM
2016-02-26,14,24.0,26.65962,LSTM
2016-02-26,15,25.11,31.006674,LSTM
2016-02-26,16,26.94,32.906498,LSTM
2016-02-26,17,33.98,39.366753,LSTM
2016-02-26,18,39.94,43.53673,LSTM
2016-02-26,19,37.55,42.907814,LSTM
2016-02-26,20,31.18,35.710976,LSTM
2016-02-26,21,26.35,31.934072,LSTM
2016-02-26,22,26.86,29.931482,LSTM
2016-02-26,23,25.0,26.757729,LSTM
2016-02-27,0,26.94,29.107082,LSTM
2016-02-27,1,23.02,25.46733,LSTM
2016-02-27,2,21.77,25.249563,LSTM
2016-02-27,3,19.76,25.777859,LSTM
2016-02-27,4,19.83,23.403944,LSTM
2016-02-27,5,20.16,21.609364,LSTM
2016-02-27,6,21.18,18.474945,LSTM
2016-02-27,7,22.76,26.195839,LSTM
2016-02-27,8,25.71,25.39473,LSTM
2016-02-27,9,26.79,26.934658,LSTM
2016-02-27,10,23.24,21.91261,LSTM
2016-02-27,11,21.17,16.965385,LSTM
2016-02-27,12,19.92,19.712223,LSTM
2016-02-27,13,19.49,14.952614,LSTM
2016-02-27,14,19.68,12.547588,LSTM
2016-02-27,15,19.93,18.143293,LSTM
2016-02-27,16,20.21,19.2033,LSTM
2016-02-27,17,24.97,25.931023,LSTM
2016-02-27,18,32.04,32.773914,LSTM
2016-02-27,19,31.91,29.196365,LSTM
2016-02-27,20,25.72,25.273186,LSTM
2016-02-27,21,21.74,22.227558,LSTM
2016-02-27,22,23.1,25.035427,LSTM
2016-02-27,23,20.98,22.438745,LSTM
2016-02-28,0,19.9,24.878834,LSTM
2016-02-28,1,18.39,20.216385,LSTM
2016-02-28,2,18.01,22.679865,LSTM
2016-02-28,3,17.62,20.783909,LSTM
2016-02-28,4,17.31,20.65297,LSTM
2016-02-28,5,17.46,18.810753,LSTM
2016-02-28,6,17.51,15.094929,LSTM
2016-02-28,7,17.58,20.485445,LSTM
2016-02-28,8,17.9,20.07082,LSTM
2016-02-28,9,19.02,23.077219,LSTM
2016-02-28,10,19.01,21.828215,LSTM
2016-02-28,11,19.02,18.15164,LSTM
2016-02-28,12,16.6,20.2915,LSTM
2016-02-28,13,14.06,13.433222,LSTM
2016-02-28,14,12.45,13.890373,LSTM
2016-02-28,15,12.21,15.575266,LSTM
2016-02-28,16,13.26,16.316393,LSTM
2016-02-28,17,19.11,21.094,LSTM
2016-02-28,18,24.6,29.610653,LSTM
2016-02-28,19,26.98,27.873472,LSTM
2016-02-28,20,21.81,26.065495,LSTM
2016-02-28,21,19.9,22.976372,LSTM
2016-02-28,22,20.44,25.651201,LSTM
2016-02-28,23,19.93,22.880608,LSTM
2016-02-29,0,19.12,19.252281,LSTM
2016-02-29,1,17.77,16.862503,LSTM
2016-02-29,2,17.6,14.207437,LSTM
2016-02-29,3,16.77,16.009693,LSTM
2016-02-29,4,17.01,16.280273,LSTM
2016-02-29,5,18.49,20.589235,LSTM
2016-02-29,6,28.23,28.414076,LSTM
2016-02-29,7,34.72,35.143257,LSTM
2016-02-29,8,32.96,33.323185,LSTM
2016-02-29,9,27.99,32.933483,LSTM
2016-02-29,10,24.92,32.77149,LSTM
2016-02-29,11,23.48,32.036415,LSTM
2016-02-29,12,22.77,28.959057,LSTM
2016-02-29,13,22.2,25.845778,LSTM
2016-02-29,14,22.0,26.34227,LSTM
2016-02-29,15,22.24,27.031387,LSTM
2016-02-29,16,22.57,29.262123,LSTM
2016-02-29,17,26.58,32.52115,LSTM
2016-02-29,18,34.03,35.644897,LSTM
2016-02-29,19,31.21,36.937565,LSTM
2016-02-29,20,27.14,30.621904,LSTM
2016-02-29,21,23.04,25.758966,LSTM
2016-02-29,22,22.55,27.198074,LSTM
2016-02-29,23,19.29,23.260809,LSTM
2016-03-01,0,22.48,25.611994,LSTM
2016-03-01,1,22.08,24.251947,LSTM
2016-03-01,2,19.87,23.143303,LSTM
2016-03-01,3,19.13,23.905277,LSTM
2016-03-01,4,19.33,22.28177,LSTM
2016-03-01,5,20.18,26.079676,LSTM
2016-03-01,6,25.59,32.5721,LSTM
2016-03-01,7,32.93,44.094696,LSTM
2016-03-01,8,37.86,43.53645,LSTM
2016-03-01,9,34.95,41.667305,LSTM
2016-03-01,10,31.9,39.199482,LSTM
2016-03-01,11,30.06,37.196438,LSTM
2016-03-01,12,28.8,33.903164,LSTM
2016-03-01,13,27.96,31.396917,LSTM
2016-03-01,14,25.55,26.851854,LSTM
2016-03-01,15,25.48,29.455425,LSTM
2016-03-01,16,23.97,28.49715,LSTM
2016-03-01,17,26.95,31.054413,LSTM
2016-03-01,18,26.0,32.431698,LSTM
2016-03-01,19,22.63,29.509434,LSTM
2016-03-01,20,21.26,24.226154,LSTM
2016-03-01,21,19.52,21.962006,LSTM
2016-03-01,22,18.39,19.901787,LSTM
2016-03-01,23,17.06,18.367334,LSTM
2016-03-02,0,10.58,13.137244,LSTM
2016-03-02,1,13.56,11.909129,LSTM
2016-03-02,2,12.69,8.112395,LSTM
2016-03-02,3,12.62,10.1968775,LSTM
2016-03-02,4,13.27,11.952599,LSTM
2016-03-02,5,15.85,16.666672,LSTM
2016-03-02,6,21.45,24.6617,LSTM
2016-03-02,7,23.08,31.297571,LSTM
2016-03-02,8,25.96,29.284174,LSTM
2016-03-02,9,24.68,27.820765,LSTM
2016-03-02,10,26.7,30.344152,LSTM
2016-03-02,11,28.0,28.16819,LSTM
2016-03-02,12,27.43,26.939093,LSTM
2016-03-02,13,26.0,26.245989,LSTM
2016-03-02,14,25.92,27.89607,LSTM
2016-03-02,15,28.06,28.958645,LSTM
2016-03-02,16,28.56,29.710526,LSTM
2016-03-02,17,31.99,35.208126,LSTM
2016-03-02,18,40.0,37.76851,LSTM
2016-03-02,19,36.87,37.45136,LSTM
2016-03-02,20,30.99,31.17598,LSTM
2016-03-02,21,27.07,27.343456,LSTM
2016-03-02,22,24.27,27.163073,LSTM
2016-03-02,23,21.58,22.969429,LSTM
2016-03-03,0,20.02,22.176907,LSTM
2016-03-03,1,19.29,22.249151,LSTM
2016-03-03,2,18.64,19.564314,LSTM
2016-03-03,3,17.93,20.415323,LSTM
2016-03-03,4,18.26,21.124758,LSTM
2016-03-03,5,19.38,24.018621,LSTM
2016-03-03,6,24.58,30.650711,LSTM
2016-03-03,7,30.93,36.532654,LSTM
2016-03-03,8,31.04,35.75161,LSTM
2016-03-03,9,30.94,32.796074,LSTM
2016-03-03,10,30.57,33.14263,LSTM
2016-03-03,11,31.94,34.402954,LSTM
2016-03-03,12,30.07,30.640947,LSTM
2016-03-03,13,30.53,30.356548,LSTM
2016-03-03,14,30.06,29.4108,LSTM
2016-03-03,15,30.97,29.905106,LSTM
2016-03-03,16,30.96,30.931076,LSTM
2016-03-03,17,32.85,35.189423,LSTM
2016-03-03,18,42.71,41.544685,LSTM
2016-03-03,19,42.92,39.00289,LSTM
2016-03-03,20,33.98,34.14364,LSTM
2016-03-03,21,28.97,30.485235,LSTM
2016-03-03,22,25.92,28.610788,LSTM
2016-03-03,23,23.11,26.009956,LSTM
2016-03-04,0,22.15,25.690075,LSTM
2016-03-04,1,20.03,24.946892,LSTM
2016-03-04,2,19.75,21.899006,LSTM
2016-03-04,3,19.19,24.293962,LSTM
2016-03-04,4,18.99,21.523376,LSTM
2016-03-04,5,20.18,25.060034,LSTM
2016-03-04,6,26.92,32.154842,LSTM
2016-03-04,7,31.73,42.561527,LSTM
2016-03-04,8,33.97,38.756298,LSTM
2016-03-04,9,30.04,39.266197,LSTM
2016-03-04,10,26.69,31.975096,LSTM
2016-03-04,11,23.78,28.129652,LSTM
2016-03-04,12,22.48,26.495808,LSTM
2016-03-04,13,21.78,23.363297,LSTM
2016-03-04,14,21.86,19.63579,LSTM
2016-03-04,15,22.48,22.900902,LSTM
2016-03-04,16,24.17,22.998005,LSTM
2016-03-04,17,29.2,27.307556,LSTM
2016-03-04,18,33.99,31.507034,LSTM
2016-03-04,19,31.06,32.6041,LSTM
2016-03-04,20,27.9,28.660282,LSTM
2016-03-04,21,23.52,21.51112,LSTM
2016-03-04,22,23.8,21.869453,LSTM
2016-03-04,23,21.55,19.011738,LSTM
2016-03-05,0,19.15,18.214659,LSTM
2016-03-05,1,19.17,17.623667,LSTM
2016-03-05,2,19.04,13.864776,LSTM
2016-03-05,3,18.96,15.5259,LSTM
2016-03-05,4,18.88,15.31505,LSTM
2016-03-05,5,19.01,17.596174,LSTM
2016-03-05,6,19.16,17.459896,LSTM
2016-03-05,7,20.75,21.41016,LSTM
2016-03-05,8,24.55,23.17948,LSTM
2016-03-05,9,26.9,27.48926,LSTM
2016-03-05,10,24.78,29.304684,LSTM
2016-03-05,11,24.63,27.14346,LSTM
2016-03-05,12,24.25,28.293825,LSTM
2016-03-05,13,21.14,25.057323,LSTM
2016-03-05,14,20.42,22.09681,LSTM
2016-03-05,15,20.57,25.335434,LSTM
2016-03-05,16,21.25,23.588022,LSTM
2016-03-05,17,25.92,29.153309,LSTM
2016-03-05,18,34.02,37.912262,LSTM
2016-03-05,19,35.0,36.630558,LSTM
2016-03-05,20,27.86,31.408009,LSTM
2016-03-05,21,24.44,29.02758,LSTM
2016-03-05,22,25.18,28.397678,LSTM
2016-03-05,23,20.0,25.848536,LSTM
2016-03-06,0,20.69,22.505173,LSTM
2016-03-06,1,19.94,18.846863,LSTM
2016-03-06,2,19.13,18.504303,LSTM
2016-03-06,3,18.69,17.48202,LSTM
2016-03-06,4,18.58,17.776049,LSTM
2016-03-06,5,18.83,15.83452,LSTM
2016-03-06,6,18.65,12.9946575,LSTM
2016-03-06,7,18.78,14.522722,LSTM
2016-03-06,8,19.28,16.84714,LSTM
2016-03-06,9,19.99,17.634842,LSTM
2016-03-06,10,20.26,21.561066,LSTM
2016-03-06,11,20.51,19.681337,LSTM
2016-03-06,12,20.02,18.120468,LSTM
2016-03-06,13,19.14,15.4044895,LSTM
2016-03-06,14,18.24,11.399342,LSTM
2016-03-06,15,18.23,14.863108,LSTM
2016-03-06,16,18.73,15.544153,LSTM
2016-03-06,17,20.57,17.987366,LSTM
2016-03-06,18,28.93,29.788342,LSTM
2016-03-06,19,31.62,31.935282,LSTM
2016-03-06,20,29.17,28.636261,LSTM
2016-03-06,21,25.44,26.268742,LSTM
2016-03-06,22,27.44,26.599064,LSTM
2016-03-06,23,21.15,23.439991,LSTM
2016-03-07,0,22.04,20.61272,LSTM
2016-03-07,1,22.05,18.692081,LSTM
2016-03-07,2,20.34,16.68313,LSTM
2016-03-07,3,20.02,16.5346,LSTM
2016-03-07,4,20.09,18.21583,LSTM
2016-03-07,5,21.87,20.328264,LSTM
2016-03-07,6,32.34,28.535475,LSTM
2016-03-07,7,35.97,36.15128,LSTM
2016-03-07,8,37.79,37.265892,LSTM
2016-03-07,9,33.07,33.883476,LSTM
2016-03-07,10,31.98,32.633183,LSTM
2016-03-07,11,29.96,31.659779,LSTM
2016-03-07,12,27.98,29.769333,LSTM
2016-03-07,13,27.44,28.415,LSTM
2016-03-07,14,27.72,29.879786,LSTM
2016-03-07,15,27.1,30.804276,LSTM
2016-03-07,16,30.07,32.277786,LSTM
2016-03-07,17,33.97,36.64435,LSTM
2016-03-07,18,48.29,42.906857,LSTM
2016-03-07,19,46.65,40.993732,LSTM
2016-03-07,20,30.03,34.06187,LSTM
2016-03-07,21,27.95,30.62543,LSTM
2016-03-07,22,26.96,28.909748,LSTM
2016-03-07,23,24.47,24.572517,LSTM
2016-03-08,0,22.39,27.347355,LSTM
2016-03-08,1,22.91,25.053448,LSTM
2016-03-08,2,22.81,22.872955,LSTM
2016-03-08,3,22.0,24.567009,LSTM
2016-03-08,4,21.67,23.44972,LSTM
2016-03-08,5,22.7,24.212666,LSTM
2016-03-08,6,27.44,32.228664,LSTM
2016-03-08,7,37.73,43.916695,LSTM
2016-03-08,8,39.08,41.946365,LSTM
2016-03-08,9,34.98,38.429306,LSTM
2016-03-08,10,28.61,30.414585,LSTM
2016-03-08,11,25.42,28.528809,LSTM
2016-03-08,12,25.1,26.247139,LSTM
2016-03-08,13,24.64,26.480581,LSTM
2016-03-08,14,24.81,24.977627,LSTM
2016-03-08,15,25.09,30.150568,LSTM
2016-03-08,16,27.92,33.061317,LSTM
2016-03-08,17,33.1,37.946457,LSTM
2016-03-08,18,44.93,42.503628,LSTM
2016-03-08,19,40.58,43.000824,LSTM
2016-03-08,20,31.94,35.583385,LSTM
2016-03-08,21,25.07,29.104868,LSTM
2016-03-08,22,27.2,28.163515,LSTM
2016-03-08,23,22.61,24.72687,LSTM
2016-03-09,0,23.8,24.370419,LSTM
2016-03-09,1,22.03,23.43583,LSTM
2016-03-09,2,20.94,19.83134,LSTM
2016-03-09,3,20.08,22.139708,LSTM
2016-03-09,4,20.01,21.387606,LSTM
2016-03-09,5,21.14,23.786167,LSTM
2016-03-09,6,24.95,31.008965,LSTM
2016-03-09,7,31.92,41.73829,LSTM
2016-03-09,8,29.91,35.08108,LSTM
2016-03-09,9,25.03,34.22611,LSTM
2016-03-09,10,23.43,27.72433,LSTM
2016-03-09,11,23.85,25.037846,LSTM
2016-03-09,12,22.28,23.372879,LSTM
2016-03-09,13,21.96,23.152927,LSTM
2016-03-09,14,22.48,23.57094,LSTM
2016-03-09,15,23.05,27.992994,LSTM
2016-03-09,16,24.83,29.654205,LSTM
2016-03-09,17,33.0,34.91253,LSTM
2016-03-09,18,38.77,37.1944,LSTM
2016-03-09,19,37.99,36.246452,LSTM
2016-03-09,20,29.81,32.002777,LSTM
2016-03-09,21,25.8,25.074955,LSTM
2016-03-09,22,27.51,24.99048,LSTM
2016-03-09,23,23.41,21.372952,LSTM
2016-03-10,0,19.72,23.358133,LSTM
2016-03-10,1,20.17,23.189535,LSTM
2016-03-10,2,20.04,20.846544,LSTM
2016-03-10,3,20.16,21.449156,LSTM
2016-03-10,4,20.94,21.931301,LSTM
2016-03-10,5,21.6,23.713612,LSTM
2016-03-10,6,28.48,30.479313,LSTM
2016-03-10,7,35.44,37.38241,LSTM
2016-03-10,8,31.99,36.01226,LSTM
2016-03-10,9,30.07,33.8779,LSTM
2016-03-10,10,25.53,30.389847,LSTM
2016-03-10,11,24.71,31.742987,LSTM
2016-03-10,12,26.35,28.714348,LSTM
2016-03-10,13,25.0,27.873558,LSTM
2016-03-10,14,25.0,28.57689,LSTM
2016-03-10,15,24.89,28.638084,LSTM
2016-03-10,16,25.03,31.588024,LSTM
2016-03-10,17,29.95,37.244537,LSTM
2016-03-10,18,35.49,41.438576,LSTM
2016-03-10,19,37.79,39.77057,LSTM
2016-03-10,20,30.02,35.324192,LSTM
2016-03-10,21,25.31,28.721514,LSTM
2016-03-10,22,22.72,28.040869,LSTM
2016-03-10,23,21.32,24.15293,LSTM
2016-03-11,0,22.03,26.398642,LSTM
2016-03-11,1,20.85,25.016195,LSTM
2016-03-11,2,21.03,23.446732,LSTM
2016-03-11,3,21.06,23.650103,LSTM
2016-03-11,4,21.75,22.973372,LSTM
2016-03-11,5,22.39,24.273766,LSTM
2016-03-11,6,28.34,31.314112,LSTM
2016-03-11,7,34.47,41.09871,LSTM
2016-03-11,8,38.34,40.05219,LSTM
2016-03-11,9,36.69,38.828766,LSTM
2016-03-11,10,32.91,33.34203,LSTM
2016-03-11,11,31.98,33.634712,LSTM
2016-03-11,12,29.81,30.769077,LSTM
2016-03-11,13,27.03,29.716463,LSTM
2016-03-11,14,25.01,27.099874,LSTM
2016-03-11,15,24.92,28.751286,LSTM
2016-03-11,16,24.88,30.047207,LSTM
2016-03-11,17,27.9,33.757706,LSTM
2016-03-11,18,32.55,38.093807,LSTM
2016-03-11,19,35.69,37.68975,LSTM
2016-03-11,20,30.33,34.754402,LSTM
2016-03-11,21,26.77,29.532362,LSTM
2016-03-11,22,28.2,28.937626,LSTM
2016-03-11,23,25.21,26.078491,LSTM
2016-03-12,0,29.01,26.441511,LSTM
2016-03-12,1,26.1,24.305542,LSTM
2016-03-12,2,25.69,21.354053,LSTM
2016-03-12,3,24.5,22.674273,LSTM
2016-03-12,4,23.26,22.601862,LSTM
2016-03-12,5,24.5,22.220303,LSTM
2016-03-12,6,25.45,23.941238,LSTM
2016-03-12,7,25.51,30.042019,LSTM
2016-03-12,8,28.91,26.55412,LSTM
2016-03-12,9,30.09,29.657944,LSTM
2016-03-12,10,29.26,27.26285,LSTM
2016-03-12,11,28.44,25.742496,LSTM
2016-03-12,12,27.6,23.515882,LSTM
2016-03-12,13,25.01,21.391026,LSTM
2016-03-12,14,23.38,21.07295,LSTM
2016-03-12,15,22.96,22.282253,LSTM
2016-03-12,16,23.67,23.63229,LSTM
2016-03-12,17,27.07,27.41165,LSTM
2016-03-12,18,34.09,31.89832,LSTM
2016-03-12,19,36.97,33.544476,LSTM
2016-03-12,20,35.0,29.149506,LSTM
2016-03-12,21,30.17,24.858173,LSTM
2016-03-12,22,30.91,26.031294,LSTM
2016-03-12,23,30.0,23.208574,LSTM
2016-03-13,0,26.51,27.367245,LSTM
2016-03-13,1,22.65,24.755014,LSTM
2016-03-13,2,21.67,23.660946,LSTM
2016-03-13,3,21.05,24.249739,LSTM
2016-03-13,4,21.12,23.468395,LSTM
2016-03-13,5,21.17,21.883394,LSTM
2016-03-13,6,21.11,20.196758,LSTM
2016-03-13,7,21.08,20.00034,LSTM
2016-03-13,8,21.31,21.147387,LSTM
2016-03-13,9,21.69,23.398026,LSTM
2016-03-13,10,21.73,25.031727,LSTM
2016-03-13,11,21.69,27.402073,LSTM
2016-03-13,12,21.07,24.538872,LSTM
2016-03-13,13,19.4,20.84592,LSTM
2016-03-13,14,17.78,17.668049,LSTM
2016-03-13,15,17.46,18.917553,LSTM
2016-03-13,16,18.08,19.914845,LSTM
2016-03-13,17,20.19,22.642881,LSTM
2016-03-13,18,26.08,30.681911,LSTM
2016-03-13,19,33.55,30.94537,LSTM
2016-03-13,20,31.05,31.812656,LSTM
2016-03-13,21,27.24,29.348932,LSTM
2016-03-13,22,28.93,30.457031,LSTM
2016-03-13,23,26.63,28.763195,LSTM
2016-03-14,0,22.39,26.115555,LSTM
2016-03-14,1,20.7,24.620636,LSTM
2016-03-14,2,20.22,23.80132,LSTM
2016-03-14,3,19.99,23.820997,LSTM
2016-03-14,4,20.36,22.759773,LSTM
2016-03-14,5,21.92,25.225515,LSTM
2016-03-14,6,29.46,32.76382,LSTM
2016-03-14,7,35.43,38.589252,LSTM
2016-03-14,8,35.81,38.62763,LSTM
2016-03-14,9,31.75,34.62052,LSTM
2016-03-14,10,28.82,29.040487,LSTM
2016-03-14,11,24.33,26.289238,LSTM
2016-03-14,12,23.31,25.36695,LSTM
2016-03-14,13,22.84,26.013813,LSTM
2016-03-14,14,22.55,24.457047,LSTM
2016-03-14,15,23.04,26.522917,LSTM
2016-03-14,16,24.8,29.35919,LSTM
2016-03-14,17,30.71,33.861168,LSTM
2016-03-14,18,39.48,42.972473,LSTM
2016-03-14,19,47.92,45.866894,LSTM
2016-03-14,20,34.32,38.837032,LSTM
2016-03-14,21,29.48,33.178986,LSTM
2016-03-14,22,26.37,31.249233,LSTM
2016-03-14,23,22.91,25.55632,LSTM
2016-03-15,0,21.1,26.506199,LSTM
2016-03-15,1,20.76,24.741282,LSTM
2016-03-15,2,21.17,21.40094,LSTM
2016-03-15,3,20.74,23.155352,LSTM
2016-03-15,4,20.91,21.365225,LSTM
2016-03-15,5,22.86,22.844671,LSTM
2016-03-15,6,27.1,29.7955,LSTM
2016-03-15,7,33.69,36.295483,LSTM
2016-03-15,8,38.47,39.625805,LSTM
2016-03-15,9,35.96,39.305923,LSTM
2016-03-15,10,36.09,35.789677,LSTM
2016-03-15,11,34.31,34.8111,LSTM
2016-03-15,12,30.93,31.843586,LSTM
2016-03-15,13,27.44,32.257664,LSTM
2016-03-15,14,24.78,25.688879,LSTM
2016-03-15,15,23.71,28.915245,LSTM
2016-03-15,16,23.3,27.590519,LSTM
2016-03-15,17,25.45,29.921467,LSTM
2016-03-15,18,31.91,33.561295,LSTM
2016-03-15,19,34.13,35.157066,LSTM
2016-03-15,20,29.06,31.297497,LSTM
2016-03-15,21,24.15,27.92855,LSTM
2016-03-15,22,22.52,27.38237,LSTM
2016-03-15,23,20.95,23.96474,LSTM
2016-03-16,0,21.22,25.202105,LSTM
2016-03-16,1,20.92,23.944633,LSTM
2016-03-16,2,20.45,21.667099,LSTM
2016-03-16,3,20.06,22.08865,LSTM
2016-03-16,4,20.49,22.194378,LSTM
2016-03-16,5,21.59,23.859192,LSTM
2016-03-16,6,26.24,30.723701,LSTM
2016-03-16,7,33.94,36.625473,LSTM
2016-03-16,8,32.99,35.499504,LSTM
2016-03-16,9,24.71,32.24364,LSTM
2016-03-16,10,22.48,26.699703,LSTM
2016-03-16,11,22.43,24.893665,LSTM
2016-03-16,12,22.16,23.104792,LSTM
2016-03-16,13,21.85,22.829605,LSTM
2016-03-16,14,21.9,21.978447,LSTM
2016-03-16,15,22.28,22.924793,LSTM
2016-03-16,16,23.67,25.029354,LSTM
2016-03-16,17,29.92,28.76509,LSTM
2016-03-16,18,35.6,36.01509,LSTM
2016-03-16,19,39.2,39.18152,LSTM
2016-03-16,20,32.02,35.59712,LSTM
2016-03-16,21,27.04,29.160564,LSTM
2016-03-16,22,23.7,29.274979,LSTM
2016-03-16,23,22.97,23.544964,LSTM
2016-03-17,0,23.08,27.804197,LSTM
2016-03-17,1,22.3,26.052317,LSTM
2016-03-17,2,22.13,24.218039,LSTM
2016-03-17,3,22.27,24.847935,LSTM
2016-03-17,4,22.24,23.833248,LSTM
2016-03-17,5,23.55,24.74009,LSTM
2016-03-17,6,33.9,31.0425,LSTM
2016-03-17,7,38.16,39.859653,LSTM
2016-03-17,8,34.97,39.28939,LSTM
2016-03-17,9,25.98,35.01793,LSTM
2016-03-17,10,23.11,26.211168,LSTM
2016-03-17,11,22.96,22.217033,LSTM
2016-03-17,12,22.38,21.645866,LSTM
2016-03-17,13,22.2,21.500273,LSTM
2016-03-17,14,22.15,20.675213,LSTM
2016-03-17,15,22.43,23.763279,LSTM
2016-03-17,16,25.85,27.157742,LSTM
2016-03-17,17,31.92,33.601025,LSTM
2016-03-17,18,38.81,39.983208,LSTM
2016-03-17,19,46.69,40.08074,LSTM
2016-03-17,20,37.76,35.16683,LSTM
2016-03-17,21,30.98,28.371214,LSTM
2016-03-17,22,25.48,27.750427,LSTM
2016-03-17,23,21.84,22.629839,LSTM
2016-03-18,0,20.34,25.265247,LSTM
2016-03-18,1,19.47,23.270092,LSTM
2016-03-18,2,19.49,21.16345,LSTM
2016-03-18,3,19.67,21.440792,LSTM
2016-03-18,4,20.14,21.932755,LSTM
2016-03-18,5,21.58,23.22829,LSTM
2016-03-18,6,24.86,28.886484,LSTM
2016-03-18,7,32.69,33.89734,LSTM
2016-03-18,8,29.94,33.10816,LSTM
2016-03-18,9,23.88,30.570732,LSTM
2016-03-18,10,22.43,27.995699,LSTM
2016-03-18,11,22.92,26.418968,LSTM
2016-03-18,12,22.59,24.61353,LSTM
2016-03-18,13,22.53,24.776445,LSTM
2016-03-18,14,22.56,23.961851,LSTM
2016-03-18,15,23.46,25.839514,LSTM
2016-03-18,16,24.42,26.829418,LSTM
2016-03-18,17,27.82,29.50061,LSTM
2016-03-18,18,33.99,35.54788,LSTM
2016-03-18,19,39.3,38.83823,LSTM
2016-03-18,20,33.91,34.96325,LSTM
2016-03-18,21,27.09,30.69508,LSTM
2016-03-18,22,26.92,31.09303,LSTM
2016-03-18,23,23.78,25.483261,LSTM
2016-03-19,0,23.37,28.012644,LSTM
2016-03-19,1,21.68,26.29174,LSTM
2016-03-19,2,21.66,22.783255,LSTM
2016-03-19,3,22.6,24.965225,LSTM
2016-03-19,4,22.71,22.639118,LSTM
2016-03-19,5,22.2,23.369537,LSTM
2016-03-19,6,22.4,25.339363,LSTM
2016-03-19,7,28.93,30.156557,LSTM
2016-03-19,8,29.38,34.027386,LSTM
2016-03-19,9,28.58,35.411797,LSTM
2016-03-19,10,26.96,32.673573,LSTM
2016-03-19,11,24.79,28.864662,LSTM
2016-03-19,12,23.04,26.54393,LSTM
2016-03-19,13,22.04,23.951937,LSTM
2016-03-19,14,21.12,19.812382,LSTM
2016-03-19,15,20.93,21.91896,LSTM
2016-03-19,16,21.3,21.996014,LSTM
2016-03-19,17,24.0,28.871407,LSTM
2016-03-19,18,31.21,31.871128,LSTM
2016-03-19,19,35.42,32.01238,LSTM
2016-03-19,20,26.18,27.382935,LSTM
2016-03-19,21,22.78,23.963142,LSTM
2016-03-19,22,24.69,24.290575,LSTM
2016-03-19,23,21.21,20.665575,LSTM
2016-03-20,0,17.73,15.848458,LSTM
2016-03-20,1,17.04,12.43199,LSTM
2016-03-20,2,18.63,9.337965,LSTM
2016-03-20,3,18.59,10.244058,LSTM
2016-03-20,4,18.71,9.499949,LSTM
2016-03-20,5,18.73,10.141738,LSTM
2016-03-20,6,18.51,9.935785,LSTM
2016-03-20,7,17.05,10.916367,LSTM
2016-03-20,8,16.04,10.990801,LSTM
2016-03-20,9,16.09,11.977215,LSTM
2016-03-20,10,14.33,12.581928,LSTM
2016-03-20,11,16.07,13.5353985,LSTM
2016-03-20,12,13.19,11.1150055,LSTM
2016-03-20,13,12.44,8.571047,LSTM
2016-03-20,14,12.0,6.425915,LSTM
2016-03-20,15,12.69,7.8710995,LSTM
2016-03-20,16,13.59,10.964521,LSTM
2016-03-20,17,19.02,14.898773,LSTM
2016-03-20,18,23.54,24.136417,LSTM
2016-03-20,19,25.86,26.474709,LSTM
2016-03-20,20,22.66,26.311184,LSTM
2016-03-20,21,22.32,23.925854,LSTM
2016-03-20,22,24.03,24.498743,LSTM
2016-03-20,23,20.33,20.603142,LSTM
2016-03-21,0,20.82,20.057457,LSTM
2016-03-21,1,19.9,18.58844,LSTM
2016-03-21,2,19.79,16.173336,LSTM
2016-03-21,3,19.9,17.46534,LSTM
2016-03-21,4,20.4,17.061777,LSTM
2016-03-21,5,23.18,20.218054,LSTM
2016-03-21,6,32.01,29.213064,LSTM
2016-03-21,7,31.72,38.05312,LSTM
2016-03-21,8,30.94,35.879185,LSTM
2016-03-21,9,30.04,31.875715,LSTM
2016-03-21,10,24.9,31.85394,LSTM
2016-03-21,11,24.73,31.978977,LSTM
2016-03-21,12,26.03,26.29306,LSTM
2016-03-21,13,24.53,26.641703,LSTM
2016-03-21,14,23.75,24.74939,LSTM
2016-03-21,15,24.28,24.22855,LSTM
2016-03-21,16,23.91,27.000769,LSTM
2016-03-21,17,26.87,28.984344,LSTM
2016-03-21,18,30.1,32.258034,LSTM
2016-03-21,19,33.49,36.46628,LSTM
2016-03-21,20,29.9,31.444866,LSTM
2016-03-21,21,23.02,24.753284,LSTM
2016-03-21,22,22.11,23.192753,LSTM
2016-03-21,23,20.9,19.935322,LSTM
2016-03-22,0,20.28,20.412043,LSTM
2016-03-22,1,20.08,19.016521,LSTM
2016-03-22,2,20.05,16.714592,LSTM
2016-03-22,3,20.47,17.73936,LSTM
2016-03-22,4,21.0,18.221025,LSTM
2016-03-22,5,22.01,20.898249,LSTM
2016-03-22,6,24.07,27.094942,LSTM
2016-03-22,7,29.99,32.783257,LSTM
2016-03-22,8,31.46,33.023853,LSTM
2016-03-22,9,31.41,29.65303,LSTM
2016-03-22,10,28.9,29.84911,LSTM
2016-03-22,11,30.0,31.626709,LSTM
2016-03-22,12,28.94,28.09628,LSTM
2016-03-22,13,28.99,27.759312,LSTM
2016-03-22,14,29.0,27.557087,LSTM
2016-03-22,15,29.29,27.861336,LSTM
2016-03-22,16,30.08,31.017637,LSTM
2016-03-22,17,34.01,34.67004,LSTM
2016-03-22,18,36.73,38.16533,LSTM
2016-03-22,19,40.64,37.78814,LSTM
2016-03-22,20,38.1,32.836784,LSTM
2016-03-22,21,33.05,27.50222,LSTM
2016-03-22,22,29.86,27.9696,LSTM
2016-03-22,23,23.73,23.873795,LSTM
2016-03-23,0,21.3,26.99015,LSTM
2016-03-23,1,20.51,26.175493,LSTM
2016-03-23,2,20.26,24.02543,LSTM
2016-03-23,3,21.06,24.807177,LSTM
2016-03-23,4,21.38,23.812487,LSTM
2016-03-23,5,21.38,24.562447,LSTM
2016-03-23,6,25.88,29.867176,LSTM
2016-03-23,7,32.9,36.620815,LSTM
2016-03-23,8,32.46,36.088383,LSTM
2016-03-23,9,30.03,33.783726,LSTM
2016-03-23,10,26.53,28.706814,LSTM
2016-03-23,11,26.73,28.775803,LSTM
2016-03-23,12,25.23,25.895994,LSTM
2016-03-23,13,25.0,25.85886,LSTM
2016-03-23,14,24.03,23.836706,LSTM
2016-03-23,15,24.13,24.491478,LSTM
2016-03-23,16,24.18,27.414925,LSTM
2016-03-23,17,28.0,31.729782,LSTM
2016-03-23,18,32.44,36.477566,LSTM
2016-03-23,19,37.16,38.23832,LSTM
2016-03-23,20,34.98,34.594578,LSTM
2016-03-23,21,31.43,28.94333,LSTM
2016-03-23,22,25.02,29.735088,LSTM
2016-03-23,23,22.59,26.39315,LSTM
2016-03-24,0,22.08,23.84951,LSTM
2016-03-24,1,21.5,22.865965,LSTM
2016-03-24,2,21.11,20.855928,LSTM
2016-03-24,3,21.38,21.355686,LSTM
2016-03-24,4,21.75,20.946388,LSTM
2016-03-24,5,22.97,22.680958,LSTM
2016-03-24,6,31.49,29.292604,LSTM
2016-03-24,7,35.0,37.60089,LSTM
2016-03-24,8,34.94,36.905403,LSTM
2016-03-24,9,32.4,32.95805,LSTM
2016-03-24,10,31.69,30.5346,LSTM
2016-03-24,11,31.0,30.849174,LSTM
2016-03-24,12,28.62,26.593115,LSTM
2016-03-24,13,27.27,26.784388,LSTM
2016-03-24,14,26.5,24.803825,LSTM
2016-03-24,15,25.35,25.198889,LSTM
2016-03-24,16,26.6,28.173487,LSTM
2016-03-24,17,30.0,32.153397,LSTM
2016-03-24,18,32.47,36.16121,LSTM
2016-03-24,19,35.18,35.901306,LSTM
2016-03-24,20,33.97,32.140728,LSTM
2016-03-24,21,25.96,26.608389,LSTM
2016-03-24,22,25.06,25.715982,LSTM
2016-03-24,23,22.52,22.878231,LSTM
2016-03-25,0,23.92,21.291708,LSTM
2016-03-25,1,21.07,19.198261,LSTM
2016-03-25,2,21.0,15.790611,LSTM
2016-03-25,3,20.0,16.847326,LSTM
2016-03-25,4,20.01,16.362574,LSTM
2016-03-25,5,20.3,17.349802,LSTM
2016-03-25,6,20.26,20.643072,LSTM
2016-03-25,7,20.39,21.536598,LSTM
2016-03-25,8,21.85,20.952084,LSTM
2016-03-25,9,23.85,23.548,LSTM
2016-03-25,10,27.26,24.98016,LSTM
2016-03-25,11,28.91,26.546745,LSTM
2016-03-25,12,27.87,23.904854,LSTM
2016-03-25,13,27.06,21.405764,LSTM
2016-03-25,14,26.01,21.26072,LSTM
2016-03-25,15,24.44,20.238327,LSTM
2016-03-25,16,23.5,18.705475,LSTM
2016-03-25,17,26.1,20.466108,LSTM
2016-03-25,18,29.44,26.899939,LSTM
2016-03-25,19,33.08,30.251045,LSTM
2016-03-25,20,32.95,29.901905,LSTM
2016-03-25,21,31.48,26.832735,LSTM
2016-03-25,22,30.12,28.417889,LSTM
2016-03-25,23,30.0,26.188858,LSTM
2016-03-26,0,28.07,26.220684,LSTM
2016-03-26,1,24.08,23.702095,LSTM
2016-03-26,2,21.11,22.606474,LSTM
2016-03-26,3,20.0,21.299269,LSTM
2016-03-26,4,20.0,19.609423,LSTM
2016-03-26,5,20.01,20.237928,LSTM
2016-03-26,6,20.01,22.824177,LSTM
2016-03-26,7,21.69,29.694561,LSTM
2016-03-26,8,22.49,36.348923,LSTM
2016-03-26,9,24.0,34.51379,LSTM
2016-03-26,10,21.6,30.829006,LSTM
2016-03-26,11,19.97,24.531155,LSTM
2016-03-26,12,19.06,23.063156,LSTM
2016-03-26,13,18.07,19.174025,LSTM
2016-03-26,14,16.28,19.09746,LSTM
2016-03-26,15,15.75,16.62973,LSTM
2016-03-26,16,15.85,19.537924,LSTM
2016-03-26,17,19.39,28.253757,LSTM
2016-03-26,18,21.32,28.413414,LSTM
2016-03-26,19,22.12,27.356243,LSTM
2016-03-26,20,20.75,22.754004,LSTM
2016-03-26,21,17.99,19.672659,LSTM
2016-03-26,22,17.91,17.111546,LSTM
2016-03-26,23,14.66,13.679365,LSTM
2016-03-27,0,7.33,8.599516,LSTM
2016-03-27,1,3.04,4.7790527,LSTM
2016-03-27,2,4.57,3.8860855,LSTM
2016-03-27,3,6.1,2.7101746,LSTM
2016-03-27,4,4.02,2.6191845,LSTM
2016-03-27,5,4.02,4.310734,LSTM
2016-03-27,6,0.91,4.0424423,LSTM
2016-03-27,7,4.63,6.2476406,LSTM
2016-03-27,8,7.5,11.842949,LSTM
2016-03-27,9,8.91,13.815258,LSTM
2016-03-27,10,10.99,15.875982,LSTM
2016-03-27,11,11.16,16.31747,LSTM
2016-03-27,12,11.49,16.158695,LSTM
2016-03-27,13,9.19,12.622763,LSTM
2016-03-27,14,6.49,10.527479,LSTM
2016-03-27,15,6.92,11.948893,LSTM
2016-03-27,16,7.47,12.793438,LSTM
2016-03-27,17,13.06,18.695627,LSTM
2016-03-27,18,14.94,29.35159,LSTM
2016-03-27,19,19.6,32.03029,LSTM
2016-03-27,20,22.86,30.309477,LSTM
2016-03-27,21,20.36,29.467476,LSTM
2016-03-27,22,19.98,27.368282,LSTM
2016-03-27,23,18.5,22.589212,LSTM
2016-03-28,0,12.88,19.590635,LSTM
2016-03-28,1,8.28,14.649597,LSTM
2016-03-28,2,7.43,11.523356,LSTM
2016-03-28,3,6.5,9.668715,LSTM
2016-03-28,4,5.27,9.664219,LSTM
2016-03-28,5,6.28,8.851343,LSTM
2016-03-28,6,5.86,12.509638,LSTM
2016-03-28,7,5.96,14.401541,LSTM
2016-03-28,8,3.99,19.290346,LSTM
2016-03-28,9,3.41,17.19775,LSTM
2016-03-28,10,2.68,15.906267,LSTM
2016-03-28,11,0.07,12.192537,LSTM
2016-03-28,12,-4.01,10.0725765,LSTM
2016-03-28,13,-28.68,8.641153,LSTM
2016-03-28,14,-38.45,7.380703,LSTM
2016-03-28,15,-19.92,7.339878,LSTM
2016-03-28,16,-13.82,6.503048,LSTM
2016-03-28,17,-4.2,13.98329,LSTM
2016-03-28,18,7.45,21.393518,LSTM
2016-03-28,19,11.79,21.909126,LSTM
2016-03-28,20,17.02,21.418648,LSTM
2016-03-28,21,11.47,22.80734,LSTM
2016-03-28,22,16.29,19.66895,LSTM
2016-03-28,23,12.98,14.607585,LSTM
2016-03-29,0,11.51,11.879783,LSTM
2016-03-29,1,9.14,7.816802,LSTM
2016-03-29,2,11.95,7.651187,LSTM
2016-03-29,3,9.23,6.3557253,LSTM
2016-03-29,4,8.3,6.718093,LSTM
2016-03-29,5,13.49,11.431284,LSTM
2016-03-29,6,25.35,22.813234,LSTM
2016-03-29,7,31.52,28.741587,LSTM
2016-03-29,8,31.43,30.383644,LSTM
2016-03-29,9,26.37,29.415306,LSTM
2016-03-29,10,21.76,23.226639,LSTM
2016-03-29,11,21.06,17.988882,LSTM
2016-03-29,12,20.43,21.203932,LSTM
2016-03-29,13,19.99,18.246147,LSTM
2016-03-29,14,19.08,20.139057,LSTM
2016-03-29,15,19.05,19.953651,LSTM
2016-03-29,16,19.14,20.923948,LSTM
2016-03-29,17,21.48,30.74417,LSTM
2016-03-29,18,30.07,34.010887,LSTM
2016-03-29,19,35.79,40.31807,LSTM
2016-03-29,20,39.54,35.05624,LSTM
2016-03-29,21,32.64,31.290794,LSTM
2016-03-29,22,28.56,30.5197,LSTM
2016-03-29,23,22.72,23.231012,LSTM
2016-03-30,0,24.9,22.510706,LSTM
2016-03-30,1,22.0,21.10431,LSTM
2016-03-30,2,20.87,17.128912,LSTM
2016-03-30,3,19.92,16.938425,LSTM
2016-03-30,4,20.18,18.252039,LSTM
2016-03-30,5,21.65,20.566692,LSTM
2016-03-30,6,29.6,29.299578,LSTM
2016-03-30,7,29.89,35.08798,LSTM
2016-03-30,8,27.95,34.903038,LSTM
2016-03-30,9,31.93,31.559093,LSTM
2016-03-30,10,29.65,32.03028,LSTM
2016-03-30,11,27.16,29.823301,LSTM
2016-03-30,12,26.89,26.408363,LSTM
2016-03-30,13,22.25,26.68297,LSTM
2016-03-30,14,22.3,25.589006,LSTM
2016-03-30,15,22.23,26.058496,LSTM
2016-03-30,16,25.64,24.568897,LSTM
2016-03-30,17,29.04,28.85633,LSTM
2016-03-30,18,31.9,35.828663,LSTM
2016-03-30,19,37.42,40.675987,LSTM
2016-03-30,20,37.0,38.519066,LSTM
2016-03-30,21,34.65,36.0104,LSTM
2016-03-30,22,30.38,32.88068,LSTM
2016-03-30,23,27.25,28.202744,LSTM
2016-03-31,0,23.34,25.420664,LSTM
2016-03-31,1,22.27,25.627241,LSTM
2016-03-31,2,21.5,22.122807,LSTM
2016-03-31,3,21.11,21.834667,LSTM
2016-03-31,4,21.29,22.657942,LSTM
2016-03-31,5,22.86,25.538502,LSTM
2016-03-31,6,29.08,33.482838,LSTM
2016-03-31,7,36.09,38.931934,LSTM
2016-03-31,8,40.96,43.352757,LSTM
2016-03-31,9,36.46,38.708256,LSTM
2016-03-31,10,34.64,39.822433,LSTM
2016-03-31,11,33.95,39.512817,LSTM
2016-03-31,12,30.03,34.13567,LSTM
2016-03-31,13,30.03,34.29745,LSTM
2016-03-31,14,27.92,31.428528,LSTM
2016-03-31,15,25.12,29.317991,LSTM
2016-03-31,16,24.73,29.345932,LSTM
2016-03-31,17,24.93,33.830574,LSTM
2016-03-31,18,27.44,35.73506,LSTM
2016-03-31,19,31.07,34.775974,LSTM
2016-03-31,20,31.99,31.427528,LSTM
2016-03-31,21,25.35,30.609228,LSTM
2016-03-31,22,25.23,27.467188,LSTM
2016-03-31,23,23.22,22.645947,LSTM
2016-04-01,0,21.35,20.389793,LSTM
2016-04-01,1,20.98,19.347317,LSTM
2016-04-01,2,21.19,18.63788,LSTM
2016-04-01,3,20.64,17.503456,LSTM
2016-04-01,4,21.13,18.289064,LSTM
2016-04-01,5,21.78,23.039787,LSTM
2016-04-01,6,29.73,31.57664,LSTM
2016-04-01,7,36.5,36.859055,LSTM
2016-04-01,8,40.44,36.593933,LSTM
2016-04-01,9,38.39,33.494522,LSTM
2016-04-01,10,34.57,33.798836,LSTM
2016-04-01,11,30.55,31.951015,LSTM
2016-04-01,12,25.79,29.736124,LSTM
2016-04-01,13,23.09,26.048584,LSTM
2016-04-01,14,23.13,25.880486,LSTM
2016-04-01,15,23.0,22.79023,LSTM
2016-04-01,16,22.45,24.996796,LSTM
2016-04-01,17,24.28,28.866241,LSTM
2016-04-01,18,31.91,33.89521,LSTM
2016-04-01,19,33.9,37.628777,LSTM
2016-04-01,20,35.85,34.196472,LSTM
2016-04-01,21,31.3,29.333242,LSTM
2016-04-01,22,24.33,29.07813,LSTM
2016-04-01,23,26.03,21.936241,LSTM
2016-04-02,0,21.82,21.853466,LSTM
2016-04-02,1,21.31,19.439781,LSTM
2016-04-02,2,21.1,17.058662,LSTM
2016-04-02,3,19.84,15.673173,LSTM
2016-04-02,4,19.91,15.046364,LSTM
2016-04-02,5,20.09,15.6225815,LSTM
2016-04-02,6,20.19,18.752169,LSTM
2016-04-02,7,22.29,21.45797,LSTM
2016-04-02,8,22.51,24.815907,LSTM
2016-04-02,9,22.04,21.591402,LSTM
2016-04-02,10,20.81,18.977211,LSTM
2016-04-02,11,19.55,16.940798,LSTM
2016-04-02,12,18.12,15.251724,LSTM
2016-04-02,13,17.06,14.713467,LSTM
2016-04-02,14,14.06,12.838703,LSTM
2016-04-02,15,16.05,11.71916,LSTM
2016-04-02,16,18.73,14.5665245,LSTM
2016-04-02,17,20.12,21.430805,LSTM
2016-04-02,18,23.41,27.708883,LSTM
2016-04-02,19,28.2,28.393234,LSTM
2016-04-02,20,30.43,26.942955,LSTM
2016-04-02,21,30.1,24.731682,LSTM
2016-04-02,22,26.79,23.445156,LSTM
2016-04-02,23,21.43,16.691555,LSTM
2016-04-03,0,19.59,18.369371,LSTM
2016-04-03,1,18.07,18.304129,LSTM
2016-04-03,2,17.5,14.317762,LSTM
2016-04-03,3,15.29,13.771305,LSTM
2016-04-03,4,15.68,14.869089,LSTM
2016-04-03,5,15.59,15.119525,LSTM
2016-04-03,6,13.32,15.637379,LSTM
2016-04-03,7,14.6,14.027727,LSTM
2016-04-03,8,17.48,15.535446,LSTM
2016-04-03,9,18.55,16.498705,LSTM
2016-04-03,10,17.36,19.924492,LSTM
2016-04-03,11,17.67,17.933134,LSTM
2016-04-03,12,15.48,18.550274,LSTM
2016-04-03,13,14.8,17.100903,LSTM
2016-04-03,14,12.75,16.80172,LSTM
2016-04-03,15,12.18,15.063307,LSTM
2016-04-03,16,13.02,11.535933,LSTM
2016-04-03,17,15.77,19.153343,LSTM
2016-04-03,18,21.19,28.267332,LSTM
2016-04-03,19,23.15,31.136238,LSTM
2016-04-03,20,25.28,32.99794,LSTM
2016-04-03,21,25.01,31.481518,LSTM
2016-04-03,22,24.32,27.9065,LSTM
2016-04-03,23,20.9,23.481037,LSTM
2016-04-04,0,21.0,23.112019,LSTM
2016-04-04,1,19.59,17.775492,LSTM
2016-04-04,2,19.15,18.793612,LSTM
2016-04-04,3,18.75,16.569347,LSTM
2016-04-04,4,18.72,16.915493,LSTM
2016-04-04,5,20.39,18.481647,LSTM
2016-04-04,6,29.1,26.915913,LSTM
2016-04-04,7,34.19,30.472073,LSTM
2016-04-04,8,35.42,34.356373,LSTM
2016-04-04,9,33.5,31.373701,LSTM
2016-04-04,10,29.62,29.102999,LSTM
2016-04-04,11,25.1,25.836452,LSTM
2016-04-04,12,23.37,24.807434,LSTM
2016-04-04,13,23.83,21.534,LSTM
2016-04-04,14,23.93,16.956818,LSTM
2016-04-04,15,23.04,20.9524,LSTM
2016-04-04,16,27.42,19.920034,LSTM
2016-04-04,17,29.25,23.127005,LSTM
2016-04-04,18,32.96,29.35284,LSTM
2016-04-04,19,35.05,34.983776,LSTM
2016-04-04,20,36.1,36.751137,LSTM
2016-04-04,21,35.6,34.050503,LSTM
2016-04-04,22,30.3,31.003418,LSTM
2016-04-04,23,25.96,26.87202,LSTM
2016-04-05,0,21.39,23.84803,LSTM
2016-04-05,1,20.8,23.333147,LSTM
2016-04-05,2,20.76,20.5807,LSTM
2016-04-05,3,20.31,19.910172,LSTM
2016-04-05,4,20.34,19.585245,LSTM
2016-04-05,5,21.79,22.644987,LSTM
2016-04-05,6,27.84,30.613598,LSTM
2016-04-05,7,32.76,36.80917,LSTM
2016-04-05,8,35.18,40.00494,LSTM
2016-04-05,9,34.92,36.619347,LSTM
2016-04-05,10,34.1,34.250843,LSTM
2016-04-05,11,32.93,32.371765,LSTM
2016-04-05,12,29.52,32.015717,LSTM
2016-04-05,13,26.58,32.231476,LSTM
2016-04-05,14,24.74,29.535343,LSTM
2016-04-05,15,24.19,30.404345,LSTM
2016-04-05,16,23.96,28.504993,LSTM
2016-04-05,17,27.05,33.41536,LSTM
2016-04-05,18,29.79,37.339756,LSTM
2016-04-05,19,30.66,34.28418,LSTM
2016-04-05,20,30.04,31.609669,LSTM
2016-04-05,21,28.0,30.19889,LSTM
2016-04-05,22,25.32,26.729832,LSTM
2016-04-05,23,21.97,22.657545,LSTM
2016-04-06,0,20.0,17.827078,LSTM
2016-04-06,1,19.2,16.99202,LSTM
2016-04-06,2,19.06,16.52318,LSTM
2016-04-06,3,18.95,14.219086,LSTM
2016-04-06,4,19.02,15.105625,LSTM
2016-04-06,5,20.0,18.554358,LSTM
2016-04-06,6,24.33,28.202513,LSTM
2016-04-06,7,32.97,34.958706,LSTM
2016-04-06,8,34.24,35.683167,LSTM
2016-04-06,9,25.98,31.751686,LSTM
2016-04-06,10,23.24,28.198097,LSTM
2016-04-06,11,21.97,25.160465,LSTM
2016-04-06,12,21.25,25.439823,LSTM
2016-04-06,13,20.02,23.761486,LSTM
2016-04-06,14,19.75,23.00759,LSTM
2016-04-06,15,19.85,20.530945,LSTM
2016-04-06,16,20.09,19.941574,LSTM
2016-04-06,17,21.59,24.075937,LSTM
2016-04-06,18,23.1,29.902508,LSTM
2016-04-06,19,26.71,28.978294,LSTM
2016-04-06,20,28.26,27.83641,LSTM
2016-04-06,21,23.23,22.841942,LSTM
2016-04-06,22,21.06,19.9507,LSTM
2016-04-06,23,19.01,15.406384,LSTM
2016-04-07,0,16.42,16.522278,LSTM
2016-04-07,1,16.0,15.182469,LSTM
2016-04-07,2,13.46,13.811402,LSTM
2016-04-07,3,12.57,11.264936,LSTM
2016-04-07,4,13.49,13.953377,LSTM
2016-04-07,5,17.37,17.214577,LSTM
2016-04-07,6,22.62,26.613964,LSTM
2016-04-07,7,28.4,34.15735,LSTM
2016-04-07,8,31.31,31.931503,LSTM
2016-04-07,9,26.33,26.377604,LSTM
2016-04-07,10,21.55,22.797169,LSTM
2016-04-07,11,21.56,20.772522,LSTM
2016-04-07,12,22.32,20.92723,LSTM
2016-04-07,13,21.6,22.977242,LSTM
2016-04-07,14,22.57,25.44786,LSTM
2016-04-07,15,21.86,24.518072,LSTM
2016-04-07,16,21.94,24.67295,LSTM
2016-04-07,17,22.73,29.664013,LSTM
2016-04-07,18,28.59,36.787582,LSTM
2016-04-07,19,31.11,37.944714,LSTM
2016-04-07,20,32.68,36.53062,LSTM
2016-04-07,21,29.41,33.990265,LSTM
2016-04-07,22,28.27,30.31629,LSTM
2016-04-07,23,23.54,25.767403,LSTM
2016-04-08,0,23.39,24.182648,LSTM
2016-04-08,1,21.69,24.140606,LSTM
2016-04-08,2,21.18,21.687092,LSTM
2016-04-08,3,20.52,20.75453,LSTM
2016-04-08,4,21.04,22.310144,LSTM
2016-04-08,5,21.72,24.528938,LSTM
2016-04-08,6,29.12,30.912424,LSTM
2016-04-08,7,35.0,34.67583,LSTM
2016-04-08,8,38.2,36.217827,LSTM
2016-04-08,9,37.55,31.986095,LSTM
2016-04-08,10,34.22,32.867954,LSTM
2016-04-08,11,32.96,34.140923,LSTM
2016-04-08,12,29.74,29.283184,LSTM
2016-04-08,13,27.9,27.974024,LSTM
2016-04-08,14,26.36,26.601984,LSTM
2016-04-08,15,24.66,23.521301,LSTM
2016-04-08,16,23.95,26.537853,LSTM
2016-04-08,17,27.03,29.38462,LSTM
2016-04-08,18,29.58,36.32826,LSTM
2016-04-08,19,32.22,38.537178,LSTM
2016-04-08,20,31.96,36.566517,LSTM
2016-04-08,21,30.66,32.267822,LSTM
2016-04-08,22,30.68,31.303576,LSTM
2016-04-08,23,29.0,27.300938,LSTM
2016-04-09,0,28.45,26.688177,LSTM
2016-04-09,1,24.18,26.63998,LSTM
2016-04-09,2,23.28,24.250916,LSTM
2016-04-09,3,21.84,24.479002,LSTM
2016-04-09,4,21.46,23.12261,LSTM
2016-04-09,5,21.72,22.495314,LSTM
2016-04-09,6,22.42,23.551706,LSTM
2016-04-09,7,23.42,25.330513,LSTM
2016-04-09,8,27.21,28.03778,LSTM
2016-04-09,9,25.12,29.150003,LSTM
2016-04-09,10,22.76,23.925083,LSTM
2016-04-09,11,22.58,21.238602,LSTM
2016-04-09,12,21.83,23.51588,LSTM
2016-04-09,13,20.81,21.399773,LSTM
2016-04-09,14,19.94,19.021076,LSTM
2016-04-09,15,20.35,19.090696,LSTM
2016-04-09,16,20.3,18.747108,LSTM
2016-04-09,17,22.27,26.778408,LSTM
2016-04-09,18,26.91,30.326847,LSTM
2016-04-09,19,29.62,27.865097,LSTM
2016-04-09,20,31.81,27.232758,LSTM
2016-04-09,21,29.56,24.345753,LSTM
2016-04-09,22,27.44,24.920498,LSTM
2016-04-09,23,24.0,21.502823,LSTM
2016-04-10,0,21.13,18.144382,LSTM
2016-04-10,1,20.03,16.273373,LSTM
2016-04-10,2,19.25,14.272892,LSTM
2016-04-10,3,18.96,13.8994255,LSTM
2016-04-10,4,19.02,13.651877,LSTM
2016-04-10,5,18.88,15.132132,LSTM
2016-04-10,6,19.15,14.175653,LSTM
2016-04-10,7,19.19,12.843599,LSTM
2016-04-10,8,20.22,15.703793,LSTM
2016-04-10,9,20.97,19.319946,LSTM
2016-04-10,10,21.0,23.811789,LSTM
2016-04-10,11,20.59,21.87802,LSTM
2016-04-10,12,19.29,22.837437,LSTM
2016-04-10,13,16.89,17.289152,LSTM
2016-04-10,14,14.25,17.493969,LSTM
2016-04-10,15,13.61,14.731255,LSTM
2016-04-10,16,12.06,13.496067,LSTM
2016-04-10,17,16.67,16.31594,LSTM
2016-04-10,18,20.78,22.116453,LSTM
2016-04-10,19,22.47,26.345016,LSTM
2016-04-10,20,24.55,26.285744,LSTM
2016-04-10,21,23.0,23.98954,LSTM
2016-04-10,22,21.84,24.003065,LSTM
2016-04-10,23,19.57,19.441565,LSTM
2016-04-11,0,16.35,18.825348,LSTM
2016-04-11,1,13.7,17.378727,LSTM
2016-04-11,2,12.81,15.563171,LSTM
2016-04-11,3,10.66,15.623756,LSTM
2016-04-11,4,13.09,13.801115,LSTM
2016-04-11,5,18.55,19.37209,LSTM
2016-04-11,6,25.49,29.04688,LSTM
2016-04-11,7,32.0,35.694527,LSTM
2016-04-11,8,34.61,33.11488,LSTM
2016-04-11,9,28.98,31.089396,LSTM
2016-04-11,10,25.63,26.361717,LSTM
2016-04-11,11,23.1,24.217325,LSTM
2016-04-11,12,22.59,23.131695,LSTM
2016-04-11,13,22.51,21.47108,LSTM
2016-04-11,14,22.12,21.430567,LSTM
2016-04-11,15,21.83,20.195827,LSTM
2016-04-11,16,22.11,20.117912,LSTM
2016-04-11,17,23.68,25.427229,LSTM
2016-04-11,18,28.47,28.488487,LSTM
2016-04-11,19,31.27,33.466022,LSTM
2016-04-11,20,32.56,31.456259,LSTM
2016-04-11,21,31.49,26.509155,LSTM
2016-04-11,22,27.86,23.728193,LSTM
2016-04-11,23,24.8,18.924543,LSTM
2016-04-12,0,22.8,22.554956,LSTM
2016-04-12,1,22.2,21.340174,LSTM
2016-04-12,2,21.69,20.020683,LSTM
2016-04-12,3,21.05,18.944975,LSTM
2016-04-12,4,21.32,19.095112,LSTM
2016-04-12,5,22.15,22.980457,LSTM
2016-04-12,6,28.98,30.633753,LSTM
2016-04-12,7,36.0,32.576073,LSTM
2016-04-12,8,38.94,34.918285,LSTM
2016-04-12,9,37.6,32.863037,LSTM
2016-04-12,10,34.0,33.17416,LSTM
2016-04-12,11,31.02,31.825607,LSTM
2016-04-12,12,27.97,30.142197,LSTM
2016-04-12,13,26.41,29.730328,LSTM
2016-04-12,14,24.59,28.33068,LSTM
2016-04-12,15,24.18,27.43445,LSTM
2016-04-12,16,25.13,26.707016,LSTM
2016-04-12,17,27.26,29.633759,LSTM
2016-04-12,18,31.32,35.44441,LSTM
2016-04-12,19,34.62,38.001656,LSTM
2016-04-12,20,34.95,35.145027,LSTM
2016-04-12,21,32.24,32.560066,LSTM
2016-04-12,22,30.0,30.396276,LSTM
2016-04-12,23,24.1,25.515352,LSTM
2016-04-13,0,22.93,26.188702,LSTM
2016-04-13,1,21.68,25.824774,LSTM
2016-04-13,2,21.68,23.143463,LSTM
2016-04-13,3,21.41,22.010117,LSTM
2016-04-13,4,21.71,22.972534,LSTM
2016-04-13,5,22.77,25.06918,LSTM
2016-04-13,6,31.35,30.477646,LSTM
2016-04-13,7,34.99,34.44702,LSTM
2016-04-13,8,39.41,36.528397,LSTM
2016-04-13,9,35.06,34.04094,LSTM
2016-04-13,10,33.23,33.498573,LSTM
2016-04-13,11,31.94,32.743866,LSTM
2016-04-13,12,28.9,30.370192,LSTM
2016-04-13,13,27.01,30.57893,LSTM
2016-04-13,14,25.96,30.040956,LSTM
2016-04-13,15,26.0,27.570679,LSTM
2016-04-13,16,26.33,27.714264,LSTM
2016-04-13,17,29.0,31.575607,LSTM
2016-04-13,18,32.37,35.044537,LSTM
2016-04-13,19,33.86,34.78626,LSTM
2016-04-13,20,34.42,34.23085,LSTM
2016-04-13,21,31.31,31.82638,LSTM
2016-04-13,22,28.0,30.037548,LSTM
2016-04-13,23,23.59,25.378521,LSTM
2016-04-14,0,23.35,27.476145,LSTM
2016-04-14,1,21.93,25.909393,LSTM
2016-04-14,2,21.18,24.59646,LSTM
2016-04-14,3,20.94,23.453827,LSTM
2016-04-14,4,21.06,23.678068,LSTM
2016-04-14,5,21.74,25.678818,LSTM
2016-04-14,6,27.0,30.263933,LSTM
2016-04-14,7,32.03,34.647354,LSTM
2016-04-14,8,37.28,36.26204,LSTM
2016-04-14,9,34.59,34.194534,LSTM
2016-04-14,10,30.91,32.753315,LSTM
2016-04-14,11,28.08,32.316685,LSTM
2016-04-14,12,26.4,29.12248,LSTM
2016-04-14,13,25.05,27.800478,LSTM
2016-04-14,14,23.83,26.725197,LSTM
2016-04-14,15,23.44,24.782343,LSTM
2016-04-14,16,23.22,27.079407,LSTM
2016-04-14,17,24.2,30.859653,LSTM
2016-04-14,18,27.25,34.78856,LSTM
2016-04-14,19,32.51,37.574135,LSTM
2016-04-14,20,31.98,36.42593,LSTM
2016-04-14,21,31.53,33.117157,LSTM
2016-04-14,22,28.33,32.22261,LSTM
2016-04-14,23,23.9,27.66715,LSTM
2016-04-15,0,22.1,20.37488,LSTM
2016-04-15,1,21.31,20.6744,LSTM
2016-04-15,2,20.45,15.531847,LSTM
2016-04-15,3,20.14,16.864351,LSTM
2016-04-15,4,20.34,15.729551,LSTM
2016-04-15,5,21.08,19.598875,LSTM
2016-04-15,6,25.0,27.199036,LSTM
2016-04-15,7,31.69,30.984045,LSTM
2016-04-15,8,34.7,32.250633,LSTM
2016-04-15,9,33.02,30.32952,LSTM
2016-04-15,10,30.98,28.325752,LSTM
2016-04-15,11,29.94,29.996511,LSTM
2016-04-15,12,28.0,24.860668,LSTM
2016-04-15,13,23.82,24.372787,LSTM
2016-04-15,14,22.81,21.353107,LSTM
2016-04-15,15,21.36,18.741867,LSTM
2016-04-15,16,21.32,19.024773,LSTM
2016-04-15,17,22.51,23.57685,LSTM
2016-04-15,18,23.94,29.054771,LSTM
2016-04-15,19,26.34,30.338821,LSTM
2016-04-15,20,28.08,29.871145,LSTM
2016-04-15,21,27.08,26.649181,LSTM
2016-04-15,22,25.0,25.144989,LSTM
2016-04-15,23,24.69,22.222866,LSTM
2016-04-16,0,21.3,19.839848,LSTM
2016-04-16,1,19.7,18.076553,LSTM
2016-04-16,2,19.24,13.610279,LSTM
2016-04-16,3,18.28,13.78087,LSTM
2016-04-16,4,17.19,13.260204,LSTM
2016-04-16,5,18.76,13.751605,LSTM
2016-04-16,6,19.46,16.435146,LSTM
2016-04-16,7,19.54,20.63728,LSTM
2016-04-16,8,21.14,20.645697,LSTM
2016-04-16,9,21.64,17.901562,LSTM
2016-04-16,10,19.8,16.322432,LSTM
2016-04-16,11,19.06,15.349775,LSTM
2016-04-16,12,18.05,11.330698,LSTM
2016-04-16,13,14.06,11.1549835,LSTM
2016-04-16,14,13.77,8.766668,LSTM
2016-04-16,15,13.19,6.509405,LSTM
2016-04-16,16,12.69,6.5431995,LSTM
2016-04-16,17,14.08,12.321556,LSTM
2016-04-16,18,17.69,19.76682,LSTM
2016-04-16,19,22.05,21.492672,LSTM
2016-04-16,20,23.7,22.615051,LSTM
2016-04-16,21,24.31,23.413097,LSTM
2016-04-16,22,23.94,23.047768,LSTM
2016-04-16,23,20.83,19.866264,LSTM
2016-04-17,0,19.33,19.413338,LSTM
2016-04-17,1,17.74,17.49744,LSTM
2016-04-17,2,15.85,14.696496,LSTM
2016-04-17,3,15.13,14.35871,LSTM
2016-04-17,4,15.15,13.103008,LSTM
2016-04-17,5,14.57,12.501713,LSTM
2016-04-17,6,14.82,13.375385,LSTM
2016-04-17,7,14.57,13.977842,LSTM
2016-04-17,8,16.48,15.286224,LSTM
2016-04-17,9,18.69,17.93973,LSTM
2016-04-17,10,18.69,15.213131,LSTM
2016-04-17,11,18.94,15.040136,LSTM
2016-04-17,12,18.16,12.023266,LSTM
2016-04-17,13,16.16,8.19298,LSTM
2016-04-17,14,13.82,5.435463,LSTM
2016-04-17,15,12.52,2.1270046,LSTM
2016-04-17,16,13.52,1.1598129,LSTM
2016-04-17,17,16.16,8.75552,LSTM
2016-04-17,18,19.35,14.675537,LSTM
2016-04-17,19,21.19,20.041412,LSTM
2016-04-17,20,26.4,26.049221,LSTM
2016-04-17,21,29.65,22.440836,LSTM
2016-04-17,22,30.16,20.42806,LSTM
2016-04-17,23,27.25,19.059364,LSTM
2016-04-18,0,20.92,21.401646,LSTM
2016-04-18,1,20.9,20.295303,LSTM
2016-04-18,2,19.7,17.623138,LSTM
2016-04-18,3,18.9,16.423653,LSTM
2016-04-18,4,19.0,15.624195,LSTM
2016-04-18,5,20.6,19.389368,LSTM
2016-04-18,6,30.0,30.16246,LSTM
2016-04-18,7,37.06,30.895433,LSTM
2016-04-18,8,38.79,33.882427,LSTM
2016-04-18,9,29.27,31.07105,LSTM
2016-04-18,10,24.09,24.551723,LSTM
2016-04-18,11,23.28,22.597813,LSTM
2016-04-18,12,21.14,22.176615,LSTM
2016-04-18,13,20.7,20.279932,LSTM
2016-04-18,14,20.65,19.10144,LSTM
2016-04-18,15,20.49,17.933449,LSTM
2016-04-18,16,20.31,17.966368,LSTM
2016-04-18,17,20.94,25.322828,LSTM
2016-04-18,18,23.19,27.416698,LSTM
2016-04-18,19,25.62,31.604359,LSTM
2016-04-18,20,27.92,32.392147,LSTM
2016-04-18,21,29.03,27.045033,LSTM
2016-04-18,22,22.55,24.174793,LSTM
2016-04-18,23,19.31,18.820553,LSTM
2016-04-19,0,19.32,20.485115,LSTM
2016-04-19,1,18.69,21.204641,LSTM
2016-04-19,2,18.04,18.055016,LSTM
2016-04-19,3,17.49,17.806625,LSTM
2016-04-19,4,18.44,17.504232,LSTM
2016-04-19,5,19.8,21.05146,LSTM
2016-04-19,6,26.93,28.94999,LSTM
2016-04-19,7,29.99,33.36231,LSTM
2016-04-19,8,29.68,31.773397,LSTM
2016-04-19,9,21.96,28.290049,LSTM
2016-04-19,10,20.94,23.619957,LSTM
2016-04-19,11,20.42,24.852861,LSTM
2016-04-19,12,17.79,21.984325,LSTM
2016-04-19,13,15.62,19.896507,LSTM
2016-04-19,14,13.6,20.642069,LSTM
2016-04-19,15,13.68,16.28027,LSTM
2016-04-19,16,15.02,17.165253,LSTM
2016-04-19,17,19.24,22.572392,LSTM
2016-04-19,18,20.76,27.189476,LSTM
2016-04-19,19,23.99,28.599545,LSTM
2016-04-19,20,25.95,29.133526,LSTM
2016-04-19,21,24.87,25.82645,LSTM
2016-04-19,22,21.42,25.015003,LSTM
2016-04-19,23,19.33,19.897804,LSTM
2016-04-20,0,19.14,19.5893,LSTM
2016-04-20,1,18.85,18.833805,LSTM
2016-04-20,2,16.5,17.977156,LSTM
2016-04-20,3,17.49,16.15638,LSTM
2016-04-20,4,18.63,17.51624,LSTM
2016-04-20,5,20.0,20.44164,LSTM
2016-04-20,6,25.76,28.257534,LSTM
2016-04-20,7,30.55,32.602417,LSTM
2016-04-20,8,31.91,32.32691,LSTM
2016-04-20,9,26.44,28.689709,LSTM
2016-04-20,10,23.02,22.383362,LSTM
2016-04-20,11,22.43,21.106686,LSTM
2016-04-20,12,21.51,21.196396,LSTM
2016-04-20,13,20.49,19.328459,LSTM
2016-04-20,14,20.89,20.965088,LSTM
2016-04-20,15,21.57,18.939068,LSTM
2016-04-20,16,21.59,20.292767,LSTM
2016-04-20,17,22.89,29.296024,LSTM
2016-04-20,18,27.24,34.03185,LSTM
2016-04-20,19,31.09,35.231094,LSTM
2016-04-20,20,32.16,36.717636,LSTM
2016-04-20,21,30.66,34.076836,LSTM
2016-04-20,22,28.52,33.257576,LSTM
2016-04-20,23,24.5,27.865768,LSTM
2016-04-21,0,22.51,27.130661,LSTM
2016-04-21,1,20.5,26.628115,LSTM
2016-04-21,2,19.93,25.317734,LSTM
2016-04-21,3,19.58,23.755196,LSTM
2016-04-21,4,19.84,23.46973,LSTM
2016-04-21,5,21.11,24.823763,LSTM
2016-04-21,6,29.1,31.644035,LSTM
2016-04-21,7,34.58,36.38661,LSTM
2016-04-21,8,35.38,35.3528,LSTM
2016-04-21,9,32.92,31.91959,LSTM
2016-04-21,10,28.91,24.642342,LSTM
2016-04-21,11,26.12,22.458214,LSTM
2016-04-21,12,23.59,21.955532,LSTM
2016-04-21,13,23.43,21.04417,LSTM
2016-04-21,14,23.47,21.515043,LSTM
2016-04-21,15,23.93,20.514198,LSTM
2016-04-21,16,23.95,21.513561,LSTM
2016-04-21,17,27.61,27.91788,LSTM
2016-04-21,18,30.74,32.686703,LSTM
2016-04-21,19,32.33,35.037045,LSTM
2016-04-21,20,32.34,34.213223,LSTM
2016-04-21,21,32.02,29.594147,LSTM
2016-04-21,22,29.19,28.563168,LSTM
2016-04-21,23,25.0,23.941288,LSTM
2016-04-22,0,21.95,22.806246,LSTM
2016-04-22,1,20.7,22.686554,LSTM
2016-04-22,2,19.59,21.363459,LSTM
2016-04-22,3,19.32,20.177628,LSTM
2016-04-22,4,19.85,21.45663,LSTM
2016-04-22,5,22.94,24.060135,LSTM
2016-04-22,6,28.0,29.32306,LSTM
2016-04-22,7,33.14,33.62796,LSTM
2016-04-22,8,34.61,32.366043,LSTM
2016-04-22,9,31.59,28.402424,LSTM
2016-04-22,10,28.69,27.518097,LSTM
2016-04-22,11,25.22,27.925682,LSTM
2016-04-22,12,23.98,25.121666,LSTM
2016-04-22,13,22.95,23.495407,LSTM
2016-04-22,14,22.24,24.929827,LSTM
2016-04-22,15,22.32,21.190239,LSTM
2016-04-22,16,22.89,23.549637,LSTM
2016-04-22,17,24.75,27.327915,LSTM
2016-04-22,18,28.99,32.89805,LSTM
2016-04-22,19,30.93,35.59289,LSTM
2016-04-22,20,30.94,32.662613,LSTM
2016-04-22,21,29.33,29.794716,LSTM
2016-04-22,22,27.94,30.381392,LSTM
2016-04-22,23,25.04,24.941216,LSTM
2016-04-23,0,27.72,24.260925,LSTM
2016-04-23,1,22.45,23.057243,LSTM
2016-04-23,2,21.47,19.369818,LSTM
2016-04-23,3,20.99,19.28786,LSTM
2016-04-23,4,20.99,18.301497,LSTM
2016-04-23,5,20.9,17.842281,LSTM
2016-04-23,6,21.05,19.49082,LSTM
2016-04-23,7,21.48,19.590376,LSTM
2016-04-23,8,23.62,23.830994,LSTM
2016-04-23,9,27.29,24.664186,LSTM
2016-04-23,10,26.91,23.19696,LSTM
2016-04-23,11,25.76,20.225971,LSTM
2016-04-23,12,23.4,20.32447,LSTM
2016-04-23,13,21.36,17.799686,LSTM
2016-04-23,14,20.42,16.59573,LSTM
2016-04-23,15,18.29,14.377979,LSTM
2016-04-23,16,16.27,10.775932,LSTM
2016-04-23,17,19.13,16.914732,LSTM
2016-04-23,18,21.07,22.363726,LSTM
2016-04-23,19,22.46,22.81475,LSTM
2016-04-23,20,25.0,23.07459,LSTM
2016-04-23,21,27.19,24.703302,LSTM
2016-04-23,22,25.05,25.064682,LSTM
2016-04-23,23,22.1,20.706247,LSTM
2016-04-24,0,18.21,17.980707,LSTM
2016-04-24,1,15.07,15.149093,LSTM
2016-04-24,2,14.31,13.95277,LSTM
2016-04-24,3,12.59,13.6299305,LSTM
2016-04-24,4,12.79,11.791708,LSTM
2016-04-24,5,13.62,11.302771,LSTM
2016-04-24,6,12.76,10.084373,LSTM
2016-04-24,7,12.2,11.037678,LSTM
2016-04-24,8,13.75,13.491915,LSTM
2016-04-24,9,12.57,14.568159,LSTM
2016-04-24,10,12.54,10.213886,LSTM
2016-04-24,11,13.79,11.7169075,LSTM
2016-04-24,12,14.19,11.310764,LSTM
2016-04-24,13,11.88,8.888189,LSTM
2016-04-24,14,9.44,5.6149273,LSTM
2016-04-24,15,9.5,5.356163,LSTM
2016-04-24,16,8.47,6.475992,LSTM
2016-04-24,17,13.04,14.563503,LSTM
2016-04-24,18,20.28,22.571676,LSTM
2016-04-24,19,21.96,24.2832,LSTM
2016-04-24,20,23.94,28.56538,LSTM
2016-04-24,21,24.37,30.15715,LSTM
2016-04-24,22,27.87,31.51969,LSTM
2016-04-24,23,24.04,26.979637,LSTM
2016-04-25,0,22.56,18.641014,LSTM
2016-04-25,1,21.46,17.237133,LSTM
2016-04-25,2,20.82,16.488422,LSTM
2016-04-25,3,20.23,16.14532,LSTM
2016-04-25,4,20.26,15.829403,LSTM
2016-04-25,5,21.1,19.57862,LSTM
2016-04-25,6,29.02,28.268661,LSTM
2016-04-25,7,32.97,34.185795,LSTM
2016-04-25,8,34.48,32.845875,LSTM
2016-04-25,9,30.03,28.528542,LSTM
2016-04-25,10,28.95,24.98125,LSTM
2016-04-25,11,27.94,23.502323,LSTM
2016-04-25,12,28.31,21.872784,LSTM
2016-04-25,13,27.37,21.011852,LSTM
2016-04-25,14,24.39,21.155626,LSTM
2016-04-25,15,23.75,18.49118,LSTM
2016-04-25,16,23.78,19.503033,LSTM
2016-04-25,17,25.95,26.266201,LSTM
2016-04-25,18,28.41,26.216602,LSTM
2016-04-25,19,31.19,30.297289,LSTM
2016-04-25,20,31.46,29.112078,LSTM
2016-04-25,21,30.15,26.184725,LSTM
2016-04-25,22,28.14,23.426382,LSTM
2016-04-25,23,22.97,18.102983,LSTM
2016-04-26,0,21.81,20.923685,LSTM
2016-04-26,1,20.9,19.642204,LSTM
2016-04-26,2,20.96,19.26273,LSTM
2016-04-26,3,20.62,19.130548,LSTM
2016-04-26,4,21.07,18.365955,LSTM
2016-04-26,5,22.73,22.82058,LSTM
2016-04-26,6,29.91,28.35624,LSTM
2016-04-26,7,34.07,36.08459,LSTM
2016-04-26,8,35.14,36.178215,LSTM
2016-04-26,9,32.7,32.2477,LSTM
2016-04-26,10,30.36,30.879803,LSTM
2016-04-26,11,29.78,30.136793,LSTM
2016-04-26,12,26.95,28.613625,LSTM
2016-04-26,13,25.65,25.50116,LSTM
2016-04-26,14,25.29,24.154646,LSTM
2016-04-26,15,25.23,22.624943,LSTM
2016-04-26,16,24.73,23.656271,LSTM
2016-04-26,17,25.29,27.30157,LSTM
2016-04-26,18,28.92,30.300287,LSTM
2016-04-26,19,31.11,32.839,LSTM
2016-04-26,20,31.61,30.194435,LSTM
2016-04-26,21,31.07,28.693626,LSTM
2016-04-26,22,27.98,27.295368,LSTM
2016-04-26,23,23.99,22.001167,LSTM
2016-04-27,0,23.01,22.523468,LSTM
2016-04-27,1,22.42,21.644646,LSTM
2016-04-27,2,22.53,20.246637,LSTM
2016-04-27,3,22.04,19.021608,LSTM
2016-04-27,4,22.17,19.63392,LSTM
2016-04-27,5,23.77,22.321955,LSTM
2016-04-27,6,28.6,27.625473,LSTM
2016-04-27,7,31.47,33.278316,LSTM
2016-04-27,8,30.27,31.30119,LSTM
2016-04-27,9,28.85,28.241043,LSTM
2016-04-27,10,25.65,26.71418,LSTM
2016-04-27,11,24.91,25.2553,LSTM
2016-04-27,12,24.21,24.919231,LSTM
2016-04-27,13,24.14,24.3333,LSTM
2016-04-27,14,23.56,24.618614,LSTM
2016-04-27,15,23.42,23.072285,LSTM
2016-04-27,16,23.53,21.9425,LSTM
2016-04-27,17,24.03,24.842308,LSTM
2016-04-27,18,28.95,28.250822,LSTM
2016-04-27,19,30.27,32.27902,LSTM
2016-04-27,20,33.0,30.533604,LSTM
2016-04-27,21,31.95,28.38576,LSTM
2016-04-27,22,27.93,27.384085,LSTM
2016-04-27,23,25.51,21.565857,LSTM
2016-04-28,0,23.0,23.442791,LSTM
2016-04-28,1,23.46,21.482737,LSTM
2016-04-28,2,24.55,21.473467,LSTM
2016-04-28,3,23.28,19.879248,LSTM
2016-04-28,4,23.73,20.955027,LSTM
2016-04-28,5,25.59,23.500137,LSTM
2016-04-28,6,31.12,27.032148,LSTM
2016-04-28,7,37.99,32.84171,LSTM
2016-04-28,8,37.99,30.850685,LSTM
2016-04-28,9,34.1,27.823116,LSTM
2016-04-28,10,29.93,27.293825,LSTM
2016-04-28,11,29.39,26.533314,LSTM
2016-04-28,12,26.16,25.928211,LSTM
2016-04-28,13,24.98,24.257647,LSTM
2016-04-28,14,27.39,25.637882,LSTM
2016-04-28,15,26.96,25.220974,LSTM
2016-04-28,16,26.5,26.397295,LSTM
2016-04-28,17,30.0,30.700146,LSTM
2016-04-28,18,34.79,35.540813,LSTM
2016-04-28,19,38.43,39.268375,LSTM
2016-04-28,20,35.75,37.283318,LSTM
2016-04-28,21,37.19,35.645752,LSTM
2016-04-28,22,34.92,35.93204,LSTM
2016-04-28,23,30.3,30.904278,LSTM
2016-04-29,0,26.41,26.671297,LSTM
2016-04-29,1,25.01,25.906939,LSTM
2016-04-29,2,23.99,26.065302,LSTM
2016-04-29,3,22.46,23.885452,LSTM
2016-04-29,4,22.35,23.558731,LSTM
2016-04-29,5,23.47,24.337446,LSTM
2016-04-29,6,26.8,27.600029,LSTM
2016-04-29,7,30.68,33.364662,LSTM
2016-04-29,8,28.51,30.28104,LSTM
2016-04-29,9,22.39,25.922346,LSTM
2016-04-29,10,20.69,19.928635,LSTM
2016-04-29,11,20.05,21.092953,LSTM
2016-04-29,12,19.09,21.456501,LSTM
2016-04-29,13,20.14,22.620155,LSTM
2016-04-29,14,20.86,22.241165,LSTM
2016-04-29,15,22.01,22.64452,LSTM
2016-04-29,16,22.59,22.62019,LSTM
2016-04-29,17,26.01,25.941881,LSTM
2016-04-29,18,30.82,31.612514,LSTM
2016-04-29,19,34.83,34.657707,LSTM
2016-04-29,20,35.18,34.074043,LSTM
2016-04-29,21,33.08,30.263977,LSTM
2016-04-29,22,30.93,30.402754,LSTM
2016-04-29,23,27.35,26.093983,LSTM
2016-04-30,0,24.17,26.476809,LSTM
2016-04-30,1,24.25,23.900639,LSTM
2016-04-30,2,24.54,22.123869,LSTM
2016-04-30,3,25.04,21.156458,LSTM
2016-04-30,4,24.0,21.475996,LSTM
2016-04-30,5,24.0,23.38251,LSTM
2016-04-30,6,24.22,26.046808,LSTM
2016-04-30,7,25.45,29.335922,LSTM
2016-04-30,8,26.81,30.328568,LSTM
2016-04-30,9,28.69,29.658613,LSTM
2016-04-30,10,25.7,30.219885,LSTM
2016-04-30,11,24.05,26.812595,LSTM
2016-04-30,12,22.44,27.512703,LSTM
2016-04-30,13,22.01,23.848114,LSTM
2016-04-30,14,21.48,25.73666,LSTM
2016-04-30,15,21.17,25.299686,LSTM
2016-04-30,16,21.54,25.161324,LSTM
2016-04-30,17,22.34,30.624653,LSTM
2016-04-30,18,25.02,32.168037,LSTM
2016-04-30,19,25.51,32.20362,LSTM
2016-04-30,20,25.61,29.740223,LSTM
2016-04-30,21,28.53,29.158638,LSTM
2016-04-30,22,27.92,28.231918,LSTM
2016-04-30,23,24.03,24.198324,LSTM
2016-05-01,0,20.1,22.031502,LSTM
2016-05-01,1,19.81,18.648281,LSTM
2016-05-01,2,18.72,18.435207,LSTM
2016-05-01,3,17.03,15.927483,LSTM
2016-05-01,4,17.17,16.841187,LSTM
2016-05-01,5,17.92,15.885685,LSTM
2016-05-01,6,17.64,12.823212,LSTM
2016-05-01,7,17.04,13.499098,LSTM
2016-05-01,8,16.82,15.916477,LSTM
2016-05-01,9,17.42,14.606701,LSTM
2016-05-01,10,16.77,17.099144,LSTM
2016-05-01,11,16.97,16.31855,LSTM
2016-05-01,12,15.16,17.540901,LSTM
2016-05-01,13,13.73,15.127148,LSTM
2016-05-01,14,14.29,14.375986,LSTM
2016-05-01,15,13.54,14.311071,LSTM
2016-05-01,16,14.25,13.992996,LSTM
2016-05-01,17,16.21,18.160566,LSTM
2016-05-01,18,21.35,27.062574,LSTM
2016-05-01,19,23.57,30.320297,LSTM
2016-05-01,20,25.08,31.24131,LSTM
2016-05-01,21,25.74,35.20006,LSTM
2016-05-01,22,26.35,35.458996,LSTM
2016-05-01,23,24.48,29.88883,LSTM
2016-05-02,0,21.45,25.766964,LSTM
2016-05-02,1,20.23,23.6029,LSTM
2016-05-02,2,20.03,22.533606,LSTM
2016-05-02,3,19.94,22.228725,LSTM
2016-05-02,4,20.08,21.424713,LSTM
2016-05-02,5,23.47,22.906496,LSTM
2016-05-02,6,31.12,28.691374,LSTM
2016-05-02,7,35.53,33.102837,LSTM
2016-05-02,8,34.96,32.954643,LSTM
2016-05-02,9,31.35,30.577345,LSTM
2016-05-02,10,28.29,26.655712,LSTM
2016-05-02,11,26.91,26.639515,LSTM
2016-05-02,12,25.29,25.252378,LSTM
2016-05-02,13,25.07,24.411152,LSTM
2016-05-02,14,25.02,23.541748,LSTM
2016-05-02,15,25.53,24.290405,LSTM
2016-05-02,16,26.94,26.131441,LSTM
2016-05-02,17,29.06,29.750828,LSTM
2016-05-02,18,33.0,33.613266,LSTM
2016-05-02,19,35.79,36.497387,LSTM
2016-05-02,20,35.76,35.44725,LSTM
2016-05-02,21,34.08,31.896063,LSTM
2016-05-02,22,31.93,31.012407,LSTM
2016-05-02,23,27.05,27.229687,LSTM
2016-05-03,0,23.91,27.210579,LSTM
2016-05-03,1,22.32,25.973932,LSTM
2016-05-03,2,21.84,23.908228,LSTM
2016-05-03,3,21.37,23.615059,LSTM
2016-05-03,4,21.85,23.633444,LSTM
2016-05-03,5,23.26,25.524311,LSTM
2016-05-03,6,30.39,30.053608,LSTM
2016-05-03,7,33.9,33.776627,LSTM
2016-05-03,8,36.48,36.536922,LSTM
2016-05-03,9,35.95,33.944653,LSTM
2016-05-03,10,35.58,33.82612,LSTM
2016-05-03,11,34.9,31.476692,LSTM
2016-05-03,12,31.55,28.854881,LSTM
2016-05-03,13,26.59,27.338469,LSTM
2016-05-03,14,24.9,25.322058,LSTM
2016-05-03,15,24.1,23.359787,LSTM
2016-05-03,16,23.91,23.917397,LSTM
2016-05-03,17,25.17,27.43309,LSTM
2016-05-03,18,28.51,29.718676,LSTM
2016-05-03,19,31.69,33.23748,LSTM
2016-05-03,20,32.1,31.960045,LSTM
2016-05-03,21,32.8,30.83535,LSTM
2016-05-03,22,30.92,29.392147,LSTM
2016-05-03,23,24.59,24.36245,LSTM
2016-05-04,0,22.94,26.68896,LSTM
2016-05-04,1,21.98,23.887987,LSTM
2016-05-04,2,21.95,24.541885,LSTM
2016-05-04,3,21.69,22.91288,LSTM
2016-05-04,4,22.14,23.497992,LSTM
2016-05-04,5,23.59,25.082043,LSTM
2016-05-04,6,31.47,28.679344,LSTM
2016-05-04,7,35.05,32.56009,LSTM
2016-05-04,8,35.97,32.2753,LSTM
2016-05-04,9,32.46,29.347343,LSTM
2016-05-04,10,28.51,27.365625,LSTM
2016-05-04,11,27.14,26.818274,LSTM
2016-05-04,12,25.43,25.991842,LSTM
2016-05-04,13,24.37,24.245329,LSTM
2016-05-04,14,24.01,25.151909,LSTM
2016-05-04,15,23.64,23.30303,LSTM
2016-05-04,16,23.88,26.923584,LSTM
2016-05-04,17,25.1,30.369171,LSTM
2016-05-04,18,28.96,34.411217,LSTM
2016-05-04,19,31.73,38.71049,LSTM
2016-05-04,20,32.0,38.512726,LSTM
2016-05-04,21,32.9,36.152946,LSTM
2016-05-04,22,31.93,36.99632,LSTM
2016-05-04,23,27.8,31.107683,LSTM
2016-05-05,0,23.69,28.841759,LSTM
2016-05-05,1,21.86,24.605026,LSTM
2016-05-05,2,21.26,24.455292,LSTM
2016-05-05,3,20.26,24.191887,LSTM
2016-05-05,4,19.79,21.92853,LSTM
2016-05-05,5,19.79,19.870241,LSTM
2016-05-05,6,19.95,18.233654,LSTM
2016-05-05,7,20.07,25.267908,LSTM
2016-05-05,8,20.0,22.676178,LSTM
2016-05-05,9,19.57,22.504768,LSTM
2016-05-05,10,19.01,18.163717,LSTM
2016-05-05,11,17.76,17.467785,LSTM
2016-05-05,12,16.97,16.714128,LSTM
2016-05-05,13,13.42,13.953398,LSTM
2016-05-05,14,10.85,14.729471,LSTM
2016-05-05,15,10.49,15.519897,LSTM
2016-05-05,16,13.06,17.955982,LSTM
2016-05-05,17,17.77,22.4476,LSTM
2016-05-05,18,20.67,25.431387,LSTM
2016-05-05,19,24.2,25.379587,LSTM
2016-05-05,20,24.08,28.581713,LSTM
2016-05-05,21,24.87,27.806946,LSTM
2016-05-05,22,25.79,28.494804,LSTM
2016-05-05,23,21.62,25.490582,LSTM
2016-05-06,0,20.73,17.492466,LSTM
2016-05-06,1,19.08,15.711836,LSTM
2016-05-06,2,18.46,16.555153,LSTM
2016-05-06,3,17.87,14.146194,LSTM
2016-05-06,4,19.11,14.916843,LSTM
2016-05-06,5,20.0,17.87673,LSTM
2016-05-06,6,24.44,24.080238,LSTM
2016-05-06,7,30.33,30.541224,LSTM
2016-05-06,8,30.99,28.886715,LSTM
2016-05-06,9,29.98,26.24077,LSTM
2016-05-06,10,24.28,23.329762,LSTM
2016-05-06,11,22.58,21.550804,LSTM
2016-05-06,12,19.66,21.025959,LSTM
2016-05-06,13,14.24,16.852245,LSTM
2016-05-06,14,11.92,19.67812,LSTM
2016-05-06,15,14.96,15.257099,LSTM
2016-05-06,16,17.93,16.400488,LSTM
2016-05-06,17,21.85,20.477863,LSTM
2016-05-06,18,27.99,26.412685,LSTM
2016-05-06,19,30.94,29.060844,LSTM
2016-05-06,20,28.8,29.465763,LSTM
2016-05-06,21,27.86,28.18837,LSTM
2016-05-06,22,25.43,26.300507,LSTM
2016-05-06,23,21.42,20.984993,LSTM
2016-05-07,0,19.73,19.563427,LSTM
2016-05-07,1,16.9,18.701162,LSTM
2016-05-07,2,14.95,17.296131,LSTM
2016-05-07,3,14.64,16.244854,LSTM
2016-05-07,4,14.96,15.510696,LSTM
2016-05-07,5,15.2,15.341454,LSTM
2016-05-07,6,16.27,15.834079,LSTM
2016-05-07,7,19.32,20.849564,LSTM
2016-05-07,8,19.94,20.734587,LSTM
2016-05-07,9,19.41,19.8091,LSTM
2016-05-07,10,13.1,15.2106285,LSTM
2016-05-07,11,10.54,12.168278,LSTM
2016-05-07,12,6.12,11.721907,LSTM
2016-05-07,13,5.32,7.4447136,LSTM
2016-05-07,14,3.05,9.06329,LSTM
2016-05-07,15,3.84,5.4609776,LSTM
2016-05-07,16,8.67,7.0657845,LSTM
2016-05-07,17,13.49,14.837034,LSTM
2016-05-07,18,19.92,19.737932,LSTM
2016-05-07,19,21.43,20.061216,LSTM
2016-05-07,20,19.93,23.066149,LSTM
2016-05-07,21,19.81,21.876259,LSTM
2016-05-07,22,19.72,19.317692,LSTM
2016-05-07,23,18.22,14.844465,LSTM
2016-05-08,0,14.2,10.340206,LSTM
2016-05-08,1,10.01,6.765274,LSTM
2016-05-08,2,7.98,7.015916,LSTM
2016-05-08,3,5.07,5.069787,LSTM
2016-05-08,4,4.0,4.565584,LSTM
2016-05-08,5,3.0,2.7148323,LSTM
2016-05-08,6,2.91,1.3902588,LSTM
2016-05-08,7,2.79,4.9962273,LSTM
2016-05-08,8,4.0,3.652481,LSTM
2016-05-08,9,2.35,4.24181,LSTM
2016-05-08,10,-1.63,-2.5573235,LSTM
2016-05-08,11,-7.09,-6.6560135,LSTM
2016-05-08,12,-76.09,-6.0386314,LSTM
2016-05-08,13,-100.06,-12.383762,LSTM
2016-05-08,14,-130.09,-10.423763,LSTM
2016-05-08,15,-82.06,-11.191713,LSTM
2016-05-08,16,-76.0,-8.600197,LSTM
2016-05-08,17,-0.6,2.6224327,LSTM
2016-05-08,18,10.4,11.303289,LSTM
2016-05-08,19,19.35,13.280237,LSTM
2016-05-08,20,19.4,20.57421,LSTM
2016-05-08,21,20.02,19.219532,LSTM
2016-05-08,22,20.12,15.589006,LSTM
2016-05-08,23,18.66,11.8691635,LSTM
2016-05-09,0,14.28,13.088189,LSTM
2016-05-09,1,12.68,9.4084215,LSTM
2016-05-09,2,12.09,8.657717,LSTM
2016-05-09,3,9.57,8.607058,LSTM
2016-05-09,4,11.0,11.750651,LSTM
2016-05-09,5,14.18,16.023787,LSTM
2016-05-09,6,28.57,29.622517,LSTM
2016-05-09,7,32.95,37.97187,LSTM
2016-05-09,8,34.69,36.053947,LSTM
2016-05-09,9,31.24,32.907185,LSTM
2016-05-09,10,24.23,22.032978,LSTM
2016-05-09,11,22.15,16.521978,LSTM
2016-05-09,12,17.08,15.244913,LSTM
2016-05-09,13,12.01,9.912624,LSTM
2016-05-09,14,10.85,10.532658,LSTM
2016-05-09,15,18.63,13.510199,LSTM
2016-05-09,16,21.0,11.783443,LSTM
2016-05-09,17,23.71,25.570248,LSTM
2016-05-09,18,27.12,30.76445,LSTM
2016-05-09,19,31.46,36.28683,LSTM
2016-05-09,20,31.28,42.47381,LSTM
2016-05-09,21,30.0,38.288944,LSTM
2016-05-09,22,24.92,31.719847,LSTM
2016-05-09,23,21.83,27.169596,LSTM
2016-05-10,0,22.55,20.587715,LSTM
2016-05-10,1,21.09,17.605402,LSTM
2016-05-10,2,19.61,17.500647,LSTM
2016-05-10,3,19.33,14.968463,LSTM
2016-05-10,4,19.87,14.564699,LSTM
2016-05-10,5,21.56,18.201298,LSTM
2016-05-10,6,28.5,29.586674,LSTM
2016-05-10,7,31.87,38.93405,LSTM
2016-05-10,8,36.66,37.742928,LSTM
2016-05-10,9,34.61,33.27789,LSTM
2016-05-10,10,29.96,26.620155,LSTM
2016-05-10,11,25.54,26.792265,LSTM
2016-05-10,12,23.46,24.7037,LSTM
2016-05-10,13,23.34,22.922363,LSTM
2016-05-10,14,23.41,24.200668,LSTM
2016-05-10,15,27.6,24.53931,LSTM
2016-05-10,16,28.21,25.53036,LSTM
2016-05-10,17,30.69,29.459473,LSTM
2016-05-10,18,31.93,33.563656,LSTM
2016-05-10,19,32.5,38.61286,LSTM
2016-05-10,20,32.25,40.17738,LSTM
2016-05-10,21,31.99,37.221924,LSTM
2016-05-10,22,29.96,33.96029,LSTM
2016-05-10,23,22.34,28.540022,LSTM
2016-05-11,0,22.4,23.391628,LSTM
2016-05-11,1,20.54,21.777405,LSTM
2016-05-11,2,19.92,21.208696,LSTM
2016-05-11,3,19.11,18.888668,LSTM
2016-05-11,4,19.87,18.118261,LSTM
2016-05-11,5,21.84,20.78434,LSTM
2016-05-11,6,28.96,30.52814,LSTM
2016-05-11,7,35.27,38.468754,LSTM
2016-05-11,8,39.6,37.530205,LSTM
2016-05-11,9,34.94,33.338657,LSTM
2016-05-11,10,29.41,27.22964,LSTM
2016-05-11,11,24.58,24.387222,LSTM
2016-05-11,12,22.19,22.493877,LSTM
2016-05-11,13,20.87,20.126867,LSTM
2016-05-11,14,20.74,21.843597,LSTM
2016-05-11,15,21.73,19.642109,LSTM
2016-05-11,16,22.54,20.376923,LSTM
2016-05-11,17,23.36,23.466694,LSTM
2016-05-11,18,25.87,26.296976,LSTM
2016-05-11,19,31.32,32.806328,LSTM
2016-05-11,20,29.94,33.11181,LSTM
2016-05-11,21,25.09,29.108154,LSTM
2016-05-11,22,22.23,24.68472,LSTM
2016-05-11,23,19.44,19.442375,LSTM
2016-05-12,0,19.5,18.145357,LSTM
2016-05-12,1,17.81,15.212931,LSTM
2016-05-12,2,14.67,15.730852,LSTM
2016-05-12,3,14.0,13.390617,LSTM
2016-05-12,4,13.02,14.250841,LSTM
2016-05-12,5,18.08,17.37103,LSTM
2016-05-12,6,24.08,25.664314,LSTM
2016-05-12,7,30.93,30.83557,LSTM
2016-05-12,8,34.05,31.811155,LSTM
2016-05-12,9,30.96,28.230904,LSTM
2016-05-12,10,28.93,25.182228,LSTM
2016-05-12,11,26.95,22.427073,LSTM
2016-05-12,12,25.24,22.097944,LSTM
2016-05-12,13,24.15,19.76337,LSTM
2016-05-12,14,24.75,20.717941,LSTM
2016-05-12,15,25.07,20.547806,LSTM
2016-05-12,16,25.14,21.243267,LSTM
2016-05-12,17,27.47,25.54948,LSTM
2016-05-12,18,29.79,29.005262,LSTM
2016-05-12,19,32.91,33.326202,LSTM
2016-05-12,20,32.85,34.478348,LSTM
2016-05-12,21,31.84,32.00898,LSTM
2016-05-12,22,29.98,29.547161,LSTM
2016-05-12,23,25.14,24.132523,LSTM
2016-05-13,0,23.07,24.419933,LSTM
2016-05-13,1,21.41,23.955463,LSTM
2016-05-13,2,21.04,24.3306,LSTM
2016-05-13,3,20.55,22.40498,LSTM
2016-05-13,4,21.13,21.34277,LSTM
2016-05-13,5,23.0,24.371275,LSTM
2016-05-13,6,28.07,32.585197,LSTM
2016-05-13,7,36.14,38.237797,LSTM
2016-05-13,8,40.21,41.47002,LSTM
2016-05-13,9,38.23,39.392708,LSTM
2016-05-13,10,35.37,36.595657,LSTM
2016-05-13,11,35.45,36.07739,LSTM
2016-05-13,12,30.94,32.19062,LSTM
2016-05-13,13,27.99,27.704865,LSTM
2016-05-13,14,25.28,26.087034,LSTM
2016-05-13,15,23.8,21.328335,LSTM
2016-05-13,16,23.53,21.539047,LSTM
2016-05-13,17,24.01,24.235685,LSTM
2016-05-13,18,26.37,26.37312,LSTM
2016-05-13,19,29.0,31.21366,LSTM
2016-05-13,20,27.1,32.49749,LSTM
2016-05-13,21,25.03,29.084616,LSTM
2016-05-13,22,26.96,26.665478,LSTM
2016-05-13,23,23.02,23.054367,LSTM
2016-05-14,0,13.76,18.364347,LSTM
2016-05-14,1,13.1,15.064193,LSTM
2016-05-14,2,11.51,14.806322,LSTM
2016-05-14,3,9.71,12.205183,LSTM
2016-05-14,4,10.37,13.179456,LSTM
2016-05-14,5,10.21,12.315052,LSTM
2016-05-14,6,9.91,12.559683,LSTM
2016-05-14,7,11.24,12.564175,LSTM
2016-05-14,8,15.57,15.776875,LSTM
2016-05-14,9,14.86,15.478746,LSTM
2016-05-14,10,11.99,12.336353,LSTM
2016-05-14,11,11.37,9.758467,LSTM
2016-05-14,12,10.27,11.524387,LSTM
2016-05-14,13,8.14,7.7693157,LSTM
2016-05-14,14,7.01,9.24123,LSTM
2016-05-14,15,4.95,4.9471836,LSTM
2016-05-14,16,4.92,4.7391415,LSTM
2016-05-14,17,9.91,9.210268,LSTM
2016-05-14,18,15.01,16.123335,LSTM
2016-05-14,19,20.71,19.191734,LSTM
2016-05-14,20,20.46,18.21053,LSTM
2016-05-14,21,19.3,21.851194,LSTM
2016-05-14,22,23.6,23.392881,LSTM
2016-05-14,23,20.52,17.13505,LSTM
2016-05-15,0,20.0,10.036631,LSTM
2016-05-15,1,12.98,3.7794228,LSTM
2016-05-15,2,11.94,2.7507687,LSTM
2016-05-15,3,9.13,1.6349258,LSTM
2016-05-15,4,9.19,3.6313171,LSTM
2016-05-15,5,9.56,1.3763599,LSTM
2016-05-15,6,7.1,0.18959999,LSTM
2016-05-15,7,5.63,-3.2601204,LSTM
2016-05-15,8,5.5,-0.11091995,LSTM
2016-05-15,9,4.57,5.5299873,LSTM
2016-05-15,10,3.5,2.1097488,LSTM
2016-05-15,11,3.63,3.0235023,LSTM
2016-05-15,12,0.73,1.8395004,LSTM
2016-05-15,13,-9.25,-5.8039284,LSTM
2016-05-15,14,-35.02,-4.831848,LSTM
2016-05-15,15,-8.24,-10.098026,LSTM
2016-05-15,16,-2.97,-8.684685,LSTM
2016-05-15,17,2.49,3.0943565,LSTM
2016-05-15,18,14.45,10.549778,LSTM
2016-05-15,19,21.41,21.105276,LSTM
2016-05-15,20,21.69,23.008883,LSTM
2016-05-15,21,22.95,26.587982,LSTM
2016-05-15,22,24.28,29.280285,LSTM
2016-05-15,23,22.36,23.026382,LSTM
2016-05-16,0,17.85,18.710987,LSTM
2016-05-16,1,16.86,13.407795,LSTM
2016-05-16,2,16.06,13.419722,LSTM
2016-05-16,3,15.04,12.811106,LSTM
2016-05-16,4,14.06,11.929038,LSTM
2016-05-16,5,15.93,12.287354,LSTM
2016-05-16,6,16.42,14.997915,LSTM
2016-05-16,7,19.43,13.280746,LSTM
2016-05-16,8,22.54,16.591234,LSTM
2016-05-16,9,22.91,20.917948,LSTM
2016-05-16,10,23.11,20.028252,LSTM
2016-05-16,11,23.35,19.334158,LSTM
2016-05-16,12,22.9,16.884117,LSTM
2016-05-16,13,18.23,12.516546,LSTM
2016-05-16,14,16.09,9.25449,LSTM
2016-05-16,15,16.26,9.389055,LSTM
2016-05-16,16,17.15,12.412392,LSTM
2016-05-16,17,18.27,14.421829,LSTM
2016-05-16,18,24.0,17.295408,LSTM
2016-05-16,19,27.16,27.267107,LSTM
2016-05-16,20,28.37,28.19981,LSTM
2016-05-16,21,31.93,27.227423,LSTM
2016-05-16,22,29.99,30.23588,LSTM
2016-05-16,23,24.99,25.625582,LSTM
2016-05-17,0,30.0,23.15119,LSTM
2016-05-17,1,24.0,20.340143,LSTM
2016-05-17,2,22.82,20.36432,LSTM
2016-05-17,3,21.6,17.02317,LSTM
2016-05-17,4,21.73,17.551289,LSTM
2016-05-17,5,22.91,20.712639,LSTM
2016-05-17,6,29.95,28.298866,LSTM
2016-05-17,7,36.36,31.25583,LSTM
2016-05-17,8,38.0,36.08316,LSTM
2016-05-17,9,30.93,35.6151,LSTM
2016-05-17,10,28.99,32.387527,LSTM
2016-05-17,11,32.22,30.354267,LSTM
2016-05-17,12,31.61,31.082314,LSTM
2016-05-17,13,30.08,29.724031,LSTM
2016-05-17,14,29.93,28.516788,LSTM
2016-05-17,15,30.0,28.424084,LSTM
2016-05-17,16,30.02,29.658749,LSTM
2016-05-17,17,30.14,34.562336,LSTM
2016-05-17,18,34.64,36.663063,LSTM
2016-05-17,19,34.92,40.36425,LSTM
2016-05-17,20,36.76,38.68307,LSTM
2016-05-17,21,37.44,38.5295,LSTM
2016-05-17,22,33.22,38.842293,LSTM
2016-05-17,23,29.0,31.456923,LSTM
2016-05-18,0,24.91,27.686275,LSTM
2016-05-18,1,24.29,25.63339,LSTM
2016-05-18,2,23.89,24.219194,LSTM
2016-05-18,3,22.92,24.036083,LSTM
2016-05-18,4,23.31,23.018179,LSTM
2016-05-18,5,24.57,24.740337,LSTM
2016-05-18,6,31.12,29.64201,LSTM
2016-05-18,7,37.06,34.430046,LSTM
2016-05-18,8,39.48,34.749226,LSTM
2016-05-18,9,35.31,34.627457,LSTM
2016-05-18,10,32.58,30.635931,LSTM
2016-05-18,11,30.98,30.863781,LSTM
2016-05-18,12,31.12,29.8706,LSTM
2016-05-18,13,30.9,28.341057,LSTM
2016-05-18,14,30.87,26.989662,LSTM
2016-05-18,15,30.85,29.638903,LSTM
2016-05-18,16,31.32,29.854311,LSTM
2016-05-18,17,31.69,33.423878,LSTM
2016-05-18,18,33.08,37.09562,LSTM
2016-05-18,19,34.94,38.745613,LSTM
2016-05-18,20,34.64,36.67232,LSTM
2016-05-18,21,34.95,33.69927,LSTM
2016-05-18,22,33.09,34.54615,LSTM
2016-05-18,23,27.2,29.851294,LSTM
2016-05-19,0,24.88,25.211721,LSTM
2016-05-19,1,22.91,22.932652,LSTM
2016-05-19,2,22.23,21.290558,LSTM
2016-05-19,3,21.85,20.938725,LSTM
2016-05-19,4,22.29,22.742453,LSTM
2016-05-19,5,23.9,24.155537,LSTM
2016-05-19,6,31.58,29.484762,LSTM
2016-05-19,7,39.4,34.59743,LSTM
2016-05-19,8,46.0,37.879894,LSTM
2016-05-19,9,44.13,34.052116,LSTM
2016-05-19,10,45.0,37.509262,LSTM
2016-05-19,11,44.91,37.99808,LSTM
2016-05-19,12,40.07,34.307163,LSTM
2016-05-19,13,38.96,32.200943,LSTM
2016-05-19,14,35.0,31.641525,LSTM
2016-05-19,15,33.06,30.298786,LSTM
2016-05-19,16,31.91,31.600527,LSTM
2016-05-19,17,32.35,33.345837,LSTM
2016-05-19,18,34.0,34.996696,LSTM
2016-05-19,19,36.08,36.986465,LSTM
2016-05-19,20,34.96,35.342957,LSTM
2016-05-19,21,33.85,33.624336,LSTM
2016-05-19,22,32.08,34.065804,LSTM
2016-05-19,23,29.14,28.71641,LSTM
2016-05-20,0,24.73,26.998709,LSTM
2016-05-20,1,23.42,25.737713,LSTM
2016-05-20,2,21.5,23.15695,LSTM
2016-05-20,3,21.34,22.927107,LSTM
2016-05-20,4,21.52,22.2252,LSTM
2016-05-20,5,23.23,23.848742,LSTM
2016-05-20,6,27.71,30.276382,LSTM
2016-05-20,7,33.07,34.484104,LSTM
2016-05-20,8,34.97,34.89024,LSTM
2016-05-20,9,31.91,33.021152,LSTM
2016-05-20,10,27.5,27.382137,LSTM
2016-05-20,11,26.27,26.323658,LSTM
2016-05-20,12,24.99,26.198124,LSTM
2016-05-20,13,24.3,27.621563,LSTM
2016-05-20,14,24.22,25.984982,LSTM
2016-05-20,15,24.2,27.350985,LSTM
2016-05-20,16,24.57,26.980974,LSTM
2016-05-20,17,28.9,31.54487,LSTM
2016-05-20,18,32.69,35.18076,LSTM
2016-05-20,19,33.92,38.326256,LSTM
2016-05-20,20,34.06,36.543873,LSTM
2016-05-20,21,33.21,35.71739,LSTM
2016-05-20,22,33.66,36.060284,LSTM
2016-05-20,23,27.98,30.067057,LSTM
2016-05-21,0,24.36,28.37944,LSTM
2016-05-21,1,23.49,25.152977,LSTM
2016-05-21,2,22.6,24.985521,LSTM
2016-05-21,3,21.75,24.025837,LSTM
2016-05-21,4,21.26,22.893398,LSTM
2016-05-21,5,20.5,22.006475,LSTM
2016-05-21,6,20.66,21.90685,LSTM
2016-05-21,7,22.88,23.782318,LSTM
2016-05-21,8,23.06,25.943789,LSTM
2016-05-21,9,22.55,26.756865,LSTM
2016-05-21,10,20.32,24.038364,LSTM
2016-05-21,11,18.95,21.418205,LSTM
2016-05-21,12,16.19,21.482738,LSTM
2016-05-21,13,15.24,19.285236,LSTM
2016-05-21,14,15.09,17.20169,LSTM
2016-05-21,15,13.29,19.736504,LSTM
2016-05-21,16,17.42,20.139809,LSTM
2016-05-21,17,19.06,22.969074,LSTM
2016-05-21,18,23.9,27.044048,LSTM
2016-05-21,19,26.28,31.611412,LSTM
2016-05-21,20,30.94,29.477251,LSTM
2016-05-21,21,31.49,29.654022,LSTM
2016-05-21,22,28.94,31.13855,LSTM
2016-05-21,23,23.42,25.8731,LSTM
2016-05-22,0,17.79,18.218328,LSTM
2016-05-22,1,10.38,11.956006,LSTM
2016-05-22,2,7.62,12.119019,LSTM
2016-05-22,3,4.6,10.028348,LSTM
2016-05-22,4,2.81,8.959383,LSTM
2016-05-22,5,0.13,6.9272633,LSTM
2016-05-22,6,-1.0,4.513563,LSTM
2016-05-22,7,0.5,6.968849,LSTM
2016-05-22,8,2.59,7.5738335,LSTM
2016-05-22,9,-0.94,8.563843,LSTM
2016-05-22,10,-1.11,5.2726974,LSTM
2016-05-22,11,-0.9,5.661007,LSTM
2016-05-22,12,-5.68,4.6883106,LSTM
2016-05-22,13,-25.72,2.0888824,LSTM
2016-05-22,14,-10.97,0.60035515,LSTM
2016-05-22,15,-7.82,3.3418274,LSTM
2016-05-22,16,-5.19,7.177511,LSTM
2016-05-22,17,2.02,11.288197,LSTM
2016-05-22,18,21.33,19.632872,LSTM
2016-05-22,19,23.65,26.53009,LSTM
2016-05-22,20,25.32,26.333242,LSTM
2016-05-22,21,26.11,28.191486,LSTM
2016-05-22,22,27.22,30.16334,LSTM
2016-05-22,23,22.9,24.251223,LSTM
2016-05-23,0,22.61,17.56282,LSTM
2016-05-23,1,20.89,16.213219,LSTM
2016-05-23,2,19.51,14.22617,LSTM
2016-05-23,3,18.91,14.945753,LSTM
2016-05-23,4,19.46,13.569875,LSTM
2016-05-23,5,20.69,18.109957,LSTM
2016-05-23,6,28.05,26.928381,LSTM
2016-05-23,7,34.51,32.65399,LSTM
2016-05-23,8,35.93,38.9093,LSTM
2016-05-23,9,33.99,38.331837,LSTM
2016-05-23,10,36.0,37.35858,LSTM
2016-05-23,11,35.94,35.18007,LSTM
2016-05-23,12,33.91,35.30521,LSTM
2016-05-23,13,33.54,31.24734,LSTM
2016-05-23,14,32.5,27.89283,LSTM
2016-05-23,15,32.78,30.417418,LSTM
2016-05-23,16,31.96,25.298903,LSTM
2016-05-23,17,31.68,27.969698,LSTM
2016-05-23,18,32.49,29.444756,LSTM
2016-05-23,19,33.09,31.465647,LSTM
2016-05-23,20,33.97,27.868908,LSTM
2016-05-23,21,31.97,26.203182,LSTM
2016-05-23,22,24.47,23.004288,LSTM
2016-05-23,23,22.71,18.257849,LSTM
2016-05-24,0,21.99,23.351147,LSTM
2016-05-24,1,21.75,21.442947,LSTM
2016-05-24,2,20.48,20.256851,LSTM
2016-05-24,3,20.0,18.37787,LSTM
2016-05-24,4,20.72,19.331514,LSTM
2016-05-24,5,22.61,22.795843,LSTM
2016-05-24,6,26.13,29.853004,LSTM
2016-05-24,7,34.38,35.373066,LSTM
2016-05-24,8,37.09,37.7102,LSTM
2016-05-24,9,36.19,38.192924,LSTM
2016-05-24,10,36.94,37.023296,LSTM
2016-05-24,11,36.06,38.224106,LSTM
2016-05-24,12,33.09,36.67567,LSTM
2016-05-24,13,33.0,34.664272,LSTM
2016-05-24,14,32.69,35.27607,LSTM
2016-05-24,15,30.92,31.737316,LSTM
2016-05-24,16,29.12,33.890682,LSTM
2016-05-24,17,29.8,34.467255,LSTM
2016-05-24,18,31.25,35.586136,LSTM
2016-05-24,19,32.2,36.04461,LSTM
2016-05-24,20,31.64,37.403152,LSTM
2016-05-24,21,32.38,33.27045,LSTM
2016-05-24,22,30.43,34.38476,LSTM
2016-05-24,23,24.98,27.547115,LSTM
2016-05-25,0,22.97,25.661728,LSTM
2016-05-25,1,22.57,24.85244,LSTM
2016-05-25,2,21.57,22.183168,LSTM
2016-05-25,3,21.0,21.18963,LSTM
2016-05-25,4,21.63,22.949509,LSTM
2016-05-25,5,22.99,24.221006,LSTM
2016-05-25,6,30.92,29.09331,LSTM
2016-05-25,7,35.8,32.323753,LSTM
2016-05-25,8,39.2,35.39265,LSTM
2016-05-25,9,34.99,33.96191,LSTM
2016-05-25,10,34.16,35.438896,LSTM
2016-05-25,11,33.07,35.03204,LSTM
2016-05-25,12,31.02,33.036808,LSTM
2016-05-25,13,28.95,31.65878,LSTM
2016-05-25,14,30.13,32.520462,LSTM
2016-05-25,15,30.12,29.032427,LSTM
2016-05-25,16,30.9,28.629196,LSTM
2016-05-25,17,32.92,30.79594,LSTM
2016-05-25,18,35.8,33.19336,LSTM
2016-05-25,19,36.61,36.334595,LSTM
2016-05-25,20,36.76,35.346695,LSTM
2016-05-25,21,35.49,33.696514,LSTM
2016-05-25,22,34.92,33.69959,LSTM
2016-05-25,23,28.06,27.64902,LSTM
2016-05-26,0,25.74,28.499489,LSTM
2016-05-26,1,24.16,25.832174,LSTM
2016-05-26,2,23.42,24.757994,LSTM
2016-05-26,3,23.27,22.906696,LSTM
2016-05-26,4,23.33,22.012922,LSTM
2016-05-26,5,23.79,21.277397,LSTM
2016-05-26,6,26.15,21.283596,LSTM
2016-05-26,7,30.96,24.386564,LSTM
2016-05-26,8,30.97,25.288643,LSTM
2016-05-26,9,27.94,28.157867,LSTM
2016-05-26,10,25.57,25.161201,LSTM
2016-05-26,11,24.79,23.764915,LSTM
2016-05-26,12,25.46,23.939085,LSTM
2016-05-26,13,24.71,20.817677,LSTM
2016-05-26,14,24.69,21.029825,LSTM
2016-05-26,15,25.16,19.923695,LSTM
2016-05-26,16,25.76,20.363619,LSTM
2016-05-26,17,28.07,23.451008,LSTM
2016-05-26,18,34.0,26.688904,LSTM
2016-05-26,19,35.27,29.262161,LSTM
2016-05-26,20,34.95,31.535694,LSTM
2016-05-26,21,32.94,30.91925,LSTM
2016-05-26,22,33.1,32.173973,LSTM
2016-05-26,23,26.94,27.728394,LSTM
2016-05-27,0,24.43,25.489946,LSTM
2016-05-27,1,23.42,24.025978,LSTM
2016-05-27,2,21.95,22.761942,LSTM
2016-05-27,3,20.61,22.297382,LSTM
2016-05-27,4,21.69,23.807505,LSTM
2016-05-27,5,23.45,25.010742,LSTM
2016-05-27,6,27.88,29.587027,LSTM
2016-05-27,7,32.99,34.26004,LSTM
2016-05-27,8,35.48,39.87654,LSTM
2016-05-27,9,34.26,36.24134,LSTM
2016-05-27,10,32.95,38.016132,LSTM
2016-05-27,11,32.91,37.591824,LSTM
2016-05-27,12,30.37,35.502907,LSTM
2016-05-27,13,27.2,31.935886,LSTM
2016-05-27,14,26.64,31.799097,LSTM
2016-05-27,15,26.86,29.53887,LSTM
2016-05-27,16,27.68,30.584711,LSTM
2016-05-27,17,30.96,34.545254,LSTM
2016-05-27,18,32.91,34.493767,LSTM
2016-05-27,19,33.2,37.13781,LSTM
2016-05-27,20,32.19,34.197067,LSTM
2016-05-27,21,31.85,33.125465,LSTM
2016-05-27,22,30.23,33.60917,LSTM
2016-05-27,23,25.99,27.1334,LSTM
2016-05-28,0,28.92,24.010826,LSTM
2016-05-28,1,24.38,22.094374,LSTM
2016-05-28,2,22.79,19.505957,LSTM
2016-05-28,3,22.14,19.910284,LSTM
2016-05-28,4,21.69,18.798502,LSTM
2016-05-28,5,21.91,18.993946,LSTM
2016-05-28,6,22.56,19.14927,LSTM
2016-05-28,7,24.02,21.946182,LSTM
2016-05-28,8,26.57,25.774529,LSTM
2016-05-28,9,26.95,26.750168,LSTM
2016-05-28,10,24.46,25.958038,LSTM
2016-05-28,11,23.49,23.750751,LSTM
2016-05-28,12,22.87,23.411095,LSTM
2016-05-28,13,22.06,20.601751,LSTM
2016-05-28,14,21.47,19.08402,LSTM
2016-05-28,15,20.42,18.111393,LSTM
2016-05-28,16,20.0,18.213642,LSTM
2016-05-28,17,22.01,21.808514,LSTM
2016-05-28,18,25.57,23.84004,LSTM
2016-05-28,19,26.42,25.434221,LSTM
2016-05-28,20,27.1,23.645039,LSTM
2016-05-28,21,25.69,24.171314,LSTM
2016-05-28,22,23.37,25.175678,LSTM
2016-05-28,23,22.31,19.939701,LSTM
2016-05-29,0,18.03,16.48309,LSTM
2016-05-29,1,13.15,14.162691,LSTM
2016-05-29,2,12.97,12.7596245,LSTM
2016-05-29,3,13.17,11.767869,LSTM
2016-05-29,4,8.9,10.791056,LSTM
2016-05-29,5,6.16,10.946734,LSTM
2016-05-29,6,10.58,7.6384163,LSTM
2016-05-29,7,13.87,9.311459,LSTM
2016-05-29,8,14.67,11.619898,LSTM
2016-05-29,9,15.23,14.044443,LSTM
2016-05-29,10,12.87,16.236115,LSTM
2016-05-29,11,14.03,16.042227,LSTM
2016-05-29,12,10.46,13.810812,LSTM
2016-05-29,13,8.57,8.979101,LSTM
2016-05-29,14,4.6,8.500273,LSTM
2016-05-29,15,3.78,4.042139,LSTM
2016-05-29,16,5.32,6.317848,LSTM
2016-05-29,17,8.42,8.865286,LSTM
2016-05-29,18,18.08,13.198284,LSTM
2016-05-29,19,21.88,19.246674,LSTM
2016-05-29,20,22.77,20.035873,LSTM
2016-05-29,21,23.04,20.139153,LSTM
2016-05-29,22,23.1,21.205956,LSTM
2016-05-29,23,19.73,15.390921,LSTM
2016-05-30,0,18.07,16.128641,LSTM
2016-05-30,1,13.87,15.411537,LSTM
2016-05-30,2,12.27,12.355313,LSTM
2016-05-30,3,11.28,11.715524,LSTM
2016-05-30,4,11.86,11.637018,LSTM
2016-05-30,5,18.01,17.420681,LSTM
2016-05-30,6,26.16,28.221369,LSTM
2016-05-30,7,34.94,34.6166,LSTM
2016-05-30,8,35.25,35.54184,LSTM
2016-05-30,9,35.43,32.91707,LSTM
2016-05-30,10,34.79,29.168,LSTM
2016-05-30,11,34.25,27.397524,LSTM
2016-05-30,12,29.0,25.37242,LSTM
2016-05-30,13,26.33,25.040112,LSTM
2016-05-30,14,25.08,25.980331,LSTM
2016-05-30,15,24.67,23.420746,LSTM
2016-05-30,16,25.06,24.2112,LSTM
2016-05-30,17,25.47,30.388512,LSTM
2016-05-30,18,28.74,30.712143,LSTM
2016-05-30,19,28.99,34.305336,LSTM
2016-05-30,20,25.48,31.77391,LSTM
2016-05-30,21,24.68,27.769344,LSTM
2016-05-30,22,23.9,25.039322,LSTM
2016-05-30,23,21.94,19.275673,LSTM
2016-05-31,0,21.17,21.557587,LSTM
2016-05-31,1,19.25,20.903688,LSTM
2016-05-31,2,16.44,17.815842,LSTM
2016-05-31,3,16.09,18.455593,LSTM
2016-05-31,4,17.31,18.324648,LSTM
2016-05-31,5,20.98,21.673405,LSTM
2016-05-31,6,24.52,28.422583,LSTM
2016-05-31,7,32.93,35.07332,LSTM
2016-05-31,8,35.81,34.337143,LSTM
2016-05-31,9,35.47,33.0718,LSTM
2016-05-31,10,34.94,30.219397,LSTM
2016-05-31,11,35.8,29.52277,LSTM
2016-05-31,12,32.78,28.316114,LSTM
2016-05-31,13,30.94,28.13939,LSTM
2016-05-31,14,30.57,28.308146,LSTM
2016-05-31,15,28.82,28.878563,LSTM
2016-05-31,16,29.26,28.875843,LSTM
2016-05-31,17,32.37,33.91597,LSTM
2016-05-31,18,34.94,36.2139,LSTM
2016-05-31,19,35.92,36.793148,LSTM
2016-05-31,20,32.95,34.07914,LSTM
2016-05-31,21,31.98,30.715666,LSTM
2016-05-31,22,30.78,29.838303,LSTM
2016-05-31,23,26.15,25.16536,LSTM
2016-06-01,0,24.0,23.023277,LSTM
2016-06-01,1,22.23,22.279253,LSTM
2016-06-01,2,21.07,19.140478,LSTM
2016-06-01,3,20.08,19.178297,LSTM
2016-06-01,4,20.18,19.128304,LSTM
2016-06-01,5,23.1,22.653511,LSTM
2016-06-01,6,29.9,30.17712,LSTM
2016-06-01,7,37.49,36.61106,LSTM
2016-06-01,8,40.87,38.37536,LSTM
2016-06-01,9,41.0,37.152096,LSTM
2016-06-01,10,40.44,35.415756,LSTM
2016-06-01,11,40.51,35.776035,LSTM
2016-06-01,12,36.64,32.576862,LSTM
2016-06-01,13,32.11,31.033186,LSTM
2016-06-01,14,30.9,29.968647,LSTM
2016-06-01,15,28.96,28.189438,LSTM
2016-06-01,16,28.12,27.445026,LSTM
2016-06-01,17,30.11,29.35764,LSTM
2016-06-01,18,32.66,30.854958,LSTM
2016-06-01,19,32.92,31.645113,LSTM
2016-06-01,20,30.95,30.30717,LSTM
2016-06-01,21,29.57,27.091448,LSTM
2016-06-01,22,30.9,25.600964,LSTM
2016-06-01,23,26.64,21.302792,LSTM
2016-06-02,0,21.96,24.190662,LSTM
2016-06-02,1,20.75,22.44952,LSTM
2016-06-02,2,20.06,20.937176,LSTM
2016-06-02,3,20.0,20.572088,LSTM
2016-06-02,4,20.0,20.07013,LSTM
2016-06-02,5,22.37,23.586607,LSTM
2016-06-02,6,29.03,30.418863,LSTM
2016-06-02,7,37.97,38.2634,LSTM
2016-06-02,8,39.54,38.63175,LSTM
2016-06-02,9,37.98,37.473667,LSTM
2016-06-02,10,37.09,34.42825,LSTM
2016-06-02,11,36.37,34.818203,LSTM
2016-06-02,12,32.08,32.559,LSTM
2016-06-02,13,28.67,30.215519,LSTM
2016-06-02,14,26.68,29.87684,LSTM
2016-06-02,15,25.95,29.497639,LSTM
2016-06-02,16,25.92,30.793037,LSTM
2016-06-02,17,28.22,34.27681,LSTM
2016-06-02,18,31.84,34.681084,LSTM
2016-06-02,19,32.96,36.552715,LSTM
2016-06-02,20,31.96,35.526333,LSTM
2016-06-02,21,29.46,31.75212,LSTM
2016-06-02,22,29.16,31.567764,LSTM
2016-06-02,23,24.59,26.237597,LSTM
2016-06-03,0,24.1,23.116976,LSTM
2016-06-03,1,21.68,21.824987,LSTM
2016-06-03,2,21.22,19.973269,LSTM
2016-06-03,3,20.64,20.060776,LSTM
2016-06-03,4,20.9,19.281021,LSTM
2016-06-03,5,22.5,23.640312,LSTM
2016-06-03,6,27.46,30.601074,LSTM
2016-06-03,7,35.45,36.55237,LSTM
2016-06-03,8,40.08,37.852474,LSTM
2016-06-03,9,39.93,36.50261,LSTM
2016-06-03,10,36.44,33.407326,LSTM
2016-06-03,11,35.64,32.946873,LSTM
2016-06-03,12,30.92,30.998209,LSTM
2016-06-03,13,27.77,28.67127,LSTM
2016-06-03,14,25.28,26.59092,LSTM
2016-06-03,15,25.26,27.702274,LSTM
2016-06-03,16,25.49,28.253729,LSTM
2016-06-03,17,28.0,30.2381,LSTM
2016-06-03,18,31.82,33.732185,LSTM
2016-06-03,19,33.61,36.623276,LSTM
2016-06-03,20,31.98,35.6763,LSTM
2016-06-03,21,30.66,32.35719,LSTM
2016-06-03,22,32.16,32.270935,LSTM
2016-06-03,23,28.94,27.131641,LSTM
2016-06-04,0,23.72,26.497355,LSTM
2016-06-04,1,23.21,24.308367,LSTM
2016-06-04,2,21.63,23.57817,LSTM
2016-06-04,3,21.29,22.854542,LSTM
2016-06-04,4,21.26,21.773132,LSTM
2016-06-04,5,21.3,22.672009,LSTM
2016-06-04,6,21.53,23.445385,LSTM
2016-06-04,7,23.5,25.956032,LSTM
2016-06-04,8,27.49,26.890583,LSTM
2016-06-04,9,28.98,28.231857,LSTM
2016-06-04,10,26.56,24.752306,LSTM
2016-06-04,11,26.91,22.94915,LSTM
2016-06-04,12,25.73,24.388947,LSTM
2016-06-04,13,22.78,22.49041,LSTM
2016-06-04,14,21.58,21.319885,LSTM
2016-06-04,15,21.41,22.520565,LSTM
2016-06-04,16,21.53,22.586458,LSTM
2016-06-04,17,25.29,27.343899,LSTM
2016-06-04,18,28.19,30.806805,LSTM
2016-06-04,19,30.07,32.895954,LSTM
2016-06-04,20,29.87,31.66177,LSTM
2016-06-04,21,29.88,30.889774,LSTM
2016-06-04,22,30.99,32.394375,LSTM
2016-06-04,23,28.88,27.859894,LSTM
2016-06-05,0,24.43,27.303654,LSTM
2016-06-05,1,22.0,23.767221,LSTM
2016-06-05,2,20.08,23.23039,LSTM
2016-06-05,3,19.08,21.681232,LSTM
2016-06-05,4,18.03,19.55482,LSTM
2016-06-05,5,16.61,19.03526,LSTM
2016-06-05,6,16.09,17.418846,LSTM
2016-06-05,7,17.78,18.163902,LSTM
2016-06-05,8,17.89,19.580816,LSTM
2016-06-05,9,17.08,22.122639,LSTM
2016-06-05,10,17.84,18.01363,LSTM
2016-06-05,11,18.48,17.626966,LSTM
2016-06-05,12,17.94,18.965828,LSTM
2016-06-05,13,15.15,16.510689,LSTM
2016-06-05,14,14.47,14.328178,LSTM
2016-06-05,15,14.03,16.112719,LSTM
2016-06-05,16,14.54,16.91006,LSTM
2016-06-05,17,18.62,23.006872,LSTM
2016-06-05,18,23.91,27.734528,LSTM
2016-06-05,19,26.92,31.360138,LSTM
2016-06-05,20,28.85,32.28779,LSTM
2016-06-05,21,29.14,32.541985,LSTM
2016-06-05,22,30.74,34.10074,LSTM
2016-06-05,23,27.93,29.2314,LSTM
2016-06-06,0,24.59,24.325737,LSTM
2016-06-06,1,22.76,23.286682,LSTM
2016-06-06,2,21.87,21.70887,LSTM
2016-06-06,3,21.19,21.968712,LSTM
2016-06-06,4,21.15,20.164417,LSTM
2016-06-06,5,22.71,22.662292,LSTM
2016-06-06,6,29.98,28.479994,LSTM
2016-06-06,7,36.16,34.124916,LSTM
2016-06-06,8,37.82,34.105576,LSTM
2016-06-06,9,34.94,34.806686,LSTM
2016-06-06,10,32.57,28.59342,LSTM
2016-06-06,11,31.93,28.50874,LSTM
2016-06-06,12,28.63,28.004387,LSTM
2016-06-06,13,28.08,25.893513,LSTM
2016-06-06,14,28.78,25.508339,LSTM
2016-06-06,15,29.63,26.548033,LSTM
2016-06-06,16,30.99,26.787708,LSTM
2016-06-06,17,34.68,30.936287,LSTM
2016-06-06,18,38.76,32.32213,LSTM
2016-06-06,19,41.06,36.14373,LSTM
2016-06-06,20,37.31,34.905334,LSTM
2016-06-06,21,34.2,31.306696,LSTM
2016-06-06,22,33.81,31.360954,LSTM
2016-06-06,23,28.79,26.318092,LSTM
2016-06-07,0,24.85,27.853811,LSTM
2016-06-07,1,23.34,25.128883,LSTM
2016-06-07,2,22.59,24.62738,LSTM
2016-06-07,3,21.58,23.979689,LSTM
2016-06-07,4,21.67,23.260248,LSTM
2016-06-07,5,22.09,24.60608,LSTM
2016-06-07,6,29.68,29.51845,LSTM
2016-06-07,7,35.82,35.027122,LSTM
2016-06-07,8,39.48,35.311104,LSTM
2016-06-07,9,34.49,34.240784,LSTM
2016-06-07,10,29.15,30.819588,LSTM
2016-06-07,11,28.8,30.717615,LSTM
2016-06-07,12,25.94,29.282495,LSTM
2016-06-07,13,25.59,27.978788,LSTM
2016-06-07,14,25.18,26.409973,LSTM
2016-06-07,15,26.41,29.304604,LSTM
2016-06-07,16,27.53,30.467823,LSTM
2016-06-07,17,32.13,32.29181,LSTM
2016-06-07,18,36.02,35.72405,LSTM
2016-06-07,19,38.48,40.754196,LSTM
2016-06-07,20,34.9,38.997696,LSTM
2016-06-07,21,32.97,36.198383,LSTM
2016-06-07,22,32.59,36.957344,LSTM
2016-06-07,23,27.54,31.67755,LSTM
2016-06-08,0,25.98,27.837303,LSTM
2016-06-08,1,23.89,27.100882,LSTM
2016-06-08,2,22.83,24.6982,LSTM
2016-06-08,3,21.68,24.553143,LSTM
2016-06-08,4,21.54,23.947113,LSTM
2016-06-08,5,23.38,25.47297,LSTM
2016-06-08,6,28.21,30.987999,LSTM
2016-06-08,7,35.07,37.83759,LSTM
2016-06-08,8,41.31,38.15172,LSTM
2016-06-08,9,37.33,35.856026,LSTM
2016-06-08,10,34.25,32.20371,LSTM
2016-06-08,11,32.99,30.488266,LSTM
2016-06-08,12,28.52,27.838608,LSTM
2016-06-08,13,27.6,26.225758,LSTM
2016-06-08,14,27.18,25.880125,LSTM
2016-06-08,15,26.37,25.753563,LSTM
2016-06-08,16,26.0,25.287554,LSTM
2016-06-08,17,28.24,28.03725,LSTM
2016-06-08,18,30.68,31.161674,LSTM
2016-06-08,19,32.9,35.346046,LSTM
2016-06-08,20,32.12,34.692997,LSTM
2016-06-08,21,32.55,32.03425,LSTM
2016-06-08,22,30.9,30.508276,LSTM
2016-06-08,23,26.5,25.354218,LSTM
2016-06-09,0,23.67,25.39272,LSTM
2016-06-09,1,21.87,24.818306,LSTM
2016-06-09,2,20.81,23.875769,LSTM
2016-06-09,3,20.58,23.432266,LSTM
2016-06-09,4,21.11,24.02214,LSTM
2016-06-09,5,23.06,26.559277,LSTM
2016-06-09,6,28.03,32.04601,LSTM
2016-06-09,7,33.97,38.502537,LSTM
2016-06-09,8,43.08,40.197124,LSTM
2016-06-09,9,44.0,37.96801,LSTM
2016-06-09,10,42.89,37.979713,LSTM
2016-06-09,11,41.4,39.49689,LSTM
2016-06-09,12,34.99,34.349262,LSTM
2016-06-09,13,33.93,31.147713,LSTM
2016-06-09,14,30.2,30.35197,LSTM
2016-06-09,15,27.34,26.958126,LSTM
2016-06-09,16,27.01,27.438515,LSTM
2016-06-09,17,28.84,27.539867,LSTM
2016-06-09,18,32.95,30.84007,LSTM
2016-06-09,19,34.94,33.681274,LSTM
2016-06-09,20,33.7,33.467854,LSTM
2016-06-09,21,31.51,31.353216,LSTM
2016-06-09,22,30.49,30.975458,LSTM
2016-06-09,23,25.89,25.983824,LSTM
2016-06-10,0,23.55,24.207489,LSTM
2016-06-10,1,21.57,22.20593,LSTM
2016-06-10,2,21.03,19.682287,LSTM
2016-06-10,3,19.91,19.249086,LSTM
2016-06-10,4,19.16,19.353004,LSTM
2016-06-10,5,20.97,21.325804,LSTM
2016-06-10,6,27.25,27.225487,LSTM
2016-06-10,7,33.94,33.812065,LSTM
2016-06-10,8,35.95,30.847734,LSTM
2016-06-10,9,30.97,26.756752,LSTM
2016-06-10,10,24.68,21.782085,LSTM
2016-06-10,11,24.47,22.048445,LSTM
2016-06-10,12,22.52,19.50082,LSTM
2016-06-10,13,21.37,20.36821,LSTM
2016-06-10,14,21.06,19.454372,LSTM
2016-06-10,15,21.8,20.886137,LSTM
2016-06-10,16,23.09,21.072632,LSTM
2016-06-10,17,26.29,24.591927,LSTM
2016-06-10,18,30.01,30.707293,LSTM
2016-06-10,19,32.85,36.005207,LSTM
2016-06-10,20,32.06,36.365326,LSTM
2016-06-10,21,31.67,35.412266,LSTM
2016-06-10,22,32.86,35.083385,LSTM
2016-06-10,23,29.45,29.809248,LSTM
2016-06-11,0,26.14,27.48604,LSTM
2016-06-11,1,24.2,26.846382,LSTM
2016-06-11,2,23.01,23.678593,LSTM
2016-06-11,3,21.57,26.060432,LSTM
2016-06-11,4,21.71,25.177847,LSTM
2016-06-11,5,21.25,24.228037,LSTM
2016-06-11,6,21.82,22.590496,LSTM
2016-06-11,7,22.85,26.172985,LSTM
2016-06-11,8,26.06,27.484165,LSTM
2016-06-11,9,29.47,31.000221,LSTM
2016-06-11,10,29.46,30.575863,LSTM
2016-06-11,11,30.03,27.16103,LSTM
2016-06-11,12,28.49,27.470839,LSTM
2016-06-11,13,25.69,24.275015,LSTM
2016-06-11,14,23.85,24.5482,LSTM
2016-06-11,15,23.8,24.65186,LSTM
2016-06-11,16,24.06,22.218115,LSTM
2016-06-11,17,27.92,26.192059,LSTM
2016-06-11,18,30.23,27.368092,LSTM
2016-06-11,19,31.47,30.976452,LSTM
2016-06-11,20,31.85,28.998268,LSTM
2016-06-11,21,29.47,29.656687,LSTM
2016-06-11,22,30.94,30.77386,LSTM
2016-06-11,23,27.73,27.045973,LSTM
2016-06-12,0,22.74,22.904793,LSTM
2016-06-12,1,18.6,20.418486,LSTM
2016-06-12,2,18.58,17.939081,LSTM
2016-06-12,3,18.58,18.503756,LSTM
2016-06-12,4,18.54,17.400227,LSTM
2016-06-12,5,17.5,17.09164,LSTM
2016-06-12,6,17.58,16.3474,LSTM
2016-06-12,7,19.16,16.896475,LSTM
2016-06-12,8,21.57,19.865166,LSTM
2016-06-12,9,22.91,22.214687,LSTM
2016-06-12,10,21.19,23.76015,LSTM
2016-06-12,11,25.3,24.711662,LSTM
2016-06-12,12,22.94,22.052711,LSTM
2016-06-12,13,19.16,19.612972,LSTM
2016-06-12,14,18.53,16.469927,LSTM
2016-06-12,15,19.07,15.973836,LSTM
2016-06-12,16,21.06,16.438194,LSTM
2016-06-12,17,23.93,18.108265,LSTM
2016-06-12,18,27.52,22.627752,LSTM
2016-06-12,19,29.78,28.613049,LSTM
2016-06-12,20,31.33,29.550888,LSTM
2016-06-12,21,29.4,29.626545,LSTM
2016-06-12,22,29.81,30.659414,LSTM
2016-06-12,23,23.24,26.322506,LSTM
2016-06-13,0,21.34,23.62911,LSTM
2016-06-13,1,19.46,22.308126,LSTM
2016-06-13,2,17.63,19.136784,LSTM
2016-06-13,3,18.37,19.274014,LSTM
2016-06-13,4,18.57,20.442085,LSTM
2016-06-13,5,21.03,22.750475,LSTM
2016-06-13,6,27.31,30.82851,LSTM
2016-06-13,7,33.49,36.45016,LSTM
2016-06-13,8,37.13,42.41149,LSTM
2016-06-13,9,39.91,38.927467,LSTM
2016-06-13,10,38.17,40.32166,LSTM
2016-06-13,11,39.09,41.958015,LSTM
2016-06-13,12,34.23,37.67073,LSTM
2016-06-13,13,32.32,36.43198,LSTM
2016-06-13,14,31.68,34.272343,LSTM
2016-06-13,15,30.89,30.464157,LSTM
2016-06-13,16,29.38,32.549618,LSTM
2016-06-13,17,30.45,33.76731,LSTM
2016-06-13,18,31.75,33.922123,LSTM
2016-06-13,19,32.97,36.108807,LSTM
2016-06-13,20,32.58,35.871708,LSTM
2016-06-13,21,29.98,32.276928,LSTM
2016-06-13,22,29.31,32.280334,LSTM
2016-06-13,23,26.14,26.91292,LSTM
2016-06-14,0,24.82,25.544592,LSTM
2016-06-14,1,22.76,24.437632,LSTM
2016-06-14,2,21.88,21.852304,LSTM
2016-06-14,3,21.64,22.283123,LSTM
2016-06-14,4,22.04,22.777632,LSTM
2016-06-14,5,23.0,24.197428,LSTM
2016-06-14,6,27.4,30.24756,LSTM
2016-06-14,7,35.29,34.719948,LSTM
2016-06-14,8,38.39,40.18552,LSTM
2016-06-14,9,38.44,37.08187,LSTM
2016-06-14,10,37.25,37.558746,LSTM
2016-06-14,11,35.83,39.41424,LSTM
2016-06-14,12,32.0,35.79546,LSTM
2016-06-14,13,29.37,34.41431,LSTM
2016-06-14,14,27.55,31.885363,LSTM
2016-06-14,15,27.38,30.417906,LSTM
2016-06-14,16,28.64,30.95509,LSTM
2016-06-14,17,32.51,33.31682,LSTM
2016-06-14,18,35.08,35.17761,LSTM
2016-06-14,19,37.5,37.374172,LSTM
2016-06-14,20,36.0,36.188427,LSTM
2016-06-14,21,32.01,33.86298,LSTM
2016-06-14,22,30.1,34.3697,LSTM
2016-06-14,23,26.59,29.142689,LSTM
2016-06-15,0,26.19,26.515184,LSTM
2016-06-15,1,25.34,25.492786,LSTM
2016-06-15,2,24.32,22.577957,LSTM
2016-06-15,3,23.73,22.66583,LSTM
2016-06-15,4,23.52,24.269577,LSTM
2016-06-15,5,25.31,24.916082,LSTM
2016-06-15,6,28.37,30.615927,LSTM
2016-06-15,7,35.91,36.197937,LSTM
2016-06-15,8,38.79,41.486313,LSTM
2016-06-15,9,36.2,36.843796,LSTM
2016-06-15,10,35.91,37.648098,LSTM
2016-06-15,11,35.51,38.63974,LSTM
2016-06-15,12,30.21,35.456398,LSTM
2016-06-15,13,28.29,33.990402,LSTM
2016-06-15,14,27.99,33.081085,LSTM
2016-06-15,15,27.73,30.867579,LSTM
2016-06-15,16,29.12,30.757061,LSTM
2016-06-15,17,31.0,33.755642,LSTM
2016-06-15,18,34.53,35.15016,LSTM
2016-06-15,19,36.91,36.287857,LSTM
2016-06-15,20,35.49,36.323013,LSTM
2016-06-15,21,33.25,34.483303,LSTM
2016-06-15,22,33.02,34.12695,LSTM
2016-06-15,23,27.33,28.747168,LSTM
2016-06-16,0,26.46,27.181732,LSTM
2016-06-16,1,25.64,25.301432,LSTM
2016-06-16,2,24.6,23.417393,LSTM
2016-06-16,3,23.61,22.243917,LSTM
2016-06-16,4,23.99,23.11212,LSTM
2016-06-16,5,24.95,24.761425,LSTM
2016-06-16,6,29.84,29.91159,LSTM
2016-06-16,7,37.82,35.508347,LSTM
2016-06-16,8,39.74,37.595863,LSTM
2016-06-16,9,35.43,35.45176,LSTM
2016-06-16,10,34.88,32.923748,LSTM
2016-06-16,11,33.76,31.654848,LSTM
2016-06-16,12,29.71,31.389696,LSTM
2016-06-16,13,26.98,29.328106,LSTM
2016-06-16,14,27.44,30.72185,LSTM
2016-06-16,15,28.47,30.43917,LSTM
2016-06-16,16,31.75,30.119436,LSTM
2016-06-16,17,33.03,33.891407,LSTM
2016-06-16,18,34.71,35.9922,LSTM
2016-06-16,19,35.2,38.147232,LSTM
2016-06-16,20,35.28,35.8158,LSTM
2016-06-16,21,33.02,32.994484,LSTM
2016-06-16,22,31.05,32.857143,LSTM
2016-06-16,23,26.62,26.991228,LSTM
2016-06-17,0,25.9,26.36676,LSTM
2016-06-17,1,23.73,25.277359,LSTM
2016-06-17,2,22.16,24.019844,LSTM
2016-06-17,3,21.37,24.279598,LSTM
2016-06-17,4,21.72,23.22386,LSTM
2016-06-17,5,22.45,25.694262,LSTM
2016-06-17,6,27.85,30.665852,LSTM
2016-06-17,7,35.3,36.732487,LSTM
2016-06-17,8,39.7,39.706722,LSTM
2016-06-17,9,37.5,38.083908,LSTM
2016-06-17,10,34.94,36.72738,LSTM
2016-06-17,11,33.25,34.87234,LSTM
2016-06-17,12,28.81,31.700167,LSTM
2016-06-17,13,24.97,28.58885,LSTM
2016-06-17,14,23.92,25.24125,LSTM
2016-06-17,15,23.01,23.962103,LSTM
2016-06-17,16,23.06,25.12902,LSTM
2016-06-17,17,26.55,27.599167,LSTM
2016-06-17,18,30.72,31.132694,LSTM
2016-06-17,19,32.15,34.413322,LSTM
2016-06-17,20,30.59,33.664764,LSTM
2016-06-17,21,28.16,31.81012,LSTM
2016-06-17,22,29.08,31.783636,LSTM
2016-06-17,23,26.07,27.35962,LSTM
2016-06-18,0,23.06,22.91366,LSTM
2016-06-18,1,22.45,20.513065,LSTM
2016-06-18,2,21.02,18.411367,LSTM
2016-06-18,3,20.09,18.625439,LSTM
2016-06-18,4,20.06,17.574066,LSTM
2016-06-18,5,18.75,17.675858,LSTM
2016-06-18,6,20.73,17.992897,LSTM
2016-06-18,7,22.75,22.071087,LSTM
2016-06-18,8,24.47,22.218233,LSTM
2016-06-18,9,23.0,23.181416,LSTM
2016-06-18,10,21.64,21.129784,LSTM
2016-06-18,11,21.08,19.766201,LSTM
2016-06-18,12,16.04,19.195717,LSTM
2016-06-18,13,12.85,18.824802,LSTM
2016-06-18,14,15.93,15.961836,LSTM
2016-06-18,15,18.67,18.393631,LSTM
2016-06-18,16,21.49,18.869324,LSTM
2016-06-18,17,23.38,23.093985,LSTM
2016-06-18,18,26.53,27.770205,LSTM
2016-06-18,19,27.28,29.7248,LSTM
2016-06-18,20,26.83,29.399036,LSTM
2016-06-18,21,26.97,29.07901,LSTM
2016-06-18,22,28.0,30.55361,LSTM
2016-06-18,23,24.48,25.963558,LSTM
2016-06-19,0,20.64,21.960701,LSTM
2016-06-19,1,15.16,19.322174,LSTM
2016-06-19,2,13.04,16.751802,LSTM
2016-06-19,3,10.88,17.521265,LSTM
2016-06-19,4,15.04,15.754377,LSTM
2016-06-19,5,13.1,14.386143,LSTM
2016-06-19,6,10.16,12.141117,LSTM
2016-06-19,7,10.13,12.696144,LSTM
2016-06-19,8,14.29,13.947586,LSTM
2016-06-19,9,16.98,16.693262,LSTM
2016-06-19,10,17.55,19.424109,LSTM
2016-06-19,11,19.08,19.872047,LSTM
2016-06-19,12,17.12,16.569054,LSTM
2016-06-19,13,11.63,13.934446,LSTM
2016-06-19,14,9.04,9.99559,LSTM
2016-06-19,15,8.9,9.246328,LSTM
2016-06-19,16,11.79,10.851263,LSTM
2016-06-19,17,19.04,12.933979,LSTM
2016-06-19,18,22.97,19.757444,LSTM
2016-06-19,19,26.95,26.493628,LSTM
2016-06-19,20,27.8,28.995945,LSTM
2016-06-19,21,29.88,30.208702,LSTM
2016-06-19,22,29.26,31.514572,LSTM
2016-06-19,23,27.14,27.663015,LSTM
2016-06-20,0,24.92,25.299112,LSTM
2016-06-20,1,21.6,24.577482,LSTM
2016-06-20,2,20.4,20.887598,LSTM
2016-06-20,3,17.45,20.462034,LSTM
2016-06-20,4,17.05,20.053467,LSTM
2016-06-20,5,19.99,21.894205,LSTM
2016-06-20,6,28.97,30.484562,LSTM
2016-06-20,7,34.42,36.363937,LSTM
2016-06-20,8,34.94,36.38702,LSTM
2016-06-20,9,29.44,33.30696,LSTM
2016-06-20,10,26.84,29.0298,LSTM
2016-06-20,11,26.95,28.810902,LSTM
2016-06-20,12,25.51,26.648006,LSTM
2016-06-20,13,25.24,29.197063,LSTM
2016-06-20,14,25.44,27.27898,LSTM
2016-06-20,15,25.49,27.400803,LSTM
2016-06-20,16,25.19,26.871706,LSTM
2016-06-20,17,27.74,28.834797,LSTM
2016-06-20,18,32.97,31.165112,LSTM
2016-06-20,19,34.96,34.25459,LSTM
2016-06-20,20,33.57,32.299786,LSTM
2016-06-20,21,31.76,28.037766,LSTM
2016-06-20,22,30.74,26.705462,LSTM
2016-06-20,23,25.38,20.894705,LSTM
2016-06-21,0,24.23,24.396494,LSTM
2016-06-21,1,23.37,23.801725,LSTM
2016-06-21,2,22.34,19.19721,LSTM
2016-06-21,3,21.23,20.65552,LSTM
2016-06-21,4,21.89,21.933884,LSTM
2016-06-21,5,23.93,23.301794,LSTM
2016-06-21,6,29.54,31.10905,LSTM
2016-06-21,7,38.73,36.729572,LSTM
2016-06-21,8,40.78,43.422554,LSTM
2016-06-21,9,42.59,40.598618,LSTM
2016-06-21,10,41.79,44.569225,LSTM
2016-06-21,11,43.73,46.082115,LSTM
2016-06-21,12,39.59,41.714417,LSTM
2016-06-21,13,37.64,40.978214,LSTM
2016-06-21,14,35.84,38.047085,LSTM
2016-06-21,15,34.16,36.405155,LSTM
2016-06-21,16,32.45,33.829727,LSTM
2016-06-21,17,33.05,35.453808,LSTM
2016-06-21,18,34.94,35.973583,LSTM
2016-06-21,19,35.91,38.487904,LSTM
2016-06-21,20,37.44,36.62297,LSTM
2016-06-21,21,34.98,34.86082,LSTM
2016-06-21,22,33.93,34.148617,LSTM
2016-06-21,23,30.0,27.95798,LSTM
2016-06-22,0,28.06,28.633423,LSTM
2016-06-22,1,24.95,26.962463,LSTM
2016-06-22,2,23.95,25.409557,LSTM
2016-06-22,3,23.14,24.072638,LSTM
2016-06-22,4,22.97,25.470879,LSTM
2016-06-22,5,24.06,26.318056,LSTM
2016-06-22,6,29.98,31.278074,LSTM
2016-06-22,7,40.0,36.35607,LSTM
2016-06-22,8,42.0,40.324062,LSTM
2016-06-22,9,40.0,37.03414,LSTM
2016-06-22,10,37.27,37.166016,LSTM
2016-06-22,11,36.62,36.336742,LSTM
2016-06-22,12,33.6,34.89105,LSTM
2016-06-22,13,30.29,33.32405,LSTM
2016-06-22,14,28.94,32.67264,LSTM
2016-06-22,15,28.93,31.869068,LSTM
2016-06-22,16,30.31,30.970388,LSTM
2016-06-22,17,33.7,33.568905,LSTM
2016-06-22,18,38.12,35.612267,LSTM
2016-06-22,19,39.8,37.661728,LSTM
2016-06-22,20,38.3,37.20801,LSTM
2016-06-22,21,37.39,36.26284,LSTM
2016-06-22,22,35.98,35.81362,LSTM
2016-06-22,23,30.35,29.53416,LSTM
2016-06-23,0,28.09,27.568943,LSTM
2016-06-23,1,25.64,25.32806,LSTM
2016-06-23,2,24.38,24.114126,LSTM
2016-06-23,3,23.3,22.57,LSTM
2016-06-23,4,23.24,22.099644,LSTM
2016-06-23,5,24.14,23.769611,LSTM
2016-06-23,6,28.16,30.362831,LSTM
2016-06-23,7,35.91,36.73973,LSTM
2016-06-23,8,35.91,36.193546,LSTM
2016-06-23,9,34.97,32.959557,LSTM
2016-06-23,10,29.78,28.657135,LSTM
2016-06-23,11,27.95,27.48116,LSTM
2016-06-23,12,25.62,26.342945,LSTM
2016-06-23,13,25.08,26.258623,LSTM
2016-06-23,14,25.37,26.39891,LSTM
2016-06-23,15,25.71,26.735891,LSTM
2016-06-23,16,27.31,27.698656,LSTM
2016-06-23,17,30.83,30.442516,LSTM
2016-06-23,18,35.92,34.041378,LSTM
2016-06-23,19,40.06,38.81138,LSTM
2016-06-23,20,38.04,36.14542,LSTM
2016-06-23,21,32.72,32.352135,LSTM
2016-06-23,22,30.77,31.672064,LSTM
2016-06-23,23,26.99,25.762037,LSTM
2016-06-24,0,26.03,25.405468,LSTM
2016-06-24,1,24.56,24.15068,LSTM
2016-06-24,2,24.08,22.09896,LSTM
2016-06-24,3,23.36,20.937277,LSTM
2016-06-24,4,23.91,22.172709,LSTM
2016-06-24,5,26.43,23.371294,LSTM
2016-06-24,6,31.86,27.930656,LSTM
2016-06-24,7,37.03,35.56153,LSTM
2016-06-24,8,38.84,36.92889,LSTM
2016-06-24,9,34.46,32.49096,LSTM
2016-06-24,10,31.96,30.697048,LSTM
2016-06-24,11,30.01,28.32159,LSTM
2016-06-24,12,29.93,27.199236,LSTM
2016-06-24,13,28.27,25.371675,LSTM
2016-06-24,14,28.66,26.491638,LSTM
2016-06-24,15,28.38,26.52848,LSTM
2016-06-24,16,29.63,26.021866,LSTM
2016-06-24,17,31.65,31.292229,LSTM
2016-06-24,18,34.98,36.824345,LSTM
2016-06-24,19,35.53,36.975098,LSTM
2016-06-24,20,34.95,35.036644,LSTM
2016-06-24,21,33.28,35.972553,LSTM
2016-06-24,22,34.12,35.01904,LSTM
2016-06-24,23,32.04,29.515789,LSTM
2016-06-25,0,30.14,30.026123,LSTM
2016-06-25,1,28.97,27.491528,LSTM
2016-06-25,2,26.64,26.531864,LSTM
2016-06-25,3,24.28,26.304039,LSTM
2016-06-25,4,23.35,24.501278,LSTM
2016-06-25,5,23.0,23.50081,LSTM
2016-06-25,6,24.0,22.698486,LSTM
2016-06-25,7,26.93,25.407963,LSTM
2016-06-25,8,30.25,28.08081,LSTM
2016-06-25,9,32.96,31.812819,LSTM
2016-06-25,10,33.86,29.305082,LSTM
2016-06-25,11,32.95,27.897507,LSTM
2016-06-25,12,30.06,28.29269,LSTM
2016-06-25,13,27.81,27.253958,LSTM
2016-06-25,14,25.08,24.045677,LSTM
2016-06-25,15,24.43,24.76517,LSTM
2016-06-25,16,24.43,24.657469,LSTM
2016-06-25,17,27.31,27.547459,LSTM
2016-06-25,18,29.42,28.511698,LSTM
2016-06-25,19,30.53,31.119099,LSTM
2016-06-25,20,29.8,31.287231,LSTM
2016-06-25,21,28.81,29.744154,LSTM
2016-06-25,22,29.61,31.087753,LSTM
2016-06-25,23,27.02,26.794437,LSTM
2016-06-26,0,17.29,20.56107,LSTM
2016-06-26,1,12.78,16.095863,LSTM
2016-06-26,2,14.25,14.636642,LSTM
2016-06-26,3,13.35,14.551614,LSTM
2016-06-26,4,13.08,13.162581,LSTM
2016-06-26,5,12.43,12.447213,LSTM
2016-06-26,6,11.53,10.848991,LSTM
2016-06-26,7,12.63,12.920361,LSTM
2016-06-26,8,13.46,12.63282,LSTM
2016-06-26,9,13.51,14.735476,LSTM
2016-06-26,10,9.79,13.164255,LSTM
2016-06-26,11,12.86,13.141743,LSTM
2016-06-26,12,12.08,12.639692,LSTM
2016-06-26,13,9.29,10.346764,LSTM
2016-06-26,14,8.05,9.000521,LSTM
2016-06-26,15,9.19,10.0468445,LSTM
2016-06-26,16,11.67,11.524986,LSTM
2016-06-26,17,15.79,16.917608,LSTM
2016-06-26,18,23.76,22.856667,LSTM
2016-06-26,19,26.79,28.192596,LSTM
2016-06-26,20,29.97,28.187054,LSTM
2016-06-26,21,28.46,29.192524,LSTM
2016-06-26,22,31.91,32.037083,LSTM
2016-06-26,23,28.12,26.20339,LSTM
2016-06-27,0,24.1,22.658255,LSTM
2016-06-27,1,20.99,20.439156,LSTM
2016-06-27,2,19.04,18.797749,LSTM
2016-06-27,3,16.29,17.564857,LSTM
2016-06-27,4,16.12,18.545395,LSTM
2016-06-27,5,19.02,20.53469,LSTM
2016-06-27,6,27.75,28.102688,LSTM
2016-06-27,7,33.07,31.027508,LSTM
2016-06-27,8,34.26,35.122173,LSTM
2016-06-27,9,31.02,33.353893,LSTM
2016-06-27,10,26.57,31.861418,LSTM
2016-06-27,11,26.29,30.814354,LSTM
2016-06-27,12,24.82,30.606508,LSTM
2016-06-27,13,25.38,29.27489,LSTM
2016-06-27,14,24.87,29.47501,LSTM
2016-06-27,15,25.95,29.641415,LSTM
2016-06-27,16,25.92,28.817497,LSTM
2016-06-27,17,28.08,31.699621,LSTM
2016-06-27,18,34.98,34.82364,LSTM
2016-06-27,19,39.05,37.413506,LSTM
2016-06-27,20,38.31,36.349037,LSTM
2016-06-27,21,36.52,35.864468,LSTM
2016-06-27,22,36.4,35.563023,LSTM
2016-06-27,23,31.69,28.573822,LSTM
2016-06-28,0,26.84,28.452087,LSTM
2016-06-28,1,24.4,26.344494,LSTM
2016-06-28,2,24.09,24.836315,LSTM
2016-06-28,3,23.13,24.695469,LSTM
2016-06-28,4,22.76,25.055376,LSTM
2016-06-28,5,24.19,25.097897,LSTM
2016-06-28,6,30.0,30.343508,LSTM
2016-06-28,7,40.08,37.2083,LSTM
2016-06-28,8,41.91,42.042645,LSTM
2016-06-28,9,41.98,40.14966,LSTM
2016-06-28,10,38.94,37.93517,LSTM
2016-06-28,11,37.88,39.3824,LSTM
2016-06-28,12,35.36,36.1337,LSTM
2016-06-28,13,34.08,33.56793,LSTM
2016-06-28,14,32.62,31.53153,LSTM
2016-06-28,15,31.37,32.05666,LSTM
2016-06-28,16,30.89,32.42789,LSTM
2016-06-28,17,36.04,34.859352,LSTM
2016-06-28,18,39.85,37.40192,LSTM
2016-06-28,19,41.74,37.920563,LSTM
2016-06-28,20,38.99,37.598236,LSTM
2016-06-28,21,34.56,35.084187,LSTM
2016-06-28,22,33.84,34.788284,LSTM
2016-06-28,23,28.34,30.68059,LSTM
2016-06-29,0,24.03,25.015802,LSTM
2016-06-29,1,22.14,22.237099,LSTM
2016-06-29,2,20.64,19.565357,LSTM
2016-06-29,3,19.91,18.634085,LSTM
2016-06-29,4,19.17,20.179106,LSTM
2016-06-29,5,19.99,20.936983,LSTM
2016-06-29,6,24.58,28.090664,LSTM
2016-06-29,7,32.91,33.82473,LSTM
2016-06-29,8,34.94,35.790333,LSTM
2016-06-29,9,31.82,30.856949,LSTM
2016-06-29,10,26.05,27.551678,LSTM
2016-06-29,11,24.71,25.753311,LSTM
2016-06-29,12,23.92,22.807274,LSTM
2016-06-29,13,23.6,22.8527,LSTM
2016-06-29,14,23.4,22.14257,LSTM
2016-06-29,15,23.96,24.32149,LSTM
2016-06-29,16,23.71,24.34742,LSTM
2016-06-29,17,26.54,30.084211,LSTM
2016-06-29,18,33.46,35.54968,LSTM
2016-06-29,19,38.99,38.01517,LSTM
2016-06-29,20,37.49,39.247456,LSTM
2016-06-29,21,34.98,38.77146,LSTM
2016-06-29,22,34.94,36.647705,LSTM
2016-06-29,23,29.96,31.748442,LSTM
2016-06-30,0,25.16,25.911734,LSTM
2016-06-30,1,23.34,24.065771,LSTM
2016-06-30,2,22.08,21.80046,LSTM
2016-06-30,3,20.11,21.630249,LSTM
2016-06-30,4,19.82,22.436806,LSTM
2016-06-30,5,21.58,24.444427,LSTM
2016-06-30,6,26.61,30.725094,LSTM
2016-06-30,7,34.94,34.62462,LSTM
2016-06-30,8,39.86,36.645283,LSTM
2016-06-30,9,38.24,35.84781,LSTM
2016-06-30,10,38.49,36.102047,LSTM
2016-06-30,11,36.0,36.730812,LSTM
2016-06-30,12,30.69,33.77701,LSTM
2016-06-30,13,27.63,31.827929,LSTM
2016-06-30,14,25.8,32.040062,LSTM
2016-06-30,15,26.17,31.1576,LSTM
2016-06-30,16,26.28,30.453661,LSTM
2016-06-30,17,29.77,30.78799,LSTM
2016-06-30,18,34.23,33.629196,LSTM
2016-06-30,19,38.28,38.084217,LSTM
2016-06-30,20,34.91,37.50231,LSTM
2016-06-30,21,31.11,35.761696,LSTM
2016-06-30,22,32.38,35.799446,LSTM
2016-06-30,23,27.72,29.756392,LSTM
2016-07-01,0,29.36,25.056234,LSTM
2016-07-01,1,24.69,23.18886,LSTM
2016-07-01,2,23.42,21.245132,LSTM
2016-07-01,3,21.91,20.751354,LSTM
2016-07-01,4,20.19,20.93408,LSTM
2016-07-01,5,22.44,21.688038,LSTM
2016-07-01,6,26.84,27.058044,LSTM
2016-07-01,7,33.58,33.455544,LSTM
2016-07-01,8,35.78,33.737236,LSTM
2016-07-01,9,29.8,28.956457,LSTM
2016-07-01,10,24.0,25.605785,LSTM
2016-07-01,11,23.26,24.93863,LSTM
2016-07-01,12,22.56,21.771702,LSTM
2016-07-01,13,22.09,21.94559,LSTM
2016-07-01,14,22.09,20.495682,LSTM
2016-07-01,15,24.22,20.736904,LSTM
2016-07-01,16,27.0,21.274086,LSTM
2016-07-01,17,28.75,22.814632,LSTM
2016-07-01,18,32.43,29.220882,LSTM
2016-07-01,19,33.95,32.525955,LSTM
2016-07-01,20,32.67,30.851044,LSTM
2016-07-01,21,30.07,31.100332,LSTM
2016-07-01,22,31.91,31.236135,LSTM
2016-07-01,23,27.59,26.149658,LSTM
2016-07-02,0,22.03,21.750195,LSTM
2016-07-02,1,20.38,18.596848,LSTM
2016-07-02,2,19.4,14.316637,LSTM
2016-07-02,3,17.09,14.9516945,LSTM
2016-07-02,4,16.79,14.342279,LSTM
2016-07-02,5,16.58,13.356765,LSTM
2016-07-02,6,17.99,13.234493,LSTM
2016-07-02,7,20.05,13.5597725,LSTM
2016-07-02,8,21.41,17.903503,LSTM
2016-07-02,9,23.71,22.019712,LSTM
2016-07-02,10,22.04,20.873455,LSTM
2016-07-02,11,22.03,22.610447,LSTM
2016-07-02,12,21.87,20.747553,LSTM
2016-07-02,13,20.86,19.17936,LSTM
2016-07-02,14,19.4,18.626274,LSTM
2016-07-02,15,18.52,18.217422,LSTM
2016-07-02,16,17.95,17.756866,LSTM
2016-07-02,17,19.96,22.091383,LSTM
2016-07-02,18,23.11,24.344559,LSTM
2016-07-02,19,25.33,25.09691,LSTM
2016-07-02,20,25.48,23.650734,LSTM
2016-07-02,21,25.03,25.570288,LSTM
2016-07-02,22,25.97,27.958147,LSTM
2016-07-02,23,22.4,23.900148,LSTM
2016-07-03,0,18.07,16.957083,LSTM
2016-07-03,1,9.32,12.547576,LSTM
2016-07-03,2,7.88,10.943276,LSTM
2016-07-03,3,6.97,10.637289,LSTM
2016-07-03,4,8.82,10.078255,LSTM
2016-07-03,5,7.77,8.256878,LSTM
2016-07-03,6,8.14,7.0008507,LSTM
2016-07-03,7,8.82,7.074148,LSTM
2016-07-03,8,12.2,9.838907,LSTM
2016-07-03,9,9.92,11.376032,LSTM
2016-07-03,10,8.92,9.880537,LSTM
2016-07-03,11,8.86,11.172548,LSTM
2016-07-03,12,8.92,9.9695,LSTM
2016-07-03,13,7.09,8.622414,LSTM
2016-07-03,14,6.98,5.9564,LSTM
2016-07-03,15,7.14,8.1507015,LSTM
2016-07-03,16,8.97,10.209766,LSTM
2016-07-03,17,18.08,15.164961,LSTM
2016-07-03,18,22.02,22.736723,LSTM
2016-07-03,19,26.76,24.923145,LSTM
2016-07-03,20,27.97,27.26701,LSTM
2016-07-03,21,30.49,29.825039,LSTM
2016-07-03,22,32.35,31.887959,LSTM
2016-07-03,23,29.37,27.574165,LSTM
2016-07-04,0,25.73,23.833721,LSTM
2016-07-04,1,22.73,21.65756,LSTM
2016-07-04,2,22.26,20.786995,LSTM
2016-07-04,3,21.65,20.764753,LSTM
2016-07-04,4,21.69,19.424583,LSTM
2016-07-04,5,23.37,21.90074,LSTM
2016-07-04,6,31.93,29.778954,LSTM
2016-07-04,7,35.19,35.629635,LSTM
2016-07-04,8,37.93,37.805798,LSTM
2016-07-04,9,33.54,37.702038,LSTM
2016-07-04,10,32.91,32.854553,LSTM
2016-07-04,11,31.68,33.18466,LSTM
2016-07-04,12,29.98,30.93691,LSTM
2016-07-04,13,29.33,27.934395,LSTM
2016-07-04,14,29.75,26.367071,LSTM
2016-07-04,15,29.26,29.806498,LSTM
2016-07-04,16,30.47,29.01769,LSTM
2016-07-04,17,32.9,32.193794,LSTM
2016-07-04,18,35.98,36.355606,LSTM
2016-07-04,19,38.41,41.252666,LSTM
2016-07-04,20,38.65,40.133343,LSTM
2016-07-04,21,35.56,37.926785,LSTM
2016-07-04,22,34.96,36.4084,LSTM
2016-07-04,23,33.98,32.496647,LSTM
2016-07-05,0,29.93,28.017828,LSTM
2016-07-05,1,27.0,26.893105,LSTM
2016-07-05,2,25.46,26.058529,LSTM
2016-07-05,3,23.88,26.610174,LSTM
2016-07-05,4,23.43,23.909132,LSTM
2016-07-05,5,25.31,26.03505,LSTM
2016-07-05,6,30.28,32.00404,LSTM
2016-07-05,7,34.94,40.888966,LSTM
2016-07-05,8,36.46,45.127132,LSTM
2016-07-05,9,35.05,43.809883,LSTM
2016-07-05,10,32.54,37.53688,LSTM
2016-07-05,11,31.46,36.716854,LSTM
2016-07-05,12,28.6,32.756245,LSTM
2016-07-05,13,26.52,29.061535,LSTM
2016-07-05,14,24.34,24.493776,LSTM
2016-07-05,15,22.28,27.084433,LSTM
2016-07-05,16,22.14,24.105482,LSTM
2016-07-05,17,23.01,26.786339,LSTM
2016-07-05,18,24.6,30.18103,LSTM
2016-07-05,19,27.57,31.94392,LSTM
2016-07-05,20,26.9,31.456648,LSTM
2016-07-05,21,23.95,31.096006,LSTM
2016-07-05,22,22.89,28.252691,LSTM
2016-07-05,23,18.96,24.978474,LSTM
2016-07-06,0,8.18,13.726331,LSTM
2016-07-06,1,9.26,9.620964,LSTM
2016-07-06,2,8.17,6.5132704,LSTM
2016-07-06,3,5.84,7.270748,LSTM
2016-07-06,4,4.9,7.4154644,LSTM
2016-07-06,5,10.72,10.373899,LSTM
2016-07-06,6,20.09,15.659236,LSTM
2016-07-06,7,24.54,27.354744,LSTM
2016-07-06,8,24.15,23.280457,LSTM
2016-07-06,9,20.12,18.907372,LSTM
2016-07-06,10,13.19,13.249302,LSTM
2016-07-06,11,13.15,17.287003,LSTM
2016-07-06,12,9.36,11.918982,LSTM
2016-07-06,13,8.17,11.753473,LSTM
2016-07-06,14,2.55,10.352463,LSTM
2016-07-06,15,9.23,14.046291,LSTM
2016-07-06,16,11.6,14.643217,LSTM
2016-07-06,17,14.73,17.229946,LSTM
2016-07-06,18,23.32,26.884815,LSTM
2016-07-06,19,28.27,25.377785,LSTM
2016-07-06,20,29.32,28.778187,LSTM
2016-07-06,21,29.6,29.12039,LSTM
2016-07-06,22,31.75,29.008406,LSTM
2016-07-06,23,28.84,23.305136,LSTM
2016-07-07,0,29.09,26.002117,LSTM
2016-07-07,1,25.56,23.81521,LSTM
2016-07-07,2,24.21,23.547699,LSTM
2016-07-07,3,22.11,22.093676,LSTM
2016-07-07,4,22.98,21.315626,LSTM
2016-07-07,5,23.74,23.89349,LSTM
2016-07-07,6,30.6,29.039099,LSTM
2016-07-07,7,34.28,34.37916,LSTM
2016-07-07,8,35.71,36.102413,LSTM
2016-07-07,9,31.51,36.311615,LSTM
2016-07-07,10,28.83,31.554943,LSTM
2016-07-07,11,28.79,32.738216,LSTM
2016-07-07,12,26.91,30.184074,LSTM
2016-07-07,13,25.97,27.335928,LSTM
2016-07-07,14,24.66,26.065245,LSTM
2016-07-07,15,25.41,26.596853,LSTM
2016-07-07,16,27.01,29.113127,LSTM
2016-07-07,17,30.42,31.095533,LSTM
2016-07-07,18,34.68,32.851948,LSTM
2016-07-07,19,37.77,37.28707,LSTM
2016-07-07,20,37.91,39.790936,LSTM
2016-07-07,21,32.49,37.45478,LSTM
2016-07-07,22,36.53,37.45559,LSTM
2016-07-07,23,32.8,30.773901,LSTM
2016-07-08,0,28.62,27.516865,LSTM
2016-07-08,1,26.52,26.740158,LSTM
2016-07-08,2,25.04,25.506334,LSTM
2016-07-08,3,23.46,26.348911,LSTM
2016-07-08,4,23.18,23.646091,LSTM
2016-07-08,5,25.02,25.594376,LSTM
2016-07-08,6,30.0,29.623165,LSTM
2016-07-08,7,34.99,36.88952,LSTM
2016-07-08,8,38.62,38.58402,LSTM
2016-07-08,9,35.26,40.24332,LSTM
2016-07-08,10,33.36,32.253906,LSTM
2016-07-08,11,32.93,33.54495,LSTM
2016-07-08,12,30.15,31.447367,LSTM
2016-07-08,13,27.91,27.976713,LSTM
2016-07-08,14,26.53,25.281023,LSTM
2016-07-08,15,25.91,25.129124,LSTM
2016-07-08,16,26.94,26.497475,LSTM
2016-07-08,17,27.38,30.685251,LSTM
2016-07-08,18,28.54,31.329815,LSTM
2016-07-08,19,29.79,30.261652,LSTM
2016-07-08,20,28.1,31.456732,LSTM
2016-07-08,21,26.91,30.304918,LSTM
2016-07-08,22,28.08,31.020409,LSTM
2016-07-08,23,24.61,27.45774,LSTM
2016-07-09,0,20.7,21.06207,LSTM
2016-07-09,1,18.61,15.912491,LSTM
2016-07-09,2,17.39,15.388187,LSTM
2016-07-09,3,19.0,15.050325,LSTM
2016-07-09,4,17.1,15.077515,LSTM
2016-07-09,5,17.01,15.149485,LSTM
2016-07-09,6,18.12,16.822277,LSTM
2016-07-09,7,22.32,19.021845,LSTM
2016-07-09,8,21.99,22.251297,LSTM
2016-07-09,9,21.78,21.530544,LSTM
2016-07-09,10,16.99,19.727163,LSTM
2016-07-09,11,16.99,22.355732,LSTM
2016-07-09,12,15.32,18.519476,LSTM
2016-07-09,13,8.98,17.591055,LSTM
2016-07-09,14,11.64,13.272985,LSTM
2016-07-09,15,11.25,17.11943,LSTM
2016-07-09,16,16.9,19.32155,LSTM
2016-07-09,17,22.0,23.079803,LSTM
2016-07-09,18,27.92,31.858807,LSTM
2016-07-09,19,30.63,32.711983,LSTM
2016-07-09,20,30.25,35.412117,LSTM
2016-07-09,21,29.86,36.010174,LSTM
2016-07-09,22,30.61,38.089405,LSTM
2016-07-09,23,28.0,34.253277,LSTM
2016-07-10,0,23.17,18.929186,LSTM
2016-07-10,1,18.54,13.81617,LSTM
2016-07-10,2,15.04,12.9133,LSTM
2016-07-10,3,11.96,12.2643,LSTM
2016-07-10,4,11.17,11.531195,LSTM
2016-07-10,5,9.91,9.314088,LSTM
2016-07-10,6,10.63,6.6532955,LSTM
2016-07-10,7,10.1,5.322756,LSTM
2016-07-10,8,12.36,7.233433,LSTM
2016-07-10,9,10.64,8.245022,LSTM
2016-07-10,10,7.62,7.454777,LSTM
2016-07-10,11,9.12,10.721119,LSTM
2016-07-10,12,6.88,7.235653,LSTM
2016-07-10,13,-0.08,4.569599,LSTM
2016-07-10,14,-0.9,0.43288612,LSTM
2016-07-10,15,3.96,4.342659,LSTM
2016-07-10,16,10.14,6.049984,LSTM
2016-07-10,17,19.5,9.431932,LSTM
2016-07-10,18,24.18,20.476706,LSTM
2016-07-10,19,29.93,27.649403,LSTM
2016-07-10,20,30.91,28.742609,LSTM
2016-07-10,21,30.92,30.02973,LSTM
2016-07-10,22,31.49,31.441109,LSTM
2016-07-10,23,29.81,27.110497,LSTM
2016-07-11,0,20.6,22.841747,LSTM
2016-07-11,1,20.56,21.035084,LSTM
2016-07-11,2,21.08,17.685429,LSTM
2016-07-11,3,19.96,17.275082,LSTM
2016-07-11,4,19.77,16.765728,LSTM
2016-07-11,5,22.1,20.10268,LSTM
2016-07-11,6,27.67,30.410934,LSTM
2016-07-11,7,32.03,35.62548,LSTM
2016-07-11,8,32.94,37.478905,LSTM
2016-07-11,9,29.95,32.999153,LSTM
2016-07-11,10,26.28,27.036417,LSTM
2016-07-11,11,24.91,25.471745,LSTM
2016-07-11,12,22.09,22.598381,LSTM
2016-07-11,13,20.4,21.111473,LSTM
2016-07-11,14,20.08,18.162844,LSTM
2016-07-11,15,20.34,18.87679,LSTM
2016-07-11,16,22.23,19.497047,LSTM
2016-07-11,17,25.45,24.555576,LSTM
2016-07-11,18,28.8,28.514412,LSTM
2016-07-11,19,31.25,33.613495,LSTM
2016-07-11,20,31.48,35.910103,LSTM
2016-07-11,21,30.02,32.83622,LSTM
2016-07-11,22,28.5,28.65715,LSTM
2016-07-11,23,26.97,23.580027,LSTM
2016-07-12,0,25.09,24.721655,LSTM
2016-07-12,1,23.98,22.343185,LSTM
2016-07-12,2,22.39,23.013039,LSTM
2016-07-12,3,22.59,21.842022,LSTM
2016-07-12,4,22.58,22.366198,LSTM
2016-07-12,5,24.51,24.365887,LSTM
2016-07-12,6,28.53,28.72422,LSTM
2016-07-12,7,33.63,34.88637,LSTM
2016-07-12,8,34.94,38.074974,LSTM
2016-07-12,9,31.98,33.651516,LSTM
2016-07-12,10,31.96,34.600304,LSTM
2016-07-12,11,32.7,34.92678,LSTM
2016-07-12,12,31.44,32.994423,LSTM
2016-07-12,13,29.99,30.811014,LSTM
2016-07-12,14,30.22,31.993725,LSTM
2016-07-12,15,30.42,32.911568,LSTM
2016-07-12,16,30.32,31.261372,LSTM
2016-07-12,17,31.91,35.09531,LSTM
2016-07-12,18,33.03,39.811707,LSTM
2016-07-12,19,33.61,40.3405,LSTM
2016-07-12,20,33.06,38.521828,LSTM
2016-07-12,21,33.67,41.660122,LSTM
2016-07-12,22,33.38,40.641945,LSTM
2016-07-12,23,30.84,35.074646,LSTM
2016-07-13,0,27.95,29.472015,LSTM
2016-07-13,1,27.16,28.911331,LSTM
2016-07-13,2,26.05,27.951275,LSTM
2016-07-13,3,25.0,26.535397,LSTM
2016-07-13,4,25.1,28.556477,LSTM
2016-07-13,5,26.18,28.002634,LSTM
2016-07-13,6,31.85,31.17262,LSTM
2016-07-13,7,34.94,38.564217,LSTM
2016-07-13,8,40.42,44.019672,LSTM
2016-07-13,9,40.62,40.09658,LSTM
2016-07-13,10,39.36,39.578556,LSTM
2016-07-13,11,39.66,40.665897,LSTM
2016-07-13,12,36.03,37.70986,LSTM
2016-07-13,13,36.05,34.703045,LSTM
2016-07-13,14,35.36,34.332138,LSTM
2016-07-13,15,32.87,30.71754,LSTM
2016-07-13,16,31.94,29.98551,LSTM
2016-07-13,17,32.94,31.599373,LSTM
2016-07-13,18,34.22,33.604225,LSTM
2016-07-13,19,35.06,32.458683,LSTM
2016-07-13,20,33.01,33.370003,LSTM
2016-07-13,21,30.81,34.907223,LSTM
2016-07-13,22,31.4,34.44507,LSTM
2016-07-13,23,27.86,30.010296,LSTM
2016-07-14,0,23.46,26.501774,LSTM
2016-07-14,1,23.24,25.269127,LSTM
2016-07-14,2,22.1,23.531519,LSTM
2016-07-14,3,21.83,22.882011,LSTM
2016-07-14,4,21.06,22.56205,LSTM
2016-07-14,5,22.05,23.726084,LSTM
2016-07-14,6,24.06,27.361292,LSTM
2016-07-14,7,29.42,36.049335,LSTM
2016-07-14,8,32.05,37.12123,LSTM
2016-07-14,9,31.02,33.856567,LSTM
2016-07-14,10,29.8,29.643398,LSTM
2016-07-14,11,30.43,28.749367,LSTM
2016-07-14,12,27.58,25.790573,LSTM
2016-07-14,13,25.06,25.864426,LSTM
2016-07-14,14,22.54,26.435555,LSTM
2016-07-14,15,20.65,23.3075,LSTM
2016-07-14,16,20.66,23.501104,LSTM
2016-07-14,17,22.09,25.28347,LSTM
2016-07-14,18,25.74,26.650463,LSTM
2016-07-14,19,28.95,28.10752,LSTM
2016-07-14,20,27.93,26.706753,LSTM
2016-07-14,21,25.65,26.874586,LSTM
2016-07-14,22,25.56,25.195507,LSTM
2016-07-14,23,21.85,20.592972,LSTM
2016-07-15,0,18.92,16.658722,LSTM
2016-07-15,1,19.87,15.757912,LSTM
2016-07-15,2,17.02,13.532034,LSTM
2016-07-15,3,13.16,14.364542,LSTM
2016-07-15,4,15.06,14.370605,LSTM
2016-07-15,5,18.88,16.642868,LSTM
2016-07-15,6,23.44,22.242395,LSTM
2016-07-15,7,29.08,27.916039,LSTM
2016-07-15,8,30.08,29.172386,LSTM
2016-07-15,9,31.82,27.055094,LSTM
2016-07-15,10,29.94,24.61383,LSTM
2016-07-15,11,29.73,24.409634,LSTM
2016-07-15,12,27.39,21.761147,LSTM
2016-07-15,13,23.8,21.150908,LSTM
2016-07-15,14,22.93,20.987509,LSTM
2016-07-15,15,22.02,20.588768,LSTM
2016-07-15,16,22.82,18.806787,LSTM
2016-07-15,17,27.71,23.439663,LSTM
2016-07-15,18,31.92,29.618883,LSTM
2016-07-15,19,34.67,31.084923,LSTM
2016-07-15,20,32.73,30.866356,LSTM
2016-07-15,21,32.25,33.77977,LSTM
2016-07-15,22,34.94,34.483097,LSTM
2016-07-15,23,33.78,30.362213,LSTM
2016-07-16,0,27.53,29.192482,LSTM
2016-07-16,1,23.82,27.99815,LSTM
2016-07-16,2,23.0,23.98494,LSTM
2016-07-16,3,22.0,23.73458,LSTM
2016-07-16,4,21.91,22.766571,LSTM
2016-07-16,5,21.79,21.107428,LSTM
2016-07-16,6,22.01,22.512743,LSTM
2016-07-16,7,22.47,22.841175,LSTM
2016-07-16,8,23.34,24.956318,LSTM
2016-07-16,9,22.96,25.9395,LSTM
2016-07-16,10,21.99,25.00244,LSTM
2016-07-16,11,21.93,24.310772,LSTM
2016-07-16,12,22.89,22.918343,LSTM
2016-07-16,13,21.98,23.974657,LSTM
2016-07-16,14,21.93,20.224495,LSTM
2016-07-16,15,22.21,21.074268,LSTM
2016-07-16,16,23.36,19.254175,LSTM
2016-07-16,17,25.38,21.12425,LSTM
2016-07-16,18,30.3,26.316145,LSTM
2016-07-16,19,31.92,31.857811,LSTM
2016-07-16,20,30.61,31.796673,LSTM
2016-07-16,21,30.99,31.660368,LSTM
2016-07-16,22,32.16,32.032352,LSTM
2016-07-16,23,27.78,26.21851,LSTM
2016-07-17,0,24.53,24.623156,LSTM
2016-07-17,1,21.04,22.7111,LSTM
2016-07-17,2,21.03,21.17629,LSTM
2016-07-17,3,20.17,21.597326,LSTM
2016-07-17,4,19.57,19.31226,LSTM
2016-07-17,5,19.4,17.47721,LSTM
2016-07-17,6,19.01,16.386631,LSTM
2016-07-17,7,20.96,19.460863,LSTM
2016-07-17,8,21.13,20.336323,LSTM
2016-07-17,9,22.3,22.549118,LSTM
2016-07-17,10,20.77,21.159266,LSTM
2016-07-17,11,21.99,23.685581,LSTM
2016-07-17,12,21.03,20.522198,LSTM
2016-07-17,13,16.19,19.233212,LSTM
2016-07-17,14,13.06,14.932777,LSTM
2016-07-17,15,13.06,14.697998,LSTM
2016-07-17,16,13.02,15.042398,LSTM
2016-07-17,17,20.03,17.299065,LSTM
2016-07-17,18,22.4,23.154629,LSTM
2016-07-17,19,27.37,26.624882,LSTM
2016-07-17,20,28.07,29.242714,LSTM
2016-07-17,21,30.09,29.43818,LSTM
2016-07-17,22,30.57,29.82521,LSTM
2016-07-17,23,29.0,26.942305,LSTM
2016-07-18,0,26.03,25.514069,LSTM
2016-07-18,1,24.05,23.749174,LSTM
2016-07-18,2,23.31,23.415705,LSTM
2016-07-18,3,22.58,21.323236,LSTM
2016-07-18,4,23.02,20.99239,LSTM
2016-07-18,5,23.81,22.8141,LSTM
2016-07-18,6,28.82,29.374327,LSTM
2016-07-18,7,33.09,33.441128,LSTM
2016-07-18,8,35.39,35.494576,LSTM
2016-07-18,9,32.98,34.174854,LSTM
2016-07-18,10,30.53,29.361828,LSTM
2016-07-18,11,30.22,29.90334,LSTM
2016-07-18,12,27.17,29.96545,LSTM
2016-07-18,13,27.92,26.851467,LSTM
2016-07-18,14,26.4,26.012712,LSTM
2016-07-18,15,26.51,26.42936,LSTM
2016-07-18,16,26.76,26.781609,LSTM
2016-07-18,17,29.95,29.88489,LSTM
2016-07-18,18,33.0,34.7314,LSTM
2016-07-18,19,39.39,38.444176,LSTM
2016-07-18,20,40.0,39.63134,LSTM
2016-07-18,21,38.61,38.091362,LSTM
2016-07-18,22,35.9,38.084595,LSTM
2016-07-18,23,30.45,33.280495,LSTM
2016-07-19,0,27.59,29.336945,LSTM
2016-07-19,1,27.09,26.858082,LSTM
2016-07-19,2,26.41,27.22637,LSTM
2016-07-19,3,25.89,25.564077,LSTM
2016-07-19,4,25.61,25.044939,LSTM
2016-07-19,5,26.14,25.766062,LSTM
2016-07-19,6,31.0,30.504812,LSTM
2016-07-19,7,36.99,35.89541,LSTM
2016-07-19,8,40.01,36.84297,LSTM
2016-07-19,9,35.7,34.57303,LSTM
2016-07-19,10,32.99,31.354992,LSTM
2016-07-19,11,32.91,31.100176,LSTM
2016-07-19,12,31.38,30.319057,LSTM
2016-07-19,13,30.91,28.350027,LSTM
2016-07-19,14,30.08,26.871342,LSTM
2016-07-19,15,31.28,27.636086,LSTM
2016-07-19,16,32.4,28.570704,LSTM
2016-07-19,17,35.25,30.347166,LSTM
2016-07-19,18,39.91,33.8639,LSTM
2016-07-19,19,44.0,38.321888,LSTM
2016-07-19,20,37.03,36.917015,LSTM
2016-07-19,21,37.0,34.422543,LSTM
2016-07-19,22,32.92,35.239193,LSTM
2016-07-19,23,27.91,30.267921,LSTM
2016-07-20,0,28.01,27.847187,LSTM
2016-07-20,1,26.32,25.952951,LSTM
2016-07-20,2,25.1,26.45065,LSTM
2016-07-20,3,24.79,24.3179,LSTM
2016-07-20,4,24.83,23.933868,LSTM
2016-07-20,5,25.85,25.02286,LSTM
2016-07-20,6,29.35,29.471565,LSTM
2016-07-20,7,33.52,37.80843,LSTM
2016-07-20,8,36.79,37.08014,LSTM
2016-07-20,9,34.1,33.16367,LSTM
2016-07-20,10,32.39,27.761978,LSTM
2016-07-20,11,31.43,24.78508,LSTM
2016-07-20,12,28.02,25.224583,LSTM
2016-07-20,13,26.63,23.513031,LSTM
2016-07-20,14,25.93,24.281063,LSTM
2016-07-20,15,26.43,25.181705,LSTM
2016-07-20,16,28.08,25.933065,LSTM
2016-07-20,17,31.66,29.284388,LSTM
2016-07-20,18,33.3,32.55623,LSTM
2016-07-20,19,34.48,34.706573,LSTM
2016-07-20,20,33.41,31.184368,LSTM
2016-07-20,21,31.96,29.952087,LSTM
2016-07-20,22,28.94,29.043541,LSTM
2016-07-20,23,25.35,24.759258,LSTM
2016-07-21,0,26.43,24.966251,LSTM
2016-07-21,1,26.46,22.970638,LSTM
2016-07-21,2,25.9,21.428125,LSTM
2016-07-21,3,25.52,20.941345,LSTM
2016-07-21,4,25.55,22.807886,LSTM
2016-07-21,5,27.49,24.843973,LSTM
2016-07-21,6,32.84,30.324102,LSTM
2016-07-21,7,36.61,37.417492,LSTM
2016-07-21,8,39.16,42.047462,LSTM
2016-07-21,9,36.04,37.810482,LSTM
2016-07-21,10,37.02,41.164692,LSTM
2016-07-21,11,36.01,41.699245,LSTM
2016-07-21,12,35.04,39.33441,LSTM
2016-07-21,13,34.24,36.461945,LSTM
2016-07-21,14,32.94,36.701138,LSTM
2016-07-21,15,33.0,35.565662,LSTM
2016-07-21,16,33.31,35.699112,LSTM
2016-07-21,17,34.37,40.31806,LSTM
2016-07-21,18,34.76,39.572823,LSTM
2016-07-21,19,38.38,38.73002,LSTM
2016-07-21,20,35.95,38.530388,LSTM
2016-07-21,21,35.7,38.800808,LSTM
2016-07-21,22,32.92,37.786106,LSTM
2016-07-21,23,31.01,31.224003,LSTM
2016-07-22,0,29.26,28.95663,LSTM
2016-07-22,1,27.24,27.55643,LSTM
2016-07-22,2,27.1,27.01905,LSTM
2016-07-22,3,26.56,25.796345,LSTM
2016-07-22,4,26.5,26.013645,LSTM
2016-07-22,5,28.06,25.966713,LSTM
2016-07-22,6,32.36,30.472258,LSTM
2016-07-22,7,35.99,37.013386,LSTM
2016-07-22,8,36.81,40.218403,LSTM
2016-07-22,9,36.0,37.59647,LSTM
2016-07-22,10,35.16,35.191578,LSTM
2016-07-22,11,34.41,35.2411,LSTM
2016-07-22,12,32.15,33.267178,LSTM
2016-07-22,13,30.78,30.303366,LSTM
2016-07-22,14,30.68,29.023422,LSTM
2016-07-22,15,31.19,27.18639,LSTM
2016-07-22,16,31.62,28.444077,LSTM
2016-07-22,17,32.93,31.20539,LSTM
2016-07-22,18,34.91,33.568108,LSTM
2016-07-22,19,35.96,34.999115,LSTM
2016-07-22,20,33.26,35.605213,LSTM
2016-07-22,21,31.97,32.598442,LSTM
2016-07-22,22,31.96,33.165287,LSTM
2016-07-22,23,29.0,29.347145,LSTM
2016-07-23,0,31.8,27.987873,LSTM
2016-07-23,1,30.83,24.95957,LSTM
2016-07-23,2,29.1,24.424286,LSTM
2016-07-23,3,27.02,24.105272,LSTM
2016-07-23,4,25.77,24.067858,LSTM
2016-07-23,5,25.65,24.12073,LSTM
2016-07-23,6,26.22,23.711535,LSTM
2016-07-23,7,30.32,27.55483,LSTM
2016-07-23,8,31.96,28.222004,LSTM
2016-07-23,9,32.53,29.641945,LSTM
2016-07-23,10,32.26,29.016857,LSTM
2016-07-23,11,31.97,25.678276,LSTM
2016-07-23,12,29.02,26.801071,LSTM
2016-07-23,13,25.25,23.146133,LSTM
2016-07-23,14,24.52,23.61356,LSTM
2016-07-23,15,24.97,24.607937,LSTM
2016-07-23,16,27.72,24.524872,LSTM
2016-07-23,17,30.57,28.858963,LSTM
2016-07-23,18,31.86,31.012459,LSTM
2016-07-23,19,33.62,33.804283,LSTM
2016-07-23,20,32.9,32.90737,LSTM
2016-07-23,21,32.38,32.532463,LSTM
2016-07-23,22,32.14,33.580425,LSTM
2016-07-23,23,29.07,28.921755,LSTM
2016-07-24,0,30.11,26.910988,LSTM
2016-07-24,1,28.11,23.824514,LSTM
2016-07-24,2,25.99,22.52788,LSTM
2016-07-24,3,24.93,21.309322,LSTM
2016-07-24,4,24.25,20.990255,LSTM
2016-07-24,5,23.98,20.040045,LSTM
2016-07-24,6,23.92,17.833153,LSTM
2016-07-24,7,24.79,19.865463,LSTM
2016-07-24,8,25.67,21.540539,LSTM
2016-07-24,9,25.95,22.509777,LSTM
2016-07-24,10,24.87,22.623804,LSTM
2016-07-24,11,25.13,21.470898,LSTM
2016-07-24,12,23.47,22.271942,LSTM
2016-07-24,13,23.82,17.614258,LSTM
2016-07-24,14,23.3,17.157566,LSTM
2016-07-24,15,23.48,17.62658,LSTM
2016-07-24,16,24.76,18.307018,LSTM
2016-07-24,17,26.42,23.031067,LSTM
2016-07-24,18,29.91,28.785484,LSTM
2016-07-24,19,31.94,32.7935,LSTM
2016-07-24,20,32.95,34.509075,LSTM
2016-07-24,21,33.22,36.738075,LSTM
2016-07-24,22,35.93,36.911335,LSTM
2016-07-24,23,33.3,31.730913,LSTM
2016-07-25,0,29.8,29.61389,LSTM
2016-07-25,1,27.32,26.933878,LSTM
2016-07-25,2,26.32,26.725447,LSTM
2016-07-25,3,25.93,25.34205,LSTM
2016-07-25,4,25.92,25.809364,LSTM
2016-07-25,5,27.8,25.964369,LSTM
2016-07-25,6,35.0,31.879938,LSTM
2016-07-25,7,38.08,39.710968,LSTM
2016-07-25,8,39.52,43.209694,LSTM
2016-07-25,9,37.94,41.62557,LSTM
2016-07-25,10,36.47,39.860214,LSTM
2016-07-25,11,36.05,40.48014,LSTM
2016-07-25,12,33.64,38.30479,LSTM
2016-07-25,13,32.95,37.334316,LSTM
2016-07-25,14,32.35,34.796818,LSTM
2016-07-25,15,32.6,35.843502,LSTM
2016-07-25,16,33.32,35.60536,LSTM
2016-07-25,17,35.18,37.19294,LSTM
2016-07-25,18,35.99,40.782715,LSTM
2016-07-25,19,36.59,39.1306,LSTM
2016-07-25,20,36.47,40.04457,LSTM
2016-07-25,21,36.08,38.26266,LSTM
2016-07-25,22,35.47,37.225365,LSTM
2016-07-25,23,30.4,33.36572,LSTM
2016-07-26,0,27.98,29.699518,LSTM
2016-07-26,1,27.5,27.311035,LSTM
2016-07-26,2,26.38,27.415699,LSTM
2016-07-26,3,25.88,26.036469,LSTM
2016-07-26,4,25.91,26.580101,LSTM
2016-07-26,5,26.53,27.007069,LSTM
2016-07-26,6,30.97,32.377495,LSTM
2016-07-26,7,35.9,38.30357,LSTM
2016-07-26,8,39.16,42.69619,LSTM
2016-07-26,9,37.45,41.59334,LSTM
2016-07-26,10,36.46,40.55704,LSTM
2016-07-26,11,37.01,41.140255,LSTM
2016-07-26,12,33.13,38.936184,LSTM
2016-07-26,13,32.91,36.652348,LSTM
2016-07-26,14,31.8,34.324436,LSTM
2016-07-26,15,32.92,34.087444,LSTM
2016-07-26,16,32.26,34.430344,LSTM
2016-07-26,17,34.07,36.149467,LSTM
2016-07-26,18,37.13,38.877697,LSTM
2016-07-26,19,39.3,40.001232,LSTM
2016-07-26,20,37.28,39.895237,LSTM
2016-07-26,21,36.54,38.109856,LSTM
2016-07-26,22,35.81,38.144318,LSTM
2016-07-26,23,30.2,33.43688,LSTM
2016-07-27,0,28.12,29.495634,LSTM
2016-07-27,1,27.61,28.025963,LSTM
2016-07-27,2,26.53,26.685284,LSTM
2016-07-27,3,25.87,25.706959,LSTM
2016-07-27,4,26.0,26.263418,LSTM
2016-07-27,5,26.63,26.583305,LSTM
2016-07-27,6,31.53,31.066578,LSTM
2016-07-27,7,36.43,35.8093,LSTM
2016-07-27,8,39.11,40.61029,LSTM
2016-07-27,9,40.67,39.563496,LSTM
2016-07-27,10,40.92,38.035698,LSTM
2016-07-27,11,41.25,37.927452,LSTM
2016-07-27,12,37.09,36.423615,LSTM
2016-07-27,13,36.53,34.470802,LSTM
2016-07-27,14,33.19,32.408024,LSTM
2016-07-27,15,32.6,31.33884,LSTM
2016-07-27,16,32.7,30.480442,LSTM
2016-07-27,17,33.15,32.263115,LSTM
2016-07-27,18,35.97,34.681534,LSTM
2016-07-27,19,36.61,35.641747,LSTM
2016-07-27,20,36.37,36.439632,LSTM
2016-07-27,21,35.56,35.488976,LSTM
2016-07-27,22,34.04,35.960594,LSTM
2016-07-27,23,29.94,31.498615,LSTM
2016-07-28,0,26.9,27.917736,LSTM
2016-07-28,1,26.39,26.304491,LSTM
2016-07-28,2,25.8,24.89766,LSTM
2016-07-28,3,25.29,24.327383,LSTM
2016-07-28,4,25.26,24.527359,LSTM
2016-07-28,5,26.39,25.641773,LSTM
2016-07-28,6,29.92,31.509132,LSTM
2016-07-28,7,34.91,36.77926,LSTM
2016-07-28,8,36.94,39.410885,LSTM
2016-07-28,9,35.79,36.11955,LSTM
2016-07-28,10,33.93,35.499733,LSTM
2016-07-28,11,33.75,35.46159,LSTM
2016-07-28,12,33.81,33.539806,LSTM
2016-07-28,13,31.79,32.39423,LSTM
2016-07-28,14,30.97,32.22137,LSTM
2016-07-28,15,31.43,32.660538,LSTM
2016-07-28,16,31.43,31.981726,LSTM
2016-07-28,17,32.98,35.456036,LSTM
2016-07-28,18,34.97,37.35566,LSTM
2016-07-28,19,36.72,40.88485,LSTM
2016-07-28,20,35.5,38.12713,LSTM
2016-07-28,21,34.04,36.320896,LSTM
2016-07-28,22,33.93,36.19404,LSTM
2016-07-28,23,29.92,30.206877,LSTM
2016-07-29,0,28.21,26.947874,LSTM
2016-07-29,1,27.04,26.34927,LSTM
2016-07-29,2,26.03,24.030258,LSTM
2016-07-29,3,24.58,23.57469,LSTM
2016-07-29,4,24.84,23.508617,LSTM
2016-07-29,5,25.95,24.921747,LSTM
2016-07-29,6,29.68,29.866858,LSTM
2016-07-29,7,33.99,35.657055,LSTM
2016-07-29,8,36.13,37.71135,LSTM
2016-07-29,9,36.09,34.510784,LSTM
2016-07-29,10,33.75,32.309746,LSTM
2016-07-29,11,33.21,32.21349,LSTM
2016-07-29,12,31.67,29.033497,LSTM
2016-07-29,13,29.5,27.41279,LSTM
2016-07-29,14,27.94,26.66057,LSTM
2016-07-29,15,27.37,24.079033,LSTM
2016-07-29,16,28.09,24.958315,LSTM
2016-07-29,17,29.11,28.76139,LSTM
2016-07-29,18,31.5,32.634052,LSTM
2016-07-29,19,34.13,36.06229,LSTM
2016-07-29,20,32.98,33.60319,LSTM
2016-07-29,21,30.86,32.862362,LSTM
2016-07-29,22,29.81,32.78439,LSTM
2016-07-29,23,28.87,28.168154,LSTM
2016-07-30,0,31.07,25.23413,LSTM
2016-07-30,1,26.51,23.20745,LSTM
2016-07-30,2,25.59,21.612278,LSTM
2016-07-30,3,24.56,21.963413,LSTM
2016-07-30,4,24.17,20.545765,LSTM
2016-07-30,5,24.39,21.00867,LSTM
2016-07-30,6,24.72,20.885952,LSTM
2016-07-30,7,25.46,21.24678,LSTM
2016-07-30,8,26.74,23.74532,LSTM
2016-07-30,9,28.97,25.09969,LSTM
2016-07-30,10,28.38,24.149788,LSTM
2016-07-30,11,27.93,24.96972,LSTM
2016-07-30,12,26.33,23.875732,LSTM
2016-07-30,13,24.79,22.333595,LSTM
2016-07-30,14,23.99,19.62959,LSTM
2016-07-30,15,24.04,20.13258,LSTM
2016-07-30,16,25.04,21.231861,LSTM
2016-07-30,17,26.1,25.31171,LSTM
2016-07-30,18,30.51,30.443634,LSTM
2016-07-30,19,31.92,34.360256,LSTM
2016-07-30,20,32.55,34.53839,LSTM
2016-07-30,21,32.09,34.349834,LSTM
2016-07-30,22,36.02,36.5301,LSTM
2016-07-30,23,32.96,32.676872,LSTM
2016-07-31,0,28.08,27.324003,LSTM
2016-07-31,1,25.36,25.0439,LSTM
2016-07-31,2,23.8,22.938314,LSTM
2016-07-31,3,22.56,23.957012,LSTM
2016-07-31,4,22.14,21.109505,LSTM
2016-07-31,5,21.65,18.946909,LSTM
2016-07-31,6,20.98,16.881317,LSTM
2016-07-31,7,21.99,18.172644,LSTM
2016-07-31,8,23.8,21.161371,LSTM
2016-07-31,9,25.12,24.669136,LSTM
2016-07-31,10,25.28,22.731037,LSTM
2016-07-31,11,26.77,26.413816,LSTM
2016-07-31,12,26.34,24.391472,LSTM
2016-07-31,13,25.56,22.775051,LSTM
2016-07-31,14,24.35,18.13965,LSTM
2016-07-31,15,23.32,19.126343,LSTM
2016-07-31,16,22.78,18.56898,LSTM
2016-07-31,17,25.25,24.32888,LSTM
2016-07-31,18,25.09,30.169174,LSTM
2016-07-31,19,28.23,27.707558,LSTM
2016-07-31,20,28.92,30.924599,LSTM
2016-07-31,21,30.19,31.154678,LSTM
2016-07-31,22,31.39,31.338629,LSTM
2016-07-31,23,27.78,30.454828,LSTM
2016-08-01,0,24.91,25.819304,LSTM
2016-08-01,1,23.79,22.162363,LSTM
2016-08-01,2,22.55,22.25526,LSTM
2016-08-01,3,22.14,21.199217,LSTM
2016-08-01,4,22.42,21.021694,LSTM
2016-08-01,5,23.93,22.688074,LSTM
2016-08-01,6,29.06,27.98896,LSTM
2016-08-01,7,32.17,32.649063,LSTM
2016-08-01,8,35.0,33.94042,LSTM
2016-08-01,9,33.21,33.023907,LSTM
2016-08-01,10,30.13,30.699463,LSTM
2016-08-01,11,29.8,28.734262,LSTM
2016-08-01,12,27.92,28.41366,LSTM
2016-08-01,13,25.93,26.942432,LSTM
2016-08-01,14,27.03,26.1145,LSTM
2016-08-01,15,27.01,28.937458,LSTM
2016-08-01,16,28.48,30.398643,LSTM
2016-08-01,17,32.05,33.72121,LSTM
2016-08-01,18,35.97,37.70173,LSTM
2016-08-01,19,37.15,42.140945,LSTM
2016-08-01,20,38.33,38.229286,LSTM
2016-08-01,21,36.95,36.225178,LSTM
2016-08-01,22,35.99,37.224594,LSTM
2016-08-01,23,31.63,31.71413,LSTM
2016-08-02,0,27.56,28.340176,LSTM
2016-08-02,1,25.79,27.152079,LSTM
2016-08-02,2,25.35,25.828217,LSTM
2016-08-02,3,24.7,24.900333,LSTM
2016-08-02,4,24.27,25.795353,LSTM
2016-08-02,5,25.9,26.090322,LSTM
2016-08-02,6,30.43,30.902567,LSTM
2016-08-02,7,34.87,38.37847,LSTM
2016-08-02,8,36.87,42.75751,LSTM
2016-08-02,9,36.92,43.237244,LSTM
2016-08-02,10,36.97,41.19491,LSTM
2016-08-02,11,38.09,40.9066,LSTM
2016-08-02,12,37.83,39.35904,LSTM
2016-08-02,13,36.85,38.107586,LSTM
2016-08-02,14,35.98,35.72596,LSTM
2016-08-02,15,35.73,34.794506,LSTM
2016-08-02,16,34.92,34.017002,LSTM
2016-08-02,17,35.94,36.15863,LSTM
2016-08-02,18,35.92,36.140213,LSTM
2016-08-02,19,34.95,34.00494,LSTM
2016-08-02,20,32.83,34.39365,LSTM
2016-08-02,21,32.4,32.02288,LSTM
2016-08-02,22,31.19,32.39028,LSTM
2016-08-02,23,28.98,28.583263,LSTM
2016-08-03,0,26.03,26.856312,LSTM
2016-08-03,1,24.53,25.839134,LSTM
2016-08-03,2,23.74,23.257248,LSTM
2016-08-03,3,22.69,22.18121,LSTM
2016-08-03,4,22.48,22.854849,LSTM
2016-08-03,5,23.66,24.025747,LSTM
2016-08-03,6,27.06,29.314972,LSTM
2016-08-03,7,31.82,34.987663,LSTM
2016-08-03,8,33.95,37.409203,LSTM
2016-08-03,9,34.97,34.788517,LSTM
2016-08-03,10,35.02,34.179283,LSTM
2016-08-03,11,34.95,31.87299,LSTM
2016-08-03,12,33.57,29.941036,LSTM
2016-08-03,13,30.04,31.07174,LSTM
2016-08-03,14,28.13,30.144955,LSTM
2016-08-03,15,28.38,28.088057,LSTM
2016-08-03,16,28.45,27.443773,LSTM
2016-08-03,17,29.95,30.497149,LSTM
2016-08-03,18,32.52,31.834248,LSTM
2016-08-03,19,33.0,31.973995,LSTM
2016-08-03,20,31.25,30.738886,LSTM
2016-08-03,21,30.33,29.767242,LSTM
2016-08-03,22,28.99,28.548481,LSTM
2016-08-03,23,26.91,23.377827,LSTM
2016-08-04,0,23.55,23.835907,LSTM
2016-08-04,1,22.43,22.20948,LSTM
2016-08-04,2,20.05,21.031128,LSTM
2016-08-04,3,19.42,19.804487,LSTM
2016-08-04,4,19.83,20.049303,LSTM
2016-08-04,5,22.42,22.829123,LSTM
2016-08-04,6,25.49,28.999525,LSTM
2016-08-04,7,30.01,35.36442,LSTM
2016-08-04,8,33.05,35.058968,LSTM
2016-08-04,9,32.03,33.279102,LSTM
2016-08-04,10,29.01,29.364166,LSTM
2016-08-04,11,27.98,27.975182,LSTM
2016-08-04,12,25.45,27.195688,LSTM
2016-08-04,13,23.58,26.70709,LSTM
2016-08-04,14,23.97,27.89803,LSTM
2016-08-04,15,27.02,26.917595,LSTM
2016-08-04,16,29.29,28.42604,LSTM
2016-08-04,17,32.98,32.640575,LSTM
2016-08-04,18,34.58,35.61942,LSTM
2016-08-04,19,34.9,38.9217,LSTM
2016-08-04,20,34.58,37.4243,LSTM
2016-08-04,21,34.46,35.54706,LSTM
2016-08-04,22,33.91,36.13344,LSTM
2016-08-04,23,29.37,30.156626,LSTM
2016-08-05,0,28.13,27.589897,LSTM
2016-08-05,1,26.83,27.1149,LSTM
2016-08-05,2,25.12,25.798176,LSTM
2016-08-05,3,23.95,25.765646,LSTM
2016-08-05,4,24.07,24.54375,LSTM
2016-08-05,5,26.24,26.11147,LSTM
2016-08-05,6,30.45,30.637547,LSTM
2016-08-05,7,34.01,36.39553,LSTM
2016-08-05,8,37.19,40.924152,LSTM
2016-08-05,9,38.69,41.39669,LSTM
2016-08-05,10,38.54,38.47144,LSTM
2016-08-05,11,38.0,39.147945,LSTM
2016-08-05,12,36.0,34.897953,LSTM
2016-08-05,13,33.96,33.897015,LSTM
2016-08-05,14,31.39,29.45206,LSTM
2016-08-05,15,28.23,28.2643,LSTM
2016-08-05,16,28.46,27.059296,LSTM
2016-08-05,17,31.29,29.4469,LSTM
2016-08-05,18,33.89,31.810883,LSTM
2016-08-05,19,34.4,32.720173,LSTM
2016-08-05,20,34.15,32.17554,LSTM
2016-08-05,21,33.02,30.457607,LSTM
2016-08-05,22,32.3,30.211565,LSTM
2016-08-05,23,28.84,27.793678,LSTM
2016-08-06,0,29.58,28.495987,LSTM
2016-08-06,1,26.68,24.691315,LSTM
2016-08-06,2,25.34,23.975344,LSTM
2016-08-06,3,23.77,22.961943,LSTM
2016-08-06,4,22.4,21.94048,LSTM
2016-08-06,5,22.01,21.508348,LSTM
2016-08-06,6,22.97,22.158773,LSTM
2016-08-06,7,25.02,26.52631,LSTM
2016-08-06,8,26.36,26.158707,LSTM
2016-08-06,9,26.47,26.220188,LSTM
2016-08-06,10,24.94,24.041931,LSTM
2016-08-06,11,23.71,22.135477,LSTM
2016-08-06,12,22.07,19.270271,LSTM
2016-08-06,13,19.81,18.325191,LSTM
2016-08-06,14,18.38,16.256704,LSTM
2016-08-06,15,17.83,15.099797,LSTM
2016-08-06,16,17.18,17.277203,LSTM
2016-08-06,17,22.03,18.994946,LSTM
2016-08-06,18,26.32,23.04441,LSTM
2016-08-06,19,28.96,27.338947,LSTM
2016-08-06,20,28.92,28.673504,LSTM
2016-08-06,21,30.32,28.1776,LSTM
2016-08-06,22,30.44,29.797426,LSTM
2016-08-06,23,28.12,24.956549,LSTM
2016-08-07,0,24.6,25.578028,LSTM
2016-08-07,1,20.05,21.263407,LSTM
2016-08-07,2,17.99,20.57008,LSTM
2016-08-07,3,12.86,19.131384,LSTM
2016-08-07,4,12.38,18.009003,LSTM
2016-08-07,5,12.35,16.121614,LSTM
2016-08-07,6,12.51,12.054819,LSTM
2016-08-07,7,11.93,15.39213,LSTM
2016-08-07,8,12.25,14.597797,LSTM
2016-08-07,9,12.79,14.185438,LSTM
2016-08-07,10,9.95,11.445917,LSTM
2016-08-07,11,8.83,12.23826,LSTM
2016-08-07,12,5.93,8.402634,LSTM
2016-08-07,13,0.02,7.2906933,LSTM
2016-08-07,14,0.04,4.810671,LSTM
2016-08-07,15,2.35,5.3071575,LSTM
2016-08-07,16,5.67,11.6059,LSTM
2016-08-07,17,12.84,15.213476,LSTM
2016-08-07,18,24.7,22.208391,LSTM
2016-08-07,19,27.77,26.512125,LSTM
2016-08-07,20,30.48,28.897623,LSTM
2016-08-07,21,32.37,28.023846,LSTM
2016-08-07,22,32.65,30.18644,LSTM
2016-08-07,23,26.33,24.852287,LSTM
2016-08-08,0,20.62,19.23139,LSTM
2016-08-08,1,16.44,14.255358,LSTM
2016-08-08,2,12.91,12.953896,LSTM
2016-08-08,3,8.16,10.419507,LSTM
2016-08-08,4,8.12,11.487007,LSTM
2016-08-08,5,8.94,12.994687,LSTM
2016-08-08,6,17.85,23.284752,LSTM
2016-08-08,7,23.71,26.238289,LSTM
2016-08-08,8,26.29,29.05384,LSTM
2016-08-08,9,24.02,26.622263,LSTM
2016-08-08,10,20.26,20.756237,LSTM
2016-08-08,11,18.73,19.127422,LSTM
2016-08-08,12,14.28,17.247093,LSTM
2016-08-08,13,13.41,14.373638,LSTM
2016-08-08,14,12.89,15.057798,LSTM
2016-08-08,15,17.92,16.242733,LSTM
2016-08-08,16,20.82,15.651833,LSTM
2016-08-08,17,26.52,22.949627,LSTM
2016-08-08,18,31.29,28.258049,LSTM
2016-08-08,19,34.39,33.276695,LSTM
2016-08-08,20,33.23,37.743645,LSTM
2016-08-08,21,34.0,36.952015,LSTM
2016-08-08,22,33.93,34.90578,LSTM
2016-08-08,23,31.75,30.423016,LSTM
2016-08-09,0,23.88,26.760607,LSTM
2016-08-09,1,23.06,25.358505,LSTM
2016-08-09,2,22.6,21.439514,LSTM
2016-08-09,3,20.32,21.289103,LSTM
2016-08-09,4,19.94,21.513824,LSTM
2016-08-09,5,22.97,24.164133,LSTM
2016-08-09,6,28.33,30.635109,LSTM
2016-08-09,7,32.86,35.41321,LSTM
2016-08-09,8,34.83,39.556732,LSTM
2016-08-09,9,35.03,39.90656,LSTM
2016-08-09,10,34.6,39.095478,LSTM
2016-08-09,11,34.26,38.206367,LSTM
2016-08-09,12,33.6,34.501904,LSTM
2016-08-09,13,32.78,30.700163,LSTM
2016-08-09,14,30.22,29.501913,LSTM
2016-08-09,15,27.84,27.307323,LSTM
2016-08-09,16,25.97,24.388756,LSTM
2016-08-09,17,28.12,26.066517,LSTM
2016-08-09,18,30.35,28.60992,LSTM
2016-08-09,19,32.02,33.18441,LSTM
2016-08-09,20,30.91,31.94588,LSTM
2016-08-09,21,30.47,32.238224,LSTM
2016-08-09,22,29.1,31.346867,LSTM
2016-08-09,23,26.45,25.270674,LSTM
2016-08-10,0,23.35,26.342756,LSTM
2016-08-10,1,23.11,24.518843,LSTM
2016-08-10,2,22.0,22.549042,LSTM
2016-08-10,3,19.99,21.0156,LSTM
2016-08-10,4,20.19,21.703041,LSTM
2016-08-10,5,23.18,24.1566,LSTM
2016-08-10,6,27.59,30.84393,LSTM
2016-08-10,7,32.21,35.334827,LSTM
2016-08-10,8,33.95,38.09236,LSTM
2016-08-10,9,33.5,34.41236,LSTM
2016-08-10,10,32.01,32.842194,LSTM
2016-08-10,11,31.87,32.542233,LSTM
2016-08-10,12,29.66,29.499147,LSTM
2016-08-10,13,26.91,28.708954,LSTM
2016-08-10,14,25.43,27.671516,LSTM
2016-08-10,15,24.51,25.433996,LSTM
2016-08-10,16,24.31,27.113432,LSTM
2016-08-10,17,27.33,29.28981,LSTM
2016-08-10,18,31.48,31.553757,LSTM
2016-08-10,19,33.68,36.54248,LSTM
2016-08-10,20,33.72,36.078,LSTM
2016-08-10,21,33.93,34.716564,LSTM
2016-08-10,22,32.93,34.8845,LSTM
2016-08-10,23,28.65,28.216873,LSTM
2016-08-11,0,24.23,25.549192,LSTM
2016-08-11,1,23.01,24.229609,LSTM
2016-08-11,2,22.72,23.500818,LSTM
2016-08-11,3,20.49,21.071386,LSTM
2016-08-11,4,21.48,20.595184,LSTM
2016-08-11,5,22.77,23.141857,LSTM
2016-08-11,6,27.97,30.433578,LSTM
2016-08-11,7,34.09,34.621174,LSTM
2016-08-11,8,35.67,35.235657,LSTM
2016-08-11,9,33.07,32.358395,LSTM
2016-08-11,10,30.86,26.85231,LSTM
2016-08-11,11,30.48,27.026356,LSTM
2016-08-11,12,28.57,26.696018,LSTM
2016-08-11,13,27.17,25.753778,LSTM
2016-08-11,14,24.99,25.892056,LSTM
2016-08-11,15,25.62,23.143082,LSTM
2016-08-11,16,25.69,26.002419,LSTM
2016-08-11,17,31.4,28.86969,LSTM
2016-08-11,18,34.37,30.938152,LSTM
2016-08-11,19,34.95,31.310778,LSTM
2016-08-11,20,35.11,31.434282,LSTM
2016-08-11,21,34.82,28.024368,LSTM
2016-08-11,22,33.87,27.82983,LSTM
2016-08-11,23,28.82,21.142984,LSTM
2016-08-12,0,24.07,24.96703,LSTM
2016-08-12,1,22.97,25.123644,LSTM
2016-08-12,2,21.05,21.063744,LSTM
2016-08-12,3,19.9,21.86614,LSTM
2016-08-12,4,20.05,22.36179,LSTM
2016-08-12,5,22.98,25.31306,LSTM
2016-08-12,6,27.93,30.910316,LSTM
2016-08-12,7,32.55,36.15325,LSTM
2016-08-12,8,33.8,39.6906,LSTM
2016-08-12,9,34.04,37.920315,LSTM
2016-08-12,10,34.91,40.179752,LSTM
2016-08-12,11,35.25,38.987553,LSTM
2016-08-12,12,34.95,34.40847,LSTM
2016-08-12,13,32.1,33.828594,LSTM
2016-08-12,14,29.5,31.10787,LSTM
2016-08-12,15,27.12,28.84298,LSTM
2016-08-12,16,24.2,26.273369,LSTM
2016-08-12,17,26.9,29.129667,LSTM
2016-08-12,18,28.09,30.022112,LSTM
2016-08-12,19,29.06,32.493084,LSTM
2016-08-12,20,29.13,29.420952,LSTM
2016-08-12,21,28.99,29.619486,LSTM
2016-08-12,22,28.34,28.434074,LSTM
2016-08-12,23,24.7,22.976366,LSTM
2016-08-13,0,21.7,23.750498,LSTM
2016-08-13,1,19.97,19.488605,LSTM
2016-08-13,2,18.09,19.572939,LSTM
2016-08-13,3,16.89,17.179028,LSTM
2016-08-13,4,16.1,15.784384,LSTM
2016-08-13,5,14.46,15.179015,LSTM
2016-08-13,6,16.08,15.852953,LSTM
2016-08-13,7,18.05,19.9444,LSTM
2016-08-13,8,20.06,19.682827,LSTM
2016-08-13,9,20.06,18.20444,LSTM
2016-08-13,10,18.06,13.647598,LSTM
2016-08-13,11,15.85,14.153868,LSTM
2016-08-13,12,13.64,11.546789,LSTM
2016-08-13,13,9.07,11.050377,LSTM
2016-08-13,14,9.11,8.469448,LSTM
2016-08-13,15,10.54,9.043491,LSTM
2016-08-13,16,12.52,14.082319,LSTM
2016-08-13,17,18.77,17.179205,LSTM
2016-08-13,18,24.72,23.65351,LSTM
2016-08-13,19,26.88,28.171568,LSTM
2016-08-13,20,27.7,28.02635,LSTM
2016-08-13,21,29.08,28.18953,LSTM
2016-08-13,22,28.31,30.290188,LSTM
2016-08-13,23,25.73,23.964207,LSTM
2016-08-14,0,23.44,19.354551,LSTM
2016-08-14,1,21.18,15.869446,LSTM
2016-08-14,2,19.61,13.80757,LSTM
2016-08-14,3,19.03,14.816534,LSTM
2016-08-14,4,18.05,12.781802,LSTM
2016-08-14,5,18.08,12.855331,LSTM
2016-08-14,6,18.06,9.846031,LSTM
2016-08-14,7,19.14,8.939037,LSTM
2016-08-14,8,19.9,9.370712,LSTM
2016-08-14,9,18.99,13.79707,LSTM
2016-08-14,10,19.74,12.195246,LSTM
2016-08-14,11,20.46,14.848148,LSTM
2016-08-14,12,19.1,12.902592,LSTM
2016-08-14,13,17.41,9.072098,LSTM
2016-08-14,14,15.99,6.6245384,LSTM
2016-08-14,15,16.57,5.7662373,LSTM
2016-08-14,16,16.89,10.451891,LSTM
2016-08-14,17,20.13,16.418022,LSTM
2016-08-14,18,26.75,20.44353,LSTM
2016-08-14,19,29.57,28.640282,LSTM
2016-08-14,20,31.56,30.376076,LSTM
2016-08-14,21,32.3,29.13582,LSTM
2016-08-14,22,31.56,32.071823,LSTM
2016-08-14,23,28.5,25.66407,LSTM
2016-08-15,0,25.15,25.17715,LSTM
2016-08-15,1,22.94,23.063314,LSTM
2016-08-15,2,21.61,23.30742,LSTM
2016-08-15,3,21.01,20.796131,LSTM
2016-08-15,4,21.5,20.936344,LSTM
2016-08-15,5,23.29,22.110237,LSTM
2016-08-15,6,27.21,28.605097,LSTM
2016-08-15,7,30.82,32.579643,LSTM
2016-08-15,8,32.0,34.825718,LSTM
2016-08-15,9,30.59,35.039158,LSTM
2016-08-15,10,28.65,29.926022,LSTM
2016-08-15,11,28.32,29.01561,LSTM
2016-08-15,12,27.02,29.280727,LSTM
2016-08-15,13,25.0,27.116867,LSTM
2016-08-15,14,23.9,27.146238,LSTM
2016-08-15,15,24.1,27.355106,LSTM
2016-08-15,16,25.54,27.254314,LSTM
2016-08-15,17,30.62,32.419003,LSTM
2016-08-15,18,33.98,34.478138,LSTM
2016-08-15,19,35.88,36.543293,LSTM
2016-08-15,20,34.32,37.024914,LSTM
2016-08-15,21,34.47,33.504044,LSTM
2016-08-15,22,33.22,32.621178,LSTM
2016-08-15,23,30.42,28.539059,LSTM
2016-08-16,0,26.26,27.89307,LSTM
2016-08-16,1,23.99,26.380491,LSTM
2016-08-16,2,22.94,25.629776,LSTM
2016-08-16,3,22.03,23.742306,LSTM
2016-08-16,4,22.1,23.894203,LSTM
2016-08-16,5,24.1,25.377148,LSTM
2016-08-16,6,28.71,30.245543,LSTM
2016-08-16,7,33.63,35.818645,LSTM
2016-08-16,8,34.14,36.55155,LSTM
2016-08-16,9,33.9,34.239483,LSTM
2016-08-16,10,31.73,31.15262,LSTM
2016-08-16,11,30.13,29.997356,LSTM
2016-08-16,12,29.09,29.340214,LSTM
2016-08-16,13,28.93,27.839272,LSTM
2016-08-16,14,28.94,27.896137,LSTM
2016-08-16,15,29.29,28.013794,LSTM
2016-08-16,16,30.58,28.885635,LSTM
2016-08-16,17,33.12,31.80825,LSTM
2016-08-16,18,34.33,35.68018,LSTM
2016-08-16,19,35.79,37.573555,LSTM
2016-08-16,20,34.81,35.785957,LSTM
2016-08-16,21,34.36,33.438698,LSTM
2016-08-16,22,31.25,33.06584,LSTM
2016-08-16,23,27.74,28.153028,LSTM
2016-08-17,0,25.03,27.45393,LSTM
2016-08-17,1,24.01,26.121254,LSTM
2016-08-17,2,23.51,25.890839,LSTM
2016-08-17,3,21.9,23.297699,LSTM
2016-08-17,4,22.56,24.13679,LSTM
2016-08-17,5,25.05,25.705816,LSTM
2016-08-17,6,29.74,30.3019,LSTM
2016-08-17,7,34.75,35.594532,LSTM
2016-08-17,8,36.1,35.615932,LSTM
2016-08-17,9,33.0,32.61376,LSTM
2016-08-17,10,28.54,30.087833,LSTM
2016-08-17,11,28.03,28.966549,LSTM
2016-08-17,12,27.79,28.518187,LSTM
2016-08-17,13,27.72,26.763395,LSTM
2016-08-17,14,27.05,27.970802,LSTM
2016-08-17,15,28.41,26.926453,LSTM
2016-08-17,16,30.47,28.450016,LSTM
2016-08-17,17,35.08,31.249905,LSTM
2016-08-17,18,35.67,35.509743,LSTM
2016-08-17,19,37.07,36.8972,LSTM
2016-08-17,20,36.45,35.765884,LSTM
2016-08-17,21,35.48,33.56994,LSTM
2016-08-17,22,32.42,33.173916,LSTM
2016-08-17,23,28.82,28.02546,LSTM
2016-08-18,0,25.16,27.88712,LSTM
2016-08-18,1,24.12,26.099848,LSTM
2016-08-18,2,23.34,25.574371,LSTM
2016-08-18,3,21.83,23.21508,LSTM
2016-08-18,4,22.49,24.102016,LSTM
2016-08-18,5,25.05,25.801125,LSTM
2016-08-18,6,30.26,30.381063,LSTM
2016-08-18,7,33.79,33.74535,LSTM
2016-08-18,8,35.67,34.993423,LSTM
2016-08-18,9,35.33,33.059994,LSTM
2016-08-18,10,33.38,31.276136,LSTM
2016-08-18,11,30.84,30.691683,LSTM
2016-08-18,12,29.15,30.488144,LSTM
2016-08-18,13,29.44,28.56116,LSTM
2016-08-18,14,29.08,29.168877,LSTM
2016-08-18,15,29.51,28.559288,LSTM
2016-08-18,16,32.78,29.53851,LSTM
2016-08-18,17,35.01,32.308407,LSTM
2016-08-18,18,36.05,35.93163,LSTM
2016-08-18,19,37.34,38.350155,LSTM
2016-08-18,20,36.85,37.19116,LSTM
2016-08-18,21,36.01,35.20237,LSTM
2016-08-18,22,32.74,35.61531,LSTM
2016-08-18,23,28.92,29.82751,LSTM
2016-08-19,0,27.71,26.961761,LSTM
2016-08-19,1,26.62,25.64376,LSTM
2016-08-19,2,25.0,25.50192,LSTM
2016-08-19,3,23.91,23.712925,LSTM
2016-08-19,4,24.96,23.24386,LSTM
2016-08-19,5,26.08,24.769073,LSTM
2016-08-19,6,32.25,30.304897,LSTM
2016-08-19,7,36.25,38.75966,LSTM
2016-08-19,8,37.27,38.251392,LSTM
2016-08-19,9,36.45,35.404972,LSTM
2016-08-19,10,34.48,29.337658,LSTM
2016-08-19,11,31.56,27.87633,LSTM
2016-08-19,12,26.95,26.645878,LSTM
2016-08-19,13,26.01,25.068102,LSTM
2016-08-19,14,25.78,24.715427,LSTM
2016-08-19,15,27.48,25.574657,LSTM
2016-08-19,16,31.76,28.095512,LSTM
2016-08-19,17,34.09,31.985619,LSTM
2016-08-19,18,36.09,36.72998,LSTM
2016-08-19,19,36.46,36.138664,LSTM
2016-08-19,20,34.99,34.79754,LSTM
2016-08-19,21,34.32,30.560907,LSTM
2016-08-19,22,32.22,28.95852,LSTM
2016-08-19,23,28.87,25.61886,LSTM
2016-08-20,0,26.54,26.263836,LSTM
2016-08-20,1,25.04,24.227201,LSTM
2016-08-20,2,23.31,23.480383,LSTM
2016-08-20,3,22.81,21.595345,LSTM
2016-08-20,4,22.32,22.626905,LSTM
2016-08-20,5,22.02,22.660152,LSTM
2016-08-20,6,22.44,23.107506,LSTM
2016-08-20,7,23.08,26.547699,LSTM
2016-08-20,8,26.94,26.895527,LSTM
2016-08-20,9,29.03,25.021671,LSTM
2016-08-20,10,25.79,25.679794,LSTM
2016-08-20,11,24.22,22.126514,LSTM
2016-08-20,12,23.12,21.457867,LSTM
2016-08-20,13,22.09,19.525656,LSTM
2016-08-20,14,21.71,20.836063,LSTM
2016-08-20,15,22.0,19.429829,LSTM
2016-08-20,16,20.95,21.074844,LSTM
2016-08-20,17,22.73,26.626879,LSTM
2016-08-20,18,26.99,29.841076,LSTM
2016-08-20,19,29.34,32.264412,LSTM
2016-08-20,20,30.0,31.163643,LSTM
2016-08-20,21,30.38,30.685759,LSTM
2016-08-20,22,29.11,29.935673,LSTM
2016-08-20,23,25.03,24.539995,LSTM
2016-08-21,0,18.51,20.534071,LSTM
2016-08-21,1,15.01,17.279766,LSTM
2016-08-21,2,12.13,14.731609,LSTM
2016-08-21,3,9.72,14.03056,LSTM
2016-08-21,4,9.83,13.746262,LSTM
2016-08-21,5,9.74,12.7938175,LSTM
2016-08-21,6,9.62,11.938034,LSTM
2016-08-21,7,9.13,10.548517,LSTM
2016-08-21,8,11.34,11.639326,LSTM
2016-08-21,9,11.55,12.474474,LSTM
2016-08-21,10,11.59,12.34568,LSTM
2016-08-21,11,11.6,11.848185,LSTM
2016-08-21,12,11.45,9.420284,LSTM
2016-08-21,13,9.09,7.01301,LSTM
2016-08-21,14,7.19,5.8162613,LSTM
2016-08-21,15,7.88,5.3055916,LSTM
2016-08-21,16,8.94,7.448576,LSTM
2016-08-21,17,10.86,14.202229,LSTM
2016-08-21,18,22.04,21.344639,LSTM
2016-08-21,19,28.13,26.942305,LSTM
2016-08-21,20,30.74,28.759197,LSTM
2016-08-21,21,31.9,28.734486,LSTM
2016-08-21,22,30.59,28.823906,LSTM
2016-08-21,23,23.54,24.343678,LSTM
2016-08-22,0,20.68,19.803787,LSTM
2016-08-22,1,19.04,18.115295,LSTM
2016-08-22,2,18.78,15.8690605,LSTM
2016-08-22,3,17.5,14.382681,LSTM
2016-08-22,4,18.07,16.591465,LSTM
2016-08-22,5,20.81,20.079742,LSTM
2016-08-22,6,26.82,29.387161,LSTM
2016-08-22,7,31.42,34.52324,LSTM
2016-08-22,8,34.41,36.081085,LSTM
2016-08-22,9,35.0,32.07434,LSTM
2016-08-22,10,31.66,32.54956,LSTM
2016-08-22,11,29.06,31.542095,LSTM
2016-08-22,12,27.25,28.772537,LSTM
2016-08-22,13,27.19,27.621044,LSTM
2016-08-22,14,27.3,28.226675,LSTM
2016-08-22,15,27.81,26.496891,LSTM
2016-08-22,16,28.49,27.804333,LSTM
2016-08-22,17,32.9,30.841703,LSTM
2016-08-22,18,36.59,34.21118,LSTM
2016-08-22,19,37.71,39.383553,LSTM
2016-08-22,20,37.64,38.840668,LSTM
2016-08-22,21,35.02,35.58547,LSTM
2016-08-22,22,30.99,34.16036,LSTM
2016-08-22,23,27.92,28.499846,LSTM
2016-08-23,0,23.68,25.388058,LSTM
2016-08-23,1,22.35,23.534344,LSTM
2016-08-23,2,21.62,22.431847,LSTM
2016-08-23,3,20.29,21.017334,LSTM
2016-08-23,4,22.01,22.222004,LSTM
2016-08-23,5,23.52,23.800909,LSTM
2016-08-23,6,30.56,29.84345,LSTM
2016-08-23,7,35.24,36.981007,LSTM
2016-08-23,8,37.31,37.88642,LSTM
2016-08-23,9,37.95,33.974342,LSTM
2016-08-23,10,34.94,32.315487,LSTM
2016-08-23,11,32.36,30.128517,LSTM
2016-08-23,12,28.78,28.20626,LSTM
2016-08-23,13,28.07,27.464344,LSTM
2016-08-23,14,27.95,27.769852,LSTM
2016-08-23,15,30.2,28.57578,LSTM
2016-08-23,16,34.63,29.881908,LSTM
2016-08-23,17,37.96,33.434048,LSTM
2016-08-23,18,40.2,40.126453,LSTM
2016-08-23,19,41.6,43.161064,LSTM
2016-08-23,20,42.0,40.155632,LSTM
2016-08-23,21,38.92,38.0484,LSTM
2016-08-23,22,33.38,36.539055,LSTM
2016-08-23,23,27.57,31.336233,LSTM
2016-08-24,0,26.19,26.663256,LSTM
2016-08-24,1,23.9,25.187569,LSTM
2016-08-24,2,22.82,24.180025,LSTM
2016-08-24,3,22.24,22.728397,LSTM
2016-08-24,4,22.25,23.385551,LSTM
2016-08-24,5,24.23,25.028948,LSTM
2016-08-24,6,30.85,32.60738,LSTM
2016-08-24,7,34.9,40.061886,LSTM
2016-08-24,8,36.02,37.25759,LSTM
2016-08-24,9,34.93,32.284515,LSTM
2016-08-24,10,29.96,28.682838,LSTM
2016-08-24,11,27.56,27.326048,LSTM
2016-08-24,12,26.83,24.64597,LSTM
2016-08-24,13,26.24,24.061367,LSTM
2016-08-24,14,26.0,25.627787,LSTM
2016-08-24,15,30.48,26.19931,LSTM
2016-08-24,16,32.97,28.132214,LSTM
2016-08-24,17,34.95,32.257477,LSTM
2016-08-24,18,37.69,36.598972,LSTM
2016-08-24,19,38.44,39.833374,LSTM
2016-08-24,20,37.99,37.83145,LSTM
2016-08-24,21,34.01,33.2026,LSTM
2016-08-24,22,28.61,31.130152,LSTM
2016-08-24,23,24.49,26.282738,LSTM
2016-08-25,0,21.96,23.224743,LSTM
2016-08-25,1,21.86,21.60374,LSTM
2016-08-25,2,20.97,20.283052,LSTM
2016-08-25,3,21.16,17.819656,LSTM
2016-08-25,4,21.45,19.19835,LSTM
2016-08-25,5,23.3,21.991997,LSTM
2016-08-25,6,30.33,31.65862,LSTM
2016-08-25,7,34.2,39.05118,LSTM
2016-08-25,8,35.7,38.91632,LSTM
2016-08-25,9,34.91,33.817783,LSTM
2016-08-25,10,29.26,31.019232,LSTM
2016-08-25,11,27.78,29.333181,LSTM
2016-08-25,12,26.81,27.022823,LSTM
2016-08-25,13,25.42,25.827936,LSTM
2016-08-25,14,24.98,27.320017,LSTM
2016-08-25,15,27.26,26.796755,LSTM
2016-08-25,16,30.17,28.759916,LSTM
2016-08-25,17,34.0,33.38307,LSTM
2016-08-25,18,36.65,37.563663,LSTM
2016-08-25,19,38.78,40.450684,LSTM
2016-08-25,20,37.96,39.27762,LSTM
2016-08-25,21,34.16,34.131966,LSTM
2016-08-25,22,27.98,30.911945,LSTM
2016-08-25,23,24.26,25.336636,LSTM
2016-08-26,0,22.1,23.608952,LSTM
2016-08-26,1,20.34,21.037712,LSTM
2016-08-26,2,20.31,19.91672,LSTM
2016-08-26,3,20.23,17.836966,LSTM
2016-08-26,4,21.25,19.648104,LSTM
2016-08-26,5,23.1,21.614079,LSTM
2016-08-26,6,29.0,30.755163,LSTM
2016-08-26,7,34.47,35.749516,LSTM
2016-08-26,8,35.9,35.681107,LSTM
2016-08-26,9,34.92,32.824806,LSTM
2016-08-26,10,32.55,30.247269,LSTM
2016-08-26,11,28.87,27.20022,LSTM
2016-08-26,12,26.67,25.9144,LSTM
2016-08-26,13,25.13,23.999384,LSTM
2016-08-26,14,24.49,24.86974,LSTM
2016-08-26,15,26.68,24.764027,LSTM
2016-08-26,16,29.73,26.31882,LSTM
2016-08-26,17,34.92,31.497355,LSTM
2016-08-26,18,38.45,34.875443,LSTM
2016-08-26,19,41.99,40.83632,LSTM
2016-08-26,20,39.01,39.988747,LSTM
2016-08-26,21,37.06,35.82885,LSTM
2016-08-26,22,32.09,34.156483,LSTM
2016-08-26,23,27.22,29.192348,LSTM
2016-08-27,0,25.93,28.32958,LSTM
2016-08-27,1,24.05,27.769375,LSTM
2016-08-27,2,23.0,25.350792,LSTM
2016-08-27,3,23.07,25.01786,LSTM
2016-08-27,4,23.28,23.959028,LSTM
2016-08-27,5,23.18,24.626204,LSTM
2016-08-27,6,25.28,27.52311,LSTM
2016-08-27,7,26.84,31.28514,LSTM
2016-08-27,8,29.5,29.704308,LSTM
2016-08-27,9,29.56,28.209414,LSTM
2016-08-27,10,25.14,24.623379,LSTM
2016-08-27,11,23.02,22.241734,LSTM
2016-08-27,12,21.93,21.548023,LSTM
2016-08-27,13,20.03,20.39877,LSTM
2016-08-27,14,19.96,21.02304,LSTM
2016-08-27,15,20.76,20.238438,LSTM
2016-08-27,16,23.03,22.284367,LSTM
2016-08-27,17,28.41,29.548067,LSTM
2016-08-27,18,34.94,31.447603,LSTM
2016-08-27,19,35.36,32.9853,LSTM
2016-08-27,20,34.95,34.125854,LSTM
2016-08-27,21,33.61,30.966509,LSTM
2016-08-27,22,29.92,29.483135,LSTM
2016-08-27,23,24.73,25.672869,LSTM
2016-08-28,0,23.14,17.354504,LSTM
2016-08-28,1,20.98,13.860934,LSTM
2016-08-28,2,21.01,12.629475,LSTM
2016-08-28,3,21.29,11.412065,LSTM
2016-08-28,4,19.85,10.521192,LSTM
2016-08-28,5,19.83,11.158175,LSTM
2016-08-28,6,20.48,12.837336,LSTM
2016-08-28,7,20.18,14.023855,LSTM
2016-08-28,8,22.07,12.583162,LSTM
2016-08-28,9,23.19,14.085749,LSTM
2016-08-28,10,20.07,10.912064,LSTM
2016-08-28,11,20.09,11.715279,LSTM
2016-08-28,12,13.38,11.700041,LSTM
2016-08-28,13,10.05,7.6024055,LSTM
2016-08-28,14,8.99,8.596643,LSTM
2016-08-28,15,13.51,8.052189,LSTM
2016-08-28,16,18.15,9.5004635,LSTM
2016-08-28,17,22.26,15.563385,LSTM
2016-08-28,18,29.01,22.220394,LSTM
2016-08-28,19,32.95,24.951551,LSTM
2016-08-28,20,33.92,27.624825,LSTM
2016-08-28,21,33.25,25.040653,LSTM
2016-08-28,22,29.97,25.28844,LSTM
2016-08-28,23,23.3,20.878279,LSTM
2016-08-29,0,22.16,21.063032,LSTM
2016-08-29,1,23.02,19.46635,LSTM
2016-08-29,2,22.09,18.429346,LSTM
2016-08-29,3,22.09,17.31779,LSTM
2016-08-29,4,22.61,16.730145,LSTM
2016-08-29,5,24.52,20.682474,LSTM
2016-08-29,6,34.95,30.078228,LSTM
2016-08-29,7,40.26,36.41549,LSTM
2016-08-29,8,41.69,38.24759,LSTM
2016-08-29,9,35.32,37.247402,LSTM
2016-08-29,10,30.98,31.900211,LSTM
2016-08-29,11,28.96,31.270159,LSTM
2016-08-29,12,26.33,29.190023,LSTM
2016-08-29,13,24.95,26.516016,LSTM
2016-08-29,14,22.98,25.449707,LSTM
2016-08-29,15,23.02,25.519394,LSTM
2016-08-29,16,22.99,26.507929,LSTM
2016-08-29,17,30.0,31.248325,LSTM
2016-08-29,18,34.01,33.26247,LSTM
2016-08-29,19,36.64,37.9625,LSTM
2016-08-29,20,37.55,39.03824,LSTM
2016-08-29,21,34.09,35.131466,LSTM
2016-08-29,22,29.29,32.681107,LSTM
2016-08-29,23,24.19,27.636478,LSTM
2016-08-30,0,24.85,26.147835,LSTM
2016-08-30,1,24.15,24.359055,LSTM
2016-08-30,2,23.74,24.50995,LSTM
2016-08-30,3,23.35,22.918634,LSTM
2016-08-30,4,22.74,23.39597,LSTM
2016-08-30,5,24.14,25.080912,LSTM
2016-08-30,6,32.65,32.45276,LSTM
2016-08-30,7,40.59,38.597332,LSTM
2016-08-30,8,43.82,38.39463,LSTM
2016-08-30,9,38.03,34.062477,LSTM
2016-08-30,10,32.0,29.98201,LSTM
2016-08-30,11,30.06,29.60773,LSTM
2016-08-30,12,27.07,27.889544,LSTM
2016-08-30,13,26.97,26.782244,LSTM
2016-08-30,14,26.86,27.598131,LSTM
2016-08-30,15,28.96,28.11938,LSTM
2016-08-30,16,33.33,30.609707,LSTM
2016-08-30,17,37.77,32.421135,LSTM
2016-08-30,18,40.6,42.148285,LSTM
2016-08-30,19,43.71,45.295822,LSTM
2016-08-30,20,44.83,42.328915,LSTM
2016-08-30,21,40.83,38.24849,LSTM
2016-08-30,22,32.96,35.865063,LSTM
2016-08-30,23,26.64,30.146357,LSTM
2016-08-31,0,25.6,27.373016,LSTM
2016-08-31,1,24.02,25.484434,LSTM
2016-08-31,2,23.48,25.064495,LSTM
2016-08-31,3,22.77,23.698479,LSTM
2016-08-31,4,22.79,23.979988,LSTM
2016-08-31,5,25.34,25.217247,LSTM
2016-08-31,6,32.98,34.032383,LSTM
2016-08-31,7,40.46,38.584183,LSTM
2016-08-31,8,42.04,37.70495,LSTM
2016-08-31,9,36.13,34.320095,LSTM
2016-08-31,10,29.59,28.657492,LSTM
2016-08-31,11,28.19,27.089817,LSTM
2016-08-31,12,26.78,25.176914,LSTM
2016-08-31,13,27.06,25.03695,LSTM
2016-08-31,14,26.91,25.344282,LSTM
2016-08-31,15,27.05,27.132313,LSTM
2016-08-31,16,30.79,29.250189,LSTM
2016-08-31,17,35.94,34.025085,LSTM
2016-08-31,18,38.96,39.90781,LSTM
2016-08-31,19,40.94,42.77127,LSTM
2016-08-31,20,39.61,41.74267,LSTM
2016-08-31,21,35.96,36.107502,LSTM
2016-08-31,22,28.38,32.85566,LSTM
2016-08-31,23,24.2,28.336245,LSTM
2016-09-01,0,24.34,25.56189,LSTM
2016-09-01,1,23.73,23.489552,LSTM
2016-09-01,2,23.37,23.31238,LSTM
2016-09-01,3,22.98,21.736387,LSTM
2016-09-01,4,23.59,21.812944,LSTM
2016-09-01,5,25.1,24.46526,LSTM
2016-09-01,6,32.95,33.450798,LSTM
2016-09-01,7,37.97,39.64415,LSTM
2016-09-01,8,41.08,39.219303,LSTM
2016-09-01,9,38.24,36.72172,LSTM
2016-09-01,10,34.92,33.73136,LSTM
2016-09-01,11,32.98,33.02833,LSTM
2016-09-01,12,29.93,28.352324,LSTM
2016-09-01,13,28.68,26.894348,LSTM
2016-09-01,14,27.87,25.114834,LSTM
2016-09-01,15,27.88,27.104654,LSTM
2016-09-01,16,28.96,28.043085,LSTM
2016-09-01,17,34.06,31.70914,LSTM
2016-09-01,18,36.82,36.506897,LSTM
2016-09-01,19,38.96,40.57122,LSTM
2016-09-01,20,40.44,41.774143,LSTM
2016-09-01,21,37.93,37.428024,LSTM
2016-09-01,22,30.43,33.06555,LSTM
2016-09-01,23,26.93,29.065039,LSTM
2016-09-02,0,25.64,25.559965,LSTM
2016-09-02,1,23.89,24.415455,LSTM
2016-09-02,2,23.76,23.874384,LSTM
2016-09-02,3,22.91,23.066893,LSTM
2016-09-02,4,23.1,22.939962,LSTM
2016-09-02,5,25.97,25.08724,LSTM
2016-09-02,6,33.08,32.402946,LSTM
2016-09-02,7,38.41,39.007664,LSTM
2016-09-02,8,40.5,38.701023,LSTM
2016-09-02,9,37.91,36.574226,LSTM
2016-09-02,10,32.84,30.577187,LSTM
2016-09-02,11,29.59,28.335083,LSTM
2016-09-02,12,26.81,26.004154,LSTM
2016-09-02,13,25.69,24.15299,LSTM
2016-09-02,14,25.85,23.223326,LSTM
2016-09-02,15,27.94,24.972857,LSTM
2016-09-02,16,29.17,26.139475,LSTM
2016-09-02,17,34.01,31.560556,LSTM
2016-09-02,18,37.56,36.651707,LSTM
2016-09-02,19,37.98,39.03835,LSTM
2016-09-02,20,38.79,37.83443,LSTM
2016-09-02,21,34.99,34.444977,LSTM
2016-09-02,22,29.09,31.651396,LSTM
2016-09-02,23,27.61,27.475658,LSTM
2016-09-03,0,31.41,25.478123,LSTM
2016-09-03,1,28.04,24.706345,LSTM
2016-09-03,2,25.37,22.411558,LSTM
2016-09-03,3,24.88,23.020863,LSTM
2016-09-03,4,24.02,22.86124,LSTM
2016-09-03,5,24.92,23.729254,LSTM
2016-09-03,6,25.65,25.74603,LSTM
2016-09-03,7,29.44,29.503595,LSTM
2016-09-03,8,31.55,29.6108,LSTM
2016-09-03,9,32.95,28.572426,LSTM
2016-09-03,10,30.35,26.265339,LSTM
2016-09-03,11,29.06,24.421764,LSTM
2016-09-03,12,27.16,22.606102,LSTM
2016-09-03,13,25.09,20.8942,LSTM
2016-09-03,14,25.11,20.582024,LSTM
2016-09-03,15,25.36,20.833637,LSTM
2016-09-03,16,26.85,21.932499,LSTM
2016-09-03,17,30.44,26.87326,LSTM
2016-09-03,18,34.27,31.908102,LSTM
2016-09-03,19,37.56,36.884853,LSTM
2016-09-03,20,38.56,34.794952,LSTM
2016-09-03,21,37.67,33.107845,LSTM
2016-09-03,22,33.01,32.625492,LSTM
2016-09-03,23,28.93,28.415297,LSTM
2016-09-04,0,27.7,23.856838,LSTM
2016-09-04,1,25.02,21.910126,LSTM
2016-09-04,2,23.09,19.009306,LSTM
2016-09-04,3,22.04,18.784801,LSTM
2016-09-04,4,20.81,17.528658,LSTM
2016-09-04,5,20.09,17.090513,LSTM
2016-09-04,6,20.03,17.940289,LSTM
2016-09-04,7,22.02,18.885319,LSTM
2016-09-04,8,22.38,21.194576,LSTM
2016-09-04,9,23.5,22.375032,LSTM
2016-09-04,10,23.58,20.33933,LSTM
2016-09-04,11,24.99,24.001009,LSTM
2016-09-04,12,24.85,20.141428,LSTM
2016-09-04,13,23.49,19.734558,LSTM
2016-09-04,14,20.79,15.766195,LSTM
2016-09-04,15,20.52,14.17614,LSTM
2016-09-04,16,21.26,16.172396,LSTM
2016-09-04,17,22.94,18.188866,LSTM
2016-09-04,18,26.94,22.254194,LSTM
2016-09-04,19,30.31,27.779827,LSTM
2016-09-04,20,33.83,28.223616,LSTM
2016-09-04,21,31.79,27.233534,LSTM
2016-09-04,22,29.53,27.637901,LSTM
2016-09-04,23,25.06,23.425917,LSTM
2016-09-05,0,23.18,22.201256,LSTM
2016-09-05,1,22.3,20.15293,LSTM
2016-09-05,2,22.42,18.834015,LSTM
2016-09-05,3,21.73,18.622446,LSTM
2016-09-05,4,22.96,17.826708,LSTM
2016-09-05,5,24.96,22.51604,LSTM
2016-09-05,6,33.6,33.17218,LSTM
2016-09-05,7,42.98,40.03726,LSTM
2016-09-05,8,44.42,41.54362,LSTM
2016-09-05,9,43.31,39.500446,LSTM
2016-09-05,10,44.97,40.111744,LSTM
2016-09-05,11,48.01,40.408436,LSTM
2016-09-05,12,45.98,36.84174,LSTM
2016-09-05,13,44.22,36.08623,LSTM
2016-09-05,14,42.58,33.96326,LSTM
2016-09-05,15,43.03,36.31145,LSTM
2016-09-05,16,41.9,35.416405,LSTM
2016-09-05,17,41.98,38.6909,LSTM
2016-09-05,18,39.92,40.147713,LSTM
2016-09-05,19,43.12,44.814507,LSTM
2016-09-05,20,44.08,42.12844,LSTM
2016-09-05,21,40.0,39.468746,LSTM
2016-09-05,22,32.96,36.966614,LSTM
2016-09-05,23,28.07,31.121792,LSTM
2016-09-06,0,27.68,30.059778,LSTM
2016-09-06,1,25.98,28.421383,LSTM
2016-09-06,2,24.84,28.761978,LSTM
2016-09-06,3,23.76,26.595655,LSTM
2016-09-06,4,23.92,27.797134,LSTM
2016-09-06,5,26.43,30.081387,LSTM
2016-09-06,6,34.37,40.071495,LSTM
2016-09-06,7,42.97,46.921738,LSTM
2016-09-06,8,44.63,49.917706,LSTM
2016-09-06,9,41.96,44.896954,LSTM
2016-09-06,10,35.9,39.74517,LSTM
2016-09-06,11,33.76,35.54698,LSTM
2016-09-06,12,28.48,33.408047,LSTM
2016-09-06,13,27.98,30.600111,LSTM
2016-09-06,14,28.59,31.57766,LSTM
2016-09-06,15,29.02,32.689507,LSTM
2016-09-06,16,31.46,34.582752,LSTM
2016-09-06,17,37.95,40.602543,LSTM
2016-09-06,18,42.01,46.992695,LSTM
2016-09-06,19,45.16,50.17978,LSTM
2016-09-06,20,43.92,45.9872,LSTM
2016-09-06,21,38.55,40.90135,LSTM
2016-09-06,22,28.0,37.174625,LSTM
2016-09-06,23,26.82,30.678688,LSTM
2016-09-07,0,24.8,25.474731,LSTM
2016-09-07,1,23.64,22.957623,LSTM
2016-09-07,2,23.32,23.644672,LSTM
2016-09-07,3,23.16,21.665094,LSTM
2016-09-07,4,23.18,22.138851,LSTM
2016-09-07,5,25.11,24.546234,LSTM
2016-09-07,6,32.42,34.010883,LSTM
2016-09-07,7,37.97,40.572346,LSTM
2016-09-07,8,38.13,40.143402,LSTM
2016-09-07,9,34.07,36.515236,LSTM
2016-09-07,10,29.95,31.552258,LSTM
2016-09-07,11,28.92,27.653086,LSTM
2016-09-07,12,26.92,25.600483,LSTM
2016-09-07,13,26.41,24.597937,LSTM
2016-09-07,14,27.25,25.936592,LSTM
2016-09-07,15,27.92,27.34689,LSTM
2016-09-07,16,28.93,29.463795,LSTM
2016-09-07,17,36.93,35.19387,LSTM
2016-09-07,18,40.7,40.345093,LSTM
2016-09-07,19,44.35,45.555252,LSTM
2016-09-07,20,41.9,42.738827,LSTM
2016-09-07,21,36.94,36.386723,LSTM
2016-09-07,22,28.85,31.67226,LSTM
2016-09-07,23,26.59,26.963871,LSTM
2016-09-08,0,25.59,26.81212,LSTM
2016-09-08,1,24.07,24.370914,LSTM
2016-09-08,2,23.5,25.215235,LSTM
2016-09-08,3,23.08,23.212345,LSTM
2016-09-08,4,23.1,23.077082,LSTM
2016-09-08,5,24.24,25.581512,LSTM
2016-09-08,6,31.91,34.48125,LSTM
2016-09-08,7,38.71,42.47399,LSTM
2016-09-08,8,39.62,41.593555,LSTM
2016-09-08,9,38.31,37.73539,LSTM
2016-09-08,10,32.92,31.147058,LSTM
2016-09-08,11,28.67,28.816036,LSTM
2016-09-08,12,27.48,26.1896,LSTM
2016-09-08,13,26.28,24.548368,LSTM
2016-09-08,14,26.85,25.409748,LSTM
2016-09-08,15,27.7,26.580912,LSTM
2016-09-08,16,29.51,29.768927,LSTM
2016-09-08,17,35.92,34.834713,LSTM
2016-09-08,18,40.41,41.425846,LSTM
2016-09-08,19,42.59,45.95612,LSTM
2016-09-08,20,41.3,43.33859,LSTM
2016-09-08,21,36.91,36.682465,LSTM
2016-09-08,22,28.65,32.501617,LSTM
2016-09-08,23,25.99,27.230032,LSTM
2016-09-09,0,25.08,26.464666,LSTM
2016-09-09,1,23.81,23.79935,LSTM
2016-09-09,2,23.49,24.441252,LSTM
2016-09-09,3,22.97,22.425816,LSTM
2016-09-09,4,23.26,22.128359,LSTM
2016-09-09,5,24.82,24.567385,LSTM
2016-09-09,6,33.77,34.12474,LSTM
2016-09-09,7,40.22,40.761616,LSTM
2016-09-09,8,41.94,41.04347,LSTM
2016-09-09,9,40.99,38.062187,LSTM
2016-09-09,10,36.88,33.962547,LSTM
2016-09-09,11,34.06,31.199903,LSTM
2016-09-09,12,31.8,28.796583,LSTM
2016-09-09,13,29.04,28.565815,LSTM
2016-09-09,14,27.86,27.948378,LSTM
2016-09-09,15,29.49,30.792376,LSTM
2016-09-09,16,30.29,31.892094,LSTM
2016-09-09,17,35.89,36.574875,LSTM
2016-09-09,18,39.77,43.22744,LSTM
2016-09-09,19,41.92,46.788765,LSTM
2016-09-09,20,41.42,43.89097,LSTM
2016-09-09,21,38.27,39.48734,LSTM
2016-09-09,22,30.73,34.904522,LSTM
2016-09-09,23,28.01,30.814926,LSTM
2016-09-10,0,33.02,29.462486,LSTM
2016-09-10,1,27.11,27.489956,LSTM
2016-09-10,2,27.42,25.716091,LSTM
2016-09-10,3,24.25,24.603563,LSTM
2016-09-10,4,23.75,24.963638,LSTM
2016-09-10,5,24.2,25.213236,LSTM
2016-09-10,6,25.51,27.851269,LSTM
2016-09-10,7,29.04,31.516264,LSTM
2016-09-10,8,29.75,31.23999,LSTM
2016-09-10,9,29.94,29.136581,LSTM
2016-09-10,10,25.22,28.105932,LSTM
2016-09-10,11,23.69,24.83804,LSTM
2016-09-10,12,23.08,22.249252,LSTM
2016-09-10,13,23.06,21.29691,LSTM
2016-09-10,14,23.06,21.673359,LSTM
2016-09-10,15,25.61,22.619617,LSTM
2016-09-10,16,28.65,23.657127,LSTM
2016-09-10,17,31.99,28.054548,LSTM
2016-09-10,18,34.05,32.928528,LSTM
2016-09-10,19,38.7,39.966957,LSTM
2016-09-10,20,38.98,36.49239,LSTM
2016-09-10,21,34.08,32.518166,LSTM
2016-09-10,22,30.65,30.251858,LSTM
2016-09-10,23,26.76,25.492538,LSTM
2016-09-11,0,24.05,24.146797,LSTM
2016-09-11,1,22.87,21.240358,LSTM
2016-09-11,2,22.51,20.928396,LSTM
2016-09-11,3,21.73,19.214499,LSTM
2016-09-11,4,21.1,19.174301,LSTM
2016-09-11,5,22.09,20.070381,LSTM
2016-09-11,6,22.94,19.898977,LSTM
2016-09-11,7,22.93,21.551174,LSTM
2016-09-11,8,24.07,21.734095,LSTM
2016-09-11,9,25.11,23.79168,LSTM
2016-09-11,10,24.96,24.394402,LSTM
2016-09-11,11,25.48,23.392288,LSTM
2016-09-11,12,25.16,22.6893,LSTM
2016-09-11,13,24.54,19.403015,LSTM
2016-09-11,14,23.48,19.294413,LSTM
2016-09-11,15,23.42,20.994068,LSTM
2016-09-11,16,24.01,22.417103,LSTM
2016-09-11,17,28.73,27.056002,LSTM
2016-09-11,18,36.36,33.664745,LSTM
2016-09-11,19,39.85,38.020767,LSTM
2016-09-11,20,42.57,37.89428,LSTM
2016-09-11,21,38.93,36.184723,LSTM
2016-09-11,22,35.94,35.783936,LSTM
2016-09-11,23,31.27,31.830296,LSTM
2016-09-12,0,24.06,27.75803,LSTM
2016-09-12,1,23.45,26.19459,LSTM
2016-09-12,2,22.88,26.15749,LSTM
2016-09-12,3,22.15,24.55177,LSTM
2016-09-12,4,22.75,24.233448,LSTM
2016-09-12,5,24.12,26.584148,LSTM
2016-09-12,6,36.69,37.53055,LSTM
2016-09-12,7,43.0,44.72873,LSTM
2016-09-12,8,42.53,44.14447,LSTM
2016-09-12,9,39.43,40.621933,LSTM
2016-09-12,10,33.5,33.626846,LSTM
2016-09-12,11,30.71,30.454475,LSTM
2016-09-12,12,30.16,28.77947,LSTM
2016-09-12,13,29.61,29.415438,LSTM
2016-09-12,14,31.15,29.444988,LSTM
2016-09-12,15,32.69,32.112354,LSTM
2016-09-12,16,36.66,33.94652,LSTM
2016-09-12,17,41.81,40.69144,LSTM
2016-09-12,18,42.97,46.58043,LSTM
2016-09-12,19,46.73,49.022205,LSTM
2016-09-12,20,42.83,45.926178,LSTM
2016-09-12,21,37.93,39.2946,LSTM
2016-09-12,22,30.65,34.631584,LSTM
2016-09-12,23,26.59,29.452578,LSTM
2016-09-13,0,26.64,24.86042,LSTM
2016-09-13,1,24.8,23.947306,LSTM
2016-09-13,2,24.01,22.465902,LSTM
2016-09-13,3,23.52,22.116102,LSTM
2016-09-13,4,23.55,22.66955,LSTM
2016-09-13,5,26.39,25.288534,LSTM
2016-09-13,6,37.48,33.706898,LSTM
2016-09-13,7,44.44,41.59742,LSTM
2016-09-13,8,42.76,44.13588,LSTM
2016-09-13,9,38.92,39.365467,LSTM
2016-09-13,10,35.91,34.14799,LSTM
2016-09-13,11,32.74,30.720203,LSTM
2016-09-13,12,28.13,27.875977,LSTM
2016-09-13,13,27.62,25.642448,LSTM
2016-09-13,14,28.73,26.231998,LSTM
2016-09-13,15,28.25,27.132383,LSTM
2016-09-13,16,30.23,29.130257,LSTM
2016-09-13,17,37.42,36.380264,LSTM
2016-09-13,18,40.42,38.991917,LSTM
2016-09-13,19,41.93,41.562492,LSTM
2016-09-13,20,38.94,38.035572,LSTM
2016-09-13,21,33.52,32.713085,LSTM
2016-09-13,22,25.76,28.84391,LSTM
2016-09-13,23,24.27,23.586807,LSTM
2016-09-14,0,23.0,22.232132,LSTM
2016-09-14,1,22.17,21.909986,LSTM
2016-09-14,2,21.34,19.824287,LSTM
2016-09-14,3,21.85,19.286224,LSTM
2016-09-14,4,22.74,19.729013,LSTM
2016-09-14,5,23.31,23.96141,LSTM
2016-09-14,6,33.22,34.20414,LSTM
2016-09-14,7,38.98,42.007847,LSTM
2016-09-14,8,39.9,42.72135,LSTM
2016-09-14,9,34.95,37.736397,LSTM
2016-09-14,10,31.8,33.84611,LSTM
2016-09-14,11,31.9,30.867804,LSTM
2016-09-14,12,27.03,27.559868,LSTM
2016-09-14,13,25.23,26.404318,LSTM
2016-09-14,14,26.22,26.336332,LSTM
2016-09-14,15,26.95,26.766731,LSTM
2016-09-14,16,28.55,27.213203,LSTM
2016-09-14,17,35.69,34.3179,LSTM
2016-09-14,18,37.66,34.25036,LSTM
2016-09-14,19,37.44,37.48442,LSTM
2016-09-14,20,34.1,36.230976,LSTM
2016-09-14,21,26.84,31.09631,LSTM
2016-09-14,22,24.27,25.91083,LSTM
2016-09-14,23,22.96,20.224785,LSTM
2016-09-15,0,22.93,20.976498,LSTM
2016-09-15,1,21.88,20.094074,LSTM
2016-09-15,2,21.42,19.378803,LSTM
2016-09-15,3,21.13,18.170116,LSTM
2016-09-15,4,21.35,18.195856,LSTM
2016-09-15,5,23.05,22.459038,LSTM
2016-09-15,6,27.01,33.365913,LSTM
2016-09-15,7,37.08,40.36518,LSTM
2016-09-15,8,37.01,39.223972,LSTM
2016-09-15,9,33.71,34.967903,LSTM
2016-09-15,10,27.96,28.66635,LSTM
2016-09-15,11,26.83,28.15363,LSTM
2016-09-15,12,24.79,25.590065,LSTM
2016-09-15,13,24.71,23.36538,LSTM
2016-09-15,14,23.99,24.705542,LSTM
2016-09-15,15,26.63,24.582119,LSTM
2016-09-15,16,26.99,27.387852,LSTM
2016-09-15,17,32.15,34.292725,LSTM
2016-09-15,18,37.22,35.501747,LSTM
2016-09-15,19,38.86,38.043694,LSTM
2016-09-15,20,37.41,38.623837,LSTM
2016-09-15,21,29.0,31.114346,LSTM
2016-09-15,22,25.06,26.973011,LSTM
2016-09-15,23,23.02,21.89377,LSTM
2016-09-16,0,22.26,23.484709,LSTM
2016-09-16,1,21.24,22.791721,LSTM
2016-09-16,2,21.22,23.267632,LSTM
2016-09-16,3,21.29,20.982224,LSTM
2016-09-16,4,20.35,21.18064,LSTM
2016-09-16,5,22.59,25.107937,LSTM
2016-09-16,6,31.47,33.49349,LSTM
2016-09-16,7,39.96,40.14503,LSTM
2016-09-16,8,40.7,39.506027,LSTM
2016-09-16,9,39.98,38.69498,LSTM
2016-09-16,10,38.98,36.304024,LSTM
2016-09-16,11,37.81,37.585236,LSTM
2016-09-16,12,36.0,34.280037,LSTM
2016-09-16,13,31.95,33.223625,LSTM
2016-09-16,14,29.84,31.952972,LSTM
2016-09-16,15,33.99,32.879368,LSTM
2016-09-16,16,35.61,34.37455,LSTM
2016-09-16,17,38.28,36.40664,LSTM
2016-09-16,18,40.1,42.284275,LSTM
2016-09-16,19,41.75,42.07331,LSTM
2016-09-16,20,40.99,39.156734,LSTM
2016-09-16,21,36.5,34.390644,LSTM
2016-09-16,22,30.74,32.60841,LSTM
2016-09-16,23,25.16,27.767643,LSTM
2016-09-17,0,29.84,25.827145,LSTM
2016-09-17,1,26.32,25.69974,LSTM
2016-09-17,2,24.08,23.336058,LSTM
2016-09-17,3,22.81,24.3792,LSTM
2016-09-17,4,22.25,21.411158,LSTM
2016-09-17,5,22.91,23.774052,LSTM
2016-09-17,6,24.91,26.54286,LSTM
2016-09-17,7,27.92,33.09411,LSTM
2016-09-17,8,31.41,35.28673,LSTM
2016-09-17,9,36.93,37.845993,LSTM
2016-09-17,10,36.91,32.406776,LSTM
2016-09-17,11,36.08,31.726612,LSTM
2016-09-17,12,30.53,29.599483,LSTM
2016-09-17,13,25.1,27.268337,LSTM
2016-09-17,14,24.79,23.6921,LSTM
2016-09-17,15,24.14,24.561703,LSTM
2016-09-17,16,24.93,24.258017,LSTM
2016-09-17,17,27.85,30.21473,LSTM
2016-09-17,18,27.03,29.54301,LSTM
2016-09-17,19,32.52,30.528824,LSTM
2016-09-17,20,31.98,29.305426,LSTM
2016-09-17,21,24.57,25.741869,LSTM
2016-09-17,22,23.51,24.10791,LSTM
2016-09-17,23,23.19,20.407898,LSTM
2016-09-18,0,21.22,15.9059515,LSTM
2016-09-18,1,22.39,13.739273,LSTM
2016-09-18,2,21.22,12.342899,LSTM
2016-09-18,3,20.0,12.439042,LSTM
2016-09-18,4,18.43,11.652329,LSTM
2016-09-18,5,19.53,14.374515,LSTM
2016-09-18,6,20.43,17.198837,LSTM
2016-09-18,7,20.73,20.307571,LSTM
2016-09-18,8,22.77,18.653715,LSTM
2016-09-18,9,24.78,22.50179,LSTM
2016-09-18,10,24.56,21.045181,LSTM
2016-09-18,11,24.98,22.508709,LSTM
2016-09-18,12,24.0,20.939602,LSTM
2016-09-18,13,24.1,18.769405,LSTM
2016-09-18,14,23.15,17.844923,LSTM
2016-09-18,15,22.93,19.950096,LSTM
2016-09-18,16,23.2,21.218742,LSTM
2016-09-18,17,27.16,24.135796,LSTM
2016-09-18,18,32.54,31.204569,LSTM
2016-09-18,19,36.11,37.01933,LSTM
2016-09-18,20,34.94,36.292496,LSTM
2016-09-18,21,31.1,32.057453,LSTM
2016-09-18,22,27.94,32.456646,LSTM
2016-09-18,23,25.46,27.736055,LSTM
2016-09-19,0,24.56,25.096033,LSTM
2016-09-19,1,24.15,22.963749,LSTM
2016-09-19,2,23.78,22.54525,LSTM
2016-09-19,3,22.44,22.015114,LSTM
2016-09-19,4,22.05,21.781622,LSTM
2016-09-19,5,23.91,24.606249,LSTM
2016-09-19,6,36.06,35.993195,LSTM
2016-09-19,7,42.31,41.904953,LSTM
2016-09-19,8,44.6,42.985966,LSTM
2016-09-19,9,43.91,45.163536,LSTM
2016-09-19,10,43.95,42.69497,LSTM
2016-09-19,11,43.97,42.159657,LSTM
2016-09-19,12,41.27,38.444496,LSTM
2016-09-19,13,39.31,37.88684,LSTM
2016-09-19,14,37.68,34.51588,LSTM
2016-09-19,15,37.93,35.745705,LSTM
2016-09-19,16,37.78,36.531925,LSTM
2016-09-19,17,39.22,41.087074,LSTM
2016-09-19,18,39.9,41.413574,LSTM
2016-09-19,19,41.99,42.641136,LSTM
2016-09-19,20,40.1,42.466385,LSTM
2016-09-19,21,30.0,35.712006,LSTM
2016-09-19,22,28.01,30.446438,LSTM
2016-09-19,23,26.02,27.262041,LSTM
2016-09-20,0,24.79,27.4792,LSTM
2016-09-20,1,24.83,25.975607,LSTM
2016-09-20,2,23.51,26.932175,LSTM
2016-09-20,3,23.06,25.581413,LSTM
2016-09-20,4,23.44,25.918926,LSTM
2016-09-20,5,25.24,27.479958,LSTM
2016-09-20,6,32.73,36.732906,LSTM
2016-09-20,7,42.96,42.432766,LSTM
2016-09-20,8,43.88,45.33803,LSTM
2016-09-20,9,42.77,45.20188,LSTM
2016-09-20,10,42.18,40.40973,LSTM
2016-09-20,11,41.17,39.13,LSTM
2016-09-20,12,38.21,35.62003,LSTM
2016-09-20,13,35.6,33.455616,LSTM
2016-09-20,14,34.22,31.29729,LSTM
2016-09-20,15,34.55,32.613808,LSTM
2016-09-20,16,36.08,33.778923,LSTM
2016-09-20,17,39.13,39.994232,LSTM
2016-09-20,18,42.07,44.815094,LSTM
2016-09-20,19,46.8,45.09995,LSTM
2016-09-20,20,41.95,43.24686,LSTM
2016-09-20,21,35.06,37.50138,LSTM
2016-09-20,22,28.54,32.84115,LSTM
2016-09-20,23,26.03,30.381437,LSTM
2016-09-21,0,25.43,26.766884,LSTM
2016-09-21,1,24.94,25.480087,LSTM
2016-09-21,2,24.11,25.807398,LSTM
2016-09-21,3,24.13,24.567366,LSTM
2016-09-21,4,24.09,25.050692,LSTM
2016-09-21,5,25.71,26.944881,LSTM
2016-09-21,6,36.97,35.062008,LSTM
2016-09-21,7,48.19,40.051754,LSTM
2016-09-21,8,49.71,41.9943,LSTM
2016-09-21,9,44.5,40.004738,LSTM
2016-09-21,10,39.98,34.945454,LSTM
2016-09-21,11,36.03,32.40209,LSTM
2016-09-21,12,32.15,29.648031,LSTM
2016-09-21,13,31.92,27.447351,LSTM
2016-09-21,14,30.7,27.467522,LSTM
2016-09-21,15,32.81,28.270552,LSTM
2016-09-21,16,35.36,31.050055,LSTM
2016-09-21,17,42.7,38.074417,LSTM
2016-09-21,18,45.0,43.761772,LSTM
2016-09-21,19,48.75,45.93588,LSTM
2016-09-21,20,43.87,42.180973,LSTM
2016-09-21,21,37.96,36.166004,LSTM
2016-09-21,22,28.49,32.271664,LSTM
2016-09-21,23,27.09,28.483944,LSTM
2016-09-22,0,25.86,26.98238,LSTM
2016-09-22,1,25.09,25.982813,LSTM
2016-09-22,2,24.73,26.086596,LSTM
2016-09-22,3,24.26,24.424925,LSTM
2016-09-22,4,24.24,24.975204,LSTM
2016-09-22,5,26.84,27.176199,LSTM
2016-09-22,6,38.19,37.228554,LSTM
2016-09-22,7,43.34,41.935436,LSTM
2016-09-22,8,42.2,43.062378,LSTM
2016-09-22,9,35.77,38.502094,LSTM
2016-09-22,10,28.79,31.727869,LSTM
2016-09-22,11,27.75,28.795532,LSTM
2016-09-22,12,27.11,26.744244,LSTM
2016-09-22,13,27.06,26.126038,LSTM
2016-09-22,14,27.29,27.416273,LSTM
2016-09-22,15,28.61,28.194155,LSTM
2016-09-22,16,31.87,31.007105,LSTM
2016-09-22,17,39.93,37.913696,LSTM
2016-09-22,18,43.06,47.11444,LSTM
2016-09-22,19,49.06,50.740036,LSTM
2016-09-22,20,45.82,44.758953,LSTM
2016-09-22,21,38.95,38.18936,LSTM
2016-09-22,22,29.97,33.474564,LSTM
2016-09-22,23,26.47,28.526907,LSTM
2016-09-23,0,25.84,26.128716,LSTM
2016-09-23,1,25.03,25.08529,LSTM
2016-09-23,2,24.68,24.72693,LSTM
2016-09-23,3,24.78,23.354435,LSTM
2016-09-23,4,25.14,23.306208,LSTM
2016-09-23,5,26.47,25.124535,LSTM
2016-09-23,6,36.06,33.802967,LSTM
2016-09-23,7,43.04,41.12878,LSTM
2016-09-23,8,43.01,41.89416,LSTM
2016-09-23,9,38.94,42.192062,LSTM
2016-09-23,10,33.83,34.312874,LSTM
2016-09-23,11,28.77,31.73711,LSTM
2016-09-23,12,27.69,29.739977,LSTM
2016-09-23,13,27.54,27.170824,LSTM
2016-09-23,14,26.6,26.309074,LSTM
2016-09-23,15,27.66,27.14124,LSTM
2016-09-23,16,27.68,29.557907,LSTM
2016-09-23,17,31.06,35.863533,LSTM
2016-09-23,18,35.91,40.668713,LSTM
2016-09-23,19,41.83,42.344303,LSTM
2016-09-23,20,39.98,41.594368,LSTM
2016-09-23,21,30.36,34.737762,LSTM
2016-09-23,22,27.7,31.054516,LSTM
2016-09-23,23,26.79,27.798656,LSTM
2016-09-24,0,26.27,28.215559,LSTM
2016-09-24,1,24.68,26.507227,LSTM
2016-09-24,2,24.39,25.650982,LSTM
2016-09-24,3,25.15,24.31763,LSTM
2016-09-24,4,24.65,24.770405,LSTM
2016-09-24,5,24.59,25.501211,LSTM
2016-09-24,6,27.31,29.007938,LSTM
2016-09-24,7,31.15,32.741238,LSTM
2016-09-24,8,34.63,32.998917,LSTM
2016-09-24,9,34.04,30.12119,LSTM
2016-09-24,10,29.0,28.904057,LSTM
2016-09-24,11,25.43,27.71492,LSTM
2016-09-24,12,24.32,23.784233,LSTM
2016-09-24,13,24.26,22.834259,LSTM
2016-09-24,14,24.4,23.335033,LSTM
2016-09-24,15,24.93,23.8621,LSTM
2016-09-24,16,28.01,26.649315,LSTM
2016-09-24,17,34.58,31.777988,LSTM
2016-09-24,18,38.08,35.97007,LSTM
2016-09-24,19,42.63,40.32538,LSTM
2016-09-24,20,40.99,35.21252,LSTM
2016-09-24,21,34.53,30.500755,LSTM
2016-09-24,22,31.15,28.495926,LSTM
2016-09-24,23,25.46,23.63937,LSTM
2016-09-25,0,24.46,22.681435,LSTM
2016-09-25,1,22.06,20.40887,LSTM
2016-09-25,2,20.55,19.09706,LSTM
2016-09-25,3,17.84,17.751455,LSTM
2016-09-25,4,17.7,18.597202,LSTM
2016-09-25,5,19.68,18.594158,LSTM
2016-09-25,6,20.09,20.718647,LSTM
2016-09-25,7,21.47,21.642101,LSTM
2016-09-25,8,22.45,21.381538,LSTM
2016-09-25,9,22.95,19.673656,LSTM
2016-09-25,10,21.09,19.575974,LSTM
2016-09-25,11,21.09,18.14915,LSTM
2016-09-25,12,15.97,16.478014,LSTM
2016-09-25,13,10.93,14.808345,LSTM
2016-09-25,14,11.49,15.305405,LSTM
2016-09-25,15,12.89,16.866993,LSTM
2016-09-25,16,19.76,19.277603,LSTM
2016-09-25,17,26.55,24.429382,LSTM
2016-09-25,18,35.09,30.429853,LSTM
2016-09-25,19,40.95,34.978264,LSTM
2016-09-25,20,40.94,35.899902,LSTM
2016-09-25,21,33.53,32.45884,LSTM
2016-09-25,22,29.57,30.16128,LSTM
2016-09-25,23,24.52,24.935219,LSTM
2016-09-26,0,24.27,25.561783,LSTM
2016-09-26,1,24.2,23.934895,LSTM
2016-09-26,2,23.42,22.948494,LSTM
2016-09-26,3,23.28,21.84594,LSTM
2016-09-26,4,23.49,22.623646,LSTM
2016-09-26,5,25.46,26.528755,LSTM
2016-09-26,6,39.24,40.331104,LSTM
2016-09-26,7,46.53,47.666172,LSTM
2016-09-26,8,49.0,48.21806,LSTM
2016-09-26,9,46.84,43.09137,LSTM
2016-09-26,10,39.97,41.35281,LSTM
2016-09-26,11,37.39,39.08809,LSTM
2016-09-26,12,34.94,35.63235,LSTM
2016-09-26,13,33.95,35.7292,LSTM
2016-09-26,14,32.44,35.415905,LSTM
2016-09-26,15,35.0,37.796143,LSTM
2016-09-26,16,39.87,39.17251,LSTM
2016-09-26,17,44.65,44.86444,LSTM
2016-09-26,18,49.55,48.385674,LSTM
2016-09-26,19,54.12,51.882072,LSTM
2016-09-26,20,51.23,47.582336,LSTM
2016-09-26,21,37.93,41.116276,LSTM
2016-09-26,22,30.52,35.216534,LSTM
2016-09-26,23,28.4,29.572512,LSTM
2016-09-27,0,31.33,28.403881,LSTM
2016-09-27,1,30.74,27.956135,LSTM
2016-09-27,2,29.75,28.978918,LSTM
2016-09-27,3,28.73,26.654253,LSTM
2016-09-27,4,27.84,26.986656,LSTM
2016-09-27,5,29.56,30.736889,LSTM
2016-09-27,6,41.53,40.655643,LSTM
2016-09-27,7,49.0,49.732906,LSTM
2016-09-27,8,50.0,50.190968,LSTM
2016-09-27,9,44.98,46.906677,LSTM
2016-09-27,10,40.22,39.774197,LSTM
2016-09-27,11,33.93,34.68934,LSTM
2016-09-27,12,29.17,31.747843,LSTM
2016-09-27,13,28.28,28.491488,LSTM
2016-09-27,14,27.91,29.76035,LSTM
2016-09-27,15,28.29,30.269625,LSTM
2016-09-27,16,29.33,33.689888,LSTM
2016-09-27,17,38.91,40.21097,LSTM
2016-09-27,18,45.2,44.89701,LSTM
2016-09-27,19,48.97,47.14365,LSTM
2016-09-27,20,41.91,40.681435,LSTM
2016-09-27,21,29.94,33.72051,LSTM
2016-09-27,22,27.82,29.671211,LSTM
2016-09-27,23,24.36,25.266657,LSTM
2016-09-28,0,24.01,21.196194,LSTM
2016-09-28,1,21.03,18.277946,LSTM
2016-09-28,2,16.19,18.10017,LSTM
2016-09-28,3,14.66,14.91181,LSTM
2016-09-28,4,14.91,16.209534,LSTM
2016-09-28,5,19.89,18.71701,LSTM
2016-09-28,6,28.52,29.427675,LSTM
2016-09-28,7,37.94,35.601204,LSTM
2016-09-28,8,38.1,36.714794,LSTM
2016-09-28,9,32.22,31.532396,LSTM
2016-09-28,10,26.0,27.168226,LSTM
2016-09-28,11,23.06,23.641914,LSTM
2016-09-28,12,19.79,21.104345,LSTM
2016-09-28,13,12.94,20.626919,LSTM
2016-09-28,14,12.95,19.638025,LSTM
2016-09-28,15,16.84,20.591232,LSTM
2016-09-28,16,22.67,23.19779,LSTM
2016-09-28,17,26.45,25.422382,LSTM
2016-09-28,18,33.53,31.31723,LSTM
2016-09-28,19,39.59,37.737297,LSTM
2016-09-28,20,34.36,34.793037,LSTM
2016-09-28,21,28.14,28.20485,LSTM
2016-09-28,22,24.41,24.988205,LSTM
2016-09-28,23,22.02,17.479755,LSTM
2016-09-29,0,19.93,15.870024,LSTM
2016-09-29,1,16.1,15.403677,LSTM
2016-09-29,2,18.63,13.990227,LSTM
2016-09-29,3,14.57,11.226759,LSTM
2016-09-29,4,14.15,12.5862875,LSTM
2016-09-29,5,21.08,17.196533,LSTM
2016-09-29,6,28.93,26.955307,LSTM
2016-09-29,7,37.97,37.826237,LSTM
2016-09-29,8,37.84,34.948193,LSTM
2016-09-29,9,28.42,28.05735,LSTM
2016-09-29,10,23.59,24.328703,LSTM
2016-09-29,11,21.71,23.088161,LSTM
2016-09-29,12,15.84,16.893604,LSTM
2016-09-29,13,12.65,16.07335,LSTM
2016-09-29,14,11.43,17.82853,LSTM
2016-09-29,15,12.66,15.245475,LSTM
2016-09-29,16,14.78,19.37529,LSTM
2016-09-29,17,24.61,21.445675,LSTM
2016-09-29,18,29.1,28.686909,LSTM
2016-09-29,19,37.91,34.282234,LSTM
2016-09-29,20,32.05,31.058128,LSTM
2016-09-29,21,25.03,25.735168,LSTM
2016-09-29,22,22.69,21.479948,LSTM
2016-09-29,23,16.85,13.273303,LSTM
2016-09-30,0,23.79,16.86226,LSTM
2016-09-30,1,23.32,16.23696,LSTM
2016-09-30,2,23.81,16.028488,LSTM
2016-09-30,3,23.09,14.654231,LSTM
2016-09-30,4,24.02,16.182863,LSTM
2016-09-30,5,25.73,22.166166,LSTM
2016-09-30,6,39.68,31.952663,LSTM
2016-09-30,7,49.66,40.81014,LSTM
2016-09-30,8,49.97,39.05379,LSTM
2016-09-30,9,43.91,35.69634,LSTM
2016-09-30,10,39.96,35.68475,LSTM
2016-09-30,11,39.6,35.59865,LSTM
2016-09-30,12,37.9,30.876858,LSTM
2016-09-30,13,29.65,28.016018,LSTM
2016-09-30,14,29.37,29.724524,LSTM
2016-09-30,15,31.96,26.97698,LSTM
2016-09-30,16,31.19,30.371553,LSTM
2016-09-30,17,31.48,32.000298,LSTM
2016-09-30,18,37.99,36.410065,LSTM
2016-09-30,19,42.91,42.931988,LSTM
2016-09-30,20,38.97,40.82847,LSTM
2016-09-30,21,31.9,36.25974,LSTM
2016-09-30,22,30.93,34.333538,LSTM
2016-09-30,23,28.43,27.382753,LSTM
2016-10-01,0,29.18,25.065044,LSTM
2016-10-01,1,31.06,24.732117,LSTM
2016-10-01,2,26.0,23.312284,LSTM
2016-10-01,3,29.02,23.075493,LSTM
2016-10-01,4,25.94,22.50407,LSTM
2016-10-01,5,29.13,24.370697,LSTM
2016-10-01,6,32.55,26.801676,LSTM
2016-10-01,7,31.3,29.442842,LSTM
2016-10-01,8,38.38,30.404768,LSTM
2016-10-01,9,38.96,32.326637,LSTM
2016-10-01,10,39.94,30.998968,LSTM
2016-10-01,11,39.21,33.230587,LSTM
2016-10-01,12,34.07,30.187843,LSTM
2016-10-01,13,30.53,28.207537,LSTM
2016-10-01,14,29.63,27.816044,LSTM
2016-10-01,15,29.18,26.03986,LSTM
2016-10-01,16,29.44,29.082907,LSTM
2016-10-01,17,34.63,33.08267,LSTM
2016-10-01,18,39.93,36.14502,LSTM
2016-10-01,19,45.03,38.325893,LSTM
2016-10-01,20,40.06,35.11013,LSTM
2016-10-01,21,30.74,29.392447,LSTM
2016-10-01,22,28.84,29.037453,LSTM
2016-10-01,23,32.47,24.860641,LSTM
2016-10-02,0,32.68,24.055769,LSTM
2016-10-02,1,27.04,20.723715,LSTM
2016-10-02,2,26.28,20.56085,LSTM
2016-10-02,3,25.13,17.743555,LSTM
2016-10-02,4,24.9,17.497696,LSTM
2016-10-02,5,25.03,18.509377,LSTM
2016-10-02,6,25.43,20.561293,LSTM
2016-10-02,7,26.09,19.088053,LSTM
2016-10-02,8,29.7,20.977453,LSTM
2016-10-02,9,30.99,20.909723,LSTM
2016-10-02,10,29.88,20.273933,LSTM
2016-10-02,11,32.38,21.129892,LSTM
2016-10-02,12,29.11,17.493664,LSTM
2016-10-02,13,26.64,15.908763,LSTM
2016-10-02,14,25.01,15.053459,LSTM
2016-10-02,15,24.65,13.300053,LSTM
2016-10-02,16,25.06,18.363155,LSTM
2016-10-02,17,31.65,20.46019,LSTM
2016-10-02,18,41.22,25.096027,LSTM
2016-10-02,19,49.35,34.54219,LSTM
2016-10-02,20,42.4,31.392452,LSTM
2016-10-02,21,34.78,26.735706,LSTM
2016-10-02,22,29.94,27.48115,LSTM
2016-10-02,23,25.19,20.079624,LSTM
2016-10-03,0,30.81,27.686127,LSTM
2016-10-03,1,26.11,25.580885,LSTM
2016-10-03,2,25.09,24.066635,LSTM
2016-10-03,3,24.54,24.460768,LSTM
2016-10-03,4,24.59,23.76893,LSTM
2016-10-03,5,25.78,26.340353,LSTM
2016-10-03,6,36.12,33.668636,LSTM
2016-10-03,7,40.96,36.004246,LSTM
2016-10-03,8,38.19,41.105778,LSTM
2016-10-03,9,39.76,39.571148,LSTM
2016-10-03,10,32.6,36.115654,LSTM
2016-10-03,11,33.17,32.073433,LSTM
2016-10-03,12,26.19,30.76108,LSTM
2016-10-03,13,25.33,25.70996,LSTM
2016-10-03,14,24.59,26.245214,LSTM
2016-10-03,15,29.39,27.352144,LSTM
2016-10-03,16,31.04,29.409367,LSTM
2016-10-03,17,33.37,37.702168,LSTM
2016-10-03,18,37.1,35.969246,LSTM
2016-10-03,19,37.74,40.75364,LSTM
2016-10-03,20,32.63,37.101093,LSTM
2016-10-03,21,28.42,33.232212,LSTM
2016-10-03,22,25.74,30.187153,LSTM
2016-10-03,23,24.6,24.771154,LSTM
2016-10-04,0,25.96,21.716003,LSTM
2016-10-04,1,25.28,20.088646,LSTM
2016-10-04,2,24.05,18.81752,LSTM
2016-10-04,3,22.03,18.599821,LSTM
2016-10-04,4,23.25,18.255415,LSTM
2016-10-04,5,25.54,22.373512,LSTM
2016-10-04,6,30.04,33.601635,LSTM
2016-10-04,7,37.1,41.0891,LSTM
2016-10-04,8,40.38,41.526226,LSTM
2016-10-04,9,36.78,37.854614,LSTM
2016-10-04,10,32.37,35.167492,LSTM
2016-10-04,11,28.71,35.041775,LSTM
2016-10-04,12,31.29,31.142282,LSTM
2016-10-04,13,32.08,30.656158,LSTM
2016-10-04,14,31.99,30.895342,LSTM
2016-10-04,15,31.87,30.175968,LSTM
2016-10-04,16,30.49,33.379776,LSTM
2016-10-04,17,35.7,36.841793,LSTM
2016-10-04,18,37.88,35.25823,LSTM
2016-10-04,19,39.09,40.94852,LSTM
2016-10-04,20,30.21,37.137985,LSTM
2016-10-04,21,26.08,30.52053,LSTM
2016-10-04,22,24.78,27.832973,LSTM
2016-10-04,23,24.93,21.826485,LSTM
2016-10-05,0,25.06,23.870218,LSTM
2016-10-05,1,23.67,22.617226,LSTM
2016-10-05,2,22.45,22.430882,LSTM
2016-10-05,3,22.23,21.81192,LSTM
2016-10-05,4,22.71,21.746035,LSTM
2016-10-05,5,24.3,24.940725,LSTM
2016-10-05,6,31.17,30.978115,LSTM
2016-10-05,7,42.45,39.63511,LSTM
2016-10-05,8,41.97,36.403706,LSTM
2016-10-05,9,30.14,34.463326,LSTM
2016-10-05,10,27.58,30.64825,LSTM
2016-10-05,11,27.51,30.439425,LSTM
2016-10-05,12,26.33,28.03299,LSTM
2016-10-05,13,26.98,25.869623,LSTM
2016-10-05,14,28.17,28.09934,LSTM
2016-10-05,15,28.18,27.122795,LSTM
2016-10-05,16,29.99,32.081863,LSTM
2016-10-05,17,35.0,36.3705,LSTM
2016-10-05,18,42.2,36.122963,LSTM
2016-10-05,19,41.08,37.806183,LSTM
2016-10-05,20,33.37,34.434883,LSTM
2016-10-05,21,27.67,28.226616,LSTM
2016-10-05,22,26.98,28.865654,LSTM
2016-10-05,23,25.02,23.634495,LSTM
2016-10-06,0,13.65,20.944908,LSTM
2016-10-06,1,17.1,19.326431,LSTM
2016-10-06,2,16.05,18.8316,LSTM
2016-10-06,3,12.3,17.835724,LSTM
2016-10-06,4,19.55,19.47152,LSTM
2016-10-06,5,24.06,22.857622,LSTM
2016-10-06,6,27.63,28.563301,LSTM
2016-10-06,7,33.19,34.81633,LSTM
2016-10-06,8,32.57,34.40322,LSTM
2016-10-06,9,36.19,33.300926,LSTM
2016-10-06,10,36.45,33.907444,LSTM
2016-10-06,11,36.77,36.58503,LSTM
2016-10-06,12,36.97,33.894695,LSTM
2016-10-06,13,36.44,31.438414,LSTM
2016-10-06,14,34.18,32.73234,LSTM
2016-10-06,15,34.06,29.86037,LSTM
2016-10-06,16,33.42,33.241077,LSTM
2016-10-06,17,42.42,34.305374,LSTM
2016-10-06,18,42.47,35.170795,LSTM
2016-10-06,19,49.69,35.882477,LSTM
2016-10-06,20,40.02,34.278633,LSTM
2016-10-06,21,34.23,29.34265,LSTM
2016-10-06,22,30.68,30.389872,LSTM
2016-10-06,23,28.43,24.835037,LSTM
2016-10-07,0,28.87,28.09387,LSTM
2016-10-07,1,26.9,26.923721,LSTM
2016-10-07,2,26.98,26.199812,LSTM
2016-10-07,3,27.59,25.283066,LSTM
2016-10-07,4,27.96,24.857159,LSTM
2016-10-07,5,29.93,28.235703,LSTM
2016-10-07,6,42.28,36.50641,LSTM
2016-10-07,7,42.0,44.866177,LSTM
2016-10-07,8,45.58,46.67025,LSTM
2016-10-07,9,45.05,46.373062,LSTM
2016-10-07,10,46.53,43.842495,LSTM
2016-10-07,11,52.32,42.8568,LSTM
2016-10-07,12,53.07,39.036804,LSTM
2016-10-07,13,47.11,36.321537,LSTM
2016-10-07,14,44.06,34.130646,LSTM
2016-10-07,15,42.47,35.4783,LSTM
2016-10-07,16,41.98,36.495106,LSTM
2016-10-07,17,38.49,39.46423,LSTM
2016-10-07,18,41.94,41.196194,LSTM
2016-10-07,19,42.46,42.851486,LSTM
2016-10-07,20,33.1,38.70349,LSTM
2016-10-07,21,30.53,34.3389,LSTM
2016-10-07,22,31.12,33.039883,LSTM
2016-10-07,23,32.97,28.334541,LSTM
2016-10-08,0,31.04,31.92983,LSTM
2016-10-08,1,28.78,30.390228,LSTM
2016-10-08,2,29.97,28.060875,LSTM
2016-10-08,3,29.7,27.566505,LSTM
2016-10-08,4,29.99,27.200878,LSTM
2016-10-08,5,29.56,28.619385,LSTM
2016-10-08,6,31.59,30.342007,LSTM
2016-10-08,7,33.39,31.92799,LSTM
2016-10-08,8,40.04,34.560738,LSTM
2016-10-08,9,43.41,35.493896,LSTM
2016-10-08,10,44.94,35.822697,LSTM
2016-10-08,11,42.08,35.161755,LSTM
2016-10-08,12,33.58,31.933193,LSTM
2016-10-08,13,32.48,30.10244,LSTM
2016-10-08,14,33.03,28.215727,LSTM
2016-10-08,15,32.44,28.01037,LSTM
2016-10-08,16,37.02,30.053284,LSTM
2016-10-08,17,42.69,34.113327,LSTM
2016-10-08,18,46.0,38.163483,LSTM
2016-10-08,19,52.75,40.629715,LSTM
2016-10-08,20,42.92,36.19679,LSTM
2016-10-08,21,35.0,33.586166,LSTM
2016-10-08,22,32.44,34.066803,LSTM
2016-10-08,23,31.12,29.75836,LSTM
2016-10-09,0,28.71,29.038095,LSTM
2016-10-09,1,28.45,27.127443,LSTM
2016-10-09,2,29.25,24.886333,LSTM
2016-10-09,3,28.79,25.733183,LSTM
2016-10-09,4,28.72,25.404346,LSTM
2016-10-09,5,28.09,25.075966,LSTM
2016-10-09,6,28.55,25.997587,LSTM
2016-10-09,7,29.11,23.57228,LSTM
2016-10-09,8,31.87,29.198837,LSTM
2016-10-09,9,33.68,29.717665,LSTM
2016-10-09,10,33.34,30.387442,LSTM
2016-10-09,11,34.13,30.939419,LSTM
2016-10-09,12,32.06,29.35469,LSTM
2016-10-09,13,28.81,27.087929,LSTM
2016-10-09,14,28.23,26.539038,LSTM
2016-10-09,15,28.21,28.548742,LSTM
2016-10-09,16,28.8,29.667158,LSTM
2016-10-09,17,32.95,37.080208,LSTM
2016-10-09,18,41.29,41.62426,LSTM
2016-10-09,19,50.52,47.748825,LSTM
2016-10-09,20,45.29,42.13509,LSTM
2016-10-09,21,43.45,38.346817,LSTM
2016-10-09,22,42.24,36.61822,LSTM
2016-10-09,23,34.39,31.6058,LSTM
2016-10-10,0,29.58,33.35327,LSTM
2016-10-10,1,31.87,29.415699,LSTM
2016-10-10,2,33.49,30.771324,LSTM
2016-10-10,3,30.66,29.643635,LSTM
2016-10-10,4,30.19,30.72285,LSTM
2016-10-10,5,31.28,31.839355,LSTM
2016-10-10,6,48.85,40.116383,LSTM
2016-10-10,7,69.24,49.84708,LSTM
2016-10-10,8,75.0,52.05007,LSTM
2016-10-10,9,70.16,49.07675,LSTM
2016-10-10,10,60.13,49.030556,LSTM
2016-10-10,11,55.66,46.428413,LSTM
2016-10-10,12,51.99,42.71196,LSTM
2016-10-10,13,53.21,39.81624,LSTM
2016-10-10,14,52.65,39.99856,LSTM
2016-10-10,15,51.91,43.288017,LSTM
2016-10-10,16,55.0,44.02401,LSTM
2016-10-10,17,57.24,48.55216,LSTM
2016-10-10,18,69.94,54.273396,LSTM
2016-10-10,19,81.93,53.962452,LSTM
2016-10-10,20,57.1,45.226135,LSTM
2016-10-10,21,43.41,40.4517,LSTM
2016-10-10,22,33.48,36.180824,LSTM
2016-10-10,23,30.53,30.262503,LSTM
2016-10-11,0,32.34,30.950478,LSTM
2016-10-11,1,30.23,28.920135,LSTM
2016-10-11,2,29.08,29.31416,LSTM
2016-10-11,3,29.16,27.845667,LSTM
2016-10-11,4,30.18,26.052113,LSTM
2016-10-11,5,31.91,31.302597,LSTM
2016-10-11,6,36.91,43.324707,LSTM
2016-10-11,7,45.93,54.193245,LSTM
2016-10-11,8,49.39,49.897858,LSTM
2016-10-11,9,49.35,51.039654,LSTM
2016-10-11,10,47.58,49.152805,LSTM
2016-10-11,11,45.08,48.814514,LSTM
2016-10-11,12,40.08,43.084885,LSTM
2016-10-11,13,39.91,43.93832,LSTM
2016-10-11,14,37.88,40.725964,LSTM
2016-10-11,15,39.25,44.900253,LSTM
2016-10-11,16,39.96,44.030663,LSTM
2016-10-11,17,42.67,43.116135,LSTM
2016-10-11,18,44.97,45.68995,LSTM
2016-10-11,19,44.54,48.296177,LSTM
2016-10-11,20,35.45,42.736015,LSTM
2016-10-11,21,34.23,36.661327,LSTM
2016-10-11,22,33.03,33.169888,LSTM
2016-10-11,23,30.41,29.263397,LSTM
2016-10-12,0,28.17,30.21357,LSTM
2016-10-12,1,27.93,28.46254,LSTM
2016-10-12,2,28.09,26.772903,LSTM
2016-10-12,3,28.01,27.703802,LSTM
2016-10-12,4,28.16,26.609003,LSTM
2016-10-12,5,29.99,30.145365,LSTM
2016-10-12,6,32.93,39.887905,LSTM
2016-10-12,7,45.07,47.875153,LSTM
2016-10-12,8,46.99,47.05021,LSTM
2016-10-12,9,45.95,45.6865,LSTM
2016-10-12,10,41.59,45.70342,LSTM
2016-10-12,11,44.94,45.23928,LSTM
2016-10-12,12,40.54,40.532135,LSTM
2016-10-12,13,36.77,40.959732,LSTM
2016-10-12,14,34.93,38.904564,LSTM
2016-10-12,15,33.87,43.363213,LSTM
2016-10-12,16,37.44,42.64569,LSTM
2016-10-12,17,44.02,44.18487,LSTM
2016-10-12,18,45.68,45.477863,LSTM
2016-10-12,19,47.82,49.73342,LSTM
2016-10-12,20,38.26,41.57437,LSTM
2016-10-12,21,33.57,36.36462,LSTM
2016-10-12,22,33.99,34.722515,LSTM
2016-10-12,23,30.1,29.663815,LSTM
2016-10-13,0,28.21,29.030096,LSTM
2016-10-13,1,28.15,27.920597,LSTM
2016-10-13,2,28.08,27.085121,LSTM
2016-10-13,3,28.14,26.381248,LSTM
2016-10-13,4,28.12,26.622637,LSTM
2016-10-13,5,28.23,30.273438,LSTM
2016-10-13,6,36.66,37.21458,LSTM
2016-10-13,7,47.91,46.636105,LSTM
2016-10-13,8,49.64,45.695297,LSTM
2016-10-13,9,44.98,42.322433,LSTM
2016-10-13,10,40.02,39.36986,LSTM
2016-10-13,11,37.64,34.336388,LSTM
2016-10-13,12,31.39,30.210072,LSTM
2016-10-13,13,31.06,26.523731,LSTM
2016-10-13,14,30.12,27.586258,LSTM
2016-10-13,15,32.06,26.912079,LSTM
2016-10-13,16,31.63,30.26567,LSTM
2016-10-13,17,38.13,34.177155,LSTM
2016-10-13,18,42.76,32.045654,LSTM
2016-10-13,19,39.96,37.137363,LSTM
2016-10-13,20,30.58,31.38381,LSTM
2016-10-13,21,28.7,25.418793,LSTM
2016-10-13,22,28.2,25.158274,LSTM
2016-10-13,23,27.42,20.11557,LSTM
2016-10-14,0,20.8,23.188581,LSTM
2016-10-14,1,20.02,21.524067,LSTM
2016-10-14,2,14.98,20.414572,LSTM
2016-10-14,3,20.07,20.53193,LSTM
2016-10-14,4,21.72,21.146147,LSTM
2016-10-14,5,25.2,24.208918,LSTM
2016-10-14,6,30.29,30.06963,LSTM
2016-10-14,7,40.53,36.695206,LSTM
2016-10-14,8,40.08,36.232754,LSTM
2016-10-14,9,40.1,33.178352,LSTM
2016-10-14,10,34.13,32.047028,LSTM
2016-10-14,11,29.55,31.306368,LSTM
2016-10-14,12,28.17,28.683706,LSTM
2016-10-14,13,28.1,26.512611,LSTM
2016-10-14,14,28.2,27.57032,LSTM
2016-10-14,15,30.01,27.924023,LSTM
2016-10-14,16,29.0,30.86739,LSTM
2016-10-14,17,37.07,35.182636,LSTM
2016-10-14,18,38.27,35.125652,LSTM
2016-10-14,19,38.52,35.824707,LSTM
2016-10-14,20,32.32,31.69833,LSTM
2016-10-14,21,29.57,27.030296,LSTM
2016-10-14,22,28.2,27.401274,LSTM
2016-10-14,23,28.01,22.677341,LSTM
2016-10-15,0,15.53,25.616508,LSTM
2016-10-15,1,13.1,22.6275,LSTM
2016-10-15,2,13.66,21.9681,LSTM
2016-10-15,3,13.62,21.420954,LSTM
2016-10-15,4,17.99,21.358543,LSTM
2016-10-15,5,15.5,22.570969,LSTM
2016-10-15,6,15.79,22.253834,LSTM
2016-10-15,7,27.62,23.358995,LSTM
2016-10-15,8,30.59,26.873158,LSTM
2016-10-15,9,31.62,31.701588,LSTM
2016-10-15,10,31.89,32.015728,LSTM
2016-10-15,11,33.34,32.802605,LSTM
2016-10-15,12,31.39,33.18196,LSTM
2016-10-15,13,31.36,30.930847,LSTM
2016-10-15,14,32.24,31.054504,LSTM
2016-10-15,15,36.05,34.786457,LSTM
2016-10-15,16,38.03,36.28945,LSTM
2016-10-15,17,42.86,42.517853,LSTM
2016-10-15,18,49.92,47.57634,LSTM
2016-10-15,19,57.05,48.686947,LSTM
2016-10-15,20,48.93,38.842873,LSTM
2016-10-15,21,44.38,35.7106,LSTM
2016-10-15,22,40.02,36.858475,LSTM
2016-10-15,23,32.96,31.88543,LSTM
2016-10-16,0,33.08,33.96292,LSTM
2016-10-16,1,31.1,31.027908,LSTM
2016-10-16,2,31.6,31.847773,LSTM
2016-10-16,3,30.59,31.34357,LSTM
2016-10-16,4,30.66,29.94967,LSTM
2016-10-16,5,30.61,30.028355,LSTM
2016-10-16,6,30.91,31.206537,LSTM
2016-10-16,7,31.51,34.06411,LSTM
2016-10-16,8,36.63,37.492622,LSTM
2016-10-16,9,38.48,36.205555,LSTM
2016-10-16,10,37.39,36.59612,LSTM
2016-10-16,11,34.57,34.78774,LSTM
2016-10-16,12,33.1,31.573708,LSTM
2016-10-16,13,31.54,26.853268,LSTM
2016-10-16,14,30.08,26.420956,LSTM
2016-10-16,15,30.44,31.265848,LSTM
2016-10-16,16,31.05,29.68485,LSTM
2016-10-16,17,36.06,37.39712,LSTM
2016-10-16,18,45.85,41.335373,LSTM
2016-10-16,19,48.93,46.017067,LSTM
2016-10-16,20,34.15,37.182716,LSTM
2016-10-16,21,31.06,34.755566,LSTM
2016-10-16,22,30.57,32.185234,LSTM
2016-10-16,23,28.84,27.621653,LSTM
2016-10-17,0,30.6,25.851286,LSTM
2016-10-17,1,29.56,24.166212,LSTM
2016-10-17,2,29.17,22.476368,LSTM
2016-10-17,3,28.44,22.648039,LSTM
2016-10-17,4,28.53,21.460154,LSTM
2016-10-17,5,30.46,26.136387,LSTM
2016-10-17,6,41.75,37.604195,LSTM
2016-10-17,7,45.11,47.845596,LSTM
2016-10-17,8,48.34,50.361313,LSTM
2016-10-17,9,46.42,48.8536,LSTM
2016-10-17,10,46.48,47.058487,LSTM
2016-10-17,11,46.02,46.26072,LSTM
2016-10-17,12,41.9,44.381054,LSTM
2016-10-17,13,45.21,45.62982,LSTM
2016-10-17,14,48.97,44.880558,LSTM
2016-10-17,15,52.42,47.888847,LSTM
2016-10-17,16,53.97,51.28485,LSTM
2016-10-17,17,50.05,59.510452,LSTM
2016-10-17,18,55.56,62.611275,LSTM
2016-10-17,19,56.08,61.40172,LSTM
2016-10-17,20,46.44,50.482468,LSTM
2016-10-17,21,35.74,42.998283,LSTM
2016-10-17,22,36.87,39.665344,LSTM
2016-10-17,23,32.57,32.97278,LSTM
2016-10-18,0,31.5,32.682022,LSTM
2016-10-18,1,30.82,32.01339,LSTM
2016-10-18,2,30.46,33.018238,LSTM
2016-10-18,3,30.5,31.18985,LSTM
2016-10-18,4,31.11,32.45255,LSTM
2016-10-18,5,32.96,34.166492,LSTM
2016-10-18,6,41.79,43.90149,LSTM
2016-10-18,7,51.33,55.095917,LSTM
2016-10-18,8,54.95,58.166107,LSTM
2016-10-18,9,51.93,56.284927,LSTM
2016-10-18,10,50.35,52.97132,LSTM
2016-10-18,11,50.81,50.691372,LSTM
2016-10-18,12,46.49,46.669895,LSTM
2016-10-18,13,41.16,43.987885,LSTM
2016-10-18,14,35.38,43.842888,LSTM
2016-10-18,15,35.76,43.708885,LSTM
2016-10-18,16,36.8,45.892532,LSTM
2016-10-18,17,44.9,49.318226,LSTM
2016-10-18,18,48.91,52.150204,LSTM
2016-10-18,19,47.47,49.52601,LSTM
2016-10-18,20,37.63,42.89812,LSTM
2016-10-18,21,34.44,37.002808,LSTM
2016-10-18,22,32.7,34.218197,LSTM
2016-10-18,23,30.49,30.765186,LSTM
2016-10-19,0,30.27,29.822937,LSTM
2016-10-19,1,28.99,28.798546,LSTM
2016-10-19,2,28.95,28.306408,LSTM
2016-10-19,3,29.08,27.912006,LSTM
2016-10-19,4,30.32,28.18295,LSTM
2016-10-19,5,30.85,30.334587,LSTM
2016-10-19,6,36.66,39.814156,LSTM
2016-10-19,7,47.5,49.7182,LSTM
2016-10-19,8,48.68,51.79134,LSTM
2016-10-19,9,48.47,48.340347,LSTM
2016-10-19,10,49.29,48.18428,LSTM
2016-10-19,11,49.29,47.933006,LSTM
2016-10-19,12,47.99,43.03257,LSTM
2016-10-19,13,45.92,42.515656,LSTM
2016-10-19,14,42.01,42.404884,LSTM
2016-10-19,15,41.27,44.927124,LSTM
2016-10-19,16,42.12,45.605675,LSTM
2016-10-19,17,48.32,50.30129,LSTM
2016-10-19,18,48.95,53.626904,LSTM
2016-10-19,19,49.0,53.916626,LSTM
2016-10-19,20,44.49,44.545525,LSTM
2016-10-19,21,35.2,38.755257,LSTM
2016-10-19,22,34.99,35.37012,LSTM
2016-10-19,23,31.26,31.124718,LSTM
2016-10-20,0,30.36,31.551815,LSTM
2016-10-20,1,29.99,30.89732,LSTM
2016-10-20,2,29.97,29.488935,LSTM
2016-10-20,3,30.03,28.791325,LSTM
2016-10-20,4,30.02,29.118322,LSTM
2016-10-20,5,30.83,31.759441,LSTM
2016-10-20,6,35.35,41.89902,LSTM
2016-10-20,7,41.84,50.854935,LSTM
2016-10-20,8,46.95,54.11786,LSTM
2016-10-20,9,47.98,51.309486,LSTM
2016-10-20,10,47.06,50.46015,LSTM
2016-10-20,11,47.16,49.516304,LSTM
2016-10-20,12,44.93,46.207314,LSTM
2016-10-20,13,44.71,45.938606,LSTM
2016-10-20,14,42.6,47.633984,LSTM
2016-10-20,15,43.6,47.362236,LSTM
2016-10-20,16,44.98,49.953735,LSTM
2016-10-20,17,48.91,55.530396,LSTM
2016-10-20,18,48.96,59.269848,LSTM
2016-10-20,19,56.01,60.0917,LSTM
2016-10-20,20,46.45,49.950615,LSTM
2016-10-20,21,36.11,42.829998,LSTM
2016-10-20,22,34.67,39.684128,LSTM
2016-10-20,23,32.87,33.456352,LSTM
2016-10-21,0,32.65,32.986465,LSTM
2016-10-21,1,31.94,32.22882,LSTM
2016-10-21,2,31.39,32.568497,LSTM
2016-10-21,3,31.17,30.845364,LSTM
2016-10-21,4,32.55,32.28914,LSTM
2016-10-21,5,32.84,32.552242,LSTM
2016-10-21,6,35.9,41.332603,LSTM
2016-10-21,7,46.87,49.11039,LSTM
2016-10-21,8,48.98,54.14807,LSTM
2016-10-21,9,48.45,51.339058,LSTM
2016-10-21,10,48.42,48.141106,LSTM
2016-10-21,11,47.82,47.588707,LSTM
2016-10-21,12,46.49,43.034813,LSTM
2016-10-21,13,41.84,40.303345,LSTM
2016-10-21,14,38.31,39.457756,LSTM
2016-10-21,15,37.41,37.56649,LSTM
2016-10-21,16,37.96,40.618813,LSTM
2016-10-21,17,42.06,43.69362,LSTM
2016-10-21,18,46.44,47.005566,LSTM
2016-10-21,19,45.95,44.701706,LSTM
2016-10-21,20,39.49,40.732574,LSTM
2016-10-21,21,36.09,35.20845,LSTM
2016-10-21,22,34.98,33.553223,LSTM
2016-10-21,23,33.9,31.710796,LSTM
2016-10-22,0,38.45,34.287132,LSTM
2016-10-22,1,34.55,31.197632,LSTM
2016-10-22,2,33.96,32.203014,LSTM
2016-10-22,3,34.11,29.280039,LSTM
2016-10-22,4,35.18,29.213602,LSTM
2016-10-22,5,35.61,29.29416,LSTM
2016-10-22,6,34.55,30.912817,LSTM
2016-10-22,7,36.89,32.435356,LSTM
2016-10-22,8,35.21,35.17461,LSTM
2016-10-22,9,38.07,37.735416,LSTM
2016-10-22,10,37.87,38.15735,LSTM
2016-10-22,11,37.28,38.96266,LSTM
2016-10-22,12,39.96,36.59885,LSTM
2016-10-22,13,35.02,34.77273,LSTM
2016-10-22,14,34.31,33.218067,LSTM
2016-10-22,15,34.17,32.32174,LSTM
2016-10-22,16,35.19,35.399483,LSTM
2016-10-22,17,46.76,38.074104,LSTM
2016-10-22,18,49.96,44.049583,LSTM
2016-10-22,19,49.99,42.925583,LSTM
2016-10-22,20,44.11,37.23604,LSTM
2016-10-22,21,35.88,34.245636,LSTM
2016-10-22,22,34.53,34.564995,LSTM
2016-10-22,23,34.51,32.427086,LSTM
2016-10-23,0,33.09,36.387444,LSTM
2016-10-23,1,32.69,33.985237,LSTM
2016-10-23,2,32.41,33.37255,LSTM
2016-10-23,3,31.85,33.02484,LSTM
2016-10-23,4,32.03,34.66512,LSTM
2016-10-23,5,31.9,33.345093,LSTM
2016-10-23,6,32.52,34.528263,LSTM
2016-10-23,7,33.04,32.219795,LSTM
2016-10-23,8,33.75,38.628014,LSTM
2016-10-23,9,35.22,33.20679,LSTM
2016-10-23,10,34.84,39.09295,LSTM
2016-10-23,11,33.91,38.823494,LSTM
2016-10-23,12,32.63,33.203022,LSTM
2016-10-23,13,32.86,29.018822,LSTM
2016-10-23,14,31.95,29.400433,LSTM
2016-10-23,15,32.66,28.720201,LSTM
2016-10-23,16,34.44,31.823864,LSTM
2016-10-23,17,37.24,36.093086,LSTM
2016-10-23,18,42.01,40.45712,LSTM
2016-10-23,19,47.02,46.568165,LSTM
2016-10-23,20,39.77,36.633564,LSTM
2016-10-23,21,36.86,34.920853,LSTM
2016-10-23,22,34.75,35.368565,LSTM
2016-10-23,23,33.6,31.173279,LSTM
2016-10-24,0,31.44,31.854555,LSTM
2016-10-24,1,31.08,29.774973,LSTM
2016-10-24,2,31.53,29.927896,LSTM
2016-10-24,3,30.9,28.882576,LSTM
2016-10-24,4,31.24,29.52505,LSTM
2016-10-24,5,31.68,30.596828,LSTM
2016-10-24,6,43.5,40.47851,LSTM
2016-10-24,7,49.92,51.20114,LSTM
2016-10-24,8,49.92,52.55427,LSTM
2016-10-24,9,49.9,49.942688,LSTM
2016-10-24,10,49.98,50.491188,LSTM
2016-10-24,11,49.97,49.937943,LSTM
2016-10-24,12,49.07,45.04422,LSTM
2016-10-24,13,46.07,45.333057,LSTM
2016-10-24,14,44.73,44.072235,LSTM
2016-10-24,15,46.09,46.932125,LSTM
2016-10-24,16,46.47,46.770367,LSTM
2016-10-24,17,48.21,50.355858,LSTM
2016-10-24,18,48.49,52.223083,LSTM
2016-10-24,19,48.35,47.080368,LSTM
2016-10-24,20,42.32,40.05415,LSTM
2016-10-24,21,36.35,35.29687,LSTM
2016-10-24,22,35.82,31.242035,LSTM
2016-10-24,23,33.07,29.363472,LSTM
2016-10-25,0,35.38,33.328983,LSTM
2016-10-25,1,34.58,33.10517,LSTM
2016-10-25,2,34.64,33.757313,LSTM
2016-10-25,3,35.02,31.539083,LSTM
2016-10-25,4,34.97,32.31353,LSTM
2016-10-25,5,37.01,34.35001,LSTM
2016-10-25,6,43.3,43.003536,LSTM
2016-10-25,7,68.1,53.6651,LSTM
2016-10-25,8,68.02,56.797813,LSTM
2016-10-25,9,67.28,55.104607,LSTM
2016-10-25,10,73.07,55.604324,LSTM
2016-10-25,11,74.23,56.74048,LSTM
2016-10-25,12,67.61,53.529243,LSTM
2016-10-25,13,66.01,52.411373,LSTM
2016-10-25,14,57.97,51.81803,LSTM
2016-10-25,15,56.38,50.03521,LSTM
2016-10-25,16,56.0,50.5197,LSTM
2016-10-25,17,67.71,55.09361,LSTM
2016-10-25,18,67.18,61.082,LSTM
2016-10-25,19,60.39,58.849335,LSTM
2016-10-25,20,51.98,49.4694,LSTM
2016-10-25,21,39.76,44.19061,LSTM
2016-10-25,22,37.38,40.26249,LSTM
2016-10-25,23,34.7,34.60226,LSTM
2016-10-26,0,35.81,34.260643,LSTM
2016-10-26,1,34.6,33.344303,LSTM
2016-10-26,2,34.71,34.159927,LSTM
2016-10-26,3,35.03,32.956295,LSTM
2016-10-26,4,35.03,33.567318,LSTM
2016-10-26,5,36.17,34.547134,LSTM
2016-10-26,6,41.2,41.875553,LSTM
2016-10-26,7,52.3,53.173378,LSTM
2016-10-26,8,55.66,56.16771,LSTM
2016-10-26,9,58.21,55.565857,LSTM
2016-10-26,10,58.01,53.180027,LSTM
2016-10-26,11,55.68,51.920444,LSTM
2016-10-26,12,52.15,47.676746,LSTM
2016-10-26,13,49.88,45.5429,LSTM
2016-10-26,14,45.67,44.219574,LSTM
2016-10-26,15,46.81,45.545288,LSTM
2016-10-26,16,47.92,45.835503,LSTM
2016-10-26,17,50.27,51.271675,LSTM
2016-10-26,18,53.84,53.642273,LSTM
2016-10-26,19,52.49,47.48646,LSTM
2016-10-26,20,41.28,40.495564,LSTM
2016-10-26,21,39.99,35.147102,LSTM
2016-10-26,22,37.37,32.192932,LSTM
2016-10-26,23,34.1,30.054516,LSTM
2016-10-27,0,32.84,30.684443,LSTM
2016-10-27,1,32.26,28.999067,LSTM
2016-10-27,2,31.87,28.29433,LSTM
2016-10-27,3,31.25,27.988815,LSTM
2016-10-27,4,32.34,28.11255,LSTM
2016-10-27,5,33.58,30.145159,LSTM
2016-10-27,6,38.12,37.64924,LSTM
2016-10-27,7,47.94,46.469604,LSTM
2016-10-27,8,48.99,48.07972,LSTM
2016-10-27,9,47.42,47.00203,LSTM
2016-10-27,10,47.94,44.359005,LSTM
2016-10-27,11,45.69,41.149574,LSTM
2016-10-27,12,44.11,37.91241,LSTM
2016-10-27,13,41.77,36.532314,LSTM
2016-10-27,14,38.68,35.68376,LSTM
2016-10-27,15,39.51,36.73282,LSTM
2016-10-27,16,40.91,37.238243,LSTM
2016-10-27,17,44.69,41.253136,LSTM
2016-10-27,18,48.73,41.001427,LSTM
2016-10-27,19,42.0,38.81556,LSTM
2016-10-27,20,38.02,32.15355,LSTM
2016-10-27,21,36.76,27.509691,LSTM
2016-10-27,22,33.82,26.317566,LSTM
2016-10-27,23,31.05,23.071383,LSTM
2016-10-28,0,29.06,26.691042,LSTM
2016-10-28,1,26.87,24.70514,LSTM
2016-10-28,2,23.43,23.434425,LSTM
2016-10-28,3,23.65,22.317015,LSTM
2016-10-28,4,23.92,22.669754,LSTM
2016-10-28,5,29.1,24.644129,LSTM
2016-10-28,6,31.08,31.38081,LSTM
2016-10-28,7,37.04,36.524837,LSTM
2016-10-28,8,39.3,38.533,LSTM
2016-10-28,9,37.72,38.70661,LSTM
2016-10-28,10,37.76,33.773037,LSTM
2016-10-28,11,38.89,33.00063,LSTM
2016-10-28,12,37.17,32.34511,LSTM
2016-10-28,13,36.82,31.872826,LSTM
2016-10-28,14,36.31,30.87286,LSTM
2016-10-28,15,37.23,32.332058,LSTM
2016-10-28,16,37.99,35.06901,LSTM
2016-10-28,17,43.74,40.014404,LSTM
2016-10-28,18,50.5,41.519268,LSTM
2016-10-28,19,47.62,41.12212,LSTM
2016-10-28,20,41.97,37.565567,LSTM
2016-10-28,21,42.82,33.420345,LSTM
2016-10-28,22,39.93,34.641716,LSTM
2016-10-28,23,33.1,30.487068,LSTM
2016-10-29,0,31.05,33.115772,LSTM
2016-10-29,1,29.85,29.778406,LSTM
2016-10-29,2,29.04,30.383709,LSTM
2016-10-29,3,28.65,30.783077,LSTM
2016-10-29,4,28.77,29.597698,LSTM
2016-10-29,5,28.84,30.172152,LSTM
2016-10-29,6,30.77,30.207647,LSTM
2016-10-29,7,32.5,34.70635,LSTM
2016-10-29,8,35.06,37.7709,LSTM
2016-10-29,9,41.76,40.651085,LSTM
2016-10-29,10,41.54,36.419807,LSTM
2016-10-29,11,36.19,33.052975,LSTM
2016-10-29,12,33.79,31.968092,LSTM
2016-10-29,13,31.54,27.407755,LSTM
2016-10-29,14,30.03,26.760035,LSTM
2016-10-29,15,31.41,29.765213,LSTM
2016-10-29,16,32.7,32.08565,LSTM
2016-10-29,17,37.93,38.351227,LSTM
2016-10-29,18,45.92,39.345356,LSTM
2016-10-29,19,44.27,39.9007,LSTM
2016-10-29,20,39.44,33.04978,LSTM
2016-10-29,21,35.24,30.943943,LSTM
2016-10-29,22,35.12,32.240833,LSTM
2016-10-29,23,33.81,29.27695,LSTM
2016-10-30,0,32.57,32.762592,LSTM
2016-10-30,1,32.15,29.35983,LSTM
2016-10-30,2,31.55,29.657696,LSTM
2016-10-30,3,31.4,28.232197,LSTM
2016-10-30,4,31.45,28.364584,LSTM
2016-10-30,5,32.03,28.466476,LSTM
2016-10-30,6,32.55,27.97013,LSTM
2016-10-30,7,33.35,27.233295,LSTM
2016-10-30,8,35.02,30.893463,LSTM
2016-10-30,9,36.49,30.701097,LSTM
2016-10-30,10,36.99,34.704098,LSTM
2016-10-30,11,38.33,35.975376,LSTM
2016-10-30,12,37.2,34.105286,LSTM
2016-10-30,13,33.9,33.497242,LSTM
2016-10-30,14,32.48,33.635498,LSTM
2016-10-30,15,33.09,38.19982,LSTM
2016-10-30,16,34.64,38.593143,LSTM
2016-10-30,17,49.2,45.793846,LSTM
2016-10-30,18,52.48,52.87961,LSTM
2016-10-30,19,48.28,54.288055,LSTM
2016-10-30,20,40.3,43.346745,LSTM
2016-10-30,21,39.0,42.634624,LSTM
2016-10-30,22,39.0,40.97094,LSTM
2016-10-30,23,37.64,36.094074,LSTM
2016-10-31,0,35.36,36.04986,LSTM
2016-10-31,1,34.94,34.366016,LSTM
2016-10-31,2,34.66,34.09967,LSTM
2016-10-31,3,33.92,34.006046,LSTM
2016-10-31,4,34.39,34.743027,LSTM
2016-10-31,5,40.03,34.92851,LSTM
2016-10-31,6,45.29,44.114025,LSTM
2016-10-31,7,51.68,54.898964,LSTM
2016-10-31,8,50.47,54.902626,LSTM
2016-10-31,9,47.38,53.89092,LSTM
2016-10-31,10,45.1,50.975273,LSTM
2016-10-31,11,44.0,48.83464,LSTM
2016-10-31,12,39.0,47.052307,LSTM
2016-10-31,13,38.08,47.459625,LSTM
2016-10-31,14,38.64,48.016552,LSTM
2016-10-31,15,46.04,50.226715,LSTM
2016-10-31,16,49.73,52.528114,LSTM
2016-10-31,17,59.2,55.939465,LSTM
2016-10-31,18,55.98,58.664948,LSTM
2016-10-31,19,48.96,56.1808,LSTM
2016-10-31,20,44.13,46.579124,LSTM
2016-10-31,21,40.26,38.811108,LSTM
2016-10-31,22,38.62,38.48916,LSTM
2016-10-31,23,37.68,34.920322,LSTM
2016-11-01,0,33.31,35.090847,LSTM
2016-11-01,1,33.68,31.038422,LSTM
2016-11-01,2,33.31,28.732937,LSTM
2016-11-01,3,32.52,28.834684,LSTM
2016-11-01,4,32.99,28.806738,LSTM
2016-11-01,5,33.31,27.130737,LSTM
2016-11-01,6,36.98,25.508297,LSTM
2016-11-01,7,41.93,25.68916,LSTM
2016-11-01,8,41.09,27.26028,LSTM
2016-11-01,9,33.77,30.222118,LSTM
2016-11-01,10,31.27,28.466694,LSTM
2016-11-01,11,30.9,24.775023,LSTM
2016-11-01,12,30.75,24.784962,LSTM
2016-11-01,13,30.03,22.978333,LSTM
2016-11-01,14,31.58,22.148014,LSTM
2016-11-01,15,33.28,25.841984,LSTM
2016-11-01,16,39.34,30.159971,LSTM
2016-11-01,17,47.51,35.784374,LSTM
2016-11-01,18,49.99,33.254173,LSTM
2016-11-01,19,45.97,31.539623,LSTM
2016-11-01,20,35.94,26.377281,LSTM
2016-11-01,21,29.59,23.393583,LSTM
2016-11-01,22,28.86,27.57825,LSTM
2016-11-01,23,16.02,22.659374,LSTM
2016-11-02,0,27.11,21.333145,LSTM
2016-11-02,1,15.12,20.01802,LSTM
2016-11-02,2,13.2,18.567,LSTM
2016-11-02,3,12.26,19.530783,LSTM
2016-11-02,4,13.16,18.027777,LSTM
2016-11-02,5,21.01,21.822971,LSTM
2016-11-02,6,33.85,28.774353,LSTM
2016-11-02,7,39.04,34.410774,LSTM
2016-11-02,8,36.54,34.981472,LSTM
2016-11-02,9,36.72,32.546673,LSTM
2016-11-02,10,33.19,25.917297,LSTM
2016-11-02,11,34.07,24.534798,LSTM
2016-11-02,12,32.93,26.485758,LSTM
2016-11-02,13,33.18,29.105955,LSTM
2016-11-02,14,33.06,30.622784,LSTM
2016-11-02,15,33.99,37.675224,LSTM
2016-11-02,16,39.16,40.801308,LSTM
2016-11-02,17,52.91,54.318207,LSTM
2016-11-02,18,52.46,55.569355,LSTM
2016-11-02,19,51.46,51.298466,LSTM
2016-11-02,20,39.98,40.567474,LSTM
2016-11-02,21,37.52,37.493607,LSTM
2016-11-02,22,35.18,38.570248,LSTM
2016-11-02,23,35.67,32.827164,LSTM
2016-11-03,0,35.05,34.80968,LSTM
2016-11-03,1,35.07,32.816727,LSTM
2016-11-03,2,34.74,32.944202,LSTM
2016-11-03,3,35.87,32.507843,LSTM
2016-11-03,4,36.74,33.45094,LSTM
2016-11-03,5,38.95,34.294613,LSTM
2016-11-03,6,47.23,43.07641,LSTM
2016-11-03,7,53.41,55.360466,LSTM
2016-11-03,8,56.06,56.570137,LSTM
2016-11-03,9,50.11,55.014732,LSTM
2016-11-03,10,46.86,52.767147,LSTM
2016-11-03,11,47.63,49.261257,LSTM
2016-11-03,12,48.0,49.44332,LSTM
2016-11-03,13,48.95,48.455326,LSTM
2016-11-03,14,48.96,51.76335,LSTM
2016-11-03,15,59.6,52.76767,LSTM
2016-11-03,16,56.35,56.59554,LSTM
2016-11-03,17,59.99,62.90704,LSTM
2016-11-03,18,56.03,65.50462,LSTM
2016-11-03,19,48.88,61.09015,LSTM
2016-11-03,20,42.41,48.63221,LSTM
2016-11-03,21,37.27,40.10916,LSTM
2016-11-03,22,36.24,38.345467,LSTM
2016-11-03,23,33.98,32.369907,LSTM
2016-11-04,0,32.4,31.440296,LSTM
2016-11-04,1,32.42,29.555628,LSTM
2016-11-04,2,30.96,28.72205,LSTM
2016-11-04,3,30.8,27.844189,LSTM
2016-11-04,4,31.98,29.295326,LSTM
2016-11-04,5,34.13,29.58485,LSTM
2016-11-04,6,36.98,36.682236,LSTM
2016-11-04,7,46.78,47.440414,LSTM
2016-11-04,8,48.69,48.543385,LSTM
2016-11-04,9,47.94,46.12311,LSTM
2016-11-04,10,40.86,42.101307,LSTM
2016-11-04,11,42.83,39.289787,LSTM
2016-11-04,12,38.05,38.206367,LSTM
2016-11-04,13,40.49,38.15147,LSTM
2016-11-04,14,43.15,38.962105,LSTM
2016-11-04,15,49.91,41.986053,LSTM
2016-11-04,16,48.73,45.428997,LSTM
2016-11-04,17,52.19,50.81672,LSTM
2016-11-04,18,49.6,54.786457,LSTM
2016-11-04,19,40.15,48.4123,LSTM
2016-11-04,20,39.23,43.017143,LSTM
2016-11-04,21,38.31,37.804535,LSTM
2016-11-04,22,37.02,36.721027,LSTM
2016-11-04,23,34.9,33.977413,LSTM
2016-11-05,0,37.05,35.507645,LSTM
2016-11-05,1,37.07,34.875465,LSTM
2016-11-05,2,36.77,34.053024,LSTM
2016-11-05,3,35.97,34.58058,LSTM
2016-11-05,4,35.54,33.74916,LSTM
2016-11-05,5,35.93,31.738407,LSTM
2016-11-05,6,36.5,29.753645,LSTM
2016-11-05,7,37.02,34.110916,LSTM
2016-11-05,8,38.96,35.38965,LSTM
2016-11-05,9,39.89,43.566364,LSTM
2016-11-05,10,41.16,41.423897,LSTM
2016-11-05,11,44.79,41.64293,LSTM
2016-11-05,12,46.54,38.896545,LSTM
2016-11-05,13,40.8,38.513897,LSTM
2016-11-05,14,39.35,34.929638,LSTM
2016-11-05,15,38.88,37.085045,LSTM
2016-11-05,16,42.65,37.38481,LSTM
2016-11-05,17,48.1,42.377663,LSTM
2016-11-05,18,44.78,43.303776,LSTM
2016-11-05,19,40.91,37.93534,LSTM
2016-11-05,20,37.07,32.525314,LSTM
2016-11-05,21,34.32,27.81223,LSTM
2016-11-05,22,32.71,28.337301,LSTM
2016-11-05,23,29.94,28.23235,LSTM
2016-11-06,0,32.23,31.120068,LSTM
2016-11-06,1,27.78,29.966276,LSTM
2016-11-06,2,27.95,28.941994,LSTM
2016-11-06,3,25.03,30.328371,LSTM
2016-11-06,4,30.1,30.480349,LSTM
2016-11-06,5,29.82,29.496502,LSTM
2016-11-06,6,30.89,25.616287,LSTM
2016-11-06,7,30.88,25.1049,LSTM
2016-11-06,8,33.81,27.018673,LSTM
2016-11-06,9,37.02,30.471756,LSTM
2016-11-06,10,37.93,35.108833,LSTM
2016-11-06,11,41.58,38.17485,LSTM
2016-11-06,12,38.94,34.292187,LSTM
2016-11-06,13,37.07,33.290524,LSTM
2016-11-06,14,37.09,32.37725,LSTM
2016-11-06,15,37.0,36.992916,LSTM
2016-11-06,16,39.5,37.05178,LSTM
2016-11-06,17,48.51,45.97428,LSTM
2016-11-06,18,47.96,46.695263,LSTM
2016-11-06,19,43.27,43.7411,LSTM
2016-11-06,20,37.05,36.141853,LSTM
2016-11-06,21,36.0,33.157444,LSTM
2016-11-06,22,33.33,33.343502,LSTM
2016-11-06,23,30.23,30.220943,LSTM
2016-11-07,0,10.72,27.718697,LSTM
2016-11-07,1,13.61,25.29711,LSTM
2016-11-07,2,13.69,25.24224,LSTM
2016-11-07,3,12.6,24.710617,LSTM
2016-11-07,4,11.94,25.488314,LSTM
2016-11-07,5,15.82,26.69377,LSTM
2016-11-07,6,33.02,34.684376,LSTM
2016-11-07,7,40.81,48.142776,LSTM
2016-11-07,8,38.01,50.19692,LSTM
2016-11-07,9,38.07,44.63505,LSTM
2016-11-07,10,39.93,44.004177,LSTM
2016-11-07,11,39.98,45.320816,LSTM
2016-11-07,12,41.76,41.75093,LSTM
2016-11-07,13,42.67,44.27779,LSTM
2016-11-07,14,46.9,45.917496,LSTM
2016-11-07,15,53.03,52.205414,LSTM
2016-11-07,16,58.45,55.355015,LSTM
2016-11-07,17,69.83,66.28648,LSTM
2016-11-07,18,65.94,67.39135,LSTM
2016-11-07,19,59.93,58.24653,LSTM
2016-11-07,20,49.99,47.26479,LSTM
2016-11-07,21,37.85,41.379295,LSTM
2016-11-07,22,39.7,37.110195,LSTM
2016-11-07,23,38.05,35.59141,LSTM
2016-11-08,0,37.47,32.995068,LSTM
2016-11-08,1,36.65,30.635317,LSTM
2016-11-08,2,36.09,30.533463,LSTM
2016-11-08,3,36.17,30.024426,LSTM
2016-11-08,4,37.13,30.987003,LSTM
2016-11-08,5,37.17,31.767937,LSTM
2016-11-08,6,46.77,40.189884,LSTM
2016-11-08,7,61.65,51.920135,LSTM
2016-11-08,8,64.64,55.562435,LSTM
2016-11-08,9,63.89,54.23359,LSTM
2016-11-08,10,58.97,55.431244,LSTM
2016-11-08,11,58.99,55.76461,LSTM
2016-11-08,12,58.47,52.620502,LSTM
2016-11-08,13,58.94,51.918007,LSTM
2016-11-08,14,62.13,54.217804,LSTM
2016-11-08,15,67.91,55.65882,LSTM
2016-11-08,16,84.92,57.910095,LSTM
2016-11-08,17,104.96,65.044624,LSTM
2016-11-08,18,70.03,67.22301,LSTM
2016-11-08,19,56.43,63.71644,LSTM
2016-11-08,20,44.15,50.928074,LSTM
2016-11-08,21,42.45,42.486633,LSTM
2016-11-08,22,40.0,37.78618,LSTM
2016-11-08,23,35.98,32.43007,LSTM
2016-11-09,0,35.6,33.58615,LSTM
2016-11-09,1,33.38,31.580141,LSTM
2016-11-09,2,31.46,30.894388,LSTM
2016-11-09,3,31.48,29.799786,LSTM
2016-11-09,4,34.23,30.674644,LSTM
2016-11-09,5,35.77,32.098785,LSTM
2016-11-09,6,39.77,40.47207,LSTM
2016-11-09,7,55.2,54.923172,LSTM
2016-11-09,8,55.2,58.43992,LSTM
2016-11-09,9,54.96,57.313595,LSTM
2016-11-09,10,49.72,55.859962,LSTM
2016-11-09,11,56.92,54.251854,LSTM
2016-11-09,12,55.82,52.643543,LSTM
2016-11-09,13,55.58,53.25248,LSTM
2016-11-09,14,54.28,54.882507,LSTM
2016-11-09,15,55.08,59.36007,LSTM
2016-11-09,16,62.21,59.840454,LSTM
2016-11-09,17,78.44,69.35191,LSTM
2016-11-09,18,60.93,66.654495,LSTM
2016-11-09,19,58.5,58.599,LSTM
2016-11-09,20,48.22,47.431244,LSTM
2016-11-09,21,40.85,41.68512,LSTM
2016-11-09,22,39.5,38.030754,LSTM
2016-11-09,23,36.1,33.857655,LSTM
2016-11-10,0,33.53,33.815304,LSTM
2016-11-10,1,32.95,31.102543,LSTM
2016-11-10,2,31.69,31.02093,LSTM
2016-11-10,3,33.2,30.558008,LSTM
2016-11-10,4,33.53,29.440357,LSTM
2016-11-10,5,35.0,31.51483,LSTM
2016-11-10,6,41.48,40.129707,LSTM
2016-11-10,7,50.37,55.311577,LSTM
2016-11-10,8,58.91,58.10208,LSTM
2016-11-10,9,59.98,62.393806,LSTM
2016-11-10,10,58.52,59.901222,LSTM
2016-11-10,11,59.93,59.384926,LSTM
2016-11-10,12,61.1,58.182266,LSTM
2016-11-10,13,65.01,58.97727,LSTM
2016-11-10,14,63.24,58.31575,LSTM
2016-11-10,15,65.08,61.901474,LSTM
2016-11-10,16,63.08,62.824974,LSTM
2016-11-10,17,98.15,70.59735,LSTM
2016-11-10,18,67.87,67.13721,LSTM
2016-11-10,19,60.24,60.225853,LSTM
2016-11-10,20,50.39,49.984203,LSTM
2016-11-10,21,41.96,43.13095,LSTM
2016-11-10,22,39.72,40.212715,LSTM
2016-11-10,23,37.76,35.71414,LSTM
2016-11-11,0,37.07,34.30464,LSTM
2016-11-11,1,36.22,32.800716,LSTM
2016-11-11,2,34.9,31.683731,LSTM
2016-11-11,3,34.46,30.697647,LSTM
2016-11-11,4,36.46,31.928211,LSTM
2016-11-11,5,35.45,32.502472,LSTM
2016-11-11,6,37.6,40.97955,LSTM
2016-11-11,7,48.46,54.060024,LSTM
2016-11-11,8,54.97,61.48787,LSTM
2016-11-11,9,54.92,60.711876,LSTM
2016-11-11,10,55.9,58.836708,LSTM
2016-11-11,11,55.93,58.46949,LSTM
2016-11-11,12,54.93,56.330826,LSTM
2016-11-11,13,54.42,55.601986,LSTM
2016-11-11,14,51.7,55.15452,LSTM
2016-11-11,15,51.71,57.620903,LSTM
2016-11-11,16,57.91,59.67829,LSTM
2016-11-11,17,64.92,69.29065,LSTM
2016-11-11,18,56.94,66.419754,LSTM
2016-11-11,19,56.25,58.893974,LSTM
2016-11-11,20,45.79,50.562492,LSTM
2016-11-11,21,42.09,44.944336,LSTM
2016-11-11,22,43.48,42.325855,LSTM
2016-11-11,23,41.27,38.23548,LSTM
2016-11-12,0,40.21,37.25276,LSTM
2016-11-12,1,38.31,35.26131,LSTM
2016-11-12,2,36.78,35.054855,LSTM
2016-11-12,3,36.09,32.397057,LSTM
2016-11-12,4,36.05,33.074097,LSTM
2016-11-12,5,36.09,32.79468,LSTM
2016-11-12,6,36.33,30.91219,LSTM
2016-11-12,7,38.38,34.089443,LSTM
2016-11-12,8,42.21,37.370625,LSTM
2016-11-12,9,45.77,44.91649,LSTM
2016-11-12,10,46.52,41.357822,LSTM
2016-11-12,11,43.34,38.89764,LSTM
2016-11-12,12,39.94,39.502434,LSTM
2016-11-12,13,40.86,38.1167,LSTM
2016-11-12,14,36.09,38.67931,LSTM
2016-11-12,15,38.06,41.47883,LSTM
2016-11-12,16,45.9,44.80987,LSTM
2016-11-12,17,51.17,51.923748,LSTM
2016-11-12,18,48.32,52.893223,LSTM
2016-11-12,19,39.15,45.080532,LSTM
2016-11-12,20,36.1,36.47551,LSTM
2016-11-12,21,34.77,32.10944,LSTM
2016-11-12,22,34.99,33.65971,LSTM
2016-11-12,23,34.34,31.63576,LSTM
2016-11-13,0,32.99,31.572062,LSTM
2016-11-13,1,34.15,30.369925,LSTM
2016-11-13,2,32.95,29.43005,LSTM
2016-11-13,3,31.76,28.213648,LSTM
2016-11-13,4,31.46,28.736458,LSTM
2016-11-13,5,31.43,28.992384,LSTM
2016-11-13,6,31.63,26.038456,LSTM
2016-11-13,7,31.46,23.445042,LSTM
2016-11-13,8,35.07,26.012344,LSTM
2016-11-13,9,36.02,30.660625,LSTM
2016-11-13,10,35.57,32.95725,LSTM
2016-11-13,11,36.37,35.21329,LSTM
2016-11-13,12,36.1,33.512783,LSTM
2016-11-13,13,36.05,33.86331,LSTM
2016-11-13,14,36.28,34.498085,LSTM
2016-11-13,15,39.37,36.02531,LSTM
2016-11-13,16,44.74,41.886913,LSTM
2016-11-13,17,48.82,50.236233,LSTM
2016-11-13,18,48.29,51.585438,LSTM
2016-11-13,19,46.07,49.82167,LSTM
2016-11-13,20,40.9,40.13901,LSTM
2016-11-13,21,38.06,35.29323,LSTM
2016-11-13,22,37.44,37.703636,LSTM
2016-11-13,23,35.91,33.7212,LSTM
2016-11-14,0,32.56,32.73665,LSTM
2016-11-14,1,31.61,30.09631,LSTM
2016-11-14,2,31.79,28.636305,LSTM
2016-11-14,3,31.68,28.977308,LSTM
2016-11-14,4,31.68,30.065739,LSTM
2016-11-14,5,32.69,30.206121,LSTM
2016-11-14,6,43.92,39.49898,LSTM
2016-11-14,7,54.92,50.44432,LSTM
2016-11-14,8,51.19,49.8219,LSTM
2016-11-14,9,38.49,46.274868,LSTM
2016-11-14,10,37.07,40.59983,LSTM
2016-11-14,11,36.94,38.188675,LSTM
2016-11-14,12,39.51,36.657356,LSTM
2016-11-14,13,37.84,37.02,LSTM
2016-11-14,14,42.03,39.192074,LSTM
2016-11-14,15,51.19,43.25379,LSTM
2016-11-14,16,49.95,47.931767,LSTM
2016-11-14,17,56.09,53.01963,LSTM
2016-11-14,18,46.98,52.78649,LSTM
2016-11-14,19,38.58,47.842045,LSTM
2016-11-14,20,40.07,38.632145,LSTM
2016-11-14,21,35.36,29.067448,LSTM
2016-11-14,22,32.67,28.206234,LSTM
2016-11-14,23,31.72,26.92051,LSTM
2016-11-15,0,30.08,28.679583,LSTM
2016-11-15,1,30.18,25.277185,LSTM
2016-11-15,2,27.68,23.629414,LSTM
2016-11-15,3,26.58,24.970457,LSTM
2016-11-15,4,30.07,25.09976,LSTM
2016-11-15,5,31.67,25.820763,LSTM
2016-11-15,6,36.6,32.20086,LSTM
2016-11-15,7,44.65,42.051567,LSTM
2016-11-15,8,43.94,45.117256,LSTM
2016-11-15,9,43.96,42.2201,LSTM
2016-11-15,10,43.96,41.144035,LSTM
2016-11-15,11,44.65,40.100178,LSTM
2016-11-15,12,43.08,38.00938,LSTM
2016-11-15,13,43.58,37.95811,LSTM
2016-11-15,14,43.97,37.971024,LSTM
2016-11-15,15,44.01,44.380703,LSTM
2016-11-15,16,44.97,45.01515,LSTM
2016-11-15,17,51.98,51.835266,LSTM
2016-11-15,18,48.02,49.55695,LSTM
2016-11-15,19,52.91,45.717403,LSTM
2016-11-15,20,44.74,37.970425,LSTM
2016-11-15,21,38.22,35.392445,LSTM
2016-11-15,22,38.42,33.838993,LSTM
2016-11-15,23,35.4,32.083244,LSTM
2016-11-16,0,35.55,33.075226,LSTM
2016-11-16,1,34.14,31.358425,LSTM
2016-11-16,2,33.4,31.723896,LSTM
2016-11-16,3,33.45,31.3468,LSTM
2016-11-16,4,33.05,32.17801,LSTM
2016-11-16,5,38.59,34.33395,LSTM
2016-11-16,6,46.99,39.1669,LSTM
2016-11-16,7,51.92,47.87616,LSTM
2016-11-16,8,55.96,49.74816,LSTM
2016-11-16,9,57.81,51.13323,LSTM
2016-11-16,10,56.36,49.79306,LSTM
2016-11-16,11,53.96,47.017193,LSTM
2016-11-16,12,46.9,44.46326,LSTM
2016-11-16,13,45.36,40.08812,LSTM
2016-11-16,14,40.94,37.405037,LSTM
2016-11-16,15,40.11,37.27012,LSTM
2016-11-16,16,40.83,37.283108,LSTM
2016-11-16,17,48.91,40.17564,LSTM
2016-11-16,18,46.95,36.675606,LSTM
2016-11-16,19,46.95,33.514954,LSTM
2016-11-16,20,40.58,29.832748,LSTM
2016-11-16,21,36.12,26.957932,LSTM
2016-11-16,22,36.13,26.718803,LSTM
2016-11-16,23,31.73,24.08551,LSTM
2016-11-17,0,27.1,27.9135,LSTM
2016-11-17,1,26.44,25.949667,LSTM
2016-11-17,2,22.38,25.903522,LSTM
2016-11-17,3,24.99,25.263775,LSTM
2016-11-17,4,28.16,26.68371,LSTM
2016-11-17,5,30.85,30.950575,LSTM
2016-11-17,6,38.54,38.57406,LSTM
2016-11-17,7,47.94,46.403656,LSTM
2016-11-17,8,48.93,47.55883,LSTM
2016-11-17,9,43.14,44.4407,LSTM
2016-11-17,10,42.93,47.17557,LSTM
2016-11-17,11,43.91,43.888268,LSTM
2016-11-17,12,43.65,40.363777,LSTM
2016-11-17,13,41.66,36.798603,LSTM
2016-11-17,14,37.13,36.553455,LSTM
2016-11-17,15,37.36,37.09541,LSTM
2016-11-17,16,37.91,35.48565,LSTM
2016-11-17,17,37.99,39.62259,LSTM
2016-11-17,18,37.47,35.60497,LSTM
2016-11-17,19,35.62,33.86529,LSTM
2016-11-17,20,32.08,25.767046,LSTM
2016-11-17,21,26.92,23.03255,LSTM
2016-11-17,22,13.72,20.561253,LSTM
2016-11-17,23,8.26,16.213095,LSTM
2016-11-18,0,0.1,12.105998,LSTM
2016-11-18,1,-12.1,10.800071,LSTM
2016-11-18,2,-10.0,8.832352,LSTM
2016-11-18,3,-0.01,9.684927,LSTM
2016-11-18,4,8.86,10.941409,LSTM
2016-11-18,5,13.22,17.654013,LSTM
2016-11-18,6,29.83,26.700678,LSTM
2016-11-18,7,37.88,36.32103,LSTM
2016-11-18,8,34.74,36.40557,LSTM
2016-11-18,9,34.65,29.859936,LSTM
2016-11-18,10,33.86,28.229176,LSTM
2016-11-18,11,33.13,27.501245,LSTM
2016-11-18,12,31.04,25.58179,LSTM
2016-11-18,13,31.06,24.616451,LSTM
2016-11-18,14,31.79,26.960228,LSTM
2016-11-18,15,35.99,29.297146,LSTM
2016-11-18,16,39.96,34.191753,LSTM
2016-11-18,17,39.98,44.034035,LSTM
2016-11-18,18,39.02,42.52584,LSTM
2016-11-18,19,34.06,40.675076,LSTM
2016-11-18,20,34.02,34.459488,LSTM
2016-11-18,21,27.66,28.215538,LSTM
2016-11-18,22,17.88,26.83143,LSTM
2016-11-18,23,13.57,20.93768,LSTM
2016-11-19,0,13.79,18.83123,LSTM
2016-11-19,1,12.69,17.397125,LSTM
2016-11-19,2,12.85,14.939601,LSTM
2016-11-19,3,15.18,16.25736,LSTM
2016-11-19,4,20.56,16.198612,LSTM
2016-11-19,5,18.58,19.046608,LSTM
2016-11-19,6,20.2,20.907963,LSTM
2016-11-19,7,33.36,23.497753,LSTM
2016-11-19,8,37.01,29.352154,LSTM
2016-11-19,9,41.08,28.662762,LSTM
2016-11-19,10,41.0,31.33671,LSTM
2016-11-19,11,40.1,32.636227,LSTM
2016-11-19,12,39.24,31.429003,LSTM
2016-11-19,13,36.97,28.71016,LSTM
2016-11-19,14,36.96,31.137165,LSTM
2016-11-19,15,39.96,35.90054,LSTM
2016-11-19,16,46.9,36.8906,LSTM
2016-11-19,17,46.95,49.424038,LSTM
2016-11-19,18,42.96,48.703472,LSTM
2016-11-19,19,39.97,47.073982,LSTM
2016-11-19,20,33.8,34.563004,LSTM
2016-11-19,21,33.08,30.160295,LSTM
2016-11-19,22,32.14,27.560272,LSTM
2016-11-19,23,22.09,22.700848,LSTM
2016-11-20,0,13.66,22.08686,LSTM
2016-11-20,1,13.62,19.545143,LSTM
2016-11-20,2,14.66,15.252811,LSTM
2016-11-20,3,13.61,13.859635,LSTM
2016-11-20,4,13.64,14.260799,LSTM
2016-11-20,5,5.68,13.145824,LSTM
2016-11-20,6,1.0,13.439197,LSTM
2016-11-20,7,-0.01,14.515564,LSTM
2016-11-20,8,8.04,19.429277,LSTM
2016-11-20,9,5.68,13.918768,LSTM
2016-11-20,10,-0.44,15.219015,LSTM
2016-11-20,11,-0.04,15.009251,LSTM
2016-11-20,12,-9.94,9.324976,LSTM
2016-11-20,13,-22.17,10.41329,LSTM
2016-11-20,14,-30.41,10.030375,LSTM
2016-11-20,15,-15.68,10.416338,LSTM
2016-11-20,16,-29.04,17.353386,LSTM
2016-11-20,17,9.9,26.13424,LSTM
2016-11-20,18,8.06,29.063904,LSTM
2016-11-20,19,8.99,31.888857,LSTM
2016-11-20,20,-1.58,24.03383,LSTM
2016-11-20,21,-3.35,20.753258,LSTM
2016-11-20,22,3.45,18.365242,LSTM
2016-11-20,23,-14.91,10.161371,LSTM
2016-11-21,0,13.56,12.497467,LSTM
2016-11-21,1,8.81,9.98876,LSTM
2016-11-21,2,9.79,8.948943,LSTM
2016-11-21,3,11.01,10.048822,LSTM
2016-11-21,4,10.88,9.864656,LSTM
2016-11-21,5,20.0,17.815853,LSTM
2016-11-21,6,38.71,30.23583,LSTM
2016-11-21,7,49.86,41.674213,LSTM
2016-11-21,8,49.4,40.94626,LSTM
2016-11-21,9,46.25,39.66726,LSTM
2016-11-21,10,41.15,39.46672,LSTM
2016-11-21,11,41.61,41.714355,LSTM
2016-11-21,12,41.75,41.00557,LSTM
2016-11-21,13,45.74,40.463623,LSTM
2016-11-21,14,46.91,43.017765,LSTM
2016-11-21,15,48.0,40.886578,LSTM
2016-11-21,16,44.72,43.565437,LSTM
2016-11-21,17,45.56,51.23107,LSTM
2016-11-21,18,38.71,45.00434,LSTM
2016-11-21,19,36.3,42.719887,LSTM
2016-11-21,20,35.75,36.103695,LSTM
2016-11-21,21,32.84,29.152897,LSTM
2016-11-21,22,32.46,27.098022,LSTM
2016-11-21,23,22.07,20.19326,LSTM
2016-11-22,0,24.1,24.97603,LSTM
2016-11-22,1,27.11,23.704182,LSTM
2016-11-22,2,21.49,20.829777,LSTM
2016-11-22,3,21.0,22.823648,LSTM
2016-11-22,4,19.99,24.032034,LSTM
2016-11-22,5,29.38,26.314034,LSTM
2016-11-22,6,33.89,36.613598,LSTM
2016-11-22,7,40.89,49.75804,LSTM
2016-11-22,8,39.43,53.665634,LSTM
2016-11-22,9,37.16,49.395653,LSTM
2016-11-22,10,35.85,46.594444,LSTM
2016-11-22,11,36.35,47.29085,LSTM
2016-11-22,12,37.0,47.412994,LSTM
2016-11-22,13,38.46,48.433857,LSTM
2016-11-22,14,46.02,53.15783,LSTM
2016-11-22,15,51.94,53.12556,LSTM
2016-11-22,16,51.51,57.533047,LSTM
2016-11-22,17,64.2,69.544624,LSTM
2016-11-22,18,54.67,71.32414,LSTM
2016-11-22,19,51.99,65.0544,LSTM
2016-11-22,20,46.98,54.876816,LSTM
2016-11-22,21,38.77,46.45589,LSTM
2016-11-22,22,37.17,44.194523,LSTM
2016-11-22,23,34.8,35.273087,LSTM
2016-11-23,0,34.61,36.289352,LSTM
2016-11-23,1,33.65,34.969673,LSTM
2016-11-23,2,33.46,33.694523,LSTM
2016-11-23,3,32.08,34.51901,LSTM
2016-11-23,4,33.54,35.513813,LSTM
2016-11-23,5,35.38,37.01697,LSTM
2016-11-23,6,46.34,45.378002,LSTM
2016-11-23,7,48.81,59.320293,LSTM
2016-11-23,8,51.1,63.29061,LSTM
2016-11-23,9,53.94,63.822083,LSTM
2016-11-23,10,51.0,59.803665,LSTM
2016-11-23,11,51.95,56.394802,LSTM
2016-11-23,12,49.99,56.859955,LSTM
2016-11-23,13,51.92,55.57097,LSTM
2016-11-23,14,54.98,57.77427,LSTM
2016-11-23,15,58.48,57.828354,LSTM
2016-11-23,16,55.01,60.284893,LSTM
2016-11-23,17,62.0,68.83184,LSTM
2016-11-23,18,52.92,67.36608,LSTM
2016-11-23,19,50.0,63.865982,LSTM
2016-11-23,20,39.13,52.43202,LSTM
2016-11-23,21,37.21,43.27569,LSTM
2016-11-23,22,37.79,42.2639,LSTM
2016-11-23,23,33.99,33.51816,LSTM
2016-11-24,0,32.66,32.83449,LSTM
2016-11-24,1,31.61,31.667439,LSTM
2016-11-24,2,30.8,29.795277,LSTM
2016-11-24,3,29.58,29.584862,LSTM
2016-11-24,4,29.76,29.62582,LSTM
2016-11-24,5,32.44,31.757393,LSTM
2016-11-24,6,36.5,39.114746,LSTM
2016-11-24,7,43.12,49.0281,LSTM
2016-11-24,8,45.97,48.50545,LSTM
2016-11-24,9,44.96,50.978363,LSTM
2016-11-24,10,43.69,48.686565,LSTM
2016-11-24,11,44.25,48.086422,LSTM
2016-11-24,12,42.87,47.000465,LSTM
2016-11-24,13,42.91,48.52189,LSTM
2016-11-24,14,42.77,48.51252,LSTM
2016-11-24,15,44.59,50.35911,LSTM
2016-11-24,16,49.36,52.315643,LSTM
2016-11-24,17,50.97,57.41613,LSTM
2016-11-24,18,45.23,57.42275,LSTM
2016-11-24,19,44.1,52.949043,LSTM
2016-11-24,20,38.07,44.23458,LSTM
2016-11-24,21,37.71,37.062008,LSTM
2016-11-24,22,35.88,36.919044,LSTM
2016-11-24,23,33.62,31.963362,LSTM
2016-11-25,0,35.23,33.019676,LSTM
2016-11-25,1,32.99,31.807652,LSTM
2016-11-25,2,32.02,31.246725,LSTM
2016-11-25,3,31.05,31.443506,LSTM
2016-11-25,4,31.18,31.573225,LSTM
2016-11-25,5,34.85,31.950287,LSTM
2016-11-25,6,37.98,40.073296,LSTM
2016-11-25,7,47.1,51.561985,LSTM
2016-11-25,8,48.49,52.52901,LSTM
2016-11-25,9,47.97,53.55852,LSTM
2016-11-25,10,47.42,49.493553,LSTM
2016-11-25,11,48.25,50.87458,LSTM
2016-11-25,12,47.95,48.349594,LSTM
2016-11-25,13,47.95,48.72748,LSTM
2016-11-25,14,47.92,47.210506,LSTM
2016-11-25,15,48.81,47.258533,LSTM
2016-11-25,16,49.96,49.63761,LSTM
2016-11-25,17,54.75,53.68165,LSTM
2016-11-25,18,48.29,54.94917,LSTM
2016-11-25,19,48.94,52.473965,LSTM
2016-11-25,20,43.52,46.172176,LSTM
2016-11-25,21,38.92,38.03173,LSTM
2016-11-25,22,38.67,37.96316,LSTM
2016-11-25,23,35.24,33.934406,LSTM
2016-11-26,0,32.5,34.7165,LSTM
2016-11-26,1,31.93,33.527805,LSTM
2016-11-26,2,31.82,34.648384,LSTM
2016-11-26,3,31.84,32.97972,LSTM
2016-11-26,4,32.07,33.129944,LSTM
2016-11-26,5,32.35,32.575928,LSTM
2016-11-26,6,33.36,32.002247,LSTM
2016-11-26,7,42.22,39.47467,LSTM
2016-11-26,8,44.1,40.68606,LSTM
2016-11-26,9,46.76,45.611908,LSTM
2016-11-26,10,48.92,42.95215,LSTM
2016-11-26,11,48.56,41.279797,LSTM
2016-11-26,12,47.91,39.07367,LSTM
2016-11-26,13,43.97,36.886906,LSTM
2016-11-26,14,38.24,34.138916,LSTM
2016-11-26,15,40.44,35.01616,LSTM
2016-11-26,16,45.3,36.42665,LSTM
2016-11-26,17,47.96,41.53687,LSTM
2016-11-26,18,43.95,41.822536,LSTM
2016-11-26,19,37.5,34.41151,LSTM
2016-11-26,20,32.91,28.843794,LSTM
2016-11-26,21,32.75,25.28155,LSTM
2016-11-26,22,31.72,25.423494,LSTM
2016-11-26,23,28.25,26.290474,LSTM
2016-11-27,0,22.92,22.249287,LSTM
2016-11-27,1,21.14,19.480547,LSTM
2016-11-27,2,20.25,18.643755,LSTM
2016-11-27,3,20.28,17.536705,LSTM
2016-11-27,4,20.95,17.817947,LSTM
2016-11-27,5,27.0,19.028717,LSTM
2016-11-27,6,28.02,18.530945,LSTM
2016-11-27,7,28.93,21.02668,LSTM
2016-11-27,8,31.35,23.447357,LSTM
2016-11-27,9,33.19,28.97865,LSTM
2016-11-27,10,34.24,30.432774,LSTM
2016-11-27,11,38.13,33.795956,LSTM
2016-11-27,12,35.69,34.005497,LSTM
2016-11-27,13,33.44,33.666546,LSTM
2016-11-27,14,33.53,32.757465,LSTM
2016-11-27,15,34.2,32.264942,LSTM
2016-11-27,16,37.48,35.122383,LSTM
2016-11-27,17,41.07,41.07387,LSTM
2016-11-27,18,41.05,43.33389,LSTM
2016-11-27,19,36.08,40.1137,LSTM
2016-11-27,20,34.69,36.03157,LSTM
2016-11-27,21,32.69,32.58703,LSTM
2016-11-27,22,32.16,33.624077,LSTM
2016-11-27,23,28.43,27.453733,LSTM
2016-11-28,0,27.06,26.764677,LSTM
2016-11-28,1,28.24,23.852737,LSTM
2016-11-28,2,24.31,24.269373,LSTM
2016-11-28,3,24.03,24.230463,LSTM
2016-11-28,4,26.81,24.614815,LSTM
2016-11-28,5,31.96,26.56646,LSTM
2016-11-28,6,37.94,36.423813,LSTM
2016-11-28,7,47.88,49.07148,LSTM
2016-11-28,8,46.99,50.99717,LSTM
2016-11-28,9,44.42,44.681675,LSTM
2016-11-28,10,37.92,42.687206,LSTM
2016-11-28,11,43.53,40.908657,LSTM
2016-11-28,12,37.38,40.187172,LSTM
2016-11-28,13,44.81,41.193077,LSTM
2016-11-28,14,45.77,43.960323,LSTM
2016-11-28,15,51.38,48.545776,LSTM
2016-11-28,16,57.21,53.31752,LSTM
2016-11-28,17,65.11,66.932594,LSTM
2016-11-28,18,51.42,66.96025,LSTM
2016-11-28,19,48.5,60.562664,LSTM
2016-11-28,20,45.97,49.21794,LSTM
2016-11-28,21,39.29,43.785923,LSTM
2016-11-28,22,36.14,40.45641,LSTM
2016-11-28,23,34.59,35.897686,LSTM
2016-11-29,0,36.92,33.57046,LSTM
2016-11-29,1,35.78,30.66671,LSTM
2016-11-29,2,34.81,32.17417,LSTM
2016-11-29,3,34.43,29.6637,LSTM
2016-11-29,4,34.89,32.14938,LSTM
2016-11-29,5,36.75,30.684189,LSTM
2016-11-29,6,44.68,36.627342,LSTM
2016-11-29,7,54.95,48.226776,LSTM
2016-11-29,8,52.65,47.107174,LSTM
2016-11-29,9,48.5,44.50052,LSTM
2016-11-29,10,43.69,39.95037,LSTM
2016-11-29,11,42.2,37.263767,LSTM
2016-11-29,12,40.42,36.759117,LSTM
2016-11-29,13,41.75,36.65891,LSTM
2016-11-29,14,43.12,38.55536,LSTM
2016-11-29,15,50.94,41.608955,LSTM
2016-11-29,16,55.58,44.74568,LSTM
2016-11-29,17,55.66,50.666485,LSTM
2016-11-29,18,52.61,53.7187,LSTM
2016-11-29,19,47.94,45.23577,LSTM
2016-11-29,20,39.97,37.427685,LSTM
2016-11-29,21,35.9,31.547195,LSTM
2016-11-29,22,32.9,29.50624,LSTM
2016-11-29,23,30.38,28.36393,LSTM
2016-11-30,0,27.75,26.56355,LSTM
2016-11-30,1,27.36,22.98717,LSTM
2016-11-30,2,27.02,22.499304,LSTM
2016-11-30,3,25.3,20.561947,LSTM
2016-11-30,4,28.04,23.703611,LSTM
2016-11-30,5,29.93,24.49327,LSTM
2016-11-30,6,34.13,30.33153,LSTM
2016-11-30,7,47.92,36.104557,LSTM
2016-11-30,8,47.91,36.463593,LSTM
2016-11-30,9,44.47,33.358086,LSTM
2016-11-30,10,37.49,34.23533,LSTM
2016-11-30,11,37.91,32.518623,LSTM
2016-11-30,12,37.42,31.024128,LSTM
2016-11-30,13,35.98,31.37298,LSTM
2016-11-30,14,39.33,33.480694,LSTM
2016-11-30,15,38.74,35.49385,LSTM
2016-11-30,16,44.75,38.255962,LSTM
2016-11-30,17,46.93,43.192448,LSTM
2016-11-30,18,39.95,42.345295,LSTM
2016-11-30,19,39.47,36.937817,LSTM
2016-11-30,20,35.08,30.125816,LSTM
2016-11-30,21,32.58,25.863459,LSTM
2016-11-30,22,31.86,25.423119,LSTM
2016-11-30,23,27.0,21.489557,LSTM
2016-12-01,0,26.79,21.31117,LSTM
2016-12-01,1,14.95,18.451874,LSTM
2016-12-01,2,11.95,18.907951,LSTM
2016-12-01,3,10.27,15.6424885,LSTM
2016-12-01,4,11.29,18.96455,LSTM
2016-12-01,5,21.93,22.315956,LSTM
2016-12-01,6,32.06,28.814358,LSTM
2016-12-01,7,35.39,33.645622,LSTM
2016-12-01,8,34.36,37.143543,LSTM
2016-12-01,9,37.01,31.75592,LSTM
2016-12-01,10,38.79,34.534515,LSTM
2016-12-01,11,36.36,34.436737,LSTM
2016-12-01,12,33.99,31.782608,LSTM
2016-12-01,13,32.29,30.79863,LSTM
2016-12-01,14,31.37,31.60694,LSTM
2016-12-01,15,31.38,29.928392,LSTM
2016-12-01,16,32.38,31.850592,LSTM
2016-12-01,17,35.73,34.700134,LSTM
2016-12-01,18,32.94,34.766426,LSTM
2016-12-01,19,33.86,32.06879,LSTM
2016-12-01,20,31.32,27.467731,LSTM
2016-12-01,21,28.01,24.893501,LSTM
2016-12-01,22,19.66,24.055813,LSTM
2016-12-01,23,8.94,16.428059,LSTM
2016-12-02,0,7.23,12.2348,LSTM
2016-12-02,1,7.2,12.265179,LSTM
2016-12-02,2,6.07,8.503908,LSTM
2016-12-02,3,8.79,10.853132,LSTM
2016-12-02,4,19.83,9.738203,LSTM
2016-12-02,5,26.88,20.216461,LSTM
2016-12-02,6,31.87,31.302502,LSTM
2016-12-02,7,46.06,44.165554,LSTM
2016-12-02,8,46.94,47.585903,LSTM
2016-12-02,9,44.71,46.463573,LSTM
2016-12-02,10,43.5,48.262848,LSTM
2016-12-02,11,46.9,52.349945,LSTM
2016-12-02,12,46.93,51.080177,LSTM
2016-12-02,13,47.97,50.725357,LSTM
2016-12-02,14,49.54,52.14796,LSTM
2016-12-02,15,51.11,51.62798,LSTM
2016-12-02,16,49.99,53.27497,LSTM
2016-12-02,17,56.85,64.50376,LSTM
2016-12-02,18,58.1,61.849564,LSTM
2016-12-02,19,50.03,56.991806,LSTM
2016-12-02,20,52.07,50.113052,LSTM
2016-12-02,21,47.91,44.963955,LSTM
2016-12-02,22,44.02,42.840885,LSTM
2016-12-02,23,36.03,32.055016,LSTM
2016-12-03,0,32.9,36.97492,LSTM
2016-12-03,1,33.11,36.812492,LSTM
2016-12-03,2,33.71,35.570213,LSTM
2016-12-03,3,33.49,33.063496,LSTM
2016-12-03,4,33.63,35.31739,LSTM
2016-12-03,5,33.21,34.86035,LSTM
2016-12-03,6,36.69,34.32044,LSTM
2016-12-03,7,36.0,39.157967,LSTM
2016-12-03,8,39.0,45.0477,LSTM
2016-12-03,9,45.96,46.396595,LSTM
2016-12-03,10,40.13,45.506447,LSTM
2016-12-03,11,38.22,42.502666,LSTM
2016-12-03,12,37.32,43.333893,LSTM
2016-12-03,13,36.18,42.18537,LSTM
2016-12-03,14,39.69,42.37444,LSTM
2016-12-03,15,47.94,43.806427,LSTM
2016-12-03,16,52.0,45.842632,LSTM
2016-12-03,17,64.6,58.06746,LSTM
2016-12-03,18,58.94,62.36882,LSTM
2016-12-03,19,48.9,54.258675,LSTM
2016-12-03,20,44.97,45.46027,LSTM
2016-12-03,21,40.73,43.653328,LSTM
2016-12-03,22,41.9,40.329865,LSTM
2016-12-03,23,34.42,35.67095,LSTM
2016-12-04,0,35.6,32.7447,LSTM
2016-12-04,1,33.9,32.882767,LSTM
2016-12-04,2,34.22,30.607512,LSTM
2016-12-04,3,34.28,30.05223,LSTM
2016-12-04,4,33.75,31.167572,LSTM
2016-12-04,5,33.75,30.47825,LSTM
2016-12-04,6,33.85,29.496998,LSTM
2016-12-04,7,33.1,33.63159,LSTM
2016-12-04,8,35.08,37.999172,LSTM
2016-12-04,9,36.28,40.411713,LSTM
2016-12-04,10,35.88,38.225826,LSTM
2016-12-04,11,36.33,39.58154,LSTM
2016-12-04,12,34.42,40.861942,LSTM
2016-12-04,13,34.02,39.89968,LSTM
2016-12-04,14,34.2,40.4256,LSTM
2016-12-04,15,35.68,36.2733,LSTM
2016-12-04,16,44.0,43.456497,LSTM
2016-12-04,17,47.98,54.417637,LSTM
2016-12-04,18,48.96,57.102142,LSTM
2016-12-04,19,49.9,53.16114,LSTM
2016-12-04,20,46.95,47.547157,LSTM
2016-12-04,21,43.91,39.96924,LSTM
2016-12-04,22,46.34,40.86864,LSTM
2016-12-04,23,35.75,33.988125,LSTM
2016-12-05,0,35.77,35.613995,LSTM
2016-12-05,1,35.03,33.39519,LSTM
2016-12-05,2,33.56,33.18317,LSTM
2016-12-05,3,33.27,33.0792,LSTM
2016-12-05,4,34.93,34.811764,LSTM
2016-12-05,5,37.44,35.6277,LSTM
2016-12-05,6,50.38,47.31892,LSTM
2016-12-05,7,62.55,61.879105,LSTM
2016-12-05,8,64.79,62.806343,LSTM
2016-12-05,9,56.45,55.752167,LSTM
2016-12-05,10,47.93,55.4886,LSTM
2016-12-05,11,46.98,53.58156,LSTM
2016-12-05,12,39.65,50.94715,LSTM
2016-12-05,13,54.45,50.827087,LSTM
2016-12-05,14,62.36,53.850697,LSTM
2016-12-05,15,62.36,56.67079,LSTM
2016-12-05,16,63.45,60.261482,LSTM
2016-12-05,17,78.39,66.87952,LSTM
2016-12-05,18,58.42,69.29384,LSTM
2016-12-05,19,56.96,66.0578,LSTM
2016-12-05,20,48.9,52.87462,LSTM
2016-12-05,21,40.99,44.205215,LSTM
2016-12-05,22,33.94,42.103912,LSTM
2016-12-05,23,33.51,36.201694,LSTM
2016-12-06,0,38.02,33.061234,LSTM
2016-12-06,1,41.58,31.683044,LSTM
2016-12-06,2,36.53,31.07284,LSTM
2016-12-06,3,38.15,31.135948,LSTM
2016-12-06,4,42.93,32.47448,LSTM
2016-12-06,5,46.66,33.418037,LSTM
2016-12-06,6,49.5,43.2318,LSTM
2016-12-06,7,74.73,55.897205,LSTM
2016-12-06,8,80.09,58.99713,LSTM
2016-12-06,9,76.0,55.07536,LSTM
2016-12-06,10,66.39,55.733963,LSTM
2016-12-06,11,58.99,56.204506,LSTM
2016-12-06,12,56.77,52.07177,LSTM
2016-12-06,13,58.12,52.190403,LSTM
2016-12-06,14,63.61,53.664337,LSTM
2016-12-06,15,66.31,56.695168,LSTM
2016-12-06,16,72.97,58.19387,LSTM
2016-12-06,17,89.25,66.100975,LSTM
2016-12-06,18,82.71,68.78612,LSTM
2016-12-06,19,75.39,64.81482,LSTM
2016-12-06,20,62.76,51.47765,LSTM
2016-12-06,21,46.98,43.575687,LSTM
2016-12-06,22,39.47,40.310867,LSTM
2016-12-06,23,36.08,35.94137,LSTM
2016-12-07,0,33.09,34.77171,LSTM
2016-12-07,1,32.77,32.92589,LSTM
2016-12-07,2,31.91,31.616701,LSTM
2016-12-07,3,31.41,30.93805,LSTM
2016-12-07,4,31.07,33.246563,LSTM
2016-12-07,5,32.43,33.36051,LSTM
2016-12-07,6,38.0,38.993145,LSTM
2016-12-07,7,45.28,48.379787,LSTM
2016-12-07,8,47.96,52.093113,LSTM
2016-12-07,9,46.95,52.115005,LSTM
2016-12-07,10,46.98,52.68828,LSTM
2016-12-07,11,44.89,48.53992,LSTM
2016-12-07,12,40.0,45.745457,LSTM
2016-12-07,13,39.13,44.16559,LSTM
2016-12-07,14,39.11,42.630966,LSTM
2016-12-07,15,41.12,44.452007,LSTM
2016-12-07,16,44.47,44.88037,LSTM
2016-12-07,17,45.28,48.500805,LSTM
2016-12-07,18,38.39,45.20462,LSTM
2016-12-07,19,36.03,37.77025,LSTM
2016-12-07,20,34.14,32.971367,LSTM
2016-12-07,21,32.03,29.090187,LSTM
2016-12-07,22,30.85,27.616354,LSTM
2016-12-07,23,27.03,26.305815,LSTM
2016-12-08,0,22.46,17.596327,LSTM
2016-12-08,1,13.7,15.607399,LSTM
2016-12-08,2,11.57,13.023512,LSTM
2016-12-08,3,11.79,13.086942,LSTM
2016-12-08,4,13.33,16.166542,LSTM
2016-12-08,5,17.94,21.034664,LSTM
2016-12-08,6,29.36,27.081505,LSTM
2016-12-08,7,33.56,33.62773,LSTM
2016-12-08,8,36.01,33.26529,LSTM
2016-12-08,9,36.34,30.325325,LSTM
2016-12-08,10,32.88,33.924038,LSTM
2016-12-08,11,31.97,35.090134,LSTM
2016-12-08,12,30.83,32.391006,LSTM
2016-12-08,13,32.46,34.457954,LSTM
2016-12-08,14,36.33,36.56706,LSTM
2016-12-08,15,42.33,38.288292,LSTM
2016-12-08,16,43.97,41.31336,LSTM
2016-12-08,17,46.99,44.78966,LSTM
2016-12-08,18,43.41,43.461143,LSTM
2016-12-08,19,39.96,39.15589,LSTM
2016-12-08,20,35.0,33.199875,LSTM
2016-12-08,21,30.7,29.07087,LSTM
2016-12-08,22,29.9,29.116367,LSTM
2016-12-08,23,27.27,23.112394,LSTM
2016-12-09,0,27.59,21.44112,LSTM
2016-12-09,1,25.56,19.946619,LSTM
2016-12-09,2,25.12,17.070627,LSTM
2016-12-09,3,25.52,18.927967,LSTM
2016-12-09,4,27.46,19.314478,LSTM
2016-12-09,5,27.55,23.710794,LSTM
2016-12-09,6,31.57,32.450798,LSTM
2016-12-09,7,44.47,43.048626,LSTM
2016-12-09,8,46.99,41.83121,LSTM
2016-12-09,9,43.68,39.857742,LSTM
2016-12-09,10,45.93,38.74266,LSTM
2016-12-09,11,42.51,38.510864,LSTM
2016-12-09,12,39.02,35.243652,LSTM
2016-12-09,13,37.5,36.66468,LSTM
2016-12-09,14,37.44,36.424744,LSTM
2016-12-09,15,40.82,39.23949,LSTM
2016-12-09,16,41.91,41.277794,LSTM
2016-12-09,17,41.96,46.139683,LSTM
2016-12-09,18,39.15,43.95197,LSTM
2016-12-09,19,40.86,40.515312,LSTM
2016-12-09,20,35.0,34.499382,LSTM
2016-12-09,21,32.46,28.796782,LSTM
2016-12-09,22,31.24,26.88733,LSTM
2016-12-09,23,29.0,22.601402,LSTM
2016-12-10,0,25.98,22.060263,LSTM
2016-12-10,1,24.02,19.218933,LSTM
2016-12-10,2,23.95,15.600506,LSTM
2016-12-10,3,20.3,16.070536,LSTM
2016-12-10,4,20.55,19.410528,LSTM
2016-12-10,5,23.25,19.108011,LSTM
2016-12-10,6,23.08,19.146711,LSTM
2016-12-10,7,24.13,19.939125,LSTM
2016-12-10,8,28.49,26.930603,LSTM
2016-12-10,9,31.08,24.6577,LSTM
2016-12-10,10,31.86,26.746656,LSTM
2016-12-10,11,33.77,26.706444,LSTM
2016-12-10,12,33.0,26.452147,LSTM
2016-12-10,13,32.35,27.319902,LSTM
2016-12-10,14,35.02,30.549904,LSTM
2016-12-10,15,41.92,35.408348,LSTM
2016-12-10,16,43.67,37.72103,LSTM
2016-12-10,17,50.03,47.603294,LSTM
2016-12-10,18,45.12,50.42522,LSTM
2016-12-10,19,40.17,46.69397,LSTM
2016-12-10,20,39.94,36.020935,LSTM
2016-12-10,21,34.72,34.886696,LSTM
2016-12-10,22,34.94,34.40881,LSTM
2016-12-10,23,31.4,28.630089,LSTM
2016-12-11,0,30.58,26.756407,LSTM
2016-12-11,1,28.44,23.154522,LSTM
2016-12-11,2,28.95,22.02229,LSTM
2016-12-11,3,28.08,20.928612,LSTM
2016-12-11,4,27.56,21.591576,LSTM
2016-12-11,5,27.94,19.206303,LSTM
2016-12-11,6,26.16,18.316738,LSTM
2016-12-11,7,26.51,18.19125,LSTM
2016-12-11,8,26.84,25.068151,LSTM
2016-12-11,9,29.51,22.587399,LSTM
2016-12-11,10,29.75,26.113152,LSTM
2016-12-11,11,30.42,24.352383,LSTM
2016-12-11,12,29.03,22.315449,LSTM
2016-12-11,13,25.1,21.187344,LSTM
2016-12-11,14,24.01,19.854774,LSTM
2016-12-11,15,24.7,23.23271,LSTM
2016-12-11,16,34.57,24.885662,LSTM
2016-12-11,17,32.83,31.489319,LSTM
2016-12-11,18,34.07,32.240852,LSTM
2016-12-11,19,32.9,32.30641,LSTM
2016-12-11,20,32.01,27.103827,LSTM
2016-12-11,21,29.09,26.51915,LSTM
2016-12-11,22,30.44,24.531597,LSTM
2016-12-11,23,25.92,20.496431,LSTM
2016-12-12,0,23.98,24.91873,LSTM
2016-12-12,1,28.82,22.23343,LSTM
2016-12-12,2,28.24,20.747934,LSTM
2016-12-12,3,27.49,22.492775,LSTM
2016-12-12,4,26.6,22.968613,LSTM
2016-12-12,5,28.78,28.403002,LSTM
2016-12-12,6,43.7,41.101223,LSTM
2016-12-12,7,57.36,55.555996,LSTM
2016-12-12,8,47.93,52.941162,LSTM
2016-12-12,9,50.09,51.58439,LSTM
2016-12-12,10,52.32,57.229073,LSTM
2016-12-12,11,59.54,58.53924,LSTM
2016-12-12,12,53.91,55.54992,LSTM
2016-12-12,13,63.67,58.83226,LSTM
2016-12-12,14,63.81,59.73246,LSTM
2016-12-12,15,56.29,63.056908,LSTM
2016-12-12,16,70.25,62.38558,LSTM
2016-12-12,17,80.62,69.59856,LSTM
2016-12-12,18,65.2,66.91302,LSTM
2016-12-12,19,57.18,61.441803,LSTM
2016-12-12,20,46.96,50.582886,LSTM
2016-12-12,21,37.73,43.129017,LSTM
2016-12-12,22,35.07,40.309315,LSTM
2016-12-12,23,33.33,33.875786,LSTM
2016-12-13,0,35.88,36.231228,LSTM
2016-12-13,1,33.04,34.023254,LSTM
2016-12-13,2,33.04,35.414368,LSTM
2016-12-13,3,33.02,32.657173,LSTM
2016-12-13,4,34.97,35.408295,LSTM
2016-12-13,5,32.84,35.42545,LSTM
2016-12-13,6,47.41,44.10998,LSTM
2016-12-13,7,49.9,58.31374,LSTM
2016-12-13,8,54.39,59.909866,LSTM
2016-12-13,9,58.12,57.29147,LSTM
2016-12-13,10,62.76,55.587093,LSTM
2016-12-13,11,60.09,55.707954,LSTM
2016-12-13,12,58.0,52.977394,LSTM
2016-12-13,13,59.39,53.272507,LSTM
2016-12-13,14,59.6,56.126358,LSTM
2016-12-13,15,61.6,56.811405,LSTM
2016-12-13,16,63.02,59.597153,LSTM
2016-12-13,17,70.42,64.033485,LSTM
2016-12-13,18,60.09,65.20474,LSTM
2016-12-13,19,57.76,55.342728,LSTM
2016-12-13,20,45.66,48.016846,LSTM
2016-12-13,21,40.19,41.336136,LSTM
2016-12-13,22,37.02,38.575905,LSTM
2016-12-13,23,32.53,36.067444,LSTM
2016-12-14,0,33.09,35.692337,LSTM
2016-12-14,1,33.28,33.803596,LSTM
2016-12-14,2,33.0,32.67149,LSTM
2016-12-14,3,32.64,32.71647,LSTM
2016-12-14,4,32.66,33.052994,LSTM
2016-12-14,5,36.9,34.754345,LSTM
2016-12-14,6,49.91,43.210777,LSTM
2016-12-14,7,75.06,56.909595,LSTM
2016-12-14,8,82.26,57.39328,LSTM
2016-12-14,9,78.58,58.722534,LSTM
2016-12-14,10,77.17,57.865273,LSTM
2016-12-14,11,75.94,58.270306,LSTM
2016-12-14,12,70.55,55.156128,LSTM
2016-12-14,13,69.91,57.04035,LSTM
2016-12-14,14,69.69,57.984856,LSTM
2016-12-14,15,72.52,59.543694,LSTM
2016-12-14,16,75.15,60.929962,LSTM
2016-12-14,17,91.81,66.146545,LSTM
2016-12-14,18,79.9,64.28858,LSTM
2016-12-14,19,78.62,60.047073,LSTM
2016-12-14,20,67.54,50.012157,LSTM
2016-12-14,21,47.94,42.29088,LSTM
2016-12-14,22,41.71,41.194153,LSTM
2016-12-14,23,35.57,36.54677,LSTM
2016-12-15,0,35.05,34.06036,LSTM
2016-12-15,1,33.31,32.38546,LSTM
2016-12-15,2,34.2,31.964859,LSTM
2016-12-15,3,33.51,31.72763,LSTM
2016-12-15,4,34.53,32.33501,LSTM
2016-12-15,5,35.61,33.300903,LSTM
2016-12-15,6,49.55,38.104504,LSTM
2016-12-15,7,67.91,51.116512,LSTM
2016-12-15,8,67.07,50.6905,LSTM
2016-12-15,9,62.27,51.119827,LSTM
2016-12-15,10,59.13,48.535095,LSTM
2016-12-15,11,57.69,47.977577,LSTM
2016-12-15,12,53.72,44.091568,LSTM
2016-12-15,13,54.95,43.95137,LSTM
2016-12-15,14,55.0,44.51887,LSTM
2016-12-15,15,60.24,46.623753,LSTM
2016-12-15,16,62.05,48.5676,LSTM
2016-12-15,17,70.03,52.793095,LSTM
2016-12-15,18,58.95,50.190052,LSTM
2016-12-15,19,54.65,44.595287,LSTM
2016-12-15,20,45.37,38.319588,LSTM
2016-12-15,21,40.0,32.981613,LSTM
2016-12-15,22,37.53,32.478012,LSTM
2016-12-15,23,33.98,30.150852,LSTM
2016-12-16,0,34.25,34.25615,LSTM
2016-12-16,1,33.29,32.54683,LSTM
2016-12-16,2,32.0,31.11825,LSTM
2016-12-16,3,31.92,31.356928,LSTM
2016-12-16,4,33.15,32.092335,LSTM
2016-12-16,5,35.51,33.99803,LSTM
2016-12-16,6,46.76,41.067955,LSTM
2016-12-16,7,58.99,51.896736,LSTM
2016-12-16,8,62.65,54.223167,LSTM
2016-12-16,9,59.99,52.141254,LSTM
2016-12-16,10,59.04,50.995705,LSTM
2016-12-16,11,59.56,50.489834,LSTM
2016-12-16,12,56.96,46.931362,LSTM
2016-12-16,13,57.98,48.612564,LSTM
2016-12-16,14,64.88,49.286217,LSTM
2016-12-16,15,65.1,53.23158,LSTM
2016-12-16,16,69.46,55.23407,LSTM
2016-12-16,17,80.99,62.19054,LSTM
2016-12-16,18,68.0,60.134724,LSTM
2016-12-16,19,71.71,56.5142,LSTM
2016-12-16,20,63.6,47.63468,LSTM
2016-12-16,21,48.09,43.63448,LSTM
2016-12-16,22,42.49,42.214447,LSTM
2016-12-16,23,37.06,38.199165,LSTM
2016-12-17,0,42.1,37.070255,LSTM
2016-12-17,1,39.44,35.21862,LSTM
2016-12-17,2,38.36,34.318634,LSTM
2016-12-17,3,38.28,33.32715,LSTM
2016-12-17,4,39.07,33.749027,LSTM
2016-12-17,5,39.01,33.37071,LSTM
2016-12-17,6,36.0,33.341427,LSTM
2016-12-17,7,39.01,39.602688,LSTM
2016-12-17,8,47.84,44.318436,LSTM
2016-12-17,9,54.97,49.920444,LSTM
2016-12-17,10,54.91,48.781506,LSTM
2016-12-17,11,54.35,50.39116,LSTM
2016-12-17,12,50.1,47.779022,LSTM
2016-12-17,13,47.65,45.861588,LSTM
2016-12-17,14,49.68,45.349983,LSTM
2016-12-17,15,50.68,44.376995,LSTM
2016-12-17,16,54.8,48.22123,LSTM
2016-12-17,17,61.01,52.985294,LSTM
2016-12-17,18,63.53,53.650246,LSTM
2016-12-17,19,54.98,48.357803,LSTM
2016-12-17,20,46.22,41.809998,LSTM
2016-12-17,21,40.93,35.054893,LSTM
2016-12-17,22,40.98,35.303314,LSTM
2016-12-17,23,39.1,32.870987,LSTM
2016-12-18,0,35.78,30.971514,LSTM
2016-12-18,1,35.23,29.950062,LSTM
2016-12-18,2,33.96,26.739103,LSTM
2016-12-18,3,34.32,27.161083,LSTM
2016-12-18,4,33.96,26.904219,LSTM
2016-12-18,5,33.93,28.452932,LSTM
2016-12-18,6,34.36,25.643015,LSTM
2016-12-18,7,38.37,25.19225,LSTM
2016-12-18,8,36.88,29.142479,LSTM
2016-12-18,9,44.72,36.31449,LSTM
2016-12-18,10,45.94,37.062546,LSTM
2016-12-18,11,52.29,40.33205,LSTM
2016-12-18,12,52.0,39.89355,LSTM
2016-12-18,13,49.78,40.874268,LSTM
2016-12-18,14,45.82,41.195297,LSTM
2016-12-18,15,47.43,41.846092,LSTM
2016-12-18,16,49.98,46.442284,LSTM
2016-12-18,17,54.92,56.87521,LSTM
2016-12-18,18,53.98,58.558304,LSTM
2016-12-18,19,50.13,55.422123,LSTM
2016-12-18,20,49.92,49.689186,LSTM
2016-12-18,21,45.73,44.820923,LSTM
2016-12-18,22,47.14,45.92149,LSTM
2016-12-18,23,42.06,41.987457,LSTM
2016-12-19,0,39.9,39.818512,LSTM
2016-12-19,1,39.08,39.759514,LSTM
2016-12-19,2,39.02,38.65854,LSTM
2016-12-19,3,38.56,37.652466,LSTM
2016-12-19,4,39.01,39.13443,LSTM
2016-12-19,5,39.05,40.113564,LSTM
2016-12-19,6,54.11,51.040474,LSTM
2016-12-19,7,66.7,61.31459,LSTM
2016-12-19,8,65.38,65.977325,LSTM
2016-12-19,9,75.1,64.80057,LSTM
2016-12-19,10,74.99,64.96242,LSTM
2016-12-19,11,72.19,65.94329,LSTM
2016-12-19,12,70.8,62.54807,LSTM
2016-12-19,13,71.48,63.241768,LSTM
2016-12-19,14,70.82,64.218414,LSTM
2016-12-19,15,72.99,60.333298,LSTM
2016-12-19,16,69.24,64.153404,LSTM
2016-12-19,17,79.46,69.830574,LSTM
2016-12-19,18,66.0,64.46275,LSTM
2016-12-19,19,67.0,59.027977,LSTM
2016-12-19,20,50.94,49.237957,LSTM
2016-12-19,21,40.16,43.29901,LSTM
2016-12-19,22,40.05,42.569656,LSTM
2016-12-19,23,35.74,38.48805,LSTM
2016-12-20,0,37.49,35.414635,LSTM
2016-12-20,1,37.06,34.29918,LSTM
2016-12-20,2,37.06,34.239014,LSTM
2016-12-20,3,34.96,33.418808,LSTM
2016-12-20,4,37.0,33.73403,LSTM
2016-12-20,5,38.14,35.175644,LSTM
2016-12-20,6,43.27,42.35755,LSTM
2016-12-20,7,55.94,53.153305,LSTM
2016-12-20,8,55.95,53.25569,LSTM
2016-12-20,9,58.13,55.961327,LSTM
2016-12-20,10,54.97,54.63298,LSTM
2016-12-20,11,58.92,55.422596,LSTM
2016-12-20,12,54.91,51.855698,LSTM
2016-12-20,13,58.53,51.26464,LSTM
2016-12-20,14,58.17,50.10047,LSTM
2016-12-20,15,54.97,51.586227,LSTM
2016-12-20,16,57.82,54.16603,LSTM
2016-12-20,17,66.33,58.22153,LSTM
2016-12-20,18,58.91,54.38719,LSTM
2016-12-20,19,55.09,50.88909,LSTM
2016-12-20,20,43.53,43.30263,LSTM
2016-12-20,21,39.27,36.83414,LSTM
2016-12-20,22,39.04,37.023415,LSTM
2016-12-20,23,36.34,34.208996,LSTM
2016-12-21,0,31.88,35.020332,LSTM
2016-12-21,1,31.35,34.125294,LSTM
2016-12-21,2,31.74,31.64451,LSTM
2016-12-21,3,31.35,31.079159,LSTM
2016-12-21,4,31.34,32.90738,LSTM
2016-12-21,5,31.34,33.546864,LSTM
2016-12-21,6,36.09,38.231976,LSTM
2016-12-21,7,46.97,44.17269,LSTM
2016-12-21,8,49.97,45.28202,LSTM
2016-12-21,9,46.27,46.983837,LSTM
2016-12-21,10,46.9,45.03216,LSTM
2016-12-21,11,43.96,42.456036,LSTM
2016-12-21,12,39.53,40.75757,LSTM
2016-12-21,13,39.38,39.87076,LSTM
2016-12-21,14,41.97,41.4742,LSTM
2016-12-21,15,47.95,41.861374,LSTM
2016-12-21,16,47.95,44.964016,LSTM
2016-12-21,17,48.95,50.506027,LSTM
2016-12-21,18,47.0,43.359016,LSTM
2016-12-21,19,44.62,39.941288,LSTM
2016-12-21,20,39.05,34.98932,LSTM
2016-12-21,21,37.22,30.22838,LSTM
2016-12-21,22,34.57,31.831955,LSTM
2016-12-21,23,33.94,28.049263,LSTM
2016-12-22,0,34.34,31.900305,LSTM
2016-12-22,1,32.72,30.679985,LSTM
2016-12-22,2,33.34,28.949593,LSTM
2016-12-22,3,34.42,29.532436,LSTM
2016-12-22,4,34.9,29.527294,LSTM
2016-12-22,5,36.03,33.58651,LSTM
2016-12-22,6,41.88,40.56095,LSTM
2016-12-22,7,51.84,49.213684,LSTM
2016-12-22,8,51.78,50.377476,LSTM
2016-12-22,9,50.99,55.7286,LSTM
2016-12-22,10,55.62,54.233162,LSTM
2016-12-22,11,54.26,53.871494,LSTM
2016-12-22,12,51.4,52.925697,LSTM
2016-12-22,13,50.94,51.99456,LSTM
2016-12-22,14,50.93,52.66999,LSTM
2016-12-22,15,51.97,52.5038,LSTM
2016-12-22,16,56.7,55.76999,LSTM
2016-12-22,17,54.46,61.85666,LSTM
2016-12-22,18,54.92,51.83412,LSTM
2016-12-22,19,51.0,49.401833,LSTM
2016-12-22,20,39.94,42.574463,LSTM
2016-12-22,21,37.66,36.312206,LSTM
2016-12-22,22,38.62,38.859493,LSTM
2016-12-22,23,34.95,33.34602,LSTM
2016-12-23,0,29.02,31.00018,LSTM
2016-12-23,1,29.58,28.637814,LSTM
2016-12-23,2,27.58,28.417099,LSTM
2016-12-23,3,26.78,26.229092,LSTM
2016-12-23,4,29.02,26.672655,LSTM
2016-12-23,5,30.0,29.95449,LSTM
2016-12-23,6,36.3,35.424698,LSTM
2016-12-23,7,45.91,40.943905,LSTM
2016-12-23,8,50.91,45.718323,LSTM
2016-12-23,9,51.15,49.855515,LSTM
2016-12-23,10,50.98,47.592896,LSTM
2016-12-23,11,48.89,43.12729,LSTM
2016-12-23,12,45.91,42.882534,LSTM
2016-12-23,13,45.12,39.241776,LSTM
2016-12-23,14,44.95,39.395916,LSTM
2016-12-23,15,44.96,38.55886,LSTM
2016-12-23,16,46.96,41.00126,LSTM
2016-12-23,17,48.39,44.790577,LSTM
2016-12-23,18,40.84,37.31501,LSTM
2016-12-23,19,38.15,35.13296,LSTM
2016-12-23,20,36.28,28.150244,LSTM
2016-12-23,21,33.0,24.306961,LSTM
2016-12-23,22,27.57,25.327896,LSTM
2016-12-23,23,7.82,20.401005,LSTM
2016-12-24,0,10.38,13.081242,LSTM
2016-12-24,1,3.71,6.5801144,LSTM
2016-12-24,2,-7.62,6.1582127,LSTM
2016-12-24,3,-2.57,4.528393,LSTM
2016-12-24,4,8.47,5.2571526,LSTM
2016-12-24,5,8.59,7.943412,LSTM
2016-12-24,6,3.97,11.50857,LSTM
2016-12-24,7,8.69,14.714302,LSTM
2016-12-24,8,15.99,20.427973,LSTM
2016-12-24,9,20.36,19.56785,LSTM
2016-12-24,10,21.0,24.383144,LSTM
2016-12-24,11,20.02,26.034443,LSTM
2016-12-24,12,18.04,20.171986,LSTM
2016-12-24,13,15.3,18.198856,LSTM
2016-12-24,14,10.41,14.9924555,LSTM
2016-12-24,15,10.51,14.449775,LSTM
2016-12-24,16,13.79,20.733974,LSTM
2016-12-24,17,13.69,22.898975,LSTM
2016-12-24,18,8.67,22.46022,LSTM
2016-12-24,19,2.16,24.572905,LSTM
2016-12-24,20,2.93,20.53243,LSTM
2016-12-24,21,0.11,16.609045,LSTM
2016-12-24,22,8.31,16.16451,LSTM
2016-12-24,23,-12.05,9.32943,LSTM
2016-12-25,0,-18.07,1.999136,LSTM
2016-12-25,1,-36.1,-3.7507267,LSTM
2016-12-25,2,-38.78,-6.137827,LSTM
2016-12-25,3,-26.87,-7.302704,LSTM
2016-12-25,4,-15.06,-8.627104,LSTM
2016-12-25,5,-12.1,-7.0464077,LSTM
2016-12-25,6,-30.07,-5.8506317,LSTM
2016-12-25,7,-4.02,-4.8228226,LSTM
2016-12-25,8,0.1,2.3193398,LSTM
2016-12-25,9,10.6,4.9870186,LSTM
2016-12-25,10,13.49,6.5795193,LSTM
2016-12-25,11,13.67,10.843126,LSTM
2016-12-25,12,8.76,5.5485344,LSTM
2016-12-25,13,0.13,5.0114098,LSTM
2016-12-25,14,-0.1,0.99389076,LSTM
2016-12-25,15,0.08,0.13841248,LSTM
2016-12-25,16,8.67,8.666891,LSTM
2016-12-25,17,13.63,14.462738,LSTM
2016-12-25,18,10.7,16.128958,LSTM
2016-12-25,19,8.98,21.244696,LSTM
2016-12-25,20,10.67,20.168266,LSTM
2016-12-25,21,9.94,14.093294,LSTM
2016-12-25,22,10.02,13.996477,LSTM
2016-12-25,23,-2.95,5.589653,LSTM
2016-12-26,0,0.04,-0.39954948,LSTM
2016-12-26,1,-9.92,-3.4036503,LSTM
2016-12-26,2,-14.9,-7.108328,LSTM
2016-12-26,3,-16.09,-8.469809,LSTM
2016-12-26,4,-15.05,-7.9013844,LSTM
2016-12-26,5,-51.49,-5.7709064,LSTM
2016-12-26,6,-67.07,-2.521206,LSTM
2016-12-26,7,-67.09,6.0423527,LSTM
2016-12-26,8,-54.2,9.790323,LSTM
2016-12-26,9,-3.08,10.251514,LSTM
2016-12-26,10,0.11,9.702738,LSTM
2016-12-26,11,5.87,14.807741,LSTM
2016-12-26,12,1.05,6.4237633,LSTM
2016-12-26,13,-6.71,9.688192,LSTM
2016-12-26,14,-13.31,12.953228,LSTM
2016-12-26,15,-6.74,3.5875416,LSTM
2016-12-26,16,-2.98,13.435841,LSTM
2016-12-26,17,8.78,21.843529,LSTM
2016-12-26,18,9.68,17.60046,LSTM
2016-12-26,19,10.69,18.441776,LSTM
2016-12-26,20,8.32,14.784998,LSTM
2016-12-26,21,-0.91,11.886288,LSTM
2016-12-26,22,4.39,10.302237,LSTM
2016-12-26,23,-13.34,1.3889847,LSTM
2016-12-27,0,-13.0,2.0876446,LSTM
2016-12-27,1,-24.92,-3.2767773,LSTM
2016-12-27,2,-49.98,-0.7493553,LSTM
2016-12-27,3,-53.62,-5.639576,LSTM
2016-12-27,4,-50.19,-2.4964905,LSTM
2016-12-27,5,-23.36,1.3462524,LSTM
2016-12-27,6,-12.15,9.802326,LSTM
2016-12-27,7,8.77,17.57557,LSTM
2016-12-27,8,13.7,25.632269,LSTM
2016-12-27,9,12.17,25.28852,LSTM
2016-12-27,10,10.63,22.53381,LSTM
2016-12-27,11,10.64,22.826288,LSTM
2016-12-27,12,10.68,23.494518,LSTM
2016-12-27,13,13.75,22.656681,LSTM
2016-12-27,14,13.76,24.736507,LSTM
2016-12-27,15,21.04,24.864216,LSTM
2016-12-27,16,29.58,32.237774,LSTM
2016-12-27,17,29.76,40.604973,LSTM
2016-12-27,18,29.69,39.646828,LSTM
2016-12-27,19,29.45,34.251774,LSTM
2016-12-27,20,31.91,31.125053,LSTM
2016-12-27,21,28.5,28.028484,LSTM
2016-12-27,22,27.01,25.961777,LSTM
2016-12-27,23,13.71,20.205372,LSTM
2016-12-28,0,21.8,19.27671,LSTM
2016-12-28,1,21.28,17.151863,LSTM
2016-12-28,2,22.1,16.722149,LSTM
2016-12-28,3,20.28,16.853182,LSTM
2016-12-28,4,23.01,16.626524,LSTM
2016-12-28,5,28.09,20.60471,LSTM
2016-12-28,6,30.0,25.204659,LSTM
2016-12-28,7,32.07,36.357605,LSTM
2016-12-28,8,40.06,38.369446,LSTM
2016-12-28,9,45.57,41.78442,LSTM
2016-12-28,10,45.46,40.73581,LSTM
2016-12-28,11,43.93,39.964783,LSTM
2016-12-28,12,44.4,42.842903,LSTM
2016-12-28,13,45.82,43.82042,LSTM
2016-12-28,14,50.77,45.162323,LSTM
2016-12-28,15,51.6,47.843636,LSTM
2016-12-28,16,55.2,50.429863,LSTM
2016-12-28,17,62.8,60.992577,LSTM
2016-12-28,18,63.7,63.46272,LSTM
2016-12-28,19,59.82,61.89573,LSTM
2016-12-28,20,49.95,47.31809,LSTM
2016-12-28,21,50.0,42.193977,LSTM
2016-12-28,22,45.64,40.534866,LSTM
2016-12-28,23,37.92,34.93857,LSTM
2016-12-29,0,42.28,32.152832,LSTM
2016-12-29,1,39.3,29.87514,LSTM
2016-12-29,2,36.83,29.40839,LSTM
2016-12-29,3,34.11,27.87077,LSTM
2016-12-29,4,34.99,28.400114,LSTM
2016-12-29,5,37.64,29.892094,LSTM
2016-12-29,6,41.05,33.201084,LSTM
2016-12-29,7,49.3,40.100338,LSTM
2016-12-29,8,53.38,42.99826,LSTM
2016-12-29,9,54.01,46.319103,LSTM
2016-12-29,10,51.14,43.022823,LSTM
2016-12-29,11,50.96,39.84552,LSTM
2016-12-29,12,47.09,41.35207,LSTM
2016-12-29,13,46.62,39.597984,LSTM
2016-12-29,14,49.6,41.874527,LSTM
2016-12-29,15,51.63,43.816433,LSTM
2016-12-29,16,54.43,46.441254,LSTM
2016-12-29,17,63.95,53.732246,LSTM
2016-12-29,18,57.2,50.810852,LSTM
2016-12-29,19,54.02,45.629833,LSTM
2016-12-29,20,47.98,38.821423,LSTM
2016-12-29,21,42.93,35.324013,LSTM
2016-12-29,22,38.04,35.773266,LSTM
2016-12-29,23,36.03,31.877558,LSTM
2016-12-30,0,36.01,32.450855,LSTM
2016-12-30,1,35.96,30.588747,LSTM
2016-12-30,2,32.06,30.444233,LSTM
2016-12-30,3,32.54,29.9297,LSTM
2016-12-30,4,33.09,29.882727,LSTM
2016-12-30,5,33.09,30.489204,LSTM
2016-12-30,6,33.94,33.95607,LSTM
2016-12-30,7,46.0,40.775387,LSTM
2016-12-30,8,49.96,40.412354,LSTM
2016-12-30,9,47.19,41.418835,LSTM
2016-12-30,10,43.0,39.54878,LSTM
2016-12-30,11,37.27,38.579838,LSTM
2016-12-30,12,36.3,35.614548,LSTM
2016-12-30,13,36.72,36.302887,LSTM
2016-12-30,14,47.19,36.320034,LSTM
2016-12-30,15,52.78,42.595043,LSTM
2016-12-30,16,54.99,44.699535,LSTM
2016-12-30,17,56.04,51.526485,LSTM
2016-12-30,18,52.92,49.76083,LSTM
2016-12-30,19,52.82,44.11193,LSTM
2016-12-30,20,43.32,38.272568,LSTM
2016-12-30,21,41.03,35.104492,LSTM
2016-12-30,22,40.55,34.22253,LSTM
2016-12-30,23,33.06,33.14147,LSTM
2016-12-31,0,36.1,33.20199,LSTM
2016-12-31,1,33.04,29.140417,LSTM
2016-12-31,2,29.9,30.201374,LSTM
2016-12-31,3,27.63,27.23737,LSTM
2016-12-31,4,27.52,29.684683,LSTM
2016-12-31,5,27.28,24.275158,LSTM
2016-12-31,6,21.43,17.582031,LSTM
2016-12-31,7,31.68,16.222555,LSTM
2016-12-31,8,35.02,25.131458,LSTM
2016-12-31,9,41.88,25.535511,LSTM
2016-12-31,10,39.94,30.732882,LSTM
2016-12-31,11,39.96,31.862131,LSTM
2016-12-31,12,38.86,27.71149,LSTM
2016-12-31,13,35.04,26.69814,LSTM
2016-12-31,14,37.5,27.358852,LSTM
2016-12-31,15,43.81,28.118835,LSTM
2016-12-31,16,49.76,33.58225,LSTM
2016-12-31,17,53.98,37.611217,LSTM
2016-12-31,18,49.76,35.684334,LSTM
2016-12-31,19,40.84,35.059555,LSTM
2016-12-31,20,35.05,27.68858,LSTM
2016-12-31,21,33.02,27.164299,LSTM
2016-12-31,22,33.71,28.401056,LSTM
2016-12-31,23,27.95,25.281998,LSTM
2017-01-01,0,20.96,26.454372,LSTM
2017-01-01,1,20.9,24.174614,LSTM
2017-01-01,2,18.13,24.984003,LSTM
2017-01-01,3,16.03,22.120995,LSTM
2017-01-01,4,16.43,23.244926,LSTM
2017-01-01,5,13.75,20.966473,LSTM
2017-01-01,6,11.1,18.892174,LSTM
2017-01-01,7,15.47,18.98157,LSTM
2017-01-01,8,16.88,27.206615,LSTM
2017-01-01,9,21.81,30.048424,LSTM
2017-01-01,10,26.24,32.231678,LSTM
2017-01-01,11,26.42,36.73495,LSTM
2017-01-01,12,27.66,34.89427,LSTM
2017-01-01,13,28.7,36.61109,LSTM
2017-01-01,14,29.66,33.67447,LSTM
2017-01-01,15,35.33,33.143337,LSTM
2017-01-01,16,44.12,39.100548,LSTM
2017-01-01,17,51.59,45.121098,LSTM
2017-01-01,18,53.95,44.20415,LSTM
2017-01-01,19,50.97,39.90411,LSTM
2017-01-01,20,44.93,34.133045,LSTM
2017-01-01,21,38.83,32.64932,LSTM
2017-01-01,22,42.17,32.645054,LSTM
2017-01-01,23,33.06,28.046068,LSTM
2017-01-02,0,30.54,27.21186,LSTM
2017-01-02,1,28.91,25.41856,LSTM
2017-01-02,2,28.11,25.592146,LSTM
2017-01-02,3,27.89,25.196325,LSTM
2017-01-02,4,27.73,24.482176,LSTM
2017-01-02,5,31.18,27.162771,LSTM
2017-01-02,6,37.99,34.575195,LSTM
2017-01-02,7,50.98,46.7409,LSTM
2017-01-02,8,53.88,48.858707,LSTM
2017-01-02,9,53.94,54.778885,LSTM
2017-01-02,10,53.54,44.478836,LSTM
2017-01-02,11,54.91,43.746006,LSTM
2017-01-02,12,54.08,48.99063,LSTM
2017-01-02,13,55.67,47.665894,LSTM
2017-01-02,14,55.98,51.173927,LSTM
2017-01-02,15,56.0,52.103783,LSTM
2017-01-02,16,57.77,58.243988,LSTM
2017-01-02,17,67.66,68.144936,LSTM
2017-01-02,18,55.1,61.53827,LSTM
2017-01-02,19,53.92,55.424965,LSTM
2017-01-02,20,49.07,45.512924,LSTM
2017-01-02,21,40.25,37.8434,LSTM
2017-01-02,22,45.92,39.788128,LSTM
2017-01-02,23,38.88,33.33696,LSTM
2017-01-03,0,36.02,32.513588,LSTM
2017-01-03,1,34.98,30.98967,LSTM
2017-01-03,2,33.64,28.495117,LSTM
2017-01-03,3,33.89,26.65449,LSTM
2017-01-03,4,33.5,26.086418,LSTM
2017-01-03,5,33.91,29.79328,LSTM
2017-01-03,6,48.13,37.756157,LSTM
2017-01-03,7,54.61,46.925163,LSTM
2017-01-03,8,57.93,49.63106,LSTM
2017-01-03,9,57.18,51.015453,LSTM
2017-01-03,10,52.27,48.29325,LSTM
2017-01-03,11,49.94,43.255157,LSTM
2017-01-03,12,46.3,42.431007,LSTM
2017-01-03,13,41.51,41.6164,LSTM
2017-01-03,14,37.08,39.536545,LSTM
2017-01-03,15,37.03,40.880344,LSTM
2017-01-03,16,39.08,39.368492,LSTM
2017-01-03,17,42.14,41.615345,LSTM
2017-01-03,18,36.67,36.145187,LSTM
2017-01-03,19,36.03,33.230915,LSTM
2017-01-03,20,33.55,29.632261,LSTM
2017-01-03,21,24.56,27.26927,LSTM
2017-01-03,22,17.77,23.482498,LSTM
2017-01-03,23,9.49,16.050192,LSTM
2017-01-04,0,8.5,8.461124,LSTM
2017-01-04,1,-0.05,6.6175137,LSTM
2017-01-04,2,-6.27,0.46122742,LSTM
2017-01-04,3,-5.09,2.5473385,LSTM
2017-01-04,4,0.06,6.1269493,LSTM
2017-01-04,5,10.55,9.411385,LSTM
2017-01-04,6,10.98,17.482983,LSTM
2017-01-04,7,31.63,27.476969,LSTM
2017-01-04,8,34.94,27.88972,LSTM
2017-01-04,9,33.27,25.712444,LSTM
2017-01-04,10,33.52,24.20311,LSTM
2017-01-04,11,34.81,23.60817,LSTM
2017-01-04,12,35.08,24.951738,LSTM
2017-01-04,13,35.88,26.80951,LSTM
2017-01-04,14,36.03,31.301771,LSTM
2017-01-04,15,36.17,32.839222,LSTM
2017-01-04,16,36.58,38.915943,LSTM
2017-01-04,17,46.95,47.268307,LSTM
2017-01-04,18,49.45,42.618595,LSTM
2017-01-04,19,48.37,38.31708,LSTM
2017-01-04,20,38.02,37.32362,LSTM
2017-01-04,21,34.55,32.317833,LSTM
2017-01-04,22,33.33,35.230495,LSTM
2017-01-04,23,32.05,25.706738,LSTM
2017-01-05,0,36.07,31.070923,LSTM
2017-01-05,1,36.32,30.853832,LSTM
2017-01-05,2,30.99,27.173552,LSTM
2017-01-05,3,30.97,30.616539,LSTM
2017-01-05,4,35.64,30.22026,LSTM
2017-01-05,5,35.73,34.641876,LSTM
2017-01-05,6,39.03,44.646748,LSTM
2017-01-05,7,51.7,58.38674,LSTM
2017-01-05,8,57.98,60.50908,LSTM
2017-01-05,9,54.11,61.071724,LSTM
2017-01-05,10,53.13,56.26349,LSTM
2017-01-05,11,50.06,55.06519,LSTM
2017-01-05,12,49.97,54.58638,LSTM
2017-01-05,13,48.84,52.738033,LSTM
2017-01-05,14,50.99,54.281055,LSTM
2017-01-05,15,57.48,57.898945,LSTM
2017-01-05,16,69.7,58.790287,LSTM
2017-01-05,17,73.92,68.02042,LSTM
2017-01-05,18,73.76,62.42413,LSTM
2017-01-05,19,65.15,61.92108,LSTM
2017-01-05,20,64.24,53.58256,LSTM
2017-01-05,21,43.09,48.825012,LSTM
2017-01-05,22,53.11,47.382683,LSTM
2017-01-05,23,37.08,39.782875,LSTM
2017-01-06,0,40.84,37.939453,LSTM
2017-01-06,1,41.15,37.80329,LSTM
2017-01-06,2,43.77,34.691326,LSTM
2017-01-06,3,39.97,35.087345,LSTM
2017-01-06,4,40.81,36.86484,LSTM
2017-01-06,5,43.04,38.945343,LSTM
2017-01-06,6,45.37,47.873207,LSTM
2017-01-06,7,49.49,59.569756,LSTM
2017-01-06,8,59.92,63.59678,LSTM
2017-01-06,9,60.0,64.807465,LSTM
2017-01-06,10,60.04,62.889565,LSTM
2017-01-06,11,57.7,60.765274,LSTM
2017-01-06,12,52.86,59.45809,LSTM
2017-01-06,13,50.05,57.59204,LSTM
2017-01-06,14,50.94,58.2515,LSTM
2017-01-06,15,54.04,58.936516,LSTM
2017-01-06,16,57.52,58.890633,LSTM
2017-01-06,17,64.91,64.50851,LSTM
2017-01-06,18,59.92,60.49894,LSTM
2017-01-06,19,57.99,55.77988,LSTM
2017-01-06,20,43.68,48.019596,LSTM
2017-01-06,21,38.46,42.229965,LSTM
2017-01-06,22,40.94,40.570705,LSTM
2017-01-06,23,35.89,34.492558,LSTM
2017-01-07,0,36.83,35.904484,LSTM
2017-01-07,1,34.37,34.495205,LSTM
2017-01-07,2,33.84,32.233448,LSTM
2017-01-07,3,33.83,29.789824,LSTM
2017-01-07,4,33.62,30.099216,LSTM
2017-01-07,5,32.96,29.530191,LSTM
2017-01-07,6,30.07,26.931847,LSTM
2017-01-07,7,33.58,31.194736,LSTM
2017-01-07,8,36.02,36.153,LSTM
2017-01-07,9,36.86,44.092392,LSTM
2017-01-07,10,36.43,43.680542,LSTM
2017-01-07,11,39.01,42.89566,LSTM
2017-01-07,12,39.5,42.43161,LSTM
2017-01-07,13,39.02,44.979027,LSTM
2017-01-07,14,38.6,41.475933,LSTM
2017-01-07,15,39.28,43.980606,LSTM
2017-01-07,16,46.95,46.87636,LSTM
2017-01-07,17,57.01,51.28286,LSTM
2017-01-07,18,54.02,52.373985,LSTM
2017-01-07,19,46.92,47.166893,LSTM
2017-01-07,20,38.12,39.92085,LSTM
2017-01-07,21,35.09,36.0621,LSTM
2017-01-07,22,38.1,36.333706,LSTM
2017-01-07,23,34.53,32.13678,LSTM
2017-01-08,0,33.86,31.895903,LSTM
2017-01-08,1,34.14,31.966413,LSTM
2017-01-08,2,33.96,31.16885,LSTM
2017-01-08,3,35.01,31.035316,LSTM
2017-01-08,4,36.07,30.536228,LSTM
2017-01-08,5,36.07,32.4898,LSTM
2017-01-08,6,36.01,36.331463,LSTM
2017-01-08,7,35.37,38.066284,LSTM
2017-01-08,8,37.29,42.289196,LSTM
2017-01-08,9,39.15,49.849514,LSTM
2017-01-08,10,41.25,47.789307,LSTM
2017-01-08,11,51.93,52.07265,LSTM
2017-01-08,12,45.37,52.870964,LSTM
2017-01-08,13,40.53,51.803337,LSTM
2017-01-08,14,39.73,52.195076,LSTM
2017-01-08,15,42.75,49.618378,LSTM
2017-01-08,16,53.87,53.356663,LSTM
2017-01-08,17,60.95,60.907974,LSTM
2017-01-08,18,64.93,57.72442,LSTM
2017-01-08,19,58.91,55.135006,LSTM
2017-01-08,20,50.03,46.373634,LSTM
2017-01-08,21,39.06,40.75208,LSTM
2017-01-08,22,40.06,41.91649,LSTM
2017-01-08,23,37.09,36.850807,LSTM
2017-01-09,0,40.0,35.930645,LSTM
2017-01-09,1,39.05,33.617043,LSTM
2017-01-09,2,39.21,34.581814,LSTM
2017-01-09,3,39.24,33.596535,LSTM
2017-01-09,4,40.26,34.337086,LSTM
2017-01-09,5,43.84,35.459595,LSTM
2017-01-09,6,58.99,41.83309,LSTM
2017-01-09,7,74.04,54.35588,LSTM
2017-01-09,8,75.49,54.748062,LSTM
2017-01-09,9,74.63,57.88739,LSTM
2017-01-09,10,73.97,54.756073,LSTM
2017-01-09,11,72.0,53.35503,LSTM
2017-01-09,12,72.12,52.061256,LSTM
2017-01-09,13,70.09,51.023666,LSTM
2017-01-09,14,67.41,49.67472,LSTM
2017-01-09,15,65.21,50.03168,LSTM
2017-01-09,16,65.09,53.26872,LSTM
2017-01-09,17,74.72,55.80169,LSTM
2017-01-09,18,59.94,53.858696,LSTM
2017-01-09,19,52.2,47.19539,LSTM
2017-01-09,20,39.1,40.419933,LSTM
2017-01-09,21,36.62,33.43353,LSTM
2017-01-09,22,36.08,34.178944,LSTM
2017-01-09,23,32.76,30.635584,LSTM
2017-01-10,0,32.45,32.406395,LSTM
2017-01-10,1,31.52,32.338318,LSTM
2017-01-10,2,29.08,31.279194,LSTM
2017-01-10,3,28.92,30.985949,LSTM
2017-01-10,4,31.49,32.53415,LSTM
2017-01-10,5,33.06,34.895172,LSTM
2017-01-10,6,36.26,41.099136,LSTM
2017-01-10,7,46.0,52.66947,LSTM
2017-01-10,8,59.89,55.963326,LSTM
2017-01-10,9,59.96,56.64284,LSTM
2017-01-10,10,62.69,56.51674,LSTM
2017-01-10,11,66.82,56.69651,LSTM
2017-01-10,12,71.42,55.385284,LSTM
2017-01-10,13,72.33,56.385155,LSTM
2017-01-10,14,69.5,58.086723,LSTM
2017-01-10,15,70.64,58.93495,LSTM
2017-01-10,16,66.96,61.003883,LSTM
2017-01-10,17,88.38,69.32639,LSTM
2017-01-10,18,98.93,65.905594,LSTM
2017-01-10,19,69.65,58.837273,LSTM
2017-01-10,20,58.82,48.8236,LSTM
2017-01-10,21,47.63,43.9411,LSTM
2017-01-10,22,40.08,43.094524,LSTM
2017-01-10,23,38.06,38.302032,LSTM
2017-01-11,0,38.99,35.699158,LSTM
2017-01-11,1,37.2,31.168663,LSTM
2017-01-11,2,34.03,33.97853,LSTM
2017-01-11,3,34.78,28.356781,LSTM
2017-01-11,4,32.7,28.581383,LSTM
2017-01-11,5,31.21,28.296598,LSTM
2017-01-11,6,37.2,34.978905,LSTM
2017-01-11,7,49.97,43.363075,LSTM
2017-01-11,8,46.98,45.873802,LSTM
2017-01-11,9,44.7,45.44616,LSTM
2017-01-11,10,44.41,40.285652,LSTM
2017-01-11,11,41.06,35.67756,LSTM
2017-01-11,12,36.94,33.01809,LSTM
2017-01-11,13,34.09,33.72133,LSTM
2017-01-11,14,33.68,31.735168,LSTM
2017-01-11,15,33.64,34.902493,LSTM
2017-01-11,16,33.66,38.63803,LSTM
2017-01-11,17,38.53,40.469345,LSTM
2017-01-11,18,37.4,38.06786,LSTM
2017-01-11,19,37.07,38.521057,LSTM
2017-01-11,20,34.0,28.48434,LSTM
2017-01-11,21,31.83,23.587183,LSTM
2017-01-11,22,26.27,23.136082,LSTM
2017-01-11,23,11.68,17.361408,LSTM
2017-01-12,0,12.12,12.881444,LSTM
2017-01-12,1,9.83,10.78929,LSTM
2017-01-12,2,9.02,7.067439,LSTM
2017-01-12,3,9.27,10.355493,LSTM
2017-01-12,4,9.84,13.002328,LSTM
2017-01-12,5,10.55,17.847763,LSTM
2017-01-12,6,28.29,22.236702,LSTM
2017-01-12,7,40.02,31.04782,LSTM
2017-01-12,8,40.07,33.49593,LSTM
2017-01-12,9,38.2,33.478046,LSTM
2017-01-12,10,38.61,30.121471,LSTM
2017-01-12,11,38.43,32.591484,LSTM
2017-01-12,12,36.7,33.623722,LSTM
2017-01-12,13,39.61,32.805084,LSTM
2017-01-12,14,40.05,36.338467,LSTM
2017-01-12,15,45.32,36.173355,LSTM
2017-01-12,16,46.98,41.44931,LSTM
2017-01-12,17,57.09,49.110477,LSTM
2017-01-12,18,57.13,45.254692,LSTM
2017-01-12,19,57.05,42.20638,LSTM
2017-01-12,20,45.01,41.721516,LSTM
2017-01-12,21,40.09,34.29724,LSTM
2017-01-12,22,37.89,37.250946,LSTM
2017-01-12,23,33.07,28.803345,LSTM
2017-01-13,0,35.19,32.601612,LSTM
2017-01-13,1,33.44,31.222563,LSTM
2017-01-13,2,32.44,30.582996,LSTM
2017-01-13,3,29.8,30.12692,LSTM
2017-01-13,4,29.25,30.287779,LSTM
2017-01-13,5,30.64,31.686438,LSTM
2017-01-13,6,37.27,35.003464,LSTM
2017-01-13,7,46.98,46.622375,LSTM
2017-01-13,8,45.5,45.286957,LSTM
2017-01-13,9,45.48,46.25746,LSTM
2017-01-13,10,46.96,42.433228,LSTM
2017-01-13,11,46.7,38.388134,LSTM
2017-01-13,12,43.07,35.95269,LSTM
2017-01-13,13,42.06,36.528107,LSTM
2017-01-13,14,41.98,35.086945,LSTM
2017-01-13,15,43.03,37.650894,LSTM
2017-01-13,16,44.87,41.77263,LSTM
2017-01-13,17,48.72,46.641045,LSTM
2017-01-13,18,45.17,43.0358,LSTM
2017-01-13,19,44.94,40.43819,LSTM
2017-01-13,20,39.94,34.249207,LSTM
2017-01-13,21,36.7,27.07735,LSTM
2017-01-13,22,33.99,26.55379,LSTM
2017-01-13,23,30.99,21.659477,LSTM
2017-01-14,0,29.82,30.59063,LSTM
2017-01-14,1,28.98,28.324327,LSTM
2017-01-14,2,28.64,27.343294,LSTM
2017-01-14,3,28.5,27.637798,LSTM
2017-01-14,4,28.61,27.638712,LSTM
2017-01-14,5,28.05,27.668766,LSTM
2017-01-14,6,29.49,25.422235,LSTM
2017-01-14,7,28.97,30.865421,LSTM
2017-01-14,8,33.19,34.84904,LSTM
2017-01-14,9,36.78,37.341293,LSTM
2017-01-14,10,39.81,39.108128,LSTM
2017-01-14,11,40.05,38.775475,LSTM
2017-01-14,12,36.47,34.98607,LSTM
2017-01-14,13,34.76,34.610607,LSTM
2017-01-14,14,33.37,31.552795,LSTM
2017-01-14,15,34.29,33.95645,LSTM
2017-01-14,16,38.54,38.59701,LSTM
2017-01-14,17,41.97,42.8455,LSTM
2017-01-14,18,39.64,37.91347,LSTM
2017-01-14,19,37.01,37.989403,LSTM
2017-01-14,20,32.52,33.303715,LSTM
2017-01-14,21,30.66,28.28207,LSTM
2017-01-14,22,30.25,30.39058,LSTM
2017-01-14,23,29.55,24.789932,LSTM
2017-01-15,0,28.75,22.076271,LSTM
2017-01-15,1,28.11,20.93552,LSTM
2017-01-15,2,26.03,19.454391,LSTM
2017-01-15,3,19.96,21.07906,LSTM
2017-01-15,4,22.93,21.04789,LSTM
2017-01-15,5,22.8,23.29055,LSTM
2017-01-15,6,14.91,22.97375,LSTM
2017-01-15,7,20.37,26.11745,LSTM
2017-01-15,8,33.28,27.52766,LSTM
2017-01-15,9,33.96,32.273033,LSTM
2017-01-15,10,35.98,33.83577,LSTM
2017-01-15,11,44.65,39.8868,LSTM
2017-01-15,12,41.68,38.59687,LSTM
2017-01-15,13,36.66,41.118565,LSTM
2017-01-15,14,35.72,41.141335,LSTM
2017-01-15,15,36.35,39.92653,LSTM
2017-01-15,16,38.71,46.25984,LSTM
2017-01-15,17,54.35,52.259125,LSTM
2017-01-15,18,58.02,50.71286,LSTM
2017-01-15,19,55.12,50.67575,LSTM
2017-01-15,20,47.91,47.843773,LSTM
2017-01-15,21,36.92,40.5587,LSTM
2017-01-15,22,43.0,43.70377,LSTM
2017-01-15,23,38.64,37.535374,LSTM
2017-01-16,0,45.07,37.50698,LSTM
2017-01-16,1,43.25,38.142803,LSTM
2017-01-16,2,39.08,35.895218,LSTM
2017-01-16,3,37.57,36.58364,LSTM
2017-01-16,4,38.24,37.506336,LSTM
2017-01-16,5,39.06,38.19642,LSTM
2017-01-16,6,64.8,49.033886,LSTM
2017-01-16,7,94.43,61.04173,LSTM
2017-01-16,8,99.76,64.73992,LSTM
2017-01-16,9,100.88,62.595375,LSTM
2017-01-16,10,99.97,57.930115,LSTM
2017-01-16,11,99.56,56.814312,LSTM
2017-01-16,12,98.56,57.426987,LSTM
2017-01-16,13,98.92,59.529892,LSTM
2017-01-16,14,100.26,61.074142,LSTM
2017-01-16,15,103.84,62.642406,LSTM
2017-01-16,16,102.06,64.998665,LSTM
2017-01-16,17,120.0,74.10554,LSTM
2017-01-16,18,124.83,68.13666,LSTM
2017-01-16,19,113.69,62.256344,LSTM
2017-01-16,20,88.98,52.44137,LSTM
2017-01-16,21,73.59,44.31988,LSTM
2017-01-16,22,55.19,43.66077,LSTM
2017-01-16,23,45.06,39.8323,LSTM
2017-01-17,0,45.83,37.95472,LSTM
2017-01-17,1,41.64,38.5918,LSTM
2017-01-17,2,34.61,38.348816,LSTM
2017-01-17,3,36.28,38.379578,LSTM
2017-01-17,4,35.25,39.051903,LSTM
2017-01-17,5,39.94,40.95788,LSTM
2017-01-17,6,58.29,51.166862,LSTM
2017-01-17,7,111.04,66.52092,LSTM
2017-01-17,8,121.67,69.56203,LSTM
2017-01-17,9,125.61,67.45573,LSTM
2017-01-17,10,121.49,66.84176,LSTM
2017-01-17,11,117.34,68.24965,LSTM
2017-01-17,12,106.15,64.68468,LSTM
2017-01-17,13,101.91,64.11124,LSTM
2017-01-17,14,100.03,63.689133,LSTM
2017-01-17,15,103.42,62.971603,LSTM
2017-01-17,16,110.91,63.675514,LSTM
2017-01-17,17,142.78,69.900085,LSTM
2017-01-17,18,143.09,69.04175,LSTM
2017-01-17,19,124.94,66.12564,LSTM
2017-01-17,20,84.97,52.739784,LSTM
2017-01-17,21,55.08,44.469128,LSTM
2017-01-17,22,48.95,43.42704,LSTM
2017-01-17,23,37.74,38.202328,LSTM
2017-01-18,0,38.28,36.655556,LSTM
2017-01-18,1,37.74,37.302353,LSTM
2017-01-18,2,35.09,35.384056,LSTM
2017-01-18,3,35.07,35.819798,LSTM
2017-01-18,4,35.07,36.24249,LSTM
2017-01-18,5,36.62,37.63687,LSTM
2017-01-18,6,55.08,44.88267,LSTM
2017-01-18,7,89.64,57.31927,LSTM
2017-01-18,8,91.75,61.43613,LSTM
2017-01-18,9,84.92,61.465797,LSTM
2017-01-18,10,82.93,60.99923,LSTM
2017-01-18,11,85.97,62.476257,LSTM
2017-01-18,12,86.03,60.45024,LSTM
2017-01-18,13,91.02,62.816383,LSTM
2017-01-18,14,89.92,62.563034,LSTM
2017-01-18,15,86.7,64.72991,LSTM
2017-01-18,16,92.45,62.29651,LSTM
2017-01-18,17,115.7,69.575714,LSTM
2017-01-18,18,91.25,69.617874,LSTM
2017-01-18,19,83.91,63.156876,LSTM
2017-01-18,20,79.73,50.47599,LSTM
2017-01-18,21,55.03,45.656883,LSTM
2017-01-18,22,48.86,42.988583,LSTM
2017-01-18,23,44.9,38.75058,LSTM
2017-01-19,0,38.53,38.21507,LSTM
2017-01-19,1,37.88,37.521107,LSTM
2017-01-19,2,36.61,36.632328,LSTM
2017-01-19,3,36.32,37.016537,LSTM
2017-01-19,4,36.45,36.861618,LSTM
2017-01-19,5,38.67,38.719383,LSTM
2017-01-19,6,50.04,46.660385,LSTM
2017-01-19,7,82.9,63.42845,LSTM
2017-01-19,8,89.95,64.747086,LSTM
2017-01-19,9,82.14,64.512726,LSTM
2017-01-19,10,80.0,63.31691,LSTM
2017-01-19,11,79.92,63.997505,LSTM
2017-01-19,12,79.97,60.735626,LSTM
2017-01-19,13,79.92,60.710632,LSTM
2017-01-19,14,73.95,59.76717,LSTM
2017-01-19,15,73.91,60.28681,LSTM
2017-01-19,16,74.62,61.800484,LSTM
2017-01-19,17,100.1,68.08522,LSTM
2017-01-19,18,114.92,66.61113,LSTM
2017-01-19,19,90.75,64.347824,LSTM
2017-01-19,20,74.99,52.56967,LSTM
2017-01-19,21,56.17,45.476574,LSTM
2017-01-19,22,50.05,44.684387,LSTM
2017-01-19,23,45.83,39.52502,LSTM
2017-01-20,0,45.09,38.427025,LSTM
2017-01-20,1,39.51,38.294937,LSTM
2017-01-20,2,38.03,35.84608,LSTM
2017-01-20,3,36.85,35.702553,LSTM
2017-01-20,4,38.06,36.719143,LSTM
2017-01-20,5,38.73,37.723965,LSTM
2017-01-20,6,55.63,45.615616,LSTM
2017-01-20,7,69.99,58.637417,LSTM
2017-01-20,8,87.42,63.299114,LSTM
2017-01-20,9,87.61,63.207,LSTM
2017-01-20,10,79.86,61.67387,LSTM
2017-01-20,11,77.84,61.79951,LSTM
2017-01-20,12,70.44,59.926575,LSTM
2017-01-20,13,72.8,60.42138,LSTM
2017-01-20,14,65.93,60.39206,LSTM
2017-01-20,15,72.93,60.95945,LSTM
2017-01-20,16,77.34,60.72946,LSTM
2017-01-20,17,90.07,68.03558,LSTM
2017-01-20,18,87.95,65.88875,LSTM
2017-01-20,19,76.94,61.157806,LSTM
2017-01-20,20,62.98,52.023865,LSTM
2017-01-20,21,47.1,46.91543,LSTM
2017-01-20,22,45.02,46.28406,LSTM
2017-01-20,23,45.09,41.544056,LSTM
2017-01-21,0,45.9,39.842293,LSTM
2017-01-21,1,39.34,38.476395,LSTM
2017-01-21,2,40.99,38.285103,LSTM
2017-01-21,3,44.04,36.49507,LSTM
2017-01-21,4,43.07,35.500065,LSTM
2017-01-21,5,41.56,36.187668,LSTM
2017-01-21,6,40.62,36.480446,LSTM
2017-01-21,7,43.93,42.180977,LSTM
2017-01-21,8,50.99,47.65961,LSTM
2017-01-21,9,54.98,53.586258,LSTM
2017-01-21,10,53.05,52.265312,LSTM
2017-01-21,11,48.34,53.718018,LSTM
2017-01-21,12,45.89,52.788933,LSTM
2017-01-21,13,43.3,52.10392,LSTM
2017-01-21,14,44.0,51.47764,LSTM
2017-01-21,15,47.56,50.997643,LSTM
2017-01-21,16,61.94,52.72147,LSTM
2017-01-21,17,65.91,61.093376,LSTM
2017-01-21,18,65.01,61.52559,LSTM
2017-01-21,19,62.92,57.090874,LSTM
2017-01-21,20,47.01,47.184845,LSTM
2017-01-21,21,44.03,42.245262,LSTM
2017-01-21,22,44.33,42.199455,LSTM
2017-01-21,23,39.54,38.887558,LSTM
2017-01-22,0,38.6,37.20919,LSTM
2017-01-22,1,38.22,37.688236,LSTM
2017-01-22,2,38.6,36.813507,LSTM
2017-01-22,3,37.43,36.175106,LSTM
2017-01-22,4,38.27,34.76787,LSTM
2017-01-22,5,37.83,36.39058,LSTM
2017-01-22,6,35.97,37.16038,LSTM
2017-01-22,7,39.24,38.948895,LSTM
2017-01-22,8,37.76,44.04184,LSTM
2017-01-22,9,39.26,46.251465,LSTM
2017-01-22,10,38.03,46.236687,LSTM
2017-01-22,11,38.16,50.734318,LSTM
2017-01-22,12,37.07,48.324158,LSTM
2017-01-22,13,36.03,47.137886,LSTM
2017-01-22,14,37.32,45.10889,LSTM
2017-01-22,15,38.29,43.16053,LSTM
2017-01-22,16,44.06,48.4038,LSTM
2017-01-22,17,61.92,55.834778,LSTM
2017-01-22,18,57.72,58.07673,LSTM
2017-01-22,19,57.38,59.766243,LSTM
2017-01-22,20,46.0,50.300507,LSTM
2017-01-22,21,39.39,43.333103,LSTM
2017-01-22,22,44.05,44.61134,LSTM
2017-01-22,23,35.93,39.190525,LSTM
2017-01-23,0,39.1,38.887,LSTM
2017-01-23,1,38.28,37.49424,LSTM
2017-01-23,2,39.43,36.978806,LSTM
2017-01-23,3,37.29,36.195503,LSTM
2017-01-23,4,36.65,38.954453,LSTM
2017-01-23,5,44.84,39.106853,LSTM
2017-01-23,6,69.97,51.401863,LSTM
2017-01-23,7,98.45,62.60021,LSTM
2017-01-23,8,95.83,64.42537,LSTM
2017-01-23,9,99.99,59.99957,LSTM
2017-01-23,10,99.36,58.94422,LSTM
2017-01-23,11,87.42,60.104485,LSTM
2017-01-23,12,83.43,55.58108,LSTM
2017-01-23,13,81.81,55.741425,LSTM
2017-01-23,14,85.1,58.202934,LSTM
2017-01-23,15,82.84,57.012516,LSTM
2017-01-23,16,91.14,60.31649,LSTM
2017-01-23,17,109.98,66.16153,LSTM
2017-01-23,18,128.4,65.2905,LSTM
2017-01-23,19,103.87,63.996765,LSTM
2017-01-23,20,84.55,54.450264,LSTM
2017-01-23,21,69.4,45.09868,LSTM
2017-01-23,22,65.06,43.995613,LSTM
2017-01-23,23,43.08,39.22612,LSTM
2017-01-24,0,57.01,40.413227,LSTM
2017-01-24,1,51.04,41.51032,LSTM
2017-01-24,2,53.05,40.153206,LSTM
2017-01-24,3,48.82,39.55387,LSTM
2017-01-24,4,51.52,41.304085,LSTM
2017-01-24,5,56.06,43.458103,LSTM
2017-01-24,6,91.21,57.620872,LSTM
2017-01-24,7,163.52,73.8186,LSTM
2017-01-24,8,153.67,79.07868,LSTM
2017-01-24,9,150.1,74.7364,LSTM
2017-01-24,10,151.07,75.59577,LSTM
2017-01-24,11,135.0,79.092445,LSTM
2017-01-24,12,121.58,73.27443,LSTM
2017-01-24,13,117.68,74.11985,LSTM
2017-01-24,14,112.21,74.96329,LSTM
2017-01-24,15,117.18,72.58734,LSTM
2017-01-24,16,120.0,73.16691,LSTM
2017-01-24,17,131.01,81.510155,LSTM
2017-01-24,18,138.91,82.29545,LSTM
2017-01-24,19,113.8,80.824875,LSTM
2017-01-24,20,109.92,65.66576,LSTM
2017-01-24,21,78.98,53.780304,LSTM
2017-01-24,22,66.17,49.486195,LSTM
2017-01-24,23,56.61,43.133263,LSTM
2017-01-25,0,54.69,40.94299,LSTM
2017-01-25,1,46.58,41.03534,LSTM
2017-01-25,2,42.39,38.920555,LSTM
2017-01-25,3,40.94,38.839752,LSTM
2017-01-25,4,43.25,41.039726,LSTM
2017-01-25,5,48.03,42.79716,LSTM
2017-01-25,6,67.35,55.499584,LSTM
2017-01-25,7,100.24,69.82083,LSTM
2017-01-25,8,105.04,75.24694,LSTM
2017-01-25,9,109.63,71.7233,LSTM
2017-01-25,10,109.93,74.46138,LSTM
2017-01-25,11,119.98,76.86649,LSTM
2017-01-25,12,114.1,71.87274,LSTM
2017-01-25,13,101.63,71.01897,LSTM
2017-01-25,14,107.75,73.439896,LSTM
2017-01-25,15,111.65,69.87834,LSTM
2017-01-25,16,119.63,70.08249,LSTM
2017-01-25,17,122.9,78.06557,LSTM
2017-01-25,18,133.18,75.755394,LSTM
2017-01-25,19,109.96,76.94484,LSTM
2017-01-25,20,89.96,61.77965,LSTM
2017-01-25,21,62.34,50.005646,LSTM
2017-01-25,22,57.8,47.783466,LSTM
2017-01-25,23,45.23,41.4386,LSTM
2017-01-26,0,43.85,41.090134,LSTM
2017-01-26,1,42.06,39.885345,LSTM
2017-01-26,2,40.02,37.551785,LSTM
2017-01-26,3,37.85,37.719482,LSTM
2017-01-26,4,38.23,39.62076,LSTM
2017-01-26,5,41.1,39.802055,LSTM
2017-01-26,6,44.28,50.10119,LSTM
2017-01-26,7,58.51,63.24018,LSTM
2017-01-26,8,65.05,65.340195,LSTM
2017-01-26,9,60.94,63.068714,LSTM
2017-01-26,10,58.13,64.37029,LSTM
2017-01-26,11,59.61,64.86152,LSTM
2017-01-26,12,59.45,59.189774,LSTM
2017-01-26,13,53.51,59.25143,LSTM
2017-01-26,14,57.5,60.514473,LSTM
2017-01-26,15,54.97,60.02681,LSTM
2017-01-26,16,55.72,59.266212,LSTM
2017-01-26,17,54.01,64.6638,LSTM
2017-01-26,18,53.35,59.609695,LSTM
2017-01-26,19,44.98,59.16792,LSTM
2017-01-26,20,36.08,50.106163,LSTM
2017-01-26,21,37.87,40.768227,LSTM
2017-01-26,22,41.4,39.682972,LSTM
2017-01-26,23,36.7,36.460747,LSTM
2017-01-27,0,35.08,38.33322,LSTM
2017-01-27,1,34.31,35.219753,LSTM
2017-01-27,2,34.05,33.26362,LSTM
2017-01-27,3,33.97,33.545372,LSTM
2017-01-27,4,34.03,35.801514,LSTM
2017-01-27,5,34.06,35.856323,LSTM
2017-01-27,6,35.8,45.890076,LSTM
2017-01-27,7,46.39,55.840317,LSTM
2017-01-27,8,47.4,56.932022,LSTM
2017-01-27,9,45.04,54.099995,LSTM
2017-01-27,10,43.47,54.617714,LSTM
2017-01-27,11,44.14,55.19007,LSTM
2017-01-27,12,44.36,50.4053,LSTM
2017-01-27,13,45.18,51.561867,LSTM
2017-01-27,14,48.46,52.773716,LSTM
2017-01-27,15,52.92,56.254845,LSTM
2017-01-27,16,55.25,55.52501,LSTM
2017-01-27,17,60.36,62.08389,LSTM
2017-01-27,18,56.59,60.64125,LSTM
2017-01-27,19,54.61,59.569183,LSTM
2017-01-27,20,47.65,51.400803,LSTM
2017-01-27,21,39.9,44.86229,LSTM
2017-01-27,22,39.9,43.2393,LSTM
2017-01-27,23,38.03,39.85988,LSTM
2017-01-28,0,39.67,41.286705,LSTM
2017-01-28,1,40.0,36.469765,LSTM
2017-01-28,2,36.0,37.472466,LSTM
2017-01-28,3,39.0,35.480015,LSTM
2017-01-28,4,37.39,38.147797,LSTM
2017-01-28,5,37.78,35.186398,LSTM
2017-01-28,6,37.38,33.990425,LSTM
2017-01-28,7,39.65,33.2528,LSTM
2017-01-28,8,47.34,36.052498,LSTM
2017-01-28,9,44.9,38.7318,LSTM
2017-01-28,10,40.09,41.06605,LSTM
2017-01-28,11,43.6,42.118332,LSTM
2017-01-28,12,38.4,38.375263,LSTM
2017-01-28,13,37.74,37.46184,LSTM
2017-01-28,14,41.01,39.15734,LSTM
2017-01-28,15,49.92,41.87834,LSTM
2017-01-28,16,54.15,44.225395,LSTM
2017-01-28,17,60.59,49.17121,LSTM
2017-01-28,18,55.2,48.93137,LSTM
2017-01-28,19,48.08,45.45195,LSTM
2017-01-28,20,40.57,37.21739,LSTM
2017-01-28,21,38.0,32.007767,LSTM
2017-01-28,22,37.2,33.491646,LSTM
2017-01-28,23,33.74,32.61931,LSTM
2017-01-29,0,36.04,33.479813,LSTM
2017-01-29,1,32.95,30.490353,LSTM
2017-01-29,2,32.94,30.060184,LSTM
2017-01-29,3,31.75,29.709843,LSTM
2017-01-29,4,34.65,32.10073,LSTM
2017-01-29,5,32.89,30.129225,LSTM
2017-01-29,6,32.96,27.635397,LSTM
2017-01-29,7,35.01,21.408127,LSTM
2017-01-29,8,35.0,28.535717,LSTM
2017-01-29,9,33.05,25.98545,LSTM
2017-01-29,10,33.07,31.930063,LSTM
2017-01-29,11,33.07,34.597607,LSTM
2017-01-29,12,33.04,30.187391,LSTM
2017-01-29,13,32.91,27.122593,LSTM
2017-01-29,14,34.64,28.625036,LSTM
2017-01-29,15,37.05,30.523169,LSTM
2017-01-29,16,45.58,34.418034,LSTM
2017-01-29,17,53.93,43.126343,LSTM
2017-01-29,18,55.25,43.765526,LSTM
2017-01-29,19,50.58,43.720978,LSTM
2017-01-29,20,39.84,37.742374,LSTM
2017-01-29,21,37.08,35.579567,LSTM
2017-01-29,22,44.21,37.872578,LSTM
2017-01-29,23,36.09,34.68169,LSTM
2017-01-30,0,36.51,36.31937,LSTM
2017-01-30,1,36.49,35.29043,LSTM
2017-01-30,2,36.62,33.075283,LSTM
2017-01-30,3,36.05,33.405884,LSTM
2017-01-30,4,35.11,34.67561,LSTM
2017-01-30,5,36.68,35.196003,LSTM
2017-01-30,6,47.14,47.06909,LSTM
2017-01-30,7,59.13,59.98817,LSTM
2017-01-30,8,65.06,65.433174,LSTM
2017-01-30,9,65.02,61.637115,LSTM
2017-01-30,10,68.77,60.050682,LSTM
2017-01-30,11,69.91,59.03676,LSTM
2017-01-30,12,60.16,56.969997,LSTM
2017-01-30,13,63.72,57.405964,LSTM
2017-01-30,14,61.32,58.226257,LSTM
2017-01-30,15,55.98,57.63687,LSTM
2017-01-30,16,55.94,59.182526,LSTM
2017-01-30,17,68.48,67.11057,LSTM
2017-01-30,18,59.98,63.5308,LSTM
2017-01-30,19,56.0,58.557228,LSTM
2017-01-30,20,47.87,49.609715,LSTM
2017-01-30,21,41.93,44.04883,LSTM
2017-01-30,22,45.6,42.838963,LSTM
2017-01-30,23,36.59,37.710472,LSTM
2017-01-31,0,33.06,39.29752,LSTM
2017-01-31,1,34.38,39.356712,LSTM
2017-01-31,2,34.38,37.006367,LSTM
2017-01-31,3,35.57,37.04191,LSTM
2017-01-31,4,37.33,38.0017,LSTM
2017-01-31,5,38.95,40.263054,LSTM
2017-01-31,6,56.95,52.16053,LSTM
2017-01-31,7,81.62,70.23829,LSTM
2017-01-31,8,81.82,77.31354,LSTM
2017-01-31,9,82.02,74.10802,LSTM
2017-01-31,10,89.8,75.15454,LSTM
2017-01-31,11,89.82,75.33119,LSTM
2017-01-31,12,82.36,72.58058,LSTM
2017-01-31,13,82.02,72.36967,LSTM
2017-01-31,14,90.36,73.39438,LSTM
2017-01-31,15,89.75,72.69304,LSTM
2017-01-31,16,90.2,73.96153,LSTM
2017-01-31,17,95.0,85.223434,LSTM
2017-01-31,18,104.33,85.17325,LSTM
2017-01-31,19,90.0,79.84738,LSTM
2017-01-31,20,84.15,63.686115,LSTM
2017-01-31,21,60.92,54.87609,LSTM
2017-01-31,22,54.9,52.164833,LSTM
2017-01-31,23,40.69,45.311195,LSTM
2017-02-01,0,44.91,41.91078,LSTM
2017-02-01,1,42.25,41.966164,LSTM
2017-02-01,2,39.8,40.48046,LSTM
2017-02-01,3,38.15,39.988785,LSTM
2017-02-01,4,38.38,42.734634,LSTM
2017-02-01,5,41.09,43.935837,LSTM
2017-02-01,6,47.86,55.620872,LSTM
2017-02-01,7,65.96,70.43547,LSTM
2017-02-01,8,72.93,76.23956,LSTM
2017-02-01,9,65.91,71.8479,LSTM
2017-02-01,10,65.02,71.1781,LSTM
2017-02-01,11,62.91,70.61716,LSTM
2017-02-01,12,56.99,66.95758,LSTM
2017-02-01,13,54.18,63.89023,LSTM
2017-02-01,14,50.49,65.53264,LSTM
2017-02-01,15,52.35,62.911804,LSTM
2017-02-01,16,57.0,64.89401,LSTM
2017-02-01,17,62.58,73.04335,LSTM
2017-02-01,18,56.99,68.01977,LSTM
2017-02-01,19,49.74,61.99038,LSTM
2017-02-01,20,41.04,53.216774,LSTM
2017-02-01,21,44.2,45.74375,LSTM
2017-02-01,22,42.38,43.93053,LSTM
2017-02-01,23,38.06,37.255745,LSTM
2017-02-02,0,31.05,35.491146,LSTM
2017-02-02,1,29.8,34.249947,LSTM
2017-02-02,2,32.66,29.661043,LSTM
2017-02-02,3,32.3,31.314688,LSTM
2017-02-02,4,31.05,34.63086,LSTM
2017-02-02,5,32.66,35.310448,LSTM
2017-02-02,6,39.91,43.123985,LSTM
2017-02-02,7,55.58,54.018784,LSTM
2017-02-02,8,57.19,60.847225,LSTM
2017-02-02,9,59.1,56.405235,LSTM
2017-02-02,10,58.55,62.829964,LSTM
2017-02-02,11,57.66,60.959778,LSTM
2017-02-02,12,57.66,56.58068,LSTM
2017-02-02,13,54.44,55.087967,LSTM
2017-02-02,14,50.9,55.92534,LSTM
2017-02-02,15,47.1,55.93216,LSTM
2017-02-02,16,45.98,53.42448,LSTM
2017-02-02,17,48.8,58.355408,LSTM
2017-02-02,18,53.3,53.5353,LSTM
2017-02-02,19,48.84,50.257915,LSTM
2017-02-02,20,39.97,42.883823,LSTM
2017-02-02,21,39.04,40.39236,LSTM
2017-02-02,22,38.78,38.31595,LSTM
2017-02-02,23,34.82,32.611366,LSTM
2017-02-03,0,39.5,33.71646,LSTM
2017-02-03,1,34.92,31.706892,LSTM
2017-02-03,2,34.26,29.090155,LSTM
2017-02-03,3,32.55,29.524843,LSTM
2017-02-03,4,32.49,31.522673,LSTM
2017-02-03,5,35.85,32.67316,LSTM
2017-02-03,6,43.02,40.74583,LSTM
2017-02-03,7,56.32,52.547684,LSTM
2017-02-03,8,60.0,57.892944,LSTM
2017-02-03,9,58.0,55.097057,LSTM
2017-02-03,10,56.67,59.992767,LSTM
2017-02-03,11,55.97,58.286407,LSTM
2017-02-03,12,54.37,53.83509,LSTM
2017-02-03,13,53.67,52.36851,LSTM
2017-02-03,14,51.96,52.729713,LSTM
2017-02-03,15,48.47,53.99633,LSTM
2017-02-03,16,53.33,53.88497,LSTM
2017-02-03,17,60.36,60.334755,LSTM
2017-02-03,18,55.79,56.930313,LSTM
2017-02-03,19,59.29,53.376366,LSTM
2017-02-03,20,53.68,44.40671,LSTM
2017-02-03,21,44.9,40.74249,LSTM
2017-02-03,22,44.25,39.50013,LSTM
2017-02-03,23,36.08,34.830414,LSTM
2017-02-04,0,37.04,35.739395,LSTM
2017-02-04,1,34.96,34.408863,LSTM
2017-02-04,2,34.01,31.78844,LSTM
2017-02-04,3,31.93,30.89037,LSTM
2017-02-04,4,31.89,32.211018,LSTM
2017-02-04,5,32.09,32.05562,LSTM
2017-02-04,6,33.82,31.188879,LSTM
2017-02-04,7,37.04,31.821014,LSTM
2017-02-04,8,42.32,35.802223,LSTM
2017-02-04,9,49.58,38.759888,LSTM
2017-02-04,10,51.97,41.47067,LSTM
2017-02-04,11,50.0,40.719017,LSTM
2017-02-04,12,50.0,38.674084,LSTM
2017-02-04,13,49.12,38.840424,LSTM
2017-02-04,14,47.22,40.01195,LSTM
2017-02-04,15,45.22,44.072327,LSTM
2017-02-04,16,46.26,46.233437,LSTM
2017-02-04,17,56.37,55.483513,LSTM
2017-02-04,18,66.18,53.254868,LSTM
2017-02-04,19,61.61,46.595192,LSTM
2017-02-04,20,55.49,40.145664,LSTM
2017-02-04,21,50.0,37.756367,LSTM
2017-02-04,22,50.0,37.919834,LSTM
2017-02-04,23,43.06,35.63412,LSTM
2017-02-05,0,35.81,38.83795,LSTM
2017-02-05,1,37.3,38.61201,LSTM
2017-02-05,2,37.73,35.655556,LSTM
2017-02-05,3,36.65,36.047043,LSTM
2017-02-05,4,33.15,36.155457,LSTM
2017-02-05,5,34.55,36.692974,LSTM
2017-02-05,6,31.66,37.32412,LSTM
2017-02-05,7,36.93,38.41642,LSTM
2017-02-05,8,37.52,46.47021,LSTM
2017-02-05,9,40.81,45.8742,LSTM
2017-02-05,10,44.02,47.344578,LSTM
2017-02-05,11,50.06,48.316704,LSTM
2017-02-05,12,46.05,46.81158,LSTM
2017-02-05,13,41.45,45.497906,LSTM
2017-02-05,14,40.88,45.220146,LSTM
2017-02-05,15,39.97,43.961426,LSTM
2017-02-05,16,40.81,48.476044,LSTM
2017-02-05,17,48.24,61.038174,LSTM
2017-02-05,18,65.07,62.347275,LSTM
2017-02-05,19,60.86,63.31292,LSTM
2017-02-05,20,57.91,52.571037,LSTM
2017-02-05,21,47.88,49.015095,LSTM
2017-02-05,22,51.0,50.881508,LSTM
2017-02-05,23,48.0,43.23831,LSTM
2017-02-06,0,43.31,41.321392,LSTM
2017-02-06,1,41.4,40.98391,LSTM
2017-02-06,2,38.27,40.21164,LSTM
2017-02-06,3,35.1,38.229523,LSTM
2017-02-06,4,36.3,39.108444,LSTM
2017-02-06,5,39.5,40.982635,LSTM
2017-02-06,6,55.21,54.11306,LSTM
2017-02-06,7,74.95,68.43996,LSTM
2017-02-06,8,82.06,71.74126,LSTM
2017-02-06,9,84.01,72.5862,LSTM
2017-02-06,10,80.44,69.49373,LSTM
2017-02-06,11,79.61,69.54137,LSTM
2017-02-06,12,80.37,68.01955,LSTM
2017-02-06,13,77.75,67.92685,LSTM
2017-02-06,14,72.93,67.69188,LSTM
2017-02-06,15,69.5,65.01829,LSTM
2017-02-06,16,67.04,64.86949,LSTM
2017-02-06,17,69.94,71.758835,LSTM
2017-02-06,18,86.37,68.85903,LSTM
2017-02-06,19,77.29,62.207466,LSTM
2017-02-06,20,64.69,55.76122,LSTM
2017-02-06,21,44.63,47.65733,LSTM
2017-02-06,22,43.27,47.901306,LSTM
2017-02-06,23,38.93,41.41374,LSTM
2017-02-07,0,42.01,37.417675,LSTM
2017-02-07,1,40.4,37.00378,LSTM
2017-02-07,2,39.01,35.85169,LSTM
2017-02-07,3,37.78,35.28708,LSTM
2017-02-07,4,38.03,36.254143,LSTM
2017-02-07,5,38.09,37.00238,LSTM
2017-02-07,6,46.82,46.520634,LSTM
2017-02-07,7,64.9,61.315228,LSTM
2017-02-07,8,63.0,63.64525,LSTM
2017-02-07,9,62.92,61.65513,LSTM
2017-02-07,10,64.55,58.980087,LSTM
2017-02-07,11,65.91,58.37089,LSTM
2017-02-07,12,63.39,53.488113,LSTM
2017-02-07,13,61.3,53.302902,LSTM
2017-02-07,14,60.49,52.013695,LSTM
2017-02-07,15,59.79,52.299843,LSTM
2017-02-07,16,62.41,52.282333,LSTM
2017-02-07,17,67.14,59.010193,LSTM
2017-02-07,18,66.97,58.3317,LSTM
2017-02-07,19,64.01,52.103947,LSTM
2017-02-07,20,45.07,45.75781,LSTM
2017-02-07,21,43.1,39.844627,LSTM
2017-02-07,22,45.02,38.456696,LSTM
2017-02-07,23,39.89,34.755836,LSTM
2017-02-08,0,34.51,39.111313,LSTM
2017-02-08,1,34.59,39.05771,LSTM
2017-02-08,2,34.35,36.866634,LSTM
2017-02-08,3,33.73,35.912018,LSTM
2017-02-08,4,35.06,36.192604,LSTM
2017-02-08,5,35.9,38.07387,LSTM
2017-02-08,6,50.07,47.448437,LSTM
2017-02-08,7,69.92,60.075573,LSTM
2017-02-08,8,71.1,66.40196,LSTM
2017-02-08,9,70.9,64.01541,LSTM
2017-02-08,10,72.5,62.521534,LSTM
2017-02-08,11,71.49,61.23809,LSTM
2017-02-08,12,70.34,60.01092,LSTM
2017-02-08,13,66.94,61.257812,LSTM
2017-02-08,14,67.43,61.775234,LSTM
2017-02-08,15,68.96,62.680122,LSTM
2017-02-08,16,69.13,61.26374,LSTM
2017-02-08,17,73.85,71.171005,LSTM
2017-02-08,18,88.18,73.11662,LSTM
2017-02-08,19,84.04,69.473785,LSTM
2017-02-08,20,72.6,56.399323,LSTM
2017-02-08,21,62.5,52.81423,LSTM
2017-02-08,22,47.98,50.834167,LSTM
2017-02-08,23,45.82,43.557507,LSTM
2017-02-09,0,48.1,43.750977,LSTM
2017-02-09,1,48.05,44.12223,LSTM
2017-02-09,2,44.96,42.838654,LSTM
2017-02-09,3,42.5,41.98927,LSTM
2017-02-09,4,41.66,43.783073,LSTM
2017-02-09,5,47.2,44.966316,LSTM
2017-02-09,6,54.58,53.587135,LSTM
2017-02-09,7,74.14,67.82426,LSTM
2017-02-09,8,70.0,72.0689,LSTM
2017-02-09,9,72.79,67.68529,LSTM
2017-02-09,10,70.97,68.40136,LSTM
2017-02-09,11,68.97,67.165955,LSTM
2017-02-09,12,66.91,61.42827,LSTM
2017-02-09,13,65.64,59.30493,LSTM
2017-02-09,14,65.0,60.397087,LSTM
2017-02-09,15,65.0,57.659676,LSTM
2017-02-09,16,65.76,60.38144,LSTM
2017-02-09,17,70.43,68.4748,LSTM
2017-02-09,18,72.91,65.92449,LSTM
2017-02-09,19,64.54,61.916916,LSTM
2017-02-09,20,50.09,53.55374,LSTM
2017-02-09,21,39.48,46.887302,LSTM
2017-02-09,22,42.1,46.964394,LSTM
2017-02-09,23,38.35,40.502068,LSTM
2017-02-10,0,36.67,38.042942,LSTM
2017-02-10,1,34.31,36.95554,LSTM
2017-02-10,2,33.46,35.608356,LSTM
2017-02-10,3,33.1,34.562042,LSTM
2017-02-10,4,32.55,35.388023,LSTM
2017-02-10,5,34.74,36.648663,LSTM
2017-02-10,6,39.17,43.820263,LSTM
2017-02-10,7,57.0,53.152298,LSTM
2017-02-10,8,63.08,56.614006,LSTM
2017-02-10,9,63.09,54.0933,LSTM
2017-02-10,10,61.93,52.794987,LSTM
2017-02-10,11,59.04,52.156788,LSTM
2017-02-10,12,54.91,45.895317,LSTM
2017-02-10,13,45.08,45.09514,LSTM
2017-02-10,14,42.02,43.87948,LSTM
2017-02-10,15,44.97,43.93922,LSTM
2017-02-10,16,49.07,44.5341,LSTM
2017-02-10,17,52.73,48.963173,LSTM
2017-02-10,18,45.06,47.096237,LSTM
2017-02-10,19,46.2,44.3615,LSTM
2017-02-10,20,39.11,41.457523,LSTM
2017-02-10,21,37.08,39.17753,LSTM
2017-02-10,22,38.04,38.26484,LSTM
2017-02-10,23,34.21,35.78607,LSTM
2017-02-11,0,39.0,34.977425,LSTM
2017-02-11,1,36.69,32.58681,LSTM
2017-02-11,2,35.05,33.891846,LSTM
2017-02-11,3,36.61,33.81323,LSTM
2017-02-11,4,32.9,32.6555,LSTM
2017-02-11,5,37.5,32.52668,LSTM
2017-02-11,6,33.0,30.406702,LSTM
2017-02-11,7,44.15,31.29142,LSTM
2017-02-11,8,48.48,34.971172,LSTM
2017-02-11,9,50.78,38.212006,LSTM
2017-02-11,10,49.57,36.328205,LSTM
2017-02-11,11,44.0,37.074257,LSTM
2017-02-11,12,37.93,33.682064,LSTM
2017-02-11,13,35.08,29.647991,LSTM
2017-02-11,14,34.0,27.42155,LSTM
2017-02-11,15,34.1,29.347559,LSTM
2017-02-11,16,35.09,30.848171,LSTM
2017-02-11,17,41.56,35.90736,LSTM
2017-02-11,18,43.01,34.211605,LSTM
2017-02-11,19,40.86,35.398407,LSTM
2017-02-11,20,36.09,31.99495,LSTM
2017-02-11,21,33.93,29.702328,LSTM
2017-02-11,22,33.92,32.38775,LSTM
2017-02-11,23,31.86,31.354595,LSTM
2017-02-12,0,31.43,30.054726,LSTM
2017-02-12,1,31.06,28.393475,LSTM
2017-02-12,2,31.15,29.525938,LSTM
2017-02-12,3,31.08,28.806568,LSTM
2017-02-12,4,29.78,27.890968,LSTM
2017-02-12,5,29.88,28.378849,LSTM
2017-02-12,6,30.36,24.539642,LSTM
2017-02-12,7,30.36,19.740932,LSTM
2017-02-12,8,32.33,26.109108,LSTM
2017-02-12,9,33.21,29.61458,LSTM
2017-02-12,10,34.26,30.261951,LSTM
2017-02-12,11,35.03,30.764685,LSTM
2017-02-12,12,31.4,30.87526,LSTM
2017-02-12,13,30.89,25.33997,LSTM
2017-02-12,14,30.02,24.023876,LSTM
2017-02-12,15,30.81,25.309765,LSTM
2017-02-12,16,32.19,25.218767,LSTM
2017-02-12,17,36.0,33.507786,LSTM
2017-02-12,18,42.59,36.50484,LSTM
2017-02-12,19,41.1,38.55654,LSTM
2017-02-12,20,40.44,36.144306,LSTM
2017-02-12,21,32.63,34.46384,LSTM
2017-02-12,22,34.9,36.2492,LSTM
2017-02-12,23,32.12,32.5318,LSTM
2017-02-13,0,28.83,31.429768,LSTM
2017-02-13,1,29.68,29.724031,LSTM
2017-02-13,2,31.12,31.529799,LSTM
2017-02-13,3,29.85,30.040565,LSTM
2017-02-13,4,30.76,30.613346,LSTM
2017-02-13,5,33.01,33.451614,LSTM
2017-02-13,6,39.77,41.320316,LSTM
2017-02-13,7,56.98,51.89444,LSTM
2017-02-13,8,59.13,52.572342,LSTM
2017-02-13,9,57.9,48.48989,LSTM
2017-02-13,10,53.97,47.15493,LSTM
2017-02-13,11,45.2,44.721115,LSTM
2017-02-13,12,37.24,40.63088,LSTM
2017-02-13,13,35.06,39.845856,LSTM
2017-02-13,14,38.23,39.396774,LSTM
2017-02-13,15,43.52,42.475414,LSTM
2017-02-13,16,49.17,44.16957,LSTM
2017-02-13,17,53.84,50.31074,LSTM
2017-02-13,18,56.25,54.469307,LSTM
2017-02-13,19,50.08,52.09709,LSTM
2017-02-13,20,44.94,40.72999,LSTM
2017-02-13,21,38.14,37.009335,LSTM
2017-02-13,22,39.77,34.696766,LSTM
2017-02-13,23,33.57,30.061317,LSTM
2017-02-14,0,32.35,34.64596,LSTM
2017-02-14,1,31.68,33.01723,LSTM
2017-02-14,2,32.11,33.730267,LSTM
2017-02-14,3,32.56,32.256653,LSTM
2017-02-14,4,33.34,34.094917,LSTM
2017-02-14,5,32.84,35.096325,LSTM
2017-02-14,6,42.09,44.740685,LSTM
2017-02-14,7,47.98,56.95056,LSTM
2017-02-14,8,50.63,59.137268,LSTM
2017-02-14,9,46.89,50.230408,LSTM
2017-02-14,10,38.39,49.700993,LSTM
2017-02-14,11,36.64,47.54258,LSTM
2017-02-14,12,35.86,43.032078,LSTM
2017-02-14,13,38.33,44.71959,LSTM
2017-02-14,14,37.31,45.09575,LSTM
2017-02-14,15,41.88,49.97023,LSTM
2017-02-14,16,54.4,48.998993,LSTM
2017-02-14,17,61.03,57.00377,LSTM
2017-02-14,18,66.22,67.854904,LSTM
2017-02-14,19,57.97,67.347374,LSTM
2017-02-14,20,54.68,52.022636,LSTM
2017-02-14,21,42.26,48.644596,LSTM
2017-02-14,22,43.47,43.194065,LSTM
2017-02-14,23,40.64,37.225513,LSTM
2017-02-15,0,37.39,36.62909,LSTM
2017-02-15,1,38.18,36.978577,LSTM
2017-02-15,2,37.13,37.230362,LSTM
2017-02-15,3,35.72,36.328568,LSTM
2017-02-15,4,36.51,38.056442,LSTM
2017-02-15,5,37.87,39.868755,LSTM
2017-02-15,6,48.2,50.149414,LSTM
2017-02-15,7,61.48,62.740932,LSTM
2017-02-15,8,63.32,65.27121,LSTM
2017-02-15,9,60.76,56.29453,LSTM
2017-02-15,10,55.69,54.9322,LSTM
2017-02-15,11,39.66,53.098392,LSTM
2017-02-15,12,37.35,47.487988,LSTM
2017-02-15,13,38.08,47.57521,LSTM
2017-02-15,14,45.22,49.375526,LSTM
2017-02-15,15,50.85,49.656876,LSTM
2017-02-15,16,54.43,51.922348,LSTM
2017-02-15,17,59.16,61.580124,LSTM
2017-02-15,18,64.48,67.86212,LSTM
2017-02-15,19,63.07,69.08376,LSTM
2017-02-15,20,54.77,52.60077,LSTM
2017-02-15,21,44.92,46.08296,LSTM
2017-02-15,22,37.98,42.47216,LSTM
2017-02-15,23,33.47,34.61069,LSTM
2017-02-16,0,33.27,31.118137,LSTM
2017-02-16,1,34.93,29.291286,LSTM
2017-02-16,2,32.09,28.050919,LSTM
2017-02-16,3,32.0,28.011099,LSTM
2017-02-16,4,32.06,28.58165,LSTM
2017-02-16,5,33.28,30.057579,LSTM
2017-02-16,6,38.01,38.03324,LSTM
2017-02-16,7,50.99,51.392715,LSTM
2017-02-16,8,50.31,48.990017,LSTM
2017-02-16,9,43.72,43.705154,LSTM
2017-02-16,10,38.0,39.57937,LSTM
2017-02-16,11,37.09,38.33116,LSTM
2017-02-16,12,37.91,35.263275,LSTM
2017-02-16,13,37.19,37.72277,LSTM
2017-02-16,14,38.05,38.125576,LSTM
2017-02-16,15,43.79,44.605946,LSTM
2017-02-16,16,50.82,44.77241,LSTM
2017-02-16,17,53.3,51.554676,LSTM
2017-02-16,18,54.98,58.603325,LSTM
2017-02-16,19,50.92,54.9001,LSTM
2017-02-16,20,42.06,44.252445,LSTM
2017-02-16,21,38.95,39.725815,LSTM
2017-02-16,22,37.98,35.730164,LSTM
2017-02-16,23,33.3,31.026907,LSTM
2017-02-17,0,32.52,30.634083,LSTM
2017-02-17,1,31.69,29.491203,LSTM
2017-02-17,2,31.13,28.705437,LSTM
2017-02-17,3,31.35,27.418285,LSTM
2017-02-17,4,31.69,28.05392,LSTM
2017-02-17,5,32.5,29.26253,LSTM
2017-02-17,6,36.96,37.46192,LSTM
2017-02-17,7,47.95,50.645496,LSTM
2017-02-17,8,45.01,53.157707,LSTM
2017-02-17,9,44.05,50.310753,LSTM
2017-02-17,10,48.98,47.344345,LSTM
2017-02-17,11,49.9,47.89798,LSTM
2017-02-17,12,48.98,45.145035,LSTM
2017-02-17,13,40.0,46.3006,LSTM
2017-02-17,14,42.92,44.185722,LSTM
2017-02-17,15,48.53,47.22589,LSTM
2017-02-17,16,48.81,46.462368,LSTM
2017-02-17,17,50.92,52.358406,LSTM
2017-02-17,18,53.04,60.899208,LSTM
2017-02-17,19,51.14,56.039932,LSTM
2017-02-17,20,49.77,49.168243,LSTM
2017-02-17,21,49.52,46.023,LSTM
2017-02-17,22,46.34,42.789753,LSTM
2017-02-17,23,38.82,38.551517,LSTM
2017-02-18,0,35.1,39.1726,LSTM
2017-02-18,1,33.09,38.28835,LSTM
2017-02-18,2,35.08,39.4898,LSTM
2017-02-18,3,34.3,37.028397,LSTM
2017-02-18,4,34.3,37.03325,LSTM
2017-02-18,5,35.36,37.442585,LSTM
2017-02-18,6,38.81,37.71612,LSTM
2017-02-18,7,42.08,43.929962,LSTM
2017-02-18,8,46.81,47.997345,LSTM
2017-02-18,9,50.0,51.26175,LSTM
2017-02-18,10,49.85,49.599564,LSTM
2017-02-18,11,48.24,49.1794,LSTM
2017-02-18,12,42.25,45.581253,LSTM
2017-02-18,13,36.64,43.8344,LSTM
2017-02-18,14,35.64,41.581474,LSTM
2017-02-18,15,37.35,39.869125,LSTM
2017-02-18,16,42.04,42.901806,LSTM
2017-02-18,17,47.94,48.454536,LSTM
2017-02-18,18,53.94,50.47133,LSTM
2017-02-18,19,48.46,47.085114,LSTM
2017-02-18,20,39.01,40.55365,LSTM
2017-02-18,21,35.0,36.280807,LSTM
2017-02-18,22,33.03,37.436855,LSTM
2017-02-18,23,30.29,32.315792,LSTM
2017-02-19,0,30.81,27.538694,LSTM
2017-02-19,1,21.68,24.57451,LSTM
2017-02-19,2,12.44,23.621458,LSTM
2017-02-19,3,9.93,21.888918,LSTM
2017-02-19,4,9.53,24.248661,LSTM
2017-02-19,5,10.13,23.542624,LSTM
2017-02-19,6,10.3,22.808489,LSTM
2017-02-19,7,18.12,19.965637,LSTM
2017-02-19,8,25.47,23.110188,LSTM
2017-02-19,9,29.59,20.05633,LSTM
2017-02-19,10,29.82,23.995483,LSTM
2017-02-19,11,32.09,26.09803,LSTM
2017-02-19,12,30.17,22.574356,LSTM
2017-02-19,13,31.07,21.942226,LSTM
2017-02-19,14,31.41,22.623653,LSTM
2017-02-19,15,30.34,23.60658,LSTM
2017-02-19,16,31.99,26.52923,LSTM
2017-02-19,17,41.37,33.069847,LSTM
2017-02-19,18,53.65,37.67963,LSTM
2017-02-19,19,52.8,39.1721,LSTM
2017-02-19,20,39.28,34.73796,LSTM
2017-02-19,21,33.95,33.375988,LSTM
2017-02-19,22,35.05,34.47913,LSTM
2017-02-19,23,31.01,29.121283,LSTM
2017-02-20,0,30.75,24.434326,LSTM
2017-02-20,1,27.22,20.83385,LSTM
2017-02-20,2,26.5,19.359886,LSTM
2017-02-20,3,25.04,17.859066,LSTM
2017-02-20,4,20.95,18.073908,LSTM
2017-02-20,5,21.93,22.446865,LSTM
2017-02-20,6,38.49,32.72165,LSTM
2017-02-20,7,48.35,42.296623,LSTM
2017-02-20,8,45.82,42.087013,LSTM
2017-02-20,9,38.92,39.868076,LSTM
2017-02-20,10,37.92,37.123035,LSTM
2017-02-20,11,39.38,34.340683,LSTM
2017-02-20,12,39.18,31.30025,LSTM
2017-02-20,13,36.08,30.213966,LSTM
2017-02-20,14,33.03,25.58196,LSTM
2017-02-20,15,31.87,27.922705,LSTM
2017-02-20,16,31.63,28.351334,LSTM
2017-02-20,17,34.92,28.218945,LSTM
2017-02-20,18,37.94,30.458622,LSTM
2017-02-20,19,34.27,31.191364,LSTM
2017-02-20,20,29.92,28.574417,LSTM
2017-02-20,21,19.22,23.233624,LSTM
2017-02-20,22,9.94,20.205303,LSTM
2017-02-20,23,9.48,14.076524,LSTM
2017-02-21,0,12.54,10.872211,LSTM
2017-02-21,1,10.19,9.975088,LSTM
2017-02-21,2,10.06,6.844146,LSTM
2017-02-21,3,11.12,8.475414,LSTM
2017-02-21,4,12.56,9.974761,LSTM
2017-02-21,5,25.16,17.351376,LSTM
2017-02-21,6,33.0,26.80028,LSTM
2017-02-21,7,38.96,38.575394,LSTM
2017-02-21,8,38.94,37.03382,LSTM
2017-02-21,9,38.94,33.704422,LSTM
2017-02-21,10,38.95,30.31948,LSTM
2017-02-21,11,38.95,29.781343,LSTM
2017-02-21,12,36.63,29.558615,LSTM
2017-02-21,13,36.65,29.19258,LSTM
2017-02-21,14,36.41,28.672247,LSTM
2017-02-21,15,36.68,33.598495,LSTM
2017-02-21,16,34.98,34.256973,LSTM
2017-02-21,17,39.9,39.970764,LSTM
2017-02-21,18,57.42,50.9279,LSTM
2017-02-21,19,45.8,47.40438,LSTM
2017-02-21,20,46.14,38.880474,LSTM
2017-02-21,21,40.0,32.84457,LSTM
2017-02-21,22,34.25,28.234287,LSTM
2017-02-21,23,30.03,21.84664,LSTM
2017-02-22,0,22.92,17.201696,LSTM
2017-02-22,1,10.26,12.213834,LSTM
2017-02-22,2,9.5,7.976221,LSTM
2017-02-22,3,7.66,6.3971596,LSTM
2017-02-22,4,5.03,10.130529,LSTM
2017-02-22,5,7.68,13.070183,LSTM
2017-02-22,6,21.52,24.06238,LSTM
2017-02-22,7,31.86,30.029922,LSTM
2017-02-22,8,32.51,32.986576,LSTM
2017-02-22,9,32.51,26.870928,LSTM
2017-02-22,10,32.29,28.183397,LSTM
2017-02-22,11,32.96,26.545656,LSTM
2017-02-22,12,32.01,23.064487,LSTM
2017-02-22,13,30.94,25.018322,LSTM
2017-02-22,14,29.94,24.125978,LSTM
2017-02-22,15,31.28,26.848475,LSTM
2017-02-22,16,31.24,27.806267,LSTM
2017-02-22,17,32.48,28.047615,LSTM
2017-02-22,18,35.93,31.663052,LSTM
2017-02-22,19,34.05,34.84073,LSTM
2017-02-22,20,31.65,28.453995,LSTM
2017-02-22,21,23.45,24.33991,LSTM
2017-02-22,22,10.26,22.354641,LSTM
2017-02-22,23,9.47,13.756295,LSTM
2017-02-23,0,-6.58,17.591085,LSTM
2017-02-23,1,-5.03,15.718187,LSTM
2017-02-23,2,0.01,9.678791,LSTM
2017-02-23,3,7.03,10.598136,LSTM
2017-02-23,4,9.44,11.211696,LSTM
2017-02-23,5,25.53,23.025438,LSTM
2017-02-23,6,35.0,36.149292,LSTM
2017-02-23,7,46.01,50.857246,LSTM
2017-02-23,8,48.5,53.62375,LSTM
2017-02-23,9,46.41,47.59999,LSTM
2017-02-23,10,43.36,51.123287,LSTM
2017-02-23,11,40.61,45.91899,LSTM
2017-02-23,12,32.91,42.964573,LSTM
2017-02-23,13,32.4,39.3533,LSTM
2017-02-23,14,31.24,35.66942,LSTM
2017-02-23,15,27.68,36.60032,LSTM
2017-02-23,16,27.64,28.889715,LSTM
2017-02-23,17,32.03,32.852474,LSTM
2017-02-23,18,32.93,29.99123,LSTM
2017-02-23,19,32.09,34.330185,LSTM
2017-02-23,20,29.79,28.882938,LSTM
2017-02-23,21,24.07,28.537539,LSTM
2017-02-23,22,12.03,19.859318,LSTM
2017-02-23,23,9.27,8.346573,LSTM
2017-02-24,0,6.93,3.0038986,LSTM
2017-02-24,1,-4.99,3.2363281,LSTM
2017-02-24,2,-27.08,-5.4531937,LSTM
2017-02-24,3,-0.9,-0.827816,LSTM
2017-02-24,4,7.0,-0.2156086,LSTM
2017-02-24,5,9.49,9.99303,LSTM
2017-02-24,6,30.04,23.364788,LSTM
2017-02-24,7,33.44,34.468132,LSTM
2017-02-24,8,34.3,31.74974,LSTM
2017-02-24,9,33.91,29.884895,LSTM
2017-02-24,10,33.48,25.788254,LSTM
2017-02-24,11,33.18,28.156845,LSTM
2017-02-24,12,32.49,27.518332,LSTM
2017-02-24,13,32.41,30.545414,LSTM
2017-02-24,14,32.24,27.086267,LSTM
2017-02-24,15,34.9,34.09932,LSTM
2017-02-24,16,44.92,33.531757,LSTM
2017-02-24,17,50.1,41.573883,LSTM
2017-02-24,18,57.52,47.80417,LSTM
2017-02-24,19,58.19,47.867214,LSTM
2017-02-24,20,43.94,46.00204,LSTM
2017-02-24,21,38.06,37.7381,LSTM
2017-02-24,22,39.68,32.730175,LSTM
2017-02-24,23,36.66,26.187086,LSTM
2017-02-25,0,29.28,29.47488,LSTM
2017-02-25,1,29.09,27.9595,LSTM
2017-02-25,2,28.94,29.218155,LSTM
2017-02-25,3,29.45,26.655619,LSTM
2017-02-25,4,29.93,25.61508,LSTM
2017-02-25,5,29.53,25.00642,LSTM
2017-02-25,6,32.87,24.251717,LSTM
2017-02-25,7,41.48,26.826168,LSTM
2017-02-25,8,41.99,30.163029,LSTM
2017-02-25,9,40.44,28.965046,LSTM
2017-02-25,10,37.13,30.087708,LSTM
2017-02-25,11,32.04,27.407547,LSTM
2017-02-25,12,29.46,23.933058,LSTM
2017-02-25,13,28.01,20.451954,LSTM
2017-02-25,14,22.86,16.52598,LSTM
2017-02-25,15,28.88,19.988377,LSTM
2017-02-25,16,30.16,22.30958,LSTM
2017-02-25,17,38.0,28.78157,LSTM
2017-02-25,18,39.57,31.840515,LSTM
2017-02-25,19,34.65,27.538486,LSTM
2017-02-25,20,26.01,21.532516,LSTM
2017-02-25,21,12.94,18.510996,LSTM
2017-02-25,22,11.91,15.832148,LSTM
2017-02-25,23,8.8,10.284349,LSTM
2017-02-26,0,7.83,4.8035088,LSTM
2017-02-26,1,3.0,0.8801136,LSTM
2017-02-26,2,4.65,0.066913605,LSTM
2017-02-26,3,7.74,-0.39446068,LSTM
2017-02-26,4,8.02,-0.099090576,LSTM
2017-02-26,5,8.95,2.3353806,LSTM
2017-02-26,6,7.83,2.1877346,LSTM
2017-02-26,7,7.84,2.8009262,LSTM
2017-02-26,8,9.63,5.2496147,LSTM
2017-02-26,9,10.36,9.8090515,LSTM
2017-02-26,10,12.91,12.6262,LSTM
2017-02-26,11,12.98,15.469118,LSTM
2017-02-26,12,9.92,13.734816,LSTM
2017-02-26,13,9.75,10.118027,LSTM
2017-02-26,14,9.98,5.9315853,LSTM
2017-02-26,15,10.4,9.539568,LSTM
2017-02-26,16,12.78,14.336372,LSTM
2017-02-26,17,28.0,19.656816,LSTM
2017-02-26,18,31.76,26.982742,LSTM
2017-02-26,19,30.96,25.96718,LSTM
2017-02-26,20,25.34,23.116741,LSTM
2017-02-26,21,23.86,16.923409,LSTM
2017-02-26,22,20.86,19.836681,LSTM
2017-02-26,23,10.35,13.682033,LSTM
2017-02-27,0,22.01,12.408913,LSTM
2017-02-27,1,15.48,9.710173,LSTM
2017-02-27,2,12.54,9.049362,LSTM
2017-02-27,3,15.59,7.441907,LSTM
2017-02-27,4,18.84,9.665045,LSTM
2017-02-27,5,30.11,15.607304,LSTM
2017-02-27,6,38.66,25.846872,LSTM
2017-02-27,7,47.29,35.018963,LSTM
2017-02-27,8,47.52,38.035706,LSTM
2017-02-27,9,39.94,31.832617,LSTM
2017-02-27,10,36.87,33.40496,LSTM
2017-02-27,11,36.6,27.98956,LSTM
2017-02-27,12,30.91,26.750273,LSTM
2017-02-27,13,30.58,23.408386,LSTM
2017-02-27,14,30.59,23.519428,LSTM
2017-02-27,15,30.83,25.608192,LSTM
2017-02-27,16,32.15,26.150387,LSTM
2017-02-27,17,32.89,31.248373,LSTM
2017-02-27,18,34.44,33.37951,LSTM
2017-02-27,19,32.46,33.57544,LSTM
2017-02-27,20,30.62,25.243252,LSTM
2017-02-27,21,27.05,21.10186,LSTM
2017-02-27,22,12.96,15.716364,LSTM
2017-02-27,23,7.95,6.0762386,LSTM
2017-02-28,0,7.81,8.995035,LSTM
2017-02-28,1,7.89,8.561853,LSTM
2017-02-28,2,7.86,3.6031132,LSTM
2017-02-28,3,8.56,7.7945347,LSTM
2017-02-28,4,9.79,10.426295,LSTM
2017-02-28,5,10.34,14.090062,LSTM
2017-02-28,6,28.99,22.04121,LSTM
2017-02-28,7,32.86,29.127392,LSTM
2017-02-28,8,33.2,23.583302,LSTM
2017-02-28,9,31.02,20.5395,LSTM
2017-02-28,10,30.76,19.032892,LSTM
2017-02-28,11,30.57,21.471867,LSTM
2017-02-28,12,32.42,20.604113,LSTM
2017-02-28,13,39.8,24.32494,LSTM
2017-02-28,14,39.86,27.90117,LSTM
2017-02-28,15,39.17,32.390778,LSTM
2017-02-28,16,39.52,35.61443,LSTM
2017-02-28,17,40.13,44.08105,LSTM
2017-02-28,18,49.2,45.18996,LSTM
2017-02-28,19,53.12,41.114,LSTM
2017-02-28,20,39.11,35.385056,LSTM
2017-02-28,21,38.78,26.748755,LSTM
2017-02-28,22,31.4,24.722399,LSTM
2017-02-28,23,30.06,18.796162,LSTM
2017-03-01,0,31.05,20.120983,LSTM
2017-03-01,1,29.57,17.809612,LSTM
2017-03-01,2,28.61,19.347757,LSTM
2017-03-01,3,25.52,18.14488,LSTM
2017-03-01,4,28.65,19.931433,LSTM
2017-03-01,5,29.98,22.06849,LSTM
2017-03-01,6,32.4,26.99237,LSTM
2017-03-01,7,41.96,39.95469,LSTM
2017-03-01,8,42.08,38.493633,LSTM
2017-03-01,9,39.99,35.462437,LSTM
2017-03-01,10,39.9,31.688362,LSTM
2017-03-01,11,36.92,29.941309,LSTM
2017-03-01,12,31.22,28.518,LSTM
2017-03-01,13,30.74,25.611897,LSTM
2017-03-01,14,30.83,29.246796,LSTM
2017-03-01,15,32.16,29.989054,LSTM
2017-03-01,16,38.63,33.72331,LSTM
2017-03-01,17,46.82,40.064766,LSTM
2017-03-01,18,51.99,41.916443,LSTM
2017-03-01,19,49.68,37.312084,LSTM
2017-03-01,20,39.93,34.75763,LSTM
2017-03-01,21,34.9,30.026386,LSTM
2017-03-01,22,31.93,27.767553,LSTM
2017-03-01,23,29.7,23.6945,LSTM
2017-03-02,0,29.73,25.225298,LSTM
2017-03-02,1,29.49,24.05155,LSTM
2017-03-02,2,25.99,22.981623,LSTM
2017-03-02,3,26.0,22.33009,LSTM
2017-03-02,4,26.17,24.513948,LSTM
2017-03-02,5,26.04,21.933706,LSTM
2017-03-02,6,31.04,23.893707,LSTM
2017-03-02,7,33.57,27.44372,LSTM
2017-03-02,8,34.19,28.921743,LSTM
2017-03-02,9,30.85,22.244675,LSTM
2017-03-02,10,26.0,18.1079,LSTM
2017-03-02,11,25.08,17.519985,LSTM
2017-03-02,12,12.63,14.143774,LSTM
2017-03-02,13,10.45,16.171005,LSTM
2017-03-02,14,10.48,16.456566,LSTM
2017-03-02,15,25.01,19.1226,LSTM
2017-03-02,16,25.92,25.207672,LSTM
2017-03-02,17,32.17,32.53068,LSTM
2017-03-02,18,39.9,40.139996,LSTM
2017-03-02,19,38.91,35.352486,LSTM
2017-03-02,20,31.95,32.171234,LSTM
2017-03-02,21,30.47,26.034996,LSTM
2017-03-02,22,29.25,24.031082,LSTM
2017-03-02,23,25.07,17.871479,LSTM
2017-03-03,0,27.02,23.30992,LSTM
2017-03-03,1,26.47,21.53173,LSTM
2017-03-03,2,26.03,22.621302,LSTM
2017-03-03,3,28.99,22.989588,LSTM
2017-03-03,4,30.91,24.404812,LSTM
2017-03-03,5,32.36,28.881351,LSTM
2017-03-03,6,41.91,33.766117,LSTM
2017-03-03,7,48.0,42.11904,LSTM
2017-03-03,8,47.57,38.817005,LSTM
2017-03-03,9,46.5,36.478447,LSTM
2017-03-03,10,43.49,40.656372,LSTM
2017-03-03,11,43.47,41.621986,LSTM
2017-03-03,12,41.02,36.266594,LSTM
2017-03-03,13,39.83,33.961246,LSTM
2017-03-03,14,39.1,36.45916,LSTM
2017-03-03,15,38.6,38.988773,LSTM
2017-03-03,16,40.97,41.960876,LSTM
2017-03-03,17,41.91,44.865467,LSTM
2017-03-03,18,42.18,46.090588,LSTM
2017-03-03,19,44.95,46.625183,LSTM
2017-03-03,20,41.01,37.638477,LSTM
2017-03-03,21,35.29,30.072987,LSTM
2017-03-03,22,36.25,29.270067,LSTM
2017-03-03,23,34.56,24.402002,LSTM
2017-03-04,0,31.6,33.898216,LSTM
2017-03-04,1,30.25,32.834717,LSTM
2017-03-04,2,30.04,29.991344,LSTM
2017-03-04,3,28.44,32.206226,LSTM
2017-03-04,4,28.26,32.226055,LSTM
2017-03-04,5,29.22,30.541515,LSTM
2017-03-04,6,28.16,31.066788,LSTM
2017-03-04,7,30.0,31.952826,LSTM
2017-03-04,8,33.96,32.31165,LSTM
2017-03-04,9,39.34,31.272367,LSTM
2017-03-04,10,36.73,30.428654,LSTM
2017-03-04,11,36.69,30.391075,LSTM
2017-03-04,12,33.76,26.516031,LSTM
2017-03-04,13,31.44,28.368275,LSTM
2017-03-04,14,31.81,31.673872,LSTM
2017-03-04,15,33.67,33.5214,LSTM
2017-03-04,16,34.9,38.35465,LSTM
2017-03-04,17,40.44,47.829914,LSTM
2017-03-04,18,44.69,44.640762,LSTM
2017-03-04,19,47.25,44.247,LSTM
2017-03-04,20,42.01,36.213406,LSTM
2017-03-04,21,35.07,29.222042,LSTM
2017-03-04,22,31.87,31.359013,LSTM
2017-03-04,23,22.68,27.053576,LSTM
2017-03-05,0,21.11,24.231247,LSTM
2017-03-05,1,15.44,21.836893,LSTM
2017-03-05,2,11.56,21.1409,LSTM
2017-03-05,3,10.6,20.95937,LSTM
2017-03-05,4,9.84,21.705359,LSTM
2017-03-05,5,8.06,20.580542,LSTM
2017-03-05,6,9.83,18.259172,LSTM
2017-03-05,7,9.13,16.202194,LSTM
2017-03-05,8,9.88,18.931501,LSTM
2017-03-05,9,11.32,16.095533,LSTM
2017-03-05,10,9.97,17.445621,LSTM
2017-03-05,11,10.0,18.141665,LSTM
2017-03-05,12,10.8,17.400581,LSTM
2017-03-05,13,9.96,16.01956,LSTM
2017-03-05,14,9.4,19.263596,LSTM
2017-03-05,15,9.96,22.207588,LSTM
2017-03-05,16,17.22,26.679213,LSTM
2017-03-05,17,30.03,36.10304,LSTM
2017-03-05,18,33.69,37.988018,LSTM
2017-03-05,19,37.95,39.08808,LSTM
2017-03-05,20,35.02,33.968983,LSTM
2017-03-05,21,32.85,31.63807,LSTM
2017-03-05,22,32.92,32.37574,LSTM
2017-03-05,23,31.67,27.079416,LSTM
2017-03-06,0,31.24,25.904362,LSTM
2017-03-06,1,29.04,25.867445,LSTM
2017-03-06,2,27.99,25.885443,LSTM
2017-03-06,3,25.35,24.752892,LSTM
2017-03-06,4,27.3,24.89918,LSTM
2017-03-06,5,29.07,28.9235,LSTM
2017-03-06,6,34.98,40.34671,LSTM
2017-03-06,7,42.4,50.151882,LSTM
2017-03-06,8,44.28,48.919365,LSTM
2017-03-06,9,47.03,46.557777,LSTM
2017-03-06,10,46.58,41.90426,LSTM
2017-03-06,11,46.36,40.336704,LSTM
2017-03-06,12,43.92,37.0778,LSTM
2017-03-06,13,39.9,38.898083,LSTM
2017-03-06,14,36.07,37.47229,LSTM
2017-03-06,15,39.9,40.713932,LSTM
2017-03-06,16,42.91,42.708725,LSTM
2017-03-06,17,46.15,46.83538,LSTM
2017-03-06,18,49.59,55.476517,LSTM
2017-03-06,19,51.66,54.108566,LSTM
2017-03-06,20,46.05,45.90904,LSTM
2017-03-06,21,37.4,38.87326,LSTM
2017-03-06,22,35.0,33.7001,LSTM
2017-03-06,23,31.93,29.329144,LSTM
2017-03-07,0,31.07,29.037865,LSTM
2017-03-07,1,30.01,27.519426,LSTM
2017-03-07,2,29.99,26.499035,LSTM
2017-03-07,3,29.64,27.141176,LSTM
2017-03-07,4,30.6,28.751364,LSTM
2017-03-07,5,32.98,30.328005,LSTM
2017-03-07,6,36.0,43.543037,LSTM
2017-03-07,7,50.19,55.676563,LSTM
2017-03-07,8,54.25,56.62091,LSTM
2017-03-07,9,54.1,54.440544,LSTM
2017-03-07,10,53.93,53.38079,LSTM
2017-03-07,11,51.54,53.458157,LSTM
2017-03-07,12,49.9,48.354195,LSTM
2017-03-07,13,49.07,47.518105,LSTM
2017-03-07,14,48.69,47.54812,LSTM
2017-03-07,15,47.75,49.42997,LSTM
2017-03-07,16,48.0,52.815163,LSTM
2017-03-07,17,50.31,60.229668,LSTM
2017-03-07,18,57.52,64.27143,LSTM
2017-03-07,19,61.05,65.3046,LSTM
2017-03-07,20,51.93,56.939457,LSTM
2017-03-07,21,43.93,46.40191,LSTM
2017-03-07,22,41.94,41.19997,LSTM
2017-03-07,23,33.73,35.580605,LSTM
2017-03-08,0,33.98,32.99415,LSTM
2017-03-08,1,32.76,32.686203,LSTM
2017-03-08,2,32.0,31.438452,LSTM
2017-03-08,3,31.38,29.505547,LSTM
2017-03-08,4,31.2,31.215736,LSTM
2017-03-08,5,32.06,32.313812,LSTM
2017-03-08,6,41.04,38.58429,LSTM
2017-03-08,7,49.61,48.910828,LSTM
2017-03-08,8,49.93,47.63456,LSTM
2017-03-08,9,43.44,43.856762,LSTM
2017-03-08,10,41.0,35.620037,LSTM
2017-03-08,11,38.1,32.068676,LSTM
2017-03-08,12,34.16,28.996851,LSTM
2017-03-08,13,33.65,26.752691,LSTM
2017-03-08,14,35.01,25.295597,LSTM
2017-03-08,15,33.7,24.82719,LSTM
2017-03-08,16,34.03,27.03873,LSTM
2017-03-08,17,35.74,30.579872,LSTM
2017-03-08,18,42.05,35.822857,LSTM
2017-03-08,19,42.0,29.681656,LSTM
2017-03-08,20,34.15,32.949516,LSTM
2017-03-08,21,31.85,28.9216,LSTM
2017-03-08,22,32.14,25.640356,LSTM
2017-03-08,23,28.97,22.962753,LSTM
2017-03-09,0,30.66,28.634024,LSTM
2017-03-09,1,30.56,28.501059,LSTM
2017-03-09,2,29.78,27.434616,LSTM
2017-03-09,3,29.3,26.887255,LSTM
2017-03-09,4,29.28,27.273722,LSTM
2017-03-09,5,31.12,31.74175,LSTM
2017-03-09,6,41.59,39.66497,LSTM
2017-03-09,7,48.67,49.974262,LSTM
2017-03-09,8,50.02,53.566814,LSTM
2017-03-09,9,49.02,52.02136,LSTM
2017-03-09,10,48.62,51.48163,LSTM
2017-03-09,11,47.16,49.032116,LSTM
2017-03-09,12,43.82,42.200615,LSTM
2017-03-09,13,41.85,40.118168,LSTM
2017-03-09,14,38.09,32.6076,LSTM
2017-03-09,15,36.69,35.639343,LSTM
2017-03-09,16,35.3,33.605507,LSTM
2017-03-09,17,41.47,35.70047,LSTM
2017-03-09,18,44.82,39.10851,LSTM
2017-03-09,19,42.84,37.06929,LSTM
2017-03-09,20,33.34,34.18064,LSTM
2017-03-09,21,33.02,32.347878,LSTM
2017-03-09,22,31.51,28.09238,LSTM
2017-03-09,23,28.82,24.401693,LSTM
2017-03-10,0,20.82,25.23016,LSTM
2017-03-10,1,18.18,24.297634,LSTM
2017-03-10,2,12.01,21.766275,LSTM
2017-03-10,3,18.09,22.028559,LSTM
2017-03-10,4,26.96,23.45638,LSTM
2017-03-10,5,28.59,26.563765,LSTM
2017-03-10,6,31.9,36.695396,LSTM
2017-03-10,7,41.98,40.943466,LSTM
2017-03-10,8,41.93,46.264088,LSTM
2017-03-10,9,36.96,37.54844,LSTM
2017-03-10,10,33.02,33.51061,LSTM
2017-03-10,11,32.09,32.018658,LSTM
2017-03-10,12,31.51,30.244957,LSTM
2017-03-10,13,31.31,32.343956,LSTM
2017-03-10,14,31.26,34.28353,LSTM
2017-03-10,15,32.11,40.552197,LSTM
2017-03-10,16,36.07,41.793526,LSTM
2017-03-10,17,40.37,53.752216,LSTM
2017-03-10,18,49.17,60.88201,LSTM
2017-03-10,19,53.56,61.4167,LSTM
2017-03-10,20,45.88,52.897366,LSTM
2017-03-10,21,39.67,52.517517,LSTM
2017-03-10,22,37.71,47.38141,LSTM
2017-03-10,23,34.25,41.917534,LSTM
2017-03-11,0,33.02,33.766586,LSTM
2017-03-11,1,31.24,33.640976,LSTM
2017-03-11,2,30.13,29.849998,LSTM
2017-03-11,3,29.64,30.813793,LSTM
2017-03-11,4,29.07,32.83388,LSTM
2017-03-11,5,30.0,32.015446,LSTM
2017-03-11,6,31.77,34.986942,LSTM
2017-03-11,7,32.4,36.29364,LSTM
2017-03-11,8,35.0,40.80731,LSTM
2017-03-11,9,35.05,36.19586,LSTM
2017-03-11,10,33.0,35.110188,LSTM
2017-03-11,11,31.41,31.270771,LSTM
2017-03-11,12,31.07,28.519093,LSTM
2017-03-11,13,30.19,25.881258,LSTM
2017-03-11,14,29.85,29.404331,LSTM
2017-03-11,15,29.98,30.100086,LSTM
2017-03-11,16,30.81,34.168358,LSTM
2017-03-11,17,34.66,42.150322,LSTM
2017-03-11,18,43.97,42.733364,LSTM
2017-03-11,19,45.91,46.255135,LSTM
2017-03-11,20,38.1,38.77194,LSTM
2017-03-11,21,32.26,32.75968,LSTM
2017-03-11,22,32.11,32.94569,LSTM
2017-03-11,23,30.05,27.94158,LSTM
2017-03-12,0,27.9,25.592726,LSTM
2017-03-12,1,25.4,23.65892,LSTM
2017-03-12,2,20.36,23.135178,LSTM
2017-03-12,3,13.92,22.366133,LSTM
2017-03-12,4,10.88,22.738531,LSTM
2017-03-12,5,11.95,22.110104,LSTM
2017-03-12,6,13.92,23.152576,LSTM
2017-03-12,7,11.21,19.43237,LSTM
2017-03-12,8,10.97,21.557371,LSTM
2017-03-12,9,13.28,18.307554,LSTM
2017-03-12,10,10.18,17.740551,LSTM
2017-03-12,11,15.63,19.149677,LSTM
2017-03-12,12,9.6,17.318207,LSTM
2017-03-12,13,12.21,15.94719,LSTM
2017-03-12,14,9.55,14.654987,LSTM
2017-03-12,15,11.93,17.628971,LSTM
2017-03-12,16,11.0,21.648884,LSTM
2017-03-12,17,26.9,28.218418,LSTM
2017-03-12,18,31.15,35.690113,LSTM
2017-03-12,19,31.35,37.377888,LSTM
2017-03-12,20,30.69,36.752422,LSTM
2017-03-12,21,30.62,33.005035,LSTM
2017-03-12,22,30.4,33.519615,LSTM
2017-03-12,23,29.34,28.715158,LSTM
2017-03-13,0,27.04,25.610216,LSTM
2017-03-13,1,26.82,23.894466,LSTM
2017-03-13,2,26.9,25.277435,LSTM
2017-03-13,3,27.02,24.878702,LSTM
2017-03-13,4,27.77,25.388906,LSTM
2017-03-13,5,29.64,28.700665,LSTM
2017-03-13,6,33.83,38.821815,LSTM
2017-03-13,7,41.0,47.026573,LSTM
2017-03-13,8,42.86,47.08293,LSTM
2017-03-13,9,40.0,43.956833,LSTM
2017-03-13,10,34.57,39.551098,LSTM
2017-03-13,11,32.89,36.75663,LSTM
2017-03-13,12,31.97,34.838165,LSTM
2017-03-13,13,32.2,35.114243,LSTM
2017-03-13,14,31.7,38.217613,LSTM
2017-03-13,15,32.0,42.321465,LSTM
2017-03-13,16,36.61,45.01625,LSTM
2017-03-13,17,41.82,54.84943,LSTM
2017-03-13,18,49.9,60.227802,LSTM
2017-03-13,19,56.99,60.123833,LSTM
2017-03-13,20,49.51,50.309334,LSTM
2017-03-13,21,44.94,43.49743,LSTM
2017-03-13,22,39.96,38.708374,LSTM
2017-03-13,23,33.55,33.10665,LSTM
2017-03-14,0,29.58,29.391935,LSTM
2017-03-14,1,28.61,28.996855,LSTM
2017-03-14,2,27.73,28.970028,LSTM
2017-03-14,3,27.75,27.471655,LSTM
2017-03-14,4,28.43,28.07628,LSTM
2017-03-14,5,29.49,28.84635,LSTM
2017-03-14,6,37.72,36.88806,LSTM
2017-03-14,7,44.92,45.179855,LSTM
2017-03-14,8,47.1,47.439896,LSTM
2017-03-14,9,43.97,44.791004,LSTM
2017-03-14,10,41.93,35.22577,LSTM
2017-03-14,11,37.19,30.99439,LSTM
2017-03-14,12,31.08,28.86277,LSTM
2017-03-14,13,30.08,27.156826,LSTM
2017-03-14,14,30.08,26.24435,LSTM
2017-03-14,15,30.16,27.269514,LSTM
2017-03-14,16,35.0,30.06095,LSTM
2017-03-14,17,41.15,35.743122,LSTM
2017-03-14,18,45.58,41.916275,LSTM
2017-03-14,19,45.46,40.62513,LSTM
2017-03-14,20,35.85,35.21085,LSTM
2017-03-14,21,28.99,28.168945,LSTM
2017-03-14,22,28.08,24.58247,LSTM
2017-03-14,23,23.44,21.898052,LSTM
2017-03-15,0,22.21,20.065836,LSTM
2017-03-15,1,21.14,20.88553,LSTM
2017-03-15,2,18.65,19.145485,LSTM
2017-03-15,3,20.16,20.267797,LSTM
2017-03-15,4,24.03,21.624119,LSTM
2017-03-15,5,28.05,25.914608,LSTM
2017-03-15,6,34.96,34.018475,LSTM
2017-03-15,7,40.98,43.593956,LSTM
2017-03-15,8,40.97,44.93816,LSTM
2017-03-15,9,38.99,38.07935,LSTM
2017-03-15,10,34.94,34.0392,LSTM
2017-03-15,11,33.07,32.05042,LSTM
2017-03-15,12,32.14,27.536707,LSTM
2017-03-15,13,31.5,27.271582,LSTM
2017-03-15,14,31.42,27.58927,LSTM
2017-03-15,15,32.4,31.266495,LSTM
2017-03-15,16,33.06,32.580994,LSTM
2017-03-15,17,41.0,40.939472,LSTM
2017-03-15,18,47.97,52.626366,LSTM
2017-03-15,19,52.09,52.989346,LSTM
2017-03-15,20,43.9,46.287952,LSTM
2017-03-15,21,38.1,41.86724,LSTM
2017-03-15,22,34.82,36.177265,LSTM
2017-03-15,23,31.59,30.366169,LSTM
2017-03-16,0,29.99,29.543625,LSTM
2017-03-16,1,29.84,28.435776,LSTM
2017-03-16,2,28.14,27.328815,LSTM
2017-03-16,3,28.29,28.990482,LSTM
2017-03-16,4,29.37,28.89523,LSTM
2017-03-16,5,30.0,30.194752,LSTM
2017-03-16,6,38.48,40.22606,LSTM
2017-03-16,7,45.18,46.212776,LSTM
2017-03-16,8,40.95,46.428898,LSTM
2017-03-16,9,36.15,38.042416,LSTM
2017-03-16,10,32.94,32.163372,LSTM
2017-03-16,11,31.87,28.110737,LSTM
2017-03-16,12,30.49,23.338226,LSTM
2017-03-16,13,30.45,24.271946,LSTM
2017-03-16,14,30.19,26.6295,LSTM
2017-03-16,15,30.28,32.071636,LSTM
2017-03-16,16,33.5,33.664387,LSTM
2017-03-16,17,39.9,41.964104,LSTM
2017-03-16,18,45.59,46.489494,LSTM
2017-03-16,19,50.1,50.15906,LSTM
2017-03-16,20,42.92,40.055542,LSTM
2017-03-16,21,34.81,33.74394,LSTM
2017-03-16,22,30.19,29.11276,LSTM
2017-03-16,23,26.36,24.97266,LSTM
2017-03-17,0,21.63,21.542278,LSTM
2017-03-17,1,18.76,22.142902,LSTM
2017-03-17,2,18.53,18.447649,LSTM
2017-03-17,3,20.93,21.465792,LSTM
2017-03-17,4,24.11,20.13247,LSTM
2017-03-17,5,28.0,24.081013,LSTM
2017-03-17,6,39.97,30.629253,LSTM
2017-03-17,7,40.91,39.85837,LSTM
2017-03-17,8,40.45,39.012478,LSTM
2017-03-17,9,33.97,36.056625,LSTM
2017-03-17,10,32.17,30.966063,LSTM
2017-03-17,11,29.71,29.054207,LSTM
2017-03-17,12,27.83,25.540998,LSTM
2017-03-17,13,25.44,22.914848,LSTM
2017-03-17,14,22.1,18.995369,LSTM
2017-03-17,15,22.78,23.270775,LSTM
2017-03-17,16,26.48,22.423306,LSTM
2017-03-17,17,30.96,28.150974,LSTM
2017-03-17,18,38.1,32.58872,LSTM
2017-03-17,19,40.45,32.74483,LSTM
2017-03-17,20,32.99,29.424652,LSTM
2017-03-17,21,27.91,24.770544,LSTM
2017-03-17,22,24.5,21.780872,LSTM
2017-03-17,23,14.96,18.817213,LSTM
2017-03-18,0,11.73,11.910652,LSTM
2017-03-18,1,9.42,7.503147,LSTM
2017-03-18,2,9.39,7.1805496,LSTM
2017-03-18,3,8.46,5.5486374,LSTM
2017-03-18,4,8.3,7.316345,LSTM
2017-03-18,5,9.37,9.923751,LSTM
2017-03-18,6,10.35,12.695414,LSTM
2017-03-18,7,11.25,14.970371,LSTM
2017-03-18,8,16.93,17.550165,LSTM
2017-03-18,9,28.18,18.061386,LSTM
2017-03-18,10,25.6,20.870102,LSTM
2017-03-18,11,26.83,24.830496,LSTM
2017-03-18,12,25.69,20.210846,LSTM
2017-03-18,13,17.01,20.58854,LSTM
2017-03-18,14,9.75,15.666612,LSTM
2017-03-18,15,14.36,20.03484,LSTM
2017-03-18,16,9.99,21.290033,LSTM
2017-03-18,17,27.44,23.585178,LSTM
2017-03-18,18,32.31,37.989353,LSTM
2017-03-18,19,37.94,40.826385,LSTM
2017-03-18,20,31.27,37.950058,LSTM
2017-03-18,21,30.74,35.532787,LSTM
2017-03-18,22,30.75,34.197628,LSTM
2017-03-18,23,29.06,31.495447,LSTM
2017-03-19,0,16.62,21.091967,LSTM
2017-03-19,1,15.79,22.419147,LSTM
2017-03-19,2,16.12,18.8769,LSTM
2017-03-19,3,12.67,20.665222,LSTM
2017-03-19,4,13.43,17.089663,LSTM
2017-03-19,5,12.47,17.872593,LSTM
2017-03-19,6,11.62,17.17186,LSTM
2017-03-19,7,9.64,18.77575,LSTM
2017-03-19,8,13.73,25.228504,LSTM
2017-03-19,9,18.44,25.463276,LSTM
2017-03-19,10,21.06,24.80936,LSTM
2017-03-19,11,17.63,26.276146,LSTM
2017-03-19,12,18.05,19.23711,LSTM
2017-03-19,13,11.35,15.780157,LSTM
2017-03-19,14,10.12,7.1695557,LSTM
2017-03-19,15,9.44,7.2615833,LSTM
2017-03-19,16,9.42,6.0248775,LSTM
2017-03-19,17,10.15,11.591024,LSTM
2017-03-19,18,17.09,17.384624,LSTM
2017-03-19,19,16.72,18.577862,LSTM
2017-03-19,20,11.96,17.166052,LSTM
2017-03-19,21,9.47,18.803974,LSTM
2017-03-19,22,12.51,14.902941,LSTM
2017-03-19,23,10.12,9.619892,LSTM
2017-03-20,0,10.59,9.011316,LSTM
2017-03-20,1,13.87,8.209472,LSTM
2017-03-20,2,10.07,6.7341986,LSTM
2017-03-20,3,16.36,6.623127,LSTM
2017-03-20,4,22.06,7.2321825,LSTM
2017-03-20,5,26.08,17.614151,LSTM
2017-03-20,6,36.3,31.775696,LSTM
2017-03-20,7,40.98,40.708443,LSTM
2017-03-20,8,42.31,41.73711,LSTM
2017-03-20,9,39.34,36.287403,LSTM
2017-03-20,10,38.96,36.346344,LSTM
2017-03-20,11,36.94,35.15218,LSTM
2017-03-20,12,35.0,32.44678,LSTM
2017-03-20,13,32.74,30.370941,LSTM
2017-03-20,14,31.16,26.71552,LSTM
2017-03-20,15,30.82,25.361736,LSTM
2017-03-20,16,30.56,24.887394,LSTM
2017-03-20,17,32.0,27.92678,LSTM
2017-03-20,18,38.38,28.921297,LSTM
2017-03-20,19,36.94,31.668663,LSTM
2017-03-20,20,32.42,26.314018,LSTM
2017-03-20,21,27.6,21.927967,LSTM
2017-03-20,22,25.2,17.812027,LSTM
2017-03-20,23,10.75,11.018101,LSTM
2017-03-21,0,18.76,12.2475815,LSTM
2017-03-21,1,17.48,11.415701,LSTM
2017-03-21,2,15.92,9.688601,LSTM
2017-03-21,3,18.02,9.713261,LSTM
2017-03-21,4,22.6,12.303804,LSTM
2017-03-21,5,23.99,18.669207,LSTM
2017-03-21,6,31.01,29.984957,LSTM
2017-03-21,7,35.96,36.096382,LSTM
2017-03-21,8,35.31,37.91409,LSTM
2017-03-21,9,30.84,32.098198,LSTM
2017-03-21,10,29.97,24.932194,LSTM
2017-03-21,11,29.69,23.54607,LSTM
2017-03-21,12,29.08,25.455702,LSTM
2017-03-21,13,28.86,23.556412,LSTM
2017-03-21,14,28.94,25.383343,LSTM
2017-03-21,15,29.37,26.571915,LSTM
2017-03-21,16,30.1,29.462402,LSTM
2017-03-21,17,36.65,37.986492,LSTM
2017-03-21,18,42.98,42.07222,LSTM
2017-03-21,19,47.25,42.3129,LSTM
2017-03-21,20,41.77,42.20592,LSTM
2017-03-21,21,37.75,36.545708,LSTM
2017-03-21,22,34.99,35.318474,LSTM
2017-03-21,23,33.96,27.67474,LSTM
2017-03-22,0,30.45,27.804152,LSTM
2017-03-22,1,29.98,26.05019,LSTM
2017-03-22,2,29.2,25.268562,LSTM
2017-03-22,3,29.05,24.985952,LSTM
2017-03-22,4,29.05,26.60746,LSTM
2017-03-22,5,30.41,27.242254,LSTM
2017-03-22,6,35.19,35.467552,LSTM
2017-03-22,7,40.19,38.63917,LSTM
2017-03-22,8,43.02,43.38273,LSTM
2017-03-22,9,41.74,38.22616,LSTM
2017-03-22,10,37.54,35.966187,LSTM
2017-03-22,11,36.69,35.51399,LSTM
2017-03-22,12,36.25,32.82427,LSTM
2017-03-22,13,35.95,31.303047,LSTM
2017-03-22,14,35.02,34.17412,LSTM
2017-03-22,15,36.35,35.822186,LSTM
2017-03-22,16,36.9,35.7688,LSTM
2017-03-22,17,39.6,40.370625,LSTM
2017-03-22,18,42.4,43.895153,LSTM
2017-03-22,19,45.0,43.825287,LSTM
2017-03-22,20,38.98,37.274075,LSTM
2017-03-22,21,32.18,33.095806,LSTM
2017-03-22,22,31.65,30.222643,LSTM
2017-03-22,23,29.17,25.945553,LSTM
2017-03-23,0,29.45,28.894234,LSTM
2017-03-23,1,29.1,27.883446,LSTM
2017-03-23,2,28.91,25.928112,LSTM
2017-03-23,3,28.65,25.587906,LSTM
2017-03-23,4,28.53,26.149548,LSTM
2017-03-23,5,30.72,27.243727,LSTM
2017-03-23,6,32.38,33.894707,LSTM
2017-03-23,7,39.61,38.107594,LSTM
2017-03-23,8,40.5,38.8607,LSTM
2017-03-23,9,38.91,35.606777,LSTM
2017-03-23,10,37.1,32.91943,LSTM
2017-03-23,11,36.44,32.81255,LSTM
2017-03-23,12,31.54,28.926004,LSTM
2017-03-23,13,32.03,29.328981,LSTM
2017-03-23,14,32.05,29.960314,LSTM
2017-03-23,15,32.72,30.905005,LSTM
2017-03-23,16,33.24,34.124954,LSTM
2017-03-23,17,37.92,38.03219,LSTM
2017-03-23,18,40.0,42.978264,LSTM
2017-03-23,19,42.77,43.262226,LSTM
2017-03-23,20,38.9,38.581146,LSTM
2017-03-23,21,34.97,33.290573,LSTM
2017-03-23,22,32.89,32.455563,LSTM
2017-03-23,23,30.63,28.764362,LSTM
2017-03-24,0,29.04,29.415762,LSTM
2017-03-24,1,28.99,28.328072,LSTM
2017-03-24,2,29.21,28.103247,LSTM
2017-03-24,3,28.87,27.629175,LSTM
2017-03-24,4,29.0,27.18598,LSTM
2017-03-24,5,30.14,29.306479,LSTM
2017-03-24,6,37.91,36.28138,LSTM
2017-03-24,7,41.69,40.186905,LSTM
2017-03-24,8,43.79,40.43702,LSTM
2017-03-24,9,41.09,36.67544,LSTM
2017-03-24,10,35.71,32.49363,LSTM
2017-03-24,11,33.07,31.063866,LSTM
2017-03-24,12,32.09,27.62278,LSTM
2017-03-24,13,30.29,26.537973,LSTM
2017-03-24,14,29.9,26.842068,LSTM
2017-03-24,15,30.07,28.695992,LSTM
2017-03-24,16,31.2,32.06794,LSTM
2017-03-24,17,36.63,37.399925,LSTM
2017-03-24,18,40.59,44.465973,LSTM
2017-03-24,19,42.96,46.233105,LSTM
2017-03-24,20,38.92,40.581566,LSTM
2017-03-24,21,34.85,35.104897,LSTM
2017-03-24,22,34.37,34.066357,LSTM
2017-03-24,23,32.48,29.77724,LSTM
2017-03-25,0,32.64,29.142307,LSTM
2017-03-25,1,29.14,29.232037,LSTM
2017-03-25,2,28.32,27.071043,LSTM
2017-03-25,3,27.13,27.69847,LSTM
2017-03-25,4,27.02,26.586855,LSTM
2017-03-25,5,27.56,27.129631,LSTM
2017-03-25,6,28.55,28.738596,LSTM
2017-03-25,7,29.92,29.387615,LSTM
2017-03-25,8,30.21,30.567097,LSTM
2017-03-25,9,29.0,28.387133,LSTM
2017-03-25,10,28.19,22.766838,LSTM
2017-03-25,11,25.39,22.36143,LSTM
2017-03-25,12,22.91,20.835838,LSTM
2017-03-25,13,21.09,18.767641,LSTM
2017-03-25,14,15.97,18.054602,LSTM
2017-03-25,15,20.07,15.776153,LSTM
2017-03-25,16,23.47,19.91542,LSTM
2017-03-25,17,28.04,26.743677,LSTM
2017-03-25,18,33.85,33.73019,LSTM
2017-03-25,19,39.17,34.470947,LSTM
2017-03-25,20,37.6,34.702034,LSTM
2017-03-25,21,33.31,30.126009,LSTM
2017-03-25,22,32.94,30.539127,LSTM
2017-03-25,23,29.0,25.95235,LSTM
2017-03-26,0,28.74,26.381845,LSTM
2017-03-26,1,27.94,24.870945,LSTM
2017-03-26,2,27.46,25.421436,LSTM
2017-03-26,3,26.97,24.90079,LSTM
2017-03-26,4,26.62,25.926044,LSTM
2017-03-26,5,24.65,26.311749,LSTM
2017-03-26,6,26.87,23.724354,LSTM
2017-03-26,7,27.67,22.53437,LSTM
2017-03-26,8,28.24,26.289806,LSTM
2017-03-26,9,28.58,22.023394,LSTM
2017-03-26,10,26.06,22.89624,LSTM
2017-03-26,11,24.93,20.228148,LSTM
2017-03-26,12,25.82,19.600197,LSTM
2017-03-26,13,22.06,13.937439,LSTM
2017-03-26,14,18.46,14.771257,LSTM
2017-03-26,15,16.97,12.9508095,LSTM
2017-03-26,16,17.65,17.790546,LSTM
2017-03-26,17,22.22,24.814335,LSTM
2017-03-26,18,30.31,33.56874,LSTM
2017-03-26,19,35.82,39.990383,LSTM
2017-03-26,20,40.07,38.41436,LSTM
2017-03-26,21,39.64,35.99501,LSTM
2017-03-26,22,38.79,36.682125,LSTM
2017-03-26,23,38.06,30.759794,LSTM
2017-03-27,0,28.25,30.150995,LSTM
2017-03-27,1,28.27,28.534233,LSTM
2017-03-27,2,28.3,29.288742,LSTM
2017-03-27,3,26.88,27.623756,LSTM
2017-03-27,4,27.06,27.751307,LSTM
2017-03-27,5,30.1,30.548172,LSTM
2017-03-27,6,39.31,44.141983,LSTM
2017-03-27,7,48.0,48.495415,LSTM
2017-03-27,8,48.16,51.094612,LSTM
2017-03-27,9,40.91,43.57776,LSTM
2017-03-27,10,36.56,36.261196,LSTM
2017-03-27,11,33.24,32.505844,LSTM
2017-03-27,12,30.48,28.350801,LSTM
2017-03-27,13,29.67,26.351383,LSTM
2017-03-27,14,29.11,26.424261,LSTM
2017-03-27,15,28.92,25.792105,LSTM
2017-03-27,16,29.9,30.2006,LSTM
2017-03-27,17,32.35,36.93439,LSTM
2017-03-27,18,40.0,44.829956,LSTM
2017-03-27,19,46.99,54.316074,LSTM
2017-03-27,20,46.27,52.495422,LSTM
2017-03-27,21,39.98,44.440628,LSTM
2017-03-27,22,37.94,37.95991,LSTM
2017-03-27,23,32.4,31.564302,LSTM
2017-03-28,0,28.71,28.885832,LSTM
2017-03-28,1,28.07,28.894342,LSTM
2017-03-28,2,27.43,28.969784,LSTM
2017-03-28,3,27.24,28.02191,LSTM
2017-03-28,4,27.72,27.312805,LSTM
2017-03-28,5,29.06,30.47506,LSTM
2017-03-28,6,38.91,41.20876,LSTM
2017-03-28,7,46.13,47.533875,LSTM
2017-03-28,8,50.0,48.90432,LSTM
2017-03-28,9,43.03,44.729954,LSTM
2017-03-28,10,39.94,34.194397,LSTM
2017-03-28,11,37.4,29.683498,LSTM
2017-03-28,12,32.29,27.367332,LSTM
2017-03-28,13,30.71,25.521025,LSTM
2017-03-28,14,29.98,23.322498,LSTM
2017-03-28,15,30.0,24.314653,LSTM
2017-03-28,16,30.05,27.763885,LSTM
2017-03-28,17,32.16,34.063705,LSTM
2017-03-28,18,37.46,43.96273,LSTM
2017-03-28,19,41.41,48.977814,LSTM
2017-03-28,20,41.01,46.155434,LSTM
2017-03-28,21,36.4,38.477512,LSTM
2017-03-28,22,33.56,34.074924,LSTM
2017-03-28,23,28.9,27.738947,LSTM
2017-03-29,0,28.06,25.574726,LSTM
2017-03-29,1,26.71,24.953066,LSTM
2017-03-29,2,26.68,22.411871,LSTM
2017-03-29,3,26.07,21.59711,LSTM
2017-03-29,4,26.09,22.264841,LSTM
2017-03-29,5,26.95,23.735735,LSTM
2017-03-29,6,34.16,32.218567,LSTM
2017-03-29,7,39.56,35.404392,LSTM
2017-03-29,8,39.78,36.47343,LSTM
2017-03-29,9,30.88,30.15801,LSTM
2017-03-29,10,27.66,22.87675,LSTM
2017-03-29,11,26.55,21.30954,LSTM
2017-03-29,12,27.25,20.272415,LSTM
2017-03-29,13,26.05,22.243744,LSTM
2017-03-29,14,26.09,23.183342,LSTM
2017-03-29,15,28.05,25.733458,LSTM
2017-03-29,16,30.65,26.52146,LSTM
2017-03-29,17,31.23,34.01924,LSTM
2017-03-29,18,35.19,43.889343,LSTM
2017-03-29,19,40.47,45.12025,LSTM
2017-03-29,20,41.81,43.63253,LSTM
2017-03-29,21,37.66,41.634033,LSTM
2017-03-29,22,35.07,37.98671,LSTM
2017-03-29,23,30.72,32.47803,LSTM
2017-03-30,0,28.73,29.141584,LSTM
2017-03-30,1,28.02,28.41722,LSTM
2017-03-30,2,27.3,28.871078,LSTM
2017-03-30,3,26.38,28.313213,LSTM
2017-03-30,4,26.78,27.47258,LSTM
2017-03-30,5,28.53,29.94186,LSTM
2017-03-30,6,36.0,34.773354,LSTM
2017-03-30,7,43.06,42.835674,LSTM
2017-03-30,8,46.01,45.492123,LSTM
2017-03-30,9,42.86,43.29639,LSTM
2017-03-30,10,39.93,40.70621,LSTM
2017-03-30,11,38.42,39.780396,LSTM
2017-03-30,12,33.01,34.983585,LSTM
2017-03-30,13,30.98,32.287643,LSTM
2017-03-30,14,29.58,29.306637,LSTM
2017-03-30,15,29.07,31.371733,LSTM
2017-03-30,16,28.93,33.713463,LSTM
2017-03-30,17,30.43,37.03308,LSTM
2017-03-30,18,35.93,41.497547,LSTM
2017-03-30,19,40.46,41.989014,LSTM
2017-03-30,20,40.07,36.72469,LSTM
2017-03-30,21,35.0,33.40501,LSTM
2017-03-30,22,32.47,31.945475,LSTM
2017-03-30,23,28.94,28.957577,LSTM
2017-03-31,0,26.91,26.310335,LSTM
2017-03-31,1,24.77,24.116777,LSTM
2017-03-31,2,24.45,23.56643,LSTM
2017-03-31,3,23.05,23.078745,LSTM
2017-03-31,4,23.45,23.543966,LSTM
2017-03-31,5,27.24,24.940845,LSTM
2017-03-31,6,33.09,31.37372,LSTM
2017-03-31,7,37.95,36.738605,LSTM
2017-03-31,8,38.99,37.549793,LSTM
2017-03-31,9,37.97,32.75402,LSTM
2017-03-31,10,35.93,28.942467,LSTM
2017-03-31,11,33.32,26.616789,LSTM
2017-03-31,12,30.02,24.18774,LSTM
2017-03-31,13,28.09,21.81643,LSTM
2017-03-31,14,27.63,20.318472,LSTM
2017-03-31,15,28.29,21.83628,LSTM
2017-03-31,16,28.36,23.403301,LSTM
2017-03-31,17,30.43,27.874912,LSTM
2017-03-31,18,34.67,34.982204,LSTM
2017-03-31,19,38.98,38.754894,LSTM
2017-03-31,20,39.96,37.919647,LSTM
2017-03-31,21,37.91,35.43865,LSTM
2017-03-31,22,35.95,33.500107,LSTM
2017-03-31,23,32.02,29.664299,LSTM
2017-04-01,0,27.08,29.539803,LSTM
2017-04-01,1,28.07,28.101099,LSTM
2017-04-01,2,28.08,27.842018,LSTM
2017-04-01,3,26.9,27.111618,LSTM
2017-04-01,4,27.0,28.121141,LSTM
2017-04-01,5,27.98,28.548601,LSTM
2017-04-01,6,29.87,30.093498,LSTM
2017-04-01,7,32.09,29.721737,LSTM
2017-04-01,8,34.42,34.12875,LSTM
2017-04-01,9,35.1,30.603163,LSTM
2017-04-01,10,28.9,28.64775,LSTM
2017-04-01,11,27.09,26.51443,LSTM
2017-04-01,12,25.99,26.286915,LSTM
2017-04-01,13,26.07,22.130941,LSTM
2017-04-01,14,25.29,23.448967,LSTM
2017-04-01,15,24.81,21.65577,LSTM
2017-04-01,16,25.65,24.888552,LSTM
2017-04-01,17,27.99,30.458015,LSTM
2017-04-01,18,33.66,37.850506,LSTM
2017-04-01,19,38.7,41.17415,LSTM
2017-04-01,20,39.6,38.818405,LSTM
2017-04-01,21,38.98,35.72185,LSTM
2017-04-01,22,37.96,36.85466,LSTM
2017-04-01,23,31.86,30.572008,LSTM
2017-04-02,0,32.92,28.425642,LSTM
2017-04-02,1,27.5,24.81742,LSTM
2017-04-02,2,26.77,23.871647,LSTM
2017-04-02,3,26.67,23.815922,LSTM
2017-04-02,4,26.49,22.521803,LSTM
2017-04-02,5,26.42,22.165442,LSTM
2017-04-02,6,26.65,21.778252,LSTM
2017-04-02,7,27.14,21.66725,LSTM
2017-04-02,8,29.06,20.570763,LSTM
2017-04-02,9,29.56,21.247278,LSTM
2017-04-02,10,28.54,19.763203,LSTM
2017-04-02,11,28.2,18.863092,LSTM
2017-04-02,12,27.22,17.343872,LSTM
2017-04-02,13,26.02,13.416473,LSTM
2017-04-02,14,21.05,12.089071,LSTM
2017-04-02,15,20.57,12.246141,LSTM
2017-04-02,16,23.31,13.262619,LSTM
2017-04-02,17,26.0,18.299196,LSTM
2017-04-02,18,29.6,24.631805,LSTM
2017-04-02,19,39.1,32.554535,LSTM
2017-04-02,20,42.22,34.03858,LSTM
2017-04-02,21,39.92,32.85975,LSTM
2017-04-02,22,40.51,33.673813,LSTM
2017-04-02,23,37.78,29.533241,LSTM
2017-04-03,0,34.38,30.740368,LSTM
2017-04-03,1,31.95,28.682404,LSTM
2017-04-03,2,29.88,26.84575,LSTM
2017-04-03,3,28.75,27.500008,LSTM
2017-04-03,4,28.44,27.126902,LSTM
2017-04-03,5,31.64,29.9646,LSTM
2017-04-03,6,41.77,45.6637,LSTM
2017-04-03,7,49.28,55.04946,LSTM
2017-04-03,8,54.02,56.885384,LSTM
2017-04-03,9,50.0,53.61683,LSTM
2017-04-03,10,48.43,49.292046,LSTM
2017-04-03,11,44.95,48.253933,LSTM
2017-04-03,12,38.93,43.433197,LSTM
2017-04-03,13,36.68,41.892845,LSTM
2017-04-03,14,32.94,38.225456,LSTM
2017-04-03,15,30.91,37.879208,LSTM
2017-04-03,16,31.72,38.15412,LSTM
2017-04-03,17,32.19,42.088463,LSTM
2017-04-03,18,37.46,47.89929,LSTM
2017-04-03,19,41.78,55.86824,LSTM
2017-04-03,20,43.59,54.23014,LSTM
2017-04-03,21,38.97,45.744457,LSTM
2017-04-03,22,35.18,40.640705,LSTM
2017-04-03,23,31.08,34.724487,LSTM
2017-04-04,0,31.57,29.823317,LSTM
2017-04-04,1,30.13,28.79181,LSTM
2017-04-04,2,29.29,29.05933,LSTM
2017-04-04,3,29.47,27.181522,LSTM
2017-04-04,4,29.8,27.929434,LSTM
2017-04-04,5,31.83,29.497143,LSTM
2017-04-04,6,41.17,40.617706,LSTM
2017-04-04,7,51.01,46.209755,LSTM
2017-04-04,8,52.39,47.502926,LSTM
2017-04-04,9,50.94,42.33188,LSTM
2017-04-04,10,43.3,39.68789,LSTM
2017-04-04,11,42.33,38.126568,LSTM
2017-04-04,12,39.16,33.68799,LSTM
2017-04-04,13,37.72,33.341244,LSTM
2017-04-04,14,34.6,32.746166,LSTM
2017-04-04,15,34.45,32.114758,LSTM
2017-04-04,16,34.45,33.33608,LSTM
2017-04-04,17,37.49,38.11841,LSTM
2017-04-04,18,41.59,45.87033,LSTM
2017-04-04,19,45.26,50.76996,LSTM
2017-04-04,20,47.57,47.21178,LSTM
2017-04-04,21,40.07,42.188255,LSTM
2017-04-04,22,38.91,37.90228,LSTM
2017-04-04,23,33.04,32.77297,LSTM
2017-04-05,0,30.0,26.324003,LSTM
2017-04-05,1,29.64,27.848326,LSTM
2017-04-05,2,28.39,26.707838,LSTM
2017-04-05,3,27.94,26.881088,LSTM
2017-04-05,4,27.49,25.935287,LSTM
2017-04-05,5,29.65,29.452007,LSTM
2017-04-05,6,37.1,35.009075,LSTM
2017-04-05,7,44.2,41.204033,LSTM
2017-04-05,8,48.1,43.64911,LSTM
2017-04-05,9,44.03,39.80717,LSTM
2017-04-05,10,39.02,38.062088,LSTM
2017-04-05,11,36.98,36.391914,LSTM
2017-04-05,12,34.03,30.563,LSTM
2017-04-05,13,32.89,28.80879,LSTM
2017-04-05,14,30.06,22.81456,LSTM
2017-04-05,15,29.53,23.928308,LSTM
2017-04-05,16,30.01,20.576012,LSTM
2017-04-05,17,30.06,23.69928,LSTM
2017-04-05,18,29.9,27.226353,LSTM
2017-04-05,19,32.69,26.989376,LSTM
2017-04-05,20,35.0,26.492184,LSTM
2017-04-05,21,29.93,26.733358,LSTM
2017-04-05,22,27.87,23.431866,LSTM
2017-04-05,23,20.0,20.299797,LSTM
2017-04-06,0,12.48,19.448559,LSTM
2017-04-06,1,9.87,19.387848,LSTM
2017-04-06,2,9.04,17.213978,LSTM
2017-04-06,3,14.9,18.257824,LSTM
2017-04-06,4,22.0,18.60015,LSTM
2017-04-06,5,24.55,25.424091,LSTM
2017-04-06,6,35.96,34.852493,LSTM
2017-04-06,7,40.97,42.051167,LSTM
2017-04-06,8,40.81,38.8456,LSTM
2017-04-06,9,38.26,34.106438,LSTM
2017-04-06,10,37.59,34.3083,LSTM
2017-04-06,11,35.46,37.941357,LSTM
2017-04-06,12,31.07,29.743803,LSTM
2017-04-06,13,30.08,29.89503,LSTM
2017-04-06,14,28.33,28.150822,LSTM
2017-04-06,15,28.19,26.05787,LSTM
2017-04-06,16,28.08,28.062866,LSTM
2017-04-06,17,32.12,30.573912,LSTM
2017-04-06,18,38.05,34.782795,LSTM
2017-04-06,19,40.98,36.631226,LSTM
2017-04-06,20,40.87,38.18859,LSTM
2017-04-06,21,38.04,33.513634,LSTM
2017-04-06,22,34.27,30.86117,LSTM
2017-04-06,23,27.79,26.6395,LSTM
2017-04-07,0,24.99,23.81297,LSTM
2017-04-07,1,23.02,20.718079,LSTM
2017-04-07,2,18.31,18.614809,LSTM
2017-04-07,3,19.17,18.398556,LSTM
2017-04-07,4,20.87,20.592161,LSTM
2017-04-07,5,27.07,23.212894,LSTM
2017-04-07,6,32.05,29.96898,LSTM
2017-04-07,7,39.97,36.73367,LSTM
2017-04-07,8,41.57,38.514687,LSTM
2017-04-07,9,40.94,35.92706,LSTM
2017-04-07,10,39.98,34.48673,LSTM
2017-04-07,11,40.02,34.75429,LSTM
2017-04-07,12,38.14,30.597008,LSTM
2017-04-07,13,35.29,27.690918,LSTM
2017-04-07,14,32.67,26.814798,LSTM
2017-04-07,15,32.97,25.148914,LSTM
2017-04-07,16,32.98,26.86622,LSTM
2017-04-07,17,36.09,27.779066,LSTM
2017-04-07,18,39.12,34.294212,LSTM
2017-04-07,19,39.91,37.15998,LSTM
2017-04-07,20,39.96,38.930145,LSTM
2017-04-07,21,39.31,36.615253,LSTM
2017-04-07,22,39.61,34.821346,LSTM
2017-04-07,23,37.93,31.688395,LSTM
2017-04-08,0,32.71,33.904404,LSTM
2017-04-08,1,32.28,31.338478,LSTM
2017-04-08,2,32.81,29.516962,LSTM
2017-04-08,3,31.5,30.315403,LSTM
2017-04-08,4,30.44,30.429731,LSTM
2017-04-08,5,31.7,31.860548,LSTM
2017-04-08,6,34.72,34.25786,LSTM
2017-04-08,7,37.91,38.91639,LSTM
2017-04-08,8,39.43,39.534622,LSTM
2017-04-08,9,38.99,39.194023,LSTM
2017-04-08,10,36.5,37.87477,LSTM
2017-04-08,11,34.94,36.360977,LSTM
2017-04-08,12,30.66,33.0127,LSTM
2017-04-08,13,29.5,31.042864,LSTM
2017-04-08,14,27.81,28.988565,LSTM
2017-04-08,15,27.53,31.563274,LSTM
2017-04-08,16,28.28,32.399445,LSTM
2017-04-08,17,30.02,35.230053,LSTM
2017-04-08,18,35.85,42.87362,LSTM
2017-04-08,19,39.3,46.35175,LSTM
2017-04-08,20,41.88,42.966362,LSTM
2017-04-08,21,41.58,40.0123,LSTM
2017-04-08,22,42.07,40.071125,LSTM
2017-04-08,23,39.02,35.596222,LSTM
2017-04-09,0,33.98,30.242468,LSTM
2017-04-09,1,31.06,27.956781,LSTM
2017-04-09,2,31.04,27.626335,LSTM
2017-04-09,3,27.54,25.648848,LSTM
2017-04-09,4,28.46,25.852161,LSTM
2017-04-09,5,27.79,24.45923,LSTM
2017-04-09,6,28.48,24.561266,LSTM
2017-04-09,7,30.52,21.540482,LSTM
2017-04-09,8,30.63,24.448193,LSTM
2017-04-09,9,29.44,21.054285,LSTM
2017-04-09,10,27.78,19.481573,LSTM
2017-04-09,11,26.4,19.30446,LSTM
2017-04-09,12,24.04,17.69112,LSTM
2017-04-09,13,20.79,14.903139,LSTM
2017-04-09,14,12.98,13.718315,LSTM
2017-04-09,15,15.0,12.605318,LSTM
2017-04-09,16,20.07,16.64174,LSTM
2017-04-09,17,24.44,20.51629,LSTM
2017-04-09,18,32.4,31.988932,LSTM
2017-04-09,19,38.24,36.578552,LSTM
2017-04-09,20,39.53,36.20493,LSTM
2017-04-09,21,37.57,33.15638,LSTM
2017-04-09,22,35.2,33.75341,LSTM
2017-04-09,23,24.08,26.696117,LSTM
2017-04-10,0,26.03,20.810183,LSTM
2017-04-10,1,23.02,19.442326,LSTM
2017-04-10,2,20.36,14.7675905,LSTM
2017-04-10,3,12.26,15.192463,LSTM
2017-04-10,4,19.95,15.591236,LSTM
2017-04-10,5,26.08,20.723677,LSTM
2017-04-10,6,38.93,32.865215,LSTM
2017-04-10,7,38.93,38.41342,LSTM
2017-04-10,8,38.09,39.82012,LSTM
2017-04-10,9,35.25,34.963753,LSTM
2017-04-10,10,30.89,30.792503,LSTM
2017-04-10,11,27.57,30.805048,LSTM
2017-04-10,12,24.01,25.78899,LSTM
2017-04-10,13,17.91,24.874409,LSTM
2017-04-10,14,9.37,21.017357,LSTM
2017-04-10,15,17.92,21.268238,LSTM
2017-04-10,16,21.63,21.856106,LSTM
2017-04-10,17,26.2,25.265333,LSTM
2017-04-10,18,32.26,31.243683,LSTM
2017-04-10,19,38.32,34.086777,LSTM
2017-04-10,20,38.74,37.42542,LSTM
2017-04-10,21,37.95,33.613636,LSTM
2017-04-10,22,31.29,29.795809,LSTM
2017-04-10,23,24.02,24.212662,LSTM
2017-04-11,0,24.83,19.48863,LSTM
2017-04-11,1,23.52,18.969303,LSTM
2017-04-11,2,23.55,16.584167,LSTM
2017-04-11,3,23.53,17.614077,LSTM
2017-04-11,4,25.63,18.472475,LSTM
2017-04-11,5,28.12,24.217226,LSTM
2017-04-11,6,37.91,35.03994,LSTM
2017-04-11,7,41.52,42.30649,LSTM
2017-04-11,8,43.5,43.108025,LSTM
2017-04-11,9,40.93,38.378944,LSTM
2017-04-11,10,37.45,32.31777,LSTM
2017-04-11,11,34.16,31.07561,LSTM
2017-04-11,12,31.0,28.645887,LSTM
2017-04-11,13,29.66,27.649689,LSTM
2017-04-11,14,29.98,25.299196,LSTM
2017-04-11,15,31.9,27.841408,LSTM
2017-04-11,16,31.83,27.163815,LSTM
2017-04-11,17,35.3,31.194292,LSTM
2017-04-11,18,37.95,41.299686,LSTM
2017-04-11,19,43.1,44.78591,LSTM
2017-04-11,20,43.27,44.26356,LSTM
2017-04-11,21,38.38,39.874973,LSTM
2017-04-11,22,37.08,36.477516,LSTM
2017-04-11,23,30.17,30.33998,LSTM
2017-04-12,0,25.99,26.422878,LSTM
2017-04-12,1,24.42,23.173769,LSTM
2017-04-12,2,23.02,19.994379,LSTM
2017-04-12,3,20.5,19.488525,LSTM
2017-04-12,4,23.01,21.377594,LSTM
2017-04-12,5,23.09,22.969732,LSTM
2017-04-12,6,31.02,29.888071,LSTM
2017-04-12,7,36.44,35.046467,LSTM
2017-04-12,8,37.95,37.28632,LSTM
2017-04-12,9,34.02,30.977867,LSTM
2017-04-12,10,29.29,31.686783,LSTM
2017-04-12,11,27.35,32.015736,LSTM
2017-04-12,12,23.65,25.815739,LSTM
2017-04-12,13,23.06,25.676497,LSTM
2017-04-12,14,23.4,23.711594,LSTM
2017-04-12,15,23.05,26.902676,LSTM
2017-04-12,16,26.06,27.531485,LSTM
2017-04-12,17,27.56,28.987564,LSTM
2017-04-12,18,31.34,33.22554,LSTM
2017-04-12,19,33.78,34.119457,LSTM
2017-04-12,20,34.11,34.22811,LSTM
2017-04-12,21,31.95,33.3217,LSTM
2017-04-12,22,27.32,31.705032,LSTM
2017-04-12,23,23.05,26.740116,LSTM
2017-04-13,0,18.01,21.109276,LSTM
2017-04-13,1,16.01,19.24037,LSTM
2017-04-13,2,17.95,15.613037,LSTM
2017-04-13,3,19.8,15.092834,LSTM
2017-04-13,4,20.02,17.247168,LSTM
2017-04-13,5,26.76,20.666319,LSTM
2017-04-13,6,31.95,27.88456,LSTM
2017-04-13,7,35.95,34.18595,LSTM
2017-04-13,8,35.99,37.51415,LSTM
2017-04-13,9,33.48,31.839827,LSTM
2017-04-13,10,31.06,29.768496,LSTM
2017-04-13,11,28.96,28.728382,LSTM
2017-04-13,12,27.01,25.852537,LSTM
2017-04-13,13,24.45,23.738457,LSTM
2017-04-13,14,24.02,23.085861,LSTM
2017-04-13,15,26.57,23.008047,LSTM
2017-04-13,16,27.59,23.260859,LSTM
2017-04-13,17,30.03,27.470425,LSTM
2017-04-13,18,35.93,32.598217,LSTM
2017-04-13,19,40.0,33.594982,LSTM
2017-04-13,20,42.24,35.22705,LSTM
2017-04-13,21,38.91,36.46168,LSTM
2017-04-13,22,36.82,33.27526,LSTM
2017-04-13,23,32.97,27.295872,LSTM
2017-04-14,0,30.66,25.249231,LSTM
2017-04-14,1,26.78,26.042433,LSTM
2017-04-14,2,26.96,22.205355,LSTM
2017-04-14,3,26.87,23.047424,LSTM
2017-04-14,4,26.69,23.97059,LSTM
2017-04-14,5,26.76,24.21373,LSTM
2017-04-14,6,26.93,24.879583,LSTM
2017-04-14,7,27.7,28.238049,LSTM
2017-04-14,8,28.73,31.518608,LSTM
2017-04-14,9,28.23,30.316109,LSTM
2017-04-14,10,27.82,28.02089,LSTM
2017-04-14,11,27.88,26.457302,LSTM
2017-04-14,12,25.95,25.4566,LSTM
2017-04-14,13,27.69,23.343004,LSTM
2017-04-14,14,27.65,24.02897,LSTM
2017-04-14,15,27.79,20.56023,LSTM
2017-04-14,16,28.34,22.194307,LSTM
2017-04-14,17,30.66,29.475376,LSTM
2017-04-14,18,36.9,34.924862,LSTM
2017-04-14,19,38.74,35.956467,LSTM
2017-04-14,20,38.37,36.18852,LSTM
2017-04-14,21,38.55,38.6208,LSTM
2017-04-14,22,37.45,38.389854,LSTM
2017-04-14,23,36.95,31.675207,LSTM
2017-04-15,0,33.88,30.220463,LSTM
2017-04-15,1,30.51,26.854221,LSTM
2017-04-15,2,28.82,26.400486,LSTM
2017-04-15,3,25.98,22.977928,LSTM
2017-04-15,4,20.04,21.748608,LSTM
2017-04-15,5,19.1,20.673706,LSTM
2017-04-15,6,17.67,20.859993,LSTM
2017-04-15,7,17.97,21.910158,LSTM
2017-04-15,8,20.1,26.452656,LSTM
2017-04-15,9,19.08,23.489248,LSTM
2017-04-15,10,13.94,22.906166,LSTM
2017-04-15,11,9.43,21.072979,LSTM
2017-04-15,12,13.36,17.287224,LSTM
2017-04-15,13,7.56,14.555748,LSTM
2017-04-15,14,0.25,9.101196,LSTM
2017-04-15,15,-1.08,11.3314495,LSTM
2017-04-15,16,-3.23,14.090548,LSTM
2017-04-15,17,7.68,17.970226,LSTM
2017-04-15,18,10.03,22.669327,LSTM
2017-04-15,19,14.03,23.67541,LSTM
2017-04-15,20,13.03,23.822891,LSTM
2017-04-15,21,12.04,25.610222,LSTM
2017-04-15,22,11.07,25.999699,LSTM
2017-04-15,23,9.23,18.029984,LSTM
2017-04-16,0,3.94,8.660387,LSTM
2017-04-16,1,7.55,7.200802,LSTM
2017-04-16,2,5.14,5.8702774,LSTM
2017-04-16,3,1.91,5.5121613,LSTM
2017-04-16,4,7.55,5.9362087,LSTM
2017-04-16,5,14.03,9.544331,LSTM
2017-04-16,6,9.2,10.447762,LSTM
2017-04-16,7,14.07,8.352011,LSTM
2017-04-16,8,15.96,15.001873,LSTM
2017-04-16,9,19.01,18.38779,LSTM
2017-04-16,10,19.01,17.72975,LSTM
2017-04-16,11,28.74,20.642778,LSTM
2017-04-16,12,24.03,20.949314,LSTM
2017-04-16,13,15.03,14.369778,LSTM
2017-04-16,14,16.0,13.65579,LSTM
2017-04-16,15,15.31,11.481367,LSTM
2017-04-16,16,15.06,13.375042,LSTM
2017-04-16,17,23.03,21.88347,LSTM
2017-04-16,18,31.07,29.419968,LSTM
2017-04-16,19,31.07,27.352924,LSTM
2017-04-16,20,33.95,32.395035,LSTM
2017-04-16,21,32.55,33.063145,LSTM
2017-04-16,22,31.91,35.463966,LSTM
2017-04-16,23,30.46,30.519917,LSTM
2017-04-17,0,28.5,27.48991,LSTM
2017-04-17,1,24.01,24.314608,LSTM
2017-04-17,2,22.07,23.523846,LSTM
2017-04-17,3,21.08,22.203796,LSTM
2017-04-17,4,22.0,21.701307,LSTM
2017-04-17,5,27.95,22.521168,LSTM
2017-04-17,6,28.21,25.185946,LSTM
2017-04-17,7,27.44,26.997253,LSTM
2017-04-17,8,29.9,27.955418,LSTM
2017-04-17,9,30.17,28.081978,LSTM
2017-04-17,10,29.6,27.932936,LSTM
2017-04-17,11,29.0,27.852219,LSTM
2017-04-17,12,25.01,24.31116,LSTM
2017-04-17,13,19.57,21.027782,LSTM
2017-04-17,14,15.93,17.670418,LSTM
2017-04-17,15,9.28,18.45956,LSTM
2017-04-17,16,9.36,18.998363,LSTM
2017-04-17,17,17.8,19.865791,LSTM
2017-04-17,18,25.36,27.586905,LSTM
2017-04-17,19,32.15,31.197515,LSTM
2017-04-17,20,33.91,35.76155,LSTM
2017-04-17,21,33.95,34.441822,LSTM
2017-04-17,22,33.93,34.42405,LSTM
2017-04-17,23,30.95,30.141933,LSTM
2017-04-18,0,29.54,25.816938,LSTM
2017-04-18,1,28.36,25.602036,LSTM
2017-04-18,2,27.77,24.083609,LSTM
2017-04-18,3,27.26,23.358864,LSTM
2017-04-18,4,26.97,23.90096,LSTM
2017-04-18,5,30.91,27.61109,LSTM
2017-04-18,6,39.94,34.779976,LSTM
2017-04-18,7,43.35,39.57667,LSTM
2017-04-18,8,45.39,40.30924,LSTM
2017-04-18,9,41.05,34.50274,LSTM
2017-04-18,10,39.88,36.6194,LSTM
2017-04-18,11,37.97,36.427284,LSTM
2017-04-18,12,35.9,30.344471,LSTM
2017-04-18,13,33.83,30.000275,LSTM
2017-04-18,14,31.04,27.912046,LSTM
2017-04-18,15,30.43,27.625402,LSTM
2017-04-18,16,30.1,25.496622,LSTM
2017-04-18,17,30.85,27.671883,LSTM
2017-04-18,18,33.92,31.408192,LSTM
2017-04-18,19,37.95,32.19064,LSTM
2017-04-18,20,38.0,33.630905,LSTM
2017-04-18,21,37.71,34.37528,LSTM
2017-04-18,22,34.08,30.52767,LSTM
2017-04-18,23,31.07,25.238495,LSTM
2017-04-19,0,30.35,29.857452,LSTM
2017-04-19,1,30.02,28.778042,LSTM
2017-04-19,2,29.94,28.115566,LSTM
2017-04-19,3,30.25,26.435177,LSTM
2017-04-19,4,30.83,26.546518,LSTM
2017-04-19,5,31.81,29.39848,LSTM
2017-04-19,6,38.9,37.146908,LSTM
2017-04-19,7,46.88,44.496086,LSTM
2017-04-19,8,48.38,42.52912,LSTM
2017-04-19,9,43.67,40.502853,LSTM
2017-04-19,10,38.97,36.698853,LSTM
2017-04-19,11,37.4,35.465176,LSTM
2017-04-19,12,37.1,32.772568,LSTM
2017-04-19,13,36.61,33.55001,LSTM
2017-04-19,14,34.47,32.797302,LSTM
2017-04-19,15,33.07,32.6748,LSTM
2017-04-19,16,33.73,33.38268,LSTM
2017-04-19,17,36.89,35.195026,LSTM
2017-04-19,18,38.92,42.735104,LSTM
2017-04-19,19,41.19,46.413956,LSTM
2017-04-19,20,44.01,44.855457,LSTM
2017-04-19,21,43.06,41.353985,LSTM
2017-04-19,22,38.05,38.22129,LSTM
2017-04-19,23,34.16,31.857397,LSTM
2017-04-20,0,32.03,32.52958,LSTM
2017-04-20,1,32.95,30.984781,LSTM
2017-04-20,2,31.43,31.56736,LSTM
2017-04-20,3,31.62,28.653696,LSTM
2017-04-20,4,31.71,29.365902,LSTM
2017-04-20,5,33.2,30.86723,LSTM
2017-04-20,6,42.03,37.35635,LSTM
2017-04-20,7,48.41,45.16304,LSTM
2017-04-20,8,52.0,44.7915,LSTM
2017-04-20,9,43.87,43.50275,LSTM
2017-04-20,10,38.47,37.27805,LSTM
2017-04-20,11,36.32,35.46575,LSTM
2017-04-20,12,33.86,33.781666,LSTM
2017-04-20,13,32.4,31.601965,LSTM
2017-04-20,14,31.07,29.87654,LSTM
2017-04-20,15,31.09,30.16436,LSTM
2017-04-20,16,33.01,30.869442,LSTM
2017-04-20,17,36.89,32.676228,LSTM
2017-04-20,18,39.94,41.544193,LSTM
2017-04-20,19,45.01,40.600735,LSTM
2017-04-20,20,46.61,41.336582,LSTM
2017-04-20,21,44.06,38.400585,LSTM
2017-04-20,22,35.23,36.211052,LSTM
2017-04-20,23,29.22,31.058924,LSTM
2017-04-21,0,29.3,26.988958,LSTM
2017-04-21,1,25.05,27.650633,LSTM
2017-04-21,2,26.52,23.919806,LSTM
2017-04-21,3,25.25,24.114372,LSTM
2017-04-21,4,24.05,24.485338,LSTM
2017-04-21,5,28.25,26.977514,LSTM
2017-04-21,6,40.02,32.27778,LSTM
2017-04-21,7,42.5,40.447292,LSTM
2017-04-21,8,42.61,43.67649,LSTM
2017-04-21,9,38.95,40.253464,LSTM
2017-04-21,10,34.47,38.149216,LSTM
2017-04-21,11,31.97,34.173603,LSTM
2017-04-21,12,28.08,29.526365,LSTM
2017-04-21,13,21.15,26.667786,LSTM
2017-04-21,14,20.79,24.57415,LSTM
2017-04-21,15,19.84,23.495256,LSTM
2017-04-21,16,24.04,21.14919,LSTM
2017-04-21,17,27.08,25.891483,LSTM
2017-04-21,18,29.14,30.513103,LSTM
2017-04-21,19,31.02,30.01265,LSTM
2017-04-21,20,30.64,29.248596,LSTM
2017-04-21,21,24.01,29.5055,LSTM
2017-04-21,22,16.26,24.556887,LSTM
2017-04-21,23,3.55,19.946716,LSTM
2017-04-22,0,0.88,9.8662615,LSTM
2017-04-22,1,8.0,8.07535,LSTM
2017-04-22,2,8.22,5.0539417,LSTM
2017-04-22,3,8.03,3.9860039,LSTM
2017-04-22,4,9.08,5.6463966,LSTM
2017-04-22,5,9.18,7.618168,LSTM
2017-04-22,6,9.19,9.264519,LSTM
2017-04-22,7,10.72,13.873552,LSTM
2017-04-22,8,13.09,17.399881,LSTM
2017-04-22,9,13.47,14.033615,LSTM
2017-04-22,10,9.54,13.288298,LSTM
2017-04-22,11,9.12,12.429226,LSTM
2017-04-22,12,9.04,9.585909,LSTM
2017-04-22,13,8.1,6.681242,LSTM
2017-04-22,14,5.02,6.336117,LSTM
2017-04-22,15,7.11,3.8409061,LSTM
2017-04-22,16,9.05,5.183464,LSTM
2017-04-22,17,10.72,11.656174,LSTM
2017-04-22,18,20.79,19.639688,LSTM
2017-04-22,19,23.01,23.549871,LSTM
2017-04-22,20,24.5,24.308874,LSTM
2017-04-22,21,24.2,26.598892,LSTM
2017-04-22,22,24.15,24.04414,LSTM
2017-04-22,23,20.2,16.316738,LSTM
2017-04-23,0,9.04,11.911763,LSTM
2017-04-23,1,8.97,8.273007,LSTM
2017-04-23,2,8.31,6.6737804,LSTM
2017-04-23,3,8.94,5.3225193,LSTM
2017-04-23,4,10.05,6.7678757,LSTM
2017-04-23,5,9.04,7.298956,LSTM
2017-04-23,6,9.02,5.1628914,LSTM
2017-04-23,7,8.04,5.920622,LSTM
2017-04-23,8,8.89,8.010057,LSTM
2017-04-23,9,8.86,5.702608,LSTM
2017-04-23,10,2.96,7.729437,LSTM
2017-04-23,11,6.54,9.94343,LSTM
2017-04-23,12,3.72,6.2485924,LSTM
2017-04-23,13,-7.65,1.3431549,LSTM
2017-04-23,14,-15.03,1.1714306,LSTM
2017-04-23,15,-9.18,0.713171,LSTM
2017-04-23,16,-0.15,4.622635,LSTM
2017-04-23,17,7.6,10.374855,LSTM
2017-04-23,18,21.08,21.55716,LSTM
2017-04-23,19,30.63,28.53516,LSTM
2017-04-23,20,34.54,32.323086,LSTM
2017-04-23,21,36.65,33.254417,LSTM
2017-04-23,22,37.1,32.467148,LSTM
2017-04-23,23,29.95,26.197979,LSTM
2017-04-24,0,29.19,23.219751,LSTM
2017-04-24,1,27.65,19.551249,LSTM
2017-04-24,2,27.42,17.173752,LSTM
2017-04-24,3,26.48,16.437368,LSTM
2017-04-24,4,27.46,17.39893,LSTM
2017-04-24,5,30.26,17.42062,LSTM
2017-04-24,6,38.83,25.10207,LSTM
2017-04-24,7,40.89,31.718874,LSTM
2017-04-24,8,40.86,32.230595,LSTM
2017-04-24,9,31.8,24.654196,LSTM
2017-04-24,10,24.06,17.35753,LSTM
2017-04-24,11,12.82,13.236803,LSTM
2017-04-24,12,9.07,11.346863,LSTM
2017-04-24,13,20.01,11.097872,LSTM
2017-04-24,14,22.44,12.474821,LSTM
2017-04-24,15,24.9,15.356468,LSTM
2017-04-24,16,27.71,16.40627,LSTM
2017-04-24,17,32.19,22.130814,LSTM
2017-04-24,18,38.35,34.981728,LSTM
2017-04-24,19,43.3,40.695545,LSTM
2017-04-24,20,43.59,40.299248,LSTM
2017-04-24,21,44.51,40.32155,LSTM
2017-04-24,22,44.38,38.086548,LSTM
2017-04-24,23,38.55,33.289253,LSTM
2017-04-25,0,34.01,31.005003,LSTM
2017-04-25,1,31.07,29.738176,LSTM
2017-04-25,2,31.2,28.570745,LSTM
2017-04-25,3,29.98,27.491558,LSTM
2017-04-25,4,29.97,27.28818,LSTM
2017-04-25,5,30.5,30.495874,LSTM
2017-04-25,6,37.03,40.581013,LSTM
2017-04-25,7,41.17,48.906258,LSTM
2017-04-25,8,43.0,47.55272,LSTM
2017-04-25,9,41.94,46.37489,LSTM
2017-04-25,10,39.81,41.730515,LSTM
2017-04-25,11,38.1,40.937923,LSTM
2017-04-25,12,35.09,36.09643,LSTM
2017-04-25,13,33.91,35.611835,LSTM
2017-04-25,14,31.72,33.1386,LSTM
2017-04-25,15,31.59,31.471878,LSTM
2017-04-25,16,32.46,30.990917,LSTM
2017-04-25,17,36.55,32.381947,LSTM
2017-04-25,18,39.93,38.458286,LSTM
2017-04-25,19,42.95,45.005543,LSTM
2017-04-25,20,42.94,44.394226,LSTM
2017-04-25,21,41.98,42.624405,LSTM
2017-04-25,22,38.42,38.62087,LSTM
2017-04-25,23,33.4,32.84661,LSTM
2017-04-26,0,30.54,32.5466,LSTM
2017-04-26,1,30.99,31.06409,LSTM
2017-04-26,2,30.95,30.592064,LSTM
2017-04-26,3,30.54,29.835287,LSTM
2017-04-26,4,30.44,30.516876,LSTM
2017-04-26,5,33.1,32.964046,LSTM
2017-04-26,6,42.3,43.336086,LSTM
2017-04-26,7,46.95,51.3968,LSTM
2017-04-26,8,53.47,53.370323,LSTM
2017-04-26,9,46.98,49.44105,LSTM
2017-04-26,10,45.61,49.185585,LSTM
2017-04-26,11,44.75,49.638657,LSTM
2017-04-26,12,44.01,44.81851,LSTM
2017-04-26,13,42.0,43.60883,LSTM
2017-04-26,14,39.11,41.3235,LSTM
2017-04-26,15,38.64,42.38604,LSTM
2017-04-26,16,38.61,40.102505,LSTM
2017-04-26,17,41.92,42.204735,LSTM
2017-04-26,18,43.86,46.48646,LSTM
2017-04-26,19,44.09,51.413857,LSTM
2017-04-26,20,44.34,47.35125,LSTM
2017-04-26,21,42.93,44.84321,LSTM
2017-04-26,22,39.1,41.930504,LSTM
2017-04-26,23,32.58,35.203568,LSTM
2017-04-27,0,32.19,32.060543,LSTM
2017-04-27,1,31.46,30.405054,LSTM
2017-04-27,2,31.06,30.399872,LSTM
2017-04-27,3,31.04,28.570118,LSTM
2017-04-27,4,31.52,28.049042,LSTM
2017-04-27,5,32.48,30.317019,LSTM
2017-04-27,6,41.19,37.34548,LSTM
2017-04-27,7,44.97,42.867874,LSTM
2017-04-27,8,45.93,41.84486,LSTM
2017-04-27,9,43.67,40.1703,LSTM
2017-04-27,10,42.92,36.06531,LSTM
2017-04-27,11,40.95,36.544857,LSTM
2017-04-27,12,35.83,32.383854,LSTM
2017-04-27,13,34.99,32.037632,LSTM
2017-04-27,14,32.01,29.768183,LSTM
2017-04-27,15,32.9,30.057568,LSTM
2017-04-27,16,32.89,31.181646,LSTM
2017-04-27,17,35.05,32.44716,LSTM
2017-04-27,18,37.96,39.32719,LSTM
2017-04-27,19,41.97,42.105885,LSTM
2017-04-27,20,41.91,40.84794,LSTM
2017-04-27,21,41.08,38.557934,LSTM
2017-04-27,22,34.87,37.078262,LSTM
2017-04-27,23,32.0,32.652283,LSTM
2017-04-28,0,31.38,31.01244,LSTM
2017-04-28,1,31.23,29.524637,LSTM
2017-04-28,2,30.61,28.276745,LSTM
2017-04-28,3,30.92,27.037672,LSTM
2017-04-28,4,31.41,27.561893,LSTM
2017-04-28,5,33.52,29.31146,LSTM
2017-04-28,6,37.14,37.816162,LSTM
2017-04-28,7,45.4,44.59035,LSTM
2017-04-28,8,46.94,44.872704,LSTM
2017-04-28,9,44.99,44.81441,LSTM
2017-04-28,10,42.9,43.635567,LSTM
2017-04-28,11,41.9,44.415462,LSTM
2017-04-28,12,38.99,39.09317,LSTM
2017-04-28,13,35.46,38.257362,LSTM
2017-04-28,14,33.62,36.4429,LSTM
2017-04-28,15,33.05,35.18165,LSTM
2017-04-28,16,32.76,35.890404,LSTM
2017-04-28,17,33.78,37.64792,LSTM
2017-04-28,18,40.29,38.484787,LSTM
2017-04-28,19,43.91,43.15504,LSTM
2017-04-28,20,42.99,42.321976,LSTM
2017-04-28,21,37.97,39.841717,LSTM
2017-04-28,22,32.65,38.232468,LSTM
2017-04-28,23,31.08,33.495632,LSTM
2017-04-29,0,33.61,31.831247,LSTM
2017-04-29,1,28.44,29.975525,LSTM
2017-04-29,2,29.88,26.988525,LSTM
2017-04-29,3,29.86,27.158897,LSTM
2017-04-29,4,30.16,26.221798,LSTM
2017-04-29,5,30.58,26.277454,LSTM
2017-04-29,6,32.46,29.449415,LSTM
2017-04-29,7,33.72,28.923288,LSTM
2017-04-29,8,32.69,30.103455,LSTM
2017-04-29,9,32.56,30.022957,LSTM
2017-04-29,10,28.81,26.555927,LSTM
2017-04-29,11,26.82,28.015491,LSTM
2017-04-29,12,25.43,25.792013,LSTM
2017-04-29,13,23.09,26.278538,LSTM
2017-04-29,14,25.24,24.400593,LSTM
2017-04-29,15,25.04,24.262663,LSTM
2017-04-29,16,27.46,25.988579,LSTM
2017-04-29,17,29.19,28.332811,LSTM
2017-04-29,18,32.54,34.671955,LSTM
2017-04-29,19,34.93,40.312492,LSTM
2017-04-29,20,34.79,40.447906,LSTM
2017-04-29,21,34.9,37.4528,LSTM
2017-04-29,22,32.93,38.139492,LSTM
2017-04-29,23,30.47,33.234108,LSTM
2017-04-30,0,29.29,27.437263,LSTM
2017-04-30,1,26.02,22.140053,LSTM
2017-04-30,2,22.06,20.702513,LSTM
2017-04-30,3,13.13,19.613678,LSTM
2017-04-30,4,9.63,16.544188,LSTM
2017-04-30,5,10.06,14.7231045,LSTM
2017-04-30,6,16.8,12.989216,LSTM
2017-04-30,7,9.6,14.726183,LSTM
2017-04-30,8,9.56,15.583351,LSTM
2017-04-30,9,8.71,16.151917,LSTM
2017-04-30,10,3.23,11.997124,LSTM
2017-04-30,11,-1.9,7.4193363,LSTM
2017-04-30,12,-1.18,4.663622,LSTM
2017-04-30,13,-70.01,2.3851013,LSTM
2017-04-30,14,-74.92,-3.4295502,LSTM
2017-04-30,15,-71.96,0.4005394,LSTM
2017-04-30,16,-49.97,1.4503975,LSTM
2017-04-30,17,-6.0,7.014929,LSTM
2017-04-30,18,-1.21,13.585413,LSTM
2017-04-30,19,8.86,22.058743,LSTM
2017-04-30,20,10.08,20.723639,LSTM
2017-04-30,21,8.87,23.269497,LSTM
2017-04-30,22,-0.54,21.199982,LSTM
2017-04-30,23,-70.01,13.722748,LSTM
2017-05-01,0,-26.94,1.8701,LSTM
2017-05-01,1,-25.0,-1.1350155,LSTM
2017-05-01,2,-30.11,-1.2792454,LSTM
2017-05-01,3,-30.03,-2.9472046,LSTM
2017-05-01,4,-24.9,0.37865257,LSTM
2017-05-01,5,-30.05,4.946659,LSTM
2017-05-01,6,-62.95,7.8810043,LSTM
2017-05-01,7,-53.85,8.379822,LSTM
2017-05-01,8,-67.02,9.235407,LSTM
2017-05-01,9,-65.0,9.139923,LSTM
2017-05-01,10,-67.08,8.881735,LSTM
2017-05-01,11,-66.85,12.785015,LSTM
2017-05-01,12,-60.39,12.468454,LSTM
2017-05-01,13,-61.14,5.4893036,LSTM
2017-05-01,14,-27.22,7.792364,LSTM
2017-05-01,15,-12.01,7.5506496,LSTM
2017-05-01,16,-1.2,9.425741,LSTM
2017-05-01,17,7.42,17.026562,LSTM
2017-05-01,18,14.01,27.673805,LSTM
2017-05-01,19,25.78,27.01569,LSTM
2017-05-01,20,24.9,29.48943,LSTM
2017-05-01,21,22.98,28.510412,LSTM
2017-05-01,22,22.09,30.281645,LSTM
2017-05-01,23,12.05,23.659603,LSTM
2017-05-02,0,13.47,12.9462385,LSTM
2017-05-02,1,12.01,8.268907,LSTM
2017-05-02,2,10.41,11.516418,LSTM
2017-05-02,3,12.03,5.540924,LSTM
2017-05-02,4,9.69,8.394788,LSTM
2017-05-02,5,25.03,14.2022705,LSTM
2017-05-02,6,33.95,23.737846,LSTM
2017-05-02,7,38.97,31.521503,LSTM
2017-05-02,8,39.98,36.82649,LSTM
2017-05-02,9,35.84,30.592335,LSTM
2017-05-02,10,34.85,32.451313,LSTM
2017-05-02,11,33.47,30.986675,LSTM
2017-05-02,12,31.04,26.651333,LSTM
2017-05-02,13,30.78,23.572857,LSTM
2017-05-02,14,30.4,23.744173,LSTM
2017-05-02,15,30.41,23.952682,LSTM
2017-05-02,16,30.43,26.171072,LSTM
2017-05-02,17,31.02,30.025192,LSTM
2017-05-02,18,34.97,35.06728,LSTM
2017-05-02,19,38.52,37.215073,LSTM
2017-05-02,20,38.57,33.557774,LSTM
2017-05-02,21,35.23,33.589993,LSTM
2017-05-02,22,33.34,30.624949,LSTM
2017-05-02,23,28.46,23.317314,LSTM
2017-05-03,0,28.59,22.088955,LSTM
2017-05-03,1,27.43,22.1809,LSTM
2017-05-03,2,27.48,20.893675,LSTM
2017-05-03,3,28.5,18.998262,LSTM
2017-05-03,4,30.35,20.27839,LSTM
2017-05-03,5,31.95,25.144554,LSTM
2017-05-03,6,39.51,33.075405,LSTM
2017-05-03,7,44.99,38.843365,LSTM
2017-05-03,8,45.0,42.263657,LSTM
2017-05-03,9,39.73,38.740776,LSTM
2017-05-03,10,38.97,38.29137,LSTM
2017-05-03,11,38.48,37.24134,LSTM
2017-05-03,12,34.27,33.363388,LSTM
2017-05-03,13,33.94,31.925789,LSTM
2017-05-03,14,34.01,30.249321,LSTM
2017-05-03,15,32.83,29.006916,LSTM
2017-05-03,16,31.79,29.31493,LSTM
2017-05-03,17,32.43,32.414383,LSTM
2017-05-03,18,34.9,35.79206,LSTM
2017-05-03,19,37.66,36.3727,LSTM
2017-05-03,20,38.94,34.347515,LSTM
2017-05-03,21,36.97,31.605602,LSTM
2017-05-03,22,30.52,28.588717,LSTM
2017-05-03,23,28.6,22.695518,LSTM
2017-05-04,0,26.91,21.346273,LSTM
2017-05-04,1,26.26,20.194555,LSTM
2017-05-04,2,24.57,19.330606,LSTM
2017-05-04,3,24.82,15.999109,LSTM
2017-05-04,4,25.8,19.401814,LSTM
2017-05-04,5,27.57,23.53527,LSTM
2017-05-04,6,33.23,30.556107,LSTM
2017-05-04,7,38.94,35.44826,LSTM
2017-05-04,8,39.91,38.250618,LSTM
2017-05-04,9,39.14,34.253017,LSTM
2017-05-04,10,38.94,33.761623,LSTM
2017-05-04,11,38.95,33.466164,LSTM
2017-05-04,12,34.17,30.50914,LSTM
2017-05-04,13,31.94,26.969337,LSTM
2017-05-04,14,30.46,28.053677,LSTM
2017-05-04,15,30.4,22.772255,LSTM
2017-05-04,16,29.79,26.265108,LSTM
2017-05-04,17,34.4,28.232285,LSTM
2017-05-04,18,36.97,32.62149,LSTM
2017-05-04,19,38.97,34.07202,LSTM
2017-05-04,20,38.95,33.504448,LSTM
2017-05-04,21,36.54,32.00557,LSTM
2017-05-04,22,32.23,30.931967,LSTM
2017-05-04,23,26.97,22.65691,LSTM
2017-05-05,0,28.97,29.098473,LSTM
2017-05-05,1,28.82,28.37629,LSTM
2017-05-05,2,28.42,25.619362,LSTM
2017-05-05,3,28.61,26.488605,LSTM
2017-05-05,4,29.4,26.058033,LSTM
2017-05-05,5,30.99,29.094427,LSTM
2017-05-05,6,37.17,38.355183,LSTM
2017-05-05,7,43.82,46.983017,LSTM
2017-05-05,8,48.98,48.127815,LSTM
2017-05-05,9,49.91,46.14441,LSTM
2017-05-05,10,47.9,46.132786,LSTM
2017-05-05,11,46.38,47.397446,LSTM
2017-05-05,12,42.0,41.61985,LSTM
2017-05-05,13,40.09,41.455467,LSTM
2017-05-05,14,36.97,36.795334,LSTM
2017-05-05,15,35.37,40.802635,LSTM
2017-05-05,16,34.9,39.210808,LSTM
2017-05-05,17,37.67,40.27564,LSTM
2017-05-05,18,40.33,42.458637,LSTM
2017-05-05,19,42.09,46.051876,LSTM
2017-05-05,20,41.16,43.476433,LSTM
2017-05-05,21,38.98,40.87559,LSTM
2017-05-05,22,39.27,38.81094,LSTM
2017-05-05,23,34.9,34.49707,LSTM
2017-05-06,0,37.04,33.88533,LSTM
2017-05-06,1,32.47,32.38473,LSTM
2017-05-06,2,31.04,31.799324,LSTM
2017-05-06,3,30.71,30.77311,LSTM
2017-05-06,4,30.57,31.018204,LSTM
2017-05-06,5,30.86,31.253613,LSTM
2017-05-06,6,30.92,31.871935,LSTM
2017-05-06,7,31.14,33.367218,LSTM
2017-05-06,8,33.92,35.35389,LSTM
2017-05-06,9,33.06,34.348145,LSTM
2017-05-06,10,31.53,34.431446,LSTM
2017-05-06,11,30.64,34.05789,LSTM
2017-05-06,12,30.79,30.341002,LSTM
2017-05-06,13,30.1,28.052698,LSTM
2017-05-06,14,29.6,27.004595,LSTM
2017-05-06,15,28.93,26.339176,LSTM
2017-05-06,16,28.28,28.733356,LSTM
2017-05-06,17,31.02,32.433037,LSTM
2017-05-06,18,33.82,35.12692,LSTM
2017-05-06,19,37.94,37.6887,LSTM
2017-05-06,20,39.9,37.06145,LSTM
2017-05-06,21,39.5,34.934673,LSTM
2017-05-06,22,38.92,35.4345,LSTM
2017-05-06,23,33.93,31.061386,LSTM
2017-05-07,0,28.31,30.929417,LSTM
2017-05-07,1,26.73,29.729845,LSTM
2017-05-07,2,26.48,27.775558,LSTM
2017-05-07,3,26.17,28.476257,LSTM
2017-05-07,4,26.83,27.815063,LSTM
2017-05-07,5,26.25,27.27137,LSTM
2017-05-07,6,25.43,27.319775,LSTM
2017-05-07,7,26.66,27.979256,LSTM
2017-05-07,8,28.66,28.996754,LSTM
2017-05-07,9,30.06,30.858545,LSTM
2017-05-07,10,30.33,31.463411,LSTM
2017-05-07,11,30.18,34.1424,LSTM
2017-05-07,12,29.5,29.792475,LSTM
2017-05-07,13,27.06,28.79127,LSTM
2017-05-07,14,24.0,26.112274,LSTM
2017-05-07,15,24.15,24.507992,LSTM
2017-05-07,16,25.51,23.711819,LSTM
2017-05-07,17,27.4,25.861898,LSTM
2017-05-07,18,29.8,31.363663,LSTM
2017-05-07,19,31.18,36.25715,LSTM
2017-05-07,20,32.13,36.131077,LSTM
2017-05-07,21,32.01,35.352966,LSTM
2017-05-07,22,31.26,34.422016,LSTM
2017-05-07,23,27.0,31.030281,LSTM
2017-05-08,0,27.48,28.083206,LSTM
2017-05-08,1,26.1,27.617994,LSTM
2017-05-08,2,25.81,25.35431,LSTM
2017-05-08,3,24.73,24.821815,LSTM
2017-05-08,4,25.14,24.91084,LSTM
2017-05-08,5,27.91,27.811356,LSTM
2017-05-08,6,32.0,33.402542,LSTM
2017-05-08,7,36.06,37.780785,LSTM
2017-05-08,8,40.02,40.67946,LSTM
2017-05-08,9,39.93,39.29215,LSTM
2017-05-08,10,38.97,39.779778,LSTM
2017-05-08,11,39.98,38.921658,LSTM
2017-05-08,12,40.55,34.925392,LSTM
2017-05-08,13,36.74,33.662823,LSTM
2017-05-08,14,32.06,30.781292,LSTM
2017-05-08,15,31.44,27.970016,LSTM
2017-05-08,16,31.05,27.088276,LSTM
2017-05-08,17,32.41,29.488144,LSTM
2017-05-08,18,34.0,32.7706,LSTM
2017-05-08,19,38.8,33.870594,LSTM
2017-05-08,20,37.62,33.68009,LSTM
2017-05-08,21,37.99,33.63792,LSTM
2017-05-08,22,35.07,31.917913,LSTM
2017-05-08,23,32.44,27.385902,LSTM
2017-05-09,0,30.81,32.505093,LSTM
2017-05-09,1,30.56,30.425655,LSTM
2017-05-09,2,29.5,30.54012,LSTM
2017-05-09,3,28.94,29.48764,LSTM
2017-05-09,4,29.9,29.600378,LSTM
2017-05-09,5,32.07,32.170258,LSTM
2017-05-09,6,42.83,37.256516,LSTM
2017-05-09,7,50.45,44.729164,LSTM
2017-05-09,8,54.99,43.428215,LSTM
2017-05-09,9,48.65,42.468925,LSTM
2017-05-09,10,44.75,42.93612,LSTM
2017-05-09,11,43.83,41.048588,LSTM
2017-05-09,12,40.63,36.39953,LSTM
2017-05-09,13,38.0,35.05438,LSTM
2017-05-09,14,35.57,33.235195,LSTM
2017-05-09,15,36.2,35.437332,LSTM
2017-05-09,16,34.44,33.642345,LSTM
2017-05-09,17,39.64,35.062824,LSTM
2017-05-09,18,44.9,37.68149,LSTM
2017-05-09,19,47.45,40.799374,LSTM
2017-05-09,20,49.12,38.66493,LSTM
2017-05-09,21,46.93,38.28661,LSTM
2017-05-09,22,39.9,36.22356,LSTM
2017-05-09,23,34.06,31.509903,LSTM
2017-05-10,0,32.06,32.099815,LSTM
2017-05-10,1,30.99,29.808073,LSTM
2017-05-10,2,30.75,27.453434,LSTM
2017-05-10,3,30.72,27.571907,LSTM
2017-05-10,4,31.03,27.368225,LSTM
2017-05-10,5,33.11,29.616087,LSTM
2017-05-10,6,42.04,40.588573,LSTM
2017-05-10,7,49.98,46.406734,LSTM
2017-05-10,8,49.07,47.93902,LSTM
2017-05-10,9,43.86,43.23515,LSTM
2017-05-10,10,39.16,39.225685,LSTM
2017-05-10,11,39.22,37.00891,LSTM
2017-05-10,12,36.13,34.074417,LSTM
2017-05-10,13,36.12,35.058674,LSTM
2017-05-10,14,34.52,33.505543,LSTM
2017-05-10,15,34.12,38.027313,LSTM
2017-05-10,16,35.01,36.423504,LSTM
2017-05-10,17,41.08,42.94835,LSTM
2017-05-10,18,44.01,45.961666,LSTM
2017-05-10,19,48.04,55.830353,LSTM
2017-05-10,20,47.35,50.69683,LSTM
2017-05-10,21,48.04,49.33011,LSTM
2017-05-10,22,42.94,45.754997,LSTM
2017-05-10,23,32.6,38.892826,LSTM
2017-05-11,0,31.16,32.565617,LSTM
2017-05-11,1,30.41,31.15104,LSTM
2017-05-11,2,29.5,30.028234,LSTM
2017-05-11,3,29.17,29.188683,LSTM
2017-05-11,4,29.59,30.20111,LSTM
2017-05-11,5,30.89,31.546913,LSTM
2017-05-11,6,34.91,37.048798,LSTM
2017-05-11,7,43.1,44.006954,LSTM
2017-05-11,8,44.49,45.649216,LSTM
2017-05-11,9,41.93,41.4246,LSTM
2017-05-11,10,38.54,40.367584,LSTM
2017-05-11,11,37.47,37.708122,LSTM
2017-05-11,12,35.32,33.88003,LSTM
2017-05-11,13,34.38,31.008394,LSTM
2017-05-11,14,32.64,32.346718,LSTM
2017-05-11,15,33.82,32.51618,LSTM
2017-05-11,16,33.19,31.803686,LSTM
2017-05-11,17,34.8,36.436604,LSTM
2017-05-11,18,35.75,35.999084,LSTM
2017-05-11,19,34.94,36.154373,LSTM
2017-05-11,20,33.11,34.291477,LSTM
2017-05-11,21,31.5,33.225086,LSTM
2017-05-11,22,27.6,30.92193,LSTM
2017-05-11,23,26.01,27.161818,LSTM
2017-05-12,0,26.05,23.89213,LSTM
2017-05-12,1,27.23,23.874922,LSTM
2017-05-12,2,27.29,21.774862,LSTM
2017-05-12,3,27.27,21.348743,LSTM
2017-05-12,4,27.08,21.314905,LSTM
2017-05-12,5,29.0,25.907387,LSTM
2017-05-12,6,34.37,32.75671,LSTM
2017-05-12,7,41.95,42.37812,LSTM
2017-05-12,8,43.91,42.84758,LSTM
2017-05-12,9,42.0,40.409286,LSTM
2017-05-12,10,42.95,37.878197,LSTM
2017-05-12,11,42.02,38.028122,LSTM
2017-05-12,12,36.03,33.464855,LSTM
2017-05-12,13,31.62,33.96945,LSTM
2017-05-12,14,30.86,30.846346,LSTM
2017-05-12,15,30.45,31.288942,LSTM
2017-05-12,16,31.38,31.858992,LSTM
2017-05-12,17,36.46,35.17054,LSTM
2017-05-12,18,40.65,40.180622,LSTM
2017-05-12,19,42.0,40.899788,LSTM
2017-05-12,20,42.62,40.953934,LSTM
2017-05-12,21,42.93,39.49222,LSTM
2017-05-12,22,42.93,36.031113,LSTM
2017-05-12,23,35.91,31.908333,LSTM
2017-05-13,0,29.9,34.259193,LSTM
2017-05-13,1,29.66,32.09903,LSTM
2017-05-13,2,29.05,30.388824,LSTM
2017-05-13,3,28.52,29.966072,LSTM
2017-05-13,4,28.12,30.29517,LSTM
2017-05-13,5,28.73,30.460545,LSTM
2017-05-13,6,29.05,31.142128,LSTM
2017-05-13,7,30.91,31.570604,LSTM
2017-05-13,8,35.02,35.046207,LSTM
2017-05-13,9,35.45,33.974476,LSTM
2017-05-13,10,32.0,34.001213,LSTM
2017-05-13,11,31.04,32.95888,LSTM
2017-05-13,12,30.28,30.720537,LSTM
2017-05-13,13,28.75,27.89983,LSTM
2017-05-13,14,27.09,27.832195,LSTM
2017-05-13,15,27.07,27.669418,LSTM
2017-05-13,16,27.44,30.243843,LSTM
2017-05-13,17,29.9,35.853,LSTM
2017-05-13,18,34.79,37.272152,LSTM
2017-05-13,19,40.0,42.8799,LSTM
2017-05-13,20,41.91,40.213127,LSTM
2017-05-13,21,41.88,39.775463,LSTM
2017-05-13,22,40.0,41.073204,LSTM
2017-05-13,23,31.08,35.100742,LSTM
2017-05-14,0,27.66,31.076092,LSTM
2017-05-14,1,26.54,28.893223,LSTM
2017-05-14,2,25.65,27.087223,LSTM
2017-05-14,3,25.63,26.852013,LSTM
2017-05-14,4,25.2,25.380331,LSTM
2017-05-14,5,25.0,25.123087,LSTM
2017-05-14,6,25.56,24.368803,LSTM
2017-05-14,7,25.46,24.194204,LSTM
2017-05-14,8,25.34,25.716064,LSTM
2017-05-14,9,26.04,27.653435,LSTM
2017-05-14,10,25.04,26.155811,LSTM
2017-05-14,11,26.48,26.253183,LSTM
2017-05-14,12,27.02,25.963749,LSTM
2017-05-14,13,24.3,23.550045,LSTM
2017-05-14,14,21.06,21.47585,LSTM
2017-05-14,15,20.99,22.132921,LSTM
2017-05-14,16,23.9,23.863415,LSTM
2017-05-14,17,27.63,29.682972,LSTM
2017-05-14,18,32.07,32.704163,LSTM
2017-05-14,19,35.96,36.86134,LSTM
2017-05-14,20,39.55,38.597763,LSTM
2017-05-14,21,40.99,37.743973,LSTM
2017-05-14,22,38.17,38.888214,LSTM
2017-05-14,23,31.46,33.836636,LSTM
2017-05-15,0,30.32,29.545528,LSTM
2017-05-15,1,27.43,27.42619,LSTM
2017-05-15,2,27.18,27.037006,LSTM
2017-05-15,3,26.7,26.004257,LSTM
2017-05-15,4,27.16,25.927519,LSTM
2017-05-15,5,29.77,28.762192,LSTM
2017-05-15,6,35.38,39.37259,LSTM
2017-05-15,7,44.02,48.177773,LSTM
2017-05-15,8,46.1,50.24085,LSTM
2017-05-15,9,43.95,44.979744,LSTM
2017-05-15,10,41.94,43.05289,LSTM
2017-05-15,11,40.07,42.456097,LSTM
2017-05-15,12,35.66,38.53271,LSTM
2017-05-15,13,35.04,37.650528,LSTM
2017-05-15,14,33.48,34.43561,LSTM
2017-05-15,15,32.98,37.180004,LSTM
2017-05-15,16,33.14,37.924545,LSTM
2017-05-15,17,37.74,42.884243,LSTM
2017-05-15,18,42.82,47.16316,LSTM
2017-05-15,19,45.73,51.939896,LSTM
2017-05-15,20,44.2,49.588814,LSTM
2017-05-15,21,42.29,45.599564,LSTM
2017-05-15,22,40.22,42.193405,LSTM
2017-05-15,23,31.08,36.63501,LSTM
2017-05-16,0,29.5,30.086073,LSTM
2017-05-16,1,28.01,28.449429,LSTM
2017-05-16,2,26.7,28.507755,LSTM
2017-05-16,3,26.53,26.784916,LSTM
2017-05-16,4,26.38,26.407894,LSTM
2017-05-16,5,27.93,28.904581,LSTM
2017-05-16,6,31.81,36.870476,LSTM
2017-05-16,7,39.96,44.962814,LSTM
2017-05-16,8,41.35,45.33846,LSTM
2017-05-16,9,38.42,43.124672,LSTM
2017-05-16,10,34.53,39.447643,LSTM
2017-05-16,11,34.84,40.346733,LSTM
2017-05-16,12,31.88,37.435474,LSTM
2017-05-16,13,31.06,36.751278,LSTM
2017-05-16,14,31.58,35.583187,LSTM
2017-05-16,15,32.33,35.68324,LSTM
2017-05-16,16,34.52,35.667587,LSTM
2017-05-16,17,37.04,37.003494,LSTM
2017-05-16,18,41.0,42.71575,LSTM
2017-05-16,19,42.94,44.820267,LSTM
2017-05-16,20,42.77,42.815567,LSTM
2017-05-16,21,41.5,38.976135,LSTM
2017-05-16,22,37.01,37.15561,LSTM
2017-05-16,23,31.92,31.531174,LSTM
2017-05-17,0,29.66,29.2904,LSTM
2017-05-17,1,27.7,28.315205,LSTM
2017-05-17,2,27.17,29.021978,LSTM
2017-05-17,3,26.45,27.454134,LSTM
2017-05-17,4,26.49,26.905375,LSTM
2017-05-17,5,27.58,29.862404,LSTM
2017-05-17,6,36.19,36.643734,LSTM
2017-05-17,7,41.0,44.359783,LSTM
2017-05-17,8,41.0,44.82476,LSTM
2017-05-17,9,38.95,41.734264,LSTM
2017-05-17,10,33.54,39.522938,LSTM
2017-05-17,11,32.94,39.292717,LSTM
2017-05-17,12,31.03,33.454693,LSTM
2017-05-17,13,30.21,31.397375,LSTM
2017-05-17,14,29.14,28.94472,LSTM
2017-05-17,15,28.22,31.718687,LSTM
2017-05-17,16,29.48,31.436455,LSTM
2017-05-17,17,34.77,33.437637,LSTM
2017-05-17,18,38.34,37.93938,LSTM
2017-05-17,19,40.98,37.85502,LSTM
2017-05-17,20,37.9,35.084156,LSTM
2017-05-17,21,34.02,33.804466,LSTM
2017-05-17,22,31.01,30.178566,LSTM
2017-05-17,23,26.68,26.613293,LSTM
2017-05-18,0,26.04,24.663933,LSTM
2017-05-18,1,24.31,22.784704,LSTM
2017-05-18,2,22.43,23.358423,LSTM
2017-05-18,3,20.68,20.917677,LSTM
2017-05-18,4,22.46,21.606512,LSTM
2017-05-18,5,26.06,26.28664,LSTM
2017-05-18,6,32.68,32.5322,LSTM
2017-05-18,7,40.4,38.32422,LSTM
2017-05-18,8,42.98,39.41742,LSTM
2017-05-18,9,37.93,35.34453,LSTM
2017-05-18,10,33.14,36.17367,LSTM
2017-05-18,11,31.75,35.54205,LSTM
2017-05-18,12,31.02,32.853123,LSTM
2017-05-18,13,29.99,32.991177,LSTM
2017-05-18,14,31.0,33.56755,LSTM
2017-05-18,15,30.78,38.466415,LSTM
2017-05-18,16,36.1,36.76005,LSTM
2017-05-18,17,37.98,43.29675,LSTM
2017-05-18,18,39.45,46.933018,LSTM
2017-05-18,19,39.54,45.359436,LSTM
2017-05-18,20,39.91,43.319088,LSTM
2017-05-18,21,38.95,45.06865,LSTM
2017-05-18,22,37.86,41.782257,LSTM
2017-05-18,23,32.26,37.282066,LSTM
2017-05-19,0,30.0,30.383656,LSTM
2017-05-19,1,28.6,28.615978,LSTM
2017-05-19,2,26.67,30.335247,LSTM
2017-05-19,3,26.31,26.97567,LSTM
2017-05-19,4,25.97,26.250774,LSTM
2017-05-19,5,27.6,28.317598,LSTM
2017-05-19,6,30.9,33.31845,LSTM
2017-05-19,7,39.91,41.105865,LSTM
2017-05-19,8,41.55,39.904243,LSTM
2017-05-19,9,39.9,43.187088,LSTM
2017-05-19,10,38.95,38.741886,LSTM
2017-05-19,11,39.8,39.763058,LSTM
2017-05-19,12,37.72,36.949764,LSTM
2017-05-19,13,36.38,35.713966,LSTM
2017-05-19,14,35.05,32.762955,LSTM
2017-05-19,15,34.59,32.951687,LSTM
2017-05-19,16,31.06,34.70833,LSTM
2017-05-19,17,36.01,34.930374,LSTM
2017-05-19,18,38.5,36.96378,LSTM
2017-05-19,19,38.97,34.727535,LSTM
2017-05-19,20,36.04,35.9945,LSTM
2017-05-19,21,37.0,32.910522,LSTM
2017-05-19,22,36.98,32.269703,LSTM
2017-05-19,23,32.76,30.604795,LSTM
2017-05-20,0,24.02,29.75294,LSTM
2017-05-20,1,24.26,27.597713,LSTM
2017-05-20,2,24.74,26.480747,LSTM
2017-05-20,3,26.71,25.677645,LSTM
2017-05-20,4,25.93,25.110844,LSTM
2017-05-20,5,24.08,25.908133,LSTM
2017-05-20,6,26.5,26.891043,LSTM
2017-05-20,7,26.06,27.912395,LSTM
2017-05-20,8,27.0,30.613533,LSTM
2017-05-20,9,25.3,32.034805,LSTM
2017-05-20,10,23.99,30.81831,LSTM
2017-05-20,11,24.11,31.471888,LSTM
2017-05-20,12,23.83,29.577091,LSTM
2017-05-20,13,22.83,28.676365,LSTM
2017-05-20,14,21.44,26.604782,LSTM
2017-05-20,15,21.73,27.340487,LSTM
2017-05-20,16,23.92,28.216736,LSTM
2017-05-20,17,25.64,33.19266,LSTM
2017-05-20,18,29.0,36.096413,LSTM
2017-05-20,19,33.34,38.529095,LSTM
2017-05-20,20,33.5,38.9537,LSTM
2017-05-20,21,33.08,38.202034,LSTM
2017-05-20,22,34.12,38.70677,LSTM
2017-05-20,23,30.05,34.646866,LSTM
2017-05-21,0,23.66,30.02958,LSTM
2017-05-21,1,18.12,26.273596,LSTM
2017-05-21,2,14.12,23.712194,LSTM
2017-05-21,3,12.18,22.469053,LSTM
2017-05-21,4,11.65,22.885956,LSTM
2017-05-21,5,11.52,20.805395,LSTM
2017-05-21,6,11.98,18.84692,LSTM
2017-05-21,7,12.36,17.538713,LSTM
2017-05-21,8,13.7,20.825266,LSTM
2017-05-21,9,12.07,20.078085,LSTM
2017-05-21,10,10.02,22.687263,LSTM
2017-05-21,11,11.86,19.614956,LSTM
2017-05-21,12,12.29,18.77895,LSTM
2017-05-21,13,11.93,18.037384,LSTM
2017-05-21,14,10.28,17.178135,LSTM
2017-05-21,15,11.93,18.48294,LSTM
2017-05-21,16,16.92,18.001604,LSTM
2017-05-21,17,23.05,23.168983,LSTM
2017-05-21,18,28.12,28.633938,LSTM
2017-05-21,19,32.91,33.649124,LSTM
2017-05-21,20,35.07,34.078053,LSTM
2017-05-21,21,35.32,36.66437,LSTM
2017-05-21,22,36.11,36.23892,LSTM
2017-05-21,23,33.43,30.681305,LSTM
2017-05-22,0,29.84,27.6045,LSTM
2017-05-22,1,28.01,25.540596,LSTM
2017-05-22,2,26.9,25.453627,LSTM
2017-05-22,3,26.01,24.07099,LSTM
2017-05-22,4,26.86,23.840843,LSTM
2017-05-22,5,27.38,25.780062,LSTM
2017-05-22,6,35.49,32.874603,LSTM
2017-05-22,7,40.0,37.556187,LSTM
2017-05-22,8,42.2,38.19682,LSTM
2017-05-22,9,38.82,36.07558,LSTM
2017-05-22,10,37.02,33.489662,LSTM
2017-05-22,11,36.99,34.77337,LSTM
2017-05-22,12,36.96,30.844452,LSTM
2017-05-22,13,37.91,30.188347,LSTM
2017-05-22,14,36.93,28.359432,LSTM
2017-05-22,15,36.94,28.69582,LSTM
2017-05-22,16,36.2,31.140633,LSTM
2017-05-22,17,38.71,33.292187,LSTM
2017-05-22,18,43.65,38.055923,LSTM
2017-05-22,19,44.36,40.842712,LSTM
2017-05-22,20,41.95,39.968315,LSTM
2017-05-22,21,41.21,36.87877,LSTM
2017-05-22,22,40.84,34.915062,LSTM
2017-05-22,23,34.07,31.38855,LSTM
2017-05-23,0,32.24,30.29755,LSTM
2017-05-23,1,32.17,28.52491,LSTM
2017-05-23,2,29.72,28.350063,LSTM
2017-05-23,3,28.05,26.977001,LSTM
2017-05-23,4,28.04,26.685062,LSTM
2017-05-23,5,29.71,28.236555,LSTM
2017-05-23,6,36.99,35.05682,LSTM
2017-05-23,7,41.78,41.90415,LSTM
2017-05-23,8,41.4,41.86922,LSTM
2017-05-23,9,41.89,40.163307,LSTM
2017-05-23,10,38.05,36.484024,LSTM
2017-05-23,11,36.94,36.874474,LSTM
2017-05-23,12,33.97,33.032307,LSTM
2017-05-23,13,30.5,31.08629,LSTM
2017-05-23,14,31.01,28.243011,LSTM
2017-05-23,15,29.1,26.684029,LSTM
2017-05-23,16,29.06,27.846125,LSTM
2017-05-23,17,31.84,29.220907,LSTM
2017-05-23,18,33.75,33.70273,LSTM
2017-05-23,19,37.11,34.801838,LSTM
2017-05-23,20,35.64,35.522213,LSTM
2017-05-23,21,35.0,33.36267,LSTM
2017-05-23,22,30.99,31.635681,LSTM
2017-05-23,23,28.41,27.856657,LSTM
2017-05-24,0,27.15,25.336048,LSTM
2017-05-24,1,24.45,22.879002,LSTM
2017-05-24,2,20.09,21.670746,LSTM
2017-05-24,3,20.13,21.20231,LSTM
2017-05-24,4,21.56,20.887693,LSTM
2017-05-24,5,26.03,22.918268,LSTM
2017-05-24,6,30.1,29.310036,LSTM
2017-05-24,7,36.93,34.006313,LSTM
2017-05-24,8,37.55,35.573586,LSTM
2017-05-24,9,34.97,32.90094,LSTM
2017-05-24,10,31.98,29.431223,LSTM
2017-05-24,11,32.35,30.773327,LSTM
2017-05-24,12,30.09,28.307394,LSTM
2017-05-24,13,28.8,29.843416,LSTM
2017-05-24,14,29.79,28.645233,LSTM
2017-05-24,15,32.96,31.998917,LSTM
2017-05-24,16,32.13,31.319887,LSTM
2017-05-24,17,36.91,37.543575,LSTM
2017-05-24,18,39.92,41.557903,LSTM
2017-05-24,19,40.57,42.816116,LSTM
2017-05-24,20,40.84,42.20967,LSTM
2017-05-24,21,40.06,43.337933,LSTM
2017-05-24,22,40.98,41.96508,LSTM
2017-05-24,23,36.91,38.614555,LSTM
2017-05-25,0,33.41,32.345776,LSTM
2017-05-25,1,31.98,29.47184,LSTM
2017-05-25,2,28.07,29.396112,LSTM
2017-05-25,3,28.0,26.318348,LSTM
2017-05-25,4,27.97,26.235426,LSTM
2017-05-25,5,26.97,26.158478,LSTM
2017-05-25,6,24.59,26.648468,LSTM
2017-05-25,7,24.93,25.01345,LSTM
2017-05-25,8,25.85,27.344131,LSTM
2017-05-25,9,25.79,29.066494,LSTM
2017-05-25,10,25.59,25.929504,LSTM
2017-05-25,11,26.02,25.448883,LSTM
2017-05-25,12,25.16,26.514336,LSTM
2017-05-25,13,21.74,24.278954,LSTM
2017-05-25,14,19.97,25.00121,LSTM
2017-05-25,15,19.99,21.553064,LSTM
2017-05-25,16,21.12,24.406376,LSTM
2017-05-25,17,27.08,28.331482,LSTM
2017-05-25,18,29.9,31.166128,LSTM
2017-05-25,19,33.92,31.369137,LSTM
2017-05-25,20,36.7,34.148735,LSTM
2017-05-25,21,36.69,34.921997,LSTM
2017-05-25,22,36.98,35.65469,LSTM
2017-05-25,23,31.08,31.152452,LSTM
2017-05-26,0,28.12,28.417622,LSTM
2017-05-26,1,25.38,26.306988,LSTM
2017-05-26,2,24.06,26.364655,LSTM
2017-05-26,3,23.51,24.796207,LSTM
2017-05-26,4,24.27,25.311855,LSTM
2017-05-26,5,26.39,27.697683,LSTM
2017-05-26,6,33.94,33.235435,LSTM
2017-05-26,7,37.93,38.680286,LSTM
2017-05-26,8,38.3,41.118237,LSTM
2017-05-26,9,36.48,37.616318,LSTM
2017-05-26,10,34.01,38.318604,LSTM
2017-05-26,11,33.08,37.898514,LSTM
2017-05-26,12,30.86,34.99135,LSTM
2017-05-26,13,28.32,33.611267,LSTM
2017-05-26,14,27.12,33.258488,LSTM
2017-05-26,15,27.53,34.867344,LSTM
2017-05-26,16,28.63,34.820126,LSTM
2017-05-26,17,34.64,38.817886,LSTM
2017-05-26,18,38.85,40.587326,LSTM
2017-05-26,19,41.97,44.588745,LSTM
2017-05-26,20,41.95,41.05708,LSTM
2017-05-26,21,39.99,41.34745,LSTM
2017-05-26,22,39.96,40.033028,LSTM
2017-05-26,23,35.2,34.60165,LSTM
2017-05-27,0,35.91,29.497719,LSTM
2017-05-27,1,31.03,27.096157,LSTM
2017-05-27,2,27.6,26.08287,LSTM
2017-05-27,3,26.0,24.604103,LSTM
2017-05-27,4,24.58,24.27885,LSTM
2017-05-27,5,24.4,23.710337,LSTM
2017-05-27,6,26.1,25.891344,LSTM
2017-05-27,7,29.14,26.114094,LSTM
2017-05-27,8,30.13,27.981209,LSTM
2017-05-27,9,29.36,25.487679,LSTM
2017-05-27,10,26.1,23.631607,LSTM
2017-05-27,11,24.69,22.689697,LSTM
2017-05-27,12,22.04,19.261082,LSTM
2017-05-27,13,15.27,18.90382,LSTM
2017-05-27,14,13.38,17.703415,LSTM
2017-05-27,15,14.9,16.083626,LSTM
2017-05-27,16,20.09,19.878178,LSTM
2017-05-27,17,27.31,23.5448,LSTM
2017-05-27,18,34.3,27.443375,LSTM
2017-05-27,19,37.13,30.355003,LSTM
2017-05-27,20,35.97,31.401836,LSTM
2017-05-27,21,34.34,29.860422,LSTM
2017-05-27,22,33.98,28.354862,LSTM
2017-05-27,23,24.68,24.88598,LSTM
2017-05-28,0,20.72,21.259922,LSTM
2017-05-28,1,16.08,17.340466,LSTM
2017-05-28,2,18.66,17.569654,LSTM
2017-05-28,3,16.58,16.44907,LSTM
2017-05-28,4,14.25,16.8988,LSTM
2017-05-28,5,9.91,17.97872,LSTM
2017-05-28,6,14.36,16.854225,LSTM
2017-05-28,7,18.27,19.927649,LSTM
2017-05-28,8,19.04,21.226633,LSTM
2017-05-28,9,17.18,19.193033,LSTM
2017-05-28,10,11.65,17.17993,LSTM
2017-05-28,11,11.63,16.375143,LSTM
2017-05-28,12,15.07,15.992361,LSTM
2017-05-28,13,10.18,11.580997,LSTM
2017-05-28,14,10.08,13.07049,LSTM
2017-05-28,15,10.14,14.042908,LSTM
2017-05-28,16,10.08,17.12104,LSTM
2017-05-28,17,21.95,24.29689,LSTM
2017-05-28,18,31.05,31.75803,LSTM
2017-05-28,19,36.95,36.640648,LSTM
2017-05-28,20,38.66,37.87583,LSTM
2017-05-28,21,38.65,39.17903,LSTM
2017-05-28,22,40.66,39.252754,LSTM
2017-05-28,23,36.92,34.459465,LSTM
2017-05-29,0,29.02,28.99092,LSTM
2017-05-29,1,28.3,26.553444,LSTM
2017-05-29,2,26.27,27.060429,LSTM
2017-05-29,3,25.6,24.660515,LSTM
2017-05-29,4,25.6,25.204033,LSTM
2017-05-29,5,26.4,27.79739,LSTM
2017-05-29,6,35.97,38.81384,LSTM
2017-05-29,7,42.7,43.96334,LSTM
2017-05-29,8,43.06,44.412987,LSTM
2017-05-29,9,42.71,39.74609,LSTM
2017-05-29,10,41.82,38.252846,LSTM
2017-05-29,11,41.32,37.27556,LSTM
2017-05-29,12,37.99,33.22685,LSTM
2017-05-29,13,37.41,31.706776,LSTM
2017-05-29,14,35.58,31.243015,LSTM
2017-05-29,15,36.32,31.359804,LSTM
2017-05-29,16,37.91,33.701965,LSTM
2017-05-29,17,42.18,37.301907,LSTM
2017-05-29,18,44.08,40.058277,LSTM
2017-05-29,19,46.15,47.520935,LSTM
2017-05-29,20,43.76,46.018085,LSTM
2017-05-29,21,42.02,42.00172,LSTM
2017-05-29,22,40.91,39.100033,LSTM
2017-05-29,23,32.69,33.457764,LSTM
2017-05-30,0,35.81,31.649946,LSTM
2017-05-30,1,32.55,30.302551,LSTM
2017-05-30,2,30.93,28.951113,LSTM
2017-05-30,3,28.77,28.028027,LSTM
2017-05-30,4,28.41,29.217049,LSTM
2017-05-30,5,31.3,30.580675,LSTM
2017-05-30,6,38.05,37.690002,LSTM
2017-05-30,7,49.6,45.599083,LSTM
2017-05-30,8,52.23,46.887924,LSTM
2017-05-30,9,50.08,42.259254,LSTM
2017-05-30,10,45.02,39.215412,LSTM
2017-05-30,11,43.26,37.50771,LSTM
2017-05-30,12,35.0,34.101192,LSTM
2017-05-30,13,31.09,31.25885,LSTM
2017-05-30,14,30.3,30.366896,LSTM
2017-05-30,15,30.95,29.466156,LSTM
2017-05-30,16,31.57,30.334133,LSTM
2017-05-30,17,35.1,34.940445,LSTM
2017-05-30,18,39.91,39.395836,LSTM
2017-05-30,19,41.96,41.34463,LSTM
2017-05-30,20,40.06,41.624786,LSTM
2017-05-30,21,39.21,39.225826,LSTM
2017-05-30,22,34.44,36.83201,LSTM
2017-05-30,23,28.44,30.721725,LSTM
2017-05-31,0,28.68,28.575026,LSTM
2017-05-31,1,28.38,25.14853,LSTM
2017-05-31,2,27.28,23.336264,LSTM
2017-05-31,3,27.09,22.666376,LSTM
2017-05-31,4,27.37,23.86441,LSTM
2017-05-31,5,28.33,24.976305,LSTM
2017-05-31,6,32.09,33.131947,LSTM
2017-05-31,7,39.07,39.193798,LSTM
2017-05-31,8,39.94,39.76638,LSTM
2017-05-31,9,35.13,33.798058,LSTM
2017-05-31,10,30.08,32.953243,LSTM
2017-05-31,11,29.61,32.142212,LSTM
2017-05-31,12,29.75,27.50396,LSTM
2017-05-31,13,28.7,26.610327,LSTM
2017-05-31,14,28.37,26.283852,LSTM
2017-05-31,15,29.98,27.079044,LSTM
2017-05-31,16,29.9,27.379715,LSTM
2017-05-31,17,35.29,29.74797,LSTM
2017-05-31,18,38.95,34.09311,LSTM
2017-05-31,19,42.11,42.886158,LSTM
2017-05-31,20,41.45,42.332203,LSTM
2017-05-31,21,41.75,41.291515,LSTM
2017-05-31,22,40.51,40.09881,LSTM
2017-05-31,23,31.2,34.470654,LSTM
2017-06-01,0,30.51,31.224413,LSTM
2017-06-01,1,28.85,29.000376,LSTM
2017-06-01,2,28.94,29.862282,LSTM
2017-06-01,3,29.1,26.5961,LSTM
2017-06-01,4,28.8,27.905575,LSTM
2017-06-01,5,28.81,30.396214,LSTM
2017-06-01,6,34.43,37.821175,LSTM
2017-06-01,7,39.35,45.037663,LSTM
2017-06-01,8,41.28,46.12522,LSTM
2017-06-01,9,38.03,39.751503,LSTM
2017-06-01,10,33.24,36.87998,LSTM
2017-06-01,11,33.0,35.143463,LSTM
2017-06-01,12,31.01,33.168587,LSTM
2017-06-01,13,31.86,32.05131,LSTM
2017-06-01,14,31.34,33.121265,LSTM
2017-06-01,15,34.08,33.192642,LSTM
2017-06-01,16,35.08,33.967278,LSTM
2017-06-01,17,40.96,36.910667,LSTM
2017-06-01,18,44.92,47.7882,LSTM
2017-06-01,19,50.0,51.32335,LSTM
2017-06-01,20,46.88,48.371136,LSTM
2017-06-01,21,44.91,47.1835,LSTM
2017-06-01,22,44.95,44.10376,LSTM
2017-06-01,23,39.94,36.31814,LSTM
2017-06-02,0,30.41,32.45332,LSTM
2017-06-02,1,29.32,30.462,LSTM
2017-06-02,2,28.38,31.488758,LSTM
2017-06-02,3,28.04,28.47586,LSTM
2017-06-02,4,28.32,29.053715,LSTM
2017-06-02,5,28.36,31.631739,LSTM
2017-06-02,6,35.33,38.51168,LSTM
2017-06-02,7,40.24,45.474483,LSTM
2017-06-02,8,41.5,44.39725,LSTM
2017-06-02,9,39.96,40.563206,LSTM
2017-06-02,10,38.67,38.230392,LSTM
2017-06-02,11,37.89,36.95912,LSTM
2017-06-02,12,37.34,34.39255,LSTM
2017-06-02,13,35.08,33.174244,LSTM
2017-06-02,14,33.62,33.35217,LSTM
2017-06-02,15,34.82,33.157806,LSTM
2017-06-02,16,35.96,35.234,LSTM
2017-06-02,17,39.7,37.976612,LSTM
2017-06-02,18,42.78,43.227993,LSTM
2017-06-02,19,44.9,46.307163,LSTM
2017-06-02,20,43.52,44.34254,LSTM
2017-06-02,21,41.98,41.942173,LSTM
2017-06-02,22,41.96,40.533817,LSTM
2017-06-02,23,36.64,34.32594,LSTM
2017-06-03,0,30.08,33.605232,LSTM
2017-06-03,1,30.76,31.441757,LSTM
2017-06-03,2,28.74,30.195934,LSTM
2017-06-03,3,27.06,29.091959,LSTM
2017-06-03,4,26.49,28.686552,LSTM
2017-06-03,5,25.0,28.906662,LSTM
2017-06-03,6,26.51,29.697948,LSTM
2017-06-03,7,26.89,29.924454,LSTM
2017-06-03,8,30.79,30.5055,LSTM
2017-06-03,9,31.25,32.312134,LSTM
2017-06-03,10,28.31,30.159098,LSTM
2017-06-03,11,27.03,30.563437,LSTM
2017-06-03,12,26.49,29.18615,LSTM
2017-06-03,13,26.93,27.644547,LSTM
2017-06-03,14,26.71,26.803484,LSTM
2017-06-03,15,26.97,25.624712,LSTM
2017-06-03,16,28.29,28.194933,LSTM
2017-06-03,17,33.94,32.37223,LSTM
2017-06-03,18,37.3,35.19555,LSTM
2017-06-03,19,38.16,37.857662,LSTM
2017-06-03,20,36.96,39.24557,LSTM
2017-06-03,21,36.97,36.037483,LSTM
2017-06-03,22,38.57,36.90169,LSTM
2017-06-03,23,35.91,32.75409,LSTM
2017-06-04,0,29.93,32.20289,LSTM
2017-06-04,1,26.93,27.797699,LSTM
2017-06-04,2,23.24,25.640137,LSTM
2017-06-04,3,22.54,25.632671,LSTM
2017-06-04,4,21.58,23.776833,LSTM
2017-06-04,5,19.5,23.767584,LSTM
2017-06-04,6,19.85,22.08031,LSTM
2017-06-04,7,20.33,23.452631,LSTM
2017-06-04,8,22.55,22.796587,LSTM
2017-06-04,9,23.79,24.663223,LSTM
2017-06-04,10,22.99,24.655346,LSTM
2017-06-04,11,23.06,23.436596,LSTM
2017-06-04,12,19.34,18.557163,LSTM
2017-06-04,13,15.08,15.462593,LSTM
2017-06-04,14,9.98,13.081213,LSTM
2017-06-04,15,10.41,11.331877,LSTM
2017-06-04,16,3.43,12.082964,LSTM
2017-06-04,17,10.23,14.95133,LSTM
2017-06-04,18,25.76,20.358027,LSTM
2017-06-04,19,31.06,31.275034,LSTM
2017-06-04,20,34.91,33.26458,LSTM
2017-06-04,21,34.99,35.62044,LSTM
2017-06-04,22,39.91,35.323288,LSTM
2017-06-04,23,34.9,30.512962,LSTM
2017-06-05,0,28.92,26.709305,LSTM
2017-06-05,1,24.72,24.11672,LSTM
2017-06-05,2,23.09,24.72434,LSTM
2017-06-05,3,22.22,21.113237,LSTM
2017-06-05,4,22.19,22.4928,LSTM
2017-06-05,5,23.09,23.641018,LSTM
2017-06-05,6,24.1,27.720274,LSTM
2017-06-05,7,24.62,25.63606,LSTM
2017-06-05,8,27.02,30.61408,LSTM
2017-06-05,9,27.12,28.035938,LSTM
2017-06-05,10,24.35,24.62883,LSTM
2017-06-05,11,25.31,25.26936,LSTM
2017-06-05,12,24.52,24.885345,LSTM
2017-06-05,13,24.11,21.944008,LSTM
2017-06-05,14,23.08,21.865627,LSTM
2017-06-05,15,23.84,19.684704,LSTM
2017-06-05,16,26.86,24.46281,LSTM
2017-06-05,17,30.02,29.089588,LSTM
2017-06-05,18,35.94,36.08783,LSTM
2017-06-05,19,39.01,39.294876,LSTM
2017-06-05,20,39.65,38.426193,LSTM
2017-06-05,21,38.61,38.161896,LSTM
2017-06-05,22,38.42,38.82164,LSTM
2017-06-05,23,30.14,31.99016,LSTM
2017-06-06,0,24.22,25.460403,LSTM
2017-06-06,1,19.3,23.698578,LSTM
2017-06-06,2,14.49,22.880272,LSTM
2017-06-06,3,10.54,20.4025,LSTM
2017-06-06,4,10.22,20.113607,LSTM
2017-06-06,5,13.38,22.75419,LSTM
2017-06-06,6,29.22,30.345545,LSTM
2017-06-06,7,30.36,35.85637,LSTM
2017-06-06,8,36.08,38.947113,LSTM
2017-06-06,9,30.11,36.301895,LSTM
2017-06-06,10,28.09,33.64474,LSTM
2017-06-06,11,27.27,34.115913,LSTM
2017-06-06,12,25.95,30.028418,LSTM
2017-06-06,13,23.45,27.957695,LSTM
2017-06-06,14,22.67,27.46985,LSTM
2017-06-06,15,19.94,26.07817,LSTM
2017-06-06,16,18.62,25.342258,LSTM
2017-06-06,17,20.04,27.50757,LSTM
2017-06-06,18,22.72,29.755716,LSTM
2017-06-06,19,23.08,29.764244,LSTM
2017-06-06,20,21.92,30.572428,LSTM
2017-06-06,21,20.44,29.621157,LSTM
2017-06-06,22,20.23,25.542843,LSTM
2017-06-06,23,4.39,21.351635,LSTM
2017-06-07,0,10.67,9.643464,LSTM
2017-06-07,1,8.8,5.255638,LSTM
2017-06-07,2,6.82,4.445154,LSTM
2017-06-07,3,2.1,3.1426697,LSTM
2017-06-07,4,1.74,5.277521,LSTM
2017-06-07,5,5.26,7.333006,LSTM
2017-06-07,6,12.33,14.176624,LSTM
2017-06-07,7,23.07,18.650013,LSTM
2017-06-07,8,18.06,18.851645,LSTM
2017-06-07,9,10.05,16.628162,LSTM
2017-06-07,10,9.66,10.628063,LSTM
2017-06-07,11,10.3,9.331072,LSTM
2017-06-07,12,9.65,8.291733,LSTM
2017-06-07,13,10.19,5.7425995,LSTM
2017-06-07,14,8.97,7.8379955,LSTM
2017-06-07,15,9.71,5.1387978,LSTM
2017-06-07,16,10.17,8.048758,LSTM
2017-06-07,17,11.79,10.094463,LSTM
2017-06-07,18,20.37,19.15571,LSTM
2017-06-07,19,25.78,24.16837,LSTM
2017-06-07,20,24.08,23.542545,LSTM
2017-06-07,21,25.56,23.75788,LSTM
2017-06-07,22,25.45,25.355186,LSTM
2017-06-07,23,18.93,18.67295,LSTM
2017-06-08,0,14.09,15.981033,LSTM
2017-06-08,1,10.2,15.309903,LSTM
2017-06-08,2,9.91,14.954554,LSTM
2017-06-08,3,9.86,13.148555,LSTM
2017-06-08,4,9.92,15.287793,LSTM
2017-06-08,5,19.06,21.073086,LSTM
2017-06-08,6,32.77,29.424685,LSTM
2017-06-08,7,35.51,34.056362,LSTM
2017-06-08,8,35.51,36.11078,LSTM
2017-06-08,9,33.65,32.756794,LSTM
2017-06-08,10,32.25,32.721203,LSTM
2017-06-08,11,32.45,34.8257,LSTM
2017-06-08,12,31.13,33.523407,LSTM
2017-06-08,13,30.0,28.633936,LSTM
2017-06-08,14,29.88,29.83571,LSTM
2017-06-08,15,30.02,27.521711,LSTM
2017-06-08,16,31.65,28.897919,LSTM
2017-06-08,17,34.79,31.148584,LSTM
2017-06-08,18,38.01,37.101772,LSTM
2017-06-08,19,43.91,42.739857,LSTM
2017-06-08,20,41.87,42.43801,LSTM
2017-06-08,21,37.6,39.3925,LSTM
2017-06-08,22,36.13,39.37705,LSTM
2017-06-08,23,30.75,33.24586,LSTM
2017-06-09,0,28.18,25.318607,LSTM
2017-06-09,1,27.92,22.663755,LSTM
2017-06-09,2,25.88,21.296286,LSTM
2017-06-09,3,24.63,19.235401,LSTM
2017-06-09,4,24.9,20.502571,LSTM
2017-06-09,5,28.21,22.114393,LSTM
2017-06-09,6,33.29,27.147243,LSTM
2017-06-09,7,39.38,33.909973,LSTM
2017-06-09,8,42.59,38.374672,LSTM
2017-06-09,9,40.59,35.504753,LSTM
2017-06-09,10,40.22,35.089153,LSTM
2017-06-09,11,40.81,33.01575,LSTM
2017-06-09,12,36.38,31.251757,LSTM
2017-06-09,13,33.83,28.549421,LSTM
2017-06-09,14,31.05,27.755478,LSTM
2017-06-09,15,29.09,28.005308,LSTM
2017-06-09,16,29.69,26.077635,LSTM
2017-06-09,17,31.44,28.596746,LSTM
2017-06-09,18,33.2,34.7474,LSTM
2017-06-09,19,35.07,37.246098,LSTM
2017-06-09,20,34.97,36.69071,LSTM
2017-06-09,21,35.9,38.154,LSTM
2017-06-09,22,37.86,35.623844,LSTM
2017-06-09,23,36.01,31.748518,LSTM
2017-06-10,0,34.65,30.867407,LSTM
2017-06-10,1,31.92,27.529009,LSTM
2017-06-10,2,28.9,27.182142,LSTM
2017-06-10,3,27.68,25.350204,LSTM
2017-06-10,4,27.06,25.99242,LSTM
2017-06-10,5,27.05,25.452076,LSTM
2017-06-10,6,27.79,25.864592,LSTM
2017-06-10,7,29.71,24.861332,LSTM
2017-06-10,8,30.9,29.216202,LSTM
2017-06-10,9,31.94,26.70911,LSTM
2017-06-10,10,29.9,25.995823,LSTM
2017-06-10,11,29.94,24.516987,LSTM
2017-06-10,12,28.35,23.511,LSTM
2017-06-10,13,25.86,22.854023,LSTM
2017-06-10,14,25.01,19.708118,LSTM
2017-06-10,15,25.03,22.267689,LSTM
2017-06-10,16,26.6,23.903019,LSTM
2017-06-10,17,29.1,27.186539,LSTM
2017-06-10,18,35.41,33.949974,LSTM
2017-06-10,19,38.24,38.825294,LSTM
2017-06-10,20,38.78,38.77424,LSTM
2017-06-10,21,38.28,39.924057,LSTM
2017-06-10,22,39.68,39.650936,LSTM
2017-06-10,23,36.94,33.77002,LSTM
2017-06-11,0,29.1,25.50848,LSTM
2017-06-11,1,25.12,20.713886,LSTM
2017-06-11,2,21.78,19.111576,LSTM
2017-06-11,3,18.0,16.800367,LSTM
2017-06-11,4,15.39,15.92737,LSTM
2017-06-11,5,12.6,14.201545,LSTM
2017-06-11,6,12.84,11.715702,LSTM
2017-06-11,7,16.49,9.76939,LSTM
2017-06-11,8,18.0,12.65497,LSTM
2017-06-11,9,18.75,14.365623,LSTM
2017-06-11,10,18.95,14.340408,LSTM
2017-06-11,11,20.58,14.3670635,LSTM
2017-06-11,12,10.19,12.959585,LSTM
2017-06-11,13,8.35,10.837461,LSTM
2017-06-11,14,10.34,9.2732315,LSTM
2017-06-11,15,10.18,9.727285,LSTM
2017-06-11,16,18.87,12.183599,LSTM
2017-06-11,17,23.58,15.452602,LSTM
2017-06-11,18,30.36,21.999792,LSTM
2017-06-11,19,33.13,28.997805,LSTM
2017-06-11,20,33.62,28.761997,LSTM
2017-06-11,21,33.4,30.788437,LSTM
2017-06-11,22,33.7,32.66609,LSTM
2017-06-11,23,28.61,25.186922,LSTM
2017-06-12,0,25.02,25.65721,LSTM
2017-06-12,1,20.66,20.216824,LSTM
2017-06-12,2,18.15,16.575422,LSTM
2017-06-12,3,14.6,13.985627,LSTM
2017-06-12,4,15.66,12.539238,LSTM
2017-06-12,5,20.37,13.471715,LSTM
2017-06-12,6,30.08,23.68531,LSTM
2017-06-12,7,36.04,28.964483,LSTM
2017-06-12,8,36.45,34.20046,LSTM
2017-06-12,9,34.49,30.699568,LSTM
2017-06-12,10,28.81,25.384937,LSTM
2017-06-12,11,26.83,22.9128,LSTM
2017-06-12,12,18.51,18.043333,LSTM
2017-06-12,13,11.31,19.762928,LSTM
2017-06-12,14,10.92,14.407808,LSTM
2017-06-12,15,11.72,17.485312,LSTM
2017-06-12,16,10.01,17.57182,LSTM
2017-06-12,17,19.77,22.514542,LSTM
2017-06-12,18,28.98,29.437353,LSTM
2017-06-12,19,35.91,32.440243,LSTM
2017-06-12,20,35.91,32.7046,LSTM
2017-06-12,21,35.43,33.79613,LSTM
2017-06-12,22,36.99,28.743544,LSTM
2017-06-12,23,29.97,24.665272,LSTM
2017-06-13,0,28.06,23.803019,LSTM
2017-06-13,1,27.0,22.793116,LSTM
2017-06-13,2,24.63,21.169785,LSTM
2017-06-13,3,23.47,20.684969,LSTM
2017-06-13,4,23.95,20.850765,LSTM
2017-06-13,5,25.5,24.121243,LSTM
2017-06-13,6,33.12,31.098677,LSTM
2017-06-13,7,39.47,37.585114,LSTM
2017-06-13,8,40.0,42.495003,LSTM
2017-06-13,9,33.9,37.853355,LSTM
2017-06-13,10,29.92,34.688774,LSTM
2017-06-13,11,29.65,34.400906,LSTM
2017-06-13,12,28.07,33.361446,LSTM
2017-06-13,13,28.43,32.977783,LSTM
2017-06-13,14,28.46,31.286411,LSTM
2017-06-13,15,29.17,34.09754,LSTM
2017-06-13,16,33.98,33.109093,LSTM
2017-06-13,17,36.9,41.089233,LSTM
2017-06-13,18,38.52,45.110943,LSTM
2017-06-13,19,42.92,45.218502,LSTM
2017-06-13,20,41.95,45.19199,LSTM
2017-06-13,21,40.96,47.767887,LSTM
2017-06-13,22,41.12,45.459633,LSTM
2017-06-13,23,36.9,40.279022,LSTM
2017-06-14,0,32.21,31.23614,LSTM
2017-06-14,1,29.18,28.983906,LSTM
2017-06-14,2,28.95,26.4742,LSTM
2017-06-14,3,27.86,25.707249,LSTM
2017-06-14,4,27.5,27.441795,LSTM
2017-06-14,5,28.98,27.741968,LSTM
2017-06-14,6,34.4,34.263016,LSTM
2017-06-14,7,41.26,43.706593,LSTM
2017-06-14,8,43.76,46.926414,LSTM
2017-06-14,9,41.63,41.875202,LSTM
2017-06-14,10,41.12,41.578926,LSTM
2017-06-14,11,39.93,41.362366,LSTM
2017-06-14,12,36.94,37.683014,LSTM
2017-06-14,13,35.99,35.14143,LSTM
2017-06-14,14,35.92,34.59558,LSTM
2017-06-14,15,35.02,33.492443,LSTM
2017-06-14,16,35.85,35.11137,LSTM
2017-06-14,17,40.53,37.626495,LSTM
2017-06-14,18,45.26,42.243057,LSTM
2017-06-14,19,49.95,44.010723,LSTM
2017-06-14,20,44.64,45.747444,LSTM
2017-06-14,21,42.91,45.415733,LSTM
2017-06-14,22,42.8,43.592575,LSTM
2017-06-14,23,35.44,37.699047,LSTM
2017-06-15,0,33.0,31.909563,LSTM
2017-06-15,1,31.04,29.793095,LSTM
2017-06-15,2,30.97,27.380526,LSTM
2017-06-15,3,29.39,26.18198,LSTM
2017-06-15,4,28.8,26.481588,LSTM
2017-06-15,5,28.88,26.079697,LSTM
2017-06-15,6,32.02,27.067507,LSTM
2017-06-15,7,37.81,27.192383,LSTM
2017-06-15,8,38.0,27.799486,LSTM
2017-06-15,9,35.49,22.962702,LSTM
2017-06-15,10,29.95,22.71148,LSTM
2017-06-15,11,31.97,22.705702,LSTM
2017-06-15,12,28.44,19.282778,LSTM
2017-06-15,13,27.73,19.013943,LSTM
2017-06-15,14,28.55,19.1797,LSTM
2017-06-15,15,27.16,17.417252,LSTM
2017-06-15,16,29.51,21.295208,LSTM
2017-06-15,17,33.81,25.505795,LSTM
2017-06-15,18,36.9,31.103214,LSTM
2017-06-15,19,37.01,35.399456,LSTM
2017-06-15,20,36.62,35.240448,LSTM
2017-06-15,21,35.02,35.60063,LSTM
2017-06-15,22,34.58,34.746216,LSTM
2017-06-15,23,30.0,27.321363,LSTM
2017-06-16,0,28.5,27.19153,LSTM
2017-06-16,1,23.93,22.429972,LSTM
2017-06-16,2,22.0,22.615337,LSTM
2017-06-16,3,21.07,19.598738,LSTM
2017-06-16,4,21.05,18.625263,LSTM
2017-06-16,5,22.41,19.939209,LSTM
2017-06-16,6,28.69,25.94831,LSTM
2017-06-16,7,33.53,32.003735,LSTM
2017-06-16,8,28.66,34.483513,LSTM
2017-06-16,9,27.32,29.793795,LSTM
2017-06-16,10,21.97,24.154842,LSTM
2017-06-16,11,18.84,20.36875,LSTM
2017-06-16,12,9.82,18.254406,LSTM
2017-06-16,13,7.53,15.457348,LSTM
2017-06-16,14,0.88,16.181149,LSTM
2017-06-16,15,1.52,16.00997,LSTM
2017-06-16,16,7.51,17.728909,LSTM
2017-06-16,17,10.1,23.628546,LSTM
2017-06-16,18,20.73,27.51632,LSTM
2017-06-16,19,25.08,31.529047,LSTM
2017-06-16,20,26.49,29.449913,LSTM
2017-06-16,21,26.56,31.188786,LSTM
2017-06-16,22,28.67,29.143358,LSTM
2017-06-16,23,21.83,22.205936,LSTM
2017-06-17,0,19.81,18.194284,LSTM
2017-06-17,1,14.97,14.978598,LSTM
2017-06-17,2,17.08,16.31103,LSTM
2017-06-17,3,19.49,14.568036,LSTM
2017-06-17,4,18.46,14.771146,LSTM
2017-06-17,5,19.77,16.957108,LSTM
2017-06-17,6,19.14,17.568779,LSTM
2017-06-17,7,21.0,18.023333,LSTM
2017-06-17,8,23.01,21.773111,LSTM
2017-06-17,9,23.49,24.102552,LSTM
2017-06-17,10,22.76,20.25387,LSTM
2017-06-17,11,22.35,18.361525,LSTM
2017-06-17,12,21.03,21.245495,LSTM
2017-06-17,13,21.08,18.296501,LSTM
2017-06-17,14,20.16,14.496217,LSTM
2017-06-17,15,20.1,18.671936,LSTM
2017-06-17,16,22.68,19.852654,LSTM
2017-06-17,17,27.62,23.942482,LSTM
2017-06-17,18,31.63,33.156437,LSTM
2017-06-17,19,35.1,37.61873,LSTM
2017-06-17,20,35.83,37.91592,LSTM
2017-06-17,21,36.97,37.02722,LSTM
2017-06-17,22,38.0,39.24055,LSTM
2017-06-17,23,35.85,34.770264,LSTM
2017-06-18,0,35.99,27.745546,LSTM
2017-06-18,1,30.08,25.470846,LSTM
2017-06-18,2,28.53,23.106739,LSTM
2017-06-18,3,26.81,22.76935,LSTM
2017-06-18,4,25.11,21.866037,LSTM
2017-06-18,5,24.29,20.915987,LSTM
2017-06-18,6,24.33,18.505653,LSTM
2017-06-18,7,25.68,16.97657,LSTM
2017-06-18,8,25.54,20.459736,LSTM
2017-06-18,9,24.4,22.63655,LSTM
2017-06-18,10,24.34,22.239304,LSTM
2017-06-18,11,24.24,20.385035,LSTM
2017-06-18,12,24.13,21.45234,LSTM
2017-06-18,13,23.53,18.961548,LSTM
2017-06-18,14,21.98,14.77106,LSTM
2017-06-18,15,22.9,17.632412,LSTM
2017-06-18,16,23.6,17.828121,LSTM
2017-06-18,17,27.18,21.554945,LSTM
2017-06-18,18,33.52,30.185879,LSTM
2017-06-18,19,37.48,33.97979,LSTM
2017-06-18,20,38.98,36.317905,LSTM
2017-06-18,21,39.09,36.354946,LSTM
2017-06-18,22,41.22,36.458225,LSTM
2017-06-18,23,37.08,31.599224,LSTM
2017-06-19,0,33.88,28.71341,LSTM
2017-06-19,1,30.2,27.458805,LSTM
2017-06-19,2,29.1,26.648668,LSTM
2017-06-19,3,28.67,25.650429,LSTM
2017-06-19,4,28.57,26.641174,LSTM
2017-06-19,5,29.1,28.80008,LSTM
2017-06-19,6,38.3,38.148705,LSTM
2017-06-19,7,42.97,42.790207,LSTM
2017-06-19,8,44.03,45.077873,LSTM
2017-06-19,9,40.98,38.98812,LSTM
2017-06-19,10,38.24,38.103794,LSTM
2017-06-19,11,38.49,36.830753,LSTM
2017-06-19,12,34.96,33.269814,LSTM
2017-06-19,13,35.06,32.47398,LSTM
2017-06-19,14,35.88,32.29663,LSTM
2017-06-19,15,38.33,32.684784,LSTM
2017-06-19,16,39.51,33.931786,LSTM
2017-06-19,17,42.1,38.250244,LSTM
2017-06-19,18,45.6,42.543217,LSTM
2017-06-19,19,49.99,49.35407,LSTM
2017-06-19,20,45.4,45.949963,LSTM
2017-06-19,21,44.13,44.023632,LSTM
2017-06-19,22,43.68,41.481346,LSTM
2017-06-19,23,36.66,34.818344,LSTM
2017-06-20,0,32.39,32.35002,LSTM
2017-06-20,1,32.1,31.526741,LSTM
2017-06-20,2,30.15,29.290405,LSTM
2017-06-20,3,28.74,29.151012,LSTM
2017-06-20,4,28.47,30.759089,LSTM
2017-06-20,5,30.47,32.00564,LSTM
2017-06-20,6,36.81,38.08632,LSTM
2017-06-20,7,43.36,45.425842,LSTM
2017-06-20,8,44.02,46.574703,LSTM
2017-06-20,9,42.3,42.282154,LSTM
2017-06-20,10,39.66,39.590958,LSTM
2017-06-20,11,36.99,36.173702,LSTM
2017-06-20,12,32.75,33.50271,LSTM
2017-06-20,13,32.0,31.092535,LSTM
2017-06-20,14,31.84,31.08788,LSTM
2017-06-20,15,31.86,29.531544,LSTM
2017-06-20,16,31.99,30.512339,LSTM
2017-06-20,17,37.34,33.80642,LSTM
2017-06-20,18,38.08,38.16021,LSTM
2017-06-20,19,39.71,40.85059,LSTM
2017-06-20,20,39.95,41.558823,LSTM
2017-06-20,21,38.9,40.9885,LSTM
2017-06-20,22,38.57,39.29183,LSTM
2017-06-20,23,34.91,33.270256,LSTM
2017-06-21,0,32.05,30.324677,LSTM
2017-06-21,1,31.94,29.564705,LSTM
2017-06-21,2,31.34,28.73263,LSTM
2017-06-21,3,30.87,27.092653,LSTM
2017-06-21,4,30.68,28.279991,LSTM
2017-06-21,5,30.92,30.357456,LSTM
2017-06-21,6,38.41,39.284943,LSTM
2017-06-21,7,44.02,46.99154,LSTM
2017-06-21,8,44.65,46.72428,LSTM
2017-06-21,9,43.24,42.912304,LSTM
2017-06-21,10,40.06,42.79177,LSTM
2017-06-21,11,39.54,43.59098,LSTM
2017-06-21,12,37.64,39.229202,LSTM
2017-06-21,13,36.09,39.31989,LSTM
2017-06-21,14,33.65,38.85975,LSTM
2017-06-21,15,34.69,37.76056,LSTM
2017-06-21,16,38.2,40.007095,LSTM
2017-06-21,17,45.64,41.833004,LSTM
2017-06-21,18,50.94,45.416275,LSTM
2017-06-21,19,56.95,50.262405,LSTM
2017-06-21,20,51.03,49.05408,LSTM
2017-06-21,21,45.44,46.46895,LSTM
2017-06-21,22,44.05,45.101704,LSTM
2017-06-21,23,36.68,38.58887,LSTM
2017-06-22,0,35.94,32.70802,LSTM
2017-06-22,1,34.45,30.547504,LSTM
2017-06-22,2,32.04,30.73085,LSTM
2017-06-22,3,30.96,27.573284,LSTM
2017-06-22,4,29.2,29.633518,LSTM
2017-06-22,5,30.2,30.356607,LSTM
2017-06-22,6,36.46,35.38824,LSTM
2017-06-22,7,42.39,42.13645,LSTM
2017-06-22,8,44.8,43.19493,LSTM
2017-06-22,9,40.88,40.814606,LSTM
2017-06-22,10,38.91,36.142536,LSTM
2017-06-22,11,37.15,32.120243,LSTM
2017-06-22,12,34.96,31.7964,LSTM
2017-06-22,13,31.71,28.52354,LSTM
2017-06-22,14,30.29,29.525707,LSTM
2017-06-22,15,30.37,27.061298,LSTM
2017-06-22,16,30.17,31.000778,LSTM
2017-06-22,17,37.43,33.23679,LSTM
2017-06-22,18,39.9,38.47074,LSTM
2017-06-22,19,41.91,38.58875,LSTM
2017-06-22,20,38.99,40.36208,LSTM
2017-06-22,21,37.56,38.475475,LSTM
2017-06-22,22,36.07,37.660946,LSTM
2017-06-22,23,30.95,32.406105,LSTM
2017-06-23,0,25.33,28.359186,LSTM
2017-06-23,1,23.55,24.189001,LSTM
2017-06-23,2,22.43,22.748701,LSTM
2017-06-23,3,21.41,23.186111,LSTM
2017-06-23,4,21.59,23.579294,LSTM
2017-06-23,5,23.34,24.83204,LSTM
2017-06-23,6,28.09,30.325022,LSTM
2017-06-23,7,36.26,37.013695,LSTM
2017-06-23,8,38.28,38.803646,LSTM
2017-06-23,9,34.09,37.6067,LSTM
2017-06-23,10,30.45,33.974663,LSTM
2017-06-23,11,29.05,32.142967,LSTM
2017-06-23,12,27.77,30.006142,LSTM
2017-06-23,13,26.1,28.445934,LSTM
2017-06-23,14,25.07,25.439041,LSTM
2017-06-23,15,24.98,29.779116,LSTM
2017-06-23,16,25.01,28.820503,LSTM
2017-06-23,17,29.06,31.638649,LSTM
2017-06-23,18,36.46,36.557026,LSTM
2017-06-23,19,38.42,41.537865,LSTM
2017-06-23,20,38.44,43.07638,LSTM
2017-06-23,21,37.98,44.765583,LSTM
2017-06-23,22,39.23,43.96107,LSTM
2017-06-23,23,36.43,39.663258,LSTM
2017-06-24,0,29.33,32.534897,LSTM
2017-06-24,1,28.01,27.673853,LSTM
2017-06-24,2,24.01,25.744125,LSTM
2017-06-24,3,23.02,24.583553,LSTM
2017-06-24,4,20.6,22.919985,LSTM
2017-06-24,5,19.99,21.197832,LSTM
2017-06-24,6,22.09,21.577736,LSTM
2017-06-24,7,24.53,21.940857,LSTM
2017-06-24,8,25.66,22.860376,LSTM
2017-06-24,9,24.8,24.144018,LSTM
2017-06-24,10,22.0,21.389687,LSTM
2017-06-24,11,11.82,20.50874,LSTM
2017-06-24,12,11.79,18.341215,LSTM
2017-06-24,13,10.32,17.878557,LSTM
2017-06-24,14,7.38,14.124248,LSTM
2017-06-24,15,9.77,16.875263,LSTM
2017-06-24,16,12.64,17.796402,LSTM
2017-06-24,17,20.31,19.40902,LSTM
2017-06-24,18,29.59,26.066484,LSTM
2017-06-24,19,31.07,30.806992,LSTM
2017-06-24,20,29.82,34.15321,LSTM
2017-06-24,21,31.38,35.503735,LSTM
2017-06-24,22,31.94,34.24935,LSTM
2017-06-24,23,29.75,28.902414,LSTM
2017-06-25,0,28.06,23.96858,LSTM
2017-06-25,1,23.59,19.877844,LSTM
2017-06-25,2,20.79,20.1184,LSTM
2017-06-25,3,18.25,19.056467,LSTM
2017-06-25,4,14.45,16.586086,LSTM
2017-06-25,5,10.25,16.012772,LSTM
2017-06-25,6,10.26,11.570957,LSTM
2017-06-25,7,17.69,12.201336,LSTM
2017-06-25,8,17.77,11.356739,LSTM
2017-06-25,9,16.11,14.921581,LSTM
2017-06-25,10,13.29,11.917194,LSTM
2017-06-25,11,13.61,11.7458,LSTM
2017-06-25,12,11.27,11.395397,LSTM
2017-06-25,13,7.32,4.9548416,LSTM
2017-06-25,14,0.65,4.858986,LSTM
2017-06-25,15,3.3,3.1256294,LSTM
2017-06-25,16,8.17,8.047079,LSTM
2017-06-25,17,17.01,14.157141,LSTM
2017-06-25,18,21.69,19.734837,LSTM
2017-06-25,19,29.21,25.716564,LSTM
2017-06-25,20,33.94,27.078487,LSTM
2017-06-25,21,35.21,27.254871,LSTM
2017-06-25,22,38.91,30.555195,LSTM
2017-06-25,23,36.21,23.68521,LSTM
2017-06-26,0,33.29,27.00056,LSTM
2017-06-26,1,30.8,23.640438,LSTM
2017-06-26,2,28.03,24.373108,LSTM
2017-06-26,3,26.16,22.676817,LSTM
2017-06-26,4,23.96,22.283106,LSTM
2017-06-26,5,26.21,25.788422,LSTM
2017-06-26,6,37.12,31.853512,LSTM
2017-06-26,7,39.43,38.268578,LSTM
2017-06-26,8,38.98,39.196728,LSTM
2017-06-26,9,34.43,35.83173,LSTM
2017-06-26,10,28.85,33.743797,LSTM
2017-06-26,11,28.09,32.376274,LSTM
2017-06-26,12,27.49,30.025682,LSTM
2017-06-26,13,27.35,29.065212,LSTM
2017-06-26,14,26.2,27.135784,LSTM
2017-06-26,15,27.2,30.29723,LSTM
2017-06-26,16,28.03,31.714453,LSTM
2017-06-26,17,35.38,34.773136,LSTM
2017-06-26,18,39.9,41.914803,LSTM
2017-06-26,19,42.91,45.697308,LSTM
2017-06-26,20,41.58,44.217888,LSTM
2017-06-26,21,40.55,45.543003,LSTM
2017-06-26,22,42.4,43.302002,LSTM
2017-06-26,23,38.46,38.871532,LSTM
2017-06-27,0,31.07,31.341742,LSTM
2017-06-27,1,30.07,30.47955,LSTM
2017-06-27,2,29.09,30.972492,LSTM
2017-06-27,3,29.04,29.044659,LSTM
2017-06-27,4,28.69,29.413107,LSTM
2017-06-27,5,29.41,30.308138,LSTM
2017-06-27,6,37.94,37.730217,LSTM
2017-06-27,7,43.55,46.86182,LSTM
2017-06-27,8,46.66,48.6589,LSTM
2017-06-27,9,46.3,47.87762,LSTM
2017-06-27,10,46.69,46.080006,LSTM
2017-06-27,11,48.04,48.129765,LSTM
2017-06-27,12,45.95,44.644047,LSTM
2017-06-27,13,44.45,43.025806,LSTM
2017-06-27,14,44.1,40.741554,LSTM
2017-06-27,15,40.15,39.19107,LSTM
2017-06-27,16,42.53,38.165955,LSTM
2017-06-27,17,42.6,39.309467,LSTM
2017-06-27,18,43.93,42.119473,LSTM
2017-06-27,19,43.95,40.05185,LSTM
2017-06-27,20,40.24,40.143726,LSTM
2017-06-27,21,37.98,38.650997,LSTM
2017-06-27,22,32.62,36.916668,LSTM
2017-06-27,23,27.3,32.6568,LSTM
2017-06-28,0,28.77,28.121603,LSTM
2017-06-28,1,27.35,26.135622,LSTM
2017-06-28,2,26.38,24.34778,LSTM
2017-06-28,3,26.02,22.951345,LSTM
2017-06-28,4,25.96,23.313122,LSTM
2017-06-28,5,27.96,25.423775,LSTM
2017-06-28,6,32.76,30.942343,LSTM
2017-06-28,7,38.64,37.155888,LSTM
2017-06-28,8,41.51,38.158978,LSTM
2017-06-28,9,41.99,37.095295,LSTM
2017-06-28,10,41.95,34.305443,LSTM
2017-06-28,11,42.7,34.191948,LSTM
2017-06-28,12,41.45,32.56866,LSTM
2017-06-28,13,38.97,32.1815,LSTM
2017-06-28,14,36.57,31.237268,LSTM
2017-06-28,15,33.79,33.12162,LSTM
2017-06-28,16,34.9,32.692665,LSTM
2017-06-28,17,38.4,34.89753,LSTM
2017-06-28,18,38.97,40.187286,LSTM
2017-06-28,19,40.0,39.333065,LSTM
2017-06-28,20,38.95,40.18702,LSTM
2017-06-28,21,35.61,39.842495,LSTM
2017-06-28,22,35.92,37.52627,LSTM
2017-06-28,23,31.24,33.824326,LSTM
2017-06-29,0,32.42,30.986603,LSTM
2017-06-29,1,30.59,29.96778,LSTM
2017-06-29,2,29.94,28.643255,LSTM
2017-06-29,3,29.03,27.899624,LSTM
2017-06-29,4,29.05,28.347797,LSTM
2017-06-29,5,30.12,28.780312,LSTM
2017-06-29,6,33.95,35.65277,LSTM
2017-06-29,7,41.9,45.772823,LSTM
2017-06-29,8,46.96,47.816437,LSTM
2017-06-29,9,47.53,49.287987,LSTM
2017-06-29,10,47.53,47.2183,LSTM
2017-06-29,11,47.81,49.997593,LSTM
2017-06-29,12,45.99,46.437477,LSTM
2017-06-29,13,45.2,44.36342,LSTM
2017-06-29,14,41.71,41.433136,LSTM
2017-06-29,15,39.17,39.76113,LSTM
2017-06-29,16,38.28,38.65994,LSTM
2017-06-29,17,38.23,39.52299,LSTM
2017-06-29,18,38.94,40.60605,LSTM
2017-06-29,19,39.01,37.023506,LSTM
2017-06-29,20,35.52,38.935005,LSTM
2017-06-29,21,34.99,36.27555,LSTM
2017-06-29,22,36.48,35.094353,LSTM
2017-06-29,23,33.5,32.08184,LSTM
2017-06-30,0,29.29,30.658562,LSTM
2017-06-30,1,29.01,28.202267,LSTM
2017-06-30,2,28.06,25.819193,LSTM
2017-06-30,3,27.0,25.752428,LSTM
2017-06-30,4,25.58,25.680937,LSTM
2017-06-30,5,28.0,27.153114,LSTM
2017-06-30,6,31.96,31.43694,LSTM
2017-06-30,7,37.93,36.776264,LSTM
2017-06-30,8,38.91,37.995262,LSTM
2017-06-30,9,35.99,37.03616,LSTM
2017-06-30,10,35.51,32.23475,LSTM
2017-06-30,11,32.24,30.02228,LSTM
2017-06-30,12,29.33,29.09589,LSTM
2017-06-30,13,27.29,26.837934,LSTM
2017-06-30,14,25.08,24.731264,LSTM
2017-06-30,15,25.09,26.267065,LSTM
2017-06-30,16,27.29,27.035065,LSTM
2017-06-30,17,30.51,30.659782,LSTM
2017-06-30,18,36.36,36.047325,LSTM
2017-06-30,19,38.92,36.54432,LSTM
2017-06-30,20,38.71,38.702972,LSTM
2017-06-30,21,36.61,38.64515,LSTM
2017-06-30,22,38.95,37.630104,LSTM
2017-06-30,23,34.07,33.927174,LSTM
2017-07-01,0,32.17,30.719501,LSTM
2017-07-01,1,29.04,28.761932,LSTM
2017-07-01,2,26.96,27.912636,LSTM
2017-07-01,3,26.08,26.95066,LSTM
2017-07-01,4,26.04,26.082947,LSTM
2017-07-01,5,25.59,25.768576,LSTM
2017-07-01,6,25.56,23.426542,LSTM
2017-07-01,7,26.77,24.182001,LSTM
2017-07-01,8,28.82,26.493961,LSTM
2017-07-01,9,32.4,30.808773,LSTM
2017-07-01,10,33.35,29.57539,LSTM
2017-07-01,11,33.15,29.092701,LSTM
2017-07-01,12,29.1,30.194237,LSTM
2017-07-01,13,26.07,26.367966,LSTM
2017-07-01,14,26.33,25.129902,LSTM
2017-07-01,15,26.04,23.175549,LSTM
2017-07-01,16,26.09,22.91209,LSTM
2017-07-01,17,29.01,25.791855,LSTM
2017-07-01,18,29.34,29.785135,LSTM
2017-07-01,19,29.89,31.169834,LSTM
2017-07-01,20,30.12,32.91219,LSTM
2017-07-01,21,29.63,32.84281,LSTM
2017-07-01,22,28.87,34.16362,LSTM
2017-07-01,23,26.26,29.199234,LSTM
2017-07-02,0,24.36,25.14415,LSTM
2017-07-02,1,23.12,21.427309,LSTM
2017-07-02,2,22.73,20.280228,LSTM
2017-07-02,3,22.63,19.71067,LSTM
2017-07-02,4,20.27,18.686396,LSTM
2017-07-02,5,20.59,17.577843,LSTM
2017-07-02,6,21.3,15.894694,LSTM
2017-07-02,7,23.07,15.663414,LSTM
2017-07-02,8,24.76,17.207739,LSTM
2017-07-02,9,25.56,20.215982,LSTM
2017-07-02,10,20.71,19.097792,LSTM
2017-07-02,11,23.32,19.961489,LSTM
2017-07-02,12,21.36,19.26518,LSTM
2017-07-02,13,19.08,15.532949,LSTM
2017-07-02,14,10.47,14.351979,LSTM
2017-07-02,15,9.96,13.662359,LSTM
2017-07-02,16,17.31,14.747343,LSTM
2017-07-02,17,19.72,20.107004,LSTM
2017-07-02,18,28.63,26.392656,LSTM
2017-07-02,19,32.9,29.06157,LSTM
2017-07-02,20,35.37,31.700096,LSTM
2017-07-02,21,37.0,33.131165,LSTM
2017-07-02,22,38.92,34.530724,LSTM
2017-07-02,23,37.06,28.701025,LSTM
2017-07-03,0,26.04,29.431492,LSTM
2017-07-03,1,23.51,26.328148,LSTM
2017-07-03,2,22.86,27.23453,LSTM
2017-07-03,3,22.56,25.506504,LSTM
2017-07-03,4,24.86,25.28065,LSTM
2017-07-03,5,26.78,27.983807,LSTM
2017-07-03,6,34.93,34.502342,LSTM
2017-07-03,7,41.25,38.93521,LSTM
2017-07-03,8,41.61,39.81884,LSTM
2017-07-03,9,38.94,36.80274,LSTM
2017-07-03,10,35.35,35.061535,LSTM
2017-07-03,11,32.92,34.6295,LSTM
2017-07-03,12,28.68,30.134838,LSTM
2017-07-03,13,28.17,26.806862,LSTM
2017-07-03,14,26.91,24.899864,LSTM
2017-07-03,15,28.02,24.864317,LSTM
2017-07-03,16,28.59,27.67194,LSTM
2017-07-03,17,32.18,31.87254,LSTM
2017-07-03,18,38.94,35.712055,LSTM
2017-07-03,19,42.78,42.51161,LSTM
2017-07-03,20,40.91,40.92962,LSTM
2017-07-03,21,39.37,39.31931,LSTM
2017-07-03,22,39.91,38.505657,LSTM
2017-07-03,23,32.04,33.646156,LSTM
2017-07-04,0,28.83,30.426683,LSTM
2017-07-04,1,28.63,27.8816,LSTM
2017-07-04,2,28.49,26.98841,LSTM
2017-07-04,3,28.43,26.04623,LSTM
2017-07-04,4,27.99,25.652521,LSTM
2017-07-04,5,28.44,27.826952,LSTM
2017-07-04,6,35.81,35.679718,LSTM
2017-07-04,7,41.63,41.518616,LSTM
2017-07-04,8,41.79,44.06263,LSTM
2017-07-04,9,36.0,39.499268,LSTM
2017-07-04,10,34.74,36.270905,LSTM
2017-07-04,11,32.97,34.60239,LSTM
2017-07-04,12,31.93,32.325325,LSTM
2017-07-04,13,31.93,32.784546,LSTM
2017-07-04,14,30.55,30.3437,LSTM
2017-07-04,15,32.6,32.415966,LSTM
2017-07-04,16,32.93,32.110283,LSTM
2017-07-04,17,36.95,37.03435,LSTM
2017-07-04,18,40.0,42.979248,LSTM
2017-07-04,19,44.04,48.18508,LSTM
2017-07-04,20,43.1,46.702576,LSTM
2017-07-04,21,41.68,47.337833,LSTM
2017-07-04,22,40.54,44.792747,LSTM
2017-07-04,23,37.29,38.8665,LSTM
2017-07-05,0,34.99,33.42491,LSTM
2017-07-05,1,32.51,32.16547,LSTM
2017-07-05,2,31.02,31.110956,LSTM
2017-07-05,3,29.07,30.003448,LSTM
2017-07-05,4,29.54,31.02949,LSTM
2017-07-05,5,31.89,32.372044,LSTM
2017-07-05,6,38.02,39.156727,LSTM
2017-07-05,7,43.92,47.237946,LSTM
2017-07-05,8,46.01,48.250153,LSTM
2017-07-05,9,44.18,43.456474,LSTM
2017-07-05,10,43.71,42.540043,LSTM
2017-07-05,11,42.06,42.803154,LSTM
2017-07-05,12,38.93,39.549274,LSTM
2017-07-05,13,38.09,38.366623,LSTM
2017-07-05,14,37.44,37.703274,LSTM
2017-07-05,15,37.38,35.752464,LSTM
2017-07-05,16,38.9,37.752308,LSTM
2017-07-05,17,41.51,40.702927,LSTM
2017-07-05,18,42.52,43.74797,LSTM
2017-07-05,19,44.55,47.316277,LSTM
2017-07-05,20,44.15,46.943172,LSTM
2017-07-05,21,43.93,44.38093,LSTM
2017-07-05,22,41.66,43.830162,LSTM
2017-07-05,23,36.07,36.688515,LSTM
2017-07-06,0,33.03,33.44957,LSTM
2017-07-06,1,32.21,32.07934,LSTM
2017-07-06,2,30.62,30.480942,LSTM
2017-07-06,3,30.11,29.897377,LSTM
2017-07-06,4,29.19,31.165974,LSTM
2017-07-06,5,32.06,32.157913,LSTM
2017-07-06,6,36.94,39.597885,LSTM
2017-07-06,7,42.29,45.186703,LSTM
2017-07-06,8,48.24,46.339157,LSTM
2017-07-06,9,43.08,38.28427,LSTM
2017-07-06,10,41.86,38.15248,LSTM
2017-07-06,11,40.03,37.877476,LSTM
2017-07-06,12,35.71,33.470074,LSTM
2017-07-06,13,35.75,32.97,LSTM
2017-07-06,14,35.54,34.574932,LSTM
2017-07-06,15,39.52,33.59885,LSTM
2017-07-06,16,40.6,35.931343,LSTM
2017-07-06,17,44.31,40.615826,LSTM
2017-07-06,18,45.87,44.246544,LSTM
2017-07-06,19,53.71,47.68463,LSTM
2017-07-06,20,49.56,45.811184,LSTM
2017-07-06,21,46.03,43.59437,LSTM
2017-07-06,22,42.71,41.844227,LSTM
2017-07-06,23,35.61,35.464912,LSTM
2017-07-07,0,34.16,33.770214,LSTM
2017-07-07,1,32.07,31.295666,LSTM
2017-07-07,2,30.8,29.981026,LSTM
2017-07-07,3,30.69,29.094189,LSTM
2017-07-07,4,29.64,29.449568,LSTM
2017-07-07,5,30.84,30.864681,LSTM
2017-07-07,6,35.87,36.984184,LSTM
2017-07-07,7,41.88,46.483986,LSTM
2017-07-07,8,45.54,47.07268,LSTM
2017-07-07,9,45.58,45.612885,LSTM
2017-07-07,10,44.61,43.763668,LSTM
2017-07-07,11,43.31,43.299976,LSTM
2017-07-07,12,39.65,40.051926,LSTM
2017-07-07,13,34.43,37.228657,LSTM
2017-07-07,14,32.05,33.942245,LSTM
2017-07-07,15,31.84,33.213856,LSTM
2017-07-07,16,32.4,34.434,LSTM
2017-07-07,17,37.87,36.97075,LSTM
2017-07-07,18,40.58,39.170708,LSTM
2017-07-07,19,42.74,43.003334,LSTM
2017-07-07,20,41.8,45.158455,LSTM
2017-07-07,21,40.46,43.31655,LSTM
2017-07-07,22,40.99,43.14002,LSTM
2017-07-07,23,35.91,37.25298,LSTM
2017-07-08,0,37.08,33.880966,LSTM
2017-07-08,1,34.64,31.386972,LSTM
2017-07-08,2,32.05,29.842014,LSTM
2017-07-08,3,30.68,28.64917,LSTM
2017-07-08,4,29.87,28.820253,LSTM
2017-07-08,5,29.09,28.789345,LSTM
2017-07-08,6,30.0,29.488455,LSTM
2017-07-08,7,32.02,29.82241,LSTM
2017-07-08,8,34.58,31.526772,LSTM
2017-07-08,9,36.71,32.123844,LSTM
2017-07-08,10,35.89,29.773678,LSTM
2017-07-08,11,35.37,28.128384,LSTM
2017-07-08,12,33.22,28.085533,LSTM
2017-07-08,13,31.41,26.360794,LSTM
2017-07-08,14,30.18,25.086761,LSTM
2017-07-08,15,30.05,23.105822,LSTM
2017-07-08,16,31.4,25.433128,LSTM
2017-07-08,17,33.18,29.711443,LSTM
2017-07-08,18,36.98,34.415894,LSTM
2017-07-08,19,40.04,37.539787,LSTM
2017-07-08,20,39.63,40.965454,LSTM
2017-07-08,21,39.82,40.83689,LSTM
2017-07-08,22,42.09,41.347004,LSTM
2017-07-08,23,39.67,35.716343,LSTM
2017-07-09,0,32.21,32.90578,LSTM
2017-07-09,1,31.08,30.583624,LSTM
2017-07-09,2,29.84,28.71073,LSTM
2017-07-09,3,29.2,27.88689,LSTM
2017-07-09,4,29.62,27.058575,LSTM
2017-07-09,5,29.46,27.631287,LSTM
2017-07-09,6,29.49,28.124022,LSTM
2017-07-09,7,29.83,25.99075,LSTM
2017-07-09,8,30.03,27.02327,LSTM
2017-07-09,9,31.26,28.604362,LSTM
2017-07-09,10,31.26,26.344322,LSTM
2017-07-09,11,32.4,27.355091,LSTM
2017-07-09,12,32.07,27.271976,LSTM
2017-07-09,13,31.0,25.694595,LSTM
2017-07-09,14,29.88,24.64119,LSTM
2017-07-09,15,30.69,21.777668,LSTM
2017-07-09,16,31.28,25.965527,LSTM
2017-07-09,17,33.8,31.842537,LSTM
2017-07-09,18,36.75,33.770412,LSTM
2017-07-09,19,40.53,39.7075,LSTM
2017-07-09,20,40.53,41.33285,LSTM
2017-07-09,21,40.59,39.318718,LSTM
2017-07-09,22,42.28,42.105103,LSTM
2017-07-09,23,40.08,34.46914,LSTM
2017-07-10,0,32.76,32.31916,LSTM
2017-07-10,1,29.92,31.510178,LSTM
2017-07-10,2,29.44,30.063972,LSTM
2017-07-10,3,29.59,29.89656,LSTM
2017-07-10,4,29.31,29.066612,LSTM
2017-07-10,5,30.6,31.207706,LSTM
2017-07-10,6,38.03,42.640915,LSTM
2017-07-10,7,44.03,55.772396,LSTM
2017-07-10,8,50.07,57.633163,LSTM
2017-07-10,9,50.0,56.362106,LSTM
2017-07-10,10,48.73,52.875168,LSTM
2017-07-10,11,48.72,55.710884,LSTM
2017-07-10,12,47.69,52.104645,LSTM
2017-07-10,13,46.65,50.694084,LSTM
2017-07-10,14,44.18,46.413162,LSTM
2017-07-10,15,42.93,44.259445,LSTM
2017-07-10,16,40.65,45.940926,LSTM
2017-07-10,17,40.95,48.52693,LSTM
2017-07-10,18,41.62,47.50951,LSTM
2017-07-10,19,42.97,49.553432,LSTM
2017-07-10,20,40.21,48.563347,LSTM
2017-07-10,21,38.86,42.54277,LSTM
2017-07-10,22,39.92,42.137665,LSTM
2017-07-10,23,33.45,36.146236,LSTM
2017-07-11,0,30.93,33.41722,LSTM
2017-07-11,1,30.28,32.670113,LSTM
2017-07-11,2,29.63,31.626896,LSTM
2017-07-11,3,28.96,31.432354,LSTM
2017-07-11,4,28.95,31.56868,LSTM
2017-07-11,5,30.08,33.227386,LSTM
2017-07-11,6,34.51,38.28944,LSTM
2017-07-11,7,41.44,47.04511,LSTM
2017-07-11,8,44.22,49.036415,LSTM
2017-07-11,9,43.43,46.077423,LSTM
2017-07-11,10,42.03,46.07737,LSTM
2017-07-11,11,41.45,45.533516,LSTM
2017-07-11,12,39.42,41.001606,LSTM
2017-07-11,13,36.01,38.63905,LSTM
2017-07-11,14,34.21,35.94856,LSTM
2017-07-11,15,34.42,36.03346,LSTM
2017-07-11,16,35.39,34.925808,LSTM
2017-07-11,17,37.62,37.459538,LSTM
2017-07-11,18,39.99,41.913803,LSTM
2017-07-11,19,41.58,43.45937,LSTM
2017-07-11,20,40.7,43.42591,LSTM
2017-07-11,21,38.94,43.43496,LSTM
2017-07-11,22,39.36,42.25439,LSTM
2017-07-11,23,34.25,36.062122,LSTM
2017-07-12,0,32.29,29.620272,LSTM
2017-07-12,1,30.14,30.29489,LSTM
2017-07-12,2,29.1,30.561192,LSTM
2017-07-12,3,28.52,28.295986,LSTM
2017-07-12,4,28.43,30.267954,LSTM
2017-07-12,5,29.3,31.523628,LSTM
2017-07-12,6,34.77,36.556873,LSTM
2017-07-12,7,39.94,42.5179,LSTM
2017-07-12,8,44.01,49.11764,LSTM
2017-07-12,9,44.31,47.853165,LSTM
2017-07-12,10,44.16,49.889297,LSTM
2017-07-12,11,43.9,48.186066,LSTM
2017-07-12,12,41.07,45.200783,LSTM
2017-07-12,13,39.9,40.75921,LSTM
2017-07-12,14,37.27,37.4067,LSTM
2017-07-12,15,33.93,33.219162,LSTM
2017-07-12,16,32.19,29.502596,LSTM
2017-07-12,17,33.29,32.225494,LSTM
2017-07-12,18,32.95,30.962843,LSTM
2017-07-12,19,32.91,26.684883,LSTM
2017-07-12,20,30.5,27.730137,LSTM
2017-07-12,21,30.6,29.329021,LSTM
2017-07-12,22,30.09,28.334322,LSTM
2017-07-12,23,27.82,24.38341,LSTM
2017-07-13,0,26.02,22.352016,LSTM
2017-07-13,1,24.37,21.523712,LSTM
2017-07-13,2,23.04,21.637306,LSTM
2017-07-13,3,24.76,20.635,LSTM
2017-07-13,4,26.45,19.94666,LSTM
2017-07-13,5,28.09,25.590878,LSTM
2017-07-13,6,31.06,31.650927,LSTM
2017-07-13,7,38.12,38.99443,LSTM
2017-07-13,8,36.73,41.26425,LSTM
2017-07-13,9,36.07,37.309685,LSTM
2017-07-13,10,35.52,33.631855,LSTM
2017-07-13,11,34.96,33.510418,LSTM
2017-07-13,12,30.26,32.176876,LSTM
2017-07-13,13,30.04,30.835945,LSTM
2017-07-13,14,29.07,32.33612,LSTM
2017-07-13,15,30.27,31.835787,LSTM
2017-07-13,16,33.46,32.85081,LSTM
2017-07-13,17,38.08,41.28395,LSTM
2017-07-13,18,41.35,46.14849,LSTM
2017-07-13,19,46.82,49.07584,LSTM
2017-07-13,20,45.09,46.664078,LSTM
2017-07-13,21,42.93,48.17392,LSTM
2017-07-13,22,42.13,47.048546,LSTM
2017-07-13,23,38.12,40.34693,LSTM
2017-07-14,0,34.4,31.816946,LSTM
2017-07-14,1,32.34,30.358618,LSTM
2017-07-14,2,30.36,30.516226,LSTM
2017-07-14,3,29.08,28.283401,LSTM
2017-07-14,4,29.55,29.138266,LSTM
2017-07-14,5,30.41,30.021465,LSTM
2017-07-14,6,39.94,34.621807,LSTM
2017-07-14,7,44.99,41.60201,LSTM
2017-07-14,8,46.0,43.11113,LSTM
2017-07-14,9,43.32,43.48293,LSTM
2017-07-14,10,41.62,40.589355,LSTM
2017-07-14,11,38.94,39.833908,LSTM
2017-07-14,12,37.1,38.069008,LSTM
2017-07-14,13,35.97,35.68232,LSTM
2017-07-14,14,31.91,33.765472,LSTM
2017-07-14,15,30.34,32.105656,LSTM
2017-07-14,16,31.29,34.136204,LSTM
2017-07-14,17,36.92,36.74738,LSTM
2017-07-14,18,40.93,38.952084,LSTM
2017-07-14,19,42.96,38.275505,LSTM
2017-07-14,20,39.69,39.49371,LSTM
2017-07-14,21,39.1,37.478928,LSTM
2017-07-14,22,39.71,37.6901,LSTM
2017-07-14,23,36.65,32.89052,LSTM
2017-07-15,0,34.57,33.656387,LSTM
2017-07-15,1,31.08,31.481106,LSTM
2017-07-15,2,30.82,31.782976,LSTM
2017-07-15,3,30.01,29.121609,LSTM
2017-07-15,4,29.4,28.300608,LSTM
2017-07-15,5,29.17,28.904633,LSTM
2017-07-15,6,30.46,30.711403,LSTM
2017-07-15,7,30.82,31.341507,LSTM
2017-07-15,8,31.94,31.41435,LSTM
2017-07-15,9,33.81,35.347923,LSTM
2017-07-15,10,33.43,30.9315,LSTM
2017-07-15,11,33.06,30.065804,LSTM
2017-07-15,12,32.22,30.606218,LSTM
2017-07-15,13,30.76,30.27628,LSTM
2017-07-15,14,29.07,27.82545,LSTM
2017-07-15,15,28.64,26.010818,LSTM
2017-07-15,16,29.04,27.471434,LSTM
2017-07-15,17,30.98,29.447182,LSTM
2017-07-15,18,35.21,37.778625,LSTM
2017-07-15,19,37.54,37.914593,LSTM
2017-07-15,20,37.0,40.54705,LSTM
2017-07-15,21,36.9,39.635677,LSTM
2017-07-15,22,37.98,39.989506,LSTM
2017-07-15,23,36.01,34.803493,LSTM
2017-07-16,0,34.65,33.48448,LSTM
2017-07-16,1,30.05,29.771675,LSTM
2017-07-16,2,28.68,27.13498,LSTM
2017-07-16,3,27.78,27.300968,LSTM
2017-07-16,4,27.72,25.94987,LSTM
2017-07-16,5,27.4,24.538513,LSTM
2017-07-16,6,27.53,24.21299,LSTM
2017-07-16,7,27.6,21.411354,LSTM
2017-07-16,8,27.4,23.190432,LSTM
2017-07-16,9,28.49,25.13007,LSTM
2017-07-16,10,28.99,26.740034,LSTM
2017-07-16,11,28.99,29.345394,LSTM
2017-07-16,12,29.76,25.135519,LSTM
2017-07-16,13,26.95,24.649202,LSTM
2017-07-16,14,25.99,21.631084,LSTM
2017-07-16,15,25.22,21.885796,LSTM
2017-07-16,16,27.55,23.542154,LSTM
2017-07-16,17,28.57,27.493305,LSTM
2017-07-16,18,31.79,29.410252,LSTM
2017-07-16,19,35.41,33.987656,LSTM
2017-07-16,20,36.65,35.23468,LSTM
2017-07-16,21,37.14,36.686317,LSTM
2017-07-16,22,41.02,37.93555,LSTM
2017-07-16,23,38.79,32.984314,LSTM
2017-07-17,0,31.47,30.770256,LSTM
2017-07-17,1,30.11,29.782219,LSTM
2017-07-17,2,29.32,29.602226,LSTM
2017-07-17,3,27.57,27.817482,LSTM
2017-07-17,4,27.92,27.462763,LSTM
2017-07-17,5,29.21,29.55337,LSTM
2017-07-17,6,36.89,37.83915,LSTM
2017-07-17,7,42.83,46.564228,LSTM
2017-07-17,8,42.97,47.82523,LSTM
2017-07-17,9,42.3,46.328323,LSTM
2017-07-17,10,42.4,41.48642,LSTM
2017-07-17,11,42.74,43.510082,LSTM
2017-07-17,12,40.85,40.56253,LSTM
2017-07-17,13,36.95,40.08317,LSTM
2017-07-17,14,35.98,36.473457,LSTM
2017-07-17,15,35.3,36.012695,LSTM
2017-07-17,16,35.94,39.23484,LSTM
2017-07-17,17,39.94,41.749622,LSTM
2017-07-17,18,42.05,46.46734,LSTM
2017-07-17,19,44.95,48.38575,LSTM
2017-07-17,20,43.79,46.633533,LSTM
2017-07-17,21,40.98,42.782814,LSTM
2017-07-17,22,40.95,42.012337,LSTM
2017-07-17,23,35.4,37.267574,LSTM
2017-07-18,0,33.69,30.98331,LSTM
2017-07-18,1,31.18,30.802853,LSTM
2017-07-18,2,29.85,29.68687,LSTM
2017-07-18,3,29.56,28.01879,LSTM
2017-07-18,4,30.28,29.570583,LSTM
2017-07-18,5,32.01,30.538725,LSTM
2017-07-18,6,37.72,37.27105,LSTM
2017-07-18,7,40.91,43.940674,LSTM
2017-07-18,8,42.88,47.037575,LSTM
2017-07-18,9,42.43,41.654366,LSTM
2017-07-18,10,41.75,39.11705,LSTM
2017-07-18,11,38.92,38.6075,LSTM
2017-07-18,12,34.17,36.84609,LSTM
2017-07-18,13,34.12,36.461273,LSTM
2017-07-18,14,33.69,37.208366,LSTM
2017-07-18,15,34.62,35.320026,LSTM
2017-07-18,16,38.57,35.630383,LSTM
2017-07-18,17,42.97,40.675224,LSTM
2017-07-18,18,45.79,45.7453,LSTM
2017-07-18,19,46.89,46.325413,LSTM
2017-07-18,20,43.97,43.544014,LSTM
2017-07-18,21,42.99,42.10069,LSTM
2017-07-18,22,40.83,40.014946,LSTM
2017-07-18,23,33.95,33.577652,LSTM
2017-07-19,0,30.93,30.899004,LSTM
2017-07-19,1,29.59,29.823242,LSTM
2017-07-19,2,28.62,28.860893,LSTM
2017-07-19,3,27.3,27.024914,LSTM
2017-07-19,4,27.63,28.136938,LSTM
2017-07-19,5,29.03,29.767519,LSTM
2017-07-19,6,37.96,35.199654,LSTM
2017-07-19,7,42.16,40.649113,LSTM
2017-07-19,8,42.91,41.3682,LSTM
2017-07-19,9,40.08,36.306408,LSTM
2017-07-19,10,37.93,34.76822,LSTM
2017-07-19,11,34.55,32.76782,LSTM
2017-07-19,12,31.7,30.51229,LSTM
2017-07-19,13,31.71,30.08497,LSTM
2017-07-19,14,32.9,32.35699,LSTM
2017-07-19,15,36.54,31.938461,LSTM
2017-07-19,16,38.03,32.824852,LSTM
2017-07-19,17,40.52,38.137424,LSTM
2017-07-19,18,42.97,41.683815,LSTM
2017-07-19,19,44.0,42.51869,LSTM
2017-07-19,20,42.16,40.793873,LSTM
2017-07-19,21,40.58,39.96152,LSTM
2017-07-19,22,39.09,37.63595,LSTM
2017-07-19,23,32.97,31.827288,LSTM
2017-07-20,0,30.54,31.733692,LSTM
2017-07-20,1,31.46,30.744139,LSTM
2017-07-20,2,29.6,28.158924,LSTM
2017-07-20,3,28.1,28.297075,LSTM
2017-07-20,4,28.52,28.455532,LSTM
2017-07-20,5,30.32,30.881386,LSTM
2017-07-20,6,38.27,37.393074,LSTM
2017-07-20,7,47.26,45.80735,LSTM
2017-07-20,8,43.26,47.80771,LSTM
2017-07-20,9,43.25,44.615185,LSTM
2017-07-20,10,41.73,44.24214,LSTM
2017-07-20,11,41.93,45.046513,LSTM
2017-07-20,12,40.0,41.64592,LSTM
2017-07-20,13,38.36,40.507595,LSTM
2017-07-20,14,36.9,38.786274,LSTM
2017-07-20,15,35.74,37.409443,LSTM
2017-07-20,16,34.48,38.398697,LSTM
2017-07-20,17,36.97,41.03974,LSTM
2017-07-20,18,39.77,42.719727,LSTM
2017-07-20,19,41.93,47.011887,LSTM
2017-07-20,20,41.05,44.96052,LSTM
2017-07-20,21,40.11,43.306507,LSTM
2017-07-20,22,39.74,43.264,LSTM
2017-07-20,23,34.29,35.8461,LSTM
2017-07-21,0,29.65,29.93631,LSTM
2017-07-21,1,29.1,28.725212,LSTM
2017-07-21,2,28.42,27.626858,LSTM
2017-07-21,3,27.07,26.146507,LSTM
2017-07-21,4,27.32,27.694366,LSTM
2017-07-21,5,29.99,29.053753,LSTM
2017-07-21,6,36.8,34.401672,LSTM
2017-07-21,7,40.06,40.446503,LSTM
2017-07-21,8,41.83,43.8658,LSTM
2017-07-21,9,40.87,39.724033,LSTM
2017-07-21,10,38.44,38.53083,LSTM
2017-07-21,11,39.04,37.83081,LSTM
2017-07-21,12,35.98,35.563408,LSTM
2017-07-21,13,32.94,33.362778,LSTM
2017-07-21,14,32.87,33.382786,LSTM
2017-07-21,15,32.9,32.5864,LSTM
2017-07-21,16,35.11,34.175186,LSTM
2017-07-21,17,39.01,38.383774,LSTM
2017-07-21,18,41.42,41.600353,LSTM
2017-07-21,19,42.63,44.29539,LSTM
2017-07-21,20,42.01,42.42546,LSTM
2017-07-21,21,40.57,41.37564,LSTM
2017-07-21,22,41.38,40.6756,LSTM
2017-07-21,23,36.79,34.38548,LSTM
2017-07-22,0,32.2,32.3479,LSTM
2017-07-22,1,31.57,29.454311,LSTM
2017-07-22,2,29.92,30.123297,LSTM
2017-07-22,3,28.74,27.438583,LSTM
2017-07-22,4,28.75,27.534222,LSTM
2017-07-22,5,28.54,28.07121,LSTM
2017-07-22,6,29.7,28.844273,LSTM
2017-07-22,7,30.92,30.67751,LSTM
2017-07-22,8,34.96,31.076138,LSTM
2017-07-22,9,36.47,31.431831,LSTM
2017-07-22,10,35.69,30.689428,LSTM
2017-07-22,11,34.66,29.059664,LSTM
2017-07-22,12,32.25,28.297758,LSTM
2017-07-22,13,30.02,25.86665,LSTM
2017-07-22,14,29.48,24.91631,LSTM
2017-07-22,15,29.9,24.05458,LSTM
2017-07-22,16,30.55,25.61115,LSTM
2017-07-22,17,33.25,27.894054,LSTM
2017-07-22,18,38.52,32.266857,LSTM
2017-07-22,19,39.89,34.74782,LSTM
2017-07-22,20,39.0,36.423977,LSTM
2017-07-22,21,38.09,36.539474,LSTM
2017-07-22,22,40.0,37.216637,LSTM
2017-07-22,23,36.67,32.339226,LSTM
2017-07-23,0,32.99,31.853302,LSTM
2017-07-23,1,28.78,27.39372,LSTM
2017-07-23,2,26.69,26.70607,LSTM
2017-07-23,3,24.68,25.271404,LSTM
2017-07-23,4,23.07,24.735035,LSTM
2017-07-23,5,23.96,23.458254,LSTM
2017-07-23,6,23.9,23.15797,LSTM
2017-07-23,7,25.17,23.53098,LSTM
2017-07-23,8,25.78,25.7149,LSTM
2017-07-23,9,26.67,24.61486,LSTM
2017-07-23,10,26.87,24.14373,LSTM
2017-07-23,11,27.18,22.024681,LSTM
2017-07-23,12,27.89,20.59033,LSTM
2017-07-23,13,26.3,18.075096,LSTM
2017-07-23,14,22.76,14.061384,LSTM
2017-07-23,15,20.34,16.416103,LSTM
2017-07-23,16,23.07,17.20428,LSTM
2017-07-23,17,27.05,20.359842,LSTM
2017-07-23,18,29.62,29.611584,LSTM
2017-07-23,19,37.05,35.537926,LSTM
2017-07-23,20,38.51,36.863003,LSTM
2017-07-23,21,39.42,40.21413,LSTM
2017-07-23,22,42.85,40.53743,LSTM
2017-07-23,23,39.82,35.757797,LSTM
2017-07-24,0,39.65,32.34763,LSTM
2017-07-24,1,35.62,31.20565,LSTM
2017-07-24,2,32.7,30.880756,LSTM
2017-07-24,3,31.28,29.374588,LSTM
2017-07-24,4,30.46,29.343859,LSTM
2017-07-24,5,33.24,30.997374,LSTM
2017-07-24,6,41.9,40.813183,LSTM
2017-07-24,7,44.18,51.4834,LSTM
2017-07-24,8,44.12,53.40057,LSTM
2017-07-24,9,48.23,52.802322,LSTM
2017-07-24,10,48.45,51.102287,LSTM
2017-07-24,11,47.77,54.154037,LSTM
2017-07-24,12,46.47,50.69368,LSTM
2017-07-24,13,44.91,49.81487,LSTM
2017-07-24,14,42.29,46.523834,LSTM
2017-07-24,15,40.94,45.53465,LSTM
2017-07-24,16,39.2,47.26733,LSTM
2017-07-24,17,39.7,47.810665,LSTM
2017-07-24,18,38.18,47.51161,LSTM
2017-07-24,19,38.66,47.725666,LSTM
2017-07-24,20,36.43,46.30565,LSTM
2017-07-24,21,34.73,41.02448,LSTM
2017-07-24,22,34.59,40.12314,LSTM
2017-07-24,23,30.39,35.41222,LSTM
2017-07-25,0,31.01,30.467144,LSTM
2017-07-25,1,28.96,29.292412,LSTM
2017-07-25,2,27.09,28.197298,LSTM
2017-07-25,3,27.47,26.95118,LSTM
2017-07-25,4,26.04,26.542435,LSTM
2017-07-25,5,26.21,27.868048,LSTM
2017-07-25,6,31.63,33.82514,LSTM
2017-07-25,7,37.96,40.03323,LSTM
2017-07-25,8,39.48,40.293636,LSTM
2017-07-25,9,40.06,42.90652,LSTM
2017-07-25,10,40.37,40.032707,LSTM
2017-07-25,11,40.8,42.23671,LSTM
2017-07-25,12,39.75,39.21709,LSTM
2017-07-25,13,38.94,39.773697,LSTM
2017-07-25,14,36.98,36.479767,LSTM
2017-07-25,15,36.43,35.742455,LSTM
2017-07-25,16,34.97,35.58664,LSTM
2017-07-25,17,34.99,35.334538,LSTM
2017-07-25,18,36.95,37.37868,LSTM
2017-07-25,19,35.4,35.888,LSTM
2017-07-25,20,33.78,37.08819,LSTM
2017-07-25,21,32.96,34.76514,LSTM
2017-07-25,22,32.21,33.91958,LSTM
2017-07-25,23,29.01,31.125399,LSTM
2017-07-26,0,25.74,25.570301,LSTM
2017-07-26,1,25.24,25.508503,LSTM
2017-07-26,2,22.64,22.416899,LSTM
2017-07-26,3,21.12,22.587965,LSTM
2017-07-26,4,21.23,23.255325,LSTM
2017-07-26,5,26.16,26.05641,LSTM
2017-07-26,6,29.08,31.844862,LSTM
2017-07-26,7,34.49,36.356915,LSTM
2017-07-26,8,37.78,39.23726,LSTM
2017-07-26,9,37.92,37.301205,LSTM
2017-07-26,10,37.96,37.070656,LSTM
2017-07-26,11,38.08,38.40804,LSTM
2017-07-26,12,37.96,34.693672,LSTM
2017-07-26,13,37.73,34.014378,LSTM
2017-07-26,14,36.08,33.32204,LSTM
2017-07-26,15,35.23,32.30145,LSTM
2017-07-26,16,34.38,32.768303,LSTM
2017-07-26,17,35.27,36.016167,LSTM
2017-07-26,18,36.39,38.795822,LSTM
2017-07-26,19,37.94,38.735573,LSTM
2017-07-26,20,36.93,38.52885,LSTM
2017-07-26,21,35.93,37.321144,LSTM
2017-07-26,22,35.75,35.933315,LSTM
2017-07-26,23,30.07,31.1138,LSTM
2017-07-27,0,28.75,29.921745,LSTM
2017-07-27,1,26.7,28.138618,LSTM
2017-07-27,2,24.85,25.554169,LSTM
2017-07-27,3,23.69,25.022335,LSTM
2017-07-27,4,24.48,24.833439,LSTM
2017-07-27,5,27.02,26.857058,LSTM
2017-07-27,6,29.19,32.303135,LSTM
2017-07-27,7,35.31,38.219933,LSTM
2017-07-27,8,37.91,39.15335,LSTM
2017-07-27,9,37.89,40.23676,LSTM
2017-07-27,10,38.05,38.301476,LSTM
2017-07-27,11,38.48,38.334618,LSTM
2017-07-27,12,38.5,35.93106,LSTM
2017-07-27,13,38.03,34.595776,LSTM
2017-07-27,14,36.0,33.303497,LSTM
2017-07-27,15,34.52,32.49586,LSTM
2017-07-27,16,35.29,33.28622,LSTM
2017-07-27,17,35.74,34.75565,LSTM
2017-07-27,18,37.32,37.910538,LSTM
2017-07-27,19,38.98,39.630352,LSTM
2017-07-27,20,38.06,40.0944,LSTM
2017-07-27,21,36.87,37.335052,LSTM
2017-07-27,22,36.55,37.399227,LSTM
2017-07-27,23,31.62,32.085526,LSTM
2017-07-28,0,33.86,30.300215,LSTM
2017-07-28,1,29.04,28.060953,LSTM
2017-07-28,2,28.1,27.425138,LSTM
2017-07-28,3,26.8,27.003407,LSTM
2017-07-28,4,26.46,26.60443,LSTM
2017-07-28,5,27.48,28.32394,LSTM
2017-07-28,6,32.13,32.471176,LSTM
2017-07-28,7,38.0,36.220493,LSTM
2017-07-28,8,38.8,36.198967,LSTM
2017-07-28,9,37.05,34.20552,LSTM
2017-07-28,10,35.5,30.692333,LSTM
2017-07-28,11,31.0,28.571667,LSTM
2017-07-28,12,27.51,26.418537,LSTM
2017-07-28,13,25.17,22.13594,LSTM
2017-07-28,14,23.69,20.860222,LSTM
2017-07-28,15,24.34,21.154713,LSTM
2017-07-28,16,26.31,22.89565,LSTM
2017-07-28,17,28.87,26.714682,LSTM
2017-07-28,18,34.15,32.44463,LSTM
2017-07-28,19,36.96,34.005695,LSTM
2017-07-28,20,36.94,35.645195,LSTM
2017-07-28,21,36.3,34.618217,LSTM
2017-07-28,22,35.95,34.326065,LSTM
2017-07-28,23,32.24,30.31516,LSTM
2017-07-29,0,27.77,28.697807,LSTM
2017-07-29,1,23.35,24.956495,LSTM
2017-07-29,2,18.99,23.91653,LSTM
2017-07-29,3,14.17,22.168472,LSTM
2017-07-29,4,10.04,22.84054,LSTM
2017-07-29,5,11.89,22.040905,LSTM
2017-07-29,6,14.41,21.047297,LSTM
2017-07-29,7,17.11,21.827261,LSTM
2017-07-29,8,19.78,25.29133,LSTM
2017-07-29,9,18.05,23.32306,LSTM
2017-07-29,10,9.93,22.681858,LSTM
2017-07-29,11,15.78,19.90424,LSTM
2017-07-29,12,10.17,19.057182,LSTM
2017-07-29,13,9.92,17.458618,LSTM
2017-07-29,14,9.27,15.046999,LSTM
2017-07-29,15,14.05,18.047338,LSTM
2017-07-29,16,19.26,18.577475,LSTM
2017-07-29,17,25.47,24.530449,LSTM
2017-07-29,18,30.13,31.907665,LSTM
2017-07-29,19,34.45,35.67981,LSTM
2017-07-29,20,35.43,36.164875,LSTM
2017-07-29,21,35.65,40.083256,LSTM
2017-07-29,22,34.76,40.496693,LSTM
2017-07-29,23,30.6,34.7593,LSTM
2017-07-30,0,26.92,23.421686,LSTM
2017-07-30,1,21.16,16.060492,LSTM
2017-07-30,2,16.22,13.928068,LSTM
2017-07-30,3,12.79,12.309826,LSTM
2017-07-30,4,10.73,12.419241,LSTM
2017-07-30,5,10.03,9.708528,LSTM
2017-07-30,6,8.44,7.779442,LSTM
2017-07-30,7,7.67,8.04018,LSTM
2017-07-30,8,2.05,10.277206,LSTM
2017-07-30,9,1.94,9.660431,LSTM
2017-07-30,10,-5.15,8.441315,LSTM
2017-07-30,11,-0.02,6.537306,LSTM
2017-07-30,12,-45.42,2.8062859,LSTM
2017-07-30,13,-67.05,1.749258,LSTM
2017-07-30,14,-64.9,-2.9399624,LSTM
2017-07-30,15,-14.23,2.3426857,LSTM
2017-07-30,16,-0.91,3.9142723,LSTM
2017-07-30,17,5.01,8.774408,LSTM
2017-07-30,18,22.54,20.18948,LSTM
2017-07-30,19,31.77,28.78741,LSTM
2017-07-30,20,34.52,29.89814,LSTM
2017-07-30,21,35.93,34.68547,LSTM
2017-07-30,22,37.67,37.01161,LSTM
2017-07-30,23,35.87,29.84107,LSTM
2017-07-31,0,32.0,29.123444,LSTM
2017-07-31,1,26.55,27.686192,LSTM
2017-07-31,2,26.11,25.838844,LSTM
2017-07-31,3,24.65,25.575344,LSTM
2017-07-31,4,24.64,24.47479,LSTM
2017-07-31,5,26.57,27.26753,LSTM
2017-07-31,6,32.15,35.980785,LSTM
2017-07-31,7,36.92,43.126953,LSTM
2017-07-31,8,36.92,46.856873,LSTM
2017-07-31,9,35.45,38.029873,LSTM
2017-07-31,10,33.29,35.73057,LSTM
2017-07-31,11,33.89,32.997242,LSTM
2017-07-31,12,29.03,29.942554,LSTM
2017-07-31,13,28.07,30.524765,LSTM
2017-07-31,14,28.02,28.599838,LSTM
2017-07-31,15,28.71,32.48019,LSTM
2017-07-31,16,30.05,32.10379,LSTM
2017-07-31,17,35.51,38.303684,LSTM
2017-07-31,18,37.91,45.364788,LSTM
2017-07-31,19,38.9,51.646286,LSTM
2017-07-31,20,38.9,45.870754,LSTM
2017-07-31,21,38.07,47.775208,LSTM
2017-07-31,22,37.84,43.8304,LSTM
2017-07-31,23,32.91,38.445137,LSTM
2017-08-01,0,30.57,30.976278,LSTM
2017-08-01,1,28.01,29.843431,LSTM
2017-08-01,2,27.3,28.577747,LSTM
2017-08-01,3,26.79,27.283924,LSTM
2017-08-01,4,26.81,28.462465,LSTM
2017-08-01,5,27.54,29.075098,LSTM
2017-08-01,6,32.66,35.90322,LSTM
2017-08-01,7,37.0,44.397327,LSTM
2017-08-01,8,38.94,47.02892,LSTM
2017-08-01,9,38.09,42.764385,LSTM
2017-08-01,10,37.9,41.701225,LSTM
2017-08-01,11,37.08,42.0539,LSTM
2017-08-01,12,36.45,39.267952,LSTM
2017-08-01,13,35.93,37.68313,LSTM
2017-08-01,14,35.91,38.407757,LSTM
2017-08-01,15,36.0,36.55007,LSTM
2017-08-01,16,36.61,38.35827,LSTM
2017-08-01,17,38.47,42.004684,LSTM
2017-08-01,18,40.94,45.11608,LSTM
2017-08-01,19,41.06,44.859844,LSTM
2017-08-01,20,38.96,43.374218,LSTM
2017-08-01,21,37.04,40.394386,LSTM
2017-08-01,22,35.94,39.44662,LSTM
2017-08-01,23,31.69,33.986275,LSTM
2017-08-02,0,27.62,30.098,LSTM
2017-08-02,1,26.59,28.703932,LSTM
2017-08-02,2,26.2,26.938992,LSTM
2017-08-02,3,25.09,25.525066,LSTM
2017-08-02,4,25.78,26.82518,LSTM
2017-08-02,5,27.25,27.818682,LSTM
2017-08-02,6,30.26,33.916092,LSTM
2017-08-02,7,35.05,41.07173,LSTM
2017-08-02,8,36.57,44.61636,LSTM
2017-08-02,9,36.47,38.95468,LSTM
2017-08-02,10,35.96,38.166843,LSTM
2017-08-02,11,35.14,36.5938,LSTM
2017-08-02,12,33.07,34.459965,LSTM
2017-08-02,13,29.9,32.74293,LSTM
2017-08-02,14,30.07,33.394127,LSTM
2017-08-02,15,31.69,32.247276,LSTM
2017-08-02,16,34.9,34.10417,LSTM
2017-08-02,17,35.99,38.631622,LSTM
2017-08-02,18,39.23,42.358772,LSTM
2017-08-02,19,40.94,44.409317,LSTM
2017-08-02,20,39.27,43.275024,LSTM
2017-08-02,21,38.15,42.77236,LSTM
2017-08-02,22,37.53,41.241898,LSTM
2017-08-02,23,34.46,34.924717,LSTM
2017-08-03,0,28.1,28.965425,LSTM
2017-08-03,1,26.47,27.05385,LSTM
2017-08-03,2,24.76,24.979023,LSTM
2017-08-03,3,23.36,23.66789,LSTM
2017-08-03,4,23.39,23.396706,LSTM
2017-08-03,5,25.08,24.919083,LSTM
2017-08-03,6,28.58,27.234217,LSTM
2017-08-03,7,34.94,33.921814,LSTM
2017-08-03,8,35.98,35.12753,LSTM
2017-08-03,9,35.98,32.78433,LSTM
2017-08-03,10,35.89,32.61842,LSTM
2017-08-03,11,34.72,33.21573,LSTM
2017-08-03,12,30.57,26.396572,LSTM
2017-08-03,13,27.13,22.878525,LSTM
2017-08-03,14,22.03,22.348194,LSTM
2017-08-03,15,20.28,17.12517,LSTM
2017-08-03,16,18.09,18.793125,LSTM
2017-08-03,17,23.99,20.013048,LSTM
2017-08-03,18,26.82,25.428375,LSTM
2017-08-03,19,29.76,25.968832,LSTM
2017-08-03,20,30.76,28.412975,LSTM
2017-08-03,21,31.85,30.860378,LSTM
2017-08-03,22,29.69,31.286547,LSTM
2017-08-03,23,25.52,26.877222,LSTM
2017-08-04,0,25.16,24.030214,LSTM
2017-08-04,1,22.7,21.454153,LSTM
2017-08-04,2,21.3,21.40425,LSTM
2017-08-04,3,19.03,21.309158,LSTM
2017-08-04,4,18.95,21.470203,LSTM
2017-08-04,5,21.48,24.216776,LSTM
2017-08-04,6,30.5,27.314926,LSTM
2017-08-04,7,34.99,34.213028,LSTM
2017-08-04,8,35.02,31.827684,LSTM
2017-08-04,9,33.59,28.936544,LSTM
2017-08-04,10,28.42,24.379982,LSTM
2017-08-04,11,21.62,22.852016,LSTM
2017-08-04,12,17.05,18.125677,LSTM
2017-08-04,13,10.35,15.464672,LSTM
2017-08-04,14,9.58,14.853995,LSTM
2017-08-04,15,10.36,12.317724,LSTM
2017-08-04,16,10.32,16.700647,LSTM
2017-08-04,17,20.04,20.616968,LSTM
2017-08-04,18,28.46,24.25482,LSTM
2017-08-04,19,35.01,32.70835,LSTM
2017-08-04,20,34.48,30.968018,LSTM
2017-08-04,21,34.93,31.653606,LSTM
2017-08-04,22,34.96,34.63145,LSTM
2017-08-04,23,31.06,29.259527,LSTM
2017-08-05,0,24.97,26.643135,LSTM
2017-08-05,1,24.97,24.297354,LSTM
2017-08-05,2,25.05,24.293346,LSTM
2017-08-05,3,24.02,23.4865,LSTM
2017-08-05,4,23.1,23.219938,LSTM
2017-08-05,5,24.74,23.799112,LSTM
2017-08-05,6,24.17,23.063974,LSTM
2017-08-05,7,27.68,21.055706,LSTM
2017-08-05,8,31.0,24.503494,LSTM
2017-08-05,9,32.82,26.526905,LSTM
2017-08-05,10,31.88,26.780647,LSTM
2017-08-05,11,27.21,25.560541,LSTM
2017-08-05,12,25.06,27.039057,LSTM
2017-08-05,13,23.37,23.321177,LSTM
2017-08-05,14,23.43,22.35711,LSTM
2017-08-05,15,24.55,21.890266,LSTM
2017-08-05,16,25.33,20.805864,LSTM
2017-08-05,17,27.98,25.4458,LSTM
2017-08-05,18,32.09,29.644287,LSTM
2017-08-05,19,33.96,31.996288,LSTM
2017-08-05,20,33.63,33.11657,LSTM
2017-08-05,21,33.8,33.597748,LSTM
2017-08-05,22,34.3,34.942253,LSTM
2017-08-05,23,32.74,31.250305,LSTM
2017-08-06,0,25.73,26.56459,LSTM
2017-08-06,1,20.57,20.680382,LSTM
2017-08-06,2,18.03,21.061111,LSTM
2017-08-06,3,16.59,18.933947,LSTM
2017-08-06,4,13.69,19.62816,LSTM
2017-08-06,5,10.87,19.334562,LSTM
2017-08-06,6,10.75,18.532309,LSTM
2017-08-06,7,12.6,17.196232,LSTM
2017-08-06,8,16.32,18.376614,LSTM
2017-08-06,9,18.0,17.876368,LSTM
2017-08-06,10,10.46,19.68946,LSTM
2017-08-06,11,13.33,17.91744,LSTM
2017-08-06,12,14.13,17.392246,LSTM
2017-08-06,13,10.83,14.73186,LSTM
2017-08-06,14,10.41,13.624962,LSTM
2017-08-06,15,10.32,13.669401,LSTM
2017-08-06,16,13.01,15.260542,LSTM
2017-08-06,17,19.57,18.665813,LSTM
2017-08-06,18,28.66,26.463598,LSTM
2017-08-06,19,32.94,33.77007,LSTM
2017-08-06,20,34.95,34.97479,LSTM
2017-08-06,21,36.05,37.348637,LSTM
2017-08-06,22,36.07,39.703884,LSTM
2017-08-06,23,34.94,34.461914,LSTM
2017-08-07,0,31.1,28.651453,LSTM
2017-08-07,1,28.0,27.181137,LSTM
2017-08-07,2,26.11,26.66071,LSTM
2017-08-07,3,24.8,25.119566,LSTM
2017-08-07,4,25.47,24.293505,LSTM
2017-08-07,5,28.28,26.835989,LSTM
2017-08-07,6,35.18,34.427452,LSTM
2017-08-07,7,37.93,37.14187,LSTM
2017-08-07,8,37.85,35.893017,LSTM
2017-08-07,9,36.42,33.51231,LSTM
2017-08-07,10,34.08,29.323463,LSTM
2017-08-07,11,33.14,30.304733,LSTM
2017-08-07,12,29.03,26.732912,LSTM
2017-08-07,13,26.87,27.624056,LSTM
2017-08-07,14,27.47,25.502434,LSTM
2017-08-07,15,29.04,27.311192,LSTM
2017-08-07,16,32.65,30.749868,LSTM
2017-08-07,17,36.95,33.868683,LSTM
2017-08-07,18,42.16,37.627678,LSTM
2017-08-07,19,45.11,42.112446,LSTM
2017-08-07,20,44.9,40.495747,LSTM
2017-08-07,21,39.94,37.023327,LSTM
2017-08-07,22,35.92,35.619854,LSTM
2017-08-07,23,29.94,30.708828,LSTM
2017-08-08,0,28.09,27.966568,LSTM
2017-08-08,1,26.86,26.70428,LSTM
2017-08-08,2,25.34,26.098713,LSTM
2017-08-08,3,24.59,24.144403,LSTM
2017-08-08,4,24.64,24.759125,LSTM
2017-08-08,5,26.96,26.639513,LSTM
2017-08-08,6,31.0,31.409252,LSTM
2017-08-08,7,35.0,37.483696,LSTM
2017-08-08,8,36.51,37.70185,LSTM
2017-08-08,9,37.06,35.339752,LSTM
2017-08-08,10,36.2,33.724644,LSTM
2017-08-08,11,36.38,32.224113,LSTM
2017-08-08,12,34.74,29.390596,LSTM
2017-08-08,13,31.51,28.436213,LSTM
2017-08-08,14,29.56,28.867912,LSTM
2017-08-08,15,30.95,27.311687,LSTM
2017-08-08,16,31.33,29.539438,LSTM
2017-08-08,17,32.36,33.461124,LSTM
2017-08-08,18,33.9,35.564484,LSTM
2017-08-08,19,33.91,35.243984,LSTM
2017-08-08,20,33.03,35.805157,LSTM
2017-08-08,21,32.07,33.70342,LSTM
2017-08-08,22,31.06,31.941208,LSTM
2017-08-08,23,27.97,26.954948,LSTM
2017-08-09,0,25.0,27.167257,LSTM
2017-08-09,1,23.63,25.245651,LSTM
2017-08-09,2,21.13,25.796236,LSTM
2017-08-09,3,19.08,23.995678,LSTM
2017-08-09,4,19.09,23.987638,LSTM
2017-08-09,5,24.57,26.617443,LSTM
2017-08-09,6,27.8,31.241945,LSTM
2017-08-09,7,31.57,35.22972,LSTM
2017-08-09,8,34.85,37.511387,LSTM
2017-08-09,9,33.15,33.71107,LSTM
2017-08-09,10,31.49,31.557375,LSTM
2017-08-09,11,31.34,29.115242,LSTM
2017-08-09,12,27.74,28.16086,LSTM
2017-08-09,13,26.56,26.866854,LSTM
2017-08-09,14,27.75,25.837036,LSTM
2017-08-09,15,29.96,28.27815,LSTM
2017-08-09,16,31.25,28.861023,LSTM
2017-08-09,17,34.92,33.68991,LSTM
2017-08-09,18,35.96,39.33488,LSTM
2017-08-09,19,40.1,41.62386,LSTM
2017-08-09,20,38.33,40.58689,LSTM
2017-08-09,21,39.42,41.317802,LSTM
2017-08-09,22,37.35,39.693512,LSTM
2017-08-09,23,34.51,34.43721,LSTM
2017-08-10,0,29.91,30.955688,LSTM
2017-08-10,1,28.24,29.54959,LSTM
2017-08-10,2,27.79,26.669867,LSTM
2017-08-10,3,26.6,26.583548,LSTM
2017-08-10,4,26.02,26.980701,LSTM
2017-08-10,5,28.44,28.296995,LSTM
2017-08-10,6,33.81,34.542202,LSTM
2017-08-10,7,36.81,44.61004,LSTM
2017-08-10,8,40.88,47.265175,LSTM
2017-08-10,9,41.95,47.49243,LSTM
2017-08-10,10,41.95,47.20008,LSTM
2017-08-10,11,41.93,46.78979,LSTM
2017-08-10,12,41.63,45.18356,LSTM
2017-08-10,13,40.95,43.760803,LSTM
2017-08-10,14,39.2,42.750557,LSTM
2017-08-10,15,37.88,41.10335,LSTM
2017-08-10,16,36.24,40.24937,LSTM
2017-08-10,17,37.05,42.77127,LSTM
2017-08-10,18,38.0,40.542076,LSTM
2017-08-10,19,39.61,41.13917,LSTM
2017-08-10,20,35.99,39.256386,LSTM
2017-08-10,21,35.56,36.549805,LSTM
2017-08-10,22,34.78,37.529015,LSTM
2017-08-10,23,30.97,30.786366,LSTM
2017-08-11,0,28.99,29.90629,LSTM
2017-08-11,1,28.13,29.438658,LSTM
2017-08-11,2,27.03,26.465096,LSTM
2017-08-11,3,26.29,26.789433,LSTM
2017-08-11,4,26.12,26.918861,LSTM
2017-08-11,5,28.11,28.469719,LSTM
2017-08-11,6,31.79,35.106026,LSTM
2017-08-11,7,40.75,41.981956,LSTM
2017-08-11,8,46.98,46.648155,LSTM
2017-08-11,9,49.68,47.324284,LSTM
2017-08-11,10,51.18,47.24971,LSTM
2017-08-11,11,61.36,47.44449,LSTM
2017-08-11,12,52.65,44.76802,LSTM
2017-08-11,13,46.8,43.174984,LSTM
2017-08-11,14,39.09,39.775345,LSTM
2017-08-11,15,39.01,38.131313,LSTM
2017-08-11,16,36.88,36.404396,LSTM
2017-08-11,17,37.42,38.404404,LSTM
2017-08-11,18,38.08,37.21498,LSTM
2017-08-11,19,36.21,38.445087,LSTM
2017-08-11,20,34.32,35.892246,LSTM
2017-08-11,21,34.61,33.982758,LSTM
2017-08-11,22,33.36,34.77883,LSTM
2017-08-11,23,30.71,29.64341,LSTM
2017-08-12,0,25.63,27.405247,LSTM
2017-08-12,1,23.05,23.27633,LSTM
2017-08-12,2,20.72,21.477194,LSTM
2017-08-12,3,20.06,20.476843,LSTM
2017-08-12,4,18.85,19.862272,LSTM
2017-08-12,5,17.03,19.93095,LSTM
2017-08-12,6,19.59,21.70359,LSTM
2017-08-12,7,20.91,23.955051,LSTM
2017-08-12,8,24.37,27.315788,LSTM
2017-08-12,9,25.84,30.482471,LSTM
2017-08-12,10,25.36,30.14842,LSTM
2017-08-12,11,25.5,30.324074,LSTM
2017-08-12,12,24.49,27.349483,LSTM
2017-08-12,13,19.01,25.16472,LSTM
2017-08-12,14,15.23,22.867804,LSTM
2017-08-12,15,16.41,20.46114,LSTM
2017-08-12,16,15.99,21.253237,LSTM
2017-08-12,17,18.77,23.273964,LSTM
2017-08-12,18,24.81,24.733763,LSTM
2017-08-12,19,25.44,29.108288,LSTM
2017-08-12,20,25.67,26.715374,LSTM
2017-08-12,21,25.54,26.273602,LSTM
2017-08-12,22,24.02,27.645586,LSTM
2017-08-12,23,17.93,21.678886,LSTM
2017-08-13,0,15.74,15.7112255,LSTM
2017-08-13,1,15.42,12.190186,LSTM
2017-08-13,2,12.93,11.049449,LSTM
2017-08-13,3,11.64,10.610377,LSTM
2017-08-13,4,13.34,9.833775,LSTM
2017-08-13,5,11.95,12.040126,LSTM
2017-08-13,6,11.77,13.740067,LSTM
2017-08-13,7,16.07,15.716171,LSTM
2017-08-13,8,19.0,16.073162,LSTM
2017-08-13,9,21.02,20.707403,LSTM
2017-08-13,10,19.69,18.332367,LSTM
2017-08-13,11,21.09,19.894382,LSTM
2017-08-13,12,19.33,19.980217,LSTM
2017-08-13,13,16.07,15.63551,LSTM
2017-08-13,14,13.24,13.108788,LSTM
2017-08-13,15,11.8,11.99472,LSTM
2017-08-13,16,10.8,15.382137,LSTM
2017-08-13,17,21.89,20.065002,LSTM
2017-08-13,18,28.39,28.087643,LSTM
2017-08-13,19,33.0,34.109154,LSTM
2017-08-13,20,34.98,36.378548,LSTM
2017-08-13,21,36.47,32.470352,LSTM
2017-08-13,22,35.8,35.5888,LSTM
2017-08-13,23,32.0,30.896164,LSTM
2017-08-14,0,28.69,25.47985,LSTM
2017-08-14,1,26.37,24.653004,LSTM
2017-08-14,2,25.24,22.105417,LSTM
2017-08-14,3,25.17,21.008709,LSTM
2017-08-14,4,25.28,21.728508,LSTM
2017-08-14,5,27.64,24.444366,LSTM
2017-08-14,6,32.9,33.82402,LSTM
2017-08-14,7,37.9,38.961376,LSTM
2017-08-14,8,38.44,38.445904,LSTM
2017-08-14,9,36.64,35.03503,LSTM
2017-08-14,10,35.04,32.22768,LSTM
2017-08-14,11,34.96,31.401566,LSTM
2017-08-14,12,33.4,27.921793,LSTM
2017-08-14,13,31.93,28.2931,LSTM
2017-08-14,14,31.87,27.45725,LSTM
2017-08-14,15,33.0,27.359606,LSTM
2017-08-14,16,34.87,28.9496,LSTM
2017-08-14,17,37.07,31.930634,LSTM
2017-08-14,18,39.64,34.93653,LSTM
2017-08-14,19,41.96,35.90731,LSTM
2017-08-14,20,38.39,36.594864,LSTM
2017-08-14,21,37.76,32.345837,LSTM
2017-08-14,22,32.96,28.441875,LSTM
2017-08-14,23,26.82,23.33826,LSTM
2017-08-15,0,23.9,24.78458,LSTM
2017-08-15,1,23.05,23.402811,LSTM
2017-08-15,2,22.07,21.954351,LSTM
2017-08-15,3,19.3,21.268974,LSTM
2017-08-15,4,19.25,21.437399,LSTM
2017-08-15,5,21.47,23.780352,LSTM
2017-08-15,6,26.23,31.453152,LSTM
2017-08-15,7,26.96,37.965652,LSTM
2017-08-15,8,27.96,38.057884,LSTM
2017-08-15,9,26.84,35.276146,LSTM
2017-08-15,10,26.08,31.817007,LSTM
2017-08-15,11,26.69,31.501637,LSTM
2017-08-15,12,25.38,28.495241,LSTM
2017-08-15,13,23.07,29.230331,LSTM
2017-08-15,14,21.26,28.396595,LSTM
2017-08-15,15,25.18,30.106785,LSTM
2017-08-15,16,26.08,31.108324,LSTM
2017-08-15,17,31.34,35.686188,LSTM
2017-08-15,18,35.24,39.24051,LSTM
2017-08-15,19,35.3,40.5343,LSTM
2017-08-15,20,35.36,40.375748,LSTM
2017-08-15,21,34.95,37.472473,LSTM
2017-08-15,22,29.04,34.621185,LSTM
2017-08-15,23,27.1,30.83863,LSTM
2017-08-16,0,28.93,25.928837,LSTM
2017-08-16,1,27.99,23.127333,LSTM
2017-08-16,2,27.11,22.275402,LSTM
2017-08-16,3,26.79,21.216728,LSTM
2017-08-16,4,27.64,22.772202,LSTM
2017-08-16,5,28.72,24.139128,LSTM
2017-08-16,6,34.98,31.293219,LSTM
2017-08-16,7,37.61,37.721943,LSTM
2017-08-16,8,42.0,40.947807,LSTM
2017-08-16,9,41.91,36.187325,LSTM
2017-08-16,10,40.92,37.475952,LSTM
2017-08-16,11,40.91,36.496826,LSTM
2017-08-16,12,38.44,33.31099,LSTM
2017-08-16,13,36.07,30.545147,LSTM
2017-08-16,14,35.56,31.03705,LSTM
2017-08-16,15,34.31,31.119915,LSTM
2017-08-16,16,36.27,32.08612,LSTM
2017-08-16,17,39.94,35.24771,LSTM
2017-08-16,18,41.93,37.892323,LSTM
2017-08-16,19,43.15,42.27316,LSTM
2017-08-16,20,41.95,41.092213,LSTM
2017-08-16,21,40.1,39.06735,LSTM
2017-08-16,22,36.02,36.849957,LSTM
2017-08-16,23,32.0,32.350517,LSTM
2017-08-17,0,29.82,29.98374,LSTM
2017-08-17,1,28.44,27.761911,LSTM
2017-08-17,2,26.96,27.445925,LSTM
2017-08-17,3,26.83,25.196796,LSTM
2017-08-17,4,26.96,25.524868,LSTM
2017-08-17,5,28.57,27.145206,LSTM
2017-08-17,6,33.94,32.361435,LSTM
2017-08-17,7,36.9,36.98235,LSTM
2017-08-17,8,40.14,37.005936,LSTM
2017-08-17,9,39.24,34.476788,LSTM
2017-08-17,10,36.47,32.42547,LSTM
2017-08-17,11,36.02,31.217201,LSTM
2017-08-17,12,33.39,28.448307,LSTM
2017-08-17,13,31.64,27.034908,LSTM
2017-08-17,14,30.0,27.20373,LSTM
2017-08-17,15,30.19,28.302853,LSTM
2017-08-17,16,31.68,29.9547,LSTM
2017-08-17,17,35.32,32.713776,LSTM
2017-08-17,18,37.42,37.321453,LSTM
2017-08-17,19,38.97,38.091255,LSTM
2017-08-17,20,38.35,37.467045,LSTM
2017-08-17,21,37.62,35.793625,LSTM
2017-08-17,22,36.87,33.974598,LSTM
2017-08-17,23,31.7,29.667858,LSTM
2017-08-18,0,29.21,29.909733,LSTM
2017-08-18,1,28.29,27.873821,LSTM
2017-08-18,2,27.28,27.259724,LSTM
2017-08-18,3,26.35,25.585104,LSTM
2017-08-18,4,27.7,25.458933,LSTM
2017-08-18,5,28.61,27.14382,LSTM
2017-08-18,6,33.63,32.584476,LSTM
2017-08-18,7,38.48,37.537712,LSTM
2017-08-18,8,42.25,38.419586,LSTM
2017-08-18,9,38.88,38.479103,LSTM
2017-08-18,10,36.1,35.92422,LSTM
2017-08-18,11,36.85,35.593723,LSTM
2017-08-18,12,36.29,32.830452,LSTM
2017-08-18,13,33.17,30.40377,LSTM
2017-08-18,14,31.1,28.456446,LSTM
2017-08-18,15,31.56,28.055513,LSTM
2017-08-18,16,32.4,30.707962,LSTM
2017-08-18,17,35.71,32.640957,LSTM
2017-08-18,18,37.43,36.18169,LSTM
2017-08-18,19,38.7,37.451797,LSTM
2017-08-18,20,36.99,37.728146,LSTM
2017-08-18,21,37.02,35.20954,LSTM
2017-08-18,22,34.95,34.666298,LSTM
2017-08-18,23,29.45,30.54608,LSTM
2017-08-19,0,22.22,26.48548,LSTM
2017-08-19,1,22.01,23.019499,LSTM
2017-08-19,2,13.11,20.817156,LSTM
2017-08-19,3,10.93,18.723698,LSTM
2017-08-19,4,10.47,17.28895,LSTM
2017-08-19,5,10.93,16.116959,LSTM
2017-08-19,6,11.0,17.548079,LSTM
2017-08-19,7,15.93,19.153625,LSTM
2017-08-19,8,20.74,22.099243,LSTM
2017-08-19,9,18.96,22.325043,LSTM
2017-08-19,10,14.62,17.206434,LSTM
2017-08-19,11,12.42,18.419308,LSTM
2017-08-19,12,7.13,14.758209,LSTM
2017-08-19,13,-0.07,13.181692,LSTM
2017-08-19,14,-4.0,10.910345,LSTM
2017-08-19,15,-0.22,10.804289,LSTM
2017-08-19,16,8.16,13.989971,LSTM
2017-08-19,17,11.33,20.097605,LSTM
2017-08-19,18,22.03,24.983364,LSTM
2017-08-19,19,26.63,28.863916,LSTM
2017-08-19,20,26.63,30.148788,LSTM
2017-08-19,21,27.0,30.838743,LSTM
2017-08-19,22,25.33,31.356586,LSTM
2017-08-19,23,20.05,26.657766,LSTM
2017-08-20,0,10.84,14.186458,LSTM
2017-08-20,1,10.1,11.929177,LSTM
2017-08-20,2,9.77,9.794382,LSTM
2017-08-20,3,9.01,8.567366,LSTM
2017-08-20,4,5.18,8.538467,LSTM
2017-08-20,5,8.51,9.142255,LSTM
2017-08-20,6,8.17,7.1173306,LSTM
2017-08-20,7,5.06,7.547201,LSTM
2017-08-20,8,9.65,8.643038,LSTM
2017-08-20,9,5.59,7.6161976,LSTM
2017-08-20,10,2.66,5.1858425,LSTM
2017-08-20,11,2.1,5.741728,LSTM
2017-08-20,12,-0.01,3.672964,LSTM
2017-08-20,13,-14.35,-0.6985512,LSTM
2017-08-20,14,-12.93,-1.7601662,LSTM
2017-08-20,15,-6.37,-2.4032555,LSTM
2017-08-20,16,-3.57,1.3210564,LSTM
2017-08-20,17,7.53,9.895639,LSTM
2017-08-20,18,14.13,17.671614,LSTM
2017-08-20,19,26.5,23.657845,LSTM
2017-08-20,20,28.5,26.768782,LSTM
2017-08-20,21,30.57,27.948153,LSTM
2017-08-20,22,29.06,28.040781,LSTM
2017-08-20,23,23.18,21.21053,LSTM
2017-08-21,0,19.55,19.250578,LSTM
2017-08-21,1,12.34,16.499193,LSTM
2017-08-21,2,10.96,15.937445,LSTM
2017-08-21,3,9.74,14.640982,LSTM
2017-08-21,4,9.96,14.954538,LSTM
2017-08-21,5,20.34,20.233957,LSTM
2017-08-21,6,29.93,33.68161,LSTM
2017-08-21,7,35.17,37.515156,LSTM
2017-08-21,8,36.8,37.864346,LSTM
2017-08-21,9,35.54,36.123722,LSTM
2017-08-21,10,33.77,30.822712,LSTM
2017-08-21,11,31.16,29.579386,LSTM
2017-08-21,12,30.96,27.803915,LSTM
2017-08-21,13,29.62,27.541885,LSTM
2017-08-21,14,27.93,25.271608,LSTM
2017-08-21,15,29.87,27.151089,LSTM
2017-08-21,16,32.06,28.067364,LSTM
2017-08-21,17,34.71,33.322365,LSTM
2017-08-21,18,39.8,37.846493,LSTM
2017-08-21,19,41.86,45.66565,LSTM
2017-08-21,20,41.01,47.40818,LSTM
2017-08-21,21,40.31,42.379494,LSTM
2017-08-21,22,37.71,37.355152,LSTM
2017-08-21,23,32.0,33.923634,LSTM
2017-08-22,0,32.77,27.546953,LSTM
2017-08-22,1,30.0,25.561623,LSTM
2017-08-22,2,29.53,25.434593,LSTM
2017-08-22,3,27.9,23.803013,LSTM
2017-08-22,4,27.78,24.17407,LSTM
2017-08-22,5,31.78,26.502949,LSTM
2017-08-22,6,37.71,36.561264,LSTM
2017-08-22,7,42.24,41.800064,LSTM
2017-08-22,8,42.42,42.32428,LSTM
2017-08-22,9,39.99,38.973362,LSTM
2017-08-22,10,37.76,34.485,LSTM
2017-08-22,11,36.91,31.861677,LSTM
2017-08-22,12,35.57,29.176394,LSTM
2017-08-22,13,35.36,27.60864,LSTM
2017-08-22,14,35.08,27.011976,LSTM
2017-08-22,15,36.06,28.076803,LSTM
2017-08-22,16,37.39,30.05023,LSTM
2017-08-22,17,42.02,34.932884,LSTM
2017-08-22,18,44.71,40.66646,LSTM
2017-08-22,19,48.17,45.748642,LSTM
2017-08-22,20,45.07,44.917355,LSTM
2017-08-22,21,43.38,40.187492,LSTM
2017-08-22,22,38.81,35.63504,LSTM
2017-08-22,23,34.85,30.6729,LSTM
2017-08-23,0,30.97,29.326302,LSTM
2017-08-23,1,30.93,28.775179,LSTM
2017-08-23,2,29.63,28.083529,LSTM
2017-08-23,3,28.4,27.640217,LSTM
2017-08-23,4,28.06,27.385326,LSTM
2017-08-23,5,29.76,29.76442,LSTM
2017-08-23,6,36.93,40.190285,LSTM
2017-08-23,7,40.92,47.764465,LSTM
2017-08-23,8,43.36,46.796055,LSTM
2017-08-23,9,40.72,40.626728,LSTM
2017-08-23,10,38.24,35.846733,LSTM
2017-08-23,11,37.5,34.79392,LSTM
2017-08-23,12,36.25,30.723927,LSTM
2017-08-23,13,34.0,30.777317,LSTM
2017-08-23,14,32.5,29.269192,LSTM
2017-08-23,15,34.1,32.351734,LSTM
2017-08-23,16,37.06,32.847088,LSTM
2017-08-23,17,40.24,37.327587,LSTM
2017-08-23,18,45.94,43.72593,LSTM
2017-08-23,19,48.05,45.986492,LSTM
2017-08-23,20,44.9,43.422432,LSTM
2017-08-23,21,41.92,39.35203,LSTM
2017-08-23,22,35.96,34.64803,LSTM
2017-08-23,23,31.29,29.581257,LSTM
2017-08-24,0,29.99,31.28603,LSTM
2017-08-24,1,29.48,28.929407,LSTM
2017-08-24,2,28.1,28.909237,LSTM
2017-08-24,3,27.73,26.800613,LSTM
2017-08-24,4,28.0,26.396553,LSTM
2017-08-24,5,30.27,28.787523,LSTM
2017-08-24,6,36.45,35.445004,LSTM
2017-08-24,7,39.42,43.422424,LSTM
2017-08-24,8,42.14,42.710278,LSTM
2017-08-24,9,42.09,39.996887,LSTM
2017-08-24,10,40.7,38.22425,LSTM
2017-08-24,11,39.94,36.552944,LSTM
2017-08-24,12,32.38,33.446583,LSTM
2017-08-24,13,29.63,31.832157,LSTM
2017-08-24,14,29.69,30.090853,LSTM
2017-08-24,15,29.8,30.948376,LSTM
2017-08-24,16,31.76,31.71154,LSTM
2017-08-24,17,39.7,34.185246,LSTM
2017-08-24,18,42.75,40.070652,LSTM
2017-08-24,19,44.89,43.09155,LSTM
2017-08-24,20,44.55,42.425705,LSTM
2017-08-24,21,42.91,41.305,LSTM
2017-08-24,22,39.22,38.967094,LSTM
2017-08-24,23,33.96,33.724766,LSTM
2017-08-25,0,33.43,31.874205,LSTM
2017-08-25,1,31.31,29.44802,LSTM
2017-08-25,2,30.13,30.036934,LSTM
2017-08-25,3,29.51,28.433332,LSTM
2017-08-25,4,29.94,28.477043,LSTM
2017-08-25,5,32.28,31.277822,LSTM
2017-08-25,6,38.05,39.758366,LSTM
2017-08-25,7,42.97,45.883667,LSTM
2017-08-25,8,44.9,46.25722,LSTM
2017-08-25,9,44.67,41.40284,LSTM
2017-08-25,10,41.77,39.938107,LSTM
2017-08-25,11,39.87,37.61056,LSTM
2017-08-25,12,37.92,33.98455,LSTM
2017-08-25,13,34.98,32.56956,LSTM
2017-08-25,14,33.09,31.716833,LSTM
2017-08-25,15,33.99,34.982197,LSTM
2017-08-25,16,36.04,35.212364,LSTM
2017-08-25,17,40.41,38.67514,LSTM
2017-08-25,18,43.98,45.314144,LSTM
2017-08-25,19,45.7,50.193504,LSTM
2017-08-25,20,45.4,45.396275,LSTM
2017-08-25,21,42.91,43.491306,LSTM
2017-08-25,22,39.7,40.318848,LSTM
2017-08-25,23,35.43,34.702003,LSTM
2017-08-26,0,34.75,31.73805,LSTM
2017-08-26,1,32.21,30.894747,LSTM
2017-08-26,2,31.38,28.762844,LSTM
2017-08-26,3,30.89,28.090656,LSTM
2017-08-26,4,30.61,28.026628,LSTM
2017-08-26,5,30.29,28.532616,LSTM
2017-08-26,6,30.47,30.692572,LSTM
2017-08-26,7,31.04,31.786278,LSTM
2017-08-26,8,34.82,34.8033,LSTM
2017-08-26,9,35.96,35.19378,LSTM
2017-08-26,10,35.65,33.410015,LSTM
2017-08-26,11,34.99,32.095093,LSTM
2017-08-26,12,31.52,30.264519,LSTM
2017-08-26,13,30.78,28.792706,LSTM
2017-08-26,14,30.23,26.746315,LSTM
2017-08-26,15,31.92,25.168135,LSTM
2017-08-26,16,32.17,27.168486,LSTM
2017-08-26,17,36.82,32.14283,LSTM
2017-08-26,18,39.67,38.34376,LSTM
2017-08-26,19,42.0,42.023815,LSTM
2017-08-26,20,42.38,41.20191,LSTM
2017-08-26,21,39.97,39.203896,LSTM
2017-08-26,22,38.44,38.53102,LSTM
2017-08-26,23,34.9,32.513813,LSTM
2017-08-27,0,34.95,31.891338,LSTM
2017-08-27,1,31.88,28.56762,LSTM
2017-08-27,2,30.01,25.895554,LSTM
2017-08-27,3,28.71,24.829721,LSTM
2017-08-27,4,29.32,24.133808,LSTM
2017-08-27,5,28.82,22.928137,LSTM
2017-08-27,6,29.67,23.729492,LSTM
2017-08-27,7,28.46,25.186646,LSTM
2017-08-27,8,29.44,27.048182,LSTM
2017-08-27,9,26.04,26.504105,LSTM
2017-08-27,10,22.18,26.64383,LSTM
2017-08-27,11,22.06,27.064331,LSTM
2017-08-27,12,20.74,23.74956,LSTM
2017-08-27,13,25.42,22.985573,LSTM
2017-08-27,14,23.89,19.430214,LSTM
2017-08-27,15,27.0,19.695604,LSTM
2017-08-27,16,28.74,21.367603,LSTM
2017-08-27,17,30.63,24.014214,LSTM
2017-08-27,18,35.2,30.54383,LSTM
2017-08-27,19,38.96,36.066826,LSTM
2017-08-27,20,42.21,38.913013,LSTM
2017-08-27,21,42.43,39.73607,LSTM
2017-08-27,22,38.0,39.977463,LSTM
2017-08-27,23,35.98,35.38986,LSTM
2017-08-28,0,33.54,29.567574,LSTM
2017-08-28,1,30.94,27.804178,LSTM
2017-08-28,2,30.64,29.108921,LSTM
2017-08-28,3,30.4,26.445492,LSTM
2017-08-28,4,30.42,27.372929,LSTM
2017-08-28,5,31.99,28.752928,LSTM
2017-08-28,6,41.99,39.713184,LSTM
2017-08-28,7,43.98,46.625015,LSTM
2017-08-28,8,45.56,49.374752,LSTM
2017-08-28,9,44.97,46.45301,LSTM
2017-08-28,10,43.5,41.924477,LSTM
2017-08-28,11,40.06,40.73707,LSTM
2017-08-28,12,35.63,38.100315,LSTM
2017-08-28,13,32.4,36.77344,LSTM
2017-08-28,14,31.5,35.084393,LSTM
2017-08-28,15,36.95,35.209385,LSTM
2017-08-28,16,39.51,37.22837,LSTM
2017-08-28,17,44.53,43.742954,LSTM
2017-08-28,18,46.6,47.535656,LSTM
2017-08-28,19,50.0,48.302307,LSTM
2017-08-28,20,47.59,47.579445,LSTM
2017-08-28,21,44.26,43.097862,LSTM
2017-08-28,22,38.99,39.405186,LSTM
2017-08-28,23,32.0,35.12827,LSTM
2017-08-29,0,30.86,30.149096,LSTM
2017-08-29,1,30.2,28.400675,LSTM
2017-08-29,2,29.96,28.394903,LSTM
2017-08-29,3,29.31,26.965412,LSTM
2017-08-29,4,29.38,27.4039,LSTM
2017-08-29,5,30.77,29.451563,LSTM
2017-08-29,6,35.0,37.46225,LSTM
2017-08-29,7,42.07,41.122993,LSTM
2017-08-29,8,45.54,44.117546,LSTM
2017-08-29,9,42.99,40.183033,LSTM
2017-08-29,10,38.97,36.011147,LSTM
2017-08-29,11,35.58,32.68188,LSTM
2017-08-29,12,31.32,30.64271,LSTM
2017-08-29,13,32.1,30.139961,LSTM
2017-08-29,14,32.49,30.893944,LSTM
2017-08-29,15,33.0,32.447823,LSTM
2017-08-29,16,37.68,33.420567,LSTM
2017-08-29,17,45.47,39.85103,LSTM
2017-08-29,18,49.01,46.18891,LSTM
2017-08-29,19,52.47,49.318024,LSTM
2017-08-29,20,49.98,45.884277,LSTM
2017-08-29,21,45.87,43.627666,LSTM
2017-08-29,22,40.04,39.934082,LSTM
2017-08-29,23,32.82,34.859993,LSTM
2017-08-30,0,32.98,31.366377,LSTM
2017-08-30,1,30.26,30.457378,LSTM
2017-08-30,2,29.83,30.522879,LSTM
2017-08-30,3,29.56,29.187502,LSTM
2017-08-30,4,29.6,28.599188,LSTM
2017-08-30,5,30.82,31.102282,LSTM
2017-08-30,6,36.51,38.020332,LSTM
2017-08-30,7,42.0,44.927498,LSTM
2017-08-30,8,44.43,44.05421,LSTM
2017-08-30,9,43.97,41.774178,LSTM
2017-08-30,10,43.39,38.9317,LSTM
2017-08-30,11,39.91,38.315292,LSTM
2017-08-30,12,33.0,34.448505,LSTM
2017-08-30,13,32.75,34.238907,LSTM
2017-08-30,14,32.83,32.826702,LSTM
2017-08-30,15,32.14,34.20422,LSTM
2017-08-30,16,37.4,34.946335,LSTM
2017-08-30,17,40.56,37.21119,LSTM
2017-08-30,18,42.39,42.589172,LSTM
2017-08-30,19,42.4,42.150673,LSTM
2017-08-30,20,41.39,40.09008,LSTM
2017-08-30,21,37.04,37.762905,LSTM
2017-08-30,22,32.48,35.115402,LSTM
2017-08-30,23,30.89,31.03086,LSTM
2017-08-31,0,31.0,31.15879,LSTM
2017-08-31,1,29.97,29.657158,LSTM
2017-08-31,2,29.75,29.37994,LSTM
2017-08-31,3,28.83,28.34751,LSTM
2017-08-31,4,28.89,28.376415,LSTM
2017-08-31,5,30.06,31.159586,LSTM
2017-08-31,6,34.15,39.36607,LSTM
2017-08-31,7,39.92,45.12391,LSTM
2017-08-31,8,43.28,45.934303,LSTM
2017-08-31,9,44.92,43.881687,LSTM
2017-08-31,10,44.08,42.1135,LSTM
2017-08-31,11,44.8,40.339134,LSTM
2017-08-31,12,42.98,37.155354,LSTM
2017-08-31,13,41.97,35.544106,LSTM
2017-08-31,14,40.06,33.858425,LSTM
2017-08-31,15,41.97,34.467945,LSTM
2017-08-31,16,41.94,34.549797,LSTM
2017-08-31,17,42.05,37.83851,LSTM
2017-08-31,18,43.6,41.538746,LSTM
2017-08-31,19,43.8,45.377216,LSTM
2017-08-31,20,44.09,43.784565,LSTM
2017-08-31,21,41.92,41.623688,LSTM
2017-08-31,22,35.59,39.301437,LSTM
2017-08-31,23,33.41,33.228466,LSTM
2017-09-01,0,33.09,32.700054,LSTM
2017-09-01,1,31.07,31.051153,LSTM
2017-09-01,2,29.89,30.558378,LSTM
2017-09-01,3,29.64,29.229364,LSTM
2017-09-01,4,29.65,30.205002,LSTM
2017-09-01,5,31.71,31.738144,LSTM
2017-09-01,6,36.04,40.668655,LSTM
2017-09-01,7,43.46,47.01773,LSTM
2017-09-01,8,45.83,49.872593,LSTM
2017-09-01,9,45.12,49.709736,LSTM
2017-09-01,10,44.9,47.473335,LSTM
2017-09-01,11,45.02,46.256123,LSTM
2017-09-01,12,44.87,44.043034,LSTM
2017-09-01,13,43.09,42.126015,LSTM
2017-09-01,14,39.91,39.951164,LSTM
2017-09-01,15,38.93,40.198517,LSTM
2017-09-01,16,38.56,39.522213,LSTM
2017-09-01,17,40.36,42.75323,LSTM
2017-09-01,18,42.2,44.66383,LSTM
2017-09-01,19,43.74,45.02327,LSTM
2017-09-01,20,43.95,43.975372,LSTM
2017-09-01,21,39.4,40.504658,LSTM
2017-09-01,22,36.21,38.771046,LSTM
2017-09-01,23,34.51,33.609154,LSTM
2017-09-02,0,32.22,33.11384,LSTM
2017-09-02,1,31.73,31.015005,LSTM
2017-09-02,2,30.06,30.562403,LSTM
2017-09-02,3,29.64,28.77381,LSTM
2017-09-02,4,29.48,28.729883,LSTM
2017-09-02,5,29.99,29.592617,LSTM
2017-09-02,6,31.1,31.7214,LSTM
2017-09-02,7,32.39,32.60871,LSTM
2017-09-02,8,35.1,34.830914,LSTM
2017-09-02,9,38.0,36.880962,LSTM
2017-09-02,10,38.15,35.600887,LSTM
2017-09-02,11,38.03,35.163044,LSTM
2017-09-02,12,35.37,33.317352,LSTM
2017-09-02,13,33.0,32.013786,LSTM
2017-09-02,14,31.78,30.760265,LSTM
2017-09-02,15,30.97,30.045864,LSTM
2017-09-02,16,31.5,31.51316,LSTM
2017-09-02,17,32.99,34.104412,LSTM
2017-09-02,18,37.25,38.10639,LSTM
2017-09-02,19,40.32,40.136715,LSTM
2017-09-02,20,40.52,39.326176,LSTM
2017-09-02,21,38.02,38.376595,LSTM
2017-09-02,22,35.65,38.15114,LSTM
2017-09-02,23,31.02,34.205807,LSTM
2017-09-03,0,32.85,30.831272,LSTM
2017-09-03,1,27.84,27.957373,LSTM
2017-09-03,2,29.8,27.2176,LSTM
2017-09-03,3,28.12,25.55647,LSTM
2017-09-03,4,27.6,25.280825,LSTM
2017-09-03,5,27.64,24.803339,LSTM
2017-09-03,6,28.08,25.524475,LSTM
2017-09-03,7,27.63,26.975277,LSTM
2017-09-03,8,29.45,29.65496,LSTM
2017-09-03,9,30.25,29.16431,LSTM
2017-09-03,10,29.32,29.144722,LSTM
2017-09-03,11,30.09,27.297274,LSTM
2017-09-03,12,30.7,26.381247,LSTM
2017-09-03,13,26.26,24.857712,LSTM
2017-09-03,14,25.95,23.40116,LSTM
2017-09-03,15,25.0,24.692104,LSTM
2017-09-03,16,26.46,25.908062,LSTM
2017-09-03,17,29.73,29.696798,LSTM
2017-09-03,18,34.15,36.200016,LSTM
2017-09-03,19,38.88,40.39686,LSTM
2017-09-03,20,42.27,40.531815,LSTM
2017-09-03,21,39.91,40.6804,LSTM
2017-09-03,22,38.42,39.802944,LSTM
2017-09-03,23,33.43,35.04439,LSTM
2017-09-04,0,31.03,28.682573,LSTM
2017-09-04,1,29.72,25.93461,LSTM
2017-09-04,2,29.41,28.327797,LSTM
2017-09-04,3,27.77,24.861464,LSTM
2017-09-04,4,28.09,25.587463,LSTM
2017-09-04,5,30.4,27.549482,LSTM
2017-09-04,6,39.67,38.670624,LSTM
2017-09-04,7,43.92,42.99904,LSTM
2017-09-04,8,42.95,44.228516,LSTM
2017-09-04,9,42.04,40.669384,LSTM
2017-09-04,10,38.85,35.63295,LSTM
2017-09-04,11,35.17,33.150925,LSTM
2017-09-04,12,32.36,31.387512,LSTM
2017-09-04,13,32.95,30.607735,LSTM
2017-09-04,14,33.23,31.221996,LSTM
2017-09-04,15,35.26,31.355091,LSTM
2017-09-04,16,36.6,33.45664,LSTM
2017-09-04,17,39.23,38.48773,LSTM
2017-09-04,18,42.91,44.604473,LSTM
2017-09-04,19,45.48,48.19546,LSTM
2017-09-04,20,45.71,46.71783,LSTM
2017-09-04,21,42.3,42.498646,LSTM
2017-09-04,22,38.93,36.721603,LSTM
2017-09-04,23,33.22,32.364758,LSTM
2017-09-05,0,31.92,29.829615,LSTM
2017-09-05,1,29.93,27.992212,LSTM
2017-09-05,2,29.7,29.29555,LSTM
2017-09-05,3,29.62,26.777481,LSTM
2017-09-05,4,29.68,27.207237,LSTM
2017-09-05,5,31.02,29.184639,LSTM
2017-09-05,6,36.37,37.867126,LSTM
2017-09-05,7,42.39,44.25508,LSTM
2017-09-05,8,44.05,44.712177,LSTM
2017-09-05,9,42.93,41.36972,LSTM
2017-09-05,10,41.26,37.7866,LSTM
2017-09-05,11,41.76,36.145855,LSTM
2017-09-05,12,38.49,33.66521,LSTM
2017-09-05,13,37.25,33.399994,LSTM
2017-09-05,14,36.67,33.90009,LSTM
2017-09-05,15,38.43,34.2586,LSTM
2017-09-05,16,39.05,35.75332,LSTM
2017-09-05,17,40.56,39.381783,LSTM
2017-09-05,18,43.04,46.10486,LSTM
2017-09-05,19,44.22,47.01219,LSTM
2017-09-05,20,44.97,44.67457,LSTM
2017-09-05,21,40.4,41.05604,LSTM
2017-09-05,22,37.25,36.620964,LSTM
2017-09-05,23,32.97,32.129913,LSTM
2017-09-06,0,29.47,30.372755,LSTM
2017-09-06,1,29.06,29.78725,LSTM
2017-09-06,2,27.83,28.751852,LSTM
2017-09-06,3,26.19,28.309513,LSTM
2017-09-06,4,26.42,27.429634,LSTM
2017-09-06,5,29.19,29.025639,LSTM
2017-09-06,6,36.32,34.231716,LSTM
2017-09-06,7,42.02,43.26251,LSTM
2017-09-06,8,43.73,46.17617,LSTM
2017-09-06,9,43.0,45.38806,LSTM
2017-09-06,10,41.0,43.82876,LSTM
2017-09-06,11,40.07,42.2983,LSTM
2017-09-06,12,35.92,37.568134,LSTM
2017-09-06,13,29.88,34.582733,LSTM
2017-09-06,14,27.9,29.657537,LSTM
2017-09-06,15,23.81,29.620766,LSTM
2017-09-06,16,22.06,27.716011,LSTM
2017-09-06,17,26.81,30.211895,LSTM
2017-09-06,18,29.65,34.827488,LSTM
2017-09-06,19,35.92,31.282328,LSTM
2017-09-06,20,35.96,31.290497,LSTM
2017-09-06,21,30.96,31.308058,LSTM
2017-09-06,22,29.67,28.465736,LSTM
2017-09-06,23,22.07,25.563108,LSTM
2017-09-07,0,21.54,20.847858,LSTM
2017-09-07,1,14.96,20.531713,LSTM
2017-09-07,2,13.12,20.610943,LSTM
2017-09-07,3,11.76,18.59335,LSTM
2017-09-07,4,13.82,18.747232,LSTM
2017-09-07,5,22.01,24.278973,LSTM
2017-09-07,6,34.63,32.880306,LSTM
2017-09-07,7,40.68,38.482735,LSTM
2017-09-07,8,39.94,38.55632,LSTM
2017-09-07,9,39.95,36.994396,LSTM
2017-09-07,10,37.48,32.438965,LSTM
2017-09-07,11,38.98,33.573494,LSTM
2017-09-07,12,37.41,31.50735,LSTM
2017-09-07,13,36.8,31.164877,LSTM
2017-09-07,14,36.11,31.371979,LSTM
2017-09-07,15,36.73,30.985147,LSTM
2017-09-07,16,37.71,33.90416,LSTM
2017-09-07,17,40.37,38.14188,LSTM
2017-09-07,18,42.67,41.657436,LSTM
2017-09-07,19,45.22,44.66081,LSTM
2017-09-07,20,45.99,43.283997,LSTM
2017-09-07,21,41.02,40.251823,LSTM
2017-09-07,22,38.78,37.34135,LSTM
2017-09-07,23,33.99,32.121105,LSTM
2017-09-08,0,29.92,26.94431,LSTM
2017-09-08,1,27.01,25.338156,LSTM
2017-09-08,2,23.95,22.577213,LSTM
2017-09-08,3,19.0,23.328976,LSTM
2017-09-08,4,14.09,21.185095,LSTM
2017-09-08,5,22.24,23.614857,LSTM
2017-09-08,6,32.96,31.357199,LSTM
2017-09-08,7,35.93,39.69903,LSTM
2017-09-08,8,35.14,39.339787,LSTM
2017-09-08,9,31.02,37.04804,LSTM
2017-09-08,10,29.91,28.25856,LSTM
2017-09-08,11,22.88,27.684114,LSTM
2017-09-08,12,19.04,24.713755,LSTM
2017-09-08,13,17.99,24.358189,LSTM
2017-09-08,14,15.03,23.054502,LSTM
2017-09-08,15,22.05,26.465128,LSTM
2017-09-08,16,24.3,27.473282,LSTM
2017-09-08,17,30.36,33.85559,LSTM
2017-09-08,18,33.98,37.537804,LSTM
2017-09-08,19,35.97,39.189682,LSTM
2017-09-08,20,37.31,38.8329,LSTM
2017-09-08,21,34.0,35.70434,LSTM
2017-09-08,22,30.86,33.57154,LSTM
2017-09-08,23,28.87,29.555326,LSTM
2017-09-09,0,27.95,24.17814,LSTM
2017-09-09,1,21.85,23.854847,LSTM
2017-09-09,2,21.09,20.739748,LSTM
2017-09-09,3,21.03,21.702335,LSTM
2017-09-09,4,21.08,21.064398,LSTM
2017-09-09,5,25.23,23.591734,LSTM
2017-09-09,6,27.45,25.39046,LSTM
2017-09-09,7,29.93,27.418156,LSTM
2017-09-09,8,34.1,30.661999,LSTM
2017-09-09,9,37.08,32.12712,LSTM
2017-09-09,10,37.17,31.408886,LSTM
2017-09-09,11,38.68,32.59363,LSTM
2017-09-09,12,36.26,30.42633,LSTM
2017-09-09,13,33.1,29.70994,LSTM
2017-09-09,14,29.88,27.2544,LSTM
2017-09-09,15,30.85,28.9904,LSTM
2017-09-09,16,32.87,28.646149,LSTM
2017-09-09,17,34.54,33.98729,LSTM
2017-09-09,18,36.21,39.474052,LSTM
2017-09-09,19,39.08,40.642048,LSTM
2017-09-09,20,41.53,39.59164,LSTM
2017-09-09,21,38.99,37.516838,LSTM
2017-09-09,22,38.94,36.019165,LSTM
2017-09-09,23,36.81,31.871084,LSTM
2017-09-10,0,31.06,29.761265,LSTM
2017-09-10,1,29.56,27.560854,LSTM
2017-09-10,2,28.23,26.001434,LSTM
2017-09-10,3,25.9,23.37715,LSTM
2017-09-10,4,23.73,21.879906,LSTM
2017-09-10,5,23.17,20.94288,LSTM
2017-09-10,6,25.92,24.547752,LSTM
2017-09-10,7,26.08,28.184532,LSTM
2017-09-10,8,29.89,32.99061,LSTM
2017-09-10,9,30.28,31.080805,LSTM
2017-09-10,10,29.8,29.201023,LSTM
2017-09-10,11,29.42,32.287304,LSTM
2017-09-10,12,24.8,27.022572,LSTM
2017-09-10,13,17.24,23.616344,LSTM
2017-09-10,14,8.93,19.327368,LSTM
2017-09-10,15,9.85,16.094524,LSTM
2017-09-10,16,10.51,20.521605,LSTM
2017-09-10,17,13.21,25.741959,LSTM
2017-09-10,18,23.28,30.388115,LSTM
2017-09-10,19,30.63,30.3905,LSTM
2017-09-10,20,29.7,31.760025,LSTM
2017-09-10,21,22.56,30.16895,LSTM
2017-09-10,22,18.05,27.468788,LSTM
2017-09-10,23,9.4,21.786293,LSTM
2017-09-11,0,0.43,5.1938915,LSTM
2017-09-11,1,0.0,2.3810635,LSTM
2017-09-11,2,-0.07,-0.29973984,LSTM
2017-09-11,3,-2.32,-1.6596985,LSTM
2017-09-11,4,-2.77,0.24360657,LSTM
2017-09-11,5,4.23,8.268516,LSTM
2017-09-11,6,23.29,23.32755,LSTM
2017-09-11,7,32.9,33.530647,LSTM
2017-09-11,8,36.33,31.481531,LSTM
2017-09-11,9,36.02,28.671558,LSTM
2017-09-11,10,31.49,25.197353,LSTM
2017-09-11,11,33.0,24.680872,LSTM
2017-09-11,12,30.07,21.024597,LSTM
2017-09-11,13,23.78,21.039837,LSTM
2017-09-11,14,23.06,21.658875,LSTM
2017-09-11,15,21.98,21.421059,LSTM
2017-09-11,16,27.52,22.786423,LSTM
2017-09-11,17,30.63,25.917675,LSTM
2017-09-11,18,33.94,29.836536,LSTM
2017-09-11,19,37.75,34.81595,LSTM
2017-09-11,20,34.69,33.514774,LSTM
2017-09-11,21,30.04,27.116026,LSTM
2017-09-11,22,19.93,23.200157,LSTM
2017-09-11,23,9.36,15.309239,LSTM
2017-09-12,0,10.75,10.426029,LSTM
2017-09-12,1,9.03,8.40865,LSTM
2017-09-12,2,6.49,4.793209,LSTM
2017-09-12,3,5.33,4.1582546,LSTM
2017-09-12,4,8.71,5.1170635,LSTM
2017-09-12,5,14.9,12.148555,LSTM
2017-09-12,6,34.91,26.210835,LSTM
2017-09-12,7,40.0,36.20176,LSTM
2017-09-12,8,42.46,32.96409,LSTM
2017-09-12,9,39.98,31.526825,LSTM
2017-09-12,10,37.05,26.349937,LSTM
2017-09-12,11,36.65,23.7173,LSTM
2017-09-12,12,33.45,21.069485,LSTM
2017-09-12,13,30.49,21.863457,LSTM
2017-09-12,14,28.58,23.014988,LSTM
2017-09-12,15,29.62,23.697351,LSTM
2017-09-12,16,30.69,25.195639,LSTM
2017-09-12,17,35.25,31.033455,LSTM
2017-09-12,18,41.49,34.498558,LSTM
2017-09-12,19,45.89,38.914165,LSTM
2017-09-12,20,45.52,39.680058,LSTM
2017-09-12,21,36.94,34.28096,LSTM
2017-09-12,22,34.11,28.949093,LSTM
2017-09-12,23,28.1,23.019707,LSTM
2017-09-13,0,19.02,19.79609,LSTM
2017-09-13,1,12.08,17.871578,LSTM
2017-09-13,2,10.71,12.917666,LSTM
2017-09-13,3,5.48,10.228498,LSTM
2017-09-13,4,8.33,11.540374,LSTM
2017-09-13,5,14.01,11.900968,LSTM
2017-09-13,6,23.01,19.856647,LSTM
2017-09-13,7,28.72,27.300476,LSTM
2017-09-13,8,23.07,28.759384,LSTM
2017-09-13,9,15.92,23.33244,LSTM
2017-09-13,10,13.41,17.957623,LSTM
2017-09-13,11,12.73,15.626263,LSTM
2017-09-13,12,10.74,10.351351,LSTM
2017-09-13,13,12.06,11.282602,LSTM
2017-09-13,14,10.1,12.989538,LSTM
2017-09-13,15,9.18,9.833885,LSTM
2017-09-13,16,9.16,12.112694,LSTM
2017-09-13,17,9.12,18.247309,LSTM
2017-09-13,18,16.24,24.268152,LSTM
2017-09-13,19,16.03,25.554958,LSTM
2017-09-13,20,16.07,23.057575,LSTM
2017-09-13,21,12.06,24.39804,LSTM
2017-09-13,22,10.67,21.418806,LSTM
2017-09-13,23,8.6,12.320628,LSTM
2017-09-14,0,-11.04,8.868221,LSTM
2017-09-14,1,-4.92,9.051676,LSTM
2017-09-14,2,-7.91,3.9008064,LSTM
2017-09-14,3,-7.1,4.5088615,LSTM
2017-09-14,4,-1.7,4.741213,LSTM
2017-09-14,5,9.42,13.555059,LSTM
2017-09-14,6,31.08,25.468018,LSTM
2017-09-14,7,35.47,34.20324,LSTM
2017-09-14,8,36.98,35.647766,LSTM
2017-09-14,9,35.03,33.8872,LSTM
2017-09-14,10,34.46,29.92194,LSTM
2017-09-14,11,34.37,26.939022,LSTM
2017-09-14,12,30.55,26.89551,LSTM
2017-09-14,13,29.73,24.774017,LSTM
2017-09-14,14,25.86,27.083258,LSTM
2017-09-14,15,27.27,23.206497,LSTM
2017-09-14,16,27.94,22.7529,LSTM
2017-09-14,17,32.14,29.185509,LSTM
2017-09-14,18,34.91,31.278763,LSTM
2017-09-14,19,35.88,35.841274,LSTM
2017-09-14,20,36.09,33.617985,LSTM
2017-09-14,21,34.45,30.495668,LSTM
2017-09-14,22,26.66,26.358084,LSTM
2017-09-14,23,19.03,16.865414,LSTM
2017-09-15,0,20.53,16.942123,LSTM
2017-09-15,1,12.28,16.418798,LSTM
2017-09-15,2,14.0,14.993509,LSTM
2017-09-15,3,16.69,13.761888,LSTM
2017-09-15,4,22.07,14.918823,LSTM
2017-09-15,5,29.6,22.231945,LSTM
2017-09-15,6,40.24,34.726414,LSTM
2017-09-15,7,44.3,43.663937,LSTM
2017-09-15,8,44.8,44.15138,LSTM
2017-09-15,9,40.96,39.47032,LSTM
2017-09-15,10,39.98,36.37205,LSTM
2017-09-15,11,38.96,34.669403,LSTM
2017-09-15,12,36.69,32.063377,LSTM
2017-09-15,13,33.05,30.71546,LSTM
2017-09-15,14,36.4,32.94144,LSTM
2017-09-15,15,36.13,32.75828,LSTM
2017-09-15,16,38.65,34.070843,LSTM
2017-09-15,17,42.51,41.612934,LSTM
2017-09-15,18,45.47,42.05206,LSTM
2017-09-15,19,48.0,49.89726,LSTM
2017-09-15,20,47.95,49.28477,LSTM
2017-09-15,21,42.05,46.772106,LSTM
2017-09-15,22,37.91,41.75747,LSTM
2017-09-15,23,31.4,35.982788,LSTM
2017-09-16,0,33.95,32.979885,LSTM
2017-09-16,1,32.0,31.03139,LSTM
2017-09-16,2,31.57,27.463427,LSTM
2017-09-16,3,31.01,27.892086,LSTM
2017-09-16,4,30.82,28.421932,LSTM
2017-09-16,5,31.44,28.302544,LSTM
2017-09-16,6,31.94,30.523079,LSTM
2017-09-16,7,34.7,34.426376,LSTM
2017-09-16,8,40.38,37.621964,LSTM
2017-09-16,9,40.92,36.675568,LSTM
2017-09-16,10,40.63,35.747097,LSTM
2017-09-16,11,35.45,32.354084,LSTM
2017-09-16,12,37.93,29.921545,LSTM
2017-09-16,13,35.29,28.974493,LSTM
2017-09-16,14,32.99,29.093813,LSTM
2017-09-16,15,33.9,32.168667,LSTM
2017-09-16,16,35.5,32.977905,LSTM
2017-09-16,17,40.03,40.47479,LSTM
2017-09-16,18,44.64,45.49768,LSTM
2017-09-16,19,48.01,48.500496,LSTM
2017-09-16,20,46.7,46.129726,LSTM
2017-09-16,21,43.54,43.58968,LSTM
2017-09-16,22,40.33,39.827843,LSTM
2017-09-16,23,35.01,35.283104,LSTM
2017-09-17,0,32.27,35.117733,LSTM
2017-09-17,1,30.4,32.430466,LSTM
2017-09-17,2,30.06,30.05304,LSTM
2017-09-17,3,29.43,30.401436,LSTM
2017-09-17,4,29.18,30.320621,LSTM
2017-09-17,5,29.38,29.978785,LSTM
2017-09-17,6,29.98,32.095387,LSTM
2017-09-17,7,30.09,32.018,LSTM
2017-09-17,8,32.04,35.844357,LSTM
2017-09-17,9,32.59,34.24257,LSTM
2017-09-17,10,32.16,34.48781,LSTM
2017-09-17,11,32.65,33.410374,LSTM
2017-09-17,12,32.05,29.810204,LSTM
2017-09-17,13,30.31,28.200851,LSTM
2017-09-17,14,30.01,27.040915,LSTM
2017-09-17,15,29.72,26.863138,LSTM
2017-09-17,16,30.05,29.802486,LSTM
2017-09-17,17,32.15,36.79932,LSTM
2017-09-17,18,41.0,41.24598,LSTM
2017-09-17,19,45.09,49.965935,LSTM
2017-09-17,20,46.95,48.79248,LSTM
2017-09-17,21,42.38,44.251396,LSTM
2017-09-17,22,38.27,41.521465,LSTM
2017-09-17,23,33.09,34.589317,LSTM
2017-09-18,0,32.77,31.515556,LSTM
2017-09-18,1,32.08,29.74791,LSTM
2017-09-18,2,32.1,29.944235,LSTM
2017-09-18,3,31.42,29.03293,LSTM
2017-09-18,4,32.0,30.426851,LSTM
2017-09-18,5,32.6,31.998013,LSTM
2017-09-18,6,43.89,46.7734,LSTM
2017-09-18,7,51.06,55.516914,LSTM
2017-09-18,8,53.23,57.957825,LSTM
2017-09-18,9,51.71,53.5431,LSTM
2017-09-18,10,51.59,49.817635,LSTM
2017-09-18,11,45.04,47.214966,LSTM
2017-09-18,12,41.09,43.95255,LSTM
2017-09-18,13,37.91,42.799274,LSTM
2017-09-18,14,36.09,42.35498,LSTM
2017-09-18,15,41.88,44.30127,LSTM
2017-09-18,16,43.92,44.44467,LSTM
2017-09-18,17,45.61,51.55279,LSTM
2017-09-18,18,49.41,52.804405,LSTM
2017-09-18,19,52.89,55.997627,LSTM
2017-09-18,20,53.14,51.805935,LSTM
2017-09-18,21,44.58,43.676834,LSTM
2017-09-18,22,40.55,38.273636,LSTM
2017-09-18,23,33.2,33.438286,LSTM
2017-09-19,0,33.1,32.223835,LSTM
2017-09-19,1,32.13,30.717712,LSTM
2017-09-19,2,31.28,30.5615,LSTM
2017-09-19,3,30.8,30.38065,LSTM
2017-09-19,4,31.07,31.686226,LSTM
2017-09-19,5,33.22,33.305473,LSTM
2017-09-19,6,40.0,46.158363,LSTM
2017-09-19,7,50.02,56.11888,LSTM
2017-09-19,8,53.76,59.794685,LSTM
2017-09-19,9,51.1,54.832626,LSTM
2017-09-19,10,49.99,52.769302,LSTM
2017-09-19,11,49.37,50.707825,LSTM
2017-09-19,12,44.9,46.23922,LSTM
2017-09-19,13,43.9,44.40777,LSTM
2017-09-19,14,39.8,43.71325,LSTM
2017-09-19,15,38.36,47.00637,LSTM
2017-09-19,16,38.94,44.718925,LSTM
2017-09-19,17,42.98,50.880707,LSTM
2017-09-19,18,46.26,54.262573,LSTM
2017-09-19,19,50.01,55.516605,LSTM
2017-09-19,20,47.96,49.124348,LSTM
2017-09-19,21,40.0,43.210785,LSTM
2017-09-19,22,37.34,37.24152,LSTM
2017-09-19,23,35.74,32.951073,LSTM
2017-09-20,0,29.97,30.760624,LSTM
2017-09-20,1,29.49,29.214148,LSTM
2017-09-20,2,28.47,29.50596,LSTM
2017-09-20,3,25.99,27.314445,LSTM
2017-09-20,4,26.56,27.071045,LSTM
2017-09-20,5,31.05,30.039526,LSTM
2017-09-20,6,39.49,38.74585,LSTM
2017-09-20,7,46.99,50.87976,LSTM
2017-09-20,8,47.93,51.568275,LSTM
2017-09-20,9,44.99,51.877842,LSTM
2017-09-20,10,46.84,48.230015,LSTM
2017-09-20,11,43.88,48.14752,LSTM
2017-09-20,12,37.0,44.988567,LSTM
2017-09-20,13,35.47,44.699604,LSTM
2017-09-20,14,37.51,42.094814,LSTM
2017-09-20,15,34.07,43.044106,LSTM
2017-09-20,16,40.0,45.04073,LSTM
2017-09-20,17,43.94,46.814224,LSTM
2017-09-20,18,48.93,54.76124,LSTM
2017-09-20,19,52.02,53.45257,LSTM
2017-09-20,20,51.03,49.68026,LSTM
2017-09-20,21,43.91,44.327606,LSTM
2017-09-20,22,39.44,38.64779,LSTM
2017-09-20,23,34.61,34.166553,LSTM
2017-09-21,0,32.61,32.94816,LSTM
2017-09-21,1,30.8,31.480013,LSTM
2017-09-21,2,29.66,30.629637,LSTM
2017-09-21,3,29.49,30.505367,LSTM
2017-09-21,4,29.98,30.31822,LSTM
2017-09-21,5,32.11,34.066113,LSTM
2017-09-21,6,40.0,42.817528,LSTM
2017-09-21,7,47.97,51.61107,LSTM
2017-09-21,8,50.97,54.006187,LSTM
2017-09-21,9,47.03,49.6942,LSTM
2017-09-21,10,43.47,48.52678,LSTM
2017-09-21,11,39.48,45.169155,LSTM
2017-09-21,12,35.9,41.765114,LSTM
2017-09-21,13,35.27,40.54073,LSTM
2017-09-21,14,34.55,40.969917,LSTM
2017-09-21,15,34.4,45.938675,LSTM
2017-09-21,16,37.52,45.06916,LSTM
2017-09-21,17,43.48,50.298748,LSTM
2017-09-21,18,48.73,53.22371,LSTM
2017-09-21,19,52.77,57.112442,LSTM
2017-09-21,20,50.75,48.646576,LSTM
2017-09-21,21,42.2,44.670197,LSTM
2017-09-21,22,38.33,41.00092,LSTM
2017-09-21,23,34.73,34.42842,LSTM
2017-09-22,0,32.24,31.945166,LSTM
2017-09-22,1,31.67,29.779549,LSTM
2017-09-22,2,30.4,29.283785,LSTM
2017-09-22,3,30.02,28.969212,LSTM
2017-09-22,4,30.3,29.77231,LSTM
2017-09-22,5,31.9,31.695162,LSTM
2017-09-22,6,40.06,42.595108,LSTM
2017-09-22,7,48.18,49.599457,LSTM
2017-09-22,8,49.8,51.90737,LSTM
2017-09-22,9,49.71,48.7502,LSTM
2017-09-22,10,47.17,46.164433,LSTM
2017-09-22,11,45.34,43.570087,LSTM
2017-09-22,12,40.34,39.37731,LSTM
2017-09-22,13,38.07,37.064194,LSTM
2017-09-22,14,36.58,36.018665,LSTM
2017-09-22,15,36.57,39.030838,LSTM
2017-09-22,16,37.31,39.719707,LSTM
2017-09-22,17,43.27,45.195656,LSTM
2017-09-22,18,45.92,47.89369,LSTM
2017-09-22,19,48.92,51.776623,LSTM
2017-09-22,20,47.21,47.30668,LSTM
2017-09-22,21,43.3,41.198105,LSTM
2017-09-22,22,39.51,37.34249,LSTM
2017-09-22,23,37.95,33.422733,LSTM
2017-09-23,0,34.67,33.875816,LSTM
2017-09-23,1,31.99,33.03219,LSTM
2017-09-23,2,31.94,30.53583,LSTM
2017-09-23,3,31.91,30.852894,LSTM
2017-09-23,4,31.43,31.265327,LSTM
2017-09-23,5,31.81,31.08652,LSTM
2017-09-23,6,33.4,33.1033,LSTM
2017-09-23,7,39.03,34.052628,LSTM
2017-09-23,8,41.54,37.977356,LSTM
2017-09-23,9,42.93,35.988415,LSTM
2017-09-23,10,41.91,33.69388,LSTM
2017-09-23,11,39.9,32.576595,LSTM
2017-09-23,12,31.91,29.030321,LSTM
2017-09-23,13,32.17,28.236204,LSTM
2017-09-23,14,32.12,28.171217,LSTM
2017-09-23,15,32.0,28.683868,LSTM
2017-09-23,16,32.77,32.09215,LSTM
2017-09-23,17,37.22,37.36577,LSTM
2017-09-23,18,42.44,42.984207,LSTM
2017-09-23,19,45.2,44.91514,LSTM
2017-09-23,20,44.93,41.44629,LSTM
2017-09-23,21,39.08,37.486313,LSTM
2017-09-23,22,35.79,36.596886,LSTM
2017-09-23,23,31.72,31.780005,LSTM
2017-09-24,0,31.76,33.306892,LSTM
2017-09-24,1,30.51,31.536541,LSTM
2017-09-24,2,31.03,30.550423,LSTM
2017-09-24,3,30.77,30.580956,LSTM
2017-09-24,4,30.55,30.248655,LSTM
2017-09-24,5,31.06,28.13545,LSTM
2017-09-24,6,31.82,30.199764,LSTM
2017-09-24,7,32.09,30.785652,LSTM
2017-09-24,8,34.9,34.269886,LSTM
2017-09-24,9,35.57,32.717434,LSTM
2017-09-24,10,35.25,33.09388,LSTM
2017-09-24,11,35.61,38.253754,LSTM
2017-09-24,12,35.21,31.996105,LSTM
2017-09-24,13,32.71,31.83448,LSTM
2017-09-24,14,31.52,28.002415,LSTM
2017-09-24,15,31.37,28.924417,LSTM
2017-09-24,16,31.62,30.672726,LSTM
2017-09-24,17,35.34,33.80542,LSTM
2017-09-24,18,42.39,39.026634,LSTM
2017-09-24,19,46.94,40.313114,LSTM
2017-09-24,20,44.99,39.956573,LSTM
2017-09-24,21,42.2,36.411873,LSTM
2017-09-24,22,41.08,35.55763,LSTM
2017-09-24,23,32.45,32.938053,LSTM
2017-09-25,0,32.97,30.41635,LSTM
2017-09-25,1,31.69,29.373768,LSTM
2017-09-25,2,31.1,29.734701,LSTM
2017-09-25,3,31.02,28.82769,LSTM
2017-09-25,4,30.5,29.243906,LSTM
2017-09-25,5,32.49,30.694674,LSTM
2017-09-25,6,44.42,42.09914,LSTM
2017-09-25,7,52.44,50.5209,LSTM
2017-09-25,8,53.77,53.255856,LSTM
2017-09-25,9,52.4,52.033752,LSTM
2017-09-25,10,51.1,48.837547,LSTM
2017-09-25,11,48.95,49.051342,LSTM
2017-09-25,12,44.93,45.140312,LSTM
2017-09-25,13,42.4,44.087044,LSTM
2017-09-25,14,40.51,40.954575,LSTM
2017-09-25,15,42.01,43.064156,LSTM
2017-09-25,16,43.93,42.411358,LSTM
2017-09-25,17,46.13,46.768414,LSTM
2017-09-25,18,49.81,48.81305,LSTM
2017-09-25,19,52.0,47.76719,LSTM
2017-09-25,20,50.44,43.603596,LSTM
2017-09-25,21,41.96,37.72456,LSTM
2017-09-25,22,34.9,34.044495,LSTM
2017-09-25,23,34.85,31.161564,LSTM
2017-09-26,0,35.37,31.97311,LSTM
2017-09-26,1,32.42,30.758114,LSTM
2017-09-26,2,31.36,31.849897,LSTM
2017-09-26,3,31.33,31.26754,LSTM
2017-09-26,4,31.88,32.279488,LSTM
2017-09-26,5,33.61,33.49937,LSTM
2017-09-26,6,42.52,42.753876,LSTM
2017-09-26,7,51.78,50.017536,LSTM
2017-09-26,8,55.2,53.206493,LSTM
2017-09-26,9,50.81,49.53426,LSTM
2017-09-26,10,46.03,47.301937,LSTM
2017-09-26,11,41.1,44.646286,LSTM
2017-09-26,12,36.09,40.414238,LSTM
2017-09-26,13,35.13,38.20767,LSTM
2017-09-26,14,34.83,37.98805,LSTM
2017-09-26,15,35.9,40.50139,LSTM
2017-09-26,16,39.53,39.465015,LSTM
2017-09-26,17,46.05,46.895714,LSTM
2017-09-26,18,49.93,48.708744,LSTM
2017-09-26,19,54.66,49.487686,LSTM
2017-09-26,20,49.42,42.712116,LSTM
2017-09-26,21,36.34,37.99621,LSTM
2017-09-26,22,33.93,34.33708,LSTM
2017-09-26,23,35.43,31.341024,LSTM
2017-09-27,0,33.41,31.45553,LSTM
2017-09-27,1,32.12,31.629082,LSTM
2017-09-27,2,32.03,31.037594,LSTM
2017-09-27,3,31.56,30.631271,LSTM
2017-09-27,4,32.14,31.865517,LSTM
2017-09-27,5,33.7,34.145782,LSTM
2017-09-27,6,45.07,42.630272,LSTM
2017-09-27,7,54.4,49.95252,LSTM
2017-09-27,8,57.0,53.3,LSTM
2017-09-27,9,51.59,47.40937,LSTM
2017-09-27,10,46.1,45.106567,LSTM
2017-09-27,11,41.16,42.868217,LSTM
2017-09-27,12,34.43,38.016666,LSTM
2017-09-27,13,34.9,36.127968,LSTM
2017-09-27,14,34.42,36.60502,LSTM
2017-09-27,15,35.96,38.021004,LSTM
2017-09-27,16,38.94,39.18026,LSTM
2017-09-27,17,45.08,46.70413,LSTM
2017-09-27,18,49.99,48.367584,LSTM
2017-09-27,19,54.86,49.899216,LSTM
2017-09-27,20,47.99,43.385063,LSTM
2017-09-27,21,42.95,38.76237,LSTM
2017-09-27,22,38.43,36.202282,LSTM
2017-09-27,23,32.94,31.622646,LSTM
2017-09-28,0,32.08,32.540546,LSTM
2017-09-28,1,31.77,31.376913,LSTM
2017-09-28,2,31.58,31.355585,LSTM
2017-09-28,3,31.01,31.519932,LSTM
2017-09-28,4,31.05,31.941303,LSTM
2017-09-28,5,33.4,33.78515,LSTM
2017-09-28,6,40.2,43.781437,LSTM
2017-09-28,7,49.21,50.991005,LSTM
2017-09-28,8,49.43,53.38552,LSTM
2017-09-28,9,47.08,50.0151,LSTM
2017-09-28,10,45.27,48.340553,LSTM
2017-09-28,11,44.35,48.049965,LSTM
2017-09-28,12,39.2,43.024445,LSTM
2017-09-28,13,39.2,42.21338,LSTM
2017-09-28,14,38.45,42.337723,LSTM
2017-09-28,15,41.67,46.07306,LSTM
2017-09-28,16,44.12,46.06907,LSTM
2017-09-28,17,46.93,52.66211,LSTM
2017-09-28,18,47.51,54.054016,LSTM
2017-09-28,19,49.78,55.445908,LSTM
2017-09-28,20,47.49,47.300346,LSTM
2017-09-28,21,38.5,40.780083,LSTM
2017-09-28,22,34.96,37.708076,LSTM
2017-09-28,23,32.96,34.623398,LSTM
2017-09-29,0,33.85,31.586885,LSTM
2017-09-29,1,32.88,31.15712,LSTM
2017-09-29,2,31.5,30.49362,LSTM
2017-09-29,3,31.1,30.609648,LSTM
2017-09-29,4,30.97,31.088095,LSTM
2017-09-29,5,31.91,32.22639,LSTM
2017-09-29,6,40.67,38.411354,LSTM
2017-09-29,7,49.91,46.529167,LSTM
2017-09-29,8,51.2,50.35949,LSTM
2017-09-29,9,49.99,47.3836,LSTM
2017-09-29,10,47.99,45.039993,LSTM
2017-09-29,11,47.08,43.300068,LSTM
2017-09-29,12,38.65,38.754665,LSTM
2017-09-29,13,39.13,35.282703,LSTM
2017-09-29,14,36.86,34.24302,LSTM
2017-09-29,15,38.45,35.21067,LSTM
2017-09-29,16,41.23,36.128407,LSTM
2017-09-29,17,45.17,41.96709,LSTM
2017-09-29,18,47.93,43.641884,LSTM
2017-09-29,19,47.99,42.375328,LSTM
2017-09-29,20,39.1,36.865696,LSTM
2017-09-29,21,32.21,33.114574,LSTM
2017-09-29,22,36.94,32.070686,LSTM
2017-09-29,23,30.6,29.177443,LSTM
2017-09-30,0,23.88,31.14172,LSTM
2017-09-30,1,26.09,29.899601,LSTM
2017-09-30,2,26.65,28.414837,LSTM
2017-09-30,3,28.73,29.29658,LSTM
2017-09-30,4,29.03,29.214603,LSTM
2017-09-30,5,30.02,30.019497,LSTM
2017-09-30,6,31.96,31.548002,LSTM
2017-09-30,7,38.6,35.536774,LSTM
2017-09-30,8,39.0,38.334866,LSTM
2017-09-30,9,42.49,40.075027,LSTM
2017-09-30,10,42.57,40.449913,LSTM
2017-09-30,11,43.2,41.3039,LSTM
2017-09-30,12,38.75,37.25919,LSTM
2017-09-30,13,32.82,34.60599,LSTM
2017-09-30,14,31.84,33.951996,LSTM
2017-09-30,15,33.0,34.265377,LSTM
2017-09-30,16,37.52,35.9562,LSTM
2017-09-30,17,41.77,40.34043,LSTM
2017-09-30,18,45.06,43.5226,LSTM
2017-09-30,19,48.25,44.077847,LSTM
2017-09-30,20,45.01,38.169697,LSTM
2017-09-30,21,37.49,33.702873,LSTM
2017-09-30,22,32.18,33.342182,LSTM
2017-09-30,23,29.06,29.997206,LSTM
2017-10-01,0,12.95,28.487146,LSTM
2017-10-01,1,14.84,26.068306,LSTM
2017-10-01,2,19.05,25.853294,LSTM
2017-10-01,3,22.15,26.025448,LSTM
2017-10-01,4,22.9,25.57626,LSTM
2017-10-01,5,23.1,25.85567,LSTM
2017-10-01,6,25.66,28.98758,LSTM
2017-10-01,7,27.4,32.3772,LSTM
2017-10-01,8,32.71,35.136093,LSTM
2017-10-01,9,38.11,34.735283,LSTM
2017-10-01,10,38.39,36.64232,LSTM
2017-10-01,11,38.58,39.465935,LSTM
2017-10-01,12,38.29,33.24077,LSTM
2017-10-01,13,29.68,30.328533,LSTM
2017-10-01,14,26.09,27.232262,LSTM
2017-10-01,15,26.64,27.191568,LSTM
2017-10-01,16,27.84,29.002409,LSTM
2017-10-01,17,37.0,31.662285,LSTM
2017-10-01,18,46.13,32.90003,LSTM
2017-10-01,19,49.9,37.88704,LSTM
2017-10-01,20,45.98,33.70689,LSTM
2017-10-01,21,31.95,29.273829,LSTM
2017-10-01,22,26.08,27.632982,LSTM
2017-10-01,23,13.94,23.907616,LSTM
2017-10-02,0,18.64,14.702822,LSTM
2017-10-02,1,12.9,9.964198,LSTM
2017-10-02,2,5.72,6.2789917,LSTM
2017-10-02,3,0.34,3.87611,LSTM
2017-10-02,4,2.9,5.985756,LSTM
2017-10-02,5,9.37,8.997716,LSTM
2017-10-02,6,13.98,23.701172,LSTM
2017-10-02,7,21.32,31.582848,LSTM
2017-10-02,8,21.38,32.579453,LSTM
2017-10-02,9,21.38,29.639069,LSTM
2017-10-02,10,20.29,25.350822,LSTM
2017-10-02,11,25.29,26.080109,LSTM
2017-10-02,12,22.1,21.111969,LSTM
2017-10-02,13,14.82,25.846323,LSTM
2017-10-02,14,14.6,22.291574,LSTM
2017-10-02,15,19.3,22.427008,LSTM
2017-10-02,16,19.9,26.713121,LSTM
2017-10-02,17,31.29,26.114414,LSTM
2017-10-02,18,31.23,31.993015,LSTM
2017-10-02,19,36.04,34.592194,LSTM
2017-10-02,20,29.28,31.073608,LSTM
2017-10-02,21,22.68,24.478176,LSTM
2017-10-02,22,15.18,21.516464,LSTM
2017-10-02,23,9.39,14.492839,LSTM
2017-10-03,0,13.26,11.894991,LSTM
2017-10-03,1,13.95,7.7519855,LSTM
2017-10-03,2,12.31,7.0535307,LSTM
2017-10-03,3,15.09,8.047406,LSTM
2017-10-03,4,19.51,6.799941,LSTM
2017-10-03,5,21.58,10.911073,LSTM
2017-10-03,6,28.28,16.557655,LSTM
2017-10-03,7,31.41,26.775967,LSTM
2017-10-03,8,35.95,23.83442,LSTM
2017-10-03,9,34.9,21.946323,LSTM
2017-10-03,10,32.03,17.224527,LSTM
2017-10-03,11,32.69,16.411522,LSTM
2017-10-03,12,24.87,10.309538,LSTM
2017-10-03,13,17.91,5.821848,LSTM
2017-10-03,14,11.09,5.0176086,LSTM
2017-10-03,15,12.47,3.1280994,LSTM
2017-10-03,16,16.63,10.682608,LSTM
2017-10-03,17,27.62,15.911573,LSTM
2017-10-03,18,33.06,22.608084,LSTM
2017-10-03,19,39.54,33.60716,LSTM
2017-10-03,20,30.63,30.139027,LSTM
2017-10-03,21,30.66,22.014748,LSTM
2017-10-03,22,30.09,20.935848,LSTM
2017-10-03,23,22.08,13.256682,LSTM
2017-10-04,0,18.09,16.846607,LSTM
2017-10-04,1,18.65,13.269819,LSTM
2017-10-04,2,20.88,13.280303,LSTM
2017-10-04,3,18.06,10.699349,LSTM
2017-10-04,4,22.63,11.517601,LSTM
2017-10-04,5,30.0,17.830986,LSTM
2017-10-04,6,45.22,33.74221,LSTM
2017-10-04,7,54.61,44.08016,LSTM
2017-10-04,8,55.93,41.061188,LSTM
2017-10-04,9,44.2,32.364502,LSTM
2017-10-04,10,35.34,31.702353,LSTM
2017-10-04,11,31.17,27.984726,LSTM
2017-10-04,12,22.8,20.56313,LSTM
2017-10-04,13,19.96,20.651272,LSTM
2017-10-04,14,22.77,18.5415,LSTM
2017-10-04,15,25.0,20.667385,LSTM
2017-10-04,16,25.06,21.030146,LSTM
2017-10-04,17,33.06,21.301369,LSTM
2017-10-04,18,33.8,24.641085,LSTM
2017-10-04,19,35.93,34.18351,LSTM
2017-10-04,20,30.26,28.746773,LSTM
2017-10-04,21,22.1,22.907814,LSTM
2017-10-04,22,20.62,15.87879,LSTM
2017-10-04,23,0.49,7.2260056,LSTM
2017-10-05,0,4.09,10.162309,LSTM
2017-10-05,1,2.09,8.493704,LSTM
2017-10-05,2,1.8,6.7393427,LSTM
2017-10-05,3,8.91,5.4932003,LSTM
2017-10-05,4,12.46,6.8844957,LSTM
2017-10-05,5,16.98,13.379387,LSTM
2017-10-05,6,31.31,27.022913,LSTM
2017-10-05,7,35.84,37.264404,LSTM
2017-10-05,8,41.92,35.190704,LSTM
2017-10-05,9,31.04,30.703556,LSTM
2017-10-05,10,24.98,24.574429,LSTM
2017-10-05,11,20.44,23.363087,LSTM
2017-10-05,12,9.71,19.846058,LSTM
2017-10-05,13,12.18,17.050674,LSTM
2017-10-05,14,10.81,17.994265,LSTM
2017-10-05,15,10.84,13.736317,LSTM
2017-10-05,16,10.89,17.191746,LSTM
2017-10-05,17,14.68,19.987455,LSTM
2017-10-05,18,25.0,24.609234,LSTM
2017-10-05,19,29.96,27.843227,LSTM
2017-10-05,20,26.08,29.075073,LSTM
2017-10-05,21,27.96,21.429068,LSTM
2017-10-05,22,10.84,17.81553,LSTM
2017-10-05,23,11.81,11.306192,LSTM
2017-10-06,0,0.95,10.865044,LSTM
2017-10-06,1,9.88,9.68065,LSTM
2017-10-06,2,3.23,9.210788,LSTM
2017-10-06,3,0.43,9.154511,LSTM
2017-10-06,4,4.46,8.957191,LSTM
2017-10-06,5,10.78,17.761948,LSTM
2017-10-06,6,31.08,30.962814,LSTM
2017-10-06,7,37.87,44.644615,LSTM
2017-10-06,8,34.94,35.31607,LSTM
2017-10-06,9,33.98,33.529293,LSTM
2017-10-06,10,32.95,27.836575,LSTM
2017-10-06,11,32.95,30.191853,LSTM
2017-10-06,12,32.13,24.652454,LSTM
2017-10-06,13,30.35,25.239523,LSTM
2017-10-06,14,29.45,25.955254,LSTM
2017-10-06,15,29.28,24.056774,LSTM
2017-10-06,16,32.41,29.889803,LSTM
2017-10-06,17,36.9,29.425793,LSTM
2017-10-06,18,46.92,33.133106,LSTM
2017-10-06,19,48.52,40.881165,LSTM
2017-10-06,20,42.04,40.426804,LSTM
2017-10-06,21,35.1,30.676105,LSTM
2017-10-06,22,30.6,28.983261,LSTM
2017-10-06,23,26.87,23.505692,LSTM
2017-10-07,0,13.85,21.242092,LSTM
2017-10-07,1,11.85,19.595858,LSTM
2017-10-07,2,10.72,17.014694,LSTM
2017-10-07,3,11.04,18.193266,LSTM
2017-10-07,4,9.0,16.0281,LSTM
2017-10-07,5,8.94,18.615032,LSTM
2017-10-07,6,10.94,22.601692,LSTM
2017-10-07,7,12.21,32.226254,LSTM
2017-10-07,8,24.92,31.395546,LSTM
2017-10-07,9,17.39,31.368858,LSTM
2017-10-07,10,10.77,28.502619,LSTM
2017-10-07,11,11.21,25.588568,LSTM
2017-10-07,12,3.57,21.032385,LSTM
2017-10-07,13,0.0,15.6786,LSTM
2017-10-07,14,-0.95,13.298817,LSTM
2017-10-07,15,-1.35,11.527124,LSTM
2017-10-07,16,-0.94,13.109808,LSTM
2017-10-07,17,0.89,18.81179,LSTM
2017-10-07,18,8.3,17.89547,LSTM
2017-10-07,19,10.12,22.286638,LSTM
2017-10-07,20,2.53,19.859406,LSTM
2017-10-07,21,3.08,15.010218,LSTM
2017-10-07,22,2.59,13.11821,LSTM
2017-10-07,23,0.47,4.8757305,LSTM
2017-10-08,0,-0.96,3.754015,LSTM
2017-10-08,1,-2.37,2.2870083,LSTM
2017-10-08,2,-0.03,1.7487469,LSTM
2017-10-08,3,-0.96,4.9188976,LSTM
2017-10-08,4,-0.08,5.9845066,LSTM
2017-10-08,5,8.76,12.789872,LSTM
2017-10-08,6,2.52,15.836946,LSTM
2017-10-08,7,12.19,19.39852,LSTM
2017-10-08,8,27.97,23.247528,LSTM
2017-10-08,9,29.67,26.963053,LSTM
2017-10-08,10,32.48,28.308485,LSTM
2017-10-08,11,38.28,29.29176,LSTM
2017-10-08,12,30.21,28.140615,LSTM
2017-10-08,13,28.03,21.703312,LSTM
2017-10-08,14,26.26,21.206604,LSTM
2017-10-08,15,21.85,20.65448,LSTM
2017-10-08,16,27.44,23.853605,LSTM
2017-10-08,17,32.46,33.472145,LSTM
2017-10-08,18,40.05,35.798088,LSTM
2017-10-08,19,47.97,44.77325,LSTM
2017-10-08,20,43.92,45.104187,LSTM
2017-10-08,21,40.94,36.19367,LSTM
2017-10-08,22,40.95,36.198036,LSTM
2017-10-08,23,35.25,29.605644,LSTM
2017-10-09,0,32.06,26.303623,LSTM
2017-10-09,1,30.64,25.256617,LSTM
2017-10-09,2,30.02,24.220842,LSTM
2017-10-09,3,30.09,23.555193,LSTM
2017-10-09,4,30.01,26.420553,LSTM
2017-10-09,5,32.0,27.643053,LSTM
2017-10-09,6,42.98,41.135933,LSTM
2017-10-09,7,51.48,52.596,LSTM
2017-10-09,8,54.75,56.532402,LSTM
2017-10-09,9,51.14,53.82157,LSTM
2017-10-09,10,51.14,50.4225,LSTM
2017-10-09,11,47.12,47.89808,LSTM
2017-10-09,12,41.21,45.184097,LSTM
2017-10-09,13,39.94,43.20453,LSTM
2017-10-09,14,40.06,41.20826,LSTM
2017-10-09,15,41.41,40.615906,LSTM
2017-10-09,16,43.79,38.98502,LSTM
2017-10-09,17,50.52,45.198658,LSTM
2017-10-09,18,59.83,46.123463,LSTM
2017-10-09,19,62.01,46.702316,LSTM
2017-10-09,20,46.36,47.67047,LSTM
2017-10-09,21,38.58,41.21668,LSTM
2017-10-09,22,37.22,32.323574,LSTM
2017-10-09,23,32.93,27.776232,LSTM
2017-10-10,0,30.22,29.131552,LSTM
2017-10-10,1,29.96,29.018097,LSTM
2017-10-10,2,30.19,28.124718,LSTM
2017-10-10,3,30.0,27.0252,LSTM
2017-10-10,4,30.74,27.042908,LSTM
2017-10-10,5,31.79,29.790295,LSTM
2017-10-10,6,37.78,36.379166,LSTM
2017-10-10,7,48.85,47.209934,LSTM
2017-10-10,8,56.94,52.681015,LSTM
2017-10-10,9,55.61,50.888382,LSTM
2017-10-10,10,43.07,48.45036,LSTM
2017-10-10,11,42.36,44.80446,LSTM
2017-10-10,12,40.0,42.247147,LSTM
2017-10-10,13,38.3,38.35014,LSTM
2017-10-10,14,37.24,34.370365,LSTM
2017-10-10,15,35.89,33.370182,LSTM
2017-10-10,16,35.37,30.747995,LSTM
2017-10-10,17,36.82,34.161472,LSTM
2017-10-10,18,39.9,38.92143,LSTM
2017-10-10,19,42.92,35.287533,LSTM
2017-10-10,20,35.46,32.4637,LSTM
2017-10-10,21,33.03,31.432293,LSTM
2017-10-10,22,30.51,27.08232,LSTM
2017-10-10,23,22.76,22.807379,LSTM
2017-10-11,0,22.04,24.661753,LSTM
2017-10-11,1,21.31,23.054731,LSTM
2017-10-11,2,22.79,22.090357,LSTM
2017-10-11,3,23.09,22.782816,LSTM
2017-10-11,4,27.05,22.334091,LSTM
2017-10-11,5,29.83,27.438692,LSTM
2017-10-11,6,38.93,37.95222,LSTM
2017-10-11,7,47.0,45.253326,LSTM
2017-10-11,8,49.93,44.06419,LSTM
2017-10-11,9,43.81,43.46421,LSTM
2017-10-11,10,41.0,39.39311,LSTM
2017-10-11,11,38.91,36.313267,LSTM
2017-10-11,12,31.89,33.46086,LSTM
2017-10-11,13,31.81,29.788439,LSTM
2017-10-11,14,30.54,27.72008,LSTM
2017-10-11,15,31.7,31.05805,LSTM
2017-10-11,16,36.35,31.82498,LSTM
2017-10-11,17,41.18,35.510662,LSTM
2017-10-11,18,42.98,36.730427,LSTM
2017-10-11,19,46.49,41.153664,LSTM
2017-10-11,20,39.9,36.098766,LSTM
2017-10-11,21,31.93,29.066832,LSTM
2017-10-11,22,29.58,26.325872,LSTM
2017-10-11,23,22.09,20.254509,LSTM
2017-10-12,0,13.32,18.148,LSTM
2017-10-12,1,12.66,14.872173,LSTM
2017-10-12,2,12.67,15.899212,LSTM
2017-10-12,3,9.7,14.719315,LSTM
2017-10-12,4,10.28,14.155008,LSTM
2017-10-12,5,11.17,18.894817,LSTM
2017-10-12,6,28.04,28.141113,LSTM
2017-10-12,7,38.09,34.298843,LSTM
2017-10-12,8,36.99,30.09948,LSTM
2017-10-12,9,30.54,30.495983,LSTM
2017-10-12,10,21.49,21.918644,LSTM
2017-10-12,11,17.52,20.712818,LSTM
2017-10-12,12,12.78,19.194748,LSTM
2017-10-12,13,13.54,17.641361,LSTM
2017-10-12,14,15.12,17.854816,LSTM
2017-10-12,15,21.62,20.34757,LSTM
2017-10-12,16,26.04,25.094978,LSTM
2017-10-12,17,34.93,29.888058,LSTM
2017-10-12,18,42.05,34.863167,LSTM
2017-10-12,19,46.32,41.564735,LSTM
2017-10-12,20,40.98,40.71959,LSTM
2017-10-12,21,42.94,35.047543,LSTM
2017-10-12,22,38.96,33.245132,LSTM
2017-10-12,23,31.37,29.231495,LSTM
2017-10-13,0,30.53,25.69802,LSTM
2017-10-13,1,29.38,26.137922,LSTM
2017-10-13,2,28.34,24.412762,LSTM
2017-10-13,3,28.46,24.919064,LSTM
2017-10-13,4,29.03,25.719109,LSTM
2017-10-13,5,31.47,29.961365,LSTM
2017-10-13,6,43.08,42.349846,LSTM
2017-10-13,7,59.93,51.287453,LSTM
2017-10-13,8,64.82,52.411003,LSTM
2017-10-13,9,50.81,50.708527,LSTM
2017-10-13,10,46.46,48.276527,LSTM
2017-10-13,11,44.4,47.772755,LSTM
2017-10-13,12,38.03,42.59481,LSTM
2017-10-13,13,33.49,39.82943,LSTM
2017-10-13,14,31.29,36.714436,LSTM
2017-10-13,15,34.72,35.790215,LSTM
2017-10-13,16,36.99,38.278625,LSTM
2017-10-13,17,46.45,41.944958,LSTM
2017-10-13,18,55.9,40.08799,LSTM
2017-10-13,19,49.9,46.886604,LSTM
2017-10-13,20,39.27,44.193424,LSTM
2017-10-13,21,35.21,36.640125,LSTM
2017-10-13,22,31.66,33.536137,LSTM
2017-10-13,23,29.63,27.136705,LSTM
2017-10-14,0,28.0,28.021837,LSTM
2017-10-14,1,26.99,27.328787,LSTM
2017-10-14,2,27.41,23.519539,LSTM
2017-10-14,3,26.4,25.181248,LSTM
2017-10-14,4,26.17,25.883497,LSTM
2017-10-14,5,26.1,25.511194,LSTM
2017-10-14,6,28.0,28.073683,LSTM
2017-10-14,7,33.99,27.4735,LSTM
2017-10-14,8,39.42,33.33564,LSTM
2017-10-14,9,35.95,29.236008,LSTM
2017-10-14,10,28.04,25.517372,LSTM
2017-10-14,11,22.86,20.499706,LSTM
2017-10-14,12,26.07,18.929232,LSTM
2017-10-14,13,12.67,17.562164,LSTM
2017-10-14,14,13.31,18.984028,LSTM
2017-10-14,15,26.42,21.477842,LSTM
2017-10-14,16,31.44,24.0578,LSTM
2017-10-14,17,40.02,35.52341,LSTM
2017-10-14,18,49.71,38.991035,LSTM
2017-10-14,19,52.51,44.767803,LSTM
2017-10-14,20,43.97,41.787346,LSTM
2017-10-14,21,40.03,38.781044,LSTM
2017-10-14,22,39.07,36.464436,LSTM
2017-10-14,23,31.43,31.02036,LSTM
2017-10-15,0,34.26,28.280952,LSTM
2017-10-15,1,31.56,27.187202,LSTM
2017-10-15,2,30.41,26.96025,LSTM
2017-10-15,3,29.27,25.324472,LSTM
2017-10-15,4,29.04,23.505882,LSTM
2017-10-15,5,28.91,21.486975,LSTM
2017-10-15,6,31.18,21.12909,LSTM
2017-10-15,7,35.9,24.264545,LSTM
2017-10-15,8,34.22,29.657047,LSTM
2017-10-15,9,33.24,27.019405,LSTM
2017-10-15,10,31.58,24.372726,LSTM
2017-10-15,11,30.97,22.884758,LSTM
2017-10-15,12,22.77,19.092604,LSTM
2017-10-15,13,17.07,14.600696,LSTM
2017-10-15,14,22.44,11.113731,LSTM
2017-10-15,15,26.63,12.749811,LSTM
2017-10-15,16,28.03,15.825657,LSTM
2017-10-15,17,39.38,23.943542,LSTM
2017-10-15,18,45.05,31.848595,LSTM
2017-10-15,19,45.04,32.406082,LSTM
2017-10-15,20,31.75,29.000732,LSTM
2017-10-15,21,31.73,26.797564,LSTM
2017-10-15,22,29.09,23.188927,LSTM
2017-10-15,23,18.4,18.619656,LSTM
2017-10-16,0,22.99,19.703606,LSTM
2017-10-16,1,21.26,18.615547,LSTM
2017-10-16,2,21.86,17.894316,LSTM
2017-10-16,3,21.79,19.799107,LSTM
2017-10-16,4,22.93,21.019112,LSTM
2017-10-16,5,28.9,25.611694,LSTM
2017-10-16,6,42.0,41.249084,LSTM
2017-10-16,7,55.34,52.43554,LSTM
2017-10-16,8,51.65,51.40069,LSTM
2017-10-16,9,43.12,44.90498,LSTM
2017-10-16,10,37.3,40.286907,LSTM
2017-10-16,11,33.16,39.12332,LSTM
2017-10-16,12,32.26,35.385902,LSTM
2017-10-16,13,31.68,35.97054,LSTM
2017-10-16,14,40.56,38.415375,LSTM
2017-10-16,15,42.5,42.70307,LSTM
2017-10-16,16,44.62,43.020943,LSTM
2017-10-16,17,50.9,52.33677,LSTM
2017-10-16,18,63.47,54.511948,LSTM
2017-10-16,19,66.73,56.548187,LSTM
2017-10-16,20,45.95,47.135956,LSTM
2017-10-16,21,39.05,37.818333,LSTM
2017-10-16,22,34.07,31.52223,LSTM
2017-10-16,23,31.11,26.01899,LSTM
2017-10-17,0,28.95,28.166079,LSTM
2017-10-17,1,27.02,28.062965,LSTM
2017-10-17,2,26.99,26.03458,LSTM
2017-10-17,3,27.04,26.907845,LSTM
2017-10-17,4,28.06,28.147783,LSTM
2017-10-17,5,30.57,30.529377,LSTM
2017-10-17,6,34.99,41.212532,LSTM
2017-10-17,7,46.16,50.486332,LSTM
2017-10-17,8,44.97,55.096817,LSTM
2017-10-17,9,36.95,44.93285,LSTM
2017-10-17,10,33.46,39.938293,LSTM
2017-10-17,11,31.34,32.932224,LSTM
2017-10-17,12,29.24,29.702377,LSTM
2017-10-17,13,30.22,30.008587,LSTM
2017-10-17,14,29.72,32.936016,LSTM
2017-10-17,15,32.8,38.852158,LSTM
2017-10-17,16,35.47,38.111332,LSTM
2017-10-17,17,47.92,49.957283,LSTM
2017-10-17,18,63.36,55.52645,LSTM
2017-10-17,19,67.92,58.0363,LSTM
2017-10-17,20,47.38,48.915466,LSTM
2017-10-17,21,43.61,45.26146,LSTM
2017-10-17,22,39.99,38.1617,LSTM
2017-10-17,23,36.79,33.349796,LSTM
2017-10-18,0,33.22,32.659344,LSTM
2017-10-18,1,34.02,32.408516,LSTM
2017-10-18,2,34.02,31.727959,LSTM
2017-10-18,3,31.89,32.567875,LSTM
2017-10-18,4,31.81,33.414474,LSTM
2017-10-18,5,36.03,36.38405,LSTM
2017-10-18,6,49.87,48.579582,LSTM
2017-10-18,7,66.0,58.47508,LSTM
2017-10-18,8,69.94,61.83113,LSTM
2017-10-18,9,67.91,58.277573,LSTM
2017-10-18,10,64.42,55.326405,LSTM
2017-10-18,11,63.08,52.93623,LSTM
2017-10-18,12,47.93,47.93711,LSTM
2017-10-18,13,45.97,47.360695,LSTM
2017-10-18,14,46.07,47.928833,LSTM
2017-10-18,15,55.84,50.5489,LSTM
2017-10-18,16,62.65,51.59089,LSTM
2017-10-18,17,65.66,59.09481,LSTM
2017-10-18,18,73.41,61.838776,LSTM
2017-10-18,19,83.02,65.49988,LSTM
2017-10-18,20,66.84,56.62505,LSTM
2017-10-18,21,54.27,47.632175,LSTM
2017-10-18,22,40.45,41.971832,LSTM
2017-10-18,23,36.94,36.682266,LSTM
2017-10-19,0,34.28,32.91873,LSTM
2017-10-19,1,34.26,34.280506,LSTM
2017-10-19,2,33.59,33.428944,LSTM
2017-10-19,3,33.74,33.59603,LSTM
2017-10-19,4,34.0,33.726383,LSTM
2017-10-19,5,34.89,35.42176,LSTM
2017-10-19,6,53.71,45.602474,LSTM
2017-10-19,7,67.66,58.14414,LSTM
2017-10-19,8,68.54,60.371857,LSTM
2017-10-19,9,67.82,55.705505,LSTM
2017-10-19,10,62.07,49.232464,LSTM
2017-10-19,11,49.97,47.471817,LSTM
2017-10-19,12,46.57,42.53132,LSTM
2017-10-19,13,41.55,40.933136,LSTM
2017-10-19,14,40.53,39.647224,LSTM
2017-10-19,15,43.63,41.838337,LSTM
2017-10-19,16,49.91,42.922997,LSTM
2017-10-19,17,58.01,48.64071,LSTM
2017-10-19,18,61.27,53.1048,LSTM
2017-10-19,19,54.3,50.306625,LSTM
2017-10-19,20,41.55,42.3564,LSTM
2017-10-19,21,34.6,35.69215,LSTM
2017-10-19,22,34.87,32.084312,LSTM
2017-10-19,23,31.04,28.64207,LSTM
2017-10-20,0,29.62,27.949684,LSTM
2017-10-20,1,29.02,28.119064,LSTM
2017-10-20,2,29.06,25.475843,LSTM
2017-10-20,3,29.88,27.797176,LSTM
2017-10-20,4,30.0,27.90805,LSTM
2017-10-20,5,31.01,29.546743,LSTM
2017-10-20,6,39.91,38.401463,LSTM
2017-10-20,7,47.05,47.597385,LSTM
2017-10-20,8,51.28,49.993034,LSTM
2017-10-20,9,47.0,44.56999,LSTM
2017-10-20,10,43.14,40.385254,LSTM
2017-10-20,11,41.28,39.014206,LSTM
2017-10-20,12,37.59,33.04546,LSTM
2017-10-20,13,33.06,31.356695,LSTM
2017-10-20,14,32.89,29.54267,LSTM
2017-10-20,15,32.61,32.342224,LSTM
2017-10-20,16,33.04,34.229996,LSTM
2017-10-20,17,44.61,41.949966,LSTM
2017-10-20,18,47.86,44.69645,LSTM
2017-10-20,19,46.94,46.844444,LSTM
2017-10-20,20,38.98,39.519577,LSTM
2017-10-20,21,41.84,32.738434,LSTM
2017-10-20,22,35.86,30.554556,LSTM
2017-10-20,23,32.74,28.07558,LSTM
2017-10-21,0,35.0,31.056362,LSTM
2017-10-21,1,32.52,31.706398,LSTM
2017-10-21,2,32.05,29.292683,LSTM
2017-10-21,3,30.84,32.08888,LSTM
2017-10-21,4,29.35,30.202232,LSTM
2017-10-21,5,30.3,31.50567,LSTM
2017-10-21,6,31.16,33.04952,LSTM
2017-10-21,7,35.88,37.32822,LSTM
2017-10-21,8,41.91,41.410507,LSTM
2017-10-21,9,46.07,43.45854,LSTM
2017-10-21,10,47.71,40.66723,LSTM
2017-10-21,11,45.98,41.47515,LSTM
2017-10-21,12,35.0,35.616764,LSTM
2017-10-21,13,31.02,32.841396,LSTM
2017-10-21,14,32.09,28.954693,LSTM
2017-10-21,15,32.0,30.119623,LSTM
2017-10-21,16,32.09,33.608658,LSTM
2017-10-21,17,36.56,38.17713,LSTM
2017-10-21,18,40.2,38.711853,LSTM
2017-10-21,19,40.71,43.10077,LSTM
2017-10-21,20,31.75,36.105873,LSTM
2017-10-21,21,28.59,28.11937,LSTM
2017-10-21,22,27.5,29.099735,LSTM
2017-10-21,23,15.48,25.97151,LSTM
2017-10-22,0,19.1,16.204002,LSTM
2017-10-22,1,19.03,14.056884,LSTM
2017-10-22,2,16.9,10.827439,LSTM
2017-10-22,3,12.98,12.31684,LSTM
2017-10-22,4,9.24,12.273491,LSTM
2017-10-22,5,5.23,13.933994,LSTM
2017-10-22,6,9.86,15.337614,LSTM
2017-10-22,7,9.85,17.083979,LSTM
2017-10-22,8,13.04,18.51977,LSTM
2017-10-22,9,12.9,19.22343,LSTM
2017-10-22,10,13.09,18.815554,LSTM
2017-10-22,11,14.3,20.050877,LSTM
2017-10-22,12,13.58,17.527687,LSTM
2017-10-22,13,13.44,16.530323,LSTM
2017-10-22,14,13.5,17.15144,LSTM
2017-10-22,15,23.39,20.654087,LSTM
2017-10-22,16,28.65,23.866966,LSTM
2017-10-22,17,34.45,29.475975,LSTM
2017-10-22,18,49.9,33.64097,LSTM
2017-10-22,19,49.97,39.10344,LSTM
2017-10-22,20,44.92,35.844116,LSTM
2017-10-22,21,35.88,29.997463,LSTM
2017-10-22,22,32.24,31.034286,LSTM
2017-10-22,23,29.05,26.151943,LSTM
2017-10-23,0,28.61,25.057526,LSTM
2017-10-23,1,27.86,24.480446,LSTM
2017-10-23,2,26.43,22.83429,LSTM
2017-10-23,3,23.07,22.705467,LSTM
2017-10-23,4,22.22,23.696693,LSTM
2017-10-23,5,30.33,26.47223,LSTM
2017-10-23,6,42.36,37.181435,LSTM
2017-10-23,7,50.21,48.781746,LSTM
2017-10-23,8,50.0,49.47942,LSTM
2017-10-23,9,45.39,45.567284,LSTM
2017-10-23,10,46.02,44.6603,LSTM
2017-10-23,11,46.1,43.153374,LSTM
2017-10-23,12,43.16,40.569756,LSTM
2017-10-23,13,46.34,42.97798,LSTM
2017-10-23,14,46.74,42.376553,LSTM
2017-10-23,15,46.01,45.75081,LSTM
2017-10-23,16,46.08,47.04936,LSTM
2017-10-23,17,49.66,53.657066,LSTM
2017-10-23,18,54.2,58.24089,LSTM
2017-10-23,19,53.91,54.963833,LSTM
2017-10-23,20,50.12,46.96923,LSTM
2017-10-23,21,45.48,40.540382,LSTM
2017-10-23,22,37.7,34.40689,LSTM
2017-10-23,23,36.0,29.82751,LSTM
2017-10-24,0,31.68,32.243095,LSTM
2017-10-24,1,32.41,31.614418,LSTM
2017-10-24,2,32.09,31.304699,LSTM
2017-10-24,3,31.67,29.659359,LSTM
2017-10-24,4,32.07,30.87518,LSTM
2017-10-24,5,34.3,32.364464,LSTM
2017-10-24,6,43.56,39.196186,LSTM
2017-10-24,7,46.59,51.507774,LSTM
2017-10-24,8,53.91,56.549217,LSTM
2017-10-24,9,48.42,56.084976,LSTM
2017-10-24,10,49.08,55.077377,LSTM
2017-10-24,11,45.39,52.115868,LSTM
2017-10-24,12,38.58,50.59024,LSTM
2017-10-24,13,38.23,47.233643,LSTM
2017-10-24,14,36.99,44.82425,LSTM
2017-10-24,15,36.99,43.58043,LSTM
2017-10-24,16,36.1,43.66962,LSTM
2017-10-24,17,39.68,47.807602,LSTM
2017-10-24,18,44.9,46.76758,LSTM
2017-10-24,19,39.56,39.88029,LSTM
2017-10-24,20,33.0,35.40629,LSTM
2017-10-24,21,32.6,32.407104,LSTM
2017-10-24,22,30.18,29.975935,LSTM
2017-10-24,23,27.02,26.549932,LSTM
2017-10-25,0,15.78,22.899776,LSTM
2017-10-25,1,15.05,21.839334,LSTM
2017-10-25,2,12.79,19.784819,LSTM
2017-10-25,3,13.99,21.512503,LSTM
2017-10-25,4,17.03,21.654284,LSTM
2017-10-25,5,26.35,25.933117,LSTM
2017-10-25,6,34.67,34.588287,LSTM
2017-10-25,7,44.84,45.147068,LSTM
2017-10-25,8,45.0,44.587452,LSTM
2017-10-25,9,43.94,38.66142,LSTM
2017-10-25,10,37.11,34.293587,LSTM
2017-10-25,11,31.57,33.17268,LSTM
2017-10-25,12,29.79,29.568434,LSTM
2017-10-25,13,29.66,27.501041,LSTM
2017-10-25,14,30.0,28.8316,LSTM
2017-10-25,15,31.05,30.836988,LSTM
2017-10-25,16,34.03,34.92423,LSTM
2017-10-25,17,44.74,42.79955,LSTM
2017-10-25,18,50.56,46.168655,LSTM
2017-10-25,19,56.85,47.488525,LSTM
2017-10-25,20,46.19,42.535954,LSTM
2017-10-25,21,45.92,37.306503,LSTM
2017-10-25,22,40.58,34.766014,LSTM
2017-10-25,23,33.09,28.861912,LSTM
2017-10-26,0,31.67,31.52279,LSTM
2017-10-26,1,32.18,30.767254,LSTM
2017-10-26,2,32.21,29.942581,LSTM
2017-10-26,3,32.25,29.400509,LSTM
2017-10-26,4,32.25,30.656115,LSTM
2017-10-26,5,35.36,34.10339,LSTM
2017-10-26,6,45.25,44.591263,LSTM
2017-10-26,7,55.93,54.819965,LSTM
2017-10-26,8,56.93,58.311523,LSTM
2017-10-26,9,51.9,52.934025,LSTM
2017-10-26,10,46.01,52.140686,LSTM
2017-10-26,11,43.25,48.446323,LSTM
2017-10-26,12,38.3,43.88232,LSTM
2017-10-26,13,32.38,41.596603,LSTM
2017-10-26,14,33.07,40.861618,LSTM
2017-10-26,15,36.97,44.232872,LSTM
2017-10-26,16,45.42,44.646133,LSTM
2017-10-26,17,48.91,50.386345,LSTM
2017-10-26,18,50.03,50.472424,LSTM
2017-10-26,19,50.93,50.06943,LSTM
2017-10-26,20,40.99,42.98221,LSTM
2017-10-26,21,34.97,37.493767,LSTM
2017-10-26,22,32.34,32.99684,LSTM
2017-10-26,23,30.92,28.883469,LSTM
2017-10-27,0,22.48,27.414436,LSTM
2017-10-27,1,21.71,25.462467,LSTM
2017-10-27,2,12.9,23.023855,LSTM
2017-10-27,3,12.81,24.137157,LSTM
2017-10-27,4,19.04,23.729223,LSTM
2017-10-27,5,24.01,26.762003,LSTM
2017-10-27,6,32.0,34.164547,LSTM
2017-10-27,7,36.79,42.85964,LSTM
2017-10-27,8,38.91,43.024647,LSTM
2017-10-27,9,38.69,41.392235,LSTM
2017-10-27,10,38.36,34.354042,LSTM
2017-10-27,11,33.52,31.0014,LSTM
2017-10-27,12,28.51,27.998554,LSTM
2017-10-27,13,25.97,25.98727,LSTM
2017-10-27,14,27.09,25.711756,LSTM
2017-10-27,15,26.99,26.929811,LSTM
2017-10-27,16,30.01,32.145752,LSTM
2017-10-27,17,37.8,37.927547,LSTM
2017-10-27,18,44.93,39.927303,LSTM
2017-10-27,19,46.93,44.089592,LSTM
2017-10-27,20,44.18,38.208447,LSTM
2017-10-27,21,35.99,33.070442,LSTM
2017-10-27,22,32.04,32.617313,LSTM
2017-10-27,23,19.17,26.849428,LSTM
2017-10-28,0,16.04,16.033281,LSTM
2017-10-28,1,9.41,14.984052,LSTM
2017-10-28,2,0.03,8.98626,LSTM
2017-10-28,3,-9.69,8.876939,LSTM
2017-10-28,4,-13.02,7.488985,LSTM
2017-10-28,5,-15.01,7.523306,LSTM
2017-10-28,6,-9.6,8.274721,LSTM
2017-10-28,7,0.12,13.184063,LSTM
2017-10-28,8,0.12,15.831415,LSTM
2017-10-28,9,5.41,15.525423,LSTM
2017-10-28,10,0.27,13.800663,LSTM
2017-10-28,11,0.11,13.063318,LSTM
2017-10-28,12,-0.1,10.02038,LSTM
2017-10-28,13,-13.38,7.48357,LSTM
2017-10-28,14,-31.42,6.297516,LSTM
2017-10-28,15,-17.03,2.763588,LSTM
2017-10-28,16,-4.02,5.871296,LSTM
2017-10-28,17,0.08,13.749344,LSTM
2017-10-28,18,7.56,13.344004,LSTM
2017-10-28,19,8.89,15.1304245,LSTM
2017-10-28,20,0.23,8.030182,LSTM
2017-10-28,21,-38.19,8.202152,LSTM
2017-10-28,22,-49.98,5.9572754,LSTM
2017-10-28,23,-70.09,-3.3040066,LSTM
2017-10-29,0,-79.94,-4.8234787,LSTM
2017-10-29,1,-83.0,-8.9152565,LSTM
2017-10-29,2,-83.03,-12.241571,LSTM
2017-10-29,3,-83.03,-12.476711,LSTM
2017-10-29,4,-83.04,-12.325687,LSTM
2017-10-29,5,-83.02,-6.8119698,LSTM
2017-10-29,6,-83.01,-4.498995,LSTM
2017-10-29,7,-80.0,-5.4624405,LSTM
2017-10-29,8,-79.96,-2.8437576,LSTM
2017-10-29,9,-76.02,2.3183289,LSTM
2017-10-29,10,-67.08,0.47415543,LSTM
2017-10-29,11,-81.95,4.2808475,LSTM
2017-10-29,12,-67.07,5.4007797,LSTM
2017-10-29,13,-80.07,-0.73298454,LSTM
2017-10-29,14,-79.95,-0.2007103,LSTM
2017-10-29,15,-76.06,3.578022,LSTM
2017-10-29,16,-0.92,9.227421,LSTM
2017-10-29,17,8.51,19.777332,LSTM
2017-10-29,18,27.62,26.538998,LSTM
2017-10-29,19,29.77,26.529146,LSTM
2017-10-29,20,22.06,29.391958,LSTM
2017-10-29,21,17.0,23.68819,LSTM
2017-10-29,22,12.44,22.191998,LSTM
2017-10-29,23,-70.05,14.422366,LSTM
2017-10-30,0,0.75,13.687856,LSTM
2017-10-30,1,0.01,10.879596,LSTM
2017-10-30,2,0.08,8.474353,LSTM
2017-10-30,3,4.05,7.5860214,LSTM
2017-10-30,4,2.95,9.421717,LSTM
2017-10-30,5,18.09,16.286907,LSTM
2017-10-30,6,28.42,26.067371,LSTM
2017-10-30,7,36.43,31.074478,LSTM
2017-10-30,8,33.48,34.791035,LSTM
2017-10-30,9,30.38,31.336681,LSTM
2017-10-30,10,29.74,26.381298,LSTM
2017-10-30,11,29.46,22.573753,LSTM
2017-10-30,12,29.7,25.097748,LSTM
2017-10-30,13,29.98,26.090721,LSTM
2017-10-30,14,36.36,29.342157,LSTM
2017-10-30,15,43.99,33.27551,LSTM
2017-10-30,16,46.34,34.71992,LSTM
2017-10-30,17,61.0,46.11276,LSTM
2017-10-30,18,70.09,48.90721,LSTM
2017-10-30,19,51.98,47.607395,LSTM
2017-10-30,20,48.13,41.55173,LSTM
2017-10-30,21,47.18,40.420532,LSTM
2017-10-30,22,46.05,37.63892,LSTM
2017-10-30,23,41.97,30.385729,LSTM
2017-10-31,0,30.08,33.644886,LSTM
2017-10-31,1,30.89,30.966402,LSTM
2017-10-31,2,30.01,30.813921,LSTM
2017-10-31,3,29.09,29.755983,LSTM
2017-10-31,4,30.29,31.040276,LSTM
2017-10-31,5,32.24,31.938086,LSTM
2017-10-31,6,38.94,38.752586,LSTM
2017-10-31,7,37.9,44.756596,LSTM
2017-10-31,8,41.09,46.201706,LSTM
2017-10-31,9,39.92,46.3277,LSTM
2017-10-31,10,37.98,42.043953,LSTM
2017-10-31,11,39.97,36.229294,LSTM
2017-10-31,12,36.95,35.349987,LSTM
2017-10-31,13,34.14,34.51086,LSTM
2017-10-31,14,35.65,37.420914,LSTM
2017-10-31,15,38.99,41.013863,LSTM
2017-10-31,16,42.45,41.187252,LSTM
2017-10-31,17,46.92,46.762527,LSTM
2017-10-31,18,47.36,48.445072,LSTM
2017-10-31,19,44.31,46.009445,LSTM
2017-10-31,20,39.0,37.968285,LSTM
2017-10-31,21,37.1,33.201263,LSTM
2017-10-31,22,34.98,30.928816,LSTM
2017-10-31,23,30.82,27.63271,LSTM
2017-11-01,0,26.91,24.053837,LSTM
2017-11-01,1,23.06,20.34985,LSTM
2017-11-01,2,22.27,20.778646,LSTM
2017-11-01,3,22.97,17.79194,LSTM
2017-11-01,4,26.66,17.748068,LSTM
2017-11-01,5,27.03,19.974226,LSTM
2017-11-01,6,29.07,23.113203,LSTM
2017-11-01,7,31.0,26.047127,LSTM
2017-11-01,8,36.06,27.928732,LSTM
2017-11-01,9,35.16,31.757896,LSTM
2017-11-01,10,32.37,26.329832,LSTM
2017-11-01,11,33.08,27.703295,LSTM
2017-11-01,12,29.79,26.877995,LSTM
2017-11-01,13,29.06,25.953434,LSTM
2017-11-01,14,29.18,24.792341,LSTM
2017-11-01,15,30.01,26.190508,LSTM
2017-11-01,16,36.93,31.718184,LSTM
2017-11-01,17,42.49,36.347282,LSTM
2017-11-01,18,43.93,40.590508,LSTM
2017-11-01,19,41.97,35.984253,LSTM
2017-11-01,20,36.52,32.290543,LSTM
2017-11-01,21,30.07,27.331367,LSTM
2017-11-01,22,27.02,27.81997,LSTM
2017-11-01,23,18.97,19.76793,LSTM
2017-11-02,0,20.18,17.644669,LSTM
2017-11-02,1,12.62,16.074211,LSTM
2017-11-02,2,12.61,16.720497,LSTM
2017-11-02,3,10.96,16.145187,LSTM
2017-11-02,4,14.04,16.051628,LSTM
2017-11-02,5,25.97,22.824688,LSTM
2017-11-02,6,35.05,28.987095,LSTM
2017-11-02,7,45.9,38.146534,LSTM
2017-11-02,8,43.83,38.021152,LSTM
2017-11-02,9,35.59,36.520233,LSTM
2017-11-02,10,32.33,33.73491,LSTM
2017-11-02,11,32.36,34.472702,LSTM
2017-11-02,12,31.32,33.099747,LSTM
2017-11-02,13,32.49,34.593235,LSTM
2017-11-02,14,33.94,36.296303,LSTM
2017-11-02,15,39.1,42.2999,LSTM
2017-11-02,16,45.95,45.286358,LSTM
2017-11-02,17,51.91,55.44139,LSTM
2017-11-02,18,51.92,59.291454,LSTM
2017-11-02,19,50.07,53.820877,LSTM
2017-11-02,20,46.01,44.382786,LSTM
2017-11-02,21,42.06,42.710945,LSTM
2017-11-02,22,36.12,40.124157,LSTM
2017-11-02,23,35.45,35.84524,LSTM
2017-11-03,0,36.07,33.277798,LSTM
2017-11-03,1,36.09,33.49817,LSTM
2017-11-03,2,36.13,35.060757,LSTM
2017-11-03,3,36.09,31.803898,LSTM
2017-11-03,4,38.24,32.47479,LSTM
2017-11-03,5,40.66,34.731716,LSTM
2017-11-03,6,52.97,44.095272,LSTM
2017-11-03,7,61.74,55.689236,LSTM
2017-11-03,8,65.8,58.35824,LSTM
2017-11-03,9,62.18,59.253376,LSTM
2017-11-03,10,58.69,52.15275,LSTM
2017-11-03,11,58.67,48.96351,LSTM
2017-11-03,12,54.55,47.29597,LSTM
2017-11-03,13,51.5,45.550797,LSTM
2017-11-03,14,51.17,45.066154,LSTM
2017-11-03,15,56.64,45.13736,LSTM
2017-11-03,16,60.88,48.49803,LSTM
2017-11-03,17,66.0,52.602028,LSTM
2017-11-03,18,68.68,57.521942,LSTM
2017-11-03,19,58.63,54.33897,LSTM
2017-11-03,20,49.01,48.245255,LSTM
2017-11-03,21,39.01,40.507603,LSTM
2017-11-03,22,36.11,37.545628,LSTM
2017-11-03,23,34.97,34.624283,LSTM
2017-11-04,0,36.16,32.65374,LSTM
2017-11-04,1,35.06,31.876907,LSTM
2017-11-04,2,34.42,29.997782,LSTM
2017-11-04,3,33.61,30.336353,LSTM
2017-11-04,4,33.4,29.669807,LSTM
2017-11-04,5,33.22,31.052292,LSTM
2017-11-04,6,33.73,31.459082,LSTM
2017-11-04,7,37.63,36.882442,LSTM
2017-11-04,8,42.99,40.833435,LSTM
2017-11-04,9,40.39,45.03769,LSTM
2017-11-04,10,39.84,40.70266,LSTM
2017-11-04,11,37.02,33.242504,LSTM
2017-11-04,12,36.1,34.409527,LSTM
2017-11-04,13,34.33,31.071913,LSTM
2017-11-04,14,34.34,31.393753,LSTM
2017-11-04,15,35.04,31.36246,LSTM
2017-11-04,16,37.03,32.513462,LSTM
2017-11-04,17,43.94,37.783413,LSTM
2017-11-04,18,35.51,37.256485,LSTM
2017-11-04,19,32.25,34.221592,LSTM
2017-11-04,20,28.83,28.925371,LSTM
2017-11-04,21,26.77,24.880909,LSTM
2017-11-04,22,26.53,26.192259,LSTM
2017-11-04,23,20.65,21.64043,LSTM
2017-11-05,0,13.2,18.37453,LSTM
2017-11-05,1,13.2,18.313046,LSTM
2017-11-05,2,14.64,18.830448,LSTM
2017-11-05,3,11.68,19.952333,LSTM
2017-11-05,4,13.93,18.547909,LSTM
2017-11-05,5,20.01,26.579384,LSTM
2017-11-05,6,21.87,29.339764,LSTM
2017-11-05,7,24.6,31.97247,LSTM
2017-11-05,8,31.47,33.45571,LSTM
2017-11-05,9,33.92,39.869747,LSTM
2017-11-05,10,36.54,38.69566,LSTM
2017-11-05,11,38.9,41.81836,LSTM
2017-11-05,12,36.11,39.445675,LSTM
2017-11-05,13,36.2,35.678955,LSTM
2017-11-05,14,33.78,34.8998,LSTM
2017-11-05,15,33.96,35.22079,LSTM
2017-11-05,16,35.0,39.443687,LSTM
2017-11-05,17,41.82,46.67827,LSTM
2017-11-05,18,41.74,50.21381,LSTM
2017-11-05,19,42.82,51.03935,LSTM
2017-11-05,20,40.91,43.232903,LSTM
2017-11-05,21,39.59,36.48094,LSTM
2017-11-05,22,38.87,36.4235,LSTM
2017-11-05,23,35.0,30.069202,LSTM
2017-11-06,0,31.74,33.27185,LSTM
2017-11-06,1,33.73,31.364964,LSTM
2017-11-06,2,33.02,31.0528,LSTM
2017-11-06,3,27.61,30.07705,LSTM
2017-11-06,4,28.1,32.80182,LSTM
2017-11-06,5,32.99,34.776775,LSTM
2017-11-06,6,44.83,46.926796,LSTM
2017-11-06,7,54.96,56.19916,LSTM
2017-11-06,8,60.38,60.563576,LSTM
2017-11-06,9,55.38,59.08883,LSTM
2017-11-06,10,54.95,57.79765,LSTM
2017-11-06,11,54.97,53.55445,LSTM
2017-11-06,12,54.93,52.01715,LSTM
2017-11-06,13,55.91,50.0131,LSTM
2017-11-06,14,55.93,52.58455,LSTM
2017-11-06,15,57.85,55.611217,LSTM
2017-11-06,16,62.56,56.43702,LSTM
2017-11-06,17,78.28,67.30773,LSTM
2017-11-06,18,89.93,66.44611,LSTM
2017-11-06,19,74.51,62.27272,LSTM
2017-11-06,20,55.02,54.821644,LSTM
2017-11-06,21,50.61,47.237637,LSTM
2017-11-06,22,39.11,43.157467,LSTM
2017-11-06,23,37.1,38.89075,LSTM
2017-11-07,0,36.63,38.73072,LSTM
2017-11-07,1,35.05,36.81474,LSTM
2017-11-07,2,36.87,35.63216,LSTM
2017-11-07,3,36.02,35.39243,LSTM
2017-11-07,4,37.04,36.971653,LSTM
2017-11-07,5,34.43,37.604206,LSTM
2017-11-07,6,49.77,46.988102,LSTM
2017-11-07,7,59.26,57.278046,LSTM
2017-11-07,8,64.37,60.151985,LSTM
2017-11-07,9,55.07,59.587723,LSTM
2017-11-07,10,54.94,57.04335,LSTM
2017-11-07,11,54.92,53.73365,LSTM
2017-11-07,12,53.93,51.061684,LSTM
2017-11-07,13,54.94,50.275368,LSTM
2017-11-07,14,56.93,52.351303,LSTM
2017-11-07,15,66.75,54.186546,LSTM
2017-11-07,16,65.58,54.39797,LSTM
2017-11-07,17,81.56,62.169456,LSTM
2017-11-07,18,82.3,63.84082,LSTM
2017-11-07,19,64.2,60.107544,LSTM
2017-11-07,20,53.94,50.34287,LSTM
2017-11-07,21,46.94,42.404865,LSTM
2017-11-07,22,41.7,40.47142,LSTM
2017-11-07,23,37.86,36.757793,LSTM
2017-11-08,0,33.7,38.065735,LSTM
2017-11-08,1,33.62,36.399895,LSTM
2017-11-08,2,33.64,35.437717,LSTM
2017-11-08,3,33.62,35.33617,LSTM
2017-11-08,4,35.53,35.346012,LSTM
2017-11-08,5,36.15,38.552483,LSTM
2017-11-08,6,54.07,49.67334,LSTM
2017-11-08,7,75.76,63.19597,LSTM
2017-11-08,8,79.28,64.96601,LSTM
2017-11-08,9,77.07,66.66689,LSTM
2017-11-08,10,84.22,65.59898,LSTM
2017-11-08,11,84.98,64.58688,LSTM
2017-11-08,12,83.8,62.820793,LSTM
2017-11-08,13,88.19,63.426407,LSTM
2017-11-08,14,89.9,63.45956,LSTM
2017-11-08,15,81.89,65.223335,LSTM
2017-11-08,16,88.2,64.23154,LSTM
2017-11-08,17,111.4,72.74889,LSTM
2017-11-08,18,120.0,72.77985,LSTM
2017-11-08,19,89.93,69.4534,LSTM
2017-11-08,20,60.1,58.421986,LSTM
2017-11-08,21,52.32,48.353546,LSTM
2017-11-08,22,48.05,44.451096,LSTM
2017-11-08,23,38.57,37.51547,LSTM
2017-11-09,0,38.61,35.813423,LSTM
2017-11-09,1,39.3,35.918026,LSTM
2017-11-09,2,38.48,32.609283,LSTM
2017-11-09,3,40.53,33.226894,LSTM
2017-11-09,4,39.9,34.548874,LSTM
2017-11-09,5,43.95,37.346542,LSTM
2017-11-09,6,58.65,47.892365,LSTM
2017-11-09,7,72.1,60.339737,LSTM
2017-11-09,8,84.73,64.09369,LSTM
2017-11-09,9,61.99,59.29238,LSTM
2017-11-09,10,61.37,60.480484,LSTM
2017-11-09,11,60.69,56.24893,LSTM
2017-11-09,12,55.12,50.481857,LSTM
2017-11-09,13,53.99,48.191525,LSTM
2017-11-09,14,54.91,48.472862,LSTM
2017-11-09,15,55.0,49.170517,LSTM
2017-11-09,16,55.92,50.01718,LSTM
2017-11-09,17,56.94,55.292,LSTM
2017-11-09,18,55.93,51.138786,LSTM
2017-11-09,19,55.0,49.579758,LSTM
2017-11-09,20,40.3,41.323605,LSTM
2017-11-09,21,42.81,36.614662,LSTM
2017-11-09,22,36.78,35.638577,LSTM
2017-11-09,23,33.61,29.55446,LSTM
2017-11-10,0,26.41,26.505266,LSTM
2017-11-10,1,25.35,24.79722,LSTM
2017-11-10,2,26.6,22.551754,LSTM
2017-11-10,3,27.31,23.867949,LSTM
2017-11-10,4,27.1,22.886843,LSTM
2017-11-10,5,28.92,25.872446,LSTM
2017-11-10,6,40.15,32.164562,LSTM
2017-11-10,7,51.2,37.318275,LSTM
2017-11-10,8,47.41,38.568394,LSTM
2017-11-10,9,38.61,39.07849,LSTM
2017-11-10,10,38.89,33.42727,LSTM
2017-11-10,11,38.79,30.665165,LSTM
2017-11-10,12,35.25,29.042158,LSTM
2017-11-10,13,31.16,24.562874,LSTM
2017-11-10,14,30.16,22.89353,LSTM
2017-11-10,15,30.12,23.15365,LSTM
2017-11-10,16,31.02,25.840885,LSTM
2017-11-10,17,36.19,31.920162,LSTM
2017-11-10,18,36.02,28.809006,LSTM
2017-11-10,19,31.08,31.208347,LSTM
2017-11-10,20,29.39,26.641415,LSTM
2017-11-10,21,22.26,18.706284,LSTM
2017-11-10,22,15.51,20.278759,LSTM
2017-11-10,23,11.46,15.145,LSTM
2017-11-11,0,9.2,10.719033,LSTM
2017-11-11,1,2.03,8.641683,LSTM
2017-11-11,2,0.08,4.9906178,LSTM
2017-11-11,3,6.47,6.2388706,LSTM
2017-11-11,4,11.27,7.872485,LSTM
2017-11-11,5,12.59,12.246522,LSTM
2017-11-11,6,9.63,12.149029,LSTM
2017-11-11,7,13.55,12.780455,LSTM
2017-11-11,8,20.1,17.618584,LSTM
2017-11-11,9,24.66,19.311958,LSTM
2017-11-11,10,21.47,18.951004,LSTM
2017-11-11,11,18.9,18.788744,LSTM
2017-11-11,12,21.03,21.776268,LSTM
2017-11-11,13,22.86,17.727379,LSTM
2017-11-11,14,28.2,22.531792,LSTM
2017-11-11,15,30.48,27.000431,LSTM
2017-11-11,16,35.81,29.489038,LSTM
2017-11-11,17,44.49,41.484585,LSTM
2017-11-11,18,46.76,42.87569,LSTM
2017-11-11,19,41.03,39.378117,LSTM
2017-11-11,20,35.92,31.843784,LSTM
2017-11-11,21,35.82,28.54726,LSTM
2017-11-11,22,37.06,30.200357,LSTM
2017-11-11,23,28.29,24.046535,LSTM
2017-11-12,0,14.07,22.353954,LSTM
2017-11-12,1,15.99,22.644396,LSTM
2017-11-12,2,13.8,21.446194,LSTM
2017-11-12,3,13.53,22.742582,LSTM
2017-11-12,4,15.25,23.13522,LSTM
2017-11-12,5,21.86,24.524073,LSTM
2017-11-12,6,22.52,20.348934,LSTM
2017-11-12,7,27.06,21.087566,LSTM
2017-11-12,8,30.94,25.17117,LSTM
2017-11-12,9,33.03,28.114841,LSTM
2017-11-12,10,42.79,32.990875,LSTM
2017-11-12,11,47.65,37.338436,LSTM
2017-11-12,12,48.13,36.004787,LSTM
2017-11-12,13,44.28,30.786938,LSTM
2017-11-12,14,38.43,33.794243,LSTM
2017-11-12,15,37.8,34.86501,LSTM
2017-11-12,16,40.82,35.90255,LSTM
2017-11-12,17,53.91,47.436325,LSTM
2017-11-12,18,53.94,44.800827,LSTM
2017-11-12,19,46.54,40.269657,LSTM
2017-11-12,20,39.59,33.57941,LSTM
2017-11-12,21,33.11,31.14711,LSTM
2017-11-12,22,33.17,32.474194,LSTM
2017-11-12,23,29.73,27.598417,LSTM
2017-11-13,0,31.06,28.823965,LSTM
2017-11-13,1,30.41,27.49742,LSTM
2017-11-13,2,29.64,26.339993,LSTM
2017-11-13,3,29.66,26.027056,LSTM
2017-11-13,4,29.79,26.94416,LSTM
2017-11-13,5,31.68,29.749378,LSTM
2017-11-13,6,42.76,40.268013,LSTM
2017-11-13,7,54.9,54.97603,LSTM
2017-11-13,8,54.33,56.53936,LSTM
2017-11-13,9,48.15,56.479492,LSTM
2017-11-13,10,45.83,54.044014,LSTM
2017-11-13,11,46.61,51.994347,LSTM
2017-11-13,12,41.48,52.62201,LSTM
2017-11-13,13,48.08,54.300705,LSTM
2017-11-13,14,50.81,54.36902,LSTM
2017-11-13,15,54.93,55.95758,LSTM
2017-11-13,16,55.92,58.52411,LSTM
2017-11-13,17,70.08,67.50195,LSTM
2017-11-13,18,62.3,66.53434,LSTM
2017-11-13,19,57.73,58.82648,LSTM
2017-11-13,20,54.94,49.12473,LSTM
2017-11-13,21,49.0,41.925583,LSTM
2017-11-13,22,41.0,39.700695,LSTM
2017-11-13,23,36.55,34.541447,LSTM
2017-11-14,0,37.83,36.324844,LSTM
2017-11-14,1,36.01,35.583557,LSTM
2017-11-14,2,34.03,34.300518,LSTM
2017-11-14,3,33.54,33.54246,LSTM
2017-11-14,4,33.9,35.048615,LSTM
2017-11-14,5,34.04,35.074364,LSTM
2017-11-14,6,38.12,45.26644,LSTM
2017-11-14,7,43.52,53.472824,LSTM
2017-11-14,8,49.58,55.15054,LSTM
2017-11-14,9,37.2,49.69187,LSTM
2017-11-14,10,36.56,44.38995,LSTM
2017-11-14,11,36.19,43.403397,LSTM
2017-11-14,12,36.88,40.823284,LSTM
2017-11-14,13,36.6,42.254387,LSTM
2017-11-14,14,36.86,45.06778,LSTM
2017-11-14,15,40.07,47.63618,LSTM
2017-11-14,16,49.06,49.761337,LSTM
2017-11-14,17,51.71,56.39731,LSTM
2017-11-14,18,52.94,61.486237,LSTM
2017-11-14,19,51.25,57.598694,LSTM
2017-11-14,20,44.92,49.203033,LSTM
2017-11-14,21,39.44,41.443104,LSTM
2017-11-14,22,37.6,38.047924,LSTM
2017-11-14,23,36.36,34.88975,LSTM
2017-11-15,0,33.5,37.599033,LSTM
2017-11-15,1,34.06,36.82344,LSTM
2017-11-15,2,33.42,35.46174,LSTM
2017-11-15,3,35.62,35.32723,LSTM
2017-11-15,4,33.74,36.11043,LSTM
2017-11-15,5,37.0,38.034363,LSTM
2017-11-15,6,58.5,47.0326,LSTM
2017-11-15,7,77.4,61.671825,LSTM
2017-11-15,8,78.01,64.345245,LSTM
2017-11-15,9,68.87,61.51555,LSTM
2017-11-15,10,61.65,62.518536,LSTM
2017-11-15,11,71.76,63.919582,LSTM
2017-11-15,12,64.1,60.61126,LSTM
2017-11-15,13,70.77,61.476177,LSTM
2017-11-15,14,72.81,63.957863,LSTM
2017-11-15,15,79.18,63.87397,LSTM
2017-11-15,16,89.95,67.1237,LSTM
2017-11-15,17,112.09,74.37186,LSTM
2017-11-15,18,124.29,73.82492,LSTM
2017-11-15,19,86.34,68.81184,LSTM
2017-11-15,20,76.13,56.76555,LSTM
2017-11-15,21,62.01,47.7884,LSTM
2017-11-15,22,51.91,46.174324,LSTM
2017-11-15,23,39.03,41.009964,LSTM
2017-11-16,0,37.04,42.834618,LSTM
2017-11-16,1,37.06,41.404217,LSTM
2017-11-16,2,36.13,40.737442,LSTM
2017-11-16,3,36.59,39.941574,LSTM
2017-11-16,4,37.04,39.375824,LSTM
2017-11-16,5,36.87,41.41681,LSTM
2017-11-16,6,51.61,51.777367,LSTM
2017-11-16,7,61.89,66.35086,LSTM
2017-11-16,8,68.63,67.61867,LSTM
2017-11-16,9,57.02,65.86288,LSTM
2017-11-16,10,55.93,62.50319,LSTM
2017-11-16,11,53.96,62.62224,LSTM
2017-11-16,12,49.01,60.109867,LSTM
2017-11-16,13,49.31,60.709,LSTM
2017-11-16,14,54.0,61.729626,LSTM
2017-11-16,15,57.94,63.8761,LSTM
2017-11-16,16,56.16,65.50757,LSTM
2017-11-16,17,56.42,70.17653,LSTM
2017-11-16,18,53.93,70.251854,LSTM
2017-11-16,19,46.3,64.14422,LSTM
2017-11-16,20,37.03,51.80869,LSTM
2017-11-16,21,38.03,43.455956,LSTM
2017-11-16,22,38.15,42.08017,LSTM
2017-11-16,23,35.07,39.333572,LSTM
2017-11-17,0,33.15,33.328117,LSTM
2017-11-17,1,32.72,32.12627,LSTM
2017-11-17,2,33.16,32.544678,LSTM
2017-11-17,3,34.06,31.132,LSTM
2017-11-17,4,34.05,33.098244,LSTM
2017-11-17,5,36.09,33.159492,LSTM
2017-11-17,6,46.83,40.506916,LSTM
2017-11-17,7,49.99,50.697586,LSTM
2017-11-17,8,53.93,56.65139,LSTM
2017-11-17,9,49.99,55.085526,LSTM
2017-11-17,10,49.97,54.011227,LSTM
2017-11-17,11,49.97,53.278786,LSTM
2017-11-17,12,49.09,50.057076,LSTM
2017-11-17,13,46.55,46.81997,LSTM
2017-11-17,14,42.3,45.62393,LSTM
2017-11-17,15,49.95,47.17222,LSTM
2017-11-17,16,49.9,49.014038,LSTM
2017-11-17,17,49.91,52.599953,LSTM
2017-11-17,18,48.18,48.519688,LSTM
2017-11-17,19,42.97,46.048016,LSTM
2017-11-17,20,38.35,38.02401,LSTM
2017-11-17,21,39.8,33.656445,LSTM
2017-11-17,22,36.15,34.117588,LSTM
2017-11-17,23,32.41,31.970497,LSTM
2017-11-18,0,27.78,30.296436,LSTM
2017-11-18,1,23.56,25.450027,LSTM
2017-11-18,2,20.04,24.146273,LSTM
2017-11-18,3,17.63,23.063492,LSTM
2017-11-18,4,13.33,20.494951,LSTM
2017-11-18,5,12.87,18.989338,LSTM
2017-11-18,6,16.12,20.519913,LSTM
2017-11-18,7,19.38,21.992928,LSTM
2017-11-18,8,27.97,23.8919,LSTM
2017-11-18,9,28.61,29.592966,LSTM
2017-11-18,10,28.08,22.890167,LSTM
2017-11-18,11,14.97,22.54427,LSTM
2017-11-18,12,18.19,21.634953,LSTM
2017-11-18,13,13.01,20.764881,LSTM
2017-11-18,14,18.46,16.905521,LSTM
2017-11-18,15,24.84,23.731516,LSTM
2017-11-18,16,28.33,28.177174,LSTM
2017-11-18,17,29.77,36.528664,LSTM
2017-11-18,18,29.7,31.23367,LSTM
2017-11-18,19,24.03,29.686531,LSTM
2017-11-18,20,13.06,26.391586,LSTM
2017-11-18,21,12.69,18.639545,LSTM
2017-11-18,22,11.38,19.203865,LSTM
2017-11-18,23,0.41,15.625776,LSTM
2017-11-19,0,0.37,1.8879261,LSTM
2017-11-19,1,4.33,-1.3156013,LSTM
2017-11-19,2,2.91,-6.346361,LSTM
2017-11-19,3,2.17,-7.3605633,LSTM
2017-11-19,4,2.14,-6.5545235,LSTM
2017-11-19,5,0.03,-4.020384,LSTM
2017-11-19,6,-0.03,-2.8456554,LSTM
2017-11-19,7,0.04,-0.8485069,LSTM
2017-11-19,8,5.08,2.9628448,LSTM
2017-11-19,9,23.49,5.6183167,LSTM
2017-11-19,10,12.77,2.161415,LSTM
2017-11-19,11,21.94,3.5632439,LSTM
2017-11-19,12,12.5,4.8874073,LSTM
2017-11-19,13,9.09,2.4831161,LSTM
2017-11-19,14,5.09,1.8100224,LSTM
2017-11-19,15,9.63,3.3474731,LSTM
2017-11-19,16,5.99,8.864889,LSTM
2017-11-19,17,23.14,20.946358,LSTM
2017-11-19,18,21.94,24.888073,LSTM
2017-11-19,19,13.3,22.028599,LSTM
2017-11-19,20,12.62,20.092041,LSTM
2017-11-19,21,11.38,15.990572,LSTM
2017-11-19,22,13.95,15.4180565,LSTM
2017-11-19,23,12.21,7.219692,LSTM
2017-11-20,0,12.59,8.747072,LSTM
2017-11-20,1,12.51,7.954688,LSTM
2017-11-20,2,10.49,6.413969,LSTM
2017-11-20,3,11.0,6.4140882,LSTM
2017-11-20,4,14.96,9.106868,LSTM
2017-11-20,5,23.81,15.821222,LSTM
2017-11-20,6,39.94,27.573854,LSTM
2017-11-20,7,41.99,37.55695,LSTM
2017-11-20,8,43.92,40.3688,LSTM
2017-11-20,9,43.91,39.558857,LSTM
2017-11-20,10,43.68,39.13433,LSTM
2017-11-20,11,43.94,41.511497,LSTM
2017-11-20,12,44.36,40.917923,LSTM
2017-11-20,13,49.05,41.075985,LSTM
2017-11-20,14,53.46,41.560394,LSTM
2017-11-20,15,50.99,40.050774,LSTM
2017-11-20,16,59.3,40.50039,LSTM
2017-11-20,17,66.02,45.018307,LSTM
2017-11-20,18,53.38,43.15107,LSTM
2017-11-20,19,47.93,36.95035,LSTM
2017-11-20,20,43.95,34.177185,LSTM
2017-11-20,21,38.63,29.65968,LSTM
2017-11-20,22,38.76,27.626228,LSTM
2017-11-20,23,34.97,22.44496,LSTM
2017-11-21,0,36.03,34.078358,LSTM
2017-11-21,1,35.46,32.603226,LSTM
2017-11-21,2,35.63,32.11226,LSTM
2017-11-21,3,35.73,30.388973,LSTM
2017-11-21,4,35.42,32.383625,LSTM
2017-11-21,5,37.92,33.48228,LSTM
2017-11-21,6,46.51,44.06459,LSTM
2017-11-21,7,67.86,56.775948,LSTM
2017-11-21,8,72.63,59.227108,LSTM
2017-11-21,9,54.99,58.3515,LSTM
2017-11-21,10,54.26,59.39104,LSTM
2017-11-21,11,64.03,58.559235,LSTM
2017-11-21,12,55.27,56.240387,LSTM
2017-11-21,13,64.91,55.549965,LSTM
2017-11-21,14,62.65,53.89093,LSTM
2017-11-21,15,62.65,55.53122,LSTM
2017-11-21,16,62.65,54.490948,LSTM
2017-11-21,17,68.05,56.574226,LSTM
2017-11-21,18,57.46,52.05583,LSTM
2017-11-21,19,43.99,43.809616,LSTM
2017-11-21,20,35.42,38.129246,LSTM
2017-11-21,21,32.64,33.5327,LSTM
2017-11-21,22,31.31,30.237349,LSTM
2017-11-21,23,29.69,26.795952,LSTM
2017-11-22,0,27.15,23.691763,LSTM
2017-11-22,1,15.7,20.941246,LSTM
2017-11-22,2,10.7,15.951956,LSTM
2017-11-22,3,10.96,18.3007,LSTM
2017-11-22,4,10.75,20.272333,LSTM
2017-11-22,5,20.24,24.251802,LSTM
2017-11-22,6,29.92,32.759476,LSTM
2017-11-22,7,37.37,41.220764,LSTM
2017-11-22,8,35.72,40.465843,LSTM
2017-11-22,9,32.49,35.986145,LSTM
2017-11-22,10,31.98,37.296246,LSTM
2017-11-22,11,31.8,33.092243,LSTM
2017-11-22,12,31.03,31.172565,LSTM
2017-11-22,13,31.3,34.286163,LSTM
2017-11-22,14,32.56,36.97498,LSTM
2017-11-22,15,41.43,42.879784,LSTM
2017-11-22,16,50.06,44.027634,LSTM
2017-11-22,17,61.26,51.82519,LSTM
2017-11-22,18,50.93,44.54723,LSTM
2017-11-22,19,43.97,41.181038,LSTM
2017-11-22,20,39.99,34.54665,LSTM
2017-11-22,21,33.7,29.791002,LSTM
2017-11-22,22,29.56,27.645798,LSTM
2017-11-22,23,20.6,21.737688,LSTM
2017-11-23,0,9.67,20.35115,LSTM
2017-11-23,1,12.76,17.124683,LSTM
2017-11-23,2,9.64,12.457172,LSTM
2017-11-23,3,9.47,13.097616,LSTM
2017-11-23,4,9.46,14.293556,LSTM
2017-11-23,5,12.77,17.61892,LSTM
2017-11-23,6,17.1,26.014807,LSTM
2017-11-23,7,32.93,32.37463,LSTM
2017-11-23,8,31.09,34.90114,LSTM
2017-11-23,9,29.96,32.762005,LSTM
2017-11-23,10,24.03,28.844353,LSTM
2017-11-23,11,16.24,23.9878,LSTM
2017-11-23,12,12.75,24.726385,LSTM
2017-11-23,13,16.63,26.117924,LSTM
2017-11-23,14,26.23,26.57687,LSTM
2017-11-23,15,30.76,31.736467,LSTM
2017-11-23,16,31.95,32.577034,LSTM
2017-11-23,17,37.97,41.09563,LSTM
2017-11-23,18,37.57,41.216522,LSTM
2017-11-23,19,36.98,37.570583,LSTM
2017-11-23,20,33.94,33.759106,LSTM
2017-11-23,21,29.34,30.74909,LSTM
2017-11-23,22,27.41,27.339622,LSTM
2017-11-23,23,24.05,21.617062,LSTM
2017-11-24,0,26.93,27.782946,LSTM
2017-11-24,1,27.75,26.860756,LSTM
2017-11-24,2,28.04,24.578148,LSTM
2017-11-24,3,27.1,24.954872,LSTM
2017-11-24,4,28.22,26.461542,LSTM
2017-11-24,5,35.66,28.306255,LSTM
2017-11-24,6,49.01,37.586163,LSTM
2017-11-24,7,49.07,47.260384,LSTM
2017-11-24,8,48.0,49.687477,LSTM
2017-11-24,9,46.92,44.377148,LSTM
2017-11-24,10,45.43,42.58519,LSTM
2017-11-24,11,46.5,42.329315,LSTM
2017-11-24,12,39.57,39.31755,LSTM
2017-11-24,13,41.13,40.322823,LSTM
2017-11-24,14,43.13,40.71644,LSTM
2017-11-24,15,44.91,45.94292,LSTM
2017-11-24,16,46.94,47.740097,LSTM
2017-11-24,17,53.97,54.857628,LSTM
2017-11-24,18,56.24,58.149742,LSTM
2017-11-24,19,55.97,51.924194,LSTM
2017-11-24,20,48.0,46.151733,LSTM
2017-11-24,21,47.98,41.9923,LSTM
2017-11-24,22,47.98,39.09471,LSTM
2017-11-24,23,40.99,37.63755,LSTM
2017-11-25,0,39.89,37.285843,LSTM
2017-11-25,1,36.19,34.579926,LSTM
2017-11-25,2,34.49,37.99274,LSTM
2017-11-25,3,36.2,35.164047,LSTM
2017-11-25,4,38.0,34.581486,LSTM
2017-11-25,5,35.86,33.466816,LSTM
2017-11-25,6,35.03,35.322475,LSTM
2017-11-25,7,42.37,43.60224,LSTM
2017-11-25,8,49.95,46.955574,LSTM
2017-11-25,9,49.94,50.83658,LSTM
2017-11-25,10,51.97,49.141815,LSTM
2017-11-25,11,53.51,48.06331,LSTM
2017-11-25,12,49.96,45.31272,LSTM
2017-11-25,13,46.98,42.369843,LSTM
2017-11-25,14,38.98,40.086903,LSTM
2017-11-25,15,35.29,43.662598,LSTM
2017-11-25,16,39.56,43.469246,LSTM
2017-11-25,17,44.26,46.07839,LSTM
2017-11-25,18,38.41,50.7786,LSTM
2017-11-25,19,37.93,42.006824,LSTM
2017-11-25,20,36.12,34.764206,LSTM
2017-11-25,21,32.12,31.898504,LSTM
2017-11-25,22,30.09,29.503454,LSTM
2017-11-25,23,27.58,29.953709,LSTM
2017-11-26,0,19.21,18.464176,LSTM
2017-11-26,1,12.59,15.763443,LSTM
2017-11-26,2,11.56,11.506697,LSTM
2017-11-26,3,11.45,11.913676,LSTM
2017-11-26,4,15.74,10.574609,LSTM
2017-11-26,5,12.85,11.007812,LSTM
2017-11-26,6,11.41,10.58494,LSTM
2017-11-26,7,9.77,13.159897,LSTM
2017-11-26,8,19.36,14.035883,LSTM
2017-11-26,9,11.58,16.81844,LSTM
2017-11-26,10,19.95,13.524382,LSTM
2017-11-26,11,21.6,12.318195,LSTM
2017-11-26,12,11.48,13.308493,LSTM
2017-11-26,13,11.49,11.876152,LSTM
2017-11-26,14,15.75,11.468576,LSTM
2017-11-26,15,15.55,13.685219,LSTM
2017-11-26,16,23.6,16.7416,LSTM
2017-11-26,17,29.17,26.353989,LSTM
2017-11-26,18,29.43,27.576015,LSTM
2017-11-26,19,29.51,27.463934,LSTM
2017-11-26,20,29.07,25.795038,LSTM
2017-11-26,21,29.01,22.850563,LSTM
2017-11-26,22,28.37,21.796417,LSTM
2017-11-26,23,21.94,14.904387,LSTM
2017-11-27,0,11.47,15.298401,LSTM
2017-11-27,1,14.95,12.814957,LSTM
2017-11-27,2,17.06,11.541986,LSTM
2017-11-27,3,13.06,11.996831,LSTM
2017-11-27,4,10.02,11.51087,LSTM
2017-11-27,5,20.96,18.71116,LSTM
2017-11-27,6,40.1,32.759193,LSTM
2017-11-27,7,36.12,42.071487,LSTM
2017-11-27,8,40.06,40.880875,LSTM
2017-11-27,9,36.04,40.937996,LSTM
2017-11-27,10,34.06,34.880238,LSTM
2017-11-27,11,34.73,32.102093,LSTM
2017-11-27,12,31.1,31.21497,LSTM
2017-11-27,13,32.38,30.69954,LSTM
2017-11-27,14,33.33,28.627527,LSTM
2017-11-27,15,34.82,35.12301,LSTM
2017-11-27,16,35.7,36.668217,LSTM
2017-11-27,17,40.32,41.097935,LSTM
2017-11-27,18,36.7,43.721222,LSTM
2017-11-27,19,35.26,43.46924,LSTM
2017-11-27,20,35.95,36.5535,LSTM
2017-11-27,21,30.93,29.639717,LSTM
2017-11-27,22,30.0,24.133324,LSTM
2017-11-27,23,15.87,16.56716,LSTM
2017-11-28,0,22.5,19.430435,LSTM
2017-11-28,1,16.07,17.504902,LSTM
2017-11-28,2,15.46,18.73126,LSTM
2017-11-28,3,16.29,18.624006,LSTM
2017-11-28,4,22.04,19.751976,LSTM
2017-11-28,5,24.7,24.684347,LSTM
2017-11-28,6,34.01,29.982618,LSTM
2017-11-28,7,40.13,40.35944,LSTM
2017-11-28,8,37.78,37.496696,LSTM
2017-11-28,9,36.39,37.06833,LSTM
2017-11-28,10,35.84,36.176483,LSTM
2017-11-28,11,36.05,37.150352,LSTM
2017-11-28,12,39.91,36.94869,LSTM
2017-11-28,13,45.07,36.966995,LSTM
2017-11-28,14,48.59,40.28526,LSTM
2017-11-28,15,52.94,49.08232,LSTM
2017-11-28,16,51.97,51.184853,LSTM
2017-11-28,17,59.7,64.03511,LSTM
2017-11-28,18,52.98,64.65991,LSTM
2017-11-28,19,51.32,55.193832,LSTM
2017-11-28,20,49.99,46.59384,LSTM
2017-11-28,21,36.59,44.10836,LSTM
2017-11-28,22,36.64,41.266113,LSTM
2017-11-28,23,35.01,40.26483,LSTM
2017-11-29,0,36.56,35.133186,LSTM
2017-11-29,1,36.79,33.516422,LSTM
2017-11-29,2,35.56,33.9926,LSTM
2017-11-29,3,35.06,31.836952,LSTM
2017-11-29,4,36.17,32.800957,LSTM
2017-11-29,5,38.97,34.480522,LSTM
2017-11-29,6,57.72,43.230244,LSTM
2017-11-29,7,84.97,57.98686,LSTM
2017-11-29,8,88.52,59.99547,LSTM
2017-11-29,9,90.1,60.4608,LSTM
2017-11-29,10,88.33,61.15453,LSTM
2017-11-29,11,86.0,62.67009,LSTM
2017-11-29,12,82.18,58.767532,LSTM
2017-11-29,13,82.4,59.124313,LSTM
2017-11-29,14,89.21,57.302948,LSTM
2017-11-29,15,90.4,60.585835,LSTM
2017-11-29,16,97.8,63.159035,LSTM
2017-11-29,17,118.49,68.23288,LSTM
2017-11-29,18,110.36,67.253525,LSTM
2017-11-29,19,85.56,62.9569,LSTM
2017-11-29,20,77.34,55.323456,LSTM
2017-11-29,21,64.27,47.28563,LSTM
2017-11-29,22,55.57,43.733295,LSTM
2017-11-29,23,47.71,39.72483,LSTM
2017-11-30,0,45.94,40.06289,LSTM
2017-11-30,1,38.2,39.46051,LSTM
2017-11-30,2,36.97,38.495243,LSTM
2017-11-30,3,36.1,37.749405,LSTM
2017-11-30,4,38.47,37.776924,LSTM
2017-11-30,5,42.72,41.031,LSTM
2017-11-30,6,53.99,53.71968,LSTM
2017-11-30,7,83.75,71.30237,LSTM
2017-11-30,8,88.16,73.83005,LSTM
2017-11-30,9,85.25,73.647934,LSTM
2017-11-30,10,86.79,72.28963,LSTM
2017-11-30,11,86.7,70.49902,LSTM
2017-11-30,12,84.07,68.062416,LSTM
2017-11-30,13,83.34,68.108475,LSTM
2017-11-30,14,82.81,66.58703,LSTM
2017-11-30,15,84.22,68.326775,LSTM
2017-11-30,16,86.06,69.5597,LSTM
2017-11-30,17,100.12,75.841644,LSTM
2017-11-30,18,95.1,72.712906,LSTM
2017-11-30,19,87.24,70.12224,LSTM
2017-11-30,20,68.5,60.350082,LSTM
2017-11-30,21,51.96,50.641457,LSTM
2017-11-30,22,38.45,46.68772,LSTM
2017-11-30,23,36.67,39.93497,LSTM
2017-12-01,0,35.82,38.068386,LSTM
2017-12-01,1,38.59,37.25291,LSTM
2017-12-01,2,37.18,35.862762,LSTM
2017-12-01,3,37.0,34.69172,LSTM
2017-12-01,4,37.42,35.175667,LSTM
2017-12-01,5,36.14,37.3245,LSTM
2017-12-01,6,55.97,48.964138,LSTM
2017-12-01,7,81.69,63.346,LSTM
2017-12-01,8,75.01,67.138214,LSTM
2017-12-01,9,72.89,68.1104,LSTM
2017-12-01,10,70.38,66.98955,LSTM
2017-12-01,11,74.87,68.339165,LSTM
2017-12-01,12,74.91,66.094864,LSTM
2017-12-01,13,73.18,65.808586,LSTM
2017-12-01,14,72.5,64.28916,LSTM
2017-12-01,15,74.42,62.748383,LSTM
2017-12-01,16,76.6,66.9671,LSTM
2017-12-01,17,85.69,74.0712,LSTM
2017-12-01,18,82.57,66.74376,LSTM
2017-12-01,19,77.38,64.311646,LSTM
2017-12-01,20,61.95,56.029903,LSTM
2017-12-01,21,52.93,44.935497,LSTM
2017-12-01,22,41.58,45.093575,LSTM
2017-12-01,23,37.94,39.819824,LSTM
2017-12-02,0,39.9,39.133484,LSTM
2017-12-02,1,39.02,38.35044,LSTM
2017-12-02,2,37.89,39.448353,LSTM
2017-12-02,3,37.82,38.612823,LSTM
2017-12-02,4,34.7,38.46175,LSTM
2017-12-02,5,36.75,36.83008,LSTM
2017-12-02,6,34.07,36.37476,LSTM
2017-12-02,7,37.01,40.54345,LSTM
2017-12-02,8,46.17,48.071423,LSTM
2017-12-02,9,46.1,51.511314,LSTM
2017-12-02,10,42.33,51.25557,LSTM
2017-12-02,11,44.02,52.047546,LSTM
2017-12-02,12,40.0,47.025085,LSTM
2017-12-02,13,37.28,43.523136,LSTM
2017-12-02,14,38.21,40.714966,LSTM
2017-12-02,15,46.13,42.67397,LSTM
2017-12-02,16,47.96,46.790733,LSTM
2017-12-02,17,47.95,55.364563,LSTM
2017-12-02,18,42.99,54.594013,LSTM
2017-12-02,19,39.37,47.978054,LSTM
2017-12-02,20,36.79,39.199238,LSTM
2017-12-02,21,38.52,32.640278,LSTM
2017-12-02,22,39.92,32.013172,LSTM
2017-12-02,23,35.68,32.79205,LSTM
2017-12-03,0,33.17,30.316784,LSTM
2017-12-03,1,31.93,29.462305,LSTM
2017-12-03,2,30.43,27.626328,LSTM
2017-12-03,3,28.3,28.180332,LSTM
2017-12-03,4,30.44,27.867182,LSTM
2017-12-03,5,29.87,27.518616,LSTM
2017-12-03,6,29.81,27.287498,LSTM
2017-12-03,7,27.72,28.92907,LSTM
2017-12-03,8,29.95,33.70586,LSTM
2017-12-03,9,33.08,34.73162,LSTM
2017-12-03,10,34.85,37.07779,LSTM
2017-12-03,11,36.91,40.076836,LSTM
2017-12-03,12,37.0,35.970425,LSTM
2017-12-03,13,32.92,33.645184,LSTM
2017-12-03,14,34.06,31.749405,LSTM
2017-12-03,15,34.29,32.871105,LSTM
2017-12-03,16,36.97,36.59959,LSTM
2017-12-03,17,39.36,41.78364,LSTM
2017-12-03,18,39.0,40.533035,LSTM
2017-12-03,19,37.06,38.840225,LSTM
2017-12-03,20,36.03,33.808704,LSTM
2017-12-03,21,33.95,29.12724,LSTM
2017-12-03,22,33.98,29.41853,LSTM
2017-12-03,23,28.25,27.225496,LSTM
2017-12-04,0,12.05,26.490519,LSTM
2017-12-04,1,17.69,23.781849,LSTM
2017-12-04,2,15.31,24.781042,LSTM
2017-12-04,3,12.75,22.651846,LSTM
2017-12-04,4,17.18,23.381472,LSTM
2017-12-04,5,25.05,27.938744,LSTM
2017-12-04,6,33.19,37.20543,LSTM
2017-12-04,7,38.56,48.60579,LSTM
2017-12-04,8,42.9,46.822372,LSTM
2017-12-04,9,38.29,47.206924,LSTM
2017-12-04,10,37.06,47.039577,LSTM
2017-12-04,11,38.94,48.334896,LSTM
2017-12-04,12,36.36,45.83561,LSTM
2017-12-04,13,39.45,45.335,LSTM
2017-12-04,14,43.97,46.41694,LSTM
2017-12-04,15,46.14,49.119312,LSTM
2017-12-04,16,50.96,53.27742,LSTM
2017-12-04,17,51.04,57.773037,LSTM
2017-12-04,18,48.85,53.537735,LSTM
2017-12-04,19,45.6,49.069637,LSTM
2017-12-04,20,42.38,44.36832,LSTM
2017-12-04,21,39.83,39.559425,LSTM
2017-12-04,22,33.53,38.459297,LSTM
2017-12-04,23,30.03,35.594933,LSTM
2017-12-05,0,28.69,28.875439,LSTM
2017-12-05,1,28.01,26.59622,LSTM
2017-12-05,2,26.88,22.1678,LSTM
2017-12-05,3,27.93,23.08555,LSTM
2017-12-05,4,28.23,24.859077,LSTM
2017-12-05,5,30.73,28.334707,LSTM
2017-12-05,6,35.39,36.186855,LSTM
2017-12-05,7,39.69,44.90229,LSTM
2017-12-05,8,40.05,43.308132,LSTM
2017-12-05,9,40.36,44.184414,LSTM
2017-12-05,10,47.59,44.980145,LSTM
2017-12-05,11,46.78,42.130394,LSTM
2017-12-05,12,44.07,40.14541,LSTM
2017-12-05,13,42.45,39.362137,LSTM
2017-12-05,14,39.97,40.79754,LSTM
2017-12-05,15,39.05,39.55032,LSTM
2017-12-05,16,39.05,41.249214,LSTM
2017-12-05,17,43.96,43.904526,LSTM
2017-12-05,18,40.04,35.86149,LSTM
2017-12-05,19,46.04,36.276672,LSTM
2017-12-05,20,35.35,33.027557,LSTM
2017-12-05,21,30.03,27.969088,LSTM
2017-12-05,22,28.06,27.92683,LSTM
2017-12-05,23,13.45,20.077087,LSTM
2017-12-06,0,14.34,19.825087,LSTM
2017-12-06,1,12.34,16.080307,LSTM
2017-12-06,2,9.71,12.71691,LSTM
2017-12-06,3,12.7,14.2403345,LSTM
2017-12-06,4,14.04,15.329897,LSTM
2017-12-06,5,13.27,20.936424,LSTM
2017-12-06,6,29.57,31.836103,LSTM
2017-12-06,7,38.24,43.558784,LSTM
2017-12-06,8,37.59,41.01644,LSTM
2017-12-06,9,39.13,37.939278,LSTM
2017-12-06,10,38.22,38.956257,LSTM
2017-12-06,11,34.6,38.177143,LSTM
2017-12-06,12,34.59,34.3173,LSTM
2017-12-06,13,36.48,36.19905,LSTM
2017-12-06,14,39.81,36.69588,LSTM
2017-12-06,15,39.0,40.607388,LSTM
2017-12-06,16,40.9,43.104263,LSTM
2017-12-06,17,45.69,47.30893,LSTM
2017-12-06,18,41.96,42.99379,LSTM
2017-12-06,19,39.95,44.392662,LSTM
2017-12-06,20,39.01,37.612434,LSTM
2017-12-06,21,38.98,32.204113,LSTM
2017-12-06,22,31.97,29.689655,LSTM
2017-12-06,23,27.95,22.336716,LSTM
2017-12-07,0,30.47,28.391954,LSTM
2017-12-07,1,29.43,24.227165,LSTM
2017-12-07,2,26.57,22.387823,LSTM
2017-12-07,3,27.36,19.707527,LSTM
2017-12-07,4,30.01,20.957035,LSTM
2017-12-07,5,32.07,24.881163,LSTM
2017-12-07,6,44.72,34.006435,LSTM
2017-12-07,7,51.98,43.949932,LSTM
2017-12-07,8,48.53,41.778404,LSTM
2017-12-07,9,43.85,40.80721,LSTM
2017-12-07,10,38.55,39.392868,LSTM
2017-12-07,11,33.1,34.01319,LSTM
2017-12-07,12,30.04,31.419025,LSTM
2017-12-07,13,31.06,30.869146,LSTM
2017-12-07,14,32.06,30.948647,LSTM
2017-12-07,15,37.23,31.803064,LSTM
2017-12-07,16,38.53,35.331997,LSTM
2017-12-07,17,39.73,36.85005,LSTM
2017-12-07,18,37.49,31.644855,LSTM
2017-12-07,19,32.07,33.767242,LSTM
2017-12-07,20,28.06,28.169094,LSTM
2017-12-07,21,27.5,23.2982,LSTM
2017-12-07,22,26.42,21.375587,LSTM
2017-12-07,23,22.61,11.883968,LSTM
2017-12-08,0,13.45,24.286188,LSTM
2017-12-08,1,12.2,22.41634,LSTM
2017-12-08,2,10.5,21.247244,LSTM
2017-12-08,3,18.93,22.871862,LSTM
2017-12-08,4,24.56,22.925758,LSTM
2017-12-08,5,23.05,30.71592,LSTM
2017-12-08,6,35.88,42.168022,LSTM
2017-12-08,7,37.7,54.24151,LSTM
2017-12-08,8,46.04,49.4802,LSTM
2017-12-08,9,43.93,50.401085,LSTM
2017-12-08,10,37.99,50.80971,LSTM
2017-12-08,11,41.51,45.854134,LSTM
2017-12-08,12,34.21,43.1962,LSTM
2017-12-08,13,32.1,39.64172,LSTM
2017-12-08,14,32.17,38.658142,LSTM
2017-12-08,15,37.98,42.77423,LSTM
2017-12-08,16,41.57,41.94627,LSTM
2017-12-08,17,40.73,44.50995,LSTM
2017-12-08,18,39.96,38.19835,LSTM
2017-12-08,19,38.57,44.12544,LSTM
2017-12-08,20,32.32,36.414265,LSTM
2017-12-08,21,28.0,30.23869,LSTM
2017-12-08,22,23.1,28.705969,LSTM
2017-12-08,23,9.29,19.75283,LSTM
2017-12-09,0,15.03,16.956242,LSTM
2017-12-09,1,12.51,13.416001,LSTM
2017-12-09,2,10.31,11.232031,LSTM
2017-12-09,3,9.26,11.018457,LSTM
2017-12-09,4,9.12,11.919457,LSTM
2017-12-09,5,8.92,12.679777,LSTM
2017-12-09,6,10.06,11.805918,LSTM
2017-12-09,7,12.15,16.09588,LSTM
2017-12-09,8,12.41,19.817657,LSTM
2017-12-09,9,18.07,23.02538,LSTM
2017-12-09,10,18.96,21.367947,LSTM
2017-12-09,11,16.25,19.769873,LSTM
2017-12-09,12,15.03,20.272116,LSTM
2017-12-09,13,12.39,18.189484,LSTM
2017-12-09,14,12.53,17.884834,LSTM
2017-12-09,15,19.41,19.871075,LSTM
2017-12-09,16,26.51,22.685051,LSTM
2017-12-09,17,31.67,30.87455,LSTM
2017-12-09,18,28.45,30.504293,LSTM
2017-12-09,19,24.56,26.949654,LSTM
2017-12-09,20,15.8,21.398464,LSTM
2017-12-09,21,13.01,17.613228,LSTM
2017-12-09,22,15.04,18.038576,LSTM
2017-12-09,23,10.16,10.839014,LSTM
2017-12-10,0,14.31,12.409845,LSTM
2017-12-10,1,10.92,10.569847,LSTM
2017-12-10,2,10.17,10.261111,LSTM
2017-12-10,3,12.09,10.482743,LSTM
2017-12-10,4,15.06,10.487883,LSTM
2017-12-10,5,12.23,13.810749,LSTM
2017-12-10,6,12.28,13.007109,LSTM
2017-12-10,7,20.68,15.37018,LSTM
2017-12-10,8,27.85,19.74413,LSTM
2017-12-10,9,28.56,23.750067,LSTM
2017-12-10,10,29.15,26.797886,LSTM
2017-12-10,11,29.57,27.74083,LSTM
2017-12-10,12,29.26,25.982874,LSTM
2017-12-10,13,28.24,19.508553,LSTM
2017-12-10,14,25.07,16.329971,LSTM
2017-12-10,15,9.12,13.755129,LSTM
2017-12-10,16,9.19,13.632599,LSTM
2017-12-10,17,17.42,19.94036,LSTM
2017-12-10,18,15.02,22.516151,LSTM
2017-12-10,19,12.05,18.640991,LSTM
2017-12-10,20,12.27,15.333292,LSTM
2017-12-10,21,12.16,13.557825,LSTM
2017-12-10,22,14.81,12.133303,LSTM
2017-12-10,23,12.13,6.7229805,LSTM
2017-12-11,0,15.03,12.598314,LSTM
2017-12-11,1,10.87,13.170768,LSTM
2017-12-11,2,12.59,11.87722,LSTM
2017-12-11,3,11.75,12.147815,LSTM
2017-12-11,4,12.78,17.754805,LSTM
2017-12-11,5,23.22,22.102043,LSTM
2017-12-11,6,47.95,34.01554,LSTM
2017-12-11,7,62.0,42.51697,LSTM
2017-12-11,8,63.01,51.55102,LSTM
2017-12-11,9,60.2,47.436012,LSTM
2017-12-11,10,62.93,55.063965,LSTM
2017-12-11,11,61.95,55.39502,LSTM
2017-12-11,12,64.98,54.034676,LSTM
2017-12-11,13,58.23,49.333103,LSTM
2017-12-11,14,53.84,47.486755,LSTM
2017-12-11,15,51.91,41.732384,LSTM
2017-12-11,16,53.38,40.300358,LSTM
2017-12-11,17,51.87,45.427586,LSTM
2017-12-11,18,47.4,39.039474,LSTM
2017-12-11,19,39.68,34.253963,LSTM
2017-12-11,20,40.7,29.243126,LSTM
2017-12-11,21,34.43,25.62104,LSTM
2017-12-11,22,31.95,25.295803,LSTM
2017-12-11,23,27.35,16.632687,LSTM
2017-12-12,0,24.52,19.270157,LSTM
2017-12-12,1,22.21,16.980883,LSTM
2017-12-12,2,14.58,12.960898,LSTM
2017-12-12,3,12.31,12.97242,LSTM
2017-12-12,4,14.2,18.310715,LSTM
2017-12-12,5,26.14,19.14897,LSTM
2017-12-12,6,30.89,24.734123,LSTM
2017-12-12,7,32.32,32.558773,LSTM
2017-12-12,8,35.19,35.895927,LSTM
2017-12-12,9,34.7,33.204563,LSTM
2017-12-12,10,34.75,34.84274,LSTM
2017-12-12,11,35.75,31.828117,LSTM
2017-12-12,12,36.92,33.740765,LSTM
2017-12-12,13,39.9,32.93648,LSTM
2017-12-12,14,43.16,39.242626,LSTM
2017-12-12,15,45.0,38.18673,LSTM
2017-12-12,16,46.09,43.466274,LSTM
2017-12-12,17,50.95,53.274963,LSTM
2017-12-12,18,46.95,49.165535,LSTM
2017-12-12,19,46.08,40.05432,LSTM
2017-12-12,20,46.1,37.039715,LSTM
2017-12-12,21,40.95,33.462013,LSTM
2017-12-12,22,36.74,34.49218,LSTM
2017-12-12,23,27.96,27.570538,LSTM
2017-12-13,0,22.55,25.758284,LSTM
2017-12-13,1,20.0,21.749819,LSTM
2017-12-13,2,15.96,17.000072,LSTM
2017-12-13,3,12.74,16.312553,LSTM
2017-12-13,4,14.2,17.97173,LSTM
2017-12-13,5,18.02,17.167498,LSTM
2017-12-13,6,32.93,25.18925,LSTM
2017-12-13,7,34.19,28.383932,LSTM
2017-12-13,8,38.27,33.54909,LSTM
2017-12-13,9,34.45,31.428406,LSTM
2017-12-13,10,30.97,31.17442,LSTM
2017-12-13,11,29.83,29.885983,LSTM
2017-12-13,12,29.7,28.504341,LSTM
2017-12-13,13,29.98,28.71508,LSTM
2017-12-13,14,32.44,28.610695,LSTM
2017-12-13,15,32.91,29.14844,LSTM
2017-12-13,16,34.49,31.911499,LSTM
2017-12-13,17,34.46,36.928967,LSTM
2017-12-13,18,33.94,34.848206,LSTM
2017-12-13,19,32.75,28.458824,LSTM
2017-12-13,20,29.1,26.033258,LSTM
2017-12-13,21,22.62,20.933018,LSTM
2017-12-13,22,20.05,20.232412,LSTM
2017-12-13,23,8.45,13.573543,LSTM
2017-12-14,0,8.84,11.922944,LSTM
2017-12-14,1,8.8,9.815467,LSTM
2017-12-14,2,8.84,8.950944,LSTM
2017-12-14,3,9.01,8.362965,LSTM
2017-12-14,4,10.79,12.8479395,LSTM
2017-12-14,5,14.44,18.28402,LSTM
2017-12-14,6,32.63,27.213642,LSTM
2017-12-14,7,45.94,31.8027,LSTM
2017-12-14,8,42.14,35.707634,LSTM
2017-12-14,9,33.84,29.134789,LSTM
2017-12-14,10,32.06,33.98519,LSTM
2017-12-14,11,31.82,32.671112,LSTM
2017-12-14,12,31.54,31.32256,LSTM
2017-12-14,13,31.46,31.078396,LSTM
2017-12-14,14,32.53,34.000484,LSTM
2017-12-14,15,36.43,36.129932,LSTM
2017-12-14,16,38.43,36.786568,LSTM
2017-12-14,17,49.94,45.019264,LSTM
2017-12-14,18,51.55,47.222397,LSTM
2017-12-14,19,48.06,45.1811,LSTM
2017-12-14,20,41.9,39.875935,LSTM
2017-12-14,21,39.31,39.874825,LSTM
2017-12-14,22,34.94,39.41114,LSTM
2017-12-14,23,28.96,32.692234,LSTM
2017-12-15,0,32.01,33.588352,LSTM
2017-12-15,1,30.93,31.034534,LSTM
2017-12-15,2,29.0,31.141037,LSTM
2017-12-15,3,28.97,31.476532,LSTM
2017-12-15,4,29.57,33.26619,LSTM
2017-12-15,5,33.17,33.266586,LSTM
2017-12-15,6,46.95,41.05728,LSTM
2017-12-15,7,57.17,52.058918,LSTM
2017-12-15,8,54.31,54.578438,LSTM
2017-12-15,9,53.93,49.60363,LSTM
2017-12-15,10,52.09,53.111725,LSTM
2017-12-15,11,52.51,53.29486,LSTM
2017-12-15,12,48.49,48.341255,LSTM
2017-12-15,13,47.92,46.221348,LSTM
2017-12-15,14,48.93,46.76971,LSTM
2017-12-15,15,52.94,51.41194,LSTM
2017-12-15,16,60.92,51.99948,LSTM
2017-12-15,17,74.54,55.07321,LSTM
2017-12-15,18,59.32,50.72187,LSTM
2017-12-15,19,53.91,47.576294,LSTM
2017-12-15,20,50.13,40.236847,LSTM
2017-12-15,21,42.23,36.106796,LSTM
2017-12-15,22,37.04,35.69805,LSTM
2017-12-15,23,33.23,33.465984,LSTM
2017-12-16,0,35.07,36.055122,LSTM
2017-12-16,1,33.08,33.075546,LSTM
2017-12-16,2,32.96,33.504925,LSTM
2017-12-16,3,31.96,33.813393,LSTM
2017-12-16,4,32.0,32.315483,LSTM
2017-12-16,5,31.76,31.036587,LSTM
2017-12-16,6,31.58,30.16821,LSTM
2017-12-16,7,31.39,35.13584,LSTM
2017-12-16,8,34.01,35.424904,LSTM
2017-12-16,9,41.56,39.045868,LSTM
2017-12-16,10,44.34,37.901955,LSTM
2017-12-16,11,44.03,36.71818,LSTM
2017-12-16,12,41.69,34.71695,LSTM
2017-12-16,13,38.1,33.30236,LSTM
2017-12-16,14,36.48,31.17662,LSTM
2017-12-16,15,40.0,34.405464,LSTM
2017-12-16,16,46.17,34.727272,LSTM
2017-12-16,17,48.93,39.182037,LSTM
2017-12-16,18,46.9,39.32141,LSTM
2017-12-16,19,42.0,34.70187,LSTM
2017-12-16,20,39.0,29.057507,LSTM
2017-12-16,21,33.62,25.932323,LSTM
2017-12-16,22,33.01,27.096786,LSTM
2017-12-16,23,29.02,26.683582,LSTM
2017-12-17,0,28.9,27.437983,LSTM
2017-12-17,1,28.2,25.801157,LSTM
2017-12-17,2,28.2,25.671488,LSTM
2017-12-17,3,27.94,25.709763,LSTM
2017-12-17,4,28.21,26.93542,LSTM
2017-12-17,5,28.38,27.30656,LSTM
2017-12-17,6,28.58,26.568415,LSTM
2017-12-17,7,29.4,28.268032,LSTM
2017-12-17,8,31.38,32.61077,LSTM
2017-12-17,9,34.78,33.005836,LSTM
2017-12-17,10,38.12,39.81698,LSTM
2017-12-17,11,43.64,43.30455,LSTM
2017-12-17,12,41.57,39.115746,LSTM
2017-12-17,13,40.02,37.65703,LSTM
2017-12-17,14,39.08,36.50006,LSTM
2017-12-17,15,41.5,35.237595,LSTM
2017-12-17,16,45.74,34.693085,LSTM
2017-12-17,17,46.96,40.4722,LSTM
2017-12-17,18,45.91,40.565804,LSTM
2017-12-17,19,42.91,35.22915,LSTM
2017-12-17,20,36.42,29.032352,LSTM
2017-12-17,21,32.92,28.152985,LSTM
2017-12-17,22,30.66,28.36933,LSTM
2017-12-17,23,28.59,25.945951,LSTM
2017-12-18,0,30.43,31.558277,LSTM
2017-12-18,1,29.9,29.582111,LSTM
2017-12-18,2,28.15,29.443428,LSTM
2017-12-18,3,27.39,29.036833,LSTM
2017-12-18,4,28.71,30.795391,LSTM
2017-12-18,5,33.73,33.747242,LSTM
2017-12-18,6,46.2,43.39149,LSTM
2017-12-18,7,63.95,57.23589,LSTM
2017-12-18,8,64.42,57.206696,LSTM
2017-12-18,9,64.08,58.89418,LSTM
2017-12-18,10,64.28,60.014267,LSTM
2017-12-18,11,69.65,59.552063,LSTM
2017-12-18,12,68.23,58.27912,LSTM
2017-12-18,13,69.97,59.021637,LSTM
2017-12-18,14,69.49,59.87798,LSTM
2017-12-18,15,71.32,63.746872,LSTM
2017-12-18,16,73.5,65.79886,LSTM
2017-12-18,17,79.72,74.295616,LSTM
2017-12-18,18,75.84,66.53825,LSTM
2017-12-18,19,68.87,62.096283,LSTM
2017-12-18,20,63.31,51.888794,LSTM
2017-12-18,21,56.58,43.69491,LSTM
2017-12-18,22,45.03,43.36973,LSTM
2017-12-18,23,37.29,37.694355,LSTM
2017-12-19,0,44.34,40.950104,LSTM
2017-12-19,1,38.07,40.1118,LSTM
2017-12-19,2,37.59,37.7567,LSTM
2017-12-19,3,36.5,37.356716,LSTM
2017-12-19,4,38.89,38.21114,LSTM
2017-12-19,5,41.01,40.593933,LSTM
2017-12-19,6,53.67,52.17642,LSTM
2017-12-19,7,68.17,68.61006,LSTM
2017-12-19,8,76.91,71.71184,LSTM
2017-12-19,9,77.06,73.532616,LSTM
2017-12-19,10,75.3,74.55366,LSTM
2017-12-19,11,74.0,75.96112,LSTM
2017-12-19,12,70.85,72.11856,LSTM
2017-12-19,13,70.57,73.862045,LSTM
2017-12-19,14,70.2,71.700356,LSTM
2017-12-19,15,70.32,72.96019,LSTM
2017-12-19,16,75.82,73.273796,LSTM
2017-12-19,17,78.28,77.91736,LSTM
2017-12-19,18,75.16,72.511536,LSTM
2017-12-19,19,75.06,67.853775,LSTM
2017-12-19,20,66.29,58.129974,LSTM
2017-12-19,21,52.01,49.381584,LSTM
2017-12-19,22,48.86,47.57038,LSTM
2017-12-19,23,41.18,41.148746,LSTM
2017-12-20,0,44.47,40.81756,LSTM
2017-12-20,1,40.1,39.89046,LSTM
2017-12-20,2,37.83,37.96419,LSTM
2017-12-20,3,37.27,37.819683,LSTM
2017-12-20,4,40.85,38.792637,LSTM
2017-12-20,5,45.79,41.171772,LSTM
2017-12-20,6,57.35,51.904816,LSTM
2017-12-20,7,75.98,66.73208,LSTM
2017-12-20,8,76.7,72.51907,LSTM
2017-12-20,9,76.69,74.051926,LSTM
2017-12-20,10,76.61,76.84878,LSTM
2017-12-20,11,76.56,79.17401,LSTM
2017-12-20,12,76.35,74.20767,LSTM
2017-12-20,13,76.03,75.543495,LSTM
2017-12-20,14,74.89,73.32258,LSTM
2017-12-20,15,72.05,75.26839,LSTM
2017-12-20,16,76.06,74.4014,LSTM
2017-12-20,17,79.3,77.517975,LSTM
2017-12-20,18,77.26,71.92573,LSTM
2017-12-20,19,75.96,67.38697,LSTM
2017-12-20,20,64.16,54.18483,LSTM
2017-12-20,21,46.03,47.54399,LSTM
2017-12-20,22,42.01,45.587498,LSTM
2017-12-20,23,37.63,38.57568,LSTM
2017-12-21,0,33.09,33.948223,LSTM
2017-12-21,1,35.26,33.751278,LSTM
2017-12-21,2,31.88,30.667835,LSTM
2017-12-21,3,33.04,31.035572,LSTM
2017-12-21,4,33.6,31.491524,LSTM
2017-12-21,5,35.05,34.294746,LSTM
2017-12-21,6,35.19,42.28285,LSTM
2017-12-21,7,45.94,56.473076,LSTM
2017-12-21,8,49.9,59.10541,LSTM
2017-12-21,9,50.0,60.0457,LSTM
2017-12-21,10,51.03,59.77269,LSTM
2017-12-21,11,54.48,60.932373,LSTM
2017-12-21,12,55.96,58.535675,LSTM
2017-12-21,13,49.99,59.092636,LSTM
2017-12-21,14,46.15,57.88343,LSTM
2017-12-21,15,46.86,58.894276,LSTM
2017-12-21,16,51.93,59.75709,LSTM
2017-12-21,17,50.95,63.813835,LSTM
2017-12-21,18,51.03,59.444805,LSTM
2017-12-21,19,46.02,52.892014,LSTM
2017-12-21,20,35.83,46.245728,LSTM
2017-12-21,21,36.26,41.594795,LSTM
2017-12-21,22,38.72,41.620148,LSTM
2017-12-21,23,34.84,35.610092,LSTM
2017-12-22,0,27.76,37.728447,LSTM
2017-12-22,1,26.45,36.04327,LSTM
2017-12-22,2,26.2,33.63729,LSTM
2017-12-22,3,26.36,33.110996,LSTM
2017-12-22,4,27.59,34.952354,LSTM
2017-12-22,5,31.93,36.00834,LSTM
2017-12-22,6,38.61,43.414436,LSTM
2017-12-22,7,47.52,53.995956,LSTM
2017-12-22,8,48.0,58.092133,LSTM
2017-12-22,9,50.0,56.184853,LSTM
2017-12-22,10,48.99,58.846085,LSTM
2017-12-22,11,46.55,58.233803,LSTM
2017-12-22,12,47.86,55.115147,LSTM
2017-12-22,13,46.96,52.577797,LSTM
2017-12-22,14,39.0,52.557316,LSTM
2017-12-22,15,39.37,51.900047,LSTM
2017-12-22,16,46.06,52.289696,LSTM
2017-12-22,17,47.34,55.6131,LSTM
2017-12-22,18,41.5,48.96817,LSTM
2017-12-22,19,40.66,43.930943,LSTM
2017-12-22,20,42.91,40.325077,LSTM
2017-12-22,21,42.06,36.744766,LSTM
2017-12-22,22,37.4,38.042408,LSTM
2017-12-22,23,30.62,34.175896,LSTM
2017-12-23,0,26.33,26.001102,LSTM
2017-12-23,1,17.72,20.530918,LSTM
2017-12-23,2,11.8,19.472696,LSTM
2017-12-23,3,11.3,15.722937,LSTM
2017-12-23,4,12.4,16.12423,LSTM
2017-12-23,5,8.4,12.471661,LSTM
2017-12-23,6,9.71,13.91592,LSTM
2017-12-23,7,10.71,15.13456,LSTM
2017-12-23,8,14.78,21.927927,LSTM
2017-12-23,9,18.79,21.684198,LSTM
2017-12-23,10,20.08,24.57618,LSTM
2017-12-23,11,14.74,22.998508,LSTM
2017-12-23,12,14.77,17.656488,LSTM
2017-12-23,13,10.87,17.683746,LSTM
2017-12-23,14,5.65,14.300973,LSTM
2017-12-23,15,10.04,15.57744,LSTM
2017-12-23,16,12.91,19.581705,LSTM
2017-12-23,17,22.01,26.556484,LSTM
2017-12-23,18,18.08,21.899092,LSTM
2017-12-23,19,10.84,23.97787,LSTM
2017-12-23,20,0.4,15.522385,LSTM
2017-12-23,21,-0.03,12.873131,LSTM
2017-12-23,22,-0.09,14.285065,LSTM
2017-12-23,23,-12.12,5.097004,LSTM
2017-12-24,0,-40.84,-7.8484135,LSTM
2017-12-24,1,-43.18,-13.177261,LSTM
2017-12-24,2,-55.99,-14.914146,LSTM
2017-12-24,3,-49.99,-15.534086,LSTM
2017-12-24,4,-40.14,-15.567179,LSTM
2017-12-24,5,-36.05,-13.098127,LSTM
2017-12-24,6,-42.93,-13.230907,LSTM
2017-12-24,7,-9.94,-14.655315,LSTM
2017-12-24,8,2.13,-3.0821724,LSTM
2017-12-24,9,5.07,0.16513062,LSTM
2017-12-24,10,5.03,0.4587288,LSTM
2017-12-24,11,6.82,5.3748245,LSTM
2017-12-24,12,2.17,4.563818,LSTM
2017-12-24,13,2.93,-0.11935043,LSTM
2017-12-24,14,0.1,-6.5786057,LSTM
2017-12-24,15,1.09,-2.29854,LSTM
2017-12-24,16,6.75,0.75327873,LSTM
2017-12-24,17,11.08,14.084406,LSTM
2017-12-24,18,2.85,18.239063,LSTM
2017-12-24,19,1.8,15.111328,LSTM
2017-12-24,20,-4.94,12.297344,LSTM
2017-12-24,21,-6.74,9.922768,LSTM
2017-12-24,22,0.08,11.926361,LSTM
2017-12-24,23,0.06,4.7979717,LSTM
2017-12-25,0,-4.98,-1.8878155,LSTM
2017-12-25,1,-32.58,-6.52075,LSTM
2017-12-25,2,-19.79,-9.537666,LSTM
2017-12-25,3,-11.9,-11.548304,LSTM
2017-12-25,4,-4.96,-9.625406,LSTM
2017-12-25,5,-4.83,-6.405182,LSTM
2017-12-25,6,-61.41,-2.4277,LSTM
2017-12-25,7,-4.97,-2.253151,LSTM
2017-12-25,8,0.07,8.474607,LSTM
2017-12-25,9,9.94,8.630198,LSTM
2017-12-25,10,19.9,9.8347645,LSTM
2017-12-25,11,22.01,13.92239,LSTM
2017-12-25,12,18.35,10.787077,LSTM
2017-12-25,13,15.99,10.038164,LSTM
2017-12-25,14,12.97,7.717161,LSTM
2017-12-25,15,17.97,7.5427113,LSTM
2017-12-25,16,17.99,17.09317,LSTM
2017-12-25,17,26.45,26.074532,LSTM
2017-12-25,18,27.41,27.171272,LSTM
2017-12-25,19,27.59,27.997015,LSTM
2017-12-25,20,25.64,24.23655,LSTM
2017-12-25,21,22.09,21.052174,LSTM
2017-12-25,22,22.17,21.974045,LSTM
2017-12-25,23,22.0,13.610611,LSTM
2017-12-26,0,5.06,6.304186,LSTM
2017-12-26,1,5.06,-3.6057491,LSTM
2017-12-26,2,-1.44,-2.5138035,LSTM
2017-12-26,3,-6.94,-9.210663,LSTM
2017-12-26,4,-9.65,-8.136471,LSTM
2017-12-26,5,-9.89,-8.634459,LSTM
2017-12-26,6,-11.88,-5.823021,LSTM
2017-12-26,7,-3.24,-8.34996,LSTM
2017-12-26,8,-9.78,0.9451637,LSTM
2017-12-26,9,0.0,0.4641838,LSTM
2017-12-26,10,-24.33,-2.6266174,LSTM
2017-12-26,11,-31.69,-0.25534058,LSTM
2017-12-26,12,-52.82,-0.7242203,LSTM
2017-12-26,13,-53.42,-0.6129875,LSTM
2017-12-26,14,-18.0,-3.5596218,LSTM
2017-12-26,15,-0.48,0.87168694,LSTM
2017-12-26,16,5.49,9.928852,LSTM
2017-12-26,17,10.66,19.44126,LSTM
2017-12-26,18,13.35,22.133377,LSTM
2017-12-26,19,11.19,18.441673,LSTM
2017-12-26,20,19.0,17.49065,LSTM
2017-12-26,21,18.06,18.486565,LSTM
2017-12-26,22,22.02,21.51422,LSTM
2017-12-26,23,13.46,13.313788,LSTM
2017-12-27,0,25.37,13.960744,LSTM
2017-12-27,1,15.09,12.777,LSTM
2017-12-27,2,13.93,13.603369,LSTM
2017-12-27,3,13.48,11.072328,LSTM
2017-12-27,4,12.74,11.617256,LSTM
2017-12-27,5,13.29,18.091135,LSTM
2017-12-27,6,20.03,23.214794,LSTM
2017-12-27,7,28.62,30.606367,LSTM
2017-12-27,8,32.0,31.627897,LSTM
2017-12-27,9,34.91,34.84589,LSTM
2017-12-27,10,35.3,32.94052,LSTM
2017-12-27,11,42.46,36.287445,LSTM
2017-12-27,12,46.11,36.629826,LSTM
2017-12-27,13,46.01,39.293854,LSTM
2017-12-27,14,46.4,40.190792,LSTM
2017-12-27,15,46.48,43.79074,LSTM
2017-12-27,16,50.9,47.766808,LSTM
2017-12-27,17,56.09,55.75199,LSTM
2017-12-27,18,57.57,59.960686,LSTM
2017-12-27,19,51.33,47.207703,LSTM
2017-12-27,20,42.4,40.07073,LSTM
2017-12-27,21,40.0,37.943054,LSTM
2017-12-27,22,42.24,35.10508,LSTM
2017-12-27,23,31.27,30.973637,LSTM
2017-12-28,0,28.87,34.317432,LSTM
2017-12-28,1,28.12,29.279137,LSTM
2017-12-28,2,27.2,29.6024,LSTM
2017-12-28,3,26.0,27.24623,LSTM
2017-12-28,4,26.33,29.246332,LSTM
2017-12-28,5,28.89,29.185719,LSTM
2017-12-28,6,30.74,32.312725,LSTM
2017-12-28,7,35.98,38.425858,LSTM
2017-12-28,8,38.43,40.956936,LSTM
2017-12-28,9,39.93,41.64532,LSTM
2017-12-28,10,40.12,43.302616,LSTM
2017-12-28,11,39.97,37.595856,LSTM
2017-12-28,12,40.16,37.71492,LSTM
2017-12-28,13,39.24,34.266624,LSTM
2017-12-28,14,36.42,35.982376,LSTM
2017-12-28,15,40.03,36.968864,LSTM
2017-12-28,16,42.98,39.499546,LSTM
2017-12-28,17,43.01,42.162785,LSTM
2017-12-28,18,42.16,36.423878,LSTM
2017-12-28,19,34.93,31.387527,LSTM
2017-12-28,20,25.06,27.397575,LSTM
2017-12-28,21,19.99,25.063614,LSTM
2017-12-28,22,19.22,27.096401,LSTM
2017-12-28,23,5.86,22.477604,LSTM
2017-12-29,0,9.73,5.3692093,LSTM
2017-12-29,1,0.72,1.7842026,LSTM
2017-12-29,2,-0.93,1.3329887,LSTM
2017-12-29,3,1.07,1.0906448,LSTM
2017-12-29,4,1.0,3.1028004,LSTM
2017-12-29,5,2.91,7.0494747,LSTM
2017-12-29,6,3.6,9.30452,LSTM
2017-12-29,7,15.97,16.776169,LSTM
2017-12-29,8,29.69,21.043043,LSTM
2017-12-29,9,30.2,20.587181,LSTM
2017-12-29,10,29.83,19.186337,LSTM
2017-12-29,11,29.47,21.243969,LSTM
2017-12-29,12,29.2,19.888622,LSTM
2017-12-29,13,29.45,17.84959,LSTM
2017-12-29,14,30.02,17.816929,LSTM
2017-12-29,15,31.0,17.861465,LSTM
2017-12-29,16,32.98,22.4985,LSTM
2017-12-29,17,34.95,30.769598,LSTM
2017-12-29,18,32.79,31.423735,LSTM
2017-12-29,19,30.23,24.78425,LSTM
2017-12-29,20,28.49,22.602299,LSTM
2017-12-29,21,26.51,19.202383,LSTM
2017-12-29,22,26.9,20.406265,LSTM
2017-12-29,23,15.06,14.283286,LSTM
2017-12-30,0,16.4,12.610526,LSTM
2017-12-30,1,13.33,7.61619,LSTM
2017-12-30,2,13.25,6.2418976,LSTM
2017-12-30,3,12.04,3.349781,LSTM
2017-12-30,4,11.45,3.614029,LSTM
2017-12-30,5,8.49,2.638979,LSTM
2017-12-30,6,9.83,0.33841133,LSTM
2017-12-30,7,12.07,4.7925014,LSTM
2017-12-30,8,13.41,15.239645,LSTM
2017-12-30,9,16.09,15.9915085,LSTM
2017-12-30,10,18.8,17.033037,LSTM
2017-12-30,11,17.03,16.800716,LSTM
2017-12-30,12,17.67,14.38438,LSTM
2017-12-30,13,15.51,11.507065,LSTM
2017-12-30,14,17.61,9.090008,LSTM
2017-12-30,15,13.22,4.1535187,LSTM
2017-12-30,16,14.02,8.702694,LSTM
2017-12-30,17,16.78,15.480593,LSTM
2017-12-30,18,16.01,13.691963,LSTM
2017-12-30,19,16.18,10.641817,LSTM
2017-12-30,20,11.13,6.7400513,LSTM
2017-12-30,21,4.62,5.8569813,LSTM
2017-12-30,22,4.71,7.108898,LSTM
2017-12-30,23,-0.27,-1.7976742,LSTM
2017-12-31,0,-2.04,-4.6968117,LSTM
2017-12-31,1,-4.99,-10.580141,LSTM
2017-12-31,2,-0.59,-9.892303,LSTM
2017-12-31,3,-3.71,-15.333582,LSTM
2017-12-31,4,0.08,-13.793619,LSTM
2017-12-31,5,1.16,-12.0631275,LSTM
2017-12-31,6,-0.86,-13.57811,LSTM
2017-12-31,7,4.09,-9.831432,LSTM
2017-12-31,8,4.17,0.18234634,LSTM
2017-12-31,9,4.21,-2.2266006,LSTM
2017-12-31,10,9.05,-1.2488899,LSTM
2017-12-31,11,9.2,-1.6188278,LSTM
2017-12-31,12,4.45,-4.9104385,LSTM
2017-12-31,13,2.04,-11.960041,LSTM
2017-12-31,14,0.06,-10.713213,LSTM
2017-12-31,15,0.36,-14.18639,LSTM
2017-12-31,16,1.46,-4.3859215,LSTM
2017-12-31,17,6.14,8.536091,LSTM
2017-12-31,18,9.96,11.532379,LSTM
2017-12-31,19,7.92,11.942139,LSTM
2017-12-31,20,4.06,10.734732,LSTM
2017-12-31,21,5.3,11.685537,LSTM
2017-12-31,22,1.86,12.09959,LSTM
2017-12-31,23,-0.92,3.3339634,LSTM
