origin,hour,y_true,y_pred,model
2016-01-04,0,13.78,23.86,naive
2016-01-04,1,12.77,22.39,naive
2016-01-04,2,10.56,20.59,naive
2016-01-04,3,3.87,16.81,naive
2016-01-04,4,3.2,17.41,naive
2016-01-04,5,8.67,17.02,naive
2016-01-04,6,18.01,15.86,naive
2016-01-04,7,28.52,18.16,naive
2016-01-04,8,34.74,17.73,naive
2016-01-04,9,33.46,19.77,naive
2016-01-04,10,33.24,23.75,naive
2016-01-04,11,35.09,26.03,naive
2016-01-04,12,35.0,27.06,naive
2016-01-04,13,35.0,26.59,naive
2016-01-04,14,34.94,25.0,naive
2016-01-04,15,34.92,24.43,naive
2016-01-04,16,38.0,28.87,naive
2016-01-04,17,41.21,37.44,naive
2016-01-04,18,42.95,37.41,naive
2016-01-04,19,41.96,35.34,naive
2016-01-04,20,34.94,33.07,naive
2016-01-04,21,30.66,29.52,naive
2016-01-04,22,30.0,30.1,naive
2016-01-04,23,23.9,24.57,naive
2016-01-05,0,25.03,13.78,naive
2016-01-05,1,24.42,12.77,naive
2016-01-05,2,22.34,10.56,naive
2016-01-05,3,21.5,3.87,naive
2016-01-05,4,20.0,3.2,naive
2016-01-05,5,23.53,8.67,naive
2016-01-05,6,28.96,18.01,naive
2016-01-05,7,38.32,28.52,naive
2016-01-05,8,41.45,34.74,naive
2016-01-05,9,40.72,33.46,naive
2016-01-05,10,40.66,33.24,naive
2016-01-05,11,40.33,35.09,naive
2016-01-05,12,38.25,35.0,naive
2016-01-05,13,36.98,35.0,naive
2016-01-05,14,34.91,34.94,naive
2016-01-05,15,33.5,34.92,naive
2016-01-05,16,35.1,38.0,naive
2016-01-05,17,42.44,41.21,naive
2016-01-05,18,42.94,42.95,naive
2016-01-05,19,41.74,41.96,naive
2016-01-05,20,36.47,34.94,naive
2016-01-05,21,33.01,30.66,naive
2016-01-05,22,31.75,30.0,naive
2016-01-05,23,26.99,23.9,naive
2016-01-06,0,26.62,25.03,naive
2016-01-06,1,25.58,24.42,naive
2016-01-06,2,24.59,22.34,naive
2016-01-06,3,22.5,21.5,naive
2016-01-06,4,23.16,20.0,naive
2016-01-06,5,24.99,23.53,naive
2016-01-06,6,26.62,28.96,naive
2016-01-06,7,28.03,38.32,naive
2016-01-06,8,29.34,41.45,naive
2016-01-06,9,32.94,40.72,naive
2016-01-06,10,37.71,40.66,naive
2016-01-06,11,40.08,40.33,naive
2016-01-06,12,40.73,38.25,naive
2016-01-06,13,38.26,36.98,naive
2016-01-06,14,35.44,34.91,naive
2016-01-06,15,36.92,33.5,naive
2016-01-06,16,41.28,35.1,naive
2016-01-06,17,44.95,42.44,naive
2016-01-06,18,46.9,42.94,naive
2016-01-06,19,43.95,41.74,naive
2016-01-06,20,39.94,36.47,naive
2016-01-06,21,32.4,33.01,naive
2016-01-06,22,33.51,31.75,naive
2016-01-06,23,30.11,26.99,naive
2016-01-07,0,26.41,26.62,naive
2016-01-07,1,26.05,25.58,naive
2016-01-07,2,24.93,24.59,naive
2016-01-07,3,22.39,22.5,naive
2016-01-07,4,22.32,23.16,naive
2016-01-07,5,24.2,24.99,naive
2016-01-07,6,31.0,26.62,naive
2016-01-07,7,42.47,28.03,naive
2016-01-07,8,42.97,29.34,naive
2016-01-07,9,41.93,32.94,naive
2016-01-07,10,41.62,37.71,naive
2016-01-07,11,41.5,40.08,naive
2016-01-07,12,40.66,40.73,naive
2016-01-07,13,40.33,38.26,naive
2016-01-07,14,36.51,35.44,naive
2016-01-07,15,33.49,36.92,naive
2016-01-07,16,34.19,41.28,naive
2016-01-07,17,40.66,44.95,naive
2016-01-07,18,40.8,46.9,naive
2016-01-07,19,37.19,43.95,naive
2016-01-07,20,31.94,39.94,naive
2016-01-07,21,27.01,32.4,naive
2016-01-07,22,27.52,33.51,naive
2016-01-07,23,23.4,30.11,naive
2016-01-08,0,12.12,26.41,naive
2016-01-08,1,17.23,26.05,naive
2016-01-08,2,13.9,24.93,naive
2016-01-08,3,12.11,22.39,naive
2016-01-08,4,12.99,22.32,naive
2016-01-08,5,16.98,24.2,naive
2016-01-08,6,22.02,31.0,naive
2016-01-08,7,28.4,42.47,naive
2016-01-08,8,29.31,42.97,naive
2016-01-08,9,26.6,41.93,naive
2016-01-08,10,25.55,41.62,naive
2016-01-08,11,25.76,41.5,naive
2016-01-08,12,25.13,40.66,naive
2016-01-08,13,25.58,40.33,naive
2016-01-08,14,27.6,36.51,naive
2016-01-08,15,32.08,33.49,naive
2016-01-08,16,37.16,34.19,naive
2016-01-08,17,45.0,40.66,naive
2016-01-08,18,46.97,40.8,naive
2016-01-08,19,40.09,37.19,naive
2016-01-08,20,34.61,31.94,naive
2016-01-08,21,31.52,27.01,naive
2016-01-08,22,32.5,27.52,naive
2016-01-08,23,26.01,23.4,naive
2016-01-09,0,26.1,22.2,naive
2016-01-09,1,25.1,16.57,naive
2016-01-09,2,24.3,15.35,naive
2016-01-09,3,23.23,12.77,naive
2016-01-09,4,21.96,11.27,naive
2016-01-09,5,22.45,11.91,naive
2016-01-09,6,23.07,12.62,naive
2016-01-09,7,25.0,13.83,naive
2016-01-09,8,32.11,16.12,naive
2016-01-09,9,37.12,18.12,naive
2016-01-09,10,36.13,19.59,naive
2016-01-09,11,35.76,21.07,naive
2016-01-09,12,34.06,22.54,naive
2016-01-09,13,31.54,19.79,naive
2016-01-09,14,27.92,16.9,naive
2016-01-09,15,27.0,16.97,naive
2016-01-09,16,30.5,19.25,naive
2016-01-09,17,36.99,28.01,naive
2016-01-09,18,36.8,28.36,naive
2016-01-09,19,35.0,26.56,naive
2016-01-09,20,29.0,17.38,naive
2016-01-09,21,25.01,15.83,naive
2016-01-09,22,25.1,16.97,naive
2016-01-09,23,22.28,15.31,naive
2016-01-10,0,15.58,6.99,naive
2016-01-10,1,19.05,-0.01,naive
2016-01-10,2,16.87,0.23,naive
2016-01-10,3,12.75,4.51,naive
2016-01-10,4,10.81,4.12,naive
2016-01-10,5,10.85,6.76,naive
2016-01-10,6,9.85,0.75,naive
2016-01-10,7,11.92,4.27,naive
2016-01-10,8,15.44,9.11,naive
2016-01-10,9,18.99,15.92,naive
2016-01-10,10,19.66,17.06,naive
2016-01-10,11,21.59,19.28,naive
2016-01-10,12,21.83,20.25,naive
2016-01-10,13,20.82,17.66,naive
2016-01-10,14,20.06,18.49,naive
2016-01-10,15,21.45,16.51,naive
2016-01-10,16,23.92,18.76,naive
2016-01-10,17,27.93,22.21,naive
2016-01-10,18,35.0,26.76,naive
2016-01-10,19,33.0,27.08,naive
2016-01-10,20,30.03,25.33,naive
2016-01-10,21,26.06,22.11,naive
2016-01-10,22,26.93,20.91,naive
2016-01-10,23,23.12,14.43,naive
2016-01-11,0,21.95,12.12,naive
2016-01-11,1,20.04,17.23,naive
2016-01-11,2,19.78,13.9,naive
2016-01-11,3,19.36,12.11,naive
2016-01-11,4,19.56,12.99,naive
2016-01-11,5,21.67,16.98,naive
2016-01-11,6,28.5,22.02,naive
2016-01-11,7,41.61,28.4,naive
2016-01-11,8,45.93,29.31,naive
2016-01-11,9,44.0,26.6,naive
2016-01-11,10,41.94,25.55,naive
2016-01-11,11,41.96,25.76,naive
2016-01-11,12,42.33,25.13,naive
2016-01-11,13,42.1,25.58,naive
2016-01-11,14,39.88,27.6,naive
2016-01-11,15,37.5,32.08,naive
2016-01-11,16,37.95,37.16,naive
2016-01-11,17,44.69,45.0,naive
2016-01-11,18,42.88,46.97,naive
2016-01-11,19,40.0,40.09,naive
2016-01-11,20,33.09,34.61,naive
2016-01-11,21,27.93,31.52,naive
2016-01-11,22,28.0,32.5,naive
2016-01-11,23,24.14,26.01,naive
2016-01-12,0,21.51,21.95,naive
2016-01-12,1,19.81,20.04,naive
2016-01-12,2,19.1,19.78,naive
2016-01-12,3,15.74,19.36,naive
2016-01-12,4,15.54,19.56,naive
2016-01-12,5,20.19,21.67,naive
2016-01-12,6,24.38,28.5,naive
2016-01-12,7,35.92,41.61,naive
2016-01-12,8,40.5,45.93,naive
2016-01-12,9,41.0,44.0,naive
2016-01-12,10,38.66,41.94,naive
2016-01-12,11,36.46,41.96,naive
2016-01-12,12,35.0,42.33,naive
2016-01-12,13,33.3,42.1,naive
2016-01-12,14,32.21,39.88,naive
2016-01-12,15,33.0,37.5,naive
2016-01-12,16,36.08,37.95,naive
2016-01-12,17,41.94,44.69,naive
2016-01-12,18,40.33,42.88,naive
2016-01-12,19,29.69,40.0,naive
2016-01-12,20,26.05,33.09,naive
2016-01-12,21,24.76,27.93,naive
2016-01-12,22,24.03,28.0,naive
2016-01-12,23,21.51,24.14,naive
2016-01-13,0,21.0,21.51,naive
2016-01-13,1,19.66,19.81,naive
2016-01-13,2,18.13,19.1,naive
2016-01-13,3,15.3,15.74,naive
2016-01-13,4,18.05,15.54,naive
2016-01-13,5,20.83,20.19,naive
2016-01-13,6,24.1,24.38,naive
2016-01-13,7,27.87,35.92,naive
2016-01-13,8,29.98,40.5,naive
2016-01-13,9,30.73,41.0,naive
2016-01-13,10,31.45,38.66,naive
2016-01-13,11,33.56,36.46,naive
2016-01-13,12,33.99,35.0,naive
2016-01-13,13,34.09,33.3,naive
2016-01-13,14,34.02,32.21,naive
2016-01-13,15,37.44,33.0,naive
2016-01-13,16,39.58,36.08,naive
2016-01-13,17,43.0,41.94,naive
2016-01-13,18,42.22,40.33,naive
2016-01-13,19,38.86,29.69,naive
2016-01-13,20,29.62,26.05,naive
2016-01-13,21,26.97,24.76,naive
2016-01-13,22,25.88,24.03,naive
2016-01-13,23,23.52,21.51,naive
2016-01-14,0,24.29,21.0,naive
2016-01-14,1,23.06,19.66,naive
2016-01-14,2,22.22,18.13,naive
2016-01-14,3,22.03,15.3,naive
2016-01-14,4,22.53,18.05,naive
2016-01-14,5,23.9,20.83,naive
2016-01-14,6,29.99,24.1,naive
2016-01-14,7,44.07,27.87,naive
2016-01-14,8,44.99,29.98,naive
2016-01-14,9,41.39,30.73,naive
2016-01-14,10,34.95,31.45,naive
2016-01-14,11,33.18,33.56,naive
2016-01-14,12,31.17,33.99,naive
2016-01-14,13,33.52,34.09,naive
2016-01-14,14,39.97,34.02,naive
2016-01-14,15,42.99,37.44,naive
2016-01-14,16,42.34,39.58,naive
2016-01-14,17,45.5,43.0,naive
2016-01-14,18,41.06,42.22,naive
2016-01-14,19,40.02,38.86,naive
2016-01-14,20,38.34,29.62,naive
2016-01-14,21,30.86,26.97,naive
2016-01-14,22,28.16,25.88,naive
2016-01-14,23,25.73,23.52,naive
2016-01-15,0,24.58,24.29,naive
2016-01-15,1,25.03,23.06,naive
2016-01-15,2,24.36,22.22,naive
2016-01-15,3,23.5,22.03,naive
2016-01-15,4,22.94,22.53,naive
2016-01-15,5,23.17,23.9,naive
2016-01-15,6,26.35,29.99,naive
2016-01-15,7,40.9,44.07,naive
2016-01-15,8,45.21,44.99,naive
2016-01-15,9,45.46,41.39,naive
2016-01-15,10,45.99,34.95,naive
2016-01-15,11,46.95,33.18,naive
2016-01-15,12,44.0,31.17,naive
2016-01-15,13,42.05,33.52,naive
2016-01-15,14,39.99,39.97,naive
2016-01-15,15,37.65,42.99,naive
2016-01-15,16,38.0,42.34,naive
2016-01-15,17,45.26,45.5,naive
2016-01-15,18,48.04,41.06,naive
2016-01-15,19,44.36,40.02,naive
2016-01-15,20,34.38,38.34,naive
2016-01-15,21,29.34,30.86,naive
2016-01-15,22,27.17,28.16,naive
2016-01-15,23,25.02,25.73,naive
2016-01-16,0,27.13,26.1,naive
2016-01-16,1,26.37,25.1,naive
2016-01-16,2,25.58,24.3,naive
2016-01-16,3,24.73,23.23,naive
2016-01-16,4,24.08,21.96,naive
2016-01-16,5,25.32,22.45,naive
2016-01-16,6,24.77,23.07,naive
2016-01-16,7,25.03,25.0,naive
2016-01-16,8,27.55,32.11,naive
2016-01-16,9,32.4,37.12,naive
2016-01-16,10,34.21,36.13,naive
2016-01-16,11,33.23,35.76,naive
2016-01-16,12,29.16,34.06,naive
2016-01-16,13,26.31,31.54,naive
2016-01-16,14,25.47,27.92,naive
2016-01-16,15,25.6,27.0,naive
2016-01-16,16,30.15,30.5,naive
2016-01-16,17,39.77,36.99,naive
2016-01-16,18,40.03,36.8,naive
2016-01-16,19,30.99,35.0,naive
2016-01-16,20,26.19,29.0,naive
2016-01-16,21,25.9,25.01,naive
2016-01-16,22,25.53,25.1,naive
2016-01-16,23,24.12,22.28,naive
2016-01-17,0,20.86,15.58,naive
2016-01-17,1,20.25,19.05,naive
2016-01-17,2,20.76,16.87,naive
2016-01-17,3,20.97,12.75,naive
2016-01-17,4,20.89,10.81,naive
2016-01-17,5,20.94,10.85,naive
2016-01-17,6,19.64,9.85,naive
2016-01-17,7,22.35,11.92,naive
2016-01-17,8,23.52,15.44,naive
2016-01-17,9,26.54,18.99,naive
2016-01-17,10,30.11,19.66,naive
2016-01-17,11,36.29,21.59,naive
2016-01-17,12,32.44,21.83,naive
2016-01-17,13,26.93,20.82,naive
2016-01-17,14,26.19,20.06,naive
2016-01-17,15,27.07,21.45,naive
2016-01-17,16,31.94,23.92,naive
2016-01-17,17,39.49,27.93,naive
2016-01-17,18,42.8,35.0,naive
2016-01-17,19,39.23,33.0,naive
2016-01-17,20,33.3,30.03,naive
2016-01-17,21,27.04,26.06,naive
2016-01-17,22,27.05,26.93,naive
2016-01-17,23,24.99,23.12,naive
2016-01-18,0,23.96,24.58,naive
2016-01-18,1,23.47,25.03,naive
2016-01-18,2,23.56,24.36,naive
2016-01-18,3,23.48,23.5,naive
2016-01-18,4,23.51,22.94,naive
2016-01-18,5,24.25,23.17,naive
2016-01-18,6,27.61,26.35,naive
2016-01-18,7,46.01,40.9,naive
2016-01-18,8,49.98,45.21,naive
2016-01-18,9,50.54,45.46,naive
2016-01-18,10,49.91,45.99,naive
2016-01-18,11,48.44,46.95,naive
2016-01-18,12,46.93,44.0,naive
2016-01-18,13,46.32,42.05,naive
2016-01-18,14,45.76,39.99,naive
2016-01-18,15,49.53,37.65,naive
2016-01-18,16,49.66,38.0,naive
2016-01-18,17,62.55,45.26,naive
2016-01-18,18,56.07,48.04,naive
2016-01-18,19,47.18,44.36,naive
2016-01-18,20,35.09,34.38,naive
2016-01-18,21,26.95,29.34,naive
2016-01-18,22,26.94,27.17,naive
2016-01-18,23,25.09,25.02,naive
2016-01-19,0,31.95,23.96,naive
2016-01-19,1,32.16,23.47,naive
2016-01-19,2,28.97,23.56,naive
2016-01-19,3,30.01,23.48,naive
2016-01-19,4,30.45,23.51,naive
2016-01-19,5,27.01,24.25,naive
2016-01-19,6,31.9,27.61,naive
2016-01-19,7,54.1,46.01,naive
2016-01-19,8,64.9,49.98,naive
2016-01-19,9,65.35,50.54,naive
2016-01-19,10,61.31,49.91,naive
2016-01-19,11,61.43,48.44,naive
2016-01-19,12,58.98,46.93,naive
2016-01-19,13,58.53,46.32,naive
2016-01-19,14,55.81,45.76,naive
2016-01-19,15,55.5,49.53,naive
2016-01-19,16,56.21,49.66,naive
2016-01-19,17,70.07,62.55,naive
2016-01-19,18,74.97,56.07,naive
2016-01-19,19,57.56,47.18,naive
2016-01-19,20,48.24,35.09,naive
2016-01-19,21,37.98,26.95,naive
2016-01-19,22,33.67,26.94,naive
2016-01-19,23,29.79,25.09,naive
2016-01-20,0,26.05,31.95,naive
2016-01-20,1,26.17,32.16,naive
2016-01-20,2,26.42,28.97,naive
2016-01-20,3,25.36,30.01,naive
2016-01-20,4,25.76,30.45,naive
2016-01-20,5,26.54,27.01,naive
2016-01-20,6,32.7,31.9,naive
2016-01-20,7,55.08,54.1,naive
2016-01-20,8,61.08,64.9,naive
2016-01-20,9,58.43,65.35,naive
2016-01-20,10,58.97,61.31,naive
2016-01-20,11,56.14,61.43,naive
2016-01-20,12,58.6,58.98,naive
2016-01-20,13,57.58,58.53,naive
2016-01-20,14,54.95,55.81,naive
2016-01-20,15,52.42,55.5,naive
2016-01-20,16,72.01,56.21,naive
2016-01-20,17,92.75,70.07,naive
2016-01-20,18,79.09,74.97,naive
2016-01-20,19,70.03,57.56,naive
2016-01-20,20,50.1,48.24,naive
2016-01-20,21,40.06,37.98,naive
2016-01-20,22,33.52,33.67,naive
2016-01-20,23,29.63,29.79,naive
2016-01-21,0,29.65,26.05,naive
2016-01-21,1,27.82,26.17,naive
2016-01-21,2,26.65,26.42,naive
2016-01-21,3,26.96,25.36,naive
2016-01-21,4,27.47,25.76,naive
2016-01-21,5,29.09,26.54,naive
2016-01-21,6,40.78,32.7,naive
2016-01-21,7,70.01,55.08,naive
2016-01-21,8,85.05,61.08,naive
2016-01-21,9,83.54,58.43,naive
2016-01-21,10,74.94,58.97,naive
2016-01-21,11,70.12,56.14,naive
2016-01-21,12,59.91,58.6,naive
2016-01-21,13,57.69,57.58,naive
2016-01-21,14,57.99,54.95,naive
2016-01-21,15,61.05,52.42,naive
2016-01-21,16,57.43,72.01,naive
2016-01-21,17,77.13,92.75,naive
2016-01-21,18,86.01,79.09,naive
2016-01-21,19,60.13,70.03,naive
2016-01-21,20,50.09,50.1,naive
2016-01-21,21,35.47,40.06,naive
2016-01-21,22,30.36,33.52,naive
2016-01-21,23,26.97,29.63,naive
2016-01-22,0,28.05,29.65,naive
2016-01-22,1,27.92,27.82,naive
2016-01-22,2,26.78,26.65,naive
2016-01-22,3,26.57,26.96,naive
2016-01-22,4,27.02,27.47,naive
2016-01-22,5,28.07,29.09,naive
2016-01-22,6,30.82,40.78,naive
2016-01-22,7,48.46,70.01,naive
2016-01-22,8,52.5,85.05,naive
2016-01-22,9,48.66,83.54,naive
2016-01-22,10,45.11,74.94,naive
2016-01-22,11,44.96,70.12,naive
2016-01-22,12,42.06,59.91,naive
2016-01-22,13,37.02,57.69,naive
2016-01-22,14,32.27,57.99,naive
2016-01-22,15,32.65,61.05,naive
2016-01-22,16,32.84,57.43,naive
2016-01-22,17,34.83,77.13,naive
2016-01-22,18,28.3,86.01,naive
2016-01-22,19,26.88,60.13,naive
2016-01-22,20,25.46,50.09,naive
2016-01-22,21,24.88,35.47,naive
2016-01-22,22,24.28,30.36,naive
2016-01-22,23,22.63,26.97,naive
2016-01-23,0,24.44,27.13,naive
2016-01-23,1,24.02,26.37,naive
2016-01-23,2,23.03,25.58,naive
2016-01-23,3,22.99,24.73,naive
2016-01-23,4,22.68,24.08,naive
2016-01-23,5,22.44,25.32,naive
2016-01-23,6,21.46,24.77,naive
2016-01-23,7,23.35,25.03,naive
2016-01-23,8,24.68,27.55,naive
2016-01-23,9,28.9,32.4,naive
2016-01-23,10,31.32,34.21,naive
2016-01-23,11,34.75,33.23,naive
2016-01-23,12,34.39,29.16,naive
2016-01-23,13,30.45,26.31,naive
2016-01-23,14,28.04,25.47,naive
2016-01-23,15,29.1,25.6,naive
2016-01-23,16,29.7,30.15,naive
2016-01-23,17,36.97,39.77,naive
2016-01-23,18,42.6,40.03,naive
2016-01-23,19,35.83,30.99,naive
2016-01-23,20,28.84,26.19,naive
2016-01-23,21,25.4,25.9,naive
2016-01-23,22,26.27,25.53,naive
2016-01-23,23,27.06,24.12,naive
2016-01-24,0,24.08,20.86,naive
2016-01-24,1,23.99,20.25,naive
2016-01-24,2,24.83,20.76,naive
2016-01-24,3,23.24,20.97,naive
2016-01-24,4,22.54,20.89,naive
2016-01-24,5,23.41,20.94,naive
2016-01-24,6,21.41,19.64,naive
2016-01-24,7,21.4,22.35,naive
2016-01-24,8,22.12,23.52,naive
2016-01-24,9,24.63,26.54,naive
2016-01-24,10,27.05,30.11,naive
2016-01-24,11,32.66,36.29,naive
2016-01-24,12,28.94,32.44,naive
2016-01-24,13,26.04,26.93,naive
2016-01-24,14,24.84,26.19,naive
2016-01-24,15,23.99,27.07,naive
2016-01-24,16,25.04,31.94,naive
2016-01-24,17,32.88,39.49,naive
2016-01-24,18,36.09,42.8,naive
2016-01-24,19,35.87,39.23,naive
2016-01-24,20,31.7,33.3,naive
2016-01-24,21,26.0,27.04,naive
2016-01-24,22,27.09,27.05,naive
2016-01-24,23,22.44,24.99,naive
2016-01-25,0,20.07,28.05,naive
2016-01-25,1,19.65,27.92,naive
2016-01-25,2,19.68,26.78,naive
2016-01-25,3,19.98,26.57,naive
2016-01-25,4,20.33,27.02,naive
2016-01-25,5,21.32,28.07,naive
2016-01-25,6,25.01,30.82,naive
2016-01-25,7,34.94,48.46,naive
2016-01-25,8,35.0,52.5,naive
2016-01-25,9,36.04,48.66,naive
2016-01-25,10,36.62,45.11,naive
2016-01-25,11,35.6,44.96,naive
2016-01-25,12,34.75,42.06,naive
2016-01-25,13,32.26,37.02,naive
2016-01-25,14,30.61,32.27,naive
2016-01-25,15,29.73,32.65,naive
2016-01-25,16,31.17,32.84,naive
2016-01-25,17,34.96,34.83,naive
2016-01-25,18,36.33,28.3,naive
2016-01-25,19,31.96,26.88,naive
2016-01-25,20,26.8,25.46,naive
2016-01-25,21,25.32,24.88,naive
2016-01-25,22,23.93,24.28,naive
2016-01-25,23,18.11,22.63,naive
2016-01-26,0,20.23,20.07,naive
2016-01-26,1,18.02,19.65,naive
2016-01-26,2,15.9,19.68,naive
2016-01-26,3,15.91,19.98,naive
2016-01-26,4,17.1,20.33,naive
2016-01-26,5,21.8,21.32,naive
2016-01-26,6,27.09,25.01,naive
2016-01-26,7,34.13,34.94,naive
2016-01-26,8,38.11,35.0,naive
2016-01-26,9,32.31,36.04,naive
2016-01-26,10,29.99,36.62,naive
2016-01-26,11,29.55,35.6,naive
2016-01-26,12,28.52,34.75,naive
2016-01-26,13,29.33,32.26,naive
2016-01-26,14,27.97,30.61,naive
2016-01-26,15,30.09,29.73,naive
2016-01-26,16,30.62,31.17,naive
2016-01-26,17,32.87,34.96,naive
2016-01-26,18,29.27,36.33,naive
2016-01-26,19,24.94,31.96,naive
2016-01-26,20,23.17,26.8,naive
2016-01-26,21,21.66,25.32,naive
2016-01-26,22,20.24,23.93,naive
2016-01-26,23,13.43,18.11,naive
2016-01-27,0,10.97,20.23,naive
2016-01-27,1,3.18,18.02,naive
2016-01-27,2,0.05,15.9,naive
2016-01-27,3,0.13,15.91,naive
2016-01-27,4,8.82,17.1,naive
2016-01-27,5,13.3,21.8,naive
2016-01-27,6,17.33,27.09,naive
2016-01-27,7,22.97,34.13,naive
2016-01-27,8,23.93,38.11,naive
2016-01-27,9,28.95,32.31,naive
2016-01-27,10,29.94,29.99,naive
2016-01-27,11,25.55,29.55,naive
2016-01-27,12,24.12,28.52,naive
2016-01-27,13,22.95,29.33,naive
2016-01-27,14,20.95,27.97,naive
2016-01-27,15,23.91,30.09,naive
2016-01-27,16,23.97,30.62,naive
2016-01-27,17,28.93,32.87,naive
2016-01-27,18,30.98,29.27,naive
2016-01-27,19,29.07,24.94,naive
2016-01-27,20,21.5,23.17,naive
2016-01-27,21,19.06,21.66,naive
2016-01-27,22,16.34,20.24,naive
2016-01-27,23,13.96,13.43,naive
2016-01-28,0,14.5,10.97,naive
2016-01-28,1,12.83,3.18,naive
2016-01-28,2,12.88,0.05,naive
2016-01-28,3,12.14,0.13,naive
2016-01-28,4,13.2,8.82,naive
2016-01-28,5,17.39,13.3,naive
2016-01-28,6,23.41,17.33,naive
2016-01-28,7,28.49,22.97,naive
2016-01-28,8,30.96,23.93,naive
2016-01-28,9,29.97,28.95,naive
2016-01-28,10,29.07,29.94,naive
2016-01-28,11,25.21,25.55,naive
2016-01-28,12,24.01,24.12,naive
2016-01-28,13,25.56,22.95,naive
2016-01-28,14,26.73,20.95,naive
2016-01-28,15,31.02,23.91,naive
2016-01-28,16,33.58,23.97,naive
2016-01-28,17,39.05,28.93,naive
2016-01-28,18,46.02,30.98,naive
2016-01-28,19,36.56,29.07,naive
2016-01-28,20,32.12,21.5,naive
2016-01-28,21,27.45,19.06,naive
2016-01-28,22,26.31,16.34,naive
2016-01-28,23,20.79,13.96,naive
2016-01-29,0,21.1,14.5,naive
2016-01-29,1,19.53,12.83,naive
2016-01-29,2,19.06,12.88,naive
2016-01-29,3,18.08,12.14,naive
2016-01-29,4,15.96,13.2,naive
2016-01-29,5,18.01,17.39,naive
2016-01-29,6,26.0,23.41,naive
2016-01-29,7,34.89,28.49,naive
2016-01-29,8,36.06,30.96,naive
2016-01-29,9,34.94,29.97,naive
2016-01-29,10,29.91,29.07,naive
2016-01-29,11,25.43,25.21,naive
2016-01-29,12,21.83,24.01,naive
2016-01-29,13,20.03,25.56,naive
2016-01-29,14,19.1,26.73,naive
2016-01-29,15,19.39,31.02,naive
2016-01-29,16,22.54,33.58,naive
2016-01-29,17,27.43,39.05,naive
2016-01-29,18,25.99,46.02,naive
2016-01-29,19,25.18,36.56,naive
2016-01-29,20,21.11,32.12,naive
2016-01-29,21,17.08,27.45,naive
2016-01-29,22,14.6,26.31,naive
2016-01-29,23,10.29,20.79,naive
2016-01-30,0,14.08,24.44,naive
2016-01-30,1,8.4,24.02,naive
2016-01-30,2,0.79,23.03,naive
2016-01-30,3,0.0,22.99,naive
2016-01-30,4,-0.02,22.68,naive
2016-01-30,5,-0.04,22.44,naive
2016-01-30,6,-2.97,21.46,naive
2016-01-30,7,8.51,23.35,naive
2016-01-30,8,12.42,24.68,naive
2016-01-30,9,13.78,28.9,naive
2016-01-30,10,14.22,31.32,naive
2016-01-30,11,14.69,34.75,naive
2016-01-30,12,14.27,34.39,naive
2016-01-30,13,14.6,30.45,naive
2016-01-30,14,14.28,28.04,naive
2016-01-30,15,15.37,29.1,naive
2016-01-30,16,16.03,29.7,naive
2016-01-30,17,18.67,36.97,naive
2016-01-30,18,27.78,42.6,naive
2016-01-30,19,22.16,35.83,naive
2016-01-30,20,18.53,28.84,naive
2016-01-30,21,16.21,25.4,naive
2016-01-30,22,15.49,26.27,naive
2016-01-30,23,12.0,27.06,naive
2016-01-31,0,8.43,24.08,naive
2016-01-31,1,3.04,23.99,naive
2016-01-31,2,5.09,24.83,naive
2016-01-31,3,0.85,23.24,naive
2016-01-31,4,-0.27,22.54,naive
2016-01-31,5,0.03,23.41,naive
2016-01-31,6,0.08,21.41,naive
2016-01-31,7,6.04,21.4,naive
2016-01-31,8,8.33,22.12,naive
2016-01-31,9,10.59,24.63,naive
2016-01-31,10,11.91,27.05,naive
2016-01-31,11,14.68,32.66,naive
2016-01-31,12,16.18,28.94,naive
2016-01-31,13,12.5,26.04,naive
2016-01-31,14,13.96,24.84,naive
2016-01-31,15,13.89,23.99,naive
2016-01-31,16,16.08,25.04,naive
2016-01-31,17,21.44,32.88,naive
2016-01-31,18,26.28,36.09,naive
2016-01-31,19,25.48,35.87,naive
2016-01-31,20,21.34,31.7,naive
2016-01-31,21,18.04,26.0,naive
2016-01-31,22,18.79,27.09,naive
2016-01-31,23,16.45,22.44,naive
2016-02-01,0,16.31,21.1,naive
2016-02-01,1,14.42,19.53,naive
2016-02-01,2,15.07,19.06,naive
2016-02-01,3,13.27,18.08,naive
2016-02-01,4,13.87,15.96,naive
2016-02-01,5,14.26,18.01,naive
2016-02-01,6,23.93,26.0,naive
2016-02-01,7,35.9,34.89,naive
2016-02-01,8,37.99,36.06,naive
2016-02-01,9,36.05,34.94,naive
2016-02-01,10,33.34,29.91,naive
2016-02-01,11,29.24,25.43,naive
2016-02-01,12,24.99,21.83,naive
2016-02-01,13,21.96,20.03,naive
2016-02-01,14,18.34,19.1,naive
2016-02-01,15,17.97,19.39,naive
2016-02-01,16,18.24,22.54,naive
2016-02-01,17,23.37,27.43,naive
2016-02-01,18,23.95,25.99,naive
2016-02-01,19,22.65,25.18,naive
2016-02-01,20,17.75,21.11,naive
2016-02-01,21,14.63,17.08,naive
2016-02-01,22,14.16,14.6,naive
2016-02-01,23,8.44,10.29,naive
2016-02-02,0,4.06,16.31,naive
2016-02-02,1,0.3,14.42,naive
2016-02-02,2,-2.66,15.07,naive
2016-02-02,3,-1.92,13.27,naive
2016-02-02,4,0.09,13.87,naive
2016-02-02,5,9.52,14.26,naive
2016-02-02,6,15.68,23.93,naive
2016-02-02,7,22.92,35.9,naive
2016-02-02,8,22.99,37.99,naive
2016-02-02,9,22.15,36.05,naive
2016-02-02,10,22.16,33.34,naive
2016-02-02,11,22.53,29.24,naive
2016-02-02,12,22.08,24.99,naive
2016-02-02,13,22.09,21.96,naive
2016-02-02,14,22.19,18.34,naive
2016-02-02,15,23.35,17.97,naive
2016-02-02,16,23.31,18.24,naive
2016-02-02,17,28.42,23.37,naive
2016-02-02,18,29.99,23.95,naive
2016-02-02,19,24.61,22.65,naive
2016-02-02,20,22.51,17.75,naive
2016-02-02,21,17.59,14.63,naive
2016-02-02,22,14.18,14.16,naive
2016-02-02,23,9.53,8.44,naive
2016-02-03,0,13.75,4.06,naive
2016-02-03,1,11.58,0.3,naive
2016-02-03,2,8.09,-2.66,naive
2016-02-03,3,6.93,-1.92,naive
2016-02-03,4,9.04,0.09,naive
2016-02-03,5,13.74,9.52,naive
2016-02-03,6,21.41,15.68,naive
2016-02-03,7,33.25,22.92,naive
2016-02-03,8,35.0,22.99,naive
2016-02-03,9,33.96,22.15,naive
2016-02-03,10,25.44,22.16,naive
2016-02-03,11,22.93,22.53,naive
2016-02-03,12,21.46,22.08,naive
2016-02-03,13,20.95,22.09,naive
2016-02-03,14,22.93,22.19,naive
2016-02-03,15,23.02,23.35,naive
2016-02-03,16,26.4,23.31,naive
2016-02-03,17,32.62,28.42,naive
2016-02-03,18,36.69,29.99,naive
2016-02-03,19,36.19,24.61,naive
2016-02-03,20,30.13,22.51,naive
2016-02-03,21,23.75,17.59,naive
2016-02-03,22,22.41,14.18,naive
2016-02-03,23,17.13,9.53,naive
2016-02-04,0,18.04,13.75,naive
2016-02-04,1,16.38,11.58,naive
2016-02-04,2,15.99,8.09,naive
2016-02-04,3,15.29,6.93,naive
2016-02-04,4,13.93,9.04,naive
2016-02-04,5,17.01,13.74,naive
2016-02-04,6,22.43,21.41,naive
2016-02-04,7,31.96,33.25,naive
2016-02-04,8,30.91,35.0,naive
2016-02-04,9,27.93,33.96,naive
2016-02-04,10,29.19,25.44,naive
2016-02-04,11,30.22,22.93,naive
2016-02-04,12,27.97,21.46,naive
2016-02-04,13,26.87,20.95,naive
2016-02-04,14,25.85,22.93,naive
2016-02-04,15,27.94,23.02,naive
2016-02-04,16,27.81,26.4,naive
2016-02-04,17,35.0,32.62,naive
2016-02-04,18,42.18,36.69,naive
2016-02-04,19,39.01,36.19,naive
2016-02-04,20,32.04,30.13,naive
2016-02-04,21,26.96,23.75,naive
2016-02-04,22,27.83,22.41,naive
2016-02-04,23,23.98,17.13,naive
2016-02-05,0,24.61,18.04,naive
2016-02-05,1,23.0,16.38,naive
2016-02-05,2,22.22,15.99,naive
2016-02-05,3,20.1,15.29,naive
2016-02-05,4,21.18,13.93,naive
2016-02-05,5,21.18,17.01,naive
2016-02-05,6,25.97,22.43,naive
2016-02-05,7,33.92,31.96,naive
2016-02-05,8,37.48,30.91,naive
2016-02-05,9,35.25,27.93,naive
2016-02-05,10,36.5,29.19,naive
2016-02-05,11,35.94,30.22,naive
2016-02-05,12,34.36,27.97,naive
2016-02-05,13,31.95,26.87,naive
2016-02-05,14,27.74,25.85,naive
2016-02-05,15,25.33,27.94,naive
2016-02-05,16,24.78,27.81,naive
2016-02-05,17,29.96,35.0,naive
2016-02-05,18,33.09,42.18,naive
2016-02-05,19,28.01,39.01,naive
2016-02-05,20,25.7,32.04,naive
2016-02-05,21,23.12,26.96,naive
2016-02-05,22,24.55,27.83,naive
2016-02-05,23,22.71,23.98,naive
2016-02-06,0,18.18,14.08,naive
2016-02-06,1,15.55,8.4,naive
2016-02-06,2,16.01,0.79,naive
2016-02-06,3,14.33,0.0,naive
2016-02-06,4,13.78,-0.02,naive
2016-02-06,5,13.98,-0.04,naive
2016-02-06,6,15.05,-2.97,naive
2016-02-06,7,16.08,8.51,naive
2016-02-06,8,18.02,12.42,naive
2016-02-06,9,19.34,13.78,naive
2016-02-06,10,17.1,14.22,naive
2016-02-06,11,16.5,14.69,naive
2016-02-06,12,16.09,14.27,naive
2016-02-06,13,15.11,14.6,naive
2016-02-06,14,13.99,14.28,naive
2016-02-06,15,15.29,15.37,naive
2016-02-06,16,17.01,16.03,naive
2016-02-06,17,19.97,18.67,naive
2016-02-06,18,23.15,27.78,naive
2016-02-06,19,21.02,22.16,naive
2016-02-06,20,16.07,18.53,naive
2016-02-06,21,12.71,16.21,naive
2016-02-06,22,15.04,15.49,naive
2016-02-06,23,11.74,12.0,naive
2016-02-07,0,5.01,8.43,naive
2016-02-07,1,5.98,3.04,naive
2016-02-07,2,5.62,5.09,naive
2016-02-07,3,3.05,0.85,naive
2016-02-07,4,0.93,-0.27,naive
2016-02-07,5,0.08,0.03,naive
2016-02-07,6,-0.92,0.08,naive
2016-02-07,7,1.13,6.04,naive
2016-02-07,8,5.74,8.33,naive
2016-02-07,9,8.01,10.59,naive
2016-02-07,10,12.92,11.91,naive
2016-02-07,11,13.79,14.68,naive
2016-02-07,12,13.84,16.18,naive
2016-02-07,13,12.19,12.5,naive
2016-02-07,14,11.76,13.96,naive
2016-02-07,15,10.01,13.89,naive
2016-02-07,16,13.32,16.08,naive
2016-02-07,17,16.64,21.44,naive
2016-02-07,18,22.17,26.28,naive
2016-02-07,19,17.28,25.48,naive
2016-02-07,20,17.88,21.34,naive
2016-02-07,21,13.79,18.04,naive
2016-02-07,22,15.04,18.79,naive
2016-02-07,23,9.29,16.45,naive
2016-02-08,0,10.02,24.61,naive
2016-02-08,1,7.99,23.0,naive
2016-02-08,2,5.24,22.22,naive
2016-02-08,3,1.16,20.1,naive
2016-02-08,4,1.4,21.18,naive
2016-02-08,5,7.32,21.18,naive
2016-02-08,6,12.32,25.97,naive
2016-02-08,7,16.17,33.92,naive
2016-02-08,8,16.55,37.48,naive
2016-02-08,9,16.41,35.25,naive
2016-02-08,10,16.56,36.5,naive
2016-02-08,11,16.61,35.94,naive
2016-02-08,12,16.35,34.36,naive
2016-02-08,13,16.1,31.95,naive
2016-02-08,14,16.15,27.74,naive
2016-02-08,15,16.35,25.33,naive
2016-02-08,16,15.94,24.78,naive
2016-02-08,17,20.88,29.96,naive
2016-02-08,18,27.26,33.09,naive
2016-02-08,19,21.02,28.01,naive
2016-02-08,20,15.24,25.7,naive
2016-02-08,21,12.52,23.12,naive
2016-02-08,22,12.11,24.55,naive
2016-02-08,23,9.72,22.71,naive
2016-02-09,0,-19.94,10.02,naive
2016-02-09,1,-12.34,7.99,naive
2016-02-09,2,-19.95,5.24,naive
2016-02-09,3,-19.3,1.16,naive
2016-02-09,4,-5.52,1.4,naive
2016-02-09,5,2.79,7.32,naive
2016-02-09,6,16.98,12.32,naive
2016-02-09,7,19.75,16.17,naive
2016-02-09,8,23.43,16.55,naive
2016-02-09,9,20.99,16.41,naive
2016-02-09,10,23.9,16.56,naive
2016-02-09,11,24.93,16.61,naive
2016-02-09,12,27.03,16.35,naive
2016-02-09,13,28.69,16.1,naive
2016-02-09,14,27.44,16.15,naive
2016-02-09,15,26.97,16.35,naive
2016-02-09,16,27.24,15.94,naive
2016-02-09,17,31.01,20.88,naive
2016-02-09,18,39.98,27.26,naive
2016-02-09,19,34.06,21.02,naive
2016-02-09,20,28.77,15.24,naive
2016-02-09,21,23.97,12.52,naive
2016-02-09,22,20.78,12.11,naive
2016-02-09,23,15.99,9.72,naive
2016-02-10,0,13.08,-19.94,naive
2016-02-10,1,13.68,-12.34,naive
2016-02-10,2,13.06,-19.95,naive
2016-02-10,3,13.41,-19.3,naive
2016-02-10,4,14.3,-5.52,naive
2016-02-10,5,16.2,2.79,naive
2016-02-10,6,22.8,16.98,naive
2016-02-10,7,30.59,19.75,naive
2016-02-10,8,32.05,23.43,naive
2016-02-10,9,32.42,20.99,naive
2016-02-10,10,30.94,23.9,naive
2016-02-10,11,29.98,24.93,naive
2016-02-10,12,25.97,27.03,naive
2016-02-10,13,27.74,28.69,naive
2016-02-10,14,27.44,27.44,naive
2016-02-10,15,27.77,26.97,naive
2016-02-10,16,28.68,27.24,naive
2016-02-10,17,32.1,31.01,naive
2016-02-10,18,36.59,39.98,naive
2016-02-10,19,29.44,34.06,naive
2016-02-10,20,23.18,28.77,naive
2016-02-10,21,21.66,23.97,naive
2016-02-10,22,21.94,20.78,naive
2016-02-10,23,18.88,15.99,naive
2016-02-11,0,17.72,13.08,naive
2016-02-11,1,17.46,13.68,naive
2016-02-11,2,16.91,13.06,naive
2016-02-11,3,16.97,13.41,naive
2016-02-11,4,17.66,14.3,naive
2016-02-11,5,18.55,16.2,naive
2016-02-11,6,20.84,22.8,naive
2016-02-11,7,30.82,30.59,naive
2016-02-11,8,25.34,32.05,naive
2016-02-11,9,22.84,32.42,naive
2016-02-11,10,21.12,30.94,naive
2016-02-11,11,24.74,29.98,naive
2016-02-11,12,23.72,25.97,naive
2016-02-11,13,23.01,27.74,naive
2016-02-11,14,21.03,27.44,naive
2016-02-11,15,30.0,27.77,naive
2016-02-11,16,31.58,28.68,naive
2016-02-11,17,36.0,32.1,naive
2016-02-11,18,41.02,36.59,naive
2016-02-11,19,41.34,29.44,naive
2016-02-11,20,32.98,23.18,naive
2016-02-11,21,29.96,21.66,naive
2016-02-11,22,29.46,21.94,naive
2016-02-11,23,26.1,18.88,naive
2016-02-12,0,22.81,17.72,naive
2016-02-12,1,21.59,17.46,naive
2016-02-12,2,21.3,16.91,naive
2016-02-12,3,19.86,16.97,naive
2016-02-12,4,20.69,17.66,naive
2016-02-12,5,21.64,18.55,naive
2016-02-12,6,27.18,20.84,naive
2016-02-12,7,36.43,30.82,naive
2016-02-12,8,37.3,25.34,naive
2016-02-12,9,34.97,22.84,naive
2016-02-12,10,34.7,21.12,naive
2016-02-12,11,33.48,24.74,naive
2016-02-12,12,30.0,23.72,naive
2016-02-12,13,26.93,23.01,naive
2016-02-12,14,25.62,21.03,naive
2016-02-12,15,25.0,30.0,naive
2016-02-12,16,27.18,31.58,naive
2016-02-12,17,34.56,36.0,naive
2016-02-12,18,40.36,41.02,naive
2016-02-12,19,35.56,41.34,naive
2016-02-12,20,29.96,32.98,naive
2016-02-12,21,26.45,29.96,naive
2016-02-12,22,27.18,29.46,naive
2016-02-12,23,25.45,26.1,naive
2016-02-13,0,22.23,18.18,naive
2016-02-13,1,21.1,15.55,naive
2016-02-13,2,20.21,16.01,naive
2016-02-13,3,19.94,14.33,naive
2016-02-13,4,19.9,13.78,naive
2016-02-13,5,19.98,13.98,naive
2016-02-13,6,19.9,15.05,naive
2016-02-13,7,21.48,16.08,naive
2016-02-13,8,28.38,18.02,naive
2016-02-13,9,30.36,19.34,naive
2016-02-13,10,30.09,17.1,naive
2016-02-13,11,29.84,16.5,naive
2016-02-13,12,26.75,16.09,naive
2016-02-13,13,23.93,15.11,naive
2016-02-13,14,21.37,13.99,naive
2016-02-13,15,21.15,15.29,naive
2016-02-13,16,20.96,17.01,naive
2016-02-13,17,24.69,19.97,naive
2016-02-13,18,29.65,23.15,naive
2016-02-13,19,24.61,21.02,naive
2016-02-13,20,19.91,16.07,naive
2016-02-13,21,18.7,12.71,naive
2016-02-13,22,18.47,15.04,naive
2016-02-13,23,16.88,11.74,naive
2016-02-14,0,13.06,5.01,naive
2016-02-14,1,10.28,5.98,naive
2016-02-14,2,8.48,5.62,naive
2016-02-14,3,5.09,3.05,naive
2016-02-14,4,4.21,0.93,naive
2016-02-14,5,4.75,0.08,naive
2016-02-14,6,5.3,-0.92,naive
2016-02-14,7,8.76,1.13,naive
2016-02-14,8,11.81,5.74,naive
2016-02-14,9,15.03,8.01,naive
2016-02-14,10,17.46,12.92,naive
2016-02-14,11,18.01,13.79,naive
2016-02-14,12,17.69,13.84,naive
2016-02-14,13,17.34,12.19,naive
2016-02-14,14,16.27,11.76,naive
2016-02-14,15,15.13,10.01,naive
2016-02-14,16,16.96,13.32,naive
2016-02-14,17,21.21,16.64,naive
2016-02-14,18,29.94,22.17,naive
2016-02-14,19,30.38,17.28,naive
2016-02-14,20,23.57,17.88,naive
2016-02-14,21,20.21,13.79,naive
2016-02-14,22,20.33,15.04,naive
2016-02-14,23,17.52,9.29,naive
2016-02-15,0,16.57,22.81,naive
2016-02-15,1,16.0,21.59,naive
2016-02-15,2,14.36,21.3,naive
2016-02-15,3,13.14,19.86,naive
2016-02-15,4,12.68,20.69,naive
2016-02-15,5,14.65,21.64,naive
2016-02-15,6,21.12,27.18,naive
2016-02-15,7,32.18,36.43,naive
2016-02-15,8,30.11,37.3,naive
2016-02-15,9,31.72,34.97,naive
2016-02-15,10,30.91,34.7,naive
2016-02-15,11,29.93,33.48,naive
2016-02-15,12,27.22,30.0,naive
2016-02-15,13,25.39,26.93,naive
2016-02-15,14,24.81,25.62,naive
2016-02-15,15,24.4,25.0,naive
2016-02-15,16,24.93,27.18,naive
2016-02-15,17,28.45,34.56,naive
2016-02-15,18,35.19,40.36,naive
2016-02-15,19,32.19,35.56,naive
2016-02-15,20,30.05,29.96,naive
2016-02-15,21,24.39,26.45,naive
2016-02-15,22,25.87,27.18,naive
2016-02-15,23,22.39,25.45,naive
2016-02-16,0,22.37,16.57,naive
2016-02-16,1,22.32,16.0,naive
2016-02-16,2,22.31,14.36,naive
2016-02-16,3,22.04,13.14,naive
2016-02-16,4,21.83,12.68,naive
2016-02-16,5,22.74,14.65,naive
2016-02-16,6,29.39,21.12,naive
2016-02-16,7,40.43,32.18,naive
2016-02-16,8,42.46,30.11,naive
2016-02-16,9,42.42,31.72,naive
2016-02-16,10,37.91,30.91,naive
2016-02-16,11,35.72,29.93,naive
2016-02-16,12,33.07,27.22,naive
2016-02-16,13,32.77,25.39,naive
2016-02-16,14,31.7,24.81,naive
2016-02-16,15,32.09,24.4,naive
2016-02-16,16,34.88,24.93,naive
2016-02-16,17,39.81,28.45,naive
2016-02-16,18,53.46,35.19,naive
2016-02-16,19,49.71,32.19,naive
2016-02-16,20,33.96,30.05,naive
2016-02-16,21,27.0,24.39,naive
2016-02-16,22,24.98,25.87,naive
2016-02-16,23,21.48,22.39,naive
2016-02-17,0,18.97,22.37,naive
2016-02-17,1,18.86,22.32,naive
2016-02-17,2,18.7,22.31,naive
2016-02-17,3,18.74,22.04,naive
2016-02-17,4,19.58,21.83,naive
2016-02-17,5,19.0,22.74,naive
2016-02-17,6,22.75,29.39,naive
2016-02-17,7,30.97,40.43,naive
2016-02-17,8,31.71,42.46,naive
2016-02-17,9,29.95,42.42,naive
2016-02-17,10,23.53,37.91,naive
2016-02-17,11,24.77,35.72,naive
2016-02-17,12,23.55,33.07,naive
2016-02-17,13,24.72,32.77,naive
2016-02-17,14,25.91,31.7,naive
2016-02-17,15,29.9,32.09,naive
2016-02-17,16,30.67,34.88,naive
2016-02-17,17,38.06,39.81,naive
2016-02-17,18,40.87,53.46,naive
2016-02-17,19,33.96,49.71,naive
2016-02-17,20,29.94,33.96,naive
2016-02-17,21,24.05,27.0,naive
2016-02-17,22,24.25,24.98,naive
2016-02-17,23,22.73,21.48,naive
2016-02-18,0,20.74,18.97,naive
2016-02-18,1,20.57,18.86,naive
2016-02-18,2,18.87,18.7,naive
2016-02-18,3,19.88,18.74,naive
2016-02-18,4,19.89,19.58,naive
2016-02-18,5,20.33,19.0,naive
2016-02-18,6,23.16,22.75,naive
2016-02-18,7,35.53,30.97,naive
2016-02-18,8,39.92,31.71,naive
2016-02-18,9,34.97,29.95,naive
2016-02-18,10,29.92,23.53,naive
2016-02-18,11,25.98,24.77,naive
2016-02-18,12,23.77,23.55,naive
2016-02-18,13,24.53,24.72,naive
2016-02-18,14,25.13,25.91,naive
2016-02-18,15,29.04,29.9,naive
2016-02-18,16,32.0,30.67,naive
2016-02-18,17,38.74,38.06,naive
2016-02-18,18,45.08,40.87,naive
2016-02-18,19,38.06,33.96,naive
2016-02-18,20,32.24,29.94,naive
2016-02-18,21,25.95,24.05,naive
2016-02-18,22,23.09,24.25,naive
2016-02-18,23,21.34,22.73,naive
2016-02-19,0,21.85,20.74,naive
2016-02-19,1,21.44,20.57,naive
2016-02-19,2,21.75,18.87,naive
2016-02-19,3,22.19,19.88,naive
2016-02-19,4,22.37,19.89,naive
2016-02-19,5,19.46,20.33,naive
2016-02-19,6,27.83,23.16,naive
2016-02-19,7,34.98,35.53,naive
2016-02-19,8,38.49,39.92,naive
2016-02-19,9,34.95,34.97,naive
2016-02-19,10,34.95,29.92,naive
2016-02-19,11,37.91,25.98,naive
2016-02-19,12,31.55,23.77,naive
2016-02-19,13,27.93,24.53,naive
2016-02-19,14,25.25,25.13,naive
2016-02-19,15,25.09,29.04,naive
2016-02-19,16,24.84,32.0,naive
2016-02-19,17,30.04,38.74,naive
2016-02-19,18,34.94,45.08,naive
2016-02-19,19,27.99,38.06,naive
2016-02-19,20,23.69,32.24,naive
2016-02-19,21,24.93,25.95,naive
2016-02-19,22,23.38,23.09,naive
2016-02-19,23,18.9,21.34,naive
2016-02-20,0,18.3,22.23,naive
2016-02-20,1,16.82,21.1,naive
2016-02-20,2,11.54,20.21,naive
2016-02-20,3,9.69,19.94,naive
2016-02-20,4,9.52,19.9,naive
2016-02-20,5,5.01,19.98,naive
2016-02-20,6,5.06,19.9,naive
2016-02-20,7,9.09,21.48,naive
2016-02-20,8,8.69,28.38,naive
2016-02-20,9,13.43,30.36,naive
2016-02-20,10,16.36,30.09,naive
2016-02-20,11,17.0,29.84,naive
2016-02-20,12,16.96,26.75,naive
2016-02-20,13,15.94,23.93,naive
2016-02-20,14,15.77,21.37,naive
2016-02-20,15,16.05,21.15,naive
2016-02-20,16,16.15,20.96,naive
2016-02-20,17,18.99,24.69,naive
2016-02-20,18,24.22,29.65,naive
2016-02-20,19,23.49,24.61,naive
2016-02-20,20,18.96,19.91,naive
2016-02-20,21,13.92,18.7,naive
2016-02-20,22,11.79,18.47,naive
2016-02-20,23,7.81,16.88,naive
2016-02-21,0,9.37,13.06,naive
2016-02-21,1,6.52,10.28,naive
2016-02-21,2,5.09,8.48,naive
2016-02-21,3,3.14,5.09,naive
2016-02-21,4,0.46,4.21,naive
2016-02-21,5,0.13,4.75,naive
2016-02-21,6,-0.05,5.3,naive
2016-02-21,7,0.13,8.76,naive
2016-02-21,8,5.62,11.81,naive
2016-02-21,9,10.81,15.03,naive
2016-02-21,10,13.07,17.46,naive
2016-02-21,11,14.94,18.01,naive
2016-02-21,12,14.95,17.69,naive
2016-02-21,13,10.6,17.34,naive
2016-02-21,14,7.71,16.27,naive
2016-02-21,15,4.95,15.13,naive
2016-02-21,16,7.69,16.96,naive
2016-02-21,17,14.34,21.21,naive
2016-02-21,18,18.61,29.94,naive
2016-02-21,19,18.2,30.38,naive
2016-02-21,20,12.0,23.57,naive
2016-02-21,21,12.64,20.21,naive
2016-02-21,22,13.94,20.33,naive
2016-02-21,23,9.31,17.52,naive
2016-02-22,0,-4.93,21.85,naive
2016-02-22,1,-4.98,21.44,naive
2016-02-22,2,-5.08,21.75,naive
2016-02-22,3,-1.02,22.19,naive
2016-02-22,4,-0.97,22.37,naive
2016-02-22,5,7.63,19.46,naive
2016-02-22,6,18.05,27.83,naive
2016-02-22,7,26.38,34.98,naive
2016-02-22,8,27.92,38.49,naive
2016-02-22,9,23.97,34.95,naive
2016-02-22,10,23.11,34.95,naive
2016-02-22,11,23.93,37.91,naive
2016-02-22,12,24.0,31.55,naive
2016-02-22,13,24.52,27.93,naive
2016-02-22,14,23.98,25.25,naive
2016-02-22,15,23.91,25.09,naive
2016-02-22,16,23.92,24.84,naive
2016-02-22,17,27.93,30.04,naive
2016-02-22,18,40.13,34.94,naive
2016-02-22,19,39.45,27.99,naive
2016-02-22,20,29.37,23.69,naive
2016-02-22,21,24.69,24.93,naive
2016-02-22,22,25.08,23.38,naive
2016-02-22,23,19.56,18.9,naive
2016-02-23,0,17.81,-4.93,naive
2016-02-23,1,14.28,-4.98,naive
2016-02-23,2,17.23,-5.08,naive
2016-02-23,3,17.47,-1.02,naive
2016-02-23,4,17.83,-0.97,naive
2016-02-23,5,19.15,7.63,naive
2016-02-23,6,27.32,18.05,naive
2016-02-23,7,30.62,26.38,naive
2016-02-23,8,31.9,27.92,naive
2016-02-23,9,31.09,23.97,naive
2016-02-23,10,29.19,23.11,naive
2016-02-23,11,30.68,23.93,naive
2016-02-23,12,25.92,24.0,naive
2016-02-23,13,24.96,24.52,naive
2016-02-23,14,23.9,23.98,naive
2016-02-23,15,24.13,23.91,naive
2016-02-23,16,24.36,23.92,naive
2016-02-23,17,30.08,27.93,naive
2016-02-23,18,36.75,40.13,naive
2016-02-23,19,29.94,39.45,naive
2016-02-23,20,22.96,29.37,naive
2016-02-23,21,23.23,24.69,naive
2016-02-23,22,19.76,25.08,naive
2016-02-23,23,17.9,19.56,naive
2016-02-24,0,18.04,17.81,naive
2016-02-24,1,16.59,14.28,naive
2016-02-24,2,13.61,17.23,naive
2016-02-24,3,13.66,17.47,naive
2016-02-24,4,17.43,17.83,naive
2016-02-24,5,18.92,19.15,naive
2016-02-24,6,23.15,27.32,naive
2016-02-24,7,33.69,30.62,naive
2016-02-24,8,30.99,31.9,naive
2016-02-24,9,25.04,31.09,naive
2016-02-24,10,23.41,29.19,naive
2016-02-24,11,22.56,30.68,naive
2016-02-24,12,22.03,25.92,naive
2016-02-24,13,22.05,24.96,naive
2016-02-24,14,22.56,23.9,naive
2016-02-24,15,24.0,24.13,naive
2016-02-24,16,25.05,24.36,naive
2016-02-24,17,31.96,30.08,naive
2016-02-24,18,35.68,36.75,naive
2016-02-24,19,36.41,29.94,naive
2016-02-24,20,30.51,22.96,naive
2016-02-24,21,23.97,23.23,naive
2016-02-24,22,22.96,19.76,naive
2016-02-24,23,20.56,17.9,naive
2016-02-25,0,24.04,18.04,naive
2016-02-25,1,22.58,16.59,naive
2016-02-25,2,21.26,13.61,naive
2016-02-25,3,20.09,13.66,naive
2016-02-25,4,19.94,17.43,naive
2016-02-25,5,21.7,18.92,naive
2016-02-25,6,27.19,23.15,naive
2016-02-25,7,36.04,33.69,naive
2016-02-25,8,38.29,30.99,naive
2016-02-25,9,34.44,25.04,naive
2016-02-25,10,32.12,23.41,naive
2016-02-25,11,30.44,22.56,naive
2016-02-25,12,26.55,22.03,naive
2016-02-25,13,26.01,22.05,naive
2016-02-25,14,25.0,22.56,naive
2016-02-25,15,24.78,24.0,naive
2016-02-25,16,25.39,25.05,naive
2016-02-25,17,31.16,31.96,naive
2016-02-25,18,39.91,35.68,naive
2016-02-25,19,36.51,36.41,naive
2016-02-25,20,31.54,30.51,naive
2016-02-25,21,25.2,23.97,naive
2016-02-25,22,25.1,22.96,naive
2016-02-25,23,23.84,20.56,naive
2016-02-26,0,21.66,24.04,naive
2016-02-26,1,21.69,22.58,naive
2016-02-26,2,21.11,21.26,naive
2016-02-26,3,20.0,20.09,naive
2016-02-26,4,21.02,19.94,naive
2016-02-26,5,22.07,21.7,naive
2016-02-26,6,27.35,27.19,naive
2016-02-26,7,32.93,36.04,naive
2016-02-26,8,36.08,38.29,naive
2016-02-26,9,33.48,34.44,naive
2016-02-26,10,31.68,32.12,naive
2016-02-26,11,29.5,30.44,naive
2016-02-26,12,27.47,26.55,naive
2016-02-26,13,25.06,26.01,naive
2016-02-26,14,24.0,25.0,naive
2016-02-26,15,25.11,24.78,naive
2016-02-26,16,26.94,25.39,naive
2016-02-26,17,33.98,31.16,naive
2016-02-26,18,39.94,39.91,naive
2016-02-26,19,37.55,36.51,naive
2016-02-26,20,31.18,31.54,naive
2016-02-26,21,26.35,25.2,naive
2016-02-26,22,26.86,25.1,naive
2016-02-26,23,25.0,23.84,naive
2016-02-27,0,26.94,18.3,naive
2016-02-27,1,23.02,16.82,naive
2016-02-27,2,21.77,11.54,naive
2016-02-27,3,19.76,9.69,naive
2016-02-27,4,19.83,9.52,naive
2016-02-27,5,20.16,5.01,naive
2016-02-27,6,21.18,5.06,naive
2016-02-27,7,22.76,9.09,naive
2016-02-27,8,25.71,8.69,naive
2016-02-27,9,26.79,13.43,naive
2016-02-27,10,23.24,16.36,naive
2016-02-27,11,21.17,17.0,naive
2016-02-27,12,19.92,16.96,naive
2016-02-27,13,19.49,15.94,naive
2016-02-27,14,19.68,15.77,naive
2016-02-27,15,19.93,16.05,naive
2016-02-27,16,20.21,16.15,naive
2016-02-27,17,24.97,18.99,naive
2016-02-27,18,32.04,24.22,naive
2016-02-27,19,31.91,23.49,naive
2016-02-27,20,25.72,18.96,naive
2016-02-27,21,21.74,13.92,naive
2016-02-27,22,23.1,11.79,naive
2016-02-27,23,20.98,7.81,naive
2016-02-28,0,19.9,9.37,naive
2016-02-28,1,18.39,6.52,naive
2016-02-28,2,18.01,5.09,naive
2016-02-28,3,17.62,3.14,naive
2016-02-28,4,17.31,0.46,naive
2016-02-28,5,17.46,0.13,naive
2016-02-28,6,17.51,-0.05,naive
2016-02-28,7,17.58,0.13,naive
2016-02-28,8,17.9,5.62,naive
2016-02-28,9,19.02,10.81,naive
2016-02-28,10,19.01,13.07,naive
2016-02-28,11,19.02,14.94,naive
2016-02-28,12,16.6,14.95,naive
2016-02-28,13,14.06,10.6,naive
2016-02-28,14,12.45,7.71,naive
2016-02-28,15,12.21,4.95,naive
2016-02-28,16,13.26,7.69,naive
2016-02-28,17,19.11,14.34,naive
2016-02-28,18,24.6,18.61,naive
2016-02-28,19,26.98,18.2,naive
2016-02-28,20,21.81,12.0,naive
2016-02-28,21,19.9,12.64,naive
2016-02-28,22,20.44,13.94,naive
2016-02-28,23,19.93,9.31,naive
2016-02-29,0,19.12,21.66,naive
2016-02-29,1,17.77,21.69,naive
2016-02-29,2,17.6,21.11,naive
2016-02-29,3,16.77,20.0,naive
2016-02-29,4,17.01,21.02,naive
2016-02-29,5,18.49,22.07,naive
2016-02-29,6,28.23,27.35,naive
2016-02-29,7,34.72,32.93,naive
2016-02-29,8,32.96,36.08,naive
2016-02-29,9,27.99,33.48,naive
2016-02-29,10,24.92,31.68,naive
2016-02-29,11,23.48,29.5,naive
2016-02-29,12,22.77,27.47,naive
2016-02-29,13,22.2,25.06,naive
2016-02-29,14,22.0,24.0,naive
2016-02-29,15,22.24,25.11,naive
2016-02-29,16,22.57,26.94,naive
2016-02-29,17,26.58,33.98,naive
2016-02-29,18,34.03,39.94,naive
2016-02-29,19,31.21,37.55,naive
2016-02-29,20,27.14,31.18,naive
2016-02-29,21,23.04,26.35,naive
2016-02-29,22,22.55,26.86,naive
2016-02-29,23,19.29,25.0,naive
2016-03-01,0,22.48,19.12,naive
2016-03-01,1,22.08,17.77,naive
2016-03-01,2,19.87,17.6,naive
2016-03-01,3,19.13,16.77,naive
2016-03-01,4,19.33,17.01,naive
2016-03-01,5,20.18,18.49,naive
2016-03-01,6,25.59,28.23,naive
2016-03-01,7,32.93,34.72,naive
2016-03-01,8,37.86,32.96,naive
2016-03-01,9,34.95,27.99,naive
2016-03-01,10,31.9,24.92,naive
2016-03-01,11,30.06,23.48,naive
2016-03-01,12,28.8,22.77,naive
2016-03-01,13,27.96,22.2,naive
2016-03-01,14,25.55,22.0,naive
2016-03-01,15,25.48,22.24,naive
2016-03-01,16,23.97,22.57,naive
2016-03-01,17,26.95,26.58,naive
2016-03-01,18,26.0,34.03,naive
2016-03-01,19,22.63,31.21,naive
2016-03-01,20,21.26,27.14,naive
2016-03-01,21,19.52,23.04,naive
2016-03-01,22,18.39,22.55,naive
2016-03-01,23,17.06,19.29,naive
2016-03-02,0,10.58,22.48,naive
2016-03-02,1,13.56,22.08,naive
2016-03-02,2,12.69,19.87,naive
2016-03-02,3,12.62,19.13,naive
2016-03-02,4,13.27,19.33,naive
2016-03-02,5,15.85,20.18,naive
2016-03-02,6,21.45,25.59,naive
2016-03-02,7,23.08,32.93,naive
2016-03-02,8,25.96,37.86,naive
2016-03-02,9,24.68,34.95,naive
2016-03-02,10,26.7,31.9,naive
2016-03-02,11,28.0,30.06,naive
2016-03-02,12,27.43,28.8,naive
2016-03-02,13,26.0,27.96,naive
2016-03-02,14,25.92,25.55,naive
2016-03-02,15,28.06,25.48,naive
2016-03-02,16,28.56,23.97,naive
2016-03-02,17,31.99,26.95,naive
2016-03-02,18,40.0,26.0,naive
2016-03-02,19,36.87,22.63,naive
2016-03-02,20,30.99,21.26,naive
2016-03-02,21,27.07,19.52,naive
2016-03-02,22,24.27,18.39,naive
2016-03-02,23,21.58,17.06,naive
2016-03-03,0,20.02,10.58,naive
2016-03-03,1,19.29,13.56,naive
2016-03-03,2,18.64,12.69,naive
2016-03-03,3,17.93,12.62,naive
2016-03-03,4,18.26,13.27,naive
2016-03-03,5,19.38,15.85,naive
2016-03-03,6,24.58,21.45,naive
2016-03-03,7,30.93,23.08,naive
2016-03-03,8,31.04,25.96,naive
2016-03-03,9,30.94,24.68,naive
2016-03-03,10,30.57,26.7,naive
2016-03-03,11,31.94,28.0,naive
2016-03-03,12,30.07,27.43,naive
2016-03-03,13,30.53,26.0,naive
2016-03-03,14,30.06,25.92,naive
2016-03-03,15,30.97,28.06,naive
2016-03-03,16,30.96,28.56,naive
2016-03-03,17,32.85,31.99,naive
2016-03-03,18,42.71,40.0,naive
2016-03-03,19,42.92,36.87,naive
2016-03-03,20,33.98,30.99,naive
2016-03-03,21,28.97,27.07,naive
2016-03-03,22,25.92,24.27,naive
2016-03-03,23,23.11,21.58,naive
2016-03-04,0,22.15,20.02,naive
2016-03-04,1,20.03,19.29,naive
2016-03-04,2,19.75,18.64,naive
2016-03-04,3,19.19,17.93,naive
2016-03-04,4,18.99,18.26,naive
2016-03-04,5,20.18,19.38,naive
2016-03-04,6,26.92,24.58,naive
2016-03-04,7,31.73,30.93,naive
2016-03-04,8,33.97,31.04,naive
2016-03-04,9,30.04,30.94,naive
2016-03-04,10,26.69,30.57,naive
2016-03-04,11,23.78,31.94,naive
2016-03-04,12,22.48,30.07,naive
2016-03-04,13,21.78,30.53,naive
2016-03-04,14,21.86,30.06,naive
2016-03-04,15,22.48,30.97,naive
2016-03-04,16,24.17,30.96,naive
2016-03-04,17,29.2,32.85,naive
2016-03-04,18,33.99,42.71,naive
2016-03-04,19,31.06,42.92,naive
2016-03-04,20,27.9,33.98,naive
2016-03-04,21,23.52,28.97,naive
2016-03-04,22,23.8,25.92,naive
2016-03-04,23,21.55,23.11,naive
2016-03-05,0,19.15,26.94,naive
2016-03-05,1,19.17,23.02,naive
2016-03-05,2,19.04,21.77,naive
2016-03-05,3,18.96,19.76,naive
2016-03-05,4,18.88,19.83,naive
2016-03-05,5,19.01,20.16,naive
2016-03-05,6,19.16,21.18,naive
2016-03-05,7,20.75,22.76,naive
2016-03-05,8,24.55,25.71,naive
2016-03-05,9,26.9,26.79,naive
2016-03-05,10,24.78,23.24,naive
2016-03-05,11,24.63,21.17,naive
2016-03-05,12,24.25,19.92,naive
2016-03-05,13,21.14,19.49,naive
2016-03-05,14,20.42,19.68,naive
2016-03-05,15,20.57,19.93,naive
2016-03-05,16,21.25,20.21,naive
2016-03-05,17,25.92,24.97,naive
2016-03-05,18,34.02,32.04,naive
2016-03-05,19,35.0,31.91,naive
2016-03-05,20,27.86,25.72,naive
2016-03-05,21,24.44,21.74,naive
2016-03-05,22,25.18,23.1,naive
2016-03-05,23,20.0,20.98,naive
2016-03-06,0,20.69,19.9,naive
2016-03-06,1,19.94,18.39,naive
2016-03-06,2,19.13,18.01,naive
2016-03-06,3,18.69,17.62,naive
2016-03-06,4,18.58,17.31,naive
2016-03-06,5,18.83,17.46,naive
2016-03-06,6,18.65,17.51,naive
2016-03-06,7,18.78,17.58,naive
2016-03-06,8,19.28,17.9,naive
2016-03-06,9,19.99,19.02,naive
2016-03-06,10,20.26,19.01,naive
2016-03-06,11,20.51,19.02,naive
2016-03-06,12,20.02,16.6,naive
2016-03-06,13,19.14,14.06,naive
2016-03-06,14,18.24,12.45,naive
2016-03-06,15,18.23,12.21,naive
2016-03-06,16,18.73,13.26,naive
2016-03-06,17,20.57,19.11,naive
2016-03-06,18,28.93,24.6,naive
2016-03-06,19,31.62,26.98,naive
2016-03-06,20,29.17,21.81,naive
2016-03-06,21,25.44,19.9,naive
2016-03-06,22,27.44,20.44,naive
2016-03-06,23,21.15,19.93,naive
2016-03-07,0,22.04,22.15,naive
2016-03-07,1,22.05,20.03,naive
2016-03-07,2,20.34,19.75,naive
2016-03-07,3,20.02,19.19,naive
2016-03-07,4,20.09,18.99,naive
2016-03-07,5,21.87,20.18,naive
2016-03-07,6,32.34,26.92,naive
2016-03-07,7,35.97,31.73,naive
2016-03-07,8,37.79,33.97,naive
2016-03-07,9,33.07,30.04,naive
2016-03-07,10,31.98,26.69,naive
2016-03-07,11,29.96,23.78,naive
2016-03-07,12,27.98,22.48,naive
2016-03-07,13,27.44,21.78,naive
2016-03-07,14,27.72,21.86,naive
2016-03-07,15,27.1,22.48,naive
2016-03-07,16,30.07,24.17,naive
2016-03-07,17,33.97,29.2,naive
2016-03-07,18,48.29,33.99,naive
2016-03-07,19,46.65,31.06,naive
2016-03-07,20,30.03,27.9,naive
2016-03-07,21,27.95,23.52,naive
2016-03-07,22,26.96,23.8,naive
2016-03-07,23,24.47,21.55,naive
2016-03-08,0,22.39,22.04,naive
2016-03-08,1,22.91,22.05,naive
2016-03-08,2,22.81,20.34,naive
2016-03-08,3,22.0,20.02,naive
2016-03-08,4,21.67,20.09,naive
2016-03-08,5,22.7,21.87,naive
2016-03-08,6,27.44,32.34,naive
2016-03-08,7,37.73,35.97,naive
2016-03-08,8,39.08,37.79,naive
2016-03-08,9,34.98,33.07,naive
2016-03-08,10,28.61,31.98,naive
2016-03-08,11,25.42,29.96,naive
2016-03-08,12,25.1,27.98,naive
2016-03-08,13,24.64,27.44,naive
2016-03-08,14,24.81,27.72,naive
2016-03-08,15,25.09,27.1,naive
2016-03-08,16,27.92,30.07,naive
2016-03-08,17,33.1,33.97,naive
2016-03-08,18,44.93,48.29,naive
2016-03-08,19,40.58,46.65,naive
2016-03-08,20,31.94,30.03,naive
2016-03-08,21,25.07,27.95,naive
2016-03-08,22,27.2,26.96,naive
2016-03-08,23,22.61,24.47,naive
2016-03-09,0,23.8,22.39,naive
2016-03-09,1,22.03,22.91,naive
2016-03-09,2,20.94,22.81,naive
2016-03-09,3,20.08,22.0,naive
2016-03-09,4,20.01,21.67,naive
2016-03-09,5,21.14,22.7,naive
2016-03-09,6,24.95,27.44,naive
2016-03-09,7,31.92,37.73,naive
2016-03-09,8,29.91,39.08,naive
2016-03-09,9,25.03,34.98,naive
2016-03-09,10,23.43,28.61,naive
2016-03-09,11,23.85,25.42,naive
2016-03-09,12,22.28,25.1,naive
2016-03-09,13,21.96,24.64,naive
2016-03-09,14,22.48,24.81,naive
2016-03-09,15,23.05,25.09,naive
2016-03-09,16,24.83,27.92,naive
2016-03-09,17,33.0,33.1,naive
2016-03-09,18,38.77,44.93,naive
2016-03-09,19,37.99,40.58,naive
2016-03-09,20,29.81,31.94,naive
2016-03-09,21,25.8,25.07,naive
2016-03-09,22,27.51,27.2,naive
2016-03-09,23,23.41,22.61,naive
2016-03-10,0,19.72,23.8,naive
2016-03-10,1,20.17,22.03,naive
2016-03-10,2,20.04,20.94,naive
2016-03-10,3,20.16,20.08,naive
2016-03-10,4,20.94,20.01,naive
2016-03-10,5,21.6,21.14,naive
2016-03-10,6,28.48,24.95,naive
2016-03-10,7,35.44,31.92,naive
2016-03-10,8,31.99,29.91,naive
2016-03-10,9,30.07,25.03,naive
2016-03-10,10,25.53,23.43,naive
2016-03-10,11,24.71,23.85,naive
2016-03-10,12,26.35,22.28,naive
2016-03-10,13,25.0,21.96,naive
2016-03-10,14,25.0,22.48,naive
2016-03-10,15,24.89,23.05,naive
2016-03-10,16,25.03,24.83,naive
2016-03-10,17,29.95,33.0,naive
2016-03-10,18,35.49,38.77,naive
2016-03-10,19,37.79,37.99,naive
2016-03-10,20,30.02,29.81,naive
2016-03-10,21,25.31,25.8,naive
2016-03-10,22,22.72,27.51,naive
2016-03-10,23,21.32,23.41,naive
2016-03-11,0,22.03,19.72,naive
2016-03-11,1,20.85,20.17,naive
2016-03-11,2,21.03,20.04,naive
2016-03-11,3,21.06,20.16,naive
2016-03-11,4,21.75,20.94,naive
2016-03-11,5,22.39,21.6,naive
2016-03-11,6,28.34,28.48,naive
2016-03-11,7,34.47,35.44,naive
2016-03-11,8,38.34,31.99,naive
2016-03-11,9,36.69,30.07,naive
2016-03-11,10,32.91,25.53,naive
2016-03-11,11,31.98,24.71,naive
2016-03-11,12,29.81,26.35,naive
2016-03-11,13,27.03,25.0,naive
2016-03-11,14,25.01,25.0,naive
2016-03-11,15,24.92,24.89,naive
2016-03-11,16,24.88,25.03,naive
2016-03-11,17,27.9,29.95,naive
2016-03-11,18,32.55,35.49,naive
2016-03-11,19,35.69,37.79,naive
2016-03-11,20,30.33,30.02,naive
2016-03-11,21,26.77,25.31,naive
2016-03-11,22,28.2,22.72,naive
2016-03-11,23,25.21,21.32,naive
2016-03-12,0,29.01,19.15,naive
2016-03-12,1,26.1,19.17,naive
2016-03-12,2,25.69,19.04,naive
2016-03-12,3,24.5,18.96,naive
2016-03-12,4,23.26,18.88,naive
2016-03-12,5,24.5,19.01,naive
2016-03-12,6,25.45,19.16,naive
2016-03-12,7,25.51,20.75,naive
2016-03-12,8,28.91,24.55,naive
2016-03-12,9,30.09,26.9,naive
2016-03-12,10,29.26,24.78,naive
2016-03-12,11,28.44,24.63,naive
2016-03-12,12,27.6,24.25,naive
2016-03-12,13,25.01,21.14,naive
2016-03-12,14,23.38,20.42,naive
2016-03-12,15,22.96,20.57,naive
2016-03-12,16,23.67,21.25,naive
2016-03-12,17,27.07,25.92,naive
2016-03-12,18,34.09,34.02,naive
2016-03-12,19,36.97,35.0,naive
2016-03-12,20,35.0,27.86,naive
2016-03-12,21,30.17,24.44,naive
2016-03-12,22,30.91,25.18,naive
2016-03-12,23,30.0,20.0,naive
2016-03-13,0,26.51,20.69,naive
2016-03-13,1,22.65,19.94,naive
2016-03-13,2,21.67,19.13,naive
2016-03-13,3,21.05,18.69,naive
2016-03-13,4,21.12,18.58,naive
2016-03-13,5,21.17,18.83,naive
2016-03-13,6,21.11,18.65,naive
2016-03-13,7,21.08,18.78,naive
2016-03-13,8,21.31,19.28,naive
2016-03-13,9,21.69,19.99,naive
2016-03-13,10,21.73,20.26,naive
2016-03-13,11,21.69,20.51,naive
2016-03-13,12,21.07,20.02,naive
2016-03-13,13,19.4,19.14,naive
2016-03-13,14,17.78,18.24,naive
2016-03-13,15,17.46,18.23,naive
2016-03-13,16,18.08,18.73,naive
2016-03-13,17,20.19,20.57,naive
2016-03-13,18,26.08,28.93,naive
2016-03-13,19,33.55,31.62,naive
2016-03-13,20,31.05,29.17,naive
2016-03-13,21,27.24,25.44,naive
2016-03-13,22,28.93,27.44,naive
2016-03-13,23,26.63,21.15,naive
2016-03-14,0,22.39,22.03,naive
2016-03-14,1,20.7,20.85,naive
2016-03-14,2,20.22,21.03,naive
2016-03-14,3,19.99,21.06,naive
2016-03-14,4,20.36,21.75,naive
2016-03-14,5,21.92,22.39,naive
2016-03-14,6,29.46,28.34,naive
2016-03-14,7,35.43,34.47,naive
2016-03-14,8,35.81,38.34,naive
2016-03-14,9,31.75,36.69,naive
2016-03-14,10,28.82,32.91,naive
2016-03-14,11,24.33,31.98,naive
2016-03-14,12,23.31,29.81,naive
2016-03-14,13,22.84,27.03,naive
2016-03-14,14,22.55,25.01,naive
2016-03-14,15,23.04,24.92,naive
2016-03-14,16,24.8,24.88,naive
2016-03-14,17,30.71,27.9,naive
2016-03-14,18,39.48,32.55,naive
2016-03-14,19,47.92,35.69,naive
2016-03-14,20,34.32,30.33,naive
2016-03-14,21,29.48,26.77,naive
2016-03-14,22,26.37,28.2,naive
2016-03-14,23,22.91,25.21,naive
2016-03-15,0,21.1,22.39,naive
2016-03-15,1,20.76,20.7,naive
2016-03-15,2,21.17,20.22,naive
2016-03-15,3,20.74,19.99,naive
2016-03-15,4,20.91,20.36,naive
2016-03-15,5,22.86,21.92,naive
2016-03-15,6,27.1,29.46,naive
2016-03-15,7,33.69,35.43,naive
2016-03-15,8,38.47,35.81,naive
2016-03-15,9,35.96,31.75,naive
2016-03-15,10,36.09,28.82,naive
2016-03-15,11,34.31,24.33,naive
2016-03-15,12,30.93,23.31,naive
2016-03-15,13,27.44,22.84,naive
2016-03-15,14,24.78,22.55,naive
2016-03-15,15,23.71,23.04,naive
2016-03-15,16,23.3,24.8,naive
2016-03-15,17,25.45,30.71,naive
2016-03-15,18,31.91,39.48,naive
2016-03-15,19,34.13,47.92,naive
2016-03-15,20,29.06,34.32,naive
2016-03-15,21,24.15,29.48,naive
2016-03-15,22,22.52,26.37,naive
2016-03-15,23,20.95,22.91,naive
2016-03-16,0,21.22,21.1,naive
2016-03-16,1,20.92,20.76,naive
2016-03-16,2,20.45,21.17,naive
2016-03-16,3,20.06,20.74,naive
2016-03-16,4,20.49,20.91,naive
2016-03-16,5,21.59,22.86,naive
2016-03-16,6,26.24,27.1,naive
2016-03-16,7,33.94,33.69,naive
2016-03-16,8,32.99,38.47,naive
2016-03-16,9,24.71,35.96,naive
2016-03-16,10,22.48,36.09,naive
2016-03-16,11,22.43,34.31,naive
2016-03-16,12,22.16,30.93,naive
2016-03-16,13,21.85,27.44,naive
2016-03-16,14,21.9,24.78,naive
2016-03-16,15,22.28,23.71,naive
2016-03-16,16,23.67,23.3,naive
2016-03-16,17,29.92,25.45,naive
2016-03-16,18,35.6,31.91,naive
2016-03-16,19,39.2,34.13,naive
2016-03-16,20,32.02,29.06,naive
2016-03-16,21,27.04,24.15,naive
2016-03-16,22,23.7,22.52,naive
2016-03-16,23,22.97,20.95,naive
2016-03-17,0,23.08,21.22,naive
2016-03-17,1,22.3,20.92,naive
2016-03-17,2,22.13,20.45,naive
2016-03-17,3,22.27,20.06,naive
2016-03-17,4,22.24,20.49,naive
2016-03-17,5,23.55,21.59,naive
2016-03-17,6,33.9,26.24,naive
2016-03-17,7,38.16,33.94,naive
2016-03-17,8,34.97,32.99,naive
2016-03-17,9,25.98,24.71,naive
2016-03-17,10,23.11,22.48,naive
2016-03-17,11,22.96,22.43,naive
2016-03-17,12,22.38,22.16,naive
2016-03-17,13,22.2,21.85,naive
2016-03-17,14,22.15,21.9,naive
2016-03-17,15,22.43,22.28,naive
2016-03-17,16,25.85,23.67,naive
2016-03-17,17,31.92,29.92,naive
2016-03-17,18,38.81,35.6,naive
2016-03-17,19,46.69,39.2,naive
2016-03-17,20,37.76,32.02,naive
2016-03-17,21,30.98,27.04,naive
2016-03-17,22,25.48,23.7,naive
2016-03-17,23,21.84,22.97,naive
2016-03-18,0,20.34,23.08,naive
2016-03-18,1,19.47,22.3,naive
2016-03-18,2,19.49,22.13,naive
2016-03-18,3,19.67,22.27,naive
2016-03-18,4,20.14,22.24,naive
2016-03-18,5,21.58,23.55,naive
2016-03-18,6,24.86,33.9,naive
2016-03-18,7,32.69,38.16,naive
2016-03-18,8,29.94,34.97,naive
2016-03-18,9,23.88,25.98,naive
2016-03-18,10,22.43,23.11,naive
2016-03-18,11,22.92,22.96,naive
2016-03-18,12,22.59,22.38,naive
2016-03-18,13,22.53,22.2,naive
2016-03-18,14,22.56,22.15,naive
2016-03-18,15,23.46,22.43,naive
2016-03-18,16,24.42,25.85,naive
2016-03-18,17,27.82,31.92,naive
2016-03-18,18,33.99,38.81,naive
2016-03-18,19,39.3,46.69,naive
2016-03-18,20,33.91,37.76,naive
2016-03-18,21,27.09,30.98,naive
2016-03-18,22,26.92,25.48,naive
2016-03-18,23,23.78,21.84,naive
2016-03-19,0,23.37,29.01,naive
2016-03-19,1,21.68,26.1,naive
2016-03-19,2,21.66,25.69,naive
2016-03-19,3,22.6,24.5,naive
2016-03-19,4,22.71,23.26,naive
2016-03-19,5,22.2,24.5,naive
2016-03-19,6,22.4,25.45,naive
2016-03-19,7,28.93,25.51,naive
2016-03-19,8,29.38,28.91,naive
2016-03-19,9,28.58,30.09,naive
2016-03-19,10,26.96,29.26,naive
2016-03-19,11,24.79,28.44,naive
2016-03-19,12,23.04,27.6,naive
2016-03-19,13,22.04,25.01,naive
2016-03-19,14,21.12,23.38,naive
2016-03-19,15,20.93,22.96,naive
2016-03-19,16,21.3,23.67,naive
2016-03-19,17,24.0,27.07,naive
2016-03-19,18,31.21,34.09,naive
2016-03-19,19,35.42,36.97,naive
2016-03-19,20,26.18,35.0,naive
2016-03-19,21,22.78,30.17,naive
2016-03-19,22,24.69,30.91,naive
2016-03-19,23,21.21,30.0,naive
2016-03-20,0,17.73,26.51,naive
2016-03-20,1,17.04,22.65,naive
2016-03-20,2,18.63,21.67,naive
2016-03-20,3,18.59,21.05,naive
2016-03-20,4,18.71,21.12,naive
2016-03-20,5,18.73,21.17,naive
2016-03-20,6,18.51,21.11,naive
2016-03-20,7,17.05,21.08,naive
2016-03-20,8,16.04,21.31,naive
2016-03-20,9,16.09,21.69,naive
2016-03-20,10,14.33,21.73,naive
2016-03-20,11,16.07,21.69,naive
2016-03-20,12,13.19,21.07,naive
2016-03-20,13,12.44,19.4,naive
2016-03-20,14,12.0,17.78,naive
2016-03-20,15,12.69,17.46,naive
2016-03-20,16,13.59,18.08,naive
2016-03-20,17,19.02,20.19,naive
2016-03-20,18,23.54,26.08,naive
2016-03-20,19,25.86,33.55,naive
2016-03-20,20,22.66,31.05,naive
2016-03-20,21,22.32,27.24,naive
2016-03-20,22,24.03,28.93,naive
2016-03-20,23,20.33,26.63,naive
2016-03-21,0,20.82,20.34,naive
2016-03-21,1,19.9,19.47,naive
2016-03-21,2,19.79,19.49,naive
2016-03-21,3,19.9,19.67,naive
2016-03-21,4,20.4,20.14,naive
2016-03-21,5,23.18,21.58,naive
2016-03-21,6,32.01,24.86,naive
2016-03-21,7,31.72,32.69,naive
2016-03-21,8,30.94,29.94,naive
2016-03-21,9,30.04,23.88,naive
2016-03-21,10,24.9,22.43,naive
2016-03-21,11,24.73,22.92,naive
2016-03-21,12,26.03,22.59,naive
2016-03-21,13,24.53,22.53,naive
2016-03-21,14,23.75,22.56,naive
2016-03-21,15,24.28,23.46,naive
2016-03-21,16,23.91,24.42,naive
2016-03-21,17,26.87,27.82,naive
2016-03-21,18,30.1,33.99,naive
2016-03-21,19,33.49,39.3,naive
2016-03-21,20,29.9,33.91,naive
2016-03-21,21,23.02,27.09,naive
2016-03-21,22,22.11,26.92,naive
2016-03-21,23,20.9,23.78,naive
2016-03-22,0,20.28,20.82,naive
2016-03-22,1,20.08,19.9,naive
2016-03-22,2,20.05,19.79,naive
2016-03-22,3,20.47,19.9,naive
2016-03-22,4,21.0,20.4,naive
2016-03-22,5,22.01,23.18,naive
2016-03-22,6,24.07,32.01,naive
2016-03-22,7,29.99,31.72,naive
2016-03-22,8,31.46,30.94,naive
2016-03-22,9,31.41,30.04,naive
2016-03-22,10,28.9,24.9,naive
2016-03-22,11,30.0,24.73,naive
2016-03-22,12,28.94,26.03,naive
2016-03-22,13,28.99,24.53,naive
2016-03-22,14,29.0,23.75,naive
2016-03-22,15,29.29,24.28,naive
2016-03-22,16,30.08,23.91,naive
2016-03-22,17,34.01,26.87,naive
2016-03-22,18,36.73,30.1,naive
2016-03-22,19,40.64,33.49,naive
2016-03-22,20,38.1,29.9,naive
2016-03-22,21,33.05,23.02,naive
2016-03-22,22,29.86,22.11,naive
2016-03-22,23,23.73,20.9,naive
2016-03-23,0,21.3,20.28,naive
2016-03-23,1,20.51,20.08,naive
2016-03-23,2,20.26,20.05,naive
2016-03-23,3,21.06,20.47,naive
2016-03-23,4,21.38,21.0,naive
2016-03-23,5,21.38,22.01,naive
2016-03-23,6,25.88,24.07,naive
2016-03-23,7,32.9,29.99,naive
2016-03-23,8,32.46,31.46,naive
2016-03-23,9,30.03,31.41,naive
2016-03-23,10,26.53,28.9,naive
2016-03-23,11,26.73,30.0,naive
2016-03-23,12,25.23,28.94,naive
2016-03-23,13,25.0,28.99,naive
2016-03-23,14,24.03,29.0,naive
2016-03-23,15,24.13,29.29,naive
2016-03-23,16,24.18,30.08,naive
2016-03-23,17,28.0,34.01,naive
2016-03-23,18,32.44,36.73,naive
2016-03-23,19,37.16,40.64,naive
2016-03-23,20,34.98,38.1,naive
2016-03-23,21,31.43,33.05,naive
2016-03-23,22,25.02,29.86,naive
2016-03-23,23,22.59,23.73,naive
2016-03-24,0,22.08,21.3,naive
2016-03-24,1,21.5,20.51,naive
2016-03-24,2,21.11,20.26,naive
2016-03-24,3,21.38,21.06,naive
2016-03-24,4,21.75,21.38,naive
2016-03-24,5,22.97,21.38,naive
2016-03-24,6,31.49,25.88,naive
2016-03-24,7,35.0,32.9,naive
2016-03-24,8,34.94,32.46,naive
2016-03-24,9,32.4,30.03,naive
2016-03-24,10,31.69,26.53,naive
2016-03-24,11,31.0,26.73,naive
2016-03-24,12,28.62,25.23,naive
2016-03-24,13,27.27,25.0,naive
2016-03-24,14,26.5,24.03,naive
2016-03-24,15,25.35,24.13,naive
2016-03-24,16,26.6,24.18,naive
2016-03-24,17,30.0,28.0,naive
2016-03-24,18,32.47,32.44,naive
2016-03-24,19,35.18,37.16,naive
2016-03-24,20,33.97,34.98,naive
2016-03-24,21,25.96,31.43,naive
2016-03-24,22,25.06,25.02,naive
2016-03-24,23,22.52,22.59,naive
2016-03-25,0,23.92,22.08,naive
2016-03-25,1,21.07,21.5,naive
2016-03-25,2,21.0,21.11,naive
2016-03-25,3,20.0,21.38,naive
2016-03-25,4,20.01,21.75,naive
2016-03-25,5,20.3,22.97,naive
2016-03-25,6,20.26,31.49,naive
2016-03-25,7,20.39,35.0,naive
2016-03-25,8,21.85,34.94,naive
2016-03-25,9,23.85,32.4,naive
2016-03-25,10,27.26,31.69,naive
2016-03-25,11,28.91,31.0,naive
2016-03-25,12,27.87,28.62,naive
2016-03-25,13,27.06,27.27,naive
2016-03-25,14,26.01,26.5,naive
2016-03-25,15,24.44,25.35,naive
2016-03-25,16,23.5,26.6,naive
2016-03-25,17,26.1,30.0,naive
2016-03-25,18,29.44,32.47,naive
2016-03-25,19,33.08,35.18,naive
2016-03-25,20,32.95,33.97,naive
2016-03-25,21,31.48,25.96,naive
2016-03-25,22,30.12,25.06,naive
2016-03-25,23,30.0,22.52,naive
2016-03-26,0,28.07,23.37,naive
2016-03-26,1,24.08,21.68,naive
2016-03-26,2,21.11,21.66,naive
2016-03-26,3,20.0,22.6,naive
2016-03-26,4,20.0,22.71,naive
2016-03-26,5,20.01,22.2,naive
2016-03-26,6,20.01,22.4,naive
2016-03-26,7,21.69,28.93,naive
2016-03-26,8,22.49,29.38,naive
2016-03-26,9,24.0,28.58,naive
2016-03-26,10,21.6,26.96,naive
2016-03-26,11,19.97,24.79,naive
2016-03-26,12,19.06,23.04,naive
2016-03-26,13,18.07,22.04,naive
2016-03-26,14,16.28,21.12,naive
2016-03-26,15,15.75,20.93,naive
2016-03-26,16,15.85,21.3,naive
2016-03-26,17,19.39,24.0,naive
2016-03-26,18,21.32,31.21,naive
2016-03-26,19,22.12,35.42,naive
2016-03-26,20,20.75,26.18,naive
2016-03-26,21,17.99,22.78,naive
2016-03-26,22,17.91,24.69,naive
2016-03-26,23,14.66,21.21,naive
2016-03-27,0,7.33,17.73,naive
2016-03-27,1,3.04,17.04,naive
2016-03-27,2,4.57,18.63,naive
2016-03-27,3,6.1,18.59,naive
2016-03-27,4,4.02,18.71,naive
2016-03-27,5,4.02,18.73,naive
2016-03-27,6,0.91,18.51,naive
2016-03-27,7,4.63,17.05,naive
2016-03-27,8,7.5,16.04,naive
2016-03-27,9,8.91,16.09,naive
2016-03-27,10,10.99,14.33,naive
2016-03-27,11,11.16,16.07,naive
2016-03-27,12,11.49,13.19,naive
2016-03-27,13,9.19,12.44,naive
2016-03-27,14,6.49,12.0,naive
2016-03-27,15,6.92,12.69,naive
2016-03-27,16,7.47,13.59,naive
2016-03-27,17,13.06,19.02,naive
2016-03-27,18,14.94,23.54,naive
2016-03-27,19,19.6,25.86,naive
2016-03-27,20,22.86,22.66,naive
2016-03-27,21,20.36,22.32,naive
2016-03-27,22,19.98,24.03,naive
2016-03-27,23,18.5,20.33,naive
2016-03-28,0,12.88,23.92,naive
2016-03-28,1,8.28,21.07,naive
2016-03-28,2,7.43,21.0,naive
2016-03-28,3,6.5,20.0,naive
2016-03-28,4,5.27,20.01,naive
2016-03-28,5,6.28,20.3,naive
2016-03-28,6,5.86,20.26,naive
2016-03-28,7,5.96,20.39,naive
2016-03-28,8,3.99,21.85,naive
2016-03-28,9,3.41,23.85,naive
2016-03-28,10,2.68,27.26,naive
2016-03-28,11,0.07,28.91,naive
2016-03-28,12,-4.01,27.87,naive
2016-03-28,13,-28.68,27.06,naive
2016-03-28,14,-38.45,26.01,naive
2016-03-28,15,-19.92,24.44,naive
2016-03-28,16,-13.82,23.5,naive
2016-03-28,17,-4.2,26.1,naive
2016-03-28,18,7.45,29.44,naive
2016-03-28,19,11.79,33.08,naive
2016-03-28,20,17.02,32.95,naive
2016-03-28,21,11.47,31.48,naive
2016-03-28,22,16.29,30.12,naive
2016-03-28,23,12.98,30.0,naive
2016-03-29,0,11.51,12.88,naive
2016-03-29,1,9.14,8.28,naive
2016-03-29,2,11.95,7.43,naive
2016-03-29,3,9.23,6.5,naive
2016-03-29,4,8.3,5.27,naive
2016-03-29,5,13.49,6.28,naive
2016-03-29,6,25.35,5.86,naive
2016-03-29,7,31.52,5.96,naive
2016-03-29,8,31.43,3.99,naive
2016-03-29,9,26.37,3.41,naive
2016-03-29,10,21.76,2.68,naive
2016-03-29,11,21.06,0.07,naive
2016-03-29,12,20.43,-4.01,naive
2016-03-29,13,19.99,-28.68,naive
2016-03-29,14,19.08,-38.45,naive
2016-03-29,15,19.05,-19.92,naive
2016-03-29,16,19.14,-13.82,naive
2016-03-29,17,21.48,-4.2,naive
2016-03-29,18,30.07,7.45,naive
2016-03-29,19,35.79,11.79,naive
2016-03-29,20,39.54,17.02,naive
2016-03-29,21,32.64,11.47,naive
2016-03-29,22,28.56,16.29,naive
2016-03-29,23,22.72,12.98,naive
2016-03-30,0,24.9,11.51,naive
2016-03-30,1,22.0,9.14,naive
2016-03-30,2,20.87,11.95,naive
2016-03-30,3,19.92,9.23,naive
2016-03-30,4,20.18,8.3,naive
2016-03-30,5,21.65,13.49,naive
2016-03-30,6,29.6,25.35,naive
2016-03-30,7,29.89,31.52,naive
2016-03-30,8,27.95,31.43,naive
2016-03-30,9,31.93,26.37,naive
2016-03-30,10,29.65,21.76,naive
2016-03-30,11,27.16,21.06,naive
2016-03-30,12,26.89,20.43,naive
2016-03-30,13,22.25,19.99,naive
2016-03-30,14,22.3,19.08,naive
2016-03-30,15,22.23,19.05,naive
2016-03-30,16,25.64,19.14,naive
2016-03-30,17,29.04,21.48,naive
2016-03-30,18,31.9,30.07,naive
2016-03-30,19,37.42,35.79,naive
2016-03-30,20,37.0,39.54,naive
2016-03-30,21,34.65,32.64,naive
2016-03-30,22,30.38,28.56,naive
2016-03-30,23,27.25,22.72,naive
2016-03-31,0,23.34,24.9,naive
2016-03-31,1,22.27,22.0,naive
2016-03-31,2,21.5,20.87,naive
2016-03-31,3,21.11,19.92,naive
2016-03-31,4,21.29,20.18,naive
2016-03-31,5,22.86,21.65,naive
2016-03-31,6,29.08,29.6,naive
2016-03-31,7,36.09,29.89,naive
2016-03-31,8,40.96,27.95,naive
2016-03-31,9,36.46,31.93,naive
2016-03-31,10,34.64,29.65,naive
2016-03-31,11,33.95,27.16,naive
2016-03-31,12,30.03,26.89,naive
2016-03-31,13,30.03,22.25,naive
2016-03-31,14,27.92,22.3,naive
2016-03-31,15,25.12,22.23,naive
2016-03-31,16,24.73,25.64,naive
2016-03-31,17,24.93,29.04,naive
2016-03-31,18,27.44,31.9,naive
2016-03-31,19,31.07,37.42,naive
2016-03-31,20,31.99,37.0,naive
2016-03-31,21,25.35,34.65,naive
2016-03-31,22,25.23,30.38,naive
2016-03-31,23,23.22,27.25,naive
2016-04-01,0,21.35,23.34,naive
2016-04-01,1,20.98,22.27,naive
2016-04-01,2,21.19,21.5,naive
2016-04-01,3,20.64,21.11,naive
2016-04-01,4,21.13,21.29,naive
2016-04-01,5,21.78,22.86,naive
2016-04-01,6,29.73,29.08,naive
2016-04-01,7,36.5,36.09,naive
2016-04-01,8,40.44,40.96,naive
2016-04-01,9,38.39,36.46,naive
2016-04-01,10,34.57,34.64,naive
2016-04-01,11,30.55,33.95,naive
2016-04-01,12,25.79,30.03,naive
2016-04-01,13,23.09,30.03,naive
2016-04-01,14,23.13,27.92,naive
2016-04-01,15,23.0,25.12,naive
2016-04-01,16,22.45,24.73,naive
2016-04-01,17,24.28,24.93,naive
2016-04-01,18,31.91,27.44,naive
2016-04-01,19,33.9,31.07,naive
2016-04-01,20,35.85,31.99,naive
2016-04-01,21,31.3,25.35,naive
2016-04-01,22,24.33,25.23,naive
2016-04-01,23,26.03,23.22,naive
2016-04-02,0,21.82,28.07,naive
2016-04-02,1,21.31,24.08,naive
2016-04-02,2,21.1,21.11,naive
2016-04-02,3,19.84,20.0,naive
2016-04-02,4,19.91,20.0,naive
2016-04-02,5,20.09,20.01,naive
2016-04-02,6,20.19,20.01,naive
2016-04-02,7,22.29,21.69,naive
2016-04-02,8,22.51,22.49,naive
2016-04-02,9,22.04,24.0,naive
2016-04-02,10,20.81,21.6,naive
2016-04-02,11,19.55,19.97,naive
2016-04-02,12,18.12,19.06,naive
2016-04-02,13,17.06,18.07,naive
2016-04-02,14,14.06,16.28,naive
2016-04-02,15,16.05,15.75,naive
2016-04-02,16,18.73,15.85,naive
2016-04-02,17,20.12,19.39,naive
2016-04-02,18,23.41,21.32,naive
2016-04-02,19,28.2,22.12,naive
2016-04-02,20,30.43,20.75,naive
2016-04-02,21,30.1,17.99,naive
2016-04-02,22,26.79,17.91,naive
2016-04-02,23,21.43,14.66,naive
2016-04-03,0,19.59,7.33,naive
2016-04-03,1,18.07,3.04,naive
2016-04-03,2,17.5,4.57,naive
2016-04-03,3,15.29,6.1,naive
2016-04-03,4,15.68,4.02,naive
2016-04-03,5,15.59,4.02,naive
2016-04-03,6,13.32,0.91,naive
2016-04-03,7,14.6,4.63,naive
2016-04-03,8,17.48,7.5,naive
2016-04-03,9,18.55,8.91,naive
2016-04-03,10,17.36,10.99,naive
2016-04-03,11,17.67,11.16,naive
2016-04-03,12,15.48,11.49,naive
2016-04-03,13,14.8,9.19,naive
2016-04-03,14,12.75,6.49,naive
2016-04-03,15,12.18,6.92,naive
2016-04-03,16,13.02,7.47,naive
2016-04-03,17,15.77,13.06,naive
2016-04-03,18,21.19,14.94,naive
2016-04-03,19,23.15,19.6,naive
2016-04-03,20,25.28,22.86,naive
2016-04-03,21,25.01,20.36,naive
2016-04-03,22,24.32,19.98,naive
2016-04-03,23,20.9,18.5,naive
2016-04-04,0,21.0,21.35,naive
2016-04-04,1,19.59,20.98,naive
2016-04-04,2,19.15,21.19,naive
2016-04-04,3,18.75,20.64,naive
2016-04-04,4,18.72,21.13,naive
2016-04-04,5,20.39,21.78,naive
2016-04-04,6,29.1,29.73,naive
2016-04-04,7,34.19,36.5,naive
2016-04-04,8,35.42,40.44,naive
2016-04-04,9,33.5,38.39,naive
2016-04-04,10,29.62,34.57,naive
2016-04-04,11,25.1,30.55,naive
2016-04-04,12,23.37,25.79,naive
2016-04-04,13,23.83,23.09,naive
2016-04-04,14,23.93,23.13,naive
2016-04-04,15,23.04,23.0,naive
2016-04-04,16,27.42,22.45,naive
2016-04-04,17,29.25,24.28,naive
2016-04-04,18,32.96,31.91,naive
2016-04-04,19,35.05,33.9,naive
2016-04-04,20,36.1,35.85,naive
2016-04-04,21,35.6,31.3,naive
2016-04-04,22,30.3,24.33,naive
2016-04-04,23,25.96,26.03,naive
2016-04-05,0,21.39,21.0,naive
2016-04-05,1,20.8,19.59,naive
2016-04-05,2,20.76,19.15,naive
2016-04-05,3,20.31,18.75,naive
2016-04-05,4,20.34,18.72,naive
2016-04-05,5,21.79,20.39,naive
2016-04-05,6,27.84,29.1,naive
2016-04-05,7,32.76,34.19,naive
2016-04-05,8,35.18,35.42,naive
2016-04-05,9,34.92,33.5,naive
2016-04-05,10,34.1,29.62,naive
2016-04-05,11,32.93,25.1,naive
2016-04-05,12,29.52,23.37,naive
2016-04-05,13,26.58,23.83,naive
2016-04-05,14,24.74,23.93,naive
2016-04-05,15,24.19,23.04,naive
2016-04-05,16,23.96,27.42,naive
2016-04-05,17,27.05,29.25,naive
2016-04-05,18,29.79,32.96,naive
2016-04-05,19,30.66,35.05,naive
2016-04-05,20,30.04,36.1,naive
2016-04-05,21,28.0,35.6,naive
2016-04-05,22,25.32,30.3,naive
2016-04-05,23,21.97,25.96,naive
2016-04-06,0,20.0,21.39,naive
2016-04-06,1,19.2,20.8,naive
2016-04-06,2,19.06,20.76,naive
2016-04-06,3,18.95,20.31,naive
2016-04-06,4,19.02,20.34,naive
2016-04-06,5,20.0,21.79,naive
2016-04-06,6,24.33,27.84,naive
2016-04-06,7,32.97,32.76,naive
2016-04-06,8,34.24,35.18,naive
2016-04-06,9,25.98,34.92,naive
2016-04-06,10,23.24,34.1,naive
2016-04-06,11,21.97,32.93,naive
2016-04-06,12,21.25,29.52,naive
2016-04-06,13,20.02,26.58,naive
2016-04-06,14,19.75,24.74,naive
2016-04-06,15,19.85,24.19,naive
2016-04-06,16,20.09,23.96,naive
2016-04-06,17,21.59,27.05,naive
2016-04-06,18,23.1,29.79,naive
2016-04-06,19,26.71,30.66,naive
2016-04-06,20,28.26,30.04,naive
2016-04-06,21,23.23,28.0,naive
2016-04-06,22,21.06,25.32,naive
2016-04-06,23,19.01,21.97,naive
2016-04-07,0,16.42,20.0,naive
2016-04-07,1,16.0,19.2,naive
2016-04-07,2,13.46,19.06,naive
2016-04-07,3,12.57,18.95,naive
2016-04-07,4,13.49,19.02,naive
2016-04-07,5,17.37,20.0,naive
2016-04-07,6,22.62,24.33,naive
2016-04-07,7,28.4,32.97,naive
2016-04-07,8,31.31,34.24,naive
2016-04-07,9,26.33,25.98,naive
2016-04-07,10,21.55,23.24,naive
2016-04-07,11,21.56,21.97,naive
2016-04-07,12,22.32,21.25,naive
2016-04-07,13,21.6,20.02,naive
2016-04-07,14,22.57,19.75,naive
2016-04-07,15,21.86,19.85,naive
2016-04-07,16,21.94,20.09,naive
2016-04-07,17,22.73,21.59,naive
2016-04-07,18,28.59,23.1,naive
2016-04-07,19,31.11,26.71,naive
2016-04-07,20,32.68,28.26,naive
2016-04-07,21,29.41,23.23,naive
2016-04-07,22,28.27,21.06,naive
2016-04-07,23,23.54,19.01,naive
2016-04-08,0,23.39,16.42,naive
2016-04-08,1,21.69,16.0,naive
2016-04-08,2,21.18,13.46,naive
2016-04-08,3,20.52,12.57,naive
2016-04-08,4,21.04,13.49,naive
2016-04-08,5,21.72,17.37,naive
2016-04-08,6,29.12,22.62,naive
2016-04-08,7,35.0,28.4,naive
2016-04-08,8,38.2,31.31,naive
2016-04-08,9,37.55,26.33,naive
2016-04-08,10,34.22,21.55,naive
2016-04-08,11,32.96,21.56,naive
2016-04-08,12,29.74,22.32,naive
2016-04-08,13,27.9,21.6,naive
2016-04-08,14,26.36,22.57,naive
2016-04-08,15,24.66,21.86,naive
2016-04-08,16,23.95,21.94,naive
2016-04-08,17,27.03,22.73,naive
2016-04-08,18,29.58,28.59,naive
2016-04-08,19,32.22,31.11,naive
2016-04-08,20,31.96,32.68,naive
2016-04-08,21,30.66,29.41,naive
2016-04-08,22,30.68,28.27,naive
2016-04-08,23,29.0,23.54,naive
2016-04-09,0,28.45,21.82,naive
2016-04-09,1,24.18,21.31,naive
2016-04-09,2,23.28,21.1,naive
2016-04-09,3,21.84,19.84,naive
2016-04-09,4,21.46,19.91,naive
2016-04-09,5,21.72,20.09,naive
2016-04-09,6,22.42,20.19,naive
2016-04-09,7,23.42,22.29,naive
2016-04-09,8,27.21,22.51,naive
2016-04-09,9,25.12,22.04,naive
2016-04-09,10,22.76,20.81,naive
2016-04-09,11,22.58,19.55,naive
2016-04-09,12,21.83,18.12,naive
2016-04-09,13,20.81,17.06,naive
2016-04-09,14,19.94,14.06,naive
2016-04-09,15,20.35,16.05,naive
2016-04-09,16,20.3,18.73,naive
2016-04-09,17,22.27,20.12,naive
2016-04-09,18,26.91,23.41,naive
2016-04-09,19,29.62,28.2,naive
2016-04-09,20,31.81,30.43,naive
2016-04-09,21,29.56,30.1,naive
2016-04-09,22,27.44,26.79,naive
2016-04-09,23,24.0,21.43,naive
2016-04-10,0,21.13,19.59,naive
2016-04-10,1,20.03,18.07,naive
2016-04-10,2,19.25,17.5,naive
2016-04-10,3,18.96,15.29,naive
2016-04-10,4,19.02,15.68,naive
2016-04-10,5,18.88,15.59,naive
2016-04-10,6,19.15,13.32,naive
2016-04-10,7,19.19,14.6,naive
2016-04-10,8,20.22,17.48,naive
2016-04-10,9,20.97,18.55,naive
2016-04-10,10,21.0,17.36,naive
2016-04-10,11,20.59,17.67,naive
2016-04-10,12,19.29,15.48,naive
2016-04-10,13,16.89,14.8,naive
2016-04-10,14,14.25,12.75,naive
2016-04-10,15,13.61,12.18,naive
2016-04-10,16,12.06,13.02,naive
2016-04-10,17,16.67,15.77,naive
2016-04-10,18,20.78,21.19,naive
2016-04-10,19,22.47,23.15,naive
2016-04-10,20,24.55,25.28,naive
2016-04-10,21,23.0,25.01,naive
2016-04-10,22,21.84,24.32,naive
2016-04-10,23,19.57,20.9,naive
2016-04-11,0,16.35,23.39,naive
2016-04-11,1,13.7,21.69,naive
2016-04-11,2,12.81,21.18,naive
2016-04-11,3,10.66,20.52,naive
2016-04-11,4,13.09,21.04,naive
2016-04-11,5,18.55,21.72,naive
2016-04-11,6,25.49,29.12,naive
2016-04-11,7,32.0,35.0,naive
2016-04-11,8,34.61,38.2,naive
2016-04-11,9,28.98,37.55,naive
2016-04-11,10,25.63,34.22,naive
2016-04-11,11,23.1,32.96,naive
2016-04-11,12,22.59,29.74,naive
2016-04-11,13,22.51,27.9,naive
2016-04-11,14,22.12,26.36,naive
2016-04-11,15,21.83,24.66,naive
2016-04-11,16,22.11,23.95,naive
2016-04-11,17,23.68,27.03,naive
2016-04-11,18,28.47,29.58,naive
2016-04-11,19,31.27,32.22,naive
2016-04-11,20,32.56,31.96,naive
2016-04-11,21,31.49,30.66,naive
2016-04-11,22,27.86,30.68,naive
2016-04-11,23,24.8,29.0,naive
2016-04-12,0,22.8,16.35,naive
2016-04-12,1,22.2,13.7,naive
2016-04-12,2,21.69,12.81,naive
2016-04-12,3,21.05,10.66,naive
2016-04-12,4,21.32,13.09,naive
2016-04-12,5,22.15,18.55,naive
2016-04-12,6,28.98,25.49,naive
2016-04-12,7,36.0,32.0,naive
2016-04-12,8,38.94,34.61,naive
2016-04-12,9,37.6,28.98,naive
2016-04-12,10,34.0,25.63,naive
2016-04-12,11,31.02,23.1,naive
2016-04-12,12,27.97,22.59,naive
2016-04-12,13,26.41,22.51,naive
2016-04-12,14,24.59,22.12,naive
2016-04-12,15,24.18,21.83,naive
2016-04-12,16,25.13,22.11,naive
2016-04-12,17,27.26,23.68,naive
2016-04-12,18,31.32,28.47,naive
2016-04-12,19,34.62,31.27,naive
2016-04-12,20,34.95,32.56,naive
2016-04-12,21,32.24,31.49,naive
2016-04-12,22,30.0,27.86,naive
2016-04-12,23,24.1,24.8,naive
2016-04-13,0,22.93,22.8,naive
2016-04-13,1,21.68,22.2,naive
2016-04-13,2,21.68,21.69,naive
2016-04-13,3,21.41,21.05,naive
2016-04-13,4,21.71,21.32,naive
2016-04-13,5,22.77,22.15,naive
2016-04-13,6,31.35,28.98,naive
2016-04-13,7,34.99,36.0,naive
2016-04-13,8,39.41,38.94,naive
2016-04-13,9,35.06,37.6,naive
2016-04-13,10,33.23,34.0,naive
2016-04-13,11,31.94,31.02,naive
2016-04-13,12,28.9,27.97,naive
2016-04-13,13,27.01,26.41,naive
2016-04-13,14,25.96,24.59,naive
2016-04-13,15,26.0,24.18,naive
2016-04-13,16,26.33,25.13,naive
2016-04-13,17,29.0,27.26,naive
2016-04-13,18,32.37,31.32,naive
2016-04-13,19,33.86,34.62,naive
2016-04-13,20,34.42,34.95,naive
2016-04-13,21,31.31,32.24,naive
2016-04-13,22,28.0,30.0,naive
2016-04-13,23,23.59,24.1,naive
2016-04-14,0,23.35,22.93,naive
2016-04-14,1,21.93,21.68,naive
2016-04-14,2,21.18,21.68,naive
2016-04-14,3,20.94,21.41,naive
2016-04-14,4,21.06,21.71,naive
2016-04-14,5,21.74,22.77,naive
2016-04-14,6,27.0,31.35,naive
2016-04-14,7,32.03,34.99,naive
2016-04-14,8,37.28,39.41,naive
2016-04-14,9,34.59,35.06,naive
2016-04-14,10,30.91,33.23,naive
2016-04-14,11,28.08,31.94,naive
2016-04-14,12,26.4,28.9,naive
2016-04-14,13,25.05,27.01,naive
2016-04-14,14,23.83,25.96,naive
2016-04-14,15,23.44,26.0,naive
2016-04-14,16,23.22,26.33,naive
2016-04-14,17,24.2,29.0,naive
2016-04-14,18,27.25,32.37,naive
2016-04-14,19,32.51,33.86,naive
2016-04-14,20,31.98,34.42,naive
2016-04-14,21,31.53,31.31,naive
2016-04-14,22,28.33,28.0,naive
2016-04-14,23,23.9,23.59,naive
2016-04-15,0,22.1,23.35,naive
2016-04-15,1,21.31,21.93,naive
2016-04-15,2,20.45,21.18,naive
2016-04-15,3,20.14,20.94,naive
2016-04-15,4,20.34,21.06,naive
2016-04-15,5,21.08,21.74,naive
2016-04-15,6,25.0,27.0,naive
2016-04-15,7,31.69,32.03,naive
2016-04-15,8,34.7,37.28,naive
2016-04-15,9,33.02,34.59,naive
2016-04-15,10,30.98,30.91,naive
2016-04-15,11,29.94,28.08,naive
2016-04-15,12,28.0,26.4,naive
2016-04-15,13,23.82,25.05,naive
2016-04-15,14,22.81,23.83,naive
2016-04-15,15,21.36,23.44,naive
2016-04-15,16,21.32,23.22,naive
2016-04-15,17,22.51,24.2,naive
2016-04-15,18,23.94,27.25,naive
2016-04-15,19,26.34,32.51,naive
2016-04-15,20,28.08,31.98,naive
2016-04-15,21,27.08,31.53,naive
2016-04-15,22,25.0,28.33,naive
2016-04-15,23,24.69,23.9,naive
2016-04-16,0,21.3,28.45,naive
2016-04-16,1,19.7,24.18,naive
2016-04-16,2,19.24,23.28,naive
2016-04-16,3,18.28,21.84,naive
2016-04-16,4,17.19,21.46,naive
2016-04-16,5,18.76,21.72,naive
2016-04-16,6,19.46,22.42,naive
2016-04-16,7,19.54,23.42,naive
2016-04-16,8,21.14,27.21,naive
2016-04-16,9,21.64,25.12,naive
2016-04-16,10,19.8,22.76,naive
2016-04-16,11,19.06,22.58,naive
2016-04-16,12,18.05,21.83,naive
2016-04-16,13,14.06,20.81,naive
2016-04-16,14,13.77,19.94,naive
2016-04-16,15,13.19,20.35,naive
2016-04-16,16,12.69,20.3,naive
2016-04-16,17,14.08,22.27,naive
2016-04-16,18,17.69,26.91,naive
2016-04-16,19,22.05,29.62,naive
2016-04-16,20,23.7,31.81,naive
2016-04-16,21,24.31,29.56,naive
2016-04-16,22,23.94,27.44,naive
2016-04-16,23,20.83,24.0,naive
2016-04-17,0,19.33,21.13,naive
2016-04-17,1,17.74,20.03,naive
2016-04-17,2,15.85,19.25,naive
2016-04-17,3,15.13,18.96,naive
2016-04-17,4,15.15,19.02,naive
2016-04-17,5,14.57,18.88,naive
2016-04-17,6,14.82,19.15,naive
2016-04-17,7,14.57,19.19,naive
2016-04-17,8,16.48,20.22,naive
2016-04-17,9,18.69,20.97,naive
2016-04-17,10,18.69,21.0,naive
2016-04-17,11,18.94,20.59,naive
2016-04-17,12,18.16,19.29,naive
2016-04-17,13,16.16,16.89,naive
2016-04-17,14,13.82,14.25,naive
2016-04-17,15,12.52,13.61,naive
2016-04-17,16,13.52,12.06,naive
2016-04-17,17,16.16,16.67,naive
2016-04-17,18,19.35,20.78,naive
2016-04-17,19,21.19,22.47,naive
2016-04-17,20,26.4,24.55,naive
2016-04-17,21,29.65,23.0,naive
2016-04-17,22,30.16,21.84,naive
2016-04-17,23,27.25,19.57,naive
2016-04-18,0,20.92,22.1,naive
2016-04-18,1,20.9,21.31,naive
2016-04-18,2,19.7,20.45,naive
2016-04-18,3,18.9,20.14,naive
2016-04-18,4,19.0,20.34,naive
2016-04-18,5,20.6,21.08,naive
2016-04-18,6,30.0,25.0,naive
2016-04-18,7,37.06,31.69,naive
2016-04-18,8,38.79,34.7,naive
2016-04-18,9,29.27,33.02,naive
2016-04-18,10,24.09,30.98,naive
2016-04-18,11,23.28,29.94,naive
2016-04-18,12,21.14,28.0,naive
2016-04-18,13,20.7,23.82,naive
2016-04-18,14,20.65,22.81,naive
2016-04-18,15,20.49,21.36,naive
2016-04-18,16,20.31,21.32,naive
2016-04-18,17,20.94,22.51,naive
2016-04-18,18,23.19,23.94,naive
2016-04-18,19,25.62,26.34,naive
2016-04-18,20,27.92,28.08,naive
2016-04-18,21,29.03,27.08,naive
2016-04-18,22,22.55,25.0,naive
2016-04-18,23,19.31,24.69,naive
2016-04-19,0,19.32,20.92,naive
2016-04-19,1,18.69,20.9,naive
2016-04-19,2,18.04,19.7,naive
2016-04-19,3,17.49,18.9,naive
2016-04-19,4,18.44,19.0,naive
2016-04-19,5,19.8,20.6,naive
2016-04-19,6,26.93,30.0,naive
2016-04-19,7,29.99,37.06,naive
2016-04-19,8,29.68,38.79,naive
2016-04-19,9,21.96,29.27,naive
2016-04-19,10,20.94,24.09,naive
2016-04-19,11,20.42,23.28,naive
2016-04-19,12,17.79,21.14,naive
2016-04-19,13,15.62,20.7,naive
2016-04-19,14,13.6,20.65,naive
2016-04-19,15,13.68,20.49,naive
2016-04-19,16,15.02,20.31,naive
2016-04-19,17,19.24,20.94,naive
2016-04-19,18,20.76,23.19,naive
2016-04-19,19,23.99,25.62,naive
2016-04-19,20,25.95,27.92,naive
2016-04-19,21,24.87,29.03,naive
2016-04-19,22,21.42,22.55,naive
2016-04-19,23,19.33,19.31,naive
2016-04-20,0,19.14,19.32,naive
2016-04-20,1,18.85,18.69,naive
2016-04-20,2,16.5,18.04,naive
2016-04-20,3,17.49,17.49,naive
2016-04-20,4,18.63,18.44,naive
2016-04-20,5,20.0,19.8,naive
2016-04-20,6,25.76,26.93,naive
2016-04-20,7,30.55,29.99,naive
2016-04-20,8,31.91,29.68,naive
2016-04-20,9,26.44,21.96,naive
2016-04-20,10,23.02,20.94,naive
2016-04-20,11,22.43,20.42,naive
2016-04-20,12,21.51,17.79,naive
2016-04-20,13,20.49,15.62,naive
2016-04-20,14,20.89,13.6,naive
2016-04-20,15,21.57,13.68,naive
2016-04-20,16,21.59,15.02,naive
2016-04-20,17,22.89,19.24,naive
2016-04-20,18,27.24,20.76,naive
2016-04-20,19,31.09,23.99,naive
2016-04-20,20,32.16,25.95,naive
2016-04-20,21,30.66,24.87,naive
2016-04-20,22,28.52,21.42,naive
2016-04-20,23,24.5,19.33,naive
2016-04-21,0,22.51,19.14,naive
2016-04-21,1,20.5,18.85,naive
2016-04-21,2,19.93,16.5,naive
2016-04-21,3,19.58,17.49,naive
2016-04-21,4,19.84,18.63,naive
2016-04-21,5,21.11,20.0,naive
2016-04-21,6,29.1,25.76,naive
2016-04-21,7,34.58,30.55,naive
2016-04-21,8,35.38,31.91,naive
2016-04-21,9,32.92,26.44,naive
2016-04-21,10,28.91,23.02,naive
2016-04-21,11,26.12,22.43,naive
2016-04-21,12,23.59,21.51,naive
2016-04-21,13,23.43,20.49,naive
2016-04-21,14,23.47,20.89,naive
2016-04-21,15,23.93,21.57,naive
2016-04-21,16,23.95,21.59,naive
2016-04-21,17,27.61,22.89,naive
2016-04-21,18,30.74,27.24,naive
2016-04-21,19,32.33,31.09,naive
2016-04-21,20,32.34,32.16,naive
2016-04-21,21,32.02,30.66,naive
2016-04-21,22,29.19,28.52,naive
2016-04-21,23,25.0,24.5,naive
2016-04-22,0,21.95,22.51,naive
2016-04-22,1,20.7,20.5,naive
2016-04-22,2,19.59,19.93,naive
2016-04-22,3,19.32,19.58,naive
2016-04-22,4,19.85,19.84,naive
2016-04-22,5,22.94,21.11,naive
2016-04-22,6,28.0,29.1,naive
2016-04-22,7,33.14,34.58,naive
2016-04-22,8,34.61,35.38,naive
2016-04-22,9,31.59,32.92,naive
2016-04-22,10,28.69,28.91,naive
2016-04-22,11,25.22,26.12,naive
2016-04-22,12,23.98,23.59,naive
2016-04-22,13,22.95,23.43,naive
2016-04-22,14,22.24,23.47,naive
2016-04-22,15,22.32,23.93,naive
2016-04-22,16,22.89,23.95,naive
2016-04-22,17,24.75,27.61,naive
2016-04-22,18,28.99,30.74,naive
2016-04-22,19,30.93,32.33,naive
2016-04-22,20,30.94,32.34,naive
2016-04-22,21,29.33,32.02,naive
2016-04-22,22,27.94,29.19,naive
2016-04-22,23,25.04,25.0,naive
2016-04-23,0,27.72,21.3,naive
2016-04-23,1,22.45,19.7,naive
2016-04-23,2,21.47,19.24,naive
2016-04-23,3,20.99,18.28,naive
2016-04-23,4,20.99,17.19,naive
2016-04-23,5,20.9,18.76,naive
2016-04-23,6,21.05,19.46,naive
2016-04-23,7,21.48,19.54,naive
2016-04-23,8,23.62,21.14,naive
2016-04-23,9,27.29,21.64,naive
2016-04-23,10,26.91,19.8,naive
2016-04-23,11,25.76,19.06,naive
2016-04-23,12,23.4,18.05,naive
2016-04-23,13,21.36,14.06,naive
2016-04-23,14,20.42,13.77,naive
2016-04-23,15,18.29,13.19,naive
2016-04-23,16,16.27,12.69,naive
2016-04-23,17,19.13,14.08,naive
2016-04-23,18,21.07,17.69,naive
2016-04-23,19,22.46,22.05,naive
2016-04-23,20,25.0,23.7,naive
2016-04-23,21,27.19,24.31,naive
2016-04-23,22,25.05,23.94,naive
2016-04-23,23,22.1,20.83,naive
2016-04-24,0,18.21,19.33,naive
2016-04-24,1,15.07,17.74,naive
2016-04-24,2,14.31,15.85,naive
2016-04-24,3,12.59,15.13,naive
2016-04-24,4,12.79,15.15,naive
2016-04-24,5,13.62,14.57,naive
2016-04-24,6,12.76,14.82,naive
2016-04-24,7,12.2,14.57,naive
2016-04-24,8,13.75,16.48,naive
2016-04-24,9,12.57,18.69,naive
2016-04-24,10,12.54,18.69,naive
2016-04-24,11,13.79,18.94,naive
2016-04-24,12,14.19,18.16,naive
2016-04-24,13,11.88,16.16,naive
2016-04-24,14,9.44,13.82,naive
2016-04-24,15,9.5,12.52,naive
2016-04-24,16,8.47,13.52,naive
2016-04-24,17,13.04,16.16,naive
2016-04-24,18,20.28,19.35,naive
2016-04-24,19,21.96,21.19,naive
2016-04-24,20,23.94,26.4,naive
2016-04-24,21,24.37,29.65,naive
2016-04-24,22,27.87,30.16,naive
2016-04-24,23,24.04,27.25,naive
2016-04-25,0,22.56,21.95,naive
2016-04-25,1,21.46,20.7,naive
2016-04-25,2,20.82,19.59,naive
2016-04-25,3,20.23,19.32,naive
2016-04-25,4,20.26,19.85,naive
2016-04-25,5,21.1,22.94,naive
2016-04-25,6,29.02,28.0,naive
2016-04-25,7,32.97,33.14,naive
2016-04-25,8,34.48,34.61,naive
2016-04-25,9,30.03,31.59,naive
2016-04-25,10,28.95,28.69,naive
2016-04-25,11,27.94,25.22,naive
2016-04-25,12,28.31,23.98,naive
2016-04-25,13,27.37,22.95,naive
2016-04-25,14,24.39,22.24,naive
2016-04-25,15,23.75,22.32,naive
2016-04-25,16,23.78,22.89,naive
2016-04-25,17,25.95,24.75,naive
2016-04-25,18,28.41,28.99,naive
2016-04-25,19,31.19,30.93,naive
2016-04-25,20,31.46,30.94,naive
2016-04-25,21,30.15,29.33,naive
2016-04-25,22,28.14,27.94,naive
2016-04-25,23,22.97,25.04,naive
2016-04-26,0,21.81,22.56,naive
2016-04-26,1,20.9,21.46,naive
2016-04-26,2,20.96,20.82,naive
2016-04-26,3,20.62,20.23,naive
2016-04-26,4,21.07,20.26,naive
2016-04-26,5,22.73,21.1,naive
2016-04-26,6,29.91,29.02,naive
2016-04-26,7,34.07,32.97,naive
2016-04-26,8,35.14,34.48,naive
2016-04-26,9,32.7,30.03,naive
2016-04-26,10,30.36,28.95,naive
2016-04-26,11,29.78,27.94,naive
2016-04-26,12,26.95,28.31,naive
2016-04-26,13,25.65,27.37,naive
2016-04-26,14,25.29,24.39,naive
2016-04-26,15,25.23,23.75,naive
2016-04-26,16,24.73,23.78,naive
2016-04-26,17,25.29,25.95,naive
2016-04-26,18,28.92,28.41,naive
2016-04-26,19,31.11,31.19,naive
2016-04-26,20,31.61,31.46,naive
2016-04-26,21,31.07,30.15,naive
2016-04-26,22,27.98,28.14,naive
2016-04-26,23,23.99,22.97,naive
2016-04-27,0,23.01,21.81,naive
2016-04-27,1,22.42,20.9,naive
2016-04-27,2,22.53,20.96,naive
2016-04-27,3,22.04,20.62,naive
2016-04-27,4,22.17,21.07,naive
2016-04-27,5,23.77,22.73,naive
2016-04-27,6,28.6,29.91,naive
2016-04-27,7,31.47,34.07,naive
2016-04-27,8,30.27,35.14,naive
2016-04-27,9,28.85,32.7,naive
2016-04-27,10,25.65,30.36,naive
2016-04-27,11,24.91,29.78,naive
2016-04-27,12,24.21,26.95,naive
2016-04-27,13,24.14,25.65,naive
2016-04-27,14,23.56,25.29,naive
2016-04-27,15,23.42,25.23,naive
2016-04-27,16,23.53,24.73,naive
2016-04-27,17,24.03,25.29,naive
2016-04-27,18,28.95,28.92,naive
2016-04-27,19,30.27,31.11,naive
2016-04-27,20,33.0,31.61,naive
2016-04-27,21,31.95,31.07,naive
2016-04-27,22,27.93,27.98,naive
2016-04-27,23,25.51,23.99,naive
2016-04-28,0,23.0,23.01,naive
2016-04-28,1,23.46,22.42,naive
2016-04-28,2,24.55,22.53,naive
2016-04-28,3,23.28,22.04,naive
2016-04-28,4,23.73,22.17,naive
2016-04-28,5,25.59,23.77,naive
2016-04-28,6,31.12,28.6,naive
2016-04-28,7,37.99,31.47,naive
2016-04-28,8,37.99,30.27,naive
2016-04-28,9,34.1,28.85,naive
2016-04-28,10,29.93,25.65,naive
2016-04-28,11,29.39,24.91,naive
2016-04-28,12,26.16,24.21,naive
2016-04-28,13,24.98,24.14,naive
2016-04-28,14,27.39,23.56,naive
2016-04-28,15,26.96,23.42,naive
2016-04-28,16,26.5,23.53,naive
2016-04-28,17,30.0,24.03,naive
2016-04-28,18,34.79,28.95,naive
2016-04-28,19,38.43,30.27,naive
2016-04-28,20,35.75,33.0,naive
2016-04-28,21,37.19,31.95,naive
2016-04-28,22,34.92,27.93,naive
2016-04-28,23,30.3,25.51,naive
2016-04-29,0,26.41,23.0,naive
2016-04-29,1,25.01,23.46,naive
2016-04-29,2,23.99,24.55,naive
2016-04-29,3,22.46,23.28,naive
2016-04-29,4,22.35,23.73,naive
2016-04-29,5,23.47,25.59,naive
2016-04-29,6,26.8,31.12,naive
2016-04-29,7,30.68,37.99,naive
2016-04-29,8,28.51,37.99,naive
2016-04-29,9,22.39,34.1,naive
2016-04-29,10,20.69,29.93,naive
2016-04-29,11,20.05,29.39,naive
2016-04-29,12,19.09,26.16,naive
2016-04-29,13,20.14,24.98,naive
2016-04-29,14,20.86,27.39,naive
2016-04-29,15,22.01,26.96,naive
2016-04-29,16,22.59,26.5,naive
2016-04-29,17,26.01,30.0,naive
2016-04-29,18,30.82,34.79,naive
2016-04-29,19,34.83,38.43,naive
2016-04-29,20,35.18,35.75,naive
2016-04-29,21,33.08,37.19,naive
2016-04-29,22,30.93,34.92,naive
2016-04-29,23,27.35,30.3,naive
2016-04-30,0,24.17,27.72,naive
2016-04-30,1,24.25,22.45,naive
2016-04-30,2,24.54,21.47,naive
2016-04-30,3,25.04,20.99,naive
2016-04-30,4,24.0,20.99,naive
2016-04-30,5,24.0,20.9,naive
2016-04-30,6,24.22,21.05,naive
2016-04-30,7,25.45,21.48,naive
2016-04-30,8,26.81,23.62,naive
2016-04-30,9,28.69,27.29,naive
2016-04-30,10,25.7,26.91,naive
2016-04-30,11,24.05,25.76,naive
2016-04-30,12,22.44,23.4,naive
2016-04-30,13,22.01,21.36,naive
2016-04-30,14,21.48,20.42,naive
2016-04-30,15,21.17,18.29,naive
2016-04-30,16,21.54,16.27,naive
2016-04-30,17,22.34,19.13,naive
2016-04-30,18,25.02,21.07,naive
2016-04-30,19,25.51,22.46,naive
2016-04-30,20,25.61,25.0,naive
2016-04-30,21,28.53,27.19,naive
2016-04-30,22,27.92,25.05,naive
2016-04-30,23,24.03,22.1,naive
2016-05-01,0,20.1,18.21,naive
2016-05-01,1,19.81,15.07,naive
2016-05-01,2,18.72,14.31,naive
2016-05-01,3,17.03,12.59,naive
2016-05-01,4,17.17,12.79,naive
2016-05-01,5,17.92,13.62,naive
2016-05-01,6,17.64,12.76,naive
2016-05-01,7,17.04,12.2,naive
2016-05-01,8,16.82,13.75,naive
2016-05-01,9,17.42,12.57,naive
2016-05-01,10,16.77,12.54,naive
2016-05-01,11,16.97,13.79,naive
2016-05-01,12,15.16,14.19,naive
2016-05-01,13,13.73,11.88,naive
2016-05-01,14,14.29,9.44,naive
2016-05-01,15,13.54,9.5,naive
2016-05-01,16,14.25,8.47,naive
2016-05-01,17,16.21,13.04,naive
2016-05-01,18,21.35,20.28,naive
2016-05-01,19,23.57,21.96,naive
2016-05-01,20,25.08,23.94,naive
2016-05-01,21,25.74,24.37,naive
2016-05-01,22,26.35,27.87,naive
2016-05-01,23,24.48,24.04,naive
2016-05-02,0,21.45,26.41,naive
2016-05-02,1,20.23,25.01,naive
2016-05-02,2,20.03,23.99,naive
2016-05-02,3,19.94,22.46,naive
2016-05-02,4,20.08,22.35,naive
2016-05-02,5,23.47,23.47,naive
2016-05-02,6,31.12,26.8,naive
2016-05-02,7,35.53,30.68,naive
2016-05-02,8,34.96,28.51,naive
2016-05-02,9,31.35,22.39,naive
2016-05-02,10,28.29,20.69,naive
2016-05-02,11,26.91,20.05,naive
2016-05-02,12,25.29,19.09,naive
2016-05-02,13,25.07,20.14,naive
2016-05-02,14,25.02,20.86,naive
2016-05-02,15,25.53,22.01,naive
2016-05-02,16,26.94,22.59,naive
2016-05-02,17,29.06,26.01,naive
2016-05-02,18,33.0,30.82,naive
2016-05-02,19,35.79,34.83,naive
2016-05-02,20,35.76,35.18,naive
2016-05-02,21,34.08,33.08,naive
2016-05-02,22,31.93,30.93,naive
2016-05-02,23,27.05,27.35,naive
2016-05-03,0,23.91,21.45,naive
2016-05-03,1,22.32,20.23,naive
2016-05-03,2,21.84,20.03,naive
2016-05-03,3,21.37,19.94,naive
2016-05-03,4,21.85,20.08,naive
2016-05-03,5,23.26,23.47,naive
2016-05-03,6,30.39,31.12,naive
2016-05-03,7,33.9,35.53,naive
2016-05-03,8,36.48,34.96,naive
2016-05-03,9,35.95,31.35,naive
2016-05-03,10,35.58,28.29,naive
2016-05-03,11,34.9,26.91,naive
2016-05-03,12,31.55,25.29,naive
2016-05-03,13,26.59,25.07,naive
2016-05-03,14,24.9,25.02,naive
2016-05-03,15,24.1,25.53,naive
2016-05-03,16,23.91,26.94,naive
2016-05-03,17,25.17,29.06,naive
2016-05-03,18,28.51,33.0,naive
2016-05-03,19,31.69,35.79,naive
2016-05-03,20,32.1,35.76,naive
2016-05-03,21,32.8,34.08,naive
2016-05-03,22,30.92,31.93,naive
2016-05-03,23,24.59,27.05,naive
2016-05-04,0,22.94,23.91,naive
2016-05-04,1,21.98,22.32,naive
2016-05-04,2,21.95,21.84,naive
2016-05-04,3,21.69,21.37,naive
2016-05-04,4,22.14,21.85,naive
2016-05-04,5,23.59,23.26,naive
2016-05-04,6,31.47,30.39,naive
2016-05-04,7,35.05,33.9,naive
2016-05-04,8,35.97,36.48,naive
2016-05-04,9,32.46,35.95,naive
2016-05-04,10,28.51,35.58,naive
2016-05-04,11,27.14,34.9,naive
2016-05-04,12,25.43,31.55,naive
2016-05-04,13,24.37,26.59,naive
2016-05-04,14,24.01,24.9,naive
2016-05-04,15,23.64,24.1,naive
2016-05-04,16,23.88,23.91,naive
2016-05-04,17,25.1,25.17,naive
2016-05-04,18,28.96,28.51,naive
2016-05-04,19,31.73,31.69,naive
2016-05-04,20,32.0,32.1,naive
2016-05-04,21,32.9,32.8,naive
2016-05-04,22,31.93,30.92,naive
2016-05-04,23,27.8,24.59,naive
2016-05-05,0,23.69,22.94,naive
2016-05-05,1,21.86,21.98,naive
2016-05-05,2,21.26,21.95,naive
2016-05-05,3,20.26,21.69,naive
2016-05-05,4,19.79,22.14,naive
2016-05-05,5,19.79,23.59,naive
2016-05-05,6,19.95,31.47,naive
2016-05-05,7,20.07,35.05,naive
2016-05-05,8,20.0,35.97,naive
2016-05-05,9,19.57,32.46,naive
2016-05-05,10,19.01,28.51,naive
2016-05-05,11,17.76,27.14,naive
2016-05-05,12,16.97,25.43,naive
2016-05-05,13,13.42,24.37,naive
2016-05-05,14,10.85,24.01,naive
2016-05-05,15,10.49,23.64,naive
2016-05-05,16,13.06,23.88,naive
2016-05-05,17,17.77,25.1,naive
2016-05-05,18,20.67,28.96,naive
2016-05-05,19,24.2,31.73,naive
2016-05-05,20,24.08,32.0,naive
2016-05-05,21,24.87,32.9,naive
2016-05-05,22,25.79,31.93,naive
2016-05-05,23,21.62,27.8,naive
2016-05-06,0,20.73,23.69,naive
2016-05-06,1,19.08,21.86,naive
2016-05-06,2,18.46,21.26,naive
2016-05-06,3,17.87,20.26,naive
2016-05-06,4,19.11,19.79,naive
2016-05-06,5,20.0,19.79,naive
2016-05-06,6,24.44,19.95,naive
2016-05-06,7,30.33,20.07,naive
2016-05-06,8,30.99,20.0,naive
2016-05-06,9,29.98,19.57,naive
2016-05-06,10,24.28,19.01,naive
2016-05-06,11,22.58,17.76,naive
2016-05-06,12,19.66,16.97,naive
2016-05-06,13,14.24,13.42,naive
2016-05-06,14,11.92,10.85,naive
2016-05-06,15,14.96,10.49,naive
2016-05-06,16,17.93,13.06,naive
2016-05-06,17,21.85,17.77,naive
2016-05-06,18,27.99,20.67,naive
2016-05-06,19,30.94,24.2,naive
2016-05-06,20,28.8,24.08,naive
2016-05-06,21,27.86,24.87,naive
2016-05-06,22,25.43,25.79,naive
2016-05-06,23,21.42,21.62,naive
2016-05-07,0,19.73,24.17,naive
2016-05-07,1,16.9,24.25,naive
2016-05-07,2,14.95,24.54,naive
2016-05-07,3,14.64,25.04,naive
2016-05-07,4,14.96,24.0,naive
2016-05-07,5,15.2,24.0,naive
2016-05-07,6,16.27,24.22,naive
2016-05-07,7,19.32,25.45,naive
2016-05-07,8,19.94,26.81,naive
2016-05-07,9,19.41,28.69,naive
2016-05-07,10,13.1,25.7,naive
2016-05-07,11,10.54,24.05,naive
2016-05-07,12,6.12,22.44,naive
2016-05-07,13,5.32,22.01,naive
2016-05-07,14,3.05,21.48,naive
2016-05-07,15,3.84,21.17,naive
2016-05-07,16,8.67,21.54,naive
2016-05-07,17,13.49,22.34,naive
2016-05-07,18,19.92,25.02,naive
2016-05-07,19,21.43,25.51,naive
2016-05-07,20,19.93,25.61,naive
2016-05-07,21,19.81,28.53,naive
2016-05-07,22,19.72,27.92,naive
2016-05-07,23,18.22,24.03,naive
2016-05-08,0,14.2,20.1,naive
2016-05-08,1,10.01,19.81,naive
2016-05-08,2,7.98,18.72,naive
2016-05-08,3,5.07,17.03,naive
2016-05-08,4,4.0,17.17,naive
2016-05-08,5,3.0,17.92,naive
2016-05-08,6,2.91,17.64,naive
2016-05-08,7,2.79,17.04,naive
2016-05-08,8,4.0,16.82,naive
2016-05-08,9,2.35,17.42,naive
2016-05-08,10,-1.63,16.77,naive
2016-05-08,11,-7.09,16.97,naive
2016-05-08,12,-76.09,15.16,naive
2016-05-08,13,-100.06,13.73,naive
2016-05-08,14,-130.09,14.29,naive
2016-05-08,15,-82.06,13.54,naive
2016-05-08,16,-76.0,14.25,naive
2016-05-08,17,-0.6,16.21,naive
2016-05-08,18,10.4,21.35,naive
2016-05-08,19,19.35,23.57,naive
2016-05-08,20,19.4,25.08,naive
2016-05-08,21,20.02,25.74,naive
2016-05-08,22,20.12,26.35,naive
2016-05-08,23,18.66,24.48,naive
2016-05-09,0,14.28,20.73,naive
2016-05-09,1,12.68,19.08,naive
2016-05-09,2,12.09,18.46,naive
2016-05-09,3,9.57,17.87,naive
2016-05-09,4,11.0,19.11,naive
2016-05-09,5,14.18,20.0,naive
2016-05-09,6,28.57,24.44,naive
2016-05-09,7,32.95,30.33,naive
2016-05-09,8,34.69,30.99,naive
2016-05-09,9,31.24,29.98,naive
2016-05-09,10,24.23,24.28,naive
2016-05-09,11,22.15,22.58,naive
2016-05-09,12,17.08,19.66,naive
2016-05-09,13,12.01,14.24,naive
2016-05-09,14,10.85,11.92,naive
2016-05-09,15,18.63,14.96,naive
2016-05-09,16,21.0,17.93,naive
2016-05-09,17,23.71,21.85,naive
2016-05-09,18,27.12,27.99,naive
2016-05-09,19,31.46,30.94,naive
2016-05-09,20,31.28,28.8,naive
2016-05-09,21,30.0,27.86,naive
2016-05-09,22,24.92,25.43,naive
2016-05-09,23,21.83,21.42,naive
2016-05-10,0,22.55,14.28,naive
2016-05-10,1,21.09,12.68,naive
2016-05-10,2,19.61,12.09,naive
2016-05-10,3,19.33,9.57,naive
2016-05-10,4,19.87,11.0,naive
2016-05-10,5,21.56,14.18,naive
2016-05-10,6,28.5,28.57,naive
2016-05-10,7,31.87,32.95,naive
2016-05-10,8,36.66,34.69,naive
2016-05-10,9,34.61,31.24,naive
2016-05-10,10,29.96,24.23,naive
2016-05-10,11,25.54,22.15,naive
2016-05-10,12,23.46,17.08,naive
2016-05-10,13,23.34,12.01,naive
2016-05-10,14,23.41,10.85,naive
2016-05-10,15,27.6,18.63,naive
2016-05-10,16,28.21,21.0,naive
2016-05-10,17,30.69,23.71,naive
2016-05-10,18,31.93,27.12,naive
2016-05-10,19,32.5,31.46,naive
2016-05-10,20,32.25,31.28,naive
2016-05-10,21,31.99,30.0,naive
2016-05-10,22,29.96,24.92,naive
2016-05-10,23,22.34,21.83,naive
2016-05-11,0,22.4,22.55,naive
2016-05-11,1,20.54,21.09,naive
2016-05-11,2,19.92,19.61,naive
2016-05-11,3,19.11,19.33,naive
2016-05-11,4,19.87,19.87,naive
2016-05-11,5,21.84,21.56,naive
2016-05-11,6,28.96,28.5,naive
2016-05-11,7,35.27,31.87,naive
2016-05-11,8,39.6,36.66,naive
2016-05-11,9,34.94,34.61,naive
2016-05-11,10,29.41,29.96,naive
2016-05-11,11,24.58,25.54,naive
2016-05-11,12,22.19,23.46,naive
2016-05-11,13,20.87,23.34,naive
2016-05-11,14,20.74,23.41,naive
2016-05-11,15,21.73,27.6,naive
2016-05-11,16,22.54,28.21,naive
2016-05-11,17,23.36,30.69,naive
2016-05-11,18,25.87,31.93,naive
2016-05-11,19,31.32,32.5,naive
2016-05-11,20,29.94,32.25,naive
2016-05-11,21,25.09,31.99,naive
2016-05-11,22,22.23,29.96,naive
2016-05-11,23,19.44,22.34,naive
2016-05-12,0,19.5,22.4,naive
2016-05-12,1,17.81,20.54,naive
2016-05-12,2,14.67,19.92,naive
2016-05-12,3,14.0,19.11,naive
2016-05-12,4,13.02,19.87,naive
2016-05-12,5,18.08,21.84,naive
2016-05-12,6,24.08,28.96,naive
2016-05-12,7,30.93,35.27,naive
2016-05-12,8,34.05,39.6,naive
2016-05-12,9,30.96,34.94,naive
2016-05-12,10,28.93,29.41,naive
2016-05-12,11,26.95,24.58,naive
2016-05-12,12,25.24,22.19,naive
2016-05-12,13,24.15,20.87,naive
2016-05-12,14,24.75,20.74,naive
2016-05-12,15,25.07,21.73,naive
2016-05-12,16,25.14,22.54,naive
2016-05-12,17,27.47,23.36,naive
2016-05-12,18,29.79,25.87,naive
2016-05-12,19,32.91,31.32,naive
2016-05-12,20,32.85,29.94,naive
2016-05-12,21,31.84,25.09,naive
2016-05-12,22,29.98,22.23,naive
2016-05-12,23,25.14,19.44,naive
2016-05-13,0,23.07,19.5,naive
2016-05-13,1,21.41,17.81,naive
2016-05-13,2,21.04,14.67,naive
2016-05-13,3,20.55,14.0,naive
2016-05-13,4,21.13,13.02,naive
2016-05-13,5,23.0,18.08,naive
2016-05-13,6,28.07,24.08,naive
2016-05-13,7,36.14,30.93,naive
2016-05-13,8,40.21,34.05,naive
2016-05-13,9,38.23,30.96,naive
2016-05-13,10,35.37,28.93,naive
2016-05-13,11,35.45,26.95,naive
2016-05-13,12,30.94,25.24,naive
2016-05-13,13,27.99,24.15,naive
2016-05-13,14,25.28,24.75,naive
2016-05-13,15,23.8,25.07,naive
2016-05-13,16,23.53,25.14,naive
2016-05-13,17,24.01,27.47,naive
2016-05-13,18,26.37,29.79,naive
2016-05-13,19,29.0,32.91,naive
2016-05-13,20,27.1,32.85,naive
2016-05-13,21,25.03,31.84,naive
2016-05-13,22,26.96,29.98,naive
2016-05-13,23,23.02,25.14,naive
2016-05-14,0,13.76,19.73,naive
2016-05-14,1,13.1,16.9,naive
2016-05-14,2,11.51,14.95,naive
2016-05-14,3,9.71,14.64,naive
2016-05-14,4,10.37,14.96,naive
2016-05-14,5,10.21,15.2,naive
2016-05-14,6,9.91,16.27,naive
2016-05-14,7,11.24,19.32,naive
2016-05-14,8,15.57,19.94,naive
2016-05-14,9,14.86,19.41,naive
2016-05-14,10,11.99,13.1,naive
2016-05-14,11,11.37,10.54,naive
2016-05-14,12,10.27,6.12,naive
2016-05-14,13,8.14,5.32,naive
2016-05-14,14,7.01,3.05,naive
2016-05-14,15,4.95,3.84,naive
2016-05-14,16,4.92,8.67,naive
2016-05-14,17,9.91,13.49,naive
2016-05-14,18,15.01,19.92,naive
2016-05-14,19,20.71,21.43,naive
2016-05-14,20,20.46,19.93,naive
2016-05-14,21,19.3,19.81,naive
2016-05-14,22,23.6,19.72,naive
2016-05-14,23,20.52,18.22,naive
2016-05-15,0,20.0,14.2,naive
2016-05-15,1,12.98,10.01,naive
2016-05-15,2,11.94,7.98,naive
2016-05-15,3,9.13,5.07,naive
2016-05-15,4,9.19,4.0,naive
2016-05-15,5,9.56,3.0,naive
2016-05-15,6,7.1,2.91,naive
2016-05-15,7,5.63,2.79,naive
2016-05-15,8,5.5,4.0,naive
2016-05-15,9,4.57,2.35,naive
2016-05-15,10,3.5,-1.63,naive
2016-05-15,11,3.63,-7.09,naive
2016-05-15,12,0.73,-76.09,naive
2016-05-15,13,-9.25,-100.06,naive
2016-05-15,14,-35.02,-130.09,naive
2016-05-15,15,-8.24,-82.06,naive
2016-05-15,16,-2.97,-76.0,naive
2016-05-15,17,2.49,-0.6,naive
2016-05-15,18,14.45,10.4,naive
2016-05-15,19,21.41,19.35,naive
2016-05-15,20,21.69,19.4,naive
2016-05-15,21,22.95,20.02,naive
2016-05-15,22,24.28,20.12,naive
2016-05-15,23,22.36,18.66,naive
2016-05-16,0,17.85,23.07,naive
2016-05-16,1,16.86,21.41,naive
2016-05-16,2,16.06,21.04,naive
2016-05-16,3,15.04,20.55,naive
2016-05-16,4,14.06,21.13,naive
2016-05-16,5,15.93,23.0,naive
2016-05-16,6,16.42,28.07,naive
2016-05-16,7,19.43,36.14,naive
2016-05-16,8,22.54,40.21,naive
2016-05-16,9,22.91,38.23,naive
2016-05-16,10,23.11,35.37,naive
2016-05-16,11,23.35,35.45,naive
2016-05-16,12,22.9,30.94,naive
2016-05-16,13,18.23,27.99,naive
2016-05-16,14,16.09,25.28,naive
2016-05-16,15,16.26,23.8,naive
2016-05-16,16,17.15,23.53,naive
2016-05-16,17,18.27,24.01,naive
2016-05-16,18,24.0,26.37,naive
2016-05-16,19,27.16,29.0,naive
2016-05-16,20,28.37,27.1,naive
2016-05-16,21,31.93,25.03,naive
2016-05-16,22,29.99,26.96,naive
2016-05-16,23,24.99,23.02,naive
2016-05-17,0,30.0,17.85,naive
2016-05-17,1,24.0,16.86,naive
2016-05-17,2,22.82,16.06,naive
2016-05-17,3,21.6,15.04,naive
2016-05-17,4,21.73,14.06,naive
2016-05-17,5,22.91,15.93,naive
2016-05-17,6,29.95,16.42,naive
2016-05-17,7,36.36,19.43,naive
2016-05-17,8,38.0,22.54,naive
2016-05-17,9,30.93,22.91,naive
2016-05-17,10,28.99,23.11,naive
2016-05-17,11,32.22,23.35,naive
2016-05-17,12,31.61,22.9,naive
2016-05-17,13,30.08,18.23,naive
2016-05-17,14,29.93,16.09,naive
2016-05-17,15,30.0,16.26,naive
2016-05-17,16,30.02,17.15,naive
2016-05-17,17,30.14,18.27,naive
2016-05-17,18,34.64,24.0,naive
2016-05-17,19,34.92,27.16,naive
2016-05-17,20,36.76,28.37,naive
2016-05-17,21,37.44,31.93,naive
2016-05-17,22,33.22,29.99,naive
2016-05-17,23,29.0,24.99,naive
2016-05-18,0,24.91,30.0,naive
2016-05-18,1,24.29,24.0,naive
2016-05-18,2,23.89,22.82,naive
2016-05-18,3,22.92,21.6,naive
2016-05-18,4,23.31,21.73,naive
2016-05-18,5,24.57,22.91,naive
2016-05-18,6,31.12,29.95,naive
2016-05-18,7,37.06,36.36,naive
2016-05-18,8,39.48,38.0,naive
2016-05-18,9,35.31,30.93,naive
2016-05-18,10,32.58,28.99,naive
2016-05-18,11,30.98,32.22,naive
2016-05-18,12,31.12,31.61,naive
2016-05-18,13,30.9,30.08,naive
2016-05-18,14,30.87,29.93,naive
2016-05-18,15,30.85,30.0,naive
2016-05-18,16,31.32,30.02,naive
2016-05-18,17,31.69,30.14,naive
2016-05-18,18,33.08,34.64,naive
2016-05-18,19,34.94,34.92,naive
2016-05-18,20,34.64,36.76,naive
2016-05-18,21,34.95,37.44,naive
2016-05-18,22,33.09,33.22,naive
2016-05-18,23,27.2,29.0,naive
2016-05-19,0,24.88,24.91,naive
2016-05-19,1,22.91,24.29,naive
2016-05-19,2,22.23,23.89,naive
2016-05-19,3,21.85,22.92,naive
2016-05-19,4,22.29,23.31,naive
2016-05-19,5,23.9,24.57,naive
2016-05-19,6,31.58,31.12,naive
2016-05-19,7,39.4,37.06,naive
2016-05-19,8,46.0,39.48,naive
2016-05-19,9,44.13,35.31,naive
2016-05-19,10,45.0,32.58,naive
2016-05-19,11,44.91,30.98,naive
2016-05-19,12,40.07,31.12,naive
2016-05-19,13,38.96,30.9,naive
2016-05-19,14,35.0,30.87,naive
2016-05-19,15,33.06,30.85,naive
2016-05-19,16,31.91,31.32,naive
2016-05-19,17,32.35,31.69,naive
2016-05-19,18,34.0,33.08,naive
2016-05-19,19,36.08,34.94,naive
2016-05-19,20,34.96,34.64,naive
2016-05-19,21,33.85,34.95,naive
2016-05-19,22,32.08,33.09,naive
2016-05-19,23,29.14,27.2,naive
2016-05-20,0,24.73,24.88,naive
2016-05-20,1,23.42,22.91,naive
2016-05-20,2,21.5,22.23,naive
2016-05-20,3,21.34,21.85,naive
2016-05-20,4,21.52,22.29,naive
2016-05-20,5,23.23,23.9,naive
2016-05-20,6,27.71,31.58,naive
2016-05-20,7,33.07,39.4,naive
2016-05-20,8,34.97,46.0,naive
2016-05-20,9,31.91,44.13,naive
2016-05-20,10,27.5,45.0,naive
2016-05-20,11,26.27,44.91,naive
2016-05-20,12,24.99,40.07,naive
2016-05-20,13,24.3,38.96,naive
2016-05-20,14,24.22,35.0,naive
2016-05-20,15,24.2,33.06,naive
2016-05-20,16,24.57,31.91,naive
2016-05-20,17,28.9,32.35,naive
2016-05-20,18,32.69,34.0,naive
2016-05-20,19,33.92,36.08,naive
2016-05-20,20,34.06,34.96,naive
2016-05-20,21,33.21,33.85,naive
2016-05-20,22,33.66,32.08,naive
2016-05-20,23,27.98,29.14,naive
2016-05-21,0,24.36,13.76,naive
2016-05-21,1,23.49,13.1,naive
2016-05-21,2,22.6,11.51,naive
2016-05-21,3,21.75,9.71,naive
2016-05-21,4,21.26,10.37,naive
2016-05-21,5,20.5,10.21,naive
2016-05-21,6,20.66,9.91,naive
2016-05-21,7,22.88,11.24,naive
2016-05-21,8,23.06,15.57,naive
2016-05-21,9,22.55,14.86,naive
2016-05-21,10,20.32,11.99,naive
2016-05-21,11,18.95,11.37,naive
2016-05-21,12,16.19,10.27,naive
2016-05-21,13,15.24,8.14,naive
2016-05-21,14,15.09,7.01,naive
2016-05-21,15,13.29,4.95,naive
2016-05-21,16,17.42,4.92,naive
2016-05-21,17,19.06,9.91,naive
2016-05-21,18,23.9,15.01,naive
2016-05-21,19,26.28,20.71,naive
2016-05-21,20,30.94,20.46,naive
2016-05-21,21,31.49,19.3,naive
2016-05-21,22,28.94,23.6,naive
2016-05-21,23,23.42,20.52,naive
2016-05-22,0,17.79,20.0,naive
2016-05-22,1,10.38,12.98,naive
2016-05-22,2,7.62,11.94,naive
2016-05-22,3,4.6,9.13,naive
2016-05-22,4,2.81,9.19,naive
2016-05-22,5,0.13,9.56,naive
2016-05-22,6,-1.0,7.1,naive
2016-05-22,7,0.5,5.63,naive
2016-05-22,8,2.59,5.5,naive
2016-05-22,9,-0.94,4.57,naive
2016-05-22,10,-1.11,3.5,naive
2016-05-22,11,-0.9,3.63,naive
2016-05-22,12,-5.68,0.73,naive
2016-05-22,13,-25.72,-9.25,naive
2016-05-22,14,-10.97,-35.02,naive
2016-05-22,15,-7.82,-8.24,naive
2016-05-22,16,-5.19,-2.97,naive
2016-05-22,17,2.02,2.49,naive
2016-05-22,18,21.33,14.45,naive
2016-05-22,19,23.65,21.41,naive
2016-05-22,20,25.32,21.69,naive
2016-05-22,21,26.11,22.95,naive
2016-05-22,22,27.22,24.28,naive
2016-05-22,23,22.9,22.36,naive
2016-05-23,0,22.61,24.73,naive
2016-05-23,1,20.89,23.42,naive
2016-05-23,2,19.51,21.5,naive
2016-05-23,3,18.91,21.34,naive
2016-05-23,4,19.46,21.52,naive
2016-05-23,5,20.69,23.23,naive
2016-05-23,6,28.05,27.71,naive
2016-05-23,7,34.51,33.07,naive
2016-05-23,8,35.93,34.97,naive
2016-05-23,9,33.99,31.91,naive
2016-05-23,10,36.0,27.5,naive
2016-05-23,11,35.94,26.27,naive
2016-05-23,12,33.91,24.99,naive
2016-05-23,13,33.54,24.3,naive
2016-05-23,14,32.5,24.22,naive
2016-05-23,15,32.78,24.2,naive
2016-05-23,16,31.96,24.57,naive
2016-05-23,17,31.68,28.9,naive
2016-05-23,18,32.49,32.69,naive
2016-05-23,19,33.09,33.92,naive
2016-05-23,20,33.97,34.06,naive
2016-05-23,21,31.97,33.21,naive
2016-05-23,22,24.47,33.66,naive
2016-05-23,23,22.71,27.98,naive
2016-05-24,0,21.99,22.61,naive
2016-05-24,1,21.75,20.89,naive
2016-05-24,2,20.48,19.51,naive
2016-05-24,3,20.0,18.91,naive
2016-05-24,4,20.72,19.46,naive
2016-05-24,5,22.61,20.69,naive
2016-05-24,6,26.13,28.05,naive
2016-05-24,7,34.38,34.51,naive
2016-05-24,8,37.09,35.93,naive
2016-05-24,9,36.19,33.99,naive
2016-05-24,10,36.94,36.0,naive
2016-05-24,11,36.06,35.94,naive
2016-05-24,12,33.09,33.91,naive
2016-05-24,13,33.0,33.54,naive
2016-05-24,14,32.69,32.5,naive
2016-05-24,15,30.92,32.78,naive
2016-05-24,16,29.12,31.96,naive
2016-05-24,17,29.8,31.68,naive
2016-05-24,18,31.25,32.49,naive
2016-05-24,19,32.2,33.09,naive
2016-05-24,20,31.64,33.97,naive
2016-05-24,21,32.38,31.97,naive
2016-05-24,22,30.43,24.47,naive
2016-05-24,23,24.98,22.71,naive
2016-05-25,0,22.97,21.99,naive
2016-05-25,1,22.57,21.75,naive
2016-05-25,2,21.57,20.48,naive
2016-05-25,3,21.0,20.0,naive
2016-05-25,4,21.63,20.72,naive
2016-05-25,5,22.99,22.61,naive
2016-05-25,6,30.92,26.13,naive
2016-05-25,7,35.8,34.38,naive
2016-05-25,8,39.2,37.09,naive
2016-05-25,9,34.99,36.19,naive
2016-05-25,10,34.16,36.94,naive
2016-05-25,11,33.07,36.06,naive
2016-05-25,12,31.02,33.09,naive
2016-05-25,13,28.95,33.0,naive
2016-05-25,14,30.13,32.69,naive
2016-05-25,15,30.12,30.92,naive
2016-05-25,16,30.9,29.12,naive
2016-05-25,17,32.92,29.8,naive
2016-05-25,18,35.8,31.25,naive
2016-05-25,19,36.61,32.2,naive
2016-05-25,20,36.76,31.64,naive
2016-05-25,21,35.49,32.38,naive
2016-05-25,22,34.92,30.43,naive
2016-05-25,23,28.06,24.98,naive
2016-05-26,0,25.74,22.97,naive
2016-05-26,1,24.16,22.57,naive
2016-05-26,2,23.42,21.57,naive
2016-05-26,3,23.27,21.0,naive
2016-05-26,4,23.33,21.63,naive
2016-05-26,5,23.79,22.99,naive
2016-05-26,6,26.15,30.92,naive
2016-05-26,7,30.96,35.8,naive
2016-05-26,8,30.97,39.2,naive
2016-05-26,9,27.94,34.99,naive
2016-05-26,10,25.57,34.16,naive
2016-05-26,11,24.79,33.07,naive
2016-05-26,12,25.46,31.02,naive
2016-05-26,13,24.71,28.95,naive
2016-05-26,14,24.69,30.13,naive
2016-05-26,15,25.16,30.12,naive
2016-05-26,16,25.76,30.9,naive
2016-05-26,17,28.07,32.92,naive
2016-05-26,18,34.0,35.8,naive
2016-05-26,19,35.27,36.61,naive
2016-05-26,20,34.95,36.76,naive
2016-05-26,21,32.94,35.49,naive
2016-05-26,22,33.1,34.92,naive
2016-05-26,23,26.94,28.06,naive
2016-05-27,0,24.43,25.74,naive
2016-05-27,1,23.42,24.16,naive
2016-05-27,2,21.95,23.42,naive
2016-05-27,3,20.61,23.27,naive
2016-05-27,4,21.69,23.33,naive
2016-05-27,5,23.45,23.79,naive
2016-05-27,6,27.88,26.15,naive
2016-05-27,7,32.99,30.96,naive
2016-05-27,8,35.48,30.97,naive
2016-05-27,9,34.26,27.94,naive
2016-05-27,10,32.95,25.57,naive
2016-05-27,11,32.91,24.79,naive
2016-05-27,12,30.37,25.46,naive
2016-05-27,13,27.2,24.71,naive
2016-05-27,14,26.64,24.69,naive
2016-05-27,15,26.86,25.16,naive
2016-05-27,16,27.68,25.76,naive
2016-05-27,17,30.96,28.07,naive
2016-05-27,18,32.91,34.0,naive
2016-05-27,19,33.2,35.27,naive
2016-05-27,20,32.19,34.95,naive
2016-05-27,21,31.85,32.94,naive
2016-05-27,22,30.23,33.1,naive
2016-05-27,23,25.99,26.94,naive
2016-05-28,0,28.92,24.36,naive
2016-05-28,1,24.38,23.49,naive
2016-05-28,2,22.79,22.6,naive
2016-05-28,3,22.14,21.75,naive
2016-05-28,4,21.69,21.26,naive
2016-05-28,5,21.91,20.5,naive
2016-05-28,6,22.56,20.66,naive
2016-05-28,7,24.02,22.88,naive
2016-05-28,8,26.57,23.06,naive
2016-05-28,9,26.95,22.55,naive
2016-05-28,10,24.46,20.32,naive
2016-05-28,11,23.49,18.95,naive
2016-05-28,12,22.87,16.19,naive
2016-05-28,13,22.06,15.24,naive
2016-05-28,14,21.47,15.09,naive
2016-05-28,15,20.42,13.29,naive
2016-05-28,16,20.0,17.42,naive
2016-05-28,17,22.01,19.06,naive
2016-05-28,18,25.57,23.9,naive
2016-05-28,19,26.42,26.28,naive
2016-05-28,20,27.1,30.94,naive
2016-05-28,21,25.69,31.49,naive
2016-05-28,22,23.37,28.94,naive
2016-05-28,23,22.31,23.42,naive
2016-05-29,0,18.03,17.79,naive
2016-05-29,1,13.15,10.38,naive
2016-05-29,2,12.97,7.62,naive
2016-05-29,3,13.17,4.6,naive
2016-05-29,4,8.9,2.81,naive
2016-05-29,5,6.16,0.13,naive
2016-05-29,6,10.58,-1.0,naive
2016-05-29,7,13.87,0.5,naive
2016-05-29,8,14.67,2.59,naive
2016-05-29,9,15.23,-0.94,naive
2016-05-29,10,12.87,-1.11,naive
2016-05-29,11,14.03,-0.9,naive
2016-05-29,12,10.46,-5.68,naive
2016-05-29,13,8.57,-25.72,naive
2016-05-29,14,4.6,-10.97,naive
2016-05-29,15,3.78,-7.82,naive
2016-05-29,16,5.32,-5.19,naive
2016-05-29,17,8.42,2.02,naive
2016-05-29,18,18.08,21.33,naive
2016-05-29,19,21.88,23.65,naive
2016-05-29,20,22.77,25.32,naive
2016-05-29,21,23.04,26.11,naive
2016-05-29,22,23.1,27.22,naive
2016-05-29,23,19.73,22.9,naive
2016-05-30,0,18.07,24.43,naive
2016-05-30,1,13.87,23.42,naive
2016-05-30,2,12.27,21.95,naive
2016-05-30,3,11.28,20.61,naive
2016-05-30,4,11.86,21.69,naive
2016-05-30,5,18.01,23.45,naive
2016-05-30,6,26.16,27.88,naive
2016-05-30,7,34.94,32.99,naive
2016-05-30,8,35.25,35.48,naive
2016-05-30,9,35.43,34.26,naive
2016-05-30,10,34.79,32.95,naive
2016-05-30,11,34.25,32.91,naive
2016-05-30,12,29.0,30.37,naive
2016-05-30,13,26.33,27.2,naive
2016-05-30,14,25.08,26.64,naive
2016-05-30,15,24.67,26.86,naive
2016-05-30,16,25.06,27.68,naive
2016-05-30,17,25.47,30.96,naive
2016-05-30,18,28.74,32.91,naive
2016-05-30,19,28.99,33.2,naive
2016-05-30,20,25.48,32.19,naive
2016-05-30,21,24.68,31.85,naive
2016-05-30,22,23.9,30.23,naive
2016-05-30,23,21.94,25.99,naive
2016-05-31,0,21.17,18.07,naive
2016-05-31,1,19.25,13.87,naive
2016-05-31,2,16.44,12.27,naive
2016-05-31,3,16.09,11.28,naive
2016-05-31,4,17.31,11.86,naive
2016-05-31,5,20.98,18.01,naive
2016-05-31,6,24.52,26.16,naive
2016-05-31,7,32.93,34.94,naive
2016-05-31,8,35.81,35.25,naive
2016-05-31,9,35.47,35.43,naive
2016-05-31,10,34.94,34.79,naive
2016-05-31,11,35.8,34.25,naive
2016-05-31,12,32.78,29.0,naive
2016-05-31,13,30.94,26.33,naive
2016-05-31,14,30.57,25.08,naive
2016-05-31,15,28.82,24.67,naive
2016-05-31,16,29.26,25.06,naive
2016-05-31,17,32.37,25.47,naive
2016-05-31,18,34.94,28.74,naive
2016-05-31,19,35.92,28.99,naive
2016-05-31,20,32.95,25.48,naive
2016-05-31,21,31.98,24.68,naive
2016-05-31,22,30.78,23.9,naive
2016-05-31,23,26.15,21.94,naive
2016-06-01,0,24.0,21.17,naive
2016-06-01,1,22.23,19.25,naive
2016-06-01,2,21.07,16.44,naive
2016-06-01,3,20.08,16.09,naive
2016-06-01,4,20.18,17.31,naive
2016-06-01,5,23.1,20.98,naive
2016-06-01,6,29.9,24.52,naive
2016-06-01,7,37.49,32.93,naive
2016-06-01,8,40.87,35.81,naive
2016-06-01,9,41.0,35.47,naive
2016-06-01,10,40.44,34.94,naive
2016-06-01,11,40.51,35.8,naive
2016-06-01,12,36.64,32.78,naive
2016-06-01,13,32.11,30.94,naive
2016-06-01,14,30.9,30.57,naive
2016-06-01,15,28.96,28.82,naive
2016-06-01,16,28.12,29.26,naive
2016-06-01,17,30.11,32.37,naive
2016-06-01,18,32.66,34.94,naive
2016-06-01,19,32.92,35.92,naive
2016-06-01,20,30.95,32.95,naive
2016-06-01,21,29.57,31.98,naive
2016-06-01,22,30.9,30.78,naive
2016-06-01,23,26.64,26.15,naive
2016-06-02,0,21.96,24.0,naive
2016-06-02,1,20.75,22.23,naive
2016-06-02,2,20.06,21.07,naive
2016-06-02,3,20.0,20.08,naive
2016-06-02,4,20.0,20.18,naive
2016-06-02,5,22.37,23.1,naive
2016-06-02,6,29.03,29.9,naive
2016-06-02,7,37.97,37.49,naive
2016-06-02,8,39.54,40.87,naive
2016-06-02,9,37.98,41.0,naive
2016-06-02,10,37.09,40.44,naive
2016-06-02,11,36.37,40.51,naive
2016-06-02,12,32.08,36.64,naive
2016-06-02,13,28.67,32.11,naive
2016-06-02,14,26.68,30.9,naive
2016-06-02,15,25.95,28.96,naive
2016-06-02,16,25.92,28.12,naive
2016-06-02,17,28.22,30.11,naive
2016-06-02,18,31.84,32.66,naive
2016-06-02,19,32.96,32.92,naive
2016-06-02,20,31.96,30.95,naive
2016-06-02,21,29.46,29.57,naive
2016-06-02,22,29.16,30.9,naive
2016-06-02,23,24.59,26.64,naive
2016-06-03,0,24.1,21.96,naive
2016-06-03,1,21.68,20.75,naive
2016-06-03,2,21.22,20.06,naive
2016-06-03,3,20.64,20.0,naive
2016-06-03,4,20.9,20.0,naive
2016-06-03,5,22.5,22.37,naive
2016-06-03,6,27.46,29.03,naive
2016-06-03,7,35.45,37.97,naive
2016-06-03,8,40.08,39.54,naive
2016-06-03,9,39.93,37.98,naive
2016-06-03,10,36.44,37.09,naive
2016-06-03,11,35.64,36.37,naive
2016-06-03,12,30.92,32.08,naive
2016-06-03,13,27.77,28.67,naive
2016-06-03,14,25.28,26.68,naive
2016-06-03,15,25.26,25.95,naive
2016-06-03,16,25.49,25.92,naive
2016-06-03,17,28.0,28.22,naive
2016-06-03,18,31.82,31.84,naive
2016-06-03,19,33.61,32.96,naive
2016-06-03,20,31.98,31.96,naive
2016-06-03,21,30.66,29.46,naive
2016-06-03,22,32.16,29.16,naive
2016-06-03,23,28.94,24.59,naive
2016-06-04,0,23.72,28.92,naive
2016-06-04,1,23.21,24.38,naive
2016-06-04,2,21.63,22.79,naive
2016-06-04,3,21.29,22.14,naive
2016-06-04,4,21.26,21.69,naive
2016-06-04,5,21.3,21.91,naive
2016-06-04,6,21.53,22.56,naive
2016-06-04,7,23.5,24.02,naive
2016-06-04,8,27.49,26.57,naive
2016-06-04,9,28.98,26.95,naive
2016-06-04,10,26.56,24.46,naive
2016-06-04,11,26.91,23.49,naive
2016-06-04,12,25.73,22.87,naive
2016-06-04,13,22.78,22.06,naive
2016-06-04,14,21.58,21.47,naive
2016-06-04,15,21.41,20.42,naive
2016-06-04,16,21.53,20.0,naive
2016-06-04,17,25.29,22.01,naive
2016-06-04,18,28.19,25.57,naive
2016-06-04,19,30.07,26.42,naive
2016-06-04,20,29.87,27.1,naive
2016-06-04,21,29.88,25.69,naive
2016-06-04,22,30.99,23.37,naive
2016-06-04,23,28.88,22.31,naive
2016-06-05,0,24.43,18.03,naive
2016-06-05,1,22.0,13.15,naive
2016-06-05,2,20.08,12.97,naive
2016-06-05,3,19.08,13.17,naive
2016-06-05,4,18.03,8.9,naive
2016-06-05,5,16.61,6.16,naive
2016-06-05,6,16.09,10.58,naive
2016-06-05,7,17.78,13.87,naive
2016-06-05,8,17.89,14.67,naive
2016-06-05,9,17.08,15.23,naive
2016-06-05,10,17.84,12.87,naive
2016-06-05,11,18.48,14.03,naive
2016-06-05,12,17.94,10.46,naive
2016-06-05,13,15.15,8.57,naive
2016-06-05,14,14.47,4.6,naive
2016-06-05,15,14.03,3.78,naive
2016-06-05,16,14.54,5.32,naive
2016-06-05,17,18.62,8.42,naive
2016-06-05,18,23.91,18.08,naive
2016-06-05,19,26.92,21.88,naive
2016-06-05,20,28.85,22.77,naive
2016-06-05,21,29.14,23.04,naive
2016-06-05,22,30.74,23.1,naive
2016-06-05,23,27.93,19.73,naive
2016-06-06,0,24.59,24.1,naive
2016-06-06,1,22.76,21.68,naive
2016-06-06,2,21.87,21.22,naive
2016-06-06,3,21.19,20.64,naive
2016-06-06,4,21.15,20.9,naive
2016-06-06,5,22.71,22.5,naive
2016-06-06,6,29.98,27.46,naive
2016-06-06,7,36.16,35.45,naive
2016-06-06,8,37.82,40.08,naive
2016-06-06,9,34.94,39.93,naive
2016-06-06,10,32.57,36.44,naive
2016-06-06,11,31.93,35.64,naive
2016-06-06,12,28.63,30.92,naive
2016-06-06,13,28.08,27.77,naive
2016-06-06,14,28.78,25.28,naive
2016-06-06,15,29.63,25.26,naive
2016-06-06,16,30.99,25.49,naive
2016-06-06,17,34.68,28.0,naive
2016-06-06,18,38.76,31.82,naive
2016-06-06,19,41.06,33.61,naive
2016-06-06,20,37.31,31.98,naive
2016-06-06,21,34.2,30.66,naive
2016-06-06,22,33.81,32.16,naive
2016-06-06,23,28.79,28.94,naive
2016-06-07,0,24.85,24.59,naive
2016-06-07,1,23.34,22.76,naive
2016-06-07,2,22.59,21.87,naive
2016-06-07,3,21.58,21.19,naive
2016-06-07,4,21.67,21.15,naive
2016-06-07,5,22.09,22.71,naive
2016-06-07,6,29.68,29.98,naive
2016-06-07,7,35.82,36.16,naive
2016-06-07,8,39.48,37.82,naive
2016-06-07,9,34.49,34.94,naive
2016-06-07,10,29.15,32.57,naive
2016-06-07,11,28.8,31.93,naive
2016-06-07,12,25.94,28.63,naive
2016-06-07,13,25.59,28.08,naive
2016-06-07,14,25.18,28.78,naive
2016-06-07,15,26.41,29.63,naive
2016-06-07,16,27.53,30.99,naive
2016-06-07,17,32.13,34.68,naive
2016-06-07,18,36.02,38.76,naive
2016-06-07,19,38.48,41.06,naive
2016-06-07,20,34.9,37.31,naive
2016-06-07,21,32.97,34.2,naive
2016-06-07,22,32.59,33.81,naive
2016-06-07,23,27.54,28.79,naive
2016-06-08,0,25.98,24.85,naive
2016-06-08,1,23.89,23.34,naive
2016-06-08,2,22.83,22.59,naive
2016-06-08,3,21.68,21.58,naive
2016-06-08,4,21.54,21.67,naive
2016-06-08,5,23.38,22.09,naive
2016-06-08,6,28.21,29.68,naive
2016-06-08,7,35.07,35.82,naive
2016-06-08,8,41.31,39.48,naive
2016-06-08,9,37.33,34.49,naive
2016-06-08,10,34.25,29.15,naive
2016-06-08,11,32.99,28.8,naive
2016-06-08,12,28.52,25.94,naive
2016-06-08,13,27.6,25.59,naive
2016-06-08,14,27.18,25.18,naive
2016-06-08,15,26.37,26.41,naive
2016-06-08,16,26.0,27.53,naive
2016-06-08,17,28.24,32.13,naive
2016-06-08,18,30.68,36.02,naive
2016-06-08,19,32.9,38.48,naive
2016-06-08,20,32.12,34.9,naive
2016-06-08,21,32.55,32.97,naive
2016-06-08,22,30.9,32.59,naive
2016-06-08,23,26.5,27.54,naive
2016-06-09,0,23.67,25.98,naive
2016-06-09,1,21.87,23.89,naive
2016-06-09,2,20.81,22.83,naive
2016-06-09,3,20.58,21.68,naive
2016-06-09,4,21.11,21.54,naive
2016-06-09,5,23.06,23.38,naive
2016-06-09,6,28.03,28.21,naive
2016-06-09,7,33.97,35.07,naive
2016-06-09,8,43.08,41.31,naive
2016-06-09,9,44.0,37.33,naive
2016-06-09,10,42.89,34.25,naive
2016-06-09,11,41.4,32.99,naive
2016-06-09,12,34.99,28.52,naive
2016-06-09,13,33.93,27.6,naive
2016-06-09,14,30.2,27.18,naive
2016-06-09,15,27.34,26.37,naive
2016-06-09,16,27.01,26.0,naive
2016-06-09,17,28.84,28.24,naive
2016-06-09,18,32.95,30.68,naive
2016-06-09,19,34.94,32.9,naive
2016-06-09,20,33.7,32.12,naive
2016-06-09,21,31.51,32.55,naive
2016-06-09,22,30.49,30.9,naive
2016-06-09,23,25.89,26.5,naive
2016-06-10,0,23.55,23.67,naive
2016-06-10,1,21.57,21.87,naive
2016-06-10,2,21.03,20.81,naive
2016-06-10,3,19.91,20.58,naive
2016-06-10,4,19.16,21.11,naive
2016-06-10,5,20.97,23.06,naive
2016-06-10,6,27.25,28.03,naive
2016-06-10,7,33.94,33.97,naive
2016-06-10,8,35.95,43.08,naive
2016-06-10,9,30.97,44.0,naive
2016-06-10,10,24.68,42.89,naive
2016-06-10,11,24.47,41.4,naive
2016-06-10,12,22.52,34.99,naive
2016-06-10,13,21.37,33.93,naive
2016-06-10,14,21.06,30.2,naive
2016-06-10,15,21.8,27.34,naive
2016-06-10,16,23.09,27.01,naive
2016-06-10,17,26.29,28.84,naive
2016-06-10,18,30.01,32.95,naive
2016-06-10,19,32.85,34.94,naive
2016-06-10,20,32.06,33.7,naive
2016-06-10,21,31.67,31.51,naive
2016-06-10,22,32.86,30.49,naive
2016-06-10,23,29.45,25.89,naive
2016-06-11,0,26.14,23.72,naive
2016-06-11,1,24.2,23.21,naive
2016-06-11,2,23.01,21.63,naive
2016-06-11,3,21.57,21.29,naive
2016-06-11,4,21.71,21.26,naive
2016-06-11,5,21.25,21.3,naive
2016-06-11,6,21.82,21.53,naive
2016-06-11,7,22.85,23.5,naive
2016-06-11,8,26.06,27.49,naive
2016-06-11,9,29.47,28.98,naive
2016-06-11,10,29.46,26.56,naive
2016-06-11,11,30.03,26.91,naive
2016-06-11,12,28.49,25.73,naive
2016-06-11,13,25.69,22.78,naive
2016-06-11,14,23.85,21.58,naive
2016-06-11,15,23.8,21.41,naive
2016-06-11,16,24.06,21.53,naive
2016-06-11,17,27.92,25.29,naive
2016-06-11,18,30.23,28.19,naive
2016-06-11,19,31.47,30.07,naive
2016-06-11,20,31.85,29.87,naive
2016-06-11,21,29.47,29.88,naive
2016-06-11,22,30.94,30.99,naive
2016-06-11,23,27.73,28.88,naive
2016-06-12,0,22.74,24.43,naive
2016-06-12,1,18.6,22.0,naive
2016-06-12,2,18.58,20.08,naive
2016-06-12,3,18.58,19.08,naive
2016-06-12,4,18.54,18.03,naive
2016-06-12,5,17.5,16.61,naive
2016-06-12,6,17.58,16.09,naive
2016-06-12,7,19.16,17.78,naive
2016-06-12,8,21.57,17.89,naive
2016-06-12,9,22.91,17.08,naive
2016-06-12,10,21.19,17.84,naive
2016-06-12,11,25.3,18.48,naive
2016-06-12,12,22.94,17.94,naive
2016-06-12,13,19.16,15.15,naive
2016-06-12,14,18.53,14.47,naive
2016-06-12,15,19.07,14.03,naive
2016-06-12,16,21.06,14.54,naive
2016-06-12,17,23.93,18.62,naive
2016-06-12,18,27.52,23.91,naive
2016-06-12,19,29.78,26.92,naive
2016-06-12,20,31.33,28.85,naive
2016-06-12,21,29.4,29.14,naive
2016-06-12,22,29.81,30.74,naive
2016-06-12,23,23.24,27.93,naive
2016-06-13,0,21.34,23.55,naive
2016-06-13,1,19.46,21.57,naive
2016-06-13,2,17.63,21.03,naive
2016-06-13,3,18.37,19.91,naive
2016-06-13,4,18.57,19.16,naive
2016-06-13,5,21.03,20.97,naive
2016-06-13,6,27.31,27.25,naive
2016-06-13,7,33.49,33.94,naive
2016-06-13,8,37.13,35.95,naive
2016-06-13,9,39.91,30.97,naive
2016-06-13,10,38.17,24.68,naive
2016-06-13,11,39.09,24.47,naive
2016-06-13,12,34.23,22.52,naive
2016-06-13,13,32.32,21.37,naive
2016-06-13,14,31.68,21.06,naive
2016-06-13,15,30.89,21.8,naive
2016-06-13,16,29.38,23.09,naive
2016-06-13,17,30.45,26.29,naive
2016-06-13,18,31.75,30.01,naive
2016-06-13,19,32.97,32.85,naive
2016-06-13,20,32.58,32.06,naive
2016-06-13,21,29.98,31.67,naive
2016-06-13,22,29.31,32.86,naive
2016-06-13,23,26.14,29.45,naive
2016-06-14,0,24.82,21.34,naive
2016-06-14,1,22.76,19.46,naive
2016-06-14,2,21.88,17.63,naive
2016-06-14,3,21.64,18.37,naive
2016-06-14,4,22.04,18.57,naive
2016-06-14,5,23.0,21.03,naive
2016-06-14,6,27.4,27.31,naive
2016-06-14,7,35.29,33.49,naive
2016-06-14,8,38.39,37.13,naive
2016-06-14,9,38.44,39.91,naive
2016-06-14,10,37.25,38.17,naive
2016-06-14,11,35.83,39.09,naive
2016-06-14,12,32.0,34.23,naive
2016-06-14,13,29.37,32.32,naive
2016-06-14,14,27.55,31.68,naive
2016-06-14,15,27.38,30.89,naive
2016-06-14,16,28.64,29.38,naive
2016-06-14,17,32.51,30.45,naive
2016-06-14,18,35.08,31.75,naive
2016-06-14,19,37.5,32.97,naive
2016-06-14,20,36.0,32.58,naive
2016-06-14,21,32.01,29.98,naive
2016-06-14,22,30.1,29.31,naive
2016-06-14,23,26.59,26.14,naive
2016-06-15,0,26.19,24.82,naive
2016-06-15,1,25.34,22.76,naive
2016-06-15,2,24.32,21.88,naive
2016-06-15,3,23.73,21.64,naive
2016-06-15,4,23.52,22.04,naive
2016-06-15,5,25.31,23.0,naive
2016-06-15,6,28.37,27.4,naive
2016-06-15,7,35.91,35.29,naive
2016-06-15,8,38.79,38.39,naive
2016-06-15,9,36.2,38.44,naive
2016-06-15,10,35.91,37.25,naive
2016-06-15,11,35.51,35.83,naive
2016-06-15,12,30.21,32.0,naive
2016-06-15,13,28.29,29.37,naive
2016-06-15,14,27.99,27.55,naive
2016-06-15,15,27.73,27.38,naive
2016-06-15,16,29.12,28.64,naive
2016-06-15,17,31.0,32.51,naive
2016-06-15,18,34.53,35.08,naive
2016-06-15,19,36.91,37.5,naive
2016-06-15,20,35.49,36.0,naive
2016-06-15,21,33.25,32.01,naive
2016-06-15,22,33.02,30.1,naive
2016-06-15,23,27.33,26.59,naive
2016-06-16,0,26.46,26.19,naive
2016-06-16,1,25.64,25.34,naive
2016-06-16,2,24.6,24.32,naive
2016-06-16,3,23.61,23.73,naive
2016-06-16,4,23.99,23.52,naive
2016-06-16,5,24.95,25.31,naive
2016-06-16,6,29.84,28.37,naive
2016-06-16,7,37.82,35.91,naive
2016-06-16,8,39.74,38.79,naive
2016-06-16,9,35.43,36.2,naive
2016-06-16,10,34.88,35.91,naive
2016-06-16,11,33.76,35.51,naive
2016-06-16,12,29.71,30.21,naive
2016-06-16,13,26.98,28.29,naive
2016-06-16,14,27.44,27.99,naive
2016-06-16,15,28.47,27.73,naive
2016-06-16,16,31.75,29.12,naive
2016-06-16,17,33.03,31.0,naive
2016-06-16,18,34.71,34.53,naive
2016-06-16,19,35.2,36.91,naive
2016-06-16,20,35.28,35.49,naive
2016-06-16,21,33.02,33.25,naive
2016-06-16,22,31.05,33.02,naive
2016-06-16,23,26.62,27.33,naive
2016-06-17,0,25.9,26.46,naive
2016-06-17,1,23.73,25.64,naive
2016-06-17,2,22.16,24.6,naive
2016-06-17,3,21.37,23.61,naive
2016-06-17,4,21.72,23.99,naive
2016-06-17,5,22.45,24.95,naive
2016-06-17,6,27.85,29.84,naive
2016-06-17,7,35.3,37.82,naive
2016-06-17,8,39.7,39.74,naive
2016-06-17,9,37.5,35.43,naive
2016-06-17,10,34.94,34.88,naive
2016-06-17,11,33.25,33.76,naive
2016-06-17,12,28.81,29.71,naive
2016-06-17,13,24.97,26.98,naive
2016-06-17,14,23.92,27.44,naive
2016-06-17,15,23.01,28.47,naive
2016-06-17,16,23.06,31.75,naive
2016-06-17,17,26.55,33.03,naive
2016-06-17,18,30.72,34.71,naive
2016-06-17,19,32.15,35.2,naive
2016-06-17,20,30.59,35.28,naive
2016-06-17,21,28.16,33.02,naive
2016-06-17,22,29.08,31.05,naive
2016-06-17,23,26.07,26.62,naive
2016-06-18,0,23.06,26.14,naive
2016-06-18,1,22.45,24.2,naive
2016-06-18,2,21.02,23.01,naive
2016-06-18,3,20.09,21.57,naive
2016-06-18,4,20.06,21.71,naive
2016-06-18,5,18.75,21.25,naive
2016-06-18,6,20.73,21.82,naive
2016-06-18,7,22.75,22.85,naive
2016-06-18,8,24.47,26.06,naive
2016-06-18,9,23.0,29.47,naive
2016-06-18,10,21.64,29.46,naive
2016-06-18,11,21.08,30.03,naive
2016-06-18,12,16.04,28.49,naive
2016-06-18,13,12.85,25.69,naive
2016-06-18,14,15.93,23.85,naive
2016-06-18,15,18.67,23.8,naive
2016-06-18,16,21.49,24.06,naive
2016-06-18,17,23.38,27.92,naive
2016-06-18,18,26.53,30.23,naive
2016-06-18,19,27.28,31.47,naive
2016-06-18,20,26.83,31.85,naive
2016-06-18,21,26.97,29.47,naive
2016-06-18,22,28.0,30.94,naive
2016-06-18,23,24.48,27.73,naive
2016-06-19,0,20.64,22.74,naive
2016-06-19,1,15.16,18.6,naive
2016-06-19,2,13.04,18.58,naive
2016-06-19,3,10.88,18.58,naive
2016-06-19,4,15.04,18.54,naive
2016-06-19,5,13.1,17.5,naive
2016-06-19,6,10.16,17.58,naive
2016-06-19,7,10.13,19.16,naive
2016-06-19,8,14.29,21.57,naive
2016-06-19,9,16.98,22.91,naive
2016-06-19,10,17.55,21.19,naive
2016-06-19,11,19.08,25.3,naive
2016-06-19,12,17.12,22.94,naive
2016-06-19,13,11.63,19.16,naive
2016-06-19,14,9.04,18.53,naive
2016-06-19,15,8.9,19.07,naive
2016-06-19,16,11.79,21.06,naive
2016-06-19,17,19.04,23.93,naive
2016-06-19,18,22.97,27.52,naive
2016-06-19,19,26.95,29.78,naive
2016-06-19,20,27.8,31.33,naive
2016-06-19,21,29.88,29.4,naive
2016-06-19,22,29.26,29.81,naive
2016-06-19,23,27.14,23.24,naive
2016-06-20,0,24.92,25.9,naive
2016-06-20,1,21.6,23.73,naive
2016-06-20,2,20.4,22.16,naive
2016-06-20,3,17.45,21.37,naive
2016-06-20,4,17.05,21.72,naive
2016-06-20,5,19.99,22.45,naive
2016-06-20,6,28.97,27.85,naive
2016-06-20,7,34.42,35.3,naive
2016-06-20,8,34.94,39.7,naive
2016-06-20,9,29.44,37.5,naive
2016-06-20,10,26.84,34.94,naive
2016-06-20,11,26.95,33.25,naive
2016-06-20,12,25.51,28.81,naive
2016-06-20,13,25.24,24.97,naive
2016-06-20,14,25.44,23.92,naive
2016-06-20,15,25.49,23.01,naive
2016-06-20,16,25.19,23.06,naive
2016-06-20,17,27.74,26.55,naive
2016-06-20,18,32.97,30.72,naive
2016-06-20,19,34.96,32.15,naive
2016-06-20,20,33.57,30.59,naive
2016-06-20,21,31.76,28.16,naive
2016-06-20,22,30.74,29.08,naive
2016-06-20,23,25.38,26.07,naive
2016-06-21,0,24.23,24.92,naive
2016-06-21,1,23.37,21.6,naive
2016-06-21,2,22.34,20.4,naive
2016-06-21,3,21.23,17.45,naive
2016-06-21,4,21.89,17.05,naive
2016-06-21,5,23.93,19.99,naive
2016-06-21,6,29.54,28.97,naive
2016-06-21,7,38.73,34.42,naive
2016-06-21,8,40.78,34.94,naive
2016-06-21,9,42.59,29.44,naive
2016-06-21,10,41.79,26.84,naive
2016-06-21,11,43.73,26.95,naive
2016-06-21,12,39.59,25.51,naive
2016-06-21,13,37.64,25.24,naive
2016-06-21,14,35.84,25.44,naive
2016-06-21,15,34.16,25.49,naive
2016-06-21,16,32.45,25.19,naive
2016-06-21,17,33.05,27.74,naive
2016-06-21,18,34.94,32.97,naive
2016-06-21,19,35.91,34.96,naive
2016-06-21,20,37.44,33.57,naive
2016-06-21,21,34.98,31.76,naive
2016-06-21,22,33.93,30.74,naive
2016-06-21,23,30.0,25.38,naive
2016-06-22,0,28.06,24.23,naive
2016-06-22,1,24.95,23.37,naive
2016-06-22,2,23.95,22.34,naive
2016-06-22,3,23.14,21.23,naive
2016-06-22,4,22.97,21.89,naive
2016-06-22,5,24.06,23.93,naive
2016-06-22,6,29.98,29.54,naive
2016-06-22,7,40.0,38.73,naive
2016-06-22,8,42.0,40.78,naive
2016-06-22,9,40.0,42.59,naive
2016-06-22,10,37.27,41.79,naive
2016-06-22,11,36.62,43.73,naive
2016-06-22,12,33.6,39.59,naive
2016-06-22,13,30.29,37.64,naive
2016-06-22,14,28.94,35.84,naive
2016-06-22,15,28.93,34.16,naive
2016-06-22,16,30.31,32.45,naive
2016-06-22,17,33.7,33.05,naive
2016-06-22,18,38.12,34.94,naive
2016-06-22,19,39.8,35.91,naive
2016-06-22,20,38.3,37.44,naive
2016-06-22,21,37.39,34.98,naive
2016-06-22,22,35.98,33.93,naive
2016-06-22,23,30.35,30.0,naive
2016-06-23,0,28.09,28.06,naive
2016-06-23,1,25.64,24.95,naive
2016-06-23,2,24.38,23.95,naive
2016-06-23,3,23.3,23.14,naive
2016-06-23,4,23.24,22.97,naive
2016-06-23,5,24.14,24.06,naive
2016-06-23,6,28.16,29.98,naive
2016-06-23,7,35.91,40.0,naive
2016-06-23,8,35.91,42.0,naive
2016-06-23,9,34.97,40.0,naive
2016-06-23,10,29.78,37.27,naive
2016-06-23,11,27.95,36.62,naive
2016-06-23,12,25.62,33.6,naive
2016-06-23,13,25.08,30.29,naive
2016-06-23,14,25.37,28.94,naive
2016-06-23,15,25.71,28.93,naive
2016-06-23,16,27.31,30.31,naive
2016-06-23,17,30.83,33.7,naive
2016-06-23,18,35.92,38.12,naive
2016-06-23,19,40.06,39.8,naive
2016-06-23,20,38.04,38.3,naive
2016-06-23,21,32.72,37.39,naive
2016-06-23,22,30.77,35.98,naive
2016-06-23,23,26.99,30.35,naive
2016-06-24,0,26.03,28.09,naive
2016-06-24,1,24.56,25.64,naive
2016-06-24,2,24.08,24.38,naive
2016-06-24,3,23.36,23.3,naive
2016-06-24,4,23.91,23.24,naive
2016-06-24,5,26.43,24.14,naive
2016-06-24,6,31.86,28.16,naive
2016-06-24,7,37.03,35.91,naive
2016-06-24,8,38.84,35.91,naive
2016-06-24,9,34.46,34.97,naive
2016-06-24,10,31.96,29.78,naive
2016-06-24,11,30.01,27.95,naive
2016-06-24,12,29.93,25.62,naive
2016-06-24,13,28.27,25.08,naive
2016-06-24,14,28.66,25.37,naive
2016-06-24,15,28.38,25.71,naive
2016-06-24,16,29.63,27.31,naive
2016-06-24,17,31.65,30.83,naive
2016-06-24,18,34.98,35.92,naive
2016-06-24,19,35.53,40.06,naive
2016-06-24,20,34.95,38.04,naive
2016-06-24,21,33.28,32.72,naive
2016-06-24,22,34.12,30.77,naive
2016-06-24,23,32.04,26.99,naive
2016-06-25,0,30.14,23.06,naive
2016-06-25,1,28.97,22.45,naive
2016-06-25,2,26.64,21.02,naive
2016-06-25,3,24.28,20.09,naive
2016-06-25,4,23.35,20.06,naive
2016-06-25,5,23.0,18.75,naive
2016-06-25,6,24.0,20.73,naive
2016-06-25,7,26.93,22.75,naive
2016-06-25,8,30.25,24.47,naive
2016-06-25,9,32.96,23.0,naive
2016-06-25,10,33.86,21.64,naive
2016-06-25,11,32.95,21.08,naive
2016-06-25,12,30.06,16.04,naive
2016-06-25,13,27.81,12.85,naive
2016-06-25,14,25.08,15.93,naive
2016-06-25,15,24.43,18.67,naive
2016-06-25,16,24.43,21.49,naive
2016-06-25,17,27.31,23.38,naive
2016-06-25,18,29.42,26.53,naive
2016-06-25,19,30.53,27.28,naive
2016-06-25,20,29.8,26.83,naive
2016-06-25,21,28.81,26.97,naive
2016-06-25,22,29.61,28.0,naive
2016-06-25,23,27.02,24.48,naive
2016-06-26,0,17.29,20.64,naive
2016-06-26,1,12.78,15.16,naive
2016-06-26,2,14.25,13.04,naive
2016-06-26,3,13.35,10.88,naive
2016-06-26,4,13.08,15.04,naive
2016-06-26,5,12.43,13.1,naive
2016-06-26,6,11.53,10.16,naive
2016-06-26,7,12.63,10.13,naive
2016-06-26,8,13.46,14.29,naive
2016-06-26,9,13.51,16.98,naive
2016-06-26,10,9.79,17.55,naive
2016-06-26,11,12.86,19.08,naive
2016-06-26,12,12.08,17.12,naive
2016-06-26,13,9.29,11.63,naive
2016-06-26,14,8.05,9.04,naive
2016-06-26,15,9.19,8.9,naive
2016-06-26,16,11.67,11.79,naive
2016-06-26,17,15.79,19.04,naive
2016-06-26,18,23.76,22.97,naive
2016-06-26,19,26.79,26.95,naive
2016-06-26,20,29.97,27.8,naive
2016-06-26,21,28.46,29.88,naive
2016-06-26,22,31.91,29.26,naive
2016-06-26,23,28.12,27.14,naive
2016-06-27,0,24.1,26.03,naive
2016-06-27,1,20.99,24.56,naive
2016-06-27,2,19.04,24.08,naive
2016-06-27,3,16.29,23.36,naive
2016-06-27,4,16.12,23.91,naive
2016-06-27,5,19.02,26.43,naive
2016-06-27,6,27.75,31.86,naive
2016-06-27,7,33.07,37.03,naive
2016-06-27,8,34.26,38.84,naive
2016-06-27,9,31.02,34.46,naive
2016-06-27,10,26.57,31.96,naive
2016-06-27,11,26.29,30.01,naive
2016-06-27,12,24.82,29.93,naive
2016-06-27,13,25.38,28.27,naive
2016-06-27,14,24.87,28.66,naive
2016-06-27,15,25.95,28.38,naive
2016-06-27,16,25.92,29.63,naive
2016-06-27,17,28.08,31.65,naive
2016-06-27,18,34.98,34.98,naive
2016-06-27,19,39.05,35.53,naive
2016-06-27,20,38.31,34.95,naive
2016-06-27,21,36.52,33.28,naive
2016-06-27,22,36.4,34.12,naive
2016-06-27,23,31.69,32.04,naive
2016-06-28,0,26.84,24.1,naive
2016-06-28,1,24.4,20.99,naive
2016-06-28,2,24.09,19.04,naive
2016-06-28,3,23.13,16.29,naive
2016-06-28,4,22.76,16.12,naive
2016-06-28,5,24.19,19.02,naive
2016-06-28,6,30.0,27.75,naive
2016-06-28,7,40.08,33.07,naive
2016-06-28,8,41.91,34.26,naive
2016-06-28,9,41.98,31.02,naive
2016-06-28,10,38.94,26.57,naive
2016-06-28,11,37.88,26.29,naive
2016-06-28,12,35.36,24.82,naive
2016-06-28,13,34.08,25.38,naive
2016-06-28,14,32.62,24.87,naive
2016-06-28,15,31.37,25.95,naive
2016-06-28,16,30.89,25.92,naive
2016-06-28,17,36.04,28.08,naive
2016-06-28,18,39.85,34.98,naive
2016-06-28,19,41.74,39.05,naive
2016-06-28,20,38.99,38.31,naive
2016-06-28,21,34.56,36.52,naive
2016-06-28,22,33.84,36.4,naive
2016-06-28,23,28.34,31.69,naive
2016-06-29,0,24.03,26.84,naive
2016-06-29,1,22.14,24.4,naive
2016-06-29,2,20.64,24.09,naive
2016-06-29,3,19.91,23.13,naive
2016-06-29,4,19.17,22.76,naive
2016-06-29,5,19.99,24.19,naive
2016-06-29,6,24.58,30.0,naive
2016-06-29,7,32.91,40.08,naive
2016-06-29,8,34.94,41.91,naive
2016-06-29,9,31.82,41.98,naive
2016-06-29,10,26.05,38.94,naive
2016-06-29,11,24.71,37.88,naive
2016-06-29,12,23.92,35.36,naive
2016-06-29,13,23.6,34.08,naive
2016-06-29,14,23.4,32.62,naive
2016-06-29,15,23.96,31.37,naive
2016-06-29,16,23.71,30.89,naive
2016-06-29,17,26.54,36.04,naive
2016-06-29,18,33.46,39.85,naive
2016-06-29,19,38.99,41.74,naive
2016-06-29,20,37.49,38.99,naive
2016-06-29,21,34.98,34.56,naive
2016-06-29,22,34.94,33.84,naive
2016-06-29,23,29.96,28.34,naive
2016-06-30,0,25.16,24.03,naive
2016-06-30,1,23.34,22.14,naive
2016-06-30,2,22.08,20.64,naive
2016-06-30,3,20.11,19.91,naive
2016-06-30,4,19.82,19.17,naive
2016-06-30,5,21.58,19.99,naive
2016-06-30,6,26.61,24.58,naive
2016-06-30,7,34.94,32.91,naive
2016-06-30,8,39.86,34.94,naive
2016-06-30,9,38.24,31.82,naive
2016-06-30,10,38.49,26.05,naive
2016-06-30,11,36.0,24.71,naive
2016-06-30,12,30.69,23.92,naive
2016-06-30,13,27.63,23.6,naive
2016-06-30,14,25.8,23.4,naive
2016-06-30,15,26.17,23.96,naive
2016-06-30,16,26.28,23.71,naive
2016-06-30,17,29.77,26.54,naive
2016-06-30,18,34.23,33.46,naive
2016-06-30,19,38.28,38.99,naive
2016-06-30,20,34.91,37.49,naive
2016-06-30,21,31.11,34.98,naive
2016-06-30,22,32.38,34.94,naive
2016-06-30,23,27.72,29.96,naive
2016-07-01,0,29.36,25.16,naive
2016-07-01,1,24.69,23.34,naive
2016-07-01,2,23.42,22.08,naive
2016-07-01,3,21.91,20.11,naive
2016-07-01,4,20.19,19.82,naive
2016-07-01,5,22.44,21.58,naive
2016-07-01,6,26.84,26.61,naive
2016-07-01,7,33.58,34.94,naive
2016-07-01,8,35.78,39.86,naive
2016-07-01,9,29.8,38.24,naive
2016-07-01,10,24.0,38.49,naive
2016-07-01,11,23.26,36.0,naive
2016-07-01,12,22.56,30.69,naive
2016-07-01,13,22.09,27.63,naive
2016-07-01,14,22.09,25.8,naive
2016-07-01,15,24.22,26.17,naive
2016-07-01,16,27.0,26.28,naive
2016-07-01,17,28.75,29.77,naive
2016-07-01,18,32.43,34.23,naive
2016-07-01,19,33.95,38.28,naive
2016-07-01,20,32.67,34.91,naive
2016-07-01,21,30.07,31.11,naive
2016-07-01,22,31.91,32.38,naive
2016-07-01,23,27.59,27.72,naive
2016-07-02,0,22.03,30.14,naive
2016-07-02,1,20.38,28.97,naive
2016-07-02,2,19.4,26.64,naive
2016-07-02,3,17.09,24.28,naive
2016-07-02,4,16.79,23.35,naive
2016-07-02,5,16.58,23.0,naive
2016-07-02,6,17.99,24.0,naive
2016-07-02,7,20.05,26.93,naive
2016-07-02,8,21.41,30.25,naive
2016-07-02,9,23.71,32.96,naive
2016-07-02,10,22.04,33.86,naive
2016-07-02,11,22.03,32.95,naive
2016-07-02,12,21.87,30.06,naive
2016-07-02,13,20.86,27.81,naive
2016-07-02,14,19.4,25.08,naive
2016-07-02,15,18.52,24.43,naive
2016-07-02,16,17.95,24.43,naive
2016-07-02,17,19.96,27.31,naive
2016-07-02,18,23.11,29.42,naive
2016-07-02,19,25.33,30.53,naive
2016-07-02,20,25.48,29.8,naive
2016-07-02,21,25.03,28.81,naive
2016-07-02,22,25.97,29.61,naive
2016-07-02,23,22.4,27.02,naive
2016-07-03,0,18.07,17.29,naive
2016-07-03,1,9.32,12.78,naive
2016-07-03,2,7.88,14.25,naive
2016-07-03,3,6.97,13.35,naive
2016-07-03,4,8.82,13.08,naive
2016-07-03,5,7.77,12.43,naive
2016-07-03,6,8.14,11.53,naive
2016-07-03,7,8.82,12.63,naive
2016-07-03,8,12.2,13.46,naive
2016-07-03,9,9.92,13.51,naive
2016-07-03,10,8.92,9.79,naive
2016-07-03,11,8.86,12.86,naive
2016-07-03,12,8.92,12.08,naive
2016-07-03,13,7.09,9.29,naive
2016-07-03,14,6.98,8.05,naive
2016-07-03,15,7.14,9.19,naive
2016-07-03,16,8.97,11.67,naive
2016-07-03,17,18.08,15.79,naive
2016-07-03,18,22.02,23.76,naive
2016-07-03,19,26.76,26.79,naive
2016-07-03,20,27.97,29.97,naive
2016-07-03,21,30.49,28.46,naive
2016-07-03,22,32.35,31.91,naive
2016-07-03,23,29.37,28.12,naive
2016-07-04,0,25.73,29.36,naive
2016-07-04,1,22.73,24.69,naive
2016-07-04,2,22.26,23.42,naive
2016-07-04,3,21.65,21.91,naive
2016-07-04,4,21.69,20.19,naive
2016-07-04,5,23.37,22.44,naive
2016-07-04,6,31.93,26.84,naive
2016-07-04,7,35.19,33.58,naive
2016-07-04,8,37.93,35.78,naive
2016-07-04,9,33.54,29.8,naive
2016-07-04,10,32.91,24.0,naive
2016-07-04,11,31.68,23.26,naive
2016-07-04,12,29.98,22.56,naive
2016-07-04,13,29.33,22.09,naive
2016-07-04,14,29.75,22.09,naive
2016-07-04,15,29.26,24.22,naive
2016-07-04,16,30.47,27.0,naive
2016-07-04,17,32.9,28.75,naive
2016-07-04,18,35.98,32.43,naive
2016-07-04,19,38.41,33.95,naive
2016-07-04,20,38.65,32.67,naive
2016-07-04,21,35.56,30.07,naive
2016-07-04,22,34.96,31.91,naive
2016-07-04,23,33.98,27.59,naive
2016-07-05,0,29.93,25.73,naive
2016-07-05,1,27.0,22.73,naive
2016-07-05,2,25.46,22.26,naive
2016-07-05,3,23.88,21.65,naive
2016-07-05,4,23.43,21.69,naive
2016-07-05,5,25.31,23.37,naive
2016-07-05,6,30.28,31.93,naive
2016-07-05,7,34.94,35.19,naive
2016-07-05,8,36.46,37.93,naive
2016-07-05,9,35.05,33.54,naive
2016-07-05,10,32.54,32.91,naive
2016-07-05,11,31.46,31.68,naive
2016-07-05,12,28.6,29.98,naive
2016-07-05,13,26.52,29.33,naive
2016-07-05,14,24.34,29.75,naive
2016-07-05,15,22.28,29.26,naive
2016-07-05,16,22.14,30.47,naive
2016-07-05,17,23.01,32.9,naive
2016-07-05,18,24.6,35.98,naive
2016-07-05,19,27.57,38.41,naive
2016-07-05,20,26.9,38.65,naive
2016-07-05,21,23.95,35.56,naive
2016-07-05,22,22.89,34.96,naive
2016-07-05,23,18.96,33.98,naive
2016-07-06,0,8.18,29.93,naive
2016-07-06,1,9.26,27.0,naive
2016-07-06,2,8.17,25.46,naive
2016-07-06,3,5.84,23.88,naive
2016-07-06,4,4.9,23.43,naive
2016-07-06,5,10.72,25.31,naive
2016-07-06,6,20.09,30.28,naive
2016-07-06,7,24.54,34.94,naive
2016-07-06,8,24.15,36.46,naive
2016-07-06,9,20.12,35.05,naive
2016-07-06,10,13.19,32.54,naive
2016-07-06,11,13.15,31.46,naive
2016-07-06,12,9.36,28.6,naive
2016-07-06,13,8.17,26.52,naive
2016-07-06,14,2.55,24.34,naive
2016-07-06,15,9.23,22.28,naive
2016-07-06,16,11.6,22.14,naive
2016-07-06,17,14.73,23.01,naive
2016-07-06,18,23.32,24.6,naive
2016-07-06,19,28.27,27.57,naive
2016-07-06,20,29.32,26.9,naive
2016-07-06,21,29.6,23.95,naive
2016-07-06,22,31.75,22.89,naive
2016-07-06,23,28.84,18.96,naive
2016-07-07,0,29.09,8.18,naive
2016-07-07,1,25.56,9.26,naive
2016-07-07,2,24.21,8.17,naive
2016-07-07,3,22.11,5.84,naive
2016-07-07,4,22.98,4.9,naive
2016-07-07,5,23.74,10.72,naive
2016-07-07,6,30.6,20.09,naive
2016-07-07,7,34.28,24.54,naive
2016-07-07,8,35.71,24.15,naive
2016-07-07,9,31.51,20.12,naive
2016-07-07,10,28.83,13.19,naive
2016-07-07,11,28.79,13.15,naive
2016-07-07,12,26.91,9.36,naive
2016-07-07,13,25.97,8.17,naive
2016-07-07,14,24.66,2.55,naive
2016-07-07,15,25.41,9.23,naive
2016-07-07,16,27.01,11.6,naive
2016-07-07,17,30.42,14.73,naive
2016-07-07,18,34.68,23.32,naive
2016-07-07,19,37.77,28.27,naive
2016-07-07,20,37.91,29.32,naive
2016-07-07,21,32.49,29.6,naive
2016-07-07,22,36.53,31.75,naive
2016-07-07,23,32.8,28.84,naive
2016-07-08,0,28.62,29.09,naive
2016-07-08,1,26.52,25.56,naive
2016-07-08,2,25.04,24.21,naive
2016-07-08,3,23.46,22.11,naive
2016-07-08,4,23.18,22.98,naive
2016-07-08,5,25.02,23.74,naive
2016-07-08,6,30.0,30.6,naive
2016-07-08,7,34.99,34.28,naive
2016-07-08,8,38.62,35.71,naive
2016-07-08,9,35.26,31.51,naive
2016-07-08,10,33.36,28.83,naive
2016-07-08,11,32.93,28.79,naive
2016-07-08,12,30.15,26.91,naive
2016-07-08,13,27.91,25.97,naive
2016-07-08,14,26.53,24.66,naive
2016-07-08,15,25.91,25.41,naive
2016-07-08,16,26.94,27.01,naive
2016-07-08,17,27.38,30.42,naive
2016-07-08,18,28.54,34.68,naive
2016-07-08,19,29.79,37.77,naive
2016-07-08,20,28.1,37.91,naive
2016-07-08,21,26.91,32.49,naive
2016-07-08,22,28.08,36.53,naive
2016-07-08,23,24.61,32.8,naive
2016-07-09,0,20.7,22.03,naive
2016-07-09,1,18.61,20.38,naive
2016-07-09,2,17.39,19.4,naive
2016-07-09,3,19.0,17.09,naive
2016-07-09,4,17.1,16.79,naive
2016-07-09,5,17.01,16.58,naive
2016-07-09,6,18.12,17.99,naive
2016-07-09,7,22.32,20.05,naive
2016-07-09,8,21.99,21.41,naive
2016-07-09,9,21.78,23.71,naive
2016-07-09,10,16.99,22.04,naive
2016-07-09,11,16.99,22.03,naive
2016-07-09,12,15.32,21.87,naive
2016-07-09,13,8.98,20.86,naive
2016-07-09,14,11.64,19.4,naive
2016-07-09,15,11.25,18.52,naive
2016-07-09,16,16.9,17.95,naive
2016-07-09,17,22.0,19.96,naive
2016-07-09,18,27.92,23.11,naive
2016-07-09,19,30.63,25.33,naive
2016-07-09,20,30.25,25.48,naive
2016-07-09,21,29.86,25.03,naive
2016-07-09,22,30.61,25.97,naive
2016-07-09,23,28.0,22.4,naive
2016-07-10,0,23.17,18.07,naive
2016-07-10,1,18.54,9.32,naive
2016-07-10,2,15.04,7.88,naive
2016-07-10,3,11.96,6.97,naive
2016-07-10,4,11.17,8.82,naive
2016-07-10,5,9.91,7.77,naive
2016-07-10,6,10.63,8.14,naive
2016-07-10,7,10.1,8.82,naive
2016-07-10,8,12.36,12.2,naive
2016-07-10,9,10.64,9.92,naive
2016-07-10,10,7.62,8.92,naive
2016-07-10,11,9.12,8.86,naive
2016-07-10,12,6.88,8.92,naive
2016-07-10,13,-0.08,7.09,naive
2016-07-10,14,-0.9,6.98,naive
2016-07-10,15,3.96,7.14,naive
2016-07-10,16,10.14,8.97,naive
2016-07-10,17,19.5,18.08,naive
2016-07-10,18,24.18,22.02,naive
2016-07-10,19,29.93,26.76,naive
2016-07-10,20,30.91,27.97,naive
2016-07-10,21,30.92,30.49,naive
2016-07-10,22,31.49,32.35,naive
2016-07-10,23,29.81,29.37,naive
2016-07-11,0,20.6,28.62,naive
2016-07-11,1,20.56,26.52,naive
2016-07-11,2,21.08,25.04,naive
2016-07-11,3,19.96,23.46,naive
2016-07-11,4,19.77,23.18,naive
2016-07-11,5,22.1,25.02,naive
2016-07-11,6,27.67,30.0,naive
2016-07-11,7,32.03,34.99,naive
2016-07-11,8,32.94,38.62,naive
2016-07-11,9,29.95,35.26,naive
2016-07-11,10,26.28,33.36,naive
2016-07-11,11,24.91,32.93,naive
2016-07-11,12,22.09,30.15,naive
2016-07-11,13,20.4,27.91,naive
2016-07-11,14,20.08,26.53,naive
2016-07-11,15,20.34,25.91,naive
2016-07-11,16,22.23,26.94,naive
2016-07-11,17,25.45,27.38,naive
2016-07-11,18,28.8,28.54,naive
2016-07-11,19,31.25,29.79,naive
2016-07-11,20,31.48,28.1,naive
2016-07-11,21,30.02,26.91,naive
2016-07-11,22,28.5,28.08,naive
2016-07-11,23,26.97,24.61,naive
2016-07-12,0,25.09,20.6,naive
2016-07-12,1,23.98,20.56,naive
2016-07-12,2,22.39,21.08,naive
2016-07-12,3,22.59,19.96,naive
2016-07-12,4,22.58,19.77,naive
2016-07-12,5,24.51,22.1,naive
2016-07-12,6,28.53,27.67,naive
2016-07-12,7,33.63,32.03,naive
2016-07-12,8,34.94,32.94,naive
2016-07-12,9,31.98,29.95,naive
2016-07-12,10,31.96,26.28,naive
2016-07-12,11,32.7,24.91,naive
2016-07-12,12,31.44,22.09,naive
2016-07-12,13,29.99,20.4,naive
2016-07-12,14,30.22,20.08,naive
2016-07-12,15,30.42,20.34,naive
2016-07-12,16,30.32,22.23,naive
2016-07-12,17,31.91,25.45,naive
2016-07-12,18,33.03,28.8,naive
2016-07-12,19,33.61,31.25,naive
2016-07-12,20,33.06,31.48,naive
2016-07-12,21,33.67,30.02,naive
2016-07-12,22,33.38,28.5,naive
2016-07-12,23,30.84,26.97,naive
2016-07-13,0,27.95,25.09,naive
2016-07-13,1,27.16,23.98,naive
2016-07-13,2,26.05,22.39,naive
2016-07-13,3,25.0,22.59,naive
2016-07-13,4,25.1,22.58,naive
2016-07-13,5,26.18,24.51,naive
2016-07-13,6,31.85,28.53,naive
2016-07-13,7,34.94,33.63,naive
2016-07-13,8,40.42,34.94,naive
2016-07-13,9,40.62,31.98,naive
2016-07-13,10,39.36,31.96,naive
2016-07-13,11,39.66,32.7,naive
2016-07-13,12,36.03,31.44,naive
2016-07-13,13,36.05,29.99,naive
2016-07-13,14,35.36,30.22,naive
2016-07-13,15,32.87,30.42,naive
2016-07-13,16,31.94,30.32,naive
2016-07-13,17,32.94,31.91,naive
2016-07-13,18,34.22,33.03,naive
2016-07-13,19,35.06,33.61,naive
2016-07-13,20,33.01,33.06,naive
2016-07-13,21,30.81,33.67,naive
2016-07-13,22,31.4,33.38,naive
2016-07-13,23,27.86,30.84,naive
2016-07-14,0,23.46,27.95,naive
2016-07-14,1,23.24,27.16,naive
2016-07-14,2,22.1,26.05,naive
2016-07-14,3,21.83,25.0,naive
2016-07-14,4,21.06,25.1,naive
2016-07-14,5,22.05,26.18,naive
2016-07-14,6,24.06,31.85,naive
2016-07-14,7,29.42,34.94,naive
2016-07-14,8,32.05,40.42,naive
2016-07-14,9,31.02,40.62,naive
2016-07-14,10,29.8,39.36,naive
2016-07-14,11,30.43,39.66,naive
2016-07-14,12,27.58,36.03,naive
2016-07-14,13,25.06,36.05,naive
2016-07-14,14,22.54,35.36,naive
2016-07-14,15,20.65,32.87,naive
2016-07-14,16,20.66,31.94,naive
2016-07-14,17,22.09,32.94,naive
2016-07-14,18,25.74,34.22,naive
2016-07-14,19,28.95,35.06,naive
2016-07-14,20,27.93,33.01,naive
2016-07-14,21,25.65,30.81,naive
2016-07-14,22,25.56,31.4,naive
2016-07-14,23,21.85,27.86,naive
2016-07-15,0,18.92,23.46,naive
2016-07-15,1,19.87,23.24,naive
2016-07-15,2,17.02,22.1,naive
2016-07-15,3,13.16,21.83,naive
2016-07-15,4,15.06,21.06,naive
2016-07-15,5,18.88,22.05,naive
2016-07-15,6,23.44,24.06,naive
2016-07-15,7,29.08,29.42,naive
2016-07-15,8,30.08,32.05,naive
2016-07-15,9,31.82,31.02,naive
2016-07-15,10,29.94,29.8,naive
2016-07-15,11,29.73,30.43,naive
2016-07-15,12,27.39,27.58,naive
2016-07-15,13,23.8,25.06,naive
2016-07-15,14,22.93,22.54,naive
2016-07-15,15,22.02,20.65,naive
2016-07-15,16,22.82,20.66,naive
2016-07-15,17,27.71,22.09,naive
2016-07-15,18,31.92,25.74,naive
2016-07-15,19,34.67,28.95,naive
2016-07-15,20,32.73,27.93,naive
2016-07-15,21,32.25,25.65,naive
2016-07-15,22,34.94,25.56,naive
2016-07-15,23,33.78,21.85,naive
2016-07-16,0,27.53,20.7,naive
2016-07-16,1,23.82,18.61,naive
2016-07-16,2,23.0,17.39,naive
2016-07-16,3,22.0,19.0,naive
2016-07-16,4,21.91,17.1,naive
2016-07-16,5,21.79,17.01,naive
2016-07-16,6,22.01,18.12,naive
2016-07-16,7,22.47,22.32,naive
2016-07-16,8,23.34,21.99,naive
2016-07-16,9,22.96,21.78,naive
2016-07-16,10,21.99,16.99,naive
2016-07-16,11,21.93,16.99,naive
2016-07-16,12,22.89,15.32,naive
2016-07-16,13,21.98,8.98,naive
2016-07-16,14,21.93,11.64,naive
2016-07-16,15,22.21,11.25,naive
2016-07-16,16,23.36,16.9,naive
2016-07-16,17,25.38,22.0,naive
2016-07-16,18,30.3,27.92,naive
2016-07-16,19,31.92,30.63,naive
2016-07-16,20,30.61,30.25,naive
2016-07-16,21,30.99,29.86,naive
2016-07-16,22,32.16,30.61,naive
2016-07-16,23,27.78,28.0,naive
2016-07-17,0,24.53,23.17,naive
2016-07-17,1,21.04,18.54,naive
2016-07-17,2,21.03,15.04,naive
2016-07-17,3,20.17,11.96,naive
2016-07-17,4,19.57,11.17,naive
2016-07-17,5,19.4,9.91,naive
2016-07-17,6,19.01,10.63,naive
2016-07-17,7,20.96,10.1,naive
2016-07-17,8,21.13,12.36,naive
2016-07-17,9,22.3,10.64,naive
2016-07-17,10,20.77,7.62,naive
2016-07-17,11,21.99,9.12,naive
2016-07-17,12,21.03,6.88,naive
2016-07-17,13,16.19,-0.08,naive
2016-07-17,14,13.06,-0.9,naive
2016-07-17,15,13.06,3.96,naive
2016-07-17,16,13.02,10.14,naive
2016-07-17,17,20.03,19.5,naive
2016-07-17,18,22.4,24.18,naive
2016-07-17,19,27.37,29.93,naive
2016-07-17,20,28.07,30.91,naive
2016-07-17,21,30.09,30.92,naive
2016-07-17,22,30.57,31.49,naive
2016-07-17,23,29.0,29.81,naive
2016-07-18,0,26.03,18.92,naive
2016-07-18,1,24.05,19.87,naive
2016-07-18,2,23.31,17.02,naive
2016-07-18,3,22.58,13.16,naive
2016-07-18,4,23.02,15.06,naive
2016-07-18,5,23.81,18.88,naive
2016-07-18,6,28.82,23.44,naive
2016-07-18,7,33.09,29.08,naive
2016-07-18,8,35.39,30.08,naive
2016-07-18,9,32.98,31.82,naive
2016-07-18,10,30.53,29.94,naive
2016-07-18,11,30.22,29.73,naive
2016-07-18,12,27.17,27.39,naive
2016-07-18,13,27.92,23.8,naive
2016-07-18,14,26.4,22.93,naive
2016-07-18,15,26.51,22.02,naive
2016-07-18,16,26.76,22.82,naive
2016-07-18,17,29.95,27.71,naive
2016-07-18,18,33.0,31.92,naive
2016-07-18,19,39.39,34.67,naive
2016-07-18,20,40.0,32.73,naive
2016-07-18,21,38.61,32.25,naive
2016-07-18,22,35.9,34.94,naive
2016-07-18,23,30.45,33.78,naive
2016-07-19,0,27.59,26.03,naive
2016-07-19,1,27.09,24.05,naive
2016-07-19,2,26.41,23.31,naive
2016-07-19,3,25.89,22.58,naive
2016-07-19,4,25.61,23.02,naive
2016-07-19,5,26.14,23.81,naive
2016-07-19,6,31.0,28.82,naive
2016-07-19,7,36.99,33.09,naive
2016-07-19,8,40.01,35.39,naive
2016-07-19,9,35.7,32.98,naive
2016-07-19,10,32.99,30.53,naive
2016-07-19,11,32.91,30.22,naive
2016-07-19,12,31.38,27.17,naive
2016-07-19,13,30.91,27.92,naive
2016-07-19,14,30.08,26.4,naive
2016-07-19,15,31.28,26.51,naive
2016-07-19,16,32.4,26.76,naive
2016-07-19,17,35.25,29.95,naive
2016-07-19,18,39.91,33.0,naive
2016-07-19,19,44.0,39.39,naive
2016-07-19,20,37.03,40.0,naive
2016-07-19,21,37.0,38.61,naive
2016-07-19,22,32.92,35.9,naive
2016-07-19,23,27.91,30.45,naive
2016-07-20,0,28.01,27.59,naive
2016-07-20,1,26.32,27.09,naive
2016-07-20,2,25.1,26.41,naive
2016-07-20,3,24.79,25.89,naive
2016-07-20,4,24.83,25.61,naive
2016-07-20,5,25.85,26.14,naive
2016-07-20,6,29.35,31.0,naive
2016-07-20,7,33.52,36.99,naive
2016-07-20,8,36.79,40.01,naive
2016-07-20,9,34.1,35.7,naive
2016-07-20,10,32.39,32.99,naive
2016-07-20,11,31.43,32.91,naive
2016-07-20,12,28.02,31.38,naive
2016-07-20,13,26.63,30.91,naive
2016-07-20,14,25.93,30.08,naive
2016-07-20,15,26.43,31.28,naive
2016-07-20,16,28.08,32.4,naive
2016-07-20,17,31.66,35.25,naive
2016-07-20,18,33.3,39.91,naive
2016-07-20,19,34.48,44.0,naive
2016-07-20,20,33.41,37.03,naive
2016-07-20,21,31.96,37.0,naive
2016-07-20,22,28.94,32.92,naive
2016-07-20,23,25.35,27.91,naive
2016-07-21,0,26.43,28.01,naive
2016-07-21,1,26.46,26.32,naive
2016-07-21,2,25.9,25.1,naive
2016-07-21,3,25.52,24.79,naive
2016-07-21,4,25.55,24.83,naive
2016-07-21,5,27.49,25.85,naive
2016-07-21,6,32.84,29.35,naive
2016-07-21,7,36.61,33.52,naive
2016-07-21,8,39.16,36.79,naive
2016-07-21,9,36.04,34.1,naive
2016-07-21,10,37.02,32.39,naive
2016-07-21,11,36.01,31.43,naive
2016-07-21,12,35.04,28.02,naive
2016-07-21,13,34.24,26.63,naive
2016-07-21,14,32.94,25.93,naive
2016-07-21,15,33.0,26.43,naive
2016-07-21,16,33.31,28.08,naive
2016-07-21,17,34.37,31.66,naive
2016-07-21,18,34.76,33.3,naive
2016-07-21,19,38.38,34.48,naive
2016-07-21,20,35.95,33.41,naive
2016-07-21,21,35.7,31.96,naive
2016-07-21,22,32.92,28.94,naive
2016-07-21,23,31.01,25.35,naive
2016-07-22,0,29.26,26.43,naive
2016-07-22,1,27.24,26.46,naive
2016-07-22,2,27.1,25.9,naive
2016-07-22,3,26.56,25.52,naive
2016-07-22,4,26.5,25.55,naive
2016-07-22,5,28.06,27.49,naive
2016-07-22,6,32.36,32.84,naive
2016-07-22,7,35.99,36.61,naive
2016-07-22,8,36.81,39.16,naive
2016-07-22,9,36.0,36.04,naive
2016-07-22,10,35.16,37.02,naive
2016-07-22,11,34.41,36.01,naive
2016-07-22,12,32.15,35.04,naive
2016-07-22,13,30.78,34.24,naive
2016-07-22,14,30.68,32.94,naive
2016-07-22,15,31.19,33.0,naive
2016-07-22,16,31.62,33.31,naive
2016-07-22,17,32.93,34.37,naive
2016-07-22,18,34.91,34.76,naive
2016-07-22,19,35.96,38.38,naive
2016-07-22,20,33.26,35.95,naive
2016-07-22,21,31.97,35.7,naive
2016-07-22,22,31.96,32.92,naive
2016-07-22,23,29.0,31.01,naive
2016-07-23,0,31.8,27.53,naive
2016-07-23,1,30.83,23.82,naive
2016-07-23,2,29.1,23.0,naive
2016-07-23,3,27.02,22.0,naive
2016-07-23,4,25.77,21.91,naive
2016-07-23,5,25.65,21.79,naive
2016-07-23,6,26.22,22.01,naive
2016-07-23,7,30.32,22.47,naive
2016-07-23,8,31.96,23.34,naive
2016-07-23,9,32.53,22.96,naive
2016-07-23,10,32.26,21.99,naive
2016-07-23,11,31.97,21.93,naive
2016-07-23,12,29.02,22.89,naive
2016-07-23,13,25.25,21.98,naive
2016-07-23,14,24.52,21.93,naive
2016-07-23,15,24.97,22.21,naive
2016-07-23,16,27.72,23.36,naive
2016-07-23,17,30.57,25.38,naive
2016-07-23,18,31.86,30.3,naive
2016-07-23,19,33.62,31.92,naive
2016-07-23,20,32.9,30.61,naive
2016-07-23,21,32.38,30.99,naive
2016-07-23,22,32.14,32.16,naive
2016-07-23,23,29.07,27.78,naive
2016-07-24,0,30.11,24.53,naive
2016-07-24,1,28.11,21.04,naive
2016-07-24,2,25.99,21.03,naive
2016-07-24,3,24.93,20.17,naive
2016-07-24,4,24.25,19.57,naive
2016-07-24,5,23.98,19.4,naive
2016-07-24,6,23.92,19.01,naive
2016-07-24,7,24.79,20.96,naive
2016-07-24,8,25.67,21.13,naive
2016-07-24,9,25.95,22.3,naive
2016-07-24,10,24.87,20.77,naive
2016-07-24,11,25.13,21.99,naive
2016-07-24,12,23.47,21.03,naive
2016-07-24,13,23.82,16.19,naive
2016-07-24,14,23.3,13.06,naive
2016-07-24,15,23.48,13.06,naive
2016-07-24,16,24.76,13.02,naive
2016-07-24,17,26.42,20.03,naive
2016-07-24,18,29.91,22.4,naive
2016-07-24,19,31.94,27.37,naive
2016-07-24,20,32.95,28.07,naive
2016-07-24,21,33.22,30.09,naive
2016-07-24,22,35.93,30.57,naive
2016-07-24,23,33.3,29.0,naive
2016-07-25,0,29.8,29.26,naive
2016-07-25,1,27.32,27.24,naive
2016-07-25,2,26.32,27.1,naive
2016-07-25,3,25.93,26.56,naive
2016-07-25,4,25.92,26.5,naive
2016-07-25,5,27.8,28.06,naive
2016-07-25,6,35.0,32.36,naive
2016-07-25,7,38.08,35.99,naive
2016-07-25,8,39.52,36.81,naive
2016-07-25,9,37.94,36.0,naive
2016-07-25,10,36.47,35.16,naive
2016-07-25,11,36.05,34.41,naive
2016-07-25,12,33.64,32.15,naive
2016-07-25,13,32.95,30.78,naive
2016-07-25,14,32.35,30.68,naive
2016-07-25,15,32.6,31.19,naive
2016-07-25,16,33.32,31.62,naive
2016-07-25,17,35.18,32.93,naive
2016-07-25,18,35.99,34.91,naive
2016-07-25,19,36.59,35.96,naive
2016-07-25,20,36.47,33.26,naive
2016-07-25,21,36.08,31.97,naive
2016-07-25,22,35.47,31.96,naive
2016-07-25,23,30.4,29.0,naive
2016-07-26,0,27.98,29.8,naive
2016-07-26,1,27.5,27.32,naive
2016-07-26,2,26.38,26.32,naive
2016-07-26,3,25.88,25.93,naive
2016-07-26,4,25.91,25.92,naive
2016-07-26,5,26.53,27.8,naive
2016-07-26,6,30.97,35.0,naive
2016-07-26,7,35.9,38.08,naive
2016-07-26,8,39.16,39.52,naive
2016-07-26,9,37.45,37.94,naive
2016-07-26,10,36.46,36.47,naive
2016-07-26,11,37.01,36.05,naive
2016-07-26,12,33.13,33.64,naive
2016-07-26,13,32.91,32.95,naive
2016-07-26,14,31.8,32.35,naive
2016-07-26,15,32.92,32.6,naive
2016-07-26,16,32.26,33.32,naive
2016-07-26,17,34.07,35.18,naive
2016-07-26,18,37.13,35.99,naive
2016-07-26,19,39.3,36.59,naive
2016-07-26,20,37.28,36.47,naive
2016-07-26,21,36.54,36.08,naive
2016-07-26,22,35.81,35.47,naive
2016-07-26,23,30.2,30.4,naive
2016-07-27,0,28.12,27.98,naive
2016-07-27,1,27.61,27.5,naive
2016-07-27,2,26.53,26.38,naive
2016-07-27,3,25.87,25.88,naive
2016-07-27,4,26.0,25.91,naive
2016-07-27,5,26.63,26.53,naive
2016-07-27,6,31.53,30.97,naive
2016-07-27,7,36.43,35.9,naive
2016-07-27,8,39.11,39.16,naive
2016-07-27,9,40.67,37.45,naive
2016-07-27,10,40.92,36.46,naive
2016-07-27,11,41.25,37.01,naive
2016-07-27,12,37.09,33.13,naive
2016-07-27,13,36.53,32.91,naive
2016-07-27,14,33.19,31.8,naive
2016-07-27,15,32.6,32.92,naive
2016-07-27,16,32.7,32.26,naive
2016-07-27,17,33.15,34.07,naive
2016-07-27,18,35.97,37.13,naive
2016-07-27,19,36.61,39.3,naive
2016-07-27,20,36.37,37.28,naive
2016-07-27,21,35.56,36.54,naive
2016-07-27,22,34.04,35.81,naive
2016-07-27,23,29.94,30.2,naive
2016-07-28,0,26.9,28.12,naive
2016-07-28,1,26.39,27.61,naive
2016-07-28,2,25.8,26.53,naive
2016-07-28,3,25.29,25.87,naive
2016-07-28,4,25.26,26.0,naive
2016-07-28,5,26.39,26.63,naive
2016-07-28,6,29.92,31.53,naive
2016-07-28,7,34.91,36.43,naive
2016-07-28,8,36.94,39.11,naive
2016-07-28,9,35.79,40.67,naive
2016-07-28,10,33.93,40.92,naive
2016-07-28,11,33.75,41.25,naive
2016-07-28,12,33.81,37.09,naive
2016-07-28,13,31.79,36.53,naive
2016-07-28,14,30.97,33.19,naive
2016-07-28,15,31.43,32.6,naive
2016-07-28,16,31.43,32.7,naive
2016-07-28,17,32.98,33.15,naive
2016-07-28,18,34.97,35.97,naive
2016-07-28,19,36.72,36.61,naive
2016-07-28,20,35.5,36.37,naive
2016-07-28,21,34.04,35.56,naive
2016-07-28,22,33.93,34.04,naive
2016-07-28,23,29.92,29.94,naive
2016-07-29,0,28.21,26.9,naive
2016-07-29,1,27.04,26.39,naive
2016-07-29,2,26.03,25.8,naive
2016-07-29,3,24.58,25.29,naive
2016-07-29,4,24.84,25.26,naive
2016-07-29,5,25.95,26.39,naive
2016-07-29,6,29.68,29.92,naive
2016-07-29,7,33.99,34.91,naive
2016-07-29,8,36.13,36.94,naive
2016-07-29,9,36.09,35.79,naive
2016-07-29,10,33.75,33.93,naive
2016-07-29,11,33.21,33.75,naive
2016-07-29,12,31.67,33.81,naive
2016-07-29,13,29.5,31.79,naive
2016-07-29,14,27.94,30.97,naive
2016-07-29,15,27.37,31.43,naive
2016-07-29,16,28.09,31.43,naive
2016-07-29,17,29.11,32.98,naive
2016-07-29,18,31.5,34.97,naive
2016-07-29,19,34.13,36.72,naive
2016-07-29,20,32.98,35.5,naive
2016-07-29,21,30.86,34.04,naive
2016-07-29,22,29.81,33.93,naive
2016-07-29,23,28.87,29.92,naive
2016-07-30,0,31.07,31.8,naive
2016-07-30,1,26.51,30.83,naive
2016-07-30,2,25.59,29.1,naive
2016-07-30,3,24.56,27.02,naive
2016-07-30,4,24.17,25.77,naive
2016-07-30,5,24.39,25.65,naive
2016-07-30,6,24.72,26.22,naive
2016-07-30,7,25.46,30.32,naive
2016-07-30,8,26.74,31.96,naive
2016-07-30,9,28.97,32.53,naive
2016-07-30,10,28.38,32.26,naive
2016-07-30,11,27.93,31.97,naive
2016-07-30,12,26.33,29.02,naive
2016-07-30,13,24.79,25.25,naive
2016-07-30,14,23.99,24.52,naive
2016-07-30,15,24.04,24.97,naive
2016-07-30,16,25.04,27.72,naive
2016-07-30,17,26.1,30.57,naive
2016-07-30,18,30.51,31.86,naive
2016-07-30,19,31.92,33.62,naive
2016-07-30,20,32.55,32.9,naive
2016-07-30,21,32.09,32.38,naive
2016-07-30,22,36.02,32.14,naive
2016-07-30,23,32.96,29.07,naive
2016-07-31,0,28.08,30.11,naive
2016-07-31,1,25.36,28.11,naive
2016-07-31,2,23.8,25.99,naive
2016-07-31,3,22.56,24.93,naive
2016-07-31,4,22.14,24.25,naive
2016-07-31,5,21.65,23.98,naive
2016-07-31,6,20.98,23.92,naive
2016-07-31,7,21.99,24.79,naive
2016-07-31,8,23.8,25.67,naive
2016-07-31,9,25.12,25.95,naive
2016-07-31,10,25.28,24.87,naive
2016-07-31,11,26.77,25.13,naive
2016-07-31,12,26.34,23.47,naive
2016-07-31,13,25.56,23.82,naive
2016-07-31,14,24.35,23.3,naive
2016-07-31,15,23.32,23.48,naive
2016-07-31,16,22.78,24.76,naive
2016-07-31,17,25.25,26.42,naive
2016-07-31,18,25.09,29.91,naive
2016-07-31,19,28.23,31.94,naive
2016-07-31,20,28.92,32.95,naive
2016-07-31,21,30.19,33.22,naive
2016-07-31,22,31.39,35.93,naive
2016-07-31,23,27.78,33.3,naive
2016-08-01,0,24.91,28.21,naive
2016-08-01,1,23.79,27.04,naive
2016-08-01,2,22.55,26.03,naive
2016-08-01,3,22.14,24.58,naive
2016-08-01,4,22.42,24.84,naive
2016-08-01,5,23.93,25.95,naive
2016-08-01,6,29.06,29.68,naive
2016-08-01,7,32.17,33.99,naive
2016-08-01,8,35.0,36.13,naive
2016-08-01,9,33.21,36.09,naive
2016-08-01,10,30.13,33.75,naive
2016-08-01,11,29.8,33.21,naive
2016-08-01,12,27.92,31.67,naive
2016-08-01,13,25.93,29.5,naive
2016-08-01,14,27.03,27.94,naive
2016-08-01,15,27.01,27.37,naive
2016-08-01,16,28.48,28.09,naive
2016-08-01,17,32.05,29.11,naive
2016-08-01,18,35.97,31.5,naive
2016-08-01,19,37.15,34.13,naive
2016-08-01,20,38.33,32.98,naive
2016-08-01,21,36.95,30.86,naive
2016-08-01,22,35.99,29.81,naive
2016-08-01,23,31.63,28.87,naive
2016-08-02,0,27.56,24.91,naive
2016-08-02,1,25.79,23.79,naive
2016-08-02,2,25.35,22.55,naive
2016-08-02,3,24.7,22.14,naive
2016-08-02,4,24.27,22.42,naive
2016-08-02,5,25.9,23.93,naive
2016-08-02,6,30.43,29.06,naive
2016-08-02,7,34.87,32.17,naive
2016-08-02,8,36.87,35.0,naive
2016-08-02,9,36.92,33.21,naive
2016-08-02,10,36.97,30.13,naive
2016-08-02,11,38.09,29.8,naive
2016-08-02,12,37.83,27.92,naive
2016-08-02,13,36.85,25.93,naive
2016-08-02,14,35.98,27.03,naive
2016-08-02,15,35.73,27.01,naive
2016-08-02,16,34.92,28.48,naive
2016-08-02,17,35.94,32.05,naive
2016-08-02,18,35.92,35.97,naive
2016-08-02,19,34.95,37.15,naive
2016-08-02,20,32.83,38.33,naive
2016-08-02,21,32.4,36.95,naive
2016-08-02,22,31.19,35.99,naive
2016-08-02,23,28.98,31.63,naive
2016-08-03,0,26.03,27.56,naive
2016-08-03,1,24.53,25.79,naive
2016-08-03,2,23.74,25.35,naive
2016-08-03,3,22.69,24.7,naive
2016-08-03,4,22.48,24.27,naive
2016-08-03,5,23.66,25.9,naive
2016-08-03,6,27.06,30.43,naive
2016-08-03,7,31.82,34.87,naive
2016-08-03,8,33.95,36.87,naive
2016-08-03,9,34.97,36.92,naive
2016-08-03,10,35.02,36.97,naive
2016-08-03,11,34.95,38.09,naive
2016-08-03,12,33.57,37.83,naive
2016-08-03,13,30.04,36.85,naive
2016-08-03,14,28.13,35.98,naive
2016-08-03,15,28.38,35.73,naive
2016-08-03,16,28.45,34.92,naive
2016-08-03,17,29.95,35.94,naive
2016-08-03,18,32.52,35.92,naive
2016-08-03,19,33.0,34.95,naive
2016-08-03,20,31.25,32.83,naive
2016-08-03,21,30.33,32.4,naive
2016-08-03,22,28.99,31.19,naive
2016-08-03,23,26.91,28.98,naive
2016-08-04,0,23.55,26.03,naive
2016-08-04,1,22.43,24.53,naive
2016-08-04,2,20.05,23.74,naive
2016-08-04,3,19.42,22.69,naive
2016-08-04,4,19.83,22.48,naive
2016-08-04,5,22.42,23.66,naive
2016-08-04,6,25.49,27.06,naive
2016-08-04,7,30.01,31.82,naive
2016-08-04,8,33.05,33.95,naive
2016-08-04,9,32.03,34.97,naive
2016-08-04,10,29.01,35.02,naive
2016-08-04,11,27.98,34.95,naive
2016-08-04,12,25.45,33.57,naive
2016-08-04,13,23.58,30.04,naive
2016-08-04,14,23.97,28.13,naive
2016-08-04,15,27.02,28.38,naive
2016-08-04,16,29.29,28.45,naive
2016-08-04,17,32.98,29.95,naive
2016-08-04,18,34.58,32.52,naive
2016-08-04,19,34.9,33.0,naive
2016-08-04,20,34.58,31.25,naive
2016-08-04,21,34.46,30.33,naive
2016-08-04,22,33.91,28.99,naive
2016-08-04,23,29.37,26.91,naive
2016-08-05,0,28.13,23.55,naive
2016-08-05,1,26.83,22.43,naive
2016-08-05,2,25.12,20.05,naive
2016-08-05,3,23.95,19.42,naive
2016-08-05,4,24.07,19.83,naive
2016-08-05,5,26.24,22.42,naive
2016-08-05,6,30.45,25.49,naive
2016-08-05,7,34.01,30.01,naive
2016-08-05,8,37.19,33.05,naive
2016-08-05,9,38.69,32.03,naive
2016-08-05,10,38.54,29.01,naive
2016-08-05,11,38.0,27.98,naive
2016-08-05,12,36.0,25.45,naive
2016-08-05,13,33.96,23.58,naive
2016-08-05,14,31.39,23.97,naive
2016-08-05,15,28.23,27.02,naive
2016-08-05,16,28.46,29.29,naive
2016-08-05,17,31.29,32.98,naive
2016-08-05,18,33.89,34.58,naive
2016-08-05,19,34.4,34.9,naive
2016-08-05,20,34.15,34.58,naive
2016-08-05,21,33.02,34.46,naive
2016-08-05,22,32.3,33.91,naive
2016-08-05,23,28.84,29.37,naive
2016-08-06,0,29.58,31.07,naive
2016-08-06,1,26.68,26.51,naive
2016-08-06,2,25.34,25.59,naive
2016-08-06,3,23.77,24.56,naive
2016-08-06,4,22.4,24.17,naive
2016-08-06,5,22.01,24.39,naive
2016-08-06,6,22.97,24.72,naive
2016-08-06,7,25.02,25.46,naive
2016-08-06,8,26.36,26.74,naive
2016-08-06,9,26.47,28.97,naive
2016-08-06,10,24.94,28.38,naive
2016-08-06,11,23.71,27.93,naive
2016-08-06,12,22.07,26.33,naive
2016-08-06,13,19.81,24.79,naive
2016-08-06,14,18.38,23.99,naive
2016-08-06,15,17.83,24.04,naive
2016-08-06,16,17.18,25.04,naive
2016-08-06,17,22.03,26.1,naive
2016-08-06,18,26.32,30.51,naive
2016-08-06,19,28.96,31.92,naive
2016-08-06,20,28.92,32.55,naive
2016-08-06,21,30.32,32.09,naive
2016-08-06,22,30.44,36.02,naive
2016-08-06,23,28.12,32.96,naive
2016-08-07,0,24.6,28.08,naive
2016-08-07,1,20.05,25.36,naive
2016-08-07,2,17.99,23.8,naive
2016-08-07,3,12.86,22.56,naive
2016-08-07,4,12.38,22.14,naive
2016-08-07,5,12.35,21.65,naive
2016-08-07,6,12.51,20.98,naive
2016-08-07,7,11.93,21.99,naive
2016-08-07,8,12.25,23.8,naive
2016-08-07,9,12.79,25.12,naive
2016-08-07,10,9.95,25.28,naive
2016-08-07,11,8.83,26.77,naive
2016-08-07,12,5.93,26.34,naive
2016-08-07,13,0.02,25.56,naive
2016-08-07,14,0.04,24.35,naive
2016-08-07,15,2.35,23.32,naive
2016-08-07,16,5.67,22.78,naive
2016-08-07,17,12.84,25.25,naive
2016-08-07,18,24.7,25.09,naive
2016-08-07,19,27.77,28.23,naive
2016-08-07,20,30.48,28.92,naive
2016-08-07,21,32.37,30.19,naive
2016-08-07,22,32.65,31.39,naive
2016-08-07,23,26.33,27.78,naive
2016-08-08,0,20.62,28.13,naive
2016-08-08,1,16.44,26.83,naive
2016-08-08,2,12.91,25.12,naive
2016-08-08,3,8.16,23.95,naive
2016-08-08,4,8.12,24.07,naive
2016-08-08,5,8.94,26.24,naive
2016-08-08,6,17.85,30.45,naive
2016-08-08,7,23.71,34.01,naive
2016-08-08,8,26.29,37.19,naive
2016-08-08,9,24.02,38.69,naive
2016-08-08,10,20.26,38.54,naive
2016-08-08,11,18.73,38.0,naive
2016-08-08,12,14.28,36.0,naive
2016-08-08,13,13.41,33.96,naive
2016-08-08,14,12.89,31.39,naive
2016-08-08,15,17.92,28.23,naive
2016-08-08,16,20.82,28.46,naive
2016-08-08,17,26.52,31.29,naive
2016-08-08,18,31.29,33.89,naive
2016-08-08,19,34.39,34.4,naive
2016-08-08,20,33.23,34.15,naive
2016-08-08,21,34.0,33.02,naive
2016-08-08,22,33.93,32.3,naive
2016-08-08,23,31.75,28.84,naive
2016-08-09,0,23.88,20.62,naive
2016-08-09,1,23.06,16.44,naive
2016-08-09,2,22.6,12.91,naive
2016-08-09,3,20.32,8.16,naive
2016-08-09,4,19.94,8.12,naive
2016-08-09,5,22.97,8.94,naive
2016-08-09,6,28.33,17.85,naive
2016-08-09,7,32.86,23.71,naive
2016-08-09,8,34.83,26.29,naive
2016-08-09,9,35.03,24.02,naive
2016-08-09,10,34.6,20.26,naive
2016-08-09,11,34.26,18.73,naive
2016-08-09,12,33.6,14.28,naive
2016-08-09,13,32.78,13.41,naive
2016-08-09,14,30.22,12.89,naive
2016-08-09,15,27.84,17.92,naive
2016-08-09,16,25.97,20.82,naive
2016-08-09,17,28.12,26.52,naive
2016-08-09,18,30.35,31.29,naive
2016-08-09,19,32.02,34.39,naive
2016-08-09,20,30.91,33.23,naive
2016-08-09,21,30.47,34.0,naive
2016-08-09,22,29.1,33.93,naive
2016-08-09,23,26.45,31.75,naive
2016-08-10,0,23.35,23.88,naive
2016-08-10,1,23.11,23.06,naive
2016-08-10,2,22.0,22.6,naive
2016-08-10,3,19.99,20.32,naive
2016-08-10,4,20.19,19.94,naive
2016-08-10,5,23.18,22.97,naive
2016-08-10,6,27.59,28.33,naive
2016-08-10,7,32.21,32.86,naive
2016-08-10,8,33.95,34.83,naive
2016-08-10,9,33.5,35.03,naive
2016-08-10,10,32.01,34.6,naive
2016-08-10,11,31.87,34.26,naive
2016-08-10,12,29.66,33.6,naive
2016-08-10,13,26.91,32.78,naive
2016-08-10,14,25.43,30.22,naive
2016-08-10,15,24.51,27.84,naive
2016-08-10,16,24.31,25.97,naive
2016-08-10,17,27.33,28.12,naive
2016-08-10,18,31.48,30.35,naive
2016-08-10,19,33.68,32.02,naive
2016-08-10,20,33.72,30.91,naive
2016-08-10,21,33.93,30.47,naive
2016-08-10,22,32.93,29.1,naive
2016-08-10,23,28.65,26.45,naive
2016-08-11,0,24.23,23.35,naive
2016-08-11,1,23.01,23.11,naive
2016-08-11,2,22.72,22.0,naive
2016-08-11,3,20.49,19.99,naive
2016-08-11,4,21.48,20.19,naive
2016-08-11,5,22.77,23.18,naive
2016-08-11,6,27.97,27.59,naive
2016-08-11,7,34.09,32.21,naive
2016-08-11,8,35.67,33.95,naive
2016-08-11,9,33.07,33.5,naive
2016-08-11,10,30.86,32.01,naive
2016-08-11,11,30.48,31.87,naive
2016-08-11,12,28.57,29.66,naive
2016-08-11,13,27.17,26.91,naive
2016-08-11,14,24.99,25.43,naive
2016-08-11,15,25.62,24.51,naive
2016-08-11,16,25.69,24.31,naive
2016-08-11,17,31.4,27.33,naive
2016-08-11,18,34.37,31.48,naive
2016-08-11,19,34.95,33.68,naive
2016-08-11,20,35.11,33.72,naive
2016-08-11,21,34.82,33.93,naive
2016-08-11,22,33.87,32.93,naive
2016-08-11,23,28.82,28.65,naive
2016-08-12,0,24.07,24.23,naive
2016-08-12,1,22.97,23.01,naive
2016-08-12,2,21.05,22.72,naive
2016-08-12,3,19.9,20.49,naive
2016-08-12,4,20.05,21.48,naive
2016-08-12,5,22.98,22.77,naive
2016-08-12,6,27.93,27.97,naive
2016-08-12,7,32.55,34.09,naive
2016-08-12,8,33.8,35.67,naive
2016-08-12,9,34.04,33.07,naive
2016-08-12,10,34.91,30.86,naive
2016-08-12,11,35.25,30.48,naive
2016-08-12,12,34.95,28.57,naive
2016-08-12,13,32.1,27.17,naive
2016-08-12,14,29.5,24.99,naive
2016-08-12,15,27.12,25.62,naive
2016-08-12,16,24.2,25.69,naive
2016-08-12,17,26.9,31.4,naive
2016-08-12,18,28.09,34.37,naive
2016-08-12,19,29.06,34.95,naive
2016-08-12,20,29.13,35.11,naive
2016-08-12,21,28.99,34.82,naive
2016-08-12,22,28.34,33.87,naive
2016-08-12,23,24.7,28.82,naive
2016-08-13,0,21.7,29.58,naive
2016-08-13,1,19.97,26.68,naive
2016-08-13,2,18.09,25.34,naive
2016-08-13,3,16.89,23.77,naive
2016-08-13,4,16.1,22.4,naive
2016-08-13,5,14.46,22.01,naive
2016-08-13,6,16.08,22.97,naive
2016-08-13,7,18.05,25.02,naive
2016-08-13,8,20.06,26.36,naive
2016-08-13,9,20.06,26.47,naive
2016-08-13,10,18.06,24.94,naive
2016-08-13,11,15.85,23.71,naive
2016-08-13,12,13.64,22.07,naive
2016-08-13,13,9.07,19.81,naive
2016-08-13,14,9.11,18.38,naive
2016-08-13,15,10.54,17.83,naive
2016-08-13,16,12.52,17.18,naive
2016-08-13,17,18.77,22.03,naive
2016-08-13,18,24.72,26.32,naive
2016-08-13,19,26.88,28.96,naive
2016-08-13,20,27.7,28.92,naive
2016-08-13,21,29.08,30.32,naive
2016-08-13,22,28.31,30.44,naive
2016-08-13,23,25.73,28.12,naive
2016-08-14,0,23.44,24.6,naive
2016-08-14,1,21.18,20.05,naive
2016-08-14,2,19.61,17.99,naive
2016-08-14,3,19.03,12.86,naive
2016-08-14,4,18.05,12.38,naive
2016-08-14,5,18.08,12.35,naive
2016-08-14,6,18.06,12.51,naive
2016-08-14,7,19.14,11.93,naive
2016-08-14,8,19.9,12.25,naive
2016-08-14,9,18.99,12.79,naive
2016-08-14,10,19.74,9.95,naive
2016-08-14,11,20.46,8.83,naive
2016-08-14,12,19.1,5.93,naive
2016-08-14,13,17.41,0.02,naive
2016-08-14,14,15.99,0.04,naive
2016-08-14,15,16.57,2.35,naive
2016-08-14,16,16.89,5.67,naive
2016-08-14,17,20.13,12.84,naive
2016-08-14,18,26.75,24.7,naive
2016-08-14,19,29.57,27.77,naive
2016-08-14,20,31.56,30.48,naive
2016-08-14,21,32.3,32.37,naive
2016-08-14,22,31.56,32.65,naive
2016-08-14,23,28.5,26.33,naive
2016-08-15,0,25.15,24.07,naive
2016-08-15,1,22.94,22.97,naive
2016-08-15,2,21.61,21.05,naive
2016-08-15,3,21.01,19.9,naive
2016-08-15,4,21.5,20.05,naive
2016-08-15,5,23.29,22.98,naive
2016-08-15,6,27.21,27.93,naive
2016-08-15,7,30.82,32.55,naive
2016-08-15,8,32.0,33.8,naive
2016-08-15,9,30.59,34.04,naive
2016-08-15,10,28.65,34.91,naive
2016-08-15,11,28.32,35.25,naive
2016-08-15,12,27.02,34.95,naive
2016-08-15,13,25.0,32.1,naive
2016-08-15,14,23.9,29.5,naive
2016-08-15,15,24.1,27.12,naive
2016-08-15,16,25.54,24.2,naive
2016-08-15,17,30.62,26.9,naive
2016-08-15,18,33.98,28.09,naive
2016-08-15,19,35.88,29.06,naive
2016-08-15,20,34.32,29.13,naive
2016-08-15,21,34.47,28.99,naive
2016-08-15,22,33.22,28.34,naive
2016-08-15,23,30.42,24.7,naive
2016-08-16,0,26.26,25.15,naive
2016-08-16,1,23.99,22.94,naive
2016-08-16,2,22.94,21.61,naive
2016-08-16,3,22.03,21.01,naive
2016-08-16,4,22.1,21.5,naive
2016-08-16,5,24.1,23.29,naive
2016-08-16,6,28.71,27.21,naive
2016-08-16,7,33.63,30.82,naive
2016-08-16,8,34.14,32.0,naive
2016-08-16,9,33.9,30.59,naive
2016-08-16,10,31.73,28.65,naive
2016-08-16,11,30.13,28.32,naive
2016-08-16,12,29.09,27.02,naive
2016-08-16,13,28.93,25.0,naive
2016-08-16,14,28.94,23.9,naive
2016-08-16,15,29.29,24.1,naive
2016-08-16,16,30.58,25.54,naive
2016-08-16,17,33.12,30.62,naive
2016-08-16,18,34.33,33.98,naive
2016-08-16,19,35.79,35.88,naive
2016-08-16,20,34.81,34.32,naive
2016-08-16,21,34.36,34.47,naive
2016-08-16,22,31.25,33.22,naive
2016-08-16,23,27.74,30.42,naive
2016-08-17,0,25.03,26.26,naive
2016-08-17,1,24.01,23.99,naive
2016-08-17,2,23.51,22.94,naive
2016-08-17,3,21.9,22.03,naive
2016-08-17,4,22.56,22.1,naive
2016-08-17,5,25.05,24.1,naive
2016-08-17,6,29.74,28.71,naive
2016-08-17,7,34.75,33.63,naive
2016-08-17,8,36.1,34.14,naive
2016-08-17,9,33.0,33.9,naive
2016-08-17,10,28.54,31.73,naive
2016-08-17,11,28.03,30.13,naive
2016-08-17,12,27.79,29.09,naive
2016-08-17,13,27.72,28.93,naive
2016-08-17,14,27.05,28.94,naive
2016-08-17,15,28.41,29.29,naive
2016-08-17,16,30.47,30.58,naive
2016-08-17,17,35.08,33.12,naive
2016-08-17,18,35.67,34.33,naive
2016-08-17,19,37.07,35.79,naive
2016-08-17,20,36.45,34.81,naive
2016-08-17,21,35.48,34.36,naive
2016-08-17,22,32.42,31.25,naive
2016-08-17,23,28.82,27.74,naive
2016-08-18,0,25.16,25.03,naive
2016-08-18,1,24.12,24.01,naive
2016-08-18,2,23.34,23.51,naive
2016-08-18,3,21.83,21.9,naive
2016-08-18,4,22.49,22.56,naive
2016-08-18,5,25.05,25.05,naive
2016-08-18,6,30.26,29.74,naive
2016-08-18,7,33.79,34.75,naive
2016-08-18,8,35.67,36.1,naive
2016-08-18,9,35.33,33.0,naive
2016-08-18,10,33.38,28.54,naive
2016-08-18,11,30.84,28.03,naive
2016-08-18,12,29.15,27.79,naive
2016-08-18,13,29.44,27.72,naive
2016-08-18,14,29.08,27.05,naive
2016-08-18,15,29.51,28.41,naive
2016-08-18,16,32.78,30.47,naive
2016-08-18,17,35.01,35.08,naive
2016-08-18,18,36.05,35.67,naive
2016-08-18,19,37.34,37.07,naive
2016-08-18,20,36.85,36.45,naive
2016-08-18,21,36.01,35.48,naive
2016-08-18,22,32.74,32.42,naive
2016-08-18,23,28.92,28.82,naive
2016-08-19,0,27.71,25.16,naive
2016-08-19,1,26.62,24.12,naive
2016-08-19,2,25.0,23.34,naive
2016-08-19,3,23.91,21.83,naive
2016-08-19,4,24.96,22.49,naive
2016-08-19,5,26.08,25.05,naive
2016-08-19,6,32.25,30.26,naive
2016-08-19,7,36.25,33.79,naive
2016-08-19,8,37.27,35.67,naive
2016-08-19,9,36.45,35.33,naive
2016-08-19,10,34.48,33.38,naive
2016-08-19,11,31.56,30.84,naive
2016-08-19,12,26.95,29.15,naive
2016-08-19,13,26.01,29.44,naive
2016-08-19,14,25.78,29.08,naive
2016-08-19,15,27.48,29.51,naive
2016-08-19,16,31.76,32.78,naive
2016-08-19,17,34.09,35.01,naive
2016-08-19,18,36.09,36.05,naive
2016-08-19,19,36.46,37.34,naive
2016-08-19,20,34.99,36.85,naive
2016-08-19,21,34.32,36.01,naive
2016-08-19,22,32.22,32.74,naive
2016-08-19,23,28.87,28.92,naive
2016-08-20,0,26.54,21.7,naive
2016-08-20,1,25.04,19.97,naive
2016-08-20,2,23.31,18.09,naive
2016-08-20,3,22.81,16.89,naive
2016-08-20,4,22.32,16.1,naive
2016-08-20,5,22.02,14.46,naive
2016-08-20,6,22.44,16.08,naive
2016-08-20,7,23.08,18.05,naive
2016-08-20,8,26.94,20.06,naive
2016-08-20,9,29.03,20.06,naive
2016-08-20,10,25.79,18.06,naive
2016-08-20,11,24.22,15.85,naive
2016-08-20,12,23.12,13.64,naive
2016-08-20,13,22.09,9.07,naive
2016-08-20,14,21.71,9.11,naive
2016-08-20,15,22.0,10.54,naive
2016-08-20,16,20.95,12.52,naive
2016-08-20,17,22.73,18.77,naive
2016-08-20,18,26.99,24.72,naive
2016-08-20,19,29.34,26.88,naive
2016-08-20,20,30.0,27.7,naive
2016-08-20,21,30.38,29.08,naive
2016-08-20,22,29.11,28.31,naive
2016-08-20,23,25.03,25.73,naive
2016-08-21,0,18.51,23.44,naive
2016-08-21,1,15.01,21.18,naive
2016-08-21,2,12.13,19.61,naive
2016-08-21,3,9.72,19.03,naive
2016-08-21,4,9.83,18.05,naive
2016-08-21,5,9.74,18.08,naive
2016-08-21,6,9.62,18.06,naive
2016-08-21,7,9.13,19.14,naive
2016-08-21,8,11.34,19.9,naive
2016-08-21,9,11.55,18.99,naive
2016-08-21,10,11.59,19.74,naive
2016-08-21,11,11.6,20.46,naive
2016-08-21,12,11.45,19.1,naive
2016-08-21,13,9.09,17.41,naive
2016-08-21,14,7.19,15.99,naive
2016-08-21,15,7.88,16.57,naive
2016-08-21,16,8.94,16.89,naive
2016-08-21,17,10.86,20.13,naive
2016-08-21,18,22.04,26.75,naive
2016-08-21,19,28.13,29.57,naive
2016-08-21,20,30.74,31.56,naive
2016-08-21,21,31.9,32.3,naive
2016-08-21,22,30.59,31.56,naive
2016-08-21,23,23.54,28.5,naive
2016-08-22,0,20.68,27.71,naive
2016-08-22,1,19.04,26.62,naive
2016-08-22,2,18.78,25.0,naive
2016-08-22,3,17.5,23.91,naive
2016-08-22,4,18.07,24.96,naive
2016-08-22,5,20.81,26.08,naive
2016-08-22,6,26.82,32.25,naive
2016-08-22,7,31.42,36.25,naive
2016-08-22,8,34.41,37.27,naive
2016-08-22,9,35.0,36.45,naive
2016-08-22,10,31.66,34.48,naive
2016-08-22,11,29.06,31.56,naive
2016-08-22,12,27.25,26.95,naive
2016-08-22,13,27.19,26.01,naive
2016-08-22,14,27.3,25.78,naive
2016-08-22,15,27.81,27.48,naive
2016-08-22,16,28.49,31.76,naive
2016-08-22,17,32.9,34.09,naive
2016-08-22,18,36.59,36.09,naive
2016-08-22,19,37.71,36.46,naive
2016-08-22,20,37.64,34.99,naive
2016-08-22,21,35.02,34.32,naive
2016-08-22,22,30.99,32.22,naive
2016-08-22,23,27.92,28.87,naive
2016-08-23,0,23.68,20.68,naive
2016-08-23,1,22.35,19.04,naive
2016-08-23,2,21.62,18.78,naive
2016-08-23,3,20.29,17.5,naive
2016-08-23,4,22.01,18.07,naive
2016-08-23,5,23.52,20.81,naive
2016-08-23,6,30.56,26.82,naive
2016-08-23,7,35.24,31.42,naive
2016-08-23,8,37.31,34.41,naive
2016-08-23,9,37.95,35.0,naive
2016-08-23,10,34.94,31.66,naive
2016-08-23,11,32.36,29.06,naive
2016-08-23,12,28.78,27.25,naive
2016-08-23,13,28.07,27.19,naive
2016-08-23,14,27.95,27.3,naive
2016-08-23,15,30.2,27.81,naive
2016-08-23,16,34.63,28.49,naive
2016-08-23,17,37.96,32.9,naive
2016-08-23,18,40.2,36.59,naive
2016-08-23,19,41.6,37.71,naive
2016-08-23,20,42.0,37.64,naive
2016-08-23,21,38.92,35.02,naive
2016-08-23,22,33.38,30.99,naive
2016-08-23,23,27.57,27.92,naive
2016-08-24,0,26.19,23.68,naive
2016-08-24,1,23.9,22.35,naive
2016-08-24,2,22.82,21.62,naive
2016-08-24,3,22.24,20.29,naive
2016-08-24,4,22.25,22.01,naive
2016-08-24,5,24.23,23.52,naive
2016-08-24,6,30.85,30.56,naive
2016-08-24,7,34.9,35.24,naive
2016-08-24,8,36.02,37.31,naive
2016-08-24,9,34.93,37.95,naive
2016-08-24,10,29.96,34.94,naive
2016-08-24,11,27.56,32.36,naive
2016-08-24,12,26.83,28.78,naive
2016-08-24,13,26.24,28.07,naive
2016-08-24,14,26.0,27.95,naive
2016-08-24,15,30.48,30.2,naive
2016-08-24,16,32.97,34.63,naive
2016-08-24,17,34.95,37.96,naive
2016-08-24,18,37.69,40.2,naive
2016-08-24,19,38.44,41.6,naive
2016-08-24,20,37.99,42.0,naive
2016-08-24,21,34.01,38.92,naive
2016-08-24,22,28.61,33.38,naive
2016-08-24,23,24.49,27.57,naive
2016-08-25,0,21.96,26.19,naive
2016-08-25,1,21.86,23.9,naive
2016-08-25,2,20.97,22.82,naive
2016-08-25,3,21.16,22.24,naive
2016-08-25,4,21.45,22.25,naive
2016-08-25,5,23.3,24.23,naive
2016-08-25,6,30.33,30.85,naive
2016-08-25,7,34.2,34.9,naive
2016-08-25,8,35.7,36.02,naive
2016-08-25,9,34.91,34.93,naive
2016-08-25,10,29.26,29.96,naive
2016-08-25,11,27.78,27.56,naive
2016-08-25,12,26.81,26.83,naive
2016-08-25,13,25.42,26.24,naive
2016-08-25,14,24.98,26.0,naive
2016-08-25,15,27.26,30.48,naive
2016-08-25,16,30.17,32.97,naive
2016-08-25,17,34.0,34.95,naive
2016-08-25,18,36.65,37.69,naive
2016-08-25,19,38.78,38.44,naive
2016-08-25,20,37.96,37.99,naive
2016-08-25,21,34.16,34.01,naive
2016-08-25,22,27.98,28.61,naive
2016-08-25,23,24.26,24.49,naive
2016-08-26,0,22.1,21.96,naive
2016-08-26,1,20.34,21.86,naive
2016-08-26,2,20.31,20.97,naive
2016-08-26,3,20.23,21.16,naive
2016-08-26,4,21.25,21.45,naive
2016-08-26,5,23.1,23.3,naive
2016-08-26,6,29.0,30.33,naive
2016-08-26,7,34.47,34.2,naive
2016-08-26,8,35.9,35.7,naive
2016-08-26,9,34.92,34.91,naive
2016-08-26,10,32.55,29.26,naive
2016-08-26,11,28.87,27.78,naive
2016-08-26,12,26.67,26.81,naive
2016-08-26,13,25.13,25.42,naive
2016-08-26,14,24.49,24.98,naive
2016-08-26,15,26.68,27.26,naive
2016-08-26,16,29.73,30.17,naive
2016-08-26,17,34.92,34.0,naive
2016-08-26,18,38.45,36.65,naive
2016-08-26,19,41.99,38.78,naive
2016-08-26,20,39.01,37.96,naive
2016-08-26,21,37.06,34.16,naive
2016-08-26,22,32.09,27.98,naive
2016-08-26,23,27.22,24.26,naive
2016-08-27,0,25.93,26.54,naive
2016-08-27,1,24.05,25.04,naive
2016-08-27,2,23.0,23.31,naive
2016-08-27,3,23.07,22.81,naive
2016-08-27,4,23.28,22.32,naive
2016-08-27,5,23.18,22.02,naive
2016-08-27,6,25.28,22.44,naive
2016-08-27,7,26.84,23.08,naive
2016-08-27,8,29.5,26.94,naive
2016-08-27,9,29.56,29.03,naive
2016-08-27,10,25.14,25.79,naive
2016-08-27,11,23.02,24.22,naive
2016-08-27,12,21.93,23.12,naive
2016-08-27,13,20.03,22.09,naive
2016-08-27,14,19.96,21.71,naive
2016-08-27,15,20.76,22.0,naive
2016-08-27,16,23.03,20.95,naive
2016-08-27,17,28.41,22.73,naive
2016-08-27,18,34.94,26.99,naive
2016-08-27,19,35.36,29.34,naive
2016-08-27,20,34.95,30.0,naive
2016-08-27,21,33.61,30.38,naive
2016-08-27,22,29.92,29.11,naive
2016-08-27,23,24.73,25.03,naive
2016-08-28,0,23.14,18.51,naive
2016-08-28,1,20.98,15.01,naive
2016-08-28,2,21.01,12.13,naive
2016-08-28,3,21.29,9.72,naive
2016-08-28,4,19.85,9.83,naive
2016-08-28,5,19.83,9.74,naive
2016-08-28,6,20.48,9.62,naive
2016-08-28,7,20.18,9.13,naive
2016-08-28,8,22.07,11.34,naive
2016-08-28,9,23.19,11.55,naive
2016-08-28,10,20.07,11.59,naive
2016-08-28,11,20.09,11.6,naive
2016-08-28,12,13.38,11.45,naive
2016-08-28,13,10.05,9.09,naive
2016-08-28,14,8.99,7.19,naive
2016-08-28,15,13.51,7.88,naive
2016-08-28,16,18.15,8.94,naive
2016-08-28,17,22.26,10.86,naive
2016-08-28,18,29.01,22.04,naive
2016-08-28,19,32.95,28.13,naive
2016-08-28,20,33.92,30.74,naive
2016-08-28,21,33.25,31.9,naive
2016-08-28,22,29.97,30.59,naive
2016-08-28,23,23.3,23.54,naive
2016-08-29,0,22.16,22.1,naive
2016-08-29,1,23.02,20.34,naive
2016-08-29,2,22.09,20.31,naive
2016-08-29,3,22.09,20.23,naive
2016-08-29,4,22.61,21.25,naive
2016-08-29,5,24.52,23.1,naive
2016-08-29,6,34.95,29.0,naive
2016-08-29,7,40.26,34.47,naive
2016-08-29,8,41.69,35.9,naive
2016-08-29,9,35.32,34.92,naive
2016-08-29,10,30.98,32.55,naive
2016-08-29,11,28.96,28.87,naive
2016-08-29,12,26.33,26.67,naive
2016-08-29,13,24.95,25.13,naive
2016-08-29,14,22.98,24.49,naive
2016-08-29,15,23.02,26.68,naive
2016-08-29,16,22.99,29.73,naive
2016-08-29,17,30.0,34.92,naive
2016-08-29,18,34.01,38.45,naive
2016-08-29,19,36.64,41.99,naive
2016-08-29,20,37.55,39.01,naive
2016-08-29,21,34.09,37.06,naive
2016-08-29,22,29.29,32.09,naive
2016-08-29,23,24.19,27.22,naive
2016-08-30,0,24.85,22.16,naive
2016-08-30,1,24.15,23.02,naive
2016-08-30,2,23.74,22.09,naive
2016-08-30,3,23.35,22.09,naive
2016-08-30,4,22.74,22.61,naive
2016-08-30,5,24.14,24.52,naive
2016-08-30,6,32.65,34.95,naive
2016-08-30,7,40.59,40.26,naive
2016-08-30,8,43.82,41.69,naive
2016-08-30,9,38.03,35.32,naive
2016-08-30,10,32.0,30.98,naive
2016-08-30,11,30.06,28.96,naive
2016-08-30,12,27.07,26.33,naive
2016-08-30,13,26.97,24.95,naive
2016-08-30,14,26.86,22.98,naive
2016-08-30,15,28.96,23.02,naive
2016-08-30,16,33.33,22.99,naive
2016-08-30,17,37.77,30.0,naive
2016-08-30,18,40.6,34.01,naive
2016-08-30,19,43.71,36.64,naive
2016-08-30,20,44.83,37.55,naive
2016-08-30,21,40.83,34.09,naive
2016-08-30,22,32.96,29.29,naive
2016-08-30,23,26.64,24.19,naive
2016-08-31,0,25.6,24.85,naive
2016-08-31,1,24.02,24.15,naive
2016-08-31,2,23.48,23.74,naive
2016-08-31,3,22.77,23.35,naive
2016-08-31,4,22.79,22.74,naive
2016-08-31,5,25.34,24.14,naive
2016-08-31,6,32.98,32.65,naive
2016-08-31,7,40.46,40.59,naive
2016-08-31,8,42.04,43.82,naive
2016-08-31,9,36.13,38.03,naive
2016-08-31,10,29.59,32.0,naive
2016-08-31,11,28.19,30.06,naive
2016-08-31,12,26.78,27.07,naive
2016-08-31,13,27.06,26.97,naive
2016-08-31,14,26.91,26.86,naive
2016-08-31,15,27.05,28.96,naive
2016-08-31,16,30.79,33.33,naive
2016-08-31,17,35.94,37.77,naive
2016-08-31,18,38.96,40.6,naive
2016-08-31,19,40.94,43.71,naive
2016-08-31,20,39.61,44.83,naive
2016-08-31,21,35.96,40.83,naive
2016-08-31,22,28.38,32.96,naive
2016-08-31,23,24.2,26.64,naive
2016-09-01,0,24.34,25.6,naive
2016-09-01,1,23.73,24.02,naive
2016-09-01,2,23.37,23.48,naive
2016-09-01,3,22.98,22.77,naive
2016-09-01,4,23.59,22.79,naive
2016-09-01,5,25.1,25.34,naive
2016-09-01,6,32.95,32.98,naive
2016-09-01,7,37.97,40.46,naive
2016-09-01,8,41.08,42.04,naive
2016-09-01,9,38.24,36.13,naive
2016-09-01,10,34.92,29.59,naive
2016-09-01,11,32.98,28.19,naive
2016-09-01,12,29.93,26.78,naive
2016-09-01,13,28.68,27.06,naive
2016-09-01,14,27.87,26.91,naive
2016-09-01,15,27.88,27.05,naive
2016-09-01,16,28.96,30.79,naive
2016-09-01,17,34.06,35.94,naive
2016-09-01,18,36.82,38.96,naive
2016-09-01,19,38.96,40.94,naive
2016-09-01,20,40.44,39.61,naive
2016-09-01,21,37.93,35.96,naive
2016-09-01,22,30.43,28.38,naive
2016-09-01,23,26.93,24.2,naive
2016-09-02,0,25.64,24.34,naive
2016-09-02,1,23.89,23.73,naive
2016-09-02,2,23.76,23.37,naive
2016-09-02,3,22.91,22.98,naive
2016-09-02,4,23.1,23.59,naive
2016-09-02,5,25.97,25.1,naive
2016-09-02,6,33.08,32.95,naive
2016-09-02,7,38.41,37.97,naive
2016-09-02,8,40.5,41.08,naive
2016-09-02,9,37.91,38.24,naive
2016-09-02,10,32.84,34.92,naive
2016-09-02,11,29.59,32.98,naive
2016-09-02,12,26.81,29.93,naive
2016-09-02,13,25.69,28.68,naive
2016-09-02,14,25.85,27.87,naive
2016-09-02,15,27.94,27.88,naive
2016-09-02,16,29.17,28.96,naive
2016-09-02,17,34.01,34.06,naive
2016-09-02,18,37.56,36.82,naive
2016-09-02,19,37.98,38.96,naive
2016-09-02,20,38.79,40.44,naive
2016-09-02,21,34.99,37.93,naive
2016-09-02,22,29.09,30.43,naive
2016-09-02,23,27.61,26.93,naive
2016-09-03,0,31.41,25.93,naive
2016-09-03,1,28.04,24.05,naive
2016-09-03,2,25.37,23.0,naive
2016-09-03,3,24.88,23.07,naive
2016-09-03,4,24.02,23.28,naive
2016-09-03,5,24.92,23.18,naive
2016-09-03,6,25.65,25.28,naive
2016-09-03,7,29.44,26.84,naive
2016-09-03,8,31.55,29.5,naive
2016-09-03,9,32.95,29.56,naive
2016-09-03,10,30.35,25.14,naive
2016-09-03,11,29.06,23.02,naive
2016-09-03,12,27.16,21.93,naive
2016-09-03,13,25.09,20.03,naive
2016-09-03,14,25.11,19.96,naive
2016-09-03,15,25.36,20.76,naive
2016-09-03,16,26.85,23.03,naive
2016-09-03,17,30.44,28.41,naive
2016-09-03,18,34.27,34.94,naive
2016-09-03,19,37.56,35.36,naive
2016-09-03,20,38.56,34.95,naive
2016-09-03,21,37.67,33.61,naive
2016-09-03,22,33.01,29.92,naive
2016-09-03,23,28.93,24.73,naive
2016-09-04,0,27.7,23.14,naive
2016-09-04,1,25.02,20.98,naive
2016-09-04,2,23.09,21.01,naive
2016-09-04,3,22.04,21.29,naive
2016-09-04,4,20.81,19.85,naive
2016-09-04,5,20.09,19.83,naive
2016-09-04,6,20.03,20.48,naive
2016-09-04,7,22.02,20.18,naive
2016-09-04,8,22.38,22.07,naive
2016-09-04,9,23.5,23.19,naive
2016-09-04,10,23.58,20.07,naive
2016-09-04,11,24.99,20.09,naive
2016-09-04,12,24.85,13.38,naive
2016-09-04,13,23.49,10.05,naive
2016-09-04,14,20.79,8.99,naive
2016-09-04,15,20.52,13.51,naive
2016-09-04,16,21.26,18.15,naive
2016-09-04,17,22.94,22.26,naive
2016-09-04,18,26.94,29.01,naive
2016-09-04,19,30.31,32.95,naive
2016-09-04,20,33.83,33.92,naive
2016-09-04,21,31.79,33.25,naive
2016-09-04,22,29.53,29.97,naive
2016-09-04,23,25.06,23.3,naive
2016-09-05,0,23.18,25.64,naive
2016-09-05,1,22.3,23.89,naive
2016-09-05,2,22.42,23.76,naive
2016-09-05,3,21.73,22.91,naive
2016-09-05,4,22.96,23.1,naive
2016-09-05,5,24.96,25.97,naive
2016-09-05,6,33.6,33.08,naive
2016-09-05,7,42.98,38.41,naive
2016-09-05,8,44.42,40.5,naive
2016-09-05,9,43.31,37.91,naive
2016-09-05,10,44.97,32.84,naive
2016-09-05,11,48.01,29.59,naive
2016-09-05,12,45.98,26.81,naive
2016-09-05,13,44.22,25.69,naive
2016-09-05,14,42.58,25.85,naive
2016-09-05,15,43.03,27.94,naive
2016-09-05,16,41.9,29.17,naive
2016-09-05,17,41.98,34.01,naive
2016-09-05,18,39.92,37.56,naive
2016-09-05,19,43.12,37.98,naive
2016-09-05,20,44.08,38.79,naive
2016-09-05,21,40.0,34.99,naive
2016-09-05,22,32.96,29.09,naive
2016-09-05,23,28.07,27.61,naive
2016-09-06,0,27.68,23.18,naive
2016-09-06,1,25.98,22.3,naive
2016-09-06,2,24.84,22.42,naive
2016-09-06,3,23.76,21.73,naive
2016-09-06,4,23.92,22.96,naive
2016-09-06,5,26.43,24.96,naive
2016-09-06,6,34.37,33.6,naive
2016-09-06,7,42.97,42.98,naive
2016-09-06,8,44.63,44.42,naive
2016-09-06,9,41.96,43.31,naive
2016-09-06,10,35.9,44.97,naive
2016-09-06,11,33.76,48.01,naive
2016-09-06,12,28.48,45.98,naive
2016-09-06,13,27.98,44.22,naive
2016-09-06,14,28.59,42.58,naive
2016-09-06,15,29.02,43.03,naive
2016-09-06,16,31.46,41.9,naive
2016-09-06,17,37.95,41.98,naive
2016-09-06,18,42.01,39.92,naive
2016-09-06,19,45.16,43.12,naive
2016-09-06,20,43.92,44.08,naive
2016-09-06,21,38.55,40.0,naive
2016-09-06,22,28.0,32.96,naive
2016-09-06,23,26.82,28.07,naive
2016-09-07,0,24.8,27.68,naive
2016-09-07,1,23.64,25.98,naive
2016-09-07,2,23.32,24.84,naive
2016-09-07,3,23.16,23.76,naive
2016-09-07,4,23.18,23.92,naive
2016-09-07,5,25.11,26.43,naive
2016-09-07,6,32.42,34.37,naive
2016-09-07,7,37.97,42.97,naive
2016-09-07,8,38.13,44.63,naive
2016-09-07,9,34.07,41.96,naive
2016-09-07,10,29.95,35.9,naive
2016-09-07,11,28.92,33.76,naive
2016-09-07,12,26.92,28.48,naive
2016-09-07,13,26.41,27.98,naive
2016-09-07,14,27.25,28.59,naive
2016-09-07,15,27.92,29.02,naive
2016-09-07,16,28.93,31.46,naive
2016-09-07,17,36.93,37.95,naive
2016-09-07,18,40.7,42.01,naive
2016-09-07,19,44.35,45.16,naive
2016-09-07,20,41.9,43.92,naive
2016-09-07,21,36.94,38.55,naive
2016-09-07,22,28.85,28.0,naive
2016-09-07,23,26.59,26.82,naive
2016-09-08,0,25.59,24.8,naive
2016-09-08,1,24.07,23.64,naive
2016-09-08,2,23.5,23.32,naive
2016-09-08,3,23.08,23.16,naive
2016-09-08,4,23.1,23.18,naive
2016-09-08,5,24.24,25.11,naive
2016-09-08,6,31.91,32.42,naive
2016-09-08,7,38.71,37.97,naive
2016-09-08,8,39.62,38.13,naive
2016-09-08,9,38.31,34.07,naive
2016-09-08,10,32.92,29.95,naive
2016-09-08,11,28.67,28.92,naive
2016-09-08,12,27.48,26.92,naive
2016-09-08,13,26.28,26.41,naive
2016-09-08,14,26.85,27.25,naive
2016-09-08,15,27.7,27.92,naive
2016-09-08,16,29.51,28.93,naive
2016-09-08,17,35.92,36.93,naive
2016-09-08,18,40.41,40.7,naive
2016-09-08,19,42.59,44.35,naive
2016-09-08,20,41.3,41.9,naive
2016-09-08,21,36.91,36.94,naive
2016-09-08,22,28.65,28.85,naive
2016-09-08,23,25.99,26.59,naive
2016-09-09,0,25.08,25.59,naive
2016-09-09,1,23.81,24.07,naive
2016-09-09,2,23.49,23.5,naive
2016-09-09,3,22.97,23.08,naive
2016-09-09,4,23.26,23.1,naive
2016-09-09,5,24.82,24.24,naive
2016-09-09,6,33.77,31.91,naive
2016-09-09,7,40.22,38.71,naive
2016-09-09,8,41.94,39.62,naive
2016-09-09,9,40.99,38.31,naive
2016-09-09,10,36.88,32.92,naive
2016-09-09,11,34.06,28.67,naive
2016-09-09,12,31.8,27.48,naive
2016-09-09,13,29.04,26.28,naive
2016-09-09,14,27.86,26.85,naive
2016-09-09,15,29.49,27.7,naive
2016-09-09,16,30.29,29.51,naive
2016-09-09,17,35.89,35.92,naive
2016-09-09,18,39.77,40.41,naive
2016-09-09,19,41.92,42.59,naive
2016-09-09,20,41.42,41.3,naive
2016-09-09,21,38.27,36.91,naive
2016-09-09,22,30.73,28.65,naive
2016-09-09,23,28.01,25.99,naive
2016-09-10,0,33.02,31.41,naive
2016-09-10,1,27.11,28.04,naive
2016-09-10,2,27.42,25.37,naive
2016-09-10,3,24.25,24.88,naive
2016-09-10,4,23.75,24.02,naive
2016-09-10,5,24.2,24.92,naive
2016-09-10,6,25.51,25.65,naive
2016-09-10,7,29.04,29.44,naive
2016-09-10,8,29.75,31.55,naive
2016-09-10,9,29.94,32.95,naive
2016-09-10,10,25.22,30.35,naive
2016-09-10,11,23.69,29.06,naive
2016-09-10,12,23.08,27.16,naive
2016-09-10,13,23.06,25.09,naive
2016-09-10,14,23.06,25.11,naive
2016-09-10,15,25.61,25.36,naive
2016-09-10,16,28.65,26.85,naive
2016-09-10,17,31.99,30.44,naive
2016-09-10,18,34.05,34.27,naive
2016-09-10,19,38.7,37.56,naive
2016-09-10,20,38.98,38.56,naive
2016-09-10,21,34.08,37.67,naive
2016-09-10,22,30.65,33.01,naive
2016-09-10,23,26.76,28.93,naive
2016-09-11,0,24.05,27.7,naive
2016-09-11,1,22.87,25.02,naive
2016-09-11,2,22.51,23.09,naive
2016-09-11,3,21.73,22.04,naive
2016-09-11,4,21.1,20.81,naive
2016-09-11,5,22.09,20.09,naive
2016-09-11,6,22.94,20.03,naive
2016-09-11,7,22.93,22.02,naive
2016-09-11,8,24.07,22.38,naive
2016-09-11,9,25.11,23.5,naive
2016-09-11,10,24.96,23.58,naive
2016-09-11,11,25.48,24.99,naive
2016-09-11,12,25.16,24.85,naive
2016-09-11,13,24.54,23.49,naive
2016-09-11,14,23.48,20.79,naive
2016-09-11,15,23.42,20.52,naive
2016-09-11,16,24.01,21.26,naive
2016-09-11,17,28.73,22.94,naive
2016-09-11,18,36.36,26.94,naive
2016-09-11,19,39.85,30.31,naive
2016-09-11,20,42.57,33.83,naive
2016-09-11,21,38.93,31.79,naive
2016-09-11,22,35.94,29.53,naive
2016-09-11,23,31.27,25.06,naive
2016-09-12,0,24.06,25.08,naive
2016-09-12,1,23.45,23.81,naive
2016-09-12,2,22.88,23.49,naive
2016-09-12,3,22.15,22.97,naive
2016-09-12,4,22.75,23.26,naive
2016-09-12,5,24.12,24.82,naive
2016-09-12,6,36.69,33.77,naive
2016-09-12,7,43.0,40.22,naive
2016-09-12,8,42.53,41.94,naive
2016-09-12,9,39.43,40.99,naive
2016-09-12,10,33.5,36.88,naive
2016-09-12,11,30.71,34.06,naive
2016-09-12,12,30.16,31.8,naive
2016-09-12,13,29.61,29.04,naive
2016-09-12,14,31.15,27.86,naive
2016-09-12,15,32.69,29.49,naive
2016-09-12,16,36.66,30.29,naive
2016-09-12,17,41.81,35.89,naive
2016-09-12,18,42.97,39.77,naive
2016-09-12,19,46.73,41.92,naive
2016-09-12,20,42.83,41.42,naive
2016-09-12,21,37.93,38.27,naive
2016-09-12,22,30.65,30.73,naive
2016-09-12,23,26.59,28.01,naive
2016-09-13,0,26.64,24.06,naive
2016-09-13,1,24.8,23.45,naive
2016-09-13,2,24.01,22.88,naive
2016-09-13,3,23.52,22.15,naive
2016-09-13,4,23.55,22.75,naive
2016-09-13,5,26.39,24.12,naive
2016-09-13,6,37.48,36.69,naive
2016-09-13,7,44.44,43.0,naive
2016-09-13,8,42.76,42.53,naive
2016-09-13,9,38.92,39.43,naive
2016-09-13,10,35.91,33.5,naive
2016-09-13,11,32.74,30.71,naive
2016-09-13,12,28.13,30.16,naive
2016-09-13,13,27.62,29.61,naive
2016-09-13,14,28.73,31.15,naive
2016-09-13,15,28.25,32.69,naive
2016-09-13,16,30.23,36.66,naive
2016-09-13,17,37.42,41.81,naive
2016-09-13,18,40.42,42.97,naive
2016-09-13,19,41.93,46.73,naive
2016-09-13,20,38.94,42.83,naive
2016-09-13,21,33.52,37.93,naive
2016-09-13,22,25.76,30.65,naive
2016-09-13,23,24.27,26.59,naive
2016-09-14,0,23.0,26.64,naive
2016-09-14,1,22.17,24.8,naive
2016-09-14,2,21.34,24.01,naive
2016-09-14,3,21.85,23.52,naive
2016-09-14,4,22.74,23.55,naive
2016-09-14,5,23.31,26.39,naive
2016-09-14,6,33.22,37.48,naive
2016-09-14,7,38.98,44.44,naive
2016-09-14,8,39.9,42.76,naive
2016-09-14,9,34.95,38.92,naive
2016-09-14,10,31.8,35.91,naive
2016-09-14,11,31.9,32.74,naive
2016-09-14,12,27.03,28.13,naive
2016-09-14,13,25.23,27.62,naive
2016-09-14,14,26.22,28.73,naive
2016-09-14,15,26.95,28.25,naive
2016-09-14,16,28.55,30.23,naive
2016-09-14,17,35.69,37.42,naive
2016-09-14,18,37.66,40.42,naive
2016-09-14,19,37.44,41.93,naive
2016-09-14,20,34.1,38.94,naive
2016-09-14,21,26.84,33.52,naive
2016-09-14,22,24.27,25.76,naive
2016-09-14,23,22.96,24.27,naive
2016-09-15,0,22.93,23.0,naive
2016-09-15,1,21.88,22.17,naive
2016-09-15,2,21.42,21.34,naive
2016-09-15,3,21.13,21.85,naive
2016-09-15,4,21.35,22.74,naive
2016-09-15,5,23.05,23.31,naive
2016-09-15,6,27.01,33.22,naive
2016-09-15,7,37.08,38.98,naive
2016-09-15,8,37.01,39.9,naive
2016-09-15,9,33.71,34.95,naive
2016-09-15,10,27.96,31.8,naive
2016-09-15,11,26.83,31.9,naive
2016-09-15,12,24.79,27.03,naive
2016-09-15,13,24.71,25.23,naive
2016-09-15,14,23.99,26.22,naive
2016-09-15,15,26.63,26.95,naive
2016-09-15,16,26.99,28.55,naive
2016-09-15,17,32.15,35.69,naive
2016-09-15,18,37.22,37.66,naive
2016-09-15,19,38.86,37.44,naive
2016-09-15,20,37.41,34.1,naive
2016-09-15,21,29.0,26.84,naive
2016-09-15,22,25.06,24.27,naive
2016-09-15,23,23.02,22.96,naive
2016-09-16,0,22.26,22.93,naive
2016-09-16,1,21.24,21.88,naive
2016-09-16,2,21.22,21.42,naive
2016-09-16,3,21.29,21.13,naive
2016-09-16,4,20.35,21.35,naive
2016-09-16,5,22.59,23.05,naive
2016-09-16,6,31.47,27.01,naive
2016-09-16,7,39.96,37.08,naive
2016-09-16,8,40.7,37.01,naive
2016-09-16,9,39.98,33.71,naive
2016-09-16,10,38.98,27.96,naive
2016-09-16,11,37.81,26.83,naive
2016-09-16,12,36.0,24.79,naive
2016-09-16,13,31.95,24.71,naive
2016-09-16,14,29.84,23.99,naive
2016-09-16,15,33.99,26.63,naive
2016-09-16,16,35.61,26.99,naive
2016-09-16,17,38.28,32.15,naive
2016-09-16,18,40.1,37.22,naive
2016-09-16,19,41.75,38.86,naive
2016-09-16,20,40.99,37.41,naive
2016-09-16,21,36.5,29.0,naive
2016-09-16,22,30.74,25.06,naive
2016-09-16,23,25.16,23.02,naive
2016-09-17,0,29.84,33.02,naive
2016-09-17,1,26.32,27.11,naive
2016-09-17,2,24.08,27.42,naive
2016-09-17,3,22.81,24.25,naive
2016-09-17,4,22.25,23.75,naive
2016-09-17,5,22.91,24.2,naive
2016-09-17,6,24.91,25.51,naive
2016-09-17,7,27.92,29.04,naive
2016-09-17,8,31.41,29.75,naive
2016-09-17,9,36.93,29.94,naive
2016-09-17,10,36.91,25.22,naive
2016-09-17,11,36.08,23.69,naive
2016-09-17,12,30.53,23.08,naive
2016-09-17,13,25.1,23.06,naive
2016-09-17,14,24.79,23.06,naive
2016-09-17,15,24.14,25.61,naive
2016-09-17,16,24.93,28.65,naive
2016-09-17,17,27.85,31.99,naive
2016-09-17,18,27.03,34.05,naive
2016-09-17,19,32.52,38.7,naive
2016-09-17,20,31.98,38.98,naive
2016-09-17,21,24.57,34.08,naive
2016-09-17,22,23.51,30.65,naive
2016-09-17,23,23.19,26.76,naive
2016-09-18,0,21.22,24.05,naive
2016-09-18,1,22.39,22.87,naive
2016-09-18,2,21.22,22.51,naive
2016-09-18,3,20.0,21.73,naive
2016-09-18,4,18.43,21.1,naive
2016-09-18,5,19.53,22.09,naive
2016-09-18,6,20.43,22.94,naive
2016-09-18,7,20.73,22.93,naive
2016-09-18,8,22.77,24.07,naive
2016-09-18,9,24.78,25.11,naive
2016-09-18,10,24.56,24.96,naive
2016-09-18,11,24.98,25.48,naive
2016-09-18,12,24.0,25.16,naive
2016-09-18,13,24.1,24.54,naive
2016-09-18,14,23.15,23.48,naive
2016-09-18,15,22.93,23.42,naive
2016-09-18,16,23.2,24.01,naive
2016-09-18,17,27.16,28.73,naive
2016-09-18,18,32.54,36.36,naive
2016-09-18,19,36.11,39.85,naive
2016-09-18,20,34.94,42.57,naive
2016-09-18,21,31.1,38.93,naive
2016-09-18,22,27.94,35.94,naive
2016-09-18,23,25.46,31.27,naive
2016-09-19,0,24.56,22.26,naive
2016-09-19,1,24.15,21.24,naive
2016-09-19,2,23.78,21.22,naive
2016-09-19,3,22.44,21.29,naive
2016-09-19,4,22.05,20.35,naive
2016-09-19,5,23.91,22.59,naive
2016-09-19,6,36.06,31.47,naive
2016-09-19,7,42.31,39.96,naive
2016-09-19,8,44.6,40.7,naive
2016-09-19,9,43.91,39.98,naive
2016-09-19,10,43.95,38.98,naive
2016-09-19,11,43.97,37.81,naive
2016-09-19,12,41.27,36.0,naive
2016-09-19,13,39.31,31.95,naive
2016-09-19,14,37.68,29.84,naive
2016-09-19,15,37.93,33.99,naive
2016-09-19,16,37.78,35.61,naive
2016-09-19,17,39.22,38.28,naive
2016-09-19,18,39.9,40.1,naive
2016-09-19,19,41.99,41.75,naive
2016-09-19,20,40.1,40.99,naive
2016-09-19,21,30.0,36.5,naive
2016-09-19,22,28.01,30.74,naive
2016-09-19,23,26.02,25.16,naive
2016-09-20,0,24.79,24.56,naive
2016-09-20,1,24.83,24.15,naive
2016-09-20,2,23.51,23.78,naive
2016-09-20,3,23.06,22.44,naive
2016-09-20,4,23.44,22.05,naive
2016-09-20,5,25.24,23.91,naive
2016-09-20,6,32.73,36.06,naive
2016-09-20,7,42.96,42.31,naive
2016-09-20,8,43.88,44.6,naive
2016-09-20,9,42.77,43.91,naive
2016-09-20,10,42.18,43.95,naive
2016-09-20,11,41.17,43.97,naive
2016-09-20,12,38.21,41.27,naive
2016-09-20,13,35.6,39.31,naive
2016-09-20,14,34.22,37.68,naive
2016-09-20,15,34.55,37.93,naive
2016-09-20,16,36.08,37.78,naive
2016-09-20,17,39.13,39.22,naive
2016-09-20,18,42.07,39.9,naive
2016-09-20,19,46.8,41.99,naive
2016-09-20,20,41.95,40.1,naive
2016-09-20,21,35.06,30.0,naive
2016-09-20,22,28.54,28.01,naive
2016-09-20,23,26.03,26.02,naive
2016-09-21,0,25.43,24.79,naive
2016-09-21,1,24.94,24.83,naive
2016-09-21,2,24.11,23.51,naive
2016-09-21,3,24.13,23.06,naive
2016-09-21,4,24.09,23.44,naive
2016-09-21,5,25.71,25.24,naive
2016-09-21,6,36.97,32.73,naive
2016-09-21,7,48.19,42.96,naive
2016-09-21,8,49.71,43.88,naive
2016-09-21,9,44.5,42.77,naive
2016-09-21,10,39.98,42.18,naive
2016-09-21,11,36.03,41.17,naive
2016-09-21,12,32.15,38.21,naive
2016-09-21,13,31.92,35.6,naive
2016-09-21,14,30.7,34.22,naive
2016-09-21,15,32.81,34.55,naive
2016-09-21,16,35.36,36.08,naive
2016-09-21,17,42.7,39.13,naive
2016-09-21,18,45.0,42.07,naive
2016-09-21,19,48.75,46.8,naive
2016-09-21,20,43.87,41.95,naive
2016-09-21,21,37.96,35.06,naive
2016-09-21,22,28.49,28.54,naive
2016-09-21,23,27.09,26.03,naive
2016-09-22,0,25.86,25.43,naive
2016-09-22,1,25.09,24.94,naive
2016-09-22,2,24.73,24.11,naive
2016-09-22,3,24.26,24.13,naive
2016-09-22,4,24.24,24.09,naive
2016-09-22,5,26.84,25.71,naive
2016-09-22,6,38.19,36.97,naive
2016-09-22,7,43.34,48.19,naive
2016-09-22,8,42.2,49.71,naive
2016-09-22,9,35.77,44.5,naive
2016-09-22,10,28.79,39.98,naive
2016-09-22,11,27.75,36.03,naive
2016-09-22,12,27.11,32.15,naive
2016-09-22,13,27.06,31.92,naive
2016-09-22,14,27.29,30.7,naive
2016-09-22,15,28.61,32.81,naive
2016-09-22,16,31.87,35.36,naive
2016-09-22,17,39.93,42.7,naive
2016-09-22,18,43.06,45.0,naive
2016-09-22,19,49.06,48.75,naive
2016-09-22,20,45.82,43.87,naive
2016-09-22,21,38.95,37.96,naive
2016-09-22,22,29.97,28.49,naive
2016-09-22,23,26.47,27.09,naive
2016-09-23,0,25.84,25.86,naive
2016-09-23,1,25.03,25.09,naive
2016-09-23,2,24.68,24.73,naive
2016-09-23,3,24.78,24.26,naive
2016-09-23,4,25.14,24.24,naive
2016-09-23,5,26.47,26.84,naive
2016-09-23,6,36.06,38.19,naive
2016-09-23,7,43.04,43.34,naive
2016-09-23,8,43.01,42.2,naive
2016-09-23,9,38.94,35.77,naive
2016-09-23,10,33.83,28.79,naive
2016-09-23,11,28.77,27.75,naive
2016-09-23,12,27.69,27.11,naive
2016-09-23,13,27.54,27.06,naive
2016-09-23,14,26.6,27.29,naive
2016-09-23,15,27.66,28.61,naive
2016-09-23,16,27.68,31.87,naive
2016-09-23,17,31.06,39.93,naive
2016-09-23,18,35.91,43.06,naive
2016-09-23,19,41.83,49.06,naive
2016-09-23,20,39.98,45.82,naive
2016-09-23,21,30.36,38.95,naive
2016-09-23,22,27.7,29.97,naive
2016-09-23,23,26.79,26.47,naive
2016-09-24,0,26.27,29.84,naive
2016-09-24,1,24.68,26.32,naive
2016-09-24,2,24.39,24.08,naive
2016-09-24,3,25.15,22.81,naive
2016-09-24,4,24.65,22.25,naive
2016-09-24,5,24.59,22.91,naive
2016-09-24,6,27.31,24.91,naive
2016-09-24,7,31.15,27.92,naive
2016-09-24,8,34.63,31.41,naive
2016-09-24,9,34.04,36.93,naive
2016-09-24,10,29.0,36.91,naive
2016-09-24,11,25.43,36.08,naive
2016-09-24,12,24.32,30.53,naive
2016-09-24,13,24.26,25.1,naive
2016-09-24,14,24.4,24.79,naive
2016-09-24,15,24.93,24.14,naive
2016-09-24,16,28.01,24.93,naive
2016-09-24,17,34.58,27.85,naive
2016-09-24,18,38.08,27.03,naive
2016-09-24,19,42.63,32.52,naive
2016-09-24,20,40.99,31.98,naive
2016-09-24,21,34.53,24.57,naive
2016-09-24,22,31.15,23.51,naive
2016-09-24,23,25.46,23.19,naive
2016-09-25,0,24.46,21.22,naive
2016-09-25,1,22.06,22.39,naive
2016-09-25,2,20.55,21.22,naive
2016-09-25,3,17.84,20.0,naive
2016-09-25,4,17.7,18.43,naive
2016-09-25,5,19.68,19.53,naive
2016-09-25,6,20.09,20.43,naive
2016-09-25,7,21.47,20.73,naive
2016-09-25,8,22.45,22.77,naive
2016-09-25,9,22.95,24.78,naive
2016-09-25,10,21.09,24.56,naive
2016-09-25,11,21.09,24.98,naive
2016-09-25,12,15.97,24.0,naive
2016-09-25,13,10.93,24.1,naive
2016-09-25,14,11.49,23.15,naive
2016-09-25,15,12.89,22.93,naive
2016-09-25,16,19.76,23.2,naive
2016-09-25,17,26.55,27.16,naive
2016-09-25,18,35.09,32.54,naive
2016-09-25,19,40.95,36.11,naive
2016-09-25,20,40.94,34.94,naive
2016-09-25,21,33.53,31.1,naive
2016-09-25,22,29.57,27.94,naive
2016-09-25,23,24.52,25.46,naive
2016-09-26,0,24.27,25.84,naive
2016-09-26,1,24.2,25.03,naive
2016-09-26,2,23.42,24.68,naive
2016-09-26,3,23.28,24.78,naive
2016-09-26,4,23.49,25.14,naive
2016-09-26,5,25.46,26.47,naive
2016-09-26,6,39.24,36.06,naive
2016-09-26,7,46.53,43.04,naive
2016-09-26,8,49.0,43.01,naive
2016-09-26,9,46.84,38.94,naive
2016-09-26,10,39.97,33.83,naive
2016-09-26,11,37.39,28.77,naive
2016-09-26,12,34.94,27.69,naive
2016-09-26,13,33.95,27.54,naive
2016-09-26,14,32.44,26.6,naive
2016-09-26,15,35.0,27.66,naive
2016-09-26,16,39.87,27.68,naive
2016-09-26,17,44.65,31.06,naive
2016-09-26,18,49.55,35.91,naive
2016-09-26,19,54.12,41.83,naive
2016-09-26,20,51.23,39.98,naive
2016-09-26,21,37.93,30.36,naive
2016-09-26,22,30.52,27.7,naive
2016-09-26,23,28.4,26.79,naive
2016-09-27,0,31.33,24.27,naive
2016-09-27,1,30.74,24.2,naive
2016-09-27,2,29.75,23.42,naive
2016-09-27,3,28.73,23.28,naive
2016-09-27,4,27.84,23.49,naive
2016-09-27,5,29.56,25.46,naive
2016-09-27,6,41.53,39.24,naive
2016-09-27,7,49.0,46.53,naive
2016-09-27,8,50.0,49.0,naive
2016-09-27,9,44.98,46.84,naive
2016-09-27,10,40.22,39.97,naive
2016-09-27,11,33.93,37.39,naive
2016-09-27,12,29.17,34.94,naive
2016-09-27,13,28.28,33.95,naive
2016-09-27,14,27.91,32.44,naive
2016-09-27,15,28.29,35.0,naive
2016-09-27,16,29.33,39.87,naive
2016-09-27,17,38.91,44.65,naive
2016-09-27,18,45.2,49.55,naive
2016-09-27,19,48.97,54.12,naive
2016-09-27,20,41.91,51.23,naive
2016-09-27,21,29.94,37.93,naive
2016-09-27,22,27.82,30.52,naive
2016-09-27,23,24.36,28.4,naive
2016-09-28,0,24.01,31.33,naive
2016-09-28,1,21.03,30.74,naive
2016-09-28,2,16.19,29.75,naive
2016-09-28,3,14.66,28.73,naive
2016-09-28,4,14.91,27.84,naive
2016-09-28,5,19.89,29.56,naive
2016-09-28,6,28.52,41.53,naive
2016-09-28,7,37.94,49.0,naive
2016-09-28,8,38.1,50.0,naive
2016-09-28,9,32.22,44.98,naive
2016-09-28,10,26.0,40.22,naive
2016-09-28,11,23.06,33.93,naive
2016-09-28,12,19.79,29.17,naive
2016-09-28,13,12.94,28.28,naive
2016-09-28,14,12.95,27.91,naive
2016-09-28,15,16.84,28.29,naive
2016-09-28,16,22.67,29.33,naive
2016-09-28,17,26.45,38.91,naive
2016-09-28,18,33.53,45.2,naive
2016-09-28,19,39.59,48.97,naive
2016-09-28,20,34.36,41.91,naive
2016-09-28,21,28.14,29.94,naive
2016-09-28,22,24.41,27.82,naive
2016-09-28,23,22.02,24.36,naive
2016-09-29,0,19.93,24.01,naive
2016-09-29,1,16.1,21.03,naive
2016-09-29,2,18.63,16.19,naive
2016-09-29,3,14.57,14.66,naive
2016-09-29,4,14.15,14.91,naive
2016-09-29,5,21.08,19.89,naive
2016-09-29,6,28.93,28.52,naive
2016-09-29,7,37.97,37.94,naive
2016-09-29,8,37.84,38.1,naive
2016-09-29,9,28.42,32.22,naive
2016-09-29,10,23.59,26.0,naive
2016-09-29,11,21.71,23.06,naive
2016-09-29,12,15.84,19.79,naive
2016-09-29,13,12.65,12.94,naive
2016-09-29,14,11.43,12.95,naive
2016-09-29,15,12.66,16.84,naive
2016-09-29,16,14.78,22.67,naive
2016-09-29,17,24.61,26.45,naive
2016-09-29,18,29.1,33.53,naive
2016-09-29,19,37.91,39.59,naive
2016-09-29,20,32.05,34.36,naive
2016-09-29,21,25.03,28.14,naive
2016-09-29,22,22.69,24.41,naive
2016-09-29,23,16.85,22.02,naive
2016-09-30,0,23.79,19.93,naive
2016-09-30,1,23.32,16.1,naive
2016-09-30,2,23.81,18.63,naive
2016-09-30,3,23.09,14.57,naive
2016-09-30,4,24.02,14.15,naive
2016-09-30,5,25.73,21.08,naive
2016-09-30,6,39.68,28.93,naive
2016-09-30,7,49.66,37.97,naive
2016-09-30,8,49.97,37.84,naive
2016-09-30,9,43.91,28.42,naive
2016-09-30,10,39.96,23.59,naive
2016-09-30,11,39.6,21.71,naive
2016-09-30,12,37.9,15.84,naive
2016-09-30,13,29.65,12.65,naive
2016-09-30,14,29.37,11.43,naive
2016-09-30,15,31.96,12.66,naive
2016-09-30,16,31.19,14.78,naive
2016-09-30,17,31.48,24.61,naive
2016-09-30,18,37.99,29.1,naive
2016-09-30,19,42.91,37.91,naive
2016-09-30,20,38.97,32.05,naive
2016-09-30,21,31.9,25.03,naive
2016-09-30,22,30.93,22.69,naive
2016-09-30,23,28.43,16.85,naive
2016-10-01,0,29.18,26.27,naive
2016-10-01,1,31.06,24.68,naive
2016-10-01,2,26.0,24.39,naive
2016-10-01,3,29.02,25.15,naive
2016-10-01,4,25.94,24.65,naive
2016-10-01,5,29.13,24.59,naive
2016-10-01,6,32.55,27.31,naive
2016-10-01,7,31.3,31.15,naive
2016-10-01,8,38.38,34.63,naive
2016-10-01,9,38.96,34.04,naive
2016-10-01,10,39.94,29.0,naive
2016-10-01,11,39.21,25.43,naive
2016-10-01,12,34.07,24.32,naive
2016-10-01,13,30.53,24.26,naive
2016-10-01,14,29.63,24.4,naive
2016-10-01,15,29.18,24.93,naive
2016-10-01,16,29.44,28.01,naive
2016-10-01,17,34.63,34.58,naive
2016-10-01,18,39.93,38.08,naive
2016-10-01,19,45.03,42.63,naive
2016-10-01,20,40.06,40.99,naive
2016-10-01,21,30.74,34.53,naive
2016-10-01,22,28.84,31.15,naive
2016-10-01,23,32.47,25.46,naive
2016-10-02,0,32.68,24.46,naive
2016-10-02,1,27.04,22.06,naive
2016-10-02,2,26.28,20.55,naive
2016-10-02,3,25.13,17.84,naive
2016-10-02,4,24.9,17.7,naive
2016-10-02,5,25.03,19.68,naive
2016-10-02,6,25.43,20.09,naive
2016-10-02,7,26.09,21.47,naive
2016-10-02,8,29.7,22.45,naive
2016-10-02,9,30.99,22.95,naive
2016-10-02,10,29.88,21.09,naive
2016-10-02,11,32.38,21.09,naive
2016-10-02,12,29.11,15.97,naive
2016-10-02,13,26.64,10.93,naive
2016-10-02,14,25.01,11.49,naive
2016-10-02,15,24.65,12.89,naive
2016-10-02,16,25.06,19.76,naive
2016-10-02,17,31.65,26.55,naive
2016-10-02,18,41.22,35.09,naive
2016-10-02,19,49.35,40.95,naive
2016-10-02,20,42.4,40.94,naive
2016-10-02,21,34.78,33.53,naive
2016-10-02,22,29.94,29.57,naive
2016-10-02,23,25.19,24.52,naive
2016-10-03,0,30.81,23.79,naive
2016-10-03,1,26.11,23.32,naive
2016-10-03,2,25.09,23.81,naive
2016-10-03,3,24.54,23.09,naive
2016-10-03,4,24.59,24.02,naive
2016-10-03,5,25.78,25.73,naive
2016-10-03,6,36.12,39.68,naive
2016-10-03,7,40.96,49.66,naive
2016-10-03,8,38.19,49.97,naive
2016-10-03,9,39.76,43.91,naive
2016-10-03,10,32.6,39.96,naive
2016-10-03,11,33.17,39.6,naive
2016-10-03,12,26.19,37.9,naive
2016-10-03,13,25.33,29.65,naive
2016-10-03,14,24.59,29.37,naive
2016-10-03,15,29.39,31.96,naive
2016-10-03,16,31.04,31.19,naive
2016-10-03,17,33.37,31.48,naive
2016-10-03,18,37.1,37.99,naive
2016-10-03,19,37.74,42.91,naive
2016-10-03,20,32.63,38.97,naive
2016-10-03,21,28.42,31.9,naive
2016-10-03,22,25.74,30.93,naive
2016-10-03,23,24.6,28.43,naive
2016-10-04,0,25.96,30.81,naive
2016-10-04,1,25.28,26.11,naive
2016-10-04,2,24.05,25.09,naive
2016-10-04,3,22.03,24.54,naive
2016-10-04,4,23.25,24.59,naive
2016-10-04,5,25.54,25.78,naive
2016-10-04,6,30.04,36.12,naive
2016-10-04,7,37.1,40.96,naive
2016-10-04,8,40.38,38.19,naive
2016-10-04,9,36.78,39.76,naive
2016-10-04,10,32.37,32.6,naive
2016-10-04,11,28.71,33.17,naive
2016-10-04,12,31.29,26.19,naive
2016-10-04,13,32.08,25.33,naive
2016-10-04,14,31.99,24.59,naive
2016-10-04,15,31.87,29.39,naive
2016-10-04,16,30.49,31.04,naive
2016-10-04,17,35.7,33.37,naive
2016-10-04,18,37.88,37.1,naive
2016-10-04,19,39.09,37.74,naive
2016-10-04,20,30.21,32.63,naive
2016-10-04,21,26.08,28.42,naive
2016-10-04,22,24.78,25.74,naive
2016-10-04,23,24.93,24.6,naive
2016-10-05,0,25.06,25.96,naive
2016-10-05,1,23.67,25.28,naive
2016-10-05,2,22.45,24.05,naive
2016-10-05,3,22.23,22.03,naive
2016-10-05,4,22.71,23.25,naive
2016-10-05,5,24.3,25.54,naive
2016-10-05,6,31.17,30.04,naive
2016-10-05,7,42.45,37.1,naive
2016-10-05,8,41.97,40.38,naive
2016-10-05,9,30.14,36.78,naive
2016-10-05,10,27.58,32.37,naive
2016-10-05,11,27.51,28.71,naive
2016-10-05,12,26.33,31.29,naive
2016-10-05,13,26.98,32.08,naive
2016-10-05,14,28.17,31.99,naive
2016-10-05,15,28.18,31.87,naive
2016-10-05,16,29.99,30.49,naive
2016-10-05,17,35.0,35.7,naive
2016-10-05,18,42.2,37.88,naive
2016-10-05,19,41.08,39.09,naive
2016-10-05,20,33.37,30.21,naive
2016-10-05,21,27.67,26.08,naive
2016-10-05,22,26.98,24.78,naive
2016-10-05,23,25.02,24.93,naive
2016-10-06,0,13.65,25.06,naive
2016-10-06,1,17.1,23.67,naive
2016-10-06,2,16.05,22.45,naive
2016-10-06,3,12.3,22.23,naive
2016-10-06,4,19.55,22.71,naive
2016-10-06,5,24.06,24.3,naive
2016-10-06,6,27.63,31.17,naive
2016-10-06,7,33.19,42.45,naive
2016-10-06,8,32.57,41.97,naive
2016-10-06,9,36.19,30.14,naive
2016-10-06,10,36.45,27.58,naive
2016-10-06,11,36.77,27.51,naive
2016-10-06,12,36.97,26.33,naive
2016-10-06,13,36.44,26.98,naive
2016-10-06,14,34.18,28.17,naive
2016-10-06,15,34.06,28.18,naive
2016-10-06,16,33.42,29.99,naive
2016-10-06,17,42.42,35.0,naive
2016-10-06,18,42.47,42.2,naive
2016-10-06,19,49.69,41.08,naive
2016-10-06,20,40.02,33.37,naive
2016-10-06,21,34.23,27.67,naive
2016-10-06,22,30.68,26.98,naive
2016-10-06,23,28.43,25.02,naive
2016-10-07,0,28.87,13.65,naive
2016-10-07,1,26.9,17.1,naive
2016-10-07,2,26.98,16.05,naive
2016-10-07,3,27.59,12.3,naive
2016-10-07,4,27.96,19.55,naive
2016-10-07,5,29.93,24.06,naive
2016-10-07,6,42.28,27.63,naive
2016-10-07,7,42.0,33.19,naive
2016-10-07,8,45.58,32.57,naive
2016-10-07,9,45.05,36.19,naive
2016-10-07,10,46.53,36.45,naive
2016-10-07,11,52.32,36.77,naive
2016-10-07,12,53.07,36.97,naive
2016-10-07,13,47.11,36.44,naive
2016-10-07,14,44.06,34.18,naive
2016-10-07,15,42.47,34.06,naive
2016-10-07,16,41.98,33.42,naive
2016-10-07,17,38.49,42.42,naive
2016-10-07,18,41.94,42.47,naive
2016-10-07,19,42.46,49.69,naive
2016-10-07,20,33.1,40.02,naive
2016-10-07,21,30.53,34.23,naive
2016-10-07,22,31.12,30.68,naive
2016-10-07,23,32.97,28.43,naive
2016-10-08,0,31.04,29.18,naive
2016-10-08,1,28.78,31.06,naive
2016-10-08,2,29.97,26.0,naive
2016-10-08,3,29.7,29.02,naive
2016-10-08,4,29.99,25.94,naive
2016-10-08,5,29.56,29.13,naive
2016-10-08,6,31.59,32.55,naive
2016-10-08,7,33.39,31.3,naive
2016-10-08,8,40.04,38.38,naive
2016-10-08,9,43.41,38.96,naive
2016-10-08,10,44.94,39.94,naive
2016-10-08,11,42.08,39.21,naive
2016-10-08,12,33.58,34.07,naive
2016-10-08,13,32.48,30.53,naive
2016-10-08,14,33.03,29.63,naive
2016-10-08,15,32.44,29.18,naive
2016-10-08,16,37.02,29.44,naive
2016-10-08,17,42.69,34.63,naive
2016-10-08,18,46.0,39.93,naive
2016-10-08,19,52.75,45.03,naive
2016-10-08,20,42.92,40.06,naive
2016-10-08,21,35.0,30.74,naive
2016-10-08,22,32.44,28.84,naive
2016-10-08,23,31.12,32.47,naive
2016-10-09,0,28.71,32.68,naive
2016-10-09,1,28.45,27.04,naive
2016-10-09,2,29.25,26.28,naive
2016-10-09,3,28.79,25.13,naive
2016-10-09,4,28.72,24.9,naive
2016-10-09,5,28.09,25.03,naive
2016-10-09,6,28.55,25.43,naive
2016-10-09,7,29.11,26.09,naive
2016-10-09,8,31.87,29.7,naive
2016-10-09,9,33.68,30.99,naive
2016-10-09,10,33.34,29.88,naive
2016-10-09,11,34.13,32.38,naive
2016-10-09,12,32.06,29.11,naive
2016-10-09,13,28.81,26.64,naive
2016-10-09,14,28.23,25.01,naive
2016-10-09,15,28.21,24.65,naive
2016-10-09,16,28.8,25.06,naive
2016-10-09,17,32.95,31.65,naive
2016-10-09,18,41.29,41.22,naive
2016-10-09,19,50.52,49.35,naive
2016-10-09,20,45.29,42.4,naive
2016-10-09,21,43.45,34.78,naive
2016-10-09,22,42.24,29.94,naive
2016-10-09,23,34.39,25.19,naive
2016-10-10,0,29.58,28.87,naive
2016-10-10,1,31.87,26.9,naive
2016-10-10,2,33.49,26.98,naive
2016-10-10,3,30.66,27.59,naive
2016-10-10,4,30.19,27.96,naive
2016-10-10,5,31.28,29.93,naive
2016-10-10,6,48.85,42.28,naive
2016-10-10,7,69.24,42.0,naive
2016-10-10,8,75.0,45.58,naive
2016-10-10,9,70.16,45.05,naive
2016-10-10,10,60.13,46.53,naive
2016-10-10,11,55.66,52.32,naive
2016-10-10,12,51.99,53.07,naive
2016-10-10,13,53.21,47.11,naive
2016-10-10,14,52.65,44.06,naive
2016-10-10,15,51.91,42.47,naive
2016-10-10,16,55.0,41.98,naive
2016-10-10,17,57.24,38.49,naive
2016-10-10,18,69.94,41.94,naive
2016-10-10,19,81.93,42.46,naive
2016-10-10,20,57.1,33.1,naive
2016-10-10,21,43.41,30.53,naive
2016-10-10,22,33.48,31.12,naive
2016-10-10,23,30.53,32.97,naive
2016-10-11,0,32.34,29.58,naive
2016-10-11,1,30.23,31.87,naive
2016-10-11,2,29.08,33.49,naive
2016-10-11,3,29.16,30.66,naive
2016-10-11,4,30.18,30.19,naive
2016-10-11,5,31.91,31.28,naive
2016-10-11,6,36.91,48.85,naive
2016-10-11,7,45.93,69.24,naive
2016-10-11,8,49.39,75.0,naive
2016-10-11,9,49.35,70.16,naive
2016-10-11,10,47.58,60.13,naive
2016-10-11,11,45.08,55.66,naive
2016-10-11,12,40.08,51.99,naive
2016-10-11,13,39.91,53.21,naive
2016-10-11,14,37.88,52.65,naive
2016-10-11,15,39.25,51.91,naive
2016-10-11,16,39.96,55.0,naive
2016-10-11,17,42.67,57.24,naive
2016-10-11,18,44.97,69.94,naive
2016-10-11,19,44.54,81.93,naive
2016-10-11,20,35.45,57.1,naive
2016-10-11,21,34.23,43.41,naive
2016-10-11,22,33.03,33.48,naive
2016-10-11,23,30.41,30.53,naive
2016-10-12,0,28.17,32.34,naive
2016-10-12,1,27.93,30.23,naive
2016-10-12,2,28.09,29.08,naive
2016-10-12,3,28.01,29.16,naive
2016-10-12,4,28.16,30.18,naive
2016-10-12,5,29.99,31.91,naive
2016-10-12,6,32.93,36.91,naive
2016-10-12,7,45.07,45.93,naive
2016-10-12,8,46.99,49.39,naive
2016-10-12,9,45.95,49.35,naive
2016-10-12,10,41.59,47.58,naive
2016-10-12,11,44.94,45.08,naive
2016-10-12,12,40.54,40.08,naive
2016-10-12,13,36.77,39.91,naive
2016-10-12,14,34.93,37.88,naive
2016-10-12,15,33.87,39.25,naive
2016-10-12,16,37.44,39.96,naive
2016-10-12,17,44.02,42.67,naive
2016-10-12,18,45.68,44.97,naive
2016-10-12,19,47.82,44.54,naive
2016-10-12,20,38.26,35.45,naive
2016-10-12,21,33.57,34.23,naive
2016-10-12,22,33.99,33.03,naive
2016-10-12,23,30.1,30.41,naive
2016-10-13,0,28.21,28.17,naive
2016-10-13,1,28.15,27.93,naive
2016-10-13,2,28.08,28.09,naive
2016-10-13,3,28.14,28.01,naive
2016-10-13,4,28.12,28.16,naive
2016-10-13,5,28.23,29.99,naive
2016-10-13,6,36.66,32.93,naive
2016-10-13,7,47.91,45.07,naive
2016-10-13,8,49.64,46.99,naive
2016-10-13,9,44.98,45.95,naive
2016-10-13,10,40.02,41.59,naive
2016-10-13,11,37.64,44.94,naive
2016-10-13,12,31.39,40.54,naive
2016-10-13,13,31.06,36.77,naive
2016-10-13,14,30.12,34.93,naive
2016-10-13,15,32.06,33.87,naive
2016-10-13,16,31.63,37.44,naive
2016-10-13,17,38.13,44.02,naive
2016-10-13,18,42.76,45.68,naive
2016-10-13,19,39.96,47.82,naive
2016-10-13,20,30.58,38.26,naive
2016-10-13,21,28.7,33.57,naive
2016-10-13,22,28.2,33.99,naive
2016-10-13,23,27.42,30.1,naive
2016-10-14,0,20.8,28.21,naive
2016-10-14,1,20.02,28.15,naive
2016-10-14,2,14.98,28.08,naive
2016-10-14,3,20.07,28.14,naive
2016-10-14,4,21.72,28.12,naive
2016-10-14,5,25.2,28.23,naive
2016-10-14,6,30.29,36.66,naive
2016-10-14,7,40.53,47.91,naive
2016-10-14,8,40.08,49.64,naive
2016-10-14,9,40.1,44.98,naive
2016-10-14,10,34.13,40.02,naive
2016-10-14,11,29.55,37.64,naive
2016-10-14,12,28.17,31.39,naive
2016-10-14,13,28.1,31.06,naive
2016-10-14,14,28.2,30.12,naive
2016-10-14,15,30.01,32.06,naive
2016-10-14,16,29.0,31.63,naive
2016-10-14,17,37.07,38.13,naive
2016-10-14,18,38.27,42.76,naive
2016-10-14,19,38.52,39.96,naive
2016-10-14,20,32.32,30.58,naive
2016-10-14,21,29.57,28.7,naive
2016-10-14,22,28.2,28.2,naive
2016-10-14,23,28.01,27.42,naive
2016-10-15,0,15.53,31.04,naive
2016-10-15,1,13.1,28.78,naive
2016-10-15,2,13.66,29.97,naive
2016-10-15,3,13.62,29.7,naive
2016-10-15,4,17.99,29.99,naive
2016-10-15,5,15.5,29.56,naive
2016-10-15,6,15.79,31.59,naive
2016-10-15,7,27.62,33.39,naive
2016-10-15,8,30.59,40.04,naive
2016-10-15,9,31.62,43.41,naive
2016-10-15,10,31.89,44.94,naive
2016-10-15,11,33.34,42.08,naive
2016-10-15,12,31.39,33.58,naive
2016-10-15,13,31.36,32.48,naive
2016-10-15,14,32.24,33.03,naive
2016-10-15,15,36.05,32.44,naive
2016-10-15,16,38.03,37.02,naive
2016-10-15,17,42.86,42.69,naive
2016-10-15,18,49.92,46.0,naive
2016-10-15,19,57.05,52.75,naive
2016-10-15,20,48.93,42.92,naive
2016-10-15,21,44.38,35.0,naive
2016-10-15,22,40.02,32.44,naive
2016-10-15,23,32.96,31.12,naive
2016-10-16,0,33.08,28.71,naive
2016-10-16,1,31.1,28.45,naive
2016-10-16,2,31.6,29.25,naive
2016-10-16,3,30.59,28.79,naive
2016-10-16,4,30.66,28.72,naive
2016-10-16,5,30.61,28.09,naive
2016-10-16,6,30.91,28.55,naive
2016-10-16,7,31.51,29.11,naive
2016-10-16,8,36.63,31.87,naive
2016-10-16,9,38.48,33.68,naive
2016-10-16,10,37.39,33.34,naive
2016-10-16,11,34.57,34.13,naive
2016-10-16,12,33.1,32.06,naive
2016-10-16,13,31.54,28.81,naive
2016-10-16,14,30.08,28.23,naive
2016-10-16,15,30.44,28.21,naive
2016-10-16,16,31.05,28.8,naive
2016-10-16,17,36.06,32.95,naive
2016-10-16,18,45.85,41.29,naive
2016-10-16,19,48.93,50.52,naive
2016-10-16,20,34.15,45.29,naive
2016-10-16,21,31.06,43.45,naive
2016-10-16,22,30.57,42.24,naive
2016-10-16,23,28.84,34.39,naive
2016-10-17,0,30.6,20.8,naive
2016-10-17,1,29.56,20.02,naive
2016-10-17,2,29.17,14.98,naive
2016-10-17,3,28.44,20.07,naive
2016-10-17,4,28.53,21.72,naive
2016-10-17,5,30.46,25.2,naive
2016-10-17,6,41.75,30.29,naive
2016-10-17,7,45.11,40.53,naive
2016-10-17,8,48.34,40.08,naive
2016-10-17,9,46.42,40.1,naive
2016-10-17,10,46.48,34.13,naive
2016-10-17,11,46.02,29.55,naive
2016-10-17,12,41.9,28.17,naive
2016-10-17,13,45.21,28.1,naive
2016-10-17,14,48.97,28.2,naive
2016-10-17,15,52.42,30.01,naive
2016-10-17,16,53.97,29.0,naive
2016-10-17,17,50.05,37.07,naive
2016-10-17,18,55.56,38.27,naive
2016-10-17,19,56.08,38.52,naive
2016-10-17,20,46.44,32.32,naive
2016-10-17,21,35.74,29.57,naive
2016-10-17,22,36.87,28.2,naive
2016-10-17,23,32.57,28.01,naive
2016-10-18,0,31.5,30.6,naive
2016-10-18,1,30.82,29.56,naive
2016-10-18,2,30.46,29.17,naive
2016-10-18,3,30.5,28.44,naive
2016-10-18,4,31.11,28.53,naive
2016-10-18,5,32.96,30.46,naive
2016-10-18,6,41.79,41.75,naive
2016-10-18,7,51.33,45.11,naive
2016-10-18,8,54.95,48.34,naive
2016-10-18,9,51.93,46.42,naive
2016-10-18,10,50.35,46.48,naive
2016-10-18,11,50.81,46.02,naive
2016-10-18,12,46.49,41.9,naive
2016-10-18,13,41.16,45.21,naive
2016-10-18,14,35.38,48.97,naive
2016-10-18,15,35.76,52.42,naive
2016-10-18,16,36.8,53.97,naive
2016-10-18,17,44.9,50.05,naive
2016-10-18,18,48.91,55.56,naive
2016-10-18,19,47.47,56.08,naive
2016-10-18,20,37.63,46.44,naive
2016-10-18,21,34.44,35.74,naive
2016-10-18,22,32.7,36.87,naive
2016-10-18,23,30.49,32.57,naive
2016-10-19,0,30.27,31.5,naive
2016-10-19,1,28.99,30.82,naive
2016-10-19,2,28.95,30.46,naive
2016-10-19,3,29.08,30.5,naive
2016-10-19,4,30.32,31.11,naive
2016-10-19,5,30.85,32.96,naive
2016-10-19,6,36.66,41.79,naive
2016-10-19,7,47.5,51.33,naive
2016-10-19,8,48.68,54.95,naive
2016-10-19,9,48.47,51.93,naive
2016-10-19,10,49.29,50.35,naive
2016-10-19,11,49.29,50.81,naive
2016-10-19,12,47.99,46.49,naive
2016-10-19,13,45.92,41.16,naive
2016-10-19,14,42.01,35.38,naive
2016-10-19,15,41.27,35.76,naive
2016-10-19,16,42.12,36.8,naive
2016-10-19,17,48.32,44.9,naive
2016-10-19,18,48.95,48.91,naive
2016-10-19,19,49.0,47.47,naive
2016-10-19,20,44.49,37.63,naive
2016-10-19,21,35.2,34.44,naive
2016-10-19,22,34.99,32.7,naive
2016-10-19,23,31.26,30.49,naive
2016-10-20,0,30.36,30.27,naive
2016-10-20,1,29.99,28.99,naive
2016-10-20,2,29.97,28.95,naive
2016-10-20,3,30.03,29.08,naive
2016-10-20,4,30.02,30.32,naive
2016-10-20,5,30.83,30.85,naive
2016-10-20,6,35.35,36.66,naive
2016-10-20,7,41.84,47.5,naive
2016-10-20,8,46.95,48.68,naive
2016-10-20,9,47.98,48.47,naive
2016-10-20,10,47.06,49.29,naive
2016-10-20,11,47.16,49.29,naive
2016-10-20,12,44.93,47.99,naive
2016-10-20,13,44.71,45.92,naive
2016-10-20,14,42.6,42.01,naive
2016-10-20,15,43.6,41.27,naive
2016-10-20,16,44.98,42.12,naive
2016-10-20,17,48.91,48.32,naive
2016-10-20,18,48.96,48.95,naive
2016-10-20,19,56.01,49.0,naive
2016-10-20,20,46.45,44.49,naive
2016-10-20,21,36.11,35.2,naive
2016-10-20,22,34.67,34.99,naive
2016-10-20,23,32.87,31.26,naive
2016-10-21,0,32.65,30.36,naive
2016-10-21,1,31.94,29.99,naive
2016-10-21,2,31.39,29.97,naive
2016-10-21,3,31.17,30.03,naive
2016-10-21,4,32.55,30.02,naive
2016-10-21,5,32.84,30.83,naive
2016-10-21,6,35.9,35.35,naive
2016-10-21,7,46.87,41.84,naive
2016-10-21,8,48.98,46.95,naive
2016-10-21,9,48.45,47.98,naive
2016-10-21,10,48.42,47.06,naive
2016-10-21,11,47.82,47.16,naive
2016-10-21,12,46.49,44.93,naive
2016-10-21,13,41.84,44.71,naive
2016-10-21,14,38.31,42.6,naive
2016-10-21,15,37.41,43.6,naive
2016-10-21,16,37.96,44.98,naive
2016-10-21,17,42.06,48.91,naive
2016-10-21,18,46.44,48.96,naive
2016-10-21,19,45.95,56.01,naive
2016-10-21,20,39.49,46.45,naive
2016-10-21,21,36.09,36.11,naive
2016-10-21,22,34.98,34.67,naive
2016-10-21,23,33.9,32.87,naive
2016-10-22,0,38.45,15.53,naive
2016-10-22,1,34.55,13.1,naive
2016-10-22,2,33.96,13.66,naive
2016-10-22,3,34.11,13.62,naive
2016-10-22,4,35.18,17.99,naive
2016-10-22,5,35.61,15.5,naive
2016-10-22,6,34.55,15.79,naive
2016-10-22,7,36.89,27.62,naive
2016-10-22,8,35.21,30.59,naive
2016-10-22,9,38.07,31.62,naive
2016-10-22,10,37.87,31.89,naive
2016-10-22,11,37.28,33.34,naive
2016-10-22,12,39.96,31.39,naive
2016-10-22,13,35.02,31.36,naive
2016-10-22,14,34.31,32.24,naive
2016-10-22,15,34.17,36.05,naive
2016-10-22,16,35.19,38.03,naive
2016-10-22,17,46.76,42.86,naive
2016-10-22,18,49.96,49.92,naive
2016-10-22,19,49.99,57.05,naive
2016-10-22,20,44.11,48.93,naive
2016-10-22,21,35.88,44.38,naive
2016-10-22,22,34.53,40.02,naive
2016-10-22,23,34.51,32.96,naive
2016-10-23,0,33.09,33.08,naive
2016-10-23,1,32.69,31.1,naive
2016-10-23,2,32.41,31.6,naive
2016-10-23,3,31.85,30.59,naive
2016-10-23,4,32.03,30.66,naive
2016-10-23,5,31.9,30.61,naive
2016-10-23,6,32.52,30.91,naive
2016-10-23,7,33.04,31.51,naive
2016-10-23,8,33.75,36.63,naive
2016-10-23,9,35.22,38.48,naive
2016-10-23,10,34.84,37.39,naive
2016-10-23,11,33.91,34.57,naive
2016-10-23,12,32.63,33.1,naive
2016-10-23,13,32.86,31.54,naive
2016-10-23,14,31.95,30.08,naive
2016-10-23,15,32.66,30.44,naive
2016-10-23,16,34.44,31.05,naive
2016-10-23,17,37.24,36.06,naive
2016-10-23,18,42.01,45.85,naive
2016-10-23,19,47.02,48.93,naive
2016-10-23,20,39.77,34.15,naive
2016-10-23,21,36.86,31.06,naive
2016-10-23,22,34.75,30.57,naive
2016-10-23,23,33.6,28.84,naive
2016-10-24,0,31.44,32.65,naive
2016-10-24,1,31.08,31.94,naive
2016-10-24,2,31.53,31.39,naive
2016-10-24,3,30.9,31.17,naive
2016-10-24,4,31.24,32.55,naive
2016-10-24,5,31.68,32.84,naive
2016-10-24,6,43.5,35.9,naive
2016-10-24,7,49.92,46.87,naive
2016-10-24,8,49.92,48.98,naive
2016-10-24,9,49.9,48.45,naive
2016-10-24,10,49.98,48.42,naive
2016-10-24,11,49.97,47.82,naive
2016-10-24,12,49.07,46.49,naive
2016-10-24,13,46.07,41.84,naive
2016-10-24,14,44.73,38.31,naive
2016-10-24,15,46.09,37.41,naive
2016-10-24,16,46.47,37.96,naive
2016-10-24,17,48.21,42.06,naive
2016-10-24,18,48.49,46.44,naive
2016-10-24,19,48.35,45.95,naive
2016-10-24,20,42.32,39.49,naive
2016-10-24,21,36.35,36.09,naive
2016-10-24,22,35.82,34.98,naive
2016-10-24,23,33.07,33.9,naive
2016-10-25,0,35.38,31.44,naive
2016-10-25,1,34.58,31.08,naive
2016-10-25,2,34.64,31.53,naive
2016-10-25,3,35.02,30.9,naive
2016-10-25,4,34.97,31.24,naive
2016-10-25,5,37.01,31.68,naive
2016-10-25,6,43.3,43.5,naive
2016-10-25,7,68.1,49.92,naive
2016-10-25,8,68.02,49.92,naive
2016-10-25,9,67.28,49.9,naive
2016-10-25,10,73.07,49.98,naive
2016-10-25,11,74.23,49.97,naive
2016-10-25,12,67.61,49.07,naive
2016-10-25,13,66.01,46.07,naive
2016-10-25,14,57.97,44.73,naive
2016-10-25,15,56.38,46.09,naive
2016-10-25,16,56.0,46.47,naive
2016-10-25,17,67.71,48.21,naive
2016-10-25,18,67.18,48.49,naive
2016-10-25,19,60.39,48.35,naive
2016-10-25,20,51.98,42.32,naive
2016-10-25,21,39.76,36.35,naive
2016-10-25,22,37.38,35.82,naive
2016-10-25,23,34.7,33.07,naive
2016-10-26,0,35.81,35.38,naive
2016-10-26,1,34.6,34.58,naive
2016-10-26,2,34.71,34.64,naive
2016-10-26,3,35.03,35.02,naive
2016-10-26,4,35.03,34.97,naive
2016-10-26,5,36.17,37.01,naive
2016-10-26,6,41.2,43.3,naive
2016-10-26,7,52.3,68.1,naive
2016-10-26,8,55.66,68.02,naive
2016-10-26,9,58.21,67.28,naive
2016-10-26,10,58.01,73.07,naive
2016-10-26,11,55.68,74.23,naive
2016-10-26,12,52.15,67.61,naive
2016-10-26,13,49.88,66.01,naive
2016-10-26,14,45.67,57.97,naive
2016-10-26,15,46.81,56.38,naive
2016-10-26,16,47.92,56.0,naive
2016-10-26,17,50.27,67.71,naive
2016-10-26,18,53.84,67.18,naive
2016-10-26,19,52.49,60.39,naive
2016-10-26,20,41.28,51.98,naive
2016-10-26,21,39.99,39.76,naive
2016-10-26,22,37.37,37.38,naive
2016-10-26,23,34.1,34.7,naive
2016-10-27,0,32.84,35.81,naive
2016-10-27,1,32.26,34.6,naive
2016-10-27,2,31.87,34.71,naive
2016-10-27,3,31.25,35.03,naive
2016-10-27,4,32.34,35.03,naive
2016-10-27,5,33.58,36.17,naive
2016-10-27,6,38.12,41.2,naive
2016-10-27,7,47.94,52.3,naive
2016-10-27,8,48.99,55.66,naive
2016-10-27,9,47.42,58.21,naive
2016-10-27,10,47.94,58.01,naive
2016-10-27,11,45.69,55.68,naive
2016-10-27,12,44.11,52.15,naive
2016-10-27,13,41.77,49.88,naive
2016-10-27,14,38.68,45.67,naive
2016-10-27,15,39.51,46.81,naive
2016-10-27,16,40.91,47.92,naive
2016-10-27,17,44.69,50.27,naive
2016-10-27,18,48.73,53.84,naive
2016-10-27,19,42.0,52.49,naive
2016-10-27,20,38.02,41.28,naive
2016-10-27,21,36.76,39.99,naive
2016-10-27,22,33.82,37.37,naive
2016-10-27,23,31.05,34.1,naive
2016-10-28,0,29.06,32.84,naive
2016-10-28,1,26.87,32.26,naive
2016-10-28,2,23.43,31.87,naive
2016-10-28,3,23.65,31.25,naive
2016-10-28,4,23.92,32.34,naive
2016-10-28,5,29.1,33.58,naive
2016-10-28,6,31.08,38.12,naive
2016-10-28,7,37.04,47.94,naive
2016-10-28,8,39.3,48.99,naive
2016-10-28,9,37.72,47.42,naive
2016-10-28,10,37.76,47.94,naive
2016-10-28,11,38.89,45.69,naive
2016-10-28,12,37.17,44.11,naive
2016-10-28,13,36.82,41.77,naive
2016-10-28,14,36.31,38.68,naive
2016-10-28,15,37.23,39.51,naive
2016-10-28,16,37.99,40.91,naive
2016-10-28,17,43.74,44.69,naive
2016-10-28,18,50.5,48.73,naive
2016-10-28,19,47.62,42.0,naive
2016-10-28,20,41.97,38.02,naive
2016-10-28,21,42.82,36.76,naive
2016-10-28,22,39.93,33.82,naive
2016-10-28,23,33.1,31.05,naive
2016-10-29,0,31.05,38.45,naive
2016-10-29,1,29.85,34.55,naive
2016-10-29,2,29.04,33.96,naive
2016-10-29,3,28.65,34.11,naive
2016-10-29,4,28.77,35.18,naive
2016-10-29,5,28.84,35.61,naive
2016-10-29,6,30.77,34.55,naive
2016-10-29,7,32.5,36.89,naive
2016-10-29,8,35.06,35.21,naive
2016-10-29,9,41.76,38.07,naive
2016-10-29,10,41.54,37.87,naive
2016-10-29,11,36.19,37.28,naive
2016-10-29,12,33.79,39.96,naive
2016-10-29,13,31.54,35.02,naive
2016-10-29,14,30.03,34.31,naive
2016-10-29,15,31.41,34.17,naive
2016-10-29,16,32.7,35.19,naive
2016-10-29,17,37.93,46.76,naive
2016-10-29,18,45.92,49.96,naive
2016-10-29,19,44.27,49.99,naive
2016-10-29,20,39.44,44.11,naive
2016-10-29,21,35.24,35.88,naive
2016-10-29,22,35.12,34.53,naive
2016-10-29,23,33.81,34.51,naive
2016-10-30,0,32.57,33.09,naive
2016-10-30,1,32.15,32.69,naive
2016-10-30,2,31.55,32.41,naive
2016-10-30,3,31.4,31.85,naive
2016-10-30,4,31.45,32.03,naive
2016-10-30,5,32.03,31.9,naive
2016-10-30,6,32.55,32.52,naive
2016-10-30,7,33.35,33.04,naive
2016-10-30,8,35.02,33.75,naive
2016-10-30,9,36.49,35.22,naive
2016-10-30,10,36.99,34.84,naive
2016-10-30,11,38.33,33.91,naive
2016-10-30,12,37.2,32.63,naive
2016-10-30,13,33.9,32.86,naive
2016-10-30,14,32.48,31.95,naive
2016-10-30,15,33.09,32.66,naive
2016-10-30,16,34.64,34.44,naive
2016-10-30,17,49.2,37.24,naive
2016-10-30,18,52.48,42.01,naive
2016-10-30,19,48.28,47.02,naive
2016-10-30,20,40.3,39.77,naive
2016-10-30,21,39.0,36.86,naive
2016-10-30,22,39.0,34.75,naive
2016-10-30,23,37.64,33.6,naive
2016-10-31,0,35.36,29.06,naive
2016-10-31,1,34.94,26.87,naive
2016-10-31,2,34.66,23.43,naive
2016-10-31,3,33.92,23.65,naive
2016-10-31,4,34.39,23.92,naive
2016-10-31,5,40.03,29.1,naive
2016-10-31,6,45.29,31.08,naive
2016-10-31,7,51.68,37.04,naive
2016-10-31,8,50.47,39.3,naive
2016-10-31,9,47.38,37.72,naive
2016-10-31,10,45.1,37.76,naive
2016-10-31,11,44.0,38.89,naive
2016-10-31,12,39.0,37.17,naive
2016-10-31,13,38.08,36.82,naive
2016-10-31,14,38.64,36.31,naive
2016-10-31,15,46.04,37.23,naive
2016-10-31,16,49.73,37.99,naive
2016-10-31,17,59.2,43.74,naive
2016-10-31,18,55.98,50.5,naive
2016-10-31,19,48.96,47.62,naive
2016-10-31,20,44.13,41.97,naive
2016-10-31,21,40.26,42.82,naive
2016-10-31,22,38.62,39.93,naive
2016-10-31,23,37.68,33.1,naive
2016-11-01,0,33.31,35.36,naive
2016-11-01,1,33.68,34.94,naive
2016-11-01,2,33.31,34.66,naive
2016-11-01,3,32.52,33.92,naive
2016-11-01,4,32.99,34.39,naive
2016-11-01,5,33.31,40.03,naive
2016-11-01,6,36.98,45.29,naive
2016-11-01,7,41.93,51.68,naive
2016-11-01,8,41.09,50.47,naive
2016-11-01,9,33.77,47.38,naive
2016-11-01,10,31.27,45.1,naive
2016-11-01,11,30.9,44.0,naive
2016-11-01,12,30.75,39.0,naive
2016-11-01,13,30.03,38.08,naive
2016-11-01,14,31.58,38.64,naive
2016-11-01,15,33.28,46.04,naive
2016-11-01,16,39.34,49.73,naive
2016-11-01,17,47.51,59.2,naive
2016-11-01,18,49.99,55.98,naive
2016-11-01,19,45.97,48.96,naive
2016-11-01,20,35.94,44.13,naive
2016-11-01,21,29.59,40.26,naive
2016-11-01,22,28.86,38.62,naive
2016-11-01,23,16.02,37.68,naive
2016-11-02,0,27.11,33.31,naive
2016-11-02,1,15.12,33.68,naive
2016-11-02,2,13.2,33.31,naive
2016-11-02,3,12.26,32.52,naive
2016-11-02,4,13.16,32.99,naive
2016-11-02,5,21.01,33.31,naive
2016-11-02,6,33.85,36.98,naive
2016-11-02,7,39.04,41.93,naive
2016-11-02,8,36.54,41.09,naive
2016-11-02,9,36.72,33.77,naive
2016-11-02,10,33.19,31.27,naive
2016-11-02,11,34.07,30.9,naive
2016-11-02,12,32.93,30.75,naive
2016-11-02,13,33.18,30.03,naive
2016-11-02,14,33.06,31.58,naive
2016-11-02,15,33.99,33.28,naive
2016-11-02,16,39.16,39.34,naive
2016-11-02,17,52.91,47.51,naive
2016-11-02,18,52.46,49.99,naive
2016-11-02,19,51.46,45.97,naive
2016-11-02,20,39.98,35.94,naive
2016-11-02,21,37.52,29.59,naive
2016-11-02,22,35.18,28.86,naive
2016-11-02,23,35.67,16.02,naive
2016-11-03,0,35.05,27.11,naive
2016-11-03,1,35.07,15.12,naive
2016-11-03,2,34.74,13.2,naive
2016-11-03,3,35.87,12.26,naive
2016-11-03,4,36.74,13.16,naive
2016-11-03,5,38.95,21.01,naive
2016-11-03,6,47.23,33.85,naive
2016-11-03,7,53.41,39.04,naive
2016-11-03,8,56.06,36.54,naive
2016-11-03,9,50.11,36.72,naive
2016-11-03,10,46.86,33.19,naive
2016-11-03,11,47.63,34.07,naive
2016-11-03,12,48.0,32.93,naive
2016-11-03,13,48.95,33.18,naive
2016-11-03,14,48.96,33.06,naive
2016-11-03,15,59.6,33.99,naive
2016-11-03,16,56.35,39.16,naive
2016-11-03,17,59.99,52.91,naive
2016-11-03,18,56.03,52.46,naive
2016-11-03,19,48.88,51.46,naive
2016-11-03,20,42.41,39.98,naive
2016-11-03,21,37.27,37.52,naive
2016-11-03,22,36.24,35.18,naive
2016-11-03,23,33.98,35.67,naive
2016-11-04,0,32.4,35.05,naive
2016-11-04,1,32.42,35.07,naive
2016-11-04,2,30.96,34.74,naive
2016-11-04,3,30.8,35.87,naive
2016-11-04,4,31.98,36.74,naive
2016-11-04,5,34.13,38.95,naive
2016-11-04,6,36.98,47.23,naive
2016-11-04,7,46.78,53.41,naive
2016-11-04,8,48.69,56.06,naive
2016-11-04,9,47.94,50.11,naive
2016-11-04,10,40.86,46.86,naive
2016-11-04,11,42.83,47.63,naive
2016-11-04,12,38.05,48.0,naive
2016-11-04,13,40.49,48.95,naive
2016-11-04,14,43.15,48.96,naive
2016-11-04,15,49.91,59.6,naive
2016-11-04,16,48.73,56.35,naive
2016-11-04,17,52.19,59.99,naive
2016-11-04,18,49.6,56.03,naive
2016-11-04,19,40.15,48.88,naive
2016-11-04,20,39.23,42.41,naive
2016-11-04,21,38.31,37.27,naive
2016-11-04,22,37.02,36.24,naive
2016-11-04,23,34.9,33.98,naive
2016-11-05,0,37.05,31.05,naive
2016-11-05,1,37.07,29.85,naive
2016-11-05,2,36.77,29.04,naive
2016-11-05,3,35.97,28.65,naive
2016-11-05,4,35.54,28.77,naive
2016-11-05,5,35.93,28.84,naive
2016-11-05,6,36.5,30.77,naive
2016-11-05,7,37.02,32.5,naive
2016-11-05,8,38.96,35.06,naive
2016-11-05,9,39.89,41.76,naive
2016-11-05,10,41.16,41.54,naive
2016-11-05,11,44.79,36.19,naive
2016-11-05,12,46.54,33.79,naive
2016-11-05,13,40.8,31.54,naive
2016-11-05,14,39.35,30.03,naive
2016-11-05,15,38.88,31.41,naive
2016-11-05,16,42.65,32.7,naive
2016-11-05,17,48.1,37.93,naive
2016-11-05,18,44.78,45.92,naive
2016-11-05,19,40.91,44.27,naive
2016-11-05,20,37.07,39.44,naive
2016-11-05,21,34.32,35.24,naive
2016-11-05,22,32.71,35.12,naive
2016-11-05,23,29.94,33.81,naive
2016-11-06,0,32.23,32.57,naive
2016-11-06,1,27.78,32.15,naive
2016-11-06,2,27.95,31.55,naive
2016-11-06,3,25.03,31.4,naive
2016-11-06,4,30.1,31.45,naive
2016-11-06,5,29.82,32.03,naive
2016-11-06,6,30.89,32.55,naive
2016-11-06,7,30.88,33.35,naive
2016-11-06,8,33.81,35.02,naive
2016-11-06,9,37.02,36.49,naive
2016-11-06,10,37.93,36.99,naive
2016-11-06,11,41.58,38.33,naive
2016-11-06,12,38.94,37.2,naive
2016-11-06,13,37.07,33.9,naive
2016-11-06,14,37.09,32.48,naive
2016-11-06,15,37.0,33.09,naive
2016-11-06,16,39.5,34.64,naive
2016-11-06,17,48.51,49.2,naive
2016-11-06,18,47.96,52.48,naive
2016-11-06,19,43.27,48.28,naive
2016-11-06,20,37.05,40.3,naive
2016-11-06,21,36.0,39.0,naive
2016-11-06,22,33.33,39.0,naive
2016-11-06,23,30.23,37.64,naive
2016-11-07,0,10.72,32.4,naive
2016-11-07,1,13.61,32.42,naive
2016-11-07,2,13.69,30.96,naive
2016-11-07,3,12.6,30.8,naive
2016-11-07,4,11.94,31.98,naive
2016-11-07,5,15.82,34.13,naive
2016-11-07,6,33.02,36.98,naive
2016-11-07,7,40.81,46.78,naive
2016-11-07,8,38.01,48.69,naive
2016-11-07,9,38.07,47.94,naive
2016-11-07,10,39.93,40.86,naive
2016-11-07,11,39.98,42.83,naive
2016-11-07,12,41.76,38.05,naive
2016-11-07,13,42.67,40.49,naive
2016-11-07,14,46.9,43.15,naive
2016-11-07,15,53.03,49.91,naive
2016-11-07,16,58.45,48.73,naive
2016-11-07,17,69.83,52.19,naive
2016-11-07,18,65.94,49.6,naive
2016-11-07,19,59.93,40.15,naive
2016-11-07,20,49.99,39.23,naive
2016-11-07,21,37.85,38.31,naive
2016-11-07,22,39.7,37.02,naive
2016-11-07,23,38.05,34.9,naive
2016-11-08,0,37.47,10.72,naive
2016-11-08,1,36.65,13.61,naive
2016-11-08,2,36.09,13.69,naive
2016-11-08,3,36.17,12.6,naive
2016-11-08,4,37.13,11.94,naive
2016-11-08,5,37.17,15.82,naive
2016-11-08,6,46.77,33.02,naive
2016-11-08,7,61.65,40.81,naive
2016-11-08,8,64.64,38.01,naive
2016-11-08,9,63.89,38.07,naive
2016-11-08,10,58.97,39.93,naive
2016-11-08,11,58.99,39.98,naive
2016-11-08,12,58.47,41.76,naive
2016-11-08,13,58.94,42.67,naive
2016-11-08,14,62.13,46.9,naive
2016-11-08,15,67.91,53.03,naive
2016-11-08,16,84.92,58.45,naive
2016-11-08,17,104.96,69.83,naive
2016-11-08,18,70.03,65.94,naive
2016-11-08,19,56.43,59.93,naive
2016-11-08,20,44.15,49.99,naive
2016-11-08,21,42.45,37.85,naive
2016-11-08,22,40.0,39.7,naive
2016-11-08,23,35.98,38.05,naive
2016-11-09,0,35.6,37.47,naive
2016-11-09,1,33.38,36.65,naive
2016-11-09,2,31.46,36.09,naive
2016-11-09,3,31.48,36.17,naive
2016-11-09,4,34.23,37.13,naive
2016-11-09,5,35.77,37.17,naive
2016-11-09,6,39.77,46.77,naive
2016-11-09,7,55.2,61.65,naive
2016-11-09,8,55.2,64.64,naive
2016-11-09,9,54.96,63.89,naive
2016-11-09,10,49.72,58.97,naive
2016-11-09,11,56.92,58.99,naive
2016-11-09,12,55.82,58.47,naive
2016-11-09,13,55.58,58.94,naive
2016-11-09,14,54.28,62.13,naive
2016-11-09,15,55.08,67.91,naive
2016-11-09,16,62.21,84.92,naive
2016-11-09,17,78.44,104.96,naive
2016-11-09,18,60.93,70.03,naive
2016-11-09,19,58.5,56.43,naive
2016-11-09,20,48.22,44.15,naive
2016-11-09,21,40.85,42.45,naive
2016-11-09,22,39.5,40.0,naive
2016-11-09,23,36.1,35.98,naive
2016-11-10,0,33.53,35.6,naive
2016-11-10,1,32.95,33.38,naive
2016-11-10,2,31.69,31.46,naive
2016-11-10,3,33.2,31.48,naive
2016-11-10,4,33.53,34.23,naive
2016-11-10,5,35.0,35.77,naive
2016-11-10,6,41.48,39.77,naive
2016-11-10,7,50.37,55.2,naive
2016-11-10,8,58.91,55.2,naive
2016-11-10,9,59.98,54.96,naive
2016-11-10,10,58.52,49.72,naive
2016-11-10,11,59.93,56.92,naive
2016-11-10,12,61.1,55.82,naive
2016-11-10,13,65.01,55.58,naive
2016-11-10,14,63.24,54.28,naive
2016-11-10,15,65.08,55.08,naive
2016-11-10,16,63.08,62.21,naive
2016-11-10,17,98.15,78.44,naive
2016-11-10,18,67.87,60.93,naive
2016-11-10,19,60.24,58.5,naive
2016-11-10,20,50.39,48.22,naive
2016-11-10,21,41.96,40.85,naive
2016-11-10,22,39.72,39.5,naive
2016-11-10,23,37.76,36.1,naive
2016-11-11,0,37.07,33.53,naive
2016-11-11,1,36.22,32.95,naive
2016-11-11,2,34.9,31.69,naive
2016-11-11,3,34.46,33.2,naive
2016-11-11,4,36.46,33.53,naive
2016-11-11,5,35.45,35.0,naive
2016-11-11,6,37.6,41.48,naive
2016-11-11,7,48.46,50.37,naive
2016-11-11,8,54.97,58.91,naive
2016-11-11,9,54.92,59.98,naive
2016-11-11,10,55.9,58.52,naive
2016-11-11,11,55.93,59.93,naive
2016-11-11,12,54.93,61.1,naive
2016-11-11,13,54.42,65.01,naive
2016-11-11,14,51.7,63.24,naive
2016-11-11,15,51.71,65.08,naive
2016-11-11,16,57.91,63.08,naive
2016-11-11,17,64.92,98.15,naive
2016-11-11,18,56.94,67.87,naive
2016-11-11,19,56.25,60.24,naive
2016-11-11,20,45.79,50.39,naive
2016-11-11,21,42.09,41.96,naive
2016-11-11,22,43.48,39.72,naive
2016-11-11,23,41.27,37.76,naive
2016-11-12,0,40.21,37.05,naive
2016-11-12,1,38.31,37.07,naive
2016-11-12,2,36.78,36.77,naive
2016-11-12,3,36.09,35.97,naive
2016-11-12,4,36.05,35.54,naive
2016-11-12,5,36.09,35.93,naive
2016-11-12,6,36.33,36.5,naive
2016-11-12,7,38.38,37.02,naive
2016-11-12,8,42.21,38.96,naive
2016-11-12,9,45.77,39.89,naive
2016-11-12,10,46.52,41.16,naive
2016-11-12,11,43.34,44.79,naive
2016-11-12,12,39.94,46.54,naive
2016-11-12,13,40.86,40.8,naive
2016-11-12,14,36.09,39.35,naive
2016-11-12,15,38.06,38.88,naive
2016-11-12,16,45.9,42.65,naive
2016-11-12,17,51.17,48.1,naive
2016-11-12,18,48.32,44.78,naive
2016-11-12,19,39.15,40.91,naive
2016-11-12,20,36.1,37.07,naive
2016-11-12,21,34.77,34.32,naive
2016-11-12,22,34.99,32.71,naive
2016-11-12,23,34.34,29.94,naive
2016-11-13,0,32.99,32.23,naive
2016-11-13,1,34.15,27.78,naive
2016-11-13,2,32.95,27.95,naive
2016-11-13,3,31.76,25.03,naive
2016-11-13,4,31.46,30.1,naive
2016-11-13,5,31.43,29.82,naive
2016-11-13,6,31.63,30.89,naive
2016-11-13,7,31.46,30.88,naive
2016-11-13,8,35.07,33.81,naive
2016-11-13,9,36.02,37.02,naive
2016-11-13,10,35.57,37.93,naive
2016-11-13,11,36.37,41.58,naive
2016-11-13,12,36.1,38.94,naive
2016-11-13,13,36.05,37.07,naive
2016-11-13,14,36.28,37.09,naive
2016-11-13,15,39.37,37.0,naive
2016-11-13,16,44.74,39.5,naive
2016-11-13,17,48.82,48.51,naive
2016-11-13,18,48.29,47.96,naive
2016-11-13,19,46.07,43.27,naive
2016-11-13,20,40.9,37.05,naive
2016-11-13,21,38.06,36.0,naive
2016-11-13,22,37.44,33.33,naive
2016-11-13,23,35.91,30.23,naive
2016-11-14,0,32.56,37.07,naive
2016-11-14,1,31.61,36.22,naive
2016-11-14,2,31.79,34.9,naive
2016-11-14,3,31.68,34.46,naive
2016-11-14,4,31.68,36.46,naive
2016-11-14,5,32.69,35.45,naive
2016-11-14,6,43.92,37.6,naive
2016-11-14,7,54.92,48.46,naive
2016-11-14,8,51.19,54.97,naive
2016-11-14,9,38.49,54.92,naive
2016-11-14,10,37.07,55.9,naive
2016-11-14,11,36.94,55.93,naive
2016-11-14,12,39.51,54.93,naive
2016-11-14,13,37.84,54.42,naive
2016-11-14,14,42.03,51.7,naive
2016-11-14,15,51.19,51.71,naive
2016-11-14,16,49.95,57.91,naive
2016-11-14,17,56.09,64.92,naive
2016-11-14,18,46.98,56.94,naive
2016-11-14,19,38.58,56.25,naive
2016-11-14,20,40.07,45.79,naive
2016-11-14,21,35.36,42.09,naive
2016-11-14,22,32.67,43.48,naive
2016-11-14,23,31.72,41.27,naive
2016-11-15,0,30.08,32.56,naive
2016-11-15,1,30.18,31.61,naive
2016-11-15,2,27.68,31.79,naive
2016-11-15,3,26.58,31.68,naive
2016-11-15,4,30.07,31.68,naive
2016-11-15,5,31.67,32.69,naive
2016-11-15,6,36.6,43.92,naive
2016-11-15,7,44.65,54.92,naive
2016-11-15,8,43.94,51.19,naive
2016-11-15,9,43.96,38.49,naive
2016-11-15,10,43.96,37.07,naive
2016-11-15,11,44.65,36.94,naive
2016-11-15,12,43.08,39.51,naive
2016-11-15,13,43.58,37.84,naive
2016-11-15,14,43.97,42.03,naive
2016-11-15,15,44.01,51.19,naive
2016-11-15,16,44.97,49.95,naive
2016-11-15,17,51.98,56.09,naive
2016-11-15,18,48.02,46.98,naive
2016-11-15,19,52.91,38.58,naive
2016-11-15,20,44.74,40.07,naive
2016-11-15,21,38.22,35.36,naive
2016-11-15,22,38.42,32.67,naive
2016-11-15,23,35.4,31.72,naive
2016-11-16,0,35.55,30.08,naive
2016-11-16,1,34.14,30.18,naive
2016-11-16,2,33.4,27.68,naive
2016-11-16,3,33.45,26.58,naive
2016-11-16,4,33.05,30.07,naive
2016-11-16,5,38.59,31.67,naive
2016-11-16,6,46.99,36.6,naive
2016-11-16,7,51.92,44.65,naive
2016-11-16,8,55.96,43.94,naive
2016-11-16,9,57.81,43.96,naive
2016-11-16,10,56.36,43.96,naive
2016-11-16,11,53.96,44.65,naive
2016-11-16,12,46.9,43.08,naive
2016-11-16,13,45.36,43.58,naive
2016-11-16,14,40.94,43.97,naive
2016-11-16,15,40.11,44.01,naive
2016-11-16,16,40.83,44.97,naive
2016-11-16,17,48.91,51.98,naive
2016-11-16,18,46.95,48.02,naive
2016-11-16,19,46.95,52.91,naive
2016-11-16,20,40.58,44.74,naive
2016-11-16,21,36.12,38.22,naive
2016-11-16,22,36.13,38.42,naive
2016-11-16,23,31.73,35.4,naive
2016-11-17,0,27.1,35.55,naive
2016-11-17,1,26.44,34.14,naive
2016-11-17,2,22.38,33.4,naive
2016-11-17,3,24.99,33.45,naive
2016-11-17,4,28.16,33.05,naive
2016-11-17,5,30.85,38.59,naive
2016-11-17,6,38.54,46.99,naive
2016-11-17,7,47.94,51.92,naive
2016-11-17,8,48.93,55.96,naive
2016-11-17,9,43.14,57.81,naive
2016-11-17,10,42.93,56.36,naive
2016-11-17,11,43.91,53.96,naive
2016-11-17,12,43.65,46.9,naive
2016-11-17,13,41.66,45.36,naive
2016-11-17,14,37.13,40.94,naive
2016-11-17,15,37.36,40.11,naive
2016-11-17,16,37.91,40.83,naive
2016-11-17,17,37.99,48.91,naive
2016-11-17,18,37.47,46.95,naive
2016-11-17,19,35.62,46.95,naive
2016-11-17,20,32.08,40.58,naive
2016-11-17,21,26.92,36.12,naive
2016-11-17,22,13.72,36.13,naive
2016-11-17,23,8.26,31.73,naive
2016-11-18,0,0.1,27.1,naive
2016-11-18,1,-12.1,26.44,naive
2016-11-18,2,-10.0,22.38,naive
2016-11-18,3,-0.01,24.99,naive
2016-11-18,4,8.86,28.16,naive
2016-11-18,5,13.22,30.85,naive
2016-11-18,6,29.83,38.54,naive
2016-11-18,7,37.88,47.94,naive
2016-11-18,8,34.74,48.93,naive
2016-11-18,9,34.65,43.14,naive
2016-11-18,10,33.86,42.93,naive
2016-11-18,11,33.13,43.91,naive
2016-11-18,12,31.04,43.65,naive
2016-11-18,13,31.06,41.66,naive
2016-11-18,14,31.79,37.13,naive
2016-11-18,15,35.99,37.36,naive
2016-11-18,16,39.96,37.91,naive
2016-11-18,17,39.98,37.99,naive
2016-11-18,18,39.02,37.47,naive
2016-11-18,19,34.06,35.62,naive
2016-11-18,20,34.02,32.08,naive
2016-11-18,21,27.66,26.92,naive
2016-11-18,22,17.88,13.72,naive
2016-11-18,23,13.57,8.26,naive
2016-11-19,0,13.79,40.21,naive
2016-11-19,1,12.69,38.31,naive
2016-11-19,2,12.85,36.78,naive
2016-11-19,3,15.18,36.09,naive
2016-11-19,4,20.56,36.05,naive
2016-11-19,5,18.58,36.09,naive
2016-11-19,6,20.2,36.33,naive
2016-11-19,7,33.36,38.38,naive
2016-11-19,8,37.01,42.21,naive
2016-11-19,9,41.08,45.77,naive
2016-11-19,10,41.0,46.52,naive
2016-11-19,11,40.1,43.34,naive
2016-11-19,12,39.24,39.94,naive
2016-11-19,13,36.97,40.86,naive
2016-11-19,14,36.96,36.09,naive
2016-11-19,15,39.96,38.06,naive
2016-11-19,16,46.9,45.9,naive
2016-11-19,17,46.95,51.17,naive
2016-11-19,18,42.96,48.32,naive
2016-11-19,19,39.97,39.15,naive
2016-11-19,20,33.8,36.1,naive
2016-11-19,21,33.08,34.77,naive
2016-11-19,22,32.14,34.99,naive
2016-11-19,23,22.09,34.34,naive
2016-11-20,0,13.66,32.99,naive
2016-11-20,1,13.62,34.15,naive
2016-11-20,2,14.66,32.95,naive
2016-11-20,3,13.61,31.76,naive
2016-11-20,4,13.64,31.46,naive
2016-11-20,5,5.68,31.43,naive
2016-11-20,6,1.0,31.63,naive
2016-11-20,7,-0.01,31.46,naive
2016-11-20,8,8.04,35.07,naive
2016-11-20,9,5.68,36.02,naive
2016-11-20,10,-0.44,35.57,naive
2016-11-20,11,-0.04,36.37,naive
2016-11-20,12,-9.94,36.1,naive
2016-11-20,13,-22.17,36.05,naive
2016-11-20,14,-30.41,36.28,naive
2016-11-20,15,-15.68,39.37,naive
2016-11-20,16,-29.04,44.74,naive
2016-11-20,17,9.9,48.82,naive
2016-11-20,18,8.06,48.29,naive
2016-11-20,19,8.99,46.07,naive
2016-11-20,20,-1.58,40.9,naive
2016-11-20,21,-3.35,38.06,naive
2016-11-20,22,3.45,37.44,naive
2016-11-20,23,-14.91,35.91,naive
2016-11-21,0,13.56,0.1,naive
2016-11-21,1,8.81,-12.1,naive
2016-11-21,2,9.79,-10.0,naive
2016-11-21,3,11.01,-0.01,naive
2016-11-21,4,10.88,8.86,naive
2016-11-21,5,20.0,13.22,naive
2016-11-21,6,38.71,29.83,naive
2016-11-21,7,49.86,37.88,naive
2016-11-21,8,49.4,34.74,naive
2016-11-21,9,46.25,34.65,naive
2016-11-21,10,41.15,33.86,naive
2016-11-21,11,41.61,33.13,naive
2016-11-21,12,41.75,31.04,naive
2016-11-21,13,45.74,31.06,naive
2016-11-21,14,46.91,31.79,naive
2016-11-21,15,48.0,35.99,naive
2016-11-21,16,44.72,39.96,naive
2016-11-21,17,45.56,39.98,naive
2016-11-21,18,38.71,39.02,naive
2016-11-21,19,36.3,34.06,naive
2016-11-21,20,35.75,34.02,naive
2016-11-21,21,32.84,27.66,naive
2016-11-21,22,32.46,17.88,naive
2016-11-21,23,22.07,13.57,naive
2016-11-22,0,24.1,13.56,naive
2016-11-22,1,27.11,8.81,naive
2016-11-22,2,21.49,9.79,naive
2016-11-22,3,21.0,11.01,naive
2016-11-22,4,19.99,10.88,naive
2016-11-22,5,29.38,20.0,naive
2016-11-22,6,33.89,38.71,naive
2016-11-22,7,40.89,49.86,naive
2016-11-22,8,39.43,49.4,naive
2016-11-22,9,37.16,46.25,naive
2016-11-22,10,35.85,41.15,naive
2016-11-22,11,36.35,41.61,naive
2016-11-22,12,37.0,41.75,naive
2016-11-22,13,38.46,45.74,naive
2016-11-22,14,46.02,46.91,naive
2016-11-22,15,51.94,48.0,naive
2016-11-22,16,51.51,44.72,naive
2016-11-22,17,64.2,45.56,naive
2016-11-22,18,54.67,38.71,naive
2016-11-22,19,51.99,36.3,naive
2016-11-22,20,46.98,35.75,naive
2016-11-22,21,38.77,32.84,naive
2016-11-22,22,37.17,32.46,naive
2016-11-22,23,34.8,22.07,naive
2016-11-23,0,34.61,24.1,naive
2016-11-23,1,33.65,27.11,naive
2016-11-23,2,33.46,21.49,naive
2016-11-23,3,32.08,21.0,naive
2016-11-23,4,33.54,19.99,naive
2016-11-23,5,35.38,29.38,naive
2016-11-23,6,46.34,33.89,naive
2016-11-23,7,48.81,40.89,naive
2016-11-23,8,51.1,39.43,naive
2016-11-23,9,53.94,37.16,naive
2016-11-23,10,51.0,35.85,naive
2016-11-23,11,51.95,36.35,naive
2016-11-23,12,49.99,37.0,naive
2016-11-23,13,51.92,38.46,naive
2016-11-23,14,54.98,46.02,naive
2016-11-23,15,58.48,51.94,naive
2016-11-23,16,55.01,51.51,naive
2016-11-23,17,62.0,64.2,naive
2016-11-23,18,52.92,54.67,naive
2016-11-23,19,50.0,51.99,naive
2016-11-23,20,39.13,46.98,naive
2016-11-23,21,37.21,38.77,naive
2016-11-23,22,37.79,37.17,naive
2016-11-23,23,33.99,34.8,naive
2016-11-24,0,32.66,34.61,naive
2016-11-24,1,31.61,33.65,naive
2016-11-24,2,30.8,33.46,naive
2016-11-24,3,29.58,32.08,naive
2016-11-24,4,29.76,33.54,naive
2016-11-24,5,32.44,35.38,naive
2016-11-24,6,36.5,46.34,naive
2016-11-24,7,43.12,48.81,naive
2016-11-24,8,45.97,51.1,naive
2016-11-24,9,44.96,53.94,naive
2016-11-24,10,43.69,51.0,naive
2016-11-24,11,44.25,51.95,naive
2016-11-24,12,42.87,49.99,naive
2016-11-24,13,42.91,51.92,naive
2016-11-24,14,42.77,54.98,naive
2016-11-24,15,44.59,58.48,naive
2016-11-24,16,49.36,55.01,naive
2016-11-24,17,50.97,62.0,naive
2016-11-24,18,45.23,52.92,naive
2016-11-24,19,44.1,50.0,naive
2016-11-24,20,38.07,39.13,naive
2016-11-24,21,37.71,37.21,naive
2016-11-24,22,35.88,37.79,naive
2016-11-24,23,33.62,33.99,naive
2016-11-25,0,35.23,32.66,naive
2016-11-25,1,32.99,31.61,naive
2016-11-25,2,32.02,30.8,naive
2016-11-25,3,31.05,29.58,naive
2016-11-25,4,31.18,29.76,naive
2016-11-25,5,34.85,32.44,naive
2016-11-25,6,37.98,36.5,naive
2016-11-25,7,47.1,43.12,naive
2016-11-25,8,48.49,45.97,naive
2016-11-25,9,47.97,44.96,naive
2016-11-25,10,47.42,43.69,naive
2016-11-25,11,48.25,44.25,naive
2016-11-25,12,47.95,42.87,naive
2016-11-25,13,47.95,42.91,naive
2016-11-25,14,47.92,42.77,naive
2016-11-25,15,48.81,44.59,naive
2016-11-25,16,49.96,49.36,naive
2016-11-25,17,54.75,50.97,naive
2016-11-25,18,48.29,45.23,naive
2016-11-25,19,48.94,44.1,naive
2016-11-25,20,43.52,38.07,naive
2016-11-25,21,38.92,37.71,naive
2016-11-25,22,38.67,35.88,naive
2016-11-25,23,35.24,33.62,naive
2016-11-26,0,32.5,13.79,naive
2016-11-26,1,31.93,12.69,naive
2016-11-26,2,31.82,12.85,naive
2016-11-26,3,31.84,15.18,naive
2016-11-26,4,32.07,20.56,naive
2016-11-26,5,32.35,18.58,naive
2016-11-26,6,33.36,20.2,naive
2016-11-26,7,42.22,33.36,naive
2016-11-26,8,44.1,37.01,naive
2016-11-26,9,46.76,41.08,naive
2016-11-26,10,48.92,41.0,naive
2016-11-26,11,48.56,40.1,naive
2016-11-26,12,47.91,39.24,naive
2016-11-26,13,43.97,36.97,naive
2016-11-26,14,38.24,36.96,naive
2016-11-26,15,40.44,39.96,naive
2016-11-26,16,45.3,46.9,naive
2016-11-26,17,47.96,46.95,naive
2016-11-26,18,43.95,42.96,naive
2016-11-26,19,37.5,39.97,naive
2016-11-26,20,32.91,33.8,naive
2016-11-26,21,32.75,33.08,naive
2016-11-26,22,31.72,32.14,naive
2016-11-26,23,28.25,22.09,naive
2016-11-27,0,22.92,13.66,naive
2016-11-27,1,21.14,13.62,naive
2016-11-27,2,20.25,14.66,naive
2016-11-27,3,20.28,13.61,naive
2016-11-27,4,20.95,13.64,naive
2016-11-27,5,27.0,5.68,naive
2016-11-27,6,28.02,1.0,naive
2016-11-27,7,28.93,-0.01,naive
2016-11-27,8,31.35,8.04,naive
2016-11-27,9,33.19,5.68,naive
2016-11-27,10,34.24,-0.44,naive
2016-11-27,11,38.13,-0.04,naive
2016-11-27,12,35.69,-9.94,naive
2016-11-27,13,33.44,-22.17,naive
2016-11-27,14,33.53,-30.41,naive
2016-11-27,15,34.2,-15.68,naive
2016-11-27,16,37.48,-29.04,naive
2016-11-27,17,41.07,9.9,naive
2016-11-27,18,41.05,8.06,naive
2016-11-27,19,36.08,8.99,naive
2016-11-27,20,34.69,-1.58,naive
2016-11-27,21,32.69,-3.35,naive
2016-11-27,22,32.16,3.45,naive
2016-11-27,23,28.43,-14.91,naive
2016-11-28,0,27.06,35.23,naive
2016-11-28,1,28.24,32.99,naive
2016-11-28,2,24.31,32.02,naive
2016-11-28,3,24.03,31.05,naive
2016-11-28,4,26.81,31.18,naive
2016-11-28,5,31.96,34.85,naive
2016-11-28,6,37.94,37.98,naive
2016-11-28,7,47.88,47.1,naive
2016-11-28,8,46.99,48.49,naive
2016-11-28,9,44.42,47.97,naive
2016-11-28,10,37.92,47.42,naive
2016-11-28,11,43.53,48.25,naive
2016-11-28,12,37.38,47.95,naive
2016-11-28,13,44.81,47.95,naive
2016-11-28,14,45.77,47.92,naive
2016-11-28,15,51.38,48.81,naive
2016-11-28,16,57.21,49.96,naive
2016-11-28,17,65.11,54.75,naive
2016-11-28,18,51.42,48.29,naive
2016-11-28,19,48.5,48.94,naive
2016-11-28,20,45.97,43.52,naive
2016-11-28,21,39.29,38.92,naive
2016-11-28,22,36.14,38.67,naive
2016-11-28,23,34.59,35.24,naive
2016-11-29,0,36.92,27.06,naive
2016-11-29,1,35.78,28.24,naive
2016-11-29,2,34.81,24.31,naive
2016-11-29,3,34.43,24.03,naive
2016-11-29,4,34.89,26.81,naive
2016-11-29,5,36.75,31.96,naive
2016-11-29,6,44.68,37.94,naive
2016-11-29,7,54.95,47.88,naive
2016-11-29,8,52.65,46.99,naive
2016-11-29,9,48.5,44.42,naive
2016-11-29,10,43.69,37.92,naive
2016-11-29,11,42.2,43.53,naive
2016-11-29,12,40.42,37.38,naive
2016-11-29,13,41.75,44.81,naive
2016-11-29,14,43.12,45.77,naive
2016-11-29,15,50.94,51.38,naive
2016-11-29,16,55.58,57.21,naive
2016-11-29,17,55.66,65.11,naive
2016-11-29,18,52.61,51.42,naive
2016-11-29,19,47.94,48.5,naive
2016-11-29,20,39.97,45.97,naive
2016-11-29,21,35.9,39.29,naive
2016-11-29,22,32.9,36.14,naive
2016-11-29,23,30.38,34.59,naive
2016-11-30,0,27.75,36.92,naive
2016-11-30,1,27.36,35.78,naive
2016-11-30,2,27.02,34.81,naive
2016-11-30,3,25.3,34.43,naive
2016-11-30,4,28.04,34.89,naive
2016-11-30,5,29.93,36.75,naive
2016-11-30,6,34.13,44.68,naive
2016-11-30,7,47.92,54.95,naive
2016-11-30,8,47.91,52.65,naive
2016-11-30,9,44.47,48.5,naive
2016-11-30,10,37.49,43.69,naive
2016-11-30,11,37.91,42.2,naive
2016-11-30,12,37.42,40.42,naive
2016-11-30,13,35.98,41.75,naive
2016-11-30,14,39.33,43.12,naive
2016-11-30,15,38.74,50.94,naive
2016-11-30,16,44.75,55.58,naive
2016-11-30,17,46.93,55.66,naive
2016-11-30,18,39.95,52.61,naive
2016-11-30,19,39.47,47.94,naive
2016-11-30,20,35.08,39.97,naive
2016-11-30,21,32.58,35.9,naive
2016-11-30,22,31.86,32.9,naive
2016-11-30,23,27.0,30.38,naive
2016-12-01,0,26.79,27.75,naive
2016-12-01,1,14.95,27.36,naive
2016-12-01,2,11.95,27.02,naive
2016-12-01,3,10.27,25.3,naive
2016-12-01,4,11.29,28.04,naive
2016-12-01,5,21.93,29.93,naive
2016-12-01,6,32.06,34.13,naive
2016-12-01,7,35.39,47.92,naive
2016-12-01,8,34.36,47.91,naive
2016-12-01,9,37.01,44.47,naive
2016-12-01,10,38.79,37.49,naive
2016-12-01,11,36.36,37.91,naive
2016-12-01,12,33.99,37.42,naive
2016-12-01,13,32.29,35.98,naive
2016-12-01,14,31.37,39.33,naive
2016-12-01,15,31.38,38.74,naive
2016-12-01,16,32.38,44.75,naive
2016-12-01,17,35.73,46.93,naive
2016-12-01,18,32.94,39.95,naive
2016-12-01,19,33.86,39.47,naive
2016-12-01,20,31.32,35.08,naive
2016-12-01,21,28.01,32.58,naive
2016-12-01,22,19.66,31.86,naive
2016-12-01,23,8.94,27.0,naive
2016-12-02,0,7.23,26.79,naive
2016-12-02,1,7.2,14.95,naive
2016-12-02,2,6.07,11.95,naive
2016-12-02,3,8.79,10.27,naive
2016-12-02,4,19.83,11.29,naive
2016-12-02,5,26.88,21.93,naive
2016-12-02,6,31.87,32.06,naive
2016-12-02,7,46.06,35.39,naive
2016-12-02,8,46.94,34.36,naive
2016-12-02,9,44.71,37.01,naive
2016-12-02,10,43.5,38.79,naive
2016-12-02,11,46.9,36.36,naive
2016-12-02,12,46.93,33.99,naive
2016-12-02,13,47.97,32.29,naive
2016-12-02,14,49.54,31.37,naive
2016-12-02,15,51.11,31.38,naive
2016-12-02,16,49.99,32.38,naive
2016-12-02,17,56.85,35.73,naive
2016-12-02,18,58.1,32.94,naive
2016-12-02,19,50.03,33.86,naive
2016-12-02,20,52.07,31.32,naive
2016-12-02,21,47.91,28.01,naive
2016-12-02,22,44.02,19.66,naive
2016-12-02,23,36.03,8.94,naive
2016-12-03,0,32.9,32.5,naive
2016-12-03,1,33.11,31.93,naive
2016-12-03,2,33.71,31.82,naive
2016-12-03,3,33.49,31.84,naive
2016-12-03,4,33.63,32.07,naive
2016-12-03,5,33.21,32.35,naive
2016-12-03,6,36.69,33.36,naive
2016-12-03,7,36.0,42.22,naive
2016-12-03,8,39.0,44.1,naive
2016-12-03,9,45.96,46.76,naive
2016-12-03,10,40.13,48.92,naive
2016-12-03,11,38.22,48.56,naive
2016-12-03,12,37.32,47.91,naive
2016-12-03,13,36.18,43.97,naive
2016-12-03,14,39.69,38.24,naive
2016-12-03,15,47.94,40.44,naive
2016-12-03,16,52.0,45.3,naive
2016-12-03,17,64.6,47.96,naive
2016-12-03,18,58.94,43.95,naive
2016-12-03,19,48.9,37.5,naive
2016-12-03,20,44.97,32.91,naive
2016-12-03,21,40.73,32.75,naive
2016-12-03,22,41.9,31.72,naive
2016-12-03,23,34.42,28.25,naive
2016-12-04,0,35.6,22.92,naive
2016-12-04,1,33.9,21.14,naive
2016-12-04,2,34.22,20.25,naive
2016-12-04,3,34.28,20.28,naive
2016-12-04,4,33.75,20.95,naive
2016-12-04,5,33.75,27.0,naive
2016-12-04,6,33.85,28.02,naive
2016-12-04,7,33.1,28.93,naive
2016-12-04,8,35.08,31.35,naive
2016-12-04,9,36.28,33.19,naive
2016-12-04,10,35.88,34.24,naive
2016-12-04,11,36.33,38.13,naive
2016-12-04,12,34.42,35.69,naive
2016-12-04,13,34.02,33.44,naive
2016-12-04,14,34.2,33.53,naive
2016-12-04,15,35.68,34.2,naive
2016-12-04,16,44.0,37.48,naive
2016-12-04,17,47.98,41.07,naive
2016-12-04,18,48.96,41.05,naive
2016-12-04,19,49.9,36.08,naive
2016-12-04,20,46.95,34.69,naive
2016-12-04,21,43.91,32.69,naive
2016-12-04,22,46.34,32.16,naive
2016-12-04,23,35.75,28.43,naive
2016-12-05,0,35.77,7.23,naive
2016-12-05,1,35.03,7.2,naive
2016-12-05,2,33.56,6.07,naive
2016-12-05,3,33.27,8.79,naive
2016-12-05,4,34.93,19.83,naive
2016-12-05,5,37.44,26.88,naive
2016-12-05,6,50.38,31.87,naive
2016-12-05,7,62.55,46.06,naive
2016-12-05,8,64.79,46.94,naive
2016-12-05,9,56.45,44.71,naive
2016-12-05,10,47.93,43.5,naive
2016-12-05,11,46.98,46.9,naive
2016-12-05,12,39.65,46.93,naive
2016-12-05,13,54.45,47.97,naive
2016-12-05,14,62.36,49.54,naive
2016-12-05,15,62.36,51.11,naive
2016-12-05,16,63.45,49.99,naive
2016-12-05,17,78.39,56.85,naive
2016-12-05,18,58.42,58.1,naive
2016-12-05,19,56.96,50.03,naive
2016-12-05,20,48.9,52.07,naive
2016-12-05,21,40.99,47.91,naive
2016-12-05,22,33.94,44.02,naive
2016-12-05,23,33.51,36.03,naive
2016-12-06,0,38.02,35.77,naive
2016-12-06,1,41.58,35.03,naive
2016-12-06,2,36.53,33.56,naive
2016-12-06,3,38.15,33.27,naive
2016-12-06,4,42.93,34.93,naive
2016-12-06,5,46.66,37.44,naive
2016-12-06,6,49.5,50.38,naive
2016-12-06,7,74.73,62.55,naive
2016-12-06,8,80.09,64.79,naive
2016-12-06,9,76.0,56.45,naive
2016-12-06,10,66.39,47.93,naive
2016-12-06,11,58.99,46.98,naive
2016-12-06,12,56.77,39.65,naive
2016-12-06,13,58.12,54.45,naive
2016-12-06,14,63.61,62.36,naive
2016-12-06,15,66.31,62.36,naive
2016-12-06,16,72.97,63.45,naive
2016-12-06,17,89.25,78.39,naive
2016-12-06,18,82.71,58.42,naive
2016-12-06,19,75.39,56.96,naive
2016-12-06,20,62.76,48.9,naive
2016-12-06,21,46.98,40.99,naive
2016-12-06,22,39.47,33.94,naive
2016-12-06,23,36.08,33.51,naive
2016-12-07,0,33.09,38.02,naive
2016-12-07,1,32.77,41.58,naive
2016-12-07,2,31.91,36.53,naive
2016-12-07,3,31.41,38.15,naive
2016-12-07,4,31.07,42.93,naive
2016-12-07,5,32.43,46.66,naive
2016-12-07,6,38.0,49.5,naive
2016-12-07,7,45.28,74.73,naive
2016-12-07,8,47.96,80.09,naive
2016-12-07,9,46.95,76.0,naive
2016-12-07,10,46.98,66.39,naive
2016-12-07,11,44.89,58.99,naive
2016-12-07,12,40.0,56.77,naive
2016-12-07,13,39.13,58.12,naive
2016-12-07,14,39.11,63.61,naive
2016-12-07,15,41.12,66.31,naive
2016-12-07,16,44.47,72.97,naive
2016-12-07,17,45.28,89.25,naive
2016-12-07,18,38.39,82.71,naive
2016-12-07,19,36.03,75.39,naive
2016-12-07,20,34.14,62.76,naive
2016-12-07,21,32.03,46.98,naive
2016-12-07,22,30.85,39.47,naive
2016-12-07,23,27.03,36.08,naive
2016-12-08,0,22.46,33.09,naive
2016-12-08,1,13.7,32.77,naive
2016-12-08,2,11.57,31.91,naive
2016-12-08,3,11.79,31.41,naive
2016-12-08,4,13.33,31.07,naive
2016-12-08,5,17.94,32.43,naive
2016-12-08,6,29.36,38.0,naive
2016-12-08,7,33.56,45.28,naive
2016-12-08,8,36.01,47.96,naive
2016-12-08,9,36.34,46.95,naive
2016-12-08,10,32.88,46.98,naive
2016-12-08,11,31.97,44.89,naive
2016-12-08,12,30.83,40.0,naive
2016-12-08,13,32.46,39.13,naive
2016-12-08,14,36.33,39.11,naive
2016-12-08,15,42.33,41.12,naive
2016-12-08,16,43.97,44.47,naive
2016-12-08,17,46.99,45.28,naive
2016-12-08,18,43.41,38.39,naive
2016-12-08,19,39.96,36.03,naive
2016-12-08,20,35.0,34.14,naive
2016-12-08,21,30.7,32.03,naive
2016-12-08,22,29.9,30.85,naive
2016-12-08,23,27.27,27.03,naive
2016-12-09,0,27.59,22.46,naive
2016-12-09,1,25.56,13.7,naive
2016-12-09,2,25.12,11.57,naive
2016-12-09,3,25.52,11.79,naive
2016-12-09,4,27.46,13.33,naive
2016-12-09,5,27.55,17.94,naive
2016-12-09,6,31.57,29.36,naive
2016-12-09,7,44.47,33.56,naive
2016-12-09,8,46.99,36.01,naive
2016-12-09,9,43.68,36.34,naive
2016-12-09,10,45.93,32.88,naive
2016-12-09,11,42.51,31.97,naive
2016-12-09,12,39.02,30.83,naive
2016-12-09,13,37.5,32.46,naive
2016-12-09,14,37.44,36.33,naive
2016-12-09,15,40.82,42.33,naive
2016-12-09,16,41.91,43.97,naive
2016-12-09,17,41.96,46.99,naive
2016-12-09,18,39.15,43.41,naive
2016-12-09,19,40.86,39.96,naive
2016-12-09,20,35.0,35.0,naive
2016-12-09,21,32.46,30.7,naive
2016-12-09,22,31.24,29.9,naive
2016-12-09,23,29.0,27.27,naive
2016-12-10,0,25.98,32.9,naive
2016-12-10,1,24.02,33.11,naive
2016-12-10,2,23.95,33.71,naive
2016-12-10,3,20.3,33.49,naive
2016-12-10,4,20.55,33.63,naive
2016-12-10,5,23.25,33.21,naive
2016-12-10,6,23.08,36.69,naive
2016-12-10,7,24.13,36.0,naive
2016-12-10,8,28.49,39.0,naive
2016-12-10,9,31.08,45.96,naive
2016-12-10,10,31.86,40.13,naive
2016-12-10,11,33.77,38.22,naive
2016-12-10,12,33.0,37.32,naive
2016-12-10,13,32.35,36.18,naive
2016-12-10,14,35.02,39.69,naive
2016-12-10,15,41.92,47.94,naive
2016-12-10,16,43.67,52.0,naive
2016-12-10,17,50.03,64.6,naive
2016-12-10,18,45.12,58.94,naive
2016-12-10,19,40.17,48.9,naive
2016-12-10,20,39.94,44.97,naive
2016-12-10,21,34.72,40.73,naive
2016-12-10,22,34.94,41.9,naive
2016-12-10,23,31.4,34.42,naive
2016-12-11,0,30.58,35.6,naive
2016-12-11,1,28.44,33.9,naive
2016-12-11,2,28.95,34.22,naive
2016-12-11,3,28.08,34.28,naive
2016-12-11,4,27.56,33.75,naive
2016-12-11,5,27.94,33.75,naive
2016-12-11,6,26.16,33.85,naive
2016-12-11,7,26.51,33.1,naive
2016-12-11,8,26.84,35.08,naive
2016-12-11,9,29.51,36.28,naive
2016-12-11,10,29.75,35.88,naive
2016-12-11,11,30.42,36.33,naive
2016-12-11,12,29.03,34.42,naive
2016-12-11,13,25.1,34.02,naive
2016-12-11,14,24.01,34.2,naive
2016-12-11,15,24.7,35.68,naive
2016-12-11,16,34.57,44.0,naive
2016-12-11,17,32.83,47.98,naive
2016-12-11,18,34.07,48.96,naive
2016-12-11,19,32.9,49.9,naive
2016-12-11,20,32.01,46.95,naive
2016-12-11,21,29.09,43.91,naive
2016-12-11,22,30.44,46.34,naive
2016-12-11,23,25.92,35.75,naive
2016-12-12,0,23.98,27.59,naive
2016-12-12,1,28.82,25.56,naive
2016-12-12,2,28.24,25.12,naive
2016-12-12,3,27.49,25.52,naive
2016-12-12,4,26.6,27.46,naive
2016-12-12,5,28.78,27.55,naive
2016-12-12,6,43.7,31.57,naive
2016-12-12,7,57.36,44.47,naive
2016-12-12,8,47.93,46.99,naive
2016-12-12,9,50.09,43.68,naive
2016-12-12,10,52.32,45.93,naive
2016-12-12,11,59.54,42.51,naive
2016-12-12,12,53.91,39.02,naive
2016-12-12,13,63.67,37.5,naive
2016-12-12,14,63.81,37.44,naive
2016-12-12,15,56.29,40.82,naive
2016-12-12,16,70.25,41.91,naive
2016-12-12,17,80.62,41.96,naive
2016-12-12,18,65.2,39.15,naive
2016-12-12,19,57.18,40.86,naive
2016-12-12,20,46.96,35.0,naive
2016-12-12,21,37.73,32.46,naive
2016-12-12,22,35.07,31.24,naive
2016-12-12,23,33.33,29.0,naive
2016-12-13,0,35.88,23.98,naive
2016-12-13,1,33.04,28.82,naive
2016-12-13,2,33.04,28.24,naive
2016-12-13,3,33.02,27.49,naive
2016-12-13,4,34.97,26.6,naive
2016-12-13,5,32.84,28.78,naive
2016-12-13,6,47.41,43.7,naive
2016-12-13,7,49.9,57.36,naive
2016-12-13,8,54.39,47.93,naive
2016-12-13,9,58.12,50.09,naive
2016-12-13,10,62.76,52.32,naive
2016-12-13,11,60.09,59.54,naive
2016-12-13,12,58.0,53.91,naive
2016-12-13,13,59.39,63.67,naive
2016-12-13,14,59.6,63.81,naive
2016-12-13,15,61.6,56.29,naive
2016-12-13,16,63.02,70.25,naive
2016-12-13,17,70.42,80.62,naive
2016-12-13,18,60.09,65.2,naive
2016-12-13,19,57.76,57.18,naive
2016-12-13,20,45.66,46.96,naive
2016-12-13,21,40.19,37.73,naive
2016-12-13,22,37.02,35.07,naive
2016-12-13,23,32.53,33.33,naive
2016-12-14,0,33.09,35.88,naive
2016-12-14,1,33.28,33.04,naive
2016-12-14,2,33.0,33.04,naive
2016-12-14,3,32.64,33.02,naive
2016-12-14,4,32.66,34.97,naive
2016-12-14,5,36.9,32.84,naive
2016-12-14,6,49.91,47.41,naive
2016-12-14,7,75.06,49.9,naive
2016-12-14,8,82.26,54.39,naive
2016-12-14,9,78.58,58.12,naive
2016-12-14,10,77.17,62.76,naive
2016-12-14,11,75.94,60.09,naive
2016-12-14,12,70.55,58.0,naive
2016-12-14,13,69.91,59.39,naive
2016-12-14,14,69.69,59.6,naive
2016-12-14,15,72.52,61.6,naive
2016-12-14,16,75.15,63.02,naive
2016-12-14,17,91.81,70.42,naive
2016-12-14,18,79.9,60.09,naive
2016-12-14,19,78.62,57.76,naive
2016-12-14,20,67.54,45.66,naive
2016-12-14,21,47.94,40.19,naive
2016-12-14,22,41.71,37.02,naive
2016-12-14,23,35.57,32.53,naive
2016-12-15,0,35.05,33.09,naive
2016-12-15,1,33.31,33.28,naive
2016-12-15,2,34.2,33.0,naive
2016-12-15,3,33.51,32.64,naive
2016-12-15,4,34.53,32.66,naive
2016-12-15,5,35.61,36.9,naive
2016-12-15,6,49.55,49.91,naive
2016-12-15,7,67.91,75.06,naive
2016-12-15,8,67.07,82.26,naive
2016-12-15,9,62.27,78.58,naive
2016-12-15,10,59.13,77.17,naive
2016-12-15,11,57.69,75.94,naive
2016-12-15,12,53.72,70.55,naive
2016-12-15,13,54.95,69.91,naive
2016-12-15,14,55.0,69.69,naive
2016-12-15,15,60.24,72.52,naive
2016-12-15,16,62.05,75.15,naive
2016-12-15,17,70.03,91.81,naive
2016-12-15,18,58.95,79.9,naive
2016-12-15,19,54.65,78.62,naive
2016-12-15,20,45.37,67.54,naive
2016-12-15,21,40.0,47.94,naive
2016-12-15,22,37.53,41.71,naive
2016-12-15,23,33.98,35.57,naive
2016-12-16,0,34.25,35.05,naive
2016-12-16,1,33.29,33.31,naive
2016-12-16,2,32.0,34.2,naive
2016-12-16,3,31.92,33.51,naive
2016-12-16,4,33.15,34.53,naive
2016-12-16,5,35.51,35.61,naive
2016-12-16,6,46.76,49.55,naive
2016-12-16,7,58.99,67.91,naive
2016-12-16,8,62.65,67.07,naive
2016-12-16,9,59.99,62.27,naive
2016-12-16,10,59.04,59.13,naive
2016-12-16,11,59.56,57.69,naive
2016-12-16,12,56.96,53.72,naive
2016-12-16,13,57.98,54.95,naive
2016-12-16,14,64.88,55.0,naive
2016-12-16,15,65.1,60.24,naive
2016-12-16,16,69.46,62.05,naive
2016-12-16,17,80.99,70.03,naive
2016-12-16,18,68.0,58.95,naive
2016-12-16,19,71.71,54.65,naive
2016-12-16,20,63.6,45.37,naive
2016-12-16,21,48.09,40.0,naive
2016-12-16,22,42.49,37.53,naive
2016-12-16,23,37.06,33.98,naive
2016-12-17,0,42.1,25.98,naive
2016-12-17,1,39.44,24.02,naive
2016-12-17,2,38.36,23.95,naive
2016-12-17,3,38.28,20.3,naive
2016-12-17,4,39.07,20.55,naive
2016-12-17,5,39.01,23.25,naive
2016-12-17,6,36.0,23.08,naive
2016-12-17,7,39.01,24.13,naive
2016-12-17,8,47.84,28.49,naive
2016-12-17,9,54.97,31.08,naive
2016-12-17,10,54.91,31.86,naive
2016-12-17,11,54.35,33.77,naive
2016-12-17,12,50.1,33.0,naive
2016-12-17,13,47.65,32.35,naive
2016-12-17,14,49.68,35.02,naive
2016-12-17,15,50.68,41.92,naive
2016-12-17,16,54.8,43.67,naive
2016-12-17,17,61.01,50.03,naive
2016-12-17,18,63.53,45.12,naive
2016-12-17,19,54.98,40.17,naive
2016-12-17,20,46.22,39.94,naive
2016-12-17,21,40.93,34.72,naive
2016-12-17,22,40.98,34.94,naive
2016-12-17,23,39.1,31.4,naive
2016-12-18,0,35.78,30.58,naive
2016-12-18,1,35.23,28.44,naive
2016-12-18,2,33.96,28.95,naive
2016-12-18,3,34.32,28.08,naive
2016-12-18,4,33.96,27.56,naive
2016-12-18,5,33.93,27.94,naive
2016-12-18,6,34.36,26.16,naive
2016-12-18,7,38.37,26.51,naive
2016-12-18,8,36.88,26.84,naive
2016-12-18,9,44.72,29.51,naive
2016-12-18,10,45.94,29.75,naive
2016-12-18,11,52.29,30.42,naive
2016-12-18,12,52.0,29.03,naive
2016-12-18,13,49.78,25.1,naive
2016-12-18,14,45.82,24.01,naive
2016-12-18,15,47.43,24.7,naive
2016-12-18,16,49.98,34.57,naive
2016-12-18,17,54.92,32.83,naive
2016-12-18,18,53.98,34.07,naive
2016-12-18,19,50.13,32.9,naive
2016-12-18,20,49.92,32.01,naive
2016-12-18,21,45.73,29.09,naive
2016-12-18,22,47.14,30.44,naive
2016-12-18,23,42.06,25.92,naive
2016-12-19,0,39.9,34.25,naive
2016-12-19,1,39.08,33.29,naive
2016-12-19,2,39.02,32.0,naive
2016-12-19,3,38.56,31.92,naive
2016-12-19,4,39.01,33.15,naive
2016-12-19,5,39.05,35.51,naive
2016-12-19,6,54.11,46.76,naive
2016-12-19,7,66.7,58.99,naive
2016-12-19,8,65.38,62.65,naive
2016-12-19,9,75.1,59.99,naive
2016-12-19,10,74.99,59.04,naive
2016-12-19,11,72.19,59.56,naive
2016-12-19,12,70.8,56.96,naive
2016-12-19,13,71.48,57.98,naive
2016-12-19,14,70.82,64.88,naive
2016-12-19,15,72.99,65.1,naive
2016-12-19,16,69.24,69.46,naive
2016-12-19,17,79.46,80.99,naive
2016-12-19,18,66.0,68.0,naive
2016-12-19,19,67.0,71.71,naive
2016-12-19,20,50.94,63.6,naive
2016-12-19,21,40.16,48.09,naive
2016-12-19,22,40.05,42.49,naive
2016-12-19,23,35.74,37.06,naive
2016-12-20,0,37.49,39.9,naive
2016-12-20,1,37.06,39.08,naive
2016-12-20,2,37.06,39.02,naive
2016-12-20,3,34.96,38.56,naive
2016-12-20,4,37.0,39.01,naive
2016-12-20,5,38.14,39.05,naive
2016-12-20,6,43.27,54.11,naive
2016-12-20,7,55.94,66.7,naive
2016-12-20,8,55.95,65.38,naive
2016-12-20,9,58.13,75.1,naive
2016-12-20,10,54.97,74.99,naive
2016-12-20,11,58.92,72.19,naive
2016-12-20,12,54.91,70.8,naive
2016-12-20,13,58.53,71.48,naive
2016-12-20,14,58.17,70.82,naive
2016-12-20,15,54.97,72.99,naive
2016-12-20,16,57.82,69.24,naive
2016-12-20,17,66.33,79.46,naive
2016-12-20,18,58.91,66.0,naive
2016-12-20,19,55.09,67.0,naive
2016-12-20,20,43.53,50.94,naive
2016-12-20,21,39.27,40.16,naive
2016-12-20,22,39.04,40.05,naive
2016-12-20,23,36.34,35.74,naive
2016-12-21,0,31.88,37.49,naive
2016-12-21,1,31.35,37.06,naive
2016-12-21,2,31.74,37.06,naive
2016-12-21,3,31.35,34.96,naive
2016-12-21,4,31.34,37.0,naive
2016-12-21,5,31.34,38.14,naive
2016-12-21,6,36.09,43.27,naive
2016-12-21,7,46.97,55.94,naive
2016-12-21,8,49.97,55.95,naive
2016-12-21,9,46.27,58.13,naive
2016-12-21,10,46.9,54.97,naive
2016-12-21,11,43.96,58.92,naive
2016-12-21,12,39.53,54.91,naive
2016-12-21,13,39.38,58.53,naive
2016-12-21,14,41.97,58.17,naive
2016-12-21,15,47.95,54.97,naive
2016-12-21,16,47.95,57.82,naive
2016-12-21,17,48.95,66.33,naive
2016-12-21,18,47.0,58.91,naive
2016-12-21,19,44.62,55.09,naive
2016-12-21,20,39.05,43.53,naive
2016-12-21,21,37.22,39.27,naive
2016-12-21,22,34.57,39.04,naive
2016-12-21,23,33.94,36.34,naive
2016-12-22,0,34.34,31.88,naive
2016-12-22,1,32.72,31.35,naive
2016-12-22,2,33.34,31.74,naive
2016-12-22,3,34.42,31.35,naive
2016-12-22,4,34.9,31.34,naive
2016-12-22,5,36.03,31.34,naive
2016-12-22,6,41.88,36.09,naive
2016-12-22,7,51.84,46.97,naive
2016-12-22,8,51.78,49.97,naive
2016-12-22,9,50.99,46.27,naive
2016-12-22,10,55.62,46.9,naive
2016-12-22,11,54.26,43.96,naive
2016-12-22,12,51.4,39.53,naive
2016-12-22,13,50.94,39.38,naive
2016-12-22,14,50.93,41.97,naive
2016-12-22,15,51.97,47.95,naive
2016-12-22,16,56.7,47.95,naive
2016-12-22,17,54.46,48.95,naive
2016-12-22,18,54.92,47.0,naive
2016-12-22,19,51.0,44.62,naive
2016-12-22,20,39.94,39.05,naive
2016-12-22,21,37.66,37.22,naive
2016-12-22,22,38.62,34.57,naive
2016-12-22,23,34.95,33.94,naive
2016-12-23,0,29.02,34.34,naive
2016-12-23,1,29.58,32.72,naive
2016-12-23,2,27.58,33.34,naive
2016-12-23,3,26.78,34.42,naive
2016-12-23,4,29.02,34.9,naive
2016-12-23,5,30.0,36.03,naive
2016-12-23,6,36.3,41.88,naive
2016-12-23,7,45.91,51.84,naive
2016-12-23,8,50.91,51.78,naive
2016-12-23,9,51.15,50.99,naive
2016-12-23,10,50.98,55.62,naive
2016-12-23,11,48.89,54.26,naive
2016-12-23,12,45.91,51.4,naive
2016-12-23,13,45.12,50.94,naive
2016-12-23,14,44.95,50.93,naive
2016-12-23,15,44.96,51.97,naive
2016-12-23,16,46.96,56.7,naive
2016-12-23,17,48.39,54.46,naive
2016-12-23,18,40.84,54.92,naive
2016-12-23,19,38.15,51.0,naive
2016-12-23,20,36.28,39.94,naive
2016-12-23,21,33.0,37.66,naive
2016-12-23,22,27.57,38.62,naive
2016-12-23,23,7.82,34.95,naive
2016-12-24,0,10.38,42.1,naive
2016-12-24,1,3.71,39.44,naive
2016-12-24,2,-7.62,38.36,naive
2016-12-24,3,-2.57,38.28,naive
2016-12-24,4,8.47,39.07,naive
2016-12-24,5,8.59,39.01,naive
2016-12-24,6,3.97,36.0,naive
2016-12-24,7,8.69,39.01,naive
2016-12-24,8,15.99,47.84,naive
2016-12-24,9,20.36,54.97,naive
2016-12-24,10,21.0,54.91,naive
2016-12-24,11,20.02,54.35,naive
2016-12-24,12,18.04,50.1,naive
2016-12-24,13,15.3,47.65,naive
2016-12-24,14,10.41,49.68,naive
2016-12-24,15,10.51,50.68,naive
2016-12-24,16,13.79,54.8,naive
2016-12-24,17,13.69,61.01,naive
2016-12-24,18,8.67,63.53,naive
2016-12-24,19,2.16,54.98,naive
2016-12-24,20,2.93,46.22,naive
2016-12-24,21,0.11,40.93,naive
2016-12-24,22,8.31,40.98,naive
2016-12-24,23,-12.05,39.1,naive
2016-12-25,0,-18.07,35.78,naive
2016-12-25,1,-36.1,35.23,naive
2016-12-25,2,-38.78,33.96,naive
2016-12-25,3,-26.87,34.32,naive
2016-12-25,4,-15.06,33.96,naive
2016-12-25,5,-12.1,33.93,naive
2016-12-25,6,-30.07,34.36,naive
2016-12-25,7,-4.02,38.37,naive
2016-12-25,8,0.1,36.88,naive
2016-12-25,9,10.6,44.72,naive
2016-12-25,10,13.49,45.94,naive
2016-12-25,11,13.67,52.29,naive
2016-12-25,12,8.76,52.0,naive
2016-12-25,13,0.13,49.78,naive
2016-12-25,14,-0.1,45.82,naive
2016-12-25,15,0.08,47.43,naive
2016-12-25,16,8.67,49.98,naive
2016-12-25,17,13.63,54.92,naive
2016-12-25,18,10.7,53.98,naive
2016-12-25,19,8.98,50.13,naive
2016-12-25,20,10.67,49.92,naive
2016-12-25,21,9.94,45.73,naive
2016-12-25,22,10.02,47.14,naive
2016-12-25,23,-2.95,42.06,naive
2016-12-26,0,0.04,29.02,naive
2016-12-26,1,-9.92,29.58,naive
2016-12-26,2,-14.9,27.58,naive
2016-12-26,3,-16.09,26.78,naive
2016-12-26,4,-15.05,29.02,naive
2016-12-26,5,-51.49,30.0,naive
2016-12-26,6,-67.07,36.3,naive
2016-12-26,7,-67.09,45.91,naive
2016-12-26,8,-54.2,50.91,naive
2016-12-26,9,-3.08,51.15,naive
2016-12-26,10,0.11,50.98,naive
2016-12-26,11,5.87,48.89,naive
2016-12-26,12,1.05,45.91,naive
2016-12-26,13,-6.71,45.12,naive
2016-12-26,14,-13.31,44.95,naive
2016-12-26,15,-6.74,44.96,naive
2016-12-26,16,-2.98,46.96,naive
2016-12-26,17,8.78,48.39,naive
2016-12-26,18,9.68,40.84,naive
2016-12-26,19,10.69,38.15,naive
2016-12-26,20,8.32,36.28,naive
2016-12-26,21,-0.91,33.0,naive
2016-12-26,22,4.39,27.57,naive
2016-12-26,23,-13.34,7.82,naive
2016-12-27,0,-13.0,0.04,naive
2016-12-27,1,-24.92,-9.92,naive
2016-12-27,2,-49.98,-14.9,naive
2016-12-27,3,-53.62,-16.09,naive
2016-12-27,4,-50.19,-15.05,naive
2016-12-27,5,-23.36,-51.49,naive
2016-12-27,6,-12.15,-67.07,naive
2016-12-27,7,8.77,-67.09,naive
2016-12-27,8,13.7,-54.2,naive
2016-12-27,9,12.17,-3.08,naive
2016-12-27,10,10.63,0.11,naive
2016-12-27,11,10.64,5.87,naive
2016-12-27,12,10.68,1.05,naive
2016-12-27,13,13.75,-6.71,naive
2016-12-27,14,13.76,-13.31,naive
2016-12-27,15,21.04,-6.74,naive
2016-12-27,16,29.58,-2.98,naive
2016-12-27,17,29.76,8.78,naive
2016-12-27,18,29.69,9.68,naive
2016-12-27,19,29.45,10.69,naive
2016-12-27,20,31.91,8.32,naive
2016-12-27,21,28.5,-0.91,naive
2016-12-27,22,27.01,4.39,naive
2016-12-27,23,13.71,-13.34,naive
2016-12-28,0,21.8,-13.0,naive
2016-12-28,1,21.28,-24.92,naive
2016-12-28,2,22.1,-49.98,naive
2016-12-28,3,20.28,-53.62,naive
2016-12-28,4,23.01,-50.19,naive
2016-12-28,5,28.09,-23.36,naive
2016-12-28,6,30.0,-12.15,naive
2016-12-28,7,32.07,8.77,naive
2016-12-28,8,40.06,13.7,naive
2016-12-28,9,45.57,12.17,naive
2016-12-28,10,45.46,10.63,naive
2016-12-28,11,43.93,10.64,naive
2016-12-28,12,44.4,10.68,naive
2016-12-28,13,45.82,13.75,naive
2016-12-28,14,50.77,13.76,naive
2016-12-28,15,51.6,21.04,naive
2016-12-28,16,55.2,29.58,naive
2016-12-28,17,62.8,29.76,naive
2016-12-28,18,63.7,29.69,naive
2016-12-28,19,59.82,29.45,naive
2016-12-28,20,49.95,31.91,naive
2016-12-28,21,50.0,28.5,naive
2016-12-28,22,45.64,27.01,naive
2016-12-28,23,37.92,13.71,naive
2016-12-29,0,42.28,21.8,naive
2016-12-29,1,39.3,21.28,naive
2016-12-29,2,36.83,22.1,naive
2016-12-29,3,34.11,20.28,naive
2016-12-29,4,34.99,23.01,naive
2016-12-29,5,37.64,28.09,naive
2016-12-29,6,41.05,30.0,naive
2016-12-29,7,49.3,32.07,naive
2016-12-29,8,53.38,40.06,naive
2016-12-29,9,54.01,45.57,naive
2016-12-29,10,51.14,45.46,naive
2016-12-29,11,50.96,43.93,naive
2016-12-29,12,47.09,44.4,naive
2016-12-29,13,46.62,45.82,naive
2016-12-29,14,49.6,50.77,naive
2016-12-29,15,51.63,51.6,naive
2016-12-29,16,54.43,55.2,naive
2016-12-29,17,63.95,62.8,naive
2016-12-29,18,57.2,63.7,naive
2016-12-29,19,54.02,59.82,naive
2016-12-29,20,47.98,49.95,naive
2016-12-29,21,42.93,50.0,naive
2016-12-29,22,38.04,45.64,naive
2016-12-29,23,36.03,37.92,naive
2016-12-30,0,36.01,42.28,naive
2016-12-30,1,35.96,39.3,naive
2016-12-30,2,32.06,36.83,naive
2016-12-30,3,32.54,34.11,naive
2016-12-30,4,33.09,34.99,naive
2016-12-30,5,33.09,37.64,naive
2016-12-30,6,33.94,41.05,naive
2016-12-30,7,46.0,49.3,naive
2016-12-30,8,49.96,53.38,naive
2016-12-30,9,47.19,54.01,naive
2016-12-30,10,43.0,51.14,naive
2016-12-30,11,37.27,50.96,naive
2016-12-30,12,36.3,47.09,naive
2016-12-30,13,36.72,46.62,naive
2016-12-30,14,47.19,49.6,naive
2016-12-30,15,52.78,51.63,naive
2016-12-30,16,54.99,54.43,naive
2016-12-30,17,56.04,63.95,naive
2016-12-30,18,52.92,57.2,naive
2016-12-30,19,52.82,54.02,naive
2016-12-30,20,43.32,47.98,naive
2016-12-30,21,41.03,42.93,naive
2016-12-30,22,40.55,38.04,naive
2016-12-30,23,33.06,36.03,naive
2016-12-31,0,36.1,10.38,naive
2016-12-31,1,33.04,3.71,naive
2016-12-31,2,29.9,-7.62,naive
2016-12-31,3,27.63,-2.57,naive
2016-12-31,4,27.52,8.47,naive
2016-12-31,5,27.28,8.59,naive
2016-12-31,6,21.43,3.97,naive
2016-12-31,7,31.68,8.69,naive
2016-12-31,8,35.02,15.99,naive
2016-12-31,9,41.88,20.36,naive
2016-12-31,10,39.94,21.0,naive
2016-12-31,11,39.96,20.02,naive
2016-12-31,12,38.86,18.04,naive
2016-12-31,13,35.04,15.3,naive
2016-12-31,14,37.5,10.41,naive
2016-12-31,15,43.81,10.51,naive
2016-12-31,16,49.76,13.79,naive
2016-12-31,17,53.98,13.69,naive
2016-12-31,18,49.76,8.67,naive
2016-12-31,19,40.84,2.16,naive
2016-12-31,20,35.05,2.93,naive
2016-12-31,21,33.02,0.11,naive
2016-12-31,22,33.71,8.31,naive
2016-12-31,23,27.95,-12.05,naive
2017-01-01,0,20.96,-18.07,naive
2017-01-01,1,20.9,-36.1,naive
2017-01-01,2,18.13,-38.78,naive
2017-01-01,3,16.03,-26.87,naive
2017-01-01,4,16.43,-15.06,naive
2017-01-01,5,13.75,-12.1,naive
2017-01-01,6,11.1,-30.07,naive
2017-01-01,7,15.47,-4.02,naive
2017-01-01,8,16.88,0.1,naive
2017-01-01,9,21.81,10.6,naive
2017-01-01,10,26.24,13.49,naive
2017-01-01,11,26.42,13.67,naive
2017-01-01,12,27.66,8.76,naive
2017-01-01,13,28.7,0.13,naive
2017-01-01,14,29.66,-0.1,naive
2017-01-01,15,35.33,0.08,naive
2017-01-01,16,44.12,8.67,naive
2017-01-01,17,51.59,13.63,naive
2017-01-01,18,53.95,10.7,naive
2017-01-01,19,50.97,8.98,naive
2017-01-01,20,44.93,10.67,naive
2017-01-01,21,38.83,9.94,naive
2017-01-01,22,42.17,10.02,naive
2017-01-01,23,33.06,-2.95,naive
2017-01-02,0,30.54,36.01,naive
2017-01-02,1,28.91,35.96,naive
2017-01-02,2,28.11,32.06,naive
2017-01-02,3,27.89,32.54,naive
2017-01-02,4,27.73,33.09,naive
2017-01-02,5,31.18,33.09,naive
2017-01-02,6,37.99,33.94,naive
2017-01-02,7,50.98,46.0,naive
2017-01-02,8,53.88,49.96,naive
2017-01-02,9,53.94,47.19,naive
2017-01-02,10,53.54,43.0,naive
2017-01-02,11,54.91,37.27,naive
2017-01-02,12,54.08,36.3,naive
2017-01-02,13,55.67,36.72,naive
2017-01-02,14,55.98,47.19,naive
2017-01-02,15,56.0,52.78,naive
2017-01-02,16,57.77,54.99,naive
2017-01-02,17,67.66,56.04,naive
2017-01-02,18,55.1,52.92,naive
2017-01-02,19,53.92,52.82,naive
2017-01-02,20,49.07,43.32,naive
2017-01-02,21,40.25,41.03,naive
2017-01-02,22,45.92,40.55,naive
2017-01-02,23,38.88,33.06,naive
2017-01-03,0,36.02,30.54,naive
2017-01-03,1,34.98,28.91,naive
2017-01-03,2,33.64,28.11,naive
2017-01-03,3,33.89,27.89,naive
2017-01-03,4,33.5,27.73,naive
2017-01-03,5,33.91,31.18,naive
2017-01-03,6,48.13,37.99,naive
2017-01-03,7,54.61,50.98,naive
2017-01-03,8,57.93,53.88,naive
2017-01-03,9,57.18,53.94,naive
2017-01-03,10,52.27,53.54,naive
2017-01-03,11,49.94,54.91,naive
2017-01-03,12,46.3,54.08,naive
2017-01-03,13,41.51,55.67,naive
2017-01-03,14,37.08,55.98,naive
2017-01-03,15,37.03,56.0,naive
2017-01-03,16,39.08,57.77,naive
2017-01-03,17,42.14,67.66,naive
2017-01-03,18,36.67,55.1,naive
2017-01-03,19,36.03,53.92,naive
2017-01-03,20,33.55,49.07,naive
2017-01-03,21,24.56,40.25,naive
2017-01-03,22,17.77,45.92,naive
2017-01-03,23,9.49,38.88,naive
2017-01-04,0,8.5,36.02,naive
2017-01-04,1,-0.05,34.98,naive
2017-01-04,2,-6.27,33.64,naive
2017-01-04,3,-5.09,33.89,naive
2017-01-04,4,0.06,33.5,naive
2017-01-04,5,10.55,33.91,naive
2017-01-04,6,10.98,48.13,naive
2017-01-04,7,31.63,54.61,naive
2017-01-04,8,34.94,57.93,naive
2017-01-04,9,33.27,57.18,naive
2017-01-04,10,33.52,52.27,naive
2017-01-04,11,34.81,49.94,naive
2017-01-04,12,35.08,46.3,naive
2017-01-04,13,35.88,41.51,naive
2017-01-04,14,36.03,37.08,naive
2017-01-04,15,36.17,37.03,naive
2017-01-04,16,36.58,39.08,naive
2017-01-04,17,46.95,42.14,naive
2017-01-04,18,49.45,36.67,naive
2017-01-04,19,48.37,36.03,naive
2017-01-04,20,38.02,33.55,naive
2017-01-04,21,34.55,24.56,naive
2017-01-04,22,33.33,17.77,naive
2017-01-04,23,32.05,9.49,naive
2017-01-05,0,36.07,8.5,naive
2017-01-05,1,36.32,-0.05,naive
2017-01-05,2,30.99,-6.27,naive
2017-01-05,3,30.97,-5.09,naive
2017-01-05,4,35.64,0.06,naive
2017-01-05,5,35.73,10.55,naive
2017-01-05,6,39.03,10.98,naive
2017-01-05,7,51.7,31.63,naive
2017-01-05,8,57.98,34.94,naive
2017-01-05,9,54.11,33.27,naive
2017-01-05,10,53.13,33.52,naive
2017-01-05,11,50.06,34.81,naive
2017-01-05,12,49.97,35.08,naive
2017-01-05,13,48.84,35.88,naive
2017-01-05,14,50.99,36.03,naive
2017-01-05,15,57.48,36.17,naive
2017-01-05,16,69.7,36.58,naive
2017-01-05,17,73.92,46.95,naive
2017-01-05,18,73.76,49.45,naive
2017-01-05,19,65.15,48.37,naive
2017-01-05,20,64.24,38.02,naive
2017-01-05,21,43.09,34.55,naive
2017-01-05,22,53.11,33.33,naive
2017-01-05,23,37.08,32.05,naive
2017-01-06,0,40.84,36.07,naive
2017-01-06,1,41.15,36.32,naive
2017-01-06,2,43.77,30.99,naive
2017-01-06,3,39.97,30.97,naive
2017-01-06,4,40.81,35.64,naive
2017-01-06,5,43.04,35.73,naive
2017-01-06,6,45.37,39.03,naive
2017-01-06,7,49.49,51.7,naive
2017-01-06,8,59.92,57.98,naive
2017-01-06,9,60.0,54.11,naive
2017-01-06,10,60.04,53.13,naive
2017-01-06,11,57.7,50.06,naive
2017-01-06,12,52.86,49.97,naive
2017-01-06,13,50.05,48.84,naive
2017-01-06,14,50.94,50.99,naive
2017-01-06,15,54.04,57.48,naive
2017-01-06,16,57.52,69.7,naive
2017-01-06,17,64.91,73.92,naive
2017-01-06,18,59.92,73.76,naive
2017-01-06,19,57.99,65.15,naive
2017-01-06,20,43.68,64.24,naive
2017-01-06,21,38.46,43.09,naive
2017-01-06,22,40.94,53.11,naive
2017-01-06,23,35.89,37.08,naive
2017-01-07,0,36.83,36.1,naive
2017-01-07,1,34.37,33.04,naive
2017-01-07,2,33.84,29.9,naive
2017-01-07,3,33.83,27.63,naive
2017-01-07,4,33.62,27.52,naive
2017-01-07,5,32.96,27.28,naive
2017-01-07,6,30.07,21.43,naive
2017-01-07,7,33.58,31.68,naive
2017-01-07,8,36.02,35.02,naive
2017-01-07,9,36.86,41.88,naive
2017-01-07,10,36.43,39.94,naive
2017-01-07,11,39.01,39.96,naive
2017-01-07,12,39.5,38.86,naive
2017-01-07,13,39.02,35.04,naive
2017-01-07,14,38.6,37.5,naive
2017-01-07,15,39.28,43.81,naive
2017-01-07,16,46.95,49.76,naive
2017-01-07,17,57.01,53.98,naive
2017-01-07,18,54.02,49.76,naive
2017-01-07,19,46.92,40.84,naive
2017-01-07,20,38.12,35.05,naive
2017-01-07,21,35.09,33.02,naive
2017-01-07,22,38.1,33.71,naive
2017-01-07,23,34.53,27.95,naive
2017-01-08,0,33.86,20.96,naive
2017-01-08,1,34.14,20.9,naive
2017-01-08,2,33.96,18.13,naive
2017-01-08,3,35.01,16.03,naive
2017-01-08,4,36.07,16.43,naive
2017-01-08,5,36.07,13.75,naive
2017-01-08,6,36.01,11.1,naive
2017-01-08,7,35.37,15.47,naive
2017-01-08,8,37.29,16.88,naive
2017-01-08,9,39.15,21.81,naive
2017-01-08,10,41.25,26.24,naive
2017-01-08,11,51.93,26.42,naive
2017-01-08,12,45.37,27.66,naive
2017-01-08,13,40.53,28.7,naive
2017-01-08,14,39.73,29.66,naive
2017-01-08,15,42.75,35.33,naive
2017-01-08,16,53.87,44.12,naive
2017-01-08,17,60.95,51.59,naive
2017-01-08,18,64.93,53.95,naive
2017-01-08,19,58.91,50.97,naive
2017-01-08,20,50.03,44.93,naive
2017-01-08,21,39.06,38.83,naive
2017-01-08,22,40.06,42.17,naive
2017-01-08,23,37.09,33.06,naive
2017-01-09,0,40.0,40.84,naive
2017-01-09,1,39.05,41.15,naive
2017-01-09,2,39.21,43.77,naive
2017-01-09,3,39.24,39.97,naive
2017-01-09,4,40.26,40.81,naive
2017-01-09,5,43.84,43.04,naive
2017-01-09,6,58.99,45.37,naive
2017-01-09,7,74.04,49.49,naive
2017-01-09,8,75.49,59.92,naive
2017-01-09,9,74.63,60.0,naive
2017-01-09,10,73.97,60.04,naive
2017-01-09,11,72.0,57.7,naive
2017-01-09,12,72.12,52.86,naive
2017-01-09,13,70.09,50.05,naive
2017-01-09,14,67.41,50.94,naive
2017-01-09,15,65.21,54.04,naive
2017-01-09,16,65.09,57.52,naive
2017-01-09,17,74.72,64.91,naive
2017-01-09,18,59.94,59.92,naive
2017-01-09,19,52.2,57.99,naive
2017-01-09,20,39.1,43.68,naive
2017-01-09,21,36.62,38.46,naive
2017-01-09,22,36.08,40.94,naive
2017-01-09,23,32.76,35.89,naive
2017-01-10,0,32.45,40.0,naive
2017-01-10,1,31.52,39.05,naive
2017-01-10,2,29.08,39.21,naive
2017-01-10,3,28.92,39.24,naive
2017-01-10,4,31.49,40.26,naive
2017-01-10,5,33.06,43.84,naive
2017-01-10,6,36.26,58.99,naive
2017-01-10,7,46.0,74.04,naive
2017-01-10,8,59.89,75.49,naive
2017-01-10,9,59.96,74.63,naive
2017-01-10,10,62.69,73.97,naive
2017-01-10,11,66.82,72.0,naive
2017-01-10,12,71.42,72.12,naive
2017-01-10,13,72.33,70.09,naive
2017-01-10,14,69.5,67.41,naive
2017-01-10,15,70.64,65.21,naive
2017-01-10,16,66.96,65.09,naive
2017-01-10,17,88.38,74.72,naive
2017-01-10,18,98.93,59.94,naive
2017-01-10,19,69.65,52.2,naive
2017-01-10,20,58.82,39.1,naive
2017-01-10,21,47.63,36.62,naive
2017-01-10,22,40.08,36.08,naive
2017-01-10,23,38.06,32.76,naive
2017-01-11,0,38.99,32.45,naive
2017-01-11,1,37.2,31.52,naive
2017-01-11,2,34.03,29.08,naive
2017-01-11,3,34.78,28.92,naive
2017-01-11,4,32.7,31.49,naive
2017-01-11,5,31.21,33.06,naive
2017-01-11,6,37.2,36.26,naive
2017-01-11,7,49.97,46.0,naive
2017-01-11,8,46.98,59.89,naive
2017-01-11,9,44.7,59.96,naive
2017-01-11,10,44.41,62.69,naive
2017-01-11,11,41.06,66.82,naive
2017-01-11,12,36.94,71.42,naive
2017-01-11,13,34.09,72.33,naive
2017-01-11,14,33.68,69.5,naive
2017-01-11,15,33.64,70.64,naive
2017-01-11,16,33.66,66.96,naive
2017-01-11,17,38.53,88.38,naive
2017-01-11,18,37.4,98.93,naive
2017-01-11,19,37.07,69.65,naive
2017-01-11,20,34.0,58.82,naive
2017-01-11,21,31.83,47.63,naive
2017-01-11,22,26.27,40.08,naive
2017-01-11,23,11.68,38.06,naive
2017-01-12,0,12.12,38.99,naive
2017-01-12,1,9.83,37.2,naive
2017-01-12,2,9.02,34.03,naive
2017-01-12,3,9.27,34.78,naive
2017-01-12,4,9.84,32.7,naive
2017-01-12,5,10.55,31.21,naive
2017-01-12,6,28.29,37.2,naive
2017-01-12,7,40.02,49.97,naive
2017-01-12,8,40.07,46.98,naive
2017-01-12,9,38.2,44.7,naive
2017-01-12,10,38.61,44.41,naive
2017-01-12,11,38.43,41.06,naive
2017-01-12,12,36.7,36.94,naive
2017-01-12,13,39.61,34.09,naive
2017-01-12,14,40.05,33.68,naive
2017-01-12,15,45.32,33.64,naive
2017-01-12,16,46.98,33.66,naive
2017-01-12,17,57.09,38.53,naive
2017-01-12,18,57.13,37.4,naive
2017-01-12,19,57.05,37.07,naive
2017-01-12,20,45.01,34.0,naive
2017-01-12,21,40.09,31.83,naive
2017-01-12,22,37.89,26.27,naive
2017-01-12,23,33.07,11.68,naive
2017-01-13,0,35.19,12.12,naive
2017-01-13,1,33.44,9.83,naive
2017-01-13,2,32.44,9.02,naive
2017-01-13,3,29.8,9.27,naive
2017-01-13,4,29.25,9.84,naive
2017-01-13,5,30.64,10.55,naive
2017-01-13,6,37.27,28.29,naive
2017-01-13,7,46.98,40.02,naive
2017-01-13,8,45.5,40.07,naive
2017-01-13,9,45.48,38.2,naive
2017-01-13,10,46.96,38.61,naive
2017-01-13,11,46.7,38.43,naive
2017-01-13,12,43.07,36.7,naive
2017-01-13,13,42.06,39.61,naive
2017-01-13,14,41.98,40.05,naive
2017-01-13,15,43.03,45.32,naive
2017-01-13,16,44.87,46.98,naive
2017-01-13,17,48.72,57.09,naive
2017-01-13,18,45.17,57.13,naive
2017-01-13,19,44.94,57.05,naive
2017-01-13,20,39.94,45.01,naive
2017-01-13,21,36.7,40.09,naive
2017-01-13,22,33.99,37.89,naive
2017-01-13,23,30.99,33.07,naive
2017-01-14,0,29.82,36.83,naive
2017-01-14,1,28.98,34.37,naive
2017-01-14,2,28.64,33.84,naive
2017-01-14,3,28.5,33.83,naive
2017-01-14,4,28.61,33.62,naive
2017-01-14,5,28.05,32.96,naive
2017-01-14,6,29.49,30.07,naive
2017-01-14,7,28.97,33.58,naive
2017-01-14,8,33.19,36.02,naive
2017-01-14,9,36.78,36.86,naive
2017-01-14,10,39.81,36.43,naive
2017-01-14,11,40.05,39.01,naive
2017-01-14,12,36.47,39.5,naive
2017-01-14,13,34.76,39.02,naive
2017-01-14,14,33.37,38.6,naive
2017-01-14,15,34.29,39.28,naive
2017-01-14,16,38.54,46.95,naive
2017-01-14,17,41.97,57.01,naive
2017-01-14,18,39.64,54.02,naive
2017-01-14,19,37.01,46.92,naive
2017-01-14,20,32.52,38.12,naive
2017-01-14,21,30.66,35.09,naive
2017-01-14,22,30.25,38.1,naive
2017-01-14,23,29.55,34.53,naive
2017-01-15,0,28.75,33.86,naive
2017-01-15,1,28.11,34.14,naive
2017-01-15,2,26.03,33.96,naive
2017-01-15,3,19.96,35.01,naive
2017-01-15,4,22.93,36.07,naive
2017-01-15,5,22.8,36.07,naive
2017-01-15,6,14.91,36.01,naive
2017-01-15,7,20.37,35.37,naive
2017-01-15,8,33.28,37.29,naive
2017-01-15,9,33.96,39.15,naive
2017-01-15,10,35.98,41.25,naive
2017-01-15,11,44.65,51.93,naive
2017-01-15,12,41.68,45.37,naive
2017-01-15,13,36.66,40.53,naive
2017-01-15,14,35.72,39.73,naive
2017-01-15,15,36.35,42.75,naive
2017-01-15,16,38.71,53.87,naive
2017-01-15,17,54.35,60.95,naive
2017-01-15,18,58.02,64.93,naive
2017-01-15,19,55.12,58.91,naive
2017-01-15,20,47.91,50.03,naive
2017-01-15,21,36.92,39.06,naive
2017-01-15,22,43.0,40.06,naive
2017-01-15,23,38.64,37.09,naive
2017-01-16,0,45.07,35.19,naive
2017-01-16,1,43.25,33.44,naive
2017-01-16,2,39.08,32.44,naive
2017-01-16,3,37.57,29.8,naive
2017-01-16,4,38.24,29.25,naive
2017-01-16,5,39.06,30.64,naive
2017-01-16,6,64.8,37.27,naive
2017-01-16,7,94.43,46.98,naive
2017-01-16,8,99.76,45.5,naive
2017-01-16,9,100.88,45.48,naive
2017-01-16,10,99.97,46.96,naive
2017-01-16,11,99.56,46.7,naive
2017-01-16,12,98.56,43.07,naive
2017-01-16,13,98.92,42.06,naive
2017-01-16,14,100.26,41.98,naive
2017-01-16,15,103.84,43.03,naive
2017-01-16,16,102.06,44.87,naive
2017-01-16,17,120.0,48.72,naive
2017-01-16,18,124.83,45.17,naive
2017-01-16,19,113.69,44.94,naive
2017-01-16,20,88.98,39.94,naive
2017-01-16,21,73.59,36.7,naive
2017-01-16,22,55.19,33.99,naive
2017-01-16,23,45.06,30.99,naive
2017-01-17,0,45.83,45.07,naive
2017-01-17,1,41.64,43.25,naive
2017-01-17,2,34.61,39.08,naive
2017-01-17,3,36.28,37.57,naive
2017-01-17,4,35.25,38.24,naive
2017-01-17,5,39.94,39.06,naive
2017-01-17,6,58.29,64.8,naive
2017-01-17,7,111.04,94.43,naive
2017-01-17,8,121.67,99.76,naive
2017-01-17,9,125.61,100.88,naive
2017-01-17,10,121.49,99.97,naive
2017-01-17,11,117.34,99.56,naive
2017-01-17,12,106.15,98.56,naive
2017-01-17,13,101.91,98.92,naive
2017-01-17,14,100.03,100.26,naive
2017-01-17,15,103.42,103.84,naive
2017-01-17,16,110.91,102.06,naive
2017-01-17,17,142.78,120.0,naive
2017-01-17,18,143.09,124.83,naive
2017-01-17,19,124.94,113.69,naive
2017-01-17,20,84.97,88.98,naive
2017-01-17,21,55.08,73.59,naive
2017-01-17,22,48.95,55.19,naive
2017-01-17,23,37.74,45.06,naive
2017-01-18,0,38.28,45.83,naive
2017-01-18,1,37.74,41.64,naive
2017-01-18,2,35.09,34.61,naive
2017-01-18,3,35.07,36.28,naive
2017-01-18,4,35.07,35.25,naive
2017-01-18,5,36.62,39.94,naive
2017-01-18,6,55.08,58.29,naive
2017-01-18,7,89.64,111.04,naive
2017-01-18,8,91.75,121.67,naive
2017-01-18,9,84.92,125.61,naive
2017-01-18,10,82.93,121.49,naive
2017-01-18,11,85.97,117.34,naive
2017-01-18,12,86.03,106.15,naive
2017-01-18,13,91.02,101.91,naive
2017-01-18,14,89.92,100.03,naive
2017-01-18,15,86.7,103.42,naive
2017-01-18,16,92.45,110.91,naive
2017-01-18,17,115.7,142.78,naive
2017-01-18,18,91.25,143.09,naive
2017-01-18,19,83.91,124.94,naive
2017-01-18,20,79.73,84.97,naive
2017-01-18,21,55.03,55.08,naive
2017-01-18,22,48.86,48.95,naive
2017-01-18,23,44.9,37.74,naive
2017-01-19,0,38.53,38.28,naive
2017-01-19,1,37.88,37.74,naive
2017-01-19,2,36.61,35.09,naive
2017-01-19,3,36.32,35.07,naive
2017-01-19,4,36.45,35.07,naive
2017-01-19,5,38.67,36.62,naive
2017-01-19,6,50.04,55.08,naive
2017-01-19,7,82.9,89.64,naive
2017-01-19,8,89.95,91.75,naive
2017-01-19,9,82.14,84.92,naive
2017-01-19,10,80.0,82.93,naive
2017-01-19,11,79.92,85.97,naive
2017-01-19,12,79.97,86.03,naive
2017-01-19,13,79.92,91.02,naive
2017-01-19,14,73.95,89.92,naive
2017-01-19,15,73.91,86.7,naive
2017-01-19,16,74.62,92.45,naive
2017-01-19,17,100.1,115.7,naive
2017-01-19,18,114.92,91.25,naive
2017-01-19,19,90.75,83.91,naive
2017-01-19,20,74.99,79.73,naive
2017-01-19,21,56.17,55.03,naive
2017-01-19,22,50.05,48.86,naive
2017-01-19,23,45.83,44.9,naive
2017-01-20,0,45.09,38.53,naive
2017-01-20,1,39.51,37.88,naive
2017-01-20,2,38.03,36.61,naive
2017-01-20,3,36.85,36.32,naive
2017-01-20,4,38.06,36.45,naive
2017-01-20,5,38.73,38.67,naive
2017-01-20,6,55.63,50.04,naive
2017-01-20,7,69.99,82.9,naive
2017-01-20,8,87.42,89.95,naive
2017-01-20,9,87.61,82.14,naive
2017-01-20,10,79.86,80.0,naive
2017-01-20,11,77.84,79.92,naive
2017-01-20,12,70.44,79.97,naive
2017-01-20,13,72.8,79.92,naive
2017-01-20,14,65.93,73.95,naive
2017-01-20,15,72.93,73.91,naive
2017-01-20,16,77.34,74.62,naive
2017-01-20,17,90.07,100.1,naive
2017-01-20,18,87.95,114.92,naive
2017-01-20,19,76.94,90.75,naive
2017-01-20,20,62.98,74.99,naive
2017-01-20,21,47.1,56.17,naive
2017-01-20,22,45.02,50.05,naive
2017-01-20,23,45.09,45.83,naive
2017-01-21,0,45.9,29.82,naive
2017-01-21,1,39.34,28.98,naive
2017-01-21,2,40.99,28.64,naive
2017-01-21,3,44.04,28.5,naive
2017-01-21,4,43.07,28.61,naive
2017-01-21,5,41.56,28.05,naive
2017-01-21,6,40.62,29.49,naive
2017-01-21,7,43.93,28.97,naive
2017-01-21,8,50.99,33.19,naive
2017-01-21,9,54.98,36.78,naive
2017-01-21,10,53.05,39.81,naive
2017-01-21,11,48.34,40.05,naive
2017-01-21,12,45.89,36.47,naive
2017-01-21,13,43.3,34.76,naive
2017-01-21,14,44.0,33.37,naive
2017-01-21,15,47.56,34.29,naive
2017-01-21,16,61.94,38.54,naive
2017-01-21,17,65.91,41.97,naive
2017-01-21,18,65.01,39.64,naive
2017-01-21,19,62.92,37.01,naive
2017-01-21,20,47.01,32.52,naive
2017-01-21,21,44.03,30.66,naive
2017-01-21,22,44.33,30.25,naive
2017-01-21,23,39.54,29.55,naive
2017-01-22,0,38.6,28.75,naive
2017-01-22,1,38.22,28.11,naive
2017-01-22,2,38.6,26.03,naive
2017-01-22,3,37.43,19.96,naive
2017-01-22,4,38.27,22.93,naive
2017-01-22,5,37.83,22.8,naive
2017-01-22,6,35.97,14.91,naive
2017-01-22,7,39.24,20.37,naive
2017-01-22,8,37.76,33.28,naive
2017-01-22,9,39.26,33.96,naive
2017-01-22,10,38.03,35.98,naive
2017-01-22,11,38.16,44.65,naive
2017-01-22,12,37.07,41.68,naive
2017-01-22,13,36.03,36.66,naive
2017-01-22,14,37.32,35.72,naive
2017-01-22,15,38.29,36.35,naive
2017-01-22,16,44.06,38.71,naive
2017-01-22,17,61.92,54.35,naive
2017-01-22,18,57.72,58.02,naive
2017-01-22,19,57.38,55.12,naive
2017-01-22,20,46.0,47.91,naive
2017-01-22,21,39.39,36.92,naive
2017-01-22,22,44.05,43.0,naive
2017-01-22,23,35.93,38.64,naive
2017-01-23,0,39.1,45.09,naive
2017-01-23,1,38.28,39.51,naive
2017-01-23,2,39.43,38.03,naive
2017-01-23,3,37.29,36.85,naive
2017-01-23,4,36.65,38.06,naive
2017-01-23,5,44.84,38.73,naive
2017-01-23,6,69.97,55.63,naive
2017-01-23,7,98.45,69.99,naive
2017-01-23,8,95.83,87.42,naive
2017-01-23,9,99.99,87.61,naive
2017-01-23,10,99.36,79.86,naive
2017-01-23,11,87.42,77.84,naive
2017-01-23,12,83.43,70.44,naive
2017-01-23,13,81.81,72.8,naive
2017-01-23,14,85.1,65.93,naive
2017-01-23,15,82.84,72.93,naive
2017-01-23,16,91.14,77.34,naive
2017-01-23,17,109.98,90.07,naive
2017-01-23,18,128.4,87.95,naive
2017-01-23,19,103.87,76.94,naive
2017-01-23,20,84.55,62.98,naive
2017-01-23,21,69.4,47.1,naive
2017-01-23,22,65.06,45.02,naive
2017-01-23,23,43.08,45.09,naive
2017-01-24,0,57.01,39.1,naive
2017-01-24,1,51.04,38.28,naive
2017-01-24,2,53.05,39.43,naive
2017-01-24,3,48.82,37.29,naive
2017-01-24,4,51.52,36.65,naive
2017-01-24,5,56.06,44.84,naive
2017-01-24,6,91.21,69.97,naive
2017-01-24,7,163.52,98.45,naive
2017-01-24,8,153.67,95.83,naive
2017-01-24,9,150.1,99.99,naive
2017-01-24,10,151.07,99.36,naive
2017-01-24,11,135.0,87.42,naive
2017-01-24,12,121.58,83.43,naive
2017-01-24,13,117.68,81.81,naive
2017-01-24,14,112.21,85.1,naive
2017-01-24,15,117.18,82.84,naive
2017-01-24,16,120.0,91.14,naive
2017-01-24,17,131.01,109.98,naive
2017-01-24,18,138.91,128.4,naive
2017-01-24,19,113.8,103.87,naive
2017-01-24,20,109.92,84.55,naive
2017-01-24,21,78.98,69.4,naive
2017-01-24,22,66.17,65.06,naive
2017-01-24,23,56.61,43.08,naive
2017-01-25,0,54.69,57.01,naive
2017-01-25,1,46.58,51.04,naive
2017-01-25,2,42.39,53.05,naive
2017-01-25,3,40.94,48.82,naive
2017-01-25,4,43.25,51.52,naive
2017-01-25,5,48.03,56.06,naive
2017-01-25,6,67.35,91.21,naive
2017-01-25,7,100.24,163.52,naive
2017-01-25,8,105.04,153.67,naive
2017-01-25,9,109.63,150.1,naive
2017-01-25,10,109.93,151.07,naive
2017-01-25,11,119.98,135.0,naive
2017-01-25,12,114.1,121.58,naive
2017-01-25,13,101.63,117.68,naive
2017-01-25,14,107.75,112.21,naive
2017-01-25,15,111.65,117.18,naive
2017-01-25,16,119.63,120.0,naive
2017-01-25,17,122.9,131.01,naive
2017-01-25,18,133.18,138.91,naive
2017-01-25,19,109.96,113.8,naive
2017-01-25,20,89.96,109.92,naive
2017-01-25,21,62.34,78.98,naive
2017-01-25,22,57.8,66.17,naive
2017-01-25,23,45.23,56.61,naive
2017-01-26,0,43.85,54.69,naive
2017-01-26,1,42.06,46.58,naive
2017-01-26,2,40.02,42.39,naive
2017-01-26,3,37.85,40.94,naive
2017-01-26,4,38.23,43.25,naive
2017-01-26,5,41.1,48.03,naive
2017-01-26,6,44.28,67.35,naive
2017-01-26,7,58.51,100.24,naive
2017-01-26,8,65.05,105.04,naive
2017-01-26,9,60.94,109.63,naive
2017-01-26,10,58.13,109.93,naive
2017-01-26,11,59.61,119.98,naive
2017-01-26,12,59.45,114.1,naive
2017-01-26,13,53.51,101.63,naive
2017-01-26,14,57.5,107.75,naive
2017-01-26,15,54.97,111.65,naive
2017-01-26,16,55.72,119.63,naive
2017-01-26,17,54.01,122.9,naive
2017-01-26,18,53.35,133.18,naive
2017-01-26,19,44.98,109.96,naive
2017-01-26,20,36.08,89.96,naive
2017-01-26,21,37.87,62.34,naive
2017-01-26,22,41.4,57.8,naive
2017-01-26,23,36.7,45.23,naive
2017-01-27,0,35.08,43.85,naive
2017-01-27,1,34.31,42.06,naive
2017-01-27,2,34.05,40.02,naive
2017-01-27,3,33.97,37.85,naive
2017-01-27,4,34.03,38.23,naive
2017-01-27,5,34.06,41.1,naive
2017-01-27,6,35.8,44.28,naive
2017-01-27,7,46.39,58.51,naive
2017-01-27,8,47.4,65.05,naive
2017-01-27,9,45.04,60.94,naive
2017-01-27,10,43.47,58.13,naive
2017-01-27,11,44.14,59.61,naive
2017-01-27,12,44.36,59.45,naive
2017-01-27,13,45.18,53.51,naive
2017-01-27,14,48.46,57.5,naive
2017-01-27,15,52.92,54.97,naive
2017-01-27,16,55.25,55.72,naive
2017-01-27,17,60.36,54.01,naive
2017-01-27,18,56.59,53.35,naive
2017-01-27,19,54.61,44.98,naive
2017-01-27,20,47.65,36.08,naive
2017-01-27,21,39.9,37.87,naive
2017-01-27,22,39.9,41.4,naive
2017-01-27,23,38.03,36.7,naive
2017-01-28,0,39.67,45.9,naive
2017-01-28,1,40.0,39.34,naive
2017-01-28,2,36.0,40.99,naive
2017-01-28,3,39.0,44.04,naive
2017-01-28,4,37.39,43.07,naive
2017-01-28,5,37.78,41.56,naive
2017-01-28,6,37.38,40.62,naive
2017-01-28,7,39.65,43.93,naive
2017-01-28,8,47.34,50.99,naive
2017-01-28,9,44.9,54.98,naive
2017-01-28,10,40.09,53.05,naive
2017-01-28,11,43.6,48.34,naive
2017-01-28,12,38.4,45.89,naive
2017-01-28,13,37.74,43.3,naive
2017-01-28,14,41.01,44.0,naive
2017-01-28,15,49.92,47.56,naive
2017-01-28,16,54.15,61.94,naive
2017-01-28,17,60.59,65.91,naive
2017-01-28,18,55.2,65.01,naive
2017-01-28,19,48.08,62.92,naive
2017-01-28,20,40.57,47.01,naive
2017-01-28,21,38.0,44.03,naive
2017-01-28,22,37.2,44.33,naive
2017-01-28,23,33.74,39.54,naive
2017-01-29,0,36.04,38.6,naive
2017-01-29,1,32.95,38.22,naive
2017-01-29,2,32.94,38.6,naive
2017-01-29,3,31.75,37.43,naive
2017-01-29,4,34.65,38.27,naive
2017-01-29,5,32.89,37.83,naive
2017-01-29,6,32.96,35.97,naive
2017-01-29,7,35.01,39.24,naive
2017-01-29,8,35.0,37.76,naive
2017-01-29,9,33.05,39.26,naive
2017-01-29,10,33.07,38.03,naive
2017-01-29,11,33.07,38.16,naive
2017-01-29,12,33.04,37.07,naive
2017-01-29,13,32.91,36.03,naive
2017-01-29,14,34.64,37.32,naive
2017-01-29,15,37.05,38.29,naive
2017-01-29,16,45.58,44.06,naive
2017-01-29,17,53.93,61.92,naive
2017-01-29,18,55.25,57.72,naive
2017-01-29,19,50.58,57.38,naive
2017-01-29,20,39.84,46.0,naive
2017-01-29,21,37.08,39.39,naive
2017-01-29,22,44.21,44.05,naive
2017-01-29,23,36.09,35.93,naive
2017-01-30,0,36.51,35.08,naive
2017-01-30,1,36.49,34.31,naive
2017-01-30,2,36.62,34.05,naive
2017-01-30,3,36.05,33.97,naive
2017-01-30,4,35.11,34.03,naive
2017-01-30,5,36.68,34.06,naive
2017-01-30,6,47.14,35.8,naive
2017-01-30,7,59.13,46.39,naive
2017-01-30,8,65.06,47.4,naive
2017-01-30,9,65.02,45.04,naive
2017-01-30,10,68.77,43.47,naive
2017-01-30,11,69.91,44.14,naive
2017-01-30,12,60.16,44.36,naive
2017-01-30,13,63.72,45.18,naive
2017-01-30,14,61.32,48.46,naive
2017-01-30,15,55.98,52.92,naive
2017-01-30,16,55.94,55.25,naive
2017-01-30,17,68.48,60.36,naive
2017-01-30,18,59.98,56.59,naive
2017-01-30,19,56.0,54.61,naive
2017-01-30,20,47.87,47.65,naive
2017-01-30,21,41.93,39.9,naive
2017-01-30,22,45.6,39.9,naive
2017-01-30,23,36.59,38.03,naive
2017-01-31,0,33.06,36.51,naive
2017-01-31,1,34.38,36.49,naive
2017-01-31,2,34.38,36.62,naive
2017-01-31,3,35.57,36.05,naive
2017-01-31,4,37.33,35.11,naive
2017-01-31,5,38.95,36.68,naive
2017-01-31,6,56.95,47.14,naive
2017-01-31,7,81.62,59.13,naive
2017-01-31,8,81.82,65.06,naive
2017-01-31,9,82.02,65.02,naive
2017-01-31,10,89.8,68.77,naive
2017-01-31,11,89.82,69.91,naive
2017-01-31,12,82.36,60.16,naive
2017-01-31,13,82.02,63.72,naive
2017-01-31,14,90.36,61.32,naive
2017-01-31,15,89.75,55.98,naive
2017-01-31,16,90.2,55.94,naive
2017-01-31,17,95.0,68.48,naive
2017-01-31,18,104.33,59.98,naive
2017-01-31,19,90.0,56.0,naive
2017-01-31,20,84.15,47.87,naive
2017-01-31,21,60.92,41.93,naive
2017-01-31,22,54.9,45.6,naive
2017-01-31,23,40.69,36.59,naive
2017-02-01,0,44.91,33.06,naive
2017-02-01,1,42.25,34.38,naive
2017-02-01,2,39.8,34.38,naive
2017-02-01,3,38.15,35.57,naive
2017-02-01,4,38.38,37.33,naive
2017-02-01,5,41.09,38.95,naive
2017-02-01,6,47.86,56.95,naive
2017-02-01,7,65.96,81.62,naive
2017-02-01,8,72.93,81.82,naive
2017-02-01,9,65.91,82.02,naive
2017-02-01,10,65.02,89.8,naive
2017-02-01,11,62.91,89.82,naive
2017-02-01,12,56.99,82.36,naive
2017-02-01,13,54.18,82.02,naive
2017-02-01,14,50.49,90.36,naive
2017-02-01,15,52.35,89.75,naive
2017-02-01,16,57.0,90.2,naive
2017-02-01,17,62.58,95.0,naive
2017-02-01,18,56.99,104.33,naive
2017-02-01,19,49.74,90.0,naive
2017-02-01,20,41.04,84.15,naive
2017-02-01,21,44.2,60.92,naive
2017-02-01,22,42.38,54.9,naive
2017-02-01,23,38.06,40.69,naive
2017-02-02,0,31.05,44.91,naive
2017-02-02,1,29.8,42.25,naive
2017-02-02,2,32.66,39.8,naive
2017-02-02,3,32.3,38.15,naive
2017-02-02,4,31.05,38.38,naive
2017-02-02,5,32.66,41.09,naive
2017-02-02,6,39.91,47.86,naive
2017-02-02,7,55.58,65.96,naive
2017-02-02,8,57.19,72.93,naive
2017-02-02,9,59.1,65.91,naive
2017-02-02,10,58.55,65.02,naive
2017-02-02,11,57.66,62.91,naive
2017-02-02,12,57.66,56.99,naive
2017-02-02,13,54.44,54.18,naive
2017-02-02,14,50.9,50.49,naive
2017-02-02,15,47.1,52.35,naive
2017-02-02,16,45.98,57.0,naive
2017-02-02,17,48.8,62.58,naive
2017-02-02,18,53.3,56.99,naive
2017-02-02,19,48.84,49.74,naive
2017-02-02,20,39.97,41.04,naive
2017-02-02,21,39.04,44.2,naive
2017-02-02,22,38.78,42.38,naive
2017-02-02,23,34.82,38.06,naive
2017-02-03,0,39.5,31.05,naive
2017-02-03,1,34.92,29.8,naive
2017-02-03,2,34.26,32.66,naive
2017-02-03,3,32.55,32.3,naive
2017-02-03,4,32.49,31.05,naive
2017-02-03,5,35.85,32.66,naive
2017-02-03,6,43.02,39.91,naive
2017-02-03,7,56.32,55.58,naive
2017-02-03,8,60.0,57.19,naive
2017-02-03,9,58.0,59.1,naive
2017-02-03,10,56.67,58.55,naive
2017-02-03,11,55.97,57.66,naive
2017-02-03,12,54.37,57.66,naive
2017-02-03,13,53.67,54.44,naive
2017-02-03,14,51.96,50.9,naive
2017-02-03,15,48.47,47.1,naive
2017-02-03,16,53.33,45.98,naive
2017-02-03,17,60.36,48.8,naive
2017-02-03,18,55.79,53.3,naive
2017-02-03,19,59.29,48.84,naive
2017-02-03,20,53.68,39.97,naive
2017-02-03,21,44.9,39.04,naive
2017-02-03,22,44.25,38.78,naive
2017-02-03,23,36.08,34.82,naive
2017-02-04,0,37.04,39.67,naive
2017-02-04,1,34.96,40.0,naive
2017-02-04,2,34.01,36.0,naive
2017-02-04,3,31.93,39.0,naive
2017-02-04,4,31.89,37.39,naive
2017-02-04,5,32.09,37.78,naive
2017-02-04,6,33.82,37.38,naive
2017-02-04,7,37.04,39.65,naive
2017-02-04,8,42.32,47.34,naive
2017-02-04,9,49.58,44.9,naive
2017-02-04,10,51.97,40.09,naive
2017-02-04,11,50.0,43.6,naive
2017-02-04,12,50.0,38.4,naive
2017-02-04,13,49.12,37.74,naive
2017-02-04,14,47.22,41.01,naive
2017-02-04,15,45.22,49.92,naive
2017-02-04,16,46.26,54.15,naive
2017-02-04,17,56.37,60.59,naive
2017-02-04,18,66.18,55.2,naive
2017-02-04,19,61.61,48.08,naive
2017-02-04,20,55.49,40.57,naive
2017-02-04,21,50.0,38.0,naive
2017-02-04,22,50.0,37.2,naive
2017-02-04,23,43.06,33.74,naive
2017-02-05,0,35.81,36.04,naive
2017-02-05,1,37.3,32.95,naive
2017-02-05,2,37.73,32.94,naive
2017-02-05,3,36.65,31.75,naive
2017-02-05,4,33.15,34.65,naive
2017-02-05,5,34.55,32.89,naive
2017-02-05,6,31.66,32.96,naive
2017-02-05,7,36.93,35.01,naive
2017-02-05,8,37.52,35.0,naive
2017-02-05,9,40.81,33.05,naive
2017-02-05,10,44.02,33.07,naive
2017-02-05,11,50.06,33.07,naive
2017-02-05,12,46.05,33.04,naive
2017-02-05,13,41.45,32.91,naive
2017-02-05,14,40.88,34.64,naive
2017-02-05,15,39.97,37.05,naive
2017-02-05,16,40.81,45.58,naive
2017-02-05,17,48.24,53.93,naive
2017-02-05,18,65.07,55.25,naive
2017-02-05,19,60.86,50.58,naive
2017-02-05,20,57.91,39.84,naive
2017-02-05,21,47.88,37.08,naive
2017-02-05,22,51.0,44.21,naive
2017-02-05,23,48.0,36.09,naive
2017-02-06,0,43.31,39.5,naive
2017-02-06,1,41.4,34.92,naive
2017-02-06,2,38.27,34.26,naive
2017-02-06,3,35.1,32.55,naive
2017-02-06,4,36.3,32.49,naive
2017-02-06,5,39.5,35.85,naive
2017-02-06,6,55.21,43.02,naive
2017-02-06,7,74.95,56.32,naive
2017-02-06,8,82.06,60.0,naive
2017-02-06,9,84.01,58.0,naive
2017-02-06,10,80.44,56.67,naive
2017-02-06,11,79.61,55.97,naive
2017-02-06,12,80.37,54.37,naive
2017-02-06,13,77.75,53.67,naive
2017-02-06,14,72.93,51.96,naive
2017-02-06,15,69.5,48.47,naive
2017-02-06,16,67.04,53.33,naive
2017-02-06,17,69.94,60.36,naive
2017-02-06,18,86.37,55.79,naive
2017-02-06,19,77.29,59.29,naive
2017-02-06,20,64.69,53.68,naive
2017-02-06,21,44.63,44.9,naive
2017-02-06,22,43.27,44.25,naive
2017-02-06,23,38.93,36.08,naive
2017-02-07,0,42.01,43.31,naive
2017-02-07,1,40.4,41.4,naive
2017-02-07,2,39.01,38.27,naive
2017-02-07,3,37.78,35.1,naive
2017-02-07,4,38.03,36.3,naive
2017-02-07,5,38.09,39.5,naive
2017-02-07,6,46.82,55.21,naive
2017-02-07,7,64.9,74.95,naive
2017-02-07,8,63.0,82.06,naive
2017-02-07,9,62.92,84.01,naive
2017-02-07,10,64.55,80.44,naive
2017-02-07,11,65.91,79.61,naive
2017-02-07,12,63.39,80.37,naive
2017-02-07,13,61.3,77.75,naive
2017-02-07,14,60.49,72.93,naive
2017-02-07,15,59.79,69.5,naive
2017-02-07,16,62.41,67.04,naive
2017-02-07,17,67.14,69.94,naive
2017-02-07,18,66.97,86.37,naive
2017-02-07,19,64.01,77.29,naive
2017-02-07,20,45.07,64.69,naive
2017-02-07,21,43.1,44.63,naive
2017-02-07,22,45.02,43.27,naive
2017-02-07,23,39.89,38.93,naive
2017-02-08,0,34.51,42.01,naive
2017-02-08,1,34.59,40.4,naive
2017-02-08,2,34.35,39.01,naive
2017-02-08,3,33.73,37.78,naive
2017-02-08,4,35.06,38.03,naive
2017-02-08,5,35.9,38.09,naive
2017-02-08,6,50.07,46.82,naive
2017-02-08,7,69.92,64.9,naive
2017-02-08,8,71.1,63.0,naive
2017-02-08,9,70.9,62.92,naive
2017-02-08,10,72.5,64.55,naive
2017-02-08,11,71.49,65.91,naive
2017-02-08,12,70.34,63.39,naive
2017-02-08,13,66.94,61.3,naive
2017-02-08,14,67.43,60.49,naive
2017-02-08,15,68.96,59.79,naive
2017-02-08,16,69.13,62.41,naive
2017-02-08,17,73.85,67.14,naive
2017-02-08,18,88.18,66.97,naive
2017-02-08,19,84.04,64.01,naive
2017-02-08,20,72.6,45.07,naive
2017-02-08,21,62.5,43.1,naive
2017-02-08,22,47.98,45.02,naive
2017-02-08,23,45.82,39.89,naive
2017-02-09,0,48.1,34.51,naive
2017-02-09,1,48.05,34.59,naive
2017-02-09,2,44.96,34.35,naive
2017-02-09,3,42.5,33.73,naive
2017-02-09,4,41.66,35.06,naive
2017-02-09,5,47.2,35.9,naive
2017-02-09,6,54.58,50.07,naive
2017-02-09,7,74.14,69.92,naive
2017-02-09,8,70.0,71.1,naive
2017-02-09,9,72.79,70.9,naive
2017-02-09,10,70.97,72.5,naive
2017-02-09,11,68.97,71.49,naive
2017-02-09,12,66.91,70.34,naive
2017-02-09,13,65.64,66.94,naive
2017-02-09,14,65.0,67.43,naive
2017-02-09,15,65.0,68.96,naive
2017-02-09,16,65.76,69.13,naive
2017-02-09,17,70.43,73.85,naive
2017-02-09,18,72.91,88.18,naive
2017-02-09,19,64.54,84.04,naive
2017-02-09,20,50.09,72.6,naive
2017-02-09,21,39.48,62.5,naive
2017-02-09,22,42.1,47.98,naive
2017-02-09,23,38.35,45.82,naive
2017-02-10,0,36.67,48.1,naive
2017-02-10,1,34.31,48.05,naive
2017-02-10,2,33.46,44.96,naive
2017-02-10,3,33.1,42.5,naive
2017-02-10,4,32.55,41.66,naive
2017-02-10,5,34.74,47.2,naive
2017-02-10,6,39.17,54.58,naive
2017-02-10,7,57.0,74.14,naive
2017-02-10,8,63.08,70.0,naive
2017-02-10,9,63.09,72.79,naive
2017-02-10,10,61.93,70.97,naive
2017-02-10,11,59.04,68.97,naive
2017-02-10,12,54.91,66.91,naive
2017-02-10,13,45.08,65.64,naive
2017-02-10,14,42.02,65.0,naive
2017-02-10,15,44.97,65.0,naive
2017-02-10,16,49.07,65.76,naive
2017-02-10,17,52.73,70.43,naive
2017-02-10,18,45.06,72.91,naive
2017-02-10,19,46.2,64.54,naive
2017-02-10,20,39.11,50.09,naive
2017-02-10,21,37.08,39.48,naive
2017-02-10,22,38.04,42.1,naive
2017-02-10,23,34.21,38.35,naive
2017-02-11,0,39.0,37.04,naive
2017-02-11,1,36.69,34.96,naive
2017-02-11,2,35.05,34.01,naive
2017-02-11,3,36.61,31.93,naive
2017-02-11,4,32.9,31.89,naive
2017-02-11,5,37.5,32.09,naive
2017-02-11,6,33.0,33.82,naive
2017-02-11,7,44.15,37.04,naive
2017-02-11,8,48.48,42.32,naive
2017-02-11,9,50.78,49.58,naive
2017-02-11,10,49.57,51.97,naive
2017-02-11,11,44.0,50.0,naive
2017-02-11,12,37.93,50.0,naive
2017-02-11,13,35.08,49.12,naive
2017-02-11,14,34.0,47.22,naive
2017-02-11,15,34.1,45.22,naive
2017-02-11,16,35.09,46.26,naive
2017-02-11,17,41.56,56.37,naive
2017-02-11,18,43.01,66.18,naive
2017-02-11,19,40.86,61.61,naive
2017-02-11,20,36.09,55.49,naive
2017-02-11,21,33.93,50.0,naive
2017-02-11,22,33.92,50.0,naive
2017-02-11,23,31.86,43.06,naive
2017-02-12,0,31.43,35.81,naive
2017-02-12,1,31.06,37.3,naive
2017-02-12,2,31.15,37.73,naive
2017-02-12,3,31.08,36.65,naive
2017-02-12,4,29.78,33.15,naive
2017-02-12,5,29.88,34.55,naive
2017-02-12,6,30.36,31.66,naive
2017-02-12,7,30.36,36.93,naive
2017-02-12,8,32.33,37.52,naive
2017-02-12,9,33.21,40.81,naive
2017-02-12,10,34.26,44.02,naive
2017-02-12,11,35.03,50.06,naive
2017-02-12,12,31.4,46.05,naive
2017-02-12,13,30.89,41.45,naive
2017-02-12,14,30.02,40.88,naive
2017-02-12,15,30.81,39.97,naive
2017-02-12,16,32.19,40.81,naive
2017-02-12,17,36.0,48.24,naive
2017-02-12,18,42.59,65.07,naive
2017-02-12,19,41.1,60.86,naive
2017-02-12,20,40.44,57.91,naive
2017-02-12,21,32.63,47.88,naive
2017-02-12,22,34.9,51.0,naive
2017-02-12,23,32.12,48.0,naive
2017-02-13,0,28.83,36.67,naive
2017-02-13,1,29.68,34.31,naive
2017-02-13,2,31.12,33.46,naive
2017-02-13,3,29.85,33.1,naive
2017-02-13,4,30.76,32.55,naive
2017-02-13,5,33.01,34.74,naive
2017-02-13,6,39.77,39.17,naive
2017-02-13,7,56.98,57.0,naive
2017-02-13,8,59.13,63.08,naive
2017-02-13,9,57.9,63.09,naive
2017-02-13,10,53.97,61.93,naive
2017-02-13,11,45.2,59.04,naive
2017-02-13,12,37.24,54.91,naive
2017-02-13,13,35.06,45.08,naive
2017-02-13,14,38.23,42.02,naive
2017-02-13,15,43.52,44.97,naive
2017-02-13,16,49.17,49.07,naive
2017-02-13,17,53.84,52.73,naive
2017-02-13,18,56.25,45.06,naive
2017-02-13,19,50.08,46.2,naive
2017-02-13,20,44.94,39.11,naive
2017-02-13,21,38.14,37.08,naive
2017-02-13,22,39.77,38.04,naive
2017-02-13,23,33.57,34.21,naive
2017-02-14,0,32.35,28.83,naive
2017-02-14,1,31.68,29.68,naive
2017-02-14,2,32.11,31.12,naive
2017-02-14,3,32.56,29.85,naive
2017-02-14,4,33.34,30.76,naive
2017-02-14,5,32.84,33.01,naive
2017-02-14,6,42.09,39.77,naive
2017-02-14,7,47.98,56.98,naive
2017-02-14,8,50.63,59.13,naive
2017-02-14,9,46.89,57.9,naive
2017-02-14,10,38.39,53.97,naive
2017-02-14,11,36.64,45.2,naive
2017-02-14,12,35.86,37.24,naive
2017-02-14,13,38.33,35.06,naive
2017-02-14,14,37.31,38.23,naive
2017-02-14,15,41.88,43.52,naive
2017-02-14,16,54.4,49.17,naive
2017-02-14,17,61.03,53.84,naive
2017-02-14,18,66.22,56.25,naive
2017-02-14,19,57.97,50.08,naive
2017-02-14,20,54.68,44.94,naive
2017-02-14,21,42.26,38.14,naive
2017-02-14,22,43.47,39.77,naive
2017-02-14,23,40.64,33.57,naive
2017-02-15,0,37.39,32.35,naive
2017-02-15,1,38.18,31.68,naive
2017-02-15,2,37.13,32.11,naive
2017-02-15,3,35.72,32.56,naive
2017-02-15,4,36.51,33.34,naive
2017-02-15,5,37.87,32.84,naive
2017-02-15,6,48.2,42.09,naive
2017-02-15,7,61.48,47.98,naive
2017-02-15,8,63.32,50.63,naive
2017-02-15,9,60.76,46.89,naive
2017-02-15,10,55.69,38.39,naive
2017-02-15,11,39.66,36.64,naive
2017-02-15,12,37.35,35.86,naive
2017-02-15,13,38.08,38.33,naive
2017-02-15,14,45.22,37.31,naive
2017-02-15,15,50.85,41.88,naive
2017-02-15,16,54.43,54.4,naive
2017-02-15,17,59.16,61.03,naive
2017-02-15,18,64.48,66.22,naive
2017-02-15,19,63.07,57.97,naive
2017-02-15,20,54.77,54.68,naive
2017-02-15,21,44.92,42.26,naive
2017-02-15,22,37.98,43.47,naive
2017-02-15,23,33.47,40.64,naive
2017-02-16,0,33.27,37.39,naive
2017-02-16,1,34.93,38.18,naive
2017-02-16,2,32.09,37.13,naive
2017-02-16,3,32.0,35.72,naive
2017-02-16,4,32.06,36.51,naive
2017-02-16,5,33.28,37.87,naive
2017-02-16,6,38.01,48.2,naive
2017-02-16,7,50.99,61.48,naive
2017-02-16,8,50.31,63.32,naive
2017-02-16,9,43.72,60.76,naive
2017-02-16,10,38.0,55.69,naive
2017-02-16,11,37.09,39.66,naive
2017-02-16,12,37.91,37.35,naive
2017-02-16,13,37.19,38.08,naive
2017-02-16,14,38.05,45.22,naive
2017-02-16,15,43.79,50.85,naive
2017-02-16,16,50.82,54.43,naive
2017-02-16,17,53.3,59.16,naive
2017-02-16,18,54.98,64.48,naive
2017-02-16,19,50.92,63.07,naive
2017-02-16,20,42.06,54.77,naive
2017-02-16,21,38.95,44.92,naive
2017-02-16,22,37.98,37.98,naive
2017-02-16,23,33.3,33.47,naive
2017-02-17,0,32.52,33.27,naive
2017-02-17,1,31.69,34.93,naive
2017-02-17,2,31.13,32.09,naive
2017-02-17,3,31.35,32.0,naive
2017-02-17,4,31.69,32.06,naive
2017-02-17,5,32.5,33.28,naive
2017-02-17,6,36.96,38.01,naive
2017-02-17,7,47.95,50.99,naive
2017-02-17,8,45.01,50.31,naive
2017-02-17,9,44.05,43.72,naive
2017-02-17,10,48.98,38.0,naive
2017-02-17,11,49.9,37.09,naive
2017-02-17,12,48.98,37.91,naive
2017-02-17,13,40.0,37.19,naive
2017-02-17,14,42.92,38.05,naive
2017-02-17,15,48.53,43.79,naive
2017-02-17,16,48.81,50.82,naive
2017-02-17,17,50.92,53.3,naive
2017-02-17,18,53.04,54.98,naive
2017-02-17,19,51.14,50.92,naive
2017-02-17,20,49.77,42.06,naive
2017-02-17,21,49.52,38.95,naive
2017-02-17,22,46.34,37.98,naive
2017-02-17,23,38.82,33.3,naive
2017-02-18,0,35.1,39.0,naive
2017-02-18,1,33.09,36.69,naive
2017-02-18,2,35.08,35.05,naive
2017-02-18,3,34.3,36.61,naive
2017-02-18,4,34.3,32.9,naive
2017-02-18,5,35.36,37.5,naive
2017-02-18,6,38.81,33.0,naive
2017-02-18,7,42.08,44.15,naive
2017-02-18,8,46.81,48.48,naive
2017-02-18,9,50.0,50.78,naive
2017-02-18,10,49.85,49.57,naive
2017-02-18,11,48.24,44.0,naive
2017-02-18,12,42.25,37.93,naive
2017-02-18,13,36.64,35.08,naive
2017-02-18,14,35.64,34.0,naive
2017-02-18,15,37.35,34.1,naive
2017-02-18,16,42.04,35.09,naive
2017-02-18,17,47.94,41.56,naive
2017-02-18,18,53.94,43.01,naive
2017-02-18,19,48.46,40.86,naive
2017-02-18,20,39.01,36.09,naive
2017-02-18,21,35.0,33.93,naive
2017-02-18,22,33.03,33.92,naive
2017-02-18,23,30.29,31.86,naive
2017-02-19,0,30.81,31.43,naive
2017-02-19,1,21.68,31.06,naive
2017-02-19,2,12.44,31.15,naive
2017-02-19,3,9.93,31.08,naive
2017-02-19,4,9.53,29.78,naive
2017-02-19,5,10.13,29.88,naive
2017-02-19,6,10.3,30.36,naive
2017-02-19,7,18.12,30.36,naive
2017-02-19,8,25.47,32.33,naive
2017-02-19,9,29.59,33.21,naive
2017-02-19,10,29.82,34.26,naive
2017-02-19,11,32.09,35.03,naive
2017-02-19,12,30.17,31.4,naive
2017-02-19,13,31.07,30.89,naive
2017-02-19,14,31.41,30.02,naive
2017-02-19,15,30.34,30.81,naive
2017-02-19,16,31.99,32.19,naive
2017-02-19,17,41.37,36.0,naive
2017-02-19,18,53.65,42.59,naive
2017-02-19,19,52.8,41.1,naive
2017-02-19,20,39.28,40.44,naive
2017-02-19,21,33.95,32.63,naive
2017-02-19,22,35.05,34.9,naive
2017-02-19,23,31.01,32.12,naive
2017-02-20,0,30.75,32.52,naive
2017-02-20,1,27.22,31.69,naive
2017-02-20,2,26.5,31.13,naive
2017-02-20,3,25.04,31.35,naive
2017-02-20,4,20.95,31.69,naive
2017-02-20,5,21.93,32.5,naive
2017-02-20,6,38.49,36.96,naive
2017-02-20,7,48.35,47.95,naive
2017-02-20,8,45.82,45.01,naive
2017-02-20,9,38.92,44.05,naive
2017-02-20,10,37.92,48.98,naive
2017-02-20,11,39.38,49.9,naive
2017-02-20,12,39.18,48.98,naive
2017-02-20,13,36.08,40.0,naive
2017-02-20,14,33.03,42.92,naive
2017-02-20,15,31.87,48.53,naive
2017-02-20,16,31.63,48.81,naive
2017-02-20,17,34.92,50.92,naive
2017-02-20,18,37.94,53.04,naive
2017-02-20,19,34.27,51.14,naive
2017-02-20,20,29.92,49.77,naive
2017-02-20,21,19.22,49.52,naive
2017-02-20,22,9.94,46.34,naive
2017-02-20,23,9.48,38.82,naive
2017-02-21,0,12.54,30.75,naive
2017-02-21,1,10.19,27.22,naive
2017-02-21,2,10.06,26.5,naive
2017-02-21,3,11.12,25.04,naive
2017-02-21,4,12.56,20.95,naive
2017-02-21,5,25.16,21.93,naive
2017-02-21,6,33.0,38.49,naive
2017-02-21,7,38.96,48.35,naive
2017-02-21,8,38.94,45.82,naive
2017-02-21,9,38.94,38.92,naive
2017-02-21,10,38.95,37.92,naive
2017-02-21,11,38.95,39.38,naive
2017-02-21,12,36.63,39.18,naive
2017-02-21,13,36.65,36.08,naive
2017-02-21,14,36.41,33.03,naive
2017-02-21,15,36.68,31.87,naive
2017-02-21,16,34.98,31.63,naive
2017-02-21,17,39.9,34.92,naive
2017-02-21,18,57.42,37.94,naive
2017-02-21,19,45.8,34.27,naive
2017-02-21,20,46.14,29.92,naive
2017-02-21,21,40.0,19.22,naive
2017-02-21,22,34.25,9.94,naive
2017-02-21,23,30.03,9.48,naive
2017-02-22,0,22.92,12.54,naive
2017-02-22,1,10.26,10.19,naive
2017-02-22,2,9.5,10.06,naive
2017-02-22,3,7.66,11.12,naive
2017-02-22,4,5.03,12.56,naive
2017-02-22,5,7.68,25.16,naive
2017-02-22,6,21.52,33.0,naive
2017-02-22,7,31.86,38.96,naive
2017-02-22,8,32.51,38.94,naive
2017-02-22,9,32.51,38.94,naive
2017-02-22,10,32.29,38.95,naive
2017-02-22,11,32.96,38.95,naive
2017-02-22,12,32.01,36.63,naive
2017-02-22,13,30.94,36.65,naive
2017-02-22,14,29.94,36.41,naive
2017-02-22,15,31.28,36.68,naive
2017-02-22,16,31.24,34.98,naive
2017-02-22,17,32.48,39.9,naive
2017-02-22,18,35.93,57.42,naive
2017-02-22,19,34.05,45.8,naive
2017-02-22,20,31.65,46.14,naive
2017-02-22,21,23.45,40.0,naive
2017-02-22,22,10.26,34.25,naive
2017-02-22,23,9.47,30.03,naive
2017-02-23,0,-6.58,22.92,naive
2017-02-23,1,-5.03,10.26,naive
2017-02-23,2,0.01,9.5,naive
2017-02-23,3,7.03,7.66,naive
2017-02-23,4,9.44,5.03,naive
2017-02-23,5,25.53,7.68,naive
2017-02-23,6,35.0,21.52,naive
2017-02-23,7,46.01,31.86,naive
2017-02-23,8,48.5,32.51,naive
2017-02-23,9,46.41,32.51,naive
2017-02-23,10,43.36,32.29,naive
2017-02-23,11,40.61,32.96,naive
2017-02-23,12,32.91,32.01,naive
2017-02-23,13,32.4,30.94,naive
2017-02-23,14,31.24,29.94,naive
2017-02-23,15,27.68,31.28,naive
2017-02-23,16,27.64,31.24,naive
2017-02-23,17,32.03,32.48,naive
2017-02-23,18,32.93,35.93,naive
2017-02-23,19,32.09,34.05,naive
2017-02-23,20,29.79,31.65,naive
2017-02-23,21,24.07,23.45,naive
2017-02-23,22,12.03,10.26,naive
2017-02-23,23,9.27,9.47,naive
2017-02-24,0,6.93,-6.58,naive
2017-02-24,1,-4.99,-5.03,naive
2017-02-24,2,-27.08,0.01,naive
2017-02-24,3,-0.9,7.03,naive
2017-02-24,4,7.0,9.44,naive
2017-02-24,5,9.49,25.53,naive
2017-02-24,6,30.04,35.0,naive
2017-02-24,7,33.44,46.01,naive
2017-02-24,8,34.3,48.5,naive
2017-02-24,9,33.91,46.41,naive
2017-02-24,10,33.48,43.36,naive
2017-02-24,11,33.18,40.61,naive
2017-02-24,12,32.49,32.91,naive
2017-02-24,13,32.41,32.4,naive
2017-02-24,14,32.24,31.24,naive
2017-02-24,15,34.9,27.68,naive
2017-02-24,16,44.92,27.64,naive
2017-02-24,17,50.1,32.03,naive
2017-02-24,18,57.52,32.93,naive
2017-02-24,19,58.19,32.09,naive
2017-02-24,20,43.94,29.79,naive
2017-02-24,21,38.06,24.07,naive
2017-02-24,22,39.68,12.03,naive
2017-02-24,23,36.66,9.27,naive
2017-02-25,0,29.28,35.1,naive
2017-02-25,1,29.09,33.09,naive
2017-02-25,2,28.94,35.08,naive
2017-02-25,3,29.45,34.3,naive
2017-02-25,4,29.93,34.3,naive
2017-02-25,5,29.53,35.36,naive
2017-02-25,6,32.87,38.81,naive
2017-02-25,7,41.48,42.08,naive
2017-02-25,8,41.99,46.81,naive
2017-02-25,9,40.44,50.0,naive
2017-02-25,10,37.13,49.85,naive
2017-02-25,11,32.04,48.24,naive
2017-02-25,12,29.46,42.25,naive
2017-02-25,13,28.01,36.64,naive
2017-02-25,14,22.86,35.64,naive
2017-02-25,15,28.88,37.35,naive
2017-02-25,16,30.16,42.04,naive
2017-02-25,17,38.0,47.94,naive
2017-02-25,18,39.57,53.94,naive
2017-02-25,19,34.65,48.46,naive
2017-02-25,20,26.01,39.01,naive
2017-02-25,21,12.94,35.0,naive
2017-02-25,22,11.91,33.03,naive
2017-02-25,23,8.8,30.29,naive
2017-02-26,0,7.83,30.81,naive
2017-02-26,1,3.0,21.68,naive
2017-02-26,2,4.65,12.44,naive
2017-02-26,3,7.74,9.93,naive
2017-02-26,4,8.02,9.53,naive
2017-02-26,5,8.95,10.13,naive
2017-02-26,6,7.83,10.3,naive
2017-02-26,7,7.84,18.12,naive
2017-02-26,8,9.63,25.47,naive
2017-02-26,9,10.36,29.59,naive
2017-02-26,10,12.91,29.82,naive
2017-02-26,11,12.98,32.09,naive
2017-02-26,12,9.92,30.17,naive
2017-02-26,13,9.75,31.07,naive
2017-02-26,14,9.98,31.41,naive
2017-02-26,15,10.4,30.34,naive
2017-02-26,16,12.78,31.99,naive
2017-02-26,17,28.0,41.37,naive
2017-02-26,18,31.76,53.65,naive
2017-02-26,19,30.96,52.8,naive
2017-02-26,20,25.34,39.28,naive
2017-02-26,21,23.86,33.95,naive
2017-02-26,22,20.86,35.05,naive
2017-02-26,23,10.35,31.01,naive
2017-02-27,0,22.01,6.93,naive
2017-02-27,1,15.48,-4.99,naive
2017-02-27,2,12.54,-27.08,naive
2017-02-27,3,15.59,-0.9,naive
2017-02-27,4,18.84,7.0,naive
2017-02-27,5,30.11,9.49,naive
2017-02-27,6,38.66,30.04,naive
2017-02-27,7,47.29,33.44,naive
2017-02-27,8,47.52,34.3,naive
2017-02-27,9,39.94,33.91,naive
2017-02-27,10,36.87,33.48,naive
2017-02-27,11,36.6,33.18,naive
2017-02-27,12,30.91,32.49,naive
2017-02-27,13,30.58,32.41,naive
2017-02-27,14,30.59,32.24,naive
2017-02-27,15,30.83,34.9,naive
2017-02-27,16,32.15,44.92,naive
2017-02-27,17,32.89,50.1,naive
2017-02-27,18,34.44,57.52,naive
2017-02-27,19,32.46,58.19,naive
2017-02-27,20,30.62,43.94,naive
2017-02-27,21,27.05,38.06,naive
2017-02-27,22,12.96,39.68,naive
2017-02-27,23,7.95,36.66,naive
2017-02-28,0,7.81,22.01,naive
2017-02-28,1,7.89,15.48,naive
2017-02-28,2,7.86,12.54,naive
2017-02-28,3,8.56,15.59,naive
2017-02-28,4,9.79,18.84,naive
2017-02-28,5,10.34,30.11,naive
2017-02-28,6,28.99,38.66,naive
2017-02-28,7,32.86,47.29,naive
2017-02-28,8,33.2,47.52,naive
2017-02-28,9,31.02,39.94,naive
2017-02-28,10,30.76,36.87,naive
2017-02-28,11,30.57,36.6,naive
2017-02-28,12,32.42,30.91,naive
2017-02-28,13,39.8,30.58,naive
2017-02-28,14,39.86,30.59,naive
2017-02-28,15,39.17,30.83,naive
2017-02-28,16,39.52,32.15,naive
2017-02-28,17,40.13,32.89,naive
2017-02-28,18,49.2,34.44,naive
2017-02-28,19,53.12,32.46,naive
2017-02-28,20,39.11,30.62,naive
2017-02-28,21,38.78,27.05,naive
2017-02-28,22,31.4,12.96,naive
2017-02-28,23,30.06,7.95,naive
2017-03-01,0,31.05,7.81,naive
2017-03-01,1,29.57,7.89,naive
2017-03-01,2,28.61,7.86,naive
2017-03-01,3,25.52,8.56,naive
2017-03-01,4,28.65,9.79,naive
2017-03-01,5,29.98,10.34,naive
2017-03-01,6,32.4,28.99,naive
2017-03-01,7,41.96,32.86,naive
2017-03-01,8,42.08,33.2,naive
2017-03-01,9,39.99,31.02,naive
2017-03-01,10,39.9,30.76,naive
2017-03-01,11,36.92,30.57,naive
2017-03-01,12,31.22,32.42,naive
2017-03-01,13,30.74,39.8,naive
2017-03-01,14,30.83,39.86,naive
2017-03-01,15,32.16,39.17,naive
2017-03-01,16,38.63,39.52,naive
2017-03-01,17,46.82,40.13,naive
2017-03-01,18,51.99,49.2,naive
2017-03-01,19,49.68,53.12,naive
2017-03-01,20,39.93,39.11,naive
2017-03-01,21,34.9,38.78,naive
2017-03-01,22,31.93,31.4,naive
2017-03-01,23,29.7,30.06,naive
2017-03-02,0,29.73,31.05,naive
2017-03-02,1,29.49,29.57,naive
2017-03-02,2,25.99,28.61,naive
2017-03-02,3,26.0,25.52,naive
2017-03-02,4,26.17,28.65,naive
2017-03-02,5,26.04,29.98,naive
2017-03-02,6,31.04,32.4,naive
2017-03-02,7,33.57,41.96,naive
2017-03-02,8,34.19,42.08,naive
2017-03-02,9,30.85,39.99,naive
2017-03-02,10,26.0,39.9,naive
2017-03-02,11,25.08,36.92,naive
2017-03-02,12,12.63,31.22,naive
2017-03-02,13,10.45,30.74,naive
2017-03-02,14,10.48,30.83,naive
2017-03-02,15,25.01,32.16,naive
2017-03-02,16,25.92,38.63,naive
2017-03-02,17,32.17,46.82,naive
2017-03-02,18,39.9,51.99,naive
2017-03-02,19,38.91,49.68,naive
2017-03-02,20,31.95,39.93,naive
2017-03-02,21,30.47,34.9,naive
2017-03-02,22,29.25,31.93,naive
2017-03-02,23,25.07,29.7,naive
2017-03-03,0,27.02,29.73,naive
2017-03-03,1,26.47,29.49,naive
2017-03-03,2,26.03,25.99,naive
2017-03-03,3,28.99,26.0,naive
2017-03-03,4,30.91,26.17,naive
2017-03-03,5,32.36,26.04,naive
2017-03-03,6,41.91,31.04,naive
2017-03-03,7,48.0,33.57,naive
2017-03-03,8,47.57,34.19,naive
2017-03-03,9,46.5,30.85,naive
2017-03-03,10,43.49,26.0,naive
2017-03-03,11,43.47,25.08,naive
2017-03-03,12,41.02,12.63,naive
2017-03-03,13,39.83,10.45,naive
2017-03-03,14,39.1,10.48,naive
2017-03-03,15,38.6,25.01,naive
2017-03-03,16,40.97,25.92,naive
2017-03-03,17,41.91,32.17,naive
2017-03-03,18,42.18,39.9,naive
2017-03-03,19,44.95,38.91,naive
2017-03-03,20,41.01,31.95,naive
2017-03-03,21,35.29,30.47,naive
2017-03-03,22,36.25,29.25,naive
2017-03-03,23,34.56,25.07,naive
2017-03-04,0,31.6,29.28,naive
2017-03-04,1,30.25,29.09,naive
2017-03-04,2,30.04,28.94,naive
2017-03-04,3,28.44,29.45,naive
2017-03-04,4,28.26,29.93,naive
2017-03-04,5,29.22,29.53,naive
2017-03-04,6,28.16,32.87,naive
2017-03-04,7,30.0,41.48,naive
2017-03-04,8,33.96,41.99,naive
2017-03-04,9,39.34,40.44,naive
2017-03-04,10,36.73,37.13,naive
2017-03-04,11,36.69,32.04,naive
2017-03-04,12,33.76,29.46,naive
2017-03-04,13,31.44,28.01,naive
2017-03-04,14,31.81,22.86,naive
2017-03-04,15,33.67,28.88,naive
2017-03-04,16,34.9,30.16,naive
2017-03-04,17,40.44,38.0,naive
2017-03-04,18,44.69,39.57,naive
2017-03-04,19,47.25,34.65,naive
2017-03-04,20,42.01,26.01,naive
2017-03-04,21,35.07,12.94,naive
2017-03-04,22,31.87,11.91,naive
2017-03-04,23,22.68,8.8,naive
2017-03-05,0,21.11,7.83,naive
2017-03-05,1,15.44,3.0,naive
2017-03-05,2,11.56,4.65,naive
2017-03-05,3,10.6,7.74,naive
2017-03-05,4,9.84,8.02,naive
2017-03-05,5,8.06,8.95,naive
2017-03-05,6,9.83,7.83,naive
2017-03-05,7,9.13,7.84,naive
2017-03-05,8,9.88,9.63,naive
2017-03-05,9,11.32,10.36,naive
2017-03-05,10,9.97,12.91,naive
2017-03-05,11,10.0,12.98,naive
2017-03-05,12,10.8,9.92,naive
2017-03-05,13,9.96,9.75,naive
2017-03-05,14,9.4,9.98,naive
2017-03-05,15,9.96,10.4,naive
2017-03-05,16,17.22,12.78,naive
2017-03-05,17,30.03,28.0,naive
2017-03-05,18,33.69,31.76,naive
2017-03-05,19,37.95,30.96,naive
2017-03-05,20,35.02,25.34,naive
2017-03-05,21,32.85,23.86,naive
2017-03-05,22,32.92,20.86,naive
2017-03-05,23,31.67,10.35,naive
2017-03-06,0,31.24,27.02,naive
2017-03-06,1,29.04,26.47,naive
2017-03-06,2,27.99,26.03,naive
2017-03-06,3,25.35,28.99,naive
2017-03-06,4,27.3,30.91,naive
2017-03-06,5,29.07,32.36,naive
2017-03-06,6,34.98,41.91,naive
2017-03-06,7,42.4,48.0,naive
2017-03-06,8,44.28,47.57,naive
2017-03-06,9,47.03,46.5,naive
2017-03-06,10,46.58,43.49,naive
2017-03-06,11,46.36,43.47,naive
2017-03-06,12,43.92,41.02,naive
2017-03-06,13,39.9,39.83,naive
2017-03-06,14,36.07,39.1,naive
2017-03-06,15,39.9,38.6,naive
2017-03-06,16,42.91,40.97,naive
2017-03-06,17,46.15,41.91,naive
2017-03-06,18,49.59,42.18,naive
2017-03-06,19,51.66,44.95,naive
2017-03-06,20,46.05,41.01,naive
2017-03-06,21,37.4,35.29,naive
2017-03-06,22,35.0,36.25,naive
2017-03-06,23,31.93,34.56,naive
2017-03-07,0,31.07,31.24,naive
2017-03-07,1,30.01,29.04,naive
2017-03-07,2,29.99,27.99,naive
2017-03-07,3,29.64,25.35,naive
2017-03-07,4,30.6,27.3,naive
2017-03-07,5,32.98,29.07,naive
2017-03-07,6,36.0,34.98,naive
2017-03-07,7,50.19,42.4,naive
2017-03-07,8,54.25,44.28,naive
2017-03-07,9,54.1,47.03,naive
2017-03-07,10,53.93,46.58,naive
2017-03-07,11,51.54,46.36,naive
2017-03-07,12,49.9,43.92,naive
2017-03-07,13,49.07,39.9,naive
2017-03-07,14,48.69,36.07,naive
2017-03-07,15,47.75,39.9,naive
2017-03-07,16,48.0,42.91,naive
2017-03-07,17,50.31,46.15,naive
2017-03-07,18,57.52,49.59,naive
2017-03-07,19,61.05,51.66,naive
2017-03-07,20,51.93,46.05,naive
2017-03-07,21,43.93,37.4,naive
2017-03-07,22,41.94,35.0,naive
2017-03-07,23,33.73,31.93,naive
2017-03-08,0,33.98,31.07,naive
2017-03-08,1,32.76,30.01,naive
2017-03-08,2,32.0,29.99,naive
2017-03-08,3,31.38,29.64,naive
2017-03-08,4,31.2,30.6,naive
2017-03-08,5,32.06,32.98,naive
2017-03-08,6,41.04,36.0,naive
2017-03-08,7,49.61,50.19,naive
2017-03-08,8,49.93,54.25,naive
2017-03-08,9,43.44,54.1,naive
2017-03-08,10,41.0,53.93,naive
2017-03-08,11,38.1,51.54,naive
2017-03-08,12,34.16,49.9,naive
2017-03-08,13,33.65,49.07,naive
2017-03-08,14,35.01,48.69,naive
2017-03-08,15,33.7,47.75,naive
2017-03-08,16,34.03,48.0,naive
2017-03-08,17,35.74,50.31,naive
2017-03-08,18,42.05,57.52,naive
2017-03-08,19,42.0,61.05,naive
2017-03-08,20,34.15,51.93,naive
2017-03-08,21,31.85,43.93,naive
2017-03-08,22,32.14,41.94,naive
2017-03-08,23,28.97,33.73,naive
2017-03-09,0,30.66,33.98,naive
2017-03-09,1,30.56,32.76,naive
2017-03-09,2,29.78,32.0,naive
2017-03-09,3,29.3,31.38,naive
2017-03-09,4,29.28,31.2,naive
2017-03-09,5,31.12,32.06,naive
2017-03-09,6,41.59,41.04,naive
2017-03-09,7,48.67,49.61,naive
2017-03-09,8,50.02,49.93,naive
2017-03-09,9,49.02,43.44,naive
2017-03-09,10,48.62,41.0,naive
2017-03-09,11,47.16,38.1,naive
2017-03-09,12,43.82,34.16,naive
2017-03-09,13,41.85,33.65,naive
2017-03-09,14,38.09,35.01,naive
2017-03-09,15,36.69,33.7,naive
2017-03-09,16,35.3,34.03,naive
2017-03-09,17,41.47,35.74,naive
2017-03-09,18,44.82,42.05,naive
2017-03-09,19,42.84,42.0,naive
2017-03-09,20,33.34,34.15,naive
2017-03-09,21,33.02,31.85,naive
2017-03-09,22,31.51,32.14,naive
2017-03-09,23,28.82,28.97,naive
2017-03-10,0,20.82,30.66,naive
2017-03-10,1,18.18,30.56,naive
2017-03-10,2,12.01,29.78,naive
2017-03-10,3,18.09,29.3,naive
2017-03-10,4,26.96,29.28,naive
2017-03-10,5,28.59,31.12,naive
2017-03-10,6,31.9,41.59,naive
2017-03-10,7,41.98,48.67,naive
2017-03-10,8,41.93,50.02,naive
2017-03-10,9,36.96,49.02,naive
2017-03-10,10,33.02,48.62,naive
2017-03-10,11,32.09,47.16,naive
2017-03-10,12,31.51,43.82,naive
2017-03-10,13,31.31,41.85,naive
2017-03-10,14,31.26,38.09,naive
2017-03-10,15,32.11,36.69,naive
2017-03-10,16,36.07,35.3,naive
2017-03-10,17,40.37,41.47,naive
2017-03-10,18,49.17,44.82,naive
2017-03-10,19,53.56,42.84,naive
2017-03-10,20,45.88,33.34,naive
2017-03-10,21,39.67,33.02,naive
2017-03-10,22,37.71,31.51,naive
2017-03-10,23,34.25,28.82,naive
2017-03-11,0,33.02,31.6,naive
2017-03-11,1,31.24,30.25,naive
2017-03-11,2,30.13,30.04,naive
2017-03-11,3,29.64,28.44,naive
2017-03-11,4,29.07,28.26,naive
2017-03-11,5,30.0,29.22,naive
2017-03-11,6,31.77,28.16,naive
2017-03-11,7,32.4,30.0,naive
2017-03-11,8,35.0,33.96,naive
2017-03-11,9,35.05,39.34,naive
2017-03-11,10,33.0,36.73,naive
2017-03-11,11,31.41,36.69,naive
2017-03-11,12,31.07,33.76,naive
2017-03-11,13,30.19,31.44,naive
2017-03-11,14,29.85,31.81,naive
2017-03-11,15,29.98,33.67,naive
2017-03-11,16,30.81,34.9,naive
2017-03-11,17,34.66,40.44,naive
2017-03-11,18,43.97,44.69,naive
2017-03-11,19,45.91,47.25,naive
2017-03-11,20,38.1,42.01,naive
2017-03-11,21,32.26,35.07,naive
2017-03-11,22,32.11,31.87,naive
2017-03-11,23,30.05,22.68,naive
2017-03-12,0,27.9,21.11,naive
2017-03-12,1,25.4,15.44,naive
2017-03-12,2,20.36,11.56,naive
2017-03-12,3,13.92,10.6,naive
2017-03-12,4,10.88,9.84,naive
2017-03-12,5,11.95,8.06,naive
2017-03-12,6,13.92,9.83,naive
2017-03-12,7,11.21,9.13,naive
2017-03-12,8,10.97,9.88,naive
2017-03-12,9,13.28,11.32,naive
2017-03-12,10,10.18,9.97,naive
2017-03-12,11,15.63,10.0,naive
2017-03-12,12,9.6,10.8,naive
2017-03-12,13,12.21,9.96,naive
2017-03-12,14,9.55,9.4,naive
2017-03-12,15,11.93,9.96,naive
2017-03-12,16,11.0,17.22,naive
2017-03-12,17,26.9,30.03,naive
2017-03-12,18,31.15,33.69,naive
2017-03-12,19,31.35,37.95,naive
2017-03-12,20,30.69,35.02,naive
2017-03-12,21,30.62,32.85,naive
2017-03-12,22,30.4,32.92,naive
2017-03-12,23,29.34,31.67,naive
2017-03-13,0,27.04,20.82,naive
2017-03-13,1,26.82,18.18,naive
2017-03-13,2,26.9,12.01,naive
2017-03-13,3,27.02,18.09,naive
2017-03-13,4,27.77,26.96,naive
2017-03-13,5,29.64,28.59,naive
2017-03-13,6,33.83,31.9,naive
2017-03-13,7,41.0,41.98,naive
2017-03-13,8,42.86,41.93,naive
2017-03-13,9,40.0,36.96,naive
2017-03-13,10,34.57,33.02,naive
2017-03-13,11,32.89,32.09,naive
2017-03-13,12,31.97,31.51,naive
2017-03-13,13,32.2,31.31,naive
2017-03-13,14,31.7,31.26,naive
2017-03-13,15,32.0,32.11,naive
2017-03-13,16,36.61,36.07,naive
2017-03-13,17,41.82,40.37,naive
2017-03-13,18,49.9,49.17,naive
2017-03-13,19,56.99,53.56,naive
2017-03-13,20,49.51,45.88,naive
2017-03-13,21,44.94,39.67,naive
2017-03-13,22,39.96,37.71,naive
2017-03-13,23,33.55,34.25,naive
2017-03-14,0,29.58,27.04,naive
2017-03-14,1,28.61,26.82,naive
2017-03-14,2,27.73,26.9,naive
2017-03-14,3,27.75,27.02,naive
2017-03-14,4,28.43,27.77,naive
2017-03-14,5,29.49,29.64,naive
2017-03-14,6,37.72,33.83,naive
2017-03-14,7,44.92,41.0,naive
2017-03-14,8,47.1,42.86,naive
2017-03-14,9,43.97,40.0,naive
2017-03-14,10,41.93,34.57,naive
2017-03-14,11,37.19,32.89,naive
2017-03-14,12,31.08,31.97,naive
2017-03-14,13,30.08,32.2,naive
2017-03-14,14,30.08,31.7,naive
2017-03-14,15,30.16,32.0,naive
2017-03-14,16,35.0,36.61,naive
2017-03-14,17,41.15,41.82,naive
2017-03-14,18,45.58,49.9,naive
2017-03-14,19,45.46,56.99,naive
2017-03-14,20,35.85,49.51,naive
2017-03-14,21,28.99,44.94,naive
2017-03-14,22,28.08,39.96,naive
2017-03-14,23,23.44,33.55,naive
2017-03-15,0,22.21,29.58,naive
2017-03-15,1,21.14,28.61,naive
2017-03-15,2,18.65,27.73,naive
2017-03-15,3,20.16,27.75,naive
2017-03-15,4,24.03,28.43,naive
2017-03-15,5,28.05,29.49,naive
2017-03-15,6,34.96,37.72,naive
2017-03-15,7,40.98,44.92,naive
2017-03-15,8,40.97,47.1,naive
2017-03-15,9,38.99,43.97,naive
2017-03-15,10,34.94,41.93,naive
2017-03-15,11,33.07,37.19,naive
2017-03-15,12,32.14,31.08,naive
2017-03-15,13,31.5,30.08,naive
2017-03-15,14,31.42,30.08,naive
2017-03-15,15,32.4,30.16,naive
2017-03-15,16,33.06,35.0,naive
2017-03-15,17,41.0,41.15,naive
2017-03-15,18,47.97,45.58,naive
2017-03-15,19,52.09,45.46,naive
2017-03-15,20,43.9,35.85,naive
2017-03-15,21,38.1,28.99,naive
2017-03-15,22,34.82,28.08,naive
2017-03-15,23,31.59,23.44,naive
2017-03-16,0,29.99,22.21,naive
2017-03-16,1,29.84,21.14,naive
2017-03-16,2,28.14,18.65,naive
2017-03-16,3,28.29,20.16,naive
2017-03-16,4,29.37,24.03,naive
2017-03-16,5,30.0,28.05,naive
2017-03-16,6,38.48,34.96,naive
2017-03-16,7,45.18,40.98,naive
2017-03-16,8,40.95,40.97,naive
2017-03-16,9,36.15,38.99,naive
2017-03-16,10,32.94,34.94,naive
2017-03-16,11,31.87,33.07,naive
2017-03-16,12,30.49,32.14,naive
2017-03-16,13,30.45,31.5,naive
2017-03-16,14,30.19,31.42,naive
2017-03-16,15,30.28,32.4,naive
2017-03-16,16,33.5,33.06,naive
2017-03-16,17,39.9,41.0,naive
2017-03-16,18,45.59,47.97,naive
2017-03-16,19,50.1,52.09,naive
2017-03-16,20,42.92,43.9,naive
2017-03-16,21,34.81,38.1,naive
2017-03-16,22,30.19,34.82,naive
2017-03-16,23,26.36,31.59,naive
2017-03-17,0,21.63,29.99,naive
2017-03-17,1,18.76,29.84,naive
2017-03-17,2,18.53,28.14,naive
2017-03-17,3,20.93,28.29,naive
2017-03-17,4,24.11,29.37,naive
2017-03-17,5,28.0,30.0,naive
2017-03-17,6,39.97,38.48,naive
2017-03-17,7,40.91,45.18,naive
2017-03-17,8,40.45,40.95,naive
2017-03-17,9,33.97,36.15,naive
2017-03-17,10,32.17,32.94,naive
2017-03-17,11,29.71,31.87,naive
2017-03-17,12,27.83,30.49,naive
2017-03-17,13,25.44,30.45,naive
2017-03-17,14,22.1,30.19,naive
2017-03-17,15,22.78,30.28,naive
2017-03-17,16,26.48,33.5,naive
2017-03-17,17,30.96,39.9,naive
2017-03-17,18,38.1,45.59,naive
2017-03-17,19,40.45,50.1,naive
2017-03-17,20,32.99,42.92,naive
2017-03-17,21,27.91,34.81,naive
2017-03-17,22,24.5,30.19,naive
2017-03-17,23,14.96,26.36,naive
2017-03-18,0,11.73,33.02,naive
2017-03-18,1,9.42,31.24,naive
2017-03-18,2,9.39,30.13,naive
2017-03-18,3,8.46,29.64,naive
2017-03-18,4,8.3,29.07,naive
2017-03-18,5,9.37,30.0,naive
2017-03-18,6,10.35,31.77,naive
2017-03-18,7,11.25,32.4,naive
2017-03-18,8,16.93,35.0,naive
2017-03-18,9,28.18,35.05,naive
2017-03-18,10,25.6,33.0,naive
2017-03-18,11,26.83,31.41,naive
2017-03-18,12,25.69,31.07,naive
2017-03-18,13,17.01,30.19,naive
2017-03-18,14,9.75,29.85,naive
2017-03-18,15,14.36,29.98,naive
2017-03-18,16,9.99,30.81,naive
2017-03-18,17,27.44,34.66,naive
2017-03-18,18,32.31,43.97,naive
2017-03-18,19,37.94,45.91,naive
2017-03-18,20,31.27,38.1,naive
2017-03-18,21,30.74,32.26,naive
2017-03-18,22,30.75,32.11,naive
2017-03-18,23,29.06,30.05,naive
2017-03-19,0,16.62,27.9,naive
2017-03-19,1,15.79,25.4,naive
2017-03-19,2,16.12,20.36,naive
2017-03-19,3,12.67,13.92,naive
2017-03-19,4,13.43,10.88,naive
2017-03-19,5,12.47,11.95,naive
2017-03-19,6,11.62,13.92,naive
2017-03-19,7,9.64,11.21,naive
2017-03-19,8,13.73,10.97,naive
2017-03-19,9,18.44,13.28,naive
2017-03-19,10,21.06,10.18,naive
2017-03-19,11,17.63,15.63,naive
2017-03-19,12,18.05,9.6,naive
2017-03-19,13,11.35,12.21,naive
2017-03-19,14,10.12,9.55,naive
2017-03-19,15,9.44,11.93,naive
2017-03-19,16,9.42,11.0,naive
2017-03-19,17,10.15,26.9,naive
2017-03-19,18,17.09,31.15,naive
2017-03-19,19,16.72,31.35,naive
2017-03-19,20,11.96,30.69,naive
2017-03-19,21,9.47,30.62,naive
2017-03-19,22,12.51,30.4,naive
2017-03-19,23,10.12,29.34,naive
2017-03-20,0,10.59,21.63,naive
2017-03-20,1,13.87,18.76,naive
2017-03-20,2,10.07,18.53,naive
2017-03-20,3,16.36,20.93,naive
2017-03-20,4,22.06,24.11,naive
2017-03-20,5,26.08,28.0,naive
2017-03-20,6,36.3,39.97,naive
2017-03-20,7,40.98,40.91,naive
2017-03-20,8,42.31,40.45,naive
2017-03-20,9,39.34,33.97,naive
2017-03-20,10,38.96,32.17,naive
2017-03-20,11,36.94,29.71,naive
2017-03-20,12,35.0,27.83,naive
2017-03-20,13,32.74,25.44,naive
2017-03-20,14,31.16,22.1,naive
2017-03-20,15,30.82,22.78,naive
2017-03-20,16,30.56,26.48,naive
2017-03-20,17,32.0,30.96,naive
2017-03-20,18,38.38,38.1,naive
2017-03-20,19,36.94,40.45,naive
2017-03-20,20,32.42,32.99,naive
2017-03-20,21,27.6,27.91,naive
2017-03-20,22,25.2,24.5,naive
2017-03-20,23,10.75,14.96,naive
2017-03-21,0,18.76,10.59,naive
2017-03-21,1,17.48,13.87,naive
2017-03-21,2,15.92,10.07,naive
2017-03-21,3,18.02,16.36,naive
2017-03-21,4,22.6,22.06,naive
2017-03-21,5,23.99,26.08,naive
2017-03-21,6,31.01,36.3,naive
2017-03-21,7,35.96,40.98,naive
2017-03-21,8,35.31,42.31,naive
2017-03-21,9,30.84,39.34,naive
2017-03-21,10,29.97,38.96,naive
2017-03-21,11,29.69,36.94,naive
2017-03-21,12,29.08,35.0,naive
2017-03-21,13,28.86,32.74,naive
2017-03-21,14,28.94,31.16,naive
2017-03-21,15,29.37,30.82,naive
2017-03-21,16,30.1,30.56,naive
2017-03-21,17,36.65,32.0,naive
2017-03-21,18,42.98,38.38,naive
2017-03-21,19,47.25,36.94,naive
2017-03-21,20,41.77,32.42,naive
2017-03-21,21,37.75,27.6,naive
2017-03-21,22,34.99,25.2,naive
2017-03-21,23,33.96,10.75,naive
2017-03-22,0,30.45,18.76,naive
2017-03-22,1,29.98,17.48,naive
2017-03-22,2,29.2,15.92,naive
2017-03-22,3,29.05,18.02,naive
2017-03-22,4,29.05,22.6,naive
2017-03-22,5,30.41,23.99,naive
2017-03-22,6,35.19,31.01,naive
2017-03-22,7,40.19,35.96,naive
2017-03-22,8,43.02,35.31,naive
2017-03-22,9,41.74,30.84,naive
2017-03-22,10,37.54,29.97,naive
2017-03-22,11,36.69,29.69,naive
2017-03-22,12,36.25,29.08,naive
2017-03-22,13,35.95,28.86,naive
2017-03-22,14,35.02,28.94,naive
2017-03-22,15,36.35,29.37,naive
2017-03-22,16,36.9,30.1,naive
2017-03-22,17,39.6,36.65,naive
2017-03-22,18,42.4,42.98,naive
2017-03-22,19,45.0,47.25,naive
2017-03-22,20,38.98,41.77,naive
2017-03-22,21,32.18,37.75,naive
2017-03-22,22,31.65,34.99,naive
2017-03-22,23,29.17,33.96,naive
2017-03-23,0,29.45,30.45,naive
2017-03-23,1,29.1,29.98,naive
2017-03-23,2,28.91,29.2,naive
2017-03-23,3,28.65,29.05,naive
2017-03-23,4,28.53,29.05,naive
2017-03-23,5,30.72,30.41,naive
2017-03-23,6,32.38,35.19,naive
2017-03-23,7,39.61,40.19,naive
2017-03-23,8,40.5,43.02,naive
2017-03-23,9,38.91,41.74,naive
2017-03-23,10,37.1,37.54,naive
2017-03-23,11,36.44,36.69,naive
2017-03-23,12,31.54,36.25,naive
2017-03-23,13,32.03,35.95,naive
2017-03-23,14,32.05,35.02,naive
2017-03-23,15,32.72,36.35,naive
2017-03-23,16,33.24,36.9,naive
2017-03-23,17,37.92,39.6,naive
2017-03-23,18,40.0,42.4,naive
2017-03-23,19,42.77,45.0,naive
2017-03-23,20,38.9,38.98,naive
2017-03-23,21,34.97,32.18,naive
2017-03-23,22,32.89,31.65,naive
2017-03-23,23,30.63,29.17,naive
2017-03-24,0,29.04,29.45,naive
2017-03-24,1,28.99,29.1,naive
2017-03-24,2,29.21,28.91,naive
2017-03-24,3,28.87,28.65,naive
2017-03-24,4,29.0,28.53,naive
2017-03-24,5,30.14,30.72,naive
2017-03-24,6,37.91,32.38,naive
2017-03-24,7,41.69,39.61,naive
2017-03-24,8,43.79,40.5,naive
2017-03-24,9,41.09,38.91,naive
2017-03-24,10,35.71,37.1,naive
2017-03-24,11,33.07,36.44,naive
2017-03-24,12,32.09,31.54,naive
2017-03-24,13,30.29,32.03,naive
2017-03-24,14,29.9,32.05,naive
2017-03-24,15,30.07,32.72,naive
2017-03-24,16,31.2,33.24,naive
2017-03-24,17,36.63,37.92,naive
2017-03-24,18,40.59,40.0,naive
2017-03-24,19,42.96,42.77,naive
2017-03-24,20,38.92,38.9,naive
2017-03-24,21,34.85,34.97,naive
2017-03-24,22,34.37,32.89,naive
2017-03-24,23,32.48,30.63,naive
2017-03-25,0,32.64,11.73,naive
2017-03-25,1,29.14,9.42,naive
2017-03-25,2,28.32,9.39,naive
2017-03-25,3,27.13,8.46,naive
2017-03-25,4,27.02,8.3,naive
2017-03-25,5,27.56,9.37,naive
2017-03-25,6,28.55,10.35,naive
2017-03-25,7,29.92,11.25,naive
2017-03-25,8,30.21,16.93,naive
2017-03-25,9,29.0,28.18,naive
2017-03-25,10,28.19,25.6,naive
2017-03-25,11,25.39,26.83,naive
2017-03-25,12,22.91,25.69,naive
2017-03-25,13,21.09,17.01,naive
2017-03-25,14,15.97,9.75,naive
2017-03-25,15,20.07,14.36,naive
2017-03-25,16,23.47,9.99,naive
2017-03-25,17,28.04,27.44,naive
2017-03-25,18,33.85,32.31,naive
2017-03-25,19,39.17,37.94,naive
2017-03-25,20,37.6,31.27,naive
2017-03-25,21,33.31,30.74,naive
2017-03-25,22,32.94,30.75,naive
2017-03-25,23,29.0,29.06,naive
2017-03-26,0,28.74,16.62,naive
2017-03-26,1,27.94,15.79,naive
2017-03-26,2,27.46,16.12,naive
2017-03-26,3,26.97,12.67,naive
2017-03-26,4,26.62,13.43,naive
2017-03-26,5,24.65,12.47,naive
2017-03-26,6,26.87,11.62,naive
2017-03-26,7,27.67,9.64,naive
2017-03-26,8,28.24,13.73,naive
2017-03-26,9,28.58,18.44,naive
2017-03-26,10,26.06,21.06,naive
2017-03-26,11,24.93,17.63,naive
2017-03-26,12,25.82,18.05,naive
2017-03-26,13,22.06,11.35,naive
2017-03-26,14,18.46,10.12,naive
2017-03-26,15,16.97,9.44,naive
2017-03-26,16,17.65,9.42,naive
2017-03-26,17,22.22,10.15,naive
2017-03-26,18,30.31,17.09,naive
2017-03-26,19,35.82,16.72,naive
2017-03-26,20,40.07,11.96,naive
2017-03-26,21,39.64,9.47,naive
2017-03-26,22,38.79,12.51,naive
2017-03-26,23,38.06,10.12,naive
2017-03-27,0,28.25,29.04,naive
2017-03-27,1,28.27,28.99,naive
2017-03-27,2,28.3,29.21,naive
2017-03-27,3,26.88,28.87,naive
2017-03-27,4,27.06,29.0,naive
2017-03-27,5,30.1,30.14,naive
2017-03-27,6,39.31,37.91,naive
2017-03-27,7,48.0,41.69,naive
2017-03-27,8,48.16,43.79,naive
2017-03-27,9,40.91,41.09,naive
2017-03-27,10,36.56,35.71,naive
2017-03-27,11,33.24,33.07,naive
2017-03-27,12,30.48,32.09,naive
2017-03-27,13,29.67,30.29,naive
2017-03-27,14,29.11,29.9,naive
2017-03-27,15,28.92,30.07,naive
2017-03-27,16,29.9,31.2,naive
2017-03-27,17,32.35,36.63,naive
2017-03-27,18,40.0,40.59,naive
2017-03-27,19,46.99,42.96,naive
2017-03-27,20,46.27,38.92,naive
2017-03-27,21,39.98,34.85,naive
2017-03-27,22,37.94,34.37,naive
2017-03-27,23,32.4,32.48,naive
2017-03-28,0,28.71,28.25,naive
2017-03-28,1,28.07,28.27,naive
2017-03-28,2,27.43,28.3,naive
2017-03-28,3,27.24,26.88,naive
2017-03-28,4,27.72,27.06,naive
2017-03-28,5,29.06,30.1,naive
2017-03-28,6,38.91,39.31,naive
2017-03-28,7,46.13,48.0,naive
2017-03-28,8,50.0,48.16,naive
2017-03-28,9,43.03,40.91,naive
2017-03-28,10,39.94,36.56,naive
2017-03-28,11,37.4,33.24,naive
2017-03-28,12,32.29,30.48,naive
2017-03-28,13,30.71,29.67,naive
2017-03-28,14,29.98,29.11,naive
2017-03-28,15,30.0,28.92,naive
2017-03-28,16,30.05,29.9,naive
2017-03-28,17,32.16,32.35,naive
2017-03-28,18,37.46,40.0,naive
2017-03-28,19,41.41,46.99,naive
2017-03-28,20,41.01,46.27,naive
2017-03-28,21,36.4,39.98,naive
2017-03-28,22,33.56,37.94,naive
2017-03-28,23,28.9,32.4,naive
2017-03-29,0,28.06,28.71,naive
2017-03-29,1,26.71,28.07,naive
2017-03-29,2,26.68,27.43,naive
2017-03-29,3,26.07,27.24,naive
2017-03-29,4,26.09,27.72,naive
2017-03-29,5,26.95,29.06,naive
2017-03-29,6,34.16,38.91,naive
2017-03-29,7,39.56,46.13,naive
2017-03-29,8,39.78,50.0,naive
2017-03-29,9,30.88,43.03,naive
2017-03-29,10,27.66,39.94,naive
2017-03-29,11,26.55,37.4,naive
2017-03-29,12,27.25,32.29,naive
2017-03-29,13,26.05,30.71,naive
2017-03-29,14,26.09,29.98,naive
2017-03-29,15,28.05,30.0,naive
2017-03-29,16,30.65,30.05,naive
2017-03-29,17,31.23,32.16,naive
2017-03-29,18,35.19,37.46,naive
2017-03-29,19,40.47,41.41,naive
2017-03-29,20,41.81,41.01,naive
2017-03-29,21,37.66,36.4,naive
2017-03-29,22,35.07,33.56,naive
2017-03-29,23,30.72,28.9,naive
2017-03-30,0,28.73,28.06,naive
2017-03-30,1,28.02,26.71,naive
2017-03-30,2,27.3,26.68,naive
2017-03-30,3,26.38,26.07,naive
2017-03-30,4,26.78,26.09,naive
2017-03-30,5,28.53,26.95,naive
2017-03-30,6,36.0,34.16,naive
2017-03-30,7,43.06,39.56,naive
2017-03-30,8,46.01,39.78,naive
2017-03-30,9,42.86,30.88,naive
2017-03-30,10,39.93,27.66,naive
2017-03-30,11,38.42,26.55,naive
2017-03-30,12,33.01,27.25,naive
2017-03-30,13,30.98,26.05,naive
2017-03-30,14,29.58,26.09,naive
2017-03-30,15,29.07,28.05,naive
2017-03-30,16,28.93,30.65,naive
2017-03-30,17,30.43,31.23,naive
2017-03-30,18,35.93,35.19,naive
2017-03-30,19,40.46,40.47,naive
2017-03-30,20,40.07,41.81,naive
2017-03-30,21,35.0,37.66,naive
2017-03-30,22,32.47,35.07,naive
2017-03-30,23,28.94,30.72,naive
2017-03-31,0,26.91,28.73,naive
2017-03-31,1,24.77,28.02,naive
2017-03-31,2,24.45,27.3,naive
2017-03-31,3,23.05,26.38,naive
2017-03-31,4,23.45,26.78,naive
2017-03-31,5,27.24,28.53,naive
2017-03-31,6,33.09,36.0,naive
2017-03-31,7,37.95,43.06,naive
2017-03-31,8,38.99,46.01,naive
2017-03-31,9,37.97,42.86,naive
2017-03-31,10,35.93,39.93,naive
2017-03-31,11,33.32,38.42,naive
2017-03-31,12,30.02,33.01,naive
2017-03-31,13,28.09,30.98,naive
2017-03-31,14,27.63,29.58,naive
2017-03-31,15,28.29,29.07,naive
2017-03-31,16,28.36,28.93,naive
2017-03-31,17,30.43,30.43,naive
2017-03-31,18,34.67,35.93,naive
2017-03-31,19,38.98,40.46,naive
2017-03-31,20,39.96,40.07,naive
2017-03-31,21,37.91,35.0,naive
2017-03-31,22,35.95,32.47,naive
2017-03-31,23,32.02,28.94,naive
2017-04-01,0,27.08,32.64,naive
2017-04-01,1,28.07,29.14,naive
2017-04-01,2,28.08,28.32,naive
2017-04-01,3,26.9,27.13,naive
2017-04-01,4,27.0,27.02,naive
2017-04-01,5,27.98,27.56,naive
2017-04-01,6,29.87,28.55,naive
2017-04-01,7,32.09,29.92,naive
2017-04-01,8,34.42,30.21,naive
2017-04-01,9,35.1,29.0,naive
2017-04-01,10,28.9,28.19,naive
2017-04-01,11,27.09,25.39,naive
2017-04-01,12,25.99,22.91,naive
2017-04-01,13,26.07,21.09,naive
2017-04-01,14,25.29,15.97,naive
2017-04-01,15,24.81,20.07,naive
2017-04-01,16,25.65,23.47,naive
2017-04-01,17,27.99,28.04,naive
2017-04-01,18,33.66,33.85,naive
2017-04-01,19,38.7,39.17,naive
2017-04-01,20,39.6,37.6,naive
2017-04-01,21,38.98,33.31,naive
2017-04-01,22,37.96,32.94,naive
2017-04-01,23,31.86,29.0,naive
2017-04-02,0,32.92,28.74,naive
2017-04-02,1,27.5,27.94,naive
2017-04-02,2,26.77,27.46,naive
2017-04-02,3,26.67,26.97,naive
2017-04-02,4,26.49,26.62,naive
2017-04-02,5,26.42,24.65,naive
2017-04-02,6,26.65,26.87,naive
2017-04-02,7,27.14,27.67,naive
2017-04-02,8,29.06,28.24,naive
2017-04-02,9,29.56,28.58,naive
2017-04-02,10,28.54,26.06,naive
2017-04-02,11,28.2,24.93,naive
2017-04-02,12,27.22,25.82,naive
2017-04-02,13,26.02,22.06,naive
2017-04-02,14,21.05,18.46,naive
2017-04-02,15,20.57,16.97,naive
2017-04-02,16,23.31,17.65,naive
2017-04-02,17,26.0,22.22,naive
2017-04-02,18,29.6,30.31,naive
2017-04-02,19,39.1,35.82,naive
2017-04-02,20,42.22,40.07,naive
2017-04-02,21,39.92,39.64,naive
2017-04-02,22,40.51,38.79,naive
2017-04-02,23,37.78,38.06,naive
2017-04-03,0,34.38,26.91,naive
2017-04-03,1,31.95,24.77,naive
2017-04-03,2,29.88,24.45,naive
2017-04-03,3,28.75,23.05,naive
2017-04-03,4,28.44,23.45,naive
2017-04-03,5,31.64,27.24,naive
2017-04-03,6,41.77,33.09,naive
2017-04-03,7,49.28,37.95,naive
2017-04-03,8,54.02,38.99,naive
2017-04-03,9,50.0,37.97,naive
2017-04-03,10,48.43,35.93,naive
2017-04-03,11,44.95,33.32,naive
2017-04-03,12,38.93,30.02,naive
2017-04-03,13,36.68,28.09,naive
2017-04-03,14,32.94,27.63,naive
2017-04-03,15,30.91,28.29,naive
2017-04-03,16,31.72,28.36,naive
2017-04-03,17,32.19,30.43,naive
2017-04-03,18,37.46,34.67,naive
2017-04-03,19,41.78,38.98,naive
2017-04-03,20,43.59,39.96,naive
2017-04-03,21,38.97,37.91,naive
2017-04-03,22,35.18,35.95,naive
2017-04-03,23,31.08,32.02,naive
2017-04-04,0,31.57,34.38,naive
2017-04-04,1,30.13,31.95,naive
2017-04-04,2,29.29,29.88,naive
2017-04-04,3,29.47,28.75,naive
2017-04-04,4,29.8,28.44,naive
2017-04-04,5,31.83,31.64,naive
2017-04-04,6,41.17,41.77,naive
2017-04-04,7,51.01,49.28,naive
2017-04-04,8,52.39,54.02,naive
2017-04-04,9,50.94,50.0,naive
2017-04-04,10,43.3,48.43,naive
2017-04-04,11,42.33,44.95,naive
2017-04-04,12,39.16,38.93,naive
2017-04-04,13,37.72,36.68,naive
2017-04-04,14,34.6,32.94,naive
2017-04-04,15,34.45,30.91,naive
2017-04-04,16,34.45,31.72,naive
2017-04-04,17,37.49,32.19,naive
2017-04-04,18,41.59,37.46,naive
2017-04-04,19,45.26,41.78,naive
2017-04-04,20,47.57,43.59,naive
2017-04-04,21,40.07,38.97,naive
2017-04-04,22,38.91,35.18,naive
2017-04-04,23,33.04,31.08,naive
2017-04-05,0,30.0,31.57,naive
2017-04-05,1,29.64,30.13,naive
2017-04-05,2,28.39,29.29,naive
2017-04-05,3,27.94,29.47,naive
2017-04-05,4,27.49,29.8,naive
2017-04-05,5,29.65,31.83,naive
2017-04-05,6,37.1,41.17,naive
2017-04-05,7,44.2,51.01,naive
2017-04-05,8,48.1,52.39,naive
2017-04-05,9,44.03,50.94,naive
2017-04-05,10,39.02,43.3,naive
2017-04-05,11,36.98,42.33,naive
2017-04-05,12,34.03,39.16,naive
2017-04-05,13,32.89,37.72,naive
2017-04-05,14,30.06,34.6,naive
2017-04-05,15,29.53,34.45,naive
2017-04-05,16,30.01,34.45,naive
2017-04-05,17,30.06,37.49,naive
2017-04-05,18,29.9,41.59,naive
2017-04-05,19,32.69,45.26,naive
2017-04-05,20,35.0,47.57,naive
2017-04-05,21,29.93,40.07,naive
2017-04-05,22,27.87,38.91,naive
2017-04-05,23,20.0,33.04,naive
2017-04-06,0,12.48,30.0,naive
2017-04-06,1,9.87,29.64,naive
2017-04-06,2,9.04,28.39,naive
2017-04-06,3,14.9,27.94,naive
2017-04-06,4,22.0,27.49,naive
2017-04-06,5,24.55,29.65,naive
2017-04-06,6,35.96,37.1,naive
2017-04-06,7,40.97,44.2,naive
2017-04-06,8,40.81,48.1,naive
2017-04-06,9,38.26,44.03,naive
2017-04-06,10,37.59,39.02,naive
2017-04-06,11,35.46,36.98,naive
2017-04-06,12,31.07,34.03,naive
2017-04-06,13,30.08,32.89,naive
2017-04-06,14,28.33,30.06,naive
2017-04-06,15,28.19,29.53,naive
2017-04-06,16,28.08,30.01,naive
2017-04-06,17,32.12,30.06,naive
2017-04-06,18,38.05,29.9,naive
2017-04-06,19,40.98,32.69,naive
2017-04-06,20,40.87,35.0,naive
2017-04-06,21,38.04,29.93,naive
2017-04-06,22,34.27,27.87,naive
2017-04-06,23,27.79,20.0,naive
2017-04-07,0,24.99,12.48,naive
2017-04-07,1,23.02,9.87,naive
2017-04-07,2,18.31,9.04,naive
2017-04-07,3,19.17,14.9,naive
2017-04-07,4,20.87,22.0,naive
2017-04-07,5,27.07,24.55,naive
2017-04-07,6,32.05,35.96,naive
2017-04-07,7,39.97,40.97,naive
2017-04-07,8,41.57,40.81,naive
2017-04-07,9,40.94,38.26,naive
2017-04-07,10,39.98,37.59,naive
2017-04-07,11,40.02,35.46,naive
2017-04-07,12,38.14,31.07,naive
2017-04-07,13,35.29,30.08,naive
2017-04-07,14,32.67,28.33,naive
2017-04-07,15,32.97,28.19,naive
2017-04-07,16,32.98,28.08,naive
2017-04-07,17,36.09,32.12,naive
2017-04-07,18,39.12,38.05,naive
2017-04-07,19,39.91,40.98,naive
2017-04-07,20,39.96,40.87,naive
2017-04-07,21,39.31,38.04,naive
2017-04-07,22,39.61,34.27,naive
2017-04-07,23,37.93,27.79,naive
2017-04-08,0,32.71,27.08,naive
2017-04-08,1,32.28,28.07,naive
2017-04-08,2,32.81,28.08,naive
2017-04-08,3,31.5,26.9,naive
2017-04-08,4,30.44,27.0,naive
2017-04-08,5,31.7,27.98,naive
2017-04-08,6,34.72,29.87,naive
2017-04-08,7,37.91,32.09,naive
2017-04-08,8,39.43,34.42,naive
2017-04-08,9,38.99,35.1,naive
2017-04-08,10,36.5,28.9,naive
2017-04-08,11,34.94,27.09,naive
2017-04-08,12,30.66,25.99,naive
2017-04-08,13,29.5,26.07,naive
2017-04-08,14,27.81,25.29,naive
2017-04-08,15,27.53,24.81,naive
2017-04-08,16,28.28,25.65,naive
2017-04-08,17,30.02,27.99,naive
2017-04-08,18,35.85,33.66,naive
2017-04-08,19,39.3,38.7,naive
2017-04-08,20,41.88,39.6,naive
2017-04-08,21,41.58,38.98,naive
2017-04-08,22,42.07,37.96,naive
2017-04-08,23,39.02,31.86,naive
2017-04-09,0,33.98,32.92,naive
2017-04-09,1,31.06,27.5,naive
2017-04-09,2,31.04,26.77,naive
2017-04-09,3,27.54,26.67,naive
2017-04-09,4,28.46,26.49,naive
2017-04-09,5,27.79,26.42,naive
2017-04-09,6,28.48,26.65,naive
2017-04-09,7,30.52,27.14,naive
2017-04-09,8,30.63,29.06,naive
2017-04-09,9,29.44,29.56,naive
2017-04-09,10,27.78,28.54,naive
2017-04-09,11,26.4,28.2,naive
2017-04-09,12,24.04,27.22,naive
2017-04-09,13,20.79,26.02,naive
2017-04-09,14,12.98,21.05,naive
2017-04-09,15,15.0,20.57,naive
2017-04-09,16,20.07,23.31,naive
2017-04-09,17,24.44,26.0,naive
2017-04-09,18,32.4,29.6,naive
2017-04-09,19,38.24,39.1,naive
2017-04-09,20,39.53,42.22,naive
2017-04-09,21,37.57,39.92,naive
2017-04-09,22,35.2,40.51,naive
2017-04-09,23,24.08,37.78,naive
2017-04-10,0,26.03,24.99,naive
2017-04-10,1,23.02,23.02,naive
2017-04-10,2,20.36,18.31,naive
2017-04-10,3,12.26,19.17,naive
2017-04-10,4,19.95,20.87,naive
2017-04-10,5,26.08,27.07,naive
2017-04-10,6,38.93,32.05,naive
2017-04-10,7,38.93,39.97,naive
2017-04-10,8,38.09,41.57,naive
2017-04-10,9,35.25,40.94,naive
2017-04-10,10,30.89,39.98,naive
2017-04-10,11,27.57,40.02,naive
2017-04-10,12,24.01,38.14,naive
2017-04-10,13,17.91,35.29,naive
2017-04-10,14,9.37,32.67,naive
2017-04-10,15,17.92,32.97,naive
2017-04-10,16,21.63,32.98,naive
2017-04-10,17,26.2,36.09,naive
2017-04-10,18,32.26,39.12,naive
2017-04-10,19,38.32,39.91,naive
2017-04-10,20,38.74,39.96,naive
2017-04-10,21,37.95,39.31,naive
2017-04-10,22,31.29,39.61,naive
2017-04-10,23,24.02,37.93,naive
2017-04-11,0,24.83,26.03,naive
2017-04-11,1,23.52,23.02,naive
2017-04-11,2,23.55,20.36,naive
2017-04-11,3,23.53,12.26,naive
2017-04-11,4,25.63,19.95,naive
2017-04-11,5,28.12,26.08,naive
2017-04-11,6,37.91,38.93,naive
2017-04-11,7,41.52,38.93,naive
2017-04-11,8,43.5,38.09,naive
2017-04-11,9,40.93,35.25,naive
2017-04-11,10,37.45,30.89,naive
2017-04-11,11,34.16,27.57,naive
2017-04-11,12,31.0,24.01,naive
2017-04-11,13,29.66,17.91,naive
2017-04-11,14,29.98,9.37,naive
2017-04-11,15,31.9,17.92,naive
2017-04-11,16,31.83,21.63,naive
2017-04-11,17,35.3,26.2,naive
2017-04-11,18,37.95,32.26,naive
2017-04-11,19,43.1,38.32,naive
2017-04-11,20,43.27,38.74,naive
2017-04-11,21,38.38,37.95,naive
2017-04-11,22,37.08,31.29,naive
2017-04-11,23,30.17,24.02,naive
2017-04-12,0,25.99,24.83,naive
2017-04-12,1,24.42,23.52,naive
2017-04-12,2,23.02,23.55,naive
2017-04-12,3,20.5,23.53,naive
2017-04-12,4,23.01,25.63,naive
2017-04-12,5,23.09,28.12,naive
2017-04-12,6,31.02,37.91,naive
2017-04-12,7,36.44,41.52,naive
2017-04-12,8,37.95,43.5,naive
2017-04-12,9,34.02,40.93,naive
2017-04-12,10,29.29,37.45,naive
2017-04-12,11,27.35,34.16,naive
2017-04-12,12,23.65,31.0,naive
2017-04-12,13,23.06,29.66,naive
2017-04-12,14,23.4,29.98,naive
2017-04-12,15,23.05,31.9,naive
2017-04-12,16,26.06,31.83,naive
2017-04-12,17,27.56,35.3,naive
2017-04-12,18,31.34,37.95,naive
2017-04-12,19,33.78,43.1,naive
2017-04-12,20,34.11,43.27,naive
2017-04-12,21,31.95,38.38,naive
2017-04-12,22,27.32,37.08,naive
2017-04-12,23,23.05,30.17,naive
2017-04-13,0,18.01,25.99,naive
2017-04-13,1,16.01,24.42,naive
2017-04-13,2,17.95,23.02,naive
2017-04-13,3,19.8,20.5,naive
2017-04-13,4,20.02,23.01,naive
2017-04-13,5,26.76,23.09,naive
2017-04-13,6,31.95,31.02,naive
2017-04-13,7,35.95,36.44,naive
2017-04-13,8,35.99,37.95,naive
2017-04-13,9,33.48,34.02,naive
2017-04-13,10,31.06,29.29,naive
2017-04-13,11,28.96,27.35,naive
2017-04-13,12,27.01,23.65,naive
2017-04-13,13,24.45,23.06,naive
2017-04-13,14,24.02,23.4,naive
2017-04-13,15,26.57,23.05,naive
2017-04-13,16,27.59,26.06,naive
2017-04-13,17,30.03,27.56,naive
2017-04-13,18,35.93,31.34,naive
2017-04-13,19,40.0,33.78,naive
2017-04-13,20,42.24,34.11,naive
2017-04-13,21,38.91,31.95,naive
2017-04-13,22,36.82,27.32,naive
2017-04-13,23,32.97,23.05,naive
2017-04-14,0,30.66,18.01,naive
2017-04-14,1,26.78,16.01,naive
2017-04-14,2,26.96,17.95,naive
2017-04-14,3,26.87,19.8,naive
2017-04-14,4,26.69,20.02,naive
2017-04-14,5,26.76,26.76,naive
2017-04-14,6,26.93,31.95,naive
2017-04-14,7,27.7,35.95,naive
2017-04-14,8,28.73,35.99,naive
2017-04-14,9,28.23,33.48,naive
2017-04-14,10,27.82,31.06,naive
2017-04-14,11,27.88,28.96,naive
2017-04-14,12,25.95,27.01,naive
2017-04-14,13,27.69,24.45,naive
2017-04-14,14,27.65,24.02,naive
2017-04-14,15,27.79,26.57,naive
2017-04-14,16,28.34,27.59,naive
2017-04-14,17,30.66,30.03,naive
2017-04-14,18,36.9,35.93,naive
2017-04-14,19,38.74,40.0,naive
2017-04-14,20,38.37,42.24,naive
2017-04-14,21,38.55,38.91,naive
2017-04-14,22,37.45,36.82,naive
2017-04-14,23,36.95,32.97,naive
2017-04-15,0,33.88,32.71,naive
2017-04-15,1,30.51,32.28,naive
2017-04-15,2,28.82,32.81,naive
2017-04-15,3,25.98,31.5,naive
2017-04-15,4,20.04,30.44,naive
2017-04-15,5,19.1,31.7,naive
2017-04-15,6,17.67,34.72,naive
2017-04-15,7,17.97,37.91,naive
2017-04-15,8,20.1,39.43,naive
2017-04-15,9,19.08,38.99,naive
2017-04-15,10,13.94,36.5,naive
2017-04-15,11,9.43,34.94,naive
2017-04-15,12,13.36,30.66,naive
2017-04-15,13,7.56,29.5,naive
2017-04-15,14,0.25,27.81,naive
2017-04-15,15,-1.08,27.53,naive
2017-04-15,16,-3.23,28.28,naive
2017-04-15,17,7.68,30.02,naive
2017-04-15,18,10.03,35.85,naive
2017-04-15,19,14.03,39.3,naive
2017-04-15,20,13.03,41.88,naive
2017-04-15,21,12.04,41.58,naive
2017-04-15,22,11.07,42.07,naive
2017-04-15,23,9.23,39.02,naive
2017-04-16,0,3.94,33.98,naive
2017-04-16,1,7.55,31.06,naive
2017-04-16,2,5.14,31.04,naive
2017-04-16,3,1.91,27.54,naive
2017-04-16,4,7.55,28.46,naive
2017-04-16,5,14.03,27.79,naive
2017-04-16,6,9.2,28.48,naive
2017-04-16,7,14.07,30.52,naive
2017-04-16,8,15.96,30.63,naive
2017-04-16,9,19.01,29.44,naive
2017-04-16,10,19.01,27.78,naive
2017-04-16,11,28.74,26.4,naive
2017-04-16,12,24.03,24.04,naive
2017-04-16,13,15.03,20.79,naive
2017-04-16,14,16.0,12.98,naive
2017-04-16,15,15.31,15.0,naive
2017-04-16,16,15.06,20.07,naive
2017-04-16,17,23.03,24.44,naive
2017-04-16,18,31.07,32.4,naive
2017-04-16,19,31.07,38.24,naive
2017-04-16,20,33.95,39.53,naive
2017-04-16,21,32.55,37.57,naive
2017-04-16,22,31.91,35.2,naive
2017-04-16,23,30.46,24.08,naive
2017-04-17,0,28.5,30.66,naive
2017-04-17,1,24.01,26.78,naive
2017-04-17,2,22.07,26.96,naive
2017-04-17,3,21.08,26.87,naive
2017-04-17,4,22.0,26.69,naive
2017-04-17,5,27.95,26.76,naive
2017-04-17,6,28.21,26.93,naive
2017-04-17,7,27.44,27.7,naive
2017-04-17,8,29.9,28.73,naive
2017-04-17,9,30.17,28.23,naive
2017-04-17,10,29.6,27.82,naive
2017-04-17,11,29.0,27.88,naive
2017-04-17,12,25.01,25.95,naive
2017-04-17,13,19.57,27.69,naive
2017-04-17,14,15.93,27.65,naive
2017-04-17,15,9.28,27.79,naive
2017-04-17,16,9.36,28.34,naive
2017-04-17,17,17.8,30.66,naive
2017-04-17,18,25.36,36.9,naive
2017-04-17,19,32.15,38.74,naive
2017-04-17,20,33.91,38.37,naive
2017-04-17,21,33.95,38.55,naive
2017-04-17,22,33.93,37.45,naive
2017-04-17,23,30.95,36.95,naive
2017-04-18,0,29.54,28.5,naive
2017-04-18,1,28.36,24.01,naive
2017-04-18,2,27.77,22.07,naive
2017-04-18,3,27.26,21.08,naive
2017-04-18,4,26.97,22.0,naive
2017-04-18,5,30.91,27.95,naive
2017-04-18,6,39.94,28.21,naive
2017-04-18,7,43.35,27.44,naive
2017-04-18,8,45.39,29.9,naive
2017-04-18,9,41.05,30.17,naive
2017-04-18,10,39.88,29.6,naive
2017-04-18,11,37.97,29.0,naive
2017-04-18,12,35.9,25.01,naive
2017-04-18,13,33.83,19.57,naive
2017-04-18,14,31.04,15.93,naive
2017-04-18,15,30.43,9.28,naive
2017-04-18,16,30.1,9.36,naive
2017-04-18,17,30.85,17.8,naive
2017-04-18,18,33.92,25.36,naive
2017-04-18,19,37.95,32.15,naive
2017-04-18,20,38.0,33.91,naive
2017-04-18,21,37.71,33.95,naive
2017-04-18,22,34.08,33.93,naive
2017-04-18,23,31.07,30.95,naive
2017-04-19,0,30.35,29.54,naive
2017-04-19,1,30.02,28.36,naive
2017-04-19,2,29.94,27.77,naive
2017-04-19,3,30.25,27.26,naive
2017-04-19,4,30.83,26.97,naive
2017-04-19,5,31.81,30.91,naive
2017-04-19,6,38.9,39.94,naive
2017-04-19,7,46.88,43.35,naive
2017-04-19,8,48.38,45.39,naive
2017-04-19,9,43.67,41.05,naive
2017-04-19,10,38.97,39.88,naive
2017-04-19,11,37.4,37.97,naive
2017-04-19,12,37.1,35.9,naive
2017-04-19,13,36.61,33.83,naive
2017-04-19,14,34.47,31.04,naive
2017-04-19,15,33.07,30.43,naive
2017-04-19,16,33.73,30.1,naive
2017-04-19,17,36.89,30.85,naive
2017-04-19,18,38.92,33.92,naive
2017-04-19,19,41.19,37.95,naive
2017-04-19,20,44.01,38.0,naive
2017-04-19,21,43.06,37.71,naive
2017-04-19,22,38.05,34.08,naive
2017-04-19,23,34.16,31.07,naive
2017-04-20,0,32.03,30.35,naive
2017-04-20,1,32.95,30.02,naive
2017-04-20,2,31.43,29.94,naive
2017-04-20,3,31.62,30.25,naive
2017-04-20,4,31.71,30.83,naive
2017-04-20,5,33.2,31.81,naive
2017-04-20,6,42.03,38.9,naive
2017-04-20,7,48.41,46.88,naive
2017-04-20,8,52.0,48.38,naive
2017-04-20,9,43.87,43.67,naive
2017-04-20,10,38.47,38.97,naive
2017-04-20,11,36.32,37.4,naive
2017-04-20,12,33.86,37.1,naive
2017-04-20,13,32.4,36.61,naive
2017-04-20,14,31.07,34.47,naive
2017-04-20,15,31.09,33.07,naive
2017-04-20,16,33.01,33.73,naive
2017-04-20,17,36.89,36.89,naive
2017-04-20,18,39.94,38.92,naive
2017-04-20,19,45.01,41.19,naive
2017-04-20,20,46.61,44.01,naive
2017-04-20,21,44.06,43.06,naive
2017-04-20,22,35.23,38.05,naive
2017-04-20,23,29.22,34.16,naive
2017-04-21,0,29.3,32.03,naive
2017-04-21,1,25.05,32.95,naive
2017-04-21,2,26.52,31.43,naive
2017-04-21,3,25.25,31.62,naive
2017-04-21,4,24.05,31.71,naive
2017-04-21,5,28.25,33.2,naive
2017-04-21,6,40.02,42.03,naive
2017-04-21,7,42.5,48.41,naive
2017-04-21,8,42.61,52.0,naive
2017-04-21,9,38.95,43.87,naive
2017-04-21,10,34.47,38.47,naive
2017-04-21,11,31.97,36.32,naive
2017-04-21,12,28.08,33.86,naive
2017-04-21,13,21.15,32.4,naive
2017-04-21,14,20.79,31.07,naive
2017-04-21,15,19.84,31.09,naive
2017-04-21,16,24.04,33.01,naive
2017-04-21,17,27.08,36.89,naive
2017-04-21,18,29.14,39.94,naive
2017-04-21,19,31.02,45.01,naive
2017-04-21,20,30.64,46.61,naive
2017-04-21,21,24.01,44.06,naive
2017-04-21,22,16.26,35.23,naive
2017-04-21,23,3.55,29.22,naive
2017-04-22,0,0.88,33.88,naive
2017-04-22,1,8.0,30.51,naive
2017-04-22,2,8.22,28.82,naive
2017-04-22,3,8.03,25.98,naive
2017-04-22,4,9.08,20.04,naive
2017-04-22,5,9.18,19.1,naive
2017-04-22,6,9.19,17.67,naive
2017-04-22,7,10.72,17.97,naive
2017-04-22,8,13.09,20.1,naive
2017-04-22,9,13.47,19.08,naive
2017-04-22,10,9.54,13.94,naive
2017-04-22,11,9.12,9.43,naive
2017-04-22,12,9.04,13.36,naive
2017-04-22,13,8.1,7.56,naive
2017-04-22,14,5.02,0.25,naive
2017-04-22,15,7.11,-1.08,naive
2017-04-22,16,9.05,-3.23,naive
2017-04-22,17,10.72,7.68,naive
2017-04-22,18,20.79,10.03,naive
2017-04-22,19,23.01,14.03,naive
2017-04-22,20,24.5,13.03,naive
2017-04-22,21,24.2,12.04,naive
2017-04-22,22,24.15,11.07,naive
2017-04-22,23,20.2,9.23,naive
2017-04-23,0,9.04,3.94,naive
2017-04-23,1,8.97,7.55,naive
2017-04-23,2,8.31,5.14,naive
2017-04-23,3,8.94,1.91,naive
2017-04-23,4,10.05,7.55,naive
2017-04-23,5,9.04,14.03,naive
2017-04-23,6,9.02,9.2,naive
2017-04-23,7,8.04,14.07,naive
2017-04-23,8,8.89,15.96,naive
2017-04-23,9,8.86,19.01,naive
2017-04-23,10,2.96,19.01,naive
2017-04-23,11,6.54,28.74,naive
2017-04-23,12,3.72,24.03,naive
2017-04-23,13,-7.65,15.03,naive
2017-04-23,14,-15.03,16.0,naive
2017-04-23,15,-9.18,15.31,naive
2017-04-23,16,-0.15,15.06,naive
2017-04-23,17,7.6,23.03,naive
2017-04-23,18,21.08,31.07,naive
2017-04-23,19,30.63,31.07,naive
2017-04-23,20,34.54,33.95,naive
2017-04-23,21,36.65,32.55,naive
2017-04-23,22,37.1,31.91,naive
2017-04-23,23,29.95,30.46,naive
2017-04-24,0,29.19,29.3,naive
2017-04-24,1,27.65,25.05,naive
2017-04-24,2,27.42,26.52,naive
2017-04-24,3,26.48,25.25,naive
2017-04-24,4,27.46,24.05,naive
2017-04-24,5,30.26,28.25,naive
2017-04-24,6,38.83,40.02,naive
2017-04-24,7,40.89,42.5,naive
2017-04-24,8,40.86,42.61,naive
2017-04-24,9,31.8,38.95,naive
2017-04-24,10,24.06,34.47,naive
2017-04-24,11,12.82,31.97,naive
2017-04-24,12,9.07,28.08,naive
2017-04-24,13,20.01,21.15,naive
2017-04-24,14,22.44,20.79,naive
2017-04-24,15,24.9,19.84,naive
2017-04-24,16,27.71,24.04,naive
2017-04-24,17,32.19,27.08,naive
2017-04-24,18,38.35,29.14,naive
2017-04-24,19,43.3,31.02,naive
2017-04-24,20,43.59,30.64,naive
2017-04-24,21,44.51,24.01,naive
2017-04-24,22,44.38,16.26,naive
2017-04-24,23,38.55,3.55,naive
2017-04-25,0,34.01,29.19,naive
2017-04-25,1,31.07,27.65,naive
2017-04-25,2,31.2,27.42,naive
2017-04-25,3,29.98,26.48,naive
2017-04-25,4,29.97,27.46,naive
2017-04-25,5,30.5,30.26,naive
2017-04-25,6,37.03,38.83,naive
2017-04-25,7,41.17,40.89,naive
2017-04-25,8,43.0,40.86,naive
2017-04-25,9,41.94,31.8,naive
2017-04-25,10,39.81,24.06,naive
2017-04-25,11,38.1,12.82,naive
2017-04-25,12,35.09,9.07,naive
2017-04-25,13,33.91,20.01,naive
2017-04-25,14,31.72,22.44,naive
2017-04-25,15,31.59,24.9,naive
2017-04-25,16,32.46,27.71,naive
2017-04-25,17,36.55,32.19,naive
2017-04-25,18,39.93,38.35,naive
2017-04-25,19,42.95,43.3,naive
2017-04-25,20,42.94,43.59,naive
2017-04-25,21,41.98,44.51,naive
2017-04-25,22,38.42,44.38,naive
2017-04-25,23,33.4,38.55,naive
2017-04-26,0,30.54,34.01,naive
2017-04-26,1,30.99,31.07,naive
2017-04-26,2,30.95,31.2,naive
2017-04-26,3,30.54,29.98,naive
2017-04-26,4,30.44,29.97,naive
2017-04-26,5,33.1,30.5,naive
2017-04-26,6,42.3,37.03,naive
2017-04-26,7,46.95,41.17,naive
2017-04-26,8,53.47,43.0,naive
2017-04-26,9,46.98,41.94,naive
2017-04-26,10,45.61,39.81,naive
2017-04-26,11,44.75,38.1,naive
2017-04-26,12,44.01,35.09,naive
2017-04-26,13,42.0,33.91,naive
2017-04-26,14,39.11,31.72,naive
2017-04-26,15,38.64,31.59,naive
2017-04-26,16,38.61,32.46,naive
2017-04-26,17,41.92,36.55,naive
2017-04-26,18,43.86,39.93,naive
2017-04-26,19,44.09,42.95,naive
2017-04-26,20,44.34,42.94,naive
2017-04-26,21,42.93,41.98,naive
2017-04-26,22,39.1,38.42,naive
2017-04-26,23,32.58,33.4,naive
2017-04-27,0,32.19,30.54,naive
2017-04-27,1,31.46,30.99,naive
2017-04-27,2,31.06,30.95,naive
2017-04-27,3,31.04,30.54,naive
2017-04-27,4,31.52,30.44,naive
2017-04-27,5,32.48,33.1,naive
2017-04-27,6,41.19,42.3,naive
2017-04-27,7,44.97,46.95,naive
2017-04-27,8,45.93,53.47,naive
2017-04-27,9,43.67,46.98,naive
2017-04-27,10,42.92,45.61,naive
2017-04-27,11,40.95,44.75,naive
2017-04-27,12,35.83,44.01,naive
2017-04-27,13,34.99,42.0,naive
2017-04-27,14,32.01,39.11,naive
2017-04-27,15,32.9,38.64,naive
2017-04-27,16,32.89,38.61,naive
2017-04-27,17,35.05,41.92,naive
2017-04-27,18,37.96,43.86,naive
2017-04-27,19,41.97,44.09,naive
2017-04-27,20,41.91,44.34,naive
2017-04-27,21,41.08,42.93,naive
2017-04-27,22,34.87,39.1,naive
2017-04-27,23,32.0,32.58,naive
2017-04-28,0,31.38,32.19,naive
2017-04-28,1,31.23,31.46,naive
2017-04-28,2,30.61,31.06,naive
2017-04-28,3,30.92,31.04,naive
2017-04-28,4,31.41,31.52,naive
2017-04-28,5,33.52,32.48,naive
2017-04-28,6,37.14,41.19,naive
2017-04-28,7,45.4,44.97,naive
2017-04-28,8,46.94,45.93,naive
2017-04-28,9,44.99,43.67,naive
2017-04-28,10,42.9,42.92,naive
2017-04-28,11,41.9,40.95,naive
2017-04-28,12,38.99,35.83,naive
2017-04-28,13,35.46,34.99,naive
2017-04-28,14,33.62,32.01,naive
2017-04-28,15,33.05,32.9,naive
2017-04-28,16,32.76,32.89,naive
2017-04-28,17,33.78,35.05,naive
2017-04-28,18,40.29,37.96,naive
2017-04-28,19,43.91,41.97,naive
2017-04-28,20,42.99,41.91,naive
2017-04-28,21,37.97,41.08,naive
2017-04-28,22,32.65,34.87,naive
2017-04-28,23,31.08,32.0,naive
2017-04-29,0,33.61,0.88,naive
2017-04-29,1,28.44,8.0,naive
2017-04-29,2,29.88,8.22,naive
2017-04-29,3,29.86,8.03,naive
2017-04-29,4,30.16,9.08,naive
2017-04-29,5,30.58,9.18,naive
2017-04-29,6,32.46,9.19,naive
2017-04-29,7,33.72,10.72,naive
2017-04-29,8,32.69,13.09,naive
2017-04-29,9,32.56,13.47,naive
2017-04-29,10,28.81,9.54,naive
2017-04-29,11,26.82,9.12,naive
2017-04-29,12,25.43,9.04,naive
2017-04-29,13,23.09,8.1,naive
2017-04-29,14,25.24,5.02,naive
2017-04-29,15,25.04,7.11,naive
2017-04-29,16,27.46,9.05,naive
2017-04-29,17,29.19,10.72,naive
2017-04-29,18,32.54,20.79,naive
2017-04-29,19,34.93,23.01,naive
2017-04-29,20,34.79,24.5,naive
2017-04-29,21,34.9,24.2,naive
2017-04-29,22,32.93,24.15,naive
2017-04-29,23,30.47,20.2,naive
2017-04-30,0,29.29,9.04,naive
2017-04-30,1,26.02,8.97,naive
2017-04-30,2,22.06,8.31,naive
2017-04-30,3,13.13,8.94,naive
2017-04-30,4,9.63,10.05,naive
2017-04-30,5,10.06,9.04,naive
2017-04-30,6,16.8,9.02,naive
2017-04-30,7,9.6,8.04,naive
2017-04-30,8,9.56,8.89,naive
2017-04-30,9,8.71,8.86,naive
2017-04-30,10,3.23,2.96,naive
2017-04-30,11,-1.9,6.54,naive
2017-04-30,12,-1.18,3.72,naive
2017-04-30,13,-70.01,-7.65,naive
2017-04-30,14,-74.92,-15.03,naive
2017-04-30,15,-71.96,-9.18,naive
2017-04-30,16,-49.97,-0.15,naive
2017-04-30,17,-6.0,7.6,naive
2017-04-30,18,-1.21,21.08,naive
2017-04-30,19,8.86,30.63,naive
2017-04-30,20,10.08,34.54,naive
2017-04-30,21,8.87,36.65,naive
2017-04-30,22,-0.54,37.1,naive
2017-04-30,23,-70.01,29.95,naive
2017-05-01,0,-26.94,31.38,naive
2017-05-01,1,-25.0,31.23,naive
2017-05-01,2,-30.11,30.61,naive
2017-05-01,3,-30.03,30.92,naive
2017-05-01,4,-24.9,31.41,naive
2017-05-01,5,-30.05,33.52,naive
2017-05-01,6,-62.95,37.14,naive
2017-05-01,7,-53.85,45.4,naive
2017-05-01,8,-67.02,46.94,naive
2017-05-01,9,-65.0,44.99,naive
2017-05-01,10,-67.08,42.9,naive
2017-05-01,11,-66.85,41.9,naive
2017-05-01,12,-60.39,38.99,naive
2017-05-01,13,-61.14,35.46,naive
2017-05-01,14,-27.22,33.62,naive
2017-05-01,15,-12.01,33.05,naive
2017-05-01,16,-1.2,32.76,naive
2017-05-01,17,7.42,33.78,naive
2017-05-01,18,14.01,40.29,naive
2017-05-01,19,25.78,43.91,naive
2017-05-01,20,24.9,42.99,naive
2017-05-01,21,22.98,37.97,naive
2017-05-01,22,22.09,32.65,naive
2017-05-01,23,12.05,31.08,naive
2017-05-02,0,13.47,-26.94,naive
2017-05-02,1,12.01,-25.0,naive
2017-05-02,2,10.41,-30.11,naive
2017-05-02,3,12.03,-30.03,naive
2017-05-02,4,9.69,-24.9,naive
2017-05-02,5,25.03,-30.05,naive
2017-05-02,6,33.95,-62.95,naive
2017-05-02,7,38.97,-53.85,naive
2017-05-02,8,39.98,-67.02,naive
2017-05-02,9,35.84,-65.0,naive
2017-05-02,10,34.85,-67.08,naive
2017-05-02,11,33.47,-66.85,naive
2017-05-02,12,31.04,-60.39,naive
2017-05-02,13,30.78,-61.14,naive
2017-05-02,14,30.4,-27.22,naive
2017-05-02,15,30.41,-12.01,naive
2017-05-02,16,30.43,-1.2,naive
2017-05-02,17,31.02,7.42,naive
2017-05-02,18,34.97,14.01,naive
2017-05-02,19,38.52,25.78,naive
2017-05-02,20,38.57,24.9,naive
2017-05-02,21,35.23,22.98,naive
2017-05-02,22,33.34,22.09,naive
2017-05-02,23,28.46,12.05,naive
2017-05-03,0,28.59,13.47,naive
2017-05-03,1,27.43,12.01,naive
2017-05-03,2,27.48,10.41,naive
2017-05-03,3,28.5,12.03,naive
2017-05-03,4,30.35,9.69,naive
2017-05-03,5,31.95,25.03,naive
2017-05-03,6,39.51,33.95,naive
2017-05-03,7,44.99,38.97,naive
2017-05-03,8,45.0,39.98,naive
2017-05-03,9,39.73,35.84,naive
2017-05-03,10,38.97,34.85,naive
2017-05-03,11,38.48,33.47,naive
2017-05-03,12,34.27,31.04,naive
2017-05-03,13,33.94,30.78,naive
2017-05-03,14,34.01,30.4,naive
2017-05-03,15,32.83,30.41,naive
2017-05-03,16,31.79,30.43,naive
2017-05-03,17,32.43,31.02,naive
2017-05-03,18,34.9,34.97,naive
2017-05-03,19,37.66,38.52,naive
2017-05-03,20,38.94,38.57,naive
2017-05-03,21,36.97,35.23,naive
2017-05-03,22,30.52,33.34,naive
2017-05-03,23,28.6,28.46,naive
2017-05-04,0,26.91,28.59,naive
2017-05-04,1,26.26,27.43,naive
2017-05-04,2,24.57,27.48,naive
2017-05-04,3,24.82,28.5,naive
2017-05-04,4,25.8,30.35,naive
2017-05-04,5,27.57,31.95,naive
2017-05-04,6,33.23,39.51,naive
2017-05-04,7,38.94,44.99,naive
2017-05-04,8,39.91,45.0,naive
2017-05-04,9,39.14,39.73,naive
2017-05-04,10,38.94,38.97,naive
2017-05-04,11,38.95,38.48,naive
2017-05-04,12,34.17,34.27,naive
2017-05-04,13,31.94,33.94,naive
2017-05-04,14,30.46,34.01,naive
2017-05-04,15,30.4,32.83,naive
2017-05-04,16,29.79,31.79,naive
2017-05-04,17,34.4,32.43,naive
2017-05-04,18,36.97,34.9,naive
2017-05-04,19,38.97,37.66,naive
2017-05-04,20,38.95,38.94,naive
2017-05-04,21,36.54,36.97,naive
2017-05-04,22,32.23,30.52,naive
2017-05-04,23,26.97,28.6,naive
2017-05-05,0,28.97,26.91,naive
2017-05-05,1,28.82,26.26,naive
2017-05-05,2,28.42,24.57,naive
2017-05-05,3,28.61,24.82,naive
2017-05-05,4,29.4,25.8,naive
2017-05-05,5,30.99,27.57,naive
2017-05-05,6,37.17,33.23,naive
2017-05-05,7,43.82,38.94,naive
2017-05-05,8,48.98,39.91,naive
2017-05-05,9,49.91,39.14,naive
2017-05-05,10,47.9,38.94,naive
2017-05-05,11,46.38,38.95,naive
2017-05-05,12,42.0,34.17,naive
2017-05-05,13,40.09,31.94,naive
2017-05-05,14,36.97,30.46,naive
2017-05-05,15,35.37,30.4,naive
2017-05-05,16,34.9,29.79,naive
2017-05-05,17,37.67,34.4,naive
2017-05-05,18,40.33,36.97,naive
2017-05-05,19,42.09,38.97,naive
2017-05-05,20,41.16,38.95,naive
2017-05-05,21,38.98,36.54,naive
2017-05-05,22,39.27,32.23,naive
2017-05-05,23,34.9,26.97,naive
2017-05-06,0,37.04,33.61,naive
2017-05-06,1,32.47,28.44,naive
2017-05-06,2,31.04,29.88,naive
2017-05-06,3,30.71,29.86,naive
2017-05-06,4,30.57,30.16,naive
2017-05-06,5,30.86,30.58,naive
2017-05-06,6,30.92,32.46,naive
2017-05-06,7,31.14,33.72,naive
2017-05-06,8,33.92,32.69,naive
2017-05-06,9,33.06,32.56,naive
2017-05-06,10,31.53,28.81,naive
2017-05-06,11,30.64,26.82,naive
2017-05-06,12,30.79,25.43,naive
2017-05-06,13,30.1,23.09,naive
2017-05-06,14,29.6,25.24,naive
2017-05-06,15,28.93,25.04,naive
2017-05-06,16,28.28,27.46,naive
2017-05-06,17,31.02,29.19,naive
2017-05-06,18,33.82,32.54,naive
2017-05-06,19,37.94,34.93,naive
2017-05-06,20,39.9,34.79,naive
2017-05-06,21,39.5,34.9,naive
2017-05-06,22,38.92,32.93,naive
2017-05-06,23,33.93,30.47,naive
2017-05-07,0,28.31,29.29,naive
2017-05-07,1,26.73,26.02,naive
2017-05-07,2,26.48,22.06,naive
2017-05-07,3,26.17,13.13,naive
2017-05-07,4,26.83,9.63,naive
2017-05-07,5,26.25,10.06,naive
2017-05-07,6,25.43,16.8,naive
2017-05-07,7,26.66,9.6,naive
2017-05-07,8,28.66,9.56,naive
2017-05-07,9,30.06,8.71,naive
2017-05-07,10,30.33,3.23,naive
2017-05-07,11,30.18,-1.9,naive
2017-05-07,12,29.5,-1.18,naive
2017-05-07,13,27.06,-70.01,naive
2017-05-07,14,24.0,-74.92,naive
2017-05-07,15,24.15,-71.96,naive
2017-05-07,16,25.51,-49.97,naive
2017-05-07,17,27.4,-6.0,naive
2017-05-07,18,29.8,-1.21,naive
2017-05-07,19,31.18,8.86,naive
2017-05-07,20,32.13,10.08,naive
2017-05-07,21,32.01,8.87,naive
2017-05-07,22,31.26,-0.54,naive
2017-05-07,23,27.0,-70.01,naive
2017-05-08,0,27.48,28.97,naive
2017-05-08,1,26.1,28.82,naive
2017-05-08,2,25.81,28.42,naive
2017-05-08,3,24.73,28.61,naive
2017-05-08,4,25.14,29.4,naive
2017-05-08,5,27.91,30.99,naive
2017-05-08,6,32.0,37.17,naive
2017-05-08,7,36.06,43.82,naive
2017-05-08,8,40.02,48.98,naive
2017-05-08,9,39.93,49.91,naive
2017-05-08,10,38.97,47.9,naive
2017-05-08,11,39.98,46.38,naive
2017-05-08,12,40.55,42.0,naive
2017-05-08,13,36.74,40.09,naive
2017-05-08,14,32.06,36.97,naive
2017-05-08,15,31.44,35.37,naive
2017-05-08,16,31.05,34.9,naive
2017-05-08,17,32.41,37.67,naive
2017-05-08,18,34.0,40.33,naive
2017-05-08,19,38.8,42.09,naive
2017-05-08,20,37.62,41.16,naive
2017-05-08,21,37.99,38.98,naive
2017-05-08,22,35.07,39.27,naive
2017-05-08,23,32.44,34.9,naive
2017-05-09,0,30.81,27.48,naive
2017-05-09,1,30.56,26.1,naive
2017-05-09,2,29.5,25.81,naive
2017-05-09,3,28.94,24.73,naive
2017-05-09,4,29.9,25.14,naive
2017-05-09,5,32.07,27.91,naive
2017-05-09,6,42.83,32.0,naive
2017-05-09,7,50.45,36.06,naive
2017-05-09,8,54.99,40.02,naive
2017-05-09,9,48.65,39.93,naive
2017-05-09,10,44.75,38.97,naive
2017-05-09,11,43.83,39.98,naive
2017-05-09,12,40.63,40.55,naive
2017-05-09,13,38.0,36.74,naive
2017-05-09,14,35.57,32.06,naive
2017-05-09,15,36.2,31.44,naive
2017-05-09,16,34.44,31.05,naive
2017-05-09,17,39.64,32.41,naive
2017-05-09,18,44.9,34.0,naive
2017-05-09,19,47.45,38.8,naive
2017-05-09,20,49.12,37.62,naive
2017-05-09,21,46.93,37.99,naive
2017-05-09,22,39.9,35.07,naive
2017-05-09,23,34.06,32.44,naive
2017-05-10,0,32.06,30.81,naive
2017-05-10,1,30.99,30.56,naive
2017-05-10,2,30.75,29.5,naive
2017-05-10,3,30.72,28.94,naive
2017-05-10,4,31.03,29.9,naive
2017-05-10,5,33.11,32.07,naive
2017-05-10,6,42.04,42.83,naive
2017-05-10,7,49.98,50.45,naive
2017-05-10,8,49.07,54.99,naive
2017-05-10,9,43.86,48.65,naive
2017-05-10,10,39.16,44.75,naive
2017-05-10,11,39.22,43.83,naive
2017-05-10,12,36.13,40.63,naive
2017-05-10,13,36.12,38.0,naive
2017-05-10,14,34.52,35.57,naive
2017-05-10,15,34.12,36.2,naive
2017-05-10,16,35.01,34.44,naive
2017-05-10,17,41.08,39.64,naive
2017-05-10,18,44.01,44.9,naive
2017-05-10,19,48.04,47.45,naive
2017-05-10,20,47.35,49.12,naive
2017-05-10,21,48.04,46.93,naive
2017-05-10,22,42.94,39.9,naive
2017-05-10,23,32.6,34.06,naive
2017-05-11,0,31.16,32.06,naive
2017-05-11,1,30.41,30.99,naive
2017-05-11,2,29.5,30.75,naive
2017-05-11,3,29.17,30.72,naive
2017-05-11,4,29.59,31.03,naive
2017-05-11,5,30.89,33.11,naive
2017-05-11,6,34.91,42.04,naive
2017-05-11,7,43.1,49.98,naive
2017-05-11,8,44.49,49.07,naive
2017-05-11,9,41.93,43.86,naive
2017-05-11,10,38.54,39.16,naive
2017-05-11,11,37.47,39.22,naive
2017-05-11,12,35.32,36.13,naive
2017-05-11,13,34.38,36.12,naive
2017-05-11,14,32.64,34.52,naive
2017-05-11,15,33.82,34.12,naive
2017-05-11,16,33.19,35.01,naive
2017-05-11,17,34.8,41.08,naive
2017-05-11,18,35.75,44.01,naive
2017-05-11,19,34.94,48.04,naive
2017-05-11,20,33.11,47.35,naive
2017-05-11,21,31.5,48.04,naive
2017-05-11,22,27.6,42.94,naive
2017-05-11,23,26.01,32.6,naive
2017-05-12,0,26.05,31.16,naive
2017-05-12,1,27.23,30.41,naive
2017-05-12,2,27.29,29.5,naive
2017-05-12,3,27.27,29.17,naive
2017-05-12,4,27.08,29.59,naive
2017-05-12,5,29.0,30.89,naive
2017-05-12,6,34.37,34.91,naive
2017-05-12,7,41.95,43.1,naive
2017-05-12,8,43.91,44.49,naive
2017-05-12,9,42.0,41.93,naive
2017-05-12,10,42.95,38.54,naive
2017-05-12,11,42.02,37.47,naive
2017-05-12,12,36.03,35.32,naive
2017-05-12,13,31.62,34.38,naive
2017-05-12,14,30.86,32.64,naive
2017-05-12,15,30.45,33.82,naive
2017-05-12,16,31.38,33.19,naive
2017-05-12,17,36.46,34.8,naive
2017-05-12,18,40.65,35.75,naive
2017-05-12,19,42.0,34.94,naive
2017-05-12,20,42.62,33.11,naive
2017-05-12,21,42.93,31.5,naive
2017-05-12,22,42.93,27.6,naive
2017-05-12,23,35.91,26.01,naive
2017-05-13,0,29.9,37.04,naive
2017-05-13,1,29.66,32.47,naive
2017-05-13,2,29.05,31.04,naive
2017-05-13,3,28.52,30.71,naive
2017-05-13,4,28.12,30.57,naive
2017-05-13,5,28.73,30.86,naive
2017-05-13,6,29.05,30.92,naive
2017-05-13,7,30.91,31.14,naive
2017-05-13,8,35.02,33.92,naive
2017-05-13,9,35.45,33.06,naive
2017-05-13,10,32.0,31.53,naive
2017-05-13,11,31.04,30.64,naive
2017-05-13,12,30.28,30.79,naive
2017-05-13,13,28.75,30.1,naive
2017-05-13,14,27.09,29.6,naive
2017-05-13,15,27.07,28.93,naive
2017-05-13,16,27.44,28.28,naive
2017-05-13,17,29.9,31.02,naive
2017-05-13,18,34.79,33.82,naive
2017-05-13,19,40.0,37.94,naive
2017-05-13,20,41.91,39.9,naive
2017-05-13,21,41.88,39.5,naive
2017-05-13,22,40.0,38.92,naive
2017-05-13,23,31.08,33.93,naive
2017-05-14,0,27.66,28.31,naive
2017-05-14,1,26.54,26.73,naive
2017-05-14,2,25.65,26.48,naive
2017-05-14,3,25.63,26.17,naive
2017-05-14,4,25.2,26.83,naive
2017-05-14,5,25.0,26.25,naive
2017-05-14,6,25.56,25.43,naive
2017-05-14,7,25.46,26.66,naive
2017-05-14,8,25.34,28.66,naive
2017-05-14,9,26.04,30.06,naive
2017-05-14,10,25.04,30.33,naive
2017-05-14,11,26.48,30.18,naive
2017-05-14,12,27.02,29.5,naive
2017-05-14,13,24.3,27.06,naive
2017-05-14,14,21.06,24.0,naive
2017-05-14,15,20.99,24.15,naive
2017-05-14,16,23.9,25.51,naive
2017-05-14,17,27.63,27.4,naive
2017-05-14,18,32.07,29.8,naive
2017-05-14,19,35.96,31.18,naive
2017-05-14,20,39.55,32.13,naive
2017-05-14,21,40.99,32.01,naive
2017-05-14,22,38.17,31.26,naive
2017-05-14,23,31.46,27.0,naive
2017-05-15,0,30.32,26.05,naive
2017-05-15,1,27.43,27.23,naive
2017-05-15,2,27.18,27.29,naive
2017-05-15,3,26.7,27.27,naive
2017-05-15,4,27.16,27.08,naive
2017-05-15,5,29.77,29.0,naive
2017-05-15,6,35.38,34.37,naive
2017-05-15,7,44.02,41.95,naive
2017-05-15,8,46.1,43.91,naive
2017-05-15,9,43.95,42.0,naive
2017-05-15,10,41.94,42.95,naive
2017-05-15,11,40.07,42.02,naive
2017-05-15,12,35.66,36.03,naive
2017-05-15,13,35.04,31.62,naive
2017-05-15,14,33.48,30.86,naive
2017-05-15,15,32.98,30.45,naive
2017-05-15,16,33.14,31.38,naive
2017-05-15,17,37.74,36.46,naive
2017-05-15,18,42.82,40.65,naive
2017-05-15,19,45.73,42.0,naive
2017-05-15,20,44.2,42.62,naive
2017-05-15,21,42.29,42.93,naive
2017-05-15,22,40.22,42.93,naive
2017-05-15,23,31.08,35.91,naive
2017-05-16,0,29.5,30.32,naive
2017-05-16,1,28.01,27.43,naive
2017-05-16,2,26.7,27.18,naive
2017-05-16,3,26.53,26.7,naive
2017-05-16,4,26.38,27.16,naive
2017-05-16,5,27.93,29.77,naive
2017-05-16,6,31.81,35.38,naive
2017-05-16,7,39.96,44.02,naive
2017-05-16,8,41.35,46.1,naive
2017-05-16,9,38.42,43.95,naive
2017-05-16,10,34.53,41.94,naive
2017-05-16,11,34.84,40.07,naive
2017-05-16,12,31.88,35.66,naive
2017-05-16,13,31.06,35.04,naive
2017-05-16,14,31.58,33.48,naive
2017-05-16,15,32.33,32.98,naive
2017-05-16,16,34.52,33.14,naive
2017-05-16,17,37.04,37.74,naive
2017-05-16,18,41.0,42.82,naive
2017-05-16,19,42.94,45.73,naive
2017-05-16,20,42.77,44.2,naive
2017-05-16,21,41.5,42.29,naive
2017-05-16,22,37.01,40.22,naive
2017-05-16,23,31.92,31.08,naive
2017-05-17,0,29.66,29.5,naive
2017-05-17,1,27.7,28.01,naive
2017-05-17,2,27.17,26.7,naive
2017-05-17,3,26.45,26.53,naive
2017-05-17,4,26.49,26.38,naive
2017-05-17,5,27.58,27.93,naive
2017-05-17,6,36.19,31.81,naive
2017-05-17,7,41.0,39.96,naive
2017-05-17,8,41.0,41.35,naive
2017-05-17,9,38.95,38.42,naive
2017-05-17,10,33.54,34.53,naive
2017-05-17,11,32.94,34.84,naive
2017-05-17,12,31.03,31.88,naive
2017-05-17,13,30.21,31.06,naive
2017-05-17,14,29.14,31.58,naive
2017-05-17,15,28.22,32.33,naive
2017-05-17,16,29.48,34.52,naive
2017-05-17,17,34.77,37.04,naive
2017-05-17,18,38.34,41.0,naive
2017-05-17,19,40.98,42.94,naive
2017-05-17,20,37.9,42.77,naive
2017-05-17,21,34.02,41.5,naive
2017-05-17,22,31.01,37.01,naive
2017-05-17,23,26.68,31.92,naive
2017-05-18,0,26.04,29.66,naive
2017-05-18,1,24.31,27.7,naive
2017-05-18,2,22.43,27.17,naive
2017-05-18,3,20.68,26.45,naive
2017-05-18,4,22.46,26.49,naive
2017-05-18,5,26.06,27.58,naive
2017-05-18,6,32.68,36.19,naive
2017-05-18,7,40.4,41.0,naive
2017-05-18,8,42.98,41.0,naive
2017-05-18,9,37.93,38.95,naive
2017-05-18,10,33.14,33.54,naive
2017-05-18,11,31.75,32.94,naive
2017-05-18,12,31.02,31.03,naive
2017-05-18,13,29.99,30.21,naive
2017-05-18,14,31.0,29.14,naive
2017-05-18,15,30.78,28.22,naive
2017-05-18,16,36.1,29.48,naive
2017-05-18,17,37.98,34.77,naive
2017-05-18,18,39.45,38.34,naive
2017-05-18,19,39.54,40.98,naive
2017-05-18,20,39.91,37.9,naive
2017-05-18,21,38.95,34.02,naive
2017-05-18,22,37.86,31.01,naive
2017-05-18,23,32.26,26.68,naive
2017-05-19,0,30.0,26.04,naive
2017-05-19,1,28.6,24.31,naive
2017-05-19,2,26.67,22.43,naive
2017-05-19,3,26.31,20.68,naive
2017-05-19,4,25.97,22.46,naive
2017-05-19,5,27.6,26.06,naive
2017-05-19,6,30.9,32.68,naive
2017-05-19,7,39.91,40.4,naive
2017-05-19,8,41.55,42.98,naive
2017-05-19,9,39.9,37.93,naive
2017-05-19,10,38.95,33.14,naive
2017-05-19,11,39.8,31.75,naive
2017-05-19,12,37.72,31.02,naive
2017-05-19,13,36.38,29.99,naive
2017-05-19,14,35.05,31.0,naive
2017-05-19,15,34.59,30.78,naive
2017-05-19,16,31.06,36.1,naive
2017-05-19,17,36.01,37.98,naive
2017-05-19,18,38.5,39.45,naive
2017-05-19,19,38.97,39.54,naive
2017-05-19,20,36.04,39.91,naive
2017-05-19,21,37.0,38.95,naive
2017-05-19,22,36.98,37.86,naive
2017-05-19,23,32.76,32.26,naive
2017-05-20,0,24.02,29.9,naive
2017-05-20,1,24.26,29.66,naive
2017-05-20,2,24.74,29.05,naive
2017-05-20,3,26.71,28.52,naive
2017-05-20,4,25.93,28.12,naive
2017-05-20,5,24.08,28.73,naive
2017-05-20,6,26.5,29.05,naive
2017-05-20,7,26.06,30.91,naive
2017-05-20,8,27.0,35.02,naive
2017-05-20,9,25.3,35.45,naive
2017-05-20,10,23.99,32.0,naive
2017-05-20,11,24.11,31.04,naive
2017-05-20,12,23.83,30.28,naive
2017-05-20,13,22.83,28.75,naive
2017-05-20,14,21.44,27.09,naive
2017-05-20,15,21.73,27.07,naive
2017-05-20,16,23.92,27.44,naive
2017-05-20,17,25.64,29.9,naive
2017-05-20,18,29.0,34.79,naive
2017-05-20,19,33.34,40.0,naive
2017-05-20,20,33.5,41.91,naive
2017-05-20,21,33.08,41.88,naive
2017-05-20,22,34.12,40.0,naive
2017-05-20,23,30.05,31.08,naive
2017-05-21,0,23.66,27.66,naive
2017-05-21,1,18.12,26.54,naive
2017-05-21,2,14.12,25.65,naive
2017-05-21,3,12.18,25.63,naive
2017-05-21,4,11.65,25.2,naive
2017-05-21,5,11.52,25.0,naive
2017-05-21,6,11.98,25.56,naive
2017-05-21,7,12.36,25.46,naive
2017-05-21,8,13.7,25.34,naive
2017-05-21,9,12.07,26.04,naive
2017-05-21,10,10.02,25.04,naive
2017-05-21,11,11.86,26.48,naive
2017-05-21,12,12.29,27.02,naive
2017-05-21,13,11.93,24.3,naive
2017-05-21,14,10.28,21.06,naive
2017-05-21,15,11.93,20.99,naive
2017-05-21,16,16.92,23.9,naive
2017-05-21,17,23.05,27.63,naive
2017-05-21,18,28.12,32.07,naive
2017-05-21,19,32.91,35.96,naive
2017-05-21,20,35.07,39.55,naive
2017-05-21,21,35.32,40.99,naive
2017-05-21,22,36.11,38.17,naive
2017-05-21,23,33.43,31.46,naive
2017-05-22,0,29.84,30.0,naive
2017-05-22,1,28.01,28.6,naive
2017-05-22,2,26.9,26.67,naive
2017-05-22,3,26.01,26.31,naive
2017-05-22,4,26.86,25.97,naive
2017-05-22,5,27.38,27.6,naive
2017-05-22,6,35.49,30.9,naive
2017-05-22,7,40.0,39.91,naive
2017-05-22,8,42.2,41.55,naive
2017-05-22,9,38.82,39.9,naive
2017-05-22,10,37.02,38.95,naive
2017-05-22,11,36.99,39.8,naive
2017-05-22,12,36.96,37.72,naive
2017-05-22,13,37.91,36.38,naive
2017-05-22,14,36.93,35.05,naive
2017-05-22,15,36.94,34.59,naive
2017-05-22,16,36.2,31.06,naive
2017-05-22,17,38.71,36.01,naive
2017-05-22,18,43.65,38.5,naive
2017-05-22,19,44.36,38.97,naive
2017-05-22,20,41.95,36.04,naive
2017-05-22,21,41.21,37.0,naive
2017-05-22,22,40.84,36.98,naive
2017-05-22,23,34.07,32.76,naive
2017-05-23,0,32.24,29.84,naive
2017-05-23,1,32.17,28.01,naive
2017-05-23,2,29.72,26.9,naive
2017-05-23,3,28.05,26.01,naive
2017-05-23,4,28.04,26.86,naive
2017-05-23,5,29.71,27.38,naive
2017-05-23,6,36.99,35.49,naive
2017-05-23,7,41.78,40.0,naive
2017-05-23,8,41.4,42.2,naive
2017-05-23,9,41.89,38.82,naive
2017-05-23,10,38.05,37.02,naive
2017-05-23,11,36.94,36.99,naive
2017-05-23,12,33.97,36.96,naive
2017-05-23,13,30.5,37.91,naive
2017-05-23,14,31.01,36.93,naive
2017-05-23,15,29.1,36.94,naive
2017-05-23,16,29.06,36.2,naive
2017-05-23,17,31.84,38.71,naive
2017-05-23,18,33.75,43.65,naive
2017-05-23,19,37.11,44.36,naive
2017-05-23,20,35.64,41.95,naive
2017-05-23,21,35.0,41.21,naive
2017-05-23,22,30.99,40.84,naive
2017-05-23,23,28.41,34.07,naive
2017-05-24,0,27.15,32.24,naive
2017-05-24,1,24.45,32.17,naive
2017-05-24,2,20.09,29.72,naive
2017-05-24,3,20.13,28.05,naive
2017-05-24,4,21.56,28.04,naive
2017-05-24,5,26.03,29.71,naive
2017-05-24,6,30.1,36.99,naive
2017-05-24,7,36.93,41.78,naive
2017-05-24,8,37.55,41.4,naive
2017-05-24,9,34.97,41.89,naive
2017-05-24,10,31.98,38.05,naive
2017-05-24,11,32.35,36.94,naive
2017-05-24,12,30.09,33.97,naive
2017-05-24,13,28.8,30.5,naive
2017-05-24,14,29.79,31.01,naive
2017-05-24,15,32.96,29.1,naive
2017-05-24,16,32.13,29.06,naive
2017-05-24,17,36.91,31.84,naive
2017-05-24,18,39.92,33.75,naive
2017-05-24,19,40.57,37.11,naive
2017-05-24,20,40.84,35.64,naive
2017-05-24,21,40.06,35.0,naive
2017-05-24,22,40.98,30.99,naive
2017-05-24,23,36.91,28.41,naive
2017-05-25,0,33.41,27.15,naive
2017-05-25,1,31.98,24.45,naive
2017-05-25,2,28.07,20.09,naive
2017-05-25,3,28.0,20.13,naive
2017-05-25,4,27.97,21.56,naive
2017-05-25,5,26.97,26.03,naive
2017-05-25,6,24.59,30.1,naive
2017-05-25,7,24.93,36.93,naive
2017-05-25,8,25.85,37.55,naive
2017-05-25,9,25.79,34.97,naive
2017-05-25,10,25.59,31.98,naive
2017-05-25,11,26.02,32.35,naive
2017-05-25,12,25.16,30.09,naive
2017-05-25,13,21.74,28.8,naive
2017-05-25,14,19.97,29.79,naive
2017-05-25,15,19.99,32.96,naive
2017-05-25,16,21.12,32.13,naive
2017-05-25,17,27.08,36.91,naive
2017-05-25,18,29.9,39.92,naive
2017-05-25,19,33.92,40.57,naive
2017-05-25,20,36.7,40.84,naive
2017-05-25,21,36.69,40.06,naive
2017-05-25,22,36.98,40.98,naive
2017-05-25,23,31.08,36.91,naive
2017-05-26,0,28.12,33.41,naive
2017-05-26,1,25.38,31.98,naive
2017-05-26,2,24.06,28.07,naive
2017-05-26,3,23.51,28.0,naive
2017-05-26,4,24.27,27.97,naive
2017-05-26,5,26.39,26.97,naive
2017-05-26,6,33.94,24.59,naive
2017-05-26,7,37.93,24.93,naive
2017-05-26,8,38.3,25.85,naive
2017-05-26,9,36.48,25.79,naive
2017-05-26,10,34.01,25.59,naive
2017-05-26,11,33.08,26.02,naive
2017-05-26,12,30.86,25.16,naive
2017-05-26,13,28.32,21.74,naive
2017-05-26,14,27.12,19.97,naive
2017-05-26,15,27.53,19.99,naive
2017-05-26,16,28.63,21.12,naive
2017-05-26,17,34.64,27.08,naive
2017-05-26,18,38.85,29.9,naive
2017-05-26,19,41.97,33.92,naive
2017-05-26,20,41.95,36.7,naive
2017-05-26,21,39.99,36.69,naive
2017-05-26,22,39.96,36.98,naive
2017-05-26,23,35.2,31.08,naive
2017-05-27,0,35.91,24.02,naive
2017-05-27,1,31.03,24.26,naive
2017-05-27,2,27.6,24.74,naive
2017-05-27,3,26.0,26.71,naive
2017-05-27,4,24.58,25.93,naive
2017-05-27,5,24.4,24.08,naive
2017-05-27,6,26.1,26.5,naive
2017-05-27,7,29.14,26.06,naive
2017-05-27,8,30.13,27.0,naive
2017-05-27,9,29.36,25.3,naive
2017-05-27,10,26.1,23.99,naive
2017-05-27,11,24.69,24.11,naive
2017-05-27,12,22.04,23.83,naive
2017-05-27,13,15.27,22.83,naive
2017-05-27,14,13.38,21.44,naive
2017-05-27,15,14.9,21.73,naive
2017-05-27,16,20.09,23.92,naive
2017-05-27,17,27.31,25.64,naive
2017-05-27,18,34.3,29.0,naive
2017-05-27,19,37.13,33.34,naive
2017-05-27,20,35.97,33.5,naive
2017-05-27,21,34.34,33.08,naive
2017-05-27,22,33.98,34.12,naive
2017-05-27,23,24.68,30.05,naive
2017-05-28,0,20.72,23.66,naive
2017-05-28,1,16.08,18.12,naive
2017-05-28,2,18.66,14.12,naive
2017-05-28,3,16.58,12.18,naive
2017-05-28,4,14.25,11.65,naive
2017-05-28,5,9.91,11.52,naive
2017-05-28,6,14.36,11.98,naive
2017-05-28,7,18.27,12.36,naive
2017-05-28,8,19.04,13.7,naive
2017-05-28,9,17.18,12.07,naive
2017-05-28,10,11.65,10.02,naive
2017-05-28,11,11.63,11.86,naive
2017-05-28,12,15.07,12.29,naive
2017-05-28,13,10.18,11.93,naive
2017-05-28,14,10.08,10.28,naive
2017-05-28,15,10.14,11.93,naive
2017-05-28,16,10.08,16.92,naive
2017-05-28,17,21.95,23.05,naive
2017-05-28,18,31.05,28.12,naive
2017-05-28,19,36.95,32.91,naive
2017-05-28,20,38.66,35.07,naive
2017-05-28,21,38.65,35.32,naive
2017-05-28,22,40.66,36.11,naive
2017-05-28,23,36.92,33.43,naive
2017-05-29,0,29.02,28.12,naive
2017-05-29,1,28.3,25.38,naive
2017-05-29,2,26.27,24.06,naive
2017-05-29,3,25.6,23.51,naive
2017-05-29,4,25.6,24.27,naive
2017-05-29,5,26.4,26.39,naive
2017-05-29,6,35.97,33.94,naive
2017-05-29,7,42.7,37.93,naive
2017-05-29,8,43.06,38.3,naive
2017-05-29,9,42.71,36.48,naive
2017-05-29,10,41.82,34.01,naive
2017-05-29,11,41.32,33.08,naive
2017-05-29,12,37.99,30.86,naive
2017-05-29,13,37.41,28.32,naive
2017-05-29,14,35.58,27.12,naive
2017-05-29,15,36.32,27.53,naive
2017-05-29,16,37.91,28.63,naive
2017-05-29,17,42.18,34.64,naive
2017-05-29,18,44.08,38.85,naive
2017-05-29,19,46.15,41.97,naive
2017-05-29,20,43.76,41.95,naive
2017-05-29,21,42.02,39.99,naive
2017-05-29,22,40.91,39.96,naive
2017-05-29,23,32.69,35.2,naive
2017-05-30,0,35.81,29.02,naive
2017-05-30,1,32.55,28.3,naive
2017-05-30,2,30.93,26.27,naive
2017-05-30,3,28.77,25.6,naive
2017-05-30,4,28.41,25.6,naive
2017-05-30,5,31.3,26.4,naive
2017-05-30,6,38.05,35.97,naive
2017-05-30,7,49.6,42.7,naive
2017-05-30,8,52.23,43.06,naive
2017-05-30,9,50.08,42.71,naive
2017-05-30,10,45.02,41.82,naive
2017-05-30,11,43.26,41.32,naive
2017-05-30,12,35.0,37.99,naive
2017-05-30,13,31.09,37.41,naive
2017-05-30,14,30.3,35.58,naive
2017-05-30,15,30.95,36.32,naive
2017-05-30,16,31.57,37.91,naive
2017-05-30,17,35.1,42.18,naive
2017-05-30,18,39.91,44.08,naive
2017-05-30,19,41.96,46.15,naive
2017-05-30,20,40.06,43.76,naive
2017-05-30,21,39.21,42.02,naive
2017-05-30,22,34.44,40.91,naive
2017-05-30,23,28.44,32.69,naive
2017-05-31,0,28.68,35.81,naive
2017-05-31,1,28.38,32.55,naive
2017-05-31,2,27.28,30.93,naive
2017-05-31,3,27.09,28.77,naive
2017-05-31,4,27.37,28.41,naive
2017-05-31,5,28.33,31.3,naive
2017-05-31,6,32.09,38.05,naive
2017-05-31,7,39.07,49.6,naive
2017-05-31,8,39.94,52.23,naive
2017-05-31,9,35.13,50.08,naive
2017-05-31,10,30.08,45.02,naive
2017-05-31,11,29.61,43.26,naive
2017-05-31,12,29.75,35.0,naive
2017-05-31,13,28.7,31.09,naive
2017-05-31,14,28.37,30.3,naive
2017-05-31,15,29.98,30.95,naive
2017-05-31,16,29.9,31.57,naive
2017-05-31,17,35.29,35.1,naive
2017-05-31,18,38.95,39.91,naive
2017-05-31,19,42.11,41.96,naive
2017-05-31,20,41.45,40.06,naive
2017-05-31,21,41.75,39.21,naive
2017-05-31,22,40.51,34.44,naive
2017-05-31,23,31.2,28.44,naive
2017-06-01,0,30.51,28.68,naive
2017-06-01,1,28.85,28.38,naive
2017-06-01,2,28.94,27.28,naive
2017-06-01,3,29.1,27.09,naive
2017-06-01,4,28.8,27.37,naive
2017-06-01,5,28.81,28.33,naive
2017-06-01,6,34.43,32.09,naive
2017-06-01,7,39.35,39.07,naive
2017-06-01,8,41.28,39.94,naive
2017-06-01,9,38.03,35.13,naive
2017-06-01,10,33.24,30.08,naive
2017-06-01,11,33.0,29.61,naive
2017-06-01,12,31.01,29.75,naive
2017-06-01,13,31.86,28.7,naive
2017-06-01,14,31.34,28.37,naive
2017-06-01,15,34.08,29.98,naive
2017-06-01,16,35.08,29.9,naive
2017-06-01,17,40.96,35.29,naive
2017-06-01,18,44.92,38.95,naive
2017-06-01,19,50.0,42.11,naive
2017-06-01,20,46.88,41.45,naive
2017-06-01,21,44.91,41.75,naive
2017-06-01,22,44.95,40.51,naive
2017-06-01,23,39.94,31.2,naive
2017-06-02,0,30.41,30.51,naive
2017-06-02,1,29.32,28.85,naive
2017-06-02,2,28.38,28.94,naive
2017-06-02,3,28.04,29.1,naive
2017-06-02,4,28.32,28.8,naive
2017-06-02,5,28.36,28.81,naive
2017-06-02,6,35.33,34.43,naive
2017-06-02,7,40.24,39.35,naive
2017-06-02,8,41.5,41.28,naive
2017-06-02,9,39.96,38.03,naive
2017-06-02,10,38.67,33.24,naive
2017-06-02,11,37.89,33.0,naive
2017-06-02,12,37.34,31.01,naive
2017-06-02,13,35.08,31.86,naive
2017-06-02,14,33.62,31.34,naive
2017-06-02,15,34.82,34.08,naive
2017-06-02,16,35.96,35.08,naive
2017-06-02,17,39.7,40.96,naive
2017-06-02,18,42.78,44.92,naive
2017-06-02,19,44.9,50.0,naive
2017-06-02,20,43.52,46.88,naive
2017-06-02,21,41.98,44.91,naive
2017-06-02,22,41.96,44.95,naive
2017-06-02,23,36.64,39.94,naive
2017-06-03,0,30.08,35.91,naive
2017-06-03,1,30.76,31.03,naive
2017-06-03,2,28.74,27.6,naive
2017-06-03,3,27.06,26.0,naive
2017-06-03,4,26.49,24.58,naive
2017-06-03,5,25.0,24.4,naive
2017-06-03,6,26.51,26.1,naive
2017-06-03,7,26.89,29.14,naive
2017-06-03,8,30.79,30.13,naive
2017-06-03,9,31.25,29.36,naive
2017-06-03,10,28.31,26.1,naive
2017-06-03,11,27.03,24.69,naive
2017-06-03,12,26.49,22.04,naive
2017-06-03,13,26.93,15.27,naive
2017-06-03,14,26.71,13.38,naive
2017-06-03,15,26.97,14.9,naive
2017-06-03,16,28.29,20.09,naive
2017-06-03,17,33.94,27.31,naive
2017-06-03,18,37.3,34.3,naive
2017-06-03,19,38.16,37.13,naive
2017-06-03,20,36.96,35.97,naive
2017-06-03,21,36.97,34.34,naive
2017-06-03,22,38.57,33.98,naive
2017-06-03,23,35.91,24.68,naive
2017-06-04,0,29.93,20.72,naive
2017-06-04,1,26.93,16.08,naive
2017-06-04,2,23.24,18.66,naive
2017-06-04,3,22.54,16.58,naive
2017-06-04,4,21.58,14.25,naive
2017-06-04,5,19.5,9.91,naive
2017-06-04,6,19.85,14.36,naive
2017-06-04,7,20.33,18.27,naive
2017-06-04,8,22.55,19.04,naive
2017-06-04,9,23.79,17.18,naive
2017-06-04,10,22.99,11.65,naive
2017-06-04,11,23.06,11.63,naive
2017-06-04,12,19.34,15.07,naive
2017-06-04,13,15.08,10.18,naive
2017-06-04,14,9.98,10.08,naive
2017-06-04,15,10.41,10.14,naive
2017-06-04,16,3.43,10.08,naive
2017-06-04,17,10.23,21.95,naive
2017-06-04,18,25.76,31.05,naive
2017-06-04,19,31.06,36.95,naive
2017-06-04,20,34.91,38.66,naive
2017-06-04,21,34.99,38.65,naive
2017-06-04,22,39.91,40.66,naive
2017-06-04,23,34.9,36.92,naive
2017-06-05,0,28.92,30.41,naive
2017-06-05,1,24.72,29.32,naive
2017-06-05,2,23.09,28.38,naive
2017-06-05,3,22.22,28.04,naive
2017-06-05,4,22.19,28.32,naive
2017-06-05,5,23.09,28.36,naive
2017-06-05,6,24.1,35.33,naive
2017-06-05,7,24.62,40.24,naive
2017-06-05,8,27.02,41.5,naive
2017-06-05,9,27.12,39.96,naive
2017-06-05,10,24.35,38.67,naive
2017-06-05,11,25.31,37.89,naive
2017-06-05,12,24.52,37.34,naive
2017-06-05,13,24.11,35.08,naive
2017-06-05,14,23.08,33.62,naive
2017-06-05,15,23.84,34.82,naive
2017-06-05,16,26.86,35.96,naive
2017-06-05,17,30.02,39.7,naive
2017-06-05,18,35.94,42.78,naive
2017-06-05,19,39.01,44.9,naive
2017-06-05,20,39.65,43.52,naive
2017-06-05,21,38.61,41.98,naive
2017-06-05,22,38.42,41.96,naive
2017-06-05,23,30.14,36.64,naive
2017-06-06,0,24.22,28.92,naive
2017-06-06,1,19.3,24.72,naive
2017-06-06,2,14.49,23.09,naive
2017-06-06,3,10.54,22.22,naive
2017-06-06,4,10.22,22.19,naive
2017-06-06,5,13.38,23.09,naive
2017-06-06,6,29.22,24.1,naive
2017-06-06,7,30.36,24.62,naive
2017-06-06,8,36.08,27.02,naive
2017-06-06,9,30.11,27.12,naive
2017-06-06,10,28.09,24.35,naive
2017-06-06,11,27.27,25.31,naive
2017-06-06,12,25.95,24.52,naive
2017-06-06,13,23.45,24.11,naive
2017-06-06,14,22.67,23.08,naive
2017-06-06,15,19.94,23.84,naive
2017-06-06,16,18.62,26.86,naive
2017-06-06,17,20.04,30.02,naive
2017-06-06,18,22.72,35.94,naive
2017-06-06,19,23.08,39.01,naive
2017-06-06,20,21.92,39.65,naive
2017-06-06,21,20.44,38.61,naive
2017-06-06,22,20.23,38.42,naive
2017-06-06,23,4.39,30.14,naive
2017-06-07,0,10.67,24.22,naive
2017-06-07,1,8.8,19.3,naive
2017-06-07,2,6.82,14.49,naive
2017-06-07,3,2.1,10.54,naive
2017-06-07,4,1.74,10.22,naive
2017-06-07,5,5.26,13.38,naive
2017-06-07,6,12.33,29.22,naive
2017-06-07,7,23.07,30.36,naive
2017-06-07,8,18.06,36.08,naive
2017-06-07,9,10.05,30.11,naive
2017-06-07,10,9.66,28.09,naive
2017-06-07,11,10.3,27.27,naive
2017-06-07,12,9.65,25.95,naive
2017-06-07,13,10.19,23.45,naive
2017-06-07,14,8.97,22.67,naive
2017-06-07,15,9.71,19.94,naive
2017-06-07,16,10.17,18.62,naive
2017-06-07,17,11.79,20.04,naive
2017-06-07,18,20.37,22.72,naive
2017-06-07,19,25.78,23.08,naive
2017-06-07,20,24.08,21.92,naive
2017-06-07,21,25.56,20.44,naive
2017-06-07,22,25.45,20.23,naive
2017-06-07,23,18.93,4.39,naive
2017-06-08,0,14.09,10.67,naive
2017-06-08,1,10.2,8.8,naive
2017-06-08,2,9.91,6.82,naive
2017-06-08,3,9.86,2.1,naive
2017-06-08,4,9.92,1.74,naive
2017-06-08,5,19.06,5.26,naive
2017-06-08,6,32.77,12.33,naive
2017-06-08,7,35.51,23.07,naive
2017-06-08,8,35.51,18.06,naive
2017-06-08,9,33.65,10.05,naive
2017-06-08,10,32.25,9.66,naive
2017-06-08,11,32.45,10.3,naive
2017-06-08,12,31.13,9.65,naive
2017-06-08,13,30.0,10.19,naive
2017-06-08,14,29.88,8.97,naive
2017-06-08,15,30.02,9.71,naive
2017-06-08,16,31.65,10.17,naive
2017-06-08,17,34.79,11.79,naive
2017-06-08,18,38.01,20.37,naive
2017-06-08,19,43.91,25.78,naive
2017-06-08,20,41.87,24.08,naive
2017-06-08,21,37.6,25.56,naive
2017-06-08,22,36.13,25.45,naive
2017-06-08,23,30.75,18.93,naive
2017-06-09,0,28.18,14.09,naive
2017-06-09,1,27.92,10.2,naive
2017-06-09,2,25.88,9.91,naive
2017-06-09,3,24.63,9.86,naive
2017-06-09,4,24.9,9.92,naive
2017-06-09,5,28.21,19.06,naive
2017-06-09,6,33.29,32.77,naive
2017-06-09,7,39.38,35.51,naive
2017-06-09,8,42.59,35.51,naive
2017-06-09,9,40.59,33.65,naive
2017-06-09,10,40.22,32.25,naive
2017-06-09,11,40.81,32.45,naive
2017-06-09,12,36.38,31.13,naive
2017-06-09,13,33.83,30.0,naive
2017-06-09,14,31.05,29.88,naive
2017-06-09,15,29.09,30.02,naive
2017-06-09,16,29.69,31.65,naive
2017-06-09,17,31.44,34.79,naive
2017-06-09,18,33.2,38.01,naive
2017-06-09,19,35.07,43.91,naive
2017-06-09,20,34.97,41.87,naive
2017-06-09,21,35.9,37.6,naive
2017-06-09,22,37.86,36.13,naive
2017-06-09,23,36.01,30.75,naive
2017-06-10,0,34.65,30.08,naive
2017-06-10,1,31.92,30.76,naive
2017-06-10,2,28.9,28.74,naive
2017-06-10,3,27.68,27.06,naive
2017-06-10,4,27.06,26.49,naive
2017-06-10,5,27.05,25.0,naive
2017-06-10,6,27.79,26.51,naive
2017-06-10,7,29.71,26.89,naive
2017-06-10,8,30.9,30.79,naive
2017-06-10,9,31.94,31.25,naive
2017-06-10,10,29.9,28.31,naive
2017-06-10,11,29.94,27.03,naive
2017-06-10,12,28.35,26.49,naive
2017-06-10,13,25.86,26.93,naive
2017-06-10,14,25.01,26.71,naive
2017-06-10,15,25.03,26.97,naive
2017-06-10,16,26.6,28.29,naive
2017-06-10,17,29.1,33.94,naive
2017-06-10,18,35.41,37.3,naive
2017-06-10,19,38.24,38.16,naive
2017-06-10,20,38.78,36.96,naive
2017-06-10,21,38.28,36.97,naive
2017-06-10,22,39.68,38.57,naive
2017-06-10,23,36.94,35.91,naive
2017-06-11,0,29.1,29.93,naive
2017-06-11,1,25.12,26.93,naive
2017-06-11,2,21.78,23.24,naive
2017-06-11,3,18.0,22.54,naive
2017-06-11,4,15.39,21.58,naive
2017-06-11,5,12.6,19.5,naive
2017-06-11,6,12.84,19.85,naive
2017-06-11,7,16.49,20.33,naive
2017-06-11,8,18.0,22.55,naive
2017-06-11,9,18.75,23.79,naive
2017-06-11,10,18.95,22.99,naive
2017-06-11,11,20.58,23.06,naive
2017-06-11,12,10.19,19.34,naive
2017-06-11,13,8.35,15.08,naive
2017-06-11,14,10.34,9.98,naive
2017-06-11,15,10.18,10.41,naive
2017-06-11,16,18.87,3.43,naive
2017-06-11,17,23.58,10.23,naive
2017-06-11,18,30.36,25.76,naive
2017-06-11,19,33.13,31.06,naive
2017-06-11,20,33.62,34.91,naive
2017-06-11,21,33.4,34.99,naive
2017-06-11,22,33.7,39.91,naive
2017-06-11,23,28.61,34.9,naive
2017-06-12,0,25.02,28.18,naive
2017-06-12,1,20.66,27.92,naive
2017-06-12,2,18.15,25.88,naive
2017-06-12,3,14.6,24.63,naive
2017-06-12,4,15.66,24.9,naive
2017-06-12,5,20.37,28.21,naive
2017-06-12,6,30.08,33.29,naive
2017-06-12,7,36.04,39.38,naive
2017-06-12,8,36.45,42.59,naive
2017-06-12,9,34.49,40.59,naive
2017-06-12,10,28.81,40.22,naive
2017-06-12,11,26.83,40.81,naive
2017-06-12,12,18.51,36.38,naive
2017-06-12,13,11.31,33.83,naive
2017-06-12,14,10.92,31.05,naive
2017-06-12,15,11.72,29.09,naive
2017-06-12,16,10.01,29.69,naive
2017-06-12,17,19.77,31.44,naive
2017-06-12,18,28.98,33.2,naive
2017-06-12,19,35.91,35.07,naive
2017-06-12,20,35.91,34.97,naive
2017-06-12,21,35.43,35.9,naive
2017-06-12,22,36.99,37.86,naive
2017-06-12,23,29.97,36.01,naive
2017-06-13,0,28.06,25.02,naive
2017-06-13,1,27.0,20.66,naive
2017-06-13,2,24.63,18.15,naive
2017-06-13,3,23.47,14.6,naive
2017-06-13,4,23.95,15.66,naive
2017-06-13,5,25.5,20.37,naive
2017-06-13,6,33.12,30.08,naive
2017-06-13,7,39.47,36.04,naive
2017-06-13,8,40.0,36.45,naive
2017-06-13,9,33.9,34.49,naive
2017-06-13,10,29.92,28.81,naive
2017-06-13,11,29.65,26.83,naive
2017-06-13,12,28.07,18.51,naive
2017-06-13,13,28.43,11.31,naive
2017-06-13,14,28.46,10.92,naive
2017-06-13,15,29.17,11.72,naive
2017-06-13,16,33.98,10.01,naive
2017-06-13,17,36.9,19.77,naive
2017-06-13,18,38.52,28.98,naive
2017-06-13,19,42.92,35.91,naive
2017-06-13,20,41.95,35.91,naive
2017-06-13,21,40.96,35.43,naive
2017-06-13,22,41.12,36.99,naive
2017-06-13,23,36.9,29.97,naive
2017-06-14,0,32.21,28.06,naive
2017-06-14,1,29.18,27.0,naive
2017-06-14,2,28.95,24.63,naive
2017-06-14,3,27.86,23.47,naive
2017-06-14,4,27.5,23.95,naive
2017-06-14,5,28.98,25.5,naive
2017-06-14,6,34.4,33.12,naive
2017-06-14,7,41.26,39.47,naive
2017-06-14,8,43.76,40.0,naive
2017-06-14,9,41.63,33.9,naive
2017-06-14,10,41.12,29.92,naive
2017-06-14,11,39.93,29.65,naive
2017-06-14,12,36.94,28.07,naive
2017-06-14,13,35.99,28.43,naive
2017-06-14,14,35.92,28.46,naive
2017-06-14,15,35.02,29.17,naive
2017-06-14,16,35.85,33.98,naive
2017-06-14,17,40.53,36.9,naive
2017-06-14,18,45.26,38.52,naive
2017-06-14,19,49.95,42.92,naive
2017-06-14,20,44.64,41.95,naive
2017-06-14,21,42.91,40.96,naive
2017-06-14,22,42.8,41.12,naive
2017-06-14,23,35.44,36.9,naive
2017-06-15,0,33.0,32.21,naive
2017-06-15,1,31.04,29.18,naive
2017-06-15,2,30.97,28.95,naive
2017-06-15,3,29.39,27.86,naive
2017-06-15,4,28.8,27.5,naive
2017-06-15,5,28.88,28.98,naive
2017-06-15,6,32.02,34.4,naive
2017-06-15,7,37.81,41.26,naive
2017-06-15,8,38.0,43.76,naive
2017-06-15,9,35.49,41.63,naive
2017-06-15,10,29.95,41.12,naive
2017-06-15,11,31.97,39.93,naive
2017-06-15,12,28.44,36.94,naive
2017-06-15,13,27.73,35.99,naive
2017-06-15,14,28.55,35.92,naive
2017-06-15,15,27.16,35.02,naive
2017-06-15,16,29.51,35.85,naive
2017-06-15,17,33.81,40.53,naive
2017-06-15,18,36.9,45.26,naive
2017-06-15,19,37.01,49.95,naive
2017-06-15,20,36.62,44.64,naive
2017-06-15,21,35.02,42.91,naive
2017-06-15,22,34.58,42.8,naive
2017-06-15,23,30.0,35.44,naive
2017-06-16,0,28.5,33.0,naive
2017-06-16,1,23.93,31.04,naive
2017-06-16,2,22.0,30.97,naive
2017-06-16,3,21.07,29.39,naive
2017-06-16,4,21.05,28.8,naive
2017-06-16,5,22.41,28.88,naive
2017-06-16,6,28.69,32.02,naive
2017-06-16,7,33.53,37.81,naive
2017-06-16,8,28.66,38.0,naive
2017-06-16,9,27.32,35.49,naive
2017-06-16,10,21.97,29.95,naive
2017-06-16,11,18.84,31.97,naive
2017-06-16,12,9.82,28.44,naive
2017-06-16,13,7.53,27.73,naive
2017-06-16,14,0.88,28.55,naive
2017-06-16,15,1.52,27.16,naive
2017-06-16,16,7.51,29.51,naive
2017-06-16,17,10.1,33.81,naive
2017-06-16,18,20.73,36.9,naive
2017-06-16,19,25.08,37.01,naive
2017-06-16,20,26.49,36.62,naive
2017-06-16,21,26.56,35.02,naive
2017-06-16,22,28.67,34.58,naive
2017-06-16,23,21.83,30.0,naive
2017-06-17,0,19.81,34.65,naive
2017-06-17,1,14.97,31.92,naive
2017-06-17,2,17.08,28.9,naive
2017-06-17,3,19.49,27.68,naive
2017-06-17,4,18.46,27.06,naive
2017-06-17,5,19.77,27.05,naive
2017-06-17,6,19.14,27.79,naive
2017-06-17,7,21.0,29.71,naive
2017-06-17,8,23.01,30.9,naive
2017-06-17,9,23.49,31.94,naive
2017-06-17,10,22.76,29.9,naive
2017-06-17,11,22.35,29.94,naive
2017-06-17,12,21.03,28.35,naive
2017-06-17,13,21.08,25.86,naive
2017-06-17,14,20.16,25.01,naive
2017-06-17,15,20.1,25.03,naive
2017-06-17,16,22.68,26.6,naive
2017-06-17,17,27.62,29.1,naive
2017-06-17,18,31.63,35.41,naive
2017-06-17,19,35.1,38.24,naive
2017-06-17,20,35.83,38.78,naive
2017-06-17,21,36.97,38.28,naive
2017-06-17,22,38.0,39.68,naive
2017-06-17,23,35.85,36.94,naive
2017-06-18,0,35.99,29.1,naive
2017-06-18,1,30.08,25.12,naive
2017-06-18,2,28.53,21.78,naive
2017-06-18,3,26.81,18.0,naive
2017-06-18,4,25.11,15.39,naive
2017-06-18,5,24.29,12.6,naive
2017-06-18,6,24.33,12.84,naive
2017-06-18,7,25.68,16.49,naive
2017-06-18,8,25.54,18.0,naive
2017-06-18,9,24.4,18.75,naive
2017-06-18,10,24.34,18.95,naive
2017-06-18,11,24.24,20.58,naive
2017-06-18,12,24.13,10.19,naive
2017-06-18,13,23.53,8.35,naive
2017-06-18,14,21.98,10.34,naive
2017-06-18,15,22.9,10.18,naive
2017-06-18,16,23.6,18.87,naive
2017-06-18,17,27.18,23.58,naive
2017-06-18,18,33.52,30.36,naive
2017-06-18,19,37.48,33.13,naive
2017-06-18,20,38.98,33.62,naive
2017-06-18,21,39.09,33.4,naive
2017-06-18,22,41.22,33.7,naive
2017-06-18,23,37.08,28.61,naive
2017-06-19,0,33.88,28.5,naive
2017-06-19,1,30.2,23.93,naive
2017-06-19,2,29.1,22.0,naive
2017-06-19,3,28.67,21.07,naive
2017-06-19,4,28.57,21.05,naive
2017-06-19,5,29.1,22.41,naive
2017-06-19,6,38.3,28.69,naive
2017-06-19,7,42.97,33.53,naive
2017-06-19,8,44.03,28.66,naive
2017-06-19,9,40.98,27.32,naive
2017-06-19,10,38.24,21.97,naive
2017-06-19,11,38.49,18.84,naive
2017-06-19,12,34.96,9.82,naive
2017-06-19,13,35.06,7.53,naive
2017-06-19,14,35.88,0.88,naive
2017-06-19,15,38.33,1.52,naive
2017-06-19,16,39.51,7.51,naive
2017-06-19,17,42.1,10.1,naive
2017-06-19,18,45.6,20.73,naive
2017-06-19,19,49.99,25.08,naive
2017-06-19,20,45.4,26.49,naive
2017-06-19,21,44.13,26.56,naive
2017-06-19,22,43.68,28.67,naive
2017-06-19,23,36.66,21.83,naive
2017-06-20,0,32.39,33.88,naive
2017-06-20,1,32.1,30.2,naive
2017-06-20,2,30.15,29.1,naive
2017-06-20,3,28.74,28.67,naive
2017-06-20,4,28.47,28.57,naive
2017-06-20,5,30.47,29.1,naive
2017-06-20,6,36.81,38.3,naive
2017-06-20,7,43.36,42.97,naive
2017-06-20,8,44.02,44.03,naive
2017-06-20,9,42.3,40.98,naive
2017-06-20,10,39.66,38.24,naive
2017-06-20,11,36.99,38.49,naive
2017-06-20,12,32.75,34.96,naive
2017-06-20,13,32.0,35.06,naive
2017-06-20,14,31.84,35.88,naive
2017-06-20,15,31.86,38.33,naive
2017-06-20,16,31.99,39.51,naive
2017-06-20,17,37.34,42.1,naive
2017-06-20,18,38.08,45.6,naive
2017-06-20,19,39.71,49.99,naive
2017-06-20,20,39.95,45.4,naive
2017-06-20,21,38.9,44.13,naive
2017-06-20,22,38.57,43.68,naive
2017-06-20,23,34.91,36.66,naive
2017-06-21,0,32.05,32.39,naive
2017-06-21,1,31.94,32.1,naive
2017-06-21,2,31.34,30.15,naive
2017-06-21,3,30.87,28.74,naive
2017-06-21,4,30.68,28.47,naive
2017-06-21,5,30.92,30.47,naive
2017-06-21,6,38.41,36.81,naive
2017-06-21,7,44.02,43.36,naive
2017-06-21,8,44.65,44.02,naive
2017-06-21,9,43.24,42.3,naive
2017-06-21,10,40.06,39.66,naive
2017-06-21,11,39.54,36.99,naive
2017-06-21,12,37.64,32.75,naive
2017-06-21,13,36.09,32.0,naive
2017-06-21,14,33.65,31.84,naive
2017-06-21,15,34.69,31.86,naive
2017-06-21,16,38.2,31.99,naive
2017-06-21,17,45.64,37.34,naive
2017-06-21,18,50.94,38.08,naive
2017-06-21,19,56.95,39.71,naive
2017-06-21,20,51.03,39.95,naive
2017-06-21,21,45.44,38.9,naive
2017-06-21,22,44.05,38.57,naive
2017-06-21,23,36.68,34.91,naive
2017-06-22,0,35.94,32.05,naive
2017-06-22,1,34.45,31.94,naive
2017-06-22,2,32.04,31.34,naive
2017-06-22,3,30.96,30.87,naive
2017-06-22,4,29.2,30.68,naive
2017-06-22,5,30.2,30.92,naive
2017-06-22,6,36.46,38.41,naive
2017-06-22,7,42.39,44.02,naive
2017-06-22,8,44.8,44.65,naive
2017-06-22,9,40.88,43.24,naive
2017-06-22,10,38.91,40.06,naive
2017-06-22,11,37.15,39.54,naive
2017-06-22,12,34.96,37.64,naive
2017-06-22,13,31.71,36.09,naive
2017-06-22,14,30.29,33.65,naive
2017-06-22,15,30.37,34.69,naive
2017-06-22,16,30.17,38.2,naive
2017-06-22,17,37.43,45.64,naive
2017-06-22,18,39.9,50.94,naive
2017-06-22,19,41.91,56.95,naive
2017-06-22,20,38.99,51.03,naive
2017-06-22,21,37.56,45.44,naive
2017-06-22,22,36.07,44.05,naive
2017-06-22,23,30.95,36.68,naive
2017-06-23,0,25.33,35.94,naive
2017-06-23,1,23.55,34.45,naive
2017-06-23,2,22.43,32.04,naive
2017-06-23,3,21.41,30.96,naive
2017-06-23,4,21.59,29.2,naive
2017-06-23,5,23.34,30.2,naive
2017-06-23,6,28.09,36.46,naive
2017-06-23,7,36.26,42.39,naive
2017-06-23,8,38.28,44.8,naive
2017-06-23,9,34.09,40.88,naive
2017-06-23,10,30.45,38.91,naive
2017-06-23,11,29.05,37.15,naive
2017-06-23,12,27.77,34.96,naive
2017-06-23,13,26.1,31.71,naive
2017-06-23,14,25.07,30.29,naive
2017-06-23,15,24.98,30.37,naive
2017-06-23,16,25.01,30.17,naive
2017-06-23,17,29.06,37.43,naive
2017-06-23,18,36.46,39.9,naive
2017-06-23,19,38.42,41.91,naive
2017-06-23,20,38.44,38.99,naive
2017-06-23,21,37.98,37.56,naive
2017-06-23,22,39.23,36.07,naive
2017-06-23,23,36.43,30.95,naive
2017-06-24,0,29.33,19.81,naive
2017-06-24,1,28.01,14.97,naive
2017-06-24,2,24.01,17.08,naive
2017-06-24,3,23.02,19.49,naive
2017-06-24,4,20.6,18.46,naive
2017-06-24,5,19.99,19.77,naive
2017-06-24,6,22.09,19.14,naive
2017-06-24,7,24.53,21.0,naive
2017-06-24,8,25.66,23.01,naive
2017-06-24,9,24.8,23.49,naive
2017-06-24,10,22.0,22.76,naive
2017-06-24,11,11.82,22.35,naive
2017-06-24,12,11.79,21.03,naive
2017-06-24,13,10.32,21.08,naive
2017-06-24,14,7.38,20.16,naive
2017-06-24,15,9.77,20.1,naive
2017-06-24,16,12.64,22.68,naive
2017-06-24,17,20.31,27.62,naive
2017-06-24,18,29.59,31.63,naive
2017-06-24,19,31.07,35.1,naive
2017-06-24,20,29.82,35.83,naive
2017-06-24,21,31.38,36.97,naive
2017-06-24,22,31.94,38.0,naive
2017-06-24,23,29.75,35.85,naive
2017-06-25,0,28.06,35.99,naive
2017-06-25,1,23.59,30.08,naive
2017-06-25,2,20.79,28.53,naive
2017-06-25,3,18.25,26.81,naive
2017-06-25,4,14.45,25.11,naive
2017-06-25,5,10.25,24.29,naive
2017-06-25,6,10.26,24.33,naive
2017-06-25,7,17.69,25.68,naive
2017-06-25,8,17.77,25.54,naive
2017-06-25,9,16.11,24.4,naive
2017-06-25,10,13.29,24.34,naive
2017-06-25,11,13.61,24.24,naive
2017-06-25,12,11.27,24.13,naive
2017-06-25,13,7.32,23.53,naive
2017-06-25,14,0.65,21.98,naive
2017-06-25,15,3.3,22.9,naive
2017-06-25,16,8.17,23.6,naive
2017-06-25,17,17.01,27.18,naive
2017-06-25,18,21.69,33.52,naive
2017-06-25,19,29.21,37.48,naive
2017-06-25,20,33.94,38.98,naive
2017-06-25,21,35.21,39.09,naive
2017-06-25,22,38.91,41.22,naive
2017-06-25,23,36.21,37.08,naive
2017-06-26,0,33.29,25.33,naive
2017-06-26,1,30.8,23.55,naive
2017-06-26,2,28.03,22.43,naive
2017-06-26,3,26.16,21.41,naive
2017-06-26,4,23.96,21.59,naive
2017-06-26,5,26.21,23.34,naive
2017-06-26,6,37.12,28.09,naive
2017-06-26,7,39.43,36.26,naive
2017-06-26,8,38.98,38.28,naive
2017-06-26,9,34.43,34.09,naive
2017-06-26,10,28.85,30.45,naive
2017-06-26,11,28.09,29.05,naive
2017-06-26,12,27.49,27.77,naive
2017-06-26,13,27.35,26.1,naive
2017-06-26,14,26.2,25.07,naive
2017-06-26,15,27.2,24.98,naive
2017-06-26,16,28.03,25.01,naive
2017-06-26,17,35.38,29.06,naive
2017-06-26,18,39.9,36.46,naive
2017-06-26,19,42.91,38.42,naive
2017-06-26,20,41.58,38.44,naive
2017-06-26,21,40.55,37.98,naive
2017-06-26,22,42.4,39.23,naive
2017-06-26,23,38.46,36.43,naive
2017-06-27,0,31.07,33.29,naive
2017-06-27,1,30.07,30.8,naive
2017-06-27,2,29.09,28.03,naive
2017-06-27,3,29.04,26.16,naive
2017-06-27,4,28.69,23.96,naive
2017-06-27,5,29.41,26.21,naive
2017-06-27,6,37.94,37.12,naive
2017-06-27,7,43.55,39.43,naive
2017-06-27,8,46.66,38.98,naive
2017-06-27,9,46.3,34.43,naive
2017-06-27,10,46.69,28.85,naive
2017-06-27,11,48.04,28.09,naive
2017-06-27,12,45.95,27.49,naive
2017-06-27,13,44.45,27.35,naive
2017-06-27,14,44.1,26.2,naive
2017-06-27,15,40.15,27.2,naive
2017-06-27,16,42.53,28.03,naive
2017-06-27,17,42.6,35.38,naive
2017-06-27,18,43.93,39.9,naive
2017-06-27,19,43.95,42.91,naive
2017-06-27,20,40.24,41.58,naive
2017-06-27,21,37.98,40.55,naive
2017-06-27,22,32.62,42.4,naive
2017-06-27,23,27.3,38.46,naive
2017-06-28,0,28.77,31.07,naive
2017-06-28,1,27.35,30.07,naive
2017-06-28,2,26.38,29.09,naive
2017-06-28,3,26.02,29.04,naive
2017-06-28,4,25.96,28.69,naive
2017-06-28,5,27.96,29.41,naive
2017-06-28,6,32.76,37.94,naive
2017-06-28,7,38.64,43.55,naive
2017-06-28,8,41.51,46.66,naive
2017-06-28,9,41.99,46.3,naive
2017-06-28,10,41.95,46.69,naive
2017-06-28,11,42.7,48.04,naive
2017-06-28,12,41.45,45.95,naive
2017-06-28,13,38.97,44.45,naive
2017-06-28,14,36.57,44.1,naive
2017-06-28,15,33.79,40.15,naive
2017-06-28,16,34.9,42.53,naive
2017-06-28,17,38.4,42.6,naive
2017-06-28,18,38.97,43.93,naive
2017-06-28,19,40.0,43.95,naive
2017-06-28,20,38.95,40.24,naive
2017-06-28,21,35.61,37.98,naive
2017-06-28,22,35.92,32.62,naive
2017-06-28,23,31.24,27.3,naive
2017-06-29,0,32.42,28.77,naive
2017-06-29,1,30.59,27.35,naive
2017-06-29,2,29.94,26.38,naive
2017-06-29,3,29.03,26.02,naive
2017-06-29,4,29.05,25.96,naive
2017-06-29,5,30.12,27.96,naive
2017-06-29,6,33.95,32.76,naive
2017-06-29,7,41.9,38.64,naive
2017-06-29,8,46.96,41.51,naive
2017-06-29,9,47.53,41.99,naive
2017-06-29,10,47.53,41.95,naive
2017-06-29,11,47.81,42.7,naive
2017-06-29,12,45.99,41.45,naive
2017-06-29,13,45.2,38.97,naive
2017-06-29,14,41.71,36.57,naive
2017-06-29,15,39.17,33.79,naive
2017-06-29,16,38.28,34.9,naive
2017-06-29,17,38.23,38.4,naive
2017-06-29,18,38.94,38.97,naive
2017-06-29,19,39.01,40.0,naive
2017-06-29,20,35.52,38.95,naive
2017-06-29,21,34.99,35.61,naive
2017-06-29,22,36.48,35.92,naive
2017-06-29,23,33.5,31.24,naive
2017-06-30,0,29.29,32.42,naive
2017-06-30,1,29.01,30.59,naive
2017-06-30,2,28.06,29.94,naive
2017-06-30,3,27.0,29.03,naive
2017-06-30,4,25.58,29.05,naive
2017-06-30,5,28.0,30.12,naive
2017-06-30,6,31.96,33.95,naive
2017-06-30,7,37.93,41.9,naive
2017-06-30,8,38.91,46.96,naive
2017-06-30,9,35.99,47.53,naive
2017-06-30,10,35.51,47.53,naive
2017-06-30,11,32.24,47.81,naive
2017-06-30,12,29.33,45.99,naive
2017-06-30,13,27.29,45.2,naive
2017-06-30,14,25.08,41.71,naive
2017-06-30,15,25.09,39.17,naive
2017-06-30,16,27.29,38.28,naive
2017-06-30,17,30.51,38.23,naive
2017-06-30,18,36.36,38.94,naive
2017-06-30,19,38.92,39.01,naive
2017-06-30,20,38.71,35.52,naive
2017-06-30,21,36.61,34.99,naive
2017-06-30,22,38.95,36.48,naive
2017-06-30,23,34.07,33.5,naive
2017-07-01,0,32.17,29.33,naive
2017-07-01,1,29.04,28.01,naive
2017-07-01,2,26.96,24.01,naive
2017-07-01,3,26.08,23.02,naive
2017-07-01,4,26.04,20.6,naive
2017-07-01,5,25.59,19.99,naive
2017-07-01,6,25.56,22.09,naive
2017-07-01,7,26.77,24.53,naive
2017-07-01,8,28.82,25.66,naive
2017-07-01,9,32.4,24.8,naive
2017-07-01,10,33.35,22.0,naive
2017-07-01,11,33.15,11.82,naive
2017-07-01,12,29.1,11.79,naive
2017-07-01,13,26.07,10.32,naive
2017-07-01,14,26.33,7.38,naive
2017-07-01,15,26.04,9.77,naive
2017-07-01,16,26.09,12.64,naive
2017-07-01,17,29.01,20.31,naive
2017-07-01,18,29.34,29.59,naive
2017-07-01,19,29.89,31.07,naive
2017-07-01,20,30.12,29.82,naive
2017-07-01,21,29.63,31.38,naive
2017-07-01,22,28.87,31.94,naive
2017-07-01,23,26.26,29.75,naive
2017-07-02,0,24.36,28.06,naive
2017-07-02,1,23.12,23.59,naive
2017-07-02,2,22.73,20.79,naive
2017-07-02,3,22.63,18.25,naive
2017-07-02,4,20.27,14.45,naive
2017-07-02,5,20.59,10.25,naive
2017-07-02,6,21.3,10.26,naive
2017-07-02,7,23.07,17.69,naive
2017-07-02,8,24.76,17.77,naive
2017-07-02,9,25.56,16.11,naive
2017-07-02,10,20.71,13.29,naive
2017-07-02,11,23.32,13.61,naive
2017-07-02,12,21.36,11.27,naive
2017-07-02,13,19.08,7.32,naive
2017-07-02,14,10.47,0.65,naive
2017-07-02,15,9.96,3.3,naive
2017-07-02,16,17.31,8.17,naive
2017-07-02,17,19.72,17.01,naive
2017-07-02,18,28.63,21.69,naive
2017-07-02,19,32.9,29.21,naive
2017-07-02,20,35.37,33.94,naive
2017-07-02,21,37.0,35.21,naive
2017-07-02,22,38.92,38.91,naive
2017-07-02,23,37.06,36.21,naive
2017-07-03,0,26.04,29.29,naive
2017-07-03,1,23.51,29.01,naive
2017-07-03,2,22.86,28.06,naive
2017-07-03,3,22.56,27.0,naive
2017-07-03,4,24.86,25.58,naive
2017-07-03,5,26.78,28.0,naive
2017-07-03,6,34.93,31.96,naive
2017-07-03,7,41.25,37.93,naive
2017-07-03,8,41.61,38.91,naive
2017-07-03,9,38.94,35.99,naive
2017-07-03,10,35.35,35.51,naive
2017-07-03,11,32.92,32.24,naive
2017-07-03,12,28.68,29.33,naive
2017-07-03,13,28.17,27.29,naive
2017-07-03,14,26.91,25.08,naive
2017-07-03,15,28.02,25.09,naive
2017-07-03,16,28.59,27.29,naive
2017-07-03,17,32.18,30.51,naive
2017-07-03,18,38.94,36.36,naive
2017-07-03,19,42.78,38.92,naive
2017-07-03,20,40.91,38.71,naive
2017-07-03,21,39.37,36.61,naive
2017-07-03,22,39.91,38.95,naive
2017-07-03,23,32.04,34.07,naive
2017-07-04,0,28.83,26.04,naive
2017-07-04,1,28.63,23.51,naive
2017-07-04,2,28.49,22.86,naive
2017-07-04,3,28.43,22.56,naive
2017-07-04,4,27.99,24.86,naive
2017-07-04,5,28.44,26.78,naive
2017-07-04,6,35.81,34.93,naive
2017-07-04,7,41.63,41.25,naive
2017-07-04,8,41.79,41.61,naive
2017-07-04,9,36.0,38.94,naive
2017-07-04,10,34.74,35.35,naive
2017-07-04,11,32.97,32.92,naive
2017-07-04,12,31.93,28.68,naive
2017-07-04,13,31.93,28.17,naive
2017-07-04,14,30.55,26.91,naive
2017-07-04,15,32.6,28.02,naive
2017-07-04,16,32.93,28.59,naive
2017-07-04,17,36.95,32.18,naive
2017-07-04,18,40.0,38.94,naive
2017-07-04,19,44.04,42.78,naive
2017-07-04,20,43.1,40.91,naive
2017-07-04,21,41.68,39.37,naive
2017-07-04,22,40.54,39.91,naive
2017-07-04,23,37.29,32.04,naive
2017-07-05,0,34.99,28.83,naive
2017-07-05,1,32.51,28.63,naive
2017-07-05,2,31.02,28.49,naive
2017-07-05,3,29.07,28.43,naive
2017-07-05,4,29.54,27.99,naive
2017-07-05,5,31.89,28.44,naive
2017-07-05,6,38.02,35.81,naive
2017-07-05,7,43.92,41.63,naive
2017-07-05,8,46.01,41.79,naive
2017-07-05,9,44.18,36.0,naive
2017-07-05,10,43.71,34.74,naive
2017-07-05,11,42.06,32.97,naive
2017-07-05,12,38.93,31.93,naive
2017-07-05,13,38.09,31.93,naive
2017-07-05,14,37.44,30.55,naive
2017-07-05,15,37.38,32.6,naive
2017-07-05,16,38.9,32.93,naive
2017-07-05,17,41.51,36.95,naive
2017-07-05,18,42.52,40.0,naive
2017-07-05,19,44.55,44.04,naive
2017-07-05,20,44.15,43.1,naive
2017-07-05,21,43.93,41.68,naive
2017-07-05,22,41.66,40.54,naive
2017-07-05,23,36.07,37.29,naive
2017-07-06,0,33.03,34.99,naive
2017-07-06,1,32.21,32.51,naive
2017-07-06,2,30.62,31.02,naive
2017-07-06,3,30.11,29.07,naive
2017-07-06,4,29.19,29.54,naive
2017-07-06,5,32.06,31.89,naive
2017-07-06,6,36.94,38.02,naive
2017-07-06,7,42.29,43.92,naive
2017-07-06,8,48.24,46.01,naive
2017-07-06,9,43.08,44.18,naive
2017-07-06,10,41.86,43.71,naive
2017-07-06,11,40.03,42.06,naive
2017-07-06,12,35.71,38.93,naive
2017-07-06,13,35.75,38.09,naive
2017-07-06,14,35.54,37.44,naive
2017-07-06,15,39.52,37.38,naive
2017-07-06,16,40.6,38.9,naive
2017-07-06,17,44.31,41.51,naive
2017-07-06,18,45.87,42.52,naive
2017-07-06,19,53.71,44.55,naive
2017-07-06,20,49.56,44.15,naive
2017-07-06,21,46.03,43.93,naive
2017-07-06,22,42.71,41.66,naive
2017-07-06,23,35.61,36.07,naive
2017-07-07,0,34.16,33.03,naive
2017-07-07,1,32.07,32.21,naive
2017-07-07,2,30.8,30.62,naive
2017-07-07,3,30.69,30.11,naive
2017-07-07,4,29.64,29.19,naive
2017-07-07,5,30.84,32.06,naive
2017-07-07,6,35.87,36.94,naive
2017-07-07,7,41.88,42.29,naive
2017-07-07,8,45.54,48.24,naive
2017-07-07,9,45.58,43.08,naive
2017-07-07,10,44.61,41.86,naive
2017-07-07,11,43.31,40.03,naive
2017-07-07,12,39.65,35.71,naive
2017-07-07,13,34.43,35.75,naive
2017-07-07,14,32.05,35.54,naive
2017-07-07,15,31.84,39.52,naive
2017-07-07,16,32.4,40.6,naive
2017-07-07,17,37.87,44.31,naive
2017-07-07,18,40.58,45.87,naive
2017-07-07,19,42.74,53.71,naive
2017-07-07,20,41.8,49.56,naive
2017-07-07,21,40.46,46.03,naive
2017-07-07,22,40.99,42.71,naive
2017-07-07,23,35.91,35.61,naive
2017-07-08,0,37.08,32.17,naive
2017-07-08,1,34.64,29.04,naive
2017-07-08,2,32.05,26.96,naive
2017-07-08,3,30.68,26.08,naive
2017-07-08,4,29.87,26.04,naive
2017-07-08,5,29.09,25.59,naive
2017-07-08,6,30.0,25.56,naive
2017-07-08,7,32.02,26.77,naive
2017-07-08,8,34.58,28.82,naive
2017-07-08,9,36.71,32.4,naive
2017-07-08,10,35.89,33.35,naive
2017-07-08,11,35.37,33.15,naive
2017-07-08,12,33.22,29.1,naive
2017-07-08,13,31.41,26.07,naive
2017-07-08,14,30.18,26.33,naive
2017-07-08,15,30.05,26.04,naive
2017-07-08,16,31.4,26.09,naive
2017-07-08,17,33.18,29.01,naive
2017-07-08,18,36.98,29.34,naive
2017-07-08,19,40.04,29.89,naive
2017-07-08,20,39.63,30.12,naive
2017-07-08,21,39.82,29.63,naive
2017-07-08,22,42.09,28.87,naive
2017-07-08,23,39.67,26.26,naive
2017-07-09,0,32.21,24.36,naive
2017-07-09,1,31.08,23.12,naive
2017-07-09,2,29.84,22.73,naive
2017-07-09,3,29.2,22.63,naive
2017-07-09,4,29.62,20.27,naive
2017-07-09,5,29.46,20.59,naive
2017-07-09,6,29.49,21.3,naive
2017-07-09,7,29.83,23.07,naive
2017-07-09,8,30.03,24.76,naive
2017-07-09,9,31.26,25.56,naive
2017-07-09,10,31.26,20.71,naive
2017-07-09,11,32.4,23.32,naive
2017-07-09,12,32.07,21.36,naive
2017-07-09,13,31.0,19.08,naive
2017-07-09,14,29.88,10.47,naive
2017-07-09,15,30.69,9.96,naive
2017-07-09,16,31.28,17.31,naive
2017-07-09,17,33.8,19.72,naive
2017-07-09,18,36.75,28.63,naive
2017-07-09,19,40.53,32.9,naive
2017-07-09,20,40.53,35.37,naive
2017-07-09,21,40.59,37.0,naive
2017-07-09,22,42.28,38.92,naive
2017-07-09,23,40.08,37.06,naive
2017-07-10,0,32.76,34.16,naive
2017-07-10,1,29.92,32.07,naive
2017-07-10,2,29.44,30.8,naive
2017-07-10,3,29.59,30.69,naive
2017-07-10,4,29.31,29.64,naive
2017-07-10,5,30.6,30.84,naive
2017-07-10,6,38.03,35.87,naive
2017-07-10,7,44.03,41.88,naive
2017-07-10,8,50.07,45.54,naive
2017-07-10,9,50.0,45.58,naive
2017-07-10,10,48.73,44.61,naive
2017-07-10,11,48.72,43.31,naive
2017-07-10,12,47.69,39.65,naive
2017-07-10,13,46.65,34.43,naive
2017-07-10,14,44.18,32.05,naive
2017-07-10,15,42.93,31.84,naive
2017-07-10,16,40.65,32.4,naive
2017-07-10,17,40.95,37.87,naive
2017-07-10,18,41.62,40.58,naive
2017-07-10,19,42.97,42.74,naive
2017-07-10,20,40.21,41.8,naive
2017-07-10,21,38.86,40.46,naive
2017-07-10,22,39.92,40.99,naive
2017-07-10,23,33.45,35.91,naive
2017-07-11,0,30.93,32.76,naive
2017-07-11,1,30.28,29.92,naive
2017-07-11,2,29.63,29.44,naive
2017-07-11,3,28.96,29.59,naive
2017-07-11,4,28.95,29.31,naive
2017-07-11,5,30.08,30.6,naive
2017-07-11,6,34.51,38.03,naive
2017-07-11,7,41.44,44.03,naive
2017-07-11,8,44.22,50.07,naive
2017-07-11,9,43.43,50.0,naive
2017-07-11,10,42.03,48.73,naive
2017-07-11,11,41.45,48.72,naive
2017-07-11,12,39.42,47.69,naive
2017-07-11,13,36.01,46.65,naive
2017-07-11,14,34.21,44.18,naive
2017-07-11,15,34.42,42.93,naive
2017-07-11,16,35.39,40.65,naive
2017-07-11,17,37.62,40.95,naive
2017-07-11,18,39.99,41.62,naive
2017-07-11,19,41.58,42.97,naive
2017-07-11,20,40.7,40.21,naive
2017-07-11,21,38.94,38.86,naive
2017-07-11,22,39.36,39.92,naive
2017-07-11,23,34.25,33.45,naive
2017-07-12,0,32.29,30.93,naive
2017-07-12,1,30.14,30.28,naive
2017-07-12,2,29.1,29.63,naive
2017-07-12,3,28.52,28.96,naive
2017-07-12,4,28.43,28.95,naive
2017-07-12,5,29.3,30.08,naive
2017-07-12,6,34.77,34.51,naive
2017-07-12,7,39.94,41.44,naive
2017-07-12,8,44.01,44.22,naive
2017-07-12,9,44.31,43.43,naive
2017-07-12,10,44.16,42.03,naive
2017-07-12,11,43.9,41.45,naive
2017-07-12,12,41.07,39.42,naive
2017-07-12,13,39.9,36.01,naive
2017-07-12,14,37.27,34.21,naive
2017-07-12,15,33.93,34.42,naive
2017-07-12,16,32.19,35.39,naive
2017-07-12,17,33.29,37.62,naive
2017-07-12,18,32.95,39.99,naive
2017-07-12,19,32.91,41.58,naive
2017-07-12,20,30.5,40.7,naive
2017-07-12,21,30.6,38.94,naive
2017-07-12,22,30.09,39.36,naive
2017-07-12,23,27.82,34.25,naive
2017-07-13,0,26.02,32.29,naive
2017-07-13,1,24.37,30.14,naive
2017-07-13,2,23.04,29.1,naive
2017-07-13,3,24.76,28.52,naive
2017-07-13,4,26.45,28.43,naive
2017-07-13,5,28.09,29.3,naive
2017-07-13,6,31.06,34.77,naive
2017-07-13,7,38.12,39.94,naive
2017-07-13,8,36.73,44.01,naive
2017-07-13,9,36.07,44.31,naive
2017-07-13,10,35.52,44.16,naive
2017-07-13,11,34.96,43.9,naive
2017-07-13,12,30.26,41.07,naive
2017-07-13,13,30.04,39.9,naive
2017-07-13,14,29.07,37.27,naive
2017-07-13,15,30.27,33.93,naive
2017-07-13,16,33.46,32.19,naive
2017-07-13,17,38.08,33.29,naive
2017-07-13,18,41.35,32.95,naive
2017-07-13,19,46.82,32.91,naive
2017-07-13,20,45.09,30.5,naive
2017-07-13,21,42.93,30.6,naive
2017-07-13,22,42.13,30.09,naive
2017-07-13,23,38.12,27.82,naive
2017-07-14,0,34.4,26.02,naive
2017-07-14,1,32.34,24.37,naive
2017-07-14,2,30.36,23.04,naive
2017-07-14,3,29.08,24.76,naive
2017-07-14,4,29.55,26.45,naive
2017-07-14,5,30.41,28.09,naive
2017-07-14,6,39.94,31.06,naive
2017-07-14,7,44.99,38.12,naive
2017-07-14,8,46.0,36.73,naive
2017-07-14,9,43.32,36.07,naive
2017-07-14,10,41.62,35.52,naive
2017-07-14,11,38.94,34.96,naive
2017-07-14,12,37.1,30.26,naive
2017-07-14,13,35.97,30.04,naive
2017-07-14,14,31.91,29.07,naive
2017-07-14,15,30.34,30.27,naive
2017-07-14,16,31.29,33.46,naive
2017-07-14,17,36.92,38.08,naive
2017-07-14,18,40.93,41.35,naive
2017-07-14,19,42.96,46.82,naive
2017-07-14,20,39.69,45.09,naive
2017-07-14,21,39.1,42.93,naive
2017-07-14,22,39.71,42.13,naive
2017-07-14,23,36.65,38.12,naive
2017-07-15,0,34.57,37.08,naive
2017-07-15,1,31.08,34.64,naive
2017-07-15,2,30.82,32.05,naive
2017-07-15,3,30.01,30.68,naive
2017-07-15,4,29.4,29.87,naive
2017-07-15,5,29.17,29.09,naive
2017-07-15,6,30.46,30.0,naive
2017-07-15,7,30.82,32.02,naive
2017-07-15,8,31.94,34.58,naive
2017-07-15,9,33.81,36.71,naive
2017-07-15,10,33.43,35.89,naive
2017-07-15,11,33.06,35.37,naive
2017-07-15,12,32.22,33.22,naive
2017-07-15,13,30.76,31.41,naive
2017-07-15,14,29.07,30.18,naive
2017-07-15,15,28.64,30.05,naive
2017-07-15,16,29.04,31.4,naive
2017-07-15,17,30.98,33.18,naive
2017-07-15,18,35.21,36.98,naive
2017-07-15,19,37.54,40.04,naive
2017-07-15,20,37.0,39.63,naive
2017-07-15,21,36.9,39.82,naive
2017-07-15,22,37.98,42.09,naive
2017-07-15,23,36.01,39.67,naive
2017-07-16,0,34.65,32.21,naive
2017-07-16,1,30.05,31.08,naive
2017-07-16,2,28.68,29.84,naive
2017-07-16,3,27.78,29.2,naive
2017-07-16,4,27.72,29.62,naive
2017-07-16,5,27.4,29.46,naive
2017-07-16,6,27.53,29.49,naive
2017-07-16,7,27.6,29.83,naive
2017-07-16,8,27.4,30.03,naive
2017-07-16,9,28.49,31.26,naive
2017-07-16,10,28.99,31.26,naive
2017-07-16,11,28.99,32.4,naive
2017-07-16,12,29.76,32.07,naive
2017-07-16,13,26.95,31.0,naive
2017-07-16,14,25.99,29.88,naive
2017-07-16,15,25.22,30.69,naive
2017-07-16,16,27.55,31.28,naive
2017-07-16,17,28.57,33.8,naive
2017-07-16,18,31.79,36.75,naive
2017-07-16,19,35.41,40.53,naive
2017-07-16,20,36.65,40.53,naive
2017-07-16,21,37.14,40.59,naive
2017-07-16,22,41.02,42.28,naive
2017-07-16,23,38.79,40.08,naive
2017-07-17,0,31.47,34.4,naive
2017-07-17,1,30.11,32.34,naive
2017-07-17,2,29.32,30.36,naive
2017-07-17,3,27.57,29.08,naive
2017-07-17,4,27.92,29.55,naive
2017-07-17,5,29.21,30.41,naive
2017-07-17,6,36.89,39.94,naive
2017-07-17,7,42.83,44.99,naive
2017-07-17,8,42.97,46.0,naive
2017-07-17,9,42.3,43.32,naive
2017-07-17,10,42.4,41.62,naive
2017-07-17,11,42.74,38.94,naive
2017-07-17,12,40.85,37.1,naive
2017-07-17,13,36.95,35.97,naive
2017-07-17,14,35.98,31.91,naive
2017-07-17,15,35.3,30.34,naive
2017-07-17,16,35.94,31.29,naive
2017-07-17,17,39.94,36.92,naive
2017-07-17,18,42.05,40.93,naive
2017-07-17,19,44.95,42.96,naive
2017-07-17,20,43.79,39.69,naive
2017-07-17,21,40.98,39.1,naive
2017-07-17,22,40.95,39.71,naive
2017-07-17,23,35.4,36.65,naive
2017-07-18,0,33.69,31.47,naive
2017-07-18,1,31.18,30.11,naive
2017-07-18,2,29.85,29.32,naive
2017-07-18,3,29.56,27.57,naive
2017-07-18,4,30.28,27.92,naive
2017-07-18,5,32.01,29.21,naive
2017-07-18,6,37.72,36.89,naive
2017-07-18,7,40.91,42.83,naive
2017-07-18,8,42.88,42.97,naive
2017-07-18,9,42.43,42.3,naive
2017-07-18,10,41.75,42.4,naive
2017-07-18,11,38.92,42.74,naive
2017-07-18,12,34.17,40.85,naive
2017-07-18,13,34.12,36.95,naive
2017-07-18,14,33.69,35.98,naive
2017-07-18,15,34.62,35.3,naive
2017-07-18,16,38.57,35.94,naive
2017-07-18,17,42.97,39.94,naive
2017-07-18,18,45.79,42.05,naive
2017-07-18,19,46.89,44.95,naive
2017-07-18,20,43.97,43.79,naive
2017-07-18,21,42.99,40.98,naive
2017-07-18,22,40.83,40.95,naive
2017-07-18,23,33.95,35.4,naive
2017-07-19,0,30.93,33.69,naive
2017-07-19,1,29.59,31.18,naive
2017-07-19,2,28.62,29.85,naive
2017-07-19,3,27.3,29.56,naive
2017-07-19,4,27.63,30.28,naive
2017-07-19,5,29.03,32.01,naive
2017-07-19,6,37.96,37.72,naive
2017-07-19,7,42.16,40.91,naive
2017-07-19,8,42.91,42.88,naive
2017-07-19,9,40.08,42.43,naive
2017-07-19,10,37.93,41.75,naive
2017-07-19,11,34.55,38.92,naive
2017-07-19,12,31.7,34.17,naive
2017-07-19,13,31.71,34.12,naive
2017-07-19,14,32.9,33.69,naive
2017-07-19,15,36.54,34.62,naive
2017-07-19,16,38.03,38.57,naive
2017-07-19,17,40.52,42.97,naive
2017-07-19,18,42.97,45.79,naive
2017-07-19,19,44.0,46.89,naive
2017-07-19,20,42.16,43.97,naive
2017-07-19,21,40.58,42.99,naive
2017-07-19,22,39.09,40.83,naive
2017-07-19,23,32.97,33.95,naive
2017-07-20,0,30.54,30.93,naive
2017-07-20,1,31.46,29.59,naive
2017-07-20,2,29.6,28.62,naive
2017-07-20,3,28.1,27.3,naive
2017-07-20,4,28.52,27.63,naive
2017-07-20,5,30.32,29.03,naive
2017-07-20,6,38.27,37.96,naive
2017-07-20,7,47.26,42.16,naive
2017-07-20,8,43.26,42.91,naive
2017-07-20,9,43.25,40.08,naive
2017-07-20,10,41.73,37.93,naive
2017-07-20,11,41.93,34.55,naive
2017-07-20,12,40.0,31.7,naive
2017-07-20,13,38.36,31.71,naive
2017-07-20,14,36.9,32.9,naive
2017-07-20,15,35.74,36.54,naive
2017-07-20,16,34.48,38.03,naive
2017-07-20,17,36.97,40.52,naive
2017-07-20,18,39.77,42.97,naive
2017-07-20,19,41.93,44.0,naive
2017-07-20,20,41.05,42.16,naive
2017-07-20,21,40.11,40.58,naive
2017-07-20,22,39.74,39.09,naive
2017-07-20,23,34.29,32.97,naive
2017-07-21,0,29.65,30.54,naive
2017-07-21,1,29.1,31.46,naive
2017-07-21,2,28.42,29.6,naive
2017-07-21,3,27.07,28.1,naive
2017-07-21,4,27.32,28.52,naive
2017-07-21,5,29.99,30.32,naive
2017-07-21,6,36.8,38.27,naive
2017-07-21,7,40.06,47.26,naive
2017-07-21,8,41.83,43.26,naive
2017-07-21,9,40.87,43.25,naive
2017-07-21,10,38.44,41.73,naive
2017-07-21,11,39.04,41.93,naive
2017-07-21,12,35.98,40.0,naive
2017-07-21,13,32.94,38.36,naive
2017-07-21,14,32.87,36.9,naive
2017-07-21,15,32.9,35.74,naive
2017-07-21,16,35.11,34.48,naive
2017-07-21,17,39.01,36.97,naive
2017-07-21,18,41.42,39.77,naive
2017-07-21,19,42.63,41.93,naive
2017-07-21,20,42.01,41.05,naive
2017-07-21,21,40.57,40.11,naive
2017-07-21,22,41.38,39.74,naive
2017-07-21,23,36.79,34.29,naive
2017-07-22,0,32.2,34.57,naive
2017-07-22,1,31.57,31.08,naive
2017-07-22,2,29.92,30.82,naive
2017-07-22,3,28.74,30.01,naive
2017-07-22,4,28.75,29.4,naive
2017-07-22,5,28.54,29.17,naive
2017-07-22,6,29.7,30.46,naive
2017-07-22,7,30.92,30.82,naive
2017-07-22,8,34.96,31.94,naive
2017-07-22,9,36.47,33.81,naive
2017-07-22,10,35.69,33.43,naive
2017-07-22,11,34.66,33.06,naive
2017-07-22,12,32.25,32.22,naive
2017-07-22,13,30.02,30.76,naive
2017-07-22,14,29.48,29.07,naive
2017-07-22,15,29.9,28.64,naive
2017-07-22,16,30.55,29.04,naive
2017-07-22,17,33.25,30.98,naive
2017-07-22,18,38.52,35.21,naive
2017-07-22,19,39.89,37.54,naive
2017-07-22,20,39.0,37.0,naive
2017-07-22,21,38.09,36.9,naive
2017-07-22,22,40.0,37.98,naive
2017-07-22,23,36.67,36.01,naive
2017-07-23,0,32.99,34.65,naive
2017-07-23,1,28.78,30.05,naive
2017-07-23,2,26.69,28.68,naive
2017-07-23,3,24.68,27.78,naive
2017-07-23,4,23.07,27.72,naive
2017-07-23,5,23.96,27.4,naive
2017-07-23,6,23.9,27.53,naive
2017-07-23,7,25.17,27.6,naive
2017-07-23,8,25.78,27.4,naive
2017-07-23,9,26.67,28.49,naive
2017-07-23,10,26.87,28.99,naive
2017-07-23,11,27.18,28.99,naive
2017-07-23,12,27.89,29.76,naive
2017-07-23,13,26.3,26.95,naive
2017-07-23,14,22.76,25.99,naive
2017-07-23,15,20.34,25.22,naive
2017-07-23,16,23.07,27.55,naive
2017-07-23,17,27.05,28.57,naive
2017-07-23,18,29.62,31.79,naive
2017-07-23,19,37.05,35.41,naive
2017-07-23,20,38.51,36.65,naive
2017-07-23,21,39.42,37.14,naive
2017-07-23,22,42.85,41.02,naive
2017-07-23,23,39.82,38.79,naive
2017-07-24,0,39.65,29.65,naive
2017-07-24,1,35.62,29.1,naive
2017-07-24,2,32.7,28.42,naive
2017-07-24,3,31.28,27.07,naive
2017-07-24,4,30.46,27.32,naive
2017-07-24,5,33.24,29.99,naive
2017-07-24,6,41.9,36.8,naive
2017-07-24,7,44.18,40.06,naive
2017-07-24,8,44.12,41.83,naive
2017-07-24,9,48.23,40.87,naive
2017-07-24,10,48.45,38.44,naive
2017-07-24,11,47.77,39.04,naive
2017-07-24,12,46.47,35.98,naive
2017-07-24,13,44.91,32.94,naive
2017-07-24,14,42.29,32.87,naive
2017-07-24,15,40.94,32.9,naive
2017-07-24,16,39.2,35.11,naive
2017-07-24,17,39.7,39.01,naive
2017-07-24,18,38.18,41.42,naive
2017-07-24,19,38.66,42.63,naive
2017-07-24,20,36.43,42.01,naive
2017-07-24,21,34.73,40.57,naive
2017-07-24,22,34.59,41.38,naive
2017-07-24,23,30.39,36.79,naive
2017-07-25,0,31.01,39.65,naive
2017-07-25,1,28.96,35.62,naive
2017-07-25,2,27.09,32.7,naive
2017-07-25,3,27.47,31.28,naive
2017-07-25,4,26.04,30.46,naive
2017-07-25,5,26.21,33.24,naive
2017-07-25,6,31.63,41.9,naive
2017-07-25,7,37.96,44.18,naive
2017-07-25,8,39.48,44.12,naive
2017-07-25,9,40.06,48.23,naive
2017-07-25,10,40.37,48.45,naive
2017-07-25,11,40.8,47.77,naive
2017-07-25,12,39.75,46.47,naive
2017-07-25,13,38.94,44.91,naive
2017-07-25,14,36.98,42.29,naive
2017-07-25,15,36.43,40.94,naive
2017-07-25,16,34.97,39.2,naive
2017-07-25,17,34.99,39.7,naive
2017-07-25,18,36.95,38.18,naive
2017-07-25,19,35.4,38.66,naive
2017-07-25,20,33.78,36.43,naive
2017-07-25,21,32.96,34.73,naive
2017-07-25,22,32.21,34.59,naive
2017-07-25,23,29.01,30.39,naive
2017-07-26,0,25.74,31.01,naive
2017-07-26,1,25.24,28.96,naive
2017-07-26,2,22.64,27.09,naive
2017-07-26,3,21.12,27.47,naive
2017-07-26,4,21.23,26.04,naive
2017-07-26,5,26.16,26.21,naive
2017-07-26,6,29.08,31.63,naive
2017-07-26,7,34.49,37.96,naive
2017-07-26,8,37.78,39.48,naive
2017-07-26,9,37.92,40.06,naive
2017-07-26,10,37.96,40.37,naive
2017-07-26,11,38.08,40.8,naive
2017-07-26,12,37.96,39.75,naive
2017-07-26,13,37.73,38.94,naive
2017-07-26,14,36.08,36.98,naive
2017-07-26,15,35.23,36.43,naive
2017-07-26,16,34.38,34.97,naive
2017-07-26,17,35.27,34.99,naive
2017-07-26,18,36.39,36.95,naive
2017-07-26,19,37.94,35.4,naive
2017-07-26,20,36.93,33.78,naive
2017-07-26,21,35.93,32.96,naive
2017-07-26,22,35.75,32.21,naive
2017-07-26,23,30.07,29.01,naive
2017-07-27,0,28.75,25.74,naive
2017-07-27,1,26.7,25.24,naive
2017-07-27,2,24.85,22.64,naive
2017-07-27,3,23.69,21.12,naive
2017-07-27,4,24.48,21.23,naive
2017-07-27,5,27.02,26.16,naive
2017-07-27,6,29.19,29.08,naive
2017-07-27,7,35.31,34.49,naive
2017-07-27,8,37.91,37.78,naive
2017-07-27,9,37.89,37.92,naive
2017-07-27,10,38.05,37.96,naive
2017-07-27,11,38.48,38.08,naive
2017-07-27,12,38.5,37.96,naive
2017-07-27,13,38.03,37.73,naive
2017-07-27,14,36.0,36.08,naive
2017-07-27,15,34.52,35.23,naive
2017-07-27,16,35.29,34.38,naive
2017-07-27,17,35.74,35.27,naive
2017-07-27,18,37.32,36.39,naive
2017-07-27,19,38.98,37.94,naive
2017-07-27,20,38.06,36.93,naive
2017-07-27,21,36.87,35.93,naive
2017-07-27,22,36.55,35.75,naive
2017-07-27,23,31.62,30.07,naive
2017-07-28,0,33.86,28.75,naive
2017-07-28,1,29.04,26.7,naive
2017-07-28,2,28.1,24.85,naive
2017-07-28,3,26.8,23.69,naive
2017-07-28,4,26.46,24.48,naive
2017-07-28,5,27.48,27.02,naive
2017-07-28,6,32.13,29.19,naive
2017-07-28,7,38.0,35.31,naive
2017-07-28,8,38.8,37.91,naive
2017-07-28,9,37.05,37.89,naive
2017-07-28,10,35.5,38.05,naive
2017-07-28,11,31.0,38.48,naive
2017-07-28,12,27.51,38.5,naive
2017-07-28,13,25.17,38.03,naive
2017-07-28,14,23.69,36.0,naive
2017-07-28,15,24.34,34.52,naive
2017-07-28,16,26.31,35.29,naive
2017-07-28,17,28.87,35.74,naive
2017-07-28,18,34.15,37.32,naive
2017-07-28,19,36.96,38.98,naive
2017-07-28,20,36.94,38.06,naive
2017-07-28,21,36.3,36.87,naive
2017-07-28,22,35.95,36.55,naive
2017-07-28,23,32.24,31.62,naive
2017-07-29,0,27.77,32.2,naive
2017-07-29,1,23.35,31.57,naive
2017-07-29,2,18.99,29.92,naive
2017-07-29,3,14.17,28.74,naive
2017-07-29,4,10.04,28.75,naive
2017-07-29,5,11.89,28.54,naive
2017-07-29,6,14.41,29.7,naive
2017-07-29,7,17.11,30.92,naive
2017-07-29,8,19.78,34.96,naive
2017-07-29,9,18.05,36.47,naive
2017-07-29,10,9.93,35.69,naive
2017-07-29,11,15.78,34.66,naive
2017-07-29,12,10.17,32.25,naive
2017-07-29,13,9.92,30.02,naive
2017-07-29,14,9.27,29.48,naive
2017-07-29,15,14.05,29.9,naive
2017-07-29,16,19.26,30.55,naive
2017-07-29,17,25.47,33.25,naive
2017-07-29,18,30.13,38.52,naive
2017-07-29,19,34.45,39.89,naive
2017-07-29,20,35.43,39.0,naive
2017-07-29,21,35.65,38.09,naive
2017-07-29,22,34.76,40.0,naive
2017-07-29,23,30.6,36.67,naive
2017-07-30,0,26.92,32.99,naive
2017-07-30,1,21.16,28.78,naive
2017-07-30,2,16.22,26.69,naive
2017-07-30,3,12.79,24.68,naive
2017-07-30,4,10.73,23.07,naive
2017-07-30,5,10.03,23.96,naive
2017-07-30,6,8.44,23.9,naive
2017-07-30,7,7.67,25.17,naive
2017-07-30,8,2.05,25.78,naive
2017-07-30,9,1.94,26.67,naive
2017-07-30,10,-5.15,26.87,naive
2017-07-30,11,-0.02,27.18,naive
2017-07-30,12,-45.42,27.89,naive
2017-07-30,13,-67.05,26.3,naive
2017-07-30,14,-64.9,22.76,naive
2017-07-30,15,-14.23,20.34,naive
2017-07-30,16,-0.91,23.07,naive
2017-07-30,17,5.01,27.05,naive
2017-07-30,18,22.54,29.62,naive
2017-07-30,19,31.77,37.05,naive
2017-07-30,20,34.52,38.51,naive
2017-07-30,21,35.93,39.42,naive
2017-07-30,22,37.67,42.85,naive
2017-07-30,23,35.87,39.82,naive
2017-07-31,0,32.0,33.86,naive
2017-07-31,1,26.55,29.04,naive
2017-07-31,2,26.11,28.1,naive
2017-07-31,3,24.65,26.8,naive
2017-07-31,4,24.64,26.46,naive
2017-07-31,5,26.57,27.48,naive
2017-07-31,6,32.15,32.13,naive
2017-07-31,7,36.92,38.0,naive
2017-07-31,8,36.92,38.8,naive
2017-07-31,9,35.45,37.05,naive
2017-07-31,10,33.29,35.5,naive
2017-07-31,11,33.89,31.0,naive
2017-07-31,12,29.03,27.51,naive
2017-07-31,13,28.07,25.17,naive
2017-07-31,14,28.02,23.69,naive
2017-07-31,15,28.71,24.34,naive
2017-07-31,16,30.05,26.31,naive
2017-07-31,17,35.51,28.87,naive
2017-07-31,18,37.91,34.15,naive
2017-07-31,19,38.9,36.96,naive
2017-07-31,20,38.9,36.94,naive
2017-07-31,21,38.07,36.3,naive
2017-07-31,22,37.84,35.95,naive
2017-07-31,23,32.91,32.24,naive
2017-08-01,0,30.57,32.0,naive
2017-08-01,1,28.01,26.55,naive
2017-08-01,2,27.3,26.11,naive
2017-08-01,3,26.79,24.65,naive
2017-08-01,4,26.81,24.64,naive
2017-08-01,5,27.54,26.57,naive
2017-08-01,6,32.66,32.15,naive
2017-08-01,7,37.0,36.92,naive
2017-08-01,8,38.94,36.92,naive
2017-08-01,9,38.09,35.45,naive
2017-08-01,10,37.9,33.29,naive
2017-08-01,11,37.08,33.89,naive
2017-08-01,12,36.45,29.03,naive
2017-08-01,13,35.93,28.07,naive
2017-08-01,14,35.91,28.02,naive
2017-08-01,15,36.0,28.71,naive
2017-08-01,16,36.61,30.05,naive
2017-08-01,17,38.47,35.51,naive
2017-08-01,18,40.94,37.91,naive
2017-08-01,19,41.06,38.9,naive
2017-08-01,20,38.96,38.9,naive
2017-08-01,21,37.04,38.07,naive
2017-08-01,22,35.94,37.84,naive
2017-08-01,23,31.69,32.91,naive
2017-08-02,0,27.62,30.57,naive
2017-08-02,1,26.59,28.01,naive
2017-08-02,2,26.2,27.3,naive
2017-08-02,3,25.09,26.79,naive
2017-08-02,4,25.78,26.81,naive
2017-08-02,5,27.25,27.54,naive
2017-08-02,6,30.26,32.66,naive
2017-08-02,7,35.05,37.0,naive
2017-08-02,8,36.57,38.94,naive
2017-08-02,9,36.47,38.09,naive
2017-08-02,10,35.96,37.9,naive
2017-08-02,11,35.14,37.08,naive
2017-08-02,12,33.07,36.45,naive
2017-08-02,13,29.9,35.93,naive
2017-08-02,14,30.07,35.91,naive
2017-08-02,15,31.69,36.0,naive
2017-08-02,16,34.9,36.61,naive
2017-08-02,17,35.99,38.47,naive
2017-08-02,18,39.23,40.94,naive
2017-08-02,19,40.94,41.06,naive
2017-08-02,20,39.27,38.96,naive
2017-08-02,21,38.15,37.04,naive
2017-08-02,22,37.53,35.94,naive
2017-08-02,23,34.46,31.69,naive
2017-08-03,0,28.1,27.62,naive
2017-08-03,1,26.47,26.59,naive
2017-08-03,2,24.76,26.2,naive
2017-08-03,3,23.36,25.09,naive
2017-08-03,4,23.39,25.78,naive
2017-08-03,5,25.08,27.25,naive
2017-08-03,6,28.58,30.26,naive
2017-08-03,7,34.94,35.05,naive
2017-08-03,8,35.98,36.57,naive
2017-08-03,9,35.98,36.47,naive
2017-08-03,10,35.89,35.96,naive
2017-08-03,11,34.72,35.14,naive
2017-08-03,12,30.57,33.07,naive
2017-08-03,13,27.13,29.9,naive
2017-08-03,14,22.03,30.07,naive
2017-08-03,15,20.28,31.69,naive
2017-08-03,16,18.09,34.9,naive
2017-08-03,17,23.99,35.99,naive
2017-08-03,18,26.82,39.23,naive
2017-08-03,19,29.76,40.94,naive
2017-08-03,20,30.76,39.27,naive
2017-08-03,21,31.85,38.15,naive
2017-08-03,22,29.69,37.53,naive
2017-08-03,23,25.52,34.46,naive
2017-08-04,0,25.16,28.1,naive
2017-08-04,1,22.7,26.47,naive
2017-08-04,2,21.3,24.76,naive
2017-08-04,3,19.03,23.36,naive
2017-08-04,4,18.95,23.39,naive
2017-08-04,5,21.48,25.08,naive
2017-08-04,6,30.5,28.58,naive
2017-08-04,7,34.99,34.94,naive
2017-08-04,8,35.02,35.98,naive
2017-08-04,9,33.59,35.98,naive
2017-08-04,10,28.42,35.89,naive
2017-08-04,11,21.62,34.72,naive
2017-08-04,12,17.05,30.57,naive
2017-08-04,13,10.35,27.13,naive
2017-08-04,14,9.58,22.03,naive
2017-08-04,15,10.36,20.28,naive
2017-08-04,16,10.32,18.09,naive
2017-08-04,17,20.04,23.99,naive
2017-08-04,18,28.46,26.82,naive
2017-08-04,19,35.01,29.76,naive
2017-08-04,20,34.48,30.76,naive
2017-08-04,21,34.93,31.85,naive
2017-08-04,22,34.96,29.69,naive
2017-08-04,23,31.06,25.52,naive
2017-08-05,0,24.97,27.77,naive
2017-08-05,1,24.97,23.35,naive
2017-08-05,2,25.05,18.99,naive
2017-08-05,3,24.02,14.17,naive
2017-08-05,4,23.1,10.04,naive
2017-08-05,5,24.74,11.89,naive
2017-08-05,6,24.17,14.41,naive
2017-08-05,7,27.68,17.11,naive
2017-08-05,8,31.0,19.78,naive
2017-08-05,9,32.82,18.05,naive
2017-08-05,10,31.88,9.93,naive
2017-08-05,11,27.21,15.78,naive
2017-08-05,12,25.06,10.17,naive
2017-08-05,13,23.37,9.92,naive
2017-08-05,14,23.43,9.27,naive
2017-08-05,15,24.55,14.05,naive
2017-08-05,16,25.33,19.26,naive
2017-08-05,17,27.98,25.47,naive
2017-08-05,18,32.09,30.13,naive
2017-08-05,19,33.96,34.45,naive
2017-08-05,20,33.63,35.43,naive
2017-08-05,21,33.8,35.65,naive
2017-08-05,22,34.3,34.76,naive
2017-08-05,23,32.74,30.6,naive
2017-08-06,0,25.73,26.92,naive
2017-08-06,1,20.57,21.16,naive
2017-08-06,2,18.03,16.22,naive
2017-08-06,3,16.59,12.79,naive
2017-08-06,4,13.69,10.73,naive
2017-08-06,5,10.87,10.03,naive
2017-08-06,6,10.75,8.44,naive
2017-08-06,7,12.6,7.67,naive
2017-08-06,8,16.32,2.05,naive
2017-08-06,9,18.0,1.94,naive
2017-08-06,10,10.46,-5.15,naive
2017-08-06,11,13.33,-0.02,naive
2017-08-06,12,14.13,-45.42,naive
2017-08-06,13,10.83,-67.05,naive
2017-08-06,14,10.41,-64.9,naive
2017-08-06,15,10.32,-14.23,naive
2017-08-06,16,13.01,-0.91,naive
2017-08-06,17,19.57,5.01,naive
2017-08-06,18,28.66,22.54,naive
2017-08-06,19,32.94,31.77,naive
2017-08-06,20,34.95,34.52,naive
2017-08-06,21,36.05,35.93,naive
2017-08-06,22,36.07,37.67,naive
2017-08-06,23,34.94,35.87,naive
2017-08-07,0,31.1,25.16,naive
2017-08-07,1,28.0,22.7,naive
2017-08-07,2,26.11,21.3,naive
2017-08-07,3,24.8,19.03,naive
2017-08-07,4,25.47,18.95,naive
2017-08-07,5,28.28,21.48,naive
2017-08-07,6,35.18,30.5,naive
2017-08-07,7,37.93,34.99,naive
2017-08-07,8,37.85,35.02,naive
2017-08-07,9,36.42,33.59,naive
2017-08-07,10,34.08,28.42,naive
2017-08-07,11,33.14,21.62,naive
2017-08-07,12,29.03,17.05,naive
2017-08-07,13,26.87,10.35,naive
2017-08-07,14,27.47,9.58,naive
2017-08-07,15,29.04,10.36,naive
2017-08-07,16,32.65,10.32,naive
2017-08-07,17,36.95,20.04,naive
2017-08-07,18,42.16,28.46,naive
2017-08-07,19,45.11,35.01,naive
2017-08-07,20,44.9,34.48,naive
2017-08-07,21,39.94,34.93,naive
2017-08-07,22,35.92,34.96,naive
2017-08-07,23,29.94,31.06,naive
2017-08-08,0,28.09,31.1,naive
2017-08-08,1,26.86,28.0,naive
2017-08-08,2,25.34,26.11,naive
2017-08-08,3,24.59,24.8,naive
2017-08-08,4,24.64,25.47,naive
2017-08-08,5,26.96,28.28,naive
2017-08-08,6,31.0,35.18,naive
2017-08-08,7,35.0,37.93,naive
2017-08-08,8,36.51,37.85,naive
2017-08-08,9,37.06,36.42,naive
2017-08-08,10,36.2,34.08,naive
2017-08-08,11,36.38,33.14,naive
2017-08-08,12,34.74,29.03,naive
2017-08-08,13,31.51,26.87,naive
2017-08-08,14,29.56,27.47,naive
2017-08-08,15,30.95,29.04,naive
2017-08-08,16,31.33,32.65,naive
2017-08-08,17,32.36,36.95,naive
2017-08-08,18,33.9,42.16,naive
2017-08-08,19,33.91,45.11,naive
2017-08-08,20,33.03,44.9,naive
2017-08-08,21,32.07,39.94,naive
2017-08-08,22,31.06,35.92,naive
2017-08-08,23,27.97,29.94,naive
2017-08-09,0,25.0,28.09,naive
2017-08-09,1,23.63,26.86,naive
2017-08-09,2,21.13,25.34,naive
2017-08-09,3,19.08,24.59,naive
2017-08-09,4,19.09,24.64,naive
2017-08-09,5,24.57,26.96,naive
2017-08-09,6,27.8,31.0,naive
2017-08-09,7,31.57,35.0,naive
2017-08-09,8,34.85,36.51,naive
2017-08-09,9,33.15,37.06,naive
2017-08-09,10,31.49,36.2,naive
2017-08-09,11,31.34,36.38,naive
2017-08-09,12,27.74,34.74,naive
2017-08-09,13,26.56,31.51,naive
2017-08-09,14,27.75,29.56,naive
2017-08-09,15,29.96,30.95,naive
2017-08-09,16,31.25,31.33,naive
2017-08-09,17,34.92,32.36,naive
2017-08-09,18,35.96,33.9,naive
2017-08-09,19,40.1,33.91,naive
2017-08-09,20,38.33,33.03,naive
2017-08-09,21,39.42,32.07,naive
2017-08-09,22,37.35,31.06,naive
2017-08-09,23,34.51,27.97,naive
2017-08-10,0,29.91,25.0,naive
2017-08-10,1,28.24,23.63,naive
2017-08-10,2,27.79,21.13,naive
2017-08-10,3,26.6,19.08,naive
2017-08-10,4,26.02,19.09,naive
2017-08-10,5,28.44,24.57,naive
2017-08-10,6,33.81,27.8,naive
2017-08-10,7,36.81,31.57,naive
2017-08-10,8,40.88,34.85,naive
2017-08-10,9,41.95,33.15,naive
2017-08-10,10,41.95,31.49,naive
2017-08-10,11,41.93,31.34,naive
2017-08-10,12,41.63,27.74,naive
2017-08-10,13,40.95,26.56,naive
2017-08-10,14,39.2,27.75,naive
2017-08-10,15,37.88,29.96,naive
2017-08-10,16,36.24,31.25,naive
2017-08-10,17,37.05,34.92,naive
2017-08-10,18,38.0,35.96,naive
2017-08-10,19,39.61,40.1,naive
2017-08-10,20,35.99,38.33,naive
2017-08-10,21,35.56,39.42,naive
2017-08-10,22,34.78,37.35,naive
2017-08-10,23,30.97,34.51,naive
2017-08-11,0,28.99,29.91,naive
2017-08-11,1,28.13,28.24,naive
2017-08-11,2,27.03,27.79,naive
2017-08-11,3,26.29,26.6,naive
2017-08-11,4,26.12,26.02,naive
2017-08-11,5,28.11,28.44,naive
2017-08-11,6,31.79,33.81,naive
2017-08-11,7,40.75,36.81,naive
2017-08-11,8,46.98,40.88,naive
2017-08-11,9,49.68,41.95,naive
2017-08-11,10,51.18,41.95,naive
2017-08-11,11,61.36,41.93,naive
2017-08-11,12,52.65,41.63,naive
2017-08-11,13,46.8,40.95,naive
2017-08-11,14,39.09,39.2,naive
2017-08-11,15,39.01,37.88,naive
2017-08-11,16,36.88,36.24,naive
2017-08-11,17,37.42,37.05,naive
2017-08-11,18,38.08,38.0,naive
2017-08-11,19,36.21,39.61,naive
2017-08-11,20,34.32,35.99,naive
2017-08-11,21,34.61,35.56,naive
2017-08-11,22,33.36,34.78,naive
2017-08-11,23,30.71,30.97,naive
2017-08-12,0,25.63,24.97,naive
2017-08-12,1,23.05,24.97,naive
2017-08-12,2,20.72,25.05,naive
2017-08-12,3,20.06,24.02,naive
2017-08-12,4,18.85,23.1,naive
2017-08-12,5,17.03,24.74,naive
2017-08-12,6,19.59,24.17,naive
2017-08-12,7,20.91,27.68,naive
2017-08-12,8,24.37,31.0,naive
2017-08-12,9,25.84,32.82,naive
2017-08-12,10,25.36,31.88,naive
2017-08-12,11,25.5,27.21,naive
2017-08-12,12,24.49,25.06,naive
2017-08-12,13,19.01,23.37,naive
2017-08-12,14,15.23,23.43,naive
2017-08-12,15,16.41,24.55,naive
2017-08-12,16,15.99,25.33,naive
2017-08-12,17,18.77,27.98,naive
2017-08-12,18,24.81,32.09,naive
2017-08-12,19,25.44,33.96,naive
2017-08-12,20,25.67,33.63,naive
2017-08-12,21,25.54,33.8,naive
2017-08-12,22,24.02,34.3,naive
2017-08-12,23,17.93,32.74,naive
2017-08-13,0,15.74,25.73,naive
2017-08-13,1,15.42,20.57,naive
2017-08-13,2,12.93,18.03,naive
2017-08-13,3,11.64,16.59,naive
2017-08-13,4,13.34,13.69,naive
2017-08-13,5,11.95,10.87,naive
2017-08-13,6,11.77,10.75,naive
2017-08-13,7,16.07,12.6,naive
2017-08-13,8,19.0,16.32,naive
2017-08-13,9,21.02,18.0,naive
2017-08-13,10,19.69,10.46,naive
2017-08-13,11,21.09,13.33,naive
2017-08-13,12,19.33,14.13,naive
2017-08-13,13,16.07,10.83,naive
2017-08-13,14,13.24,10.41,naive
2017-08-13,15,11.8,10.32,naive
2017-08-13,16,10.8,13.01,naive
2017-08-13,17,21.89,19.57,naive
2017-08-13,18,28.39,28.66,naive
2017-08-13,19,33.0,32.94,naive
2017-08-13,20,34.98,34.95,naive
2017-08-13,21,36.47,36.05,naive
2017-08-13,22,35.8,36.07,naive
2017-08-13,23,32.0,34.94,naive
2017-08-14,0,28.69,28.99,naive
2017-08-14,1,26.37,28.13,naive
2017-08-14,2,25.24,27.03,naive
2017-08-14,3,25.17,26.29,naive
2017-08-14,4,25.28,26.12,naive
2017-08-14,5,27.64,28.11,naive
2017-08-14,6,32.9,31.79,naive
2017-08-14,7,37.9,40.75,naive
2017-08-14,8,38.44,46.98,naive
2017-08-14,9,36.64,49.68,naive
2017-08-14,10,35.04,51.18,naive
2017-08-14,11,34.96,61.36,naive
2017-08-14,12,33.4,52.65,naive
2017-08-14,13,31.93,46.8,naive
2017-08-14,14,31.87,39.09,naive
2017-08-14,15,33.0,39.01,naive
2017-08-14,16,34.87,36.88,naive
2017-08-14,17,37.07,37.42,naive
2017-08-14,18,39.64,38.08,naive
2017-08-14,19,41.96,36.21,naive
2017-08-14,20,38.39,34.32,naive
2017-08-14,21,37.76,34.61,naive
2017-08-14,22,32.96,33.36,naive
2017-08-14,23,26.82,30.71,naive
2017-08-15,0,23.9,28.69,naive
2017-08-15,1,23.05,26.37,naive
2017-08-15,2,22.07,25.24,naive
2017-08-15,3,19.3,25.17,naive
2017-08-15,4,19.25,25.28,naive
2017-08-15,5,21.47,27.64,naive
2017-08-15,6,26.23,32.9,naive
2017-08-15,7,26.96,37.9,naive
2017-08-15,8,27.96,38.44,naive
2017-08-15,9,26.84,36.64,naive
2017-08-15,10,26.08,35.04,naive
2017-08-15,11,26.69,34.96,naive
2017-08-15,12,25.38,33.4,naive
2017-08-15,13,23.07,31.93,naive
2017-08-15,14,21.26,31.87,naive
2017-08-15,15,25.18,33.0,naive
2017-08-15,16,26.08,34.87,naive
2017-08-15,17,31.34,37.07,naive
2017-08-15,18,35.24,39.64,naive
2017-08-15,19,35.3,41.96,naive
2017-08-15,20,35.36,38.39,naive
2017-08-15,21,34.95,37.76,naive
2017-08-15,22,29.04,32.96,naive
2017-08-15,23,27.1,26.82,naive
2017-08-16,0,28.93,23.9,naive
2017-08-16,1,27.99,23.05,naive
2017-08-16,2,27.11,22.07,naive
2017-08-16,3,26.79,19.3,naive
2017-08-16,4,27.64,19.25,naive
2017-08-16,5,28.72,21.47,naive
2017-08-16,6,34.98,26.23,naive
2017-08-16,7,37.61,26.96,naive
2017-08-16,8,42.0,27.96,naive
2017-08-16,9,41.91,26.84,naive
2017-08-16,10,40.92,26.08,naive
2017-08-16,11,40.91,26.69,naive
2017-08-16,12,38.44,25.38,naive
2017-08-16,13,36.07,23.07,naive
2017-08-16,14,35.56,21.26,naive
2017-08-16,15,34.31,25.18,naive
2017-08-16,16,36.27,26.08,naive
2017-08-16,17,39.94,31.34,naive
2017-08-16,18,41.93,35.24,naive
2017-08-16,19,43.15,35.3,naive
2017-08-16,20,41.95,35.36,naive
2017-08-16,21,40.1,34.95,naive
2017-08-16,22,36.02,29.04,naive
2017-08-16,23,32.0,27.1,naive
2017-08-17,0,29.82,28.93,naive
2017-08-17,1,28.44,27.99,naive
2017-08-17,2,26.96,27.11,naive
2017-08-17,3,26.83,26.79,naive
2017-08-17,4,26.96,27.64,naive
2017-08-17,5,28.57,28.72,naive
2017-08-17,6,33.94,34.98,naive
2017-08-17,7,36.9,37.61,naive
2017-08-17,8,40.14,42.0,naive
2017-08-17,9,39.24,41.91,naive
2017-08-17,10,36.47,40.92,naive
2017-08-17,11,36.02,40.91,naive
2017-08-17,12,33.39,38.44,naive
2017-08-17,13,31.64,36.07,naive
2017-08-17,14,30.0,35.56,naive
2017-08-17,15,30.19,34.31,naive
2017-08-17,16,31.68,36.27,naive
2017-08-17,17,35.32,39.94,naive
2017-08-17,18,37.42,41.93,naive
2017-08-17,19,38.97,43.15,naive
2017-08-17,20,38.35,41.95,naive
2017-08-17,21,37.62,40.1,naive
2017-08-17,22,36.87,36.02,naive
2017-08-17,23,31.7,32.0,naive
2017-08-18,0,29.21,29.82,naive
2017-08-18,1,28.29,28.44,naive
2017-08-18,2,27.28,26.96,naive
2017-08-18,3,26.35,26.83,naive
2017-08-18,4,27.7,26.96,naive
2017-08-18,5,28.61,28.57,naive
2017-08-18,6,33.63,33.94,naive
2017-08-18,7,38.48,36.9,naive
2017-08-18,8,42.25,40.14,naive
2017-08-18,9,38.88,39.24,naive
2017-08-18,10,36.1,36.47,naive
2017-08-18,11,36.85,36.02,naive
2017-08-18,12,36.29,33.39,naive
2017-08-18,13,33.17,31.64,naive
2017-08-18,14,31.1,30.0,naive
2017-08-18,15,31.56,30.19,naive
2017-08-18,16,32.4,31.68,naive
2017-08-18,17,35.71,35.32,naive
2017-08-18,18,37.43,37.42,naive
2017-08-18,19,38.7,38.97,naive
2017-08-18,20,36.99,38.35,naive
2017-08-18,21,37.02,37.62,naive
2017-08-18,22,34.95,36.87,naive
2017-08-18,23,29.45,31.7,naive
2017-08-19,0,22.22,25.63,naive
2017-08-19,1,22.01,23.05,naive
2017-08-19,2,13.11,20.72,naive
2017-08-19,3,10.93,20.06,naive
2017-08-19,4,10.47,18.85,naive
2017-08-19,5,10.93,17.03,naive
2017-08-19,6,11.0,19.59,naive
2017-08-19,7,15.93,20.91,naive
2017-08-19,8,20.74,24.37,naive
2017-08-19,9,18.96,25.84,naive
2017-08-19,10,14.62,25.36,naive
2017-08-19,11,12.42,25.5,naive
2017-08-19,12,7.13,24.49,naive
2017-08-19,13,-0.07,19.01,naive
2017-08-19,14,-4.0,15.23,naive
2017-08-19,15,-0.22,16.41,naive
2017-08-19,16,8.16,15.99,naive
2017-08-19,17,11.33,18.77,naive
2017-08-19,18,22.03,24.81,naive
2017-08-19,19,26.63,25.44,naive
2017-08-19,20,26.63,25.67,naive
2017-08-19,21,27.0,25.54,naive
2017-08-19,22,25.33,24.02,naive
2017-08-19,23,20.05,17.93,naive
2017-08-20,0,10.84,15.74,naive
2017-08-20,1,10.1,15.42,naive
2017-08-20,2,9.77,12.93,naive
2017-08-20,3,9.01,11.64,naive
2017-08-20,4,5.18,13.34,naive
2017-08-20,5,8.51,11.95,naive
2017-08-20,6,8.17,11.77,naive
2017-08-20,7,5.06,16.07,naive
2017-08-20,8,9.65,19.0,naive
2017-08-20,9,5.59,21.02,naive
2017-08-20,10,2.66,19.69,naive
2017-08-20,11,2.1,21.09,naive
2017-08-20,12,-0.01,19.33,naive
2017-08-20,13,-14.35,16.07,naive
2017-08-20,14,-12.93,13.24,naive
2017-08-20,15,-6.37,11.8,naive
2017-08-20,16,-3.57,10.8,naive
2017-08-20,17,7.53,21.89,naive
2017-08-20,18,14.13,28.39,naive
2017-08-20,19,26.5,33.0,naive
2017-08-20,20,28.5,34.98,naive
2017-08-20,21,30.57,36.47,naive
2017-08-20,22,29.06,35.8,naive
2017-08-20,23,23.18,32.0,naive
2017-08-21,0,19.55,29.21,naive
2017-08-21,1,12.34,28.29,naive
2017-08-21,2,10.96,27.28,naive
2017-08-21,3,9.74,26.35,naive
2017-08-21,4,9.96,27.7,naive
2017-08-21,5,20.34,28.61,naive
2017-08-21,6,29.93,33.63,naive
2017-08-21,7,35.17,38.48,naive
2017-08-21,8,36.8,42.25,naive
2017-08-21,9,35.54,38.88,naive
2017-08-21,10,33.77,36.1,naive
2017-08-21,11,31.16,36.85,naive
2017-08-21,12,30.96,36.29,naive
2017-08-21,13,29.62,33.17,naive
2017-08-21,14,27.93,31.1,naive
2017-08-21,15,29.87,31.56,naive
2017-08-21,16,32.06,32.4,naive
2017-08-21,17,34.71,35.71,naive
2017-08-21,18,39.8,37.43,naive
2017-08-21,19,41.86,38.7,naive
2017-08-21,20,41.01,36.99,naive
2017-08-21,21,40.31,37.02,naive
2017-08-21,22,37.71,34.95,naive
2017-08-21,23,32.0,29.45,naive
2017-08-22,0,32.77,19.55,naive
2017-08-22,1,30.0,12.34,naive
2017-08-22,2,29.53,10.96,naive
2017-08-22,3,27.9,9.74,naive
2017-08-22,4,27.78,9.96,naive
2017-08-22,5,31.78,20.34,naive
2017-08-22,6,37.71,29.93,naive
2017-08-22,7,42.24,35.17,naive
2017-08-22,8,42.42,36.8,naive
2017-08-22,9,39.99,35.54,naive
2017-08-22,10,37.76,33.77,naive
2017-08-22,11,36.91,31.16,naive
2017-08-22,12,35.57,30.96,naive
2017-08-22,13,35.36,29.62,naive
2017-08-22,14,35.08,27.93,naive
2017-08-22,15,36.06,29.87,naive
2017-08-22,16,37.39,32.06,naive
2017-08-22,17,42.02,34.71,naive
2017-08-22,18,44.71,39.8,naive
2017-08-22,19,48.17,41.86,naive
2017-08-22,20,45.07,41.01,naive
2017-08-22,21,43.38,40.31,naive
2017-08-22,22,38.81,37.71,naive
2017-08-22,23,34.85,32.0,naive
2017-08-23,0,30.97,32.77,naive
2017-08-23,1,30.93,30.0,naive
2017-08-23,2,29.63,29.53,naive
2017-08-23,3,28.4,27.9,naive
2017-08-23,4,28.06,27.78,naive
2017-08-23,5,29.76,31.78,naive
2017-08-23,6,36.93,37.71,naive
2017-08-23,7,40.92,42.24,naive
2017-08-23,8,43.36,42.42,naive
2017-08-23,9,40.72,39.99,naive
2017-08-23,10,38.24,37.76,naive
2017-08-23,11,37.5,36.91,naive
2017-08-23,12,36.25,35.57,naive
2017-08-23,13,34.0,35.36,naive
2017-08-23,14,32.5,35.08,naive
2017-08-23,15,34.1,36.06,naive
2017-08-23,16,37.06,37.39,naive
2017-08-23,17,40.24,42.02,naive
2017-08-23,18,45.94,44.71,naive
2017-08-23,19,48.05,48.17,naive
2017-08-23,20,44.9,45.07,naive
2017-08-23,21,41.92,43.38,naive
2017-08-23,22,35.96,38.81,naive
2017-08-23,23,31.29,34.85,naive
2017-08-24,0,29.99,30.97,naive
2017-08-24,1,29.48,30.93,naive
2017-08-24,2,28.1,29.63,naive
2017-08-24,3,27.73,28.4,naive
2017-08-24,4,28.0,28.06,naive
2017-08-24,5,30.27,29.76,naive
2017-08-24,6,36.45,36.93,naive
2017-08-24,7,39.42,40.92,naive
2017-08-24,8,42.14,43.36,naive
2017-08-24,9,42.09,40.72,naive
2017-08-24,10,40.7,38.24,naive
2017-08-24,11,39.94,37.5,naive
2017-08-24,12,32.38,36.25,naive
2017-08-24,13,29.63,34.0,naive
2017-08-24,14,29.69,32.5,naive
2017-08-24,15,29.8,34.1,naive
2017-08-24,16,31.76,37.06,naive
2017-08-24,17,39.7,40.24,naive
2017-08-24,18,42.75,45.94,naive
2017-08-24,19,44.89,48.05,naive
2017-08-24,20,44.55,44.9,naive
2017-08-24,21,42.91,41.92,naive
2017-08-24,22,39.22,35.96,naive
2017-08-24,23,33.96,31.29,naive
2017-08-25,0,33.43,29.99,naive
2017-08-25,1,31.31,29.48,naive
2017-08-25,2,30.13,28.1,naive
2017-08-25,3,29.51,27.73,naive
2017-08-25,4,29.94,28.0,naive
2017-08-25,5,32.28,30.27,naive
2017-08-25,6,38.05,36.45,naive
2017-08-25,7,42.97,39.42,naive
2017-08-25,8,44.9,42.14,naive
2017-08-25,9,44.67,42.09,naive
2017-08-25,10,41.77,40.7,naive
2017-08-25,11,39.87,39.94,naive
2017-08-25,12,37.92,32.38,naive
2017-08-25,13,34.98,29.63,naive
2017-08-25,14,33.09,29.69,naive
2017-08-25,15,33.99,29.8,naive
2017-08-25,16,36.04,31.76,naive
2017-08-25,17,40.41,39.7,naive
2017-08-25,18,43.98,42.75,naive
2017-08-25,19,45.7,44.89,naive
2017-08-25,20,45.4,44.55,naive
2017-08-25,21,42.91,42.91,naive
2017-08-25,22,39.7,39.22,naive
2017-08-25,23,35.43,33.96,naive
2017-08-26,0,34.75,22.22,naive
2017-08-26,1,32.21,22.01,naive
2017-08-26,2,31.38,13.11,naive
2017-08-26,3,30.89,10.93,naive
2017-08-26,4,30.61,10.47,naive
2017-08-26,5,30.29,10.93,naive
2017-08-26,6,30.47,11.0,naive
2017-08-26,7,31.04,15.93,naive
2017-08-26,8,34.82,20.74,naive
2017-08-26,9,35.96,18.96,naive
2017-08-26,10,35.65,14.62,naive
2017-08-26,11,34.99,12.42,naive
2017-08-26,12,31.52,7.13,naive
2017-08-26,13,30.78,-0.07,naive
2017-08-26,14,30.23,-4.0,naive
2017-08-26,15,31.92,-0.22,naive
2017-08-26,16,32.17,8.16,naive
2017-08-26,17,36.82,11.33,naive
2017-08-26,18,39.67,22.03,naive
2017-08-26,19,42.0,26.63,naive
2017-08-26,20,42.38,26.63,naive
2017-08-26,21,39.97,27.0,naive
2017-08-26,22,38.44,25.33,naive
2017-08-26,23,34.9,20.05,naive
2017-08-27,0,34.95,10.84,naive
2017-08-27,1,31.88,10.1,naive
2017-08-27,2,30.01,9.77,naive
2017-08-27,3,28.71,9.01,naive
2017-08-27,4,29.32,5.18,naive
2017-08-27,5,28.82,8.51,naive
2017-08-27,6,29.67,8.17,naive
2017-08-27,7,28.46,5.06,naive
2017-08-27,8,29.44,9.65,naive
2017-08-27,9,26.04,5.59,naive
2017-08-27,10,22.18,2.66,naive
2017-08-27,11,22.06,2.1,naive
2017-08-27,12,20.74,-0.01,naive
2017-08-27,13,25.42,-14.35,naive
2017-08-27,14,23.89,-12.93,naive
2017-08-27,15,27.0,-6.37,naive
2017-08-27,16,28.74,-3.57,naive
2017-08-27,17,30.63,7.53,naive
2017-08-27,18,35.2,14.13,naive
2017-08-27,19,38.96,26.5,naive
2017-08-27,20,42.21,28.5,naive
2017-08-27,21,42.43,30.57,naive
2017-08-27,22,38.0,29.06,naive
2017-08-27,23,35.98,23.18,naive
2017-08-28,0,33.54,33.43,naive
2017-08-28,1,30.94,31.31,naive
2017-08-28,2,30.64,30.13,naive
2017-08-28,3,30.4,29.51,naive
2017-08-28,4,30.42,29.94,naive
2017-08-28,5,31.99,32.28,naive
2017-08-28,6,41.99,38.05,naive
2017-08-28,7,43.98,42.97,naive
2017-08-28,8,45.56,44.9,naive
2017-08-28,9,44.97,44.67,naive
2017-08-28,10,43.5,41.77,naive
2017-08-28,11,40.06,39.87,naive
2017-08-28,12,35.63,37.92,naive
2017-08-28,13,32.4,34.98,naive
2017-08-28,14,31.5,33.09,naive
2017-08-28,15,36.95,33.99,naive
2017-08-28,16,39.51,36.04,naive
2017-08-28,17,44.53,40.41,naive
2017-08-28,18,46.6,43.98,naive
2017-08-28,19,50.0,45.7,naive
2017-08-28,20,47.59,45.4,naive
2017-08-28,21,44.26,42.91,naive
2017-08-28,22,38.99,39.7,naive
2017-08-28,23,32.0,35.43,naive
2017-08-29,0,30.86,33.54,naive
2017-08-29,1,30.2,30.94,naive
2017-08-29,2,29.96,30.64,naive
2017-08-29,3,29.31,30.4,naive
2017-08-29,4,29.38,30.42,naive
2017-08-29,5,30.77,31.99,naive
2017-08-29,6,35.0,41.99,naive
2017-08-29,7,42.07,43.98,naive
2017-08-29,8,45.54,45.56,naive
2017-08-29,9,42.99,44.97,naive
2017-08-29,10,38.97,43.5,naive
2017-08-29,11,35.58,40.06,naive
2017-08-29,12,31.32,35.63,naive
2017-08-29,13,32.1,32.4,naive
2017-08-29,14,32.49,31.5,naive
2017-08-29,15,33.0,36.95,naive
2017-08-29,16,37.68,39.51,naive
2017-08-29,17,45.47,44.53,naive
2017-08-29,18,49.01,46.6,naive
2017-08-29,19,52.47,50.0,naive
2017-08-29,20,49.98,47.59,naive
2017-08-29,21,45.87,44.26,naive
2017-08-29,22,40.04,38.99,naive
2017-08-29,23,32.82,32.0,naive
2017-08-30,0,32.98,30.86,naive
2017-08-30,1,30.26,30.2,naive
2017-08-30,2,29.83,29.96,naive
2017-08-30,3,29.56,29.31,naive
2017-08-30,4,29.6,29.38,naive
2017-08-30,5,30.82,30.77,naive
2017-08-30,6,36.51,35.0,naive
2017-08-30,7,42.0,42.07,naive
2017-08-30,8,44.43,45.54,naive
2017-08-30,9,43.97,42.99,naive
2017-08-30,10,43.39,38.97,naive
2017-08-30,11,39.91,35.58,naive
2017-08-30,12,33.0,31.32,naive
2017-08-30,13,32.75,32.1,naive
2017-08-30,14,32.83,32.49,naive
2017-08-30,15,32.14,33.0,naive
2017-08-30,16,37.4,37.68,naive
2017-08-30,17,40.56,45.47,naive
2017-08-30,18,42.39,49.01,naive
2017-08-30,19,42.4,52.47,naive
2017-08-30,20,41.39,49.98,naive
2017-08-30,21,37.04,45.87,naive
2017-08-30,22,32.48,40.04,naive
2017-08-30,23,30.89,32.82,naive
2017-08-31,0,31.0,32.98,naive
2017-08-31,1,29.97,30.26,naive
2017-08-31,2,29.75,29.83,naive
2017-08-31,3,28.83,29.56,naive
2017-08-31,4,28.89,29.6,naive
2017-08-31,5,30.06,30.82,naive
2017-08-31,6,34.15,36.51,naive
2017-08-31,7,39.92,42.0,naive
2017-08-31,8,43.28,44.43,naive
2017-08-31,9,44.92,43.97,naive
2017-08-31,10,44.08,43.39,naive
2017-08-31,11,44.8,39.91,naive
2017-08-31,12,42.98,33.0,naive
2017-08-31,13,41.97,32.75,naive
2017-08-31,14,40.06,32.83,naive
2017-08-31,15,41.97,32.14,naive
2017-08-31,16,41.94,37.4,naive
2017-08-31,17,42.05,40.56,naive
2017-08-31,18,43.6,42.39,naive
2017-08-31,19,43.8,42.4,naive
2017-08-31,20,44.09,41.39,naive
2017-08-31,21,41.92,37.04,naive
2017-08-31,22,35.59,32.48,naive
2017-08-31,23,33.41,30.89,naive
2017-09-01,0,33.09,31.0,naive
2017-09-01,1,31.07,29.97,naive
2017-09-01,2,29.89,29.75,naive
2017-09-01,3,29.64,28.83,naive
2017-09-01,4,29.65,28.89,naive
2017-09-01,5,31.71,30.06,naive
2017-09-01,6,36.04,34.15,naive
2017-09-01,7,43.46,39.92,naive
2017-09-01,8,45.83,43.28,naive
2017-09-01,9,45.12,44.92,naive
2017-09-01,10,44.9,44.08,naive
2017-09-01,11,45.02,44.8,naive
2017-09-01,12,44.87,42.98,naive
2017-09-01,13,43.09,41.97,naive
2017-09-01,14,39.91,40.06,naive
2017-09-01,15,38.93,41.97,naive
2017-09-01,16,38.56,41.94,naive
2017-09-01,17,40.36,42.05,naive
2017-09-01,18,42.2,43.6,naive
2017-09-01,19,43.74,43.8,naive
2017-09-01,20,43.95,44.09,naive
2017-09-01,21,39.4,41.92,naive
2017-09-01,22,36.21,35.59,naive
2017-09-01,23,34.51,33.41,naive
2017-09-02,0,32.22,34.75,naive
2017-09-02,1,31.73,32.21,naive
2017-09-02,2,30.06,31.38,naive
2017-09-02,3,29.64,30.89,naive
2017-09-02,4,29.48,30.61,naive
2017-09-02,5,29.99,30.29,naive
2017-09-02,6,31.1,30.47,naive
2017-09-02,7,32.39,31.04,naive
2017-09-02,8,35.1,34.82,naive
2017-09-02,9,38.0,35.96,naive
2017-09-02,10,38.15,35.65,naive
2017-09-02,11,38.03,34.99,naive
2017-09-02,12,35.37,31.52,naive
2017-09-02,13,33.0,30.78,naive
2017-09-02,14,31.78,30.23,naive
2017-09-02,15,30.97,31.92,naive
2017-09-02,16,31.5,32.17,naive
2017-09-02,17,32.99,36.82,naive
2017-09-02,18,37.25,39.67,naive
2017-09-02,19,40.32,42.0,naive
2017-09-02,20,40.52,42.38,naive
2017-09-02,21,38.02,39.97,naive
2017-09-02,22,35.65,38.44,naive
2017-09-02,23,31.02,34.9,naive
2017-09-03,0,32.85,34.95,naive
2017-09-03,1,27.84,31.88,naive
2017-09-03,2,29.8,30.01,naive
2017-09-03,3,28.12,28.71,naive
2017-09-03,4,27.6,29.32,naive
2017-09-03,5,27.64,28.82,naive
2017-09-03,6,28.08,29.67,naive
2017-09-03,7,27.63,28.46,naive
2017-09-03,8,29.45,29.44,naive
2017-09-03,9,30.25,26.04,naive
2017-09-03,10,29.32,22.18,naive
2017-09-03,11,30.09,22.06,naive
2017-09-03,12,30.7,20.74,naive
2017-09-03,13,26.26,25.42,naive
2017-09-03,14,25.95,23.89,naive
2017-09-03,15,25.0,27.0,naive
2017-09-03,16,26.46,28.74,naive
2017-09-03,17,29.73,30.63,naive
2017-09-03,18,34.15,35.2,naive
2017-09-03,19,38.88,38.96,naive
2017-09-03,20,42.27,42.21,naive
2017-09-03,21,39.91,42.43,naive
2017-09-03,22,38.42,38.0,naive
2017-09-03,23,33.43,35.98,naive
2017-09-04,0,31.03,33.09,naive
2017-09-04,1,29.72,31.07,naive
2017-09-04,2,29.41,29.89,naive
2017-09-04,3,27.77,29.64,naive
2017-09-04,4,28.09,29.65,naive
2017-09-04,5,30.4,31.71,naive
2017-09-04,6,39.67,36.04,naive
2017-09-04,7,43.92,43.46,naive
2017-09-04,8,42.95,45.83,naive
2017-09-04,9,42.04,45.12,naive
2017-09-04,10,38.85,44.9,naive
2017-09-04,11,35.17,45.02,naive
2017-09-04,12,32.36,44.87,naive
2017-09-04,13,32.95,43.09,naive
2017-09-04,14,33.23,39.91,naive
2017-09-04,15,35.26,38.93,naive
2017-09-04,16,36.6,38.56,naive
2017-09-04,17,39.23,40.36,naive
2017-09-04,18,42.91,42.2,naive
2017-09-04,19,45.48,43.74,naive
2017-09-04,20,45.71,43.95,naive
2017-09-04,21,42.3,39.4,naive
2017-09-04,22,38.93,36.21,naive
2017-09-04,23,33.22,34.51,naive
2017-09-05,0,31.92,31.03,naive
2017-09-05,1,29.93,29.72,naive
2017-09-05,2,29.7,29.41,naive
2017-09-05,3,29.62,27.77,naive
2017-09-05,4,29.68,28.09,naive
2017-09-05,5,31.02,30.4,naive
2017-09-05,6,36.37,39.67,naive
2017-09-05,7,42.39,43.92,naive
2017-09-05,8,44.05,42.95,naive
2017-09-05,9,42.93,42.04,naive
2017-09-05,10,41.26,38.85,naive
2017-09-05,11,41.76,35.17,naive
2017-09-05,12,38.49,32.36,naive
2017-09-05,13,37.25,32.95,naive
2017-09-05,14,36.67,33.23,naive
2017-09-05,15,38.43,35.26,naive
2017-09-05,16,39.05,36.6,naive
2017-09-05,17,40.56,39.23,naive
2017-09-05,18,43.04,42.91,naive
2017-09-05,19,44.22,45.48,naive
2017-09-05,20,44.97,45.71,naive
2017-09-05,21,40.4,42.3,naive
2017-09-05,22,37.25,38.93,naive
2017-09-05,23,32.97,33.22,naive
2017-09-06,0,29.47,31.92,naive
2017-09-06,1,29.06,29.93,naive
2017-09-06,2,27.83,29.7,naive
2017-09-06,3,26.19,29.62,naive
2017-09-06,4,26.42,29.68,naive
2017-09-06,5,29.19,31.02,naive
2017-09-06,6,36.32,36.37,naive
2017-09-06,7,42.02,42.39,naive
2017-09-06,8,43.73,44.05,naive
2017-09-06,9,43.0,42.93,naive
2017-09-06,10,41.0,41.26,naive
2017-09-06,11,40.07,41.76,naive
2017-09-06,12,35.92,38.49,naive
2017-09-06,13,29.88,37.25,naive
2017-09-06,14,27.9,36.67,naive
2017-09-06,15,23.81,38.43,naive
2017-09-06,16,22.06,39.05,naive
2017-09-06,17,26.81,40.56,naive
2017-09-06,18,29.65,43.04,naive
2017-09-06,19,35.92,44.22,naive
2017-09-06,20,35.96,44.97,naive
2017-09-06,21,30.96,40.4,naive
2017-09-06,22,29.67,37.25,naive
2017-09-06,23,22.07,32.97,naive
2017-09-07,0,21.54,29.47,naive
2017-09-07,1,14.96,29.06,naive
2017-09-07,2,13.12,27.83,naive
2017-09-07,3,11.76,26.19,naive
2017-09-07,4,13.82,26.42,naive
2017-09-07,5,22.01,29.19,naive
2017-09-07,6,34.63,36.32,naive
2017-09-07,7,40.68,42.02,naive
2017-09-07,8,39.94,43.73,naive
2017-09-07,9,39.95,43.0,naive
2017-09-07,10,37.48,41.0,naive
2017-09-07,11,38.98,40.07,naive
2017-09-07,12,37.41,35.92,naive
2017-09-07,13,36.8,29.88,naive
2017-09-07,14,36.11,27.9,naive
2017-09-07,15,36.73,23.81,naive
2017-09-07,16,37.71,22.06,naive
2017-09-07,17,40.37,26.81,naive
2017-09-07,18,42.67,29.65,naive
2017-09-07,19,45.22,35.92,naive
2017-09-07,20,45.99,35.96,naive
2017-09-07,21,41.02,30.96,naive
2017-09-07,22,38.78,29.67,naive
2017-09-07,23,33.99,22.07,naive
2017-09-08,0,29.92,21.54,naive
2017-09-08,1,27.01,14.96,naive
2017-09-08,2,23.95,13.12,naive
2017-09-08,3,19.0,11.76,naive
2017-09-08,4,14.09,13.82,naive
2017-09-08,5,22.24,22.01,naive
2017-09-08,6,32.96,34.63,naive
2017-09-08,7,35.93,40.68,naive
2017-09-08,8,35.14,39.94,naive
2017-09-08,9,31.02,39.95,naive
2017-09-08,10,29.91,37.48,naive
2017-09-08,11,22.88,38.98,naive
2017-09-08,12,19.04,37.41,naive
2017-09-08,13,17.99,36.8,naive
2017-09-08,14,15.03,36.11,naive
2017-09-08,15,22.05,36.73,naive
2017-09-08,16,24.3,37.71,naive
2017-09-08,17,30.36,40.37,naive
2017-09-08,18,33.98,42.67,naive
2017-09-08,19,35.97,45.22,naive
2017-09-08,20,37.31,45.99,naive
2017-09-08,21,34.0,41.02,naive
2017-09-08,22,30.86,38.78,naive
2017-09-08,23,28.87,33.99,naive
2017-09-09,0,27.95,32.22,naive
2017-09-09,1,21.85,31.73,naive
2017-09-09,2,21.09,30.06,naive
2017-09-09,3,21.03,29.64,naive
2017-09-09,4,21.08,29.48,naive
2017-09-09,5,25.23,29.99,naive
2017-09-09,6,27.45,31.1,naive
2017-09-09,7,29.93,32.39,naive
2017-09-09,8,34.1,35.1,naive
2017-09-09,9,37.08,38.0,naive
2017-09-09,10,37.17,38.15,naive
2017-09-09,11,38.68,38.03,naive
2017-09-09,12,36.26,35.37,naive
2017-09-09,13,33.1,33.0,naive
2017-09-09,14,29.88,31.78,naive
2017-09-09,15,30.85,30.97,naive
2017-09-09,16,32.87,31.5,naive
2017-09-09,17,34.54,32.99,naive
2017-09-09,18,36.21,37.25,naive
2017-09-09,19,39.08,40.32,naive
2017-09-09,20,41.53,40.52,naive
2017-09-09,21,38.99,38.02,naive
2017-09-09,22,38.94,35.65,naive
2017-09-09,23,36.81,31.02,naive
2017-09-10,0,31.06,32.85,naive
2017-09-10,1,29.56,27.84,naive
2017-09-10,2,28.23,29.8,naive
2017-09-10,3,25.9,28.12,naive
2017-09-10,4,23.73,27.6,naive
2017-09-10,5,23.17,27.64,naive
2017-09-10,6,25.92,28.08,naive
2017-09-10,7,26.08,27.63,naive
2017-09-10,8,29.89,29.45,naive
2017-09-10,9,30.28,30.25,naive
2017-09-10,10,29.8,29.32,naive
2017-09-10,11,29.42,30.09,naive
2017-09-10,12,24.8,30.7,naive
2017-09-10,13,17.24,26.26,naive
2017-09-10,14,8.93,25.95,naive
2017-09-10,15,9.85,25.0,naive
2017-09-10,16,10.51,26.46,naive
2017-09-10,17,13.21,29.73,naive
2017-09-10,18,23.28,34.15,naive
2017-09-10,19,30.63,38.88,naive
2017-09-10,20,29.7,42.27,naive
2017-09-10,21,22.56,39.91,naive
2017-09-10,22,18.05,38.42,naive
2017-09-10,23,9.4,33.43,naive
2017-09-11,0,0.43,29.92,naive
2017-09-11,1,0.0,27.01,naive
2017-09-11,2,-0.07,23.95,naive
2017-09-11,3,-2.32,19.0,naive
2017-09-11,4,-2.77,14.09,naive
2017-09-11,5,4.23,22.24,naive
2017-09-11,6,23.29,32.96,naive
2017-09-11,7,32.9,35.93,naive
2017-09-11,8,36.33,35.14,naive
2017-09-11,9,36.02,31.02,naive
2017-09-11,10,31.49,29.91,naive
2017-09-11,11,33.0,22.88,naive
2017-09-11,12,30.07,19.04,naive
2017-09-11,13,23.78,17.99,naive
2017-09-11,14,23.06,15.03,naive
2017-09-11,15,21.98,22.05,naive
2017-09-11,16,27.52,24.3,naive
2017-09-11,17,30.63,30.36,naive
2017-09-11,18,33.94,33.98,naive
2017-09-11,19,37.75,35.97,naive
2017-09-11,20,34.69,37.31,naive
2017-09-11,21,30.04,34.0,naive
2017-09-11,22,19.93,30.86,naive
2017-09-11,23,9.36,28.87,naive
2017-09-12,0,10.75,0.43,naive
2017-09-12,1,9.03,0.0,naive
2017-09-12,2,6.49,-0.07,naive
2017-09-12,3,5.33,-2.32,naive
2017-09-12,4,8.71,-2.77,naive
2017-09-12,5,14.9,4.23,naive
2017-09-12,6,34.91,23.29,naive
2017-09-12,7,40.0,32.9,naive
2017-09-12,8,42.46,36.33,naive
2017-09-12,9,39.98,36.02,naive
2017-09-12,10,37.05,31.49,naive
2017-09-12,11,36.65,33.0,naive
2017-09-12,12,33.45,30.07,naive
2017-09-12,13,30.49,23.78,naive
2017-09-12,14,28.58,23.06,naive
2017-09-12,15,29.62,21.98,naive
2017-09-12,16,30.69,27.52,naive
2017-09-12,17,35.25,30.63,naive
2017-09-12,18,41.49,33.94,naive
2017-09-12,19,45.89,37.75,naive
2017-09-12,20,45.52,34.69,naive
2017-09-12,21,36.94,30.04,naive
2017-09-12,22,34.11,19.93,naive
2017-09-12,23,28.1,9.36,naive
2017-09-13,0,19.02,10.75,naive
2017-09-13,1,12.08,9.03,naive
2017-09-13,2,10.71,6.49,naive
2017-09-13,3,5.48,5.33,naive
2017-09-13,4,8.33,8.71,naive
2017-09-13,5,14.01,14.9,naive
2017-09-13,6,23.01,34.91,naive
2017-09-13,7,28.72,40.0,naive
2017-09-13,8,23.07,42.46,naive
2017-09-13,9,15.92,39.98,naive
2017-09-13,10,13.41,37.05,naive
2017-09-13,11,12.73,36.65,naive
2017-09-13,12,10.74,33.45,naive
2017-09-13,13,12.06,30.49,naive
2017-09-13,14,10.1,28.58,naive
2017-09-13,15,9.18,29.62,naive
2017-09-13,16,9.16,30.69,naive
2017-09-13,17,9.12,35.25,naive
2017-09-13,18,16.24,41.49,naive
2017-09-13,19,16.03,45.89,naive
2017-09-13,20,16.07,45.52,naive
2017-09-13,21,12.06,36.94,naive
2017-09-13,22,10.67,34.11,naive
2017-09-13,23,8.6,28.1,naive
2017-09-14,0,-11.04,19.02,naive
2017-09-14,1,-4.92,12.08,naive
2017-09-14,2,-7.91,10.71,naive
2017-09-14,3,-7.1,5.48,naive
2017-09-14,4,-1.7,8.33,naive
2017-09-14,5,9.42,14.01,naive
2017-09-14,6,31.08,23.01,naive
2017-09-14,7,35.47,28.72,naive
2017-09-14,8,36.98,23.07,naive
2017-09-14,9,35.03,15.92,naive
2017-09-14,10,34.46,13.41,naive
2017-09-14,11,34.37,12.73,naive
2017-09-14,12,30.55,10.74,naive
2017-09-14,13,29.73,12.06,naive
2017-09-14,14,25.86,10.1,naive
2017-09-14,15,27.27,9.18,naive
2017-09-14,16,27.94,9.16,naive
2017-09-14,17,32.14,9.12,naive
2017-09-14,18,34.91,16.24,naive
2017-09-14,19,35.88,16.03,naive
2017-09-14,20,36.09,16.07,naive
2017-09-14,21,34.45,12.06,naive
2017-09-14,22,26.66,10.67,naive
2017-09-14,23,19.03,8.6,naive
2017-09-15,0,20.53,-11.04,naive
2017-09-15,1,12.28,-4.92,naive
2017-09-15,2,14.0,-7.91,naive
2017-09-15,3,16.69,-7.1,naive
2017-09-15,4,22.07,-1.7,naive
2017-09-15,5,29.6,9.42,naive
2017-09-15,6,40.24,31.08,naive
2017-09-15,7,44.3,35.47,naive
2017-09-15,8,44.8,36.98,naive
2017-09-15,9,40.96,35.03,naive
2017-09-15,10,39.98,34.46,naive
2017-09-15,11,38.96,34.37,naive
2017-09-15,12,36.69,30.55,naive
2017-09-15,13,33.05,29.73,naive
2017-09-15,14,36.4,25.86,naive
2017-09-15,15,36.13,27.27,naive
2017-09-15,16,38.65,27.94,naive
2017-09-15,17,42.51,32.14,naive
2017-09-15,18,45.47,34.91,naive
2017-09-15,19,48.0,35.88,naive
2017-09-15,20,47.95,36.09,naive
2017-09-15,21,42.05,34.45,naive
2017-09-15,22,37.91,26.66,naive
2017-09-15,23,31.4,19.03,naive
2017-09-16,0,33.95,27.95,naive
2017-09-16,1,32.0,21.85,naive
2017-09-16,2,31.57,21.09,naive
2017-09-16,3,31.01,21.03,naive
2017-09-16,4,30.82,21.08,naive
2017-09-16,5,31.44,25.23,naive
2017-09-16,6,31.94,27.45,naive
2017-09-16,7,34.7,29.93,naive
2017-09-16,8,40.38,34.1,naive
2017-09-16,9,40.92,37.08,naive
2017-09-16,10,40.63,37.17,naive
2017-09-16,11,35.45,38.68,naive
2017-09-16,12,37.93,36.26,naive
2017-09-16,13,35.29,33.1,naive
2017-09-16,14,32.99,29.88,naive
2017-09-16,15,33.9,30.85,naive
2017-09-16,16,35.5,32.87,naive
2017-09-16,17,40.03,34.54,naive
2017-09-16,18,44.64,36.21,naive
2017-09-16,19,48.01,39.08,naive
2017-09-16,20,46.7,41.53,naive
2017-09-16,21,43.54,38.99,naive
2017-09-16,22,40.33,38.94,naive
2017-09-16,23,35.01,36.81,naive
2017-09-17,0,32.27,31.06,naive
2017-09-17,1,30.4,29.56,naive
2017-09-17,2,30.06,28.23,naive
2017-09-17,3,29.43,25.9,naive
2017-09-17,4,29.18,23.73,naive
2017-09-17,5,29.38,23.17,naive
2017-09-17,6,29.98,25.92,naive
2017-09-17,7,30.09,26.08,naive
2017-09-17,8,32.04,29.89,naive
2017-09-17,9,32.59,30.28,naive
2017-09-17,10,32.16,29.8,naive
2017-09-17,11,32.65,29.42,naive
2017-09-17,12,32.05,24.8,naive
2017-09-17,13,30.31,17.24,naive
2017-09-17,14,30.01,8.93,naive
2017-09-17,15,29.72,9.85,naive
2017-09-17,16,30.05,10.51,naive
2017-09-17,17,32.15,13.21,naive
2017-09-17,18,41.0,23.28,naive
2017-09-17,19,45.09,30.63,naive
2017-09-17,20,46.95,29.7,naive
2017-09-17,21,42.38,22.56,naive
2017-09-17,22,38.27,18.05,naive
2017-09-17,23,33.09,9.4,naive
2017-09-18,0,32.77,20.53,naive
2017-09-18,1,32.08,12.28,naive
2017-09-18,2,32.1,14.0,naive
2017-09-18,3,31.42,16.69,naive
2017-09-18,4,32.0,22.07,naive
2017-09-18,5,32.6,29.6,naive
2017-09-18,6,43.89,40.24,naive
2017-09-18,7,51.06,44.3,naive
2017-09-18,8,53.23,44.8,naive
2017-09-18,9,51.71,40.96,naive
2017-09-18,10,51.59,39.98,naive
2017-09-18,11,45.04,38.96,naive
2017-09-18,12,41.09,36.69,naive
2017-09-18,13,37.91,33.05,naive
2017-09-18,14,36.09,36.4,naive
2017-09-18,15,41.88,36.13,naive
2017-09-18,16,43.92,38.65,naive
2017-09-18,17,45.61,42.51,naive
2017-09-18,18,49.41,45.47,naive
2017-09-18,19,52.89,48.0,naive
2017-09-18,20,53.14,47.95,naive
2017-09-18,21,44.58,42.05,naive
2017-09-18,22,40.55,37.91,naive
2017-09-18,23,33.2,31.4,naive
2017-09-19,0,33.1,32.77,naive
2017-09-19,1,32.13,32.08,naive
2017-09-19,2,31.28,32.1,naive
2017-09-19,3,30.8,31.42,naive
2017-09-19,4,31.07,32.0,naive
2017-09-19,5,33.22,32.6,naive
2017-09-19,6,40.0,43.89,naive
2017-09-19,7,50.02,51.06,naive
2017-09-19,8,53.76,53.23,naive
2017-09-19,9,51.1,51.71,naive
2017-09-19,10,49.99,51.59,naive
2017-09-19,11,49.37,45.04,naive
2017-09-19,12,44.9,41.09,naive
2017-09-19,13,43.9,37.91,naive
2017-09-19,14,39.8,36.09,naive
2017-09-19,15,38.36,41.88,naive
2017-09-19,16,38.94,43.92,naive
2017-09-19,17,42.98,45.61,naive
2017-09-19,18,46.26,49.41,naive
2017-09-19,19,50.01,52.89,naive
2017-09-19,20,47.96,53.14,naive
2017-09-19,21,40.0,44.58,naive
2017-09-19,22,37.34,40.55,naive
2017-09-19,23,35.74,33.2,naive
2017-09-20,0,29.97,33.1,naive
2017-09-20,1,29.49,32.13,naive
2017-09-20,2,28.47,31.28,naive
2017-09-20,3,25.99,30.8,naive
2017-09-20,4,26.56,31.07,naive
2017-09-20,5,31.05,33.22,naive
2017-09-20,6,39.49,40.0,naive
2017-09-20,7,46.99,50.02,naive
2017-09-20,8,47.93,53.76,naive
2017-09-20,9,44.99,51.1,naive
2017-09-20,10,46.84,49.99,naive
2017-09-20,11,43.88,49.37,naive
2017-09-20,12,37.0,44.9,naive
2017-09-20,13,35.47,43.9,naive
2017-09-20,14,37.51,39.8,naive
2017-09-20,15,34.07,38.36,naive
2017-09-20,16,40.0,38.94,naive
2017-09-20,17,43.94,42.98,naive
2017-09-20,18,48.93,46.26,naive
2017-09-20,19,52.02,50.01,naive
2017-09-20,20,51.03,47.96,naive
2017-09-20,21,43.91,40.0,naive
2017-09-20,22,39.44,37.34,naive
2017-09-20,23,34.61,35.74,naive
2017-09-21,0,32.61,29.97,naive
2017-09-21,1,30.8,29.49,naive
2017-09-21,2,29.66,28.47,naive
2017-09-21,3,29.49,25.99,naive
2017-09-21,4,29.98,26.56,naive
2017-09-21,5,32.11,31.05,naive
2017-09-21,6,40.0,39.49,naive
2017-09-21,7,47.97,46.99,naive
2017-09-21,8,50.97,47.93,naive
2017-09-21,9,47.03,44.99,naive
2017-09-21,10,43.47,46.84,naive
2017-09-21,11,39.48,43.88,naive
2017-09-21,12,35.9,37.0,naive
2017-09-21,13,35.27,35.47,naive
2017-09-21,14,34.55,37.51,naive
2017-09-21,15,34.4,34.07,naive
2017-09-21,16,37.52,40.0,naive
2017-09-21,17,43.48,43.94,naive
2017-09-21,18,48.73,48.93,naive
2017-09-21,19,52.77,52.02,naive
2017-09-21,20,50.75,51.03,naive
2017-09-21,21,42.2,43.91,naive
2017-09-21,22,38.33,39.44,naive
2017-09-21,23,34.73,34.61,naive
2017-09-22,0,32.24,32.61,naive
2017-09-22,1,31.67,30.8,naive
2017-09-22,2,30.4,29.66,naive
2017-09-22,3,30.02,29.49,naive
2017-09-22,4,30.3,29.98,naive
2017-09-22,5,31.9,32.11,naive
2017-09-22,6,40.06,40.0,naive
2017-09-22,7,48.18,47.97,naive
2017-09-22,8,49.8,50.97,naive
2017-09-22,9,49.71,47.03,naive
2017-09-22,10,47.17,43.47,naive
2017-09-22,11,45.34,39.48,naive
2017-09-22,12,40.34,35.9,naive
2017-09-22,13,38.07,35.27,naive
2017-09-22,14,36.58,34.55,naive
2017-09-22,15,36.57,34.4,naive
2017-09-22,16,37.31,37.52,naive
2017-09-22,17,43.27,43.48,naive
2017-09-22,18,45.92,48.73,naive
2017-09-22,19,48.92,52.77,naive
2017-09-22,20,47.21,50.75,naive
2017-09-22,21,43.3,42.2,naive
2017-09-22,22,39.51,38.33,naive
2017-09-22,23,37.95,34.73,naive
2017-09-23,0,34.67,33.95,naive
2017-09-23,1,31.99,32.0,naive
2017-09-23,2,31.94,31.57,naive
2017-09-23,3,31.91,31.01,naive
2017-09-23,4,31.43,30.82,naive
2017-09-23,5,31.81,31.44,naive
2017-09-23,6,33.4,31.94,naive
2017-09-23,7,39.03,34.7,naive
2017-09-23,8,41.54,40.38,naive
2017-09-23,9,42.93,40.92,naive
2017-09-23,10,41.91,40.63,naive
2017-09-23,11,39.9,35.45,naive
2017-09-23,12,31.91,37.93,naive
2017-09-23,13,32.17,35.29,naive
2017-09-23,14,32.12,32.99,naive
2017-09-23,15,32.0,33.9,naive
2017-09-23,16,32.77,35.5,naive
2017-09-23,17,37.22,40.03,naive
2017-09-23,18,42.44,44.64,naive
2017-09-23,19,45.2,48.01,naive
2017-09-23,20,44.93,46.7,naive
2017-09-23,21,39.08,43.54,naive
2017-09-23,22,35.79,40.33,naive
2017-09-23,23,31.72,35.01,naive
2017-09-24,0,31.76,32.27,naive
2017-09-24,1,30.51,30.4,naive
2017-09-24,2,31.03,30.06,naive
2017-09-24,3,30.77,29.43,naive
2017-09-24,4,30.55,29.18,naive
2017-09-24,5,31.06,29.38,naive
2017-09-24,6,31.82,29.98,naive
2017-09-24,7,32.09,30.09,naive
2017-09-24,8,34.9,32.04,naive
2017-09-24,9,35.57,32.59,naive
2017-09-24,10,35.25,32.16,naive
2017-09-24,11,35.61,32.65,naive
2017-09-24,12,35.21,32.05,naive
2017-09-24,13,32.71,30.31,naive
2017-09-24,14,31.52,30.01,naive
2017-09-24,15,31.37,29.72,naive
2017-09-24,16,31.62,30.05,naive
2017-09-24,17,35.34,32.15,naive
2017-09-24,18,42.39,41.0,naive
2017-09-24,19,46.94,45.09,naive
2017-09-24,20,44.99,46.95,naive
2017-09-24,21,42.2,42.38,naive
2017-09-24,22,41.08,38.27,naive
2017-09-24,23,32.45,33.09,naive
2017-09-25,0,32.97,32.24,naive
2017-09-25,1,31.69,31.67,naive
2017-09-25,2,31.1,30.4,naive
2017-09-25,3,31.02,30.02,naive
2017-09-25,4,30.5,30.3,naive
2017-09-25,5,32.49,31.9,naive
2017-09-25,6,44.42,40.06,naive
2017-09-25,7,52.44,48.18,naive
2017-09-25,8,53.77,49.8,naive
2017-09-25,9,52.4,49.71,naive
2017-09-25,10,51.1,47.17,naive
2017-09-25,11,48.95,45.34,naive
2017-09-25,12,44.93,40.34,naive
2017-09-25,13,42.4,38.07,naive
2017-09-25,14,40.51,36.58,naive
2017-09-25,15,42.01,36.57,naive
2017-09-25,16,43.93,37.31,naive
2017-09-25,17,46.13,43.27,naive
2017-09-25,18,49.81,45.92,naive
2017-09-25,19,52.0,48.92,naive
2017-09-25,20,50.44,47.21,naive
2017-09-25,21,41.96,43.3,naive
2017-09-25,22,34.9,39.51,naive
2017-09-25,23,34.85,37.95,naive
2017-09-26,0,35.37,32.97,naive
2017-09-26,1,32.42,31.69,naive
2017-09-26,2,31.36,31.1,naive
2017-09-26,3,31.33,31.02,naive
2017-09-26,4,31.88,30.5,naive
2017-09-26,5,33.61,32.49,naive
2017-09-26,6,42.52,44.42,naive
2017-09-26,7,51.78,52.44,naive
2017-09-26,8,55.2,53.77,naive
2017-09-26,9,50.81,52.4,naive
2017-09-26,10,46.03,51.1,naive
2017-09-26,11,41.1,48.95,naive
2017-09-26,12,36.09,44.93,naive
2017-09-26,13,35.13,42.4,naive
2017-09-26,14,34.83,40.51,naive
2017-09-26,15,35.9,42.01,naive
2017-09-26,16,39.53,43.93,naive
2017-09-26,17,46.05,46.13,naive
2017-09-26,18,49.93,49.81,naive
2017-09-26,19,54.66,52.0,naive
2017-09-26,20,49.42,50.44,naive
2017-09-26,21,36.34,41.96,naive
2017-09-26,22,33.93,34.9,naive
2017-09-26,23,35.43,34.85,naive
2017-09-27,0,33.41,35.37,naive
2017-09-27,1,32.12,32.42,naive
2017-09-27,2,32.03,31.36,naive
2017-09-27,3,31.56,31.33,naive
2017-09-27,4,32.14,31.88,naive
2017-09-27,5,33.7,33.61,naive
2017-09-27,6,45.07,42.52,naive
2017-09-27,7,54.4,51.78,naive
2017-09-27,8,57.0,55.2,naive
2017-09-27,9,51.59,50.81,naive
2017-09-27,10,46.1,46.03,naive
2017-09-27,11,41.16,41.1,naive
2017-09-27,12,34.43,36.09,naive
2017-09-27,13,34.9,35.13,naive
2017-09-27,14,34.42,34.83,naive
2017-09-27,15,35.96,35.9,naive
2017-09-27,16,38.94,39.53,naive
2017-09-27,17,45.08,46.05,naive
2017-09-27,18,49.99,49.93,naive
2017-09-27,19,54.86,54.66,naive
2017-09-27,20,47.99,49.42,naive
2017-09-27,21,42.95,36.34,naive
2017-09-27,22,38.43,33.93,naive
2017-09-27,23,32.94,35.43,naive
2017-09-28,0,32.08,33.41,naive
2017-09-28,1,31.77,32.12,naive
2017-09-28,2,31.58,32.03,naive
2017-09-28,3,31.01,31.56,naive
2017-09-28,4,31.05,32.14,naive
2017-09-28,5,33.4,33.7,naive
2017-09-28,6,40.2,45.07,naive
2017-09-28,7,49.21,54.4,naive
2017-09-28,8,49.43,57.0,naive
2017-09-28,9,47.08,51.59,naive
2017-09-28,10,45.27,46.1,naive
2017-09-28,11,44.35,41.16,naive
2017-09-28,12,39.2,34.43,naive
2017-09-28,13,39.2,34.9,naive
2017-09-28,14,38.45,34.42,naive
2017-09-28,15,41.67,35.96,naive
2017-09-28,16,44.12,38.94,naive
2017-09-28,17,46.93,45.08,naive
2017-09-28,18,47.51,49.99,naive
2017-09-28,19,49.78,54.86,naive
2017-09-28,20,47.49,47.99,naive
2017-09-28,21,38.5,42.95,naive
2017-09-28,22,34.96,38.43,naive
2017-09-28,23,32.96,32.94,naive
2017-09-29,0,33.85,32.08,naive
2017-09-29,1,32.88,31.77,naive
2017-09-29,2,31.5,31.58,naive
2017-09-29,3,31.1,31.01,naive
2017-09-29,4,30.97,31.05,naive
2017-09-29,5,31.91,33.4,naive
2017-09-29,6,40.67,40.2,naive
2017-09-29,7,49.91,49.21,naive
2017-09-29,8,51.2,49.43,naive
2017-09-29,9,49.99,47.08,naive
2017-09-29,10,47.99,45.27,naive
2017-09-29,11,47.08,44.35,naive
2017-09-29,12,38.65,39.2,naive
2017-09-29,13,39.13,39.2,naive
2017-09-29,14,36.86,38.45,naive
2017-09-29,15,38.45,41.67,naive
2017-09-29,16,41.23,44.12,naive
2017-09-29,17,45.17,46.93,naive
2017-09-29,18,47.93,47.51,naive
2017-09-29,19,47.99,49.78,naive
2017-09-29,20,39.1,47.49,naive
2017-09-29,21,32.21,38.5,naive
2017-09-29,22,36.94,34.96,naive
2017-09-29,23,30.6,32.96,naive
2017-09-30,0,23.88,34.67,naive
2017-09-30,1,26.09,31.99,naive
2017-09-30,2,26.65,31.94,naive
2017-09-30,3,28.73,31.91,naive
2017-09-30,4,29.03,31.43,naive
2017-09-30,5,30.02,31.81,naive
2017-09-30,6,31.96,33.4,naive
2017-09-30,7,38.6,39.03,naive
2017-09-30,8,39.0,41.54,naive
2017-09-30,9,42.49,42.93,naive
2017-09-30,10,42.57,41.91,naive
2017-09-30,11,43.2,39.9,naive
2017-09-30,12,38.75,31.91,naive
2017-09-30,13,32.82,32.17,naive
2017-09-30,14,31.84,32.12,naive
2017-09-30,15,33.0,32.0,naive
2017-09-30,16,37.52,32.77,naive
2017-09-30,17,41.77,37.22,naive
2017-09-30,18,45.06,42.44,naive
2017-09-30,19,48.25,45.2,naive
2017-09-30,20,45.01,44.93,naive
2017-09-30,21,37.49,39.08,naive
2017-09-30,22,32.18,35.79,naive
2017-09-30,23,29.06,31.72,naive
2017-10-01,0,12.95,31.76,naive
2017-10-01,1,14.84,30.51,naive
2017-10-01,2,19.05,31.03,naive
2017-10-01,3,22.15,30.77,naive
2017-10-01,4,22.9,30.55,naive
2017-10-01,5,23.1,31.06,naive
2017-10-01,6,25.66,31.82,naive
2017-10-01,7,27.4,32.09,naive
2017-10-01,8,32.71,34.9,naive
2017-10-01,9,38.11,35.57,naive
2017-10-01,10,38.39,35.25,naive
2017-10-01,11,38.58,35.61,naive
2017-10-01,12,38.29,35.21,naive
2017-10-01,13,29.68,32.71,naive
2017-10-01,14,26.09,31.52,naive
2017-10-01,15,26.64,31.37,naive
2017-10-01,16,27.84,31.62,naive
2017-10-01,17,37.0,35.34,naive
2017-10-01,18,46.13,42.39,naive
2017-10-01,19,49.9,46.94,naive
2017-10-01,20,45.98,44.99,naive
2017-10-01,21,31.95,42.2,naive
2017-10-01,22,26.08,41.08,naive
2017-10-01,23,13.94,32.45,naive
2017-10-02,0,18.64,33.85,naive
2017-10-02,1,12.9,32.88,naive
2017-10-02,2,5.72,31.5,naive
2017-10-02,3,0.34,31.1,naive
2017-10-02,4,2.9,30.97,naive
2017-10-02,5,9.37,31.91,naive
2017-10-02,6,13.98,40.67,naive
2017-10-02,7,21.32,49.91,naive
2017-10-02,8,21.38,51.2,naive
2017-10-02,9,21.38,49.99,naive
2017-10-02,10,20.29,47.99,naive
2017-10-02,11,25.29,47.08,naive
2017-10-02,12,22.1,38.65,naive
2017-10-02,13,14.82,39.13,naive
2017-10-02,14,14.6,36.86,naive
2017-10-02,15,19.3,38.45,naive
2017-10-02,16,19.9,41.23,naive
2017-10-02,17,31.29,45.17,naive
2017-10-02,18,31.23,47.93,naive
2017-10-02,19,36.04,47.99,naive
2017-10-02,20,29.28,39.1,naive
2017-10-02,21,22.68,32.21,naive
2017-10-02,22,15.18,36.94,naive
2017-10-02,23,9.39,30.6,naive
2017-10-03,0,13.26,18.64,naive
2017-10-03,1,13.95,12.9,naive
2017-10-03,2,12.31,5.72,naive
2017-10-03,3,15.09,0.34,naive
2017-10-03,4,19.51,2.9,naive
2017-10-03,5,21.58,9.37,naive
2017-10-03,6,28.28,13.98,naive
2017-10-03,7,31.41,21.32,naive
2017-10-03,8,35.95,21.38,naive
2017-10-03,9,34.9,21.38,naive
2017-10-03,10,32.03,20.29,naive
2017-10-03,11,32.69,25.29,naive
2017-10-03,12,24.87,22.1,naive
2017-10-03,13,17.91,14.82,naive
2017-10-03,14,11.09,14.6,naive
2017-10-03,15,12.47,19.3,naive
2017-10-03,16,16.63,19.9,naive
2017-10-03,17,27.62,31.29,naive
2017-10-03,18,33.06,31.23,naive
2017-10-03,19,39.54,36.04,naive
2017-10-03,20,30.63,29.28,naive
2017-10-03,21,30.66,22.68,naive
2017-10-03,22,30.09,15.18,naive
2017-10-03,23,22.08,9.39,naive
2017-10-04,0,18.09,13.26,naive
2017-10-04,1,18.65,13.95,naive
2017-10-04,2,20.88,12.31,naive
2017-10-04,3,18.06,15.09,naive
2017-10-04,4,22.63,19.51,naive
2017-10-04,5,30.0,21.58,naive
2017-10-04,6,45.22,28.28,naive
2017-10-04,7,54.61,31.41,naive
2017-10-04,8,55.93,35.95,naive
2017-10-04,9,44.2,34.9,naive
2017-10-04,10,35.34,32.03,naive
2017-10-04,11,31.17,32.69,naive
2017-10-04,12,22.8,24.87,naive
2017-10-04,13,19.96,17.91,naive
2017-10-04,14,22.77,11.09,naive
2017-10-04,15,25.0,12.47,naive
2017-10-04,16,25.06,16.63,naive
2017-10-04,17,33.06,27.62,naive
2017-10-04,18,33.8,33.06,naive
2017-10-04,19,35.93,39.54,naive
2017-10-04,20,30.26,30.63,naive
2017-10-04,21,22.1,30.66,naive
2017-10-04,22,20.62,30.09,naive
2017-10-04,23,0.49,22.08,naive
2017-10-05,0,4.09,18.09,naive
2017-10-05,1,2.09,18.65,naive
2017-10-05,2,1.8,20.88,naive
2017-10-05,3,8.91,18.06,naive
2017-10-05,4,12.46,22.63,naive
2017-10-05,5,16.98,30.0,naive
2017-10-05,6,31.31,45.22,naive
2017-10-05,7,35.84,54.61,naive
2017-10-05,8,41.92,55.93,naive
2017-10-05,9,31.04,44.2,naive
2017-10-05,10,24.98,35.34,naive
2017-10-05,11,20.44,31.17,naive
2017-10-05,12,9.71,22.8,naive
2017-10-05,13,12.18,19.96,naive
2017-10-05,14,10.81,22.77,naive
2017-10-05,15,10.84,25.0,naive
2017-10-05,16,10.89,25.06,naive
2017-10-05,17,14.68,33.06,naive
2017-10-05,18,25.0,33.8,naive
2017-10-05,19,29.96,35.93,naive
2017-10-05,20,26.08,30.26,naive
2017-10-05,21,27.96,22.1,naive
2017-10-05,22,10.84,20.62,naive
2017-10-05,23,11.81,0.49,naive
2017-10-06,0,0.95,4.09,naive
2017-10-06,1,9.88,2.09,naive
2017-10-06,2,3.23,1.8,naive
2017-10-06,3,0.43,8.91,naive
2017-10-06,4,4.46,12.46,naive
2017-10-06,5,10.78,16.98,naive
2017-10-06,6,31.08,31.31,naive
2017-10-06,7,37.87,35.84,naive
2017-10-06,8,34.94,41.92,naive
2017-10-06,9,33.98,31.04,naive
2017-10-06,10,32.95,24.98,naive
2017-10-06,11,32.95,20.44,naive
2017-10-06,12,32.13,9.71,naive
2017-10-06,13,30.35,12.18,naive
2017-10-06,14,29.45,10.81,naive
2017-10-06,15,29.28,10.84,naive
2017-10-06,16,32.41,10.89,naive
2017-10-06,17,36.9,14.68,naive
2017-10-06,18,46.92,25.0,naive
2017-10-06,19,48.52,29.96,naive
2017-10-06,20,42.04,26.08,naive
2017-10-06,21,35.1,27.96,naive
2017-10-06,22,30.6,10.84,naive
2017-10-06,23,26.87,11.81,naive
2017-10-07,0,13.85,23.88,naive
2017-10-07,1,11.85,26.09,naive
2017-10-07,2,10.72,26.65,naive
2017-10-07,3,11.04,28.73,naive
2017-10-07,4,9.0,29.03,naive
2017-10-07,5,8.94,30.02,naive
2017-10-07,6,10.94,31.96,naive
2017-10-07,7,12.21,38.6,naive
2017-10-07,8,24.92,39.0,naive
2017-10-07,9,17.39,42.49,naive
2017-10-07,10,10.77,42.57,naive
2017-10-07,11,11.21,43.2,naive
2017-10-07,12,3.57,38.75,naive
2017-10-07,13,0.0,32.82,naive
2017-10-07,14,-0.95,31.84,naive
2017-10-07,15,-1.35,33.0,naive
2017-10-07,16,-0.94,37.52,naive
2017-10-07,17,0.89,41.77,naive
2017-10-07,18,8.3,45.06,naive
2017-10-07,19,10.12,48.25,naive
2017-10-07,20,2.53,45.01,naive
2017-10-07,21,3.08,37.49,naive
2017-10-07,22,2.59,32.18,naive
2017-10-07,23,0.47,29.06,naive
2017-10-08,0,-0.96,12.95,naive
2017-10-08,1,-2.37,14.84,naive
2017-10-08,2,-0.03,19.05,naive
2017-10-08,3,-0.96,22.15,naive
2017-10-08,4,-0.08,22.9,naive
2017-10-08,5,8.76,23.1,naive
2017-10-08,6,2.52,25.66,naive
2017-10-08,7,12.19,27.4,naive
2017-10-08,8,27.97,32.71,naive
2017-10-08,9,29.67,38.11,naive
2017-10-08,10,32.48,38.39,naive
2017-10-08,11,38.28,38.58,naive
2017-10-08,12,30.21,38.29,naive
2017-10-08,13,28.03,29.68,naive
2017-10-08,14,26.26,26.09,naive
2017-10-08,15,21.85,26.64,naive
2017-10-08,16,27.44,27.84,naive
2017-10-08,17,32.46,37.0,naive
2017-10-08,18,40.05,46.13,naive
2017-10-08,19,47.97,49.9,naive
2017-10-08,20,43.92,45.98,naive
2017-10-08,21,40.94,31.95,naive
2017-10-08,22,40.95,26.08,naive
2017-10-08,23,35.25,13.94,naive
2017-10-09,0,32.06,0.95,naive
2017-10-09,1,30.64,9.88,naive
2017-10-09,2,30.02,3.23,naive
2017-10-09,3,30.09,0.43,naive
2017-10-09,4,30.01,4.46,naive
2017-10-09,5,32.0,10.78,naive
2017-10-09,6,42.98,31.08,naive
2017-10-09,7,51.48,37.87,naive
2017-10-09,8,54.75,34.94,naive
2017-10-09,9,51.14,33.98,naive
2017-10-09,10,51.14,32.95,naive
2017-10-09,11,47.12,32.95,naive
2017-10-09,12,41.21,32.13,naive
2017-10-09,13,39.94,30.35,naive
2017-10-09,14,40.06,29.45,naive
2017-10-09,15,41.41,29.28,naive
2017-10-09,16,43.79,32.41,naive
2017-10-09,17,50.52,36.9,naive
2017-10-09,18,59.83,46.92,naive
2017-10-09,19,62.01,48.52,naive
2017-10-09,20,46.36,42.04,naive
2017-10-09,21,38.58,35.1,naive
2017-10-09,22,37.22,30.6,naive
2017-10-09,23,32.93,26.87,naive
2017-10-10,0,30.22,32.06,naive
2017-10-10,1,29.96,30.64,naive
2017-10-10,2,30.19,30.02,naive
2017-10-10,3,30.0,30.09,naive
2017-10-10,4,30.74,30.01,naive
2017-10-10,5,31.79,32.0,naive
2017-10-10,6,37.78,42.98,naive
2017-10-10,7,48.85,51.48,naive
2017-10-10,8,56.94,54.75,naive
2017-10-10,9,55.61,51.14,naive
2017-10-10,10,43.07,51.14,naive
2017-10-10,11,42.36,47.12,naive
2017-10-10,12,40.0,41.21,naive
2017-10-10,13,38.3,39.94,naive
2017-10-10,14,37.24,40.06,naive
2017-10-10,15,35.89,41.41,naive
2017-10-10,16,35.37,43.79,naive
2017-10-10,17,36.82,50.52,naive
2017-10-10,18,39.9,59.83,naive
2017-10-10,19,42.92,62.01,naive
2017-10-10,20,35.46,46.36,naive
2017-10-10,21,33.03,38.58,naive
2017-10-10,22,30.51,37.22,naive
2017-10-10,23,22.76,32.93,naive
2017-10-11,0,22.04,30.22,naive
2017-10-11,1,21.31,29.96,naive
2017-10-11,2,22.79,30.19,naive
2017-10-11,3,23.09,30.0,naive
2017-10-11,4,27.05,30.74,naive
2017-10-11,5,29.83,31.79,naive
2017-10-11,6,38.93,37.78,naive
2017-10-11,7,47.0,48.85,naive
2017-10-11,8,49.93,56.94,naive
2017-10-11,9,43.81,55.61,naive
2017-10-11,10,41.0,43.07,naive
2017-10-11,11,38.91,42.36,naive
2017-10-11,12,31.89,40.0,naive
2017-10-11,13,31.81,38.3,naive
2017-10-11,14,30.54,37.24,naive
2017-10-11,15,31.7,35.89,naive
2017-10-11,16,36.35,35.37,naive
2017-10-11,17,41.18,36.82,naive
2017-10-11,18,42.98,39.9,naive
2017-10-11,19,46.49,42.92,naive
2017-10-11,20,39.9,35.46,naive
2017-10-11,21,31.93,33.03,naive
2017-10-11,22,29.58,30.51,naive
2017-10-11,23,22.09,22.76,naive
2017-10-12,0,13.32,22.04,naive
2017-10-12,1,12.66,21.31,naive
2017-10-12,2,12.67,22.79,naive
2017-10-12,3,9.7,23.09,naive
2017-10-12,4,10.28,27.05,naive
2017-10-12,5,11.17,29.83,naive
2017-10-12,6,28.04,38.93,naive
2017-10-12,7,38.09,47.0,naive
2017-10-12,8,36.99,49.93,naive
2017-10-12,9,30.54,43.81,naive
2017-10-12,10,21.49,41.0,naive
2017-10-12,11,17.52,38.91,naive
2017-10-12,12,12.78,31.89,naive
2017-10-12,13,13.54,31.81,naive
2017-10-12,14,15.12,30.54,naive
2017-10-12,15,21.62,31.7,naive
2017-10-12,16,26.04,36.35,naive
2017-10-12,17,34.93,41.18,naive
2017-10-12,18,42.05,42.98,naive
2017-10-12,19,46.32,46.49,naive
2017-10-12,20,40.98,39.9,naive
2017-10-12,21,42.94,31.93,naive
2017-10-12,22,38.96,29.58,naive
2017-10-12,23,31.37,22.09,naive
2017-10-13,0,30.53,13.32,naive
2017-10-13,1,29.38,12.66,naive
2017-10-13,2,28.34,12.67,naive
2017-10-13,3,28.46,9.7,naive
2017-10-13,4,29.03,10.28,naive
2017-10-13,5,31.47,11.17,naive
2017-10-13,6,43.08,28.04,naive
2017-10-13,7,59.93,38.09,naive
2017-10-13,8,64.82,36.99,naive
2017-10-13,9,50.81,30.54,naive
2017-10-13,10,46.46,21.49,naive
2017-10-13,11,44.4,17.52,naive
2017-10-13,12,38.03,12.78,naive
2017-10-13,13,33.49,13.54,naive
2017-10-13,14,31.29,15.12,naive
2017-10-13,15,34.72,21.62,naive
2017-10-13,16,36.99,26.04,naive
2017-10-13,17,46.45,34.93,naive
2017-10-13,18,55.9,42.05,naive
2017-10-13,19,49.9,46.32,naive
2017-10-13,20,39.27,40.98,naive
2017-10-13,21,35.21,42.94,naive
2017-10-13,22,31.66,38.96,naive
2017-10-13,23,29.63,31.37,naive
2017-10-14,0,28.0,13.85,naive
2017-10-14,1,26.99,11.85,naive
2017-10-14,2,27.41,10.72,naive
2017-10-14,3,26.4,11.04,naive
2017-10-14,4,26.17,9.0,naive
2017-10-14,5,26.1,8.94,naive
2017-10-14,6,28.0,10.94,naive
2017-10-14,7,33.99,12.21,naive
2017-10-14,8,39.42,24.92,naive
2017-10-14,9,35.95,17.39,naive
2017-10-14,10,28.04,10.77,naive
2017-10-14,11,22.86,11.21,naive
2017-10-14,12,26.07,3.57,naive
2017-10-14,13,12.67,0.0,naive
2017-10-14,14,13.31,-0.95,naive
2017-10-14,15,26.42,-1.35,naive
2017-10-14,16,31.44,-0.94,naive
2017-10-14,17,40.02,0.89,naive
2017-10-14,18,49.71,8.3,naive
2017-10-14,19,52.51,10.12,naive
2017-10-14,20,43.97,2.53,naive
2017-10-14,21,40.03,3.08,naive
2017-10-14,22,39.07,2.59,naive
2017-10-14,23,31.43,0.47,naive
2017-10-15,0,34.26,-0.96,naive
2017-10-15,1,31.56,-2.37,naive
2017-10-15,2,30.41,-0.03,naive
2017-10-15,3,29.27,-0.96,naive
2017-10-15,4,29.04,-0.08,naive
2017-10-15,5,28.91,8.76,naive
2017-10-15,6,31.18,2.52,naive
2017-10-15,7,35.9,12.19,naive
2017-10-15,8,34.22,27.97,naive
2017-10-15,9,33.24,29.67,naive
2017-10-15,10,31.58,32.48,naive
2017-10-15,11,30.97,38.28,naive
2017-10-15,12,22.77,30.21,naive
2017-10-15,13,17.07,28.03,naive
2017-10-15,14,22.44,26.26,naive
2017-10-15,15,26.63,21.85,naive
2017-10-15,16,28.03,27.44,naive
2017-10-15,17,39.38,32.46,naive
2017-10-15,18,45.05,40.05,naive
2017-10-15,19,45.04,47.97,naive
2017-10-15,20,31.75,43.92,naive
2017-10-15,21,31.73,40.94,naive
2017-10-15,22,29.09,40.95,naive
2017-10-15,23,18.4,35.25,naive
2017-10-16,0,22.99,30.53,naive
2017-10-16,1,21.26,29.38,naive
2017-10-16,2,21.86,28.34,naive
2017-10-16,3,21.79,28.46,naive
2017-10-16,4,22.93,29.03,naive
2017-10-16,5,28.9,31.47,naive
2017-10-16,6,42.0,43.08,naive
2017-10-16,7,55.34,59.93,naive
2017-10-16,8,51.65,64.82,naive
2017-10-16,9,43.12,50.81,naive
2017-10-16,10,37.3,46.46,naive
2017-10-16,11,33.16,44.4,naive
2017-10-16,12,32.26,38.03,naive
2017-10-16,13,31.68,33.49,naive
2017-10-16,14,40.56,31.29,naive
2017-10-16,15,42.5,34.72,naive
2017-10-16,16,44.62,36.99,naive
2017-10-16,17,50.9,46.45,naive
2017-10-16,18,63.47,55.9,naive
2017-10-16,19,66.73,49.9,naive
2017-10-16,20,45.95,39.27,naive
2017-10-16,21,39.05,35.21,naive
2017-10-16,22,34.07,31.66,naive
2017-10-16,23,31.11,29.63,naive
2017-10-17,0,28.95,22.99,naive
2017-10-17,1,27.02,21.26,naive
2017-10-17,2,26.99,21.86,naive
2017-10-17,3,27.04,21.79,naive
2017-10-17,4,28.06,22.93,naive
2017-10-17,5,30.57,28.9,naive
2017-10-17,6,34.99,42.0,naive
2017-10-17,7,46.16,55.34,naive
2017-10-17,8,44.97,51.65,naive
2017-10-17,9,36.95,43.12,naive
2017-10-17,10,33.46,37.3,naive
2017-10-17,11,31.34,33.16,naive
2017-10-17,12,29.24,32.26,naive
2017-10-17,13,30.22,31.68,naive
2017-10-17,14,29.72,40.56,naive
2017-10-17,15,32.8,42.5,naive
2017-10-17,16,35.47,44.62,naive
2017-10-17,17,47.92,50.9,naive
2017-10-17,18,63.36,63.47,naive
2017-10-17,19,67.92,66.73,naive
2017-10-17,20,47.38,45.95,naive
2017-10-17,21,43.61,39.05,naive
2017-10-17,22,39.99,34.07,naive
2017-10-17,23,36.79,31.11,naive
2017-10-18,0,33.22,28.95,naive
2017-10-18,1,34.02,27.02,naive
2017-10-18,2,34.02,26.99,naive
2017-10-18,3,31.89,27.04,naive
2017-10-18,4,31.81,28.06,naive
2017-10-18,5,36.03,30.57,naive
2017-10-18,6,49.87,34.99,naive
2017-10-18,7,66.0,46.16,naive
2017-10-18,8,69.94,44.97,naive
2017-10-18,9,67.91,36.95,naive
2017-10-18,10,64.42,33.46,naive
2017-10-18,11,63.08,31.34,naive
2017-10-18,12,47.93,29.24,naive
2017-10-18,13,45.97,30.22,naive
2017-10-18,14,46.07,29.72,naive
2017-10-18,15,55.84,32.8,naive
2017-10-18,16,62.65,35.47,naive
2017-10-18,17,65.66,47.92,naive
2017-10-18,18,73.41,63.36,naive
2017-10-18,19,83.02,67.92,naive
2017-10-18,20,66.84,47.38,naive
2017-10-18,21,54.27,43.61,naive
2017-10-18,22,40.45,39.99,naive
2017-10-18,23,36.94,36.79,naive
2017-10-19,0,34.28,33.22,naive
2017-10-19,1,34.26,34.02,naive
2017-10-19,2,33.59,34.02,naive
2017-10-19,3,33.74,31.89,naive
2017-10-19,4,34.0,31.81,naive
2017-10-19,5,34.89,36.03,naive
2017-10-19,6,53.71,49.87,naive
2017-10-19,7,67.66,66.0,naive
2017-10-19,8,68.54,69.94,naive
2017-10-19,9,67.82,67.91,naive
2017-10-19,10,62.07,64.42,naive
2017-10-19,11,49.97,63.08,naive
2017-10-19,12,46.57,47.93,naive
2017-10-19,13,41.55,45.97,naive
2017-10-19,14,40.53,46.07,naive
2017-10-19,15,43.63,55.84,naive
2017-10-19,16,49.91,62.65,naive
2017-10-19,17,58.01,65.66,naive
2017-10-19,18,61.27,73.41,naive
2017-10-19,19,54.3,83.02,naive
2017-10-19,20,41.55,66.84,naive
2017-10-19,21,34.6,54.27,naive
2017-10-19,22,34.87,40.45,naive
2017-10-19,23,31.04,36.94,naive
2017-10-20,0,29.62,34.28,naive
2017-10-20,1,29.02,34.26,naive
2017-10-20,2,29.06,33.59,naive
2017-10-20,3,29.88,33.74,naive
2017-10-20,4,30.0,34.0,naive
2017-10-20,5,31.01,34.89,naive
2017-10-20,6,39.91,53.71,naive
2017-10-20,7,47.05,67.66,naive
2017-10-20,8,51.28,68.54,naive
2017-10-20,9,47.0,67.82,naive
2017-10-20,10,43.14,62.07,naive
2017-10-20,11,41.28,49.97,naive
2017-10-20,12,37.59,46.57,naive
2017-10-20,13,33.06,41.55,naive
2017-10-20,14,32.89,40.53,naive
2017-10-20,15,32.61,43.63,naive
2017-10-20,16,33.04,49.91,naive
2017-10-20,17,44.61,58.01,naive
2017-10-20,18,47.86,61.27,naive
2017-10-20,19,46.94,54.3,naive
2017-10-20,20,38.98,41.55,naive
2017-10-20,21,41.84,34.6,naive
2017-10-20,22,35.86,34.87,naive
2017-10-20,23,32.74,31.04,naive
2017-10-21,0,35.0,28.0,naive
2017-10-21,1,32.52,26.99,naive
2017-10-21,2,32.05,27.41,naive
2017-10-21,3,30.84,26.4,naive
2017-10-21,4,29.35,26.17,naive
2017-10-21,5,30.3,26.1,naive
2017-10-21,6,31.16,28.0,naive
2017-10-21,7,35.88,33.99,naive
2017-10-21,8,41.91,39.42,naive
2017-10-21,9,46.07,35.95,naive
2017-10-21,10,47.71,28.04,naive
2017-10-21,11,45.98,22.86,naive
2017-10-21,12,35.0,26.07,naive
2017-10-21,13,31.02,12.67,naive
2017-10-21,14,32.09,13.31,naive
2017-10-21,15,32.0,26.42,naive
2017-10-21,16,32.09,31.44,naive
2017-10-21,17,36.56,40.02,naive
2017-10-21,18,40.2,49.71,naive
2017-10-21,19,40.71,52.51,naive
2017-10-21,20,31.75,43.97,naive
2017-10-21,21,28.59,40.03,naive
2017-10-21,22,27.5,39.07,naive
2017-10-21,23,15.48,31.43,naive
2017-10-22,0,19.1,34.26,naive
2017-10-22,1,19.03,31.56,naive
2017-10-22,2,16.9,30.41,naive
2017-10-22,3,12.98,29.27,naive
2017-10-22,4,9.24,29.04,naive
2017-10-22,5,5.23,28.91,naive
2017-10-22,6,9.86,31.18,naive
2017-10-22,7,9.85,35.9,naive
2017-10-22,8,13.04,34.22,naive
2017-10-22,9,12.9,33.24,naive
2017-10-22,10,13.09,31.58,naive
2017-10-22,11,14.3,30.97,naive
2017-10-22,12,13.58,22.77,naive
2017-10-22,13,13.44,17.07,naive
2017-10-22,14,13.5,22.44,naive
2017-10-22,15,23.39,26.63,naive
2017-10-22,16,28.65,28.03,naive
2017-10-22,17,34.45,39.38,naive
2017-10-22,18,49.9,45.05,naive
2017-10-22,19,49.97,45.04,naive
2017-10-22,20,44.92,31.75,naive
2017-10-22,21,35.88,31.73,naive
2017-10-22,22,32.24,29.09,naive
2017-10-22,23,29.05,18.4,naive
2017-10-23,0,28.61,29.62,naive
2017-10-23,1,27.86,29.02,naive
2017-10-23,2,26.43,29.06,naive
2017-10-23,3,23.07,29.88,naive
2017-10-23,4,22.22,30.0,naive
2017-10-23,5,30.33,31.01,naive
2017-10-23,6,42.36,39.91,naive
2017-10-23,7,50.21,47.05,naive
2017-10-23,8,50.0,51.28,naive
2017-10-23,9,45.39,47.0,naive
2017-10-23,10,46.02,43.14,naive
2017-10-23,11,46.1,41.28,naive
2017-10-23,12,43.16,37.59,naive
2017-10-23,13,46.34,33.06,naive
2017-10-23,14,46.74,32.89,naive
2017-10-23,15,46.01,32.61,naive
2017-10-23,16,46.08,33.04,naive
2017-10-23,17,49.66,44.61,naive
2017-10-23,18,54.2,47.86,naive
2017-10-23,19,53.91,46.94,naive
2017-10-23,20,50.12,38.98,naive
2017-10-23,21,45.48,41.84,naive
2017-10-23,22,37.7,35.86,naive
2017-10-23,23,36.0,32.74,naive
2017-10-24,0,31.68,28.61,naive
2017-10-24,1,32.41,27.86,naive
2017-10-24,2,32.09,26.43,naive
2017-10-24,3,31.67,23.07,naive
2017-10-24,4,32.07,22.22,naive
2017-10-24,5,34.3,30.33,naive
2017-10-24,6,43.56,42.36,naive
2017-10-24,7,46.59,50.21,naive
2017-10-24,8,53.91,50.0,naive
2017-10-24,9,48.42,45.39,naive
2017-10-24,10,49.08,46.02,naive
2017-10-24,11,45.39,46.1,naive
2017-10-24,12,38.58,43.16,naive
2017-10-24,13,38.23,46.34,naive
2017-10-24,14,36.99,46.74,naive
2017-10-24,15,36.99,46.01,naive
2017-10-24,16,36.1,46.08,naive
2017-10-24,17,39.68,49.66,naive
2017-10-24,18,44.9,54.2,naive
2017-10-24,19,39.56,53.91,naive
2017-10-24,20,33.0,50.12,naive
2017-10-24,21,32.6,45.48,naive
2017-10-24,22,30.18,37.7,naive
2017-10-24,23,27.02,36.0,naive
2017-10-25,0,15.78,31.68,naive
2017-10-25,1,15.05,32.41,naive
2017-10-25,2,12.79,32.09,naive
2017-10-25,3,13.99,31.67,naive
2017-10-25,4,17.03,32.07,naive
2017-10-25,5,26.35,34.3,naive
2017-10-25,6,34.67,43.56,naive
2017-10-25,7,44.84,46.59,naive
2017-10-25,8,45.0,53.91,naive
2017-10-25,9,43.94,48.42,naive
2017-10-25,10,37.11,49.08,naive
2017-10-25,11,31.57,45.39,naive
2017-10-25,12,29.79,38.58,naive
2017-10-25,13,29.66,38.23,naive
2017-10-25,14,30.0,36.99,naive
2017-10-25,15,31.05,36.99,naive
2017-10-25,16,34.03,36.1,naive
2017-10-25,17,44.74,39.68,naive
2017-10-25,18,50.56,44.9,naive
2017-10-25,19,56.85,39.56,naive
2017-10-25,20,46.19,33.0,naive
2017-10-25,21,45.92,32.6,naive
2017-10-25,22,40.58,30.18,naive
2017-10-25,23,33.09,27.02,naive
2017-10-26,0,31.67,15.78,naive
2017-10-26,1,32.18,15.05,naive
2017-10-26,2,32.21,12.79,naive
2017-10-26,3,32.25,13.99,naive
2017-10-26,4,32.25,17.03,naive
2017-10-26,5,35.36,26.35,naive
2017-10-26,6,45.25,34.67,naive
2017-10-26,7,55.93,44.84,naive
2017-10-26,8,56.93,45.0,naive
2017-10-26,9,51.9,43.94,naive
2017-10-26,10,46.01,37.11,naive
2017-10-26,11,43.25,31.57,naive
2017-10-26,12,38.3,29.79,naive
2017-10-26,13,32.38,29.66,naive
2017-10-26,14,33.07,30.0,naive
2017-10-26,15,36.97,31.05,naive
2017-10-26,16,45.42,34.03,naive
2017-10-26,17,48.91,44.74,naive
2017-10-26,18,50.03,50.56,naive
2017-10-26,19,50.93,56.85,naive
2017-10-26,20,40.99,46.19,naive
2017-10-26,21,34.97,45.92,naive
2017-10-26,22,32.34,40.58,naive
2017-10-26,23,30.92,33.09,naive
2017-10-27,0,22.48,31.67,naive
2017-10-27,1,21.71,32.18,naive
2017-10-27,2,12.9,32.21,naive
2017-10-27,3,12.81,32.25,naive
2017-10-27,4,19.04,32.25,naive
2017-10-27,5,24.01,35.36,naive
2017-10-27,6,32.0,45.25,naive
2017-10-27,7,36.79,55.93,naive
2017-10-27,8,38.91,56.93,naive
2017-10-27,9,38.69,51.9,naive
2017-10-27,10,38.36,46.01,naive
2017-10-27,11,33.52,43.25,naive
2017-10-27,12,28.51,38.3,naive
2017-10-27,13,25.97,32.38,naive
2017-10-27,14,27.09,33.07,naive
2017-10-27,15,26.99,36.97,naive
2017-10-27,16,30.01,45.42,naive
2017-10-27,17,37.8,48.91,naive
2017-10-27,18,44.93,50.03,naive
2017-10-27,19,46.93,50.93,naive
2017-10-27,20,44.18,40.99,naive
2017-10-27,21,35.99,34.97,naive
2017-10-27,22,32.04,32.34,naive
2017-10-27,23,19.17,30.92,naive
2017-10-28,0,16.04,35.0,naive
2017-10-28,1,9.41,32.52,naive
2017-10-28,2,0.03,32.05,naive
2017-10-28,3,-9.69,30.84,naive
2017-10-28,4,-13.02,29.35,naive
2017-10-28,5,-15.01,30.3,naive
2017-10-28,6,-9.6,31.16,naive
2017-10-28,7,0.12,35.88,naive
2017-10-28,8,0.12,41.91,naive
2017-10-28,9,5.41,46.07,naive
2017-10-28,10,0.27,47.71,naive
2017-10-28,11,0.11,45.98,naive
2017-10-28,12,-0.1,35.0,naive
2017-10-28,13,-13.38,31.02,naive
2017-10-28,14,-31.42,32.09,naive
2017-10-28,15,-17.03,32.0,naive
2017-10-28,16,-4.02,32.09,naive
2017-10-28,17,0.08,36.56,naive
2017-10-28,18,7.56,40.2,naive
2017-10-28,19,8.89,40.71,naive
2017-10-28,20,0.23,31.75,naive
2017-10-28,21,-38.19,28.59,naive
2017-10-28,22,-49.98,27.5,naive
2017-10-28,23,-70.09,15.48,naive
2017-10-29,0,-79.94,19.1,naive
2017-10-29,1,-83.0,19.03,naive
2017-10-29,2,-83.03,16.9,naive
2017-10-29,3,-83.03,12.98,naive
2017-10-29,4,-83.04,9.24,naive
2017-10-29,5,-83.02,5.23,naive
2017-10-29,6,-83.01,9.86,naive
2017-10-29,7,-80.0,9.85,naive
2017-10-29,8,-79.96,13.04,naive
2017-10-29,9,-76.02,12.9,naive
2017-10-29,10,-67.08,13.09,naive
2017-10-29,11,-81.95,14.3,naive
2017-10-29,12,-67.07,13.58,naive
2017-10-29,13,-80.07,13.44,naive
2017-10-29,14,-79.95,13.5,naive
2017-10-29,15,-76.06,23.39,naive
2017-10-29,16,-0.92,28.65,naive
2017-10-29,17,8.51,34.45,naive
2017-10-29,18,27.62,49.9,naive
2017-10-29,19,29.77,49.97,naive
2017-10-29,20,22.06,44.92,naive
2017-10-29,21,17.0,35.88,naive
2017-10-29,22,12.44,32.24,naive
2017-10-29,23,-70.05,29.05,naive
2017-10-30,0,0.75,22.48,naive
2017-10-30,1,0.01,21.71,naive
2017-10-30,2,0.08,12.9,naive
2017-10-30,3,4.05,12.81,naive
2017-10-30,4,2.95,19.04,naive
2017-10-30,5,18.09,24.01,naive
2017-10-30,6,28.42,32.0,naive
2017-10-30,7,36.43,36.79,naive
2017-10-30,8,33.48,38.91,naive
2017-10-30,9,30.38,38.69,naive
2017-10-30,10,29.74,38.36,naive
2017-10-30,11,29.46,33.52,naive
2017-10-30,12,29.7,28.51,naive
2017-10-30,13,29.98,25.97,naive
2017-10-30,14,36.36,27.09,naive
2017-10-30,15,43.99,26.99,naive
2017-10-30,16,46.34,30.01,naive
2017-10-30,17,61.0,37.8,naive
2017-10-30,18,70.09,44.93,naive
2017-10-30,19,51.98,46.93,naive
2017-10-30,20,48.13,44.18,naive
2017-10-30,21,47.18,35.99,naive
2017-10-30,22,46.05,32.04,naive
2017-10-30,23,41.97,19.17,naive
2017-10-31,0,30.08,0.75,naive
2017-10-31,1,30.89,0.01,naive
2017-10-31,2,30.01,0.08,naive
2017-10-31,3,29.09,4.05,naive
2017-10-31,4,30.29,2.95,naive
2017-10-31,5,32.24,18.09,naive
2017-10-31,6,38.94,28.42,naive
2017-10-31,7,37.9,36.43,naive
2017-10-31,8,41.09,33.48,naive
2017-10-31,9,39.92,30.38,naive
2017-10-31,10,37.98,29.74,naive
2017-10-31,11,39.97,29.46,naive
2017-10-31,12,36.95,29.7,naive
2017-10-31,13,34.14,29.98,naive
2017-10-31,14,35.65,36.36,naive
2017-10-31,15,38.99,43.99,naive
2017-10-31,16,42.45,46.34,naive
2017-10-31,17,46.92,61.0,naive
2017-10-31,18,47.36,70.09,naive
2017-10-31,19,44.31,51.98,naive
2017-10-31,20,39.0,48.13,naive
2017-10-31,21,37.1,47.18,naive
2017-10-31,22,34.98,46.05,naive
2017-10-31,23,30.82,41.97,naive
2017-11-01,0,26.91,30.08,naive
2017-11-01,1,23.06,30.89,naive
2017-11-01,2,22.27,30.01,naive
2017-11-01,3,22.97,29.09,naive
2017-11-01,4,26.66,30.29,naive
2017-11-01,5,27.03,32.24,naive
2017-11-01,6,29.07,38.94,naive
2017-11-01,7,31.0,37.9,naive
2017-11-01,8,36.06,41.09,naive
2017-11-01,9,35.16,39.92,naive
2017-11-01,10,32.37,37.98,naive
2017-11-01,11,33.08,39.97,naive
2017-11-01,12,29.79,36.95,naive
2017-11-01,13,29.06,34.14,naive
2017-11-01,14,29.18,35.65,naive
2017-11-01,15,30.01,38.99,naive
2017-11-01,16,36.93,42.45,naive
2017-11-01,17,42.49,46.92,naive
2017-11-01,18,43.93,47.36,naive
2017-11-01,19,41.97,44.31,naive
2017-11-01,20,36.52,39.0,naive
2017-11-01,21,30.07,37.1,naive
2017-11-01,22,27.02,34.98,naive
2017-11-01,23,18.97,30.82,naive
2017-11-02,0,20.18,26.91,naive
2017-11-02,1,12.62,23.06,naive
2017-11-02,2,12.61,22.27,naive
2017-11-02,3,10.96,22.97,naive
2017-11-02,4,14.04,26.66,naive
2017-11-02,5,25.97,27.03,naive
2017-11-02,6,35.05,29.07,naive
2017-11-02,7,45.9,31.0,naive
2017-11-02,8,43.83,36.06,naive
2017-11-02,9,35.59,35.16,naive
2017-11-02,10,32.33,32.37,naive
2017-11-02,11,32.36,33.08,naive
2017-11-02,12,31.32,29.79,naive
2017-11-02,13,32.49,29.06,naive
2017-11-02,14,33.94,29.18,naive
2017-11-02,15,39.1,30.01,naive
2017-11-02,16,45.95,36.93,naive
2017-11-02,17,51.91,42.49,naive
2017-11-02,18,51.92,43.93,naive
2017-11-02,19,50.07,41.97,naive
2017-11-02,20,46.01,36.52,naive
2017-11-02,21,42.06,30.07,naive
2017-11-02,22,36.12,27.02,naive
2017-11-02,23,35.45,18.97,naive
2017-11-03,0,36.07,20.18,naive
2017-11-03,1,36.09,12.62,naive
2017-11-03,2,36.13,12.61,naive
2017-11-03,3,36.09,10.96,naive
2017-11-03,4,38.24,14.04,naive
2017-11-03,5,40.66,25.97,naive
2017-11-03,6,52.97,35.05,naive
2017-11-03,7,61.74,45.9,naive
2017-11-03,8,65.8,43.83,naive
2017-11-03,9,62.18,35.59,naive
2017-11-03,10,58.69,32.33,naive
2017-11-03,11,58.67,32.36,naive
2017-11-03,12,54.55,31.32,naive
2017-11-03,13,51.5,32.49,naive
2017-11-03,14,51.17,33.94,naive
2017-11-03,15,56.64,39.1,naive
2017-11-03,16,60.88,45.95,naive
2017-11-03,17,66.0,51.91,naive
2017-11-03,18,68.68,51.92,naive
2017-11-03,19,58.63,50.07,naive
2017-11-03,20,49.01,46.01,naive
2017-11-03,21,39.01,42.06,naive
2017-11-03,22,36.11,36.12,naive
2017-11-03,23,34.97,35.45,naive
2017-11-04,0,36.16,16.04,naive
2017-11-04,1,35.06,9.41,naive
2017-11-04,2,34.42,0.03,naive
2017-11-04,3,33.61,-9.69,naive
2017-11-04,4,33.4,-13.02,naive
2017-11-04,5,33.22,-15.01,naive
2017-11-04,6,33.73,-9.6,naive
2017-11-04,7,37.63,0.12,naive
2017-11-04,8,42.99,0.12,naive
2017-11-04,9,40.39,5.41,naive
2017-11-04,10,39.84,0.27,naive
2017-11-04,11,37.02,0.11,naive
2017-11-04,12,36.1,-0.1,naive
2017-11-04,13,34.33,-13.38,naive
2017-11-04,14,34.34,-31.42,naive
2017-11-04,15,35.04,-17.03,naive
2017-11-04,16,37.03,-4.02,naive
2017-11-04,17,43.94,0.08,naive
2017-11-04,18,35.51,7.56,naive
2017-11-04,19,32.25,8.89,naive
2017-11-04,20,28.83,0.23,naive
2017-11-04,21,26.77,-38.19,naive
2017-11-04,22,26.53,-49.98,naive
2017-11-04,23,20.65,-70.09,naive
2017-11-05,0,13.2,-79.94,naive
2017-11-05,1,13.2,-83.0,naive
2017-11-05,2,14.64,-83.03,naive
2017-11-05,3,11.68,-83.03,naive
2017-11-05,4,13.93,-83.04,naive
2017-11-05,5,20.01,-83.02,naive
2017-11-05,6,21.87,-83.01,naive
2017-11-05,7,24.6,-80.0,naive
2017-11-05,8,31.47,-79.96,naive
2017-11-05,9,33.92,-76.02,naive
2017-11-05,10,36.54,-67.08,naive
2017-11-05,11,38.9,-81.95,naive
2017-11-05,12,36.11,-67.07,naive
2017-11-05,13,36.2,-80.07,naive
2017-11-05,14,33.78,-79.95,naive
2017-11-05,15,33.96,-76.06,naive
2017-11-05,16,35.0,-0.92,naive
2017-11-05,17,41.82,8.51,naive
2017-11-05,18,41.74,27.62,naive
2017-11-05,19,42.82,29.77,naive
2017-11-05,20,40.91,22.06,naive
2017-11-05,21,39.59,17.0,naive
2017-11-05,22,38.87,12.44,naive
2017-11-05,23,35.0,-70.05,naive
2017-11-06,0,31.74,36.07,naive
2017-11-06,1,33.73,36.09,naive
2017-11-06,2,33.02,36.13,naive
2017-11-06,3,27.61,36.09,naive
2017-11-06,4,28.1,38.24,naive
2017-11-06,5,32.99,40.66,naive
2017-11-06,6,44.83,52.97,naive
2017-11-06,7,54.96,61.74,naive
2017-11-06,8,60.38,65.8,naive
2017-11-06,9,55.38,62.18,naive
2017-11-06,10,54.95,58.69,naive
2017-11-06,11,54.97,58.67,naive
2017-11-06,12,54.93,54.55,naive
2017-11-06,13,55.91,51.5,naive
2017-11-06,14,55.93,51.17,naive
2017-11-06,15,57.85,56.64,naive
2017-11-06,16,62.56,60.88,naive
2017-11-06,17,78.28,66.0,naive
2017-11-06,18,89.93,68.68,naive
2017-11-06,19,74.51,58.63,naive
2017-11-06,20,55.02,49.01,naive
2017-11-06,21,50.61,39.01,naive
2017-11-06,22,39.11,36.11,naive
2017-11-06,23,37.1,34.97,naive
2017-11-07,0,36.63,31.74,naive
2017-11-07,1,35.05,33.73,naive
2017-11-07,2,36.87,33.02,naive
2017-11-07,3,36.02,27.61,naive
2017-11-07,4,37.04,28.1,naive
2017-11-07,5,34.43,32.99,naive
2017-11-07,6,49.77,44.83,naive
2017-11-07,7,59.26,54.96,naive
2017-11-07,8,64.37,60.38,naive
2017-11-07,9,55.07,55.38,naive
2017-11-07,10,54.94,54.95,naive
2017-11-07,11,54.92,54.97,naive
2017-11-07,12,53.93,54.93,naive
2017-11-07,13,54.94,55.91,naive
2017-11-07,14,56.93,55.93,naive
2017-11-07,15,66.75,57.85,naive
2017-11-07,16,65.58,62.56,naive
2017-11-07,17,81.56,78.28,naive
2017-11-07,18,82.3,89.93,naive
2017-11-07,19,64.2,74.51,naive
2017-11-07,20,53.94,55.02,naive
2017-11-07,21,46.94,50.61,naive
2017-11-07,22,41.7,39.11,naive
2017-11-07,23,37.86,37.1,naive
2017-11-08,0,33.7,36.63,naive
2017-11-08,1,33.62,35.05,naive
2017-11-08,2,33.64,36.87,naive
2017-11-08,3,33.62,36.02,naive
2017-11-08,4,35.53,37.04,naive
2017-11-08,5,36.15,34.43,naive
2017-11-08,6,54.07,49.77,naive
2017-11-08,7,75.76,59.26,naive
2017-11-08,8,79.28,64.37,naive
2017-11-08,9,77.07,55.07,naive
2017-11-08,10,84.22,54.94,naive
2017-11-08,11,84.98,54.92,naive
2017-11-08,12,83.8,53.93,naive
2017-11-08,13,88.19,54.94,naive
2017-11-08,14,89.9,56.93,naive
2017-11-08,15,81.89,66.75,naive
2017-11-08,16,88.2,65.58,naive
2017-11-08,17,111.4,81.56,naive
2017-11-08,18,120.0,82.3,naive
2017-11-08,19,89.93,64.2,naive
2017-11-08,20,60.1,53.94,naive
2017-11-08,21,52.32,46.94,naive
2017-11-08,22,48.05,41.7,naive
2017-11-08,23,38.57,37.86,naive
2017-11-09,0,38.61,33.7,naive
2017-11-09,1,39.3,33.62,naive
2017-11-09,2,38.48,33.64,naive
2017-11-09,3,40.53,33.62,naive
2017-11-09,4,39.9,35.53,naive
2017-11-09,5,43.95,36.15,naive
2017-11-09,6,58.65,54.07,naive
2017-11-09,7,72.1,75.76,naive
2017-11-09,8,84.73,79.28,naive
2017-11-09,9,61.99,77.07,naive
2017-11-09,10,61.37,84.22,naive
2017-11-09,11,60.69,84.98,naive
2017-11-09,12,55.12,83.8,naive
2017-11-09,13,53.99,88.19,naive
2017-11-09,14,54.91,89.9,naive
2017-11-09,15,55.0,81.89,naive
2017-11-09,16,55.92,88.2,naive
2017-11-09,17,56.94,111.4,naive
2017-11-09,18,55.93,120.0,naive
2017-11-09,19,55.0,89.93,naive
2017-11-09,20,40.3,60.1,naive
2017-11-09,21,42.81,52.32,naive
2017-11-09,22,36.78,48.05,naive
2017-11-09,23,33.61,38.57,naive
2017-11-10,0,26.41,38.61,naive
2017-11-10,1,25.35,39.3,naive
2017-11-10,2,26.6,38.48,naive
2017-11-10,3,27.31,40.53,naive
2017-11-10,4,27.1,39.9,naive
2017-11-10,5,28.92,43.95,naive
2017-11-10,6,40.15,58.65,naive
2017-11-10,7,51.2,72.1,naive
2017-11-10,8,47.41,84.73,naive
2017-11-10,9,38.61,61.99,naive
2017-11-10,10,38.89,61.37,naive
2017-11-10,11,38.79,60.69,naive
2017-11-10,12,35.25,55.12,naive
2017-11-10,13,31.16,53.99,naive
2017-11-10,14,30.16,54.91,naive
2017-11-10,15,30.12,55.0,naive
2017-11-10,16,31.02,55.92,naive
2017-11-10,17,36.19,56.94,naive
2017-11-10,18,36.02,55.93,naive
2017-11-10,19,31.08,55.0,naive
2017-11-10,20,29.39,40.3,naive
2017-11-10,21,22.26,42.81,naive
2017-11-10,22,15.51,36.78,naive
2017-11-10,23,11.46,33.61,naive
2017-11-11,0,9.2,36.16,naive
2017-11-11,1,2.03,35.06,naive
2017-11-11,2,0.08,34.42,naive
2017-11-11,3,6.47,33.61,naive
2017-11-11,4,11.27,33.4,naive
2017-11-11,5,12.59,33.22,naive
2017-11-11,6,9.63,33.73,naive
2017-11-11,7,13.55,37.63,naive
2017-11-11,8,20.1,42.99,naive
2017-11-11,9,24.66,40.39,naive
2017-11-11,10,21.47,39.84,naive
2017-11-11,11,18.9,37.02,naive
2017-11-11,12,21.03,36.1,naive
2017-11-11,13,22.86,34.33,naive
2017-11-11,14,28.2,34.34,naive
2017-11-11,15,30.48,35.04,naive
2017-11-11,16,35.81,37.03,naive
2017-11-11,17,44.49,43.94,naive
2017-11-11,18,46.76,35.51,naive
2017-11-11,19,41.03,32.25,naive
2017-11-11,20,35.92,28.83,naive
2017-11-11,21,35.82,26.77,naive
2017-11-11,22,37.06,26.53,naive
2017-11-11,23,28.29,20.65,naive
2017-11-12,0,14.07,13.2,naive
2017-11-12,1,15.99,13.2,naive
2017-11-12,2,13.8,14.64,naive
2017-11-12,3,13.53,11.68,naive
2017-11-12,4,15.25,13.93,naive
2017-11-12,5,21.86,20.01,naive
2017-11-12,6,22.52,21.87,naive
2017-11-12,7,27.06,24.6,naive
2017-11-12,8,30.94,31.47,naive
2017-11-12,9,33.03,33.92,naive
2017-11-12,10,42.79,36.54,naive
2017-11-12,11,47.65,38.9,naive
2017-11-12,12,48.13,36.11,naive
2017-11-12,13,44.28,36.2,naive
2017-11-12,14,38.43,33.78,naive
2017-11-12,15,37.8,33.96,naive
2017-11-12,16,40.82,35.0,naive
2017-11-12,17,53.91,41.82,naive
2017-11-12,18,53.94,41.74,naive
2017-11-12,19,46.54,42.82,naive
2017-11-12,20,39.59,40.91,naive
2017-11-12,21,33.11,39.59,naive
2017-11-12,22,33.17,38.87,naive
2017-11-12,23,29.73,35.0,naive
2017-11-13,0,31.06,26.41,naive
2017-11-13,1,30.41,25.35,naive
2017-11-13,2,29.64,26.6,naive
2017-11-13,3,29.66,27.31,naive
2017-11-13,4,29.79,27.1,naive
2017-11-13,5,31.68,28.92,naive
2017-11-13,6,42.76,40.15,naive
2017-11-13,7,54.9,51.2,naive
2017-11-13,8,54.33,47.41,naive
2017-11-13,9,48.15,38.61,naive
2017-11-13,10,45.83,38.89,naive
2017-11-13,11,46.61,38.79,naive
2017-11-13,12,41.48,35.25,naive
2017-11-13,13,48.08,31.16,naive
2017-11-13,14,50.81,30.16,naive
2017-11-13,15,54.93,30.12,naive
2017-11-13,16,55.92,31.02,naive
2017-11-13,17,70.08,36.19,naive
2017-11-13,18,62.3,36.02,naive
2017-11-13,19,57.73,31.08,naive
2017-11-13,20,54.94,29.39,naive
2017-11-13,21,49.0,22.26,naive
2017-11-13,22,41.0,15.51,naive
2017-11-13,23,36.55,11.46,naive
2017-11-14,0,37.83,31.06,naive
2017-11-14,1,36.01,30.41,naive
2017-11-14,2,34.03,29.64,naive
2017-11-14,3,33.54,29.66,naive
2017-11-14,4,33.9,29.79,naive
2017-11-14,5,34.04,31.68,naive
2017-11-14,6,38.12,42.76,naive
2017-11-14,7,43.52,54.9,naive
2017-11-14,8,49.58,54.33,naive
2017-11-14,9,37.2,48.15,naive
2017-11-14,10,36.56,45.83,naive
2017-11-14,11,36.19,46.61,naive
2017-11-14,12,36.88,41.48,naive
2017-11-14,13,36.6,48.08,naive
2017-11-14,14,36.86,50.81,naive
2017-11-14,15,40.07,54.93,naive
2017-11-14,16,49.06,55.92,naive
2017-11-14,17,51.71,70.08,naive
2017-11-14,18,52.94,62.3,naive
2017-11-14,19,51.25,57.73,naive
2017-11-14,20,44.92,54.94,naive
2017-11-14,21,39.44,49.0,naive
2017-11-14,22,37.6,41.0,naive
2017-11-14,23,36.36,36.55,naive
2017-11-15,0,33.5,37.83,naive
2017-11-15,1,34.06,36.01,naive
2017-11-15,2,33.42,34.03,naive
2017-11-15,3,35.62,33.54,naive
2017-11-15,4,33.74,33.9,naive
2017-11-15,5,37.0,34.04,naive
2017-11-15,6,58.5,38.12,naive
2017-11-15,7,77.4,43.52,naive
2017-11-15,8,78.01,49.58,naive
2017-11-15,9,68.87,37.2,naive
2017-11-15,10,61.65,36.56,naive
2017-11-15,11,71.76,36.19,naive
2017-11-15,12,64.1,36.88,naive
2017-11-15,13,70.77,36.6,naive
2017-11-15,14,72.81,36.86,naive
2017-11-15,15,79.18,40.07,naive
2017-11-15,16,89.95,49.06,naive
2017-11-15,17,112.09,51.71,naive
2017-11-15,18,124.29,52.94,naive
2017-11-15,19,86.34,51.25,naive
2017-11-15,20,76.13,44.92,naive
2017-11-15,21,62.01,39.44,naive
2017-11-15,22,51.91,37.6,naive
2017-11-15,23,39.03,36.36,naive
2017-11-16,0,37.04,33.5,naive
2017-11-16,1,37.06,34.06,naive
2017-11-16,2,36.13,33.42,naive
2017-11-16,3,36.59,35.62,naive
2017-11-16,4,37.04,33.74,naive
2017-11-16,5,36.87,37.0,naive
2017-11-16,6,51.61,58.5,naive
2017-11-16,7,61.89,77.4,naive
2017-11-16,8,68.63,78.01,naive
2017-11-16,9,57.02,68.87,naive
2017-11-16,10,55.93,61.65,naive
2017-11-16,11,53.96,71.76,naive
2017-11-16,12,49.01,64.1,naive
2017-11-16,13,49.31,70.77,naive
2017-11-16,14,54.0,72.81,naive
2017-11-16,15,57.94,79.18,naive
2017-11-16,16,56.16,89.95,naive
2017-11-16,17,56.42,112.09,naive
2017-11-16,18,53.93,124.29,naive
2017-11-16,19,46.3,86.34,naive
2017-11-16,20,37.03,76.13,naive
2017-11-16,21,38.03,62.01,naive
2017-11-16,22,38.15,51.91,naive
2017-11-16,23,35.07,39.03,naive
2017-11-17,0,33.15,37.04,naive
2017-11-17,1,32.72,37.06,naive
2017-11-17,2,33.16,36.13,naive
2017-11-17,3,34.06,36.59,naive
2017-11-17,4,34.05,37.04,naive
2017-11-17,5,36.09,36.87,naive
2017-11-17,6,46.83,51.61,naive
2017-11-17,7,49.99,61.89,naive
2017-11-17,8,53.93,68.63,naive
2017-11-17,9,49.99,57.02,naive
2017-11-17,10,49.97,55.93,naive
2017-11-17,11,49.97,53.96,naive
2017-11-17,12,49.09,49.01,naive
2017-11-17,13,46.55,49.31,naive
2017-11-17,14,42.3,54.0,naive
2017-11-17,15,49.95,57.94,naive
2017-11-17,16,49.9,56.16,naive
2017-11-17,17,49.91,56.42,naive
2017-11-17,18,48.18,53.93,naive
2017-11-17,19,42.97,46.3,naive
2017-11-17,20,38.35,37.03,naive
2017-11-17,21,39.8,38.03,naive
2017-11-17,22,36.15,38.15,naive
2017-11-17,23,32.41,35.07,naive
2017-11-18,0,27.78,9.2,naive
2017-11-18,1,23.56,2.03,naive
2017-11-18,2,20.04,0.08,naive
2017-11-18,3,17.63,6.47,naive
2017-11-18,4,13.33,11.27,naive
2017-11-18,5,12.87,12.59,naive
2017-11-18,6,16.12,9.63,naive
2017-11-18,7,19.38,13.55,naive
2017-11-18,8,27.97,20.1,naive
2017-11-18,9,28.61,24.66,naive
2017-11-18,10,28.08,21.47,naive
2017-11-18,11,14.97,18.9,naive
2017-11-18,12,18.19,21.03,naive
2017-11-18,13,13.01,22.86,naive
2017-11-18,14,18.46,28.2,naive
2017-11-18,15,24.84,30.48,naive
2017-11-18,16,28.33,35.81,naive
2017-11-18,17,29.77,44.49,naive
2017-11-18,18,29.7,46.76,naive
2017-11-18,19,24.03,41.03,naive
2017-11-18,20,13.06,35.92,naive
2017-11-18,21,12.69,35.82,naive
2017-11-18,22,11.38,37.06,naive
2017-11-18,23,0.41,28.29,naive
2017-11-19,0,0.37,14.07,naive
2017-11-19,1,4.33,15.99,naive
2017-11-19,2,2.91,13.8,naive
2017-11-19,3,2.17,13.53,naive
2017-11-19,4,2.14,15.25,naive
2017-11-19,5,0.03,21.86,naive
2017-11-19,6,-0.03,22.52,naive
2017-11-19,7,0.04,27.06,naive
2017-11-19,8,5.08,30.94,naive
2017-11-19,9,23.49,33.03,naive
2017-11-19,10,12.77,42.79,naive
2017-11-19,11,21.94,47.65,naive
2017-11-19,12,12.5,48.13,naive
2017-11-19,13,9.09,44.28,naive
2017-11-19,14,5.09,38.43,naive
2017-11-19,15,9.63,37.8,naive
2017-11-19,16,5.99,40.82,naive
2017-11-19,17,23.14,53.91,naive
2017-11-19,18,21.94,53.94,naive
2017-11-19,19,13.3,46.54,naive
2017-11-19,20,12.62,39.59,naive
2017-11-19,21,11.38,33.11,naive
2017-11-19,22,13.95,33.17,naive
2017-11-19,23,12.21,29.73,naive
2017-11-20,0,12.59,33.15,naive
2017-11-20,1,12.51,32.72,naive
2017-11-20,2,10.49,33.16,naive
2017-11-20,3,11.0,34.06,naive
2017-11-20,4,14.96,34.05,naive
2017-11-20,5,23.81,36.09,naive
2017-11-20,6,39.94,46.83,naive
2017-11-20,7,41.99,49.99,naive
2017-11-20,8,43.92,53.93,naive
2017-11-20,9,43.91,49.99,naive
2017-11-20,10,43.68,49.97,naive
2017-11-20,11,43.94,49.97,naive
2017-11-20,12,44.36,49.09,naive
2017-11-20,13,49.05,46.55,naive
2017-11-20,14,53.46,42.3,naive
2017-11-20,15,50.99,49.95,naive
2017-11-20,16,59.3,49.9,naive
2017-11-20,17,66.02,49.91,naive
2017-11-20,18,53.38,48.18,naive
2017-11-20,19,47.93,42.97,naive
2017-11-20,20,43.95,38.35,naive
2017-11-20,21,38.63,39.8,naive
2017-11-20,22,38.76,36.15,naive
2017-11-20,23,34.97,32.41,naive
2017-11-21,0,36.03,12.59,naive
2017-11-21,1,35.46,12.51,naive
2017-11-21,2,35.63,10.49,naive
2017-11-21,3,35.73,11.0,naive
2017-11-21,4,35.42,14.96,naive
2017-11-21,5,37.92,23.81,naive
2017-11-21,6,46.51,39.94,naive
2017-11-21,7,67.86,41.99,naive
2017-11-21,8,72.63,43.92,naive
2017-11-21,9,54.99,43.91,naive
2017-11-21,10,54.26,43.68,naive
2017-11-21,11,64.03,43.94,naive
2017-11-21,12,55.27,44.36,naive
2017-11-21,13,64.91,49.05,naive
2017-11-21,14,62.65,53.46,naive
2017-11-21,15,62.65,50.99,naive
2017-11-21,16,62.65,59.3,naive
2017-11-21,17,68.05,66.02,naive
2017-11-21,18,57.46,53.38,naive
2017-11-21,19,43.99,47.93,naive
2017-11-21,20,35.42,43.95,naive
2017-11-21,21,32.64,38.63,naive
2017-11-21,22,31.31,38.76,naive
2017-11-21,23,29.69,34.97,naive
2017-11-22,0,27.15,36.03,naive
2017-11-22,1,15.7,35.46,naive
2017-11-22,2,10.7,35.63,naive
2017-11-22,3,10.96,35.73,naive
2017-11-22,4,10.75,35.42,naive
2017-11-22,5,20.24,37.92,naive
2017-11-22,6,29.92,46.51,naive
2017-11-22,7,37.37,67.86,naive
2017-11-22,8,35.72,72.63,naive
2017-11-22,9,32.49,54.99,naive
2017-11-22,10,31.98,54.26,naive
2017-11-22,11,31.8,64.03,naive
2017-11-22,12,31.03,55.27,naive
2017-11-22,13,31.3,64.91,naive
2017-11-22,14,32.56,62.65,naive
2017-11-22,15,41.43,62.65,naive
2017-11-22,16,50.06,62.65,naive
2017-11-22,17,61.26,68.05,naive
2017-11-22,18,50.93,57.46,naive
2017-11-22,19,43.97,43.99,naive
2017-11-22,20,39.99,35.42,naive
2017-11-22,21,33.7,32.64,naive
2017-11-22,22,29.56,31.31,naive
2017-11-22,23,20.6,29.69,naive
2017-11-23,0,9.67,27.15,naive
2017-11-23,1,12.76,15.7,naive
2017-11-23,2,9.64,10.7,naive
2017-11-23,3,9.47,10.96,naive
2017-11-23,4,9.46,10.75,naive
2017-11-23,5,12.77,20.24,naive
2017-11-23,6,17.1,29.92,naive
2017-11-23,7,32.93,37.37,naive
2017-11-23,8,31.09,35.72,naive
2017-11-23,9,29.96,32.49,naive
2017-11-23,10,24.03,31.98,naive
2017-11-23,11,16.24,31.8,naive
2017-11-23,12,12.75,31.03,naive
2017-11-23,13,16.63,31.3,naive
2017-11-23,14,26.23,32.56,naive
2017-11-23,15,30.76,41.43,naive
2017-11-23,16,31.95,50.06,naive
2017-11-23,17,37.97,61.26,naive
2017-11-23,18,37.57,50.93,naive
2017-11-23,19,36.98,43.97,naive
2017-11-23,20,33.94,39.99,naive
2017-11-23,21,29.34,33.7,naive
2017-11-23,22,27.41,29.56,naive
2017-11-23,23,24.05,20.6,naive
2017-11-24,0,26.93,9.67,naive
2017-11-24,1,27.75,12.76,naive
2017-11-24,2,28.04,9.64,naive
2017-11-24,3,27.1,9.47,naive
2017-11-24,4,28.22,9.46,naive
2017-11-24,5,35.66,12.77,naive
2017-11-24,6,49.01,17.1,naive
2017-11-24,7,49.07,32.93,naive
2017-11-24,8,48.0,31.09,naive
2017-11-24,9,46.92,29.96,naive
2017-11-24,10,45.43,24.03,naive
2017-11-24,11,46.5,16.24,naive
2017-11-24,12,39.57,12.75,naive
2017-11-24,13,41.13,16.63,naive
2017-11-24,14,43.13,26.23,naive
2017-11-24,15,44.91,30.76,naive
2017-11-24,16,46.94,31.95,naive
2017-11-24,17,53.97,37.97,naive
2017-11-24,18,56.24,37.57,naive
2017-11-24,19,55.97,36.98,naive
2017-11-24,20,48.0,33.94,naive
2017-11-24,21,47.98,29.34,naive
2017-11-24,22,47.98,27.41,naive
2017-11-24,23,40.99,24.05,naive
2017-11-25,0,39.89,27.78,naive
2017-11-25,1,36.19,23.56,naive
2017-11-25,2,34.49,20.04,naive
2017-11-25,3,36.2,17.63,naive
2017-11-25,4,38.0,13.33,naive
2017-11-25,5,35.86,12.87,naive
2017-11-25,6,35.03,16.12,naive
2017-11-25,7,42.37,19.38,naive
2017-11-25,8,49.95,27.97,naive
2017-11-25,9,49.94,28.61,naive
2017-11-25,10,51.97,28.08,naive
2017-11-25,11,53.51,14.97,naive
2017-11-25,12,49.96,18.19,naive
2017-11-25,13,46.98,13.01,naive
2017-11-25,14,38.98,18.46,naive
2017-11-25,15,35.29,24.84,naive
2017-11-25,16,39.56,28.33,naive
2017-11-25,17,44.26,29.77,naive
2017-11-25,18,38.41,29.7,naive
2017-11-25,19,37.93,24.03,naive
2017-11-25,20,36.12,13.06,naive
2017-11-25,21,32.12,12.69,naive
2017-11-25,22,30.09,11.38,naive
2017-11-25,23,27.58,0.41,naive
2017-11-26,0,19.21,0.37,naive
2017-11-26,1,12.59,4.33,naive
2017-11-26,2,11.56,2.91,naive
2017-11-26,3,11.45,2.17,naive
2017-11-26,4,15.74,2.14,naive
2017-11-26,5,12.85,0.03,naive
2017-11-26,6,11.41,-0.03,naive
2017-11-26,7,9.77,0.04,naive
2017-11-26,8,19.36,5.08,naive
2017-11-26,9,11.58,23.49,naive
2017-11-26,10,19.95,12.77,naive
2017-11-26,11,21.6,21.94,naive
2017-11-26,12,11.48,12.5,naive
2017-11-26,13,11.49,9.09,naive
2017-11-26,14,15.75,5.09,naive
2017-11-26,15,15.55,9.63,naive
2017-11-26,16,23.6,5.99,naive
2017-11-26,17,29.17,23.14,naive
2017-11-26,18,29.43,21.94,naive
2017-11-26,19,29.51,13.3,naive
2017-11-26,20,29.07,12.62,naive
2017-11-26,21,29.01,11.38,naive
2017-11-26,22,28.37,13.95,naive
2017-11-26,23,21.94,12.21,naive
2017-11-27,0,11.47,26.93,naive
2017-11-27,1,14.95,27.75,naive
2017-11-27,2,17.06,28.04,naive
2017-11-27,3,13.06,27.1,naive
2017-11-27,4,10.02,28.22,naive
2017-11-27,5,20.96,35.66,naive
2017-11-27,6,40.1,49.01,naive
2017-11-27,7,36.12,49.07,naive
2017-11-27,8,40.06,48.0,naive
2017-11-27,9,36.04,46.92,naive
2017-11-27,10,34.06,45.43,naive
2017-11-27,11,34.73,46.5,naive
2017-11-27,12,31.1,39.57,naive
2017-11-27,13,32.38,41.13,naive
2017-11-27,14,33.33,43.13,naive
2017-11-27,15,34.82,44.91,naive
2017-11-27,16,35.7,46.94,naive
2017-11-27,17,40.32,53.97,naive
2017-11-27,18,36.7,56.24,naive
2017-11-27,19,35.26,55.97,naive
2017-11-27,20,35.95,48.0,naive
2017-11-27,21,30.93,47.98,naive
2017-11-27,22,30.0,47.98,naive
2017-11-27,23,15.87,40.99,naive
2017-11-28,0,22.5,11.47,naive
2017-11-28,1,16.07,14.95,naive
2017-11-28,2,15.46,17.06,naive
2017-11-28,3,16.29,13.06,naive
2017-11-28,4,22.04,10.02,naive
2017-11-28,5,24.7,20.96,naive
2017-11-28,6,34.01,40.1,naive
2017-11-28,7,40.13,36.12,naive
2017-11-28,8,37.78,40.06,naive
2017-11-28,9,36.39,36.04,naive
2017-11-28,10,35.84,34.06,naive
2017-11-28,11,36.05,34.73,naive
2017-11-28,12,39.91,31.1,naive
2017-11-28,13,45.07,32.38,naive
2017-11-28,14,48.59,33.33,naive
2017-11-28,15,52.94,34.82,naive
2017-11-28,16,51.97,35.7,naive
2017-11-28,17,59.7,40.32,naive
2017-11-28,18,52.98,36.7,naive
2017-11-28,19,51.32,35.26,naive
2017-11-28,20,49.99,35.95,naive
2017-11-28,21,36.59,30.93,naive
2017-11-28,22,36.64,30.0,naive
2017-11-28,23,35.01,15.87,naive
2017-11-29,0,36.56,22.5,naive
2017-11-29,1,36.79,16.07,naive
2017-11-29,2,35.56,15.46,naive
2017-11-29,3,35.06,16.29,naive
2017-11-29,4,36.17,22.04,naive
2017-11-29,5,38.97,24.7,naive
2017-11-29,6,57.72,34.01,naive
2017-11-29,7,84.97,40.13,naive
2017-11-29,8,88.52,37.78,naive
2017-11-29,9,90.1,36.39,naive
2017-11-29,10,88.33,35.84,naive
2017-11-29,11,86.0,36.05,naive
2017-11-29,12,82.18,39.91,naive
2017-11-29,13,82.4,45.07,naive
2017-11-29,14,89.21,48.59,naive
2017-11-29,15,90.4,52.94,naive
2017-11-29,16,97.8,51.97,naive
2017-11-29,17,118.49,59.7,naive
2017-11-29,18,110.36,52.98,naive
2017-11-29,19,85.56,51.32,naive
2017-11-29,20,77.34,49.99,naive
2017-11-29,21,64.27,36.59,naive
2017-11-29,22,55.57,36.64,naive
2017-11-29,23,47.71,35.01,naive
2017-11-30,0,45.94,36.56,naive
2017-11-30,1,38.2,36.79,naive
2017-11-30,2,36.97,35.56,naive
2017-11-30,3,36.1,35.06,naive
2017-11-30,4,38.47,36.17,naive
2017-11-30,5,42.72,38.97,naive
2017-11-30,6,53.99,57.72,naive
2017-11-30,7,83.75,84.97,naive
2017-11-30,8,88.16,88.52,naive
2017-11-30,9,85.25,90.1,naive
2017-11-30,10,86.79,88.33,naive
2017-11-30,11,86.7,86.0,naive
2017-11-30,12,84.07,82.18,naive
2017-11-30,13,83.34,82.4,naive
2017-11-30,14,82.81,89.21,naive
2017-11-30,15,84.22,90.4,naive
2017-11-30,16,86.06,97.8,naive
2017-11-30,17,100.12,118.49,naive
2017-11-30,18,95.1,110.36,naive
2017-11-30,19,87.24,85.56,naive
2017-11-30,20,68.5,77.34,naive
2017-11-30,21,51.96,64.27,naive
2017-11-30,22,38.45,55.57,naive
2017-11-30,23,36.67,47.71,naive
2017-12-01,0,35.82,45.94,naive
2017-12-01,1,38.59,38.2,naive
2017-12-01,2,37.18,36.97,naive
2017-12-01,3,37.0,36.1,naive
2017-12-01,4,37.42,38.47,naive
2017-12-01,5,36.14,42.72,naive
2017-12-01,6,55.97,53.99,naive
2017-12-01,7,81.69,83.75,naive
2017-12-01,8,75.01,88.16,naive
2017-12-01,9,72.89,85.25,naive
2017-12-01,10,70.38,86.79,naive
2017-12-01,11,74.87,86.7,naive
2017-12-01,12,74.91,84.07,naive
2017-12-01,13,73.18,83.34,naive
2017-12-01,14,72.5,82.81,naive
2017-12-01,15,74.42,84.22,naive
2017-12-01,16,76.6,86.06,naive
2017-12-01,17,85.69,100.12,naive
2017-12-01,18,82.57,95.1,naive
2017-12-01,19,77.38,87.24,naive
2017-12-01,20,61.95,68.5,naive
2017-12-01,21,52.93,51.96,naive
2017-12-01,22,41.58,38.45,naive
2017-12-01,23,37.94,36.67,naive
2017-12-02,0,39.9,39.89,naive
2017-12-02,1,39.02,36.19,naive
2017-12-02,2,37.89,34.49,naive
2017-12-02,3,37.82,36.2,naive
2017-12-02,4,34.7,38.0,naive
2017-12-02,5,36.75,35.86,naive
2017-12-02,6,34.07,35.03,naive
2017-12-02,7,37.01,42.37,naive
2017-12-02,8,46.17,49.95,naive
2017-12-02,9,46.1,49.94,naive
2017-12-02,10,42.33,51.97,naive
2017-12-02,11,44.02,53.51,naive
2017-12-02,12,40.0,49.96,naive
2017-12-02,13,37.28,46.98,naive
2017-12-02,14,38.21,38.98,naive
2017-12-02,15,46.13,35.29,naive
2017-12-02,16,47.96,39.56,naive
2017-12-02,17,47.95,44.26,naive
2017-12-02,18,42.99,38.41,naive
2017-12-02,19,39.37,37.93,naive
2017-12-02,20,36.79,36.12,naive
2017-12-02,21,38.52,32.12,naive
2017-12-02,22,39.92,30.09,naive
2017-12-02,23,35.68,27.58,naive
2017-12-03,0,33.17,19.21,naive
2017-12-03,1,31.93,12.59,naive
2017-12-03,2,30.43,11.56,naive
2017-12-03,3,28.3,11.45,naive
2017-12-03,4,30.44,15.74,naive
2017-12-03,5,29.87,12.85,naive
2017-12-03,6,29.81,11.41,naive
2017-12-03,7,27.72,9.77,naive
2017-12-03,8,29.95,19.36,naive
2017-12-03,9,33.08,11.58,naive
2017-12-03,10,34.85,19.95,naive
2017-12-03,11,36.91,21.6,naive
2017-12-03,12,37.0,11.48,naive
2017-12-03,13,32.92,11.49,naive
2017-12-03,14,34.06,15.75,naive
2017-12-03,15,34.29,15.55,naive
2017-12-03,16,36.97,23.6,naive
2017-12-03,17,39.36,29.17,naive
2017-12-03,18,39.0,29.43,naive
2017-12-03,19,37.06,29.51,naive
2017-12-03,20,36.03,29.07,naive
2017-12-03,21,33.95,29.01,naive
2017-12-03,22,33.98,28.37,naive
2017-12-03,23,28.25,21.94,naive
2017-12-04,0,12.05,35.82,naive
2017-12-04,1,17.69,38.59,naive
2017-12-04,2,15.31,37.18,naive
2017-12-04,3,12.75,37.0,naive
2017-12-04,4,17.18,37.42,naive
2017-12-04,5,25.05,36.14,naive
2017-12-04,6,33.19,55.97,naive
2017-12-04,7,38.56,81.69,naive
2017-12-04,8,42.9,75.01,naive
2017-12-04,9,38.29,72.89,naive
2017-12-04,10,37.06,70.38,naive
2017-12-04,11,38.94,74.87,naive
2017-12-04,12,36.36,74.91,naive
2017-12-04,13,39.45,73.18,naive
2017-12-04,14,43.97,72.5,naive
2017-12-04,15,46.14,74.42,naive
2017-12-04,16,50.96,76.6,naive
2017-12-04,17,51.04,85.69,naive
2017-12-04,18,48.85,82.57,naive
2017-12-04,19,45.6,77.38,naive
2017-12-04,20,42.38,61.95,naive
2017-12-04,21,39.83,52.93,naive
2017-12-04,22,33.53,41.58,naive
2017-12-04,23,30.03,37.94,naive
2017-12-05,0,28.69,12.05,naive
2017-12-05,1,28.01,17.69,naive
2017-12-05,2,26.88,15.31,naive
2017-12-05,3,27.93,12.75,naive
2017-12-05,4,28.23,17.18,naive
2017-12-05,5,30.73,25.05,naive
2017-12-05,6,35.39,33.19,naive
2017-12-05,7,39.69,38.56,naive
2017-12-05,8,40.05,42.9,naive
2017-12-05,9,40.36,38.29,naive
2017-12-05,10,47.59,37.06,naive
2017-12-05,11,46.78,38.94,naive
2017-12-05,12,44.07,36.36,naive
2017-12-05,13,42.45,39.45,naive
2017-12-05,14,39.97,43.97,naive
2017-12-05,15,39.05,46.14,naive
2017-12-05,16,39.05,50.96,naive
2017-12-05,17,43.96,51.04,naive
2017-12-05,18,40.04,48.85,naive
2017-12-05,19,46.04,45.6,naive
2017-12-05,20,35.35,42.38,naive
2017-12-05,21,30.03,39.83,naive
2017-12-05,22,28.06,33.53,naive
2017-12-05,23,13.45,30.03,naive
2017-12-06,0,14.34,28.69,naive
2017-12-06,1,12.34,28.01,naive
2017-12-06,2,9.71,26.88,naive
2017-12-06,3,12.7,27.93,naive
2017-12-06,4,14.04,28.23,naive
2017-12-06,5,13.27,30.73,naive
2017-12-06,6,29.57,35.39,naive
2017-12-06,7,38.24,39.69,naive
2017-12-06,8,37.59,40.05,naive
2017-12-06,9,39.13,40.36,naive
2017-12-06,10,38.22,47.59,naive
2017-12-06,11,34.6,46.78,naive
2017-12-06,12,34.59,44.07,naive
2017-12-06,13,36.48,42.45,naive
2017-12-06,14,39.81,39.97,naive
2017-12-06,15,39.0,39.05,naive
2017-12-06,16,40.9,39.05,naive
2017-12-06,17,45.69,43.96,naive
2017-12-06,18,41.96,40.04,naive
2017-12-06,19,39.95,46.04,naive
2017-12-06,20,39.01,35.35,naive
2017-12-06,21,38.98,30.03,naive
2017-12-06,22,31.97,28.06,naive
2017-12-06,23,27.95,13.45,naive
2017-12-07,0,30.47,14.34,naive
2017-12-07,1,29.43,12.34,naive
2017-12-07,2,26.57,9.71,naive
2017-12-07,3,27.36,12.7,naive
2017-12-07,4,30.01,14.04,naive
2017-12-07,5,32.07,13.27,naive
2017-12-07,6,44.72,29.57,naive
2017-12-07,7,51.98,38.24,naive
2017-12-07,8,48.53,37.59,naive
2017-12-07,9,43.85,39.13,naive
2017-12-07,10,38.55,38.22,naive
2017-12-07,11,33.1,34.6,naive
2017-12-07,12,30.04,34.59,naive
2017-12-07,13,31.06,36.48,naive
2017-12-07,14,32.06,39.81,naive
2017-12-07,15,37.23,39.0,naive
2017-12-07,16,38.53,40.9,naive
2017-12-07,17,39.73,45.69,naive
2017-12-07,18,37.49,41.96,naive
2017-12-07,19,32.07,39.95,naive
2017-12-07,20,28.06,39.01,naive
2017-12-07,21,27.5,38.98,naive
2017-12-07,22,26.42,31.97,naive
2017-12-07,23,22.61,27.95,naive
2017-12-08,0,13.45,30.47,naive
2017-12-08,1,12.2,29.43,naive
2017-12-08,2,10.5,26.57,naive
2017-12-08,3,18.93,27.36,naive
2017-12-08,4,24.56,30.01,naive
2017-12-08,5,23.05,32.07,naive
2017-12-08,6,35.88,44.72,naive
2017-12-08,7,37.7,51.98,naive
2017-12-08,8,46.04,48.53,naive
2017-12-08,9,43.93,43.85,naive
2017-12-08,10,37.99,38.55,naive
2017-12-08,11,41.51,33.1,naive
2017-12-08,12,34.21,30.04,naive
2017-12-08,13,32.1,31.06,naive
2017-12-08,14,32.17,32.06,naive
2017-12-08,15,37.98,37.23,naive
2017-12-08,16,41.57,38.53,naive
2017-12-08,17,40.73,39.73,naive
2017-12-08,18,39.96,37.49,naive
2017-12-08,19,38.57,32.07,naive
2017-12-08,20,32.32,28.06,naive
2017-12-08,21,28.0,27.5,naive
2017-12-08,22,23.1,26.42,naive
2017-12-08,23,9.29,22.61,naive
2017-12-09,0,15.03,39.9,naive
2017-12-09,1,12.51,39.02,naive
2017-12-09,2,10.31,37.89,naive
2017-12-09,3,9.26,37.82,naive
2017-12-09,4,9.12,34.7,naive
2017-12-09,5,8.92,36.75,naive
2017-12-09,6,10.06,34.07,naive
2017-12-09,7,12.15,37.01,naive
2017-12-09,8,12.41,46.17,naive
2017-12-09,9,18.07,46.1,naive
2017-12-09,10,18.96,42.33,naive
2017-12-09,11,16.25,44.02,naive
2017-12-09,12,15.03,40.0,naive
2017-12-09,13,12.39,37.28,naive
2017-12-09,14,12.53,38.21,naive
2017-12-09,15,19.41,46.13,naive
2017-12-09,16,26.51,47.96,naive
2017-12-09,17,31.67,47.95,naive
2017-12-09,18,28.45,42.99,naive
2017-12-09,19,24.56,39.37,naive
2017-12-09,20,15.8,36.79,naive
2017-12-09,21,13.01,38.52,naive
2017-12-09,22,15.04,39.92,naive
2017-12-09,23,10.16,35.68,naive
2017-12-10,0,14.31,33.17,naive
2017-12-10,1,10.92,31.93,naive
2017-12-10,2,10.17,30.43,naive
2017-12-10,3,12.09,28.3,naive
2017-12-10,4,15.06,30.44,naive
2017-12-10,5,12.23,29.87,naive
2017-12-10,6,12.28,29.81,naive
2017-12-10,7,20.68,27.72,naive
2017-12-10,8,27.85,29.95,naive
2017-12-10,9,28.56,33.08,naive
2017-12-10,10,29.15,34.85,naive
2017-12-10,11,29.57,36.91,naive
2017-12-10,12,29.26,37.0,naive
2017-12-10,13,28.24,32.92,naive
2017-12-10,14,25.07,34.06,naive
2017-12-10,15,9.12,34.29,naive
2017-12-10,16,9.19,36.97,naive
2017-12-10,17,17.42,39.36,naive
2017-12-10,18,15.02,39.0,naive
2017-12-10,19,12.05,37.06,naive
2017-12-10,20,12.27,36.03,naive
2017-12-10,21,12.16,33.95,naive
2017-12-10,22,14.81,33.98,naive
2017-12-10,23,12.13,28.25,naive
2017-12-11,0,15.03,13.45,naive
2017-12-11,1,10.87,12.2,naive
2017-12-11,2,12.59,10.5,naive
2017-12-11,3,11.75,18.93,naive
2017-12-11,4,12.78,24.56,naive
2017-12-11,5,23.22,23.05,naive
2017-12-11,6,47.95,35.88,naive
2017-12-11,7,62.0,37.7,naive
2017-12-11,8,63.01,46.04,naive
2017-12-11,9,60.2,43.93,naive
2017-12-11,10,62.93,37.99,naive
2017-12-11,11,61.95,41.51,naive
2017-12-11,12,64.98,34.21,naive
2017-12-11,13,58.23,32.1,naive
2017-12-11,14,53.84,32.17,naive
2017-12-11,15,51.91,37.98,naive
2017-12-11,16,53.38,41.57,naive
2017-12-11,17,51.87,40.73,naive
2017-12-11,18,47.4,39.96,naive
2017-12-11,19,39.68,38.57,naive
2017-12-11,20,40.7,32.32,naive
2017-12-11,21,34.43,28.0,naive
2017-12-11,22,31.95,23.1,naive
2017-12-11,23,27.35,9.29,naive
2017-12-12,0,24.52,15.03,naive
2017-12-12,1,22.21,10.87,naive
2017-12-12,2,14.58,12.59,naive
2017-12-12,3,12.31,11.75,naive
2017-12-12,4,14.2,12.78,naive
2017-12-12,5,26.14,23.22,naive
2017-12-12,6,30.89,47.95,naive
2017-12-12,7,32.32,62.0,naive
2017-12-12,8,35.19,63.01,naive
2017-12-12,9,34.7,60.2,naive
2017-12-12,10,34.75,62.93,naive
2017-12-12,11,35.75,61.95,naive
2017-12-12,12,36.92,64.98,naive
2017-12-12,13,39.9,58.23,naive
2017-12-12,14,43.16,53.84,naive
2017-12-12,15,45.0,51.91,naive
2017-12-12,16,46.09,53.38,naive
2017-12-12,17,50.95,51.87,naive
2017-12-12,18,46.95,47.4,naive
2017-12-12,19,46.08,39.68,naive
2017-12-12,20,46.1,40.7,naive
2017-12-12,21,40.95,34.43,naive
2017-12-12,22,36.74,31.95,naive
2017-12-12,23,27.96,27.35,naive
2017-12-13,0,22.55,24.52,naive
2017-12-13,1,20.0,22.21,naive
2017-12-13,2,15.96,14.58,naive
2017-12-13,3,12.74,12.31,naive
2017-12-13,4,14.2,14.2,naive
2017-12-13,5,18.02,26.14,naive
2017-12-13,6,32.93,30.89,naive
2017-12-13,7,34.19,32.32,naive
2017-12-13,8,38.27,35.19,naive
2017-12-13,9,34.45,34.7,naive
2017-12-13,10,30.97,34.75,naive
2017-12-13,11,29.83,35.75,naive
2017-12-13,12,29.7,36.92,naive
2017-12-13,13,29.98,39.9,naive
2017-12-13,14,32.44,43.16,naive
2017-12-13,15,32.91,45.0,naive
2017-12-13,16,34.49,46.09,naive
2017-12-13,17,34.46,50.95,naive
2017-12-13,18,33.94,46.95,naive
2017-12-13,19,32.75,46.08,naive
2017-12-13,20,29.1,46.1,naive
2017-12-13,21,22.62,40.95,naive
2017-12-13,22,20.05,36.74,naive
2017-12-13,23,8.45,27.96,naive
2017-12-14,0,8.84,22.55,naive
2017-12-14,1,8.8,20.0,naive
2017-12-14,2,8.84,15.96,naive
2017-12-14,3,9.01,12.74,naive
2017-12-14,4,10.79,14.2,naive
2017-12-14,5,14.44,18.02,naive
2017-12-14,6,32.63,32.93,naive
2017-12-14,7,45.94,34.19,naive
2017-12-14,8,42.14,38.27,naive
2017-12-14,9,33.84,34.45,naive
2017-12-14,10,32.06,30.97,naive
2017-12-14,11,31.82,29.83,naive
2017-12-14,12,31.54,29.7,naive
2017-12-14,13,31.46,29.98,naive
2017-12-14,14,32.53,32.44,naive
2017-12-14,15,36.43,32.91,naive
2017-12-14,16,38.43,34.49,naive
2017-12-14,17,49.94,34.46,naive
2017-12-14,18,51.55,33.94,naive
2017-12-14,19,48.06,32.75,naive
2017-12-14,20,41.9,29.1,naive
2017-12-14,21,39.31,22.62,naive
2017-12-14,22,34.94,20.05,naive
2017-12-14,23,28.96,8.45,naive
2017-12-15,0,32.01,8.84,naive
2017-12-15,1,30.93,8.8,naive
2017-12-15,2,29.0,8.84,naive
2017-12-15,3,28.97,9.01,naive
2017-12-15,4,29.57,10.79,naive
2017-12-15,5,33.17,14.44,naive
2017-12-15,6,46.95,32.63,naive
2017-12-15,7,57.17,45.94,naive
2017-12-15,8,54.31,42.14,naive
2017-12-15,9,53.93,33.84,naive
2017-12-15,10,52.09,32.06,naive
2017-12-15,11,52.51,31.82,naive
2017-12-15,12,48.49,31.54,naive
2017-12-15,13,47.92,31.46,naive
2017-12-15,14,48.93,32.53,naive
2017-12-15,15,52.94,36.43,naive
2017-12-15,16,60.92,38.43,naive
2017-12-15,17,74.54,49.94,naive
2017-12-15,18,59.32,51.55,naive
2017-12-15,19,53.91,48.06,naive
2017-12-15,20,50.13,41.9,naive
2017-12-15,21,42.23,39.31,naive
2017-12-15,22,37.04,34.94,naive
2017-12-15,23,33.23,28.96,naive
2017-12-16,0,35.07,15.03,naive
2017-12-16,1,33.08,12.51,naive
2017-12-16,2,32.96,10.31,naive
2017-12-16,3,31.96,9.26,naive
2017-12-16,4,32.0,9.12,naive
2017-12-16,5,31.76,8.92,naive
2017-12-16,6,31.58,10.06,naive
2017-12-16,7,31.39,12.15,naive
2017-12-16,8,34.01,12.41,naive
2017-12-16,9,41.56,18.07,naive
2017-12-16,10,44.34,18.96,naive
2017-12-16,11,44.03,16.25,naive
2017-12-16,12,41.69,15.03,naive
2017-12-16,13,38.1,12.39,naive
2017-12-16,14,36.48,12.53,naive
2017-12-16,15,40.0,19.41,naive
2017-12-16,16,46.17,26.51,naive
2017-12-16,17,48.93,31.67,naive
2017-12-16,18,46.9,28.45,naive
2017-12-16,19,42.0,24.56,naive
2017-12-16,20,39.0,15.8,naive
2017-12-16,21,33.62,13.01,naive
2017-12-16,22,33.01,15.04,naive
2017-12-16,23,29.02,10.16,naive
2017-12-17,0,28.9,14.31,naive
2017-12-17,1,28.2,10.92,naive
2017-12-17,2,28.2,10.17,naive
2017-12-17,3,27.94,12.09,naive
2017-12-17,4,28.21,15.06,naive
2017-12-17,5,28.38,12.23,naive
2017-12-17,6,28.58,12.28,naive
2017-12-17,7,29.4,20.68,naive
2017-12-17,8,31.38,27.85,naive
2017-12-17,9,34.78,28.56,naive
2017-12-17,10,38.12,29.15,naive
2017-12-17,11,43.64,29.57,naive
2017-12-17,12,41.57,29.26,naive
2017-12-17,13,40.02,28.24,naive
2017-12-17,14,39.08,25.07,naive
2017-12-17,15,41.5,9.12,naive
2017-12-17,16,45.74,9.19,naive
2017-12-17,17,46.96,17.42,naive
2017-12-17,18,45.91,15.02,naive
2017-12-17,19,42.91,12.05,naive
2017-12-17,20,36.42,12.27,naive
2017-12-17,21,32.92,12.16,naive
2017-12-17,22,30.66,14.81,naive
2017-12-17,23,28.59,12.13,naive
2017-12-18,0,30.43,32.01,naive
2017-12-18,1,29.9,30.93,naive
2017-12-18,2,28.15,29.0,naive
2017-12-18,3,27.39,28.97,naive
2017-12-18,4,28.71,29.57,naive
2017-12-18,5,33.73,33.17,naive
2017-12-18,6,46.2,46.95,naive
2017-12-18,7,63.95,57.17,naive
2017-12-18,8,64.42,54.31,naive
2017-12-18,9,64.08,53.93,naive
2017-12-18,10,64.28,52.09,naive
2017-12-18,11,69.65,52.51,naive
2017-12-18,12,68.23,48.49,naive
2017-12-18,13,69.97,47.92,naive
2017-12-18,14,69.49,48.93,naive
2017-12-18,15,71.32,52.94,naive
2017-12-18,16,73.5,60.92,naive
2017-12-18,17,79.72,74.54,naive
2017-12-18,18,75.84,59.32,naive
2017-12-18,19,68.87,53.91,naive
2017-12-18,20,63.31,50.13,naive
2017-12-18,21,56.58,42.23,naive
2017-12-18,22,45.03,37.04,naive
2017-12-18,23,37.29,33.23,naive
2017-12-19,0,44.34,30.43,naive
2017-12-19,1,38.07,29.9,naive
2017-12-19,2,37.59,28.15,naive
2017-12-19,3,36.5,27.39,naive
2017-12-19,4,38.89,28.71,naive
2017-12-19,5,41.01,33.73,naive
2017-12-19,6,53.67,46.2,naive
2017-12-19,7,68.17,63.95,naive
2017-12-19,8,76.91,64.42,naive
2017-12-19,9,77.06,64.08,naive
2017-12-19,10,75.3,64.28,naive
2017-12-19,11,74.0,69.65,naive
2017-12-19,12,70.85,68.23,naive
2017-12-19,13,70.57,69.97,naive
2017-12-19,14,70.2,69.49,naive
2017-12-19,15,70.32,71.32,naive
2017-12-19,16,75.82,73.5,naive
2017-12-19,17,78.28,79.72,naive
2017-12-19,18,75.16,75.84,naive
2017-12-19,19,75.06,68.87,naive
2017-12-19,20,66.29,63.31,naive
2017-12-19,21,52.01,56.58,naive
2017-12-19,22,48.86,45.03,naive
2017-12-19,23,41.18,37.29,naive
2017-12-20,0,44.47,44.34,naive
2017-12-20,1,40.1,38.07,naive
2017-12-20,2,37.83,37.59,naive
2017-12-20,3,37.27,36.5,naive
2017-12-20,4,40.85,38.89,naive
2017-12-20,5,45.79,41.01,naive
2017-12-20,6,57.35,53.67,naive
2017-12-20,7,75.98,68.17,naive
2017-12-20,8,76.7,76.91,naive
2017-12-20,9,76.69,77.06,naive
2017-12-20,10,76.61,75.3,naive
2017-12-20,11,76.56,74.0,naive
2017-12-20,12,76.35,70.85,naive
2017-12-20,13,76.03,70.57,naive
2017-12-20,14,74.89,70.2,naive
2017-12-20,15,72.05,70.32,naive
2017-12-20,16,76.06,75.82,naive
2017-12-20,17,79.3,78.28,naive
2017-12-20,18,77.26,75.16,naive
2017-12-20,19,75.96,75.06,naive
2017-12-20,20,64.16,66.29,naive
2017-12-20,21,46.03,52.01,naive
2017-12-20,22,42.01,48.86,naive
2017-12-20,23,37.63,41.18,naive
2017-12-21,0,33.09,44.47,naive
2017-12-21,1,35.26,40.1,naive
2017-12-21,2,31.88,37.83,naive
2017-12-21,3,33.04,37.27,naive
2017-12-21,4,33.6,40.85,naive
2017-12-21,5,35.05,45.79,naive
2017-12-21,6,35.19,57.35,naive
2017-12-21,7,45.94,75.98,naive
2017-12-21,8,49.9,76.7,naive
2017-12-21,9,50.0,76.69,naive
2017-12-21,10,51.03,76.61,naive
2017-12-21,11,54.48,76.56,naive
2017-12-21,12,55.96,76.35,naive
2017-12-21,13,49.99,76.03,naive
2017-12-21,14,46.15,74.89,naive
2017-12-21,15,46.86,72.05,naive
2017-12-21,16,51.93,76.06,naive
2017-12-21,17,50.95,79.3,naive
2017-12-21,18,51.03,77.26,naive
2017-12-21,19,46.02,75.96,naive
2017-12-21,20,35.83,64.16,naive
2017-12-21,21,36.26,46.03,naive
2017-12-21,22,38.72,42.01,naive
2017-12-21,23,34.84,37.63,naive
2017-12-22,0,27.76,33.09,naive
2017-12-22,1,26.45,35.26,naive
2017-12-22,2,26.2,31.88,naive
2017-12-22,3,26.36,33.04,naive
2017-12-22,4,27.59,33.6,naive
2017-12-22,5,31.93,35.05,naive
2017-12-22,6,38.61,35.19,naive
2017-12-22,7,47.52,45.94,naive
2017-12-22,8,48.0,49.9,naive
2017-12-22,9,50.0,50.0,naive
2017-12-22,10,48.99,51.03,naive
2017-12-22,11,46.55,54.48,naive
2017-12-22,12,47.86,55.96,naive
2017-12-22,13,46.96,49.99,naive
2017-12-22,14,39.0,46.15,naive
2017-12-22,15,39.37,46.86,naive
2017-12-22,16,46.06,51.93,naive
2017-12-22,17,47.34,50.95,naive
2017-12-22,18,41.5,51.03,naive
2017-12-22,19,40.66,46.02,naive
2017-12-22,20,42.91,35.83,naive
2017-12-22,21,42.06,36.26,naive
2017-12-22,22,37.4,38.72,naive
2017-12-22,23,30.62,34.84,naive
2017-12-23,0,26.33,35.07,naive
2017-12-23,1,17.72,33.08,naive
2017-12-23,2,11.8,32.96,naive
2017-12-23,3,11.3,31.96,naive
2017-12-23,4,12.4,32.0,naive
2017-12-23,5,8.4,31.76,naive
2017-12-23,6,9.71,31.58,naive
2017-12-23,7,10.71,31.39,naive
2017-12-23,8,14.78,34.01,naive
2017-12-23,9,18.79,41.56,naive
2017-12-23,10,20.08,44.34,naive
2017-12-23,11,14.74,44.03,naive
2017-12-23,12,14.77,41.69,naive
2017-12-23,13,10.87,38.1,naive
2017-12-23,14,5.65,36.48,naive
2017-12-23,15,10.04,40.0,naive
2017-12-23,16,12.91,46.17,naive
2017-12-23,17,22.01,48.93,naive
2017-12-23,18,18.08,46.9,naive
2017-12-23,19,10.84,42.0,naive
2017-12-23,20,0.4,39.0,naive
2017-12-23,21,-0.03,33.62,naive
2017-12-23,22,-0.09,33.01,naive
2017-12-23,23,-12.12,29.02,naive
2017-12-24,0,-40.84,28.9,naive
2017-12-24,1,-43.18,28.2,naive
2017-12-24,2,-55.99,28.2,naive
2017-12-24,3,-49.99,27.94,naive
2017-12-24,4,-40.14,28.21,naive
2017-12-24,5,-36.05,28.38,naive
2017-12-24,6,-42.93,28.58,naive
2017-12-24,7,-9.94,29.4,naive
2017-12-24,8,2.13,31.38,naive
2017-12-24,9,5.07,34.78,naive
2017-12-24,10,5.03,38.12,naive
2017-12-24,11,6.82,43.64,naive
2017-12-24,12,2.17,41.57,naive
2017-12-24,13,2.93,40.02,naive
2017-12-24,14,0.1,39.08,naive
2017-12-24,15,1.09,41.5,naive
2017-12-24,16,6.75,45.74,naive
2017-12-24,17,11.08,46.96,naive
2017-12-24,18,2.85,45.91,naive
2017-12-24,19,1.8,42.91,naive
2017-12-24,20,-4.94,36.42,naive
2017-12-24,21,-6.74,32.92,naive
2017-12-24,22,0.08,30.66,naive
2017-12-24,23,0.06,28.59,naive
2017-12-25,0,-4.98,27.76,naive
2017-12-25,1,-32.58,26.45,naive
2017-12-25,2,-19.79,26.2,naive
2017-12-25,3,-11.9,26.36,naive
2017-12-25,4,-4.96,27.59,naive
2017-12-25,5,-4.83,31.93,naive
2017-12-25,6,-61.41,38.61,naive
2017-12-25,7,-4.97,47.52,naive
2017-12-25,8,0.07,48.0,naive
2017-12-25,9,9.94,50.0,naive
2017-12-25,10,19.9,48.99,naive
2017-12-25,11,22.01,46.55,naive
2017-12-25,12,18.35,47.86,naive
2017-12-25,13,15.99,46.96,naive
2017-12-25,14,12.97,39.0,naive
2017-12-25,15,17.97,39.37,naive
2017-12-25,16,17.99,46.06,naive
2017-12-25,17,26.45,47.34,naive
2017-12-25,18,27.41,41.5,naive
2017-12-25,19,27.59,40.66,naive
2017-12-25,20,25.64,42.91,naive
2017-12-25,21,22.09,42.06,naive
2017-12-25,22,22.17,37.4,naive
2017-12-25,23,22.0,30.62,naive
2017-12-26,0,5.06,-4.98,naive
2017-12-26,1,5.06,-32.58,naive
2017-12-26,2,-1.44,-19.79,naive
2017-12-26,3,-6.94,-11.9,naive
2017-12-26,4,-9.65,-4.96,naive
2017-12-26,5,-9.89,-4.83,naive
2017-12-26,6,-11.88,-61.41,naive
2017-12-26,7,-3.24,-4.97,naive
2017-12-26,8,-9.78,0.07,naive
2017-12-26,9,0.0,9.94,naive
2017-12-26,10,-24.33,19.9,naive
2017-12-26,11,-31.69,22.01,naive
2017-12-26,12,-52.82,18.35,naive
2017-12-26,13,-53.42,15.99,naive
2017-12-26,14,-18.0,12.97,naive
2017-12-26,15,-0.48,17.97,naive
2017-12-26,16,5.49,17.99,naive
2017-12-26,17,10.66,26.45,naive
2017-12-26,18,13.35,27.41,naive
2017-12-26,19,11.19,27.59,naive
2017-12-26,20,19.0,25.64,naive
2017-12-26,21,18.06,22.09,naive
2017-12-26,22,22.02,22.17,naive
2017-12-26,23,13.46,22.0,naive
2017-12-27,0,25.37,5.06,naive
2017-12-27,1,15.09,5.06,naive
2017-12-27,2,13.93,-1.44,naive
2017-12-27,3,13.48,-6.94,naive
2017-12-27,4,12.74,-9.65,naive
2017-12-27,5,13.29,-9.89,naive
2017-12-27,6,20.03,-11.88,naive
2017-12-27,7,28.62,-3.24,naive
2017-12-27,8,32.0,-9.78,naive
2017-12-27,9,34.91,0.0,naive
2017-12-27,10,35.3,-24.33,naive
2017-12-27,11,42.46,-31.69,naive
2017-12-27,12,46.11,-52.82,naive
2017-12-27,13,46.01,-53.42,naive
2017-12-27,14,46.4,-18.0,naive
2017-12-27,15,46.48,-0.48,naive
2017-12-27,16,50.9,5.49,naive
2017-12-27,17,56.09,10.66,naive
2017-12-27,18,57.57,13.35,naive
2017-12-27,19,51.33,11.19,naive
2017-12-27,20,42.4,19.0,naive
2017-12-27,21,40.0,18.06,naive
2017-12-27,22,42.24,22.02,naive
2017-12-27,23,31.27,13.46,naive
2017-12-28,0,28.87,25.37,naive
2017-12-28,1,28.12,15.09,naive
2017-12-28,2,27.2,13.93,naive
2017-12-28,3,26.0,13.48,naive
2017-12-28,4,26.33,12.74,naive
2017-12-28,5,28.89,13.29,naive
2017-12-28,6,30.74,20.03,naive
2017-12-28,7,35.98,28.62,naive
2017-12-28,8,38.43,32.0,naive
2017-12-28,9,39.93,34.91,naive
2017-12-28,10,40.12,35.3,naive
2017-12-28,11,39.97,42.46,naive
2017-12-28,12,40.16,46.11,naive
2017-12-28,13,39.24,46.01,naive
2017-12-28,14,36.42,46.4,naive
2017-12-28,15,40.03,46.48,naive
2017-12-28,16,42.98,50.9,naive
2017-12-28,17,43.01,56.09,naive
2017-12-28,18,42.16,57.57,naive
2017-12-28,19,34.93,51.33,naive
2017-12-28,20,25.06,42.4,naive
2017-12-28,21,19.99,40.0,naive
2017-12-28,22,19.22,42.24,naive
2017-12-28,23,5.86,31.27,naive
2017-12-29,0,9.73,28.87,naive
2017-12-29,1,0.72,28.12,naive
2017-12-29,2,-0.93,27.2,naive
2017-12-29,3,1.07,26.0,naive
2017-12-29,4,1.0,26.33,naive
2017-12-29,5,2.91,28.89,naive
2017-12-29,6,3.6,30.74,naive
2017-12-29,7,15.97,35.98,naive
2017-12-29,8,29.69,38.43,naive
2017-12-29,9,30.2,39.93,naive
2017-12-29,10,29.83,40.12,naive
2017-12-29,11,29.47,39.97,naive
2017-12-29,12,29.2,40.16,naive
2017-12-29,13,29.45,39.24,naive
2017-12-29,14,30.02,36.42,naive
2017-12-29,15,31.0,40.03,naive
2017-12-29,16,32.98,42.98,naive
2017-12-29,17,34.95,43.01,naive
2017-12-29,18,32.79,42.16,naive
2017-12-29,19,30.23,34.93,naive
2017-12-29,20,28.49,25.06,naive
2017-12-29,21,26.51,19.99,naive
2017-12-29,22,26.9,19.22,naive
2017-12-29,23,15.06,5.86,naive
2017-12-30,0,16.4,26.33,naive
2017-12-30,1,13.33,17.72,naive
2017-12-30,2,13.25,11.8,naive
2017-12-30,3,12.04,11.3,naive
2017-12-30,4,11.45,12.4,naive
2017-12-30,5,8.49,8.4,naive
2017-12-30,6,9.83,9.71,naive
2017-12-30,7,12.07,10.71,naive
2017-12-30,8,13.41,14.78,naive
2017-12-30,9,16.09,18.79,naive
2017-12-30,10,18.8,20.08,naive
2017-12-30,11,17.03,14.74,naive
2017-12-30,12,17.67,14.77,naive
2017-12-30,13,15.51,10.87,naive
2017-12-30,14,17.61,5.65,naive
2017-12-30,15,13.22,10.04,naive
2017-12-30,16,14.02,12.91,naive
2017-12-30,17,16.78,22.01,naive
2017-12-30,18,16.01,18.08,naive
2017-12-30,19,16.18,10.84,naive
2017-12-30,20,11.13,0.4,naive
2017-12-30,21,4.62,-0.03,naive
2017-12-30,22,4.71,-0.09,naive
2017-12-30,23,-0.27,-12.12,naive
2017-12-31,0,-2.04,-40.84,naive
2017-12-31,1,-4.99,-43.18,naive
2017-12-31,2,-0.59,-55.99,naive
2017-12-31,3,-3.71,-49.99,naive
2017-12-31,4,0.08,-40.14,naive
2017-12-31,5,1.16,-36.05,naive
2017-12-31,6,-0.86,-42.93,naive
2017-12-31,7,4.09,-9.94,naive
2017-12-31,8,4.17,2.13,naive
2017-12-31,9,4.21,5.07,naive
2017-12-31,10,9.05,5.03,naive
2017-12-31,11,9.2,6.82,naive
2017-12-31,12,4.45,2.17,naive
2017-12-31,13,2.04,2.93,naive
2017-12-31,14,0.06,0.1,naive
2017-12-31,15,0.36,1.09,naive
2017-12-31,16,1.46,6.75,naive
2017-12-31,17,6.14,11.08,naive
2017-12-31,18,9.96,2.85,naive
2017-12-31,19,7.92,1.8,naive
2017-12-31,20,4.06,-4.94,naive
2017-12-31,21,5.3,-6.74,naive
2017-12-31,22,1.86,0.08,naive
2017-12-31,23,-0.92,0.06,naive
