origins from 2016-01-04 00:00:00 (to end), models: ['naive', 'DailySARIMAX', 'DailyLEAR-LASSO', 'DailyLightGBM', 'DailyLSTM'], out: C:\Users\win-10\Desktop\Thesis Project\Programming Workspace\data\processed\daily_direct
[naive] 728 of 728 origins to run
[naive] 25/728 origins (0.0s/origin, ~0 min left)
[naive] 50/728 origins (0.0s/origin, ~0 min left)
[naive] 75/728 origins (0.0s/origin, ~0 min left)
[naive] 100/728 origins (0.0s/origin, ~0 min left)
[naive] 125/728 origins (0.0s/origin, ~0 min left)
[naive] 150/728 origins (0.0s/origin, ~0 min left)
[naive] 175/728 origins (0.0s/origin, ~0 min left)
[naive] 200/728 origins (0.0s/origin, ~0 min left)
[naive] 225/728 origins (0.0s/origin, ~0 min left)
[naive] 250/728 origins (0.0s/origin, ~0 min left)
[naive] 275/728 origins (0.0s/origin, ~0 min left)
[naive] 300/728 origins (0.0s/origin, ~0 min left)
[naive] 325/728 origins (0.0s/origin, ~0 min left)
[naive] 350/728 origins (0.0s/origin, ~0 min left)
[naive] 375/728 origins (0.0s/origin, ~0 min left)
[naive] 400/728 origins (0.0s/origin, ~0 min left)
[naive] 425/728 origins (0.0s/origin, ~0 min left)
[naive] 450/728 origins (0.0s/origin, ~0 min left)
[naive] 475/728 origins (0.0s/origin, ~0 min left)
[naive] 500/728 origins (0.0s/origin, ~0 min left)
[naive] 525/728 origins (0.0s/origin, ~0 min left)
[naive] 550/728 origins (0.0s/origin, ~0 min left)
[naive] 575/728 origins (0.0s/origin, ~0 min left)
[naive] 600/728 origins (0.0s/origin, ~0 min left)
[naive] 625/728 origins (0.0s/origin, ~0 min left)
[naive] 650/728 origins (0.0s/origin, ~0 min left)
[naive] 675/728 origins (0.0s/origin, ~0 min left)
[naive] 700/728 origins (0.0s/origin, ~0 min left)
[naive] 725/728 origins (0.0s/origin, ~0 min left)
[naive] 728/728 origins (0.0s/origin, ~0 min left)
[naive] DONE -> C:\Users\win-10\Desktop\Thesis Project\Programming Workspace\data\processed\daily_direct\naive.csv
[DailySARIMAX] 728 of 728 origins to run
[DailySARIMAX] 25/728 origins (0.1s/origin, ~1 min left)
[DailySARIMAX] 50/728 origins (0.1s/origin, ~1 min left)
[DailySARIMAX] 75/728 origins (0.1s/origin, ~1 min left)
[DailySARIMAX] 100/728 origins (0.1s/origin, ~1 min left)
[DailySARIMAX] 125/728 origins (0.1s/origin, ~1 min left)
[DailySARIMAX] 150/728 origins (0.1s/origin, ~1 min left)
[DailySARIMAX] 175/728 origins (0.1s/origin, ~1 min left)
python.exe : C:\Users\win-10\Desktop\Thesis Project\Programming Workspace\.venv\Lib\site-packages\statsmodels\base\model.py:607: ConvergenceWarning: Maximum Likelihood optimization failed to converge. Check mle_retvals
At line:1 char:302
+ ... tch {} } }; & ./.venv/Scripts/python.exe scripts/run_daily_direct.py  ...
+                 ~~~~~~~~~~~~~~~~~~~~~~~~~~~~~~~~~~~~~~~~~~~~~~~~~~~~~~~~~
    + CategoryInfo          : NotSpecified: (C:\Users\win-10...eck mle_retvals:String) [], RemoteException
    + FullyQualifiedErrorId : NativeCommandError
 
  warnings.warn("Maximum Likelihood optimization failed to "
[DailySARIMAX] 200/728 origins (0.1s/origin, ~1 min left)
[DailySARIMAX] 225/728 origins (0.1s/origin, ~1 min left)
[DailySARIMAX] 250/728 origins (0.1s/origin, ~1 min left)
[DailySARIMAX] 275/728 origins (0.1s/origin, ~1 min left)
[DailySARIMAX] 300/728 origins (0.1s/origin, ~1 min left)
[DailySARIMAX] 325/728 origins (0.1s/origin, ~1 min left)
C:\Users\win-10\Desktop\Thesis Project\Programming Workspace\.venv\Lib\site-packages\statsmodels\base\model.py:607: ConvergenceWarning: Maximum Likelihood optimization failed to converge. Check mle_retvals
  warnings.warn("Maximum Likelihood optimization failed to "
[DailySARIMAX] 350/728 origins (0.1s/origin, ~1 min left)
C:\Users\win-10\Desktop\Thesis Project\Programming Workspace\.venv\Lib\site-packages\statsmodels\base\model.py:607: ConvergenceWarning: Maximum Likelihood optimization failed to converge. Check mle_retvals
  warnings.warn("Maximum Likelihood optimization failed to "
[DailySARIMAX] 375/728 origins (0.1s/origin, ~1 min left)
C:\Users\win-10\Desktop\Thesis Project\Programming Workspace\.venv\Lib\site-packages\statsmodels\base\model.py:607: ConvergenceWarning: Maximum Likelihood optimization failed to converge. Check mle_retvals
  warnings.warn("Maximum Likelihood optimization failed to "
[DailySARIMAX] 400/728 origins (0.1s/origin, ~1 min left)
C:\Users\win-10\Desktop\Thesis Project\Programming Workspace\.venv\Lib\site-packages\statsmodels\base\model.py:607: ConvergenceWarning: Maximum Likelihood optimization failed to converge. Check mle_retvals
  warnings.warn("Maximum Likelihood optimization failed to "
C:\Users\win-10\Desktop\Thesis Project\Programming Workspace\.venv\Lib\site-packages\statsmodels\base\model.py:607: ConvergenceWarning: Maximum Likelihood optimization failed to converge. Check mle_retvals
  warnings.warn("Maximum Likelihood optimization failed to "
[DailySARIMAX] 425/728 origins (0.1s/origin, ~1 min left)
C:\Users\win-10\Desktop\Thesis Project\Programming Workspace\.venv\Lib\site-packages\statsmodels\base\model.py:607: ConvergenceWarning: Maximum Likelihood optimization failed to converge. Check mle_retvals
  warnings.warn("Maximum Likelihood optimization failed to "
[DailySARIMAX] 450/728 origins (0.1s/origin, ~0 min left)
C:\Users\win-10\Desktop\Thesis Project\Programming Workspace\.venv\Lib\site-packages\statsmodels\base\model.py:607: ConvergenceWarning: Maximum Likelihood optimization failed to converge. Check mle_retvals
  warnings.warn("Maximum Likelihood optimization failed to "
[DailySARIMAX] 475/728 origins (0.1s/origin, ~0 min left)
[DailySARIMAX] 500/728 origins (0.1s/origin, ~0 min left)
[DailySARIMAX] 525/728 origins (0.1s/origin, ~0 min left)
C:\Users\win-10\Desktop\Thesis Project\Programming Workspace\.venv\Lib\site-packages\statsmodels\base\model.py:607: ConvergenceWarning: Maximum Likelihood optimization failed to converge. Check mle_retvals
  warnings.warn("Maximum Likelihood optimization failed to "
[DailySARIMAX] 550/728 origins (0.1s/origin, ~0 min left)
[DailySARIMAX] 575/728 origins (0.1s/origin, ~0 min left)
[DailySARIMAX] 600/728 origins (0.1s/origin, ~0 min left)
[DailySARIMAX] 625/728 origins (0.1s/origin, ~0 min left)
C:\Users\win-10\Desktop\Thesis Project\Programming Workspace\.venv\Lib\site-packages\statsmodels\base\model.py:607: ConvergenceWarning: Maximum Likelihood optimization failed to converge. Check mle_retvals
  warnings.warn("Maximum Likelihood optimization failed to "
[DailySARIMAX] 650/728 origins (0.1s/origin, ~0 min left)
[DailySARIMAX] 675/728 origins (0.1s/origin, ~0 min left)
C:\Users\win-10\Desktop\Thesis Project\Programming Workspace\.venv\Lib\site-packages\statsmodels\base\model.py:607: ConvergenceWarning: Maximum Likelihood optimization failed to converge. Check mle_retvals
  warnings.warn("Maximum Likelihood optimization failed to "
[DailySARIMAX] 700/728 origins (0.1s/origin, ~0 min left)
C:\Users\win-10\Desktop\Thesis Project\Programming Workspace\.venv\Lib\site-packages\statsmodels\base\model.py:607: ConvergenceWarning: Maximum Likelihood optimization failed to converge. Check mle_retvals
  warnings.warn("Maximum Likelihood optimization failed to "
[DailySARIMAX] 725/728 origins (0.1s/origin, ~0 min left)
[DailySARIMAX] 728/728 origins (0.1s/origin, ~0 min left)
[DailySARIMAX] DONE -> C:\Users\win-10\Desktop\Thesis Project\Programming Workspace\data\processed\daily_direct\dailysarimax.csv
[DailyLEAR-LASSO] 728 of 728 origins to run
[DailyLEAR-LASSO] 25/728 origins (0.2s/origin, ~2 min left)
[DailyLEAR-LASSO] 50/728 origins (0.2s/origin, ~2 min left)
[DailyLEAR-LASSO] 75/728 origins (0.2s/origin, ~2 min left)
[DailyLEAR-LASSO] 100/728 origins (0.2s/origin, ~2 min left)
C:\Users\win-10\Desktop\Thesis Project\Programming Workspace\.venv\Lib\site-packages\sklearn\linear_model\_coordinate_descent.py:840: ConvergenceWarning: Objective did not converge. You might want to increase the number of iterations, check the scale of the features or consider increasing regularisation. Duality 
gap: 1.211856e-01, tolerance: 8.532e-02
  model = cd_fast.enet_coordinate_descent(
[DailyLEAR-LASSO] 125/728 origins (0.2s/origin, ~2 min left)
[DailyLEAR-LASSO] 150/728 origins (0.2s/origin, ~2 min left)
[DailyLEAR-LASSO] 175/728 origins (0.2s/origin, ~2 min left)
[DailyLEAR-LASSO] 200/728 origins (0.2s/origin, ~2 min left)
[DailyLEAR-LASSO] 225/728 origins (0.2s/origin, ~2 min left)
[DailyLEAR-LASSO] 250/728 origins (0.2s/origin, ~2 min left)
[DailyLEAR-LASSO] 275/728 origins (0.2s/origin, ~1 min left)
[DailyLEAR-LASSO] 300/728 origins (0.2s/origin, ~1 min left)
C:\Users\win-10\Desktop\Thesis Project\Programming Workspace\.venv\Lib\site-packages\sklearn\linear_model\_coordinate_descent.py:840: ConvergenceWarning: Objective did not converge. You might want to increase the number of iterations, check the scale of the features or consider increasing regularisation. Duality 
gap: 1.919318e-01, tolerance: 8.480e-02
  model = cd_fast.enet_coordinate_descent(
C:\Users\win-10\Desktop\Thesis Project\Programming Workspace\.venv\Lib\site-packages\sklearn\linear_model\_coordinate_descent.py:840: ConvergenceWarning: Objective did not converge. You might want to increase the number of iterations, check the scale of the features or consider increasing regularisation. Duality 
gap: 2.238813e-01, tolerance: 8.481e-02
  model = cd_fast.enet_coordinate_descent(
C:\Users\win-10\Desktop\Thesis Project\Programming Workspace\.venv\Lib\site-packages\sklearn\linear_model\_coordinate_descent.py:840: ConvergenceWarning: Objective did not converge. You might want to increase the number of iterations, check the scale of the features or consider increasing regularisation. Duality 
gap: 1.592034e-01, tolerance: 8.486e-02
  model = cd_fast.enet_coordinate_descent(
C:\Users\win-10\Desktop\Thesis Project\Programming Workspace\.venv\Lib\site-packages\sklearn\linear_model\_coordinate_descent.py:840: ConvergenceWarning: Objective did not converge. You might want to increase the number of iterations, check the scale of the features or consider increasing regularisation. Duality 
gap: 1.518906e-01, tolerance: 8.486e-02
  model = cd_fast.enet_coordinate_descent(
C:\Users\win-10\Desktop\Thesis Project\Programming Workspace\.venv\Lib\site-packages\sklearn\linear_model\_coordinate_descent.py:840: ConvergenceWarning: Objective did not converge. You might want to increase the number of iterations, check the scale of the features or consider increasing regularisation. Duality 
gap: 2.015293e-01, tolerance: 8.477e-02
  model = cd_fast.enet_coordinate_descent(
[DailyLEAR-LASSO] 325/728 origins (0.2s/origin, ~1 min left)
C:\Users\win-10\Desktop\Thesis Project\Programming Workspace\.venv\Lib\site-packages\sklearn\linear_model\_coordinate_descent.py:840: ConvergenceWarning: Objective did not converge. You might want to increase the number of iterations, check the scale of the features or consider increasing regularisation. Duality 
gap: 1.271837e-01, tolerance: 8.374e-02
  model = cd_fast.enet_coordinate_descent(
C:\Users\win-10\Desktop\Thesis Project\Programming Workspace\.venv\Lib\site-packages\sklearn\linear_model\_coordinate_descent.py:840: ConvergenceWarning: Objective did not converge. You might want to increase the number of iterations, check the scale of the features or consider increasing regularisation. Duality 
gap: 1.464867e-01, tolerance: 8.408e-02
  model = cd_fast.enet_coordinate_descent(
C:\Users\win-10\Desktop\Thesis Project\Programming Workspace\.venv\Lib\site-packages\sklearn\linear_model\_coordinate_descent.py:840: ConvergenceWarning: Objective did not converge. You might want to increase the number of iterations, check the scale of the features or consider increasing regularisation. Duality 
gap: 2.547877e-01, tolerance: 8.381e-02
  model = cd_fast.enet_coordinate_descent(
C:\Users\win-10\Desktop\Thesis Project\Programming Workspace\.venv\Lib\site-packages\sklearn\linear_model\_coordinate_descent.py:840: ConvergenceWarning: Objective did not converge. You might want to increase the number of iterations, check the scale of the features or consider increasing regularisation. Duality 
gap: 2.482433e-01, tolerance: 8.361e-02
  model = cd_fast.enet_coordinate_descent(
C:\Users\win-10\Desktop\Thesis Project\Programming Workspace\.venv\Lib\site-packages\sklearn\linear_model\_coordinate_descent.py:840: ConvergenceWarning: Objective did not converge. You might want to increase the number of iterations, check the scale of the features or consider increasing regularisation. Duality 
gap: 1.564391e-01, tolerance: 8.376e-02
  model = cd_fast.enet_coordinate_descent(
C:\Users\win-10\Desktop\Thesis Project\Programming Workspace\.venv\Lib\site-packages\sklearn\linear_model\_coordinate_descent.py:840: ConvergenceWarning: Objective did not converge. You might want to increase the number of iterations, check the scale of the features or consider increasing regularisation. Duality 
gap: 1.136466e-01, tolerance: 8.349e-02
  model = cd_fast.enet_coordinate_descent(
C:\Users\win-10\Desktop\Thesis Project\Programming Workspace\.venv\Lib\site-packages\sklearn\linear_model\_coordinate_descent.py:840: ConvergenceWarning: Objective did not converge. You might want to increase the number of iterations, check the scale of the features or consider increasing regularisation. Duality 
gap: 2.350134e-01, tolerance: 8.366e-02
  model = cd_fast.enet_coordinate_descent(
[DailyLEAR-LASSO] 350/728 origins (0.2s/origin, ~1 min left)
C:\Users\win-10\Desktop\Thesis Project\Programming Workspace\.venv\Lib\site-packages\sklearn\linear_model\_coordinate_descent.py:840: ConvergenceWarning: Objective did not converge. You might want to increase the number of iterations, check the scale of the features or consider increasing regularisation. Duality 
gap: 8.406532e-02, tolerance: 8.386e-02
  model = cd_fast.enet_coordinate_descent(
C:\Users\win-10\Desktop\Thesis Project\Programming Workspace\.venv\Lib\site-packages\sklearn\linear_model\_coordinate_descent.py:840: ConvergenceWarning: Objective did not converge. You might want to increase the number of iterations, check the scale of the features or consider increasing regularisation. Duality 
gap: 1.210708e-01, tolerance: 8.309e-02
  model = cd_fast.enet_coordinate_descent(
C:\Users\win-10\Desktop\Thesis Project\Programming Workspace\.venv\Lib\site-packages\sklearn\linear_model\_coordinate_descent.py:840: ConvergenceWarning: Objective did not converge. You might want to increase the number of iterations, check the scale of the features or consider increasing regularisation. Duality 
gap: 1.097137e-01, tolerance: 8.342e-02
  model = cd_fast.enet_coordinate_descent(
C:\Users\win-10\Desktop\Thesis Project\Programming Workspace\.venv\Lib\site-packages\sklearn\linear_model\_coordinate_descent.py:840: ConvergenceWarning: Objective did not converge. You might want to increase the number of iterations, check the scale of the features or consider increasing regularisation. Duality 
gap: 1.286109e-01, tolerance: 8.327e-02
  model = cd_fast.enet_coordinate_descent(
[DailyLEAR-LASSO] 375/728 origins (0.2s/origin, ~1 min left)
C:\Users\win-10\Desktop\Thesis Project\Programming Workspace\.venv\Lib\site-packages\sklearn\linear_model\_coordinate_descent.py:840: ConvergenceWarning: Objective did not converge. You might want to increase the number of iterations, check the scale of the features or consider increasing regularisation. Duality 
gap: 9.375929e-02, tolerance: 8.687e-02
  model = cd_fast.enet_coordinate_descent(
C:\Users\win-10\Desktop\Thesis Project\Programming Workspace\.venv\Lib\site-packages\sklearn\linear_model\_coordinate_descent.py:840: ConvergenceWarning: Objective did not converge. You might want to increase the number of iterations, check the scale of the features or consider increasing regularisation. Duality 
gap: 8.892579e-02, tolerance: 8.744e-02
  model = cd_fast.enet_coordinate_descent(
[DailyLEAR-LASSO] 400/728 origins (0.2s/origin, ~1 min left)
[DailyLEAR-LASSO] 425/728 origins (0.2s/origin, ~1 min left)
[DailyLEAR-LASSO] 450/728 origins (0.2s/origin, ~1 min left)
C:\Users\win-10\Desktop\Thesis Project\Programming Workspace\.venv\Lib\site-packages\sklearn\linear_model\_coordinate_descent.py:840: ConvergenceWarning: Objective did not converge. You might want to increase the number of iterations, check the scale of the features or consider increasing regularisation. Duality 
gap: 2.008232e-01, tolerance: 8.865e-02
  model = cd_fast.enet_coordinate_descent(
[DailyLEAR-LASSO] 475/728 origins (0.2s/origin, ~1 min left)
[DailyLEAR-LASSO] 500/728 origins (0.2s/origin, ~1 min left)
[DailyLEAR-LASSO] 525/728 origins (0.2s/origin, ~1 min left)
[DailyLEAR-LASSO] 550/728 origins (0.2s/origin, ~1 min left)
[DailyLEAR-LASSO] 575/728 origins (0.2s/origin, ~1 min left)
[DailyLEAR-LASSO] 600/728 origins (0.2s/origin, ~0 min left)
[DailyLEAR-LASSO] 625/728 origins (0.2s/origin, ~0 min left)
[DailyLEAR-LASSO] 650/728 origins (0.2s/origin, ~0 min left)
[DailyLEAR-LASSO] 675/728 origins (0.2s/origin, ~0 min left)
C:\Users\win-10\Desktop\Thesis Project\Programming Workspace\.venv\Lib\site-packages\sklearn\linear_model\_coordinate_descent.py:840: ConvergenceWarning: Objective did not converge. You might want to increase the number of iterations, check the scale of the features or consider increasing regularisation. Duality 
gap: 9.410940e+00, tolerance: 9.060e-02
  model = cd_fast.enet_coordinate_descent(
C:\Users\win-10\Desktop\Thesis Project\Programming Workspace\.venv\Lib\site-packages\sklearn\linear_model\_coordinate_descent.py:840: ConvergenceWarning: Objective did not converge. You might want to increase the number of iterations, check the scale of the features or consider increasing regularisation. Duality 
gap: 8.881970e+00, tolerance: 9.056e-02
  model = cd_fast.enet_coordinate_descent(
C:\Users\win-10\Desktop\Thesis Project\Programming Workspace\.venv\Lib\site-packages\sklearn\linear_model\_coordinate_descent.py:840: ConvergenceWarning: Objective did not converge. You might want to increase the number of iterations, check the scale of the features or consider increasing regularisation. Duality 
gap: 9.179109e+00, tolerance: 9.029e-02
  model = cd_fast.enet_coordinate_descent(
C:\Users\win-10\Desktop\Thesis Project\Programming Workspace\.venv\Lib\site-packages\sklearn\linear_model\_coordinate_descent.py:840: ConvergenceWarning: Objective did not converge. You might want to increase the number of iterations, check the scale of the features or consider increasing regularisation. Duality 
gap: 8.656160e+00, tolerance: 9.040e-02
  model = cd_fast.enet_coordinate_descent(
C:\Users\win-10\Desktop\Thesis Project\Programming Workspace\.venv\Lib\site-packages\sklearn\linear_model\_coordinate_descent.py:840: ConvergenceWarning: Objective did not converge. You might want to increase the number of iterations, check the scale of the features or consider increasing regularisation. Duality 
gap: 8.807874e+00, tolerance: 9.043e-02
  model = cd_fast.enet_coordinate_descent(
C:\Users\win-10\Desktop\Thesis Project\Programming Workspace\.venv\Lib\site-packages\sklearn\linear_model\_coordinate_descent.py:840: ConvergenceWarning: Objective did not converge. You might want to increase the number of iterations, check the scale of the features or consider increasing regularisation. Duality 
gap: 7.939092e+00, tolerance: 9.034e-02
  model = cd_fast.enet_coordinate_descent(
C:\Users\win-10\Desktop\Thesis Project\Programming Workspace\.venv\Lib\site-packages\sklearn\linear_model\_coordinate_descent.py:840: ConvergenceWarning: Objective did not converge. You might want to increase the number of iterations, check the scale of the features or consider increasing regularisation. Duality 
gap: 6.974170e+00, tolerance: 9.058e-02
  model = cd_fast.enet_coordinate_descent(
C:\Users\win-10\Desktop\Thesis Project\Programming Workspace\.venv\Lib\site-packages\sklearn\linear_model\_coordinate_descent.py:840: ConvergenceWarning: Objective did not converge. You might want to increase the number of iterations, check the scale of the features or consider increasing regularisation. Duality 
gap: 7.021145e+00, tolerance: 9.060e-02
  model = cd_fast.enet_coordinate_descent(
C:\Users\win-10\Desktop\Thesis Project\Programming Workspace\.venv\Lib\site-packages\sklearn\linear_model\_coordinate_descent.py:840: ConvergenceWarning: Objective did not converge. You might want to increase the number of iterations, check the scale of the features or consider increasing regularisation. Duality 
gap: 7.497764e+00, tolerance: 9.056e-02
  model = cd_fast.enet_coordinate_descent(
C:\Users\win-10\Desktop\Thesis Project\Programming Workspace\.venv\Lib\site-packages\sklearn\linear_model\_coordinate_descent.py:840: ConvergenceWarning: Objective did not converge. You might want to increase the number of iterations, check the scale of the features or consider increasing regularisation. Duality 
gap: 1.014850e+01, tolerance: 9.049e-02
  model = cd_fast.enet_coordinate_descent(
C:\Users\win-10\Desktop\Thesis Project\Programming Workspace\.venv\Lib\site-packages\sklearn\linear_model\_coordinate_descent.py:840: ConvergenceWarning: Objective did not converge. You might want to increase the number of iterations, check the scale of the features or consider increasing regularisation. Duality 
gap: 1.117214e+01, tolerance: 9.047e-02
  model = cd_fast.enet_coordinate_descent(
C:\Users\win-10\Desktop\Thesis Project\Programming Workspace\.venv\Lib\site-packages\sklearn\linear_model\_coordinate_descent.py:840: ConvergenceWarning: Objective did not converge. You might want to increase the number of iterations, check the scale of the features or consider increasing regularisation. Duality 
gap: 7.367524e+00, tolerance: 9.034e-02
  model = cd_fast.enet_coordinate_descent(
C:\Users\win-10\Desktop\Thesis Project\Programming Workspace\.venv\Lib\site-packages\sklearn\linear_model\_coordinate_descent.py:840: ConvergenceWarning: Objective did not converge. You might want to increase the number of iterations, check the scale of the features or consider increasing regularisation. Duality 
gap: 1.938989e+01, tolerance: 9.043e-02
  model = cd_fast.enet_coordinate_descent(
C:\Users\win-10\Desktop\Thesis Project\Programming Workspace\.venv\Lib\site-packages\sklearn\linear_model\_coordinate_descent.py:840: ConvergenceWarning: Objective did not converge. You might want to increase the number of iterations, check the scale of the features or consider increasing regularisation. Duality 
gap: 6.662698e+00, tolerance: 9.026e-02
  model = cd_fast.enet_coordinate_descent(
C:\Users\win-10\Desktop\Thesis Project\Programming Workspace\.venv\Lib\site-packages\sklearn\linear_model\_coordinate_descent.py:840: ConvergenceWarning: Objective did not converge. You might want to increase the number of iterations, check the scale of the features or consider increasing regularisation. Duality 
gap: 7.124660e+00, tolerance: 9.009e-02
  model = cd_fast.enet_coordinate_descent(
C:\Users\win-10\Desktop\Thesis Project\Programming Workspace\.venv\Lib\site-packages\sklearn\linear_model\_coordinate_descent.py:840: ConvergenceWarning: Objective did not converge. You might want to increase the number of iterations, check the scale of the features or consider increasing regularisation. Duality 
gap: 7.820005e+00, tolerance: 9.036e-02
  model = cd_fast.enet_coordinate_descent(
C:\Users\win-10\Desktop\Thesis Project\Programming Workspace\.venv\Lib\site-packages\sklearn\linear_model\_coordinate_descent.py:840: ConvergenceWarning: Objective did not converge. You might want to increase the number of iterations, check the scale of the features or consider increasing regularisation. Duality 
gap: 8.707844e+00, tolerance: 9.013e-02
  model = cd_fast.enet_coordinate_descent(
C:\Users\win-10\Desktop\Thesis Project\Programming Workspace\.venv\Lib\site-packages\sklearn\linear_model\_coordinate_descent.py:840: ConvergenceWarning: Objective did not converge. You might want to increase the number of iterations, check the scale of the features or consider increasing regularisation. Duality 
gap: 1.644984e+01, tolerance: 9.035e-02
  model = cd_fast.enet_coordinate_descent(
C:\Users\win-10\Desktop\Thesis Project\Programming Workspace\.venv\Lib\site-packages\sklearn\linear_model\_coordinate_descent.py:840: ConvergenceWarning: Objective did not converge. You might want to increase the number of iterations, check the scale of the features or consider increasing regularisation. Duality 
gap: 1.650663e+01, tolerance: 9.050e-02
  model = cd_fast.enet_coordinate_descent(
C:\Users\win-10\Desktop\Thesis Project\Programming Workspace\.venv\Lib\site-packages\sklearn\linear_model\_coordinate_descent.py:840: ConvergenceWarning: Objective did not converge. You might want to increase the number of iterations, check the scale of the features or consider increasing regularisation. Duality 
gap: 1.306767e+01, tolerance: 9.061e-02
  model = cd_fast.enet_coordinate_descent(
C:\Users\win-10\Desktop\Thesis Project\Programming Workspace\.venv\Lib\site-packages\sklearn\linear_model\_coordinate_descent.py:840: ConvergenceWarning: Objective did not converge. You might want to increase the number of iterations, check the scale of the features or consider increasing regularisation. Duality 
gap: 6.734717e+00, tolerance: 9.056e-02
  model = cd_fast.enet_coordinate_descent(
[DailyLEAR-LASSO] 700/728 origins (0.2s/origin, ~0 min left)
C:\Users\win-10\Desktop\Thesis Project\Programming Workspace\.venv\Lib\site-packages\sklearn\linear_model\_coordinate_descent.py:840: ConvergenceWarning: Objective did not converge. You might want to increase the number of iterations, check the scale of the features or consider increasing regularisation. Duality 
gap: 1.757564e+01, tolerance: 9.056e-02
  model = cd_fast.enet_coordinate_descent(
C:\Users\win-10\Desktop\Thesis Project\Programming Workspace\.venv\Lib\site-packages\sklearn\linear_model\_coordinate_descent.py:840: ConvergenceWarning: Objective did not converge. You might want to increase the number of iterations, check the scale of the features or consider increasing regularisation. Duality 
gap: 3.076536e+00, tolerance: 9.073e-02
  model = cd_fast.enet_coordinate_descent(
C:\Users\win-10\Desktop\Thesis Project\Programming Workspace\.venv\Lib\site-packages\sklearn\linear_model\_coordinate_descent.py:840: ConvergenceWarning: Objective did not converge. You might want to increase the number of iterations, check the scale of the features or consider increasing regularisation. Duality 
gap: 7.343648e-01, tolerance: 9.082e-02
  model = cd_fast.enet_coordinate_descent(
C:\Users\win-10\Desktop\Thesis Project\Programming Workspace\.venv\Lib\site-packages\sklearn\linear_model\_coordinate_descent.py:840: ConvergenceWarning: Objective did not converge. You might want to increase the number of iterations, check the scale of the features or consider increasing regularisation. Duality 
gap: 1.763311e+00, tolerance: 9.054e-02
  model = cd_fast.enet_coordinate_descent(
C:\Users\win-10\Desktop\Thesis Project\Programming Workspace\.venv\Lib\site-packages\sklearn\linear_model\_coordinate_descent.py:840: ConvergenceWarning: Objective did not converge. You might want to increase the number of iterations, check the scale of the features or consider increasing regularisation. Duality 
gap: 1.969855e+00, tolerance: 9.083e-02
  model = cd_fast.enet_coordinate_descent(
C:\Users\win-10\Desktop\Thesis Project\Programming Workspace\.venv\Lib\site-packages\sklearn\linear_model\_coordinate_descent.py:840: ConvergenceWarning: Objective did not converge. You might want to increase the number of iterations, check the scale of the features or consider increasing regularisation. Duality 
gap: 2.017490e+00, tolerance: 9.078e-02
  model = cd_fast.enet_coordinate_descent(
C:\Users\win-10\Desktop\Thesis Project\Programming Workspace\.venv\Lib\site-packages\sklearn\linear_model\_coordinate_descent.py:840: ConvergenceWarning: Objective did not converge. You might want to increase the number of iterations, check the scale of the features or consider increasing regularisation. Duality 
gap: 9.647646e-02, tolerance: 9.105e-02
  model = cd_fast.enet_coordinate_descent(
C:\Users\win-10\Desktop\Thesis Project\Programming Workspace\.venv\Lib\site-packages\sklearn\linear_model\_coordinate_descent.py:840: ConvergenceWarning: Objective did not converge. You might want to increase the number of iterations, check the scale of the features or consider increasing regularisation. Duality 
gap: 1.538928e+01, tolerance: 9.104e-02
  model = cd_fast.enet_coordinate_descent(
C:\Users\win-10\Desktop\Thesis Project\Programming Workspace\.venv\Lib\site-packages\sklearn\linear_model\_coordinate_descent.py:840: ConvergenceWarning: Objective did not converge. You might want to increase the number of iterations, check the scale of the features or consider increasing regularisation. Duality 
gap: 1.073693e-01, tolerance: 9.091e-02
  model = cd_fast.enet_coordinate_descent(
C:\Users\win-10\Desktop\Thesis Project\Programming Workspace\.venv\Lib\site-packages\sklearn\linear_model\_coordinate_descent.py:840: ConvergenceWarning: Objective did not converge. You might want to increase the number of iterations, check the scale of the features or consider increasing regularisation. Duality 
gap: 3.054654e+00, tolerance: 9.092e-02
  model = cd_fast.enet_coordinate_descent(
C:\Users\win-10\Desktop\Thesis Project\Programming Workspace\.venv\Lib\site-packages\sklearn\linear_model\_coordinate_descent.py:840: ConvergenceWarning: Objective did not converge. You might want to increase the number of iterations, check the scale of the features or consider increasing regularisation. Duality 
gap: 1.146587e+01, tolerance: 9.100e-02
  model = cd_fast.enet_coordinate_descent(
C:\Users\win-10\Desktop\Thesis Project\Programming Workspace\.venv\Lib\site-packages\sklearn\linear_model\_coordinate_descent.py:840: ConvergenceWarning: Objective did not converge. You might want to increase the number of iterations, check the scale of the features or consider increasing regularisation. Duality 
gap: 5.935854e+00, tolerance: 9.149e-02
  model = cd_fast.enet_coordinate_descent(
C:\Users\win-10\Desktop\Thesis Project\Programming Workspace\.venv\Lib\site-packages\sklearn\linear_model\_coordinate_descent.py:840: ConvergenceWarning: Objective did not converge. You might want to increase the number of iterations, check the scale of the features or consider increasing regularisation. Duality 
gap: 9.862762e+00, tolerance: 9.163e-02
  model = cd_fast.enet_coordinate_descent(
C:\Users\win-10\Desktop\Thesis Project\Programming Workspace\.venv\Lib\site-packages\sklearn\linear_model\_coordinate_descent.py:840: ConvergenceWarning: Objective did not converge. You might want to increase the number of iterations, check the scale of the features or consider increasing regularisation. Duality 
gap: 6.240353e+00, tolerance: 9.110e-02
  model = cd_fast.enet_coordinate_descent(
C:\Users\win-10\Desktop\Thesis Project\Programming Workspace\.venv\Lib\site-packages\sklearn\linear_model\_coordinate_descent.py:840: ConvergenceWarning: Objective did not converge. You might want to increase the number of iterations, check the scale of the features or consider increasing regularisation. Duality 
gap: 1.547216e+01, tolerance: 9.097e-02
  model = cd_fast.enet_coordinate_descent(
C:\Users\win-10\Desktop\Thesis Project\Programming Workspace\.venv\Lib\site-packages\sklearn\linear_model\_coordinate_descent.py:840: ConvergenceWarning: Objective did not converge. You might want to increase the number of iterations, check the scale of the features or consider increasing regularisation. Duality 
gap: 6.498347e+00, tolerance: 9.125e-02
  model = cd_fast.enet_coordinate_descent(
C:\Users\win-10\Desktop\Thesis Project\Programming Workspace\.venv\Lib\site-packages\sklearn\linear_model\_coordinate_descent.py:840: ConvergenceWarning: Objective did not converge. You might want to increase the number of iterations, check the scale of the features or consider increasing regularisation. Duality 
gap: 3.382950e+00, tolerance: 9.153e-02
  model = cd_fast.enet_coordinate_descent(
C:\Users\win-10\Desktop\Thesis Project\Programming Workspace\.venv\Lib\site-packages\sklearn\linear_model\_coordinate_descent.py:840: ConvergenceWarning: Objective did not converge. You might want to increase the number of iterations, check the scale of the features or consider increasing regularisation. Duality 
gap: 1.828854e+01, tolerance: 9.191e-02
  model = cd_fast.enet_coordinate_descent(
C:\Users\win-10\Desktop\Thesis Project\Programming Workspace\.venv\Lib\site-packages\sklearn\linear_model\_coordinate_descent.py:840: ConvergenceWarning: Objective did not converge. You might want to increase the number of iterations, check the scale of the features or consider increasing regularisation. Duality 
gap: 1.554186e+01, tolerance: 9.193e-02
  model = cd_fast.enet_coordinate_descent(
[DailyLEAR-LASSO] 725/728 origins (0.2s/origin, ~0 min left)
C:\Users\win-10\Desktop\Thesis Project\Programming Workspace\.venv\Lib\site-packages\sklearn\linear_model\_coordinate_descent.py:840: ConvergenceWarning: Objective did not converge. You might want to increase the number of iterations, check the scale of the features or consider increasing regularisation. Duality 
gap: 1.360900e+01, tolerance: 9.184e-02
  model = cd_fast.enet_coordinate_descent(
C:\Users\win-10\Desktop\Thesis Project\Programming Workspace\.venv\Lib\site-packages\sklearn\linear_model\_coordinate_descent.py:840: ConvergenceWarning: Objective did not converge. You might want to increase the number of iterations, check the scale of the features or consider increasing regularisation. Duality 
gap: 1.712382e+01, tolerance: 9.158e-02
  model = cd_fast.enet_coordinate_descent(
C:\Users\win-10\Desktop\Thesis Project\Programming Workspace\.venv\Lib\site-packages\sklearn\linear_model\_coordinate_descent.py:840: ConvergenceWarning: Objective did not converge. You might want to increase the number of iterations, check the scale of the features or consider increasing regularisation. Duality 
gap: 1.616078e+01, tolerance: 9.167e-02
  model = cd_fast.enet_coordinate_descent(
[DailyLEAR-LASSO] 728/728 origins (0.2s/origin, ~0 min left)
[DailyLEAR-LASSO] DONE -> C:\Users\win-10\Desktop\Thesis Project\Programming Workspace\data\processed\daily_direct\dailylear_lasso.csv
[DailyLightGBM] 728 of 728 origins to run
C:\Users\win-10\Desktop\Thesis Project\Programming Workspace\.venv\Lib\site-packages\sklearn\utils\validation.py:2827: UserWarning: X does not have valid feature names, but LGBMRegressor was fitted with feature names
  warnings.warn(
C:\Users\win-10\Desktop\Thesis Project\Programming Workspace\.venv\Lib\site-packages\sklearn\utils\validation.py:2827: UserWarning: X does not have valid feature names, but LGBMRegressor was fitted with feature names
  warnings.warn(
C:\Users\win-10\Desktop\Thesis Project\Programming Workspace\.venv\Lib\site-packages\sklearn\utils\validation.py:2827: UserWarning: X does not have valid feature names, but LGBMRegressor was fitted with feature names
  warnings.warn(
C:\Users\win-10\Desktop\Thesis Project\Programming Workspace\.venv\Lib\site-packages\sklearn\utils\validation.py:2827: UserWarning: X does not have valid feature names, but LGBMRegressor was fitted with feature names
  warnings.warn(
C:\Users\win-10\Desktop\Thesis Project\Programming Workspace\.venv\Lib\site-packages\sklearn\utils\validation.py:2827: UserWarning: X does not have valid feature names, but LGBMRegressor was fitted with feature names
  warnings.warn(
C:\Users\win-10\Desktop\Thesis Project\Programming Workspace\.venv\Lib\site-packages\sklearn\utils\validation.py:2827: UserWarning: X does not have valid feature names, but LGBMRegressor was fitted with feature names
  warnings.warn(
C:\Users\win-10\Desktop\Thesis Project\Programming Workspace\.venv\Lib\site-packages\sklearn\utils\validation.py:2827: UserWarning: X does not have valid feature names, but LGBMRegressor was fitted with feature names
  warnings.warn(
C:\Users\win-10\Desktop\Thesis Project\Programming Workspace\.venv\Lib\site-packages\sklearn\utils\validation.py:2827: UserWarning: X does not have valid feature names, but LGBMRegressor was fitted with feature names
  warnings.warn(
C:\Users\win-10\Desktop\Thesis Project\Programming Workspace\.venv\Lib\site-packages\sklearn\utils\validation.py:2827: UserWarning: X does not have valid feature names, but LGBMRegressor was fitted with feature names
  warnings.warn(
C:\Users\win-10\Desktop\Thesis Project\Programming Workspace\.venv\Lib\site-packages\sklearn\utils\validation.py:2827: UserWarning: X does not have valid feature names, but LGBMRegressor was fitted with feature names
  warnings.warn(
C:\Users\win-10\Desktop\Thesis Project\Programming Workspace\.venv\Lib\site-packages\sklearn\utils\validation.py:2827: UserWarning: X does not have valid feature names, but LGBMRegressor was fitted with feature names
  warnings.warn(
C:\Users\win-10\Desktop\Thesis Project\Programming Workspace\.venv\Lib\site-packages\sklearn\utils\validation.py:2827: UserWarning: X does not have valid feature names, but LGBMRegressor was fitted with feature names
  warnings.warn(
C:\Users\win-10\Desktop\Thesis Project\Programming Workspace\.venv\Lib\site-packages\sklearn\utils\validation.py:2827: UserWarning: X does not have valid feature names, but LGBMRegressor was fitted with feature names
  warnings.warn(
C:\Users\win-10\Desktop\Thesis Project\Programming Workspace\.venv\Lib\site-packages\sklearn\utils\validation.py:2827: UserWarning: X does not have valid feature names, but LGBMRegressor was fitted with feature names
  warnings.warn(
C:\Users\win-10\Desktop\Thesis Project\Programming Workspace\.venv\Lib\site-packages\sklearn\utils\validation.py:2827: UserWarning: X does not have valid feature names, but LGBMRegressor was fitted with feature names
  warnings.warn(
C:\Users\win-10\Desktop\Thesis Project\Programming Workspace\.venv\Lib\site-packages\sklearn\utils\validation.py:2827: UserWarning: X does not have valid feature names, but LGBMRegressor was fitted with feature names
  warnings.warn(
C:\Users\win-10\Desktop\Thesis Project\Programming Workspace\.venv\Lib\site-packages\sklearn\utils\validation.py:2827: UserWarning: X does not have valid feature names, but LGBMRegressor was fitted with feature names
  warnings.warn(
C:\Users\win-10\Desktop\Thesis Project\Programming Workspace\.venv\Lib\site-packages\sklearn\utils\validation.py:2827: UserWarning: X does not have valid feature names, but LGBMRegressor was fitted with feature names
  warnings.warn(
C:\Users\win-10\Desktop\Thesis Project\Programming Workspace\.venv\Lib\site-packages\sklearn\utils\validation.py:2827: UserWarning: X does not have valid feature names, but LGBMRegressor was fitted with feature names
  warnings.warn(
C:\Users\win-10\Desktop\Thesis Project\Programming Workspace\.venv\Lib\site-packages\sklearn\utils\validation.py:2827: UserWarning: X does not have valid feature names, but LGBMRegressor was fitted with feature names
  warnings.warn(
C:\Users\win-10\Desktop\Thesis Project\Programming Workspace\.venv\Lib\site-packages\sklearn\utils\validation.py:2827: UserWarning: X does not have valid feature names, but LGBMRegressor was fitted with feature names
  warnings.warn(
C:\Users\win-10\Desktop\Thesis Project\Programming Workspace\.venv\Lib\site-packages\sklearn\utils\validation.py:2827: UserWarning: X does not have valid feature names, but LGBMRegressor was fitted with feature names
  warnings.warn(
C:\Users\win-10\Desktop\Thesis Project\Programming Workspace\.venv\Lib\site-packages\sklearn\utils\validation.py:2827: UserWarning: X does not have valid feature names, but LGBMRegressor was fitted with feature names
  warnings.warn(
C:\Users\win-10\Desktop\Thesis Project\Programming Workspace\.venv\Lib\site-packages\sklearn\utils\validation.py:2827: UserWarning: X does not have valid feature names, but LGBMRegressor was fitted with feature names
  warnings.warn(
C:\Users\win-10\Desktop\Thesis Project\Programming Workspace\.venv\Lib\site-packages\sklearn\utils\validation.py:2827: UserWarning: X does not have valid feature names, but LGBMRegressor was fitted with feature names
  warnings.warn(
[DailyLightGBM] 25/728 origins (2.0s/origin, ~24 min left)
C:\Users\win-10\Desktop\Thesis Project\Programming Workspace\.venv\Lib\site-packages\sklearn\utils\validation.py:2827: UserWarning: X does not have valid feature names, but LGBMRegressor was fitted with feature names
  warnings.warn(
C:\Users\win-10\Desktop\Thesis Project\Programming Workspace\.venv\Lib\site-packages\sklearn\utils\validation.py:2827: UserWarning: X does not have valid feature names, but LGBMRegressor was fitted with feature names
  warnings.warn(
C:\Users\win-10\Desktop\Thesis Project\Programming Workspace\.venv\Lib\site-packages\sklearn\utils\validation.py:2827: UserWarning: X does not have valid feature names, but LGBMRegressor was fitted with feature names
  warnings.warn(
C:\Users\win-10\Desktop\Thesis Project\Programming Workspace\.venv\Lib\site-packages\sklearn\utils\validation.py:2827: UserWarning: X does not have valid feature names, but LGBMRegressor was fitted with feature names
  warnings.warn(
C:\Users\win-10\Desktop\Thesis Project\Programming Workspace\.venv\Lib\site-packages\sklearn\utils\validation.py:2827: UserWarning: X does not have valid feature names, but LGBMRegressor was fitted with feature names
  warnings.warn(
C:\Users\win-10\Desktop\Thesis Project\Programming Workspace\.venv\Lib\site-packages\sklearn\utils\validation.py:2827: UserWarning: X does not have valid feature names, but LGBMRegressor was fitted with feature names
  warnings.warn(
C:\Users\win-10\Desktop\Thesis Project\Programming Workspace\.venv\Lib\site-packages\sklearn\utils\validation.py:2827: UserWarning: X does not have valid feature names, but LGBMRegressor was fitted with feature names
  warnings.warn(
C:\Users\win-10\Desktop\Thesis Project\Programming Workspace\.venv\Lib\site-packages\sklearn\utils\validation.py:2827: UserWarning: X does not have valid feature names, but LGBMRegressor was fitted with feature names
  warnings.warn(
C:\Users\win-10\Desktop\Thesis Project\Programming Workspace\.venv\Lib\site-packages\sklearn\utils\validation.py:2827: UserWarning: X does not have valid feature names, but LGBMRegressor was fitted with feature names
  warnings.warn(
C:\Users\win-10\Desktop\Thesis Project\Programming Workspace\.venv\Lib\site-packages\sklearn\utils\validation.py:2827: UserWarning: X does not have valid feature names, but LGBMRegressor was fitted with feature names
  warnings.warn(
C:\Users\win-10\Desktop\Thesis Project\Programming Workspace\.venv\Lib\site-packages\sklearn\utils\validation.py:2827: UserWarning: X does not have valid feature names, but LGBMRegressor was fitted with feature names
  warnings.warn(
C:\Users\win-10\Desktop\Thesis Project\Programming Workspace\.venv\Lib\site-packages\sklearn\utils\validation.py:2827: UserWarning: X does not have valid feature names, but LGBMRegressor was fitted with feature names
  warnings.warn(
C:\Users\win-10\Desktop\Thesis Project\Programming Workspace\.venv\Lib\site-packages\sklearn\utils\validation.py:2827: UserWarning: X does not have valid feature names, but LGBMRegressor was fitted with feature names
  warnings.warn(
C:\Users\win-10\Desktop\Thesis Project\Programming Workspace\.venv\Lib\site-packages\sklearn\utils\validation.py:2827: UserWarning: X does not have valid feature names, but LGBMRegressor was fitted with feature names
  warnings.warn(
C:\Users\win-10\Desktop\Thesis Project\Programming Workspace\.venv\Lib\site-packages\sklearn\utils\validation.py:2827: UserWarning: X does not have valid feature names, but LGBMRegressor was fitted with feature names
  warnings.warn(
C:\Users\win-10\Desktop\Thesis Project\Programming Workspace\.venv\Lib\site-packages\sklearn\utils\validation.py:2827: UserWarning: X does not have valid feature names, but LGBMRegressor was fitted with feature names
  warnings.warn(
C:\Users\win-10\Desktop\Thesis Project\Programming Workspace\.venv\Lib\site-packages\sklearn\utils\validation.py:2827: UserWarning: X does not have valid feature names, but LGBMRegressor was fitted with feature names
  warnings.warn(
C:\Users\win-10\Desktop\Thesis Project\Programming Workspace\.venv\Lib\site-packages\sklearn\utils\validation.py:2827: UserWarning: X does not have valid feature names, but LGBMRegressor was fitted with feature names
  warnings.warn(
C:\Users\win-10\Desktop\Thesis Project\Programming Workspace\.venv\Lib\site-packages\sklearn\utils\validation.py:2827: UserWarning: X does not have valid feature names, but LGBMRegressor was fitted with feature names
  warnings.warn(
C:\Users\win-10\Desktop\Thesis Project\Programming Workspace\.venv\Lib\site-packages\sklearn\utils\validation.py:2827: UserWarning: X does not have valid feature names, but LGBMRegressor was fitted with feature names
  warnings.warn(
C:\Users\win-10\Desktop\Thesis Project\Programming Workspace\.venv\Lib\site-packages\sklearn\utils\validation.py:2827: UserWarning: X does not have valid feature names, but LGBMRegressor was fitted with feature names
  warnings.warn(
C:\Users\win-10\Desktop\Thesis Project\Programming Workspace\.venv\Lib\site-packages\sklearn\utils\validation.py:2827: UserWarning: X does not have valid feature names, but LGBMRegressor was fitted with feature names
  warnings.warn(
C:\Users\win-10\Desktop\Thesis Project\Programming Workspace\.venv\Lib\site-packages\sklearn\utils\validation.py:2827: UserWarning: X does not have valid feature names, but LGBMRegressor was fitted with feature names
  warnings.warn(
C:\Users\win-10\Desktop\Thesis Project\Programming Workspace\.venv\Lib\site-packages\sklearn\utils\validation.py:2827: UserWarning: X does not have valid feature names, but LGBMRegressor was fitted with feature names
  warnings.warn(
C:\Users\win-10\Desktop\Thesis Project\Programming Workspace\.venv\Lib\site-packages\sklearn\utils\validation.py:2827: UserWarning: X does not have valid feature names, but LGBMRegressor was fitted with feature names
  warnings.warn(
[DailyLightGBM] 50/728 origins (2.0s/origin, ~23 min left)
C:\Users\win-10\Desktop\Thesis Project\Programming Workspace\.venv\Lib\site-packages\sklearn\utils\validation.py:2827: UserWarning: X does not have valid feature names, but LGBMRegressor was fitted with feature names
  warnings.warn(
C:\Users\win-10\Desktop\Thesis Project\Programming Workspace\.venv\Lib\site-packages\sklearn\utils\validation.py:2827: UserWarning: X does not have valid feature names, but LGBMRegressor was fitted with feature names
  warnings.warn(
C:\Users\win-10\Desktop\Thesis Project\Programming Workspace\.venv\Lib\site-packages\sklearn\utils\validation.py:2827: UserWarning: X does not have valid feature names, but LGBMRegressor was fitted with feature names
  warnings.warn(
C:\Users\win-10\Desktop\Thesis Project\Programming Workspace\.venv\Lib\site-packages\sklearn\utils\validation.py:2827: UserWarning: X does not have valid feature names, but LGBMRegressor was fitted with feature names
  warnings.warn(
C:\Users\win-10\Desktop\Thesis Project\Programming Workspace\.venv\Lib\site-packages\sklearn\utils\validation.py:2827: UserWarning: X does not have valid feature names, but LGBMRegressor was fitted with feature names
  warnings.warn(
C:\Users\win-10\Desktop\Thesis Project\Programming Workspace\.venv\Lib\site-packages\sklearn\utils\validation.py:2827: UserWarning: X does not have valid feature names, but LGBMRegressor was fitted with feature names
  warnings.warn(
C:\Users\win-10\Desktop\Thesis Project\Programming Workspace\.venv\Lib\site-packages\sklearn\utils\validation.py:2827: UserWarning: X does not have valid feature names, but LGBMRegressor was fitted with feature names
  warnings.warn(
C:\Users\win-10\Desktop\Thesis Project\Programming Workspace\.venv\Lib\site-packages\sklearn\utils\validation.py:2827: UserWarning: X does not have valid feature names, but LGBMRegressor was fitted with feature names
  warnings.warn(
C:\Users\win-10\Desktop\Thesis Project\Programming Workspace\.venv\Lib\site-packages\sklearn\utils\validation.py:2827: UserWarning: X does not have valid feature names, but LGBMRegressor was fitted with feature names
  warnings.warn(
C:\Users\win-10\Desktop\Thesis Project\Programming Workspace\.venv\Lib\site-packages\sklearn\utils\validation.py:2827: UserWarning: X does not have valid feature names, but LGBMRegressor was fitted with feature names
  warnings.warn(
C:\Users\win-10\Desktop\Thesis Project\Programming Workspace\.venv\Lib\site-packages\sklearn\utils\validation.py:2827: UserWarning: X does not have valid feature names, but LGBMRegressor was fitted with feature names
  warnings.warn(
C:\Users\win-10\Desktop\Thesis Project\Programming Workspace\.venv\Lib\site-packages\sklearn\utils\validation.py:2827: UserWarning: X does not have valid feature names, but LGBMRegressor was fitted with feature names
  warnings.warn(
C:\Users\win-10\Desktop\Thesis Project\Programming Workspace\.venv\Lib\site-packages\sklearn\utils\validation.py:2827: UserWarning: X does not have valid feature names, but LGBMRegressor was fitted with feature names
  warnings.warn(
C:\Users\win-10\Desktop\Thesis Project\Programming Workspace\.venv\Lib\site-packages\sklearn\utils\validation.py:2827: UserWarning: X does not have valid feature names, but LGBMRegressor was fitted with feature names
  warnings.warn(
C:\Users\win-10\Desktop\Thesis Project\Programming Workspace\.venv\Lib\site-packages\sklearn\utils\validation.py:2827: UserWarning: X does not have valid feature names, but LGBMRegressor was fitted with feature names
  warnings.warn(
C:\Users\win-10\Desktop\Thesis Project\Programming Workspace\.venv\Lib\site-packages\sklearn\utils\validation.py:2827: UserWarning: X does not have valid feature names, but LGBMRegressor was fitted with feature names
  warnings.warn(
C:\Users\win-10\Desktop\Thesis Project\Programming Workspace\.venv\Lib\site-packages\sklearn\utils\validation.py:2827: UserWarning: X does not have valid feature names, but LGBMRegressor was fitted with feature names
  warnings.warn(
C:\Users\win-10\Desktop\Thesis Project\Programming Workspace\.venv\Lib\site-packages\sklearn\utils\validation.py:2827: UserWarning: X does not have valid feature names, but LGBMRegressor was fitted with feature names
  warnings.warn(
C:\Users\win-10\Desktop\Thesis Project\Programming Workspace\.venv\Lib\site-packages\sklearn\utils\validation.py:2827: UserWarning: X does not have valid feature names, but LGBMRegressor was fitted with feature names
  warnings.warn(
C:\Users\win-10\Desktop\Thesis Project\Programming Workspace\.venv\Lib\site-packages\sklearn\utils\validation.py:2827: UserWarning: X does not have valid feature names, but LGBMRegressor was fitted with feature names
  warnings.warn(
C:\Users\win-10\Desktop\Thesis Project\Programming Workspace\.venv\Lib\site-packages\sklearn\utils\validation.py:2827: UserWarning: X does not have valid feature names, but LGBMRegressor was fitted with feature names
  warnings.warn(
C:\Users\win-10\Desktop\Thesis Project\Programming Workspace\.venv\Lib\site-packages\sklearn\utils\validation.py:2827: UserWarning: X does not have valid feature names, but LGBMRegressor was fitted with feature names
  warnings.warn(
C:\Users\win-10\Desktop\Thesis Project\Programming Workspace\.venv\Lib\site-packages\sklearn\utils\validation.py:2827: UserWarning: X does not have valid feature names, but LGBMRegressor was fitted with feature names
  warnings.warn(
C:\Users\win-10\Desktop\Thesis Project\Programming Workspace\.venv\Lib\site-packages\sklearn\utils\validation.py:2827: UserWarning: X does not have valid feature names, but LGBMRegressor was fitted with feature names
  warnings.warn(
C:\Users\win-10\Desktop\Thesis Project\Programming Workspace\.venv\Lib\site-packages\sklearn\utils\validation.py:2827: UserWarning: X does not have valid feature names, but LGBMRegressor was fitted with feature names
  warnings.warn(
[DailyLightGBM] 75/728 origins (2.0s/origin, ~22 min left)
C:\Users\win-10\Desktop\Thesis Project\Programming Workspace\.venv\Lib\site-packages\sklearn\utils\validation.py:2827: UserWarning: X does not have valid feature names, but LGBMRegressor was fitted with feature names
  warnings.warn(
C:\Users\win-10\Desktop\Thesis Project\Programming Workspace\.venv\Lib\site-packages\sklearn\utils\validation.py:2827: UserWarning: X does not have valid feature names, but LGBMRegressor was fitted with feature names
  warnings.warn(
C:\Users\win-10\Desktop\Thesis Project\Programming Workspace\.venv\Lib\site-packages\sklearn\utils\validation.py:2827: UserWarning: X does not have valid feature names, but LGBMRegressor was fitted with feature names
  warnings.warn(
C:\Users\win-10\Desktop\Thesis Project\Programming Workspace\.venv\Lib\site-packages\sklearn\utils\validation.py:2827: UserWarning: X does not have valid feature names, but LGBMRegressor was fitted with feature names
  warnings.warn(
C:\Users\win-10\Desktop\Thesis Project\Programming Workspace\.venv\Lib\site-packages\sklearn\utils\validation.py:2827: UserWarning: X does not have valid feature names, but LGBMRegressor was fitted with feature names
  warnings.warn(
C:\Users\win-10\Desktop\Thesis Project\Programming Workspace\.venv\Lib\site-packages\sklearn\utils\validation.py:2827: UserWarning: X does not have valid feature names, but LGBMRegressor was fitted with feature names
  warnings.warn(
C:\Users\win-10\Desktop\Thesis Project\Programming Workspace\.venv\Lib\site-packages\sklearn\utils\validation.py:2827: UserWarning: X does not have valid feature names, but LGBMRegressor was fitted with feature names
  warnings.warn(
C:\Users\win-10\Desktop\Thesis Project\Programming Workspace\.venv\Lib\site-packages\sklearn\utils\validation.py:2827: UserWarning: X does not have valid feature names, but LGBMRegressor was fitted with feature names
  warnings.warn(
C:\Users\win-10\Desktop\Thesis Project\Programming Workspace\.venv\Lib\site-packages\sklearn\utils\validation.py:2827: UserWarning: X does not have valid feature names, but LGBMRegressor was fitted with feature names
  warnings.warn(
C:\Users\win-10\Desktop\Thesis Project\Programming Workspace\.venv\Lib\site-packages\sklearn\utils\validation.py:2827: UserWarning: X does not have valid feature names, but LGBMRegressor was fitted with feature names
  warnings.warn(
C:\Users\win-10\Desktop\Thesis Project\Programming Workspace\.venv\Lib\site-packages\sklearn\utils\validation.py:2827: UserWarning: X does not have valid feature names, but LGBMRegressor was fitted with feature names
  warnings.warn(
C:\Users\win-10\Desktop\Thesis Project\Programming Workspace\.venv\Lib\site-packages\sklearn\utils\validation.py:2827: UserWarning: X does not have valid feature names, but LGBMRegressor was fitted with feature names
  warnings.warn(
C:\Users\win-10\Desktop\Thesis Project\Programming Workspace\.venv\Lib\site-packages\sklearn\utils\validation.py:2827: UserWarning: X does not have valid feature names, but LGBMRegressor was fitted with feature names
  warnings.warn(
C:\Users\win-10\Desktop\Thesis Project\Programming Workspace\.venv\Lib\site-packages\sklearn\utils\validation.py:2827: UserWarning: X does not have valid feature names, but LGBMRegressor was fitted with feature names
  warnings.warn(
C:\Users\win-10\Desktop\Thesis Project\Programming Workspace\.venv\Lib\site-packages\sklearn\utils\validation.py:2827: UserWarning: X does not have valid feature names, but LGBMRegressor was fitted with feature names
  warnings.warn(
C:\Users\win-10\Desktop\Thesis Project\Programming Workspace\.venv\Lib\site-packages\sklearn\utils\validation.py:2827: UserWarning: X does not have valid feature names, but LGBMRegressor was fitted with feature names
  warnings.warn(
C:\Users\win-10\Desktop\Thesis Project\Programming Workspace\.venv\Lib\site-packages\sklearn\utils\validation.py:2827: UserWarning: X does not have valid feature names, but LGBMRegressor was fitted with feature names
  warnings.warn(
C:\Users\win-10\Desktop\Thesis Project\Programming Workspace\.venv\Lib\site-packages\sklearn\utils\validation.py:2827: UserWarning: X does not have valid feature names, but LGBMRegressor was fitted with feature names
  warnings.warn(
C:\Users\win-10\Desktop\Thesis Project\Programming Workspace\.venv\Lib\site-packages\sklearn\utils\validation.py:2827: UserWarning: X does not have valid feature names, but LGBMRegressor was fitted with feature names
  warnings.warn(
C:\Users\win-10\Desktop\Thesis Project\Programming Workspace\.venv\Lib\site-packages\sklearn\utils\validation.py:2827: UserWarning: X does not have valid feature names, but LGBMRegressor was fitted with feature names
  warnings.warn(
C:\Users\win-10\Desktop\Thesis Project\Programming Workspace\.venv\Lib\site-packages\sklearn\utils\validation.py:2827: UserWarning: X does not have valid feature names, but LGBMRegressor was fitted with feature names
  warnings.warn(
C:\Users\win-10\Desktop\Thesis Project\Programming Workspace\.venv\Lib\site-packages\sklearn\utils\validation.py:2827: UserWarning: X does not have valid feature names, but LGBMRegressor was fitted with feature names
  warnings.warn(
C:\Users\win-10\Desktop\Thesis Project\Programming Workspace\.venv\Lib\site-packages\sklearn\utils\validation.py:2827: UserWarning: X does not have valid feature names, but LGBMRegressor was fitted with feature names
  warnings.warn(
C:\Users\win-10\Desktop\Thesis Project\Programming Workspace\.venv\Lib\site-packages\sklearn\utils\validation.py:2827: UserWarning: X does not have valid feature names, but LGBMRegressor was fitted with feature names
  warnings.warn(
C:\Users\win-10\Desktop\Thesis Project\Programming Workspace\.venv\Lib\site-packages\sklearn\utils\validation.py:2827: UserWarning: X does not have valid feature names, but LGBMRegressor was fitted with feature names
  warnings.warn(
[DailyLightGBM] 100/728 origins (2.1s/origin, ~22 min left)
C:\Users\win-10\Desktop\Thesis Project\Programming Workspace\.venv\Lib\site-packages\sklearn\utils\validation.py:2827: UserWarning: X does not have valid feature names, but LGBMRegressor was fitted with feature names
  warnings.warn(
C:\Users\win-10\Desktop\Thesis Project\Programming Workspace\.venv\Lib\site-packages\sklearn\utils\validation.py:2827: UserWarning: X does not have valid feature names, but LGBMRegressor was fitted with feature names
  warnings.warn(
C:\Users\win-10\Desktop\Thesis Project\Programming Workspace\.venv\Lib\site-packages\sklearn\utils\validation.py:2827: UserWarning: X does not have valid feature names, but LGBMRegressor was fitted with feature names
  warnings.warn(
C:\Users\win-10\Desktop\Thesis Project\Programming Workspace\.venv\Lib\site-packages\sklearn\utils\validation.py:2827: UserWarning: X does not have valid feature names, but LGBMRegressor was fitted with feature names
  warnings.warn(
C:\Users\win-10\Desktop\Thesis Project\Programming Workspace\.venv\Lib\site-packages\sklearn\utils\validation.py:2827: UserWarning: X does not have valid feature names, but LGBMRegressor was fitted with feature names
  warnings.warn(
C:\Users\win-10\Desktop\Thesis Project\Programming Workspace\.venv\Lib\site-packages\sklearn\utils\validation.py:2827: UserWarning: X does not have valid feature names, but LGBMRegressor was fitted with feature names
  warnings.warn(
C:\Users\win-10\Desktop\Thesis Project\Programming Workspace\.venv\Lib\site-packages\sklearn\utils\validation.py:2827: UserWarning: X does not have valid feature names, but LGBMRegressor was fitted with feature names
  warnings.warn(
C:\Users\win-10\Desktop\Thesis Project\Programming Workspace\.venv\Lib\site-packages\sklearn\utils\validation.py:2827: UserWarning: X does not have valid feature names, but LGBMRegressor was fitted with feature names
  warnings.warn(
C:\Users\win-10\Desktop\Thesis Project\Programming Workspace\.venv\Lib\site-packages\sklearn\utils\validation.py:2827: UserWarning: X does not have valid feature names, but LGBMRegressor was fitted with feature names
  warnings.warn(
C:\Users\win-10\Desktop\Thesis Project\Programming Workspace\.venv\Lib\site-packages\sklearn\utils\validation.py:2827: UserWarning: X does not have valid feature names, but LGBMRegressor was fitted with feature names
  warnings.warn(
C:\Users\win-10\Desktop\Thesis Project\Programming Workspace\.venv\Lib\site-packages\sklearn\utils\validation.py:2827: UserWarning: X does not have valid feature names, but LGBMRegressor was fitted with feature names
  warnings.warn(
C:\Users\win-10\Desktop\Thesis Project\Programming Workspace\.venv\Lib\site-packages\sklearn\utils\validation.py:2827: UserWarning: X does not have valid feature names, but LGBMRegressor was fitted with feature names
  warnings.warn(
C:\Users\win-10\Desktop\Thesis Project\Programming Workspace\.venv\Lib\site-packages\sklearn\utils\validation.py:2827: UserWarning: X does not have valid feature names, but LGBMRegressor was fitted with feature names
  warnings.warn(
C:\Users\win-10\Desktop\Thesis Project\Programming Workspace\.venv\Lib\site-packages\sklearn\utils\validation.py:2827: UserWarning: X does not have valid feature names, but LGBMRegressor was fitted with feature names
  warnings.warn(
C:\Users\win-10\Desktop\Thesis Project\Programming Workspace\.venv\Lib\site-packages\sklearn\utils\validation.py:2827: UserWarning: X does not have valid feature names, but LGBMRegressor was fitted with feature names
  warnings.warn(
C:\Users\win-10\Desktop\Thesis Project\Programming Workspace\.venv\Lib\site-packages\sklearn\utils\validation.py:2827: UserWarning: X does not have valid feature names, but LGBMRegressor was fitted with feature names
  warnings.warn(
C:\Users\win-10\Desktop\Thesis Project\Programming Workspace\.venv\Lib\site-packages\sklearn\utils\validation.py:2827: UserWarning: X does not have valid feature names, but LGBMRegressor was fitted with feature names
  warnings.warn(
C:\Users\win-10\Desktop\Thesis Project\Programming Workspace\.venv\Lib\site-packages\sklearn\utils\validation.py:2827: UserWarning: X does not have valid feature names, but LGBMRegressor was fitted with feature names
  warnings.warn(
C:\Users\win-10\Desktop\Thesis Project\Programming Workspace\.venv\Lib\site-packages\sklearn\utils\validation.py:2827: UserWarning: X does not have valid feature names, but LGBMRegressor was fitted with feature names
  warnings.warn(
C:\Users\win-10\Desktop\Thesis Project\Programming Workspace\.venv\Lib\site-packages\sklearn\utils\validation.py:2827: UserWarning: X does not have valid feature names, but LGBMRegressor was fitted with feature names
  warnings.warn(
C:\Users\win-10\Desktop\Thesis Project\Programming Workspace\.venv\Lib\site-packages\sklearn\utils\validation.py:2827: UserWarning: X does not have valid feature names, but LGBMRegressor was fitted with feature names
  warnings.warn(
C:\Users\win-10\Desktop\Thesis Project\Programming Workspace\.venv\Lib\site-packages\sklearn\utils\validation.py:2827: UserWarning: X does not have valid feature names, but LGBMRegressor was fitted with feature names
  warnings.warn(
C:\Users\win-10\Desktop\Thesis Project\Programming Workspace\.venv\Lib\site-packages\sklearn\utils\validation.py:2827: UserWarning: X does not have valid feature names, but LGBMRegressor was fitted with feature names
  warnings.warn(
C:\Users\win-10\Desktop\Thesis Project\Programming Workspace\.venv\Lib\site-packages\sklearn\utils\validation.py:2827: UserWarning: X does not have valid feature names, but LGBMRegressor was fitted with feature names
  warnings.warn(
C:\Users\win-10\Desktop\Thesis Project\Programming Workspace\.venv\Lib\site-packages\sklearn\utils\validation.py:2827: UserWarning: X does not have valid feature names, but LGBMRegressor was fitted with feature names
  warnings.warn(
[DailyLightGBM] 125/728 origins (2.1s/origin, ~21 min left)
C:\Users\win-10\Desktop\Thesis Project\Programming Workspace\.venv\Lib\site-packages\sklearn\utils\validation.py:2827: UserWarning: X does not have valid feature names, but LGBMRegressor was fitted with feature names
  warnings.warn(
C:\Users\win-10\Desktop\Thesis Project\Programming Workspace\.venv\Lib\site-packages\sklearn\utils\validation.py:2827: UserWarning: X does not have valid feature names, but LGBMRegressor was fitted with feature names
  warnings.warn(
C:\Users\win-10\Desktop\Thesis Project\Programming Workspace\.venv\Lib\site-packages\sklearn\utils\validation.py:2827: UserWarning: X does not have valid feature names, but LGBMRegressor was fitted with feature names
  warnings.warn(
C:\Users\win-10\Desktop\Thesis Project\Programming Workspace\.venv\Lib\site-packages\sklearn\utils\validation.py:2827: UserWarning: X does not have valid feature names, but LGBMRegressor was fitted with feature names
  warnings.warn(
C:\Users\win-10\Desktop\Thesis Project\Programming Workspace\.venv\Lib\site-packages\sklearn\utils\validation.py:2827: UserWarning: X does not have valid feature names, but LGBMRegressor was fitted with feature names
  warnings.warn(
C:\Users\win-10\Desktop\Thesis Project\Programming Workspace\.venv\Lib\site-packages\sklearn\utils\validation.py:2827: UserWarning: X does not have valid feature names, but LGBMRegressor was fitted with feature names
  warnings.warn(
C:\Users\win-10\Desktop\Thesis Project\Programming Workspace\.venv\Lib\site-packages\sklearn\utils\validation.py:2827: UserWarning: X does not have valid feature names, but LGBMRegressor was fitted with feature names
  warnings.warn(
C:\Users\win-10\Desktop\Thesis Project\Programming Workspace\.venv\Lib\site-packages\sklearn\utils\validation.py:2827: UserWarning: X does not have valid feature names, but LGBMRegressor was fitted with feature names
  warnings.warn(
C:\Users\win-10\Desktop\Thesis Project\Programming Workspace\.venv\Lib\site-packages\sklearn\utils\validation.py:2827: UserWarning: X does not have valid feature names, but LGBMRegressor was fitted with feature names
  warnings.warn(
C:\Users\win-10\Desktop\Thesis Project\Programming Workspace\.venv\Lib\site-packages\sklearn\utils\validation.py:2827: UserWarning: X does not have valid feature names, but LGBMRegressor was fitted with feature names
  warnings.warn(
C:\Users\win-10\Desktop\Thesis Project\Programming Workspace\.venv\Lib\site-packages\sklearn\utils\validation.py:2827: UserWarning: X does not have valid feature names, but LGBMRegressor was fitted with feature names
  warnings.warn(
C:\Users\win-10\Desktop\Thesis Project\Programming Workspace\.venv\Lib\site-packages\sklearn\utils\validation.py:2827: UserWarning: X does not have valid feature names, but LGBMRegressor was fitted with feature names
  warnings.warn(
C:\Users\win-10\Desktop\Thesis Project\Programming Workspace\.venv\Lib\site-packages\sklearn\utils\validation.py:2827: UserWarning: X does not have valid feature names, but LGBMRegressor was fitted with feature names
  warnings.warn(
C:\Users\win-10\Desktop\Thesis Project\Programming Workspace\.venv\Lib\site-packages\sklearn\utils\validation.py:2827: UserWarning: X does not have valid feature names, but LGBMRegressor was fitted with feature names
  warnings.warn(
C:\Users\win-10\Desktop\Thesis Project\Programming Workspace\.venv\Lib\site-packages\sklearn\utils\validation.py:2827: UserWarning: X does not have valid feature names, but LGBMRegressor was fitted with feature names
  warnings.warn(
C:\Users\win-10\Desktop\Thesis Project\Programming Workspace\.venv\Lib\site-packages\sklearn\utils\validation.py:2827: UserWarning: X does not have valid feature names, but LGBMRegressor was fitted with feature names
  warnings.warn(
C:\Users\win-10\Desktop\Thesis Project\Programming Workspace\.venv\Lib\site-packages\sklearn\utils\validation.py:2827: UserWarning: X does not have valid feature names, but LGBMRegressor was fitted with feature names
  warnings.warn(
C:\Users\win-10\Desktop\Thesis Project\Programming Workspace\.venv\Lib\site-packages\sklearn\utils\validation.py:2827: UserWarning: X does not have valid feature names, but LGBMRegressor was fitted with feature names
  warnings.warn(
C:\Users\win-10\Desktop\Thesis Project\Programming Workspace\.venv\Lib\site-packages\sklearn\utils\validation.py:2827: UserWarning: X does not have valid feature names, but LGBMRegressor was fitted with feature names
  warnings.warn(
C:\Users\win-10\Desktop\Thesis Project\Programming Workspace\.venv\Lib\site-packages\sklearn\utils\validation.py:2827: UserWarning: X does not have valid feature names, but LGBMRegressor was fitted with feature names
  warnings.warn(
C:\Users\win-10\Desktop\Thesis Project\Programming Workspace\.venv\Lib\site-packages\sklearn\utils\validation.py:2827: UserWarning: X does not have valid feature names, but LGBMRegressor was fitted with feature names
  warnings.warn(
C:\Users\win-10\Desktop\Thesis Project\Programming Workspace\.venv\Lib\site-packages\sklearn\utils\validation.py:2827: UserWarning: X does not have valid feature names, but LGBMRegressor was fitted with feature names
  warnings.warn(
C:\Users\win-10\Desktop\Thesis Project\Programming Workspace\.venv\Lib\site-packages\sklearn\utils\validation.py:2827: UserWarning: X does not have valid feature names, but LGBMRegressor was fitted with feature names
  warnings.warn(
C:\Users\win-10\Desktop\Thesis Project\Programming Workspace\.venv\Lib\site-packages\sklearn\utils\validation.py:2827: UserWarning: X does not have valid feature names, but LGBMRegressor was fitted with feature names
  warnings.warn(
C:\Users\win-10\Desktop\Thesis Project\Programming Workspace\.venv\Lib\site-packages\sklearn\utils\validation.py:2827: UserWarning: X does not have valid feature names, but LGBMRegressor was fitted with feature names
  warnings.warn(
[DailyLightGBM] 150/728 origins (2.1s/origin, ~20 min left)
C:\Users\win-10\Desktop\Thesis Project\Programming Workspace\.venv\Lib\site-packages\sklearn\utils\validation.py:2827: UserWarning: X does not have valid feature names, but LGBMRegressor was fitted with feature names
  warnings.warn(
C:\Users\win-10\Desktop\Thesis Project\Programming Workspace\.venv\Lib\site-packages\sklearn\utils\validation.py:2827: UserWarning: X does not have valid feature names, but LGBMRegressor was fitted with feature names
  warnings.warn(
C:\Users\win-10\Desktop\Thesis Project\Programming Workspace\.venv\Lib\site-packages\sklearn\utils\validation.py:2827: UserWarning: X does not have valid feature names, but LGBMRegressor was fitted with feature names
  warnings.warn(
C:\Users\win-10\Desktop\Thesis Project\Programming Workspace\.venv\Lib\site-packages\sklearn\utils\validation.py:2827: UserWarning: X does not have valid feature names, but LGBMRegressor was fitted with feature names
  warnings.warn(
C:\Users\win-10\Desktop\Thesis Project\Programming Workspace\.venv\Lib\site-packages\sklearn\utils\validation.py:2827: UserWarning: X does not have valid feature names, but LGBMRegressor was fitted with feature names
  warnings.warn(
C:\Users\win-10\Desktop\Thesis Project\Programming Workspace\.venv\Lib\site-packages\sklearn\utils\validation.py:2827: UserWarning: X does not have valid feature names, but LGBMRegressor was fitted with feature names
  warnings.warn(
C:\Users\win-10\Desktop\Thesis Project\Programming Workspace\.venv\Lib\site-packages\sklearn\utils\validation.py:2827: UserWarning: X does not have valid feature names, but LGBMRegressor was fitted with feature names
  warnings.warn(
C:\Users\win-10\Desktop\Thesis Project\Programming Workspace\.venv\Lib\site-packages\sklearn\utils\validation.py:2827: UserWarning: X does not have valid feature names, but LGBMRegressor was fitted with feature names
  warnings.warn(
C:\Users\win-10\Desktop\Thesis Project\Programming Workspace\.venv\Lib\site-packages\sklearn\utils\validation.py:2827: UserWarning: X does not have valid feature names, but LGBMRegressor was fitted with feature names
  warnings.warn(
C:\Users\win-10\Desktop\Thesis Project\Programming Workspace\.venv\Lib\site-packages\sklearn\utils\validation.py:2827: UserWarning: X does not have valid feature names, but LGBMRegressor was fitted with feature names
  warnings.warn(
C:\Users\win-10\Desktop\Thesis Project\Programming Workspace\.venv\Lib\site-packages\sklearn\utils\validation.py:2827: UserWarning: X does not have valid feature names, but LGBMRegressor was fitted with feature names
  warnings.warn(
C:\Users\win-10\Desktop\Thesis Project\Programming Workspace\.venv\Lib\site-packages\sklearn\utils\validation.py:2827: UserWarning: X does not have valid feature names, but LGBMRegressor was fitted with feature names
  warnings.warn(
C:\Users\win-10\Desktop\Thesis Project\Programming Workspace\.venv\Lib\site-packages\sklearn\utils\validation.py:2827: UserWarning: X does not have valid feature names, but LGBMRegressor was fitted with feature names
  warnings.warn(
C:\Users\win-10\Desktop\Thesis Project\Programming Workspace\.venv\Lib\site-packages\sklearn\utils\validation.py:2827: UserWarning: X does not have valid feature names, but LGBMRegressor was fitted with feature names
  warnings.warn(
C:\Users\win-10\Desktop\Thesis Project\Programming Workspace\.venv\Lib\site-packages\sklearn\utils\validation.py:2827: UserWarning: X does not have valid feature names, but LGBMRegressor was fitted with feature names
  warnings.warn(
C:\Users\win-10\Desktop\Thesis Project\Programming Workspace\.venv\Lib\site-packages\sklearn\utils\validation.py:2827: UserWarning: X does not have valid feature names, but LGBMRegressor was fitted with feature names
  warnings.warn(
C:\Users\win-10\Desktop\Thesis Project\Programming Workspace\.venv\Lib\site-packages\sklearn\utils\validation.py:2827: UserWarning: X does not have valid feature names, but LGBMRegressor was fitted with feature names
  warnings.warn(
C:\Users\win-10\Desktop\Thesis Project\Programming Workspace\.venv\Lib\site-packages\sklearn\utils\validation.py:2827: UserWarning: X does not have valid feature names, but LGBMRegressor was fitted with feature names
  warnings.warn(
C:\Users\win-10\Desktop\Thesis Project\Programming Workspace\.venv\Lib\site-packages\sklearn\utils\validation.py:2827: UserWarning: X does not have valid feature names, but LGBMRegressor was fitted with feature names
  warnings.warn(
C:\Users\win-10\Desktop\Thesis Project\Programming Workspace\.venv\Lib\site-packages\sklearn\utils\validation.py:2827: UserWarning: X does not have valid feature names, but LGBMRegressor was fitted with feature names
  warnings.warn(
C:\Users\win-10\Desktop\Thesis Project\Programming Workspace\.venv\Lib\site-packages\sklearn\utils\validation.py:2827: UserWarning: X does not have valid feature names, but LGBMRegressor was fitted with feature names
  warnings.warn(
C:\Users\win-10\Desktop\Thesis Project\Programming Workspace\.venv\Lib\site-packages\sklearn\utils\validation.py:2827: UserWarning: X does not have valid feature names, but LGBMRegressor was fitted with feature names
  warnings.warn(
C:\Users\win-10\Desktop\Thesis Project\Programming Workspace\.venv\Lib\site-packages\sklearn\utils\validation.py:2827: UserWarning: X does not have valid feature names, but LGBMRegressor was fitted with feature names
  warnings.warn(
C:\Users\win-10\Desktop\Thesis Project\Programming Workspace\.venv\Lib\site-packages\sklearn\utils\validation.py:2827: UserWarning: X does not have valid feature names, but LGBMRegressor was fitted with feature names
  warnings.warn(
C:\Users\win-10\Desktop\Thesis Project\Programming Workspace\.venv\Lib\site-packages\sklearn\utils\validation.py:2827: UserWarning: X does not have valid feature names, but LGBMRegressor was fitted with feature names
  warnings.warn(
[DailyLightGBM] 175/728 origins (2.1s/origin, ~20 min left)
C:\Users\win-10\Desktop\Thesis Project\Programming Workspace\.venv\Lib\site-packages\sklearn\utils\validation.py:2827: UserWarning: X does not have valid feature names, but LGBMRegressor was fitted with feature names
  warnings.warn(
C:\Users\win-10\Desktop\Thesis Project\Programming Workspace\.venv\Lib\site-packages\sklearn\utils\validation.py:2827: UserWarning: X does not have valid feature names, but LGBMRegressor was fitted with feature names
  warnings.warn(
C:\Users\win-10\Desktop\Thesis Project\Programming Workspace\.venv\Lib\site-packages\sklearn\utils\validation.py:2827: UserWarning: X does not have valid feature names, but LGBMRegressor was fitted with feature names
  warnings.warn(
C:\Users\win-10\Desktop\Thesis Project\Programming Workspace\.venv\Lib\site-packages\sklearn\utils\validation.py:2827: UserWarning: X does not have valid feature names, but LGBMRegressor was fitted with feature names
  warnings.warn(
C:\Users\win-10\Desktop\Thesis Project\Programming Workspace\.venv\Lib\site-packages\sklearn\utils\validation.py:2827: UserWarning: X does not have valid feature names, but LGBMRegressor was fitted with feature names
  warnings.warn(
C:\Users\win-10\Desktop\Thesis Project\Programming Workspace\.venv\Lib\site-packages\sklearn\utils\validation.py:2827: UserWarning: X does not have valid feature names, but LGBMRegressor was fitted with feature names
  warnings.warn(
C:\Users\win-10\Desktop\Thesis Project\Programming Workspace\.venv\Lib\site-packages\sklearn\utils\validation.py:2827: UserWarning: X does not have valid feature names, but LGBMRegressor was fitted with feature names
  warnings.warn(
C:\Users\win-10\Desktop\Thesis Project\Programming Workspace\.venv\Lib\site-packages\sklearn\utils\validation.py:2827: UserWarning: X does not have valid feature names, but LGBMRegressor was fitted with feature names
  warnings.warn(
C:\Users\win-10\Desktop\Thesis Project\Programming Workspace\.venv\Lib\site-packages\sklearn\utils\validation.py:2827: UserWarning: X does not have valid feature names, but LGBMRegressor was fitted with feature names
  warnings.warn(
C:\Users\win-10\Desktop\Thesis Project\Programming Workspace\.venv\Lib\site-packages\sklearn\utils\validation.py:2827: UserWarning: X does not have valid feature names, but LGBMRegressor was fitted with feature names
  warnings.warn(
C:\Users\win-10\Desktop\Thesis Project\Programming Workspace\.venv\Lib\site-packages\sklearn\utils\validation.py:2827: UserWarning: X does not have valid feature names, but LGBMRegressor was fitted with feature names
  warnings.warn(
C:\Users\win-10\Desktop\Thesis Project\Programming Workspace\.venv\Lib\site-packages\sklearn\utils\validation.py:2827: UserWarning: X does not have valid feature names, but LGBMRegressor was fitted with feature names
  warnings.warn(
C:\Users\win-10\Desktop\Thesis Project\Programming Workspace\.venv\Lib\site-packages\sklearn\utils\validation.py:2827: UserWarning: X does not have valid feature names, but LGBMRegressor was fitted with feature names
  warnings.warn(
C:\Users\win-10\Desktop\Thesis Project\Programming Workspace\.venv\Lib\site-packages\sklearn\utils\validation.py:2827: UserWarning: X does not have valid feature names, but LGBMRegressor was fitted with feature names
  warnings.warn(
C:\Users\win-10\Desktop\Thesis Project\Programming Workspace\.venv\Lib\site-packages\sklearn\utils\validation.py:2827: UserWarning: X does not have valid feature names, but LGBMRegressor was fitted with feature names
  warnings.warn(
C:\Users\win-10\Desktop\Thesis Project\Programming Workspace\.venv\Lib\site-packages\sklearn\utils\validation.py:2827: UserWarning: X does not have valid feature names, but LGBMRegressor was fitted with feature names
  warnings.warn(
C:\Users\win-10\Desktop\Thesis Project\Programming Workspace\.venv\Lib\site-packages\sklearn\utils\validation.py:2827: UserWarning: X does not have valid feature names, but LGBMRegressor was fitted with feature names
  warnings.warn(
C:\Users\win-10\Desktop\Thesis Project\Programming Workspace\.venv\Lib\site-packages\sklearn\utils\validation.py:2827: UserWarning: X does not have valid feature names, but LGBMRegressor was fitted with feature names
  warnings.warn(
C:\Users\win-10\Desktop\Thesis Project\Programming Workspace\.venv\Lib\site-packages\sklearn\utils\validation.py:2827: UserWarning: X does not have valid feature names, but LGBMRegressor was fitted with feature names
  warnings.warn(
C:\Users\win-10\Desktop\Thesis Project\Programming Workspace\.venv\Lib\site-packages\sklearn\utils\validation.py:2827: UserWarning: X does not have valid feature names, but LGBMRegressor was fitted with feature names
  warnings.warn(
C:\Users\win-10\Desktop\Thesis Project\Programming Workspace\.venv\Lib\site-packages\sklearn\utils\validation.py:2827: UserWarning: X does not have valid feature names, but LGBMRegressor was fitted with feature names
  warnings.warn(
C:\Users\win-10\Desktop\Thesis Project\Programming Workspace\.venv\Lib\site-packages\sklearn\utils\validation.py:2827: UserWarning: X does not have valid feature names, but LGBMRegressor was fitted with feature names
  warnings.warn(
C:\Users\win-10\Desktop\Thesis Project\Programming Workspace\.venv\Lib\site-packages\sklearn\utils\validation.py:2827: UserWarning: X does not have valid feature names, but LGBMRegressor was fitted with feature names
  warnings.warn(
C:\Users\win-10\Desktop\Thesis Project\Programming Workspace\.venv\Lib\site-packages\sklearn\utils\validation.py:2827: UserWarning: X does not have valid feature names, but LGBMRegressor was fitted with feature names
  warnings.warn(
C:\Users\win-10\Desktop\Thesis Project\Programming Workspace\.venv\Lib\site-packages\sklearn\utils\validation.py:2827: UserWarning: X does not have valid feature names, but LGBMRegressor was fitted with feature names
  warnings.warn(
[DailyLightGBM] 200/728 origins (2.1s/origin, ~19 min left)
C:\Users\win-10\Desktop\Thesis Project\Programming Workspace\.venv\Lib\site-packages\sklearn\utils\validation.py:2827: UserWarning: X does not have valid feature names, but LGBMRegressor was fitted with feature names
  warnings.warn(
C:\Users\win-10\Desktop\Thesis Project\Programming Workspace\.venv\Lib\site-packages\sklearn\utils\validation.py:2827: UserWarning: X does not have valid feature names, but LGBMRegressor was fitted with feature names
  warnings.warn(
C:\Users\win-10\Desktop\Thesis Project\Programming Workspace\.venv\Lib\site-packages\sklearn\utils\validation.py:2827: UserWarning: X does not have valid feature names, but LGBMRegressor was fitted with feature names
  warnings.warn(
C:\Users\win-10\Desktop\Thesis Project\Programming Workspace\.venv\Lib\site-packages\sklearn\utils\validation.py:2827: UserWarning: X does not have valid feature names, but LGBMRegressor was fitted with feature names
  warnings.warn(
C:\Users\win-10\Desktop\Thesis Project\Programming Workspace\.venv\Lib\site-packages\sklearn\utils\validation.py:2827: UserWarning: X does not have valid feature names, but LGBMRegressor was fitted with feature names
  warnings.warn(
C:\Users\win-10\Desktop\Thesis Project\Programming Workspace\.venv\Lib\site-packages\sklearn\utils\validation.py:2827: UserWarning: X does not have valid feature names, but LGBMRegressor was fitted with feature names
  warnings.warn(
C:\Users\win-10\Desktop\Thesis Project\Programming Workspace\.venv\Lib\site-packages\sklearn\utils\validation.py:2827: UserWarning: X does not have valid feature names, but LGBMRegressor was fitted with feature names
  warnings.warn(
C:\Users\win-10\Desktop\Thesis Project\Programming Workspace\.venv\Lib\site-packages\sklearn\utils\validation.py:2827: UserWarning: X does not have valid feature names, but LGBMRegressor was fitted with feature names
  warnings.warn(
C:\Users\win-10\Desktop\Thesis Project\Programming Workspace\.venv\Lib\site-packages\sklearn\utils\validation.py:2827: UserWarning: X does not have valid feature names, but LGBMRegressor was fitted with feature names
  warnings.warn(
C:\Users\win-10\Desktop\Thesis Project\Programming Workspace\.venv\Lib\site-packages\sklearn\utils\validation.py:2827: UserWarning: X does not have valid feature names, but LGBMRegressor was fitted with feature names
  warnings.warn(
C:\Users\win-10\Desktop\Thesis Project\Programming Workspace\.venv\Lib\site-packages\sklearn\utils\validation.py:2827: UserWarning: X does not have valid feature names, but LGBMRegressor was fitted with feature names
  warnings.warn(
C:\Users\win-10\Desktop\Thesis Project\Programming Workspace\.venv\Lib\site-packages\sklearn\utils\validation.py:2827: UserWarning: X does not have valid feature names, but LGBMRegressor was fitted with feature names
  warnings.warn(
C:\Users\win-10\Desktop\Thesis Project\Programming Workspace\.venv\Lib\site-packages\sklearn\utils\validation.py:2827: UserWarning: X does not have valid feature names, but LGBMRegressor was fitted with feature names
  warnings.warn(
C:\Users\win-10\Desktop\Thesis Project\Programming Workspace\.venv\Lib\site-packages\sklearn\utils\validation.py:2827: UserWarning: X does not have valid feature names, but LGBMRegressor was fitted with feature names
  warnings.warn(
C:\Users\win-10\Desktop\Thesis Project\Programming Workspace\.venv\Lib\site-packages\sklearn\utils\validation.py:2827: UserWarning: X does not have valid feature names, but LGBMRegressor was fitted with feature names
  warnings.warn(
C:\Users\win-10\Desktop\Thesis Project\Programming Workspace\.venv\Lib\site-packages\sklearn\utils\validation.py:2827: UserWarning: X does not have valid feature names, but LGBMRegressor was fitted with feature names
  warnings.warn(
C:\Users\win-10\Desktop\Thesis Project\Programming Workspace\.venv\Lib\site-packages\sklearn\utils\validation.py:2827: UserWarning: X does not have valid feature names, but LGBMRegressor was fitted with feature names
  warnings.warn(
C:\Users\win-10\Desktop\Thesis Project\Programming Workspace\.venv\Lib\site-packages\sklearn\utils\validation.py:2827: UserWarning: X does not have valid feature names, but LGBMRegressor was fitted with feature names
  warnings.warn(
C:\Users\win-10\Desktop\Thesis Project\Programming Workspace\.venv\Lib\site-packages\sklearn\utils\validation.py:2827: UserWarning: X does not have valid feature names, but LGBMRegressor was fitted with feature names
  warnings.warn(
C:\Users\win-10\Desktop\Thesis Project\Programming Workspace\.venv\Lib\site-packages\sklearn\utils\validation.py:2827: UserWarning: X does not have valid feature names, but LGBMRegressor was fitted with feature names
  warnings.warn(
C:\Users\win-10\Desktop\Thesis Project\Programming Workspace\.venv\Lib\site-packages\sklearn\utils\validation.py:2827: UserWarning: X does not have valid feature names, but LGBMRegressor was fitted with feature names
  warnings.warn(
C:\Users\win-10\Desktop\Thesis Project\Programming Workspace\.venv\Lib\site-packages\sklearn\utils\validation.py:2827: UserWarning: X does not have valid feature names, but LGBMRegressor was fitted with feature names
  warnings.warn(
C:\Users\win-10\Desktop\Thesis Project\Programming Workspace\.venv\Lib\site-packages\sklearn\utils\validation.py:2827: UserWarning: X does not have valid feature names, but LGBMRegressor was fitted with feature names
  warnings.warn(
C:\Users\win-10\Desktop\Thesis Project\Programming Workspace\.venv\Lib\site-packages\sklearn\utils\validation.py:2827: UserWarning: X does not have valid feature names, but LGBMRegressor was fitted with feature names
  warnings.warn(
C:\Users\win-10\Desktop\Thesis Project\Programming Workspace\.venv\Lib\site-packages\sklearn\utils\validation.py:2827: UserWarning: X does not have valid feature names, but LGBMRegressor was fitted with feature names
  warnings.warn(
[DailyLightGBM] 225/728 origins (2.2s/origin, ~18 min left)
C:\Users\win-10\Desktop\Thesis Project\Programming Workspace\.venv\Lib\site-packages\sklearn\utils\validation.py:2827: UserWarning: X does not have valid feature names, but LGBMRegressor was fitted with feature names
  warnings.warn(
C:\Users\win-10\Desktop\Thesis Project\Programming Workspace\.venv\Lib\site-packages\sklearn\utils\validation.py:2827: UserWarning: X does not have valid feature names, but LGBMRegressor was fitted with feature names
  warnings.warn(
C:\Users\win-10\Desktop\Thesis Project\Programming Workspace\.venv\Lib\site-packages\sklearn\utils\validation.py:2827: UserWarning: X does not have valid feature names, but LGBMRegressor was fitted with feature names
  warnings.warn(
C:\Users\win-10\Desktop\Thesis Project\Programming Workspace\.venv\Lib\site-packages\sklearn\utils\validation.py:2827: UserWarning: X does not have valid feature names, but LGBMRegressor was fitted with feature names
  warnings.warn(
C:\Users\win-10\Desktop\Thesis Project\Programming Workspace\.venv\Lib\site-packages\sklearn\utils\validation.py:2827: UserWarning: X does not have valid feature names, but LGBMRegressor was fitted with feature names
  warnings.warn(
C:\Users\win-10\Desktop\Thesis Project\Programming Workspace\.venv\Lib\site-packages\sklearn\utils\validation.py:2827: UserWarning: X does not have valid feature names, but LGBMRegressor was fitted with feature names
  warnings.warn(
C:\Users\win-10\Desktop\Thesis Project\Programming Workspace\.venv\Lib\site-packages\sklearn\utils\validation.py:2827: UserWarning: X does not have valid feature names, but LGBMRegressor was fitted with feature names
  warnings.warn(
C:\Users\win-10\Desktop\Thesis Project\Programming Workspace\.venv\Lib\site-packages\sklearn\utils\validation.py:2827: UserWarning: X does not have valid feature names, but LGBMRegressor was fitted with feature names
  warnings.warn(
C:\Users\win-10\Desktop\Thesis Project\Programming Workspace\.venv\Lib\site-packages\sklearn\utils\validation.py:2827: UserWarning: X does not have valid feature names, but LGBMRegressor was fitted with feature names
  warnings.warn(
C:\Users\win-10\Desktop\Thesis Project\Programming Workspace\.venv\Lib\site-packages\sklearn\utils\validation.py:2827: UserWarning: X does not have valid feature names, but LGBMRegressor was fitted with feature names
  warnings.warn(
C:\Users\win-10\Desktop\Thesis Project\Programming Workspace\.venv\Lib\site-packages\sklearn\utils\validation.py:2827: UserWarning: X does not have valid feature names, but LGBMRegressor was fitted with feature names
  warnings.warn(
C:\Users\win-10\Desktop\Thesis Project\Programming Workspace\.venv\Lib\site-packages\sklearn\utils\validation.py:2827: UserWarning: X does not have valid feature names, but LGBMRegressor was fitted with feature names
  warnings.warn(
C:\Users\win-10\Desktop\Thesis Project\Programming Workspace\.venv\Lib\site-packages\sklearn\utils\validation.py:2827: UserWarning: X does not have valid feature names, but LGBMRegressor was fitted with feature names
  warnings.warn(
C:\Users\win-10\Desktop\Thesis Project\Programming Workspace\.venv\Lib\site-packages\sklearn\utils\validation.py:2827: UserWarning: X does not have valid feature names, but LGBMRegressor was fitted with feature names
  warnings.warn(
C:\Users\win-10\Desktop\Thesis Project\Programming Workspace\.venv\Lib\site-packages\sklearn\utils\validation.py:2827: UserWarning: X does not have valid feature names, but LGBMRegressor was fitted with feature names
  warnings.warn(
C:\Users\win-10\Desktop\Thesis Project\Programming Workspace\.venv\Lib\site-packages\sklearn\utils\validation.py:2827: UserWarning: X does not have valid feature names, but LGBMRegressor was fitted with feature names
  warnings.warn(
C:\Users\win-10\Desktop\Thesis Project\Programming Workspace\.venv\Lib\site-packages\sklearn\utils\validation.py:2827: UserWarning: X does not have valid feature names, but LGBMRegressor was fitted with feature names
  warnings.warn(
C:\Users\win-10\Desktop\Thesis Project\Programming Workspace\.venv\Lib\site-packages\sklearn\utils\validation.py:2827: UserWarning: X does not have valid feature names, but LGBMRegressor was fitted with feature names
  warnings.warn(
C:\Users\win-10\Desktop\Thesis Project\Programming Workspace\.venv\Lib\site-packages\sklearn\utils\validation.py:2827: UserWarning: X does not have valid feature names, but LGBMRegressor was fitted with feature names
  warnings.warn(
C:\Users\win-10\Desktop\Thesis Project\Programming Workspace\.venv\Lib\site-packages\sklearn\utils\validation.py:2827: UserWarning: X does not have valid feature names, but LGBMRegressor was fitted with feature names
  warnings.warn(
C:\Users\win-10\Desktop\Thesis Project\Programming Workspace\.venv\Lib\site-packages\sklearn\utils\validation.py:2827: UserWarning: X does not have valid feature names, but LGBMRegressor was fitted with feature names
  warnings.warn(
C:\Users\win-10\Desktop\Thesis Project\Programming Workspace\.venv\Lib\site-packages\sklearn\utils\validation.py:2827: UserWarning: X does not have valid feature names, but LGBMRegressor was fitted with feature names
  warnings.warn(
C:\Users\win-10\Desktop\Thesis Project\Programming Workspace\.venv\Lib\site-packages\sklearn\utils\validation.py:2827: UserWarning: X does not have valid feature names, but LGBMRegressor was fitted with feature names
  warnings.warn(
C:\Users\win-10\Desktop\Thesis Project\Programming Workspace\.venv\Lib\site-packages\sklearn\utils\validation.py:2827: UserWarning: X does not have valid feature names, but LGBMRegressor was fitted with feature names
  warnings.warn(
C:\Users\win-10\Desktop\Thesis Project\Programming Workspace\.venv\Lib\site-packages\sklearn\utils\validation.py:2827: UserWarning: X does not have valid feature names, but LGBMRegressor was fitted with feature names
  warnings.warn(
[DailyLightGBM] 250/728 origins (2.2s/origin, ~17 min left)
C:\Users\win-10\Desktop\Thesis Project\Programming Workspace\.venv\Lib\site-packages\sklearn\utils\validation.py:2827: UserWarning: X does not have valid feature names, but LGBMRegressor was fitted with feature names
  warnings.warn(
C:\Users\win-10\Desktop\Thesis Project\Programming Workspace\.venv\Lib\site-packages\sklearn\utils\validation.py:2827: UserWarning: X does not have valid feature names, but LGBMRegressor was fitted with feature names
  warnings.warn(
C:\Users\win-10\Desktop\Thesis Project\Programming Workspace\.venv\Lib\site-packages\sklearn\utils\validation.py:2827: UserWarning: X does not have valid feature names, but LGBMRegressor was fitted with feature names
  warnings.warn(
C:\Users\win-10\Desktop\Thesis Project\Programming Workspace\.venv\Lib\site-packages\sklearn\utils\validation.py:2827: UserWarning: X does not have valid feature names, but LGBMRegressor was fitted with feature names
  warnings.warn(
C:\Users\win-10\Desktop\Thesis Project\Programming Workspace\.venv\Lib\site-packages\sklearn\utils\validation.py:2827: UserWarning: X does not have valid feature names, but LGBMRegressor was fitted with feature names
  warnings.warn(
C:\Users\win-10\Desktop\Thesis Project\Programming Workspace\.venv\Lib\site-packages\sklearn\utils\validation.py:2827: UserWarning: X does not have valid feature names, but LGBMRegressor was fitted with feature names
  warnings.warn(
C:\Users\win-10\Desktop\Thesis Project\Programming Workspace\.venv\Lib\site-packages\sklearn\utils\validation.py:2827: UserWarning: X does not have valid feature names, but LGBMRegressor was fitted with feature names
  warnings.warn(
C:\Users\win-10\Desktop\Thesis Project\Programming Workspace\.venv\Lib\site-packages\sklearn\utils\validation.py:2827: UserWarning: X does not have valid feature names, but LGBMRegressor was fitted with feature names
  warnings.warn(
C:\Users\win-10\Desktop\Thesis Project\Programming Workspace\.venv\Lib\site-packages\sklearn\utils\validation.py:2827: UserWarning: X does not have valid feature names, but LGBMRegressor was fitted with feature names
  warnings.warn(
C:\Users\win-10\Desktop\Thesis Project\Programming Workspace\.venv\Lib\site-packages\sklearn\utils\validation.py:2827: UserWarning: X does not have valid feature names, but LGBMRegressor was fitted with feature names
  warnings.warn(
C:\Users\win-10\Desktop\Thesis Project\Programming Workspace\.venv\Lib\site-packages\sklearn\utils\validation.py:2827: UserWarning: X does not have valid feature names, but LGBMRegressor was fitted with feature names
  warnings.warn(
C:\Users\win-10\Desktop\Thesis Project\Programming Workspace\.venv\Lib\site-packages\sklearn\utils\validation.py:2827: UserWarning: X does not have valid feature names, but LGBMRegressor was fitted with feature names
  warnings.warn(
C:\Users\win-10\Desktop\Thesis Project\Programming Workspace\.venv\Lib\site-packages\sklearn\utils\validation.py:2827: UserWarning: X does not have valid feature names, but LGBMRegressor was fitted with feature names
  warnings.warn(
C:\Users\win-10\Desktop\Thesis Project\Programming Workspace\.venv\Lib\site-packages\sklearn\utils\validation.py:2827: UserWarning: X does not have valid feature names, but LGBMRegressor was fitted with feature names
  warnings.warn(
C:\Users\win-10\Desktop\Thesis Project\Programming Workspace\.venv\Lib\site-packages\sklearn\utils\validation.py:2827: UserWarning: X does not have valid feature names, but LGBMRegressor was fitted with feature names
  warnings.warn(
C:\Users\win-10\Desktop\Thesis Project\Programming Workspace\.venv\Lib\site-packages\sklearn\utils\validation.py:2827: UserWarning: X does not have valid feature names, but LGBMRegressor was fitted with feature names
  warnings.warn(
C:\Users\win-10\Desktop\Thesis Project\Programming Workspace\.venv\Lib\site-packages\sklearn\utils\validation.py:2827: UserWarning: X does not have valid feature names, but LGBMRegressor was fitted with feature names
  warnings.warn(
C:\Users\win-10\Desktop\Thesis Project\Programming Workspace\.venv\Lib\site-packages\sklearn\utils\validation.py:2827: UserWarning: X does not have valid feature names, but LGBMRegressor was fitted with feature names
  warnings.warn(
C:\Users\win-10\Desktop\Thesis Project\Programming Workspace\.venv\Lib\site-packages\sklearn\utils\validation.py:2827: UserWarning: X does not have valid feature names, but LGBMRegressor was fitted with feature names
  warnings.warn(
C:\Users\win-10\Desktop\Thesis Project\Programming Workspace\.venv\Lib\site-packages\sklearn\utils\validation.py:2827: UserWarning: X does not have valid feature names, but LGBMRegressor was fitted with feature names
  warnings.warn(
C:\Users\win-10\Desktop\Thesis Project\Programming Workspace\.venv\Lib\site-packages\sklearn\utils\validation.py:2827: UserWarning: X does not have valid feature names, but LGBMRegressor was fitted with feature names
  warnings.warn(
C:\Users\win-10\Desktop\Thesis Project\Programming Workspace\.venv\Lib\site-packages\sklearn\utils\validation.py:2827: UserWarning: X does not have valid feature names, but LGBMRegressor was fitted with feature names
  warnings.warn(
C:\Users\win-10\Desktop\Thesis Project\Programming Workspace\.venv\Lib\site-packages\sklearn\utils\validation.py:2827: UserWarning: X does not have valid feature names, but LGBMRegressor was fitted with feature names
  warnings.warn(
C:\Users\win-10\Desktop\Thesis Project\Programming Workspace\.venv\Lib\site-packages\sklearn\utils\validation.py:2827: UserWarning: X does not have valid feature names, but LGBMRegressor was fitted with feature names
  warnings.warn(
C:\Users\win-10\Desktop\Thesis Project\Programming Workspace\.venv\Lib\site-packages\sklearn\utils\validation.py:2827: UserWarning: X does not have valid feature names, but LGBMRegressor was fitted with feature names
  warnings.warn(
[DailyLightGBM] 275/728 origins (2.2s/origin, ~17 min left)
C:\Users\win-10\Desktop\Thesis Project\Programming Workspace\.venv\Lib\site-packages\sklearn\utils\validation.py:2827: UserWarning: X does not have valid feature names, but LGBMRegressor was fitted with feature names
  warnings.warn(
C:\Users\win-10\Desktop\Thesis Project\Programming Workspace\.venv\Lib\site-packages\sklearn\utils\validation.py:2827: UserWarning: X does not have valid feature names, but LGBMRegressor was fitted with feature names
  warnings.warn(
C:\Users\win-10\Desktop\Thesis Project\Programming Workspace\.venv\Lib\site-packages\sklearn\utils\validation.py:2827: UserWarning: X does not have valid feature names, but LGBMRegressor was fitted with feature names
  warnings.warn(
C:\Users\win-10\Desktop\Thesis Project\Programming Workspace\.venv\Lib\site-packages\sklearn\utils\validation.py:2827: UserWarning: X does not have valid feature names, but LGBMRegressor was fitted with feature names
  warnings.warn(
C:\Users\win-10\Desktop\Thesis Project\Programming Workspace\.venv\Lib\site-packages\sklearn\utils\validation.py:2827: UserWarning: X does not have valid feature names, but LGBMRegressor was fitted with feature names
  warnings.warn(
C:\Users\win-10\Desktop\Thesis Project\Programming Workspace\.venv\Lib\site-packages\sklearn\utils\validation.py:2827: UserWarning: X does not have valid feature names, but LGBMRegressor was fitted with feature names
  warnings.warn(
C:\Users\win-10\Desktop\Thesis Project\Programming Workspace\.venv\Lib\site-packages\sklearn\utils\validation.py:2827: UserWarning: X does not have valid feature names, but LGBMRegressor was fitted with feature names
  warnings.warn(
C:\Users\win-10\Desktop\Thesis Project\Programming Workspace\.venv\Lib\site-packages\sklearn\utils\validation.py:2827: UserWarning: X does not have valid feature names, but LGBMRegressor was fitted with feature names
  warnings.warn(
C:\Users\win-10\Desktop\Thesis Project\Programming Workspace\.venv\Lib\site-packages\sklearn\utils\validation.py:2827: UserWarning: X does not have valid feature names, but LGBMRegressor was fitted with feature names
  warnings.warn(
C:\Users\win-10\Desktop\Thesis Project\Programming Workspace\.venv\Lib\site-packages\sklearn\utils\validation.py:2827: UserWarning: X does not have valid feature names, but LGBMRegressor was fitted with feature names
  warnings.warn(
C:\Users\win-10\Desktop\Thesis Project\Programming Workspace\.venv\Lib\site-packages\sklearn\utils\validation.py:2827: UserWarning: X does not have valid feature names, but LGBMRegressor was fitted with feature names
  warnings.warn(
C:\Users\win-10\Desktop\Thesis Project\Programming Workspace\.venv\Lib\site-packages\sklearn\utils\validation.py:2827: UserWarning: X does not have valid feature names, but LGBMRegressor was fitted with feature names
  warnings.warn(
C:\Users\win-10\Desktop\Thesis Project\Programming Workspace\.venv\Lib\site-packages\sklearn\utils\validation.py:2827: UserWarning: X does not have valid feature names, but LGBMRegressor was fitted with feature names
  warnings.warn(
C:\Users\win-10\Desktop\Thesis Project\Programming Workspace\.venv\Lib\site-packages\sklearn\utils\validation.py:2827: UserWarning: X does not have valid feature names, but LGBMRegressor was fitted with feature names
  warnings.warn(
C:\Users\win-10\Desktop\Thesis Project\Programming Workspace\.venv\Lib\site-packages\sklearn\utils\validation.py:2827: UserWarning: X does not have valid feature names, but LGBMRegressor was fitted with feature names
  warnings.warn(
C:\Users\win-10\Desktop\Thesis Project\Programming Workspace\.venv\Lib\site-packages\sklearn\utils\validation.py:2827: UserWarning: X does not have valid feature names, but LGBMRegressor was fitted with feature names
  warnings.warn(
C:\Users\win-10\Desktop\Thesis Project\Programming Workspace\.venv\Lib\site-packages\sklearn\utils\validation.py:2827: UserWarning: X does not have valid feature names, but LGBMRegressor was fitted with feature names
  warnings.warn(
C:\Users\win-10\Desktop\Thesis Project\Programming Workspace\.venv\Lib\site-packages\sklearn\utils\validation.py:2827: UserWarning: X does not have valid feature names, but LGBMRegressor was fitted with feature names
  warnings.warn(
C:\Users\win-10\Desktop\Thesis Project\Programming Workspace\.venv\Lib\site-packages\sklearn\utils\validation.py:2827: UserWarning: X does not have valid feature names, but LGBMRegressor was fitted with feature names
  warnings.warn(
C:\Users\win-10\Desktop\Thesis Project\Programming Workspace\.venv\Lib\site-packages\sklearn\utils\validation.py:2827: UserWarning: X does not have valid feature names, but LGBMRegressor was fitted with feature names
  warnings.warn(
C:\Users\win-10\Desktop\Thesis Project\Programming Workspace\.venv\Lib\site-packages\sklearn\utils\validation.py:2827: UserWarning: X does not have valid feature names, but LGBMRegressor was fitted with feature names
  warnings.warn(
C:\Users\win-10\Desktop\Thesis Project\Programming Workspace\.venv\Lib\site-packages\sklearn\utils\validation.py:2827: UserWarning: X does not have valid feature names, but LGBMRegressor was fitted with feature names
  warnings.warn(
C:\Users\win-10\Desktop\Thesis Project\Programming Workspace\.venv\Lib\site-packages\sklearn\utils\validation.py:2827: UserWarning: X does not have valid feature names, but LGBMRegressor was fitted with feature names
  warnings.warn(
C:\Users\win-10\Desktop\Thesis Project\Programming Workspace\.venv\Lib\site-packages\sklearn\utils\validation.py:2827: UserWarning: X does not have valid feature names, but LGBMRegressor was fitted with feature names
  warnings.warn(
C:\Users\win-10\Desktop\Thesis Project\Programming Workspace\.venv\Lib\site-packages\sklearn\utils\validation.py:2827: UserWarning: X does not have valid feature names, but LGBMRegressor was fitted with feature names
  warnings.warn(
[DailyLightGBM] 300/728 origins (2.2s/origin, ~16 min left)
C:\Users\win-10\Desktop\Thesis Project\Programming Workspace\.venv\Lib\site-packages\sklearn\utils\validation.py:2827: UserWarning: X does not have valid feature names, but LGBMRegressor was fitted with feature names
  warnings.warn(
C:\Users\win-10\Desktop\Thesis Project\Programming Workspace\.venv\Lib\site-packages\sklearn\utils\validation.py:2827: UserWarning: X does not have valid feature names, but LGBMRegressor was fitted with feature names
  warnings.warn(
C:\Users\win-10\Desktop\Thesis Project\Programming Workspace\.venv\Lib\site-packages\sklearn\utils\validation.py:2827: UserWarning: X does not have valid feature names, but LGBMRegressor was fitted with feature names
  warnings.warn(
C:\Users\win-10\Desktop\Thesis Project\Programming Workspace\.venv\Lib\site-packages\sklearn\utils\validation.py:2827: UserWarning: X does not have valid feature names, but LGBMRegressor was fitted with feature names
  warnings.warn(
C:\Users\win-10\Desktop\Thesis Project\Programming Workspace\.venv\Lib\site-packages\sklearn\utils\validation.py:2827: UserWarning: X does not have valid feature names, but LGBMRegressor was fitted with feature names
  warnings.warn(
C:\Users\win-10\Desktop\Thesis Project\Programming Workspace\.venv\Lib\site-packages\sklearn\utils\validation.py:2827: UserWarning: X does not have valid feature names, but LGBMRegressor was fitted with feature names
  warnings.warn(
C:\Users\win-10\Desktop\Thesis Project\Programming Workspace\.venv\Lib\site-packages\sklearn\utils\validation.py:2827: UserWarning: X does not have valid feature names, but LGBMRegressor was fitted with feature names
  warnings.warn(
C:\Users\win-10\Desktop\Thesis Project\Programming Workspace\.venv\Lib\site-packages\sklearn\utils\validation.py:2827: UserWarning: X does not have valid feature names, but LGBMRegressor was fitted with feature names
  warnings.warn(
C:\Users\win-10\Desktop\Thesis Project\Programming Workspace\.venv\Lib\site-packages\sklearn\utils\validation.py:2827: UserWarning: X does not have valid feature names, but LGBMRegressor was fitted with feature names
  warnings.warn(
C:\Users\win-10\Desktop\Thesis Project\Programming Workspace\.venv\Lib\site-packages\sklearn\utils\validation.py:2827: UserWarning: X does not have valid feature names, but LGBMRegressor was fitted with feature names
  warnings.warn(
C:\Users\win-10\Desktop\Thesis Project\Programming Workspace\.venv\Lib\site-packages\sklearn\utils\validation.py:2827: UserWarning: X does not have valid feature names, but LGBMRegressor was fitted with feature names
  warnings.warn(
C:\Users\win-10\Desktop\Thesis Project\Programming Workspace\.venv\Lib\site-packages\sklearn\utils\validation.py:2827: UserWarning: X does not have valid feature names, but LGBMRegressor was fitted with feature names
  warnings.warn(
C:\Users\win-10\Desktop\Thesis Project\Programming Workspace\.venv\Lib\site-packages\sklearn\utils\validation.py:2827: UserWarning: X does not have valid feature names, but LGBMRegressor was fitted with feature names
  warnings.warn(
C:\Users\win-10\Desktop\Thesis Project\Programming Workspace\.venv\Lib\site-packages\sklearn\utils\validation.py:2827: UserWarning: X does not have valid feature names, but LGBMRegressor was fitted with feature names
  warnings.warn(
C:\Users\win-10\Desktop\Thesis Project\Programming Workspace\.venv\Lib\site-packages\sklearn\utils\validation.py:2827: UserWarning: X does not have valid feature names, but LGBMRegressor was fitted with feature names
  warnings.warn(
C:\Users\win-10\Desktop\Thesis Project\Programming Workspace\.venv\Lib\site-packages\sklearn\utils\validation.py:2827: UserWarning: X does not have valid feature names, but LGBMRegressor was fitted with feature names
  warnings.warn(
C:\Users\win-10\Desktop\Thesis Project\Programming Workspace\.venv\Lib\site-packages\sklearn\utils\validation.py:2827: UserWarning: X does not have valid feature names, but LGBMRegressor was fitted with feature names
  warnings.warn(
C:\Users\win-10\Desktop\Thesis Project\Programming Workspace\.venv\Lib\site-packages\sklearn\utils\validation.py:2827: UserWarning: X does not have valid feature names, but LGBMRegressor was fitted with feature names
  warnings.warn(
C:\Users\win-10\Desktop\Thesis Project\Programming Workspace\.venv\Lib\site-packages\sklearn\utils\validation.py:2827: UserWarning: X does not have valid feature names, but LGBMRegressor was fitted with feature names
  warnings.warn(
C:\Users\win-10\Desktop\Thesis Project\Programming Workspace\.venv\Lib\site-packages\sklearn\utils\validation.py:2827: UserWarning: X does not have valid feature names, but LGBMRegressor was fitted with feature names
  warnings.warn(
C:\Users\win-10\Desktop\Thesis Project\Programming Workspace\.venv\Lib\site-packages\sklearn\utils\validation.py:2827: UserWarning: X does not have valid feature names, but LGBMRegressor was fitted with feature names
  warnings.warn(
C:\Users\win-10\Desktop\Thesis Project\Programming Workspace\.venv\Lib\site-packages\sklearn\utils\validation.py:2827: UserWarning: X does not have valid feature names, but LGBMRegressor was fitted with feature names
  warnings.warn(
C:\Users\win-10\Desktop\Thesis Project\Programming Workspace\.venv\Lib\site-packages\sklearn\utils\validation.py:2827: UserWarning: X does not have valid feature names, but LGBMRegressor was fitted with feature names
  warnings.warn(
C:\Users\win-10\Desktop\Thesis Project\Programming Workspace\.venv\Lib\site-packages\sklearn\utils\validation.py:2827: UserWarning: X does not have valid feature names, but LGBMRegressor was fitted with feature names
  warnings.warn(
C:\Users\win-10\Desktop\Thesis Project\Programming Workspace\.venv\Lib\site-packages\sklearn\utils\validation.py:2827: UserWarning: X does not have valid feature names, but LGBMRegressor was fitted with feature names
  warnings.warn(
[DailyLightGBM] 325/728 origins (2.2s/origin, ~15 min left)
C:\Users\win-10\Desktop\Thesis Project\Programming Workspace\.venv\Lib\site-packages\sklearn\utils\validation.py:2827: UserWarning: X does not have valid feature names, but LGBMRegressor was fitted with feature names
  warnings.warn(
C:\Users\win-10\Desktop\Thesis Project\Programming Workspace\.venv\Lib\site-packages\sklearn\utils\validation.py:2827: UserWarning: X does not have valid feature names, but LGBMRegressor was fitted with feature names
  warnings.warn(
C:\Users\win-10\Desktop\Thesis Project\Programming Workspace\.venv\Lib\site-packages\sklearn\utils\validation.py:2827: UserWarning: X does not have valid feature names, but LGBMRegressor was fitted with feature names
  warnings.warn(
C:\Users\win-10\Desktop\Thesis Project\Programming Workspace\.venv\Lib\site-packages\sklearn\utils\validation.py:2827: UserWarning: X does not have valid feature names, but LGBMRegressor was fitted with feature names
  warnings.warn(
C:\Users\win-10\Desktop\Thesis Project\Programming Workspace\.venv\Lib\site-packages\sklearn\utils\validation.py:2827: UserWarning: X does not have valid feature names, but LGBMRegressor was fitted with feature names
  warnings.warn(
C:\Users\win-10\Desktop\Thesis Project\Programming Workspace\.venv\Lib\site-packages\sklearn\utils\validation.py:2827: UserWarning: X does not have valid feature names, but LGBMRegressor was fitted with feature names
  warnings.warn(
C:\Users\win-10\Desktop\Thesis Project\Programming Workspace\.venv\Lib\site-packages\sklearn\utils\validation.py:2827: UserWarning: X does not have valid feature names, but LGBMRegressor was fitted with feature names
  warnings.warn(
C:\Users\win-10\Desktop\Thesis Project\Programming Workspace\.venv\Lib\site-packages\sklearn\utils\validation.py:2827: UserWarning: X does not have valid feature names, but LGBMRegressor was fitted with feature names
  warnings.warn(
C:\Users\win-10\Desktop\Thesis Project\Programming Workspace\.venv\Lib\site-packages\sklearn\utils\validation.py:2827: UserWarning: X does not have valid feature names, but LGBMRegressor was fitted with feature names
  warnings.warn(
C:\Users\win-10\Desktop\Thesis Project\Programming Workspace\.venv\Lib\site-packages\sklearn\utils\validation.py:2827: UserWarning: X does not have valid feature names, but LGBMRegressor was fitted with feature names
  warnings.warn(
C:\Users\win-10\Desktop\Thesis Project\Programming Workspace\.venv\Lib\site-packages\sklearn\utils\validation.py:2827: UserWarning: X does not have valid feature names, but LGBMRegressor was fitted with feature names
  warnings.warn(
C:\Users\win-10\Desktop\Thesis Project\Programming Workspace\.venv\Lib\site-packages\sklearn\utils\validation.py:2827: UserWarning: X does not have valid feature names, but LGBMRegressor was fitted with feature names
  warnings.warn(
C:\Users\win-10\Desktop\Thesis Project\Programming Workspace\.venv\Lib\site-packages\sklearn\utils\validation.py:2827: UserWarning: X does not have valid feature names, but LGBMRegressor was fitted with feature names
  warnings.warn(
C:\Users\win-10\Desktop\Thesis Project\Programming Workspace\.venv\Lib\site-packages\sklearn\utils\validation.py:2827: UserWarning: X does not have valid feature names, but LGBMRegressor was fitted with feature names
  warnings.warn(
C:\Users\win-10\Desktop\Thesis Project\Programming Workspace\.venv\Lib\site-packages\sklearn\utils\validation.py:2827: UserWarning: X does not have valid feature names, but LGBMRegressor was fitted with feature names
  warnings.warn(
C:\Users\win-10\Desktop\Thesis Project\Programming Workspace\.venv\Lib\site-packages\sklearn\utils\validation.py:2827: UserWarning: X does not have valid feature names, but LGBMRegressor was fitted with feature names
  warnings.warn(
C:\Users\win-10\Desktop\Thesis Project\Programming Workspace\.venv\Lib\site-packages\sklearn\utils\validation.py:2827: UserWarning: X does not have valid feature names, but LGBMRegressor was fitted with feature names
  warnings.warn(
C:\Users\win-10\Desktop\Thesis Project\Programming Workspace\.venv\Lib\site-packages\sklearn\utils\validation.py:2827: UserWarning: X does not have valid feature names, but LGBMRegressor was fitted with feature names
  warnings.warn(
C:\Users\win-10\Desktop\Thesis Project\Programming Workspace\.venv\Lib\site-packages\sklearn\utils\validation.py:2827: UserWarning: X does not have valid feature names, but LGBMRegressor was fitted with feature names
  warnings.warn(
C:\Users\win-10\Desktop\Thesis Project\Programming Workspace\.venv\Lib\site-packages\sklearn\utils\validation.py:2827: UserWarning: X does not have valid feature names, but LGBMRegressor was fitted with feature names
  warnings.warn(
C:\Users\win-10\Desktop\Thesis Project\Programming Workspace\.venv\Lib\site-packages\sklearn\utils\validation.py:2827: UserWarning: X does not have valid feature names, but LGBMRegressor was fitted with feature names
  warnings.warn(
C:\Users\win-10\Desktop\Thesis Project\Programming Workspace\.venv\Lib\site-packages\sklearn\utils\validation.py:2827: UserWarning: X does not have valid feature names, but LGBMRegressor was fitted with feature names
  warnings.warn(
C:\Users\win-10\Desktop\Thesis Project\Programming Workspace\.venv\Lib\site-packages\sklearn\utils\validation.py:2827: UserWarning: X does not have valid feature names, but LGBMRegressor was fitted with feature names
  warnings.warn(
C:\Users\win-10\Desktop\Thesis Project\Programming Workspace\.venv\Lib\site-packages\sklearn\utils\validation.py:2827: UserWarning: X does not have valid feature names, but LGBMRegressor was fitted with feature names
  warnings.warn(
C:\Users\win-10\Desktop\Thesis Project\Programming Workspace\.venv\Lib\site-packages\sklearn\utils\validation.py:2827: UserWarning: X does not have valid feature names, but LGBMRegressor was fitted with feature names
  warnings.warn(
[DailyLightGBM] 350/728 origins (2.2s/origin, ~14 min left)
C:\Users\win-10\Desktop\Thesis Project\Programming Workspace\.venv\Lib\site-packages\sklearn\utils\validation.py:2827: UserWarning: X does not have valid feature names, but LGBMRegressor was fitted with feature names
  warnings.warn(
C:\Users\win-10\Desktop\Thesis Project\Programming Workspace\.venv\Lib\site-packages\sklearn\utils\validation.py:2827: UserWarning: X does not have valid feature names, but LGBMRegressor was fitted with feature names
  warnings.warn(
C:\Users\win-10\Desktop\Thesis Project\Programming Workspace\.venv\Lib\site-packages\sklearn\utils\validation.py:2827: UserWarning: X does not have valid feature names, but LGBMRegressor was fitted with feature names
  warnings.warn(
C:\Users\win-10\Desktop\Thesis Project\Programming Workspace\.venv\Lib\site-packages\sklearn\utils\validation.py:2827: UserWarning: X does not have valid feature names, but LGBMRegressor was fitted with feature names
  warnings.warn(
C:\Users\win-10\Desktop\Thesis Project\Programming Workspace\.venv\Lib\site-packages\sklearn\utils\validation.py:2827: UserWarning: X does not have valid feature names, but LGBMRegressor was fitted with feature names
  warnings.warn(
C:\Users\win-10\Desktop\Thesis Project\Programming Workspace\.venv\Lib\site-packages\sklearn\utils\validation.py:2827: UserWarning: X does not have valid feature names, but LGBMRegressor was fitted with feature names
  warnings.warn(
C:\Users\win-10\Desktop\Thesis Project\Programming Workspace\.venv\Lib\site-packages\sklearn\utils\validation.py:2827: UserWarning: X does not have valid feature names, but LGBMRegressor was fitted with feature names
  warnings.warn(
C:\Users\win-10\Desktop\Thesis Project\Programming Workspace\.venv\Lib\site-packages\sklearn\utils\validation.py:2827: UserWarning: X does not have valid feature names, but LGBMRegressor was fitted with feature names
  warnings.warn(
C:\Users\win-10\Desktop\Thesis Project\Programming Workspace\.venv\Lib\site-packages\sklearn\utils\validation.py:2827: UserWarning: X does not have valid feature names, but LGBMRegressor was fitted with feature names
  warnings.warn(
C:\Users\win-10\Desktop\Thesis Project\Programming Workspace\.venv\Lib\site-packages\sklearn\utils\validation.py:2827: UserWarning: X does not have valid feature names, but LGBMRegressor was fitted with feature names
  warnings.warn(
C:\Users\win-10\Desktop\Thesis Project\Programming Workspace\.venv\Lib\site-packages\sklearn\utils\validation.py:2827: UserWarning: X does not have valid feature names, but LGBMRegressor was fitted with feature names
  warnings.warn(
C:\Users\win-10\Desktop\Thesis Project\Programming Workspace\.venv\Lib\site-packages\sklearn\utils\validation.py:2827: UserWarning: X does not have valid feature names, but LGBMRegressor was fitted with feature names
  warnings.warn(
C:\Users\win-10\Desktop\Thesis Project\Programming Workspace\.venv\Lib\site-packages\sklearn\utils\validation.py:2827: UserWarning: X does not have valid feature names, but LGBMRegressor was fitted with feature names
  warnings.warn(
C:\Users\win-10\Desktop\Thesis Project\Programming Workspace\.venv\Lib\site-packages\sklearn\utils\validation.py:2827: UserWarning: X does not have valid feature names, but LGBMRegressor was fitted with feature names
  warnings.warn(
C:\Users\win-10\Desktop\Thesis Project\Programming Workspace\.venv\Lib\site-packages\sklearn\utils\validation.py:2827: UserWarning: X does not have valid feature names, but LGBMRegressor was fitted with feature names
  warnings.warn(
C:\Users\win-10\Desktop\Thesis Project\Programming Workspace\.venv\Lib\site-packages\sklearn\utils\validation.py:2827: UserWarning: X does not have valid feature names, but LGBMRegressor was fitted with feature names
  warnings.warn(
C:\Users\win-10\Desktop\Thesis Project\Programming Workspace\.venv\Lib\site-packages\sklearn\utils\validation.py:2827: UserWarning: X does not have valid feature names, but LGBMRegressor was fitted with feature names
  warnings.warn(
C:\Users\win-10\Desktop\Thesis Project\Programming Workspace\.venv\Lib\site-packages\sklearn\utils\validation.py:2827: UserWarning: X does not have valid feature names, but LGBMRegressor was fitted with feature names
  warnings.warn(
C:\Users\win-10\Desktop\Thesis Project\Programming Workspace\.venv\Lib\site-packages\sklearn\utils\validation.py:2827: UserWarning: X does not have valid feature names, but LGBMRegressor was fitted with feature names
  warnings.warn(
C:\Users\win-10\Desktop\Thesis Project\Programming Workspace\.venv\Lib\site-packages\sklearn\utils\validation.py:2827: UserWarning: X does not have valid feature names, but LGBMRegressor was fitted with feature names
  warnings.warn(
C:\Users\win-10\Desktop\Thesis Project\Programming Workspace\.venv\Lib\site-packages\sklearn\utils\validation.py:2827: UserWarning: X does not have valid feature names, but LGBMRegressor was fitted with feature names
  warnings.warn(
C:\Users\win-10\Desktop\Thesis Project\Programming Workspace\.venv\Lib\site-packages\sklearn\utils\validation.py:2827: UserWarning: X does not have valid feature names, but LGBMRegressor was fitted with feature names
  warnings.warn(
C:\Users\win-10\Desktop\Thesis Project\Programming Workspace\.venv\Lib\site-packages\sklearn\utils\validation.py:2827: UserWarning: X does not have valid feature names, but LGBMRegressor was fitted with feature names
  warnings.warn(
C:\Users\win-10\Desktop\Thesis Project\Programming Workspace\.venv\Lib\site-packages\sklearn\utils\validation.py:2827: UserWarning: X does not have valid feature names, but LGBMRegressor was fitted with feature names
  warnings.warn(
C:\Users\win-10\Desktop\Thesis Project\Programming Workspace\.venv\Lib\site-packages\sklearn\utils\validation.py:2827: UserWarning: X does not have valid feature names, but LGBMRegressor was fitted with feature names
  warnings.warn(
[DailyLightGBM] 375/728 origins (2.2s/origin, ~13 min left)
C:\Users\win-10\Desktop\Thesis Project\Programming Workspace\.venv\Lib\site-packages\sklearn\utils\validation.py:2827: UserWarning: X does not have valid feature names, but LGBMRegressor was fitted with feature names
  warnings.warn(
C:\Users\win-10\Desktop\Thesis Project\Programming Workspace\.venv\Lib\site-packages\sklearn\utils\validation.py:2827: UserWarning: X does not have valid feature names, but LGBMRegressor was fitted with feature names
  warnings.warn(
C:\Users\win-10\Desktop\Thesis Project\Programming Workspace\.venv\Lib\site-packages\sklearn\utils\validation.py:2827: UserWarning: X does not have valid feature names, but LGBMRegressor was fitted with feature names
  warnings.warn(
C:\Users\win-10\Desktop\Thesis Project\Programming Workspace\.venv\Lib\site-packages\sklearn\utils\validation.py:2827: UserWarning: X does not have valid feature names, but LGBMRegressor was fitted with feature names
  warnings.warn(
C:\Users\win-10\Desktop\Thesis Project\Programming Workspace\.venv\Lib\site-packages\sklearn\utils\validation.py:2827: UserWarning: X does not have valid feature names, but LGBMRegressor was fitted with feature names
  warnings.warn(
C:\Users\win-10\Desktop\Thesis Project\Programming Workspace\.venv\Lib\site-packages\sklearn\utils\validation.py:2827: UserWarning: X does not have valid feature names, but LGBMRegressor was fitted with feature names
  warnings.warn(
C:\Users\win-10\Desktop\Thesis Project\Programming Workspace\.venv\Lib\site-packages\sklearn\utils\validation.py:2827: UserWarning: X does not have valid feature names, but LGBMRegressor was fitted with feature names
  warnings.warn(
C:\Users\win-10\Desktop\Thesis Project\Programming Workspace\.venv\Lib\site-packages\sklearn\utils\validation.py:2827: UserWarning: X does not have valid feature names, but LGBMRegressor was fitted with feature names
  warnings.warn(
C:\Users\win-10\Desktop\Thesis Project\Programming Workspace\.venv\Lib\site-packages\sklearn\utils\validation.py:2827: UserWarning: X does not have valid feature names, but LGBMRegressor was fitted with feature names
  warnings.warn(
C:\Users\win-10\Desktop\Thesis Project\Programming Workspace\.venv\Lib\site-packages\sklearn\utils\validation.py:2827: UserWarning: X does not have valid feature names, but LGBMRegressor was fitted with feature names
  warnings.warn(
C:\Users\win-10\Desktop\Thesis Project\Programming Workspace\.venv\Lib\site-packages\sklearn\utils\validation.py:2827: UserWarning: X does not have valid feature names, but LGBMRegressor was fitted with feature names
  warnings.warn(
C:\Users\win-10\Desktop\Thesis Project\Programming Workspace\.venv\Lib\site-packages\sklearn\utils\validation.py:2827: UserWarning: X does not have valid feature names, but LGBMRegressor was fitted with feature names
  warnings.warn(
C:\Users\win-10\Desktop\Thesis Project\Programming Workspace\.venv\Lib\site-packages\sklearn\utils\validation.py:2827: UserWarning: X does not have valid feature names, but LGBMRegressor was fitted with feature names
  warnings.warn(
C:\Users\win-10\Desktop\Thesis Project\Programming Workspace\.venv\Lib\site-packages\sklearn\utils\validation.py:2827: UserWarning: X does not have valid feature names, but LGBMRegressor was fitted with feature names
  warnings.warn(
C:\Users\win-10\Desktop\Thesis Project\Programming Workspace\.venv\Lib\site-packages\sklearn\utils\validation.py:2827: UserWarning: X does not have valid feature names, but LGBMRegressor was fitted with feature names
  warnings.warn(
C:\Users\win-10\Desktop\Thesis Project\Programming Workspace\.venv\Lib\site-packages\sklearn\utils\validation.py:2827: UserWarning: X does not have valid feature names, but LGBMRegressor was fitted with feature names
  warnings.warn(
C:\Users\win-10\Desktop\Thesis Project\Programming Workspace\.venv\Lib\site-packages\sklearn\utils\validation.py:2827: UserWarning: X does not have valid feature names, but LGBMRegressor was fitted with feature names
  warnings.warn(
C:\Users\win-10\Desktop\Thesis Project\Programming Workspace\.venv\Lib\site-packages\sklearn\utils\validation.py:2827: UserWarning: X does not have valid feature names, but LGBMRegressor was fitted with feature names
  warnings.warn(
C:\Users\win-10\Desktop\Thesis Project\Programming Workspace\.venv\Lib\site-packages\sklearn\utils\validation.py:2827: UserWarning: X does not have valid feature names, but LGBMRegressor was fitted with feature names
  warnings.warn(
C:\Users\win-10\Desktop\Thesis Project\Programming Workspace\.venv\Lib\site-packages\sklearn\utils\validation.py:2827: UserWarning: X does not have valid feature names, but LGBMRegressor was fitted with feature names
  warnings.warn(
C:\Users\win-10\Desktop\Thesis Project\Programming Workspace\.venv\Lib\site-packages\sklearn\utils\validation.py:2827: UserWarning: X does not have valid feature names, but LGBMRegressor was fitted with feature names
  warnings.warn(
C:\Users\win-10\Desktop\Thesis Project\Programming Workspace\.venv\Lib\site-packages\sklearn\utils\validation.py:2827: UserWarning: X does not have valid feature names, but LGBMRegressor was fitted with feature names
  warnings.warn(
C:\Users\win-10\Desktop\Thesis Project\Programming Workspace\.venv\Lib\site-packages\sklearn\utils\validation.py:2827: UserWarning: X does not have valid feature names, but LGBMRegressor was fitted with feature names
  warnings.warn(
C:\Users\win-10\Desktop\Thesis Project\Programming Workspace\.venv\Lib\site-packages\sklearn\utils\validation.py:2827: UserWarning: X does not have valid feature names, but LGBMRegressor was fitted with feature names
  warnings.warn(
C:\Users\win-10\Desktop\Thesis Project\Programming Workspace\.venv\Lib\site-packages\sklearn\utils\validation.py:2827: UserWarning: X does not have valid feature names, but LGBMRegressor was fitted with feature names
  warnings.warn(
[DailyLightGBM] 400/728 origins (2.2s/origin, ~12 min left)
C:\Users\win-10\Desktop\Thesis Project\Programming Workspace\.venv\Lib\site-packages\sklearn\utils\validation.py:2827: UserWarning: X does not have valid feature names, but LGBMRegressor was fitted with feature names
  warnings.warn(
C:\Users\win-10\Desktop\Thesis Project\Programming Workspace\.venv\Lib\site-packages\sklearn\utils\validation.py:2827: UserWarning: X does not have valid feature names, but LGBMRegressor was fitted with feature names
  warnings.warn(
C:\Users\win-10\Desktop\Thesis Project\Programming Workspace\.venv\Lib\site-packages\sklearn\utils\validation.py:2827: UserWarning: X does not have valid feature names, but LGBMRegressor was fitted with feature names
  warnings.warn(
C:\Users\win-10\Desktop\Thesis Project\Programming Workspace\.venv\Lib\site-packages\sklearn\utils\validation.py:2827: UserWarning: X does not have valid feature names, but LGBMRegressor was fitted with feature names
  warnings.warn(
C:\Users\win-10\Desktop\Thesis Project\Programming Workspace\.venv\Lib\site-packages\sklearn\utils\validation.py:2827: UserWarning: X does not have valid feature names, but LGBMRegressor was fitted with feature names
  warnings.warn(
C:\Users\win-10\Desktop\Thesis Project\Programming Workspace\.venv\Lib\site-packages\sklearn\utils\validation.py:2827: UserWarning: X does not have valid feature names, but LGBMRegressor was fitted with feature names
  warnings.warn(
C:\Users\win-10\Desktop\Thesis Project\Programming Workspace\.venv\Lib\site-packages\sklearn\utils\validation.py:2827: UserWarning: X does not have valid feature names, but LGBMRegressor was fitted with feature names
  warnings.warn(
C:\Users\win-10\Desktop\Thesis Project\Programming Workspace\.venv\Lib\site-packages\sklearn\utils\validation.py:2827: UserWarning: X does not have valid feature names, but LGBMRegressor was fitted with feature names
  warnings.warn(
C:\Users\win-10\Desktop\Thesis Project\Programming Workspace\.venv\Lib\site-packages\sklearn\utils\validation.py:2827: UserWarning: X does not have valid feature names, but LGBMRegressor was fitted with feature names
  warnings.warn(
C:\Users\win-10\Desktop\Thesis Project\Programming Workspace\.venv\Lib\site-packages\sklearn\utils\validation.py:2827: UserWarning: X does not have valid feature names, but LGBMRegressor was fitted with feature names
  warnings.warn(
C:\Users\win-10\Desktop\Thesis Project\Programming Workspace\.venv\Lib\site-packages\sklearn\utils\validation.py:2827: UserWarning: X does not have valid feature names, but LGBMRegressor was fitted with feature names
  warnings.warn(
C:\Users\win-10\Desktop\Thesis Project\Programming Workspace\.venv\Lib\site-packages\sklearn\utils\validation.py:2827: UserWarning: X does not have valid feature names, but LGBMRegressor was fitted with feature names
  warnings.warn(
C:\Users\win-10\Desktop\Thesis Project\Programming Workspace\.venv\Lib\site-packages\sklearn\utils\validation.py:2827: UserWarning: X does not have valid feature names, but LGBMRegressor was fitted with feature names
  warnings.warn(
C:\Users\win-10\Desktop\Thesis Project\Programming Workspace\.venv\Lib\site-packages\sklearn\utils\validation.py:2827: UserWarning: X does not have valid feature names, but LGBMRegressor was fitted with feature names
  warnings.warn(
C:\Users\win-10\Desktop\Thesis Project\Programming Workspace\.venv\Lib\site-packages\sklearn\utils\validation.py:2827: UserWarning: X does not have valid feature names, but LGBMRegressor was fitted with feature names
  warnings.warn(
C:\Users\win-10\Desktop\Thesis Project\Programming Workspace\.venv\Lib\site-packages\sklearn\utils\validation.py:2827: UserWarning: X does not have valid feature names, but LGBMRegressor was fitted with feature names
  warnings.warn(
C:\Users\win-10\Desktop\Thesis Project\Programming Workspace\.venv\Lib\site-packages\sklearn\utils\validation.py:2827: UserWarning: X does not have valid feature names, but LGBMRegressor was fitted with feature names
  warnings.warn(
C:\Users\win-10\Desktop\Thesis Project\Programming Workspace\.venv\Lib\site-packages\sklearn\utils\validation.py:2827: UserWarning: X does not have valid feature names, but LGBMRegressor was fitted with feature names
  warnings.warn(
C:\Users\win-10\Desktop\Thesis Project\Programming Workspace\.venv\Lib\site-packages\sklearn\utils\validation.py:2827: UserWarning: X does not have valid feature names, but LGBMRegressor was fitted with feature names
  warnings.warn(
C:\Users\win-10\Desktop\Thesis Project\Programming Workspace\.venv\Lib\site-packages\sklearn\utils\validation.py:2827: UserWarning: X does not have valid feature names, but LGBMRegressor was fitted with feature names
  warnings.warn(
C:\Users\win-10\Desktop\Thesis Project\Programming Workspace\.venv\Lib\site-packages\sklearn\utils\validation.py:2827: UserWarning: X does not have valid feature names, but LGBMRegressor was fitted with feature names
  warnings.warn(
C:\Users\win-10\Desktop\Thesis Project\Programming Workspace\.venv\Lib\site-packages\sklearn\utils\validation.py:2827: UserWarning: X does not have valid feature names, but LGBMRegressor was fitted with feature names
  warnings.warn(
C:\Users\win-10\Desktop\Thesis Project\Programming Workspace\.venv\Lib\site-packages\sklearn\utils\validation.py:2827: UserWarning: X does not have valid feature names, but LGBMRegressor was fitted with feature names
  warnings.warn(
C:\Users\win-10\Desktop\Thesis Project\Programming Workspace\.venv\Lib\site-packages\sklearn\utils\validation.py:2827: UserWarning: X does not have valid feature names, but LGBMRegressor was fitted with feature names
  warnings.warn(
C:\Users\win-10\Desktop\Thesis Project\Programming Workspace\.venv\Lib\site-packages\sklearn\utils\validation.py:2827: UserWarning: X does not have valid feature names, but LGBMRegressor was fitted with feature names
  warnings.warn(
[DailyLightGBM] 425/728 origins (2.2s/origin, ~11 min left)
C:\Users\win-10\Desktop\Thesis Project\Programming Workspace\.venv\Lib\site-packages\sklearn\utils\validation.py:2827: UserWarning: X does not have valid feature names, but LGBMRegressor was fitted with feature names
  warnings.warn(
C:\Users\win-10\Desktop\Thesis Project\Programming Workspace\.venv\Lib\site-packages\sklearn\utils\validation.py:2827: UserWarning: X does not have valid feature names, but LGBMRegressor was fitted with feature names
  warnings.warn(
C:\Users\win-10\Desktop\Thesis Project\Programming Workspace\.venv\Lib\site-packages\sklearn\utils\validation.py:2827: UserWarning: X does not have valid feature names, but LGBMRegressor was fitted with feature names
  warnings.warn(
C:\Users\win-10\Desktop\Thesis Project\Programming Workspace\.venv\Lib\site-packages\sklearn\utils\validation.py:2827: UserWarning: X does not have valid feature names, but LGBMRegressor was fitted with feature names
  warnings.warn(
C:\Users\win-10\Desktop\Thesis Project\Programming Workspace\.venv\Lib\site-packages\sklearn\utils\validation.py:2827: UserWarning: X does not have valid feature names, but LGBMRegressor was fitted with feature names
  warnings.warn(
C:\Users\win-10\Desktop\Thesis Project\Programming Workspace\.venv\Lib\site-packages\sklearn\utils\validation.py:2827: UserWarning: X does not have valid feature names, but LGBMRegressor was fitted with feature names
  warnings.warn(
C:\Users\win-10\Desktop\Thesis Project\Programming Workspace\.venv\Lib\site-packages\sklearn\utils\validation.py:2827: UserWarning: X does not have valid feature names, but LGBMRegressor was fitted with feature names
  warnings.warn(
C:\Users\win-10\Desktop\Thesis Project\Programming Workspace\.venv\Lib\site-packages\sklearn\utils\validation.py:2827: UserWarning: X does not have valid feature names, but LGBMRegressor was fitted with feature names
  warnings.warn(
C:\Users\win-10\Desktop\Thesis Project\Programming Workspace\.venv\Lib\site-packages\sklearn\utils\validation.py:2827: UserWarning: X does not have valid feature names, but LGBMRegressor was fitted with feature names
  warnings.warn(
C:\Users\win-10\Desktop\Thesis Project\Programming Workspace\.venv\Lib\site-packages\sklearn\utils\validation.py:2827: UserWarning: X does not have valid feature names, but LGBMRegressor was fitted with feature names
  warnings.warn(
C:\Users\win-10\Desktop\Thesis Project\Programming Workspace\.venv\Lib\site-packages\sklearn\utils\validation.py:2827: UserWarning: X does not have valid feature names, but LGBMRegressor was fitted with feature names
  warnings.warn(
C:\Users\win-10\Desktop\Thesis Project\Programming Workspace\.venv\Lib\site-packages\sklearn\utils\validation.py:2827: UserWarning: X does not have valid feature names, but LGBMRegressor was fitted with feature names
  warnings.warn(
C:\Users\win-10\Desktop\Thesis Project\Programming Workspace\.venv\Lib\site-packages\sklearn\utils\validation.py:2827: UserWarning: X does not have valid feature names, but LGBMRegressor was fitted with feature names
  warnings.warn(
C:\Users\win-10\Desktop\Thesis Project\Programming Workspace\.venv\Lib\site-packages\sklearn\utils\validation.py:2827: UserWarning: X does not have valid feature names, but LGBMRegressor was fitted with feature names
  warnings.warn(
C:\Users\win-10\Desktop\Thesis Project\Programming Workspace\.venv\Lib\site-packages\sklearn\utils\validation.py:2827: UserWarning: X does not have valid feature names, but LGBMRegressor was fitted with feature names
  warnings.warn(
C:\Users\win-10\Desktop\Thesis Project\Programming Workspace\.venv\Lib\site-packages\sklearn\utils\validation.py:2827: UserWarning: X does not have valid feature names, but LGBMRegressor was fitted with feature names
  warnings.warn(
C:\Users\win-10\Desktop\Thesis Project\Programming Workspace\.venv\Lib\site-packages\sklearn\utils\validation.py:2827: UserWarning: X does not have valid feature names, but LGBMRegressor was fitted with feature names
  warnings.warn(
C:\Users\win-10\Desktop\Thesis Project\Programming Workspace\.venv\Lib\site-packages\sklearn\utils\validation.py:2827: UserWarning: X does not have valid feature names, but LGBMRegressor was fitted with feature names
  warnings.warn(
C:\Users\win-10\Desktop\Thesis Project\Programming Workspace\.venv\Lib\site-packages\sklearn\utils\validation.py:2827: UserWarning: X does not have valid feature names, but LGBMRegressor was fitted with feature names
  warnings.warn(
C:\Users\win-10\Desktop\Thesis Project\Programming Workspace\.venv\Lib\site-packages\sklearn\utils\validation.py:2827: UserWarning: X does not have valid feature names, but LGBMRegressor was fitted with feature names
  warnings.warn(
C:\Users\win-10\Desktop\Thesis Project\Programming Workspace\.venv\Lib\site-packages\sklearn\utils\validation.py:2827: UserWarning: X does not have valid feature names, but LGBMRegressor was fitted with feature names
  warnings.warn(
C:\Users\win-10\Desktop\Thesis Project\Programming Workspace\.venv\Lib\site-packages\sklearn\utils\validation.py:2827: UserWarning: X does not have valid feature names, but LGBMRegressor was fitted with feature names
  warnings.warn(
C:\Users\win-10\Desktop\Thesis Project\Programming Workspace\.venv\Lib\site-packages\sklearn\utils\validation.py:2827: UserWarning: X does not have valid feature names, but LGBMRegressor was fitted with feature names
  warnings.warn(
C:\Users\win-10\Desktop\Thesis Project\Programming Workspace\.venv\Lib\site-packages\sklearn\utils\validation.py:2827: UserWarning: X does not have valid feature names, but LGBMRegressor was fitted with feature names
  warnings.warn(
C:\Users\win-10\Desktop\Thesis Project\Programming Workspace\.venv\Lib\site-packages\sklearn\utils\validation.py:2827: UserWarning: X does not have valid feature names, but LGBMRegressor was fitted with feature names
  warnings.warn(
[DailyLightGBM] 450/728 origins (2.2s/origin, ~10 min left)
C:\Users\win-10\Desktop\Thesis Project\Programming Workspace\.venv\Lib\site-packages\sklearn\utils\validation.py:2827: UserWarning: X does not have valid feature names, but LGBMRegressor was fitted with feature names
  warnings.warn(
C:\Users\win-10\Desktop\Thesis Project\Programming Workspace\.venv\Lib\site-packages\sklearn\utils\validation.py:2827: UserWarning: X does not have valid feature names, but LGBMRegressor was fitted with feature names
  warnings.warn(
C:\Users\win-10\Desktop\Thesis Project\Programming Workspace\.venv\Lib\site-packages\sklearn\utils\validation.py:2827: UserWarning: X does not have valid feature names, but LGBMRegressor was fitted with feature names
  warnings.warn(
C:\Users\win-10\Desktop\Thesis Project\Programming Workspace\.venv\Lib\site-packages\sklearn\utils\validation.py:2827: UserWarning: X does not have valid feature names, but LGBMRegressor was fitted with feature names
  warnings.warn(
C:\Users\win-10\Desktop\Thesis Project\Programming Workspace\.venv\Lib\site-packages\sklearn\utils\validation.py:2827: UserWarning: X does not have valid feature names, but LGBMRegressor was fitted with feature names
  warnings.warn(
C:\Users\win-10\Desktop\Thesis Project\Programming Workspace\.venv\Lib\site-packages\sklearn\utils\validation.py:2827: UserWarning: X does not have valid feature names, but LGBMRegressor was fitted with feature names
  warnings.warn(
C:\Users\win-10\Desktop\Thesis Project\Programming Workspace\.venv\Lib\site-packages\sklearn\utils\validation.py:2827: UserWarning: X does not have valid feature names, but LGBMRegressor was fitted with feature names
  warnings.warn(
C:\Users\win-10\Desktop\Thesis Project\Programming Workspace\.venv\Lib\site-packages\sklearn\utils\validation.py:2827: UserWarning: X does not have valid feature names, but LGBMRegressor was fitted with feature names
  warnings.warn(
C:\Users\win-10\Desktop\Thesis Project\Programming Workspace\.venv\Lib\site-packages\sklearn\utils\validation.py:2827: UserWarning: X does not have valid feature names, but LGBMRegressor was fitted with feature names
  warnings.warn(
C:\Users\win-10\Desktop\Thesis Project\Programming Workspace\.venv\Lib\site-packages\sklearn\utils\validation.py:2827: UserWarning: X does not have valid feature names, but LGBMRegressor was fitted with feature names
  warnings.warn(
C:\Users\win-10\Desktop\Thesis Project\Programming Workspace\.venv\Lib\site-packages\sklearn\utils\validation.py:2827: UserWarning: X does not have valid feature names, but LGBMRegressor was fitted with feature names
  warnings.warn(
C:\Users\win-10\Desktop\Thesis Project\Programming Workspace\.venv\Lib\site-packages\sklearn\utils\validation.py:2827: UserWarning: X does not have valid feature names, but LGBMRegressor was fitted with feature names
  warnings.warn(
C:\Users\win-10\Desktop\Thesis Project\Programming Workspace\.venv\Lib\site-packages\sklearn\utils\validation.py:2827: UserWarning: X does not have valid feature names, but LGBMRegressor was fitted with feature names
  warnings.warn(
C:\Users\win-10\Desktop\Thesis Project\Programming Workspace\.venv\Lib\site-packages\sklearn\utils\validation.py:2827: UserWarning: X does not have valid feature names, but LGBMRegressor was fitted with feature names
  warnings.warn(
C:\Users\win-10\Desktop\Thesis Project\Programming Workspace\.venv\Lib\site-packages\sklearn\utils\validation.py:2827: UserWarning: X does not have valid feature names, but LGBMRegressor was fitted with feature names
  warnings.warn(
C:\Users\win-10\Desktop\Thesis Project\Programming Workspace\.venv\Lib\site-packages\sklearn\utils\validation.py:2827: UserWarning: X does not have valid feature names, but LGBMRegressor was fitted with feature names
  warnings.warn(
C:\Users\win-10\Desktop\Thesis Project\Programming Workspace\.venv\Lib\site-packages\sklearn\utils\validation.py:2827: UserWarning: X does not have valid feature names, but LGBMRegressor was fitted with feature names
  warnings.warn(
C:\Users\win-10\Desktop\Thesis Project\Programming Workspace\.venv\Lib\site-packages\sklearn\utils\validation.py:2827: UserWarning: X does not have valid feature names, but LGBMRegressor was fitted with feature names
  warnings.warn(
C:\Users\win-10\Desktop\Thesis Project\Programming Workspace\.venv\Lib\site-packages\sklearn\utils\validation.py:2827: UserWarning: X does not have valid feature names, but LGBMRegressor was fitted with feature names
  warnings.warn(
C:\Users\win-10\Desktop\Thesis Project\Programming Workspace\.venv\Lib\site-packages\sklearn\utils\validation.py:2827: UserWarning: X does not have valid feature names, but LGBMRegressor was fitted with feature names
  warnings.warn(
C:\Users\win-10\Desktop\Thesis Project\Programming Workspace\.venv\Lib\site-packages\sklearn\utils\validation.py:2827: UserWarning: X does not have valid feature names, but LGBMRegressor was fitted with feature names
  warnings.warn(
C:\Users\win-10\Desktop\Thesis Project\Programming Workspace\.venv\Lib\site-packages\sklearn\utils\validation.py:2827: UserWarning: X does not have valid feature names, but LGBMRegressor was fitted with feature names
  warnings.warn(
C:\Users\win-10\Desktop\Thesis Project\Programming Workspace\.venv\Lib\site-packages\sklearn\utils\validation.py:2827: UserWarning: X does not have valid feature names, but LGBMRegressor was fitted with feature names
  warnings.warn(
C:\Users\win-10\Desktop\Thesis Project\Programming Workspace\.venv\Lib\site-packages\sklearn\utils\validation.py:2827: UserWarning: X does not have valid feature names, but LGBMRegressor was fitted with feature names
  warnings.warn(
C:\Users\win-10\Desktop\Thesis Project\Programming Workspace\.venv\Lib\site-packages\sklearn\utils\validation.py:2827: UserWarning: X does not have valid feature names, but LGBMRegressor was fitted with feature names
  warnings.warn(
[DailyLightGBM] 475/728 origins (2.2s/origin, ~9 min left)
C:\Users\win-10\Desktop\Thesis Project\Programming Workspace\.venv\Lib\site-packages\sklearn\utils\validation.py:2827: UserWarning: X does not have valid feature names, but LGBMRegressor was fitted with feature names
  warnings.warn(
C:\Users\win-10\Desktop\Thesis Project\Programming Workspace\.venv\Lib\site-packages\sklearn\utils\validation.py:2827: UserWarning: X does not have valid feature names, but LGBMRegressor was fitted with feature names
  warnings.warn(
C:\Users\win-10\Desktop\Thesis Project\Programming Workspace\.venv\Lib\site-packages\sklearn\utils\validation.py:2827: UserWarning: X does not have valid feature names, but LGBMRegressor was fitted with feature names
  warnings.warn(
C:\Users\win-10\Desktop\Thesis Project\Programming Workspace\.venv\Lib\site-packages\sklearn\utils\validation.py:2827: UserWarning: X does not have valid feature names, but LGBMRegressor was fitted with feature names
  warnings.warn(
C:\Users\win-10\Desktop\Thesis Project\Programming Workspace\.venv\Lib\site-packages\sklearn\utils\validation.py:2827: UserWarning: X does not have valid feature names, but LGBMRegressor was fitted with feature names
  warnings.warn(
C:\Users\win-10\Desktop\Thesis Project\Programming Workspace\.venv\Lib\site-packages\sklearn\utils\validation.py:2827: UserWarning: X does not have valid feature names, but LGBMRegressor was fitted with feature names
  warnings.warn(
C:\Users\win-10\Desktop\Thesis Project\Programming Workspace\.venv\Lib\site-packages\sklearn\utils\validation.py:2827: UserWarning: X does not have valid feature names, but LGBMRegressor was fitted with feature names
  warnings.warn(
C:\Users\win-10\Desktop\Thesis Project\Programming Workspace\.venv\Lib\site-packages\sklearn\utils\validation.py:2827: UserWarning: X does not have valid feature names, but LGBMRegressor was fitted with feature names
  warnings.warn(
C:\Users\win-10\Desktop\Thesis Project\Programming Workspace\.venv\Lib\site-packages\sklearn\utils\validation.py:2827: UserWarning: X does not have valid feature names, but LGBMRegressor was fitted with feature names
  warnings.warn(
C:\Users\win-10\Desktop\Thesis Project\Programming Workspace\.venv\Lib\site-packages\sklearn\utils\validation.py:2827: UserWarning: X does not have valid feature names, but LGBMRegressor was fitted with feature names
  warnings.warn(
C:\Users\win-10\Desktop\Thesis Project\Programming Workspace\.venv\Lib\site-packages\sklearn\utils\validation.py:2827: UserWarning: X does not have valid feature names, but LGBMRegressor was fitted with feature names
  warnings.warn(
C:\Users\win-10\Desktop\Thesis Project\Programming Workspace\.venv\Lib\site-packages\sklearn\utils\validation.py:2827: UserWarning: X does not have valid feature names, but LGBMRegressor was fitted with feature names
  warnings.warn(
C:\Users\win-10\Desktop\Thesis Project\Programming Workspace\.venv\Lib\site-packages\sklearn\utils\validation.py:2827: UserWarning: X does not have valid feature names, but LGBMRegressor was fitted with feature names
  warnings.warn(
C:\Users\win-10\Desktop\Thesis Project\Programming Workspace\.venv\Lib\site-packages\sklearn\utils\validation.py:2827: UserWarning: X does not have valid feature names, but LGBMRegressor was fitted with feature names
  warnings.warn(
C:\Users\win-10\Desktop\Thesis Project\Programming Workspace\.venv\Lib\site-packages\sklearn\utils\validation.py:2827: UserWarning: X does not have valid feature names, but LGBMRegressor was fitted with feature names
  warnings.warn(
C:\Users\win-10\Desktop\Thesis Project\Programming Workspace\.venv\Lib\site-packages\sklearn\utils\validation.py:2827: UserWarning: X does not have valid feature names, but LGBMRegressor was fitted with feature names
  warnings.warn(
C:\Users\win-10\Desktop\Thesis Project\Programming Workspace\.venv\Lib\site-packages\sklearn\utils\validation.py:2827: UserWarning: X does not have valid feature names, but LGBMRegressor was fitted with feature names
  warnings.warn(
C:\Users\win-10\Desktop\Thesis Project\Programming Workspace\.venv\Lib\site-packages\sklearn\utils\validation.py:2827: UserWarning: X does not have valid feature names, but LGBMRegressor was fitted with feature names
  warnings.warn(
C:\Users\win-10\Desktop\Thesis Project\Programming Workspace\.venv\Lib\site-packages\sklearn\utils\validation.py:2827: UserWarning: X does not have valid feature names, but LGBMRegressor was fitted with feature names
  warnings.warn(
C:\Users\win-10\Desktop\Thesis Project\Programming Workspace\.venv\Lib\site-packages\sklearn\utils\validation.py:2827: UserWarning: X does not have valid feature names, but LGBMRegressor was fitted with feature names
  warnings.warn(
C:\Users\win-10\Desktop\Thesis Project\Programming Workspace\.venv\Lib\site-packages\sklearn\utils\validation.py:2827: UserWarning: X does not have valid feature names, but LGBMRegressor was fitted with feature names
  warnings.warn(
C:\Users\win-10\Desktop\Thesis Project\Programming Workspace\.venv\Lib\site-packages\sklearn\utils\validation.py:2827: UserWarning: X does not have valid feature names, but LGBMRegressor was fitted with feature names
  warnings.warn(
C:\Users\win-10\Desktop\Thesis Project\Programming Workspace\.venv\Lib\site-packages\sklearn\utils\validation.py:2827: UserWarning: X does not have valid feature names, but LGBMRegressor was fitted with feature names
  warnings.warn(
C:\Users\win-10\Desktop\Thesis Project\Programming Workspace\.venv\Lib\site-packages\sklearn\utils\validation.py:2827: UserWarning: X does not have valid feature names, but LGBMRegressor was fitted with feature names
  warnings.warn(
C:\Users\win-10\Desktop\Thesis Project\Programming Workspace\.venv\Lib\site-packages\sklearn\utils\validation.py:2827: UserWarning: X does not have valid feature names, but LGBMRegressor was fitted with feature names
  warnings.warn(
[DailyLightGBM] 500/728 origins (2.2s/origin, ~8 min left)
C:\Users\win-10\Desktop\Thesis Project\Programming Workspace\.venv\Lib\site-packages\sklearn\utils\validation.py:2827: UserWarning: X does not have valid feature names, but LGBMRegressor was fitted with feature names
  warnings.warn(
C:\Users\win-10\Desktop\Thesis Project\Programming Workspace\.venv\Lib\site-packages\sklearn\utils\validation.py:2827: UserWarning: X does not have valid feature names, but LGBMRegressor was fitted with feature names
  warnings.warn(
C:\Users\win-10\Desktop\Thesis Project\Programming Workspace\.venv\Lib\site-packages\sklearn\utils\validation.py:2827: UserWarning: X does not have valid feature names, but LGBMRegressor was fitted with feature names
  warnings.warn(
C:\Users\win-10\Desktop\Thesis Project\Programming Workspace\.venv\Lib\site-packages\sklearn\utils\validation.py:2827: UserWarning: X does not have valid feature names, but LGBMRegressor was fitted with feature names
  warnings.warn(
C:\Users\win-10\Desktop\Thesis Project\Programming Workspace\.venv\Lib\site-packages\sklearn\utils\validation.py:2827: UserWarning: X does not have valid feature names, but LGBMRegressor was fitted with feature names
  warnings.warn(
C:\Users\win-10\Desktop\Thesis Project\Programming Workspace\.venv\Lib\site-packages\sklearn\utils\validation.py:2827: UserWarning: X does not have valid feature names, but LGBMRegressor was fitted with feature names
  warnings.warn(
C:\Users\win-10\Desktop\Thesis Project\Programming Workspace\.venv\Lib\site-packages\sklearn\utils\validation.py:2827: UserWarning: X does not have valid feature names, but LGBMRegressor was fitted with feature names
  warnings.warn(
C:\Users\win-10\Desktop\Thesis Project\Programming Workspace\.venv\Lib\site-packages\sklearn\utils\validation.py:2827: UserWarning: X does not have valid feature names, but LGBMRegressor was fitted with feature names
  warnings.warn(
C:\Users\win-10\Desktop\Thesis Project\Programming Workspace\.venv\Lib\site-packages\sklearn\utils\validation.py:2827: UserWarning: X does not have valid feature names, but LGBMRegressor was fitted with feature names
  warnings.warn(
C:\Users\win-10\Desktop\Thesis Project\Programming Workspace\.venv\Lib\site-packages\sklearn\utils\validation.py:2827: UserWarning: X does not have valid feature names, but LGBMRegressor was fitted with feature names
  warnings.warn(
C:\Users\win-10\Desktop\Thesis Project\Programming Workspace\.venv\Lib\site-packages\sklearn\utils\validation.py:2827: UserWarning: X does not have valid feature names, but LGBMRegressor was fitted with feature names
  warnings.warn(
C:\Users\win-10\Desktop\Thesis Project\Programming Workspace\.venv\Lib\site-packages\sklearn\utils\validation.py:2827: UserWarning: X does not have valid feature names, but LGBMRegressor was fitted with feature names
  warnings.warn(
C:\Users\win-10\Desktop\Thesis Project\Programming Workspace\.venv\Lib\site-packages\sklearn\utils\validation.py:2827: UserWarning: X does not have valid feature names, but LGBMRegressor was fitted with feature names
  warnings.warn(
C:\Users\win-10\Desktop\Thesis Project\Programming Workspace\.venv\Lib\site-packages\sklearn\utils\validation.py:2827: UserWarning: X does not have valid feature names, but LGBMRegressor was fitted with feature names
  warnings.warn(
C:\Users\win-10\Desktop\Thesis Project\Programming Workspace\.venv\Lib\site-packages\sklearn\utils\validation.py:2827: UserWarning: X does not have valid feature names, but LGBMRegressor was fitted with feature names
  warnings.warn(
C:\Users\win-10\Desktop\Thesis Project\Programming Workspace\.venv\Lib\site-packages\sklearn\utils\validation.py:2827: UserWarning: X does not have valid feature names, but LGBMRegressor was fitted with feature names
  warnings.warn(
C:\Users\win-10\Desktop\Thesis Project\Programming Workspace\.venv\Lib\site-packages\sklearn\utils\validation.py:2827: UserWarning: X does not have valid feature names, but LGBMRegressor was fitted with feature names
  warnings.warn(
C:\Users\win-10\Desktop\Thesis Project\Programming Workspace\.venv\Lib\site-packages\sklearn\utils\validation.py:2827: UserWarning: X does not have valid feature names, but LGBMRegressor was fitted with feature names
  warnings.warn(
C:\Users\win-10\Desktop\Thesis Project\Programming Workspace\.venv\Lib\site-packages\sklearn\utils\validation.py:2827: UserWarning: X does not have valid feature names, but LGBMRegressor was fitted with feature names
  warnings.warn(
C:\Users\win-10\Desktop\Thesis Project\Programming Workspace\.venv\Lib\site-packages\sklearn\utils\validation.py:2827: UserWarning: X does not have valid feature names, but LGBMRegressor was fitted with feature names
  warnings.warn(
C:\Users\win-10\Desktop\Thesis Project\Programming Workspace\.venv\Lib\site-packages\sklearn\utils\validation.py:2827: UserWarning: X does not have valid feature names, but LGBMRegressor was fitted with feature names
  warnings.warn(
C:\Users\win-10\Desktop\Thesis Project\Programming Workspace\.venv\Lib\site-packages\sklearn\utils\validation.py:2827: UserWarning: X does not have valid feature names, but LGBMRegressor was fitted with feature names
  warnings.warn(
C:\Users\win-10\Desktop\Thesis Project\Programming Workspace\.venv\Lib\site-packages\sklearn\utils\validation.py:2827: UserWarning: X does not have valid feature names, but LGBMRegressor was fitted with feature names
  warnings.warn(
C:\Users\win-10\Desktop\Thesis Project\Programming Workspace\.venv\Lib\site-packages\sklearn\utils\validation.py:2827: UserWarning: X does not have valid feature names, but LGBMRegressor was fitted with feature names
  warnings.warn(
C:\Users\win-10\Desktop\Thesis Project\Programming Workspace\.venv\Lib\site-packages\sklearn\utils\validation.py:2827: UserWarning: X does not have valid feature names, but LGBMRegressor was fitted with feature names
  warnings.warn(
[DailyLightGBM] 525/728 origins (2.2s/origin, ~7 min left)
C:\Users\win-10\Desktop\Thesis Project\Programming Workspace\.venv\Lib\site-packages\sklearn\utils\validation.py:2827: UserWarning: X does not have valid feature names, but LGBMRegressor was fitted with feature names
  warnings.warn(
C:\Users\win-10\Desktop\Thesis Project\Programming Workspace\.venv\Lib\site-packages\sklearn\utils\validation.py:2827: UserWarning: X does not have valid feature names, but LGBMRegressor was fitted with feature names
  warnings.warn(
C:\Users\win-10\Desktop\Thesis Project\Programming Workspace\.venv\Lib\site-packages\sklearn\utils\validation.py:2827: UserWarning: X does not have valid feature names, but LGBMRegressor was fitted with feature names
  warnings.warn(
C:\Users\win-10\Desktop\Thesis Project\Programming Workspace\.venv\Lib\site-packages\sklearn\utils\validation.py:2827: UserWarning: X does not have valid feature names, but LGBMRegressor was fitted with feature names
  warnings.warn(
C:\Users\win-10\Desktop\Thesis Project\Programming Workspace\.venv\Lib\site-packages\sklearn\utils\validation.py:2827: UserWarning: X does not have valid feature names, but LGBMRegressor was fitted with feature names
  warnings.warn(
C:\Users\win-10\Desktop\Thesis Project\Programming Workspace\.venv\Lib\site-packages\sklearn\utils\validation.py:2827: UserWarning: X does not have valid feature names, but LGBMRegressor was fitted with feature names
  warnings.warn(
C:\Users\win-10\Desktop\Thesis Project\Programming Workspace\.venv\Lib\site-packages\sklearn\utils\validation.py:2827: UserWarning: X does not have valid feature names, but LGBMRegressor was fitted with feature names
  warnings.warn(
C:\Users\win-10\Desktop\Thesis Project\Programming Workspace\.venv\Lib\site-packages\sklearn\utils\validation.py:2827: UserWarning: X does not have valid feature names, but LGBMRegressor was fitted with feature names
  warnings.warn(
C:\Users\win-10\Desktop\Thesis Project\Programming Workspace\.venv\Lib\site-packages\sklearn\utils\validation.py:2827: UserWarning: X does not have valid feature names, but LGBMRegressor was fitted with feature names
  warnings.warn(
C:\Users\win-10\Desktop\Thesis Project\Programming Workspace\.venv\Lib\site-packages\sklearn\utils\validation.py:2827: UserWarning: X does not have valid feature names, but LGBMRegressor was fitted with feature names
  warnings.warn(
C:\Users\win-10\Desktop\Thesis Project\Programming Workspace\.venv\Lib\site-packages\sklearn\utils\validation.py:2827: UserWarning: X does not have valid feature names, but LGBMRegressor was fitted with feature names
  warnings.warn(
C:\Users\win-10\Desktop\Thesis Project\Programming Workspace\.venv\Lib\site-packages\sklearn\utils\validation.py:2827: UserWarning: X does not have valid feature names, but LGBMRegressor was fitted with feature names
  warnings.warn(
C:\Users\win-10\Desktop\Thesis Project\Programming Workspace\.venv\Lib\site-packages\sklearn\utils\validation.py:2827: UserWarning: X does not have valid feature names, but LGBMRegressor was fitted with feature names
  warnings.warn(
C:\Users\win-10\Desktop\Thesis Project\Programming Workspace\.venv\Lib\site-packages\sklearn\utils\validation.py:2827: UserWarning: X does not have valid feature names, but LGBMRegressor was fitted with feature names
  warnings.warn(
C:\Users\win-10\Desktop\Thesis Project\Programming Workspace\.venv\Lib\site-packages\sklearn\utils\validation.py:2827: UserWarning: X does not have valid feature names, but LGBMRegressor was fitted with feature names
  warnings.warn(
C:\Users\win-10\Desktop\Thesis Project\Programming Workspace\.venv\Lib\site-packages\sklearn\utils\validation.py:2827: UserWarning: X does not have valid feature names, but LGBMRegressor was fitted with feature names
  warnings.warn(
C:\Users\win-10\Desktop\Thesis Project\Programming Workspace\.venv\Lib\site-packages\sklearn\utils\validation.py:2827: UserWarning: X does not have valid feature names, but LGBMRegressor was fitted with feature names
  warnings.warn(
C:\Users\win-10\Desktop\Thesis Project\Programming Workspace\.venv\Lib\site-packages\sklearn\utils\validation.py:2827: UserWarning: X does not have valid feature names, but LGBMRegressor was fitted with feature names
  warnings.warn(
C:\Users\win-10\Desktop\Thesis Project\Programming Workspace\.venv\Lib\site-packages\sklearn\utils\validation.py:2827: UserWarning: X does not have valid feature names, but LGBMRegressor was fitted with feature names
  warnings.warn(
C:\Users\win-10\Desktop\Thesis Project\Programming Workspace\.venv\Lib\site-packages\sklearn\utils\validation.py:2827: UserWarning: X does not have valid feature names, but LGBMRegressor was fitted with feature names
  warnings.warn(
C:\Users\win-10\Desktop\Thesis Project\Programming Workspace\.venv\Lib\site-packages\sklearn\utils\validation.py:2827: UserWarning: X does not have valid feature names, but LGBMRegressor was fitted with feature names
  warnings.warn(
C:\Users\win-10\Desktop\Thesis Project\Programming Workspace\.venv\Lib\site-packages\sklearn\utils\validation.py:2827: UserWarning: X does not have valid feature names, but LGBMRegressor was fitted with feature names
  warnings.warn(
C:\Users\win-10\Desktop\Thesis Project\Programming Workspace\.venv\Lib\site-packages\sklearn\utils\validation.py:2827: UserWarning: X does not have valid feature names, but LGBMRegressor was fitted with feature names
  warnings.warn(
C:\Users\win-10\Desktop\Thesis Project\Programming Workspace\.venv\Lib\site-packages\sklearn\utils\validation.py:2827: UserWarning: X does not have valid feature names, but LGBMRegressor was fitted with feature names
  warnings.warn(
C:\Users\win-10\Desktop\Thesis Project\Programming Workspace\.venv\Lib\site-packages\sklearn\utils\validation.py:2827: UserWarning: X does not have valid feature names, but LGBMRegressor was fitted with feature names
  warnings.warn(
[DailyLightGBM] 550/728 origins (2.2s/origin, ~6 min left)
C:\Users\win-10\Desktop\Thesis Project\Programming Workspace\.venv\Lib\site-packages\sklearn\utils\validation.py:2827: UserWarning: X does not have valid feature names, but LGBMRegressor was fitted with feature names
  warnings.warn(
C:\Users\win-10\Desktop\Thesis Project\Programming Workspace\.venv\Lib\site-packages\sklearn\utils\validation.py:2827: UserWarning: X does not have valid feature names, but LGBMRegressor was fitted with feature names
  warnings.warn(
C:\Users\win-10\Desktop\Thesis Project\Programming Workspace\.venv\Lib\site-packages\sklearn\utils\validation.py:2827: UserWarning: X does not have valid feature names, but LGBMRegressor was fitted with feature names
  warnings.warn(
C:\Users\win-10\Desktop\Thesis Project\Programming Workspace\.venv\Lib\site-packages\sklearn\utils\validation.py:2827: UserWarning: X does not have valid feature names, but LGBMRegressor was fitted with feature names
  warnings.warn(
C:\Users\win-10\Desktop\Thesis Project\Programming Workspace\.venv\Lib\site-packages\sklearn\utils\validation.py:2827: UserWarning: X does not have valid feature names, but LGBMRegressor was fitted with feature names
  warnings.warn(
C:\Users\win-10\Desktop\Thesis Project\Programming Workspace\.venv\Lib\site-packages\sklearn\utils\validation.py:2827: UserWarning: X does not have valid feature names, but LGBMRegressor was fitted with feature names
  warnings.warn(
C:\Users\win-10\Desktop\Thesis Project\Programming Workspace\.venv\Lib\site-packages\sklearn\utils\validation.py:2827: UserWarning: X does not have valid feature names, but LGBMRegressor was fitted with feature names
  warnings.warn(
C:\Users\win-10\Desktop\Thesis Project\Programming Workspace\.venv\Lib\site-packages\sklearn\utils\validation.py:2827: UserWarning: X does not have valid feature names, but LGBMRegressor was fitted with feature names
  warnings.warn(
C:\Users\win-10\Desktop\Thesis Project\Programming Workspace\.venv\Lib\site-packages\sklearn\utils\validation.py:2827: UserWarning: X does not have valid feature names, but LGBMRegressor was fitted with feature names
  warnings.warn(
C:\Users\win-10\Desktop\Thesis Project\Programming Workspace\.venv\Lib\site-packages\sklearn\utils\validation.py:2827: UserWarning: X does not have valid feature names, but LGBMRegressor was fitted with feature names
  warnings.warn(
C:\Users\win-10\Desktop\Thesis Project\Programming Workspace\.venv\Lib\site-packages\sklearn\utils\validation.py:2827: UserWarning: X does not have valid feature names, but LGBMRegressor was fitted with feature names
  warnings.warn(
C:\Users\win-10\Desktop\Thesis Project\Programming Workspace\.venv\Lib\site-packages\sklearn\utils\validation.py:2827: UserWarning: X does not have valid feature names, but LGBMRegressor was fitted with feature names
  warnings.warn(
C:\Users\win-10\Desktop\Thesis Project\Programming Workspace\.venv\Lib\site-packages\sklearn\utils\validation.py:2827: UserWarning: X does not have valid feature names, but LGBMRegressor was fitted with feature names
  warnings.warn(
C:\Users\win-10\Desktop\Thesis Project\Programming Workspace\.venv\Lib\site-packages\sklearn\utils\validation.py:2827: UserWarning: X does not have valid feature names, but LGBMRegressor was fitted with feature names
  warnings.warn(
C:\Users\win-10\Desktop\Thesis Project\Programming Workspace\.venv\Lib\site-packages\sklearn\utils\validation.py:2827: UserWarning: X does not have valid feature names, but LGBMRegressor was fitted with feature names
  warnings.warn(
C:\Users\win-10\Desktop\Thesis Project\Programming Workspace\.venv\Lib\site-packages\sklearn\utils\validation.py:2827: UserWarning: X does not have valid feature names, but LGBMRegressor was fitted with feature names
  warnings.warn(
C:\Users\win-10\Desktop\Thesis Project\Programming Workspace\.venv\Lib\site-packages\sklearn\utils\validation.py:2827: UserWarning: X does not have valid feature names, but LGBMRegressor was fitted with feature names
  warnings.warn(
C:\Users\win-10\Desktop\Thesis Project\Programming Workspace\.venv\Lib\site-packages\sklearn\utils\validation.py:2827: UserWarning: X does not have valid feature names, but LGBMRegressor was fitted with feature names
  warnings.warn(
C:\Users\win-10\Desktop\Thesis Project\Programming Workspace\.venv\Lib\site-packages\sklearn\utils\validation.py:2827: UserWarning: X does not have valid feature names, but LGBMRegressor was fitted with feature names
  warnings.warn(
C:\Users\win-10\Desktop\Thesis Project\Programming Workspace\.venv\Lib\site-packages\sklearn\utils\validation.py:2827: UserWarning: X does not have valid feature names, but LGBMRegressor was fitted with feature names
  warnings.warn(
C:\Users\win-10\Desktop\Thesis Project\Programming Workspace\.venv\Lib\site-packages\sklearn\utils\validation.py:2827: UserWarning: X does not have valid feature names, but LGBMRegressor was fitted with feature names
  warnings.warn(
C:\Users\win-10\Desktop\Thesis Project\Programming Workspace\.venv\Lib\site-packages\sklearn\utils\validation.py:2827: UserWarning: X does not have valid feature names, but LGBMRegressor was fitted with feature names
  warnings.warn(
C:\Users\win-10\Desktop\Thesis Project\Programming Workspace\.venv\Lib\site-packages\sklearn\utils\validation.py:2827: UserWarning: X does not have valid feature names, but LGBMRegressor was fitted with feature names
  warnings.warn(
C:\Users\win-10\Desktop\Thesis Project\Programming Workspace\.venv\Lib\site-packages\sklearn\utils\validation.py:2827: UserWarning: X does not have valid feature names, but LGBMRegressor was fitted with feature names
  warnings.warn(
C:\Users\win-10\Desktop\Thesis Project\Programming Workspace\.venv\Lib\site-packages\sklearn\utils\validation.py:2827: UserWarning: X does not have valid feature names, but LGBMRegressor was fitted with feature names
  warnings.warn(
[DailyLightGBM] 575/728 origins (2.2s/origin, ~6 min left)
C:\Users\win-10\Desktop\Thesis Project\Programming Workspace\.venv\Lib\site-packages\sklearn\utils\validation.py:2827: UserWarning: X does not have valid feature names, but LGBMRegressor was fitted with feature names
  warnings.warn(
C:\Users\win-10\Desktop\Thesis Project\Programming Workspace\.venv\Lib\site-packages\sklearn\utils\validation.py:2827: UserWarning: X does not have valid feature names, but LGBMRegressor was fitted with feature names
  warnings.warn(
C:\Users\win-10\Desktop\Thesis Project\Programming Workspace\.venv\Lib\site-packages\sklearn\utils\validation.py:2827: UserWarning: X does not have valid feature names, but LGBMRegressor was fitted with feature names
  warnings.warn(
C:\Users\win-10\Desktop\Thesis Project\Programming Workspace\.venv\Lib\site-packages\sklearn\utils\validation.py:2827: UserWarning: X does not have valid feature names, but LGBMRegressor was fitted with feature names
  warnings.warn(
C:\Users\win-10\Desktop\Thesis Project\Programming Workspace\.venv\Lib\site-packages\sklearn\utils\validation.py:2827: UserWarning: X does not have valid feature names, but LGBMRegressor was fitted with feature names
  warnings.warn(
C:\Users\win-10\Desktop\Thesis Project\Programming Workspace\.venv\Lib\site-packages\sklearn\utils\validation.py:2827: UserWarning: X does not have valid feature names, but LGBMRegressor was fitted with feature names
  warnings.warn(
C:\Users\win-10\Desktop\Thesis Project\Programming Workspace\.venv\Lib\site-packages\sklearn\utils\validation.py:2827: UserWarning: X does not have valid feature names, but LGBMRegressor was fitted with feature names
  warnings.warn(
C:\Users\win-10\Desktop\Thesis Project\Programming Workspace\.venv\Lib\site-packages\sklearn\utils\validation.py:2827: UserWarning: X does not have valid feature names, but LGBMRegressor was fitted with feature names
  warnings.warn(
C:\Users\win-10\Desktop\Thesis Project\Programming Workspace\.venv\Lib\site-packages\sklearn\utils\validation.py:2827: UserWarning: X does not have valid feature names, but LGBMRegressor was fitted with feature names
  warnings.warn(
C:\Users\win-10\Desktop\Thesis Project\Programming Workspace\.venv\Lib\site-packages\sklearn\utils\validation.py:2827: UserWarning: X does not have valid feature names, but LGBMRegressor was fitted with feature names
  warnings.warn(
C:\Users\win-10\Desktop\Thesis Project\Programming Workspace\.venv\Lib\site-packages\sklearn\utils\validation.py:2827: UserWarning: X does not have valid feature names, but LGBMRegressor was fitted with feature names
  warnings.warn(
C:\Users\win-10\Desktop\Thesis Project\Programming Workspace\.venv\Lib\site-packages\sklearn\utils\validation.py:2827: UserWarning: X does not have valid feature names, but LGBMRegressor was fitted with feature names
  warnings.warn(
C:\Users\win-10\Desktop\Thesis Project\Programming Workspace\.venv\Lib\site-packages\sklearn\utils\validation.py:2827: UserWarning: X does not have valid feature names, but LGBMRegressor was fitted with feature names
  warnings.warn(
C:\Users\win-10\Desktop\Thesis Project\Programming Workspace\.venv\Lib\site-packages\sklearn\utils\validation.py:2827: UserWarning: X does not have valid feature names, but LGBMRegressor was fitted with feature names
  warnings.warn(
C:\Users\win-10\Desktop\Thesis Project\Programming Workspace\.venv\Lib\site-packages\sklearn\utils\validation.py:2827: UserWarning: X does not have valid feature names, but LGBMRegressor was fitted with feature names
  warnings.warn(
C:\Users\win-10\Desktop\Thesis Project\Programming Workspace\.venv\Lib\site-packages\sklearn\utils\validation.py:2827: UserWarning: X does not have valid feature names, but LGBMRegressor was fitted with feature names
  warnings.warn(
C:\Users\win-10\Desktop\Thesis Project\Programming Workspace\.venv\Lib\site-packages\sklearn\utils\validation.py:2827: UserWarning: X does not have valid feature names, but LGBMRegressor was fitted with feature names
  warnings.warn(
C:\Users\win-10\Desktop\Thesis Project\Programming Workspace\.venv\Lib\site-packages\sklearn\utils\validation.py:2827: UserWarning: X does not have valid feature names, but LGBMRegressor was fitted with feature names
  warnings.warn(
C:\Users\win-10\Desktop\Thesis Project\Programming Workspace\.venv\Lib\site-packages\sklearn\utils\validation.py:2827: UserWarning: X does not have valid feature names, but LGBMRegressor was fitted with feature names
  warnings.warn(
C:\Users\win-10\Desktop\Thesis Project\Programming Workspace\.venv\Lib\site-packages\sklearn\utils\validation.py:2827: UserWarning: X does not have valid feature names, but LGBMRegressor was fitted with feature names
  warnings.warn(
C:\Users\win-10\Desktop\Thesis Project\Programming Workspace\.venv\Lib\site-packages\sklearn\utils\validation.py:2827: UserWarning: X does not have valid feature names, but LGBMRegressor was fitted with feature names
  warnings.warn(
C:\Users\win-10\Desktop\Thesis Project\Programming Workspace\.venv\Lib\site-packages\sklearn\utils\validation.py:2827: UserWarning: X does not have valid feature names, but LGBMRegressor was fitted with feature names
  warnings.warn(
C:\Users\win-10\Desktop\Thesis Project\Programming Workspace\.venv\Lib\site-packages\sklearn\utils\validation.py:2827: UserWarning: X does not have valid feature names, but LGBMRegressor was fitted with feature names
  warnings.warn(
C:\Users\win-10\Desktop\Thesis Project\Programming Workspace\.venv\Lib\site-packages\sklearn\utils\validation.py:2827: UserWarning: X does not have valid feature names, but LGBMRegressor was fitted with feature names
  warnings.warn(
C:\Users\win-10\Desktop\Thesis Project\Programming Workspace\.venv\Lib\site-packages\sklearn\utils\validation.py:2827: UserWarning: X does not have valid feature names, but LGBMRegressor was fitted with feature names
  warnings.warn(
[DailyLightGBM] 600/728 origins (2.2s/origin, ~5 min left)
C:\Users\win-10\Desktop\Thesis Project\Programming Workspace\.venv\Lib\site-packages\sklearn\utils\validation.py:2827: UserWarning: X does not have valid feature names, but LGBMRegressor was fitted with feature names
  warnings.warn(
C:\Users\win-10\Desktop\Thesis Project\Programming Workspace\.venv\Lib\site-packages\sklearn\utils\validation.py:2827: UserWarning: X does not have valid feature names, but LGBMRegressor was fitted with feature names
  warnings.warn(
C:\Users\win-10\Desktop\Thesis Project\Programming Workspace\.venv\Lib\site-packages\sklearn\utils\validation.py:2827: UserWarning: X does not have valid feature names, but LGBMRegressor was fitted with feature names
  warnings.warn(
C:\Users\win-10\Desktop\Thesis Project\Programming Workspace\.venv\Lib\site-packages\sklearn\utils\validation.py:2827: UserWarning: X does not have valid feature names, but LGBMRegressor was fitted with feature names
  warnings.warn(
C:\Users\win-10\Desktop\Thesis Project\Programming Workspace\.venv\Lib\site-packages\sklearn\utils\validation.py:2827: UserWarning: X does not have valid feature names, but LGBMRegressor was fitted with feature names
  warnings.warn(
C:\Users\win-10\Desktop\Thesis Project\Programming Workspace\.venv\Lib\site-packages\sklearn\utils\validation.py:2827: UserWarning: X does not have valid feature names, but LGBMRegressor was fitted with feature names
  warnings.warn(
C:\Users\win-10\Desktop\Thesis Project\Programming Workspace\.venv\Lib\site-packages\sklearn\utils\validation.py:2827: UserWarning: X does not have valid feature names, but LGBMRegressor was fitted with feature names
  warnings.warn(
C:\Users\win-10\Desktop\Thesis Project\Programming Workspace\.venv\Lib\site-packages\sklearn\utils\validation.py:2827: UserWarning: X does not have valid feature names, but LGBMRegressor was fitted with feature names
  warnings.warn(
C:\Users\win-10\Desktop\Thesis Project\Programming Workspace\.venv\Lib\site-packages\sklearn\utils\validation.py:2827: UserWarning: X does not have valid feature names, but LGBMRegressor was fitted with feature names
  warnings.warn(
C:\Users\win-10\Desktop\Thesis Project\Programming Workspace\.venv\Lib\site-packages\sklearn\utils\validation.py:2827: UserWarning: X does not have valid feature names, but LGBMRegressor was fitted with feature names
  warnings.warn(
C:\Users\win-10\Desktop\Thesis Project\Programming Workspace\.venv\Lib\site-packages\sklearn\utils\validation.py:2827: UserWarning: X does not have valid feature names, but LGBMRegressor was fitted with feature names
  warnings.warn(
C:\Users\win-10\Desktop\Thesis Project\Programming Workspace\.venv\Lib\site-packages\sklearn\utils\validation.py:2827: UserWarning: X does not have valid feature names, but LGBMRegressor was fitted with feature names
  warnings.warn(
C:\Users\win-10\Desktop\Thesis Project\Programming Workspace\.venv\Lib\site-packages\sklearn\utils\validation.py:2827: UserWarning: X does not have valid feature names, but LGBMRegressor was fitted with feature names
  warnings.warn(
C:\Users\win-10\Desktop\Thesis Project\Programming Workspace\.venv\Lib\site-packages\sklearn\utils\validation.py:2827: UserWarning: X does not have valid feature names, but LGBMRegressor was fitted with feature names
  warnings.warn(
C:\Users\win-10\Desktop\Thesis Project\Programming Workspace\.venv\Lib\site-packages\sklearn\utils\validation.py:2827: UserWarning: X does not have valid feature names, but LGBMRegressor was fitted with feature names
  warnings.warn(
C:\Users\win-10\Desktop\Thesis Project\Programming Workspace\.venv\Lib\site-packages\sklearn\utils\validation.py:2827: UserWarning: X does not have valid feature names, but LGBMRegressor was fitted with feature names
  warnings.warn(
C:\Users\win-10\Desktop\Thesis Project\Programming Workspace\.venv\Lib\site-packages\sklearn\utils\validation.py:2827: UserWarning: X does not have valid feature names, but LGBMRegressor was fitted with feature names
  warnings.warn(
C:\Users\win-10\Desktop\Thesis Project\Programming Workspace\.venv\Lib\site-packages\sklearn\utils\validation.py:2827: UserWarning: X does not have valid feature names, but LGBMRegressor was fitted with feature names
  warnings.warn(
C:\Users\win-10\Desktop\Thesis Project\Programming Workspace\.venv\Lib\site-packages\sklearn\utils\validation.py:2827: UserWarning: X does not have valid feature names, but LGBMRegressor was fitted with feature names
  warnings.warn(
C:\Users\win-10\Desktop\Thesis Project\Programming Workspace\.venv\Lib\site-packages\sklearn\utils\validation.py:2827: UserWarning: X does not have valid feature names, but LGBMRegressor was fitted with feature names
  warnings.warn(
C:\Users\win-10\Desktop\Thesis Project\Programming Workspace\.venv\Lib\site-packages\sklearn\utils\validation.py:2827: UserWarning: X does not have valid feature names, but LGBMRegressor was fitted with feature names
  warnings.warn(
C:\Users\win-10\Desktop\Thesis Project\Programming Workspace\.venv\Lib\site-packages\sklearn\utils\validation.py:2827: UserWarning: X does not have valid feature names, but LGBMRegressor was fitted with feature names
  warnings.warn(
C:\Users\win-10\Desktop\Thesis Project\Programming Workspace\.venv\Lib\site-packages\sklearn\utils\validation.py:2827: UserWarning: X does not have valid feature names, but LGBMRegressor was fitted with feature names
  warnings.warn(
C:\Users\win-10\Desktop\Thesis Project\Programming Workspace\.venv\Lib\site-packages\sklearn\utils\validation.py:2827: UserWarning: X does not have valid feature names, but LGBMRegressor was fitted with feature names
  warnings.warn(
C:\Users\win-10\Desktop\Thesis Project\Programming Workspace\.venv\Lib\site-packages\sklearn\utils\validation.py:2827: UserWarning: X does not have valid feature names, but LGBMRegressor was fitted with feature names
  warnings.warn(
[DailyLightGBM] 625/728 origins (2.2s/origin, ~4 min left)
C:\Users\win-10\Desktop\Thesis Project\Programming Workspace\.venv\Lib\site-packages\sklearn\utils\validation.py:2827: UserWarning: X does not have valid feature names, but LGBMRegressor was fitted with feature names
  warnings.warn(
C:\Users\win-10\Desktop\Thesis Project\Programming Workspace\.venv\Lib\site-packages\sklearn\utils\validation.py:2827: UserWarning: X does not have valid feature names, but LGBMRegressor was fitted with feature names
  warnings.warn(
C:\Users\win-10\Desktop\Thesis Project\Programming Workspace\.venv\Lib\site-packages\sklearn\utils\validation.py:2827: UserWarning: X does not have valid feature names, but LGBMRegressor was fitted with feature names
  warnings.warn(
C:\Users\win-10\Desktop\Thesis Project\Programming Workspace\.venv\Lib\site-packages\sklearn\utils\validation.py:2827: UserWarning: X does not have valid feature names, but LGBMRegressor was fitted with feature names
  warnings.warn(
C:\Users\win-10\Desktop\Thesis Project\Programming Workspace\.venv\Lib\site-packages\sklearn\utils\validation.py:2827: UserWarning: X does not have valid feature names, but LGBMRegressor was fitted with feature names
  warnings.warn(
C:\Users\win-10\Desktop\Thesis Project\Programming Workspace\.venv\Lib\site-packages\sklearn\utils\validation.py:2827: UserWarning: X does not have valid feature names, but LGBMRegressor was fitted with feature names
  warnings.warn(
C:\Users\win-10\Desktop\Thesis Project\Programming Workspace\.venv\Lib\site-packages\sklearn\utils\validation.py:2827: UserWarning: X does not have valid feature names, but LGBMRegressor was fitted with feature names
  warnings.warn(
C:\Users\win-10\Desktop\Thesis Project\Programming Workspace\.venv\Lib\site-packages\sklearn\utils\validation.py:2827: UserWarning: X does not have valid feature names, but LGBMRegressor was fitted with feature names
  warnings.warn(
C:\Users\win-10\Desktop\Thesis Project\Programming Workspace\.venv\Lib\site-packages\sklearn\utils\validation.py:2827: UserWarning: X does not have valid feature names, but LGBMRegressor was fitted with feature names
  warnings.warn(
C:\Users\win-10\Desktop\Thesis Project\Programming Workspace\.venv\Lib\site-packages\sklearn\utils\validation.py:2827: UserWarning: X does not have valid feature names, but LGBMRegressor was fitted with feature names
  warnings.warn(
C:\Users\win-10\Desktop\Thesis Project\Programming Workspace\.venv\Lib\site-packages\sklearn\utils\validation.py:2827: UserWarning: X does not have valid feature names, but LGBMRegressor was fitted with feature names
  warnings.warn(
C:\Users\win-10\Desktop\Thesis Project\Programming Workspace\.venv\Lib\site-packages\sklearn\utils\validation.py:2827: UserWarning: X does not have valid feature names, but LGBMRegressor was fitted with feature names
  warnings.warn(
C:\Users\win-10\Desktop\Thesis Project\Programming Workspace\.venv\Lib\site-packages\sklearn\utils\validation.py:2827: UserWarning: X does not have valid feature names, but LGBMRegressor was fitted with feature names
  warnings.warn(
C:\Users\win-10\Desktop\Thesis Project\Programming Workspace\.venv\Lib\site-packages\sklearn\utils\validation.py:2827: UserWarning: X does not have valid feature names, but LGBMRegressor was fitted with feature names
  warnings.warn(
C:\Users\win-10\Desktop\Thesis Project\Programming Workspace\.venv\Lib\site-packages\sklearn\utils\validation.py:2827: UserWarning: X does not have valid feature names, but LGBMRegressor was fitted with feature names
  warnings.warn(
C:\Users\win-10\Desktop\Thesis Project\Programming Workspace\.venv\Lib\site-packages\sklearn\utils\validation.py:2827: UserWarning: X does not have valid feature names, but LGBMRegressor was fitted with feature names
  warnings.warn(
C:\Users\win-10\Desktop\Thesis Project\Programming Workspace\.venv\Lib\site-packages\sklearn\utils\validation.py:2827: UserWarning: X does not have valid feature names, but LGBMRegressor was fitted with feature names
  warnings.warn(
C:\Users\win-10\Desktop\Thesis Project\Programming Workspace\.venv\Lib\site-packages\sklearn\utils\validation.py:2827: UserWarning: X does not have valid feature names, but LGBMRegressor was fitted with feature names
  warnings.warn(
C:\Users\win-10\Desktop\Thesis Project\Programming Workspace\.venv\Lib\site-packages\sklearn\utils\validation.py:2827: UserWarning: X does not have valid feature names, but LGBMRegressor was fitted with feature names
  warnings.warn(
C:\Users\win-10\Desktop\Thesis Project\Programming Workspace\.venv\Lib\site-packages\sklearn\utils\validation.py:2827: UserWarning: X does not have valid feature names, but LGBMRegressor was fitted with feature names
  warnings.warn(
C:\Users\win-10\Desktop\Thesis Project\Programming Workspace\.venv\Lib\site-packages\sklearn\utils\validation.py:2827: UserWarning: X does not have valid feature names, but LGBMRegressor was fitted with feature names
  warnings.warn(
C:\Users\win-10\Desktop\Thesis Project\Programming Workspace\.venv\Lib\site-packages\sklearn\utils\validation.py:2827: UserWarning: X does not have valid feature names, but LGBMRegressor was fitted with feature names
  warnings.warn(
C:\Users\win-10\Desktop\Thesis Project\Programming Workspace\.venv\Lib\site-packages\sklearn\utils\validation.py:2827: UserWarning: X does not have valid feature names, but LGBMRegressor was fitted with feature names
  warnings.warn(
C:\Users\win-10\Desktop\Thesis Project\Programming Workspace\.venv\Lib\site-packages\sklearn\utils\validation.py:2827: UserWarning: X does not have valid feature names, but LGBMRegressor was fitted with feature names
  warnings.warn(
C:\Users\win-10\Desktop\Thesis Project\Programming Workspace\.venv\Lib\site-packages\sklearn\utils\validation.py:2827: UserWarning: X does not have valid feature names, but LGBMRegressor was fitted with feature names
  warnings.warn(
[DailyLightGBM] 650/728 origins (2.2s/origin, ~3 min left)
C:\Users\win-10\Desktop\Thesis Project\Programming Workspace\.venv\Lib\site-packages\sklearn\utils\validation.py:2827: UserWarning: X does not have valid feature names, but LGBMRegressor was fitted with feature names
  warnings.warn(
C:\Users\win-10\Desktop\Thesis Project\Programming Workspace\.venv\Lib\site-packages\sklearn\utils\validation.py:2827: UserWarning: X does not have valid feature names, but LGBMRegressor was fitted with feature names
  warnings.warn(
C:\Users\win-10\Desktop\Thesis Project\Programming Workspace\.venv\Lib\site-packages\sklearn\utils\validation.py:2827: UserWarning: X does not have valid feature names, but LGBMRegressor was fitted with feature names
  warnings.warn(
C:\Users\win-10\Desktop\Thesis Project\Programming Workspace\.venv\Lib\site-packages\sklearn\utils\validation.py:2827: UserWarning: X does not have valid feature names, but LGBMRegressor was fitted with feature names
  warnings.warn(
C:\Users\win-10\Desktop\Thesis Project\Programming Workspace\.venv\Lib\site-packages\sklearn\utils\validation.py:2827: UserWarning: X does not have valid feature names, but LGBMRegressor was fitted with feature names
  warnings.warn(
C:\Users\win-10\Desktop\Thesis Project\Programming Workspace\.venv\Lib\site-packages\sklearn\utils\validation.py:2827: UserWarning: X does not have valid feature names, but LGBMRegressor was fitted with feature names
  warnings.warn(
C:\Users\win-10\Desktop\Thesis Project\Programming Workspace\.venv\Lib\site-packages\sklearn\utils\validation.py:2827: UserWarning: X does not have valid feature names, but LGBMRegressor was fitted with feature names
  warnings.warn(
C:\Users\win-10\Desktop\Thesis Project\Programming Workspace\.venv\Lib\site-packages\sklearn\utils\validation.py:2827: UserWarning: X does not have valid feature names, but LGBMRegressor was fitted with feature names
  warnings.warn(
C:\Users\win-10\Desktop\Thesis Project\Programming Workspace\.venv\Lib\site-packages\sklearn\utils\validation.py:2827: UserWarning: X does not have valid feature names, but LGBMRegressor was fitted with feature names
  warnings.warn(
C:\Users\win-10\Desktop\Thesis Project\Programming Workspace\.venv\Lib\site-packages\sklearn\utils\validation.py:2827: UserWarning: X does not have valid feature names, but LGBMRegressor was fitted with feature names
  warnings.warn(
C:\Users\win-10\Desktop\Thesis Project\Programming Workspace\.venv\Lib\site-packages\sklearn\utils\validation.py:2827: UserWarning: X does not have valid feature names, but LGBMRegressor was fitted with feature names
  warnings.warn(
C:\Users\win-10\Desktop\Thesis Project\Programming Workspace\.venv\Lib\site-packages\sklearn\utils\validation.py:2827: UserWarning: X does not have valid feature names, but LGBMRegressor was fitted with feature names
  warnings.warn(
C:\Users\win-10\Desktop\Thesis Project\Programming Workspace\.venv\Lib\site-packages\sklearn\utils\validation.py:2827: UserWarning: X does not have valid feature names, but LGBMRegressor was fitted with feature names
  warnings.warn(
C:\Users\win-10\Desktop\Thesis Project\Programming Workspace\.venv\Lib\site-packages\sklearn\utils\validation.py:2827: UserWarning: X does not have valid feature names, but LGBMRegressor was fitted with feature names
  warnings.warn(
C:\Users\win-10\Desktop\Thesis Project\Programming Workspace\.venv\Lib\site-packages\sklearn\utils\validation.py:2827: UserWarning: X does not have valid feature names, but LGBMRegressor was fitted with feature names
  warnings.warn(
C:\Users\win-10\Desktop\Thesis Project\Programming Workspace\.venv\Lib\site-packages\sklearn\utils\validation.py:2827: UserWarning: X does not have valid feature names, but LGBMRegressor was fitted with feature names
  warnings.warn(
C:\Users\win-10\Desktop\Thesis Project\Programming Workspace\.venv\Lib\site-packages\sklearn\utils\validation.py:2827: UserWarning: X does not have valid feature names, but LGBMRegressor was fitted with feature names
  warnings.warn(
C:\Users\win-10\Desktop\Thesis Project\Programming Workspace\.venv\Lib\site-packages\sklearn\utils\validation.py:2827: UserWarning: X does not have valid feature names, but LGBMRegressor was fitted with feature names
  warnings.warn(
C:\Users\win-10\Desktop\Thesis Project\Programming Workspace\.venv\Lib\site-packages\sklearn\utils\validation.py:2827: UserWarning: X does not have valid feature names, but LGBMRegressor was fitted with feature names
  warnings.warn(
C:\Users\win-10\Desktop\Thesis Project\Programming Workspace\.venv\Lib\site-packages\sklearn\utils\validation.py:2827: UserWarning: X does not have valid feature names, but LGBMRegressor was fitted with feature names
  warnings.warn(
C:\Users\win-10\Desktop\Thesis Project\Programming Workspace\.venv\Lib\site-packages\sklearn\utils\validation.py:2827: UserWarning: X does not have valid feature names, but LGBMRegressor was fitted with feature names
  warnings.warn(
C:\Users\win-10\Desktop\Thesis Project\Programming Workspace\.venv\Lib\site-packages\sklearn\utils\validation.py:2827: UserWarning: X does not have valid feature names, but LGBMRegressor was fitted with feature names
  warnings.warn(
C:\Users\win-10\Desktop\Thesis Project\Programming Workspace\.venv\Lib\site-packages\sklearn\utils\validation.py:2827: UserWarning: X does not have valid feature names, but LGBMRegressor was fitted with feature names
  warnings.warn(
C:\Users\win-10\Desktop\Thesis Project\Programming Workspace\.venv\Lib\site-packages\sklearn\utils\validation.py:2827: UserWarning: X does not have valid feature names, but LGBMRegressor was fitted with feature names
  warnings.warn(
C:\Users\win-10\Desktop\Thesis Project\Programming Workspace\.venv\Lib\site-packages\sklearn\utils\validation.py:2827: UserWarning: X does not have valid feature names, but LGBMRegressor was fitted with feature names
  warnings.warn(
[DailyLightGBM] 675/728 origins (2.2s/origin, ~2 min left)
C:\Users\win-10\Desktop\Thesis Project\Programming Workspace\.venv\Lib\site-packages\sklearn\utils\validation.py:2827: UserWarning: X does not have valid feature names, but LGBMRegressor was fitted with feature names
  warnings.warn(
C:\Users\win-10\Desktop\Thesis Project\Programming Workspace\.venv\Lib\site-packages\sklearn\utils\validation.py:2827: UserWarning: X does not have valid feature names, but LGBMRegressor was fitted with feature names
  warnings.warn(
C:\Users\win-10\Desktop\Thesis Project\Programming Workspace\.venv\Lib\site-packages\sklearn\utils\validation.py:2827: UserWarning: X does not have valid feature names, but LGBMRegressor was fitted with feature names
  warnings.warn(
C:\Users\win-10\Desktop\Thesis Project\Programming Workspace\.venv\Lib\site-packages\sklearn\utils\validation.py:2827: UserWarning: X does not have valid feature names, but LGBMRegressor was fitted with feature names
  warnings.warn(
C:\Users\win-10\Desktop\Thesis Project\Programming Workspace\.venv\Lib\site-packages\sklearn\utils\validation.py:2827: UserWarning: X does not have valid feature names, but LGBMRegressor was fitted with feature names
  warnings.warn(
C:\Users\win-10\Desktop\Thesis Project\Programming Workspace\.venv\Lib\site-packages\sklearn\utils\validation.py:2827: UserWarning: X does not have valid feature names, but LGBMRegressor was fitted with feature names
  warnings.warn(
C:\Users\win-10\Desktop\Thesis Project\Programming Workspace\.venv\Lib\site-packages\sklearn\utils\validation.py:2827: UserWarning: X does not have valid feature names, but LGBMRegressor was fitted with feature names
  warnings.warn(
C:\Users\win-10\Desktop\Thesis Project\Programming Workspace\.venv\Lib\site-packages\sklearn\utils\validation.py:2827: UserWarning: X does not have valid feature names, but LGBMRegressor was fitted with feature names
  warnings.warn(
C:\Users\win-10\Desktop\Thesis Project\Programming Workspace\.venv\Lib\site-packages\sklearn\utils\validation.py:2827: UserWarning: X does not have valid feature names, but LGBMRegressor was fitted with feature names
  warnings.warn(
C:\Users\win-10\Desktop\Thesis Project\Programming Workspace\.venv\Lib\site-packages\sklearn\utils\validation.py:2827: UserWarning: X does not have valid feature names, but LGBMRegressor was fitted with feature names
  warnings.warn(
C:\Users\win-10\Desktop\Thesis Project\Programming Workspace\.venv\Lib\site-packages\sklearn\utils\validation.py:2827: UserWarning: X does not have valid feature names, but LGBMRegressor was fitted with feature names
  warnings.warn(
C:\Users\win-10\Desktop\Thesis Project\Programming Workspace\.venv\Lib\site-packages\sklearn\utils\validation.py:2827: UserWarning: X does not have valid feature names, but LGBMRegressor was fitted with feature names
  warnings.warn(
C:\Users\win-10\Desktop\Thesis Project\Programming Workspace\.venv\Lib\site-packages\sklearn\utils\validation.py:2827: UserWarning: X does not have valid feature names, but LGBMRegressor was fitted with feature names
  warnings.warn(
C:\Users\win-10\Desktop\Thesis Project\Programming Workspace\.venv\Lib\site-packages\sklearn\utils\validation.py:2827: UserWarning: X does not have valid feature names, but LGBMRegressor was fitted with feature names
  warnings.warn(
C:\Users\win-10\Desktop\Thesis Project\Programming Workspace\.venv\Lib\site-packages\sklearn\utils\validation.py:2827: UserWarning: X does not have valid feature names, but LGBMRegressor was fitted with feature names
  warnings.warn(
C:\Users\win-10\Desktop\Thesis Project\Programming Workspace\.venv\Lib\site-packages\sklearn\utils\validation.py:2827: UserWarning: X does not have valid feature names, but LGBMRegressor was fitted with feature names
  warnings.warn(
C:\Users\win-10\Desktop\Thesis Project\Programming Workspace\.venv\Lib\site-packages\sklearn\utils\validation.py:2827: UserWarning: X does not have valid feature names, but LGBMRegressor was fitted with feature names
  warnings.warn(
C:\Users\win-10\Desktop\Thesis Project\Programming Workspace\.venv\Lib\site-packages\sklearn\utils\validation.py:2827: UserWarning: X does not have valid feature names, but LGBMRegressor was fitted with feature names
  warnings.warn(
C:\Users\win-10\Desktop\Thesis Project\Programming Workspace\.venv\Lib\site-packages\sklearn\utils\validation.py:2827: UserWarning: X does not have valid feature names, but LGBMRegressor was fitted with feature names
  warnings.warn(
C:\Users\win-10\Desktop\Thesis Project\Programming Workspace\.venv\Lib\site-packages\sklearn\utils\validation.py:2827: UserWarning: X does not have valid feature names, but LGBMRegressor was fitted with feature names
  warnings.warn(
C:\Users\win-10\Desktop\Thesis Project\Programming Workspace\.venv\Lib\site-packages\sklearn\utils\validation.py:2827: UserWarning: X does not have valid feature names, but LGBMRegressor was fitted with feature names
  warnings.warn(
C:\Users\win-10\Desktop\Thesis Project\Programming Workspace\.venv\Lib\site-packages\sklearn\utils\validation.py:2827: UserWarning: X does not have valid feature names, but LGBMRegressor was fitted with feature names
  warnings.warn(
C:\Users\win-10\Desktop\Thesis Project\Programming Workspace\.venv\Lib\site-packages\sklearn\utils\validation.py:2827: UserWarning: X does not have valid feature names, but LGBMRegressor was fitted with feature names
  warnings.warn(
C:\Users\win-10\Desktop\Thesis Project\Programming Workspace\.venv\Lib\site-packages\sklearn\utils\validation.py:2827: UserWarning: X does not have valid feature names, but LGBMRegressor was fitted with feature names
  warnings.warn(
C:\Users\win-10\Desktop\Thesis Project\Programming Workspace\.venv\Lib\site-packages\sklearn\utils\validation.py:2827: UserWarning: X does not have valid feature names, but LGBMRegressor was fitted with feature names
  warnings.warn(
[DailyLightGBM] 700/728 origins (2.2s/origin, ~1 min left)
C:\Users\win-10\Desktop\Thesis Project\Programming Workspace\.venv\Lib\site-packages\sklearn\utils\validation.py:2827: UserWarning: X does not have valid feature names, but LGBMRegressor was fitted with feature names
  warnings.warn(
C:\Users\win-10\Desktop\Thesis Project\Programming Workspace\.venv\Lib\site-packages\sklearn\utils\validation.py:2827: UserWarning: X does not have valid feature names, but LGBMRegressor was fitted with feature names
  warnings.warn(
C:\Users\win-10\Desktop\Thesis Project\Programming Workspace\.venv\Lib\site-packages\sklearn\utils\validation.py:2827: UserWarning: X does not have valid feature names, but LGBMRegressor was fitted with feature names
  warnings.warn(
C:\Users\win-10\Desktop\Thesis Project\Programming Workspace\.venv\Lib\site-packages\sklearn\utils\validation.py:2827: UserWarning: X does not have valid feature names, but LGBMRegressor was fitted with feature names
  warnings.warn(
C:\Users\win-10\Desktop\Thesis Project\Programming Workspace\.venv\Lib\site-packages\sklearn\utils\validation.py:2827: UserWarning: X does not have valid feature names, but LGBMRegressor was fitted with feature names
  warnings.warn(
C:\Users\win-10\Desktop\Thesis Project\Programming Workspace\.venv\Lib\site-packages\sklearn\utils\validation.py:2827: UserWarning: X does not have valid feature names, but LGBMRegressor was fitted with feature names
  warnings.warn(
C:\Users\win-10\Desktop\Thesis Project\Programming Workspace\.venv\Lib\site-packages\sklearn\utils\validation.py:2827: UserWarning: X does not have valid feature names, but LGBMRegressor was fitted with feature names
  warnings.warn(
C:\Users\win-10\Desktop\Thesis Project\Programming Workspace\.venv\Lib\site-packages\sklearn\utils\validation.py:2827: UserWarning: X does not have valid feature names, but LGBMRegressor was fitted with feature names
  warnings.warn(
C:\Users\win-10\Desktop\Thesis Project\Programming Workspace\.venv\Lib\site-packages\sklearn\utils\validation.py:2827: UserWarning: X does not have valid feature names, but LGBMRegressor was fitted with feature names
  warnings.warn(
C:\Users\win-10\Desktop\Thesis Project\Programming Workspace\.venv\Lib\site-packages\sklearn\utils\validation.py:2827: UserWarning: X does not have valid feature names, but LGBMRegressor was fitted with feature names
  warnings.warn(
C:\Users\win-10\Desktop\Thesis Project\Programming Workspace\.venv\Lib\site-packages\sklearn\utils\validation.py:2827: UserWarning: X does not have valid feature names, but LGBMRegressor was fitted with feature names
  warnings.warn(
C:\Users\win-10\Desktop\Thesis Project\Programming Workspace\.venv\Lib\site-packages\sklearn\utils\validation.py:2827: UserWarning: X does not have valid feature names, but LGBMRegressor was fitted with feature names
  warnings.warn(
C:\Users\win-10\Desktop\Thesis Project\Programming Workspace\.venv\Lib\site-packages\sklearn\utils\validation.py:2827: UserWarning: X does not have valid feature names, but LGBMRegressor was fitted with feature names
  warnings.warn(
C:\Users\win-10\Desktop\Thesis Project\Programming Workspace\.venv\Lib\site-packages\sklearn\utils\validation.py:2827: UserWarning: X does not have valid feature names, but LGBMRegressor was fitted with feature names
  warnings.warn(
C:\Users\win-10\Desktop\Thesis Project\Programming Workspace\.venv\Lib\site-packages\sklearn\utils\validation.py:2827: UserWarning: X does not have valid feature names, but LGBMRegressor was fitted with feature names
  warnings.warn(
C:\Users\win-10\Desktop\Thesis Project\Programming Workspace\.venv\Lib\site-packages\sklearn\utils\validation.py:2827: UserWarning: X does not have valid feature names, but LGBMRegressor was fitted with feature names
  warnings.warn(
C:\Users\win-10\Desktop\Thesis Project\Programming Workspace\.venv\Lib\site-packages\sklearn\utils\validation.py:2827: UserWarning: X does not have valid feature names, but LGBMRegressor was fitted with feature names
  warnings.warn(
C:\Users\win-10\Desktop\Thesis Project\Programming Workspace\.venv\Lib\site-packages\sklearn\utils\validation.py:2827: UserWarning: X does not have valid feature names, but LGBMRegressor was fitted with feature names
  warnings.warn(
C:\Users\win-10\Desktop\Thesis Project\Programming Workspace\.venv\Lib\site-packages\sklearn\utils\validation.py:2827: UserWarning: X does not have valid feature names, but LGBMRegressor was fitted with feature names
  warnings.warn(
C:\Users\win-10\Desktop\Thesis Project\Programming Workspace\.venv\Lib\site-packages\sklearn\utils\validation.py:2827: UserWarning: X does not have valid feature names, but LGBMRegressor was fitted with feature names
  warnings.warn(
C:\Users\win-10\Desktop\Thesis Project\Programming Workspace\.venv\Lib\site-packages\sklearn\utils\validation.py:2827: UserWarning: X does not have valid feature names, but LGBMRegressor was fitted with feature names
  warnings.warn(
C:\Users\win-10\Desktop\Thesis Project\Programming Workspace\.venv\Lib\site-packages\sklearn\utils\validation.py:2827: UserWarning: X does not have valid feature names, but LGBMRegressor was fitted with feature names
  warnings.warn(
C:\Users\win-10\Desktop\Thesis Project\Programming Workspace\.venv\Lib\site-packages\sklearn\utils\validation.py:2827: UserWarning: X does not have valid feature names, but LGBMRegressor was fitted with feature names
  warnings.warn(
C:\Users\win-10\Desktop\Thesis Project\Programming Workspace\.venv\Lib\site-packages\sklearn\utils\validation.py:2827: UserWarning: X does not have valid feature names, but LGBMRegressor was fitted with feature names
  warnings.warn(
C:\Users\win-10\Desktop\Thesis Project\Programming Workspace\.venv\Lib\site-packages\sklearn\utils\validation.py:2827: UserWarning: X does not have valid feature names, but LGBMRegressor was fitted with feature names
  warnings.warn(
[DailyLightGBM] 725/728 origins (2.2s/origin, ~0 min left)
C:\Users\win-10\Desktop\Thesis Project\Programming Workspace\.venv\Lib\site-packages\sklearn\utils\validation.py:2827: UserWarning: X does not have valid feature names, but LGBMRegressor was fitted with feature names
  warnings.warn(
C:\Users\win-10\Desktop\Thesis Project\Programming Workspace\.venv\Lib\site-packages\sklearn\utils\validation.py:2827: UserWarning: X does not have valid feature names, but LGBMRegressor was fitted with feature names
  warnings.warn(
C:\Users\win-10\Desktop\Thesis Project\Programming Workspace\.venv\Lib\site-packages\sklearn\utils\validation.py:2827: UserWarning: X does not have valid feature names, but LGBMRegressor was fitted with feature names
  warnings.warn(
[DailyLightGBM] 728/728 origins (2.2s/origin, ~0 min left)
[DailyLightGBM] DONE -> C:\Users\win-10\Desktop\Thesis Project\Programming Workspace\data\processed\daily_direct\dailylightgbm.csv
[DailyLSTM] 728 of 728 origins to run
WARNING: All log messages before absl::InitializeLog() is called are written to STDERR
I0000 00:00:1785812264.039387   19268 port.cc:153] oneDNN custom operations are on. You may see slightly different numerical results due to floating-point round-off errors from different computation orders. To turn them off, set the environment variable `TF_ENABLE_ONEDNN_OPTS=0`.
WARNING: All log messages before absl::InitializeLog() is called are written to STDERR
I0000 00:00:1785812265.492960   19268 port.cc:153] oneDNN custom operations are on. You may see slightly different numerical results due to floating-point round-off errors from different computation orders. To turn them off, set the environment variable `TF_ENABLE_ONEDNN_OPTS=0`.
WARNING:tensorflow:TensorFlow GPU support is not available on native Windows for TensorFlow >= 2.11. Even if CUDA/cuDNN are installed, GPU will not be used. Please use WSL2 or the TensorFlow-DirectML plugin.
E0000 00:00:1785812266.369248   19268 node_def_util.cc:682] NodeDef mentions attribute use_unbounded_threadpool which is not in the op definition: Op<name=MapDataset; signature=input_dataset:variant, other_arguments: -> handle:variant; attr=f:func; attr=Targuments:list(type),min=0; 
attr=output_types:list(type),min=1; attr=output_shapes:list(shape),min=1; attr=use_inter_op_parallelism:bool,default=true; attr=preserve_cardinality:bool,default=false; attr=force_synchronous:bool,default=false; attr=metadata:string,default=""> This may be expected if your graph generating binary is newer  than 
this binary. Unknown attributes will be ignored. NodeDef: {{node ParallelMapDatasetV2/_16}}
E0000 00:00:1785812273.595961   19268 node_def_util.cc:682] NodeDef mentions attribute use_unbounded_threadpool which is not in the op definition: Op<name=MapDataset; signature=input_dataset:variant, other_arguments: -> handle:variant; attr=f:func; attr=Targuments:list(type),min=0; 
attr=output_types:list(type),min=1; attr=output_shapes:list(shape),min=1; attr=use_inter_op_parallelism:bool,default=true; attr=preserve_cardinality:bool,default=false; attr=force_synchronous:bool,default=false; attr=metadata:string,default=""> This may be expected if your graph generating binary is newer  than 
this binary. Unknown attributes will be ignored. NodeDef: {{node ParallelMapDatasetV2/_15}}
E0000 00:00:1785812281.447881   19268 node_def_util.cc:682] NodeDef mentions attribute use_unbounded_threadpool which is not in the op definition: Op<name=MapDataset; signature=input_dataset:variant, other_arguments: -> handle:variant; attr=f:func; attr=Targuments:list(type),min=0; 
attr=output_types:list(type),min=1; attr=output_shapes:list(shape),min=1; attr=use_inter_op_parallelism:bool,default=true; attr=preserve_cardinality:bool,default=false; attr=force_synchronous:bool,default=false; attr=metadata:string,default=""> This may be expected if your graph generating binary is newer  than 
this binary. Unknown attributes will be ignored. NodeDef: {{node ParallelMapDatasetV2/_15}}
E0000 00:00:1785812289.258160   19268 node_def_util.cc:682] NodeDef mentions attribute use_unbounded_threadpool which is not in the op definition: Op<name=MapDataset; signature=input_dataset:variant, other_arguments: -> handle:variant; attr=f:func; attr=Targuments:list(type),min=0; 
attr=output_types:list(type),min=1; attr=output_shapes:list(shape),min=1; attr=use_inter_op_parallelism:bool,default=true; attr=preserve_cardinality:bool,default=false; attr=force_synchronous:bool,default=false; attr=metadata:string,default=""> This may be expected if your graph generating binary is newer  than 
this binary. Unknown attributes will be ignored. NodeDef: {{node ParallelMapDatasetV2/_15}}
E0000 00:00:1785812297.005652   19268 node_def_util.cc:682] NodeDef mentions attribute use_unbounded_threadpool which is not in the op definition: Op<name=MapDataset; signature=input_dataset:variant, other_arguments: -> handle:variant; attr=f:func; attr=Targuments:list(type),min=0; 
attr=output_types:list(type),min=1; attr=output_shapes:list(shape),min=1; attr=use_inter_op_parallelism:bool,default=true; attr=preserve_cardinality:bool,default=false; attr=force_synchronous:bool,default=false; attr=metadata:string,default=""> This may be expected if your graph generating binary is newer  than 
this binary. Unknown attributes will be ignored. NodeDef: {{node ParallelMapDatasetV2/_15}}
[DailyLSTM] 25/728 origins (1.3s/origin, ~16 min left)
E0000 00:00:1785812304.811427   19268 node_def_util.cc:682] NodeDef mentions attribute use_unbounded_threadpool which is not in the op definition: Op<name=MapDataset; signature=input_dataset:variant, other_arguments: -> handle:variant; attr=f:func; attr=Targuments:list(type),min=0; 
attr=output_types:list(type),min=1; attr=output_shapes:list(shape),min=1; attr=use_inter_op_parallelism:bool,default=true; attr=preserve_cardinality:bool,default=false; attr=force_synchronous:bool,default=false; attr=metadata:string,default=""> This may be expected if your graph generating binary is newer  than 
this binary. Unknown attributes will be ignored. NodeDef: {{node ParallelMapDatasetV2/_15}}
E0000 00:00:1785812312.556271   19268 node_def_util.cc:682] NodeDef mentions attribute use_unbounded_threadpool which is not in the op definition: Op<name=MapDataset; signature=input_dataset:variant, other_arguments: -> handle:variant; attr=f:func; attr=Targuments:list(type),min=0; 
attr=output_types:list(type),min=1; attr=output_shapes:list(shape),min=1; attr=use_inter_op_parallelism:bool,default=true; attr=preserve_cardinality:bool,default=false; attr=force_synchronous:bool,default=false; attr=metadata:string,default=""> This may be expected if your graph generating binary is newer  than 
this binary. Unknown attributes will be ignored. NodeDef: {{node ParallelMapDatasetV2/_15}}
E0000 00:00:1785812320.428540   19268 node_def_util.cc:682] NodeDef mentions attribute use_unbounded_threadpool which is not in the op definition: Op<name=MapDataset; signature=input_dataset:variant, other_arguments: -> handle:variant; attr=f:func; attr=Targuments:list(type),min=0; 
attr=output_types:list(type),min=1; attr=output_shapes:list(shape),min=1; attr=use_inter_op_parallelism:bool,default=true; attr=preserve_cardinality:bool,default=false; attr=force_synchronous:bool,default=false; attr=metadata:string,default=""> This may be expected if your graph generating binary is newer  than 
this binary. Unknown attributes will be ignored. NodeDef: {{node ParallelMapDatasetV2/_15}}
E0000 00:00:1785812328.363362   19268 node_def_util.cc:682] NodeDef mentions attribute use_unbounded_threadpool which is not in the op definition: Op<name=MapDataset; signature=input_dataset:variant, other_arguments: -> handle:variant; attr=f:func; attr=Targuments:list(type),min=0; 
attr=output_types:list(type),min=1; attr=output_shapes:list(shape),min=1; attr=use_inter_op_parallelism:bool,default=true; attr=preserve_cardinality:bool,default=false; attr=force_synchronous:bool,default=false; attr=metadata:string,default=""> This may be expected if your graph generating binary is newer  than 
this binary. Unknown attributes will be ignored. NodeDef: {{node ParallelMapDatasetV2/_15}}
[DailyLSTM] 50/728 origins (1.3s/origin, ~15 min left)
E0000 00:00:1785812336.148865   19268 node_def_util.cc:682] NodeDef mentions attribute use_unbounded_threadpool which is not in the op definition: Op<name=MapDataset; signature=input_dataset:variant, other_arguments: -> handle:variant; attr=f:func; attr=Targuments:list(type),min=0; 
attr=output_types:list(type),min=1; attr=output_shapes:list(shape),min=1; attr=use_inter_op_parallelism:bool,default=true; attr=preserve_cardinality:bool,default=false; attr=force_synchronous:bool,default=false; attr=metadata:string,default=""> This may be expected if your graph generating binary is newer  than 
this binary. Unknown attributes will be ignored. NodeDef: {{node ParallelMapDatasetV2/_15}}
E0000 00:00:1785812344.046998   19268 node_def_util.cc:682] NodeDef mentions attribute use_unbounded_threadpool which is not in the op definition: Op<name=MapDataset; signature=input_dataset:variant, other_arguments: -> handle:variant; attr=f:func; attr=Targuments:list(type),min=0; 
attr=output_types:list(type),min=1; attr=output_shapes:list(shape),min=1; attr=use_inter_op_parallelism:bool,default=true; attr=preserve_cardinality:bool,default=false; attr=force_synchronous:bool,default=false; attr=metadata:string,default=""> This may be expected if your graph generating binary is newer  than 
this binary. Unknown attributes will be ignored. NodeDef: {{node ParallelMapDatasetV2/_15}}
E0000 00:00:1785812351.816062   19268 node_def_util.cc:682] NodeDef mentions attribute use_unbounded_threadpool which is not in the op definition: Op<name=MapDataset; signature=input_dataset:variant, other_arguments: -> handle:variant; attr=f:func; attr=Targuments:list(type),min=0; 
attr=output_types:list(type),min=1; attr=output_shapes:list(shape),min=1; attr=use_inter_op_parallelism:bool,default=true; attr=preserve_cardinality:bool,default=false; attr=force_synchronous:bool,default=false; attr=metadata:string,default=""> This may be expected if your graph generating binary is newer  than 
this binary. Unknown attributes will be ignored. NodeDef: {{node ParallelMapDatasetV2/_15}}
[DailyLSTM] 75/728 origins (1.2s/origin, ~13 min left)
E0000 00:00:1785812359.611679   19268 node_def_util.cc:682] NodeDef mentions attribute use_unbounded_threadpool which is not in the op definition: Op<name=MapDataset; signature=input_dataset:variant, other_arguments: -> handle:variant; attr=f:func; attr=Targuments:list(type),min=0; 
attr=output_types:list(type),min=1; attr=output_shapes:list(shape),min=1; attr=use_inter_op_parallelism:bool,default=true; attr=preserve_cardinality:bool,default=false; attr=force_synchronous:bool,default=false; attr=metadata:string,default=""> This may be expected if your graph generating binary is newer  than 
this binary. Unknown attributes will be ignored. NodeDef: {{node ParallelMapDatasetV2/_15}}
E0000 00:00:1785812367.502729   19268 node_def_util.cc:682] NodeDef mentions attribute use_unbounded_threadpool which is not in the op definition: Op<name=MapDataset; signature=input_dataset:variant, other_arguments: -> handle:variant; attr=f:func; attr=Targuments:list(type),min=0; 
attr=output_types:list(type),min=1; attr=output_shapes:list(shape),min=1; attr=use_inter_op_parallelism:bool,default=true; attr=preserve_cardinality:bool,default=false; attr=force_synchronous:bool,default=false; attr=metadata:string,default=""> This may be expected if your graph generating binary is newer  than 
this binary. Unknown attributes will be ignored. NodeDef: {{node ParallelMapDatasetV2/_15}}
E0000 00:00:1785812375.511242   19268 node_def_util.cc:682] NodeDef mentions attribute use_unbounded_threadpool which is not in the op definition: Op<name=MapDataset; signature=input_dataset:variant, other_arguments: -> handle:variant; attr=f:func; attr=Targuments:list(type),min=0; 
attr=output_types:list(type),min=1; attr=output_shapes:list(shape),min=1; attr=use_inter_op_parallelism:bool,default=true; attr=preserve_cardinality:bool,default=false; attr=force_synchronous:bool,default=false; attr=metadata:string,default=""> This may be expected if your graph generating binary is newer  than 
this binary. Unknown attributes will be ignored. NodeDef: {{node ParallelMapDatasetV2/_15}}
E0000 00:00:1785812383.310041   19268 node_def_util.cc:682] NodeDef mentions attribute use_unbounded_threadpool which is not in the op definition: Op<name=MapDataset; signature=input_dataset:variant, other_arguments: -> handle:variant; attr=f:func; attr=Targuments:list(type),min=0; 
attr=output_types:list(type),min=1; attr=output_shapes:list(shape),min=1; attr=use_inter_op_parallelism:bool,default=true; attr=preserve_cardinality:bool,default=false; attr=force_synchronous:bool,default=false; attr=metadata:string,default=""> This may be expected if your graph generating binary is newer  than 
this binary. Unknown attributes will be ignored. NodeDef: {{node ParallelMapDatasetV2/_15}}
[DailyLSTM] 100/728 origins (1.2s/origin, ~13 min left)
E0000 00:00:1785812391.230945   19268 node_def_util.cc:682] NodeDef mentions attribute use_unbounded_threadpool which is not in the op definition: Op<name=MapDataset; signature=input_dataset:variant, other_arguments: -> handle:variant; attr=f:func; attr=Targuments:list(type),min=0; 
attr=output_types:list(type),min=1; attr=output_shapes:list(shape),min=1; attr=use_inter_op_parallelism:bool,default=true; attr=preserve_cardinality:bool,default=false; attr=force_synchronous:bool,default=false; attr=metadata:string,default=""> This may be expected if your graph generating binary is newer  than 
this binary. Unknown attributes will be ignored. NodeDef: {{node ParallelMapDatasetV2/_15}}
E0000 00:00:1785812399.096357   19268 node_def_util.cc:682] NodeDef mentions attribute use_unbounded_threadpool which is not in the op definition: Op<name=MapDataset; signature=input_dataset:variant, other_arguments: -> handle:variant; attr=f:func; attr=Targuments:list(type),min=0; 
attr=output_types:list(type),min=1; attr=output_shapes:list(shape),min=1; attr=use_inter_op_parallelism:bool,default=true; attr=preserve_cardinality:bool,default=false; attr=force_synchronous:bool,default=false; attr=metadata:string,default=""> This may be expected if your graph generating binary is newer  than 
this binary. Unknown attributes will be ignored. NodeDef: {{node ParallelMapDatasetV2/_15}}
E0000 00:00:1785812406.938846   19268 node_def_util.cc:682] NodeDef mentions attribute use_unbounded_threadpool which is not in the op definition: Op<name=MapDataset; signature=input_dataset:variant, other_arguments: -> handle:variant; attr=f:func; attr=Targuments:list(type),min=0; 
attr=output_types:list(type),min=1; attr=output_shapes:list(shape),min=1; attr=use_inter_op_parallelism:bool,default=true; attr=preserve_cardinality:bool,default=false; attr=force_synchronous:bool,default=false; attr=metadata:string,default=""> This may be expected if your graph generating binary is newer  than 
this binary. Unknown attributes will be ignored. NodeDef: {{node ParallelMapDatasetV2/_15}}
[DailyLSTM] 125/728 origins (1.1s/origin, ~12 min left)
E0000 00:00:1785812414.742340   19268 node_def_util.cc:682] NodeDef mentions attribute use_unbounded_threadpool which is not in the op definition: Op<name=MapDataset; signature=input_dataset:variant, other_arguments: -> handle:variant; attr=f:func; attr=Targuments:list(type),min=0; 
attr=output_types:list(type),min=1; attr=output_shapes:list(shape),min=1; attr=use_inter_op_parallelism:bool,default=true; attr=preserve_cardinality:bool,default=false; attr=force_synchronous:bool,default=false; attr=metadata:string,default=""> This may be expected if your graph generating binary is newer  than 
this binary. Unknown attributes will be ignored. NodeDef: {{node ParallelMapDatasetV2/_15}}
E0000 00:00:1785812422.596170   19268 node_def_util.cc:682] NodeDef mentions attribute use_unbounded_threadpool which is not in the op definition: Op<name=MapDataset; signature=input_dataset:variant, other_arguments: -> handle:variant; attr=f:func; attr=Targuments:list(type),min=0; 
attr=output_types:list(type),min=1; attr=output_shapes:list(shape),min=1; attr=use_inter_op_parallelism:bool,default=true; attr=preserve_cardinality:bool,default=false; attr=force_synchronous:bool,default=false; attr=metadata:string,default=""> This may be expected if your graph generating binary is newer  than 
this binary. Unknown attributes will be ignored. NodeDef: {{node ParallelMapDatasetV2/_15}}
E0000 00:00:1785812430.398110   19268 node_def_util.cc:682] NodeDef mentions attribute use_unbounded_threadpool which is not in the op definition: Op<name=MapDataset; signature=input_dataset:variant, other_arguments: -> handle:variant; attr=f:func; attr=Targuments:list(type),min=0; 
attr=output_types:list(type),min=1; attr=output_shapes:list(shape),min=1; attr=use_inter_op_parallelism:bool,default=true; attr=preserve_cardinality:bool,default=false; attr=force_synchronous:bool,default=false; attr=metadata:string,default=""> This may be expected if your graph generating binary is newer  than 
this binary. Unknown attributes will be ignored. NodeDef: {{node ParallelMapDatasetV2/_15}}
E0000 00:00:1785812438.597920   19268 node_def_util.cc:682] NodeDef mentions attribute use_unbounded_threadpool which is not in the op definition: Op<name=MapDataset; signature=input_dataset:variant, other_arguments: -> handle:variant; attr=f:func; attr=Targuments:list(type),min=0; 
attr=output_types:list(type),min=1; attr=output_shapes:list(shape),min=1; attr=use_inter_op_parallelism:bool,default=true; attr=preserve_cardinality:bool,default=false; attr=force_synchronous:bool,default=false; attr=metadata:string,default=""> This may be expected if your graph generating binary is newer  than 
this binary. Unknown attributes will be ignored. NodeDef: {{node ParallelMapDatasetV2/_15}}
[DailyLSTM] 150/728 origins (1.2s/origin, ~11 min left)
E0000 00:00:1785812446.893365   19268 node_def_util.cc:682] NodeDef mentions attribute use_unbounded_threadpool which is not in the op definition: Op<name=MapDataset; signature=input_dataset:variant, other_arguments: -> handle:variant; attr=f:func; attr=Targuments:list(type),min=0; 
attr=output_types:list(type),min=1; attr=output_shapes:list(shape),min=1; attr=use_inter_op_parallelism:bool,default=true; attr=preserve_cardinality:bool,default=false; attr=force_synchronous:bool,default=false; attr=metadata:string,default=""> This may be expected if your graph generating binary is newer  than 
this binary. Unknown attributes will be ignored. NodeDef: {{node ParallelMapDatasetV2/_15}}
E0000 00:00:1785812454.816057   19268 node_def_util.cc:682] NodeDef mentions attribute use_unbounded_threadpool which is not in the op definition: Op<name=MapDataset; signature=input_dataset:variant, other_arguments: -> handle:variant; attr=f:func; attr=Targuments:list(type),min=0; 
attr=output_types:list(type),min=1; attr=output_shapes:list(shape),min=1; attr=use_inter_op_parallelism:bool,default=true; attr=preserve_cardinality:bool,default=false; attr=force_synchronous:bool,default=false; attr=metadata:string,default=""> This may be expected if your graph generating binary is newer  than 
this binary. Unknown attributes will be ignored. NodeDef: {{node ParallelMapDatasetV2/_15}}
E0000 00:00:1785812462.658228   19268 node_def_util.cc:682] NodeDef mentions attribute use_unbounded_threadpool which is not in the op definition: Op<name=MapDataset; signature=input_dataset:variant, other_arguments: -> handle:variant; attr=f:func; attr=Targuments:list(type),min=0; 
attr=output_types:list(type),min=1; attr=output_shapes:list(shape),min=1; attr=use_inter_op_parallelism:bool,default=true; attr=preserve_cardinality:bool,default=false; attr=force_synchronous:bool,default=false; attr=metadata:string,default=""> This may be expected if your graph generating binary is newer  than 
this binary. Unknown attributes will be ignored. NodeDef: {{node ParallelMapDatasetV2/_15}}
[DailyLSTM] 175/728 origins (1.1s/origin, ~10 min left)
E0000 00:00:1785812470.416402   19268 node_def_util.cc:682] NodeDef mentions attribute use_unbounded_threadpool which is not in the op definition: Op<name=MapDataset; signature=input_dataset:variant, other_arguments: -> handle:variant; attr=f:func; attr=Targuments:list(type),min=0; 
attr=output_types:list(type),min=1; attr=output_shapes:list(shape),min=1; attr=use_inter_op_parallelism:bool,default=true; attr=preserve_cardinality:bool,default=false; attr=force_synchronous:bool,default=false; attr=metadata:string,default=""> This may be expected if your graph generating binary is newer  than 
this binary. Unknown attributes will be ignored. NodeDef: {{node ParallelMapDatasetV2/_15}}
E0000 00:00:1785812478.234188   19268 node_def_util.cc:682] NodeDef mentions attribute use_unbounded_threadpool which is not in the op definition: Op<name=MapDataset; signature=input_dataset:variant, other_arguments: -> handle:variant; attr=f:func; attr=Targuments:list(type),min=0; 
attr=output_types:list(type),min=1; attr=output_shapes:list(shape),min=1; attr=use_inter_op_parallelism:bool,default=true; attr=preserve_cardinality:bool,default=false; attr=force_synchronous:bool,default=false; attr=metadata:string,default=""> This may be expected if your graph generating binary is newer  than 
this binary. Unknown attributes will be ignored. NodeDef: {{node ParallelMapDatasetV2/_15}}
E0000 00:00:1785812486.173295   19268 node_def_util.cc:682] NodeDef mentions attribute use_unbounded_threadpool which is not in the op definition: Op<name=MapDataset; signature=input_dataset:variant, other_arguments: -> handle:variant; attr=f:func; attr=Targuments:list(type),min=0; 
attr=output_types:list(type),min=1; attr=output_shapes:list(shape),min=1; attr=use_inter_op_parallelism:bool,default=true; attr=preserve_cardinality:bool,default=false; attr=force_synchronous:bool,default=false; attr=metadata:string,default=""> This may be expected if your graph generating binary is newer  than 
this binary. Unknown attributes will be ignored. NodeDef: {{node ParallelMapDatasetV2/_15}}
E0000 00:00:1785812493.935571   19268 node_def_util.cc:682] NodeDef mentions attribute use_unbounded_threadpool which is not in the op definition: Op<name=MapDataset; signature=input_dataset:variant, other_arguments: -> handle:variant; attr=f:func; attr=Targuments:list(type),min=0; 
attr=output_types:list(type),min=1; attr=output_shapes:list(shape),min=1; attr=use_inter_op_parallelism:bool,default=true; attr=preserve_cardinality:bool,default=false; attr=force_synchronous:bool,default=false; attr=metadata:string,default=""> This may be expected if your graph generating binary is newer  than 
this binary. Unknown attributes will be ignored. NodeDef: {{node ParallelMapDatasetV2/_15}}
[DailyLSTM] 200/728 origins (1.2s/origin, ~10 min left)
E0000 00:00:1785812501.774093   19268 node_def_util.cc:682] NodeDef mentions attribute use_unbounded_threadpool which is not in the op definition: Op<name=MapDataset; signature=input_dataset:variant, other_arguments: -> handle:variant; attr=f:func; attr=Targuments:list(type),min=0; 
attr=output_types:list(type),min=1; attr=output_shapes:list(shape),min=1; attr=use_inter_op_parallelism:bool,default=true; attr=preserve_cardinality:bool,default=false; attr=force_synchronous:bool,default=false; attr=metadata:string,default=""> This may be expected if your graph generating binary is newer  than 
this binary. Unknown attributes will be ignored. NodeDef: {{node ParallelMapDatasetV2/_15}}
E0000 00:00:1785812510.022873   19268 node_def_util.cc:682] NodeDef mentions attribute use_unbounded_threadpool which is not in the op definition: Op<name=MapDataset; signature=input_dataset:variant, other_arguments: -> handle:variant; attr=f:func; attr=Targuments:list(type),min=0; 
attr=output_types:list(type),min=1; attr=output_shapes:list(shape),min=1; attr=use_inter_op_parallelism:bool,default=true; attr=preserve_cardinality:bool,default=false; attr=force_synchronous:bool,default=false; attr=metadata:string,default=""> This may be expected if your graph generating binary is newer  than 
this binary. Unknown attributes will be ignored. NodeDef: {{node ParallelMapDatasetV2/_15}}
E0000 00:00:1785812517.887669   19268 node_def_util.cc:682] NodeDef mentions attribute use_unbounded_threadpool which is not in the op definition: Op<name=MapDataset; signature=input_dataset:variant, other_arguments: -> handle:variant; attr=f:func; attr=Targuments:list(type),min=0; 
attr=output_types:list(type),min=1; attr=output_shapes:list(shape),min=1; attr=use_inter_op_parallelism:bool,default=true; attr=preserve_cardinality:bool,default=false; attr=force_synchronous:bool,default=false; attr=metadata:string,default=""> This may be expected if your graph generating binary is newer  than 
this binary. Unknown attributes will be ignored. NodeDef: {{node ParallelMapDatasetV2/_15}}
E0000 00:00:1785812525.730917   19268 node_def_util.cc:682] NodeDef mentions attribute use_unbounded_threadpool which is not in the op definition: Op<name=MapDataset; signature=input_dataset:variant, other_arguments: -> handle:variant; attr=f:func; attr=Targuments:list(type),min=0; 
attr=output_types:list(type),min=1; attr=output_shapes:list(shape),min=1; attr=use_inter_op_parallelism:bool,default=true; attr=preserve_cardinality:bool,default=false; attr=force_synchronous:bool,default=false; attr=metadata:string,default=""> This may be expected if your graph generating binary is newer  than 
this binary. Unknown attributes will be ignored. NodeDef: {{node ParallelMapDatasetV2/_15}}
[DailyLSTM] 225/728 origins (1.2s/origin, ~10 min left)
E0000 00:00:1785812533.549739   19268 node_def_util.cc:682] NodeDef mentions attribute use_unbounded_threadpool which is not in the op definition: Op<name=MapDataset; signature=input_dataset:variant, other_arguments: -> handle:variant; attr=f:func; attr=Targuments:list(type),min=0; 
attr=output_types:list(type),min=1; attr=output_shapes:list(shape),min=1; attr=use_inter_op_parallelism:bool,default=true; attr=preserve_cardinality:bool,default=false; attr=force_synchronous:bool,default=false; attr=metadata:string,default=""> This may be expected if your graph generating binary is newer  than 
this binary. Unknown attributes will be ignored. NodeDef: {{node ParallelMapDatasetV2/_15}}
E0000 00:00:1785812541.409677   19268 node_def_util.cc:682] NodeDef mentions attribute use_unbounded_threadpool which is not in the op definition: Op<name=MapDataset; signature=input_dataset:variant, other_arguments: -> handle:variant; attr=f:func; attr=Targuments:list(type),min=0; 
attr=output_types:list(type),min=1; attr=output_shapes:list(shape),min=1; attr=use_inter_op_parallelism:bool,default=true; attr=preserve_cardinality:bool,default=false; attr=force_synchronous:bool,default=false; attr=metadata:string,default=""> This may be expected if your graph generating binary is newer  than 
this binary. Unknown attributes will be ignored. NodeDef: {{node ParallelMapDatasetV2/_15}}
E0000 00:00:1785812549.226939   19268 node_def_util.cc:682] NodeDef mentions attribute use_unbounded_threadpool which is not in the op definition: Op<name=MapDataset; signature=input_dataset:variant, other_arguments: -> handle:variant; attr=f:func; attr=Targuments:list(type),min=0; 
attr=output_types:list(type),min=1; attr=output_shapes:list(shape),min=1; attr=use_inter_op_parallelism:bool,default=true; attr=preserve_cardinality:bool,default=false; attr=force_synchronous:bool,default=false; attr=metadata:string,default=""> This may be expected if your graph generating binary is newer  than 
this binary. Unknown attributes will be ignored. NodeDef: {{node ParallelMapDatasetV2/_15}}
[DailyLSTM] 250/728 origins (1.1s/origin, ~9 min left)
E0000 00:00:1785812557.010726   19268 node_def_util.cc:682] NodeDef mentions attribute use_unbounded_threadpool which is not in the op definition: Op<name=MapDataset; signature=input_dataset:variant, other_arguments: -> handle:variant; attr=f:func; attr=Targuments:list(type),min=0; 
attr=output_types:list(type),min=1; attr=output_shapes:list(shape),min=1; attr=use_inter_op_parallelism:bool,default=true; attr=preserve_cardinality:bool,default=false; attr=force_synchronous:bool,default=false; attr=metadata:string,default=""> This may be expected if your graph generating binary is newer  than 
this binary. Unknown attributes will be ignored. NodeDef: {{node ParallelMapDatasetV2/_15}}
E0000 00:00:1785812564.781544   19268 node_def_util.cc:682] NodeDef mentions attribute use_unbounded_threadpool which is not in the op definition: Op<name=MapDataset; signature=input_dataset:variant, other_arguments: -> handle:variant; attr=f:func; attr=Targuments:list(type),min=0; 
attr=output_types:list(type),min=1; attr=output_shapes:list(shape),min=1; attr=use_inter_op_parallelism:bool,default=true; attr=preserve_cardinality:bool,default=false; attr=force_synchronous:bool,default=false; attr=metadata:string,default=""> This may be expected if your graph generating binary is newer  than 
this binary. Unknown attributes will be ignored. NodeDef: {{node ParallelMapDatasetV2/_15}}
E0000 00:00:1785812572.615168   19268 node_def_util.cc:682] NodeDef mentions attribute use_unbounded_threadpool which is not in the op definition: Op<name=MapDataset; signature=input_dataset:variant, other_arguments: -> handle:variant; attr=f:func; attr=Targuments:list(type),min=0; 
attr=output_types:list(type),min=1; attr=output_shapes:list(shape),min=1; attr=use_inter_op_parallelism:bool,default=true; attr=preserve_cardinality:bool,default=false; attr=force_synchronous:bool,default=false; attr=metadata:string,default=""> This may be expected if your graph generating binary is newer  than 
this binary. Unknown attributes will be ignored. NodeDef: {{node ParallelMapDatasetV2/_15}}
E0000 00:00:1785812580.396623   19268 node_def_util.cc:682] NodeDef mentions attribute use_unbounded_threadpool which is not in the op definition: Op<name=MapDataset; signature=input_dataset:variant, other_arguments: -> handle:variant; attr=f:func; attr=Targuments:list(type),min=0; 
attr=output_types:list(type),min=1; attr=output_shapes:list(shape),min=1; attr=use_inter_op_parallelism:bool,default=true; attr=preserve_cardinality:bool,default=false; attr=force_synchronous:bool,default=false; attr=metadata:string,default=""> This may be expected if your graph generating binary is newer  than 
this binary. Unknown attributes will be ignored. NodeDef: {{node ParallelMapDatasetV2/_15}}
[DailyLSTM] 275/728 origins (1.2s/origin, ~9 min left)
E0000 00:00:1785812588.186034   19268 node_def_util.cc:682] NodeDef mentions attribute use_unbounded_threadpool which is not in the op definition: Op<name=MapDataset; signature=input_dataset:variant, other_arguments: -> handle:variant; attr=f:func; attr=Targuments:list(type),min=0; 
attr=output_types:list(type),min=1; attr=output_shapes:list(shape),min=1; attr=use_inter_op_parallelism:bool,default=true; attr=preserve_cardinality:bool,default=false; attr=force_synchronous:bool,default=false; attr=metadata:string,default=""> This may be expected if your graph generating binary is newer  than 
this binary. Unknown attributes will be ignored. NodeDef: {{node ParallelMapDatasetV2/_15}}
E0000 00:00:1785812596.437559   19268 node_def_util.cc:682] NodeDef mentions attribute use_unbounded_threadpool which is not in the op definition: Op<name=MapDataset; signature=input_dataset:variant, other_arguments: -> handle:variant; attr=f:func; attr=Targuments:list(type),min=0; 
attr=output_types:list(type),min=1; attr=output_shapes:list(shape),min=1; attr=use_inter_op_parallelism:bool,default=true; attr=preserve_cardinality:bool,default=false; attr=force_synchronous:bool,default=false; attr=metadata:string,default=""> This may be expected if your graph generating binary is newer  than 
this binary. Unknown attributes will be ignored. NodeDef: {{node ParallelMapDatasetV2/_15}}
E0000 00:00:1785812604.365632   19268 node_def_util.cc:682] NodeDef mentions attribute use_unbounded_threadpool which is not in the op definition: Op<name=MapDataset; signature=input_dataset:variant, other_arguments: -> handle:variant; attr=f:func; attr=Targuments:list(type),min=0; 
attr=output_types:list(type),min=1; attr=output_shapes:list(shape),min=1; attr=use_inter_op_parallelism:bool,default=true; attr=preserve_cardinality:bool,default=false; attr=force_synchronous:bool,default=false; attr=metadata:string,default=""> This may be expected if your graph generating binary is newer  than 
this binary. Unknown attributes will be ignored. NodeDef: {{node ParallelMapDatasetV2/_15}}
[DailyLSTM] 300/728 origins (1.1s/origin, ~8 min left)
E0000 00:00:1785812612.170970   19268 node_def_util.cc:682] NodeDef mentions attribute use_unbounded_threadpool which is not in the op definition: Op<name=MapDataset; signature=input_dataset:variant, other_arguments: -> handle:variant; attr=f:func; attr=Targuments:list(type),min=0; 
attr=output_types:list(type),min=1; attr=output_shapes:list(shape),min=1; attr=use_inter_op_parallelism:bool,default=true; attr=preserve_cardinality:bool,default=false; attr=force_synchronous:bool,default=false; attr=metadata:string,default=""> This may be expected if your graph generating binary is newer  than 
this binary. Unknown attributes will be ignored. NodeDef: {{node ParallelMapDatasetV2/_15}}
E0000 00:00:1785812620.005107   19268 node_def_util.cc:682] NodeDef mentions attribute use_unbounded_threadpool which is not in the op definition: Op<name=MapDataset; signature=input_dataset:variant, other_arguments: -> handle:variant; attr=f:func; attr=Targuments:list(type),min=0; 
attr=output_types:list(type),min=1; attr=output_shapes:list(shape),min=1; attr=use_inter_op_parallelism:bool,default=true; attr=preserve_cardinality:bool,default=false; attr=force_synchronous:bool,default=false; attr=metadata:string,default=""> This may be expected if your graph generating binary is newer  than 
this binary. Unknown attributes will be ignored. NodeDef: {{node ParallelMapDatasetV2/_15}}
E0000 00:00:1785812627.834077   19268 node_def_util.cc:682] NodeDef mentions attribute use_unbounded_threadpool which is not in the op definition: Op<name=MapDataset; signature=input_dataset:variant, other_arguments: -> handle:variant; attr=f:func; attr=Targuments:list(type),min=0; 
attr=output_types:list(type),min=1; attr=output_shapes:list(shape),min=1; attr=use_inter_op_parallelism:bool,default=true; attr=preserve_cardinality:bool,default=false; attr=force_synchronous:bool,default=false; attr=metadata:string,default=""> This may be expected if your graph generating binary is newer  than 
this binary. Unknown attributes will be ignored. NodeDef: {{node ParallelMapDatasetV2/_15}}
E0000 00:00:1785812635.657112   19268 node_def_util.cc:682] NodeDef mentions attribute use_unbounded_threadpool which is not in the op definition: Op<name=MapDataset; signature=input_dataset:variant, other_arguments: -> handle:variant; attr=f:func; attr=Targuments:list(type),min=0; 
attr=output_types:list(type),min=1; attr=output_shapes:list(shape),min=1; attr=use_inter_op_parallelism:bool,default=true; attr=preserve_cardinality:bool,default=false; attr=force_synchronous:bool,default=false; attr=metadata:string,default=""> This may be expected if your graph generating binary is newer  than 
this binary. Unknown attributes will be ignored. NodeDef: {{node ParallelMapDatasetV2/_15}}
[DailyLSTM] 325/728 origins (1.1s/origin, ~8 min left)
E0000 00:00:1785812643.450206   19268 node_def_util.cc:682] NodeDef mentions attribute use_unbounded_threadpool which is not in the op definition: Op<name=MapDataset; signature=input_dataset:variant, other_arguments: -> handle:variant; attr=f:func; attr=Targuments:list(type),min=0; 
attr=output_types:list(type),min=1; attr=output_shapes:list(shape),min=1; attr=use_inter_op_parallelism:bool,default=true; attr=preserve_cardinality:bool,default=false; attr=force_synchronous:bool,default=false; attr=metadata:string,default=""> This may be expected if your graph generating binary is newer  than 
this binary. Unknown attributes will be ignored. NodeDef: {{node ParallelMapDatasetV2/_15}}
E0000 00:00:1785812651.221300   19268 node_def_util.cc:682] NodeDef mentions attribute use_unbounded_threadpool which is not in the op definition: Op<name=MapDataset; signature=input_dataset:variant, other_arguments: -> handle:variant; attr=f:func; attr=Targuments:list(type),min=0; 
attr=output_types:list(type),min=1; attr=output_shapes:list(shape),min=1; attr=use_inter_op_parallelism:bool,default=true; attr=preserve_cardinality:bool,default=false; attr=force_synchronous:bool,default=false; attr=metadata:string,default=""> This may be expected if your graph generating binary is newer  than 
this binary. Unknown attributes will be ignored. NodeDef: {{node ParallelMapDatasetV2/_15}}
E0000 00:00:1785812659.010090   19268 node_def_util.cc:682] NodeDef mentions attribute use_unbounded_threadpool which is not in the op definition: Op<name=MapDataset; signature=input_dataset:variant, other_arguments: -> handle:variant; attr=f:func; attr=Targuments:list(type),min=0; 
attr=output_types:list(type),min=1; attr=output_shapes:list(shape),min=1; attr=use_inter_op_parallelism:bool,default=true; attr=preserve_cardinality:bool,default=false; attr=force_synchronous:bool,default=false; attr=metadata:string,default=""> This may be expected if your graph generating binary is newer  than 
this binary. Unknown attributes will be ignored. NodeDef: {{node ParallelMapDatasetV2/_15}}
[DailyLSTM] 350/728 origins (1.1s/origin, ~7 min left)
E0000 00:00:1785812666.928652   19268 node_def_util.cc:682] NodeDef mentions attribute use_unbounded_threadpool which is not in the op definition: Op<name=MapDataset; signature=input_dataset:variant, other_arguments: -> handle:variant; attr=f:func; attr=Targuments:list(type),min=0; 
attr=output_types:list(type),min=1; attr=output_shapes:list(shape),min=1; attr=use_inter_op_parallelism:bool,default=true; attr=preserve_cardinality:bool,default=false; attr=force_synchronous:bool,default=false; attr=metadata:string,default=""> This may be expected if your graph generating binary is newer  than 
this binary. Unknown attributes will be ignored. NodeDef: {{node ParallelMapDatasetV2/_15}}
E0000 00:00:1785812674.695416   19268 node_def_util.cc:682] NodeDef mentions attribute use_unbounded_threadpool which is not in the op definition: Op<name=MapDataset; signature=input_dataset:variant, other_arguments: -> handle:variant; attr=f:func; attr=Targuments:list(type),min=0; 
attr=output_types:list(type),min=1; attr=output_shapes:list(shape),min=1; attr=use_inter_op_parallelism:bool,default=true; attr=preserve_cardinality:bool,default=false; attr=force_synchronous:bool,default=false; attr=metadata:string,default=""> This may be expected if your graph generating binary is newer  than 
this binary. Unknown attributes will be ignored. NodeDef: {{node ParallelMapDatasetV2/_15}}
E0000 00:00:1785812682.497170   19268 node_def_util.cc:682] NodeDef mentions attribute use_unbounded_threadpool which is not in the op definition: Op<name=MapDataset; signature=input_dataset:variant, other_arguments: -> handle:variant; attr=f:func; attr=Targuments:list(type),min=0; 
attr=output_types:list(type),min=1; attr=output_shapes:list(shape),min=1; attr=use_inter_op_parallelism:bool,default=true; attr=preserve_cardinality:bool,default=false; attr=force_synchronous:bool,default=false; attr=metadata:string,default=""> This may be expected if your graph generating binary is newer  than 
this binary. Unknown attributes will be ignored. NodeDef: {{node ParallelMapDatasetV2/_15}}
E0000 00:00:1785812690.301689   19268 node_def_util.cc:682] NodeDef mentions attribute use_unbounded_threadpool which is not in the op definition: Op<name=MapDataset; signature=input_dataset:variant, other_arguments: -> handle:variant; attr=f:func; attr=Targuments:list(type),min=0; 
attr=output_types:list(type),min=1; attr=output_shapes:list(shape),min=1; attr=use_inter_op_parallelism:bool,default=true; attr=preserve_cardinality:bool,default=false; attr=force_synchronous:bool,default=false; attr=metadata:string,default=""> This may be expected if your graph generating binary is newer  than 
this binary. Unknown attributes will be ignored. NodeDef: {{node ParallelMapDatasetV2/_15}}
[DailyLSTM] 375/728 origins (1.1s/origin, ~7 min left)
E0000 00:00:1785812698.719886   19268 node_def_util.cc:682] NodeDef mentions attribute use_unbounded_threadpool which is not in the op definition: Op<name=MapDataset; signature=input_dataset:variant, other_arguments: -> handle:variant; attr=f:func; attr=Targuments:list(type),min=0; 
attr=output_types:list(type),min=1; attr=output_shapes:list(shape),min=1; attr=use_inter_op_parallelism:bool,default=true; attr=preserve_cardinality:bool,default=false; attr=force_synchronous:bool,default=false; attr=metadata:string,default=""> This may be expected if your graph generating binary is newer  than 
this binary. Unknown attributes will be ignored. NodeDef: {{node ParallelMapDatasetV2/_15}}
E0000 00:00:1785812706.576357   19268 node_def_util.cc:682] NodeDef mentions attribute use_unbounded_threadpool which is not in the op definition: Op<name=MapDataset; signature=input_dataset:variant, other_arguments: -> handle:variant; attr=f:func; attr=Targuments:list(type),min=0; 
attr=output_types:list(type),min=1; attr=output_shapes:list(shape),min=1; attr=use_inter_op_parallelism:bool,default=true; attr=preserve_cardinality:bool,default=false; attr=force_synchronous:bool,default=false; attr=metadata:string,default=""> This may be expected if your graph generating binary is newer  than 
this binary. Unknown attributes will be ignored. NodeDef: {{node ParallelMapDatasetV2/_15}}
E0000 00:00:1785812714.410677   19268 node_def_util.cc:682] NodeDef mentions attribute use_unbounded_threadpool which is not in the op definition: Op<name=MapDataset; signature=input_dataset:variant, other_arguments: -> handle:variant; attr=f:func; attr=Targuments:list(type),min=0; 
attr=output_types:list(type),min=1; attr=output_shapes:list(shape),min=1; attr=use_inter_op_parallelism:bool,default=true; attr=preserve_cardinality:bool,default=false; attr=force_synchronous:bool,default=false; attr=metadata:string,default=""> This may be expected if your graph generating binary is newer  than 
this binary. Unknown attributes will be ignored. NodeDef: {{node ParallelMapDatasetV2/_15}}
E0000 00:00:1785812722.415975   19268 node_def_util.cc:682] NodeDef mentions attribute use_unbounded_threadpool which is not in the op definition: Op<name=MapDataset; signature=input_dataset:variant, other_arguments: -> handle:variant; attr=f:func; attr=Targuments:list(type),min=0; 
attr=output_types:list(type),min=1; attr=output_shapes:list(shape),min=1; attr=use_inter_op_parallelism:bool,default=true; attr=preserve_cardinality:bool,default=false; attr=force_synchronous:bool,default=false; attr=metadata:string,default=""> This may be expected if your graph generating binary is newer  than 
this binary. Unknown attributes will be ignored. NodeDef: {{node ParallelMapDatasetV2/_15}}
[DailyLSTM] 400/728 origins (1.1s/origin, ~6 min left)
E0000 00:00:1785812730.239786   19268 node_def_util.cc:682] NodeDef mentions attribute use_unbounded_threadpool which is not in the op definition: Op<name=MapDataset; signature=input_dataset:variant, other_arguments: -> handle:variant; attr=f:func; attr=Targuments:list(type),min=0; 
attr=output_types:list(type),min=1; attr=output_shapes:list(shape),min=1; attr=use_inter_op_parallelism:bool,default=true; attr=preserve_cardinality:bool,default=false; attr=force_synchronous:bool,default=false; attr=metadata:string,default=""> This may be expected if your graph generating binary is newer  than 
this binary. Unknown attributes will be ignored. NodeDef: {{node ParallelMapDatasetV2/_15}}
E0000 00:00:1785812738.024184   19268 node_def_util.cc:682] NodeDef mentions attribute use_unbounded_threadpool which is not in the op definition: Op<name=MapDataset; signature=input_dataset:variant, other_arguments: -> handle:variant; attr=f:func; attr=Targuments:list(type),min=0; 
attr=output_types:list(type),min=1; attr=output_shapes:list(shape),min=1; attr=use_inter_op_parallelism:bool,default=true; attr=preserve_cardinality:bool,default=false; attr=force_synchronous:bool,default=false; attr=metadata:string,default=""> This may be expected if your graph generating binary is newer  than 
this binary. Unknown attributes will be ignored. NodeDef: {{node ParallelMapDatasetV2/_15}}
E0000 00:00:1785812745.825550   19268 node_def_util.cc:682] NodeDef mentions attribute use_unbounded_threadpool which is not in the op definition: Op<name=MapDataset; signature=input_dataset:variant, other_arguments: -> handle:variant; attr=f:func; attr=Targuments:list(type),min=0; 
attr=output_types:list(type),min=1; attr=output_shapes:list(shape),min=1; attr=use_inter_op_parallelism:bool,default=true; attr=preserve_cardinality:bool,default=false; attr=force_synchronous:bool,default=false; attr=metadata:string,default=""> This may be expected if your graph generating binary is newer  than 
this binary. Unknown attributes will be ignored. NodeDef: {{node ParallelMapDatasetV2/_15}}
[DailyLSTM] 425/728 origins (1.1s/origin, ~6 min left)
E0000 00:00:1785812753.724788   19268 node_def_util.cc:682] NodeDef mentions attribute use_unbounded_threadpool which is not in the op definition: Op<name=MapDataset; signature=input_dataset:variant, other_arguments: -> handle:variant; attr=f:func; attr=Targuments:list(type),min=0; 
attr=output_types:list(type),min=1; attr=output_shapes:list(shape),min=1; attr=use_inter_op_parallelism:bool,default=true; attr=preserve_cardinality:bool,default=false; attr=force_synchronous:bool,default=false; attr=metadata:string,default=""> This may be expected if your graph generating binary is newer  than 
this binary. Unknown attributes will be ignored. NodeDef: {{node ParallelMapDatasetV2/_15}}
E0000 00:00:1785812761.537332   19268 node_def_util.cc:682] NodeDef mentions attribute use_unbounded_threadpool which is not in the op definition: Op<name=MapDataset; signature=input_dataset:variant, other_arguments: -> handle:variant; attr=f:func; attr=Targuments:list(type),min=0; 
attr=output_types:list(type),min=1; attr=output_shapes:list(shape),min=1; attr=use_inter_op_parallelism:bool,default=true; attr=preserve_cardinality:bool,default=false; attr=force_synchronous:bool,default=false; attr=metadata:string,default=""> This may be expected if your graph generating binary is newer  than 
this binary. Unknown attributes will be ignored. NodeDef: {{node ParallelMapDatasetV2/_15}}
E0000 00:00:1785812769.329241   19268 node_def_util.cc:682] NodeDef mentions attribute use_unbounded_threadpool which is not in the op definition: Op<name=MapDataset; signature=input_dataset:variant, other_arguments: -> handle:variant; attr=f:func; attr=Targuments:list(type),min=0; 
attr=output_types:list(type),min=1; attr=output_shapes:list(shape),min=1; attr=use_inter_op_parallelism:bool,default=true; attr=preserve_cardinality:bool,default=false; attr=force_synchronous:bool,default=false; attr=metadata:string,default=""> This may be expected if your graph generating binary is newer  than 
this binary. Unknown attributes will be ignored. NodeDef: {{node ParallelMapDatasetV2/_15}}
E0000 00:00:1785812777.150050   19268 node_def_util.cc:682] NodeDef mentions attribute use_unbounded_threadpool which is not in the op definition: Op<name=MapDataset; signature=input_dataset:variant, other_arguments: -> handle:variant; attr=f:func; attr=Targuments:list(type),min=0; 
attr=output_types:list(type),min=1; attr=output_shapes:list(shape),min=1; attr=use_inter_op_parallelism:bool,default=true; attr=preserve_cardinality:bool,default=false; attr=force_synchronous:bool,default=false; attr=metadata:string,default=""> This may be expected if your graph generating binary is newer  than 
this binary. Unknown attributes will be ignored. NodeDef: {{node ParallelMapDatasetV2/_15}}
[DailyLSTM] 450/728 origins (1.1s/origin, ~5 min left)
E0000 00:00:1785812785.007776   19268 node_def_util.cc:682] NodeDef mentions attribute use_unbounded_threadpool which is not in the op definition: Op<name=MapDataset; signature=input_dataset:variant, other_arguments: -> handle:variant; attr=f:func; attr=Targuments:list(type),min=0; 
attr=output_types:list(type),min=1; attr=output_shapes:list(shape),min=1; attr=use_inter_op_parallelism:bool,default=true; attr=preserve_cardinality:bool,default=false; attr=force_synchronous:bool,default=false; attr=metadata:string,default=""> This may be expected if your graph generating binary is newer  than 
this binary. Unknown attributes will be ignored. NodeDef: {{node ParallelMapDatasetV2/_15}}
E0000 00:00:1785812792.789791   19268 node_def_util.cc:682] NodeDef mentions attribute use_unbounded_threadpool which is not in the op definition: Op<name=MapDataset; signature=input_dataset:variant, other_arguments: -> handle:variant; attr=f:func; attr=Targuments:list(type),min=0; 
attr=output_types:list(type),min=1; attr=output_shapes:list(shape),min=1; attr=use_inter_op_parallelism:bool,default=true; attr=preserve_cardinality:bool,default=false; attr=force_synchronous:bool,default=false; attr=metadata:string,default=""> This may be expected if your graph generating binary is newer  than 
this binary. Unknown attributes will be ignored. NodeDef: {{node ParallelMapDatasetV2/_15}}
E0000 00:00:1785812800.606087   19268 node_def_util.cc:682] NodeDef mentions attribute use_unbounded_threadpool which is not in the op definition: Op<name=MapDataset; signature=input_dataset:variant, other_arguments: -> handle:variant; attr=f:func; attr=Targuments:list(type),min=0; 
attr=output_types:list(type),min=1; attr=output_shapes:list(shape),min=1; attr=use_inter_op_parallelism:bool,default=true; attr=preserve_cardinality:bool,default=false; attr=force_synchronous:bool,default=false; attr=metadata:string,default=""> This may be expected if your graph generating binary is newer  than 
this binary. Unknown attributes will be ignored. NodeDef: {{node ParallelMapDatasetV2/_15}}
[DailyLSTM] 475/728 origins (1.1s/origin, ~5 min left)
E0000 00:00:1785812808.478204   19268 node_def_util.cc:682] NodeDef mentions attribute use_unbounded_threadpool which is not in the op definition: Op<name=MapDataset; signature=input_dataset:variant, other_arguments: -> handle:variant; attr=f:func; attr=Targuments:list(type),min=0; 
attr=output_types:list(type),min=1; attr=output_shapes:list(shape),min=1; attr=use_inter_op_parallelism:bool,default=true; attr=preserve_cardinality:bool,default=false; attr=force_synchronous:bool,default=false; attr=metadata:string,default=""> This may be expected if your graph generating binary is newer  than 
this binary. Unknown attributes will be ignored. NodeDef: {{node ParallelMapDatasetV2/_15}}
E0000 00:00:1785812817.133885   19268 node_def_util.cc:682] NodeDef mentions attribute use_unbounded_threadpool which is not in the op definition: Op<name=MapDataset; signature=input_dataset:variant, other_arguments: -> handle:variant; attr=f:func; attr=Targuments:list(type),min=0; 
attr=output_types:list(type),min=1; attr=output_shapes:list(shape),min=1; attr=use_inter_op_parallelism:bool,default=true; attr=preserve_cardinality:bool,default=false; attr=force_synchronous:bool,default=false; attr=metadata:string,default=""> This may be expected if your graph generating binary is newer  than 
this binary. Unknown attributes will be ignored. NodeDef: {{node ParallelMapDatasetV2/_15}}
E0000 00:00:1785812825.027581   19268 node_def_util.cc:682] NodeDef mentions attribute use_unbounded_threadpool which is not in the op definition: Op<name=MapDataset; signature=input_dataset:variant, other_arguments: -> handle:variant; attr=f:func; attr=Targuments:list(type),min=0; 
attr=output_types:list(type),min=1; attr=output_shapes:list(shape),min=1; attr=use_inter_op_parallelism:bool,default=true; attr=preserve_cardinality:bool,default=false; attr=force_synchronous:bool,default=false; attr=metadata:string,default=""> This may be expected if your graph generating binary is newer  than 
this binary. Unknown attributes will be ignored. NodeDef: {{node ParallelMapDatasetV2/_15}}
E0000 00:00:1785812832.916147   19268 node_def_util.cc:682] NodeDef mentions attribute use_unbounded_threadpool which is not in the op definition: Op<name=MapDataset; signature=input_dataset:variant, other_arguments: -> handle:variant; attr=f:func; attr=Targuments:list(type),min=0; 
attr=output_types:list(type),min=1; attr=output_shapes:list(shape),min=1; attr=use_inter_op_parallelism:bool,default=true; attr=preserve_cardinality:bool,default=false; attr=force_synchronous:bool,default=false; attr=metadata:string,default=""> This may be expected if your graph generating binary is newer  than 
this binary. Unknown attributes will be ignored. NodeDef: {{node ParallelMapDatasetV2/_15}}
[DailyLSTM] 500/728 origins (1.1s/origin, ~4 min left)
E0000 00:00:1785812840.910706   19268 node_def_util.cc:682] NodeDef mentions attribute use_unbounded_threadpool which is not in the op definition: Op<name=MapDataset; signature=input_dataset:variant, other_arguments: -> handle:variant; attr=f:func; attr=Targuments:list(type),min=0; 
attr=output_types:list(type),min=1; attr=output_shapes:list(shape),min=1; attr=use_inter_op_parallelism:bool,default=true; attr=preserve_cardinality:bool,default=false; attr=force_synchronous:bool,default=false; attr=metadata:string,default=""> This may be expected if your graph generating binary is newer  than 
this binary. Unknown attributes will be ignored. NodeDef: {{node ParallelMapDatasetV2/_15}}
E0000 00:00:1785812848.750641   19268 node_def_util.cc:682] NodeDef mentions attribute use_unbounded_threadpool which is not in the op definition: Op<name=MapDataset; signature=input_dataset:variant, other_arguments: -> handle:variant; attr=f:func; attr=Targuments:list(type),min=0; 
attr=output_types:list(type),min=1; attr=output_shapes:list(shape),min=1; attr=use_inter_op_parallelism:bool,default=true; attr=preserve_cardinality:bool,default=false; attr=force_synchronous:bool,default=false; attr=metadata:string,default=""> This may be expected if your graph generating binary is newer  than 
this binary. Unknown attributes will be ignored. NodeDef: {{node ParallelMapDatasetV2/_15}}
E0000 00:00:1785812856.588227   19268 node_def_util.cc:682] NodeDef mentions attribute use_unbounded_threadpool which is not in the op definition: Op<name=MapDataset; signature=input_dataset:variant, other_arguments: -> handle:variant; attr=f:func; attr=Targuments:list(type),min=0; 
attr=output_types:list(type),min=1; attr=output_shapes:list(shape),min=1; attr=use_inter_op_parallelism:bool,default=true; attr=preserve_cardinality:bool,default=false; attr=force_synchronous:bool,default=false; attr=metadata:string,default=""> This may be expected if your graph generating binary is newer  than 
this binary. Unknown attributes will be ignored. NodeDef: {{node ParallelMapDatasetV2/_15}}
[DailyLSTM] 525/728 origins (1.1s/origin, ~4 min left)
E0000 00:00:1785812864.493775   19268 node_def_util.cc:682] NodeDef mentions attribute use_unbounded_threadpool which is not in the op definition: Op<name=MapDataset; signature=input_dataset:variant, other_arguments: -> handle:variant; attr=f:func; attr=Targuments:list(type),min=0; 
attr=output_types:list(type),min=1; attr=output_shapes:list(shape),min=1; attr=use_inter_op_parallelism:bool,default=true; attr=preserve_cardinality:bool,default=false; attr=force_synchronous:bool,default=false; attr=metadata:string,default=""> This may be expected if your graph generating binary is newer  than 
this binary. Unknown attributes will be ignored. NodeDef: {{node ParallelMapDatasetV2/_15}}
E0000 00:00:1785812872.410708   19268 node_def_util.cc:682] NodeDef mentions attribute use_unbounded_threadpool which is not in the op definition: Op<name=MapDataset; signature=input_dataset:variant, other_arguments: -> handle:variant; attr=f:func; attr=Targuments:list(type),min=0; 
attr=output_types:list(type),min=1; attr=output_shapes:list(shape),min=1; attr=use_inter_op_parallelism:bool,default=true; attr=preserve_cardinality:bool,default=false; attr=force_synchronous:bool,default=false; attr=metadata:string,default=""> This may be expected if your graph generating binary is newer  than 
this binary. Unknown attributes will be ignored. NodeDef: {{node ParallelMapDatasetV2/_15}}
E0000 00:00:1785812880.277622   19268 node_def_util.cc:682] NodeDef mentions attribute use_unbounded_threadpool which is not in the op definition: Op<name=MapDataset; signature=input_dataset:variant, other_arguments: -> handle:variant; attr=f:func; attr=Targuments:list(type),min=0; 
attr=output_types:list(type),min=1; attr=output_shapes:list(shape),min=1; attr=use_inter_op_parallelism:bool,default=true; attr=preserve_cardinality:bool,default=false; attr=force_synchronous:bool,default=false; attr=metadata:string,default=""> This may be expected if your graph generating binary is newer  than 
this binary. Unknown attributes will be ignored. NodeDef: {{node ParallelMapDatasetV2/_15}}
E0000 00:00:1785812888.112597   19268 node_def_util.cc:682] NodeDef mentions attribute use_unbounded_threadpool which is not in the op definition: Op<name=MapDataset; signature=input_dataset:variant, other_arguments: -> handle:variant; attr=f:func; attr=Targuments:list(type),min=0; 
attr=output_types:list(type),min=1; attr=output_shapes:list(shape),min=1; attr=use_inter_op_parallelism:bool,default=true; attr=preserve_cardinality:bool,default=false; attr=force_synchronous:bool,default=false; attr=metadata:string,default=""> This may be expected if your graph generating binary is newer  than 
this binary. Unknown attributes will be ignored. NodeDef: {{node ParallelMapDatasetV2/_15}}
[DailyLSTM] 550/728 origins (1.1s/origin, ~3 min left)
E0000 00:00:1785812895.922362   19268 node_def_util.cc:682] NodeDef mentions attribute use_unbounded_threadpool which is not in the op definition: Op<name=MapDataset; signature=input_dataset:variant, other_arguments: -> handle:variant; attr=f:func; attr=Targuments:list(type),min=0; 
attr=output_types:list(type),min=1; attr=output_shapes:list(shape),min=1; attr=use_inter_op_parallelism:bool,default=true; attr=preserve_cardinality:bool,default=false; attr=force_synchronous:bool,default=false; attr=metadata:string,default=""> This may be expected if your graph generating binary is newer  than 
this binary. Unknown attributes will be ignored. NodeDef: {{node ParallelMapDatasetV2/_15}}
E0000 00:00:1785812903.859008   19268 node_def_util.cc:682] NodeDef mentions attribute use_unbounded_threadpool which is not in the op definition: Op<name=MapDataset; signature=input_dataset:variant, other_arguments: -> handle:variant; attr=f:func; attr=Targuments:list(type),min=0; 
attr=output_types:list(type),min=1; attr=output_shapes:list(shape),min=1; attr=use_inter_op_parallelism:bool,default=true; attr=preserve_cardinality:bool,default=false; attr=force_synchronous:bool,default=false; attr=metadata:string,default=""> This may be expected if your graph generating binary is newer  than 
this binary. Unknown attributes will be ignored. NodeDef: {{node ParallelMapDatasetV2/_15}}
E0000 00:00:1785812911.801793   19268 node_def_util.cc:682] NodeDef mentions attribute use_unbounded_threadpool which is not in the op definition: Op<name=MapDataset; signature=input_dataset:variant, other_arguments: -> handle:variant; attr=f:func; attr=Targuments:list(type),min=0; 
attr=output_types:list(type),min=1; attr=output_shapes:list(shape),min=1; attr=use_inter_op_parallelism:bool,default=true; attr=preserve_cardinality:bool,default=false; attr=force_synchronous:bool,default=false; attr=metadata:string,default=""> This may be expected if your graph generating binary is newer  than 
this binary. Unknown attributes will be ignored. NodeDef: {{node ParallelMapDatasetV2/_15}}
E0000 00:00:1785812919.622058   19268 node_def_util.cc:682] NodeDef mentions attribute use_unbounded_threadpool which is not in the op definition: Op<name=MapDataset; signature=input_dataset:variant, other_arguments: -> handle:variant; attr=f:func; attr=Targuments:list(type),min=0; 
attr=output_types:list(type),min=1; attr=output_shapes:list(shape),min=1; attr=use_inter_op_parallelism:bool,default=true; attr=preserve_cardinality:bool,default=false; attr=force_synchronous:bool,default=false; attr=metadata:string,default=""> This may be expected if your graph generating binary is newer  than 
this binary. Unknown attributes will be ignored. NodeDef: {{node ParallelMapDatasetV2/_15}}
[DailyLSTM] 575/728 origins (1.1s/origin, ~3 min left)
E0000 00:00:1785812927.446871   19268 node_def_util.cc:682] NodeDef mentions attribute use_unbounded_threadpool which is not in the op definition: Op<name=MapDataset; signature=input_dataset:variant, other_arguments: -> handle:variant; attr=f:func; attr=Targuments:list(type),min=0; 
attr=output_types:list(type),min=1; attr=output_shapes:list(shape),min=1; attr=use_inter_op_parallelism:bool,default=true; attr=preserve_cardinality:bool,default=false; attr=force_synchronous:bool,default=false; attr=metadata:string,default=""> This may be expected if your graph generating binary is newer  than 
this binary. Unknown attributes will be ignored. NodeDef: {{node ParallelMapDatasetV2/_15}}
E0000 00:00:1785812935.363760   19268 node_def_util.cc:682] NodeDef mentions attribute use_unbounded_threadpool which is not in the op definition: Op<name=MapDataset; signature=input_dataset:variant, other_arguments: -> handle:variant; attr=f:func; attr=Targuments:list(type),min=0; 
attr=output_types:list(type),min=1; attr=output_shapes:list(shape),min=1; attr=use_inter_op_parallelism:bool,default=true; attr=preserve_cardinality:bool,default=false; attr=force_synchronous:bool,default=false; attr=metadata:string,default=""> This may be expected if your graph generating binary is newer  than 
this binary. Unknown attributes will be ignored. NodeDef: {{node ParallelMapDatasetV2/_15}}
E0000 00:00:1785812943.195194   19268 node_def_util.cc:682] NodeDef mentions attribute use_unbounded_threadpool which is not in the op definition: Op<name=MapDataset; signature=input_dataset:variant, other_arguments: -> handle:variant; attr=f:func; attr=Targuments:list(type),min=0; 
attr=output_types:list(type),min=1; attr=output_shapes:list(shape),min=1; attr=use_inter_op_parallelism:bool,default=true; attr=preserve_cardinality:bool,default=false; attr=force_synchronous:bool,default=false; attr=metadata:string,default=""> This may be expected if your graph generating binary is newer  than 
this binary. Unknown attributes will be ignored. NodeDef: {{node ParallelMapDatasetV2/_15}}
[DailyLSTM] 600/728 origins (1.1s/origin, ~2 min left)
E0000 00:00:1785812951.070593   19268 node_def_util.cc:682] NodeDef mentions attribute use_unbounded_threadpool which is not in the op definition: Op<name=MapDataset; signature=input_dataset:variant, other_arguments: -> handle:variant; attr=f:func; attr=Targuments:list(type),min=0; 
attr=output_types:list(type),min=1; attr=output_shapes:list(shape),min=1; attr=use_inter_op_parallelism:bool,default=true; attr=preserve_cardinality:bool,default=false; attr=force_synchronous:bool,default=false; attr=metadata:string,default=""> This may be expected if your graph generating binary is newer  than 
this binary. Unknown attributes will be ignored. NodeDef: {{node ParallelMapDatasetV2/_15}}
E0000 00:00:1785812959.844805   19268 node_def_util.cc:682] NodeDef mentions attribute use_unbounded_threadpool which is not in the op definition: Op<name=MapDataset; signature=input_dataset:variant, other_arguments: -> handle:variant; attr=f:func; attr=Targuments:list(type),min=0; 
attr=output_types:list(type),min=1; attr=output_shapes:list(shape),min=1; attr=use_inter_op_parallelism:bool,default=true; attr=preserve_cardinality:bool,default=false; attr=force_synchronous:bool,default=false; attr=metadata:string,default=""> This may be expected if your graph generating binary is newer  than 
this binary. Unknown attributes will be ignored. NodeDef: {{node ParallelMapDatasetV2/_15}}
E0000 00:00:1785812967.746919   19268 node_def_util.cc:682] NodeDef mentions attribute use_unbounded_threadpool which is not in the op definition: Op<name=MapDataset; signature=input_dataset:variant, other_arguments: -> handle:variant; attr=f:func; attr=Targuments:list(type),min=0; 
attr=output_types:list(type),min=1; attr=output_shapes:list(shape),min=1; attr=use_inter_op_parallelism:bool,default=true; attr=preserve_cardinality:bool,default=false; attr=force_synchronous:bool,default=false; attr=metadata:string,default=""> This may be expected if your graph generating binary is newer  than 
this binary. Unknown attributes will be ignored. NodeDef: {{node ParallelMapDatasetV2/_15}}
E0000 00:00:1785812975.636166   19268 node_def_util.cc:682] NodeDef mentions attribute use_unbounded_threadpool which is not in the op definition: Op<name=MapDataset; signature=input_dataset:variant, other_arguments: -> handle:variant; attr=f:func; attr=Targuments:list(type),min=0; 
attr=output_types:list(type),min=1; attr=output_shapes:list(shape),min=1; attr=use_inter_op_parallelism:bool,default=true; attr=preserve_cardinality:bool,default=false; attr=force_synchronous:bool,default=false; attr=metadata:string,default=""> This may be expected if your graph generating binary is newer  than 
this binary. Unknown attributes will be ignored. NodeDef: {{node ParallelMapDatasetV2/_15}}
[DailyLSTM] 625/728 origins (1.1s/origin, ~2 min left)
E0000 00:00:1785812983.534067   19268 node_def_util.cc:682] NodeDef mentions attribute use_unbounded_threadpool which is not in the op definition: Op<name=MapDataset; signature=input_dataset:variant, other_arguments: -> handle:variant; attr=f:func; attr=Targuments:list(type),min=0; 
attr=output_types:list(type),min=1; attr=output_shapes:list(shape),min=1; attr=use_inter_op_parallelism:bool,default=true; attr=preserve_cardinality:bool,default=false; attr=force_synchronous:bool,default=false; attr=metadata:string,default=""> This may be expected if your graph generating binary is newer  than 
this binary. Unknown attributes will be ignored. NodeDef: {{node ParallelMapDatasetV2/_15}}
E0000 00:00:1785812991.406891   19268 node_def_util.cc:682] NodeDef mentions attribute use_unbounded_threadpool which is not in the op definition: Op<name=MapDataset; signature=input_dataset:variant, other_arguments: -> handle:variant; attr=f:func; attr=Targuments:list(type),min=0; 
attr=output_types:list(type),min=1; attr=output_shapes:list(shape),min=1; attr=use_inter_op_parallelism:bool,default=true; attr=preserve_cardinality:bool,default=false; attr=force_synchronous:bool,default=false; attr=metadata:string,default=""> This may be expected if your graph generating binary is newer  than 
this binary. Unknown attributes will be ignored. NodeDef: {{node ParallelMapDatasetV2/_15}}
E0000 00:00:1785812999.354635   19268 node_def_util.cc:682] NodeDef mentions attribute use_unbounded_threadpool which is not in the op definition: Op<name=MapDataset; signature=input_dataset:variant, other_arguments: -> handle:variant; attr=f:func; attr=Targuments:list(type),min=0; 
attr=output_types:list(type),min=1; attr=output_shapes:list(shape),min=1; attr=use_inter_op_parallelism:bool,default=true; attr=preserve_cardinality:bool,default=false; attr=force_synchronous:bool,default=false; attr=metadata:string,default=""> This may be expected if your graph generating binary is newer  than 
this binary. Unknown attributes will be ignored. NodeDef: {{node ParallelMapDatasetV2/_15}}
[DailyLSTM] 650/728 origins (1.1s/origin, ~1 min left)
E0000 00:00:1785813007.292838   19268 node_def_util.cc:682] NodeDef mentions attribute use_unbounded_threadpool which is not in the op definition: Op<name=MapDataset; signature=input_dataset:variant, other_arguments: -> handle:variant; attr=f:func; attr=Targuments:list(type),min=0; 
attr=output_types:list(type),min=1; attr=output_shapes:list(shape),min=1; attr=use_inter_op_parallelism:bool,default=true; attr=preserve_cardinality:bool,default=false; attr=force_synchronous:bool,default=false; attr=metadata:string,default=""> This may be expected if your graph generating binary is newer  than 
this binary. Unknown attributes will be ignored. NodeDef: {{node ParallelMapDatasetV2/_15}}
E0000 00:00:1785813015.089333   19268 node_def_util.cc:682] NodeDef mentions attribute use_unbounded_threadpool which is not in the op definition: Op<name=MapDataset; signature=input_dataset:variant, other_arguments: -> handle:variant; attr=f:func; attr=Targuments:list(type),min=0; 
attr=output_types:list(type),min=1; attr=output_shapes:list(shape),min=1; attr=use_inter_op_parallelism:bool,default=true; attr=preserve_cardinality:bool,default=false; attr=force_synchronous:bool,default=false; attr=metadata:string,default=""> This may be expected if your graph generating binary is newer  than 
this binary. Unknown attributes will be ignored. NodeDef: {{node ParallelMapDatasetV2/_15}}
E0000 00:00:1785813023.004300   19268 node_def_util.cc:682] NodeDef mentions attribute use_unbounded_threadpool which is not in the op definition: Op<name=MapDataset; signature=input_dataset:variant, other_arguments: -> handle:variant; attr=f:func; attr=Targuments:list(type),min=0; 
attr=output_types:list(type),min=1; attr=output_shapes:list(shape),min=1; attr=use_inter_op_parallelism:bool,default=true; attr=preserve_cardinality:bool,default=false; attr=force_synchronous:bool,default=false; attr=metadata:string,default=""> This may be expected if your graph generating binary is newer  than 
this binary. Unknown attributes will be ignored. NodeDef: {{node ParallelMapDatasetV2/_15}}
E0000 00:00:1785813030.886349   19268 node_def_util.cc:682] NodeDef mentions attribute use_unbounded_threadpool which is not in the op definition: Op<name=MapDataset; signature=input_dataset:variant, other_arguments: -> handle:variant; attr=f:func; attr=Targuments:list(type),min=0; 
attr=output_types:list(type),min=1; attr=output_shapes:list(shape),min=1; attr=use_inter_op_parallelism:bool,default=true; attr=preserve_cardinality:bool,default=false; attr=force_synchronous:bool,default=false; attr=metadata:string,default=""> This may be expected if your graph generating binary is newer  than 
this binary. Unknown attributes will be ignored. NodeDef: {{node ParallelMapDatasetV2/_15}}
[DailyLSTM] 675/728 origins (1.1s/origin, ~1 min left)
E0000 00:00:1785813038.676336   19268 node_def_util.cc:682] NodeDef mentions attribute use_unbounded_threadpool which is not in the op definition: Op<name=MapDataset; signature=input_dataset:variant, other_arguments: -> handle:variant; attr=f:func; attr=Targuments:list(type),min=0; 
attr=output_types:list(type),min=1; attr=output_shapes:list(shape),min=1; attr=use_inter_op_parallelism:bool,default=true; attr=preserve_cardinality:bool,default=false; attr=force_synchronous:bool,default=false; attr=metadata:string,default=""> This may be expected if your graph generating binary is newer  than 
this binary. Unknown attributes will be ignored. NodeDef: {{node ParallelMapDatasetV2/_15}}
E0000 00:00:1785813046.569572   19268 node_def_util.cc:682] NodeDef mentions attribute use_unbounded_threadpool which is not in the op definition: Op<name=MapDataset; signature=input_dataset:variant, other_arguments: -> handle:variant; attr=f:func; attr=Targuments:list(type),min=0; 
attr=output_types:list(type),min=1; attr=output_shapes:list(shape),min=1; attr=use_inter_op_parallelism:bool,default=true; attr=preserve_cardinality:bool,default=false; attr=force_synchronous:bool,default=false; attr=metadata:string,default=""> This may be expected if your graph generating binary is newer  than 
this binary. Unknown attributes will be ignored. NodeDef: {{node ParallelMapDatasetV2/_15}}
E0000 00:00:1785813054.733955   19268 node_def_util.cc:682] NodeDef mentions attribute use_unbounded_threadpool which is not in the op definition: Op<name=MapDataset; signature=input_dataset:variant, other_arguments: -> handle:variant; attr=f:func; attr=Targuments:list(type),min=0; 
attr=output_types:list(type),min=1; attr=output_shapes:list(shape),min=1; attr=use_inter_op_parallelism:bool,default=true; attr=preserve_cardinality:bool,default=false; attr=force_synchronous:bool,default=false; attr=metadata:string,default=""> This may be expected if your graph generating binary is newer  than 
this binary. Unknown attributes will be ignored. NodeDef: {{node ParallelMapDatasetV2/_15}}
[DailyLSTM] 700/728 origins (1.1s/origin, ~1 min left)
E0000 00:00:1785813062.479746   19268 node_def_util.cc:682] NodeDef mentions attribute use_unbounded_threadpool which is not in the op definition: Op<name=MapDataset; signature=input_dataset:variant, other_arguments: -> handle:variant; attr=f:func; attr=Targuments:list(type),min=0; 
attr=output_types:list(type),min=1; attr=output_shapes:list(shape),min=1; attr=use_inter_op_parallelism:bool,default=true; attr=preserve_cardinality:bool,default=false; attr=force_synchronous:bool,default=false; attr=metadata:string,default=""> This may be expected if your graph generating binary is newer  than 
this binary. Unknown attributes will be ignored. NodeDef: {{node ParallelMapDatasetV2/_15}}
E0000 00:00:1785813070.355376   19268 node_def_util.cc:682] NodeDef mentions attribute use_unbounded_threadpool which is not in the op definition: Op<name=MapDataset; signature=input_dataset:variant, other_arguments: -> handle:variant; attr=f:func; attr=Targuments:list(type),min=0; 
attr=output_types:list(type),min=1; attr=output_shapes:list(shape),min=1; attr=use_inter_op_parallelism:bool,default=true; attr=preserve_cardinality:bool,default=false; attr=force_synchronous:bool,default=false; attr=metadata:string,default=""> This may be expected if your graph generating binary is newer  than 
this binary. Unknown attributes will be ignored. NodeDef: {{node ParallelMapDatasetV2/_15}}
E0000 00:00:1785813078.152157   19268 node_def_util.cc:682] NodeDef mentions attribute use_unbounded_threadpool which is not in the op definition: Op<name=MapDataset; signature=input_dataset:variant, other_arguments: -> handle:variant; attr=f:func; attr=Targuments:list(type),min=0; 
attr=output_types:list(type),min=1; attr=output_shapes:list(shape),min=1; attr=use_inter_op_parallelism:bool,default=true; attr=preserve_cardinality:bool,default=false; attr=force_synchronous:bool,default=false; attr=metadata:string,default=""> This may be expected if your graph generating binary is newer  than 
this binary. Unknown attributes will be ignored. NodeDef: {{node ParallelMapDatasetV2/_15}}
E0000 00:00:1785813086.060812   19268 node_def_util.cc:682] NodeDef mentions attribute use_unbounded_threadpool which is not in the op definition: Op<name=MapDataset; signature=input_dataset:variant, other_arguments: -> handle:variant; attr=f:func; attr=Targuments:list(type),min=0; 
attr=output_types:list(type),min=1; attr=output_shapes:list(shape),min=1; attr=use_inter_op_parallelism:bool,default=true; attr=preserve_cardinality:bool,default=false; attr=force_synchronous:bool,default=false; attr=metadata:string,default=""> This may be expected if your graph generating binary is newer  than 
this binary. Unknown attributes will be ignored. NodeDef: {{node ParallelMapDatasetV2/_15}}
[DailyLSTM] 725/728 origins (1.1s/origin, ~0 min left)
[DailyLSTM] 728/728 origins (1.1s/origin, ~0 min left)
[DailyLSTM] DONE -> C:\Users\win-10\Desktop\Thesis Project\Programming Workspace\data\processed\daily_direct\dailylstm.csv
