timestamp,price,exog_1,exog_2
2025-12-31 23:00:00+00:00,58.2775,46296.65,37391.625
2026-01-01 00:00:00+00:00,42.395,44378.275,38820.4
2026-01-01 01:00:00+00:00,19.57,43631.275,40492.3
2026-01-01 02:00:00+00:00,6.285,43091.425,42108.2
2026-01-01 03:00:00+00:00,3.0925,42881.6,43006.2
2026-01-01 04:00:00+00:00,0.83,42924.65,43671.325
2026-01-01 05:00:00+00:00,0.0525,43577.05,45069.375
2026-01-01 06:00:00+00:00,0.0249999999999999,45682.1,45768.025
2026-01-01 07:00:00+00:00,0.0575,47837.775,47440.3
2026-01-01 08:00:00+00:00,0.0,50554.3,50541.45
2026-01-01 09:00:00+00:00,-0.0025,52198.875,53660.350000000006
2026-01-01 10:00:00+00:00,-0.0025,53317.2,55849.225
2026-01-01 11:00:00+00:00,-0.01,53551.675,56490.75
2026-01-01 12:00:00+00:00,-0.0075,52778.4,55763.4
2026-01-01 13:00:00+00:00,0.0175,51963.175,54075.125
2026-01-01 14:00:00+00:00,3.51,52064.125,52319.825
2026-01-01 15:00:00+00:00,10.345,53063.25,51329.875
2026-01-01 16:00:00+00:00,21.795,55424.0,51550.5
2026-01-01 17:00:00+00:00,23.1275,56430.025,51383.375
2026-01-01 18:00:00+00:00,18.0925,55711.025,51272.025
2026-01-01 19:00:00+00:00,10.0425,54207.3,51352.425
2026-01-01 20:00:00+00:00,8.95,52500.475,51290.575
2026-01-01 21:00:00+00:00,7.3725,50790.0,50259.5
2026-01-01 22:00:00+00:00,0.285,48149.625,49955.625
2026-01-01 23:00:00+00:00,9.68,47668.625,49735.85
2026-01-02 00:00:00+00:00,3.01,46043.775,50164.425
2026-01-02 01:00:00+00:00,1.8075,45657.55,50344.075
2026-01-02 02:00:00+00:00,0.245,45832.875,50421.6
2026-01-02 03:00:00+00:00,1.725,46999.4,50047.8
2026-01-02 04:00:00+00:00,11.9975,50656.35,49593.05
2026-01-02 05:00:00+00:00,21.795,55698.0,49813.85
2026-01-02 06:00:00+00:00,50.965,60585.1,48782.65
2026-01-02 07:00:00+00:00,68.8675,63402.625,48614.575
2026-01-02 08:00:00+00:00,71.1975,64263.35,50140.575
2026-01-02 09:00:00+00:00,57.8875,64806.325,52085.875
2026-01-02 10:00:00+00:00,55.9275,66184.5,53686.775
2026-01-02 11:00:00+00:00,58.0025,67172.35,54108.7
2026-01-02 12:00:00+00:00,66.94749999999999,66097.725,53211.475
2026-01-02 13:00:00+00:00,70.12,67032.725,51085.425
2026-01-02 14:00:00+00:00,77.495,64899.675,47878.475
2026-01-02 15:00:00+00:00,82.455,65094.95,45770.125
2026-01-02 16:00:00+00:00,85.435,66572.15,45121.525
2026-01-02 17:00:00+00:00,88.3425,66762.65,44394.375
2026-01-02 18:00:00+00:00,88.5725,64660.125,43463.4
2026-01-02 19:00:00+00:00,89.1525,61541.575,42430.825
2026-01-02 20:00:00+00:00,83.5175,58226.2,41202.45
2026-01-02 21:00:00+00:00,85.5925,55392.55,38900.9
2026-01-02 22:00:00+00:00,81.8325,51699.875,37178.85
2026-01-02 23:00:00+00:00,80.165,48685.225,36090.125
2026-01-03 00:00:00+00:00,78.33,46447.575,34479.575
2026-01-03 01:00:00+00:00,75.82,45230.475,32970.475
2026-01-03 02:00:00+00:00,74.82,44556.575,31822.0
2026-01-03 03:00:00+00:00,73.02250000000001,44795.825,31037.9
2026-01-03 04:00:00+00:00,74.99,44197.475,30495.0
2026-01-03 05:00:00+00:00,75.91,45182.9,30368.725
2026-01-03 06:00:00+00:00,79.3125,47728.525,29481.6
2026-01-03 07:00:00+00:00,90.69,51210.2,29414.95
2026-01-03 08:00:00+00:00,94.09,54108.95,31241.2
2026-01-03 09:00:00+00:00,93.31,55786.975,33898.825
2026-01-03 10:00:00+00:00,88.7075,56588.525,36358.25
2026-01-03 11:00:00+00:00,87.4125,56123.5,37713.3
2026-01-03 12:00:00+00:00,86.60499999999999,54852.225,37161.95
2026-01-03 13:00:00+00:00,89.6825,53608.675,35010.45
2026-01-03 14:00:00+00:00,94.6,53631.75,32900.425
2026-01-03 15:00:00+00:00,99.88,54748.25,32473.0
2026-01-03 16:00:00+00:00,109.715,57208.925,33401.075
2026-01-03 17:00:00+00:00,110.825,58324.125,34010.65
2026-01-03 18:00:00+00:00,104.76,56193.525,34135.875
2026-01-03 19:00:00+00:00,97.625,53224.85,33882.85
2026-01-03 20:00:00+00:00,91.1175,50716.25,33074.1
2026-01-03 21:00:00+00:00,90.7125,48590.75,31630.7
2026-01-03 22:00:00+00:00,86.015,45952.4,31014.875
2026-01-03 23:00:00+00:00,88.8225,44983.625,30366.55
2026-01-04 00:00:00+00:00,85.33,43459.025,30121.6
2026-01-04 01:00:00+00:00,85.0425,42559.425,29385.325
2026-01-04 02:00:00+00:00,83.7375,42366.175,28416.675
2026-01-04 03:00:00+00:00,82.5575,42656.05,27337.65
2026-01-04 04:00:00+00:00,83.4075,44361.825,26177.1
2026-01-04 05:00:00+00:00,83.795,46760.25,25599.975
2026-01-04 06:00:00+00:00,86.4825,48772.275,24415.225
2026-01-04 07:00:00+00:00,88.1225,51426.35,24234.05
2026-01-04 08:00:00+00:00,94.3,53747.925,26244.575
2026-01-04 09:00:00+00:00,94.755,55629.725,28791.575
2026-01-04 10:00:00+00:00,90.8775,56787.175,30659.4
2026-01-04 11:00:00+00:00,89.5425,56630.475,30885.975
2026-01-04 12:00:00+00:00,86.7775,55408.7,29456.25
2026-01-04 13:00:00+00:00,92.675,54353.55,26285.7
2026-01-04 14:00:00+00:00,93.1975,54211.075,22892.175
2026-01-04 15:00:00+00:00,100.5925,55464.55,21243.325
2026-01-04 16:00:00+00:00,118.425,57608.85,21574.925
2026-01-04 17:00:00+00:00,121.18,58900.525,21864.75
2026-01-04 18:00:00+00:00,119.715,58072.025,21892.45
2026-01-04 19:00:00+00:00,112.45,55820.6,22048.625
2026-01-04 20:00:00+00:00,99.7,53792.725,21860.475
2026-01-04 21:00:00+00:00,95.765,51999.175,20960.45
2026-01-04 22:00:00+00:00,89.21000000000001,49625.525,20214.075
2026-01-04 23:00:00+00:00,92.4525,47972.0,17004.075
2026-01-05 00:00:00+00:00,88.8475,46596.5,16606.925
2026-01-05 01:00:00+00:00,86.5075,46167.85,16395.325
2026-01-05 02:00:00+00:00,86.3125,46088.4,16461.675
2026-01-05 03:00:00+00:00,87.495,47093.8,16468.35
2026-01-05 04:00:00+00:00,90.8575,50204.825,16223.475
2026-01-05 05:00:00+00:00,109.0225,55103.475,16289.975
2026-01-05 06:00:00+00:00,129.3125,59613.675,16023.65
2026-01-05 07:00:00+00:00,151.175,62799.475,16383.25
2026-01-05 08:00:00+00:00,152.15,64599.225,18412.075
2026-01-05 09:00:00+00:00,145.6275,65770.2,20137.85
2026-01-05 10:00:00+00:00,136.57,66682.15,20831.85
2026-01-05 11:00:00+00:00,134.3025,66716.025,20034.925000000003
2026-01-05 12:00:00+00:00,134.3025,65697.275,17927.975
2026-01-05 13:00:00+00:00,140.15,64567.35,15107.05
2026-01-05 14:00:00+00:00,148.99,64327.625,12720.325
2026-01-05 15:00:00+00:00,180.7075,65498.225,12066.1
2026-01-05 16:00:00+00:00,223.425,67974.65,13043.4
2026-01-05 17:00:00+00:00,213.585,68359.725,13776.85
2026-01-05 18:00:00+00:00,182.8,66055.8,13750.85
2026-01-05 19:00:00+00:00,147.0325,62759.3,13221.8
2026-01-05 20:00:00+00:00,129.1025,59416.95,12498.525
2026-01-05 21:00:00+00:00,123.85,56905.825,11615.625
2026-01-05 22:00:00+00:00,111.3,53623.875,10768.25
2026-01-05 23:00:00+00:00,104.695,50141.875,9766.725
2026-01-06 00:00:00+00:00,104.6,48348.325,8978.5
2026-01-06 01:00:00+00:00,101.545,47413.775,8313.55
2026-01-06 02:00:00+00:00,100.0875,47539.775,7730.85
2026-01-06 03:00:00+00:00,102.4525,48220.925,7157.575000000001
2026-01-06 04:00:00+00:00,107.0,50994.3,6595.674999999999
2026-01-06 05:00:00+00:00,121.2875,54714.025,6175.275
2026-01-06 06:00:00+00:00,138.4975,58295.6,5994.7
2026-01-06 07:00:00+00:00,164.185,60456.0,6477.825000000001
2026-01-06 08:00:00+00:00,168.82,62295.1,8644.1
2026-01-06 09:00:00+00:00,154.8425,63705.425,11220.275
2026-01-06 10:00:00+00:00,147.265,65451.95,13254.925
2026-01-06 11:00:00+00:00,134.4325,65778.95,14447.675
2026-01-06 12:00:00+00:00,130.2025,64820.25,14344.65
2026-01-06 13:00:00+00:00,130.7025,63586.325,13086.95
2026-01-06 14:00:00+00:00,136.985,63341.25,11664.875
2026-01-06 15:00:00+00:00,145.0075,64761.675,11349.95
2026-01-06 16:00:00+00:00,152.9925,67093.925,12573.25
2026-01-06 17:00:00+00:00,148.26749999999998,66895.75,13624.55
2026-01-06 18:00:00+00:00,139.1175,64800.225000000006,14609.8
2026-01-06 19:00:00+00:00,121.6025,62287.45,15745.325
2026-01-06 20:00:00+00:00,108.5625,59556.425,16850.45
2026-01-06 21:00:00+00:00,102.2225,57021.275,17806.649999999998
2026-01-06 22:00:00+00:00,92.8175,53966.100000000006,18943.725
2026-01-06 23:00:00+00:00,93.9875,50929.025,20750.325
2026-01-07 00:00:00+00:00,88.61,49077.175,22122.35
2026-01-07 01:00:00+00:00,85.045,48348.225,23158.525
2026-01-07 02:00:00+00:00,81.64750000000001,48437.775,24163.775
2026-01-07 03:00:00+00:00,80.7825,49610.775,25143.35
2026-01-07 04:00:00+00:00,84.8825,52328.5,26324.075
2026-01-07 05:00:00+00:00,92.77,57719.35,28023.9
2026-01-07 06:00:00+00:00,99.2,62663.475,29322.1
2026-01-07 07:00:00+00:00,109.35,65919.825,31173.2
2026-01-07 08:00:00+00:00,112.1275,68392.125,34643.35
2026-01-07 09:00:00+00:00,108.3125,69624.05,37860.175
2026-01-07 10:00:00+00:00,99.935,69979.075,40016.975
2026-01-07 11:00:00+00:00,96.34,69415.125,40580.05
2026-01-07 12:00:00+00:00,93.155,68198.45,39585.775
2026-01-07 13:00:00+00:00,95.2275,66517.85,37367.525
2026-01-07 14:00:00+00:00,101.8375,65322.55,35386.774999999994
2026-01-07 15:00:00+00:00,106.385,65826.4,34738.425
2026-01-07 16:00:00+00:00,125.1875,67623.9,35371.175
2026-01-07 17:00:00+00:00,124.1,68424.42499999999,35560.6
2026-01-07 18:00:00+00:00,116.7325,66128.85,35292.1
2026-01-07 19:00:00+00:00,108.7275,63208.4,34966.6
2026-01-07 20:00:00+00:00,98.455,60037.975,34200.7
2026-01-07 21:00:00+00:00,93.96,56696.875,32600.85
2026-01-07 22:00:00+00:00,88.7625,53101.575,31372.5
2026-01-07 23:00:00+00:00,84.08,50286.825,29354.775
2026-01-08 00:00:00+00:00,83.08250000000001,48512.0,27721.975
2026-01-08 01:00:00+00:00,84.52250000000001,47973.2,26324.675
2026-01-08 02:00:00+00:00,82.4725,48410.575,25075.6
2026-01-08 03:00:00+00:00,85.265,50131.0,23784.6
2026-01-08 04:00:00+00:00,87.8875,53422.35,22460.7
2026-01-08 05:00:00+00:00,97.88,58721.2,21543.2
2026-01-08 06:00:00+00:00,126.7125,63215.4,20025.425000000003
2026-01-08 07:00:00+00:00,168.81,66125.825,18797.9
2026-01-08 08:00:00+00:00,192.72,68063.95,18285.3
2026-01-08 09:00:00+00:00,207.9325,68783.8,17781.85
2026-01-08 10:00:00+00:00,213.1125,69040.925,16654.8
2026-01-08 11:00:00+00:00,220.27,69006.2,14827.375
2026-01-08 12:00:00+00:00,236.215,67960.1,12747.35
2026-01-08 13:00:00+00:00,264.585,66097.65,10945.025
2026-01-08 14:00:00+00:00,264.42,65220.075,10076.425
2026-01-08 15:00:00+00:00,259.49,65600.4,10604.475
2026-01-08 16:00:00+00:00,233.8525,66858.575,12094.5
2026-01-08 17:00:00+00:00,199.3975,67025.275,13816.05
2026-01-08 18:00:00+00:00,139.2475,64926.325,15803.675
2026-01-08 19:00:00+00:00,102.125,62076.25,18602.3
2026-01-08 20:00:00+00:00,94.4825,58489.425,22278.975
2026-01-08 21:00:00+00:00,91.305,55293.35,26449.325
2026-01-08 22:00:00+00:00,79.035,52038.225,31621.9
2026-01-08 23:00:00+00:00,78.9625,50525.925,35822.025
2026-01-09 00:00:00+00:00,70.69,49057.725,38817.4
2026-01-09 01:00:00+00:00,57.35,48238.525,41262.525
2026-01-09 02:00:00+00:00,50.84,48469.0,42635.1
2026-01-09 03:00:00+00:00,47.845,50027.7,43305.825
2026-01-09 04:00:00+00:00,56.575,53212.15,43983.05
2026-01-09 05:00:00+00:00,72.605,58566.075,45062.725
2026-01-09 06:00:00+00:00,84.3025,62990.9,44764.45
2026-01-09 07:00:00+00:00,89.7625,66164.9,44748.925
2026-01-09 08:00:00+00:00,89.1475,68518.125,45939.425
2026-01-09 09:00:00+00:00,93.93,69237.15,47812.9
2026-01-09 10:00:00+00:00,85.795,69224.3,49232.325
2026-01-09 11:00:00+00:00,83.015,68282.25,49698.875
2026-01-09 12:00:00+00:00,82.85,66625.85,49219.025
2026-01-09 13:00:00+00:00,82.83500000000001,65023.25,47707.475
2026-01-09 14:00:00+00:00,85.245,64554.85,45819.9
2026-01-09 15:00:00+00:00,87.5725,65721.8,44657.95
2026-01-09 16:00:00+00:00,92.52,66876.4,44135.575
2026-01-09 17:00:00+00:00,91.6625,66897.225,43675.025
2026-01-09 18:00:00+00:00,87.28,64541.025,43180.3
2026-01-09 19:00:00+00:00,82.80250000000001,61147.575,42741.625
2026-01-09 20:00:00+00:00,80.36,57863.55,42252.275
2026-01-09 21:00:00+00:00,80.35,54717.9,41147.75
2026-01-09 22:00:00+00:00,74.51,51560.775,40758.475000000006
2026-01-09 23:00:00+00:00,72.78999999999999,51100.65,40865.425
2026-01-10 00:00:00+00:00,69.775,48902.475,40353.8
2026-01-10 01:00:00+00:00,66.2375,47884.1,39830.75
2026-01-10 02:00:00+00:00,66.535,47495.45,39579.975
2026-01-10 03:00:00+00:00,66.5125,47523.125,39535.275
2026-01-10 04:00:00+00:00,68.46000000000001,47651.8,38958.875
2026-01-10 05:00:00+00:00,69.96000000000001,48691.275,38460.85
2026-01-10 06:00:00+00:00,76.66499999999999,51666.675,36606.5
2026-01-10 07:00:00+00:00,85.0275,55351.0,35026.274999999994
2026-01-10 08:00:00+00:00,92.3625,58151.85,33652.925
2026-01-10 09:00:00+00:00,97.595,59848.95,32011.65
2026-01-10 10:00:00+00:00,101.5575,60542.875,30507.85
2026-01-10 11:00:00+00:00,101.57,59847.925,28036.075000000004
2026-01-10 12:00:00+00:00,104.825,58016.025,25193.225
2026-01-10 13:00:00+00:00,111.4425,56710.775,22631.125
2026-01-10 14:00:00+00:00,117.7175,56710.1,20491.775
2026-01-10 15:00:00+00:00,128.0075,58112.225,19209.25
2026-01-10 16:00:00+00:00,139.5275,60948.225,18629.35
2026-01-10 17:00:00+00:00,136.91,61579.375,17864.075
2026-01-10 18:00:00+00:00,128.305,59381.025,16855.05
2026-01-10 19:00:00+00:00,120.49,56215.775,15811.575
2026-01-10 20:00:00+00:00,113.21,53569.75,14738.575
2026-01-10 21:00:00+00:00,107.68,51683.225000000006,13576.2
2026-01-10 22:00:00+00:00,98.1975,48824.275,12769.125
2026-01-10 23:00:00+00:00,96.9025,46694.7,11595.775
2026-01-11 00:00:00+00:00,92.7475,45117.0,11415.65
2026-01-11 01:00:00+00:00,88.035,44270.25,11253.9
2026-01-11 02:00:00+00:00,84.86,44072.225,11073.125
2026-01-11 03:00:00+00:00,82.68,44174.5,10952.475
2026-01-11 04:00:00+00:00,82.26,45093.2,11025.85
2026-01-11 05:00:00+00:00,81.6025,47012.975,11339.8
2026-01-11 06:00:00+00:00,84.25999999999999,49424.7,11437.575
2026-01-11 07:00:00+00:00,92.06,52299.35,12197.05
2026-01-11 08:00:00+00:00,103.1025,55149.325,15081.275
2026-01-11 09:00:00+00:00,100.6825,57073.2,18409.45
2026-01-11 10:00:00+00:00,99.9175,58532.375,21037.325
2026-01-11 11:00:00+00:00,97.0875,58538.95,21902.875
2026-01-11 12:00:00+00:00,96.5175,57278.95,20757.9
2026-01-11 13:00:00+00:00,98.8775,55685.125,17935.325
2026-01-11 14:00:00+00:00,101.275,55625.725,15025.475
2026-01-11 15:00:00+00:00,111.755,57220.3,13843.4
2026-01-11 16:00:00+00:00,116.25,59750.95,15117.825
2026-01-11 17:00:00+00:00,112.2475,60384.9,16592.275
2026-01-11 18:00:00+00:00,106.2075,59110.35,17824.425
2026-01-11 19:00:00+00:00,96.04,56659.8,19316.1
2026-01-11 20:00:00+00:00,95.005,54185.775,20891.2
2026-01-11 21:00:00+00:00,93.02,52300.75,21980.025
2026-01-11 22:00:00+00:00,85.22999999999999,49823.775,23046.050000000003
2026-01-11 23:00:00+00:00,81.2575,49580.975,24737.0
2026-01-12 00:00:00+00:00,81.1925,48603.825,25670.325
2026-01-12 01:00:00+00:00,79.0425,48388.275,26537.375
2026-01-12 02:00:00+00:00,77.31,49025.225,27194.875
2026-01-12 03:00:00+00:00,76.58500000000001,50422.3,27790.925
2026-01-12 04:00:00+00:00,80.1625,55936.4,28546.300000000003
2026-01-12 05:00:00+00:00,86.9225,64760.100000000006,29645.975
2026-01-12 06:00:00+00:00,97.8725,70744.75,29838.95
2026-01-12 07:00:00+00:00,115.6175,72957.55,29895.675
2026-01-12 08:00:00+00:00,129.8475,72970.475,29780.6
2026-01-12 09:00:00+00:00,124.3975,73532.7,29541.625
2026-01-12 10:00:00+00:00,129.8675,73708.6,29312.1
2026-01-12 11:00:00+00:00,129.9625,73026.675,28396.6
2026-01-12 12:00:00+00:00,132.76,71370.825,26977.975
2026-01-12 13:00:00+00:00,128.37,69848.875,25663.525
2026-01-12 14:00:00+00:00,131.7125,69450.8,24505.6
2026-01-12 15:00:00+00:00,119.58,65617.775,24391.0
2026-01-12 16:00:00+00:00,119.6,63783.425,25255.475
2026-01-12 17:00:00+00:00,116.5,64132.15,26347.85
2026-01-12 18:00:00+00:00,102.3375,61982.45,26918.125
2026-01-12 19:00:00+00:00,93.48,60422.175,27165.25
2026-01-12 20:00:00+00:00,91.795,56039.025,27066.5
2026-01-12 21:00:00+00:00,92.165,53426.6,26158.1
2026-01-12 22:00:00+00:00,86.0475,50046.325,25465.225
2026-01-12 23:00:00+00:00,84.30499999999999,53347.55,25687.875
2026-01-13 00:00:00+00:00,82.69,52227.0,25219.95
2026-01-13 01:00:00+00:00,82.685,52005.95,24656.15
2026-01-13 02:00:00+00:00,84.115,52331.425,23935.875
2026-01-13 03:00:00+00:00,86.7475,53648.55,23117.025
2026-01-13 04:00:00+00:00,88.725,56896.95,21961.575
2026-01-13 05:00:00+00:00,97.5525,62782.175,20840.55
2026-01-13 06:00:00+00:00,116.03,67961.7,19477.025
2026-01-13 07:00:00+00:00,129.805,70950.85,18680.85
2026-01-13 08:00:00+00:00,132.5175,71302.675,18874.175
2026-01-13 09:00:00+00:00,142.1975,72244.55,19753.575
2026-01-13 10:00:00+00:00,123.8525,73008.275,21243.45
2026-01-13 11:00:00+00:00,117.675,73191.275,22268.225
2026-01-13 12:00:00+00:00,112.9775,72135.725,21854.25
2026-01-13 13:00:00+00:00,122.215,70553.825,20359.35
2026-01-13 14:00:00+00:00,120.515,70284.575,18576.525
2026-01-13 15:00:00+00:00,122.15,70786.675,18217.575
2026-01-13 16:00:00+00:00,122.33,73637.475,20535.575
2026-01-13 17:00:00+00:00,113.3525,73556.8,23532.175000000003
2026-01-13 18:00:00+00:00,98.735,71777.5,26517.725
2026-01-13 19:00:00+00:00,90.95,68193.7,29487.35
2026-01-13 20:00:00+00:00,92.2075,63822.3,31728.925
2026-01-13 21:00:00+00:00,90.0,60308.65,32728.25
2026-01-13 22:00:00+00:00,82.6725,57068.4,33608.175
2026-01-13 23:00:00+00:00,85.5625,53245.6,32641.1
2026-01-14 00:00:00+00:00,84.295,51852.8,31943.825
2026-01-14 01:00:00+00:00,85.8775,51083.675,31053.4
2026-01-14 02:00:00+00:00,86.16250000000001,51631.725,30301.85
2026-01-14 03:00:00+00:00,87.645,53051.525,29913.225
2026-01-14 04:00:00+00:00,89.86,56619.75,29680.8
2026-01-14 05:00:00+00:00,95.145,62834.575,29761.875
2026-01-14 06:00:00+00:00,105.14,68307.6,29113.325
2026-01-14 07:00:00+00:00,128.9575,70974.725,28600.025
2026-01-14 08:00:00+00:00,132.0325,71406.3,28955.55
2026-01-14 09:00:00+00:00,116.4525,72245.45,29596.025
2026-01-14 10:00:00+00:00,107.5325,72685.575,29921.5
2026-01-14 11:00:00+00:00,103.475,71756.975,29217.95
2026-01-14 12:00:00+00:00,103.6,70594.79999999999,26765.875
2026-01-14 13:00:00+00:00,118.2175,68846.15,22217.725
2026-01-14 14:00:00+00:00,144.63,68174.85,17053.65
2026-01-14 15:00:00+00:00,152.85750000000002,68745.8,13121.025
2026-01-14 16:00:00+00:00,200.0225,70245.9,11348.675
2026-01-14 17:00:00+00:00,182.355,70683.9,10206.175
2026-01-14 18:00:00+00:00,158.76749999999998,68543.7,9498.05
2026-01-14 19:00:00+00:00,134.01,65071.225000000006,9083.55
2026-01-14 20:00:00+00:00,121.7875,61329.1,9072.85
2026-01-14 21:00:00+00:00,113.8625,57857.875,9501.475
2026-01-14 22:00:00+00:00,97.0875,54607.925,10482.3
2026-01-14 23:00:00+00:00,100.615,52242.9,12485.575
2026-01-15 00:00:00+00:00,94.0475,50401.95,14686.675
2026-01-15 01:00:00+00:00,89.34,49712.125,16881.525
2026-01-15 02:00:00+00:00,84.8075,50055.825,18956.175
2026-01-15 03:00:00+00:00,82.92999999999999,51554.125,20528.9
2026-01-15 04:00:00+00:00,86.0,55641.375,21859.025
2026-01-15 05:00:00+00:00,98.2025,62408.525,23493.075
2026-01-15 06:00:00+00:00,105.115,67964.575,24808.225
2026-01-15 07:00:00+00:00,104.975,71203.6,26441.85
2026-01-15 08:00:00+00:00,101.415,71610.025,29207.15
2026-01-15 09:00:00+00:00,100.4,71860.175,31974.625
2026-01-15 10:00:00+00:00,97.8625,71572.45,33632.425
2026-01-15 11:00:00+00:00,95.2825,70798.525,33182.125
2026-01-15 12:00:00+00:00,100.615,70106.425,30384.975
2026-01-15 13:00:00+00:00,105.645,68601.925,25655.6
2026-01-15 14:00:00+00:00,123.095,68607.325,20251.425
2026-01-15 15:00:00+00:00,135.3725,70598.675,17416.95
2026-01-15 16:00:00+00:00,145.495,72797.375,18800.875
2026-01-15 17:00:00+00:00,119.745,72262.625,21872.725
2026-01-15 18:00:00+00:00,105.4925,69892.17499999999,24981.725
2026-01-15 19:00:00+00:00,98.16,66109.325,27739.0
2026-01-15 20:00:00+00:00,90.995,61952.775,30087.9
2026-01-15 21:00:00+00:00,88.3925,58700.175,31475.25
2026-01-15 22:00:00+00:00,81.155,55188.375,33300.95
2026-01-15 23:00:00+00:00,81.05,52472.0,37045.575
2026-01-16 00:00:00+00:00,75.0,50928.25,37891.4
2026-01-16 01:00:00+00:00,70.57249999999999,50400.725,38440.575
2026-01-16 02:00:00+00:00,67.23,50684.925,38807.825
2026-01-16 03:00:00+00:00,71.38,52018.3,38598.05
2026-01-16 04:00:00+00:00,82.05000000000001,55804.225,38177.175
2026-01-16 05:00:00+00:00,90.7225,62245.8,37888.925
2026-01-16 06:00:00+00:00,98.6,67964.9,36407.275
2026-01-16 07:00:00+00:00,109.3075,70633.4,35641.575
2026-01-16 08:00:00+00:00,108.9275,71022.025,37559.925
2026-01-16 09:00:00+00:00,103.0275,71502.25,38914.7
2026-01-16 10:00:00+00:00,99.7875,71577.425,38257.675
2026-01-16 11:00:00+00:00,99.1975,70604.17499999999,35066.675
2026-01-16 12:00:00+00:00,99.3125,69192.725,29213.525
2026-01-16 13:00:00+00:00,113.2,67540.475,21537.5
2026-01-16 14:00:00+00:00,141.0,66424.75,14060.0
2026-01-16 15:00:00+00:00,162.68,67346.2,9730.5
2026-01-16 16:00:00+00:00,170.325,69331.65,9922.775
2026-01-16 17:00:00+00:00,162.4425,69599.225,11080.725
2026-01-16 18:00:00+00:00,154.18,68132.775,11854.4
2026-01-16 19:00:00+00:00,134.0,64773.225,12230.525
2026-01-16 20:00:00+00:00,117.6125,60656.075,12310.525
2026-01-16 21:00:00+00:00,117.705,57481.15,12229.0
2026-01-16 22:00:00+00:00,104.17,54161.05,12268.85
2026-01-16 23:00:00+00:00,104.66,50387.425,12677.125
2026-01-17 00:00:00+00:00,101.2875,48336.0,13082.825
2026-01-17 01:00:00+00:00,98.235,47460.35,13347.6
2026-01-17 02:00:00+00:00,96.1375,47276.65,13341.975
2026-01-17 03:00:00+00:00,95.1875,47450.975,13397.125
2026-01-17 04:00:00+00:00,95.2425,49082.925,13865.0
2026-01-17 05:00:00+00:00,95.8525,51446.8,14803.05
2026-01-17 06:00:00+00:00,99.1875,54175.775,15351.75
2026-01-17 07:00:00+00:00,105.97,57057.9,16285.975
2026-01-17 08:00:00+00:00,116.655,59196.75,18902.275
2026-01-17 09:00:00+00:00,115.1,60734.225000000006,21288.0
2026-01-17 10:00:00+00:00,111.6075,61505.25,22313.7
2026-01-17 11:00:00+00:00,111.9475,61195.175,21729.8
2026-01-17 12:00:00+00:00,108.64,59944.775,19912.325
2026-01-17 13:00:00+00:00,112.8175,58656.25,17414.15
2026-01-17 14:00:00+00:00,122.77,58338.850000000006,14977.65
2026-01-17 15:00:00+00:00,135.775,60060.575,14289.55
2026-01-17 16:00:00+00:00,140.9125,62453.3,16239.225000000002
2026-01-17 17:00:00+00:00,142.84750000000005,63249.425,18025.0
2026-01-17 18:00:00+00:00,138.5875,61643.4,18675.425
2026-01-17 19:00:00+00:00,120.79,58466.675,18598.525
2026-01-17 20:00:00+00:00,107.805,55468.275,18305.05
2026-01-17 21:00:00+00:00,109.15,53551.35,17882.0
2026-01-17 22:00:00+00:00,107.0225,50860.2,17759.025
2026-01-17 23:00:00+00:00,110.715,48429.5,15780.725
2026-01-18 00:00:00+00:00,109.19,46915.0,16454.7
2026-01-18 01:00:00+00:00,107.39,46051.55,16976.45
2026-01-18 02:00:00+00:00,102.54,45970.75,17000.4
2026-01-18 03:00:00+00:00,102.235,46307.125,17013.825
2026-01-18 04:00:00+00:00,102.08,47912.8,17447.425000000003
2026-01-18 05:00:00+00:00,101.05,50793.225,18208.2
2026-01-18 06:00:00+00:00,100.605,53176.65,18488.925
2026-01-18 07:00:00+00:00,105.68,55625.325,19765.325
2026-01-18 08:00:00+00:00,107.4225,57948.7,23542.5
2026-01-18 09:00:00+00:00,101.91,59477.125,27088.875
2026-01-18 10:00:00+00:00,98.4825,61340.275,29200.475
2026-01-18 11:00:00+00:00,96.855,61602.375,29774.675
2026-01-18 12:00:00+00:00,96.9625,60711.6,28401.2
2026-01-18 13:00:00+00:00,100.845,59541.25,25225.7
2026-01-18 14:00:00+00:00,105.55,59033.575,21547.075
2026-01-18 15:00:00+00:00,114.875,60388.825,19870.125
2026-01-18 16:00:00+00:00,129.9925,63622.4,21874.25
2026-01-18 17:00:00+00:00,142.195,64383.825,23807.775
2026-01-18 18:00:00+00:00,136.6725,63197.325,24405.2
2026-01-18 19:00:00+00:00,123.0525,60881.025,24234.0
2026-01-18 20:00:00+00:00,110.63,58181.175,23777.575
2026-01-18 21:00:00+00:00,114.28,56119.125,23018.0
2026-01-18 22:00:00+00:00,103.7325,53280.925,22666.2
2026-01-18 23:00:00+00:00,101.15,51049.875,19919.6
2026-01-19 00:00:00+00:00,100.44,49738.15,19784.275
2026-01-19 01:00:00+00:00,100.8325,49147.075,19543.7
2026-01-19 02:00:00+00:00,100.4375,49501.175,19078.9
2026-01-19 03:00:00+00:00,100.135,50771.525,18584.325
2026-01-19 04:00:00+00:00,102.53,55130.775,18299.625
2026-01-19 05:00:00+00:00,126.38,63747.2,18440.6
2026-01-19 06:00:00+00:00,161.08249999999998,70142.67499999999,18162.8
2026-01-19 07:00:00+00:00,175.98250000000002,72585.525,19427.6
2026-01-19 08:00:00+00:00,161.9375,72362.275,24897.675
2026-01-19 09:00:00+00:00,135.9225,72051.575,30222.050000000003
2026-01-19 10:00:00+00:00,120.5275,72114.6,32869.775
2026-01-19 11:00:00+00:00,117.56,71343.625,32377.45
2026-01-19 12:00:00+00:00,125.0025,70106.5,29064.7
2026-01-19 13:00:00+00:00,144.35,68682.575,23849.475
2026-01-19 14:00:00+00:00,170.0425,68051.725,18405.5
2026-01-19 15:00:00+00:00,194.89,68661.525,14871.5
2026-01-19 16:00:00+00:00,208.2275,70458.85,15335.375
2026-01-19 17:00:00+00:00,200.055,71709.79999999999,15898.8
2026-01-19 18:00:00+00:00,180.9625,70131.825,15528.1
2026-01-19 19:00:00+00:00,157.385,67069.1,14563.3
2026-01-19 20:00:00+00:00,135.17,63321.85,13319.3
2026-01-19 21:00:00+00:00,126.4025,60071.025,12048.25
2026-01-19 22:00:00+00:00,112.47,56303.125,11169.775
2026-01-19 23:00:00+00:00,115.06,53950.375,10865.625
2026-01-20 00:00:00+00:00,114.335,52684.475,10308.125
2026-01-20 01:00:00+00:00,110.355,52253.95,9745.075
2026-01-20 02:00:00+00:00,109.8675,52465.4,9204.5
2026-01-20 03:00:00+00:00,113.1725,53712.25,8810.4
2026-01-20 04:00:00+00:00,125.28,56961.65,8646.55
2026-01-20 05:00:00+00:00,190.105,63432.95,8797.925
2026-01-20 06:00:00+00:00,240.8775,68997.825,8899.6
2026-01-20 07:00:00+00:00,262.785,71854.825,10656.425
2026-01-20 08:00:00+00:00,179.535,71856.825,16935.225
2026-01-20 09:00:00+00:00,132.17,72148.57500000001,23447.925000000003
2026-01-20 10:00:00+00:00,107.9525,72411.325,27197.5
2026-01-20 11:00:00+00:00,103.6225,71740.125,27879.625
2026-01-20 12:00:00+00:00,105.755,70136.55,24666.7
2026-01-20 13:00:00+00:00,136.7225,68536.225,18489.3
2026-01-20 14:00:00+00:00,178.26,67952.15,11948.05
2026-01-20 15:00:00+00:00,276.735,68507.425,8123.575000000001
2026-01-20 16:00:00+00:00,249.63,71195.225,9680.55
2026-01-20 17:00:00+00:00,193.925,71686.075,12064.6
2026-01-20 18:00:00+00:00,181.9175,70309.9,13261.55
2026-01-20 19:00:00+00:00,155.10000000000002,67097.65000000001,13322.925
2026-01-20 20:00:00+00:00,139.89,63194.35,12504.225
2026-01-20 21:00:00+00:00,117.1925,60081.525,11362.725
2026-01-20 22:00:00+00:00,107.8375,56665.575,10535.725
2026-01-20 23:00:00+00:00,101.49,53595.3,10679.625
2026-01-21 00:00:00+00:00,101.7175,52217.05,10803.075
2026-01-21 01:00:00+00:00,98.7575,51489.05,11144.875
2026-01-21 02:00:00+00:00,100.91,51907.7,11648.525
2026-01-21 03:00:00+00:00,98.845,53199.425,12370.225
2026-01-21 04:00:00+00:00,98.6925,56395.95,13603.9
2026-01-21 05:00:00+00:00,107.8725,63072.025,15064.275
2026-01-21 06:00:00+00:00,160.0,69584.775,15801.95
2026-01-21 07:00:00+00:00,176.3975,72086.275,17535.525
2026-01-21 08:00:00+00:00,142.89249999999998,71993.525,23567.975
2026-01-21 09:00:00+00:00,118.3,72114.525,30020.975
2026-01-21 10:00:00+00:00,100.9925,72338.95,33800.075
2026-01-21 11:00:00+00:00,99.13,71002.2,34259.475
2026-01-21 12:00:00+00:00,103.475,69573.375,31490.7
2026-01-21 13:00:00+00:00,108.6225,67882.975,26138.45
2026-01-21 14:00:00+00:00,126.9275,67085.625,20308.2
2026-01-21 15:00:00+00:00,145.035,67916.625,17135.6
2026-01-21 16:00:00+00:00,139.11,69738.325,18625.875
2026-01-21 17:00:00+00:00,138.9075,70604.725,20685.125
2026-01-21 18:00:00+00:00,127.83,69082.225,21687.675
2026-01-21 19:00:00+00:00,105.4475,65788.175,22097.65
2026-01-21 20:00:00+00:00,102.44,62180.225,22325.675
2026-01-21 21:00:00+00:00,104.76,58817.85,22335.85
2026-01-21 22:00:00+00:00,99.375,55300.675,22651.45
2026-01-21 23:00:00+00:00,92.7975,53658.65,23764.025
2026-01-22 00:00:00+00:00,92.5275,51854.1,24047.25
2026-01-22 01:00:00+00:00,91.45,51297.075,24080.4
2026-01-22 02:00:00+00:00,91.82,51429.725,24018.675000000003
2026-01-22 03:00:00+00:00,92.85,52366.4,23975.675000000003
2026-01-22 04:00:00+00:00,93.1875,55626.275,23887.975
2026-01-22 05:00:00+00:00,100.6775,62388.975,24004.775
2026-01-22 06:00:00+00:00,125.52,68068.45,23647.6
2026-01-22 07:00:00+00:00,137.1225,70978.175,24856.7
2026-01-22 08:00:00+00:00,114.4175,71603.05,29670.45
2026-01-22 09:00:00+00:00,95.2575,71632.1,35505.05
2026-01-22 10:00:00+00:00,89.075,71886.45,39765.875
2026-01-22 11:00:00+00:00,83.8575,71162.8,41392.9
2026-01-22 12:00:00+00:00,88.065,69591.075,38801.9
2026-01-22 13:00:00+00:00,94.91,67651.725,33118.2
2026-01-22 14:00:00+00:00,107.78,66751.85,26530.9
2026-01-22 15:00:00+00:00,130.8975,67600.3,22370.875
2026-01-22 16:00:00+00:00,136.365,70203.6,23053.825
2026-01-22 17:00:00+00:00,129.6675,71320.65,24260.725
2026-01-22 18:00:00+00:00,121.5675,69881.4,24485.525
2026-01-22 19:00:00+00:00,109.35,66399.425,24183.225
2026-01-22 20:00:00+00:00,106.945,62840.475,23595.725
2026-01-22 21:00:00+00:00,103.3225,59616.65,22889.075
2026-01-22 22:00:00+00:00,97.3075,56137.95,22572.875
2026-01-22 23:00:00+00:00,97.8875,54623.275,23494.525
2026-01-23 00:00:00+00:00,97.245,52917.7,23723.775
2026-01-23 01:00:00+00:00,95.9475,52398.4,23869.4
2026-01-23 02:00:00+00:00,95.0025,52711.625,24127.65
2026-01-23 03:00:00+00:00,95.6225,53955.925,24531.8
2026-01-23 04:00:00+00:00,96.9975,57548.8,25024.9
2026-01-23 05:00:00+00:00,108.1975,63838.85,25553.1
2026-01-23 06:00:00+00:00,133.0,69299.375,25703.675
2026-01-23 07:00:00+00:00,152.9375,72287.325,27066.725
2026-01-23 08:00:00+00:00,142.4875,73223.65,31006.975
2026-01-23 09:00:00+00:00,115.3775,73185.1,35337.775
2026-01-23 10:00:00+00:00,100.1275,72596.35,38923.05
2026-01-23 11:00:00+00:00,96.2125,71300.175,40344.5
2026-01-23 12:00:00+00:00,95.76,69426.425,38807.45
2026-01-23 13:00:00+00:00,97.08,67546.675,35100.9
2026-01-23 14:00:00+00:00,108.7675,66588.275,30788.875
2026-01-23 15:00:00+00:00,124.0475,67147.20000000001,28524.325
2026-01-23 16:00:00+00:00,136.08499999999998,69631.3,29746.55
2026-01-23 17:00:00+00:00,128.48250000000002,70265.6,30881.05
2026-01-23 18:00:00+00:00,116.8025,68387.475,30814.95
2026-01-23 19:00:00+00:00,107.2225,64973.9,30185.75
2026-01-23 20:00:00+00:00,103.96,61274.575,29262.8
2026-01-23 21:00:00+00:00,104.79,58419.35,27981.125
2026-01-23 22:00:00+00:00,96.995,55048.05,26846.15
2026-01-23 23:00:00+00:00,99.8,51866.35,26338.375
2026-01-24 00:00:00+00:00,99.035,49875.2,25339.675
2026-01-24 01:00:00+00:00,98.315,48789.05,24552.800000000003
2026-01-24 02:00:00+00:00,97.825,48559.3,23695.3
2026-01-24 03:00:00+00:00,97.5475,48606.5,22697.95
2026-01-24 04:00:00+00:00,98.91,49230.8,22139.125
2026-01-24 05:00:00+00:00,100.3975,50688.375,22084.2
2026-01-24 06:00:00+00:00,104.06,53430.75,21683.25
2026-01-24 07:00:00+00:00,110.9975,56859.225,22093.65
2026-01-24 08:00:00+00:00,123.0925,59453.7,23920.375
2026-01-24 09:00:00+00:00,119.24,61249.75,26057.65
2026-01-24 10:00:00+00:00,110.2975,62428.4,28156.225
2026-01-24 11:00:00+00:00,106.2175,62059.925,28994.35
2026-01-24 12:00:00+00:00,101.8725,60287.825,28073.475
2026-01-24 13:00:00+00:00,105.12,58545.0,25261.65
2026-01-24 14:00:00+00:00,118.2275,57902.15,21285.675
2026-01-24 15:00:00+00:00,131.905,59159.575,18148.275
2026-01-24 16:00:00+00:00,146.7225,61730.575,18131.075
2026-01-24 17:00:00+00:00,141.7475,62517.7,19181.075
2026-01-24 18:00:00+00:00,131.9325,60666.05,19456.175
2026-01-24 19:00:00+00:00,118.6725,57578.5,19062.825
2026-01-24 20:00:00+00:00,110.5375,54914.875,18287.7
2026-01-24 21:00:00+00:00,110.31,52769.4,17201.5
2026-01-24 22:00:00+00:00,104.15,50053.75,16313.25
2026-01-24 23:00:00+00:00,101.4425,47833.425,16557.15
2026-01-25 00:00:00+00:00,101.7575,46213.15,16395.4
2026-01-25 01:00:00+00:00,101.315,45470.0,16235.175
2026-01-25 02:00:00+00:00,101.77,45184.65,15889.075
2026-01-25 03:00:00+00:00,100.8625,45350.775,15452.25
2026-01-25 04:00:00+00:00,100.5125,46215.975,15328.3
2026-01-25 05:00:00+00:00,99.965,48068.8,15781.15
2026-01-25 06:00:00+00:00,102.06,50504.275,16181.25
2026-01-25 07:00:00+00:00,103.7575,53323.1,16784.6
2026-01-25 08:00:00+00:00,108.8875,55941.8,18374.0
2026-01-25 09:00:00+00:00,113.1925,58058.925,20099.95
2026-01-25 10:00:00+00:00,116.0175,59405.925,21407.475
2026-01-25 11:00:00+00:00,120.03,59518.4,21807.725
2026-01-25 12:00:00+00:00,116.1075,58312.7,21526.300000000003
2026-01-25 13:00:00+00:00,114.315,56723.9,20804.375
2026-01-25 14:00:00+00:00,111.7525,56352.7,20089.875
2026-01-25 15:00:00+00:00,116.9,57619.525,19998.925
2026-01-25 16:00:00+00:00,131.2125,60462.625,20791.0
2026-01-25 17:00:00+00:00,137.375,61522.8,21316.225
2026-01-25 18:00:00+00:00,132.575,60084.4,20915.7
2026-01-25 19:00:00+00:00,124.0175,57843.95,20301.775
2026-01-25 20:00:00+00:00,114.0225,55825.2,19512.425
2026-01-25 21:00:00+00:00,111.9425,54051.125,18796.55
2026-01-25 22:00:00+00:00,104.49,51537.275,18842.225
2026-01-25 23:00:00+00:00,103.925,49954.575,18899.625
2026-01-26 00:00:00+00:00,101.1125,48650.9,19569.825
2026-01-26 01:00:00+00:00,98.7275,48124.8,20402.125
2026-01-26 02:00:00+00:00,95.8525,48637.175,20982.725
2026-01-26 03:00:00+00:00,95.0325,49733.85,21324.35
2026-01-26 04:00:00+00:00,97.1925,54886.0,21504.1
2026-01-26 05:00:00+00:00,114.2775,64148.875,21701.7
2026-01-26 06:00:00+00:00,153.1975,70723.35,21797.25
2026-01-26 07:00:00+00:00,175.1325,72903.1,22258.125
2026-01-26 08:00:00+00:00,177.9675,72470.35,23245.45
2026-01-26 09:00:00+00:00,178.0125,72434.825,24427.050000000003
2026-01-26 10:00:00+00:00,170.3425,72280.65,25098.0
2026-01-26 11:00:00+00:00,156.03,71728.65,24982.875
2026-01-26 12:00:00+00:00,149.39499999999998,70139.775,24210.125
2026-01-26 13:00:00+00:00,147.78,68732.9,22816.325
2026-01-26 14:00:00+00:00,159.97,68287.125,21078.15
2026-01-26 15:00:00+00:00,166.32999999999998,69244.575,19617.825
2026-01-26 16:00:00+00:00,178.6975,71530.85,18781.425
2026-01-26 17:00:00+00:00,178.0225,72713.55,18109.5
2026-01-26 18:00:00+00:00,169.9725,70577.65,17244.1
2026-01-26 19:00:00+00:00,154.16500000000002,66903.27500000001,16088.45
2026-01-26 20:00:00+00:00,137.1125,63119.2,15196.95
2026-01-26 21:00:00+00:00,121.5,59794.7,14556.35
2026-01-26 22:00:00+00:00,111.685,55777.325,14048.825
2026-01-26 23:00:00+00:00,118.7675,53368.925,10233.05
2026-01-27 00:00:00+00:00,113.7025,52166.1,9570.375
2026-01-27 01:00:00+00:00,112.1575,51456.375,9110.55
2026-01-27 02:00:00+00:00,111.4875,51697.1,9035.825
2026-01-27 03:00:00+00:00,110.545,52967.65,9300.9
2026-01-27 04:00:00+00:00,111.65,56521.75,9745.8
2026-01-27 05:00:00+00:00,133.61,63114.975,10420.275
2026-01-27 06:00:00+00:00,159.875,68822.45,11103.0
2026-01-27 07:00:00+00:00,176.635,71967.875,12851.725
2026-01-27 08:00:00+00:00,171.195,71957.4,16144.1
2026-01-27 09:00:00+00:00,148.45749999999998,72411.2,19701.325
2026-01-27 10:00:00+00:00,133.29,72639.1,22756.975
2026-01-27 11:00:00+00:00,123.03,72209.05,24385.975
2026-01-27 12:00:00+00:00,112.4875,70621.975,24572.6
2026-01-27 13:00:00+00:00,131.0825,68786.675,24158.275
2026-01-27 14:00:00+00:00,127.4475,68748.525,23846.2
2026-01-27 15:00:00+00:00,132.98,69757.875,24024.975
2026-01-27 16:00:00+00:00,152.62,72910.175,24398.75
2026-01-27 17:00:00+00:00,141.14,72903.15,24467.675
2026-01-27 18:00:00+00:00,138.8825,71196.425,24048.325
2026-01-27 19:00:00+00:00,121.5875,67858.6,23243.375
2026-01-27 20:00:00+00:00,119.3675,63672.425,22301.775
2026-01-27 21:00:00+00:00,120.7,60542.525,21325.6
2026-01-27 22:00:00+00:00,111.85,56875.775,20725.675
2026-01-27 23:00:00+00:00,105.475,54573.175,20655.4
2026-01-28 00:00:00+00:00,104.465,52970.175,20829.25
2026-01-28 01:00:00+00:00,104.465,52249.5,21151.625
2026-01-28 02:00:00+00:00,102.24,52725.8,21268.8
2026-01-28 03:00:00+00:00,104.7125,54029.25,21199.6
2026-01-28 04:00:00+00:00,106.6,57596.575,21221.95
2026-01-28 05:00:00+00:00,113.6975,64247.75,21443.875
2026-01-28 06:00:00+00:00,143.5975,70341.65,21190.325
2026-01-28 07:00:00+00:00,171.0025,72796.4,21874.675
2026-01-28 08:00:00+00:00,173.64499999999998,72454.5,23240.9
2026-01-28 09:00:00+00:00,172.325,72593.025,24576.25
2026-01-28 10:00:00+00:00,166.24,72329.85,25534.25
2026-01-28 11:00:00+00:00,157.0875,71280.925,25684.275
2026-01-28 12:00:00+00:00,147.9125,70114.5,25336.475
2026-01-28 13:00:00+00:00,145.035,68785.2,24944.4
2026-01-28 14:00:00+00:00,141.13750000000002,68767.45,24538.2
2026-01-28 15:00:00+00:00,147.1275,69761.075,24541.075
2026-01-28 16:00:00+00:00,164.2225,71530.775,25198.375
2026-01-28 17:00:00+00:00,170.425,71954.775,25823.05
2026-01-28 18:00:00+00:00,161.225,70299.0,25902.475
2026-01-28 19:00:00+00:00,134.265,67145.52500000001,25696.7
2026-01-28 20:00:00+00:00,119.01,63389.575,25348.925
2026-01-28 21:00:00+00:00,117.0,59967.275,24781.275
2026-01-28 22:00:00+00:00,110.9575,56761.225000000006,23986.25
2026-01-28 23:00:00+00:00,104.55,53527.7,24162.925
2026-01-29 00:00:00+00:00,104.0,51512.075,23051.2
2026-01-29 01:00:00+00:00,101.88,50623.45,22073.325
2026-01-29 02:00:00+00:00,100.0225,51053.425,21437.2
2026-01-29 03:00:00+00:00,100.9325,52614.8,21148.2
2026-01-29 04:00:00+00:00,104.6375,56795.575,21284.1
2026-01-29 05:00:00+00:00,116.12,63176.9,21660.4
2026-01-29 06:00:00+00:00,149.595,69039.225,21300.175
2026-01-29 07:00:00+00:00,165.6825,72236.95000000001,21387.375
2026-01-29 08:00:00+00:00,168.035,72714.175,22252.85
2026-01-29 09:00:00+00:00,160.675,72939.025,23496.1
2026-01-29 10:00:00+00:00,152.7925,72974.0,24347.775
2026-01-29 11:00:00+00:00,143.035,72395.45,24169.05
2026-01-29 12:00:00+00:00,142.815,71246.3,23485.55
2026-01-29 13:00:00+00:00,142.9925,70013.75,22250.75
2026-01-29 14:00:00+00:00,147.6125,69510.075,20538.75
2026-01-29 15:00:00+00:00,153.1025,71248.35,19212.4
2026-01-29 16:00:00+00:00,159.4775,73119.95,19240.55
2026-01-29 17:00:00+00:00,157.24,72539.975,19983.65
2026-01-29 18:00:00+00:00,150.0375,70184.925,20494.975
2026-01-29 19:00:00+00:00,126.5575,66750.725,20707.0
2026-01-29 20:00:00+00:00,113.57,62834.075,20834.4
2026-01-29 21:00:00+00:00,109.315,59531.8,20916.5
2026-01-29 22:00:00+00:00,102.9775,56068.0,20886.35
2026-01-29 23:00:00+00:00,111.065,53478.675,20394.15
2026-01-30 00:00:00+00:00,103.3125,51928.65,20654.5
2026-01-30 01:00:00+00:00,100.8525,51446.775,20877.6
2026-01-30 02:00:00+00:00,97.3875,51737.55,21122.375
2026-01-30 03:00:00+00:00,97.3,53233.4,21536.3
2026-01-30 04:00:00+00:00,96.2775,57115.475,22084.55
2026-01-30 05:00:00+00:00,111.125,63728.125,22976.65
2026-01-30 06:00:00+00:00,131.7775,69256.0,23297.825
2026-01-30 07:00:00+00:00,143.755,71918.25,24386.1
2026-01-30 08:00:00+00:00,147.035,73261.325,26485.425
2026-01-30 09:00:00+00:00,132.63,73319.9,28700.275
2026-01-30 10:00:00+00:00,126.1,73154.775,30363.225
2026-01-30 11:00:00+00:00,118.205,72327.05,30773.625
2026-01-30 12:00:00+00:00,110.39,70423.45,30442.375
2026-01-30 13:00:00+00:00,110.3175,68744.025,29555.775
2026-01-30 14:00:00+00:00,111.195,68201.45000000001,28590.8
2026-01-30 15:00:00+00:00,114.9375,69571.75,28616.825
2026-01-30 16:00:00+00:00,124.81,71331.85,29709.025
2026-01-30 17:00:00+00:00,122.8875,71104.75,30684.825
2026-01-30 18:00:00+00:00,113.0875,68754.725,31208.25
2026-01-30 19:00:00+00:00,108.5975,65222.425,31434.5
2026-01-30 20:00:00+00:00,101.6825,61472.175,31369.825
2026-01-30 21:00:00+00:00,101.09,58182.075,30617.25
2026-01-30 22:00:00+00:00,92.695,54734.5,30344.425
2026-01-30 23:00:00+00:00,96.9525,53475.6,28289.225
2026-01-31 00:00:00+00:00,97.3775,51228.825,28124.275
2026-01-31 01:00:00+00:00,94.5075,50055.425,28250.5
2026-01-31 02:00:00+00:00,94.08,49730.975,28460.3
2026-01-31 03:00:00+00:00,93.325,49689.85,28715.175
2026-01-31 04:00:00+00:00,94.0575,50945.15,28899.225
2026-01-31 05:00:00+00:00,93.45,52795.75,29308.6
2026-01-31 06:00:00+00:00,92.9025,55552.925,28904.15
2026-01-31 07:00:00+00:00,103.955,58482.275,29150.35
2026-01-31 08:00:00+00:00,109.0625,60972.275,30251.775
2026-01-31 09:00:00+00:00,114.215,62591.4,31619.05
2026-01-31 10:00:00+00:00,113.47,63463.25,32566.975
2026-01-31 11:00:00+00:00,111.2775,63197.225,32429.7
2026-01-31 12:00:00+00:00,107.39,61567.1,31522.9
2026-01-31 13:00:00+00:00,110.305,59511.975,29650.525
2026-01-31 14:00:00+00:00,113.1675,59385.0,27163.975
2026-01-31 15:00:00+00:00,119.3575,61068.275,25335.45
2026-01-31 16:00:00+00:00,134.605,63515.7,25072.7
2026-01-31 17:00:00+00:00,138.0375,64355.45,25383.25
2026-01-31 18:00:00+00:00,133.95,62798.925,25314.925000000003
2026-01-31 19:00:00+00:00,125.645,59719.3,25011.6
2026-01-31 20:00:00+00:00,114.2075,56603.525,24411.15
2026-01-31 21:00:00+00:00,114.145,54650.600000000006,23044.25
2026-01-31 22:00:00+00:00,105.9,52017.2,22216.35
2026-01-31 23:00:00+00:00,96.09,49395.1,22110.3
2026-02-01 00:00:00+00:00,94.0075,47724.075,21782.55
2026-02-01 01:00:00+00:00,98.4025,46854.5,21465.4
2026-02-01 02:00:00+00:00,96.0575,46834.525,21075.675
2026-02-01 03:00:00+00:00,98.3125,47032.65,21013.875
2026-02-01 04:00:00+00:00,98.2225,47620.525,20926.45
2026-02-01 05:00:00+00:00,96.015,49396.125,20972.75
2026-02-01 06:00:00+00:00,99.5,51800.125,21043.175
2026-02-01 07:00:00+00:00,105.255,54837.225,21874.15
2026-02-01 08:00:00+00:00,109.235,57459.1,23847.1
2026-02-01 09:00:00+00:00,109.845,59261.65,25881.05
2026-02-01 10:00:00+00:00,108.1575,60693.4,27374.425
2026-02-01 11:00:00+00:00,107.125,60892.425,28132.45
2026-02-01 12:00:00+00:00,100.3875,60045.9,28106.85
2026-02-01 13:00:00+00:00,102.235,58575.125,27108.9
2026-02-01 14:00:00+00:00,108.9575,58298.225,25224.5
2026-02-01 15:00:00+00:00,114.6675,59724.7,23870.95
2026-02-01 16:00:00+00:00,129.4875,63033.425,24366.725
2026-02-01 17:00:00+00:00,136.8425,63559.675,25568.25
2026-02-01 18:00:00+00:00,137.39,62251.375,25911.25
2026-02-01 19:00:00+00:00,125.5925,59690.2,25799.4
2026-02-01 20:00:00+00:00,113.8575,57076.575,25713.925
2026-02-01 21:00:00+00:00,113.885,55280.95,25630.45
2026-02-01 22:00:00+00:00,106.5525,52415.325,25943.475
2026-02-01 23:00:00+00:00,99.5925,50426.125,28861.15
2026-02-02 00:00:00+00:00,97.9925,49140.775,29596.825
2026-02-02 01:00:00+00:00,95.0925,48730.6,30191.25
2026-02-02 02:00:00+00:00,91.0,49287.875,30608.2
2026-02-02 03:00:00+00:00,91.7325,50414.25,30963.775
2026-02-02 04:00:00+00:00,94.7225,55455.4,31138.825
2026-02-02 05:00:00+00:00,106.575,64643.55,31633.825000000004
2026-02-02 06:00:00+00:00,122.885,71546.6,31531.7
2026-02-02 07:00:00+00:00,136.8675,73830.975,32512.3
2026-02-02 08:00:00+00:00,140.155,73653.85,35093.8
2026-02-02 09:00:00+00:00,124.54,73617.425,37991.275
2026-02-02 10:00:00+00:00,114.6675,73678.325,40493.125
2026-02-02 11:00:00+00:00,109.2125,73489.2,42099.825
2026-02-02 12:00:00+00:00,104.0,72156.35,42179.8
2026-02-02 13:00:00+00:00,102.9025,70274.125,40263.15
2026-02-02 14:00:00+00:00,105.0775,69153.1,37161.55
2026-02-02 15:00:00+00:00,109.7775,69885.825,34947.325
2026-02-02 16:00:00+00:00,118.1975,72236.425,35512.4
2026-02-02 17:00:00+00:00,118.9675,73598.275,36997.375
2026-02-02 18:00:00+00:00,105.0,71346.4,37617.7
2026-02-02 19:00:00+00:00,102.255,67775.95,37809.075
2026-02-02 20:00:00+00:00,102.015,63672.45,37596.6
2026-02-02 21:00:00+00:00,101.2275,60234.225,37056.85
2026-02-02 22:00:00+00:00,91.385,56141.375,36847.775
2026-02-02 23:00:00+00:00,91.7175,53564.525,36062.4
2026-02-03 00:00:00+00:00,89.36500000000001,52159.375,36431.925
2026-02-03 01:00:00+00:00,84.0075,51646.25,37075.775
2026-02-03 02:00:00+00:00,79.9375,52238.875,37750.3
2026-02-03 03:00:00+00:00,76.84,53528.5,38839.600000000006
2026-02-03 04:00:00+00:00,82.16,57043.125,39865.8
2026-02-03 05:00:00+00:00,91.16,63718.475,40806.775
2026-02-03 06:00:00+00:00,97.6925,69614.825,40928.95
2026-02-03 07:00:00+00:00,106.2725,72713.325,42065.975
2026-02-03 08:00:00+00:00,108.225,72417.625,44302.975
2026-02-03 09:00:00+00:00,99.94,72724.125,46193.850000000006
2026-02-03 10:00:00+00:00,90.83,72925.875,47842.0
2026-02-03 11:00:00+00:00,87.94749999999999,72682.4,48270.075
2026-02-03 12:00:00+00:00,89.905,71432.65,47107.375
2026-02-03 13:00:00+00:00,93.1525,69887.675,44648.75
2026-02-03 14:00:00+00:00,100.41,68880.325,41515.25
2026-02-03 15:00:00+00:00,106.615,69559.8,39253.675
2026-02-03 16:00:00+00:00,125.7725,72402.175,37802.75
2026-02-03 17:00:00+00:00,126.3475,72443.65,37355.825
2026-02-03 18:00:00+00:00,123.2275,71018.92499999999,36603.95
2026-02-03 19:00:00+00:00,112.9,67436.9,35853.025
2026-02-03 20:00:00+00:00,103.2925,63177.9,34774.525
2026-02-03 21:00:00+00:00,100.895,59898.9,33021.350000000006
2026-02-03 22:00:00+00:00,94.8125,56294.375,31938.275
2026-02-03 23:00:00+00:00,95.0025,53679.025,29428.8
2026-02-04 00:00:00+00:00,92.7875,51914.425,28140.9
2026-02-04 01:00:00+00:00,92.9625,51315.075,26999.225
2026-02-04 02:00:00+00:00,94.6225,51938.0,25838.4
2026-02-04 03:00:00+00:00,93.9575,53396.35,24837.075
2026-02-04 04:00:00+00:00,96.585,56768.375,24220.725
2026-02-04 05:00:00+00:00,105.285,63389.7,24224.5
2026-02-04 06:00:00+00:00,122.935,69272.325,24141.025
2026-02-04 07:00:00+00:00,131.605,71963.35,25395.625
2026-02-04 08:00:00+00:00,122.6725,71773.35,28328.625
2026-02-04 09:00:00+00:00,110.0,71973.6,31779.825
2026-02-04 10:00:00+00:00,98.7075,72093.6,34140.9
2026-02-04 11:00:00+00:00,91.915,71434.35,34706.7
2026-02-04 12:00:00+00:00,91.3825,70330.17499999999,33403.75
2026-02-04 13:00:00+00:00,96.0775,68555.875,30490.825
2026-02-04 14:00:00+00:00,102.875,67780.65,27589.775
2026-02-04 15:00:00+00:00,114.185,68360.125,26295.45
2026-02-04 16:00:00+00:00,124.6175,70181.475,27439.9
2026-02-04 17:00:00+00:00,117.04,70576.525,29281.800000000003
2026-02-04 18:00:00+00:00,104.52,68925.225,29986.975
2026-02-04 19:00:00+00:00,96.2875,65647.825,30017.475
2026-02-04 20:00:00+00:00,94.7525,61713.3,29595.775
2026-02-04 21:00:00+00:00,93.8225,58252.675,28596.475
2026-02-04 22:00:00+00:00,86.3075,54768.4,27681.925
2026-02-04 23:00:00+00:00,90.3025,54348.125,28105.075
2026-02-05 00:00:00+00:00,88.4375,52763.65,27433.625
2026-02-05 01:00:00+00:00,87.4325,51981.175,26505.325
2026-02-05 02:00:00+00:00,87.795,52183.575,25313.85
2026-02-05 03:00:00+00:00,89.565,52179.2,23998.775
2026-02-05 04:00:00+00:00,91.51,55137.8,22885.4
2026-02-05 05:00:00+00:00,102.845,62209.55,22432.225
2026-02-05 06:00:00+00:00,113.32,68005.8,21646.425
2026-02-05 07:00:00+00:00,125.365,70217.5,21867.3
2026-02-05 08:00:00+00:00,121.52,70797.65,23090.825
2026-02-05 09:00:00+00:00,118.1925,70849.975,24635.65
2026-02-05 10:00:00+00:00,121.0675,71477.0,26266.95
2026-02-05 11:00:00+00:00,108.2525,70771.425,27062.025
2026-02-05 12:00:00+00:00,109.7575,69484.55,26611.025
2026-02-05 13:00:00+00:00,110.1025,68133.225,24660.0
2026-02-05 14:00:00+00:00,116.98,66961.3,21595.925000000003
2026-02-05 15:00:00+00:00,126.0,68049.125,18463.75
2026-02-05 16:00:00+00:00,140.5,69713.675,17449.05
2026-02-05 17:00:00+00:00,136.64499999999998,70992.79999999999,17971.625
2026-02-05 18:00:00+00:00,132.9075,69901.975,18109.7
2026-02-05 19:00:00+00:00,120.81,65883.45,18027.2
2026-02-05 20:00:00+00:00,107.7825,62915.475,17651.0
2026-02-05 21:00:00+00:00,105.88,59729.775,16939.125
2026-02-05 22:00:00+00:00,100.0375,56447.5,16210.4
2026-02-05 23:00:00+00:00,99.31,54558.15,16573.075
2026-02-06 00:00:00+00:00,99.1275,52890.15,15849.5
2026-02-06 01:00:00+00:00,98.0875,52233.025,14940.625
2026-02-06 02:00:00+00:00,98.2275,52349.5,13981.45
2026-02-06 03:00:00+00:00,98.7425,53547.35,13114.075
2026-02-06 04:00:00+00:00,102.3325,57845.825,12602.05
2026-02-06 05:00:00+00:00,115.4225,64229.8,12593.95
2026-02-06 06:00:00+00:00,139.4625,70264.3,12866.525
2026-02-06 07:00:00+00:00,144.74,72048.025,13615.825
2026-02-06 08:00:00+00:00,144.2025,71798.65,15133.125
2026-02-06 09:00:00+00:00,142.0925,72549.2,16637.95
2026-02-06 10:00:00+00:00,138.91,73363.75,17524.75
2026-02-06 11:00:00+00:00,136.21,73118.475,17333.45
2026-02-06 12:00:00+00:00,135.89249999999998,71468.925,16396.575
2026-02-06 13:00:00+00:00,135.66750000000002,69901.0,14987.075
2026-02-06 14:00:00+00:00,139.4725,68715.25,13463.525
2026-02-06 15:00:00+00:00,133.9625,70415.9,12465.275
2026-02-06 16:00:00+00:00,137.1875,71860.375,12690.8
2026-02-06 17:00:00+00:00,132.19,71598.05,13469.8
2026-02-06 18:00:00+00:00,125.6275,69716.875,13864.05
2026-02-06 19:00:00+00:00,110.9825,66271.45,13839.45
2026-02-06 20:00:00+00:00,108.85,62451.0,13504.2
2026-02-06 21:00:00+00:00,106.2625,59222.65,12919.075
2026-02-06 22:00:00+00:00,102.2375,56046.825,12421.75
2026-02-06 23:00:00+00:00,101.4925,52286.1,11919.2
2026-02-07 00:00:00+00:00,100.0,50263.575,11732.375
2026-02-07 01:00:00+00:00,98.0425,48975.15,11498.775
2026-02-07 02:00:00+00:00,96.885,48684.925,11086.625
2026-02-07 03:00:00+00:00,96.395,48699.5,10558.025
2026-02-07 04:00:00+00:00,96.725,50122.625,10031.475
2026-02-07 05:00:00+00:00,97.095,52048.5,9589.0
2026-02-07 06:00:00+00:00,105.5475,54738.9,9201.55
2026-02-07 07:00:00+00:00,114.08,57941.425,9670.15
2026-02-07 08:00:00+00:00,117.975,60344.2,11596.375
2026-02-07 09:00:00+00:00,110.0625,61964.025,14132.5
2026-02-07 10:00:00+00:00,104.5325,62616.875,16255.95
2026-02-07 11:00:00+00:00,100.1175,61855.125,16914.075
2026-02-07 12:00:00+00:00,97.3875,60143.7,16148.15
2026-02-07 13:00:00+00:00,99.9275,58296.2,14244.275
2026-02-07 14:00:00+00:00,106.3325,57733.375,11785.4
2026-02-07 15:00:00+00:00,120.29,59356.35,9387.025
2026-02-07 16:00:00+00:00,134.03750000000002,61750.175,8626.075
2026-02-07 17:00:00+00:00,135.33249999999998,62202.25,9398.825
2026-02-07 18:00:00+00:00,127.4975,61028.475,10064.65
2026-02-07 19:00:00+00:00,113.395,58174.85,10465.025
2026-02-07 20:00:00+00:00,104.39,55501.175,10780.15
2026-02-07 21:00:00+00:00,104.0725,53567.925,10854.9
2026-02-07 22:00:00+00:00,98.76,50695.975,10799.2
2026-02-07 23:00:00+00:00,102.035,48520.325,11820.15
2026-02-08 00:00:00+00:00,99.045,46732.4,11990.825
2026-02-08 01:00:00+00:00,97.5675,45883.575,12153.825
2026-02-08 02:00:00+00:00,96.425,45570.525,12280.0
2026-02-08 03:00:00+00:00,94.86,45834.425,12518.125
2026-02-08 04:00:00+00:00,95.75,46268.125,12882.975
2026-02-08 05:00:00+00:00,95.0,47666.275,13288.25
2026-02-08 06:00:00+00:00,95.805,50247.5,13595.825
2026-02-08 07:00:00+00:00,100.3475,53307.875,14489.425
2026-02-08 08:00:00+00:00,101.9875,56035.525,16302.875
2026-02-08 09:00:00+00:00,102.645,57937.05,18312.775
2026-02-08 10:00:00+00:00,99.6,59053.8,20133.175
2026-02-08 11:00:00+00:00,96.5725,58961.95,21249.6
2026-02-08 12:00:00+00:00,95.45,57500.05,21235.25
2026-02-08 13:00:00+00:00,97.22,55929.45,19827.7
2026-02-08 14:00:00+00:00,103.3225,55921.65,17295.7
2026-02-08 15:00:00+00:00,111.785,57992.1,14582.45
2026-02-08 16:00:00+00:00,127.6325,61025.05,13753.3
2026-02-08 17:00:00+00:00,131.26749999999998,62220.825,14482.725
2026-02-08 18:00:00+00:00,126.9075,60957.225,14842.725
2026-02-08 19:00:00+00:00,113.2825,58574.575,14592.025
2026-02-08 20:00:00+00:00,107.6275,55943.7,13985.6
2026-02-08 21:00:00+00:00,105.14,54042.6,13151.95
2026-02-08 22:00:00+00:00,99.9825,51369.075,12294.225
2026-02-08 23:00:00+00:00,96.745,48590.75,11139.75
2026-02-09 00:00:00+00:00,95.4525,47380.275,10657.475
2026-02-09 01:00:00+00:00,95.7025,46863.725,10136.75
2026-02-09 02:00:00+00:00,95.4675,47221.8,9585.175
2026-02-09 03:00:00+00:00,96.565,48461.075,9212.05
2026-02-09 04:00:00+00:00,104.735,53463.45,9174.1
2026-02-09 05:00:00+00:00,132.235,62416.4,9449.225
2026-02-09 06:00:00+00:00,158.595,68806.825,9888.375
2026-02-09 07:00:00+00:00,182.71,71567.125,11214.175
2026-02-09 08:00:00+00:00,169.2075,71806.1,13557.775
2026-02-09 09:00:00+00:00,157.29,72175.09999999999,16029.425
2026-02-09 10:00:00+00:00,144.38,72450.5,17941.55
2026-02-09 11:00:00+00:00,137.0725,71639.125,18545.45
2026-02-09 12:00:00+00:00,135.025,70059.65,17685.925
2026-02-09 13:00:00+00:00,137.6575,68761.3,15410.35
2026-02-09 14:00:00+00:00,149.0775,68210.175,12246.35
2026-02-09 15:00:00+00:00,168.9825,69530.225,9424.35
2026-02-09 16:00:00+00:00,227.2125,72065.2,9103.85
2026-02-09 17:00:00+00:00,182.225,73689.675,10686.4
2026-02-09 18:00:00+00:00,165.81,71180.6,11592.225
2026-02-09 19:00:00+00:00,144.1275,67330.55,11520.9
2026-02-09 20:00:00+00:00,134.6,63451.025,11018.925
2026-02-09 21:00:00+00:00,122.895,60296.15,10365.525
2026-02-09 22:00:00+00:00,108.9225,56351.7,9883.875
2026-02-09 23:00:00+00:00,104.6425,53658.425,10353.625
2026-02-10 00:00:00+00:00,103.745,52068.95,10258.0
2026-02-10 01:00:00+00:00,102.7475,51432.35,10334.875
2026-02-10 02:00:00+00:00,102.435,51920.55,10557.525
2026-02-10 03:00:00+00:00,102.435,52958.475,11015.75
2026-02-10 04:00:00+00:00,105.4275,56213.775,11748.35
2026-02-10 05:00:00+00:00,119.9175,62503.425,12739.15
2026-02-10 06:00:00+00:00,134.89,68072.575,13533.15
2026-02-10 07:00:00+00:00,143.8275,71376.6,15969.1
2026-02-10 08:00:00+00:00,132.08249999999998,71905.925,20018.300000000003
2026-02-10 09:00:00+00:00,129.0875,72603.375,23742.85
2026-02-10 10:00:00+00:00,119.4425,73241.475,26561.225
2026-02-10 11:00:00+00:00,109.2225,72981.4,27566.375
2026-02-10 12:00:00+00:00,109.47,71689.425,26130.4
2026-02-10 13:00:00+00:00,116.2225,70181.875,22621.45
2026-02-10 14:00:00+00:00,128.115,69220.95,18741.675000000003
2026-02-10 15:00:00+00:00,127.6625,69706.575,16536.425
2026-02-10 16:00:00+00:00,135.2425,71852.375,17000.05
2026-02-10 17:00:00+00:00,131.7125,72370.375,18754.9
2026-02-10 18:00:00+00:00,120.3275,70766.775,19967.8
2026-02-10 19:00:00+00:00,111.2525,67101.775,20371.6
2026-02-10 20:00:00+00:00,107.1575,63188.725,20128.0
2026-02-10 21:00:00+00:00,106.69,60357.8,19298.775
2026-02-10 22:00:00+00:00,100.5275,56674.6,18665.475
2026-02-10 23:00:00+00:00,96.7825,53374.625,18988.9
2026-02-11 00:00:00+00:00,96.63,51273.55,18545.775
2026-02-11 01:00:00+00:00,95.605,50432.15,18305.85
2026-02-11 02:00:00+00:00,94.68,50759.125,18210.05
2026-02-11 03:00:00+00:00,94.845,51923.9,18526.075
2026-02-11 04:00:00+00:00,99.1425,54995.5,19267.175000000003
2026-02-11 05:00:00+00:00,110.4775,61359.1,19900.125
2026-02-11 06:00:00+00:00,129.0,66935.5,19848.95
2026-02-11 07:00:00+00:00,137.0675,69652.55,20477.275
2026-02-11 08:00:00+00:00,131.4375,70264.45,22154.225
2026-02-11 09:00:00+00:00,127.5,70845.9,24169.15
2026-02-11 10:00:00+00:00,125.94,71441.125,25550.625
2026-02-11 11:00:00+00:00,115.8625,70885.325,25702.4
2026-02-11 12:00:00+00:00,116.7,69747.15,25059.3
2026-02-11 13:00:00+00:00,116.7,68198.0,23760.45
2026-02-11 14:00:00+00:00,118.185,67493.3,22006.9
2026-02-11 15:00:00+00:00,122.315,67994.25,20539.325
2026-02-11 16:00:00+00:00,127.9,69465.95,20519.4
2026-02-11 17:00:00+00:00,125.465,70281.275,21522.525
2026-02-11 18:00:00+00:00,112.02,68801.05,22654.975
2026-02-11 19:00:00+00:00,104.9275,65421.35,23754.575
2026-02-11 20:00:00+00:00,104.38,61741.825,24545.75
2026-02-11 21:00:00+00:00,101.9975,58662.35,24743.4
2026-02-11 22:00:00+00:00,95.3075,55212.1,24742.275
2026-02-11 23:00:00+00:00,88.1925,52363.45,24329.075
2026-02-12 00:00:00+00:00,87.58,50377.025,23756.05
2026-02-12 01:00:00+00:00,86.2025,49716.075,23401.75
2026-02-12 02:00:00+00:00,84.8925,49735.3,23433.1
2026-02-12 03:00:00+00:00,86.0125,50563.0,23529.6
2026-02-12 04:00:00+00:00,89.43,53999.825,23398.225
2026-02-12 05:00:00+00:00,99.8625,60737.675,23448.85
2026-02-12 06:00:00+00:00,116.0075,66512.55,23175.075
2026-02-12 07:00:00+00:00,123.0725,69447.25,23782.625
2026-02-12 08:00:00+00:00,121.205,70384.65,25325.2
2026-02-12 09:00:00+00:00,117.52,71075.775,26888.85
2026-02-12 10:00:00+00:00,111.1525,71280.5,28059.525
2026-02-12 11:00:00+00:00,105.515,70813.6,28300.75
2026-02-12 12:00:00+00:00,103.555,69808.625,27508.8
2026-02-12 13:00:00+00:00,105.2125,68402.425,26135.2
2026-02-12 14:00:00+00:00,107.98,67371.325,24506.05
2026-02-12 15:00:00+00:00,110.785,67752.425,22979.0
2026-02-12 16:00:00+00:00,123.05,69200.875,22637.35
2026-02-12 17:00:00+00:00,125.6625,70195.325,23503.225
2026-02-12 18:00:00+00:00,120.8725,68687.2,24556.1
2026-02-12 19:00:00+00:00,109.1025,65152.875,25464.375
2026-02-12 20:00:00+00:00,99.6925,61999.125,26085.225
2026-02-12 21:00:00+00:00,97.175,58798.7,26364.45
2026-02-12 22:00:00+00:00,89.33250000000001,55249.475,26895.15
2026-02-12 23:00:00+00:00,83.8575,52099.8,30893.75
2026-02-13 00:00:00+00:00,83.66,50435.95,30497.55
2026-02-13 01:00:00+00:00,82.2175,49934.575,29902.575
2026-02-13 02:00:00+00:00,81.855,50386.225,29236.625
2026-02-13 03:00:00+00:00,83.35,51500.875,28381.425
2026-02-13 04:00:00+00:00,87.1875,55123.575,27288.050000000003
2026-02-13 05:00:00+00:00,98.7275,61661.925,26028.025
2026-02-13 06:00:00+00:00,117.7275,67485.0,23804.425
2026-02-13 07:00:00+00:00,123.85,70240.875,23232.300000000003
2026-02-13 08:00:00+00:00,119.15,70908.825,24591.375
2026-02-13 09:00:00+00:00,106.3925,71463.825,25889.025
2026-02-13 10:00:00+00:00,101.03,71660.5,26291.3
2026-02-13 11:00:00+00:00,97.3,70854.025,25550.775
2026-02-13 12:00:00+00:00,97.495,69264.425,23495.6
2026-02-13 13:00:00+00:00,102.09,67700.725,19826.95
2026-02-13 14:00:00+00:00,118.0975,66819.225,15190.25
2026-02-13 15:00:00+00:00,125.905,67222.8,10989.0
2026-02-13 16:00:00+00:00,131.985,68798.425,9070.675
2026-02-13 17:00:00+00:00,136.02249999999998,69350.625,9197.325
2026-02-13 18:00:00+00:00,131.89249999999998,67591.2,9439.125
2026-02-13 19:00:00+00:00,126.0,64178.55,9410.275
2026-02-13 20:00:00+00:00,117.58,60391.4,9287.775
2026-02-13 21:00:00+00:00,109.9475,57429.05,9179.375
2026-02-13 22:00:00+00:00,100.8575,54045.35,9289.125
2026-02-13 23:00:00+00:00,96.9925,50616.425,11648.975
2026-02-14 00:00:00+00:00,91.83,48441.25,12423.35
2026-02-14 01:00:00+00:00,89.09,47357.6,12909.55
2026-02-14 02:00:00+00:00,88.6725,47052.825,13094.7
2026-02-14 03:00:00+00:00,87.5075,46977.325,13219.275
2026-02-14 04:00:00+00:00,88.75,48188.375,13373.975
2026-02-14 05:00:00+00:00,90.2175,49952.525,13420.275
2026-02-14 06:00:00+00:00,93.1175,52664.65,13128.3
2026-02-14 07:00:00+00:00,101.8325,55840.3,13800.575
2026-02-14 08:00:00+00:00,107.49,57992.4,15492.15
2026-02-14 09:00:00+00:00,103.97,59619.875,17396.625
2026-02-14 10:00:00+00:00,98.1625,60087.375,18524.325
2026-02-14 11:00:00+00:00,95.16,59447.075,18359.25
2026-02-14 12:00:00+00:00,93.9725,57838.225,17347.600000000002
2026-02-14 13:00:00+00:00,97.1125,56401.15,15841.85
2026-02-14 14:00:00+00:00,104.9525,56056.525,13832.475
2026-02-14 15:00:00+00:00,116.8875,57287.45,11540.05
2026-02-14 16:00:00+00:00,126.1,59397.875,9980.55
2026-02-14 17:00:00+00:00,131.9275,60797.3,9395.275
2026-02-14 18:00:00+00:00,128.72,59762.825,8760.825
2026-02-14 19:00:00+00:00,123.1925,56936.325,7953.875
2026-02-14 20:00:00+00:00,116.98,54171.3,7069.7
2026-02-14 21:00:00+00:00,111.2025,52216.075,6317.075
2026-02-14 22:00:00+00:00,101.1,49492.675,5740.224999999999
2026-02-14 23:00:00+00:00,101.7775,48292.925,4990.45
2026-02-15 00:00:00+00:00,99.9475,46523.275,5005.3
2026-02-15 01:00:00+00:00,100.755,45688.875,5189.325
2026-02-15 02:00:00+00:00,98.025,45338.925,5499.325000000001
2026-02-15 03:00:00+00:00,96.52,45641.75,5911.95
2026-02-15 04:00:00+00:00,94.355,46127.075,6446.3
2026-02-15 05:00:00+00:00,94.1675,47616.425,7245.925
2026-02-15 06:00:00+00:00,96.115,50103.15,8714.675
2026-02-15 07:00:00+00:00,96.8,52924.0,13492.1
2026-02-15 08:00:00+00:00,93.065,55618.325,20984.2
2026-02-15 09:00:00+00:00,83.0175,57161.525,28095.575
2026-02-15 10:00:00+00:00,74.7225,58443.625,33406.524999999994
2026-02-15 11:00:00+00:00,67.37,58615.575,36200.35
2026-02-15 12:00:00+00:00,64.4075,57504.25,36672.375
2026-02-15 13:00:00+00:00,64.4225,55955.65,34904.175
2026-02-15 14:00:00+00:00,71.9525,56034.875,31272.65
2026-02-15 15:00:00+00:00,84.205,57430.95,27960.725
2026-02-15 16:00:00+00:00,96.385,60761.775,28542.1
2026-02-15 17:00:00+00:00,98.2025,62022.95,32494.050000000003
2026-02-15 18:00:00+00:00,83.6125,60742.425,35974.325
2026-02-15 19:00:00+00:00,71.0025,58472.25,38443.75
2026-02-15 20:00:00+00:00,67.2625,56161.0,39826.275
2026-02-15 21:00:00+00:00,65.61500000000001,54219.525,39623.8
2026-02-15 22:00:00+00:00,58.04,51663.925,40102.125
2026-02-15 23:00:00+00:00,68.93,47989.625,39669.9
2026-02-16 00:00:00+00:00,65.375,46764.175,39725.05
2026-02-16 01:00:00+00:00,64.41,46526.475,39598.4
2026-02-16 02:00:00+00:00,64.4125,46987.425,39311.7
2026-02-16 03:00:00+00:00,66.0525,48529.8,38893.95
2026-02-16 04:00:00+00:00,69.985,52314.05,38328.775
2026-02-16 05:00:00+00:00,79.3275,58515.600000000006,38231.25
2026-02-16 06:00:00+00:00,94.0725,63809.725,36682.325
2026-02-16 07:00:00+00:00,101.0325,67110.575,36581.975
2026-02-16 08:00:00+00:00,104.425,68019.675,37431.075
2026-02-16 09:00:00+00:00,101.54,68560.5,38060.675
2026-02-16 10:00:00+00:00,94.86,68979.75,38179.225
2026-02-16 11:00:00+00:00,92.0025,68767.875,37048.7
2026-02-16 12:00:00+00:00,94.4025,67670.75,34705.05
2026-02-16 13:00:00+00:00,96.0125,66106.25,31254.05
2026-02-16 14:00:00+00:00,104.075,65668.325,27111.05
2026-02-16 15:00:00+00:00,115.3025,66536.325,23432.95
2026-02-16 16:00:00+00:00,130.355,68961.425,21427.975
2026-02-16 17:00:00+00:00,129.1175,69635.55,21156.75
2026-02-16 18:00:00+00:00,126.355,67631.2,21326.225
2026-02-16 19:00:00+00:00,115.6325,64536.075,21504.05
2026-02-16 20:00:00+00:00,103.8975,61150.8,21355.05
2026-02-16 21:00:00+00:00,101.92,58065.575,20771.675
2026-02-16 22:00:00+00:00,92.755,54476.9,20417.625
2026-02-16 23:00:00+00:00,87.02000000000001,51865.25,16870.525
2026-02-17 00:00:00+00:00,85.105,50209.625,16724.425000000003
2026-02-17 01:00:00+00:00,84.78,49829.3,16931.05
2026-02-17 02:00:00+00:00,85.65,49972.4,17214.5
2026-02-17 03:00:00+00:00,84.8175,51291.475,17358.8
2026-02-17 04:00:00+00:00,88.8425,54708.075,17440.625
2026-02-17 05:00:00+00:00,102.7225,60834.675,17648.25
2026-02-17 06:00:00+00:00,114.3275,66771.84999999999,17813.15
2026-02-17 07:00:00+00:00,114.855,70072.4,19377.525
2026-02-17 08:00:00+00:00,110.8375,70457.25,22205.3
2026-02-17 09:00:00+00:00,102.4,70463.525,25024.275
2026-02-17 10:00:00+00:00,93.055,70829.45,27350.75
2026-02-17 11:00:00+00:00,83.94,70205.275,28913.8
2026-02-17 12:00:00+00:00,82.2925,69085.55,29512.4
2026-02-17 13:00:00+00:00,82.4175,67489.95,28647.425
2026-02-17 14:00:00+00:00,86.3775,66823.8,25698.175000000003
2026-02-17 15:00:00+00:00,94.0825,67101.3,22293.85
2026-02-17 16:00:00+00:00,110.805,68989.85,21348.575
2026-02-17 17:00:00+00:00,126.975,70491.875,22777.6
2026-02-17 18:00:00+00:00,126.6,69081.025,24138.625
2026-02-17 19:00:00+00:00,111.2275,65581.175,25160.9
2026-02-17 20:00:00+00:00,99.9525,61952.925,25589.55
2026-02-17 21:00:00+00:00,93.225,58605.975,24982.575
2026-02-17 22:00:00+00:00,89.61,55177.575,24037.375
2026-02-17 23:00:00+00:00,95.63,51734.775,19385.25
2026-02-18 00:00:00+00:00,93.5625,49716.575,17472.025
2026-02-18 01:00:00+00:00,93.2925,48997.875,15314.175
2026-02-18 02:00:00+00:00,92.675,49461.275,13116.2
2026-02-18 03:00:00+00:00,93.4175,51138.375,10805.5
2026-02-18 04:00:00+00:00,101.1975,53898.625,8525.574999999999
2026-02-18 05:00:00+00:00,122.5125,59303.825,6671.0
2026-02-18 06:00:00+00:00,175.6875,64745.425,5407.25
2026-02-18 07:00:00+00:00,186.0925,67555.075,6213.125
2026-02-18 08:00:00+00:00,135.64249999999998,68009.575,8718.7
2026-02-18 09:00:00+00:00,115.88,68151.575,12084.75
2026-02-18 10:00:00+00:00,106.2225,68338.425,15372.8
2026-02-18 11:00:00+00:00,101.3325,67694.65,17495.100000000002
2026-02-18 12:00:00+00:00,100.5025,66552.575,17960.325
2026-02-18 13:00:00+00:00,103.6425,65085.325,16470.075
2026-02-18 14:00:00+00:00,114.09,64760.2,13578.675
2026-02-18 15:00:00+00:00,122.0825,65318.875,11064.85
2026-02-18 16:00:00+00:00,140.405,67321.8,11324.875
2026-02-18 17:00:00+00:00,142.5975,68528.75,14137.775
2026-02-18 18:00:00+00:00,119.8425,67270.15,16981.35
2026-02-18 19:00:00+00:00,102.67,64283.5,19546.225
2026-02-18 20:00:00+00:00,96.14,60604.875,21428.800000000003
2026-02-18 21:00:00+00:00,95.0975,57089.875,22282.05
2026-02-18 22:00:00+00:00,89.465,53453.7,23105.35
2026-02-18 23:00:00+00:00,83.775,52619.025,27384.375
2026-02-19 00:00:00+00:00,81.85,50790.9,28241.125
2026-02-19 01:00:00+00:00,81.93,50241.6,28992.825
2026-02-19 02:00:00+00:00,81.45,50735.225,29605.375
2026-02-19 03:00:00+00:00,77.655,51986.225,29987.3
2026-02-19 04:00:00+00:00,84.15,55739.925,30232.15
2026-02-19 05:00:00+00:00,87.11250000000001,62082.375,30821.85
2026-02-19 06:00:00+00:00,89.2375,67215.375,30878.8
2026-02-19 07:00:00+00:00,96.945,69923.075,32161.4
2026-02-19 08:00:00+00:00,103.61,70434.2,33836.05
2026-02-19 09:00:00+00:00,100.995,70809.6,35444.425
2026-02-19 10:00:00+00:00,95.1075,71006.65,36863.625
2026-02-19 11:00:00+00:00,91.0,70861.9,37583.525
2026-02-19 12:00:00+00:00,90.1,69816.975,37681.875
2026-02-19 13:00:00+00:00,90.16,68760.575,36746.325
2026-02-19 14:00:00+00:00,92.5875,68143.25,34055.425
2026-02-19 15:00:00+00:00,96.3925,69052.075,31320.1
2026-02-19 16:00:00+00:00,105.6925,71067.05,30336.4
2026-02-19 17:00:00+00:00,113.5175,71435.25,30839.95
2026-02-19 18:00:00+00:00,111.385,69422.1,31101.75
2026-02-19 19:00:00+00:00,100.485,66083.5,30656.85
2026-02-19 20:00:00+00:00,98.115,62002.4,29906.05
2026-02-19 21:00:00+00:00,92.1,58515.625,28613.975
2026-02-19 22:00:00+00:00,85.185,55042.9,27655.5
2026-02-19 23:00:00+00:00,86.06,52539.4,25661.8
2026-02-20 00:00:00+00:00,85.9275,50891.025,24381.05
2026-02-20 01:00:00+00:00,85.4375,50424.525,22621.225
2026-02-20 02:00:00+00:00,84.88,50680.375,21016.825
2026-02-20 03:00:00+00:00,84.4175,51701.875,20485.625
2026-02-20 04:00:00+00:00,90.27,55334.525,20718.925
2026-02-20 05:00:00+00:00,104.8325,61304.875,21433.425
2026-02-20 06:00:00+00:00,113.7825,66986.05,22408.975
2026-02-20 07:00:00+00:00,116.1425,69197.05,26941.1
2026-02-20 08:00:00+00:00,109.1825,69808.325,33419.65
2026-02-20 09:00:00+00:00,91.1,70719.25,38586.45
2026-02-20 10:00:00+00:00,83.6825,70847.325,41441.325
2026-02-20 11:00:00+00:00,81.0125,70349.3,41889.625
2026-02-20 12:00:00+00:00,79.6,69066.125,40285.65
2026-02-20 13:00:00+00:00,79.95750000000001,67916.025,36854.625
2026-02-20 14:00:00+00:00,83.465,67330.55,32397.175
2026-02-20 15:00:00+00:00,91.8575,67739.05,29014.05
2026-02-20 16:00:00+00:00,101.4375,68933.6,29257.4
2026-02-20 17:00:00+00:00,93.7825,69308.65,32523.7
2026-02-20 18:00:00+00:00,82.9875,67520.175,35565.575
2026-02-20 19:00:00+00:00,78.715,64039.475,38458.225
2026-02-20 20:00:00+00:00,67.9975,60013.15,40689.175
2026-02-20 21:00:00+00:00,64.64,56873.95,41430.575
2026-02-20 22:00:00+00:00,46.805,53735.575,42341.925
2026-02-20 23:00:00+00:00,52.44,52109.675,40861.125
2026-02-21 00:00:00+00:00,46.645,50479.125,41413.725
2026-02-21 01:00:00+00:00,43.4575,49350.525,41836.125
2026-02-21 02:00:00+00:00,41.6575,48990.0,42147.0
2026-02-21 03:00:00+00:00,38.975,48975.275,42440.875
2026-02-21 04:00:00+00:00,39.4775,50498.25,42720.25
2026-02-21 05:00:00+00:00,35.86,52791.125,43731.125
2026-02-21 06:00:00+00:00,46.99,55199.35,43189.975
2026-02-21 07:00:00+00:00,56.05,58012.15,43720.825
2026-02-21 08:00:00+00:00,58.035,60437.875,45268.925
2026-02-21 09:00:00+00:00,59.525,61938.675,47187.350000000006
2026-02-21 10:00:00+00:00,55.385000000000005,62287.25,49042.2
2026-02-21 11:00:00+00:00,50.5275,61527.55,49979.3
2026-02-21 12:00:00+00:00,45.1625,59907.925,49372.025
2026-02-21 13:00:00+00:00,56.005,58392.85,46510.975000000006
2026-02-21 14:00:00+00:00,68.88499999999999,57909.225,40999.2
2026-02-21 15:00:00+00:00,81.94,59654.8,34520.175
2026-02-21 16:00:00+00:00,98.635,61140.675,29641.25
2026-02-21 17:00:00+00:00,108.3125,61617.325,27704.075
2026-02-21 18:00:00+00:00,101.1725,60673.025,26973.525
2026-02-21 19:00:00+00:00,89.0975,58200.75,27057.75
2026-02-21 20:00:00+00:00,82.8125,55453.175,27543.75
2026-02-21 21:00:00+00:00,76.5925,53483.9,28193.25
2026-02-21 22:00:00+00:00,66.71000000000001,50615.8,29524.075
2026-02-21 23:00:00+00:00,56.675,47719.15,31612.675
2026-02-22 00:00:00+00:00,52.51,46078.4,31711.425
2026-02-22 01:00:00+00:00,44.0575,45132.275,31981.725
2026-02-22 02:00:00+00:00,40.9575,44677.55,32480.325
2026-02-22 03:00:00+00:00,39.0175,44783.025,32934.7
2026-02-22 04:00:00+00:00,38.2875,45550.1,33947.6
2026-02-22 05:00:00+00:00,34.875,47354.725,35648.35
2026-02-22 06:00:00+00:00,41.5025,49925.575,36625.0
2026-02-22 07:00:00+00:00,47.355,52650.25,38574.2
2026-02-22 08:00:00+00:00,55.462500000000006,55047.775,40984.875
2026-02-22 09:00:00+00:00,55.1025,56738.8,43442.850000000006
2026-02-22 10:00:00+00:00,53.962500000000006,57697.15,45571.425
2026-02-22 11:00:00+00:00,50.585,57431.425,47154.175
2026-02-22 12:00:00+00:00,45.08,56054.0,48135.6
2026-02-22 13:00:00+00:00,43.307500000000005,54749.875,47380.025
2026-02-22 14:00:00+00:00,47.9425,54868.6,45729.65
2026-02-22 15:00:00+00:00,56.9275,56241.425,44209.225
2026-02-22 16:00:00+00:00,75.95,59459.525,42798.225
2026-02-22 17:00:00+00:00,79.4425,61405.1,42065.4
2026-02-22 18:00:00+00:00,75.12,60833.425,41772.375
2026-02-22 19:00:00+00:00,68.5175,58838.55,41896.65
2026-02-22 20:00:00+00:00,67.69,56116.125,41741.5
2026-02-22 21:00:00+00:00,70.41,53755.625,40512.9
2026-02-22 22:00:00+00:00,51.9475,51271.95,39809.95
2026-02-22 23:00:00+00:00,45.35,47776.9,39493.525
2026-02-23 00:00:00+00:00,45.5125,46324.325,38435.9
2026-02-23 01:00:00+00:00,43.975,45896.2,37652.625
2026-02-23 02:00:00+00:00,44.915,46189.325,37311.425
2026-02-23 03:00:00+00:00,45.145,47410.875,37375.1
2026-02-23 04:00:00+00:00,56.07,52361.825,37593.2
2026-02-23 05:00:00+00:00,77.7625,61145.0,38618.55
2026-02-23 06:00:00+00:00,95.9575,67337.575,39483.775
2026-02-23 07:00:00+00:00,99.0425,69848.575,42869.375
2026-02-23 08:00:00+00:00,87.4675,69780.075,48315.325
2026-02-23 09:00:00+00:00,67.015,69562.25,54328.425
2026-02-23 10:00:00+00:00,48.85,69196.65,59228.2
2026-02-23 11:00:00+00:00,7.88,67762.6,61141.350000000006
2026-02-23 12:00:00+00:00,2.9025,66323.075,60754.95
2026-02-23 13:00:00+00:00,34.8925,65334.475,57901.275
2026-02-23 14:00:00+00:00,58.5075,65287.325,53075.05
2026-02-23 15:00:00+00:00,79.5075,66382.625,47407.05
2026-02-23 16:00:00+00:00,96.09,68361.875,42484.525
2026-02-23 17:00:00+00:00,107.27,70027.55,40281.575
2026-02-23 18:00:00+00:00,110.8975,68021.6,39072.775
2026-02-23 19:00:00+00:00,98.025,64260.325,38348.0
2026-02-23 20:00:00+00:00,97.235,60796.525,37179.55
2026-02-23 21:00:00+00:00,95.855,57412.25,34954.975
2026-02-23 22:00:00+00:00,87.2875,53844.2,32772.625
2026-02-23 23:00:00+00:00,82.3575,51060.35,30231.625
2026-02-24 00:00:00+00:00,83.9625,49451.625,26578.25
2026-02-24 01:00:00+00:00,85.975,48928.55,22930.3
2026-02-24 02:00:00+00:00,86.45,49468.6,19475.75
2026-02-24 03:00:00+00:00,88.205,50500.525,16180.65
2026-02-24 04:00:00+00:00,94.17,53929.6,13134.525
2026-02-24 05:00:00+00:00,111.1225,60082.3,10641.525
2026-02-24 06:00:00+00:00,133.0975,65113.2,8740.650000000001
2026-02-24 07:00:00+00:00,147.475,68171.875,8612.875
2026-02-24 08:00:00+00:00,140.72,68385.95,10122.4
2026-02-24 09:00:00+00:00,128.7675,68902.15,12390.5
2026-02-24 10:00:00+00:00,111.395,68967.775,14478.725
2026-02-24 11:00:00+00:00,100.19,68139.25,15699.05
2026-02-24 12:00:00+00:00,99.3,66949.85,16039.525
2026-02-24 13:00:00+00:00,95.005,65847.775,14483.65
2026-02-24 14:00:00+00:00,107.0725,65273.125,11036.175
2026-02-24 15:00:00+00:00,125.8075,65702.7,6991.95
2026-02-24 16:00:00+00:00,182.22,68081.275,4216.4
2026-02-24 17:00:00+00:00,184.0475,68719.175,4189.725
2026-02-24 18:00:00+00:00,144.4175,67629.35,5009.675
2026-02-24 19:00:00+00:00,118.9575,64032.775,5872.975
2026-02-24 20:00:00+00:00,108.725,60269.225,6666.65
2026-02-24 21:00:00+00:00,101.705,57121.375,7382.475
2026-02-24 22:00:00+00:00,93.9025,53894.425,7728.3
2026-02-24 23:00:00+00:00,92.1425,51108.725,6127.825000000001
2026-02-25 00:00:00+00:00,87.4025,49686.45,5869.775000000001
2026-02-25 01:00:00+00:00,84.83250000000001,49160.75,5689.924999999999
2026-02-25 02:00:00+00:00,88.095,49253.35,5627.675
2026-02-25 03:00:00+00:00,88.61,50978.175,5853.55
2026-02-25 04:00:00+00:00,93.1725,54882.325,6561.7
2026-02-25 05:00:00+00:00,113.8175,61565.825,7564.725
2026-02-25 06:00:00+00:00,130.7325,67109.575,9325.475
2026-02-25 07:00:00+00:00,119.8525,69182.35,14173.425
2026-02-25 08:00:00+00:00,107.175,69072.375,21064.0
2026-02-25 09:00:00+00:00,90.83,69358.075,27719.925
2026-02-25 10:00:00+00:00,79.8475,69540.0,33128.7
2026-02-25 11:00:00+00:00,65.80250000000001,68144.55,37377.25
2026-02-25 12:00:00+00:00,60.1975,66853.275,38846.775
2026-02-25 13:00:00+00:00,67.8475,65673.025,36159.825
2026-02-25 14:00:00+00:00,80.9825,64964.975,29015.2
2026-02-25 15:00:00+00:00,101.37,65669.475,20059.875
2026-02-25 16:00:00+00:00,118.6425,67666.925,15602.75
2026-02-25 17:00:00+00:00,121.77,68824.5,18234.325
2026-02-25 18:00:00+00:00,107.1525,67667.6,22124.825
2026-02-25 19:00:00+00:00,94.255,64144.375,24711.0
2026-02-25 20:00:00+00:00,87.28,60535.3,25998.75
2026-02-25 21:00:00+00:00,86.8275,56970.3,26043.85
2026-02-25 22:00:00+00:00,79.12,53880.225,26102.525
2026-02-25 23:00:00+00:00,76.4225,50420.7,25903.675000000003
2026-02-26 00:00:00+00:00,72.39,48620.2,25929.9
2026-02-26 01:00:00+00:00,68.74249999999999,48050.975,26124.05
2026-02-26 02:00:00+00:00,67.9325,48281.55,26336.025
2026-02-26 03:00:00+00:00,67.3775,49756.15,26457.875
2026-02-26 04:00:00+00:00,75.855,53790.850000000006,26736.425000000003
2026-02-26 05:00:00+00:00,100.8175,59976.025,27367.2
2026-02-26 06:00:00+00:00,110.1,65101.075,28469.9
2026-02-26 07:00:00+00:00,97.4475,67982.85,33731.55
2026-02-26 08:00:00+00:00,80.42500000000001,68312.7,39795.9
2026-02-26 09:00:00+00:00,67.85,68935.275,43777.4
2026-02-26 10:00:00+00:00,53.345,69226.825,47463.7
2026-02-26 11:00:00+00:00,20.0375,68467.05,49934.6
2026-02-26 12:00:00+00:00,14.0525,67457.175,49098.825
2026-02-26 13:00:00+00:00,44.6375,65803.3,44225.65
2026-02-26 14:00:00+00:00,71.3075,65649.725,35952.05
2026-02-26 15:00:00+00:00,94.7325,66395.225,26660.325
2026-02-26 16:00:00+00:00,111.1375,68424.95,21527.725
2026-02-26 17:00:00+00:00,113.095,68958.45000000001,22981.65
2026-02-26 18:00:00+00:00,107.985,67205.75,25549.95
2026-02-26 19:00:00+00:00,93.4475,64155.125,27439.65
2026-02-26 20:00:00+00:00,84.0775,60155.5,28141.0
2026-02-26 21:00:00+00:00,80.45750000000001,56539.25,28075.2
2026-02-26 22:00:00+00:00,71.575,52838.5,28136.475
2026-02-26 23:00:00+00:00,55.1475,48986.675,31886.6
2026-02-27 00:00:00+00:00,56.0075,47553.05,31203.9
2026-02-27 01:00:00+00:00,57.3025,47118.15,30685.55
2026-02-27 02:00:00+00:00,60.0,47544.275,30289.2
2026-02-27 03:00:00+00:00,61.795,48588.3,30121.9
2026-02-27 04:00:00+00:00,65.9925,51615.1,30443.1
2026-02-27 05:00:00+00:00,76.565,57853.3,31569.3
2026-02-27 06:00:00+00:00,88.525,63263.475,33347.2
2026-02-27 07:00:00+00:00,79.33,66077.6,40047.65
2026-02-27 08:00:00+00:00,64.415,66998.2,48444.8
2026-02-27 09:00:00+00:00,31.5475,67636.45,55143.475
2026-02-27 10:00:00+00:00,0.97,67145.5,59582.5
2026-02-27 11:00:00+00:00,-0.0125,66317.625,62426.125
2026-02-27 12:00:00+00:00,-0.01,64862.35,61104.175
2026-02-27 13:00:00+00:00,7.7375,63579.525,55001.100000000006
2026-02-27 14:00:00+00:00,59.755,62273.675,44188.575
2026-02-27 15:00:00+00:00,92.0,62209.95,31094.45
2026-02-27 16:00:00+00:00,115.195,63984.6,22574.425000000003
2026-02-27 17:00:00+00:00,118.1,64512.2,22370.725
2026-02-27 18:00:00+00:00,109.2525,62961.55,24000.05
2026-02-27 19:00:00+00:00,100.03,59871.625,25172.65
2026-02-27 20:00:00+00:00,90.9625,56414.5,25535.925000000003
2026-02-27 21:00:00+00:00,87.51,53380.75,24810.05
2026-02-27 22:00:00+00:00,80.0025,50094.35,23892.7
2026-02-27 23:00:00+00:00,80.02,47522.85,21048.375
2026-02-28 00:00:00+00:00,76.305,45567.15,20218.825
2026-02-28 01:00:00+00:00,74.7275,44447.95,19907.475
2026-02-28 02:00:00+00:00,71.775,44314.575,20130.975
2026-02-28 03:00:00+00:00,71.8925,44535.45,20770.625
2026-02-28 04:00:00+00:00,72.25,47021.5,21820.95
2026-02-28 05:00:00+00:00,72.9225,50028.375,23338.0
2026-02-28 06:00:00+00:00,76.29,52509.175,25961.825
2026-02-28 07:00:00+00:00,57.115,55146.675,33321.3
2026-02-28 08:00:00+00:00,17.7975,57404.525,41790.05
2026-02-28 09:00:00+00:00,-0.01,58625.65,48300.45
2026-02-28 10:00:00+00:00,-0.0275,58654.7,52866.55
2026-02-28 11:00:00+00:00,-0.2525,57864.175,55241.25
2026-02-28 12:00:00+00:00,-0.2225,56552.1,54587.55
2026-02-28 13:00:00+00:00,-0.0075,55101.95,51144.25
2026-02-28 14:00:00+00:00,14.8625,54421.375,45870.05
2026-02-28 15:00:00+00:00,65.6475,55675.6,38064.9
2026-02-28 16:00:00+00:00,89.935,56635.525,32917.5
2026-02-28 17:00:00+00:00,95.1925,57686.325,33263.9
2026-02-28 18:00:00+00:00,85.1675,57499.925,34873.475000000006
2026-02-28 19:00:00+00:00,69.1175,55248.375,35786.225000000006
2026-02-28 20:00:00+00:00,64.6675,53049.7,35967.625
2026-02-28 21:00:00+00:00,64.6625,51143.875,35096.925
2026-02-28 22:00:00+00:00,60.6725,48209.925,34285.225
2026-02-28 23:00:00+00:00,47.6475,46703.0,34417.575
2026-03-01 00:00:00+00:00,51.55,44766.55,31720.925000000003
2026-03-01 01:00:00+00:00,54.2475,43943.375,28409.2
2026-03-01 02:00:00+00:00,57.072500000000005,43633.875,24997.85
2026-03-01 03:00:00+00:00,61.085,43959.95,22132.125
2026-03-01 04:00:00+00:00,65.18,44283.3,20103.35
2026-03-01 05:00:00+00:00,66.00750000000001,45753.475,18638.925
2026-03-01 06:00:00+00:00,64.9975,48436.925,18485.225
2026-03-01 07:00:00+00:00,52.535,51152.9,22986.925
2026-03-01 08:00:00+00:00,19.98,53315.75,30209.800000000003
2026-03-01 09:00:00+00:00,0.0,54747.6,37503.975
2026-03-01 10:00:00+00:00,-0.025,56150.6,42217.825
2026-03-01 11:00:00+00:00,-0.365,55636.0,43934.45
2026-03-01 12:00:00+00:00,-0.7875,54302.125,42942.55
2026-03-01 13:00:00+00:00,-0.005,53186.025,39149.725000000006
2026-03-01 14:00:00+00:00,25.9525,53075.175,32206.675
2026-03-01 15:00:00+00:00,74.84,54303.575,23232.125
2026-03-01 16:00:00+00:00,103.76,57120.05,15747.475
2026-03-01 17:00:00+00:00,110.2025,58523.825,14890.025
2026-03-01 18:00:00+00:00,101.685,57775.475,17215.45
2026-03-01 19:00:00+00:00,90.735,55665.55,19989.35
2026-03-01 20:00:00+00:00,81.315,53074.175,21874.275
2026-03-01 21:00:00+00:00,74.66499999999999,50838.325,22300.0
2026-03-01 22:00:00+00:00,68.1475,48704.7,22006.65
2026-03-01 23:00:00+00:00,65.13,45701.175,22797.875
2026-03-02 00:00:00+00:00,66.94500000000001,44247.475,21982.125
2026-03-02 01:00:00+00:00,69.0075,43930.125,20864.1
2026-03-02 02:00:00+00:00,69.5675,44310.55,19398.9
2026-03-02 03:00:00+00:00,74.03,46073.1,17802.125
2026-03-02 04:00:00+00:00,85.03,50509.75,16726.0
2026-03-02 05:00:00+00:00,100.1675,58231.1,16441.775
2026-03-02 06:00:00+00:00,138.6525,63995.125,18344.6
2026-03-02 07:00:00+00:00,124.8625,67080.75,26207.5
2026-03-02 08:00:00+00:00,89.4625,67588.075,35213.425
2026-03-02 09:00:00+00:00,69.9,67541.825,40920.85
2026-03-02 10:00:00+00:00,53.5625,67013.125,45171.675
2026-03-02 11:00:00+00:00,29.067500000000003,65808.275,47586.225
2026-03-02 12:00:00+00:00,40.2525,64288.6,46278.575
2026-03-02 13:00:00+00:00,64.03,62927.05,40327.9
2026-03-02 14:00:00+00:00,84.9875,62000.5,30040.675000000003
2026-03-02 15:00:00+00:00,109.1525,62661.3,17904.65
2026-03-02 16:00:00+00:00,173.5,64919.225,9943.7
2026-03-02 17:00:00+00:00,187.995,66125.075,10012.0
2026-03-02 18:00:00+00:00,143.61,64910.175,13035.55
2026-03-02 19:00:00+00:00,107.685,61881.525,15366.7
2026-03-02 20:00:00+00:00,96.4675,58323.625,16779.025
2026-03-02 21:00:00+00:00,96.8,54738.45,17118.825
2026-03-02 22:00:00+00:00,88.89500000000001,50764.6,16633.3
2026-03-02 23:00:00+00:00,89.0625,48677.275,16316.725
2026-03-03 00:00:00+00:00,90.1225,47148.275,14959.675
2026-03-03 01:00:00+00:00,89.425,46678.7,13446.5
2026-03-03 02:00:00+00:00,92.815,47155.225,11963.075
2026-03-03 03:00:00+00:00,95.7225,48444.425,10518.675
2026-03-03 04:00:00+00:00,103.32,51871.15,9361.025
2026-03-03 05:00:00+00:00,136.0475,58051.725,8548.125
2026-03-03 06:00:00+00:00,156.3975,62798.0,10169.575
2026-03-03 07:00:00+00:00,136.78,65906.575,17643.325
2026-03-03 08:00:00+00:00,99.52,67353.625,27313.300000000003
2026-03-03 09:00:00+00:00,78.17,67712.25,35058.375
2026-03-03 10:00:00+00:00,55.9225,67424.375,40241.95
2026-03-03 11:00:00+00:00,32.365,66382.175,42662.47499999999
2026-03-03 12:00:00+00:00,35.6625,64815.075,41357.125
2026-03-03 13:00:00+00:00,64.14500000000001,63527.6,36020.725
2026-03-03 14:00:00+00:00,86.7675,62643.625,26903.050000000003
2026-03-03 15:00:00+00:00,114.18,62625.225,15735.9
2026-03-03 16:00:00+00:00,158.615,64477.3,7271.6
2026-03-03 17:00:00+00:00,204.2575,65865.15,5820.075
2026-03-03 18:00:00+00:00,173.37,65219.9,6682.5
2026-03-03 19:00:00+00:00,131.725,62025.975,7135.425
2026-03-03 20:00:00+00:00,116.18,58397.375,7224.0
2026-03-03 21:00:00+00:00,111.32,54899.575,6838.325
2026-03-03 22:00:00+00:00,104.695,51607.125,6287.5
2026-03-03 23:00:00+00:00,129.01,48681.825,5365.724999999999
2026-03-04 00:00:00+00:00,127.8225,47227.15,4961.45
2026-03-04 01:00:00+00:00,125.3225,46789.475,4551.075
2026-03-04 02:00:00+00:00,124.735,46823.225,4149.725
2026-03-04 03:00:00+00:00,128.2025,48507.725,3876.275
2026-03-04 04:00:00+00:00,141.16,52068.025,3693.05
2026-03-04 05:00:00+00:00,200.2975,58358.775,3582.2
2026-03-04 06:00:00+00:00,267.485,63871.65,5589.9
2026-03-04 07:00:00+00:00,193.3475,66688.825,12397.55
2026-03-04 08:00:00+00:00,150.76,67648.625,21387.65
2026-03-04 09:00:00+00:00,110.4175,67413.725,30114.8
2026-03-04 10:00:00+00:00,78.2975,67174.15,37131.725
2026-03-04 11:00:00+00:00,42.495,65596.25,40877.95
2026-03-04 12:00:00+00:00,32.975,63502.25,40648.425
2026-03-04 13:00:00+00:00,65.405,61916.8,35994.65
2026-03-04 14:00:00+00:00,99.1125,60844.45,26917.3
2026-03-04 15:00:00+00:00,137.21,61003.3,15259.55
2026-03-04 16:00:00+00:00,244.265,63375.4,6160.25
2026-03-04 17:00:00+00:00,310.86,65126.725,4615.75
2026-03-04 18:00:00+00:00,239.6275,64644.75,6118.35
2026-03-04 19:00:00+00:00,169.86,61571.975,7390.675
2026-03-04 20:00:00+00:00,151.8775,58067.225,8302.225
2026-03-04 21:00:00+00:00,142.24,54347.15,8792.35
2026-03-04 22:00:00+00:00,124.8075,50585.475,9005.099999999999
2026-03-04 23:00:00+00:00,116.485,48264.225,9938.025
2026-03-05 00:00:00+00:00,109.9325,46635.05,10041.725
2026-03-05 01:00:00+00:00,109.2625,46052.15,10106.15
2026-03-05 02:00:00+00:00,108.785,46458.175,10132.275
2026-03-05 03:00:00+00:00,111.0625,48291.375,10180.9
2026-03-05 04:00:00+00:00,126.9325,52064.45,10484.525
2026-03-05 05:00:00+00:00,154.3875,58294.675,11206.075
2026-03-05 06:00:00+00:00,175.54500000000002,63255.2,14721.35
2026-03-05 07:00:00+00:00,139.32999999999998,66105.85,24137.425000000003
2026-03-05 08:00:00+00:00,97.0925,66822.225,34212.6
2026-03-05 09:00:00+00:00,64.145,66844.175,41609.775
2026-03-05 10:00:00+00:00,22.955,66097.075,47522.225
2026-03-05 11:00:00+00:00,2.1225,64564.850000000006,50633.525
2026-03-05 12:00:00+00:00,2.825,62636.35,49417.9
2026-03-05 13:00:00+00:00,38.835,61188.725,43575.675
2026-03-05 14:00:00+00:00,90.0025,61221.975,33413.725
2026-03-05 15:00:00+00:00,137.75,61605.375,21109.0
2026-03-05 16:00:00+00:00,180.375,63982.05,13241.15
2026-03-05 17:00:00+00:00,192.02,65144.3,14962.525
2026-03-05 18:00:00+00:00,165.0,64387.15,19354.875
2026-03-05 19:00:00+00:00,135.245,61639.825,21527.825
2026-03-05 20:00:00+00:00,130.59,58043.475,21598.15
2026-03-05 21:00:00+00:00,130.1425,54547.575,19847.35
2026-03-05 22:00:00+00:00,119.7,51177.8,17519.699999999997
2026-03-05 23:00:00+00:00,104.125,48062.875,17845.875
2026-03-06 00:00:00+00:00,106.0,46605.75,15058.025
2026-03-06 01:00:00+00:00,108.5225,46235.1,12664.15
2026-03-06 02:00:00+00:00,109.525,46703.8,10811.35
2026-03-06 03:00:00+00:00,115.5,48130.8,9518.95
2026-03-06 04:00:00+00:00,129.6575,51498.725,8851.7
2026-03-06 05:00:00+00:00,157.285,57730.825,8532.525
2026-03-06 06:00:00+00:00,177.025,62989.55,11614.275
2026-03-06 07:00:00+00:00,138.2875,65546.225,21020.725
2026-03-06 08:00:00+00:00,111.9625,66118.55,30951.325
2026-03-06 09:00:00+00:00,96.5,65863.2,37904.525
2026-03-06 10:00:00+00:00,66.7125,64752.575,42389.3
2026-03-06 11:00:00+00:00,52.64,63267.375,44013.9
2026-03-06 12:00:00+00:00,48.6525,61295.625,42171.850000000006
2026-03-06 13:00:00+00:00,73.9375,59365.8,36398.925
2026-03-06 14:00:00+00:00,107.0675,58927.425,26755.55
2026-03-06 15:00:00+00:00,130.39749999999998,59445.55,14685.475
2026-03-06 16:00:00+00:00,177.4375,61506.3,5289.349999999999
2026-03-06 17:00:00+00:00,229.5525,62884.5,3302.975
2026-03-06 18:00:00+00:00,189.765,62019.45,4439.625
2026-03-06 19:00:00+00:00,153.11,58746.525,5280.2
2026-03-06 20:00:00+00:00,134.1925,55177.375,5611.625
2026-03-06 21:00:00+00:00,127.245,51807.825,5406.175
2026-03-06 22:00:00+00:00,126.075,48507.675,4824.025
2026-03-06 23:00:00+00:00,135.1625,45481.6,4183.45
2026-03-07 00:00:00+00:00,130.6775,43660.7,3645.95
2026-03-07 01:00:00+00:00,125.6725,42709.6,3115.625
2026-03-07 02:00:00+00:00,124.39,42467.525,2613.55
2026-03-07 03:00:00+00:00,124.7475,42653.525,2276.525
2026-03-07 04:00:00+00:00,129.575,43508.55,2145.9
2026-03-07 05:00:00+00:00,135.62,45560.45,2213.85
2026-03-07 06:00:00+00:00,129.5575,48672.625,5741.799999999999
2026-03-07 07:00:00+00:00,112.9025,52317.175,15171.2
2026-03-07 08:00:00+00:00,102.7875,55116.05,26109.475
2026-03-07 09:00:00+00:00,74.445,56189.45,34802.075
2026-03-07 10:00:00+00:00,30.5425,56005.625,40298.2
2026-03-07 11:00:00+00:00,13.03,54792.775,42137.25
2026-03-07 12:00:00+00:00,1.4175,52893.675,40345.825
2026-03-07 13:00:00+00:00,18.1775,51536.75,34909.25
2026-03-07 14:00:00+00:00,83.285,51307.9,25960.3
2026-03-07 15:00:00+00:00,126.315,52246.225,14371.4
2026-03-07 16:00:00+00:00,147.37,54690.425,5047.7
2026-03-07 17:00:00+00:00,180.8725,56726.675,2712.55
2026-03-07 18:00:00+00:00,166.725,55262.825,3420.4
2026-03-07 19:00:00+00:00,148.1975,52501.65,3863.85
2026-03-07 20:00:00+00:00,137.61,49860.8,4084.15
2026-03-07 21:00:00+00:00,134.1975,47342.875,4103.3
2026-03-07 22:00:00+00:00,130.645,44728.4,3922.25
2026-03-07 23:00:00+00:00,135.9925,42290.725,3376.7
2026-03-08 00:00:00+00:00,132.7325,40679.85,3049.15
2026-03-08 01:00:00+00:00,131.1925,39848.625,2758.3
2026-03-08 02:00:00+00:00,130.0925,39739.7,2574.35
2026-03-08 03:00:00+00:00,129.335,39990.85,2612.675
2026-03-08 04:00:00+00:00,129.635,41058.4,2899.6
2026-03-08 05:00:00+00:00,131.0975,43138.425,3501.775
2026-03-08 06:00:00+00:00,116.985,45991.375,7011.35
2026-03-08 07:00:00+00:00,108.5625,49168.9,15593.4
2026-03-08 08:00:00+00:00,90.7175,51694.25,25756.875
2026-03-08 09:00:00+00:00,62.94,52400.35,34023.475000000006
2026-03-08 10:00:00+00:00,18.0275,52441.625,39467.875
2026-03-08 11:00:00+00:00,8.3325,51955.975,41627.55
2026-03-08 12:00:00+00:00,-0.005,50192.125,40452.575
2026-03-08 13:00:00+00:00,6.48,48948.725,35573.9
2026-03-08 14:00:00+00:00,64.25999999999999,48791.2,27201.95
2026-03-08 15:00:00+00:00,117.2025,49654.65,16818.15
2026-03-08 16:00:00+00:00,146.3125,52071.775,9656.275
2026-03-08 17:00:00+00:00,160.26,54569.25,9932.5
2026-03-08 18:00:00+00:00,154.0525,54464.65,12896.925
2026-03-08 19:00:00+00:00,138.7925,52558.15,14730.15
2026-03-08 20:00:00+00:00,127.435,50509.8,15462.25
2026-03-08 21:00:00+00:00,121.115,48439.125,14921.8
2026-03-08 22:00:00+00:00,113.5725,46033.475,13672.925
2026-03-08 23:00:00+00:00,114.0875,43508.675,12490.775
2026-03-09 00:00:00+00:00,109.2725,42250.15,11178.125
2026-03-09 01:00:00+00:00,109.12,41810.125,9816.4
2026-03-09 02:00:00+00:00,110.48,42013.100000000006,8556.5
2026-03-09 03:00:00+00:00,116.39,43880.575,7768.05
2026-03-09 04:00:00+00:00,136.9975,48655.65,7310.975
2026-03-09 05:00:00+00:00,163.925,56458.275,7188.0
2026-03-09 06:00:00+00:00,191.58,62351.425,10335.05
2026-03-09 07:00:00+00:00,162.605,64963.825,19050.950000000004
2026-03-09 08:00:00+00:00,127.0725,65293.175,28771.075
2026-03-09 09:00:00+00:00,101.1175,64990.2,36604.45
2026-03-09 10:00:00+00:00,81.0475,64517.375,41521.125
2026-03-09 11:00:00+00:00,67.69,63235.35,42621.75
2026-03-09 12:00:00+00:00,67.2925,61697.925,39840.600000000006
2026-03-09 13:00:00+00:00,81.375,60309.7,33638.525
2026-03-09 14:00:00+00:00,112.9925,60069.875,24494.25
2026-03-09 15:00:00+00:00,143.4375,60805.25,13847.875
2026-03-09 16:00:00+00:00,187.025,63229.9,5306.175
2026-03-09 17:00:00+00:00,243.9725,64561.25,2722.5
2026-03-09 18:00:00+00:00,222.405,63433.05,3033.775
2026-03-09 19:00:00+00:00,180.89,60287.525,3174.275
2026-03-09 20:00:00+00:00,152.1575,57093.95,3178.65
2026-03-09 21:00:00+00:00,143.27,53545.675,3111.975
2026-03-09 22:00:00+00:00,132.695,49846.95,3062.9
2026-03-09 23:00:00+00:00,138.58,46955.275,3341.7
2026-03-10 00:00:00+00:00,130.44,45429.3,3333.75
2026-03-10 01:00:00+00:00,127.6125,45060.2,3318.475
2026-03-10 02:00:00+00:00,126.9,45424.3,3295.0
2026-03-10 03:00:00+00:00,128.48250000000002,46668.575,3223.175
2026-03-10 04:00:00+00:00,140.70999999999998,49892.225,3254.65
2026-03-10 05:00:00+00:00,168.1025,55845.55,3535.6
2026-03-10 06:00:00+00:00,180.17,60421.5,7075.175
2026-03-10 07:00:00+00:00,173.32,63013.3,15785.325
2026-03-10 08:00:00+00:00,140.53750000000002,63830.125,25856.575
2026-03-10 09:00:00+00:00,118.25,63951.0,34092.025
2026-03-10 10:00:00+00:00,103.7925,63396.875,39284.475
2026-03-10 11:00:00+00:00,91.44,62337.625,40593.925
2026-03-10 12:00:00+00:00,97.0375,61199.125,38478.0
2026-03-10 13:00:00+00:00,107.165,59840.45,33687.575
2026-03-10 14:00:00+00:00,121.4925,59338.6,26215.425000000003
2026-03-10 15:00:00+00:00,144.3925,59321.675,16742.850000000002
2026-03-10 16:00:00+00:00,179.0025,60778.75,8822.975
2026-03-10 17:00:00+00:00,218.2275,62088.9,6805.5
2026-03-10 18:00:00+00:00,201.13,61624.975,8084.8
2026-03-10 19:00:00+00:00,159.5475,59078.55,9943.325
2026-03-10 20:00:00+00:00,139.9675,55907.225,12005.1
2026-03-10 21:00:00+00:00,123.255,52553.625,13924.8
2026-03-10 22:00:00+00:00,98.5825,49447.65,15885.4
2026-03-10 23:00:00+00:00,83.9575,47106.2,20397.025
2026-03-11 00:00:00+00:00,70.805,45749.725,22383.550000000003
2026-03-11 01:00:00+00:00,65.425,45213.55,24365.3
2026-03-11 02:00:00+00:00,63.5725,45076.8,26176.9
2026-03-11 03:00:00+00:00,56.0725,46883.65,27925.175
2026-03-11 04:00:00+00:00,64.535,50695.725,29924.75
2026-03-11 05:00:00+00:00,70.8675,56923.625,32557.1
2026-03-11 06:00:00+00:00,80.87,62251.975,36921.225
2026-03-11 07:00:00+00:00,75.5025,64821.925,44589.825
2026-03-11 08:00:00+00:00,57.945,65985.1,52540.5
2026-03-11 09:00:00+00:00,26.2275,66307.925,58915.95
2026-03-11 10:00:00+00:00,12.1975,66087.3,62929.675
2026-03-11 11:00:00+00:00,9.9125,64818.2,63005.925
2026-03-11 12:00:00+00:00,16.1375,63252.575,59224.225
2026-03-11 13:00:00+00:00,47.2725,61751.475,53479.225000000006
2026-03-11 14:00:00+00:00,79.33,60702.65,45705.475
2026-03-11 15:00:00+00:00,104.105,60672.0,37427.8
2026-03-11 16:00:00+00:00,128.7775,62685.7,30392.5
2026-03-11 17:00:00+00:00,153.13750000000002,63953.15,26852.075
2026-03-11 18:00:00+00:00,156.72,62594.95,25701.7
2026-03-11 19:00:00+00:00,132.19,59812.25,25395.3
2026-03-11 20:00:00+00:00,123.0275,56661.95,24604.05
2026-03-11 21:00:00+00:00,119.3025,53098.225,23395.1
2026-03-11 22:00:00+00:00,104.0025,49534.55,22744.85
2026-03-11 23:00:00+00:00,100.185,46085.625,22353.575
2026-03-12 00:00:00+00:00,92.0425,44591.125,22021.825
2026-03-12 01:00:00+00:00,88.8125,44268.975,21792.65
2026-03-12 02:00:00+00:00,88.61,44532.425,21791.775
2026-03-12 03:00:00+00:00,89.6625,45691.875,21916.475
2026-03-12 04:00:00+00:00,99.8225,48988.025,22269.8
2026-03-12 05:00:00+00:00,130.6675,55097.95,23190.65
2026-03-12 06:00:00+00:00,137.14,59829.5,26570.425000000003
2026-03-12 07:00:00+00:00,104.805,62411.35,33581.65
2026-03-12 08:00:00+00:00,79.9975,62992.85,41932.325
2026-03-12 09:00:00+00:00,28.475,63383.725,50837.225
2026-03-12 10:00:00+00:00,0.3425,63489.2,57717.25
2026-03-12 11:00:00+00:00,-1.0925,62865.05,60993.525
2026-03-12 12:00:00+00:00,-2.4925,61457.7,61356.575
2026-03-12 13:00:00+00:00,-0.9025,59937.45,58423.525
2026-03-12 14:00:00+00:00,3.6,59168.55,52915.7
2026-03-12 15:00:00+00:00,51.165,58997.55,44686.7
2026-03-12 16:00:00+00:00,108.5775,60286.05,35893.024999999994
2026-03-12 17:00:00+00:00,114.865,62037.35,33468.65
2026-03-12 18:00:00+00:00,105.9975,61646.75,35662.85
2026-03-12 19:00:00+00:00,86.57,58839.65,38273.875
2026-03-12 20:00:00+00:00,69.79,55666.075,39947.225
2026-03-12 21:00:00+00:00,62.555,52396.225,40156.675
2026-03-12 22:00:00+00:00,17.9025,49139.975,40661.525
2026-03-12 23:00:00+00:00,6.29,48017.75,40292.575
2026-03-13 00:00:00+00:00,4.1025,46713.075,40016.975000000006
2026-03-13 01:00:00+00:00,2.8875,46290.9,40107.825
2026-03-13 02:00:00+00:00,1.1475,46853.425,40529.325
2026-03-13 03:00:00+00:00,1.46,48021.775,41315.275
2026-03-13 04:00:00+00:00,2.9075,51036.05,42405.325
2026-03-13 05:00:00+00:00,8.46,57196.2,44635.65
2026-03-13 06:00:00+00:00,19.9375,62098.225,49961.825
2026-03-13 07:00:00+00:00,6.415,65013.625,58722.875
2026-03-13 08:00:00+00:00,-0.24,66122.025,66559.25
2026-03-13 09:00:00+00:00,-4.9975,66797.25,71576.775
2026-03-13 10:00:00+00:00,-9.0,66453.4,72731.025
2026-03-13 11:00:00+00:00,-8.3475,64821.975000000006,70059.1
2026-03-13 12:00:00+00:00,-2.5525,63066.4,64202.725
2026-03-13 13:00:00+00:00,1.1725,61799.7,56253.725
2026-03-13 14:00:00+00:00,47.07,60854.0,46900.7
2026-03-13 15:00:00+00:00,101.31,60072.225,35627.975
2026-03-13 16:00:00+00:00,141.93,61825.125,25352.35
2026-03-13 17:00:00+00:00,161.4925,62429.975,20243.475
2026-03-13 18:00:00+00:00,165.745,60991.25,18505.475
2026-03-13 19:00:00+00:00,145.7225,57791.8,17664.75
2026-03-13 20:00:00+00:00,130.335,54379.475,16716.7
2026-03-13 21:00:00+00:00,123.4225,51381.925,15595.325
2026-03-13 22:00:00+00:00,115.8075,48259.725,14801.375
2026-03-13 23:00:00+00:00,112.945,45782.075,14004.7
2026-03-14 00:00:00+00:00,109.07,43829.925,12971.9
2026-03-14 01:00:00+00:00,103.99,42889.55,12118.75
2026-03-14 02:00:00+00:00,101.8625,42664.85,11584.025
2026-03-14 03:00:00+00:00,105.115,42729.0,11296.05
2026-03-14 04:00:00+00:00,109.0675,43320.45,11255.175
2026-03-14 05:00:00+00:00,111.52,45128.7,11368.625
2026-03-14 06:00:00+00:00,116.7075,48155.375,12566.8
2026-03-14 07:00:00+00:00,121.88,51666.75,15467.875
2026-03-14 08:00:00+00:00,116.14,54255.075,19053.55
2026-03-14 09:00:00+00:00,107.5225,55411.15,21828.6
2026-03-14 10:00:00+00:00,103.525,55030.425,22899.3
2026-03-14 11:00:00+00:00,104.195,53914.225,22335.625
2026-03-14 12:00:00+00:00,103.43,52416.45,20795.925
2026-03-14 13:00:00+00:00,105.6775,51167.825,18092.75
2026-03-14 14:00:00+00:00,114.22,50672.975,14247.15
2026-03-14 15:00:00+00:00,130.0,51117.5,9946.575
2026-03-14 16:00:00+00:00,138.65,52594.375,6513.6
2026-03-14 17:00:00+00:00,161.1,54358.85,5036.6
2026-03-14 18:00:00+00:00,169.83499999999998,53650.05,4857.275
2026-03-14 19:00:00+00:00,150.265,51452.675,4885.475
2026-03-14 20:00:00+00:00,137.4525,49251.375,4903.0
2026-03-14 21:00:00+00:00,135.2375,47281.55,4870.425
2026-03-14 22:00:00+00:00,128.04500000000002,44805.05,4736.25
2026-03-14 23:00:00+00:00,137.3425,43742.95,3533.375
2026-03-15 00:00:00+00:00,133.73000000000002,42132.375,3364.2
2026-03-15 01:00:00+00:00,124.96,41416.7,3191.55
2026-03-15 02:00:00+00:00,123.5275,41168.25,2968.525
2026-03-15 03:00:00+00:00,122.1775,41349.05,2644.3500000000004
2026-03-15 04:00:00+00:00,124.12,42133.575,2293.675
2026-03-15 05:00:00+00:00,124.3875,43746.45,2182.4
2026-03-15 06:00:00+00:00,118.46,46136.65,4061.725
2026-03-15 07:00:00+00:00,109.095,49289.75,8547.625
2026-03-15 08:00:00+00:00,94.77,51506.125,13873.15
2026-03-15 09:00:00+00:00,87.305,53097.25,18692.6
2026-03-15 10:00:00+00:00,72.21,54037.85,22660.275
2026-03-15 11:00:00+00:00,52.9675,53519.45,25525.55
2026-03-15 12:00:00+00:00,36.4575,52061.475,26742.725
2026-03-15 13:00:00+00:00,37.1975,50608.05,25485.7
2026-03-15 14:00:00+00:00,63.0775,50007.975,21824.9
2026-03-15 15:00:00+00:00,89.245,50659.275,16768.8
2026-03-15 16:00:00+00:00,127.9125,52796.075,12378.6
2026-03-15 17:00:00+00:00,149.115,54913.525,12307.825
2026-03-15 18:00:00+00:00,131.87,54706.7,15954.7
2026-03-15 19:00:00+00:00,108.4825,52786.5,20167.675
2026-03-15 20:00:00+00:00,91.875,51045.45,23769.1
2026-03-15 21:00:00+00:00,82.8625,49354.575,26378.25
2026-03-15 22:00:00+00:00,64.015,46969.2,29264.3
2026-03-15 23:00:00+00:00,34.165,45785.125,32919.55
2026-03-16 00:00:00+00:00,23.3275,44575.35,35231.175
2026-03-16 01:00:00+00:00,17.59,44313.05,36958.525
2026-03-16 02:00:00+00:00,14.1375,45229.025,38210.05
2026-03-16 03:00:00+00:00,20.0575,47009.075,38915.925
2026-03-16 04:00:00+00:00,37.4275,52730.05,38698.875
2026-03-16 05:00:00+00:00,66.19,61210.175,38705.925
2026-03-16 06:00:00+00:00,95.5675,66228.475,40243.075
2026-03-16 07:00:00+00:00,95.9775,69132.0,44276.575
2026-03-16 08:00:00+00:00,73.105,69418.475,49301.3
2026-03-16 09:00:00+00:00,42.595,68969.2,53593.55
2026-03-16 10:00:00+00:00,17.365000000000002,68880.725,55551.3
2026-03-16 11:00:00+00:00,12.035,68114.8,56455.95
2026-03-16 12:00:00+00:00,15.88,66640.575,55672.525
2026-03-16 13:00:00+00:00,42.1725,65653.275,52966.8
2026-03-16 14:00:00+00:00,64.445,64742.575,46163.8
2026-03-16 15:00:00+00:00,106.21,65100.075,35724.7
2026-03-16 16:00:00+00:00,138.6025,66353.55,24709.675
2026-03-16 17:00:00+00:00,165.035,67386.75,18242.325
2026-03-16 18:00:00+00:00,179.8875,65732.625,16631.275
2026-03-16 19:00:00+00:00,154.785,62408.9,16747.05
2026-03-16 20:00:00+00:00,125.7125,58773.7,17027.45
2026-03-16 21:00:00+00:00,121.9125,55359.0,17004.375
2026-03-16 22:00:00+00:00,99.765,51559.4,16911.975
2026-03-16 23:00:00+00:00,113.665,49737.45,13809.575
2026-03-17 00:00:00+00:00,105.585,48123.6,13537.475
2026-03-17 01:00:00+00:00,106.4225,47669.9,12804.4
2026-03-17 02:00:00+00:00,106.5225,48333.6,11989.15
2026-03-17 03:00:00+00:00,110.03,49588.725,11162.875
2026-03-17 04:00:00+00:00,119.915,52832.025,10506.75
2026-03-17 05:00:00+00:00,147.965,58745.95,10510.725
2026-03-17 06:00:00+00:00,167.98,63148.95,13381.675
2026-03-17 07:00:00+00:00,152.5125,65878.55,19031.725
2026-03-17 08:00:00+00:00,124.0725,66459.975,24607.425
2026-03-17 09:00:00+00:00,108.64,66220.225,28635.775
2026-03-17 10:00:00+00:00,100.65,65939.15,31380.8
2026-03-17 11:00:00+00:00,95.2275,65303.8,32399.625
2026-03-17 12:00:00+00:00,96.765,64496.575,31725.975
2026-03-17 13:00:00+00:00,99.325,63143.825,28704.825
2026-03-17 14:00:00+00:00,112.1075,62137.275,23175.95
2026-03-17 15:00:00+00:00,131.7775,62181.05,15985.95
2026-03-17 16:00:00+00:00,162.2025,63981.75,9817.85
2026-03-17 17:00:00+00:00,207.2975,65526.65,8922.45
2026-03-17 18:00:00+00:00,170.3825,65058.05,11883.325
2026-03-17 19:00:00+00:00,144.2375,62052.075,15251.3
2026-03-17 20:00:00+00:00,129.79000000000002,58707.15,18213.7
2026-03-17 21:00:00+00:00,114.24,55194.45,20182.4
2026-03-17 22:00:00+00:00,100.4575,52090.925,21662.8
2026-03-17 23:00:00+00:00,89.8,49002.65,22653.7
2026-03-18 00:00:00+00:00,86.72749999999999,47742.875,23238.0
2026-03-18 01:00:00+00:00,85.685,47105.55,23326.325
2026-03-18 02:00:00+00:00,86.8675,47214.45,23018.3
2026-03-18 03:00:00+00:00,88.83500000000001,48735.825,22591.075
2026-03-18 04:00:00+00:00,100.055,52245.575,22307.225
2026-03-18 05:00:00+00:00,130.74,58418.2,22885.325
2026-03-18 06:00:00+00:00,133.5925,63415.9,28488.825
2026-03-18 07:00:00+00:00,99.9375,65857.975,38266.825
2026-03-18 08:00:00+00:00,62.95,66411.425,46578.95
2026-03-18 09:00:00+00:00,9.9975,66528.04999999999,53387.975000000006
2026-03-18 10:00:00+00:00,-1.62,66868.425,57367.075
2026-03-18 11:00:00+00:00,-2.31,65652.575,58231.725
2026-03-18 12:00:00+00:00,-2.7125,64588.7,56178.55
2026-03-18 13:00:00+00:00,0.2224999999999999,63107.525,50926.075
2026-03-18 14:00:00+00:00,47.19499999999999,61685.55,41871.05
2026-03-18 15:00:00+00:00,107.0325,61369.7,29294.45
2026-03-18 16:00:00+00:00,145.2125,63080.6,17662.775
2026-03-18 17:00:00+00:00,177.6225,64275.15,13884.75
2026-03-18 18:00:00+00:00,170.1975,63569.45,15615.775
2026-03-18 19:00:00+00:00,148.49,61307.625,17033.4
2026-03-18 20:00:00+00:00,132.0575,58041.7,17445.45
2026-03-18 21:00:00+00:00,123.775,54299.85,16797.875
2026-03-18 22:00:00+00:00,113.375,50474.825,15564.775
2026-03-18 23:00:00+00:00,109.25,47306.95,13673.3
2026-03-19 00:00:00+00:00,112.64,45827.675,12040.35
2026-03-19 01:00:00+00:00,113.9925,45234.3,10402.525
2026-03-19 02:00:00+00:00,115.525,45680.075,8875.599999999999
2026-03-19 03:00:00+00:00,123.275,47344.7,7693.325
2026-03-19 04:00:00+00:00,132.78,51120.975,6768.275
2026-03-19 05:00:00+00:00,160.1275,57146.85,6552.950000000001
2026-03-19 06:00:00+00:00,158.2425,61709.35,12154.3
2026-03-19 07:00:00+00:00,138.6025,64616.0,23007.175
2026-03-19 08:00:00+00:00,90.9025,65866.375,33745.524999999994
2026-03-19 09:00:00+00:00,55.3,66358.45,42168.35
2026-03-19 10:00:00+00:00,7.869999999999999,66095.6,47257.225
2026-03-19 11:00:00+00:00,0.0,65448.3,48992.125
2026-03-19 12:00:00+00:00,2.53,64515.775,47544.375
2026-03-19 13:00:00+00:00,43.715,63015.525,42470.175
2026-03-19 14:00:00+00:00,85.9475,61954.575,33384.925
2026-03-19 15:00:00+00:00,120.3475,61945.325,20933.8
2026-03-19 16:00:00+00:00,152.175,63497.8,9682.825
2026-03-19 17:00:00+00:00,209.2675,64162.8,5445.25
2026-03-19 18:00:00+00:00,214.3825,63443.7,6117.175
2026-03-19 19:00:00+00:00,163.37,60655.7,6531.475
2026-03-19 20:00:00+00:00,149.04000000000002,57555.925,6556.125
2026-03-19 21:00:00+00:00,139.55,54404.35,6299.425
2026-03-19 22:00:00+00:00,132.2375,50988.725,5860.225
2026-03-19 23:00:00+00:00,143.5625,47564.525,6785.05
2026-03-20 00:00:00+00:00,137.96,46149.075,5765.9
2026-03-20 01:00:00+00:00,135.6425,45723.125,4965.325
2026-03-20 02:00:00+00:00,137.475,46199.2,4593.425
2026-03-20 03:00:00+00:00,138.905,47341.675,4637.65
2026-03-20 04:00:00+00:00,154.59,50443.95,4678.875
2026-03-20 05:00:00+00:00,192.295,56454.725,5070.65
2026-03-20 06:00:00+00:00,197.6425,60978.25,9820.3
2026-03-20 07:00:00+00:00,161.3025,64204.975,18432.85
2026-03-20 08:00:00+00:00,132.0075,65253.7,27132.95
2026-03-20 09:00:00+00:00,101.085,65227.95,34221.025
2026-03-20 10:00:00+00:00,78.4725,64066.375,38388.15
2026-03-20 11:00:00+00:00,65.61,62534.6,39352.325
2026-03-20 12:00:00+00:00,65.61,60511.075,37723.15
2026-03-20 13:00:00+00:00,87.4,58411.6,33485.825
2026-03-20 14:00:00+00:00,117.155,57695.975,26105.65
2026-03-20 15:00:00+00:00,144.675,57394.525,16592.35
2026-03-20 16:00:00+00:00,174.8175,59245.45,8134.575
2026-03-20 17:00:00+00:00,211.005,61036.575,4981.150000000001
2026-03-20 18:00:00+00:00,212.31,60384.725,5823.25
2026-03-20 19:00:00+00:00,180.035,57619.7,6359.45
2026-03-20 20:00:00+00:00,163.05,54223.475,6440.275
2026-03-20 21:00:00+00:00,151.8525,51217.35,6175.799999999999
2026-03-20 22:00:00+00:00,148.125,48066.775,5732.825
2026-03-20 23:00:00+00:00,142.3975,45731.625,4905.15
2026-03-21 00:00:00+00:00,138.3425,43719.625,4392.55
2026-03-21 01:00:00+00:00,136.085,42685.1,3856.175
2026-03-21 02:00:00+00:00,132.0575,42227.325,3436.9
2026-03-21 03:00:00+00:00,131.1925,42125.75,3238.625
2026-03-21 04:00:00+00:00,137.665,43183.625,3198.775
2026-03-21 05:00:00+00:00,142.34,44831.9,3709.45
2026-03-21 06:00:00+00:00,139.6625,47359.3,7804.900000000001
2026-03-21 07:00:00+00:00,127.265,50605.325,14873.75
2026-03-21 08:00:00+00:00,100.5775,53124.925,22790.075
2026-03-21 09:00:00+00:00,76.4725,54520.8,29405.825
2026-03-21 10:00:00+00:00,45.9,54997.8,33180.55
2026-03-21 11:00:00+00:00,23.49,53988.9,33996.525
2026-03-21 12:00:00+00:00,24.27,52295.3,32642.575
2026-03-21 13:00:00+00:00,62.9275,51124.850000000006,29382.65
2026-03-21 14:00:00+00:00,90.0,50390.15,23953.65
2026-03-21 15:00:00+00:00,115.665,50496.825,17222.85
2026-03-21 16:00:00+00:00,146.025,52349.475,11269.225
2026-03-21 17:00:00+00:00,171.6175,54412.1,9620.05
2026-03-21 18:00:00+00:00,163.10500000000002,53723.625,11787.025
2026-03-21 19:00:00+00:00,141.8275,51600.775,14091.85
2026-03-21 20:00:00+00:00,126.875,49198.25,15419.425
2026-03-21 21:00:00+00:00,120.2425,47018.625,15725.75
2026-03-21 22:00:00+00:00,108.0,44309.45,15583.4
2026-03-21 23:00:00+00:00,100.4125,42704.725,17193.075
2026-03-22 00:00:00+00:00,95.755,40989.025,16806.574999999997
2026-03-22 01:00:00+00:00,94.2025,40220.35,16373.175
2026-03-22 02:00:00+00:00,95.26,40052.925,15989.0
2026-03-22 03:00:00+00:00,98.5975,40299.725,15755.675
2026-03-22 04:00:00+00:00,101.6625,40714.65,15618.85
2026-03-22 05:00:00+00:00,100.105,41990.225,16648.3
2026-03-22 06:00:00+00:00,84.71,44292.9,23071.15
2026-03-22 07:00:00+00:00,41.33,47499.025,32348.425
2026-03-22 08:00:00+00:00,6.7725,50018.375,40557.85
2026-03-22 09:00:00+00:00,-0.43,51414.3,47263.9
2026-03-22 10:00:00+00:00,-4.3625,52014.2,51480.15
2026-03-22 11:00:00+00:00,-11.76,51547.525,53011.85
2026-03-22 12:00:00+00:00,-10.31,50270.1,51202.05
2026-03-22 13:00:00+00:00,-2.1775,49379.8,45869.075
2026-03-22 14:00:00+00:00,11.25,49115.2,36528.175
2026-03-22 15:00:00+00:00,93.1525,50052.3,24101.175
2026-03-22 16:00:00+00:00,145.635,51934.825,12004.6
2026-03-22 17:00:00+00:00,174.19,54164.175,6904.375
2026-03-22 18:00:00+00:00,173.3825,54731.975,7416.65
2026-03-22 19:00:00+00:00,164.7325,52986.55,7804.5
2026-03-22 20:00:00+00:00,155.3775,50790.525,7428.1
2026-03-22 21:00:00+00:00,146.7975,49128.425,6530.65
2026-03-22 22:00:00+00:00,143.505,46795.275,5490.775000000001
2026-03-22 23:00:00+00:00,131.13750000000002,43284.325,4329.175
2026-03-23 00:00:00+00:00,125.9,42198.375,3161.65
2026-03-23 01:00:00+00:00,125.16,41820.8,2286.125
2026-03-23 02:00:00+00:00,128.5875,42243.35,1743.6750000000002
2026-03-23 03:00:00+00:00,138.26749999999998,44098.6,1560.9
2026-03-23 04:00:00+00:00,155.72,48397.4,1669.325
2026-03-23 05:00:00+00:00,182.29,55299.575,3130.775
2026-03-23 06:00:00+00:00,186.185,60298.8,10899.025
2026-03-23 07:00:00+00:00,147.60500000000002,63153.65,23052.975
2026-03-23 08:00:00+00:00,108.0,64072.3,34423.875
2026-03-23 09:00:00+00:00,81.4325,64195.55,42668.45
2026-03-23 10:00:00+00:00,48.0825,64032.375,46677.8
2026-03-23 11:00:00+00:00,49.255,63390.775,46067.725
2026-03-23 12:00:00+00:00,74.875,61991.7,42026.475
2026-03-23 13:00:00+00:00,94.98,60618.075,35579.3
2026-03-23 14:00:00+00:00,114.4525,59815.325,27113.5
2026-03-23 15:00:00+00:00,138.5425,59131.6,16981.825
2026-03-23 16:00:00+00:00,190.775,60008.6,7411.599999999999
2026-03-23 17:00:00+00:00,263.01,61070.175,2709.55
2026-03-23 18:00:00+00:00,241.56,61028.825,2122.025
2026-03-23 19:00:00+00:00,206.5875,58734.875,1689.85
2026-03-23 20:00:00+00:00,177.32,55569.825,1286.675
2026-03-23 21:00:00+00:00,155.74,52109.825,1188.225
2026-03-23 22:00:00+00:00,140.45,48823.15,1531.4
2026-03-23 23:00:00+00:00,141.0625,46599.15,5248.275
2026-03-24 00:00:00+00:00,124.3175,45406.0,7568.725
2026-03-24 01:00:00+00:00,109.9975,44977.15,10398.85
2026-03-24 02:00:00+00:00,101.64,45240.375,13379.475
2026-03-24 03:00:00+00:00,100.375,46528.65,16332.775
2026-03-24 04:00:00+00:00,100.9725,49720.3,19274.925
2026-03-24 05:00:00+00:00,110.8175,55365.375,23061.05
2026-03-24 06:00:00+00:00,113.0475,59420.325,29803.15
2026-03-24 07:00:00+00:00,97.4575,62072.35,39194.625
2026-03-24 08:00:00+00:00,70.905,62940.8,47778.675
2026-03-24 09:00:00+00:00,23.7275,63434.175,55075.35
2026-03-24 10:00:00+00:00,1.195,63649.025,61044.975
2026-03-24 11:00:00+00:00,-0.01,62736.925,62374.8
2026-03-24 12:00:00+00:00,-0.02,61121.775,61040.875
2026-03-24 13:00:00+00:00,-0.0025,59578.975,58074.9
2026-03-24 14:00:00+00:00,19.9975,58860.875,53148.325
2026-03-24 15:00:00+00:00,77.4325,58676.0,44734.725
2026-03-24 16:00:00+00:00,112.84,60036.425,37299.375
2026-03-24 17:00:00+00:00,135.8425,61391.975,35001.725000000006
2026-03-24 18:00:00+00:00,137.9925,61399.45,37364.35
2026-03-24 19:00:00+00:00,101.1,59185.225,40708.3
2026-03-24 20:00:00+00:00,74.4975,55960.85,43437.375
2026-03-24 21:00:00+00:00,66.1025,52558.425,44308.15
2026-03-24 22:00:00+00:00,22.0975,49543.85,45403.525
2026-03-24 23:00:00+00:00,1.81,46500.05,46931.65
2026-03-25 00:00:00+00:00,0.3675,45283.6,47632.375
2026-03-25 01:00:00+00:00,-0.0025,44751.25,48479.95
2026-03-25 02:00:00+00:00,-0.01,44695.4,49091.425
2026-03-25 03:00:00+00:00,-0.005,46186.425,50084.525
2026-03-25 04:00:00+00:00,0.365,49400.2,50980.95
2026-03-25 05:00:00+00:00,3.6425,55301.45,53199.65
2026-03-25 06:00:00+00:00,8.9025,60490.5,56853.025
2026-03-25 07:00:00+00:00,0.9075,63336.75,62065.9
2026-03-25 08:00:00+00:00,-0.03,64486.25,64698.825
2026-03-25 09:00:00+00:00,-0.0275,64328.15,64842.7
2026-03-25 10:00:00+00:00,-0.01,64453.875,64079.7
2026-03-25 11:00:00+00:00,-0.01,63462.55,62675.675
2026-03-25 12:00:00+00:00,-0.01,61297.225,60800.25
2026-03-25 13:00:00+00:00,0.0075,59492.65,58401.525
2026-03-25 14:00:00+00:00,4.775,58094.55,54594.05
2026-03-25 15:00:00+00:00,41.9025,57506.0,47889.575
2026-03-25 16:00:00+00:00,98.8375,59497.725,40619.15
2026-03-25 17:00:00+00:00,134.82999999999998,61321.7,35736.3
2026-03-25 18:00:00+00:00,161.925,60909.95,33947.100000000006
2026-03-25 19:00:00+00:00,134.9075,58325.575,33569.1
2026-03-25 20:00:00+00:00,114.46,55164.7,33415.975
2026-03-25 21:00:00+00:00,108.1,51592.3,32554.45
2026-03-25 22:00:00+00:00,88.80250000000001,48114.675,32222.4
2026-03-25 23:00:00+00:00,99.6375,46243.5,29058.175
2026-03-26 00:00:00+00:00,95.0725,44916.25,29475.775
2026-03-26 01:00:00+00:00,91.605,44578.375,29742.325
2026-03-26 02:00:00+00:00,94.87,45251.525,29847.2
2026-03-26 03:00:00+00:00,97.5775,46517.525,29807.175000000003
2026-03-26 04:00:00+00:00,105.2675,49623.225,29810.775
2026-03-26 05:00:00+00:00,120.28,55336.425,31076.1
2026-03-26 06:00:00+00:00,137.345,59778.775,34774.4
2026-03-26 07:00:00+00:00,125.79,62240.5,41699.2
2026-03-26 08:00:00+00:00,87.41499999999999,63082.875,48694.225
2026-03-26 09:00:00+00:00,41.8525,63188.5,53614.925
2026-03-26 10:00:00+00:00,13.74,62781.85,56996.275
2026-03-26 11:00:00+00:00,3.12,62188.675,59081.05
2026-03-26 12:00:00+00:00,0.6300000000000001,60952.525,59823.45
2026-03-26 13:00:00+00:00,5.9025,59533.6,58278.225
2026-03-26 14:00:00+00:00,37.435,58741.375,53371.8
2026-03-26 15:00:00+00:00,75.8175,58333.65,45166.25
2026-03-26 16:00:00+00:00,115.9225,59123.9,34808.4
2026-03-26 17:00:00+00:00,155.4175,60819.325,27032.625
2026-03-26 18:00:00+00:00,167.22,60877.725,24426.975
2026-03-26 19:00:00+00:00,153.745,58146.775,24078.15
2026-03-26 20:00:00+00:00,130.505,55289.9,23873.575
2026-03-26 21:00:00+00:00,124.3725,52174.95,23127.525
2026-03-26 22:00:00+00:00,115.025,48982.9,22293.025
2026-03-26 23:00:00+00:00,119.3925,48047.925,18653.35
2026-03-27 00:00:00+00:00,119.5,46912.825,16776.85
2026-03-27 01:00:00+00:00,117.3425,46923.775,14915.5
2026-03-27 02:00:00+00:00,117.8325,47906.25,13227.5
2026-03-27 03:00:00+00:00,120.2475,48559.775,11716.075
2026-03-27 04:00:00+00:00,136.4625,51137.6,10321.15
2026-03-27 05:00:00+00:00,172.63,57141.775,10593.05
2026-03-27 06:00:00+00:00,176.395,60378.05,16203.775
2026-03-27 07:00:00+00:00,147.5575,62899.4,25155.9
2026-03-27 08:00:00+00:00,114.0025,64327.9,33848.675
2026-03-27 09:00:00+00:00,87.25999999999999,64599.55,40680.85
2026-03-27 10:00:00+00:00,72.81,63291.3,44710.775
2026-03-27 11:00:00+00:00,63.31999999999999,61616.375,46263.625
2026-03-27 12:00:00+00:00,59.6,59593.075,45458.525
2026-03-27 13:00:00+00:00,74.075,58288.9,41849.125
2026-03-27 14:00:00+00:00,92.3225,57901.375,35498.3
2026-03-27 15:00:00+00:00,103.0825,56464.025,26548.875
2026-03-27 16:00:00+00:00,139.05,58684.2,17361.35
2026-03-27 17:00:00+00:00,158.9325,60487.7,12629.025
2026-03-27 18:00:00+00:00,168.245,59179.225,13306.75
2026-03-27 19:00:00+00:00,142.89,56470.1,15371.775
2026-03-27 20:00:00+00:00,118.995,53745.325,17392.075
2026-03-27 21:00:00+00:00,116.66,51194.35,18620.0
2026-03-27 22:00:00+00:00,106.0125,48385.275,19516.35
2026-03-27 23:00:00+00:00,95.135,49518.15,22470.675
2026-03-28 00:00:00+00:00,92.665,47733.65,22959.7
2026-03-28 01:00:00+00:00,89.5475,46753.275,23055.875
2026-03-28 02:00:00+00:00,87.2625,46410.25,22802.6
2026-03-28 03:00:00+00:00,88.1175,46604.575,22320.175
2026-03-28 04:00:00+00:00,91.6125,46269.825,21500.300000000003
2026-03-28 05:00:00+00:00,87.92,46683.875,21779.800000000003
2026-03-28 06:00:00+00:00,79.185,49367.3,25369.525
2026-03-28 07:00:00+00:00,68.3,52674.175,30616.15
2026-03-28 08:00:00+00:00,44.9075,55229.925,34604.375
2026-03-28 09:00:00+00:00,17.5825,56340.2,36914.4
2026-03-28 10:00:00+00:00,7.6425,56308.5,37540.825
2026-03-28 11:00:00+00:00,6.695,55273.35,36472.15
2026-03-28 12:00:00+00:00,7.8475,53285.325,34311.4
2026-03-28 13:00:00+00:00,20.475,51938.825,31002.45
2026-03-28 14:00:00+00:00,54.2425,51505.2,26419.8
2026-03-28 15:00:00+00:00,81.05250000000001,51854.2,20697.8
2026-03-28 16:00:00+00:00,110.34,53239.075,15124.175
2026-03-28 17:00:00+00:00,138.925,54910.125,11733.775
2026-03-28 18:00:00+00:00,154.07,54035.725,11177.925
2026-03-28 19:00:00+00:00,143.9525,51660.675,11744.95
2026-03-28 20:00:00+00:00,131.595,49441.025,12593.975
2026-03-28 21:00:00+00:00,125.33,47257.85,13457.9
2026-03-28 22:00:00+00:00,119.58,44159.675,14214.325
2026-03-28 23:00:00+00:00,114.56,43035.275,14022.1
2026-03-29 00:00:00+00:00,107.6975,41755.5,13702.1
2026-03-29 01:00:00+00:00,101.165,40955.7,13333.95
2026-03-29 02:00:00+00:00,105.225,40893.9,13135.8
2026-03-29 03:00:00+00:00,104.605,42259.7,12954.95
2026-03-29 04:00:00+00:00,109.755,44218.85,12742.675
2026-03-29 05:00:00+00:00,115.03,46471.15,13344.0
2026-03-29 06:00:00+00:00,114.8425,49165.775,16580.9
2026-03-29 07:00:00+00:00,94.3975,51752.2,21953.7
2026-03-29 08:00:00+00:00,74.8075,53470.525,28264.825
2026-03-29 09:00:00+00:00,44.6975,54478.3,34631.225
2026-03-29 10:00:00+00:00,9.73,54063.3,40293.6
2026-03-29 11:00:00+00:00,-0.005,52686.8,44274.55
2026-03-29 12:00:00+00:00,-1.785,50935.95,46655.725000000006
2026-03-29 13:00:00+00:00,-2.1,50243.2,46422.45
2026-03-29 14:00:00+00:00,0.8724999999999999,50161.875,43039.675
2026-03-29 15:00:00+00:00,33.31,51328.075,35898.775
2026-03-29 16:00:00+00:00,89.25999999999999,53459.75,27755.65
2026-03-29 17:00:00+00:00,105.6775,54199.25,24250.7
2026-03-29 18:00:00+00:00,95.18,53138.7,27000.775
2026-03-29 19:00:00+00:00,74.8125,51951.8,31862.175
2026-03-29 20:00:00+00:00,66.85,50397.225,35883.3
2026-03-29 21:00:00+00:00,25.635,48197.825,39199.175
2026-03-29 22:00:00+00:00,9.1975,46206.125,41667.175
2026-03-29 23:00:00+00:00,2.3000000000000003,44669.025,42771.825
2026-03-30 00:00:00+00:00,5.02,43970.85,43103.425
2026-03-30 01:00:00+00:00,3.825,44259.55,42793.825
2026-03-30 02:00:00+00:00,4.3575,45609.075,42511.25
2026-03-30 03:00:00+00:00,18.4225,49203.675,42380.15
2026-03-30 04:00:00+00:00,66.87,56227.75,41953.175
2026-03-30 05:00:00+00:00,90.3125,61998.775,40540.425
2026-03-30 06:00:00+00:00,109.2225,65330.075,40441.25
2026-03-30 07:00:00+00:00,96.8375,66544.525,42841.4
2026-03-30 08:00:00+00:00,73.8475,66374.4,46436.45
2026-03-30 09:00:00+00:00,45.9975,66206.9,50230.25
2026-03-30 10:00:00+00:00,23.5875,65686.35,53199.225000000006
2026-03-30 11:00:00+00:00,11.4,64454.225,54451.0
2026-03-30 12:00:00+00:00,7.5425,63024.475,54875.525
2026-03-30 13:00:00+00:00,12.9375,61939.075,53260.075
2026-03-30 14:00:00+00:00,35.145,61644.75,48751.275
2026-03-30 15:00:00+00:00,77.45,62240.325,41781.375
2026-03-30 16:00:00+00:00,104.8275,63266.675,34328.0
2026-03-30 17:00:00+00:00,121.6525,63687.225,29136.675000000003
2026-03-30 18:00:00+00:00,125.6075,61502.3,27949.15
2026-03-30 19:00:00+00:00,126.165,58826.375,28030.925
2026-03-30 20:00:00+00:00,121.175,55810.95,27655.925
2026-03-30 21:00:00+00:00,108.88,52330.35,27706.675
2026-03-30 22:00:00+00:00,109.245,48698.425,25664.525
2026-03-30 23:00:00+00:00,102.68,46904.4,25448.9
2026-03-31 00:00:00+00:00,101.26,46269.2,25281.5
2026-03-31 01:00:00+00:00,100.535,46482.8,25185.375
2026-03-31 02:00:00+00:00,101.68,47498.075,25289.95
2026-03-31 03:00:00+00:00,108.0425,50277.825,25402.1
2026-03-31 04:00:00+00:00,137.1975,55914.15,25409.5
2026-03-31 05:00:00+00:00,152.125,60964.2,25733.35
2026-03-31 06:00:00+00:00,163.79,64133.825,28714.8
2026-03-31 07:00:00+00:00,135.555,65067.35,34538.35
2026-03-31 08:00:00+00:00,104.255,64790.25,41753.125
2026-03-31 09:00:00+00:00,87.35,64261.4,47569.225
2026-03-31 10:00:00+00:00,78.67,63750.9,51233.25
2026-03-31 11:00:00+00:00,55.225,62584.35,53153.65
2026-03-31 12:00:00+00:00,53.4875,60315.15,53255.8
2026-03-31 13:00:00+00:00,63.0525,59443.9,50984.6
2026-03-31 14:00:00+00:00,82.2175,59549.675,45935.775
2026-03-31 15:00:00+00:00,110.9675,60575.95,37398.475
2026-03-31 16:00:00+00:00,151.0,62032.625,26998.5
2026-03-31 17:00:00+00:00,175.0025,62210.875,19009.75
2026-03-31 18:00:00+00:00,176.005,60107.0,16049.55
2026-03-31 19:00:00+00:00,171.725,57205.0,14597.575
2026-03-31 20:00:00+00:00,158.32999999999998,54002.325,12943.975
2026-03-31 21:00:00+00:00,148.475,50717.225,11252.9
2026-03-31 22:00:00+00:00,145.51,48451.525,7751.875
2026-03-31 23:00:00+00:00,129.48749999999998,46699.325,6407.825
2026-04-01 00:00:00+00:00,125.345,46033.075,5251.275
2026-04-01 01:00:00+00:00,129.4275,46848.875,4190.35
2026-04-01 02:00:00+00:00,136.025,47581.95,3208.15
2026-04-01 03:00:00+00:00,149.115,49857.600000000006,2423.325
2026-04-01 04:00:00+00:00,180.835,55458.25,1932.575
2026-04-01 05:00:00+00:00,226.9475,59887.25,3215.325
2026-04-01 06:00:00+00:00,199.9775,63119.0,8559.975
2026-04-01 07:00:00+00:00,171.515,64173.35,16254.775
2026-04-01 08:00:00+00:00,139.8,64021.825,23962.1
2026-04-01 09:00:00+00:00,128.0775,63308.475,30457.275
2026-04-01 10:00:00+00:00,115.0525,62938.725,35585.8
2026-04-01 11:00:00+00:00,93.835,61830.2,38947.575
2026-04-01 12:00:00+00:00,86.3325,60113.925,39526.125
2026-04-01 13:00:00+00:00,93.8375,59775.1,36454.75
2026-04-01 14:00:00+00:00,105.515,59482.275,29971.075
2026-04-01 15:00:00+00:00,130.12,60290.125,20356.175000000003
2026-04-01 16:00:00+00:00,152.095,61300.375,10095.425
2026-04-01 17:00:00+00:00,188.665,61262.2,4107.6
2026-04-01 18:00:00+00:00,181.1925,59467.525,3766.075
2026-04-01 19:00:00+00:00,165.8225,56647.25,4474.525
2026-04-01 20:00:00+00:00,152.8225,53944.425,5095.125
2026-04-01 21:00:00+00:00,133.7825,50730.575,5716.799999999999
2026-04-01 22:00:00+00:00,127.1725,48889.925,5773.35
2026-04-01 23:00:00+00:00,118.995,47360.375,6488.65
2026-04-02 00:00:00+00:00,114.13,46870.075,7157.975
2026-04-02 01:00:00+00:00,109.185,47387.175,7724.45
2026-04-02 02:00:00+00:00,107.41,48774.775,8229.225
2026-04-02 03:00:00+00:00,119.2925,51807.3,8630.925
2026-04-02 04:00:00+00:00,152.0525,57702.025,8985.725
2026-04-02 05:00:00+00:00,160.0075,62440.675,11935.875
2026-04-02 06:00:00+00:00,157.6575,65737.2,21039.875
2026-04-02 07:00:00+00:00,114.2775,66829.55,32078.85
2026-04-02 08:00:00+00:00,90.6625,66965.3,41153.75
2026-04-02 09:00:00+00:00,74.25,66748.4,47661.850000000006
2026-04-02 10:00:00+00:00,59.745000000000005,66195.875,50414.075
2026-04-02 11:00:00+00:00,42.455,64633.0,49713.125
2026-04-02 12:00:00+00:00,52.86,62638.95,46594.55
2026-04-02 13:00:00+00:00,73.77,61775.125,41328.1
2026-04-02 14:00:00+00:00,92.7575,61662.5,34626.4
2026-04-02 15:00:00+00:00,108.81,62520.3,26736.45
2026-04-02 16:00:00+00:00,134.385,62622.1,19243.45
2026-04-02 17:00:00+00:00,161.84,62167.25,14850.475
2026-04-02 18:00:00+00:00,159.635,60179.575,14293.875
2026-04-02 19:00:00+00:00,146.5225,57100.5,14506.525
2026-04-02 20:00:00+00:00,134.9975,53968.525,14269.875
2026-04-02 21:00:00+00:00,123.97,50701.775,14015.4
2026-04-02 22:00:00+00:00,133.6,46040.025,10618.5
2026-04-02 23:00:00+00:00,121.985,44303.6,10560.175
2026-04-03 00:00:00+00:00,119.515,43189.4,10506.025
2026-04-03 01:00:00+00:00,117.6675,42963.55,10046.975
2026-04-03 02:00:00+00:00,120.1825,43340.4,9501.6
2026-04-03 03:00:00+00:00,123.4025,43702.075,9323.25
2026-04-03 04:00:00+00:00,133.125,44902.9,9360.975
2026-04-03 05:00:00+00:00,135.8625,47276.025,11314.825
2026-04-03 06:00:00+00:00,131.04250000000002,50075.875,17414.25
2026-04-03 07:00:00+00:00,113.18,52540.075,25550.05
2026-04-03 08:00:00+00:00,85.585,53702.825,34156.0
2026-04-03 09:00:00+00:00,52.9575,53770.525,41709.275
2026-04-03 10:00:00+00:00,27.01,53205.625,46341.25
2026-04-03 11:00:00+00:00,9.945,51478.425,48873.15
2026-04-03 12:00:00+00:00,1.6525,49735.6,50328.775
2026-04-03 13:00:00+00:00,3.05,49324.475,49320.15
2026-04-03 14:00:00+00:00,23.942500000000003,49770.875,45596.825
2026-04-03 15:00:00+00:00,66.7975,50496.5,39172.05
2026-04-03 16:00:00+00:00,88.9725,51661.7,31829.7
2026-04-03 17:00:00+00:00,99.39,52139.8,28061.075
2026-04-03 18:00:00+00:00,96.3375,51403.175,29585.475
2026-04-03 19:00:00+00:00,84.2025,50163.3,32978.450000000004
2026-04-03 20:00:00+00:00,81.28,48264.0,34927.35
2026-04-03 21:00:00+00:00,60.5875,45889.7,36659.175
2026-04-03 22:00:00+00:00,9.7275,47037.925,42887.9
2026-04-03 23:00:00+00:00,8.955,45566.8,43681.775
2026-04-04 00:00:00+00:00,6.4325,44466.6,43450.0
2026-04-04 01:00:00+00:00,1.9875,43949.275,42753.95
2026-04-04 02:00:00+00:00,6.4025,44240.05,41691.525
2026-04-04 03:00:00+00:00,11.735,44493.95,40509.3
2026-04-04 04:00:00+00:00,13.3625,45663.15,40073.7
2026-04-04 05:00:00+00:00,19.2675,48148.075,39578.2
2026-04-04 06:00:00+00:00,16.695,51100.95,40678.35
2026-04-04 07:00:00+00:00,6.6,53430.7,44636.125
2026-04-04 08:00:00+00:00,1.81,54644.75,49064.4
2026-04-04 09:00:00+00:00,-0.01,55008.9,52303.375
2026-04-04 10:00:00+00:00,-0.2475,54408.125,53206.175
2026-04-04 11:00:00+00:00,-0.035,52813.925,51904.7
2026-04-04 12:00:00+00:00,-0.0175,51709.975,49687.5
2026-04-04 13:00:00+00:00,0.025,51209.95,46384.75
2026-04-04 14:00:00+00:00,10.69,51105.925,41045.775
2026-04-04 15:00:00+00:00,62.735,51805.425,31885.7
2026-04-04 16:00:00+00:00,109.595,52852.9,20860.875
2026-04-04 17:00:00+00:00,149.8725,53231.425,14263.1
2026-04-04 18:00:00+00:00,135.74,51807.475,15609.7
2026-04-04 19:00:00+00:00,103.8375,49869.2,20629.675
2026-04-04 20:00:00+00:00,76.8075,47955.725,25168.275
2026-04-04 21:00:00+00:00,41.8325,45600.025,28888.9
2026-04-04 22:00:00+00:00,1.0575,41323.075,33480.425
2026-04-04 23:00:00+00:00,-0.005,39624.7,36421.85
2026-04-05 00:00:00+00:00,-0.3625,38732.35,38885.075
2026-04-05 01:00:00+00:00,-1.2075,38405.350000000006,40904.375
2026-04-05 02:00:00+00:00,-1.6175,38562.5,42050.325
2026-04-05 03:00:00+00:00,-2.0425,38249.875,42789.6
2026-04-05 04:00:00+00:00,-2.995,38459.1,44067.025
2026-04-05 05:00:00+00:00,-1.29,40521.225,46886.45
2026-04-05 06:00:00+00:00,-2.43,43521.475,53882.125
2026-04-05 07:00:00+00:00,-10.5575,46357.5,62252.55
2026-04-05 08:00:00+00:00,-39.9675,47380.125,69192.4
2026-04-05 09:00:00+00:00,-71.3425,47494.075,73725.225
2026-04-05 10:00:00+00:00,-84.9525,47136.25,75722.20000000001
2026-04-05 11:00:00+00:00,-105.175,45529.325,74532.525
2026-04-05 12:00:00+00:00,-98.705,43920.25,71471.075
2026-04-05 13:00:00+00:00,-66.9075,42861.875,66901.35
2026-04-05 14:00:00+00:00,-29.98,42968.2,60237.925
2026-04-05 15:00:00+00:00,-6.5875,43924.875,52537.325
2026-04-05 16:00:00+00:00,-0.1025,45252.325,44408.275
2026-04-05 17:00:00+00:00,20.0425,45980.05,38182.35
2026-04-05 18:00:00+00:00,33.35,45969.625,36035.4
2026-04-05 19:00:00+00:00,30.205,45361.375,35618.8
2026-04-05 20:00:00+00:00,30.3775,44038.325,35120.45
2026-04-05 21:00:00+00:00,19.0225,41939.65,35454.275
2026-04-05 22:00:00+00:00,3.24,40222.0,33938.025
2026-04-05 23:00:00+00:00,1.985,39006.775,34086.375
2026-04-06 00:00:00+00:00,1.04,38284.35,33937.4
2026-04-06 01:00:00+00:00,1.36,38110.0,33389.175
2026-04-06 02:00:00+00:00,1.06,38768.1,32429.325
2026-04-06 03:00:00+00:00,2.11,39631.05,31384.4
2026-04-06 04:00:00+00:00,1.985,40839.0,31122.575
2026-04-06 05:00:00+00:00,1.3325,43427.2,33565.175
2026-04-06 06:00:00+00:00,-0.9425,46562.175,40987.475
2026-04-06 07:00:00+00:00,-11.105,49074.625,50513.125
2026-04-06 08:00:00+00:00,-26.0025,50235.825,58774.175
2026-04-06 09:00:00+00:00,-59.760000000000005,50737.125,64340.600000000006
2026-04-06 10:00:00+00:00,-79.515,50021.25,66568.525
2026-04-06 11:00:00+00:00,-125.6375,48206.1,66446.975
2026-04-06 12:00:00+00:00,-123.535,46810.75,64015.75
2026-04-06 13:00:00+00:00,-84.6175,45863.625,58941.575
2026-04-06 14:00:00+00:00,-28.72,45638.4,52397.575
2026-04-06 15:00:00+00:00,-5.609999999999999,46547.125,43358.5
2026-04-06 16:00:00+00:00,48.625,48209.85,31016.325
2026-04-06 17:00:00+00:00,107.6875,49135.1,21039.775
2026-04-06 18:00:00+00:00,116.005,49099.4,17440.125
2026-04-06 19:00:00+00:00,109.2225,48319.2,16459.375
2026-04-06 20:00:00+00:00,113.8475,46824.15,15575.325
2026-04-06 21:00:00+00:00,108.805,44653.05,14969.725
2026-04-06 22:00:00+00:00,106.4,44561.05,14280.85
2026-04-06 23:00:00+00:00,101.295,43535.425,13839.5
2026-04-07 00:00:00+00:00,101.6475,42818.775,13476.6
2026-04-07 01:00:00+00:00,102.28,43039.7,13095.925
2026-04-07 02:00:00+00:00,105.135,44345.05,12691.7
2026-04-07 03:00:00+00:00,117.7675,48492.475,12286.725
2026-04-07 04:00:00+00:00,143.9125,55458.225,12054.225
2026-04-07 05:00:00+00:00,178.2625,59980.65,15177.0
2026-04-07 06:00:00+00:00,127.8575,62756.875,24582.55
2026-04-07 07:00:00+00:00,81.8025,63980.2,36295.55
2026-04-07 08:00:00+00:00,24.8875,64413.4,46486.15
2026-04-07 09:00:00+00:00,-0.0074999999999999,64651.025,53543.175
2026-04-07 10:00:00+00:00,-3.01,64363.7,57514.275
2026-04-07 11:00:00+00:00,-11.2875,62569.95,58333.95
2026-04-07 12:00:00+00:00,-11.23,61003.925,56075.275
2026-04-07 13:00:00+00:00,-4.205,59657.75,50795.525
2026-04-07 14:00:00+00:00,3.8,59275.95,42860.3
2026-04-07 15:00:00+00:00,79.9025,60141.95,31281.975
2026-04-07 16:00:00+00:00,137.995,61059.275,18374.825
2026-04-07 17:00:00+00:00,194.0275,61155.475,10867.525
2026-04-07 18:00:00+00:00,188.8825,59711.35,10829.45
2026-04-07 19:00:00+00:00,144.0025,57057.05,12536.65
2026-04-07 20:00:00+00:00,129.01,53867.4,13293.05
2026-04-07 21:00:00+00:00,118.2,50700.25,13411.35
2026-04-07 22:00:00+00:00,107.17,47787.475000000006,14392.075
2026-04-07 23:00:00+00:00,102.21,46233.525,14277.9
2026-04-08 00:00:00+00:00,100.82,45517.375,13880.1
2026-04-08 01:00:00+00:00,103.4975,45757.075,13117.925
2026-04-08 02:00:00+00:00,107.5125,46873.475000000006,11988.975
2026-04-08 03:00:00+00:00,116.9275,50035.725,10798.775
2026-04-08 04:00:00+00:00,149.79500000000002,56079.35,10090.925
2026-04-08 05:00:00+00:00,168.7975,60744.7,13729.675
2026-04-08 06:00:00+00:00,138.5075,63414.825,24300.325
2026-04-08 07:00:00+00:00,97.45,64648.3,36331.5
2026-04-08 08:00:00+00:00,51.12,64817.35,46261.075
2026-04-08 09:00:00+00:00,-0.0499999999999998,65107.125,53981.175
2026-04-08 10:00:00+00:00,-18.8275,64451.375,58150.975
2026-04-08 11:00:00+00:00,-32.78,62718.85,58976.425
2026-04-08 12:00:00+00:00,-29.735,61410.925,56891.425
2026-04-08 13:00:00+00:00,-13.155,60038.6,52057.525
2026-04-08 14:00:00+00:00,13.3525,59587.2,44500.075
2026-04-08 15:00:00+00:00,91.875,60335.375,33482.3
2026-04-08 16:00:00+00:00,134.2475,60833.25,21982.675
2026-04-08 17:00:00+00:00,170.0075,61289.45,16345.825
2026-04-08 18:00:00+00:00,160.5525,59923.0,18224.05
2026-04-08 19:00:00+00:00,137.10250000000002,57236.1,21684.6
2026-04-08 20:00:00+00:00,121.3925,54119.4,23420.95
2026-04-08 21:00:00+00:00,109.475,50843.7,23975.175000000003
2026-04-08 22:00:00+00:00,104.8975,46216.225,22190.35
2026-04-08 23:00:00+00:00,101.1025,44521.075,21482.125
2026-04-09 00:00:00+00:00,101.095,43985.825,20693.075
2026-04-09 01:00:00+00:00,101.8625,44402.075,19909.6
2026-04-09 02:00:00+00:00,105.1,47226.925,19323.975
2026-04-09 03:00:00+00:00,115.8725,51608.325,19042.375
2026-04-09 04:00:00+00:00,135.29500000000002,57086.225000000006,19382.9
2026-04-09 05:00:00+00:00,146.6,61862.600000000006,22184.4
2026-04-09 06:00:00+00:00,128.09,65654.65,28530.625
2026-04-09 07:00:00+00:00,99.675,66338.7,37076.5
2026-04-09 08:00:00+00:00,54.9975,66364.95,45645.95
2026-04-09 09:00:00+00:00,1.2075,65715.17499999999,52467.25
2026-04-09 10:00:00+00:00,-1.03,65234.65,56631.45
2026-04-09 11:00:00+00:00,-7.865,64067.1,58058.5
2026-04-09 12:00:00+00:00,-8.1375,61679.4,56580.6
2026-04-09 13:00:00+00:00,-1.3025,60994.0,52328.575
2026-04-09 14:00:00+00:00,27.08,61531.45,45363.725
2026-04-09 15:00:00+00:00,82.5275,63445.575,35177.25
2026-04-09 16:00:00+00:00,115.355,62542.45,24988.55
2026-04-09 17:00:00+00:00,137.1675,61449.575,19889.525
2026-04-09 18:00:00+00:00,127.325,60241.45,21458.325
2026-04-09 19:00:00+00:00,110.95,56681.875,24477.525
2026-04-09 20:00:00+00:00,100.23,53127.8,25993.05
2026-04-09 21:00:00+00:00,81.05250000000001,49673.0,27276.5
2026-04-09 22:00:00+00:00,81.88,46258.225000000006,27624.775
2026-04-09 23:00:00+00:00,79.32,44870.65,28023.7
2026-04-10 00:00:00+00:00,78.83,44175.55,28127.85
2026-04-10 01:00:00+00:00,78.5525,44522.65,28230.975
2026-04-10 02:00:00+00:00,81.1225,45487.7,28089.425
2026-04-10 03:00:00+00:00,88.7675,47766.275,27524.25
2026-04-10 04:00:00+00:00,112.1575,53284.975,26894.5
2026-04-10 05:00:00+00:00,126.4375,57507.125,25877.6
2026-04-10 06:00:00+00:00,123.16,61410.725,26015.125
2026-04-10 07:00:00+00:00,119.265,63282.05,28090.95
2026-04-10 08:00:00+00:00,109.84,63282.775,31444.1
2026-04-10 09:00:00+00:00,102.99,62329.725,34411.450000000004
2026-04-10 10:00:00+00:00,92.09,60511.825,36219.2
2026-04-10 11:00:00+00:00,88.9375,58732.075,36583.95
2026-04-10 12:00:00+00:00,87.4,57326.825,35812.125
2026-04-10 13:00:00+00:00,94.0175,56153.15,33309.075000000004
2026-04-10 14:00:00+00:00,108.78,55059.425,28183.25
2026-04-10 15:00:00+00:00,130.1025,55801.125,20375.425
2026-04-10 16:00:00+00:00,155.29,56239.325,11474.5
2026-04-10 17:00:00+00:00,227.7675,56894.0,4936.875
2026-04-10 18:00:00+00:00,245.115,55127.75,3043.325
2026-04-10 19:00:00+00:00,176.4775,52500.675,2884.575
2026-04-10 20:00:00+00:00,149.305,49714.675,2907.85
2026-04-10 21:00:00+00:00,131.96,46795.4,3173.425
2026-04-10 22:00:00+00:00,134.015,44439.375,4228.175
2026-04-10 23:00:00+00:00,120.6325,42794.575,5655.025
2026-04-11 00:00:00+00:00,114.3825,41695.05,7560.700000000001
2026-04-11 01:00:00+00:00,112.35,41341.75,9754.025
2026-04-11 02:00:00+00:00,110.8375,41512.85,11981.125
2026-04-11 03:00:00+00:00,108.36,42826.3,14122.3
2026-04-11 04:00:00+00:00,106.605,45271.925,16437.5
2026-04-11 05:00:00+00:00,93.2375,47972.95,21625.45
2026-04-11 06:00:00+00:00,69.61,51088.175,31270.1
2026-04-11 07:00:00+00:00,21.57,53549.625,42482.8
2026-04-11 08:00:00+00:00,-0.1574999999999997,55101.725,51723.7
2026-04-11 09:00:00+00:00,-8.307500000000001,55244.35,59312.1
2026-04-11 10:00:00+00:00,-40.2525,54489.4,63330.275
2026-04-11 11:00:00+00:00,-79.965,53004.025,64498.075
2026-04-11 12:00:00+00:00,-77.635,51478.075,62335.025
2026-04-11 13:00:00+00:00,-45.8275,50187.375,57635.0
2026-04-11 14:00:00+00:00,-15.7975,50365.6,52428.55
2026-04-11 15:00:00+00:00,-0.7149999999999999,50986.850000000006,45519.275
2026-04-11 16:00:00+00:00,43.697500000000005,51413.625,37429.025
2026-04-11 17:00:00+00:00,73.8175,51463.275,32639.875
2026-04-11 18:00:00+00:00,74.7875,50949.05,33733.125
2026-04-11 19:00:00+00:00,65.2325,49388.45,36058.45
2026-04-11 20:00:00+00:00,68.6275,47507.475,34640.1
2026-04-11 21:00:00+00:00,68.625,44939.6,31380.25
2026-04-11 22:00:00+00:00,72.52250000000001,43122.1,27263.65
2026-04-11 23:00:00+00:00,76.57249999999999,41306.9,23997.15
2026-04-12 00:00:00+00:00,80.4225,40395.225,21537.6
2026-04-12 01:00:00+00:00,85.26,40180.55,19689.3
2026-04-12 02:00:00+00:00,95.1025,40390.4,17930.425
2026-04-12 03:00:00+00:00,98.05,41504.225,16523.8
2026-04-12 04:00:00+00:00,98.7,43400.425,15666.05
2026-04-12 05:00:00+00:00,94.3175,46006.7,16536.525
2026-04-12 06:00:00+00:00,76.10249999999999,49016.05,18995.475
2026-04-12 07:00:00+00:00,53.3225,51586.3,22560.425
2026-04-12 08:00:00+00:00,30.2325,52762.75,26587.65
2026-04-12 09:00:00+00:00,22.415,53476.525,29869.925
2026-04-12 10:00:00+00:00,14.975,52671.975,31338.025
2026-04-12 11:00:00+00:00,1.97,51119.175,30797.025
2026-04-12 12:00:00+00:00,4.625,49674.075,28602.7
2026-04-12 13:00:00+00:00,15.905,48817.175,24529.975
2026-04-12 14:00:00+00:00,67.55,48774.875,18886.9
2026-04-12 15:00:00+00:00,110.1775,49993.7,12715.1
2026-04-12 16:00:00+00:00,135.3875,51813.175,7381.475
2026-04-12 17:00:00+00:00,144.765,51779.05,4310.05
2026-04-12 18:00:00+00:00,146.8025,50929.375,4077.5
2026-04-12 19:00:00+00:00,136.73250000000002,49883.825,5091.7
2026-04-12 20:00:00+00:00,130.6075,48143.85,6160.5
2026-04-12 21:00:00+00:00,121.0175,45666.875,7207.974999999999
2026-04-12 22:00:00+00:00,116.5425,44214.8,7001.95
2026-04-12 23:00:00+00:00,109.795,42814.2,7680.325
2026-04-13 00:00:00+00:00,107.315,42110.4,8176.5
2026-04-13 01:00:00+00:00,107.59,42301.975,8545.75
2026-04-13 02:00:00+00:00,110.02,43815.7,8955.2
2026-04-13 03:00:00+00:00,119.0725,47679.125,9535.45
2026-04-13 04:00:00+00:00,136.115,54799.325,10397.575
2026-04-13 05:00:00+00:00,145.12,60548.9,12896.425
2026-04-13 06:00:00+00:00,173.88,63773.25,17137.675
2026-04-13 07:00:00+00:00,160.965,65100.425,21911.775
2026-04-13 08:00:00+00:00,138.63,66114.55,26476.65
2026-04-13 09:00:00+00:00,116.0,66319.55,30808.975
2026-04-13 10:00:00+00:00,104.735,65269.975,33797.55
2026-04-13 11:00:00+00:00,97.3925,63973.425,34287.95
2026-04-13 12:00:00+00:00,101.695,62591.3,33008.725
2026-04-13 13:00:00+00:00,104.6375,61188.95,29961.975
2026-04-13 14:00:00+00:00,114.5975,59793.425,25627.625
2026-04-13 15:00:00+00:00,130.3775,59850.5,20725.725
2026-04-13 16:00:00+00:00,148.2,60187.65,16593.675
2026-04-13 17:00:00+00:00,164.5225,60308.3,14509.725
2026-04-13 18:00:00+00:00,156.61,59008.525,14640.35
2026-04-13 19:00:00+00:00,139.0475,56361.5,15096.225
2026-04-13 20:00:00+00:00,129.76,53476.625,14792.25
2026-04-13 21:00:00+00:00,122.6275,50135.65,14298.6
2026-04-13 22:00:00+00:00,116.0625,47766.875,13417.8
2026-04-13 23:00:00+00:00,113.665,46288.625,12860.75
2026-04-14 00:00:00+00:00,114.99,45775.6,12204.75
2026-04-14 01:00:00+00:00,113.385,46004.45,11671.0
2026-04-14 02:00:00+00:00,114.68,47087.8,11192.175
2026-04-14 03:00:00+00:00,118.1475,50262.275,10764.7
2026-04-14 04:00:00+00:00,138.72,56271.45,10521.35
2026-04-14 05:00:00+00:00,163.0225,61255.35,11645.575
2026-04-14 06:00:00+00:00,164.495,64060.1,14682.95
2026-04-14 07:00:00+00:00,144.32999999999998,64648.15,19297.75
2026-04-14 08:00:00+00:00,128.82999999999998,65031.1,24335.175000000003
2026-04-14 09:00:00+00:00,117.3325,64814.075,28865.625
2026-04-14 10:00:00+00:00,109.5075,63998.35,31732.5
2026-04-14 11:00:00+00:00,104.7,62659.55,32099.175
2026-04-14 12:00:00+00:00,108.91,61127.7,30614.95
2026-04-14 13:00:00+00:00,115.5675,59789.875,27236.575
2026-04-14 14:00:00+00:00,121.695,58786.925,22466.7
2026-04-14 15:00:00+00:00,137.4375,59108.825,16627.9
2026-04-14 16:00:00+00:00,160.015,60101.9,10330.1
2026-04-14 17:00:00+00:00,224.7525,60526.85,5489.75
2026-04-14 18:00:00+00:00,234.2775,59242.675,4145.025
2026-04-14 19:00:00+00:00,165.9475,56647.95,4236.4
2026-04-14 20:00:00+00:00,148.2575,53363.1,4350.525000000001
2026-04-14 21:00:00+00:00,135.37,50187.525,4560.525
2026-04-14 22:00:00+00:00,121.6,47045.425,3719.425
2026-04-14 23:00:00+00:00,116.4575,45630.075,4106.125
2026-04-15 00:00:00+00:00,111.7675,44983.775,4519.825000000001
2026-04-15 01:00:00+00:00,110.0175,44781.675,4933.475
2026-04-15 02:00:00+00:00,110.8425,46275.625,5285.275
2026-04-15 03:00:00+00:00,123.18,49538.05,5532.425
2026-04-15 04:00:00+00:00,148.44,55517.4,6147.424999999999
2026-04-15 05:00:00+00:00,159.5525,61549.55,10320.925
2026-04-15 06:00:00+00:00,140.1,64133.05,19021.275
2026-04-15 07:00:00+00:00,116.32,65113.4,28804.475
2026-04-15 08:00:00+00:00,100.8025,65779.45,37248.7
2026-04-15 09:00:00+00:00,78.94,66155.525,43327.725
2026-04-15 10:00:00+00:00,58.3175,65145.4,45215.725000000006
2026-04-15 11:00:00+00:00,50.2325,63324.0,43456.575
2026-04-15 12:00:00+00:00,67.25750000000001,61709.25,39762.225
2026-04-15 13:00:00+00:00,81.4925,60490.975,34012.4
2026-04-15 14:00:00+00:00,99.255,59643.3,26627.475
2026-04-15 15:00:00+00:00,124.84,59809.1,18089.475
2026-04-15 16:00:00+00:00,141.9,59941.625,9879.4
2026-04-15 17:00:00+00:00,180.07999999999998,60244.8,4773.05
2026-04-15 18:00:00+00:00,180.8,59194.1,4360.15
2026-04-15 19:00:00+00:00,148.07999999999998,56454.375,5933.349999999999
2026-04-15 20:00:00+00:00,132.685,52911.525,7536.8
2026-04-15 21:00:00+00:00,117.77,49388.65,8893.45
2026-04-15 22:00:00+00:00,106.215,46559.3,9835.725
2026-04-15 23:00:00+00:00,101.3975,44980.3,9936.0
2026-04-16 00:00:00+00:00,99.595,44297.0,10049.0
2026-04-16 01:00:00+00:00,98.365,44551.125,10050.475
2026-04-16 02:00:00+00:00,100.9025,45574.725,9885.825
2026-04-16 03:00:00+00:00,110.605,48683.1,9373.15
2026-04-16 04:00:00+00:00,139.475,54732.7,9012.175
2026-04-16 05:00:00+00:00,145.02249999999998,59698.7,11530.925
2026-04-16 06:00:00+00:00,133.635,62739.275,17494.55
2026-04-16 07:00:00+00:00,110.195,63588.775,25496.5
2026-04-16 08:00:00+00:00,96.3525,63980.3,33483.825
2026-04-16 09:00:00+00:00,75.6725,63937.025,39881.95
2026-04-16 10:00:00+00:00,60.5125,63210.1,43357.95
2026-04-16 11:00:00+00:00,45.7675,61763.95,43874.125
2026-04-16 12:00:00+00:00,53.9725,60137.95,42210.95
2026-04-16 13:00:00+00:00,70.87,58920.2,38367.2
2026-04-16 14:00:00+00:00,89.7575,57883.525,32041.75
2026-04-16 15:00:00+00:00,111.555,58290.45,23102.125
2026-04-16 16:00:00+00:00,131.145,59480.175,13107.65
2026-04-16 17:00:00+00:00,166.9275,59292.175,5392.425
2026-04-16 18:00:00+00:00,187.3175,57570.425,2787.175
2026-04-16 19:00:00+00:00,155.01,55166.15,2496.15
2026-04-16 20:00:00+00:00,138.76,52118.7,2332.675
2026-04-16 21:00:00+00:00,127.3625,48709.5,2180.225
2026-04-16 22:00:00+00:00,121.7725,46242.825,2124.475
2026-04-16 23:00:00+00:00,115.5225,44674.45,1960.45
2026-04-17 00:00:00+00:00,112.5325,43979.275,1963.3
2026-04-17 01:00:00+00:00,108.5125,44115.25,2111.45
2026-04-17 02:00:00+00:00,111.4675,45338.425,2315.75
2026-04-17 03:00:00+00:00,120.1925,48305.375,2494.65
2026-04-17 04:00:00+00:00,146.5675,54164.675,3167.975
2026-04-17 05:00:00+00:00,148.555,59381.775,8014.125000000001
2026-04-17 06:00:00+00:00,127.1575,62477.625,17788.949999999997
2026-04-17 07:00:00+00:00,101.9025,63036.175,28945.075
2026-04-17 08:00:00+00:00,90.7825,63671.375,38169.6
2026-04-17 09:00:00+00:00,57.88,63778.65,43778.025
2026-04-17 10:00:00+00:00,30.87,62426.7,45340.375
2026-04-17 11:00:00+00:00,26.445,60509.5,43925.3
2026-04-17 12:00:00+00:00,31.3725,58659.25,40517.875
2026-04-17 13:00:00+00:00,59.9975,57439.55,35174.05
2026-04-17 14:00:00+00:00,81.82,56952.925,27944.0
2026-04-17 15:00:00+00:00,102.31,57401.575,19046.35
2026-04-17 16:00:00+00:00,126.755,57139.6,10373.7
2026-04-17 17:00:00+00:00,157.405,56851.625,4813.1
2026-04-17 18:00:00+00:00,157.1125,55342.35,4246.875
2026-04-17 19:00:00+00:00,138.0075,52720.75,5800.175
2026-04-17 20:00:00+00:00,123.93,49808.375,6979.325000000001
2026-04-17 21:00:00+00:00,112.71,46705.475,7671.75
2026-04-17 22:00:00+00:00,116.245,44058.075,8089.175
2026-04-17 23:00:00+00:00,110.8775,42099.825,7853.325000000001
2026-04-18 00:00:00+00:00,109.6625,40992.3,7357.25
2026-04-18 01:00:00+00:00,107.695,40708.2,6721.475
2026-04-18 02:00:00+00:00,108.8725,40883.725000000006,6113.15
2026-04-18 03:00:00+00:00,110.905,41498.05,5562.325
2026-04-18 04:00:00+00:00,110.83,43425.325,5748.85
2026-04-18 05:00:00+00:00,105.7425,46293.9,9708.175
2026-04-18 06:00:00+00:00,92.2875,50032.025,17851.625
2026-04-18 07:00:00+00:00,75.1275,52922.3,27747.325
2026-04-18 08:00:00+00:00,39.5675,54724.025,36353.4
2026-04-18 09:00:00+00:00,3.94,54769.75,41770.175
2026-04-18 10:00:00+00:00,-3.3825000000000003,53675.975,43233.925
2026-04-18 11:00:00+00:00,-4.08,51919.55,41404.475
2026-04-18 12:00:00+00:00,-0.1,50005.975,37636.875
2026-04-18 13:00:00+00:00,18.8975,48960.5,32755.175000000003
2026-04-18 14:00:00+00:00,44.8875,48707.225,26512.325
2026-04-18 15:00:00+00:00,90.805,49589.55,19400.05
2026-04-18 16:00:00+00:00,119.595,51106.075,12194.15
2026-04-18 17:00:00+00:00,131.54,51519.4,6938.575
2026-04-18 18:00:00+00:00,144.89,50526.025,5296.1
2026-04-18 19:00:00+00:00,140.29500000000002,48432.75,5311.95
2026-04-18 20:00:00+00:00,129.9925,46213.75,5503.075
2026-04-18 21:00:00+00:00,125.0,43657.65,5529.975
2026-04-18 22:00:00+00:00,116.56,42246.45,4912.125
2026-04-18 23:00:00+00:00,109.95,40530.100000000006,4992.325
2026-04-19 00:00:00+00:00,109.205,39672.25,5217.225
2026-04-19 01:00:00+00:00,106.3225,39347.475,5352.075
2026-04-19 02:00:00+00:00,105.415,39517.925,5527.625
2026-04-19 03:00:00+00:00,106.55,40023.175,6006.425
2026-04-19 04:00:00+00:00,104.7825,41578.675,7312.55
2026-04-19 05:00:00+00:00,100.0325,44034.65,10510.625
2026-04-19 06:00:00+00:00,96.63,46861.1,14693.8
2026-04-19 07:00:00+00:00,93.8425,49670.9,19845.1
2026-04-19 08:00:00+00:00,71.385,51709.65,25850.45
2026-04-19 09:00:00+00:00,31.985,52697.8,31654.275
2026-04-19 10:00:00+00:00,5.735,52550.55,36230.675
2026-04-19 11:00:00+00:00,-0.8475,51015.3,39497.425
2026-04-19 12:00:00+00:00,-3.005,49538.425,41854.25
2026-04-19 13:00:00+00:00,-2.255,48591.025,42306.95
2026-04-19 14:00:00+00:00,16.02,48814.625,40149.375
2026-04-19 15:00:00+00:00,73.7575,50013.275,34868.4
2026-04-19 16:00:00+00:00,103.855,51606.025,27476.575
2026-04-19 17:00:00+00:00,117.3525,52191.625,20619.325
2026-04-19 18:00:00+00:00,124.1125,51366.925,17452.775
2026-04-19 19:00:00+00:00,121.5475,50075.15,16685.275
2026-04-19 20:00:00+00:00,119.3625,48388.775,16368.65
2026-04-19 21:00:00+00:00,111.2325,45988.775,16256.6
2026-04-19 22:00:00+00:00,106.3075,42955.75,19566.575
2026-04-19 23:00:00+00:00,101.1125,41857.95,19533.875
2026-04-20 00:00:00+00:00,99.0125,41277.825,19507.725
2026-04-20 01:00:00+00:00,99.04,41516.825,19533.475
2026-04-20 02:00:00+00:00,102.3025,43336.425,19470.475
2026-04-20 03:00:00+00:00,111.6,47919.5,19289.925000000003
2026-04-20 04:00:00+00:00,129.385,55041.075,19769.275
2026-04-20 05:00:00+00:00,142.2075,59876.25,22684.3
2026-04-20 06:00:00+00:00,134.32,63186.95,28805.275
2026-04-20 07:00:00+00:00,110.015,64730.175,36723.425
2026-04-20 08:00:00+00:00,90.1975,66094.5,43690.95
2026-04-20 09:00:00+00:00,75.88749999999999,67586.875,48403.65
2026-04-20 10:00:00+00:00,51.182500000000005,65296.675,51301.05
2026-04-20 11:00:00+00:00,32.595,65328.475,52291.075
2026-04-20 12:00:00+00:00,29.57,64084.725,51638.125
2026-04-20 13:00:00+00:00,46.475,62228.2,48736.975
2026-04-20 14:00:00+00:00,78.325,61759.55,43903.375
2026-04-20 15:00:00+00:00,97.245,63069.4,37877.475
2026-04-20 16:00:00+00:00,112.91,62623.125,31426.35
2026-04-20 17:00:00+00:00,123.4075,63474.85,26239.925
2026-04-20 18:00:00+00:00,127.18,62265.125,24603.95
2026-04-20 19:00:00+00:00,121.94,59296.7,25136.225
2026-04-20 20:00:00+00:00,115.9725,57115.9,24821.6
2026-04-20 21:00:00+00:00,106.7925,51031.225,24332.775
2026-04-20 22:00:00+00:00,99.0,47857.425,22915.325
2026-04-20 23:00:00+00:00,98.6425,46244.9,21648.225
2026-04-21 00:00:00+00:00,98.3725,45615.975,20375.875
2026-04-21 01:00:00+00:00,99.075,45842.05,19259.575
2026-04-21 02:00:00+00:00,100.19,46978.025,18409.325
2026-04-21 03:00:00+00:00,108.4475,49824.675,17761.325
2026-04-21 04:00:00+00:00,127.085,55414.4,18091.85
2026-04-21 05:00:00+00:00,135.3275,60120.125,21460.8
2026-04-21 06:00:00+00:00,118.9475,63109.475,27638.9
2026-04-21 07:00:00+00:00,97.305,63861.175,36047.6
2026-04-21 08:00:00+00:00,59.895,65128.2,44522.8
2026-04-21 09:00:00+00:00,19.602500000000003,67387.075,50569.275
2026-04-21 10:00:00+00:00,-0.0974999999999999,65076.05,53968.350000000006
2026-04-21 11:00:00+00:00,-1.7525,65132.0,54754.975000000006
2026-04-21 12:00:00+00:00,-3.7,64426.725,53522.575
2026-04-21 13:00:00+00:00,-1.8625,61685.925,49486.45
2026-04-21 14:00:00+00:00,14.535,61764.875,43291.625
2026-04-21 15:00:00+00:00,69.83,63243.5,34929.175
2026-04-21 16:00:00+00:00,102.645,62975.625,24888.2
2026-04-21 17:00:00+00:00,134.11,62955.725,17167.625
2026-04-21 18:00:00+00:00,144.775,61586.3,15494.95
2026-04-21 19:00:00+00:00,129.62,58356.75,17117.875
2026-04-21 20:00:00+00:00,119.845,56279.175,17477.3
2026-04-21 21:00:00+00:00,111.8725,50983.125,16519.8
2026-04-21 22:00:00+00:00,107.095,48533.6,14452.95
2026-04-21 23:00:00+00:00,104.11,46751.35,12826.125
2026-04-22 00:00:00+00:00,104.2,45927.475,11556.25
2026-04-22 01:00:00+00:00,104.8475,47346.1,10632.1
2026-04-22 02:00:00+00:00,109.6925,47322.95,10017.2
2026-04-22 03:00:00+00:00,121.2325,49459.75,9687.075
2026-04-22 04:00:00+00:00,139.8425,54732.125,10801.2
2026-04-22 05:00:00+00:00,134.7975,56917.125,17055.325
2026-04-22 06:00:00+00:00,113.865,60857.45,27875.425
2026-04-22 07:00:00+00:00,79.555,62534.0,39572.575
2026-04-22 08:00:00+00:00,20.155,63649.975,50439.85
2026-04-22 09:00:00+00:00,-2.42,65045.975000000006,57767.25
2026-04-22 10:00:00+00:00,-8.8325,61664.875,61537.175
2026-04-22 11:00:00+00:00,-20.985,62242.125,62318.600000000006
2026-04-22 12:00:00+00:00,-19.0,60139.9,60594.65
2026-04-22 13:00:00+00:00,-4.92,58375.3,55772.3
2026-04-22 14:00:00+00:00,-0.0099999999999998,57651.425,48084.75
2026-04-22 15:00:00+00:00,57.405,59414.8,37439.95
2026-04-22 16:00:00+00:00,105.2975,60241.925,24725.9
2026-04-22 17:00:00+00:00,140.1175,60738.7,16035.25
2026-04-22 18:00:00+00:00,153.91,58990.3,14688.85
2026-04-22 19:00:00+00:00,128.51,55640.5,16718.75
2026-04-22 20:00:00+00:00,114.45,54440.85,18033.7
2026-04-22 21:00:00+00:00,105.0775,50243.325,18587.65
2026-04-22 22:00:00+00:00,100.14,45547.875,18719.7
2026-04-22 23:00:00+00:00,97.625,44063.7,18455.95
2026-04-23 00:00:00+00:00,96.735,43541.175,18561.225
2026-04-23 01:00:00+00:00,96.2075,43610.1,18851.025
2026-04-23 02:00:00+00:00,95.85,44541.0,19308.85
2026-04-23 03:00:00+00:00,104.16,47670.5,19812.475
2026-04-23 04:00:00+00:00,119.0,53572.1,21419.225
2026-04-23 05:00:00+00:00,119.4,58743.4,26817.55
2026-04-23 06:00:00+00:00,109.6975,61774.575,36377.925
2026-04-23 07:00:00+00:00,63.2925,62800.175,47211.875
2026-04-23 08:00:00+00:00,-0.5625,63076.825,53772.925
2026-04-23 09:00:00+00:00,-6.175,62841.55,59855.525
2026-04-23 10:00:00+00:00,-29.0075,61474.5,63269.05
2026-04-23 11:00:00+00:00,-49.56,59909.325,63910.375
2026-04-23 12:00:00+00:00,-48.8625,58499.875,62376.05
2026-04-23 13:00:00+00:00,-22.89,57486.8,58920.375
2026-04-23 14:00:00+00:00,-1.93,56504.125,53739.925
2026-04-23 15:00:00+00:00,21.9675,56919.825,47567.725
2026-04-23 16:00:00+00:00,93.5725,58052.025,35639.125
2026-04-23 17:00:00+00:00,121.5,58297.275,26663.675000000003
2026-04-23 18:00:00+00:00,136.955,56674.825,24199.15
2026-04-23 19:00:00+00:00,116.2875,54248.4,24932.85
2026-04-23 20:00:00+00:00,108.235,51095.225,24862.575
2026-04-23 21:00:00+00:00,99.4575,47820.0,24297.4
2026-04-23 22:00:00+00:00,102.455,45769.975,24622.8
2026-04-23 23:00:00+00:00,100.13,44276.625,23699.675000000003
2026-04-24 00:00:00+00:00,100.71,43702.075,22709.275
2026-04-24 01:00:00+00:00,101.69,43818.375,21647.625
2026-04-24 02:00:00+00:00,105.3575,45096.175,20566.125
2026-04-24 03:00:00+00:00,116.305,48022.85,19652.025
2026-04-24 04:00:00+00:00,131.8725,53867.4,19825.775
2026-04-24 05:00:00+00:00,137.9875,59312.85,23929.575
2026-04-24 06:00:00+00:00,117.685,62094.6,31826.5
2026-04-24 07:00:00+00:00,80.905,62417.4,40674.825
2026-04-24 08:00:00+00:00,19.5725,61975.85,48853.35
2026-04-24 09:00:00+00:00,-0.035,61742.225,53159.4
2026-04-24 10:00:00+00:00,-6.9075,60421.925,56956.100000000006
2026-04-24 11:00:00+00:00,-26.14,58207.8,58514.25
2026-04-24 12:00:00+00:00,-30.0025,56601.625,58046.5
2026-04-24 13:00:00+00:00,-16.555,55730.3,55410.2
2026-04-24 14:00:00+00:00,-1.6124999999999998,55284.4,50408.1
2026-04-24 15:00:00+00:00,50.9075,55561.5,43293.2
2026-04-24 16:00:00+00:00,104.8175,56078.675,31386.15
2026-04-24 17:00:00+00:00,133.81,56812.3,22123.825
2026-04-24 18:00:00+00:00,137.34,55693.875,19235.85
2026-04-24 19:00:00+00:00,131.025,53433.775,20029.275
2026-04-24 20:00:00+00:00,121.8775,50430.7,20426.925
2026-04-24 21:00:00+00:00,113.4425,47192.55,20643.6
2026-04-24 22:00:00+00:00,100.625,44623.85,20192.975
2026-04-24 23:00:00+00:00,95.54,42811.825,20028.725
2026-04-25 00:00:00+00:00,95.12,41646.95,20121.3
2026-04-25 01:00:00+00:00,95.1575,41273.85,20401.85
2026-04-25 02:00:00+00:00,88.4575,41262.775,20791.575
2026-04-25 03:00:00+00:00,88.03,41954.375,21406.45
2026-04-25 04:00:00+00:00,83.1825,43497.2,23285.325
2026-04-25 05:00:00+00:00,71.3625,46220.6,28644.75
2026-04-25 06:00:00+00:00,20.035,49512.225,37719.85
2026-04-25 07:00:00+00:00,-0.0424999999999999,52278.975,46330.55
2026-04-25 08:00:00+00:00,-7.27,53493.6,53927.975
2026-04-25 09:00:00+00:00,-42.1425,53462.9,58658.15
2026-04-25 10:00:00+00:00,-100.5125,52732.675,60942.3
2026-04-25 11:00:00+00:00,-176.4425,51223.375,61707.325
2026-04-25 12:00:00+00:00,-190.865,49928.6,60246.9
2026-04-25 13:00:00+00:00,-133.8025,49033.275,56801.425
2026-04-25 14:00:00+00:00,-53.975,48842.975,52073.525
2026-04-25 15:00:00+00:00,-5.245,49563.375,48560.425
2026-04-25 16:00:00+00:00,4.615,50628.9,44677.825
2026-04-25 17:00:00+00:00,65.19749999999999,50858.05,37365.7
2026-04-25 18:00:00+00:00,75.42,49820.1,34836.9
2026-04-25 19:00:00+00:00,72.005,48075.05,35217.65
2026-04-25 20:00:00+00:00,72.6775,46005.95,34196.2
2026-04-25 21:00:00+00:00,69.97999999999999,43506.85,32804.524999999994
2026-04-25 22:00:00+00:00,79.44,41214.65,28225.725
2026-04-25 23:00:00+00:00,83.595,39538.175,24976.225
2026-04-26 00:00:00+00:00,87.1,38705.125,21816.475
2026-04-26 01:00:00+00:00,90.4875,38350.35,18873.2
2026-04-26 02:00:00+00:00,94.1525,38590.675,16001.075
2026-04-26 03:00:00+00:00,98.64,38845.85,13331.175
2026-04-26 04:00:00+00:00,94.185,39825.45,12366.375
2026-04-26 05:00:00+00:00,83.1525,42405.975,16407.175
2026-04-26 06:00:00+00:00,54.3125,46048.95,25755.575
2026-04-26 07:00:00+00:00,-0.01,48888.125,36224.825
2026-04-26 08:00:00+00:00,-28.185,50569.3,44541.55
2026-04-26 09:00:00+00:00,-127.365,51458.55,49811.975
2026-04-26 10:00:00+00:00,-259.96000000000004,51213.125,52283.85
2026-04-26 11:00:00+00:00,-413.77,49794.825,52088.05
2026-04-26 12:00:00+00:00,-413.245,48708.85,49466.925
2026-04-26 13:00:00+00:00,-235.8925,47750.6,44322.35
2026-04-26 14:00:00+00:00,-37.305,47552.625,36848.675
2026-04-26 15:00:00+00:00,11.177499999999998,48874.85,26836.050000000003
2026-04-26 16:00:00+00:00,113.0975,50467.475,15415.975
2026-04-26 17:00:00+00:00,150.2875,50890.325,6784.8
2026-04-26 18:00:00+00:00,157.815,50016.05,3812.8
2026-04-26 19:00:00+00:00,140.6525,48552.525,4199.125
2026-04-26 20:00:00+00:00,126.4075,46825.725,4651.275
2026-04-26 21:00:00+00:00,122.875,44427.975,4764.55
2026-04-26 22:00:00+00:00,118.4475,41169.75,5368.925
2026-04-26 23:00:00+00:00,113.03,39992.05,5094.424999999999
2026-04-27 00:00:00+00:00,112.71,39634.175,4715.875
2026-04-27 01:00:00+00:00,112.825,39787.95,4164.375
2026-04-27 02:00:00+00:00,116.74,41209.4,3575.9
2026-04-27 03:00:00+00:00,125.6675,46003.7,3159.025
2026-04-27 04:00:00+00:00,165.5675,53518.35,4530.9
2026-04-27 05:00:00+00:00,153.69,59268.6,11159.775
2026-04-27 06:00:00+00:00,126.5475,62638.925,22137.975
2026-04-27 07:00:00+00:00,92.5275,63718.625,33205.175
2026-04-27 08:00:00+00:00,59.1425,63912.325,41736.275
2026-04-27 09:00:00+00:00,4.14,63398.575,46962.325
2026-04-27 10:00:00+00:00,-0.0975,62292.3,48945.9
2026-04-27 11:00:00+00:00,-0.83,60581.35,48368.35
2026-04-27 12:00:00+00:00,-0.1625,59405.775,45876.575
2026-04-27 13:00:00+00:00,5.1425,58340.7,40702.45
2026-04-27 14:00:00+00:00,68.66499999999999,58258.2,32537.65
2026-04-27 15:00:00+00:00,107.185,59096.15,22889.45
2026-04-27 16:00:00+00:00,129.8525,60014.975,13661.925
2026-04-27 17:00:00+00:00,172.3,60078.975,7649.299999999999
2026-04-27 18:00:00+00:00,188.1175,58738.5,6893.025000000001
2026-04-27 19:00:00+00:00,148.46,56330.0,9431.675
2026-04-27 20:00:00+00:00,125.6475,52909.7,11574.075
2026-04-27 21:00:00+00:00,115.2025,49356.95,12903.075
2026-04-27 22:00:00+00:00,112.66,46733.075,15663.075
2026-04-27 23:00:00+00:00,106.9025,45201.85,16072.075
2026-04-28 00:00:00+00:00,102.98,44720.525,16189.3
2026-04-28 01:00:00+00:00,102.83,44963.525,16129.775
2026-04-28 02:00:00+00:00,105.2775,45946.875,16228.1
2026-04-28 03:00:00+00:00,111.835,49067.275,16636.399999999998
2026-04-28 04:00:00+00:00,122.1,54223.475,18700.9
2026-04-28 05:00:00+00:00,121.43,58587.625,23889.525
2026-04-28 06:00:00+00:00,112.315,61394.7,30611.324999999997
2026-04-28 07:00:00+00:00,79.7775,62743.025,39598.075
2026-04-28 08:00:00+00:00,21.815,62997.8,49267.8
2026-04-28 09:00:00+00:00,-1.085,62753.25,54619.475
2026-04-28 10:00:00+00:00,-14.0425,61964.5,58126.225000000006
2026-04-28 11:00:00+00:00,-29.0,60249.775,59409.450000000004
2026-04-28 12:00:00+00:00,-29.0075,58658.725,58251.45
2026-04-28 13:00:00+00:00,-17.33,57435.4,54964.575
2026-04-28 14:00:00+00:00,-4.655,57311.675,50119.899999999994
2026-04-28 15:00:00+00:00,33.315,57862.05,43919.175
2026-04-28 16:00:00+00:00,90.1,58997.875,34107.225
2026-04-28 17:00:00+00:00,117.4,59513.925,26512.025
2026-04-28 18:00:00+00:00,120.9725,58236.2,24399.775
2026-04-28 19:00:00+00:00,115.8275,55762.7,25622.550000000003
2026-04-28 20:00:00+00:00,111.295,52609.375,25411.6
2026-04-28 21:00:00+00:00,101.77000000000001,49367.725,24366.15
2026-04-28 22:00:00+00:00,98.2075,46587.2,23068.375
2026-04-28 23:00:00+00:00,96.725,45122.7,21403.125
2026-04-29 00:00:00+00:00,97.9175,44554.75,19640.4
2026-04-29 01:00:00+00:00,98.5275,44466.925,18132.275
2026-04-29 02:00:00+00:00,100.65,45973.95,16990.649999999998
2026-04-29 03:00:00+00:00,107.905,49271.175,16157.775
2026-04-29 04:00:00+00:00,139.7975,54773.75,17287.425
2026-04-29 05:00:00+00:00,126.8475,60694.725,22960.775
2026-04-29 06:00:00+00:00,112.36500000000001,62989.95,31836.625
2026-04-29 07:00:00+00:00,66.42,63748.4,42395.275
2026-04-29 08:00:00+00:00,-1.0775,64016.325,52178.075000000004
2026-04-29 09:00:00+00:00,-11.567499999999999,64189.975,58489.225000000006
2026-04-29 10:00:00+00:00,-33.765,63232.175,61512.149999999994
2026-04-29 11:00:00+00:00,-60.3625,61257.925,61715.75
2026-04-29 12:00:00+00:00,-55.4325,59966.225,60220.05
2026-04-29 13:00:00+00:00,-36.22,58521.65,56417.399999999994
2026-04-29 14:00:00+00:00,-11.25,58358.525,50727.225
2026-04-29 15:00:00+00:00,19.645,58473.35,43165.8
2026-04-29 16:00:00+00:00,91.145,58841.875,31648.775
2026-04-29 17:00:00+00:00,125.81,59233.15,22071.9
2026-04-29 18:00:00+00:00,145.5925,58139.775,19047.525
2026-04-29 19:00:00+00:00,129.95,55642.625,20235.95
2026-04-29 20:00:00+00:00,115.6575,52095.875,20596.75
2026-04-29 21:00:00+00:00,105.0975,48509.225,20129.25
2026-04-29 22:00:00+00:00,100.32,45357.85,19447.0
2026-04-29 23:00:00+00:00,100.11,43716.7,17956.0
2026-04-30 00:00:00+00:00,98.57,43129.975,16371.6
2026-04-30 01:00:00+00:00,99.4775,43260.425,15111.2
2026-04-30 02:00:00+00:00,104.09,44148.35,14254.575
2026-04-30 03:00:00+00:00,114.10249999999999,47088.025,13739.575
2026-04-30 04:00:00+00:00,139.12,52716.925,15612.849999999999
2026-04-30 05:00:00+00:00,122.28500000000001,57781.25,22774.05
2026-04-30 06:00:00+00:00,96.2175,60789.675,33919.2
2026-04-30 07:00:00+00:00,45.555,61577.8,45528.200000000004
2026-04-30 08:00:00+00:00,-0.03750000000000003,62169.025,54635.925
2026-04-30 09:00:00+00:00,-3.875,62300.850000000006,60301.15
2026-04-30 10:00:00+00:00,-16.2525,61843.75,62824.625
2026-04-30 11:00:00+00:00,-32.02,60557.675,62804.325
2026-04-30 12:00:00+00:00,-28.93,58797.675,60660.825
2026-04-30 13:00:00+00:00,-12.05,57481.6,56158.475000000006
2026-04-30 14:00:00+00:00,-2.2925,56186.625,49831.55
2026-04-30 15:00:00+00:00,20.580000000000002,56250.925,41560.275
2026-04-30 16:00:00+00:00,92.43,57240.875,29656.199999999997
2026-04-30 17:00:00+00:00,139.0875,57630.425,19571.6
2026-04-30 18:00:00+00:00,178.62,56404.7,16113.9
2026-04-30 19:00:00+00:00,145.84,54127.2,17279.175
2026-04-30 20:00:00+00:00,118.92,50984.125,18133.825
2026-04-30 21:00:00+00:00,109.6075,47694.15,18280.15
2026-04-30 22:00:00+00:00,107.22749999999999,43739.275,17152.625
2026-04-30 23:00:00+00:00,103.085,41865.625,16193.4
2026-05-01 00:00:00+00:00,101.385,41063.2,15030.025
2026-05-01 01:00:00+00:00,99.245,40722.25,14050.925
2026-05-01 02:00:00+00:00,97.97999999999999,41152.325,13405.5
2026-05-01 03:00:00+00:00,97.495,41438.725,13169.5
2026-05-01 04:00:00+00:00,103.7675,42286.475,15450.675
2026-05-01 05:00:00+00:00,80.34,44846.725,23067.7
2026-05-01 06:00:00+00:00,35.3325,48207.85,33765.175
2026-05-01 07:00:00+00:00,-0.027500000000000024,50329.475,42402.925
2026-05-01 08:00:00+00:00,-21.18,51073.425,50283.9
2026-05-01 09:00:00+00:00,-108.6175,51036.8,55312.274999999994
2026-05-01 10:00:00+00:00,-318.58,50353.4,57182.3
2026-05-01 11:00:00+00:00,-499.0,48752.525,56907.975
2026-05-01 12:00:00+00:00,-474.9675,47254.35,54494.45
2026-05-01 13:00:00+00:00,-205.8775,46407.55,49739.5
2026-05-01 14:00:00+00:00,-26.2475,46107.075,43850.375
2026-05-01 15:00:00+00:00,5.555,46552.075,36147.075
2026-05-01 16:00:00+00:00,92.53,47491.575,24402.050000000003
2026-05-01 17:00:00+00:00,154.19,48180.75,15184.425
2026-05-01 18:00:00+00:00,173.325,48166.100000000006,13326.8
2026-05-01 19:00:00+00:00,142.95,47630.325,16298.949999999999
2026-05-01 20:00:00+00:00,113.2225,45852.85,18979.1
2026-05-01 21:00:00+00:00,96.9825,43545.65,20809.925000000003
2026-05-01 22:00:00+00:00,117.425,42324.15,21244.55
2026-05-01 23:00:00+00:00,103.7125,40822.45,21605.25
2026-05-02 00:00:00+00:00,99.47749999999999,40145.225000000006,21828.275
2026-05-02 01:00:00+00:00,93.33500000000001,39878.95,22000.075
2026-05-02 02:00:00+00:00,93.545,40086.825,22271.4
2026-05-02 03:00:00+00:00,93.69749999999999,40848.05,22514.625
2026-05-02 04:00:00+00:00,91.78,42286.425,24921.025
2026-05-02 05:00:00+00:00,78.0125,45097.15,31425.125
2026-05-02 06:00:00+00:00,18.27,48398.525,39012.125
2026-05-02 07:00:00+00:00,1.27,50569.625,45510.7
2026-05-02 08:00:00+00:00,-2.3874999999999997,51459.55,49959.675
2026-05-02 09:00:00+00:00,-21.9125,50949.9,53818.775
2026-05-02 10:00:00+00:00,-83.6075,50058.675,54990.825
2026-05-02 11:00:00+00:00,-130.0275,48605.1,54121.725000000006
2026-05-02 12:00:00+00:00,-86.8425,47052.25,51364.025
2026-05-02 13:00:00+00:00,-14.037500000000001,46172.925,46647.875
2026-05-02 14:00:00+00:00,0.0325,46136.925,41944.149999999994
2026-05-02 15:00:00+00:00,54.945,46698.65,32957.525
2026-05-02 16:00:00+00:00,127.14,48158.2,21173.525
2026-05-02 17:00:00+00:00,165.0,49076.925,11791.1
2026-05-02 18:00:00+00:00,195.45,48192.3,8238.775
2026-05-02 19:00:00+00:00,154.32,46640.475,8706.725
2026-05-02 20:00:00+00:00,139.96,44700.25,9388.5
2026-05-02 21:00:00+00:00,123.86500000000001,42480.8,9725.05
2026-05-02 22:00:00+00:00,121.195,40271.675,9876.8
2026-05-02 23:00:00+00:00,116.0325,38714.225000000006,9603.95
2026-05-03 00:00:00+00:00,110.1625,37704.225,9260.125
2026-05-03 01:00:00+00:00,108.4775,37259.425,8911.9
2026-05-03 02:00:00+00:00,106.2925,37309.55,8793.0
2026-05-03 03:00:00+00:00,107.0725,37617.075,8961.425
2026-05-03 04:00:00+00:00,101.7,39081.95,11250.25
2026-05-03 05:00:00+00:00,85.3375,41361.3,17720.100000000002
2026-05-03 06:00:00+00:00,71.7375,44368.225000000006,26061.15
2026-05-03 07:00:00+00:00,32.6575,46904.425,33834.0
2026-05-03 08:00:00+00:00,1.2874999999999999,48521.35,40486.85
2026-05-03 09:00:00+00:00,-1.4275,49546.225000000006,44694.25
2026-05-03 10:00:00+00:00,-6.79,49150.8,46606.55
2026-05-03 11:00:00+00:00,-14.435,47891.6,46663.65
2026-05-03 12:00:00+00:00,-10.8825,46657.425,44982.55
2026-05-03 13:00:00+00:00,-3.9675,45671.475,41633.1
2026-05-03 14:00:00+00:00,9.1325,45343.15,36907.975
2026-05-03 15:00:00+00:00,80.7075,46021.85,29727.949999999997
2026-05-03 16:00:00+00:00,120.57249999999999,47532.2,21555.4
2026-05-03 17:00:00+00:00,134.795,48427.3,15442.574999999999
2026-05-03 18:00:00+00:00,140.87,47733.524999999994,12828.45
2026-05-03 19:00:00+00:00,137.31,46832.3,12688.175
2026-05-03 20:00:00+00:00,130.3775,45154.45,12747.625
2026-05-03 21:00:00+00:00,121.11500000000001,43017.875,13032.175
2026-05-03 22:00:00+00:00,117.355,41293.5,14662.45
2026-05-03 23:00:00+00:00,108.41,40100.274999999994,13701.0
2026-05-04 00:00:00+00:00,110.5575,39554.35,12733.05
2026-05-04 01:00:00+00:00,106.3475,39646.125,11676.25
2026-05-04 02:00:00+00:00,109.9075,41113.5,10555.075
2026-05-04 03:00:00+00:00,128.8825,45920.325,9461.275
2026-05-04 04:00:00+00:00,149.5475,53787.15,9920.925
2026-05-04 05:00:00+00:00,151.26749999999998,59719.375,13941.800000000001
2026-05-04 06:00:00+00:00,134.6025,62922.05,21064.9
2026-05-04 07:00:00+00:00,113.625,64097.65,29765.2
2026-05-04 08:00:00+00:00,99.99000000000001,64416.625,37135.275
2026-05-04 09:00:00+00:00,93.095,64567.675,41785.25
2026-05-04 10:00:00+00:00,75.065,63568.675,43585.25
2026-05-04 11:00:00+00:00,69.4075,62120.65,42317.9
2026-05-04 12:00:00+00:00,81.0775,60920.475,38484.675
2026-05-04 13:00:00+00:00,94.0025,59711.0,32872.9
2026-05-04 14:00:00+00:00,107.9675,59578.95,25857.725000000002
2026-05-04 15:00:00+00:00,128.9925,60182.525,18384.9
2026-05-04 16:00:00+00:00,169.0,60842.8,11775.575
2026-05-04 17:00:00+00:00,245.03,60792.575,6903.75
2026-05-04 18:00:00+00:00,266.83500000000004,58986.5,4723.1
2026-05-04 19:00:00+00:00,194.3,56484.6,4491.925
2026-05-04 20:00:00+00:00,153.04500000000002,53024.925,4457.675
2026-05-04 21:00:00+00:00,137.2,49404.975,4291.75
2026-05-04 22:00:00+00:00,131.35999999999999,46130.0,3576.125
2026-05-04 23:00:00+00:00,126.2,44553.25,3324.5750000000003
2026-05-05 00:00:00+00:00,122.11,44006.825,3237.175
2026-05-05 01:00:00+00:00,122.045,44120.475,3287.5
2026-05-05 02:00:00+00:00,123.9,45176.35,3410.675
2026-05-05 03:00:00+00:00,133.9025,48426.799999999996,3642.2000000000003
2026-05-05 04:00:00+00:00,160.1125,54260.125,5035.45
2026-05-05 05:00:00+00:00,160.76500000000001,59663.625,9030.45
2026-05-05 06:00:00+00:00,147.23250000000002,62734.0,15343.2
2026-05-05 07:00:00+00:00,129.61,64081.3,22506.4
2026-05-05 08:00:00+00:00,114.12,64455.45,28433.175000000003
2026-05-05 09:00:00+00:00,108.2575,64567.6,32050.875
2026-05-05 10:00:00+00:00,99.0925,63718.975,33035.3
2026-05-05 11:00:00+00:00,98.055,62066.175,31521.725000000002
2026-05-05 12:00:00+00:00,97.745,60662.175,28603.075
2026-05-05 13:00:00+00:00,105.99000000000001,59528.025,25437.0
2026-05-05 14:00:00+00:00,111.97749999999999,59156.775,21930.225
2026-05-05 15:00:00+00:00,128.67000000000002,59537.6,18205.45
2026-05-05 16:00:00+00:00,145.7625,60237.775,14684.725
2026-05-05 17:00:00+00:00,163.685,60111.125,11954.05
2026-05-05 18:00:00+00:00,163.9025,58362.25,11168.35
2026-05-05 19:00:00+00:00,146.9975,55827.675,11926.324999999999
2026-05-05 20:00:00+00:00,132.745,52518.775,12671.9
2026-05-05 21:00:00+00:00,115.2925,49169.275,13333.975
2026-05-05 22:00:00+00:00,120.035,45769.875,14367.25
2026-05-05 23:00:00+00:00,114.23,44385.175,15080.0
2026-05-06 00:00:00+00:00,113.165,43649.4,15991.349999999999
2026-05-06 01:00:00+00:00,112.995,43418.85,16859.85
2026-05-06 02:00:00+00:00,113.34,45233.35,17720.8
2026-05-06 03:00:00+00:00,118.225,48614.15,18469.825
2026-05-06 04:00:00+00:00,131.14,54661.1,20054.525
2026-05-06 05:00:00+00:00,142.45,60615.6,22896.524999999998
2026-05-06 06:00:00+00:00,141.55,63425.899999999994,27012.675
2026-05-06 07:00:00+00:00,121.305,64404.8,31600.625
2026-05-06 08:00:00+00:00,108.8,64435.9,35328.35
2026-05-06 09:00:00+00:00,104.12,64267.275,37740.65
2026-05-06 10:00:00+00:00,100.0925,63132.575,38861.075
2026-05-06 11:00:00+00:00,89.34,61005.275,38308.0
2026-05-06 12:00:00+00:00,91.33,59462.675,36239.375
2026-05-06 13:00:00+00:00,103.125,58230.475,33187.6
2026-05-06 14:00:00+00:00,112.6625,58603.725,28956.824999999997
2026-05-06 15:00:00+00:00,125.0525,59110.875,23840.65
2026-05-06 16:00:00+00:00,137.91,59049.575,18707.6
2026-05-06 17:00:00+00:00,154.605,59093.85,14425.5
2026-05-06 18:00:00+00:00,156.915,57300.25,12164.25
2026-05-06 19:00:00+00:00,154.61,54717.174999999996,11761.375
2026-05-06 20:00:00+00:00,143.4125,51218.3,11213.825
2026-05-06 21:00:00+00:00,128.26,47559.75,10475.775
2026-05-06 22:00:00+00:00,125.1525,45410.85,12030.85
2026-05-06 23:00:00+00:00,116.485,43834.2,11147.85
2026-05-07 00:00:00+00:00,115.25750000000001,43304.5,10505.3
2026-05-07 01:00:00+00:00,116.49000000000001,43551.75,10035.0
2026-05-07 02:00:00+00:00,119.1375,44597.275,9684.550000000001
2026-05-07 03:00:00+00:00,126.875,47954.675,9329.45
2026-05-07 04:00:00+00:00,151.0,53611.8,9715.225
2026-05-07 05:00:00+00:00,167.29250000000002,58628.4,11945.75
2026-05-07 06:00:00+00:00,155.5925,61512.975,15724.375
2026-05-07 07:00:00+00:00,136.41,62337.025,19943.675
2026-05-07 08:00:00+00:00,120.1325,62631.5,23485.875
2026-05-07 09:00:00+00:00,113.525,62288.75,26547.05
2026-05-07 10:00:00+00:00,103.9225,61719.575,28738.275
2026-05-07 11:00:00+00:00,101.915,60305.15,29606.25
2026-05-07 12:00:00+00:00,101.72999999999999,58512.925,29263.475
2026-05-07 13:00:00+00:00,107.445,57479.175,27161.8
2026-05-07 14:00:00+00:00,117.9975,56948.1,23535.3
2026-05-07 15:00:00+00:00,132.56,57671.924999999996,18503.75
2026-05-07 16:00:00+00:00,148.70499999999998,58709.5,12522.525
2026-05-07 17:00:00+00:00,185.655,58852.8,7019.25
2026-05-07 18:00:00+00:00,221.4775,56791.925,4330.55
2026-05-07 19:00:00+00:00,182.715,54113.85,4384.15
2026-05-07 20:00:00+00:00,154.435,51000.425,4902.0
2026-05-07 21:00:00+00:00,142.7575,47760.225,5180.025
2026-05-07 22:00:00+00:00,130.3425,46119.75,5512.525
2026-05-07 23:00:00+00:00,120.66,44684.5,5663.674999999999
2026-05-08 00:00:00+00:00,118.215,43877.325,5707.5
2026-05-08 01:00:00+00:00,116.97749999999999,43905.5,5645.425
2026-05-08 02:00:00+00:00,118.565,45375.0,5679.6
2026-05-08 03:00:00+00:00,126.185,48467.9,6008.3
2026-05-08 04:00:00+00:00,143.6,54033.925,8364.525000000001
2026-05-08 05:00:00+00:00,147.0275,59070.55,14062.375
2026-05-08 06:00:00+00:00,137.4,61830.7,22489.0
2026-05-08 07:00:00+00:00,115.2475,62445.875,32620.225
2026-05-08 08:00:00+00:00,97.7475,62563.875,40610.1
2026-05-08 09:00:00+00:00,75.81,61933.1,44937.1
2026-05-08 10:00:00+00:00,65.37,60929.9,45934.475
2026-05-08 11:00:00+00:00,58.7075,59128.3,45108.75
2026-05-08 12:00:00+00:00,64.34,57388.4,43213.325
2026-05-08 13:00:00+00:00,81.8925,56617.975,39492.425
2026-05-08 14:00:00+00:00,94.0625,56157.65,33893.95
2026-05-08 15:00:00+00:00,109.5,57218.575,26691.675
2026-05-08 16:00:00+00:00,127.815,57726.8,18781.825
2026-05-08 17:00:00+00:00,143.54250000000002,57032.2,12354.675
2026-05-08 18:00:00+00:00,152.9775,55271.175,10304.0
2026-05-08 19:00:00+00:00,138.9,52845.675,11996.125
2026-05-08 20:00:00+00:00,127.5025,49888.725,13273.325
2026-05-08 21:00:00+00:00,119.14,46509.774999999994,13532.725
2026-05-08 22:00:00+00:00,127.6925,43340.175,12055.699999999999
2026-05-08 23:00:00+00:00,123.4075,41397.725,10968.15
2026-05-09 00:00:00+00:00,123.47999999999999,40428.45,9836.375
2026-05-09 01:00:00+00:00,124.3525,40072.85,8779.8
2026-05-09 02:00:00+00:00,125.7375,40144.85,8047.875
2026-05-09 03:00:00+00:00,126.4525,40396.125,7756.975
2026-05-09 04:00:00+00:00,127.52250000000001,41556.925,9857.425
2026-05-09 05:00:00+00:00,118.67,43892.65,15671.425
2026-05-09 06:00:00+00:00,107.6725,46027.05,24374.8
2026-05-09 07:00:00+00:00,68.3075,48995.6,34624.375
2026-05-09 08:00:00+00:00,9.9275,50186.1,42354.45
2026-05-09 09:00:00+00:00,-0.015,50088.025,45512.925
2026-05-09 10:00:00+00:00,-0.0625,49733.8,45432.8
2026-05-09 11:00:00+00:00,-0.09,48586.925,43639.4
2026-05-09 12:00:00+00:00,-0.0125,47782.725,41276.475
2026-05-09 13:00:00+00:00,0.0025,46034.325,37831.275
2026-05-09 14:00:00+00:00,27.715000000000003,44889.4,32554.850000000002
2026-05-09 15:00:00+00:00,93.69,43992.2,25288.0
2026-05-09 16:00:00+00:00,123.19,45035.0,16669.175
2026-05-09 17:00:00+00:00,138.5075,47245.975,9457.725
2026-05-09 18:00:00+00:00,146.965,47252.1,6951.4
2026-05-09 19:00:00+00:00,143.485,46022.025,8213.925
2026-05-09 20:00:00+00:00,136.3,44038.6,9393.275
2026-05-09 21:00:00+00:00,127.0875,41789.35,9440.0
2026-05-09 22:00:00+00:00,128.0925,40380.425,7962.424999999999
2026-05-09 23:00:00+00:00,125.44749999999999,38668.625,7067.925
2026-05-10 00:00:00+00:00,125.4325,37791.55,6275.4
2026-05-10 01:00:00+00:00,123.4825,37325.325,5596.0
2026-05-10 02:00:00+00:00,124.19749999999999,37506.375,5102.725
2026-05-10 03:00:00+00:00,123.94,37973.3,5112.575
2026-05-10 04:00:00+00:00,115.14,39250.925,7994.05
2026-05-10 05:00:00+00:00,101.1675,41955.125,15368.875
2026-05-10 06:00:00+00:00,70.835,44337.375,24986.3
2026-05-10 07:00:00+00:00,11.180000000000001,46407.375,34637.0
2026-05-10 08:00:00+00:00,0.0025000000000000005,48018.475,42296.625
2026-05-10 09:00:00+00:00,-0.6699999999999999,48814.7,46442.6
2026-05-10 10:00:00+00:00,-1.88,48057.225,47866.075
2026-05-10 11:00:00+00:00,-2.165,46969.5,47356.025
2026-05-10 12:00:00+00:00,-1.4,46544.225,45018.525
2026-05-10 13:00:00+00:00,-0.255,46358.225,40962.975
2026-05-10 14:00:00+00:00,1.8824999999999998,46404.2,35457.950000000004
2026-05-10 15:00:00+00:00,71.005,47643.075,28470.1
2026-05-10 16:00:00+00:00,110.9425,49137.35,21614.8
2026-05-10 17:00:00+00:00,122.0,50043.0,16385.875
2026-05-10 18:00:00+00:00,129.3175,49561.125,13939.55
2026-05-10 19:00:00+00:00,128.515,48348.95,13710.225
2026-05-10 20:00:00+00:00,124.14,46757.25,13252.775
2026-05-10 21:00:00+00:00,119.8375,44867.875,12377.425
2026-05-10 22:00:00+00:00,118.785,41699.875,10266.3
2026-05-10 23:00:00+00:00,112.33500000000001,40767.275,9388.425
2026-05-11 00:00:00+00:00,110.42750000000001,40264.475,9018.025
2026-05-11 01:00:00+00:00,112.6575,40565.625,9086.85
2026-05-11 02:00:00+00:00,113.0925,42306.95,9335.4
2026-05-11 03:00:00+00:00,122.1375,47149.675,9658.050000000001
2026-05-11 04:00:00+00:00,136.475,54983.575,11056.9
2026-05-11 05:00:00+00:00,154.0475,60231.975,14197.975
2026-05-11 06:00:00+00:00,150.0125,62977.3,18439.8
2026-05-11 07:00:00+00:00,136.79999999999998,63388.975,23425.325
2026-05-11 08:00:00+00:00,126.3075,63312.175,28157.525
2026-05-11 09:00:00+00:00,113.4325,63633.05,32360.449999999997
2026-05-11 10:00:00+00:00,105.485,62534.575,36339.375
2026-05-11 11:00:00+00:00,98.78,60915.25,38929.9
2026-05-11 12:00:00+00:00,95.97999999999999,59624.15,40335.175
2026-05-11 13:00:00+00:00,96.2,58862.65,40304.425
2026-05-11 14:00:00+00:00,100.49000000000001,58767.125,38820.0
2026-05-11 15:00:00+00:00,116.30250000000001,59356.2,36411.424999999996
2026-05-11 16:00:00+00:00,122.97999999999999,60344.775,32664.899999999998
2026-05-11 17:00:00+00:00,130.7175,60772.325,28418.95
2026-05-11 18:00:00+00:00,131.12,59111.175,25514.175000000003
2026-05-11 19:00:00+00:00,127.8725,56507.1,25421.85
2026-05-11 20:00:00+00:00,120.765,53079.375,25856.725
2026-05-11 21:00:00+00:00,108.9525,49696.15,26921.55
2026-05-11 22:00:00+00:00,99.065,47037.3,27188.275
2026-05-11 23:00:00+00:00,95.275,45632.675,27816.575
2026-05-12 00:00:00+00:00,91.73,45026.475,28104.15
2026-05-12 01:00:00+00:00,89.8975,45131.65,28413.6
2026-05-12 02:00:00+00:00,91.375,46104.15,28529.774999999998
2026-05-12 03:00:00+00:00,94.0025,48697.05,28511.9
2026-05-12 04:00:00+00:00,111.2625,54096.125,30390.449999999997
2026-05-12 05:00:00+00:00,122.575,58927.675,35093.975
2026-05-12 06:00:00+00:00,112.145,62010.375,42021.85
2026-05-12 07:00:00+00:00,94.075,62825.4,48971.325
2026-05-12 08:00:00+00:00,79.5575,63107.775,53316.75
2026-05-12 09:00:00+00:00,63.535,63087.225,55101.299999999996
2026-05-12 10:00:00+00:00,45.91,62436.35,55560.45
2026-05-12 11:00:00+00:00,27.330000000000002,61181.95,55391.375
2026-05-12 12:00:00+00:00,19.9725,59813.425,55006.15
2026-05-12 13:00:00+00:00,44.760000000000005,58907.825,53432.9
2026-05-12 14:00:00+00:00,74.405,58513.05,50037.025
2026-05-12 15:00:00+00:00,96.0,58618.825,43917.275
2026-05-12 16:00:00+00:00,114.88,59389.3,34927.575
2026-05-12 17:00:00+00:00,136.2775,59569.925,25885.5
2026-05-12 18:00:00+00:00,142.985,58111.225,20184.75
2026-05-12 19:00:00+00:00,142.7425,55675.6,19342.95
2026-05-12 20:00:00+00:00,131.225,52493.2,19885.925
2026-05-12 21:00:00+00:00,118.345,49594.5,20937.199999999997
2026-05-12 22:00:00+00:00,114.33,46949.8,21763.0
2026-05-12 23:00:00+00:00,106.2175,45655.8,22843.9
2026-05-13 00:00:00+00:00,104.3575,45051.25,23181.925000000003
2026-05-13 01:00:00+00:00,107.435,45047.024999999994,22695.8
2026-05-13 02:00:00+00:00,111.195,46377.475,22006.925
2026-05-13 03:00:00+00:00,120.0,49303.575,21218.35
2026-05-13 04:00:00+00:00,137.1825,55184.65,22257.4
2026-05-13 05:00:00+00:00,141.1225,60646.575,25997.975
2026-05-13 06:00:00+00:00,126.7,62997.25,32261.550000000003
2026-05-13 07:00:00+00:00,102.525,63507.6,40135.375
2026-05-13 08:00:00+00:00,86.44,63868.85,45828.1
2026-05-13 09:00:00+00:00,83.7775,64404.7,47558.575
2026-05-13 10:00:00+00:00,74.10249999999999,63539.450000000004,48044.875
2026-05-13 11:00:00+00:00,71.77250000000001,61356.225,47800.475
2026-05-13 12:00:00+00:00,70.2025,60099.8,46535.200000000004
2026-05-13 13:00:00+00:00,82.2675,59245.0,43693.275
2026-05-13 14:00:00+00:00,92.375,59347.675,38454.325
2026-05-13 15:00:00+00:00,112.60249999999999,59579.675,30801.550000000003
2026-05-13 16:00:00+00:00,132.355,59466.375,22798.025
2026-05-13 17:00:00+00:00,151.4925,59538.925,16241.175
2026-05-13 18:00:00+00:00,171.26749999999998,58072.0,12940.15
2026-05-13 19:00:00+00:00,160.04500000000002,55522.95,13149.25
2026-05-13 20:00:00+00:00,142.20499999999998,52156.425,14050.300000000001
2026-05-13 21:00:00+00:00,123.095,48675.525,14931.224999999999
2026-05-13 22:00:00+00:00,130.54,43283.95,14413.8
2026-05-13 23:00:00+00:00,121.75,41404.25,14752.55
2026-05-14 00:00:00+00:00,119.225,40550.15,14952.65
2026-05-14 01:00:00+00:00,115.6375,40239.6,15084.3
2026-05-14 02:00:00+00:00,112.9175,40452.1,15178.075
2026-05-14 03:00:00+00:00,112.045,40330.05,15266.65
2026-05-14 04:00:00+00:00,111.405,40495.975,17156.325
2026-05-14 05:00:00+00:00,108.09,42778.65,21727.175000000003
2026-05-14 06:00:00+00:00,99.25750000000001,46193.65,27779.4
2026-05-14 07:00:00+00:00,85.15,48681.325,33802.825
2026-05-14 08:00:00+00:00,58.6425,49848.4,37999.175
2026-05-14 09:00:00+00:00,35.5675,50143.05,40832.0
2026-05-14 10:00:00+00:00,16.055,49529.1,42822.725
2026-05-14 11:00:00+00:00,7.5525,47977.0,43291.125
2026-05-14 12:00:00+00:00,4.6025,46394.05,42419.25
2026-05-14 13:00:00+00:00,17.8475,45869.675,39824.775
2026-05-14 14:00:00+00:00,66.9125,46321.975,34668.950000000004
2026-05-14 15:00:00+00:00,94.76,47472.45,27255.975
2026-05-14 16:00:00+00:00,126.0,48993.275,18693.375
2026-05-14 17:00:00+00:00,142.5825,49233.2,10784.074999999999
2026-05-14 18:00:00+00:00,150.4475,48380.375,5986.4
2026-05-14 19:00:00+00:00,152.2025,47348.125,4432.25
2026-05-14 20:00:00+00:00,150.91,45638.6,4193.525
2026-05-14 21:00:00+00:00,136.32,43572.225,4404.175
2026-05-14 22:00:00+00:00,137.9725,43088.15,3698.5249999999996
2026-05-14 23:00:00+00:00,131.3725,41844.675,4149.025
2026-05-15 00:00:00+00:00,126.3125,41263.45,4768.925
2026-05-15 01:00:00+00:00,121.9375,41215.275,5379.175
2026-05-15 02:00:00+00:00,123.7125,42426.8,5836.45
2026-05-15 03:00:00+00:00,127.16,44775.325,6327.925
2026-05-15 04:00:00+00:00,136.1,48481.45,8757.4
2026-05-15 05:00:00+00:00,132.515,52309.325,14322.625
2026-05-15 06:00:00+00:00,123.99499999999999,55293.2,22256.175
2026-05-15 07:00:00+00:00,104.54,56842.0,30456.725
2026-05-15 08:00:00+00:00,81.7825,57496.525,36334.675
2026-05-15 09:00:00+00:00,66.8175,57361.8,39866.975
2026-05-15 10:00:00+00:00,54.302499999999995,56753.25,42521.200000000004
2026-05-15 11:00:00+00:00,40.3225,55756.125,43771.175
2026-05-15 12:00:00+00:00,40.1475,54319.85,43247.575
2026-05-15 13:00:00+00:00,51.0025,53436.925,40484.7
2026-05-15 14:00:00+00:00,77.32,52778.075,35773.475
2026-05-15 15:00:00+00:00,105.0475,53459.55,29368.925
2026-05-15 16:00:00+00:00,125.04249999999999,54016.65,22320.899999999998
2026-05-15 17:00:00+00:00,143.31,53616.75,15593.4
2026-05-15 18:00:00+00:00,153.455,52668.775,11515.45
2026-05-15 19:00:00+00:00,151.14499999999998,51016.65,10419.0
2026-05-15 20:00:00+00:00,144.685,48524.45,10650.550000000001
2026-05-15 21:00:00+00:00,135.5125,45649.25,11369.85
2026-05-15 22:00:00+00:00,130.0,43904.275,13069.35
2026-05-15 23:00:00+00:00,121.7875,42377.025,14009.35
2026-05-16 00:00:00+00:00,117.5625,41320.850000000006,14976.45
2026-05-16 01:00:00+00:00,116.0025,40793.125,15847.800000000001
2026-05-16 02:00:00+00:00,114.02000000000001,41079.5,16731.7
2026-05-16 03:00:00+00:00,109.3425,41482.9,17554.275
2026-05-16 04:00:00+00:00,105.7075,42953.475,20267.875
2026-05-16 05:00:00+00:00,100.045,45434.925,24994.125
2026-05-16 06:00:00+00:00,86.9525,48445.175,33046.975
2026-05-16 07:00:00+00:00,43.9525,50500.85,41406.275
2026-05-16 08:00:00+00:00,4.2025,51341.7,47271.775
2026-05-16 09:00:00+00:00,-0.03,51519.725,50528.600000000006
2026-05-16 10:00:00+00:00,-1.195,50928.4,52301.675
2026-05-16 11:00:00+00:00,-2.2,49682.8,52713.1
2026-05-16 12:00:00+00:00,-1.9325,48295.45,52166.200000000004
2026-05-16 13:00:00+00:00,-0.9975,47028.65,50007.825
2026-05-16 14:00:00+00:00,4.779999999999999,46441.575,45748.05
2026-05-16 15:00:00+00:00,60.0925,46946.95,38700.2
2026-05-16 16:00:00+00:00,100.2225,48010.2,28574.75
2026-05-16 17:00:00+00:00,126.47,48491.5,18087.3
2026-05-16 18:00:00+00:00,139.9975,48424.0,11300.475
2026-05-16 19:00:00+00:00,140.6875,47064.375,8992.95
2026-05-16 20:00:00+00:00,135.99,45281.95,8768.0
2026-05-16 21:00:00+00:00,127.7,43113.45,9002.5
2026-05-16 22:00:00+00:00,127.7175,40643.774999999994,8630.625
2026-05-16 23:00:00+00:00,119.0625,38971.7,8891.3
2026-05-17 00:00:00+00:00,115.565,38207.65,8965.725
2026-05-17 01:00:00+00:00,113.8975,37931.0,8867.35
2026-05-17 02:00:00+00:00,109.17,38146.35,8917.1
2026-05-17 03:00:00+00:00,105.445,38631.725,9537.025
2026-05-17 04:00:00+00:00,98.7925,40180.8,13299.925
2026-05-17 05:00:00+00:00,80.795,42217.6,20866.4
2026-05-17 06:00:00+00:00,53.8425,44994.95,29803.7
2026-05-17 07:00:00+00:00,18.97,47315.25,38565.899999999994
2026-05-17 08:00:00+00:00,3.49,48729.375,44469.375
2026-05-17 09:00:00+00:00,0.56,49566.8,46942.275
2026-05-17 10:00:00+00:00,0.8225,48943.35,47254.825
2026-05-17 11:00:00+00:00,0.0,47716.5,45752.95
2026-05-17 12:00:00+00:00,0.98,46561.1,42759.95
2026-05-17 13:00:00+00:00,11.31,45472.575,38356.299999999996
2026-05-17 14:00:00+00:00,52.4375,44975.425,32092.75
2026-05-17 15:00:00+00:00,100.315,46285.8,24586.775
2026-05-17 16:00:00+00:00,129.3875,47736.575,16438.925
2026-05-17 17:00:00+00:00,143.0675,48970.775,9445.175
2026-05-17 18:00:00+00:00,155.8,48754.275,5583.35
2026-05-17 19:00:00+00:00,156.70499999999998,47529.875,5013.625
2026-05-17 20:00:00+00:00,151.3675,45706.4,5684.450000000001
2026-05-17 21:00:00+00:00,142.575,43312.8,6297.1
2026-05-17 22:00:00+00:00,134.6575,41907.4,8184.799999999999
2026-05-17 23:00:00+00:00,125.9725,40776.45,8426.55
2026-05-18 00:00:00+00:00,125.9975,40168.65,8507.5
2026-05-18 01:00:00+00:00,126.3925,40478.7,8396.425
2026-05-18 02:00:00+00:00,129.36,42002.925,8215.775
2026-05-18 03:00:00+00:00,137.0225,46388.925,8308.025
2026-05-18 04:00:00+00:00,152.51749999999998,54008.2,10923.925
2026-05-18 05:00:00+00:00,160.075,59152.125,16764.725
2026-05-18 06:00:00+00:00,152.105,62038.075,23860.324999999997
2026-05-18 07:00:00+00:00,125.88,62678.425,31080.525
2026-05-18 08:00:00+00:00,107.85,62917.25,37004.675
2026-05-18 09:00:00+00:00,100.0525,63411.899999999994,40108.4
2026-05-18 10:00:00+00:00,94.895,62673.9,40924.175
2026-05-18 11:00:00+00:00,94.97749999999999,61305.625,40008.8
2026-05-18 12:00:00+00:00,96.77000000000001,59987.6,37877.925
2026-05-18 13:00:00+00:00,102.405,58937.8,34205.125
2026-05-18 14:00:00+00:00,113.965,58520.15,29059.275
2026-05-18 15:00:00+00:00,134.065,58918.825,22570.025
2026-05-18 16:00:00+00:00,152.1375,59532.3,15212.025
2026-05-18 17:00:00+00:00,192.85250000000002,59343.45,8785.449999999999
2026-05-18 18:00:00+00:00,250.89749999999998,57498.6,5268.424999999999
2026-05-18 19:00:00+00:00,214.3375,55044.075,4656.65
2026-05-18 20:00:00+00:00,160.6475,51887.7,4849.85
2026-05-18 21:00:00+00:00,148.89499999999998,48689.45,4787.475
2026-05-18 22:00:00+00:00,148.2525,45876.125,4041.25
2026-05-18 23:00:00+00:00,141.9425,44371.325,3474.675
2026-05-19 00:00:00+00:00,139.3225,43650.5,3187.8
2026-05-19 01:00:00+00:00,138.54000000000002,43721.375,2938.075
2026-05-19 02:00:00+00:00,141.5675,44644.275,2702.325
2026-05-19 03:00:00+00:00,146.92000000000002,47503.875,2835.7749999999996
2026-05-19 04:00:00+00:00,164.46,53046.2,5747.775
2026-05-19 05:00:00+00:00,153.7725,57964.7,12651.9
2026-05-19 06:00:00+00:00,131.855,60959.95,22273.8
2026-05-19 07:00:00+00:00,108.7425,61681.15,31615.9
2026-05-19 08:00:00+00:00,94.265,62015.925,38029.175
2026-05-19 09:00:00+00:00,82.08500000000001,61983.425,41001.675
2026-05-19 10:00:00+00:00,73.145,61345.225,42070.125
2026-05-19 11:00:00+00:00,73.7375,60194.925,41619.725
2026-05-19 12:00:00+00:00,79.81,58620.975,39820.6
2026-05-19 13:00:00+00:00,87.57,57695.2,36104.149999999994
2026-05-19 14:00:00+00:00,102.25,57131.8,30963.375
2026-05-19 15:00:00+00:00,127.29249999999999,57202.925,24338.9
2026-05-19 16:00:00+00:00,144.95,58184.725,17145.6
2026-05-19 17:00:00+00:00,172.485,58373.325,11296.55
2026-05-19 18:00:00+00:00,180.9025,56957.75,8736.474999999999
2026-05-19 19:00:00+00:00,163.63,54791.3,9552.775
2026-05-19 20:00:00+00:00,145.545,51509.925,11268.2
2026-05-19 21:00:00+00:00,131.8025,48457.375,12780.25
2026-05-19 22:00:00+00:00,123.72999999999999,45064.925,14397.025
2026-05-19 23:00:00+00:00,114.635,43791.325,15261.925
2026-05-20 00:00:00+00:00,109.7525,43131.275,15887.099999999999
2026-05-20 01:00:00+00:00,109.9725,42895.175,16313.1
2026-05-20 02:00:00+00:00,110.41,44539.05,16497.775
2026-05-20 03:00:00+00:00,119.05,47460.925,16502.425
2026-05-20 04:00:00+00:00,134.9875,53419.575,17802.575
2026-05-20 05:00:00+00:00,136.975,58800.725,20938.65
2026-05-20 06:00:00+00:00,125.51249999999999,61007.274999999994,25426.55
2026-05-20 07:00:00+00:00,109.06,61642.9,31117.95
2026-05-20 08:00:00+00:00,89.7,61943.35,36441.475
2026-05-20 09:00:00+00:00,75.46249999999999,62266.3,40093.95
2026-05-20 10:00:00+00:00,64.005,61523.4,42559.549999999996
2026-05-20 11:00:00+00:00,44.997499999999995,59125.1,44022.575
2026-05-20 12:00:00+00:00,33.5125,57967.5,44582.0
2026-05-20 13:00:00+00:00,45.660000000000004,57272.875,43445.575
2026-05-20 14:00:00+00:00,65.01,57558.85,39717.425
2026-05-20 15:00:00+00:00,99.3975,57776.3,33353.55
2026-05-20 16:00:00+00:00,130.2125,57486.925,24953.55
2026-05-20 17:00:00+00:00,149.5675,57519.225,16237.95
2026-05-20 18:00:00+00:00,167.92249999999999,55878.35,10525.875
2026-05-20 19:00:00+00:00,165.0,53479.025,8958.525
2026-05-20 20:00:00+00:00,150.02,50071.15,9457.7
2026-05-20 21:00:00+00:00,139.0025,46593.55,10625.625
2026-05-20 22:00:00+00:00,133.0275,43111.125,11739.525
2026-05-20 23:00:00+00:00,121.66,41556.725,12635.025
2026-05-21 00:00:00+00:00,116.02250000000001,40943.45,13212.9
2026-05-21 01:00:00+00:00,113.55,41102.9,13261.9
2026-05-21 02:00:00+00:00,116.01,42214.7,12730.55
2026-05-21 03:00:00+00:00,128.405,45296.95,11986.55
2026-05-21 04:00:00+00:00,142.815,51015.575,13643.525
2026-05-21 05:00:00+00:00,143.6175,55299.025,18877.15
2026-05-21 06:00:00+00:00,131.3875,58606.0,27207.574999999997
2026-05-21 07:00:00+00:00,104.14,59832.75,35624.0
2026-05-21 08:00:00+00:00,81.1975,60739.55,41567.825
2026-05-21 09:00:00+00:00,42.752500000000005,60874.6,45007.9
2026-05-21 10:00:00+00:00,12.1375,60222.85,46880.25
2026-05-21 11:00:00+00:00,7.369999999999999,58879.025,47426.75
2026-05-21 12:00:00+00:00,8.8125,57460.775,46298.5
2026-05-21 13:00:00+00:00,35.2,56773.7,42752.875
2026-05-21 14:00:00+00:00,71.7075,55748.1,37074.375
2026-05-21 15:00:00+00:00,104.995,55933.225,29534.925
2026-05-21 16:00:00+00:00,135.8875,56371.625,20402.2
2026-05-21 17:00:00+00:00,163.35500000000002,56043.925,11641.575
2026-05-21 18:00:00+00:00,204.695,54384.575,6118.975
2026-05-21 19:00:00+00:00,188.41750000000002,51835.175,4382.525
2026-05-21 20:00:00+00:00,166.035,48499.85,4275.225
2026-05-21 21:00:00+00:00,146.39249999999998,45280.175,4140.375
2026-05-21 22:00:00+00:00,144.315,44527.975,3825.475
2026-05-21 23:00:00+00:00,136.9,42881.675,3400.425
2026-05-22 00:00:00+00:00,131.6375,42180.575,3092.175
2026-05-22 01:00:00+00:00,128.95000000000002,42306.850000000006,2904.325
2026-05-22 02:00:00+00:00,131.4975,43241.025,2897.4
2026-05-22 03:00:00+00:00,135.7175,45474.924999999996,3417.825
2026-05-22 04:00:00+00:00,144.35500000000002,50998.55,7172.975
2026-05-22 05:00:00+00:00,138.1775,55021.8,15364.275000000001
2026-05-22 06:00:00+00:00,123.135,58500.05,26346.550000000003
2026-05-22 07:00:00+00:00,91.8825,59569.925,36866.25
2026-05-22 08:00:00+00:00,42.48,59547.55,44697.424999999996
2026-05-22 09:00:00+00:00,3.94,58479.375,48884.7
2026-05-22 10:00:00+00:00,0.005,57718.05,50366.649999999994
2026-05-22 11:00:00+00:00,0.0,56246.35,49754.275
2026-05-22 12:00:00+00:00,1.0,54600.825,47404.2
2026-05-22 13:00:00+00:00,20.305,53983.2,42889.675
2026-05-22 14:00:00+00:00,70.24,53535.975000000006,36538.75
2026-05-22 15:00:00+00:00,104.195,54178.875,27678.85
2026-05-22 16:00:00+00:00,134.95,54589.0,17249.35
2026-05-22 17:00:00+00:00,161.2225,54332.625,8274.475
2026-05-22 18:00:00+00:00,218.4275,52853.9,3518.5
2026-05-22 19:00:00+00:00,193.6625,50709.575,2766.3
2026-05-22 20:00:00+00:00,154.635,47884.925,3770.8
2026-05-22 21:00:00+00:00,140.735,44959.3,4729.625
2026-05-22 22:00:00+00:00,136.76,42216.25,5732.0
2026-05-22 23:00:00+00:00,130.0,40195.95,6387.375
2026-05-23 00:00:00+00:00,125.8675,39125.225,7044.95
2026-05-23 01:00:00+00:00,125.3675,38834.95,7594.25
2026-05-23 02:00:00+00:00,121.7325,38921.15,8099.025
2026-05-23 03:00:00+00:00,119.26,39296.4,9016.925000000001
2026-05-23 04:00:00+00:00,116.3675,41096.3,12962.625
2026-05-23 05:00:00+00:00,97.08500000000001,43548.025,20989.6
2026-05-23 06:00:00+00:00,49.8625,46939.425,31657.275
2026-05-23 07:00:00+00:00,1.6,49787.975,40885.75
2026-05-23 08:00:00+00:00,-0.3325,50837.7,46246.3
2026-05-23 09:00:00+00:00,-3.9000000000000004,50794.25,49772.6
2026-05-23 10:00:00+00:00,-12.392499999999998,49715.7,51309.525
2026-05-23 11:00:00+00:00,-31.8175,48094.4,51068.35
2026-05-23 12:00:00+00:00,-18.42,46864.125,49041.75
2026-05-23 13:00:00+00:00,-4.0,46008.1,45115.7
2026-05-23 14:00:00+00:00,-0.28750000000000003,46012.025,39099.55
2026-05-23 15:00:00+00:00,44.4475,47086.275,30460.475
2026-05-23 16:00:00+00:00,120.7625,47749.75,19299.449999999997
2026-05-23 17:00:00+00:00,149.6575,47634.35,9812.5
2026-05-23 18:00:00+00:00,174.52,46854.175,4817.175
2026-05-23 19:00:00+00:00,171.065,45301.325,3674.2
2026-05-23 20:00:00+00:00,156.915,43411.95,4352.15
2026-05-23 21:00:00+00:00,144.6525,41046.925,4771.9
2026-05-23 22:00:00+00:00,143.8025,38765.425,3672.05
2026-05-23 23:00:00+00:00,133.3775,36816.9,4055.775
2026-05-24 00:00:00+00:00,136.885,35660.075,4548.775
2026-05-24 01:00:00+00:00,125.44,35100.225,4937.55
2026-05-24 02:00:00+00:00,122.89,34994.425,5041.725
2026-05-24 03:00:00+00:00,117.7225,35204.275,5333.25
2026-05-24 04:00:00+00:00,108.795,35764.025,8402.125
2026-05-24 05:00:00+00:00,88.4625,37776.725,15397.8
2026-05-24 06:00:00+00:00,16.3675,41257.149999999994,25705.0
2026-05-24 07:00:00+00:00,-0.0275,44058.75,36242.75
2026-05-24 08:00:00+00:00,-2.5025,45486.175,44312.725
2026-05-24 09:00:00+00:00,-13.8325,46021.425,48868.85
2026-05-24 10:00:00+00:00,-37.6125,45493.225,50987.100000000006
2026-05-24 11:00:00+00:00,-75.9375,43956.55,51175.875
2026-05-24 12:00:00+00:00,-61.7525,42614.725000000006,49773.425
2026-05-24 13:00:00+00:00,-23.4925,41693.375,46635.825
2026-05-24 14:00:00+00:00,-1.9575,41662.05,41836.225000000006
2026-05-24 15:00:00+00:00,14.375,42615.2,33546.125
2026-05-24 16:00:00+00:00,96.3775,43991.35,22731.824999999997
2026-05-24 17:00:00+00:00,133.2175,44782.375,13452.949999999999
2026-05-24 18:00:00+00:00,151.0175,44714.7,8496.025
2026-05-24 19:00:00+00:00,153.2275,43994.325,7611.6
2026-05-24 20:00:00+00:00,144.42000000000002,42864.375,8007.25
2026-05-24 21:00:00+00:00,132.1,40986.899999999994,7753.75
2026-05-24 22:00:00+00:00,130.8675,37849.2,6719.05
2026-05-24 23:00:00+00:00,125.9825,36299.3,5733.45
2026-05-25 00:00:00+00:00,125.24000000000001,35268.575,4935.725
2026-05-25 01:00:00+00:00,126.0125,34670.975,4217.475
2026-05-25 02:00:00+00:00,129.3125,35255.225,3650.175
2026-05-25 03:00:00+00:00,131.995,35825.1,3817.175
2026-05-25 04:00:00+00:00,130.195,36916.05,7343.825
2026-05-25 05:00:00+00:00,117.8775,39177.475,15555.775000000001
2026-05-25 06:00:00+00:00,77.68,42604.7,27335.475000000002
2026-05-25 07:00:00+00:00,5.0,45117.25,38719.65
2026-05-25 08:00:00+00:00,-0.16749999999999998,46180.875,45889.075
2026-05-25 09:00:00+00:00,-5.2625,46258.475,49980.05
2026-05-25 10:00:00+00:00,-12.7125,45723.525,51731.825
2026-05-25 11:00:00+00:00,-29.294999999999998,44274.0,51842.05
2026-05-25 12:00:00+00:00,-27.1825,43185.85,50270.825
2026-05-25 13:00:00+00:00,-10.049999999999999,42396.45,46729.425
2026-05-25 14:00:00+00:00,-2.915,42714.45,42112.9
2026-05-25 15:00:00+00:00,31.95,43466.15,34253.55
2026-05-25 16:00:00+00:00,118.82249999999999,44355.575,22212.95
2026-05-25 17:00:00+00:00,150.575,44869.15,11991.2
2026-05-25 18:00:00+00:00,172.185,45124.450000000004,6852.375
2026-05-25 19:00:00+00:00,170.25,44940.65,5927.225
2026-05-25 20:00:00+00:00,157.33249999999998,43530.45,6844.0
2026-05-25 21:00:00+00:00,141.025,41615.475,7349.925
2026-05-25 22:00:00+00:00,136.36,40656.8,7961.75
2026-05-25 23:00:00+00:00,125.6475,39209.6,8088.974999999999
2026-05-26 00:00:00+00:00,120.645,38706.25,7985.05
2026-05-26 01:00:00+00:00,121.17999999999999,38702.075,7667.125
2026-05-26 02:00:00+00:00,119.53,40088.075,7263.0
2026-05-26 03:00:00+00:00,128.91,43304.775,7448.3
2026-05-26 04:00:00+00:00,143.105,49920.825,10844.05
2026-05-26 05:00:00+00:00,141.54,54718.125,18475.575
2026-05-26 06:00:00+00:00,122.045,58399.05,29702.9
2026-05-26 07:00:00+00:00,78.8,59786.1,41260.524999999994
2026-05-26 08:00:00+00:00,6.52,60043.325,50832.5
2026-05-26 09:00:00+00:00,-0.0075,59950.35,57151.575
2026-05-26 10:00:00+00:00,-1.825,59472.475,59812.725000000006
2026-05-26 11:00:00+00:00,-2.5,58856.9,59965.65
2026-05-26 12:00:00+00:00,-0.835,57804.65,58468.1
2026-05-26 13:00:00+00:00,-0.015,56884.9,54922.9
2026-05-26 14:00:00+00:00,13.115,56570.475,48749.05
2026-05-26 15:00:00+00:00,89.685,57212.925,38716.5
2026-05-26 16:00:00+00:00,134.7875,57729.475,26759.75
2026-05-26 17:00:00+00:00,185.10250000000002,57698.025,17106.725
2026-05-26 18:00:00+00:00,217.9475,56270.25,12670.05
2026-05-26 19:00:00+00:00,184.785,53982.425,12481.8
2026-05-26 20:00:00+00:00,153.775,50592.675,13968.050000000001
2026-05-26 21:00:00+00:00,130.5325,47174.675,14722.974999999999
2026-05-26 22:00:00+00:00,134.7875,44837.4,15366.5
2026-05-26 23:00:00+00:00,127.5175,43358.575,15573.8
2026-05-27 00:00:00+00:00,120.5425,42469.6,15709.125
2026-05-27 01:00:00+00:00,118.87,42325.525,15854.6
2026-05-27 02:00:00+00:00,119.0475,43195.2,16131.375
2026-05-27 03:00:00+00:00,121.235,45447.7,16853.55
2026-05-27 04:00:00+00:00,134.2,50767.55,19966.675
2026-05-27 05:00:00+00:00,131.1,55504.5,26866.975
2026-05-27 06:00:00+00:00,106.4525,58963.675,36788.225
2026-05-27 07:00:00+00:00,48.235,60497.100000000006,46524.05
2026-05-27 08:00:00+00:00,3.425,61123.25,54194.45
2026-05-27 09:00:00+00:00,-0.27,61376.8,58138.6
2026-05-27 10:00:00+00:00,-1.05,60940.625,60334.225
2026-05-27 11:00:00+00:00,-1.635,59603.85,60595.075
2026-05-27 12:00:00+00:00,-1.645,58181.55,59781.15
2026-05-27 13:00:00+00:00,-1.7025,56979.175,57331.775
2026-05-27 14:00:00+00:00,-0.4225,56291.9,52901.1
2026-05-27 15:00:00+00:00,32.207499999999996,56963.325,46413.47499999999
2026-05-27 16:00:00+00:00,97.8475,57801.925,35583.675
2026-05-27 17:00:00+00:00,136.51749999999998,57574.775,25172.6
2026-05-27 18:00:00+00:00,156.6775,55716.3,18510.8
2026-05-27 19:00:00+00:00,157.53,53392.825,15790.85
2026-05-27 20:00:00+00:00,144.16,49975.4,14837.25
2026-05-27 21:00:00+00:00,133.45499999999998,46349.975,13461.5
2026-05-27 22:00:00+00:00,132.945,44078.525,11131.425
2026-05-27 23:00:00+00:00,129.5375,42615.775,9534.325
2026-05-28 00:00:00+00:00,127.23750000000001,41996.25,8330.375
2026-05-28 01:00:00+00:00,127.3625,41823.95,7378.25
2026-05-28 02:00:00+00:00,130.09,42323.225,6659.025
2026-05-28 03:00:00+00:00,135.5025,44755.525,6756.3
2026-05-28 04:00:00+00:00,148.4525,49792.85,9686.45
2026-05-28 05:00:00+00:00,138.155,54011.1,16786.6
2026-05-28 06:00:00+00:00,123.4025,57567.3,28177.025
2026-05-28 07:00:00+00:00,87.5425,59068.65,39699.475
2026-05-28 08:00:00+00:00,19.3075,59945.225,48314.05
2026-05-28 09:00:00+00:00,0.5675,60053.65,53286.725
2026-05-28 10:00:00+00:00,0.0024999999999999996,59328.525,55267.125
2026-05-28 11:00:00+00:00,-0.0125,57823.55,55390.425
2026-05-28 12:00:00+00:00,0.0,56502.875,53993.625
2026-05-28 13:00:00+00:00,1.2974999999999999,55415.8,50164.175
2026-05-28 14:00:00+00:00,39.645,54485.1,43149.0
2026-05-28 15:00:00+00:00,101.25750000000001,54314.399999999994,33165.35
2026-05-28 16:00:00+00:00,138.25,55070.425,20911.925
2026-05-28 17:00:00+00:00,217.6025,55071.375,10260.625
2026-05-28 18:00:00+00:00,393.935,53442.725,4498.475
2026-05-28 19:00:00+00:00,368.0175,51437.55,2670.65
2026-05-28 20:00:00+00:00,215.75,48658.225,2795.6
2026-05-28 21:00:00+00:00,159.79749999999999,45775.975,2918.5
2026-05-28 22:00:00+00:00,144.4425,44273.4,3234.925
2026-05-28 23:00:00+00:00,133.9275,42713.325,3886.675
2026-05-29 00:00:00+00:00,127.97500000000001,41977.475,4874.5
2026-05-29 01:00:00+00:00,126.1925,42057.774999999994,5840.65
2026-05-29 02:00:00+00:00,125.2775,42640.75,6835.35
2026-05-29 03:00:00+00:00,125.495,44794.975,8499.375
2026-05-29 04:00:00+00:00,131.885,49919.075,13222.775
2026-05-29 05:00:00+00:00,125.995,54091.8,22173.225000000002
2026-05-29 06:00:00+00:00,113.565,57233.45,33769.3
2026-05-29 07:00:00+00:00,71.9075,58721.075,44170.55
2026-05-29 08:00:00+00:00,17.0275,58849.525,51897.3
2026-05-29 09:00:00+00:00,0.29000000000000004,57822.85,56106.7
2026-05-29 10:00:00+00:00,-0.05500000000000001,57021.7,57371.75
2026-05-29 11:00:00+00:00,-0.034999999999999996,55617.725,56646.75
2026-05-29 12:00:00+00:00,0.0,53910.225,54176.575
2026-05-29 13:00:00+00:00,9.41,52975.35,49532.575
2026-05-29 14:00:00+00:00,51.61,52693.925,42762.15
2026-05-29 15:00:00+00:00,103.4075,53955.025,33214.950000000004
2026-05-29 16:00:00+00:00,136.985,54581.2,22482.825
2026-05-29 17:00:00+00:00,174.9475,54777.6,13663.125
2026-05-29 18:00:00+00:00,240.61,52647.35,8971.1
2026-05-29 19:00:00+00:00,201.405,50053.275,8549.5
2026-05-29 20:00:00+00:00,161.70000000000002,47408.525,10312.075
2026-05-29 21:00:00+00:00,145.1925,44671.525,11953.425
2026-05-29 22:00:00+00:00,135.515,43612.4,12843.45
2026-05-29 23:00:00+00:00,128.45,41690.325,13244.45
2026-05-30 00:00:00+00:00,123.77250000000001,40503.975000000006,13133.525
2026-05-30 01:00:00+00:00,121.08500000000001,40010.7,13003.95
2026-05-30 02:00:00+00:00,125.3575,40001.925,12805.8
2026-05-30 03:00:00+00:00,125.045,40519.075,12617.35
2026-05-30 04:00:00+00:00,118.9925,42163.375,14692.400000000001
2026-05-30 05:00:00+00:00,109.095,44642.35,19909.975
2026-05-30 06:00:00+00:00,88.8675,47542.6,28263.65
2026-05-30 07:00:00+00:00,36.682500000000005,49380.625,37660.475
2026-05-30 08:00:00+00:00,2.96,50557.425,45285.825000000004
2026-05-30 09:00:00+00:00,-0.005,50436.225,50336.2
2026-05-30 10:00:00+00:00,-0.052500000000000005,49428.0,53376.799999999996
2026-05-30 11:00:00+00:00,-1.4425,48291.225,54341.775
2026-05-30 12:00:00+00:00,-0.7475,47136.649999999994,53063.75
2026-05-30 13:00:00+00:00,-0.01,46509.55,49818.899999999994
2026-05-30 14:00:00+00:00,3.0075,46252.05,44432.65
2026-05-30 15:00:00+00:00,62.5,46376.850000000006,36598.75
2026-05-30 16:00:00+00:00,107.0075,47419.225,25864.7
2026-05-30 17:00:00+00:00,139.8725,48498.9,15641.75
2026-05-30 18:00:00+00:00,160.52499999999998,47438.8,8975.95
2026-05-30 19:00:00+00:00,171.845,45865.425,6398.7
2026-05-30 20:00:00+00:00,159.4025,44168.05,6341.45
2026-05-30 21:00:00+00:00,143.04000000000002,41912.7,6202.875
2026-05-30 22:00:00+00:00,136.4125,40496.55,5599.8
2026-05-30 23:00:00+00:00,129.10500000000002,38832.5,5007.25
2026-05-31 00:00:00+00:00,125.915,37711.45,4529.1
2026-05-31 01:00:00+00:00,125.19749999999999,37330.875,4089.775
2026-05-31 02:00:00+00:00,126.94999999999999,37523.4,3742.2
2026-05-31 03:00:00+00:00,123.3575,38021.925,4051.7
2026-05-31 04:00:00+00:00,115.0025,39908.075,7219.725
2026-05-31 05:00:00+00:00,100.56,41942.125,13802.0
2026-05-31 06:00:00+00:00,90.4375,44679.3,22030.9
2026-05-31 07:00:00+00:00,56.29,46681.875,29810.0
2026-05-31 08:00:00+00:00,7.5675,48473.575,35589.95
2026-05-31 09:00:00+00:00,0.0,48893.65,38786.525
2026-05-31 10:00:00+00:00,-0.005,48502.575,40310.0
2026-05-31 11:00:00+00:00,-0.01,47645.950000000004,40761.175
2026-05-31 12:00:00+00:00,-0.01,46324.65,39655.55
2026-05-31 13:00:00+00:00,0.0,45393.7,36856.0
2026-05-31 14:00:00+00:00,49.002500000000005,45589.825,32343.7
2026-05-31 15:00:00+00:00,95.925,46468.1,26032.75
2026-05-31 16:00:00+00:00,127.265,47856.75,19268.3
2026-05-31 17:00:00+00:00,141.37,49335.975,13379.225
2026-05-31 18:00:00+00:00,152.7625,48934.85,9640.025
2026-05-31 19:00:00+00:00,156.035,47582.475,8503.974999999999
2026-05-31 20:00:00+00:00,153.1275,46044.675,8443.8
2026-05-31 21:00:00+00:00,145.3475,43846.575,8357.825
2026-05-31 22:00:00+00:00,141.0075,41047.6,7627.175
2026-05-31 23:00:00+00:00,128.255,39752.125,7292.924999999999
2026-06-01 00:00:00+00:00,123.1375,39327.05,7151.1
2026-06-01 01:00:00+00:00,120.295,39675.575,6999.075
2026-06-01 02:00:00+00:00,124.4875,41285.174999999996,6799.450000000001
2026-06-01 03:00:00+00:00,135.0925,45776.25,6907.375
2026-06-01 04:00:00+00:00,164.03,52975.25,9107.900000000001
2026-06-01 05:00:00+00:00,160.0,57379.9,14175.0
2026-06-01 06:00:00+00:00,151.715,60062.325,22103.875
2026-06-01 07:00:00+00:00,133.2,60396.45,31094.325
2026-06-01 08:00:00+00:00,117.66,60874.875,38321.825
2026-06-01 09:00:00+00:00,108.1425,60911.825,43081.6
2026-06-01 10:00:00+00:00,93.08250000000001,60694.175,45559.225
2026-06-01 11:00:00+00:00,89.9075,59381.025,45741.45
2026-06-01 12:00:00+00:00,87.44749999999999,58150.075,44417.8
2026-06-01 13:00:00+00:00,95.0975,57647.15,40563.625
2026-06-01 14:00:00+00:00,106.735,57535.925,34373.5
2026-06-01 15:00:00+00:00,125.2425,58022.775,26095.25
2026-06-01 16:00:00+00:00,141.4575,58422.025,16737.9
2026-06-01 17:00:00+00:00,226.6125,58017.8,8387.575
2026-06-01 18:00:00+00:00,355.2525,56567.75,3013.675
2026-06-01 19:00:00+00:00,333.3675,53892.85,1333.15
2026-06-01 20:00:00+00:00,222.5025,50815.15,1981.975
2026-06-01 21:00:00+00:00,161.025,48307.25,3168.65
2026-06-01 22:00:00+00:00,142.065,45342.3,5782.575
2026-06-01 23:00:00+00:00,131.7225,43631.525,7704.0
2026-06-02 00:00:00+00:00,125.08500000000001,42942.15,9362.5
2026-06-02 01:00:00+00:00,120.91499999999999,43021.5,10485.7
2026-06-02 02:00:00+00:00,120.6275,44202.225,11209.25
2026-06-02 03:00:00+00:00,124.215,46746.625,12416.3
2026-06-02 04:00:00+00:00,131.0275,52202.700000000004,16320.575
2026-06-02 05:00:00+00:00,131.79500000000002,57032.6,22577.675000000003
2026-06-02 06:00:00+00:00,121.0825,59790.95,29428.25
2026-06-02 07:00:00+00:00,105.41,60171.0,35949.975
2026-06-02 08:00:00+00:00,90.515,60887.5,41491.375
2026-06-02 09:00:00+00:00,84.69999999999999,60348.175,45152.15
2026-06-02 10:00:00+00:00,80.2925,60205.25,46690.424999999996
2026-06-02 11:00:00+00:00,84.9575,59491.95,45542.175
2026-06-02 12:00:00+00:00,90.7825,57951.5,42278.049999999996
2026-06-02 13:00:00+00:00,99.7375,57052.45,37319.625
2026-06-02 14:00:00+00:00,112.2475,57008.0,31488.3
2026-06-02 15:00:00+00:00,131.1375,57565.825,25224.2
2026-06-02 16:00:00+00:00,146.97750000000002,58566.15,19518.475
2026-06-02 17:00:00+00:00,167.9375,58472.6,15329.575
2026-06-02 18:00:00+00:00,167.2725,57165.425,13197.3
2026-06-02 19:00:00+00:00,152.325,54751.775,13748.1
2026-06-02 20:00:00+00:00,140.435,51427.625,15304.0
2026-06-02 21:00:00+00:00,125.23750000000001,48769.975,16296.175
2026-06-02 22:00:00+00:00,116.3,46519.075,19319.675000000003
2026-06-02 23:00:00+00:00,111.895,45169.6,18973.55
2026-06-03 00:00:00+00:00,108.0175,44450.425,18443.1
2026-06-03 01:00:00+00:00,107.3,44135.2,17914.875
2026-06-03 02:00:00+00:00,107.19,45427.125,17617.9
2026-06-03 03:00:00+00:00,113.275,48026.7,17840.975
2026-06-03 04:00:00+00:00,130.7375,54084.925,20014.75
2026-06-03 05:00:00+00:00,136.82999999999998,59374.15,24533.65
2026-06-03 06:00:00+00:00,131.0775,61315.025,30970.675000000003
2026-06-03 07:00:00+00:00,112.1475,61853.525,37838.375
2026-06-03 08:00:00+00:00,94.0925,62912.5,43352.925
2026-06-03 09:00:00+00:00,80.2475,62829.075,47346.925
2026-06-03 10:00:00+00:00,58.17,62390.8,49978.65
2026-06-03 11:00:00+00:00,37.8325,60943.75,51418.775
2026-06-03 12:00:00+00:00,38.0425,59662.25,51304.95
2026-06-03 13:00:00+00:00,47.1,58489.65,49166.3
2026-06-03 14:00:00+00:00,76.9,58448.05,44483.625
2026-06-03 15:00:00+00:00,95.5325,58348.65,37466.125
2026-06-03 16:00:00+00:00,122.1875,58378.15,28696.875
2026-06-03 17:00:00+00:00,138.3675,58262.85,20083.4
2026-06-03 18:00:00+00:00,146.2375,57208.075,15076.475
2026-06-03 19:00:00+00:00,133.42000000000002,54686.05,15945.525
2026-06-03 20:00:00+00:00,120.9525,51756.75,20301.875
2026-06-03 21:00:00+00:00,99.4075,48300.85,24617.275
2026-06-03 22:00:00+00:00,86.205,44862.625,30167.125
2026-06-03 23:00:00+00:00,75.4875,42803.9,31841.85
2026-06-04 00:00:00+00:00,66.92,41856.775,32355.5
2026-06-04 01:00:00+00:00,67.4725,41323.675,32124.825
2026-06-04 02:00:00+00:00,68.2925,41260.375,31322.175
2026-06-04 03:00:00+00:00,71.185,42014.675,30861.4
2026-06-04 04:00:00+00:00,73.97,43995.350000000006,32959.525
2026-06-04 05:00:00+00:00,87.08,46289.675,36730.575
2026-06-04 06:00:00+00:00,75.62,49292.5,42008.125
2026-06-04 07:00:00+00:00,34.125,51488.35,48731.55
2026-06-04 08:00:00+00:00,4.79,52673.0,53224.375
2026-06-04 09:00:00+00:00,-0.0025,53156.85,55076.975
2026-06-04 10:00:00+00:00,-0.025,52605.175,55752.375
2026-06-04 11:00:00+00:00,-0.0475,51433.275,55182.95
2026-06-04 12:00:00+00:00,-0.035,50484.375,53908.15
2026-06-04 13:00:00+00:00,1.6175,49871.4,50410.825
2026-06-04 14:00:00+00:00,28.6375,49715.35,45959.65
2026-06-04 15:00:00+00:00,70.1525,50707.75,40672.075
2026-06-04 16:00:00+00:00,101.5025,51708.4,35480.375
2026-06-04 17:00:00+00:00,114.165,51596.275,31128.425
2026-06-04 18:00:00+00:00,117.9625,51351.65,28133.775
2026-06-04 19:00:00+00:00,115.3725,49990.875,27497.95
2026-06-04 20:00:00+00:00,111.69,48275.85,27786.7
2026-06-04 21:00:00+00:00,100.05,45962.95,28767.7
2026-06-04 22:00:00+00:00,80.695,43919.0,29679.4
2026-06-04 23:00:00+00:00,79.44749999999999,42461.85,29322.275
2026-06-05 00:00:00+00:00,83.44749999999999,41561.7,28054.25
2026-06-05 01:00:00+00:00,85.025,41368.85,26340.35
2026-06-05 02:00:00+00:00,89.8325,42282.15,24376.275
2026-06-05 03:00:00+00:00,97.2575,44324.75,23020.15
2026-06-05 04:00:00+00:00,114.8975,47295.8,23966.025
2026-06-05 05:00:00+00:00,118.6175,50475.85,27309.6
2026-06-05 06:00:00+00:00,113.8175,53996.975,33183.149999999994
2026-06-05 07:00:00+00:00,98.3,55877.25,39772.8
2026-06-05 08:00:00+00:00,86.115,56685.45,44774.825
2026-06-05 09:00:00+00:00,70.825,56988.675,47766.625
2026-06-05 10:00:00+00:00,45.205,56324.325,49467.9
2026-06-05 11:00:00+00:00,34.1775,55171.425,49851.475000000006
2026-06-05 12:00:00+00:00,27.2,54468.7,48835.725
2026-06-05 13:00:00+00:00,38.01,53810.375,46096.2
2026-06-05 14:00:00+00:00,72.555,53744.95,41134.525
2026-06-05 15:00:00+00:00,104.2525,54101.875,33088.15
2026-06-05 16:00:00+00:00,128.9025,54059.3,22627.75
2026-06-05 17:00:00+00:00,150.4975,53566.225,12387.725
2026-06-05 18:00:00+00:00,179.0775,52411.7,5388.4
2026-06-05 19:00:00+00:00,189.355,50459.625,2361.1
2026-06-05 20:00:00+00:00,169.135,48036.275,1989.525
2026-06-05 21:00:00+00:00,152.06,45386.175,1973.925
2026-06-05 22:00:00+00:00,148.2425,43124.625,1819.375
2026-06-05 23:00:00+00:00,137.18,41512.425,1788.65
2026-06-06 00:00:00+00:00,134.79,40257.375,1783.25
2026-06-06 01:00:00+00:00,116.1675,39722.375,1733.3
2026-06-06 02:00:00+00:00,130.1825,39919.45,1780.725
2026-06-06 03:00:00+00:00,126.035,40568.125,2758.45
2026-06-06 04:00:00+00:00,117.69,42209.3,6907.325000000001
2026-06-06 05:00:00+00:00,102.315,44172.3,14675.4
2026-06-06 06:00:00+00:00,81.0175,46748.9,24200.3
2026-06-06 07:00:00+00:00,50.0,48867.25,32332.575
2026-06-06 08:00:00+00:00,14.7425,49906.3,37910.875
2026-06-06 09:00:00+00:00,0.0325,49983.2,40808.775
2026-06-06 10:00:00+00:00,-0.03,49672.6,41750.775
2026-06-06 11:00:00+00:00,-0.025,48790.225,41224.2
2026-06-06 12:00:00+00:00,0.0225,47447.75,39525.225
2026-06-06 13:00:00+00:00,9.51,46444.325,36451.175
2026-06-06 14:00:00+00:00,46.105,46581.475,31826.725
2026-06-06 15:00:00+00:00,93.2825,47094.8,25492.65
2026-06-06 16:00:00+00:00,121.7875,47833.225,18381.775
2026-06-06 17:00:00+00:00,133.85,48849.6,12563.125
2026-06-06 18:00:00+00:00,152.4325,48232.8,9427.475
2026-06-06 19:00:00+00:00,150.9225,46631.15,9286.775
2026-06-06 20:00:00+00:00,134.3275,44969.775,11367.25
2026-06-06 21:00:00+00:00,121.5425,42884.15,13739.375
2026-06-06 22:00:00+00:00,110.7,41188.1,15862.525
2026-06-06 23:00:00+00:00,99.5125,39526.6,17695.725
2026-06-07 00:00:00+00:00,92.2075,38492.725,19398.8
2026-06-07 01:00:00+00:00,81.41499999999999,38223.525,21017.45
2026-06-07 02:00:00+00:00,67.0125,38466.675,22529.225
2026-06-07 03:00:00+00:00,39.21,39292.525,24237.075
2026-06-07 04:00:00+00:00,5.0475,40615.45,27862.875
2026-06-07 05:00:00+00:00,0.46,42213.55,33211.175
2026-06-07 06:00:00+00:00,-0.5525,45144.15,39151.3
2026-06-07 07:00:00+00:00,-5.05,47514.75,46440.675
2026-06-07 08:00:00+00:00,-8.0,49165.5,50336.25
2026-06-07 09:00:00+00:00,-14.0525,50021.4,51869.5
2026-06-07 10:00:00+00:00,-18.2625,49570.675,52285.25
2026-06-07 11:00:00+00:00,-35.9375,48522.75,52125.225000000006
2026-06-07 12:00:00+00:00,-44.7375,47278.5,51436.525
2026-06-07 13:00:00+00:00,-36.47,46491.475,50417.025
2026-06-07 14:00:00+00:00,-15.96,46399.825,48908.3
2026-06-07 15:00:00+00:00,-1.135,47289.425,44234.45
2026-06-07 16:00:00+00:00,53.625,48997.375,36737.8
2026-06-07 17:00:00+00:00,108.0025,49587.475,25205.35
2026-06-07 18:00:00+00:00,128.26749999999998,48858.275,16584.925
2026-06-07 19:00:00+00:00,137.1375,47395.3,11562.9
2026-06-07 20:00:00+00:00,141.1875,45742.325,9661.025
2026-06-07 21:00:00+00:00,140.3425,43648.625,8684.025
2026-06-07 22:00:00+00:00,140.43,41644.725,6377.475
2026-06-07 23:00:00+00:00,134.2375,40519.75,5881.575
2026-06-08 00:00:00+00:00,132.71,39902.35,5859.975
2026-06-08 01:00:00+00:00,127.67,40174.6,6231.225
2026-06-08 02:00:00+00:00,130.175,41621.975,6766.55
2026-06-08 03:00:00+00:00,138.5625,45617.225,7979.8
2026-06-08 04:00:00+00:00,150.675,52476.075,12058.45
2026-06-08 05:00:00+00:00,145.675,57320.825,19448.625
2026-06-08 06:00:00+00:00,124.875,59910.725,29085.3
2026-06-08 07:00:00+00:00,100.9025,60538.35,37845.575
2026-06-08 08:00:00+00:00,75.91499999999999,61325.55,44592.675
2026-06-08 09:00:00+00:00,55.6425,61425.625,48213.775
2026-06-08 10:00:00+00:00,54.4825,61310.925,48918.4
2026-06-08 11:00:00+00:00,55.2175,60509.425,47184.350000000006
2026-06-08 12:00:00+00:00,68.67,59363.3,43869.275
2026-06-08 13:00:00+00:00,88.8525,58515.475,38831.6
2026-06-08 14:00:00+00:00,102.58,57930.850000000006,32577.8
2026-06-08 15:00:00+00:00,128.875,58067.425,25601.6
2026-06-08 16:00:00+00:00,151.32999999999998,59219.75,18842.575
2026-06-08 17:00:00+00:00,199.3225,59133.825,13810.85
2026-06-08 18:00:00+00:00,208.9025,57757.475,11144.45
2026-06-08 19:00:00+00:00,185.75,55303.975,11409.8
2026-06-08 20:00:00+00:00,152.3675,52331.825,13365.975
2026-06-08 21:00:00+00:00,128.20499999999998,49804.7,15006.825
2026-06-08 22:00:00+00:00,129.0125,47568.425,17405.625
2026-06-08 23:00:00+00:00,122.1575,45551.25,18641.85
2026-06-09 00:00:00+00:00,115.5,44615.725,19645.15
2026-06-09 01:00:00+00:00,111.2175,44549.925,20530.275
2026-06-09 02:00:00+00:00,110.475,45558.525,21391.7
2026-06-09 03:00:00+00:00,115.8425,48000.925,22005.05
2026-06-09 04:00:00+00:00,130.1525,53562.575,23921.825
2026-06-09 05:00:00+00:00,134.6325,57838.525,27158.775
2026-06-09 06:00:00+00:00,126.89,60906.975,31949.2
2026-06-09 07:00:00+00:00,107.0,61345.325,37919.675
2026-06-09 08:00:00+00:00,82.33500000000001,61834.5,43630.85
2026-06-09 09:00:00+00:00,60.9,61020.45,48620.275
2026-06-09 10:00:00+00:00,25.215,60725.375,52342.975
2026-06-09 11:00:00+00:00,3.5325,59975.55,54445.025
2026-06-09 12:00:00+00:00,0.145,58663.8,55450.05
2026-06-09 13:00:00+00:00,1.52,58085.475000000006,53977.4
2026-06-09 14:00:00+00:00,30.585,58144.65,50248.05
2026-06-09 15:00:00+00:00,75.72749999999999,58711.375,43353.75
2026-06-09 16:00:00+00:00,118.5475,59413.2,32944.6
2026-06-09 17:00:00+00:00,137.3,58955.725,22557.45
2026-06-09 18:00:00+00:00,153.73000000000002,57393.175,15276.25
2026-06-09 19:00:00+00:00,156.275,54921.1,12127.250000000002
2026-06-09 20:00:00+00:00,144.9925,51988.475,12508.0
2026-06-09 21:00:00+00:00,131.3075,49244.575,13659.3
2026-06-09 22:00:00+00:00,124.9125,46337.1,16145.675
2026-06-09 23:00:00+00:00,116.9025,45137.725,16964.9
2026-06-10 00:00:00+00:00,111.1275,44462.575,17239.7
2026-06-10 01:00:00+00:00,111.3075,44341.05,17117.95
2026-06-10 02:00:00+00:00,113.24,45592.625,16725.75
2026-06-10 03:00:00+00:00,118.7525,48215.075,16854.625
2026-06-10 04:00:00+00:00,131.89249999999998,53287.05,18843.525
2026-06-10 05:00:00+00:00,136.8075,58165.45,22683.0
2026-06-10 06:00:00+00:00,126.6525,60226.55,28946.85
2026-06-10 07:00:00+00:00,104.6025,60575.5,35365.75
2026-06-10 08:00:00+00:00,86.5575,61369.375,40286.175
2026-06-10 09:00:00+00:00,73.0575,60948.8,42825.85
2026-06-10 10:00:00+00:00,68.67750000000001,60537.65,43549.325
2026-06-10 11:00:00+00:00,71.5675,59174.3,42389.875
2026-06-10 12:00:00+00:00,77.825,58036.45,40112.05
2026-06-10 13:00:00+00:00,86.625,57146.925,36300.65
2026-06-10 14:00:00+00:00,103.4525,57249.25,31308.975
2026-06-10 15:00:00+00:00,125.4,57588.125,24974.325
2026-06-10 16:00:00+00:00,140.525,57845.4,18221.075
2026-06-10 17:00:00+00:00,170.9675,57561.975,11808.175
2026-06-10 18:00:00+00:00,213.98,56732.25,7097.875000000001
2026-06-10 19:00:00+00:00,204.9975,54277.2,4812.275
2026-06-10 20:00:00+00:00,168.635,51469.075,4678.375
2026-06-10 21:00:00+00:00,151.75,48478.5,4911.775
2026-06-10 22:00:00+00:00,140.7325,46108.075,5251.35
2026-06-10 23:00:00+00:00,133.4875,44431.725,5600.625
2026-06-11 00:00:00+00:00,126.195,43698.2,6039.55
2026-06-11 01:00:00+00:00,125.7575,43663.275,6420.75
2026-06-11 02:00:00+00:00,126.045,44320.350000000006,6773.85
2026-06-11 03:00:00+00:00,126.6625,46339.275,7506.725
2026-06-11 04:00:00+00:00,138.32999999999998,52311.55,10393.3
2026-06-11 05:00:00+00:00,138.7975,57804.35,15781.75
2026-06-11 06:00:00+00:00,126.64,60958.4,23479.2
2026-06-11 07:00:00+00:00,103.7975,61814.8,31392.6
2026-06-11 08:00:00+00:00,90.5425,62209.600000000006,37576.075
2026-06-11 09:00:00+00:00,76.9725,62710.875,41858.675
2026-06-11 10:00:00+00:00,60.2725,62179.9,44801.05
2026-06-11 11:00:00+00:00,45.31,61094.75,46631.3
2026-06-11 12:00:00+00:00,31.58,59272.175,47392.6
2026-06-11 13:00:00+00:00,51.025,58117.6,45553.525
2026-06-11 14:00:00+00:00,78.4675,57729.0,40915.35
2026-06-11 15:00:00+00:00,101.5975,58261.625,33516.8
2026-06-11 16:00:00+00:00,127.98,59019.2,24608.65
2026-06-11 17:00:00+00:00,146.235,58862.6,15954.2
2026-06-11 18:00:00+00:00,174.85750000000002,57381.6,9780.925
2026-06-11 19:00:00+00:00,164.9425,55069.175,7271.2
2026-06-11 20:00:00+00:00,137.2325,52225.95,7963.925
2026-06-11 21:00:00+00:00,116.0625,49287.675,10062.1
2026-06-11 22:00:00+00:00,116.895,46981.175,12248.625
2026-06-11 23:00:00+00:00,102.0125,45282.925,15156.525
2026-06-12 00:00:00+00:00,94.505,44131.325,17246.675
2026-06-12 01:00:00+00:00,92.0525,43902.425,18315.225
2026-06-12 02:00:00+00:00,93.0475,45040.975,18702.05
2026-06-12 03:00:00+00:00,96.0775,48001.975,19167.5
2026-06-12 04:00:00+00:00,117.7575,53586.9,21155.3
2026-06-12 05:00:00+00:00,122.655,58175.475000000006,24051.425
2026-06-12 06:00:00+00:00,127.34,61234.55,27276.525
2026-06-12 07:00:00+00:00,117.405,62130.95,30858.2
2026-06-12 08:00:00+00:00,102.1,62437.9,34373.274999999994
2026-06-12 09:00:00+00:00,90.51,61667.15,37219.525
2026-06-12 10:00:00+00:00,81.005,60853.0,39711.45
2026-06-12 11:00:00+00:00,70.1325,59563.775,42154.45
2026-06-12 12:00:00+00:00,60.370000000000005,57676.7,44370.35
2026-06-12 13:00:00+00:00,56.0475,56919.25,44533.6
2026-06-12 14:00:00+00:00,68.2675,56406.425,43216.325
2026-06-12 15:00:00+00:00,78.8725,56913.825,39567.15
2026-06-12 16:00:00+00:00,103.65,57616.45,33848.725
2026-06-12 17:00:00+00:00,115.8725,57392.5,27751.525
2026-06-12 18:00:00+00:00,110.665,55999.825,23191.95
2026-06-12 19:00:00+00:00,109.81,53745.1,21455.45
2026-06-12 20:00:00+00:00,111.1225,50978.7,21281.375
2026-06-12 21:00:00+00:00,100.8975,47993.225,21739.6
2026-06-12 22:00:00+00:00,87.085,44021.85,23179.05
2026-06-12 23:00:00+00:00,74.045,41982.875,23657.775
2026-06-13 00:00:00+00:00,65.85249999999999,40790.75,24023.225
2026-06-13 01:00:00+00:00,63.835,40286.95,24626.025
2026-06-13 02:00:00+00:00,65.5575,40381.075,25075.425
2026-06-13 03:00:00+00:00,53.795,41035.475,26151.975
2026-06-13 04:00:00+00:00,31.63,42961.85,30086.375
2026-06-13 05:00:00+00:00,13.655,45192.05,36297.075
2026-06-13 06:00:00+00:00,0.3274999999999999,47777.125,43088.25
2026-06-13 07:00:00+00:00,-1.1075,50231.5,47152.875
2026-06-13 08:00:00+00:00,-4.9175,51285.15,52009.7
2026-06-13 09:00:00+00:00,-15.695,51266.375,54780.625
2026-06-13 10:00:00+00:00,-27.4225,51062.725,56787.975
2026-06-13 11:00:00+00:00,-45.8675,50056.7,58202.275
2026-06-13 12:00:00+00:00,-44.9975,48579.9,58151.225000000006
2026-06-13 13:00:00+00:00,-31.54,47616.125,55891.45
2026-06-13 14:00:00+00:00,-19.17,48033.925,53155.4
2026-06-13 15:00:00+00:00,-4.215,48469.175,50937.05
2026-06-13 16:00:00+00:00,-0.5475000000000001,49165.9,47566.6
2026-06-13 17:00:00+00:00,33.410000000000004,49383.0,45253.725
2026-06-13 18:00:00+00:00,72.25500000000001,48547.025,38149.725
2026-06-13 19:00:00+00:00,87.16,47047.625,34039.825
2026-06-13 20:00:00+00:00,102.485,45117.850000000006,31416.5
2026-06-13 21:00:00+00:00,88.0,42786.125,30517.275
2026-06-13 22:00:00+00:00,67.7875,41280.45,29858.925000000003
2026-06-13 23:00:00+00:00,49.44,39579.225,29985.225
2026-06-14 00:00:00+00:00,34.0775,38608.95,29889.25
2026-06-14 01:00:00+00:00,28.0725,38226.075,30100.65
2026-06-14 02:00:00+00:00,26.5725,38254.525,30343.725
2026-06-14 03:00:00+00:00,21.3675,39377.925,30976.9
2026-06-14 04:00:00+00:00,7.74,40885.975,34559.25
2026-06-14 05:00:00+00:00,0.4599999999999999,42968.1,40496.15
2026-06-14 06:00:00+00:00,-0.3475,45694.025,44250.75
2026-06-14 07:00:00+00:00,-2.8325,48292.0,49265.1
2026-06-14 08:00:00+00:00,-6.37,50105.05,51476.350000000006
2026-06-14 09:00:00+00:00,-9.2875,50944.45,52760.55
2026-06-14 10:00:00+00:00,-14.9925,50609.525,54100.6
2026-06-14 11:00:00+00:00,-23.4225,49321.25,54624.525
2026-06-14 12:00:00+00:00,-25.0,48095.775,54771.275
2026-06-14 13:00:00+00:00,-20.0,47069.275,53228.775
2026-06-14 14:00:00+00:00,-9.2025,46997.3,51068.95
2026-06-14 15:00:00+00:00,-1.745,47768.975,49449.55
2026-06-14 16:00:00+00:00,5.28,48691.325,48453.6
2026-06-14 17:00:00+00:00,62.0825,49463.925,41917.45
2026-06-14 18:00:00+00:00,94.88,49454.9,34894.95
2026-06-14 19:00:00+00:00,102.6275,48758.525,30858.725
2026-06-14 20:00:00+00:00,112.28,47234.125,28622.925
2026-06-14 21:00:00+00:00,103.395,44896.3,27621.375
2026-06-14 22:00:00+00:00,101.4325,42577.8,27173.975
2026-06-14 23:00:00+00:00,92.91,41213.75,26877.125
2026-06-15 00:00:00+00:00,85.375,40714.025,26909.075
2026-06-15 01:00:00+00:00,83.7475,40988.85,27097.25
2026-06-15 02:00:00+00:00,84.3875,42254.75,27298.05
2026-06-15 03:00:00+00:00,91.405,46189.8,27990.1
2026-06-15 04:00:00+00:00,105.6925,52972.35,31770.2
2026-06-15 05:00:00+00:00,107.3925,57983.825,37819.275
2026-06-15 06:00:00+00:00,91.44,61510.275,45792.15
2026-06-15 07:00:00+00:00,63.6525,62830.275,53535.625
2026-06-15 08:00:00+00:00,21.5575,63243.0,57880.425
2026-06-15 09:00:00+00:00,1.0075,63341.675,60848.25
2026-06-15 10:00:00+00:00,-0.0275,62867.625,62705.975
2026-06-15 11:00:00+00:00,-1.4825,62385.125,63474.375
2026-06-15 12:00:00+00:00,-2.9025,61327.55,63378.6
2026-06-15 13:00:00+00:00,-0.9325,60815.6,61666.45
2026-06-15 14:00:00+00:00,-0.015,60351.425,58515.175
2026-06-15 15:00:00+00:00,43.6775,61114.425,53922.425
2026-06-15 16:00:00+00:00,91.4525,60738.275,44955.25
2026-06-15 17:00:00+00:00,129.0825,59761.95,33315.2
2026-06-15 18:00:00+00:00,148.695,57554.725,23979.5
2026-06-15 19:00:00+00:00,156.26,54896.025,18113.75
2026-06-15 20:00:00+00:00,153.7925,51861.275,15323.625
2026-06-15 21:00:00+00:00,134.755,48981.75,13641.65
2026-06-15 22:00:00+00:00,122.8275,46177.75,11459.1
2026-06-15 23:00:00+00:00,117.3175,44291.425,10281.25
2026-06-16 00:00:00+00:00,113.775,43609.6,9483.775
2026-06-16 01:00:00+00:00,110.9925,43657.475,8823.95
2026-06-16 02:00:00+00:00,111.24,44682.625,8314.125
2026-06-16 03:00:00+00:00,115.1225,47211.375,8708.95
2026-06-16 04:00:00+00:00,127.9925,52616.075,11844.2
2026-06-16 05:00:00+00:00,131.695,57443.125,17535.825
2026-06-16 06:00:00+00:00,126.315,61005.5,24043.3
2026-06-16 07:00:00+00:00,109.5025,62037.275,29547.025
2026-06-16 08:00:00+00:00,85.98,62623.625,33975.675
2026-06-16 09:00:00+00:00,80.5375,62405.825,37163.175
2026-06-16 10:00:00+00:00,66.4975,61477.4,39246.325
2026-06-16 11:00:00+00:00,54.255,61050.325,40302.3
2026-06-16 12:00:00+00:00,50.7325,59598.1,40160.925
2026-06-16 13:00:00+00:00,60.22,59194.3,38048.35
2026-06-16 14:00:00+00:00,81.4575,58773.075,34275.575
2026-06-16 15:00:00+00:00,109.7225,59305.025,28663.2
2026-06-16 16:00:00+00:00,127.11,59306.4,21154.95
2026-06-16 17:00:00+00:00,148.1175,58451.075,13454.35
2026-06-16 18:00:00+00:00,174.1025,56583.35,7996.85
2026-06-16 19:00:00+00:00,181.42,54054.4,5440.675
2026-06-16 20:00:00+00:00,163.86,50873.0,4994.724999999999
2026-06-16 21:00:00+00:00,143.10750000000002,48084.775,4720.45
2026-06-16 22:00:00+00:00,141.23000000000002,45518.225,4388.525
2026-06-16 23:00:00+00:00,135.39249999999998,43858.425,3680.725
2026-06-17 00:00:00+00:00,129.32999999999998,42964.325,3167.25
2026-06-17 01:00:00+00:00,127.54,42532.35,2737.8
2026-06-17 02:00:00+00:00,127.415,43675.475,2465.6
2026-06-17 03:00:00+00:00,128.045,46305.875,3008.225
2026-06-17 04:00:00+00:00,140.265,52300.475,6610.2
2026-06-17 05:00:00+00:00,136.675,57503.75,13336.275
2026-06-17 06:00:00+00:00,121.755,60783.95,21885.225
2026-06-17 07:00:00+00:00,105.795,61653.225,30613.525
2026-06-17 08:00:00+00:00,88.245,61975.6,37821.925
2026-06-17 09:00:00+00:00,78.4875,61934.6,42568.5
2026-06-17 10:00:00+00:00,72.23,60996.225,44963.15
2026-06-17 11:00:00+00:00,62.7925,60104.875,45055.525
2026-06-17 12:00:00+00:00,66.2575,58443.575,43771.7
2026-06-17 13:00:00+00:00,75.975,57992.6,40944.05
2026-06-17 14:00:00+00:00,88.0925,57416.675,36747.075
2026-06-17 15:00:00+00:00,106.425,58023.55,30735.375
2026-06-17 16:00:00+00:00,120.7375,58406.025,23233.3
2026-06-17 17:00:00+00:00,142.5575,58035.5,15612.225
2026-06-17 18:00:00+00:00,162.39,56933.55,9892.85
2026-06-17 19:00:00+00:00,164.115,54784.975,7004.775
2026-06-17 20:00:00+00:00,158.61,51657.725,6518.349999999999
2026-06-17 21:00:00+00:00,142.7375,48088.2,6405.725
2026-06-17 22:00:00+00:00,135.2575,44030.5,6187.8
2026-06-17 23:00:00+00:00,125.7275,42337.75,6199.175
2026-06-18 00:00:00+00:00,121.8625,41378.15,6431.125
2026-06-18 01:00:00+00:00,119.685,41279.3,6634.65
2026-06-18 02:00:00+00:00,119.3125,41986.725,6632.8
2026-06-18 03:00:00+00:00,127.09,44232.925,7089.625
2026-06-18 04:00:00+00:00,135.3,50117.15,10444.325
2026-06-18 05:00:00+00:00,135.265,55022.75,16955.2
2026-06-18 06:00:00+00:00,118.7325,58100.875,26224.375
2026-06-18 07:00:00+00:00,101.715,59048.225,36252.25
2026-06-18 08:00:00+00:00,75.135,59592.075,44681.65
2026-06-18 09:00:00+00:00,44.0275,59493.425,50299.1
2026-06-18 10:00:00+00:00,28.2475,58662.0,53059.575
2026-06-18 11:00:00+00:00,18.67,57292.125,53396.5
2026-06-18 12:00:00+00:00,25.9,55826.35,51658.475
2026-06-18 13:00:00+00:00,48.0975,55020.95,47424.25
2026-06-18 14:00:00+00:00,79.06,53959.375,40760.975
2026-06-18 15:00:00+00:00,105.515,53758.8,31522.225
2026-06-18 16:00:00+00:00,135.70749999999998,54398.375,20511.425
2026-06-18 17:00:00+00:00,253.3925,55013.625,10217.825
2026-06-18 18:00:00+00:00,435.0675,53696.6,3953.45
2026-06-18 19:00:00+00:00,441.915,51599.475,1751.4499999999998
2026-06-18 20:00:00+00:00,264.32,48689.675,2376.675
2026-06-18 21:00:00+00:00,163.0175,45484.3,3472.175
2026-06-18 22:00:00+00:00,146.6425,43764.9,5180.975
2026-06-18 23:00:00+00:00,132.5125,42168.75,6236.725
2026-06-19 00:00:00+00:00,124.8225,41293.1,6957.55
2026-06-19 01:00:00+00:00,120.46,41108.175,7210.15
2026-06-19 02:00:00+00:00,118.4675,42086.275,7401.425
2026-06-19 03:00:00+00:00,120.595,44467.4,8262.725
2026-06-19 04:00:00+00:00,138.7175,50056.425,11894.8
2026-06-19 05:00:00+00:00,127.3725,54477.225000000006,18558.4
2026-06-19 06:00:00+00:00,111.9575,57184.175,27567.725
2026-06-19 07:00:00+00:00,95.395,58124.65,36306.475
2026-06-19 08:00:00+00:00,69.9075,58640.05,43940.7
2026-06-19 09:00:00+00:00,32.09,57864.35,49598.90000000001
2026-06-19 10:00:00+00:00,15.0,56916.25,52693.325
2026-06-19 11:00:00+00:00,11.235,55268.45,53018.975
2026-06-19 12:00:00+00:00,16.305,53609.9,50713.625
2026-06-19 13:00:00+00:00,42.8525,53097.675,46230.05
2026-06-19 14:00:00+00:00,80.685,52026.8,39999.725
2026-06-19 15:00:00+00:00,108.3225,52752.4,31732.0
2026-06-19 16:00:00+00:00,129.7025,53926.275,22526.35
2026-06-19 17:00:00+00:00,170.785,53703.35,14944.55
2026-06-19 18:00:00+00:00,201.36,51890.35,10829.55
2026-06-19 19:00:00+00:00,185.5325,49640.925,9752.975
2026-06-19 20:00:00+00:00,157.8625,46641.25,10941.65
2026-06-19 21:00:00+00:00,137.7825,43644.275,12088.075
2026-06-19 22:00:00+00:00,130.35,41986.9,13358.55
2026-06-19 23:00:00+00:00,121.12,40195.875,12628.975
2026-06-20 00:00:00+00:00,118.6,39141.95,11314.1
2026-06-20 01:00:00+00:00,116.7625,38674.45,10547.55
2026-06-20 02:00:00+00:00,114.7975,38734.425,9539.45
2026-06-20 03:00:00+00:00,114.4925,39279.15,9625.1
2026-06-20 04:00:00+00:00,109.7275,41490.1,12780.675
2026-06-20 05:00:00+00:00,101.6775,44367.6,18965.725
2026-06-20 06:00:00+00:00,89.9875,47362.65,27096.825
2026-06-20 07:00:00+00:00,41.335,49564.575,35330.975
2026-06-20 08:00:00+00:00,4.125,50454.725,42514.375
2026-06-20 09:00:00+00:00,-0.0025,50147.3,47472.625
2026-06-20 10:00:00+00:00,-0.0125,49113.15,50191.575
2026-06-20 11:00:00+00:00,-0.0175,47893.225,50488.975
2026-06-20 12:00:00+00:00,-0.0125,46774.25,48890.75
2026-06-20 13:00:00+00:00,0.25,46090.3,45494.45
2026-06-20 14:00:00+00:00,18.3075,46258.425,40212.025
2026-06-20 15:00:00+00:00,84.22,46600.55,32657.025
2026-06-20 16:00:00+00:00,119.7825,47484.275,23447.2
2026-06-20 17:00:00+00:00,147.3975,47804.025,14525.425
2026-06-20 18:00:00+00:00,171.98749999999998,47091.475,8463.225
2026-06-20 19:00:00+00:00,182.55,45525.825,5916.025
2026-06-20 20:00:00+00:00,165.0675,43894.875,5946.2
2026-06-20 21:00:00+00:00,146.8075,41587.825,5828.075000000001
2026-06-20 22:00:00+00:00,137.915,40074.925,4845.85
2026-06-20 23:00:00+00:00,128.565,38445.325,4648.025
2026-06-21 00:00:00+00:00,126.415,37505.7,4499.875
2026-06-21 01:00:00+00:00,124.17,36964.575,4267.125
2026-06-21 02:00:00+00:00,122.4325,36929.225,4100.525
2026-06-21 03:00:00+00:00,119.5875,36648.225,4814.825
2026-06-21 04:00:00+00:00,112.1,38342.175,8302.1
2026-06-21 05:00:00+00:00,102.355,40786.2,15328.475
2026-06-21 06:00:00+00:00,70.815,43558.725,25344.625
2026-06-21 07:00:00+00:00,25.9825,45955.275,34990.65
2026-06-21 08:00:00+00:00,1.3624999999999998,47155.025,42455.825
2026-06-21 09:00:00+00:00,-0.0025,47630.225,47120.025
2026-06-21 10:00:00+00:00,-0.0075,47119.05,48744.675
2026-06-21 11:00:00+00:00,-0.01,46167.425,48326.45
2026-06-21 12:00:00+00:00,-0.005,45479.575,46330.95
2026-06-21 13:00:00+00:00,0.0075,45042.375,42642.275
2026-06-21 14:00:00+00:00,12.7625,45173.525,37425.725
2026-06-21 15:00:00+00:00,77.72,46214.275,30517.075
2026-06-21 16:00:00+00:00,115.615,47715.5,22216.625
2026-06-21 17:00:00+00:00,133.92000000000002,48635.025,14562.6
2026-06-21 18:00:00+00:00,150.0025,48001.825,10028.325
2026-06-21 19:00:00+00:00,150.265,46985.7,8842.25
2026-06-21 20:00:00+00:00,146.1,45461.7,9874.675
2026-06-21 21:00:00+00:00,133.9925,43042.275,10247.35
2026-06-21 22:00:00+00:00,128.3775,41109.1,9960.85
2026-06-21 23:00:00+00:00,120.1225,40067.375,9360.6
2026-06-22 00:00:00+00:00,114.9625,39691.25,8823.725
2026-06-22 01:00:00+00:00,115.225,40060.7,8223.275
2026-06-22 02:00:00+00:00,117.13,41158.45,7709.525
2026-06-22 03:00:00+00:00,123.89,44922.775,7935.275000000001
2026-06-22 04:00:00+00:00,140.3425,52201.625,10827.7
2026-06-22 05:00:00+00:00,146.0375,57089.4,16813.375
2026-06-22 06:00:00+00:00,128.8225,60217.875,25931.75
2026-06-22 07:00:00+00:00,107.1625,61164.100000000006,35887.899999999994
2026-06-22 08:00:00+00:00,84.64750000000001,60729.3,44186.7
2026-06-22 09:00:00+00:00,57.3025,60881.7,49662.525
2026-06-22 10:00:00+00:00,39.5175,60562.25,52381.775
2026-06-22 11:00:00+00:00,32.34,59544.075,52574.4
2026-06-22 12:00:00+00:00,41.805,58775.8,50863.925
2026-06-22 13:00:00+00:00,63.517500000000005,58069.2,46998.55
2026-06-22 14:00:00+00:00,90.8975,57505.4,41468.525
2026-06-22 15:00:00+00:00,114.07,57613.55,33921.75
2026-06-22 16:00:00+00:00,145.585,58617.725,24663.075
2026-06-22 17:00:00+00:00,198.5075,58728.625,15985.475
2026-06-22 18:00:00+00:00,271.77750000000003,57289.3,10797.4
2026-06-22 19:00:00+00:00,250.455,55365.5,8706.75
2026-06-22 20:00:00+00:00,189.57,52733.85,8672.125
2026-06-22 21:00:00+00:00,156.0025,49581.375,8021.85
2026-06-22 22:00:00+00:00,146.06,46614.75,7204.075
2026-06-22 23:00:00+00:00,139.125,44966.375,5934.85
2026-06-23 00:00:00+00:00,135.01,44147.375,4882.375
2026-06-23 01:00:00+00:00,135.8225,44115.4,3885.05
2026-06-23 02:00:00+00:00,138.06,45034.775,3159.0
2026-06-23 03:00:00+00:00,142.3,47451.725,3493.175
2026-06-23 04:00:00+00:00,164.22,53072.75,7034.225
2026-06-23 05:00:00+00:00,160.1325,57352.775,14000.3
2026-06-23 06:00:00+00:00,133.7875,60271.925,23921.575
2026-06-23 07:00:00+00:00,112.1175,61231.575,33734.85
2026-06-23 08:00:00+00:00,96.3125,61355.675,41532.675
2026-06-23 09:00:00+00:00,76.52,60916.4,46777.6
2026-06-23 10:00:00+00:00,67.145,59869.25,49573.37499999999
2026-06-23 11:00:00+00:00,60.345,58889.425,49945.85
2026-06-23 12:00:00+00:00,67.6525,57919.9,48379.25
2026-06-23 13:00:00+00:00,81.35249999999999,57069.225,44835.625
2026-06-23 14:00:00+00:00,101.065,56789.0,39179.975
2026-06-23 15:00:00+00:00,121.7075,57208.125,31002.9
2026-06-23 16:00:00+00:00,169.6825,58568.0,21050.825
2026-06-23 17:00:00+00:00,340.70500000000004,58708.45,11646.375
2026-06-23 18:00:00+00:00,545.505,57297.475,6139.875
2026-06-23 19:00:00+00:00,528.7375,55241.775,4177.925
2026-06-23 20:00:00+00:00,335.1175,52380.325,4478.45
2026-06-23 21:00:00+00:00,199.3975,49155.5,4672.975
2026-06-23 22:00:00+00:00,178.8025,45836.175,3066.075
2026-06-23 23:00:00+00:00,162.655,44125.3,3112.875
2026-06-24 00:00:00+00:00,148.005,43137.8,3242.55
2026-06-24 01:00:00+00:00,144.05,43069.6,3207.2
2026-06-24 02:00:00+00:00,144.46,44237.1,3024.15
2026-06-24 03:00:00+00:00,151.6175,46963.825,3512.55
2026-06-24 04:00:00+00:00,178.1675,52886.475,7001.525
2026-06-24 05:00:00+00:00,172.61,57528.075,14566.4
2026-06-24 06:00:00+00:00,149.3475,60353.3,25735.175000000003
2026-06-24 07:00:00+00:00,119.3125,61302.575,36309.325
2026-06-24 08:00:00+00:00,102.4125,61068.2,44763.95
2026-06-24 09:00:00+00:00,84.52,60638.7,50617.075
2026-06-24 10:00:00+00:00,73.51,59409.725,53782.75
2026-06-24 11:00:00+00:00,70.9825,58080.95,54260.1
2026-06-24 12:00:00+00:00,74.515,57084.75,52193.5
2026-06-24 13:00:00+00:00,89.3475,56198.525,47626.675
2026-06-24 14:00:00+00:00,109.375,56069.425,40923.2
2026-06-24 15:00:00+00:00,129.66,56529.575,31903.4
2026-06-24 16:00:00+00:00,196.785,57643.825,21015.1
2026-06-24 17:00:00+00:00,455.1375,58257.425,10843.7
2026-06-24 18:00:00+00:00,665.8199999999999,57389.675,4964.05
2026-06-24 19:00:00+00:00,660.1575,55145.525,2649.375
2026-06-24 20:00:00+00:00,463.2525,52182.3,2715.575
2026-06-24 21:00:00+00:00,263.61,48747.175,2806.8
2026-06-24 22:00:00+00:00,169.5675,45134.1,2826.8
2026-06-24 23:00:00+00:00,154.935,43567.725,2752.975
2026-06-25 00:00:00+00:00,145.385,42613.15,2872.925
2026-06-25 01:00:00+00:00,142.9725,42504.275,3020.775
2026-06-25 02:00:00+00:00,141.9075,43348.225,3230.55
2026-06-25 03:00:00+00:00,144.5725,45726.0,4225.625
2026-06-25 04:00:00+00:00,161.32999999999998,51634.075,8088.7
2026-06-25 05:00:00+00:00,148.41750000000002,56577.525,15690.45
2026-06-25 06:00:00+00:00,119.0975,59642.175,26824.85
2026-06-25 07:00:00+00:00,105.0075,60277.0,37609.25
2026-06-25 08:00:00+00:00,84.745,60422.5,46516.325
2026-06-25 09:00:00+00:00,67.0925,60264.6,52756.675
2026-06-25 10:00:00+00:00,42.7,59153.95,55967.825
2026-06-25 11:00:00+00:00,33.96,57777.175,56555.375
2026-06-25 12:00:00+00:00,37.265,56337.875,54886.225
2026-06-25 13:00:00+00:00,67.8075,55846.875,51007.075
2026-06-25 14:00:00+00:00,88.2925,55339.725,44856.575
2026-06-25 15:00:00+00:00,106.6,56210.55,36279.05
2026-06-25 16:00:00+00:00,135.23,57060.075,25864.45
2026-06-25 17:00:00+00:00,203.315,57295.125,16223.5
2026-06-25 18:00:00+00:00,285.77250000000004,55788.425,11336.825
2026-06-25 19:00:00+00:00,276.615,53435.5,10461.475
2026-06-25 20:00:00+00:00,186.6375,50638.275,11657.375
2026-06-25 21:00:00+00:00,155.745,47283.275,11757.625
2026-06-25 22:00:00+00:00,144.7,46020.25,10548.4
2026-06-25 23:00:00+00:00,130.725,44420.0,9731.0
2026-06-26 00:00:00+00:00,122.4825,43728.475,9254.2
2026-06-26 01:00:00+00:00,120.9325,43640.55,9110.05
2026-06-26 02:00:00+00:00,122.605,44439.875,9232.55
2026-06-26 03:00:00+00:00,129.5475,46918.7,10102.225
2026-06-26 04:00:00+00:00,146.03,52661.7,13851.925
2026-06-26 05:00:00+00:00,137.97,57531.45,21088.8
2026-06-26 06:00:00+00:00,119.805,60521.025,31150.125
2026-06-26 07:00:00+00:00,108.2725,60981.3,40772.85
2026-06-26 08:00:00+00:00,93.2425,60762.175,49193.175
2026-06-26 09:00:00+00:00,67.705,59809.425,55440.55
2026-06-26 10:00:00+00:00,49.49,58315.175,58922.7
2026-06-26 11:00:00+00:00,38.5,56546.7,59414.75
2026-06-26 12:00:00+00:00,40.0,55134.6,56999.475
2026-06-26 13:00:00+00:00,68.9825,54495.575,51691.15
2026-06-26 14:00:00+00:00,93.12,53342.325,44008.725
2026-06-26 15:00:00+00:00,110.9925,53589.775,34487.024999999994
2026-06-26 16:00:00+00:00,150.345,55161.1,23636.05
2026-06-26 17:00:00+00:00,243.545,55381.4,14079.525
2026-06-26 18:00:00+00:00,350.46000000000004,53937.35,9688.75
2026-06-26 19:00:00+00:00,295.77750000000003,51732.45,9526.25
2026-06-26 20:00:00+00:00,202.655,49017.675,12504.35
2026-06-26 21:00:00+00:00,154.86,45858.05,14797.925
2026-06-26 22:00:00+00:00,132.045,44031.95,15334.95
2026-06-26 23:00:00+00:00,124.5,42102.175,14745.8
2026-06-27 00:00:00+00:00,117.995,40818.025,13939.675
2026-06-27 01:00:00+00:00,115.83,40155.375,13060.0
2026-06-27 02:00:00+00:00,115.325,39887.075,12110.825
2026-06-27 03:00:00+00:00,114.0,40215.575,11700.65
2026-06-27 04:00:00+00:00,112.725,42461.575,14079.025
2026-06-27 05:00:00+00:00,109.2725,45094.05,19702.175
2026-06-27 06:00:00+00:00,102.8675,47977.575,28769.575
2026-06-27 07:00:00+00:00,73.5675,50132.475,37808.975
2026-06-27 08:00:00+00:00,36.025,50847.475,44935.475
2026-06-27 09:00:00+00:00,9.6675,50447.075,50184.725
2026-06-27 10:00:00+00:00,0.525,49550.45,53008.125
2026-06-27 11:00:00+00:00,0.0275,48275.45,52972.77500000001
2026-06-27 12:00:00+00:00,3.3925,46936.85,50089.675
2026-06-27 13:00:00+00:00,12.7675,46341.4,45063.575
2026-06-27 14:00:00+00:00,51.0,47034.875,38270.0
2026-06-27 15:00:00+00:00,100.605,47318.4,29622.1
2026-06-27 16:00:00+00:00,127.1325,48394.85,19878.525
2026-06-27 17:00:00+00:00,171.755,49513.15,11068.4
2026-06-27 18:00:00+00:00,221.25,48707.925,6165.825
2026-06-27 19:00:00+00:00,214.3075,47151.375,4775.700000000001
2026-06-27 20:00:00+00:00,174.9975,45519.575,5815.65
2026-06-27 21:00:00+00:00,144.595,43066.225,7098.95
2026-06-27 22:00:00+00:00,136.46,41557.25,8289.325
2026-06-27 23:00:00+00:00,126.03,39588.425,9127.075
2026-06-28 00:00:00+00:00,119.6825,38368.5,10457.55
2026-06-28 01:00:00+00:00,115.6875,37897.6,11731.725
2026-06-28 02:00:00+00:00,114.735,37903.725,11697.275
2026-06-28 03:00:00+00:00,115.1225,38570.475,11931.6
2026-06-28 04:00:00+00:00,112.0625,40798.0,15286.6
2026-06-28 05:00:00+00:00,104.43,43375.9,21430.75
2026-06-28 06:00:00+00:00,76.685,45977.425,29504.3
2026-06-28 07:00:00+00:00,32.8125,48077.175,37837.1
2026-06-28 08:00:00+00:00,5.1525,49439.475,45099.475
2026-06-28 09:00:00+00:00,0.12,50214.925,50400.075
2026-06-28 10:00:00+00:00,-0.0225,49719.325,53011.100000000006
2026-06-28 11:00:00+00:00,-0.905,48753.525,52546.5
2026-06-28 12:00:00+00:00,-0.0275,47493.625,50279.175
2026-06-28 13:00:00+00:00,1.62,46637.7,46311.525
2026-06-28 14:00:00+00:00,27.665,46705.675,40130.15
2026-06-28 15:00:00+00:00,84.6425,47997.6,31957.15
2026-06-28 16:00:00+00:00,114.51,50238.275,23121.325
2026-06-28 17:00:00+00:00,137.9875,51513.725,15379.85
2026-06-28 18:00:00+00:00,153.1775,51032.375,10487.925
2026-06-28 19:00:00+00:00,161.04,49578.55,8446.425
2026-06-28 20:00:00+00:00,157.29500000000002,47835.1,8318.3
2026-06-28 21:00:00+00:00,144.115,45614.125,8159.075
2026-06-28 22:00:00+00:00,123.1175,43498.85,8000.625
2026-06-28 23:00:00+00:00,113.665,42233.85,7023.475
2026-06-29 00:00:00+00:00,113.025,41622.975,6614.15
2026-06-29 01:00:00+00:00,109.76,41900.375,6216.65
2026-06-29 02:00:00+00:00,114.87,43067.725,5985.65
2026-06-29 03:00:00+00:00,127.3425,46526.275,6526.025
2026-06-29 04:00:00+00:00,149.7375,53183.100000000006,9457.55
2026-06-29 05:00:00+00:00,152.1625,58330.325,14262.0
2026-06-29 06:00:00+00:00,143.2925,61436.55,20266.65
2026-06-29 07:00:00+00:00,120.9475,62220.75,26650.75
2026-06-29 08:00:00+00:00,106.925,61505.825,32119.825
2026-06-29 09:00:00+00:00,99.1,61591.75,36437.075
2026-06-29 10:00:00+00:00,89.5075,61376.2,39038.675
2026-06-29 11:00:00+00:00,82.0275,60581.0,40045.375
2026-06-29 12:00:00+00:00,86.38499999999999,59535.575,39568.525
2026-06-29 13:00:00+00:00,96.78,58401.025,36994.8
2026-06-29 14:00:00+00:00,103.7325,57929.65,32671.925
2026-06-29 15:00:00+00:00,115.075,58422.7,26521.575
2026-06-29 16:00:00+00:00,134.91,59883.3,19450.1
2026-06-29 17:00:00+00:00,197.65,60438.25,12727.45
2026-06-29 18:00:00+00:00,284.3325,59136.3,7820.375
2026-06-29 19:00:00+00:00,301.365,57087.4,5600.825
2026-06-29 20:00:00+00:00,230.89,54244.725000000006,5361.5
2026-06-29 21:00:00+00:00,170.0,51091.175,5039.9
2026-06-29 22:00:00+00:00,161.735,48073.425,5035.7
2026-06-29 23:00:00+00:00,145.37,46268.2,4603.75
2026-06-30 00:00:00+00:00,140.20499999999998,45147.6,4439.875
2026-06-30 01:00:00+00:00,140.7225,45067.95,4178.25
2026-06-30 02:00:00+00:00,141.3675,46070.975,3947.825
2026-06-30 03:00:00+00:00,151.505,48612.5,4320.55
2026-06-30 04:00:00+00:00,186.655,54565.375,6947.575
2026-06-30 05:00:00+00:00,189.31,59292.875,12097.2
2026-06-30 06:00:00+00:00,156.0175,61616.45,19521.0
2026-06-30 07:00:00+00:00,122.595,62190.9,27387.8
2026-06-30 08:00:00+00:00,108.8675,62277.575,33880.274999999994
2026-06-30 09:00:00+00:00,101.795,61995.9,38271.7
2026-06-30 10:00:00+00:00,99.075,61439.275,40435.375
2026-06-30 11:00:00+00:00,99.42,60924.575,40435.55
2026-06-30 12:00:00+00:00,102.89,59466.225,38418.725
2026-06-30 13:00:00+00:00,116.105,58235.175,34585.225
2026-06-30 14:00:00+00:00,127.4,57985.35,29018.375
2026-06-30 15:00:00+00:00,151.23250000000002,58594.2,22736.875
2026-06-30 16:00:00+00:00,245.4775,59939.725000000006,16727.0
2026-06-30 17:00:00+00:00,451.58,59900.55,11601.925
2026-06-30 18:00:00+00:00,504.7675,58529.5,8303.375
2026-06-30 19:00:00+00:00,395.7425,56588.1,6935.25
2026-06-30 20:00:00+00:00,273.5325,53735.425,6709.4
2026-06-30 21:00:00+00:00,182.48,50311.525,6206.725
